연번,설치주소,설치형태,등용량(W),데이터 기준일
1,구로구 개봉동 1-16,폴형,150,2025-11-28
2,구로구 개봉동 1-16,폴형,50,2025-11-28
3,구로구 온수동 9-7,한전주,50,2025-11-28
4,구로구 개봉동 469,한전주,70,2025-11-28
5,구로구 개봉동 416-273,한전주,70,2025-11-28
6,구로구 천왕동 10-22,한전주,70,2025-11-28
7,구로구 천왕동 259-7,한전주,25,2025-11-28
8,구로구 온수동 10-12,한전주,25,2025-11-28
9,구로구 천왕동 10-18,벽부형,70,2025-11-28
10,구로구 온수동 10-18,폴형,70,2025-11-28
11,구로구 천왕동 10-22,한전주,70,2025-11-28
12,구로구 천왕동 33-4,한전주,70,2025-11-28
13,구로구 온수동 9-44,한전주,50,2025-11-28
14,구로구 온수동 10-25,폴형,50,2025-11-28
15,구로구 온수동 9-44,한전주,50,2025-11-28
16,구로구 천왕동 257-58,한전주,70,2025-11-28
17,구로구 온수동 11-1,한전주,25,2025-11-28
18,구로구 개봉동 3,한전주,70,2025-11-28
19,구로구 온수동 158,한전주,25,2025-11-28
20,구로구 온수동 7-12,한전주,50,2025-11-28
21,구로구 개봉동 8-21,폴형,25,2025-11-28
22,구로구 개봉동 10-2,폴형,70,2025-11-28
23,구로구 개봉동 10-2,폴형,100,2025-11-28
24,구로구 개봉동 11-14,한전주,35,2025-11-28
25,구로구 개봉동 10-55,한전주,70,2025-11-28
26,구로구 천왕동 10-31,한전주,35,2025-11-28
27,구로구 천왕동 10-32,한전주,70,2025-11-28
28,구로구 개봉동 10-48,벽부형,70,2025-11-28
29,구로구 궁동 산10-49,폴형,100,2025-11-28
30,구로구 궁동 산10-49,폴형,100,2025-11-28
31,구로구 궁동 산10-50,한전주,70,2025-11-28
32,구로구 궁동 산10-49,한전주,70,2025-11-28
33,구로구 온수동 10-25,한전주,50,2025-11-28
34,구로구 온수동 100-104,한전주,50,2025-11-28
35,구로구 온수동 100-25,한전주,50,2025-11-28
36,구로구 온수동 100-126,폴형,50,2025-11-28
37,구로구 온수동 100-25,한전주,50,2025-11-28
38,구로구 온수동 100-127,폴형,50,2025-11-28
39,구로구 온수동 100-16,한전주,50,2025-11-28
40,구로구 온수동 100-16,한전주,50,2025-11-28
41,구로구 온수동 100-104,한전주,50,2025-11-28
42,구로구 온수동 100-104,한전주,50,2025-11-28
43,구로구 온수동 100-17,한전주,50,2025-11-28
44,구로구 온수동 100-21,한전주,50,2025-11-28
45,구로구 온수동 100-21,한전주,50,2025-11-28
46,구로구 온수동 100-33,한전주,50,2025-11-28
47,구로구 온수동 100-34,한전주,50,2025-11-28
48,구로구 온수동 100-25,한전주,50,2025-11-28
49,구로구 온수동 100-117,한전주,50,2025-11-28
50,구로구 온수동 100-25,한전주,50,2025-11-28
51,구로구 온수동 100-25,한전주,50,2025-11-28
52,구로구 온수동 100-25,한전주,50,2025-11-28
53,구로구 온수동 118-5,한전주,50,2025-11-28
54,구로구 온수동 100-41,한전주,25,2025-11-28
55,구로구 온수동 100-25,한전주,50,2025-11-28
56,구로구 온수동 100-113,한전주,70,2025-11-28
57,구로구 온수동 100-56,한전주,50,2025-11-28
58,구로구 온수동 100,한전주,50,2025-11-28
59,구로구 온수동 100-6,한전주,50,2025-11-28
60,구로구 온수동 100-62,한전주,50,2025-11-28
61,구로구 온수동 101-1,한전주,50,2025-11-28
62,구로구 온수동 100-64,한전주,50,2025-11-28
63,구로구 온수동 100-92,한전주,50,2025-11-28
64,구로구 온수동 100-88,한전주,50,2025-11-28
65,구로구 온수동 100-88,한전주,50,2025-11-28
66,구로구 온수동 100-92,한전주,50,2025-11-28
67,구로구 온수동 100-92,한전주,50,2025-11-28
68,구로구 온수동 100-104,한전주,50,2025-11-28
69,구로구 구로5동 101,폴형,50,2025-11-28
70,구로구 구로5동 101,폴형,50,2025-11-28
71,구로구 온수동 70,폴형,50,2025-11-28
72,구로구 온수동 70-10,한전주,50,2025-11-28
73,구로구 온수동 122-9,한전주,50,2025-11-28
74,구로구 개봉동 416-2,한전주,50,2025-11-28
75,구로구 개봉동 101,한전주,70,2025-11-28
76,구로구 개봉동 416-2,한전주,70,2025-11-28
77,구로구 가리봉동 102-2,벽부형,25,2025-11-28
78,구로구 개봉동 101,한전주,70,2025-11-28
79,구로구 개봉동 102-6,폴형,70,2025-11-28
80,구로구 개봉동 416-270,한전주,50,2025-11-28
81,구로구 가리봉동 103-1,한전주,25,2025-11-28
82,구로구 가리봉동 103-5,벽부형,25,2025-11-28
83,구로구 가리봉동 104,벽부형,25,2025-11-28
84,구로구 가리봉동 104-1,한전주,50,2025-11-28
85,구로구 가리봉동 104-10,한전주,50,2025-11-28
86,구로구 가리봉동 104-11,벽부형,20,2025-11-28
87,구로구 가리봉동 104-12,벽부형,25,2025-11-28
88,구로구 가리봉동 104-14,한전주,25,2025-11-28
89,구로구 가리봉동 104-35,벽부형,25,2025-11-28
90,구로구 가리봉동 104-4,벽부형,25,2025-11-28
91,구로구 가리봉동 104-56,한전주,25,2025-11-28
92,구로구 가리봉동 104-65,벽부형,25,2025-11-28
93,구로구 가리봉동 104ㅡ43,폴형,50,2025-11-28
94,구로구 가리봉동 89-16,폴형,50,2025-11-28
95,구로구 가리봉동 105,폴형,50,2025-11-28
96,구로구 개봉동 105,한전주,70,2025-11-28
97,구로구 가리봉동 105-1,벽부형,25,2025-11-28
98,구로구 가리봉동 105-10,한전주,25,2025-11-28
99,구로구 개봉동 105-10,한전주,50,2025-11-28
100,구로구 개봉동 105-13,한전주,50,2025-11-28
101,구로구 개봉동 416-2,한전주,50,2025-11-28
102,구로구 가리봉동 105-15,벽부형,25,2025-11-28
103,구로구 가리봉동 105-16,벽부형,25,2025-11-28
104,구로구 가리봉동 105-18,벽부형,25,2025-11-28
105,구로구 개봉동 416-2,한전주,70,2025-11-28
106,구로구 개봉동 105-2,한전주,70,2025-11-28
107,구로구 구로5동 105-2,폴형,50,2025-11-28
108,구로구 구로5동 105-2,폴형,25,2025-11-28
109,구로구 구로5동 105-2,폴형,25,2025-11-28
110,구로구 구로5동 105-2,폴형,25,2025-11-28
111,구로구 구로5동 105-2,폴형,25,2025-11-28
112,구로구 구로5동 105-2,폴형,25,2025-11-28
113,구로구 가리봉동 105-20,한전주,25,2025-11-28
114,구로구 가리봉동 105-21,한전주,50,2025-11-28
115,구로구 개봉동 108-9,한전주,70,2025-11-28
116,구로구 개봉동 105-23,한전주,50,2025-11-28
117,구로구 개봉동 108-9,한전주,25,2025-11-28
118,구로구 개봉동 108-18,한전주,50,2025-11-28
119,구로구 개봉동 105-24,폴형,50,2025-11-28
120,구로구 개봉동 105-3,한전주,70,2025-11-28
121,구로구 가리봉동 105-30,한전주,50,2025-11-28
122,구로구 가리봉동 105-32,한전주,25,2025-11-28
123,구로구 가리봉동 105-5,벽부형,25,2025-11-28
124,구로구 가리봉동 105-6,벽부형,25,2025-11-28
125,구로구 가리봉동 105-6,한전주,25,2025-11-28
126,구로구 가리봉동 105-6,벽부형,25,2025-11-28
127,구로구 가리봉동 105-7,벽부형,25,2025-11-28
128,구로구 개봉동 105-1,한전주,70,2025-11-28
129,구로구 가리봉동 105-9,벽부형,25,2025-11-28
130,구로구 가리봉동 106-1,벽부형,25,2025-11-28
131,구로구 가리봉동 106-1,벽부형,250,2025-11-28
132,구로구 가리봉동 106-20,한전주,25,2025-11-28
133,구로구 가리봉동 106-21,한전주,20,2025-11-28
134,구로구 가리봉동 106-24,한전주,25,2025-11-28
135,구로구 가리봉동 106-30,벽부형,25,2025-11-28
136,구로구 가리봉동 106-42,벽부형,25,2025-11-28
137,구로구 가리봉동 106-42,벽부형,25,2025-11-28
138,구로구 가리봉동 106-5,벽부형,25,2025-11-28
139,구로구 가리봉동 106-52,벽부형,25,2025-11-28
140,구로구 가리봉동 106-53,벽부형,25,2025-11-28
141,구로구 가리봉동 106-56,벽부형,25,2025-11-28
142,구로구 가리봉동 106-60,벽부형,25,2025-11-28
143,구로구 가리봉동 106-64,폴형,25,2025-11-28
144,구로구 가리봉동 106-67,벽부형,25,2025-11-28
145,구로구 가리봉동 106ㅡ62,폴형,50,2025-11-28
146,구로구 가리봉동 107-16,한전주,50,2025-11-28
147,구로구 가리봉동 107-18,한전주,25,2025-11-28
148,구로구 가리봉동 107-19,한전주,25,2025-11-28
149,구로구 개봉동 107-3,한전주,25,2025-11-28
150,구로구 개봉동 107-3,한전주,50,2025-11-28
151,구로구 가리봉동 107-31,한전주,25,2025-11-28
152,구로구 개봉동 107-3,한전주,50,2025-11-28
153,구로구 가리봉동 107-36,벽부형,25,2025-11-28
154,구로구 가리봉동 107-46,벽부형,25,2025-11-28
155,구로구 가리봉동 107-51,벽부형,25,2025-11-28
156,구로구 가리봉동 108,한전주,25,2025-11-28
157,구로구 궁동 267,한전주,50,2025-11-28
158,구로구 궁동 108-1,폴형,50,2025-11-28
159,구로구 개봉동 108-9,,100,2025-11-28
160,구로구 궁동 267,한전주,50,2025-11-28
161,구로구 궁동 252,한전주,50,2025-11-28
162,구로구 개봉동 108-9,한전주,50,2025-11-28
163,구로구 궁동 252,한전주,25,2025-11-28
164,구로구 개봉동 108-9,한전주,50,2025-11-28
165,구로구 개봉동 105-1,폴형,70,2025-11-28
166,구로구 구로동 108-2,폴형,70,2025-11-28
167,구로구 궁동 108-2,폴형,50,2025-11-28
168,구로구 개봉동 108-29,벽부형,100,2025-11-28
169,구로구 개봉동 108-4,벽부형,50,2025-11-28
170,구로구 개봉동 108-9,한전주,50,2025-11-28
171,구로구 개봉동 108-9,한전주,50,2025-11-28
172,구로구 오류동 108-76,한전주,50,2025-11-28
173,구로구 오류동 108-76,폴형,50,2025-11-28
174,구로구 개봉동 109-10,한전주,70,2025-11-28
175,구로구 개봉동 108-9,한전주,50,2025-11-28
176,구로구 개봉동 108-9,,100,2025-11-28
177,구로구 개봉동 416-2,한전주,70,2025-11-28
178,구로구 가리봉동 109-3,벽부형,25,2025-11-28
179,구로구 개봉동 108-9,한전주,50,2025-11-28
180,구로구 구로동 109-4,한전주,125,2025-11-28
181,구로구 개봉동 109-42,벽부형,100,2025-11-28
182,구로구 구로동 109-6,한전주,50,2025-11-28
183,구로구 개봉동 416-273,한전주,50,2025-11-28
184,구로구 개봉동 11-14,한전주,50,2025-11-28
185,구로구 개봉동 11-21,통신주,70,2025-11-28
186,구로구 개봉동 11-16,한전주,70,2025-11-28
187,구로구 오류동 315-1,한전주,50,2025-11-28
188,구로구 오류동 산6-23,한전주,50,2025-11-28
189,구로구 개봉동 11-14,한전주,70,2025-11-28
190,구로구 오류동 11-3,폴형,50,2025-11-28
191,구로구 온수동 18-12,한전주,50,2025-11-28
192,구로구 개봉동 11-14,한전주,35,2025-11-28
193,구로구 궁동 197-40,한전주,25,2025-11-28
194,구로구 오류동 11-40,한전주,25,2025-11-28
195,구로구 오류동 11-47,폴형,50,2025-11-28
196,구로구 오류동 11-47,폴형,70,2025-11-28
197,구로구 가리봉동 110-12,한전주,50,2025-11-28
198,구로구 가리봉동 110-13,한전주,25,2025-11-28
199,구로구 가리봉동 110-3,벽부형,25,2025-11-28
200,구로구 가리봉동 110-4,벽부형,25,2025-11-28
201,구로구 가리봉동 110-7,벽부형,25,2025-11-28
202,구로구 가리봉동 110-9,한전주,25,2025-11-28
203,구로구 가리봉동 111-1,폴형,50,2025-11-28
204,구로구 가리봉동 111-1,폴형,50,2025-11-28
205,구로구 구로5동 111-15,벽부형,50,2025-11-28
206,구로구 가리봉동 111-2,한전주,50,2025-11-28
207,구로구 구로5동 111-20,폴형,25,2025-11-28
208,구로구 구로5동 111-22,벽부형,25,2025-11-28
209,구로구 구로5동 111-25,폴형,25,2025-11-28
210,구로구 구로5동 111-28,폴형,25,2025-11-28
211,구로구 구로5동 111-29,한전주,25,2025-11-28
212,구로구 구로5동 111-33,한전주,25,2025-11-28
213,구로구 구로5동 111-39,한전주,25,2025-11-28
214,구로구 가리봉동 111-4,한전주,50,2025-11-28
215,구로구 구로5동 111-40,한전주,25,2025-11-28
216,구로구 구로5동 111-42,벽부형,30,2025-11-28
217,구로구 구로5동 111-43,벽부형,50,2025-11-28
218,구로구 가리봉동 112-1,벽부형,50,2025-11-28
219,구로구 개봉동 111-8,한전주,25,2025-11-28
220,구로구 개봉동 440-16,한전주,25,2025-11-28
221,구로구 구로5동 112-12,한전주,25,2025-11-28
222,구로구 구로5동 112-15,한전주,25,2025-11-28
223,구로구 구로5동 112-16,벽부형,25,2025-11-28
224,구로구 구로5동 112-17,벽부형,25,2025-11-28
225,구로구 구로5동 112-19,폴형,25,2025-11-28
226,구로구 구로5동 112-2,한전주,25,2025-11-28
227,구로구 구로5동 112-22,,50,2025-11-28
228,구로구 구로5동 112-25,폴형,25,2025-11-28
229,구로구 구로5동 112-26,폴형,25,2025-11-28
230,구로구 구로5동 112-34,한전주,25,2025-11-28
231,구로구 구로동 112-40,한전주,50,2025-11-28
232,구로구 구로5동 112-41,한전주,50,2025-11-28
233,구로구 구로5동 112-43,한전주,25,2025-11-28
234,구로구 구로5동 112-45,한전주,25,2025-11-28
235,구로구 구로5동 112-48,한전주,25,2025-11-28
236,구로구 궁동 266,폴형,50,2025-11-28
237,구로구 구로5동 112-50,폴형,25,2025-11-28
238,구로구 구로5동 112-51,폴형,25,2025-11-28
239,구로구 개봉동 112-6,한전주,25,2025-11-28
240,구로구 구로5동 112-6,한전주,25,2025-11-28
241,구로구 구로5동 112-9,한전주,50,2025-11-28
242,구로구 궁동 252,한전주,50,2025-11-28
243,구로구 궁동 112-8,폴형,50,2025-11-28
244,구로구 구로3동 1124-44,한전주,50,2025-11-28
245,구로구 구로3동 1124-46,한전주,50,2025-11-28
246,구로구 구로3동 1124-47,한전주,50,2025-11-28
247,구로구 구로3동 1124-49,한전주,50,2025-11-28
248,구로구 구로3동 1124-50,한전주,50,2025-11-28
249,구로구 구로3동 1124-50,한전주,50,2025-11-28
250,구로구 구로3동 1124-51,한전주,50,2025-11-28
251,구로구 구로3동 1124-51,한전주,50,2025-11-28
252,구로구 구로3동 1124-52,한전주,50,2025-11-28
253,구로구 구로3동 1124-54,한전주,50,2025-11-28
254,구로구 구로3동 1124-56,한전주,70,2025-11-28
255,구로구 구로3동 1124-58,한전주,50,2025-11-28
256,구로구 구로3동 1124-55,한전주,70,2025-11-28
257,구로구 구로3동 1124-71,한전주,50,2025-11-28
258,구로구 구로3동 1124-81,한전주,70,2025-11-28
259,구로구 구로3동 1124-84,한전주,50,2025-11-28
260,구로구 구로3동 1124-84,한전주,70,2025-11-28
261,구로구 구로3동 1125-3,한전주,50,2025-11-28
262,구로구 구로3동 1125-5,한전주,50,2025-11-28
263,구로구 구로3동 1126-10,한전주,60,2025-11-28
264,구로구 구로3동 1126-18,한전주,60,2025-11-28
265,구로구 구로3동 1126-30,한전주,60,2025-11-28
266,구로구 구로3동 1126-31,한전주,40,2025-11-28
267,구로구 구로3동 1126-36,한전주,60,2025-11-28
268,구로구 구로3동 1127-1,한전주,60,2025-11-28
269,구로구 구로3동 1127-10,폴형,60,2025-11-28
270,구로구 구로3동 1127-11,벽부형,70,2025-11-28
271,구로구 구로동 1127-22,폴형,50,2025-11-28
272,구로구 구로동 1127-33,폴형,50,2025-11-28
273,구로구 구로3동 1127-34,폴형,70,2025-11-28
274,구로구 구로3동 1127-47,폴형,60,2025-11-28
275,구로구 구로3동 1127-5,폴형,60,2025-11-28
276,구로구 구로3동 1127-6,폴형,25,2025-11-28
277,구로구 구로3동 1127-7,한전주,50,2025-11-28
278,구로구 구로3동 1128-3,한전주,40,2025-11-28
279,구로구 구로3동 1128-4,한전주,40,2025-11-28
280,구로구 구로3동 1128-5,폴형,70,2025-11-28
281,구로구 구로3동 1128-5,한전주,40,2025-11-28
282,구로구 구로3동 1128-5,폴형,70,2025-11-28
283,구로구 구로3동 1128-5,한전주,70,2025-11-28
284,구로구 구로동 1129-1,폴형,50,2025-11-28
285,구로구 구로3동 1129-1,한전주,40,2025-11-28
286,구로구 구로3동 1129-10,한전주,30,2025-11-28
287,구로구 구로3동 1129-13,한전주,25,2025-11-28
288,구로구 구로3동 1129-2,한전주,70,2025-11-28
289,구로구 구로3동 1129-31,한전주,25,2025-11-28
290,구로구 구로3동 1129-32,폴형,50,2025-11-28
291,구로구 구로3동 1129-47,한전주,70,2025-11-28
292,구로구 구로3동 1129-49,한전주,40,2025-11-28
293,구로구 구로3동 1129-5,한전주,35,2025-11-28
294,구로구 구로3동 1129-51,한전주,40,2025-11-28
295,구로구 구로3동 1129-51,한전주,50,2025-11-28
296,구로구 구로3동 1129-62,한전주,50,2025-11-28
297,구로구 구로동 1274,폴형,50,2025-11-28
298,구로구 구로3동 1129-75,한전주,35,2025-11-28
299,구로구 구로3동 1129-78,폴형,,2025-11-28
300,구로구 구로5동 113-1,폴형,50,2025-11-28
301,구로구 궁동 109,한전주,50,2025-11-28
302,구로구 궁동 252,한전주,50,2025-11-28
303,구로구 개봉동 108-9,한전주,25,2025-11-28
304,구로구 가리봉동 113-15,한전주,25,2025-11-28
305,구로구 가리봉동 113-2,한전주,50,2025-11-28
306,구로구 가리봉동 113-23,폴형,50,2025-11-28
307,구로구 가리봉동 113-25,한전주,50,2025-11-28
308,구로구 구로5동 113-4,한전주,70,2025-11-28
309,구로구 개봉동 113-24,벽부형,25,2025-11-28
310,구로구 개봉동 113-6,벽부형,70,2025-11-28
311,구로구 개봉동 113-8,폴형,25,2025-11-28
312,구로구 가리봉동 113-8,벽부형,25,2025-11-28
313,구로구 구로3동 1130-10,한전주,70,2025-11-28
314,구로구 구로3동 1130-14,한전주,60,2025-11-28
315,구로구 구로3동 1130-16,한전주,70,2025-11-28
316,구로구 구로3동 1130-2,폴형,60,2025-11-28
317,구로구 구로3동 1130-20,한전주,40,2025-11-28
318,구로구 구로3동 1130-21,한전주,25,2025-11-28
319,구로구 구로3동 1130-23,한전주,40,2025-11-28
320,구로구 구로3동 1130-26,한전주,60,2025-11-28
321,구로구 구로3동 1130-35,폴형,70,2025-11-28
322,구로구 구로3동 1130-31,폴형,60,2025-11-28
323,구로구 구로3동 1130-32,폴형,60,2025-11-28
324,구로구 구로3동 1130-45,벽부형,35,2025-11-28
325,구로구 구로3동 1130-50,,50,2025-11-28
326,구로구 구로3동 1130-53,한전주,40,2025-11-28
327,구로구 구로3동 1130-55,한전주,40,2025-11-28
328,구로구 구로3동 1130-56,한전주,40,2025-11-28
329,구로구 구로3동 1130-62,한전주,40,2025-11-28
330,구로구 구로3동 1130-7,한전주,25,2025-11-28
331,구로구 구로3동 1130-9,벽부형,70,2025-11-28
332,구로구 구로3동 1131-1,한전주,60,2025-11-28
333,구로구 구로3동 1126-17,폴형,50,2025-11-28
334,구로구 구로3동 1126-17,폴형,50,2025-11-28
335,구로구 구로3동 1131-1,폴형,60,2025-11-28
336,구로구 구로3동 1131-12,한전주,60,2025-11-28
337,구로구 구로3동 1131-18,한전주,25,2025-11-28
338,구로구 구로3동 1131-4,한전주,60,2025-11-28
339,구로구 구로3동 1131-4,한전주,60,2025-11-28
340,구로구 구로3동 1131-8,한전주,60,2025-11-28
341,구로구 구로3동 1131-8,폴형,60,2025-11-28
342,구로구 구로3동 1131-8-2,폴형,60,2025-11-28
343,구로구 구로3동 1131-9,한전주,60,2025-11-28
344,구로구 구로3동 1132-1,폴형,40,2025-11-28
345,구로구 구로3동 1132-1,폴형,40,2025-11-28
346,구로구 구로3동 1132-11,한전주,25,2025-11-28
347,구로구 구로3동 1132-12,폴형,40,2025-11-28
348,구로구 구로3동 1132-35,한전주,40,2025-11-28
349,구로구 구로3동 1132-41,한전주,60,2025-11-28
350,구로구 구로3동 1132-42,한전주,30,2025-11-28
351,구로구 구로3동 1132-42,한전주,50,2025-11-28
352,구로구 구로3동 1132-45,폴형,40,2025-11-28
353,구로구 구로3동 1132-46,한전주,40,2025-11-28
354,구로구 구로3동 1132-46,한전주,35,2025-11-28
355,구로구 구로3동 1132-5,한전주,60,2025-11-28
356,구로구 구로3동 1132-8,한전주,60,2025-11-28
357,구로구 가리봉동 113ㅡ5,폴형,50,2025-11-28
358,구로구 궁동 114,한전주,50,2025-11-28
359,구로구 개봉동 416-2,한전주,70,2025-11-28
360,구로구 가리봉동 114-9,한전주,70,2025-11-28
361,구로구 가리봉동 115-120,벽부형,25,2025-11-28
362,구로구 가리봉동 115-16,벽부형,25,2025-11-28
363,구로구 가리봉동 115-17,한전주,25,2025-11-28
364,구로구 개봉동 115-5,한전주,70,2025-11-28
365,구로구 개봉동 115-24,한전주,70,2025-11-28
366,구로구 가리봉동 115-20,한전주,25,2025-11-28
367,구로구 가리봉동 115-24,벽부형,25,2025-11-28
368,구로구 가리봉동 115-24,,50,2025-11-28
369,구로구 개봉동 115-25,한전주,25,2025-11-28
370,구로구 가리봉동 115-27,한전주,25,2025-11-28
371,구로구 개봉동 416-2,한전주,70,2025-11-28
372,구로구 개봉동 109-4,한전주,100,2025-11-28
373,구로구 가리봉동 115-41,벽부형,25,2025-11-28
374,구로구 개봉동 109-4,한전주,25,2025-11-28
375,구로구 개봉동 109-4,한전주,70,2025-11-28
376,구로구 가리봉동 115-54,벽부형,25,2025-11-28
377,구로구 가리봉동 115-55,벽부형,25,2025-11-28
378,구로구 가리봉동 115-68,폴형,25,2025-11-28
379,구로구 가리봉동 115-72,한전주,25,2025-11-28
380,구로구 가리봉동 115-73,벽부형,25,2025-11-28
381,구로구 가리봉동 115-73,벽부형,25,2025-11-28
382,구로구 가리봉동 115-79,벽부형,25,2025-11-28
383,구로구 가리봉동 115-80,벽부형,25,2025-11-28
384,구로구 가리봉동 115-87,벽부형,25,2025-11-28
385,구로구 개봉동 115-10,,100,2025-11-28
386,구로구 가리봉동 115-91,한전주,50,2025-11-28
387,구로구 가리봉동 115-95,벽부형,25,2025-11-28
388,구로구 가리봉동 115ㅡ55,폴형,50,2025-11-28
389,구로구 가리봉동 116-10,벽부형,25,2025-11-28
390,구로구 개봉동 116-11,벽부형,25,2025-11-28
391,구로구 온수동 116-11,폴형,70,2025-11-28
392,구로구 구로4동 116-12,벽부형,35,2025-11-28
393,구로구 개봉동 116-18,폴형,25,2025-11-28
394,구로구 구로4동 116-2,한전주,70,2025-11-28
395,구로구 개봉동 116-15,벽부형,70,2025-11-28
396,구로구 온수동 116-1,한전주,50,2025-11-28
397,구로구 구로4동 116-2,폴형,70,2025-11-28
398,구로구 구로4동 116-20,한전주,25,2025-11-28
399,구로구 개봉동 116-20,폴형,30,2025-11-28
400,구로구 개봉동 116-20,벽부형,25,2025-11-28
401,구로구 구로4동 116-24,벽부형,70,2025-11-28
402,구로구 구로4동 116-26,벽부형,70,2025-11-28
403,구로구 구로4동 116-29,벽부형,50,2025-11-28
404,구로구 구로4동 116-29,벽부형,70,2025-11-28
405,구로구 구로4동 116-33,벽부형,20,2025-11-28
406,구로구 가리봉동 116-4,한전주,25,2025-11-28
407,구로구 구로4동 116-13,한전주,50,2025-11-28
408,구로구 가리봉동 116-8,벽부형,25,2025-11-28
409,구로구 개봉동 116-15,폴형,70,2025-11-28
410,구로구 개봉동 116-9,폴형,25,2025-11-28
411,구로구 개봉동 117-9,한전주,70,2025-11-28
412,구로구 구로4동 117-11,한전주,70,2025-11-28
413,구로구 구로4동 117-15,한전주,50,2025-11-28
414,구로구 가리봉동 117-17,한전주,50,2025-11-28
415,구로구 구로4동 117-2,폴형,25,2025-11-28
416,구로구 구로4동 117-7,벽부형,50,2025-11-28
417,구로구 개봉동 117-8,한전주,50,2025-11-28
418,구로구 온수동 59-4,한전주,50,2025-11-28
419,구로구 온수동 118-11,한전주,50,2025-11-28
420,구로구 가리봉동 118-11,한전주,50,2025-11-28
421,구로구 가리봉동 118-13,벽부형,25,2025-11-28
422,구로구 가리봉동 118-17,벽부형,25,2025-11-28
423,구로구 개봉동 416-2,한전주,50,2025-11-28
424,구로구 가리봉동 118-26,한전주,25,2025-11-28
425,구로구 개봉동 118-26,한전주,50,2025-11-28
426,구로구 가리봉동 118-40,한전주,50,2025-11-28
427,구로구 개봉동 416-2,,100,2025-11-28
428,구로구 개봉동 118-1,한전주,25,2025-11-28
429,구로구 개봉동 118-9,폴형,25,2025-11-28
430,구로구 온수동 45-54,폴형,50,2025-11-28
431,구로구 온수동 45-54,폴형,50,2025-11-28
432,구로구 구로4동 119-1,한전주,50,2025-11-28
433,구로구 온수동 45-28,벽부형,50,2025-11-28
434,구로구 구로4동 119-11,폴형,25,2025-11-28
435,구로구 개봉동 416-2,한전주,50,2025-11-28
436,구로구 개봉동 119-5,한전주,70,2025-11-28
437,구로구 구로4동 119-16,한전주,70,2025-11-28
438,구로구 개봉동 119-5,한전주,70,2025-11-28
439,구로구 온수동 45-40,폴형,50,2025-11-28
440,구로구 개봉동 119-5,벽부형,70,2025-11-28
441,구로구 개봉동 119-5,한전주,70,2025-11-28
442,구로구 개봉동 119-5,벽부형,70,2025-11-28
443,구로구 개봉동 119-44,한전주,25,2025-11-28
444,구로구 개봉동 416-168,한전주,50,2025-11-28
445,구로구 구로4동 119-7,폴형,50,2025-11-28
446,구로구 구로4동 119-9,폴형,70,2025-11-28
447,구로구 구로4동 119-9,벽부형,100,2025-11-28
448,구로구 구로4동 119-9,폴형,50,2025-11-28
449,구로구 개봉동 12-4,한전주,50,2025-11-28
450,구로구 오류동 12-1,한전주,50,2025-11-28
451,구로구 가리봉동 12-19,벽부형,35,2025-11-28
452,구로구 오류동 12-6,폴형,70,2025-11-28
453,구로구 온수동 18-12,폴형,50,2025-11-28
454,구로구 온수동 18-13,한전주,50,2025-11-28
455,구로구 오류동 10-19,폴형,50,2025-11-28
456,구로구 오류동 41-1,폴형,25,2025-11-28
457,구로구 오류동 13-56,한전주,30,2025-11-28
458,구로구 오류동 10-19,폴형,50,2025-11-28
459,구로구 구로4동 120,한전주,50,2025-11-28
460,구로구 구로4동 120,한전주,50,2025-11-28
461,구로구 온수동 121-1,폴형,50,2025-11-28
462,구로구 온수동 120-19,한전주,50,2025-11-28
463,구로구 온수동 120-1,폴형,50,2025-11-28
464,구로구 온수동 120-31,한전주,50,2025-11-28
465,구로구 온수동 120-22,벽부형,20,2025-11-28
466,구로구 개봉동 120-6,폴형,25,2025-11-28
467,구로구 개봉동 120-2,한전주,50,2025-11-28
468,구로구 구로4동 120-5,한전주,100,2025-11-28
469,구로구 온수동 120-6,한전주,50,2025-11-28
470,구로구 궁동 252-29,한전주,70,2025-11-28
471,구로구 가리봉동 121-14,벽부형,25,2025-11-28
472,구로구 가리봉동 121-17,폴형,25,2025-11-28
473,구로구 가리봉동 121-21,벽부형,25,2025-11-28
474,구로구 가리봉동 121-22,한전주,30,2025-11-28
475,구로구 가리봉동 121-23,한전주,50,2025-11-28
476,구로구 가리봉동 121-25,벽부형,50,2025-11-28
477,구로구 가리봉동 121-28,한전주,50,2025-11-28
478,구로구 가리봉동 121-30,폴형,25,2025-11-28
479,구로구 가리봉동 121-32,한전주,50,2025-11-28
480,구로구 가리봉동 121-49,한전주,25,2025-11-28
481,구로구 가리봉동 121-56,벽부형,25,2025-11-28
482,구로구 가리봉동 121-60,한전주,25,2025-11-28
483,구로구 가리봉동 121-62,한전주,25,2025-11-28
484,구로구 가리봉동 121-47,폴형,50,2025-11-28
485,구로구 궁동 252-29,한전주,50,2025-11-28
486,구로구 궁동 산10-1,폴형,70,2025-11-28
487,구로구 개봉동 440-16,한전주,25,2025-11-28
488,구로구 구로4동 122-12,폴형,50,2025-11-28
489,구로구 구로4동 122-12,벽부형,35,2025-11-28
490,구로구 구로4동 122-13,폴형,50,2025-11-28
491,구로구 가리봉동 122-15,벽부형,25,2025-11-28
492,구로구 가리봉동 122-21,벽부형,25,2025-11-28
493,구로구 가리봉동 122-22,한전주,30,2025-11-28
494,구로구 구로4동 122-22,한전주,50,2025-11-28
495,구로구 온수동 120-17,한전주,50,2025-11-28
496,구로구 가리봉동 122-4,벽부형,30,2025-11-28
497,구로구 가리봉동 122-4,벽부형,25,2025-11-28
498,구로구 가리봉동 122-6,벽부형,25,2025-11-28
499,구로구 가리봉동 122-6,벽부형,25,2025-11-28
500,구로구 가리봉동 122-7,벽부형,25,2025-11-28
501,구로구 구로4동 122-7,벽부형,70,2025-11-28
502,구로구 구로4동 122-8,폴형,70,2025-11-28
503,구로구 가리봉동 122-8,한전주,50,2025-11-28
504,구로구 가리봉동 122-8,폴형,25,2025-11-28
505,구로구 개봉동 122-15,한전주,25,2025-11-28
506,구로구 온수동 70-9,폴형,50,2025-11-28
507,구로구 구로4동 123-10,한전주,50,2025-11-28
508,구로구 구로4동 123-10,한전주,100,2025-11-28
509,구로구 구로4동 123-11,벽부형,35,2025-11-28
510,구로구 구로4동 123-12,벽부형,50,2025-11-28
511,구로구 구로4동 123-16,벽부형,70,2025-11-28
512,구로구 가리봉동 123-17,벽부형,25,2025-11-28
513,구로구 가리봉동 123-19,벽부형,25,2025-11-28
514,구로구 가리봉동 123-25,벽부형,25,2025-11-28
515,구로구 가리봉동 123-31,벽부형,25,2025-11-28
516,구로구 가리봉동 123-32,한전주,25,2025-11-28
517,구로구 가리봉동 123-33,벽부형,25,2025-11-28
518,구로구 가리봉동 123-4,벽부형,25,2025-11-28
519,구로구 가리봉동 123-50,한전주,25,2025-11-28
520,구로구 가리봉동 123-50,한전주,50,2025-11-28
521,구로구 가리봉동 123-53,벽부형,70,2025-11-28
522,구로구 가리봉동 123-55,벽부형,25,2025-11-28
523,구로구 구로4동 123-6,벽부형,35,2025-11-28
524,구로구 가리봉동 123-6,폴형,30,2025-11-28
525,구로구 가리봉동 123-62,벽부형,25,2025-11-28
526,구로구 가리봉동 123-62,벽부형,25,2025-11-28
527,구로구 가리봉동 123-66,벽부형,25,2025-11-28
528,구로구 구로4동 123-7,벽부형,70,2025-11-28
529,구로구 구로4동 123-7,벽부형,70,2025-11-28
530,구로구 구로4동 123-7,벽부형,70,2025-11-28
531,구로구 구로동 123-7,,25,2025-11-28
532,구로구 가리봉동 123-70,벽부형,70,2025-11-28
533,구로구 구로4동 123-8,벽부형,70,2025-11-28
534,구로구 구로4동 123-8,벽부형,70,2025-11-28
535,구로구 구로4동 123-8,한전주,50,2025-11-28
536,구로구 가리봉동 123-9,한전주,50,2025-11-28
537,구로구 가리봉동 124-1,한전주,70,2025-11-28
538,구로구 가리봉동 124-13,한전주,70,2025-11-28
539,구로구 가리봉동 124-17,폴형,30,2025-11-28
540,구로구 가리봉동 124-3,한전주,70,2025-11-28
541,구로구 가리봉동 125-12,한전주,70,2025-11-28
542,구로구 가리봉동 125-14,한전주,25,2025-11-28
543,구로구 가리봉동 125-15,한전주,50,2025-11-28
544,구로구 가리봉동 125-16,벽부형,25,2025-11-28
545,구로구 가리봉동 125-2,한전주,50,2025-11-28
546,구로구 가리봉동 125-24,한전주,25,2025-11-28
547,구로구 가리봉동 125-24,벽부형,25,2025-11-28
548,구로구 가리봉동 125-35,폴형,25,2025-11-28
549,구로구 가리봉동 125-4,한전주,70,2025-11-28
550,구로구 가리봉동 125-40,폴형,50,2025-11-28
551,구로구 가리봉동 125-5,벽부형,25,2025-11-28
552,구로구 가리봉동 125-6,한전주,70,2025-11-28
553,구로구 구로4동 125-70,한전주,50,2025-11-28
554,구로구 가리봉동 125-8,벽부형,25,2025-11-28
555,구로구 가리봉동 125-9,한전주,70,2025-11-28
556,구로구 구로5동 1253,한전주,25,2025-11-28
557,구로구 구로5동 1255,벽부형,70,2025-11-28
558,구로구 구로5동 1255,벽부형,70,2025-11-28
559,구로구 구로5동 1255,벽부형,70,2025-11-28
560,구로구 구로3동 1256,폴형,50,2025-11-28
561,구로구 구로동 1257,폴형,50,2025-11-28
562,구로구 구로동 1257,폴형,50,2025-11-28
563,구로구 구로1동 1259,한전주,50,2025-11-28
564,구로구 구로동 1259,한전주,50,2025-11-28
565,구로구 개봉동 126-16,벽부형,50,2025-11-28
566,구로구 개봉동 123-6,한전주,50,2025-11-28
567,구로구 개봉동 126-26,한전주,50,2025-11-28
568,구로구 가리봉동 126-26,폴형,25,2025-11-28
569,구로구 개봉동 128-23,벽부형,70,2025-11-28
570,구로구 가리봉동 126-27,폴형,25,2025-11-28
571,구로구 가리봉동 126-3,폴형,70,2025-11-28
572,구로구 가리봉동 126-42,벽부형,25,2025-11-28
573,구로구 가리봉동 126-45,벽부형,25,2025-11-28
574,구로구 가리봉동 126-50,한전주,25,2025-11-28
575,구로구 가리봉동 126-52,한전주,25,2025-11-28
576,구로구 가리봉동 126-53,벽부형,25,2025-11-28
577,구로구 가리봉동 126-55,벽부형,25,2025-11-28
578,구로구 구로3동 1260,한전주,50,2025-11-28
579,구로구 구로3동 1260,폴형,70,2025-11-28
580,구로구 구로3동 1260,한전주,50,2025-11-28
581,구로구 구로3동 1260,한전주,50,2025-11-28
582,구로구 구로동 1260,한전주,25,2025-11-28
583,구로구 구로3동 1260,폴형,70,2025-11-28
584,구로구 구로3동 1260,,50,2025-11-28
585,구로구 구로3동 1260,한전주,50,2025-11-28
586,구로구 구로3동 1260,폴형,70,2025-11-28
587,구로구 구로4동 1265,한전주,70,2025-11-28
588,구로구 구로4동 1265,한전주,50,2025-11-28
589,구로구 구로4동 1265,한전주,20,2025-11-28
590,구로구 구로4동 1265,한전주,50,2025-11-28
591,구로구 구로4동 1265,한전주,50,2025-11-28
592,구로구 구로4동 1265,폴형,70,2025-11-28
593,구로구 구로4동 1265,한전주,70,2025-11-28
594,구로구 구로4동 1265,한전주,70,2025-11-28
595,구로구 구로4동 1265,한전주,20,2025-11-28
596,구로구 구로4동 1265,한전주,70,2025-11-28
597,구로구 구로4동 1265,폴형,70,2025-11-28
598,구로구 구로4동 1265,폴형,70,2025-11-28
599,구로구 구로1동 1268,한전주,50,2025-11-28
600,구로구 구로1동 1268,한전주,50,2025-11-28
601,구로구 구로1동 1268,한전주,50,2025-11-28
602,구로구 개봉동 440-20,한전주,50,2025-11-28
603,구로구 개봉동 127-14,한전주,50,2025-11-28
604,구로구 가리봉동 127-23,한전주,70,2025-11-28
605,구로구 가리봉동 127-34,벽부형,25,2025-11-28
606,구로구 구로3동 1273,한전주,50,2025-11-28
607,구로구 구로3동 1273,한전주,50,2025-11-28
608,구로구 구로3동 1274,폴형,70,2025-11-28
609,구로구 구로3동 1274,폴형,70,2025-11-28
610,구로구 구로4동 128-11,한전주,50,2025-11-28
611,구로구 개봉동 128-12,폴형,50,2025-11-28
612,구로구 개봉동 128-13,한전주,50,2025-11-28
613,구로구 개봉동 128-17,한전주,50,2025-11-28
614,구로구 구로4동 128-18,벽부형,50,2025-11-28
615,구로구 개봉동 128-21,한전주,20,2025-11-28
616,구로구 구로4동 128-20,벽부형,50,2025-11-28
617,구로구 구로4동 128-48,한전주,25,2025-11-28
618,구로구 구로4동 128-28,벽부형,70,2025-11-28
619,구로구 구로4동 128-29,한전주,100,2025-11-28
620,구로구 구로4동 128-35,벽부형,50,2025-11-28
621,구로구 구로4동 128-39,벽부형,35,2025-11-28
622,구로구 구로4동 128-49,한전주,25,2025-11-28
623,구로구 구로4동 128-50,한전주,50,2025-11-28
624,구로구 구로4동 128-65,벽부형,70,2025-11-28
625,구로구 구로동 128-7,벽부형,40,2025-11-28
626,구로구 개봉동 128-7,폴형,50,2025-11-28
627,구로구 구로4동 128-77,한전주,50,2025-11-28
628,구로구 구로4동 128-78,벽부형,35,2025-11-28
629,구로구 구로3동 1284,한전주,,2025-11-28
630,구로구 구로3동 1284,한전주,,2025-11-28
631,구로구 구로4동 1285,폴형,70,2025-11-28
632,구로구 구로4동 1285,폴형,70,2025-11-28
633,구로구 구로4동 1285,폴형,70,2025-11-28
634,구로구 구로4동 1285,폴형,70,2025-11-28
635,구로구 구로4동 1285,폴형,25,2025-11-28
636,구로구 구로4동 129-12,폴형,70,2025-11-28
637,구로구 구로동 129-131,벽부형,35,2025-11-28
638,구로구 구로4동 129-19,벽부형,35,2025-11-28
639,구로구 구로4동 129-2,한전주,50,2025-11-28
640,구로구 구로4동 129-30,벽부형,100,2025-11-28
641,구로구 구로4동 129-35,한전주,35,2025-11-28
642,구로구 구로4동 129-36,한전주,35,2025-11-28
643,구로구 구로4동 129-43,폴형,70,2025-11-28
644,구로구 구로4동 129-46,벽부형,35,2025-11-28
645,구로구 구로동 129-55,벽부형,35,2025-11-28
646,구로구 구로4동 129-60,폴형,50,2025-11-28
647,구로구 구로동 129-64,,50,2025-11-28
648,구로구 구로4동 129-69,벽부형,70,2025-11-28
649,구로구 구로4동 129-74,폴형,100,2025-11-28
650,구로구 구로4동 129-86,한전주,35,2025-11-28
651,구로구 오류동 11-14,폴형,50,2025-11-28
652,구로구 오류동 13-25,벽부형,70,2025-11-28
653,구로구 오류동 13-137,폴형,70,2025-11-28
654,구로구 오류동 13-109,폴형,25,2025-11-28
655,구로구 오류동 13-186,한전주,50,2025-11-28
656,구로구 오류동 23-13,한전주,25,2025-11-28
657,구로구 오류동 13-110,한전주,25,2025-11-28
658,구로구 오류동 13-112,폴형,50,2025-11-28
659,구로구 오류동 13-145,벽부형,,2025-11-28
660,구로구 오류동 13-186,폴형,50,2025-11-28
661,구로구 오류동 22-3,한전주,50,2025-11-28
662,구로구 오류동 13-133,한전주,25,2025-11-28
663,구로구 오류동 13-141,한전주,25,2025-11-28
664,구로구 가리봉동 13-134,벽부형,25,2025-11-28
665,구로구 오류동 13-142,벽부형,25,2025-11-28
666,구로구 오류동 13-146,한전주,25,2025-11-28
667,구로구 오류동 13-150,한전주,25,2025-11-28
668,구로구 오류동 13-186,한전주,25,2025-11-28
669,구로구 오류동 13-176,폴형,25,2025-11-28
670,구로구 오류동 13-6,한전주,25,2025-11-28
671,구로구 오류동 13-21,폴형,70,2025-11-28
672,구로구 오류동 13-9,폴형,70,2025-11-28
673,구로구 오류동 13-9,벽부형,70,2025-11-28
674,구로구 오류동 13-242,한전주,25,2025-11-28
675,구로구 오류동 13-229,한전주,50,2025-11-28
676,구로구 오류동 18-22,한전주,25,2025-11-28
677,구로구 오류동 13-186,한전주,50,2025-11-28
678,구로구 가리봉동 13-39,벽부형,25,2025-11-28
679,구로구 온수동 156-1,한전주,50,2025-11-28
680,구로구 오류동 13-15,한전주,50,2025-11-28
681,구로구 오류동 13-53,한전주,25,2025-11-28
682,구로구 오류동 13-54,한전주,50,2025-11-28
683,구로구 오류동 13-191,한전주,25,2025-11-28
684,구로구 개봉동 130-52,폴형,50,2025-11-28
685,구로구 온수동 130,한전주,50,2025-11-28
686,구로구 구로4동 130-10,벽부형,50,2025-11-28
687,구로구 구로4동 130-16,한전주,25,2025-11-28
688,구로구 개봉동 492-3,한전주,50,2025-11-28
689,구로구 개봉동 130-35,한전주,,2025-11-28
690,구로구 구로4동 130-28,한전주,100,2025-11-28
691,구로구 개봉동 130-28,한전주,50,2025-11-28
692,구로구 온수동 130-3,한전주,50,2025-11-28
693,구로구 개봉동 130-30,한전주,50,2025-11-28
694,구로구 구로4동 130-32,한전주,50,2025-11-28
695,구로구 개봉동 492-3,한전주,70,2025-11-28
696,구로구 구로4동 130-44,한전주,35,2025-11-28
697,구로구 구로4동 130-47,한전주,50,2025-11-28
698,구로구 구로4동 130-51,벽부형,35,2025-11-28
699,구로구 구로4동 130-52,한전주,35,2025-11-28
700,구로구 구로4동 130-63,벽부형,50,2025-11-28
701,구로구 구로4동 130-74,벽부형,20,2025-11-28
702,구로구 구로4동 130-74,한전주,50,2025-11-28
703,구로구 구로4동 130-75,,70,2025-11-28
704,구로구 구로4동 130-78,한전주,25,2025-11-28
705,구로구 구로4동 130-79,한전주,35,2025-11-28
706,구로구 개봉동 130-9,한전주,25,2025-11-28
707,구로구 구로4동 130-83,한전주,35,2025-11-28
708,구로구 궁동 252,한전주,50,2025-11-28
709,구로구 고척동 239,한전주,50,2025-11-28
710,구로구 구로4동 131-14,벽부형,35,2025-11-28
711,구로구 가리봉동 131-15,벽부형,25,2025-11-28
712,구로구 개봉동 131-15,한전주,50,2025-11-28
713,구로구 구로4동 131-2,벽부형,35,2025-11-28
714,구로구 구로4동 131-2,벽부형,35,2025-11-28
715,구로구 가리봉동 131-20,한전주,50,2025-11-28
716,구로구 가리봉동 131-22,한전주,50,2025-11-28
717,구로구 가리봉동 131-27,한전주,25,2025-11-28
718,구로구 고척동 291-7,한전주,50,2025-11-28
719,구로구 궁동 131-2,한전주,50,2025-11-28
720,구로구 가리봉동 131-35,한전주,50,2025-11-28
721,구로구 가리봉동 131-39,한전주,25,2025-11-28
722,구로구 가리봉동 131-4,한전주,25,2025-11-28
723,구로구 가리봉동 131-40,벽부형,25,2025-11-28
724,구로구 가리봉동 131-41,한전주,50,2025-11-28
725,구로구 가리봉동 131-42,한전주,25,2025-11-28
726,구로구 가리봉동 131-42,한전주,50,2025-11-28
727,구로구 가리봉동 131-45,한전주,50,2025-11-28
728,구로구 가리봉동 131-49,한전주,50,2025-11-28
729,구로구 가리봉동 131-52,한전주,25,2025-11-28
730,구로구 가리봉동 131-54,벽부형,25,2025-11-28
731,구로구 고척동 239,벽부형,50,2025-11-28
732,구로구 구로4동 131-7,한전주,70,2025-11-28
733,구로구 가리봉동 131-9,한전주,50,2025-11-28
734,구로구 궁동 252,한전주,50,2025-11-28
735,구로구 가리봉동 132-11,벽부형,25,2025-11-28
736,구로구 가리봉동 132-113,한전주,25,2025-11-28
737,구로구 가리봉동 132-13,벽부형,25,2025-11-28
738,구로구 가리봉동 132-13,벽부형,25,2025-11-28
739,구로구 개봉동 132-6,폴형,50,2025-11-28
740,구로구 가리봉동 132-15,벽부형,25,2025-11-28
741,구로구 개봉동 132-17,한전주,50,2025-11-28
742,구로구 개봉동 132-6,한전주,50,2025-11-28
743,구로구 궁동 131,한전주,80,2025-11-28
744,구로구 가리봉동 132-23,벽부형,25,2025-11-28
745,구로구 개봉동 132-24,벽부형,25,2025-11-28
746,구로구 가리봉동 132-26,벽부형,25,2025-11-28
747,구로구 가리봉동 132-37,벽부형,25,2025-11-28
748,구로구 개봉동 132-41,폴형,50,2025-11-28
749,구로구 개봉동 132-43,폴형,50,2025-11-28
750,구로구 가리봉동 132-43,한전주,25,2025-11-28
751,구로구 가리봉동 132-46,한전주,25,2025-11-28
752,구로구 개봉동 132-46,한전주,50,2025-11-28
753,구로구 개봉동 132-5,폴형,50,2025-11-28
754,구로구 가리봉동 132-51,한전주,50,2025-11-28
755,구로구 가리봉동 132-53,한전주,25,2025-11-28
756,구로구 개봉동 132-46,한전주,50,2025-11-28
757,구로구 가리봉동 132-59,한전주,50,2025-11-28
758,구로구 가리봉동 132-6,벽부형,25,2025-11-28
759,구로구 가리봉동 132-65,벽부형,25,2025-11-28
760,구로구 가리봉동 132-67,벽부형,25,2025-11-28
761,구로구 개봉동 131-3,한전주,50,2025-11-28
762,구로구 가리봉동 132-72,폴형,50,2025-11-28
763,구로구 가리봉동 132-72,한전주,25,2025-11-28
764,구로구 가리봉동 132-73,한전주,50,2025-11-28
765,구로구 개봉동 132-6,한전주,50,2025-11-28
766,구로구 개봉동 132-53,한전주,70,2025-11-28
767,구로구 가리봉동 132-86,,50,2025-11-28
768,구로구 개봉동 133-14,폴형,25,2025-11-28
769,구로구 가리봉동 132-97,한전주,50,2025-11-28
770,구로구 가리봉동 133-15,벽부형,25,2025-11-28
771,구로구 가리봉동 133-15,벽부형,50,2025-11-28
772,구로구 가리봉동 133-17,벽부형,25,2025-11-28
773,구로구 개봉동 133-19,벽부형,25,2025-11-28
774,구로구 가리봉동 133-18,벽부형,25,2025-11-28
775,구로구 가리봉동 133-20,한전주,25,2025-11-28
776,구로구 가리봉동 133-37,한전주,25,2025-11-28
777,구로구 가리봉동 133-51,한전주,25,2025-11-28
778,구로구 가리봉동 133-52,한전주,50,2025-11-28
779,구로구 가리봉동 133-57,한전주,25,2025-11-28
780,구로구 가리봉동 133-57,한전주,25,2025-11-28
781,구로구 가리봉동 133-59,한전주,50,2025-11-28
782,구로구 개봉동 133-3,한전주,50,2025-11-28
783,구로구 가리봉동 133-6,한전주,25,2025-11-28
784,구로구 가리봉동 133-61,벽부형,50,2025-11-28
785,구로구 가리봉동 133-66,한전주,25,2025-11-28
786,구로구 가리봉동 138-7,벽부형,25,2025-11-28
787,구로구 가리봉동 134-177,폴형,50,2025-11-28
788,구로구 고척동 134-189,벽부형,70,2025-11-28
789,구로구 개봉동 134-29,한전주,50,2025-11-28
790,구로구 가리봉동 134-18,한전주,50,2025-11-28
791,구로구 궁동 134-4,폴형,25,2025-11-28
792,구로구 구로2동 134-46,한전주,50,2025-11-28
793,구로구 가리봉동 134-50,한전주,50,2025-11-28
794,구로구 개봉동 134-7,,50,2025-11-28
795,구로구 가리봉동 134-82,폴형,25,2025-11-28
796,구로구 고척동 145-98,한전주,50,2025-11-28
797,구로구 가리봉동 135-17,한전주,25,2025-11-28
798,구로구 구로4동 136-13,한전주,100,2025-11-28
799,구로구 구로4동 131-11,벽부형,50,2025-11-28
800,구로구 구로4동 136-15,한전주,50,2025-11-28
801,구로구 구로4동 136-18,벽부형,70,2025-11-28
802,구로구 궁동 131-1,한전주,50,2025-11-28
803,구로구 가리봉동 136-45,한전주,25,2025-11-28
804,구로구 구로동 134-46,폴형,50,2025-11-28
805,구로구 가리봉동 136-47,한전주,25,2025-11-28
806,구로구 구로4동 136-5,한전주,100,2025-11-28
807,구로구 구로2동 136-52,한전주,70,2025-11-28
808,구로구 구로2동 136-54,한전주,70,2025-11-28
809,구로구 가리봉동 136-84,폴형,50,2025-11-28
810,구로구 가리봉동 136ㅡ37,폴형,50,2025-11-28
811,구로구 개봉동 137-8,폴형,50,2025-11-28
812,구로구 구로4동 138-10,,30,2025-11-28
813,구로구 구로4동 138-10,벽부형,70,2025-11-28
814,구로구 개봉동 138-2,,50,2025-11-28
815,구로구 가리봉동 138-7,벽부형,25,2025-11-28
816,구로구 가리봉동 138-7,벽부형,25,2025-11-28
817,구로구 구로4동 138-8,벽부형,70,2025-11-28
818,구로구 개봉동 139-8,폴형,25,2025-11-28
819,구로구 개봉동 139-133,한전주,50,2025-11-28
820,구로구 개봉동 139-142,폴형,50,2025-11-28
821,구로구 개봉동 139-150,폴형,70,2025-11-28
822,구로구 개봉동 149-13,폴형,70,2025-11-28
823,구로구 개봉동 416-285,한전주,50,2025-11-28
824,구로구 구로동 139-243,벽부형,25,2025-11-28
825,구로구 개봉동 139-27,한전주,25,2025-11-28
826,구로구 구로동 139-27,한전주,25,2025-11-28
827,구로구 개봉동 438,한전주,50,2025-11-28
828,구로구 개봉동 139-200,한전주,50,2025-11-28
829,구로구 개봉동 139-212,한전주,25,2025-11-28
830,구로구 개봉동 139-48,한전주,50,2025-11-28
831,구로구 개봉동 139-48,한전주,50,2025-11-28
832,구로구 개봉동 139-158,한전주,25,2025-11-28
833,구로구 개봉동 139-51,한전주,25,2025-11-28
834,구로구 개봉동 139-54,폴형,25,2025-11-28
835,구로구 궁동 138-6,한전주,50,2025-11-28
836,구로구 개봉동 139-60,한전주,50,2025-11-28
837,구로구 개봉동 139-66,한전주,50,2025-11-28
838,구로구 개봉동 139-139,한전주,50,2025-11-28
839,구로구 구로동 139-79,,70,2025-11-28
840,구로구 구로동 139-82,폴형,50,2025-11-28
841,구로구 구로동 139-82,폴형,50,2025-11-28
842,구로구 구로동 139-97,,25,2025-11-28
843,구로구 오류동 14-142,한전주,70,2025-11-28
844,구로구 오류동 315-1,한전주,50,2025-11-28
845,구로구 오류동 14-248,한전주,25,2025-11-28
846,구로구 오류동 11-47,한전주,25,2025-11-28
847,구로구 온수동 13-10,한전주,50,2025-11-28
848,구로구 오류동 14-238,한전주,25,2025-11-28
849,구로구 오류동 14-344,폴형,25,2025-11-28
850,구로구 오류동 14-389,한전주,50,2025-11-28
851,구로구 오류동 315-1,한전주,25,2025-11-28
852,구로구 오류동 14-472,,50,2025-11-28
853,구로구 항동 14-6,한전주,70,2025-11-28
854,구로구 온수동 14-7,한전주,70,2025-11-28
855,구로구 온수동 14-7,한전주,50,2025-11-28
856,구로구 온수동 141,한전주,70,2025-11-28
857,구로구 궁동 252,한전주,50,2025-11-28
858,구로구 궁동 140-2,한전주,25,2025-11-28
859,구로구 궁동 252,한전주,50,2025-11-28
860,구로구 궁동 156-10,한전주,25,2025-11-28
861,구로구 궁동 141,한전주,50,2025-11-28
862,구로구 개봉동 141-50,한전주,50,2025-11-28
863,구로구 개봉동 141-53,한전주,50,2025-11-28
864,구로구 개봉동 141-56,한전주,50,2025-11-28
865,구로구 개봉동 438,한전주,50,2025-11-28
866,구로구 개봉동 141-71,한전주,50,2025-11-28
867,구로구 궁동 138-3,폴형,25,2025-11-28
868,구로구 구로4동 142-1,폴형,70,2025-11-28
869,구로구 개봉동 142-12,벽부형,50,2025-11-28
870,구로구 구로4동 142-11,폴형,35,2025-11-28
871,구로구 구로4동 142-113,폴형,70,2025-11-28
872,구로구 구로4동 142-13,벽부형,35,2025-11-28
873,구로구 개봉동 142-17,한전주,25,2025-11-28
874,구로구 구로4동 142-2,,50,2025-11-28
875,구로구 구로4동 142-2,한전주,50,2025-11-28
876,구로구 구로4동 142-2,한전주,50,2025-11-28
877,구로구 구로4동 142-2,폴형,100,2025-11-28
878,구로구 개봉동 143-1,한전주,50,2025-11-28
879,구로구 개봉동 143-1,한전주,25,2025-11-28
880,구로구 구로4동 142-31,벽부형,35,2025-11-28
881,구로구 구로4동 142-33,벽부형,100,2025-11-28
882,구로구 개봉동 141-47,한전주,25,2025-11-28
883,구로구 구로4동 142-51,한전주,25,2025-11-28
884,구로구 구로4동 142-51,한전주,25,2025-11-28
885,구로구 구로4동 142-6,벽부형,35,2025-11-28
886,구로구 구로4동 142-60,폴형,50,2025-11-28
887,구로구 구로4동 142-66,한전주,100,2025-11-28
888,구로구 구로4동 142-92,한전주,70,2025-11-28
889,구로구 구로4동 142-93,벽부형,50,2025-11-28
890,구로구 구로4동 142-98,한전주,70,2025-11-28
891,구로구 궁동 143-10,한전주,25,2025-11-28
892,구로구 궁동 143-8,폴형,25,2025-11-28
893,구로구 궁동 143-2,한전주,25,2025-11-28
894,구로구 구로3동 145-20,한전주,70,2025-11-28
895,구로구 구로3동 145-20,한전주,50,2025-11-28
896,구로구 구로3동 145-20,한전주,70,2025-11-28
897,구로구 구로3동 145-20,한전주,50,2025-11-28
898,구로구 고척동 145-41,한전주,25,2025-11-28
899,구로구 고척동 145-225,한전주,100,2025-11-28
900,구로구 고척동 145-236,벽부형,70,2025-11-28
901,구로구 구로3동 145-4,한전주,50,2025-11-28
902,구로구 구로3동 145-4,폴형,70,2025-11-28
903,구로구 구로3동 145-4,한전주,70,2025-11-28
904,구로구 고척동 145-95,한전주,50,2025-11-28
905,구로구 궁동 146-3,한전주,50,2025-11-28
906,구로구 궁동 146-1,한전주,50,2025-11-28
907,구로구 궁동 146-3,한전주,25,2025-11-28
908,구로구 궁동 147-2,폴형,20,2025-11-28
909,구로구 궁동 147-11,폴형,50,2025-11-28
910,구로구 궁동 147-11,폴형,50,2025-11-28
911,구로구 궁동 147-11,한전주,50,2025-11-28
912,구로구 개봉동 147-21,폴형,25,2025-11-28
913,구로구 구로3동 147-2,한전주,50,2025-11-28
914,구로구 구로3동 147-2,벽부형,70,2025-11-28
915,구로구 개봉동 147-22,벽부형,25,2025-11-28
916,구로구 개봉동 147-24,한전주,50,2025-11-28
917,구로구 궁동 147-21,폴형,50,2025-11-28
918,구로구 구로3동 147-3,폴형,70,2025-11-28
919,구로구 구로3동 147-4,폴형,,2025-11-28
920,구로구 궁동 143-9,한전주,50,2025-11-28
921,구로구 궁동 147-19,폴형,50,2025-11-28
922,구로구 궁동 154,한전주,50,2025-11-28
923,구로구 구로4동 148-11,폴형,25,2025-11-28
924,구로구 구로4동 148-14,폴형,25,2025-11-28
925,구로구 구로4동 148-15,벽부형,70,2025-11-28
926,구로구 구로4동 148-18,벽부형,50,2025-11-28
927,구로구 고척동 148-19,,50,2025-11-28
928,구로구 구로4동 148-8,벽부형,100,2025-11-28
929,구로구 구로4동 149-1,벽부형,50,2025-11-28
930,구로구 개봉동 149-12,한전주,25,2025-11-28
931,구로구 개봉동 154-84,벽부형,25,2025-11-28
932,구로구 개봉동 149-22,폴형,50,2025-11-28
933,구로구 개봉동 149-20,벽부형,50,2025-11-28
934,구로구 개봉동 149-20,벽부형,50,2025-11-28
935,구로구 개봉동 149-21,한전주,50,2025-11-28
936,구로구 개봉동 154-33,폴형,25,2025-11-28
937,구로구 개봉동 15-6,한전주,25,2025-11-28
938,구로구 개봉동 15-9,한전주,25,2025-11-28
939,구로구 궁동 252,한전주,25,2025-11-28
940,구로구 개봉동 150-15,폴형,25,2025-11-28
941,구로구 개봉동 150-15,한전주,50,2025-11-28
942,구로구 개봉동 150-3,폴형,70,2025-11-28
943,구로구 개봉동 150-3,,50,2025-11-28
944,구로구 오류동 150-42,한전주,25,2025-11-28
945,구로구 궁동 151-2,한전주,70,2025-11-28
946,구로구 궁동 151-1,한전주,70,2025-11-28
947,구로구 궁동 151-3,한전주,50,2025-11-28
948,구로구 구로3동 152-4,한전주,70,2025-11-28
949,구로구 구로3동 152-8,벽부형,25,2025-11-28
950,구로구 구로3동 153-31,한전주,50,2025-11-28
951,구로구 구로3동 153-8,벽부형,50,2025-11-28
952,구로구 개봉동 153-88,,70,2025-11-28
953,구로구 온수동 154,한전주,50,2025-11-28
954,구로구 온수동 154,폴형,50,2025-11-28
955,구로구 온수동 154,폴형,50,2025-11-28
956,구로구 구로3동 154-1,한전주,35,2025-11-28
957,구로구 궁동 151-1,한전주,50,2025-11-28
958,구로구 구로3동 154-1,한전주,70,2025-11-28
959,구로구 개봉동 154-99,한전주,50,2025-11-28
960,구로구 개봉동 466,폴형,70,2025-11-28
961,구로구 개봉동 154-20,한전주,50,2025-11-28
962,구로구 개봉동 146-26,한전주,50,2025-11-28
963,구로구 개봉동 139-4,한전주,50,2025-11-28
964,구로구 개봉동 139-4,벽부형,50,2025-11-28
965,구로구 개봉동 154-11,벽부형,25,2025-11-28
966,구로구 개봉동 143-4,한전주,50,2025-11-28
967,구로구 개봉동 155-5,한전주,25,2025-11-28
968,구로구 궁동 155,한전주,50,2025-11-28
969,구로구 개봉동 149-11,폴형,70,2025-11-28
970,구로구 개봉동 155-33,폴형,25,2025-11-28
971,구로구 개봉동 155-1,폴형,25,2025-11-28
972,구로구 개봉동 146-27,폴형,50,2025-11-28
973,구로구 개봉동 146-27,한전주,50,2025-11-28
974,구로구 궁동 154-7,한전주,25,2025-11-28
975,구로구 개봉동 154-71,,50,2025-11-28
976,구로구 개봉동 154-84,한전주,25,2025-11-28
977,구로구 궁동 153-7,,50,2025-11-28
978,구로구 구로3동 155-1,폴형,70,2025-11-28
979,구로구 구로동 155-1,,50,2025-11-28
980,구로구 구로3동 155-11,벽부형,50,2025-11-28
981,구로구 구로3동 155-115,한전주,35,2025-11-28
982,구로구 구로3동 155-117,한전주,50,2025-11-28
983,구로구 구로3동 155-120,벽부형,70,2025-11-28
984,구로구 구로3동 155-17,벽부형,50,2025-11-28
985,구로구 구로3동 155-17,한전주,35,2025-11-28
986,구로구 구로3동 155-18,벽부형,,2025-11-28
987,구로구 궁동 156,한전주,50,2025-11-28
988,구로구 궁동 252,한전주,50,2025-11-28
989,구로구 궁동 146-3,한전주,50,2025-11-28
990,구로구 구로3동 155-23,한전주,50,2025-11-28
991,구로구 구로3동 155-24,한전주,35,2025-11-28
992,구로구 구로3동 155-37,벽부형,70,2025-11-28
993,구로구 구로3동 155-4,벽부형,50,2025-11-28
994,구로구 구로3동 155-44,폴형,25,2025-11-28
995,구로구 구로3동 155-59,벽부형,50,2025-11-28
996,구로구 구로3동 155-64,벽부형,70,2025-11-28
997,구로구 구로3동 155-64,한전주,70,2025-11-28
998,구로구 구로3동 155-67,벽부형,50,2025-11-28
999,구로구 개봉동 155-26,한전주,50,2025-11-28
1000,구로구 구로3동 155-8,한전주,70,2025-11-28
1001,구로구 구로3동 155-9,벽부형,,2025-11-28
1002,구로구 궁동 156,한전주,50,2025-11-28
1003,구로구 궁동 153-7,한전주,50,2025-11-28
1004,구로구 고척동 156-14,폴형,50,2025-11-28
1005,구로구 궁동 156-2,한전주,25,2025-11-28
1006,구로구 고척동 156-2,폴형,25,2025-11-28
1007,구로구 고척동 156-14,한전주,50,2025-11-28
1008,구로구 고척동 156-14,한전주,70,2025-11-28
1009,구로구 개봉동 139-4,한전주,50,2025-11-28
1010,구로구 궁동 156-7,한전주,25,2025-11-28
1011,구로구 궁동 157,한전주,50,2025-11-28
1012,구로구 궁동 157-4,한전주,50,2025-11-28
1013,구로구 궁동 157-4,한전주,50,2025-11-28
1014,구로구 고척동 163-7,한전주,70,2025-11-28
1015,구로구 고척동 162-10,한전주,50,2025-11-28
1016,구로구 개봉동 161-38,한전주,50,2025-11-28
1017,구로구 고척동 161-3,한전주,50,2025-11-28
1018,구로구 고척동 316,폴형,25,2025-11-28
1019,구로구 고척동 316,폴형,25,2025-11-28
1020,구로구 고척동 160-35,한전주,25,2025-11-28
1021,구로구 고척동 161-73,벽부형,25,2025-11-28
1022,구로구 고척동 160-35,한전주,25,2025-11-28
1023,구로구 고척동 161-79,폴형,50,2025-11-28
1024,구로구 고척동 161-81,한전주,70,2025-11-28
1025,구로구 고척동 158-2,한전주,25,2025-11-28
1026,구로구 고척동 162-15,한전주,25,2025-11-28
1027,구로구 고척동 162-16,한전주,25,2025-11-28
1028,구로구 고척동 316-17,한전주,70,2025-11-28
1029,구로구 고척동 162-20,한전주,100,2025-11-28
1030,구로구 고척동 162-65,벽부형,70,2025-11-28
1031,구로구 고척동 162-10,한전주,70,2025-11-28
1032,구로구 고척동 162-10,한전주,25,2025-11-28
1033,구로구 고척동 162-44,벽부형,35,2025-11-28
1034,구로구 고척동 316,벽부형,100,2025-11-28
1035,구로구 고척동 162-46,벽부형,70,2025-11-28
1036,구로구 고척동 162-63,한전주,70,2025-11-28
1037,구로구 고척동 316-17,한전주,70,2025-11-28
1038,구로구 고척동 162-75,벽부형,25,2025-11-28
1039,구로구 고척동 161-3,한전주,50,2025-11-28
1040,구로구 고척동 162-73,한전주,35,2025-11-28
1041,구로구 고척동 162-73,한전주,25,2025-11-28
1042,구로구 고척동 162-87,벽부형,70,2025-11-28
1043,구로구 고척동 162-91,한전주,25,2025-11-28
1044,구로구 고척동 162-14,한전주,100,2025-11-28
1045,구로구 고척동 163-13,벽부형,50,2025-11-28
1046,구로구 고척동 295,벽부형,70,2025-11-28
1047,구로구 고척동 307,한전주,50,2025-11-28
1048,구로구 고척동 164-104,한전주,30,2025-11-28
1049,구로구 고척동 164-109,한전주,50,2025-11-28
1050,구로구 고척동 164-110,한전주,50,2025-11-28
1051,구로구 고척동 164-116,한전주,50,2025-11-28
1052,구로구 고척동 164-116,한전주,50,2025-11-28
1053,구로구 고척2동 164-129,한전주,50,2025-11-28
1054,구로구 고척동 164-129,한전주,50,2025-11-28
1055,구로구 고척동 164-40,한전주,70,2025-11-28
1056,구로구 고척동 164-35,한전주,70,2025-11-28
1057,구로구 고척동 164-46,한전주,70,2025-11-28
1058,구로구 고척동 164-52,벽부형,25,2025-11-28
1059,구로구 고척동 164-57,한전주,50,2025-11-28
1060,구로구 고척동 164-66,벽부형,70,2025-11-28
1061,구로구 고척동 164-82,폴형,50,2025-11-28
1062,구로구 고척동 164-66,한전주,70,2025-11-28
1063,구로구 고척동 산9-14,한전주,70,2025-11-28
1064,구로구 고척동 164-129,한전주,50,2025-11-28
1065,구로구 구로3동 165-1,한전주,50,2025-11-28
1066,구로구 구로3동 165-1,한전주,50,2025-11-28
1067,구로구 구로3동 165-1,한전주,50,2025-11-28
1068,구로구 구로3동 165-1,한전주,70,2025-11-28
1069,구로구 구로3동 165-1,한전주,100,2025-11-28
1070,구로구 구로3동 165-1,한전주,,2025-11-28
1071,구로구 구로3동 165-1,한전주,50,2025-11-28
1072,구로구 고척동 165-5,한전주,25,2025-11-28
1073,구로구 고척동 165-35,한전주,70,2025-11-28
1074,구로구 고척동 165-10,한전주,25,2025-11-28
1075,구로구 고척동 165-6,한전주,70,2025-11-28
1076,구로구 고척동 166-1,벽부형,50,2025-11-28
1077,구로구 고척동 283-3,한전주,50,2025-11-28
1078,구로구 구로3동 166-9,한전주,25,2025-11-28
1079,구로구 고척동 283-3,한전주,50,2025-11-28
1080,구로구 고척동 167-27,벽부형,70,2025-11-28
1081,구로구 고척동 167-131,한전주,25,2025-11-28
1082,구로구 고척동 167-132,한전주,50,2025-11-28
1083,구로구 고척동 167-47,한전주,25,2025-11-28
1084,구로구 고척동 167-33,한전주,25,2025-11-28
1085,구로구 고척동 산9-14,폴형,50,2025-11-28
1086,구로구 고척동 산9-14,폴형,50,2025-11-28
1087,구로구 고척동 167-53,한전주,50,2025-11-28
1088,구로구 고척동 167-54,한전주,50,2025-11-28
1089,구로구 고척동 167-56,한전주,60,2025-11-28
1090,구로구 고척동 165-36,한전주,70,2025-11-28
1091,구로구 고척동 산9-14,폴형,50,2025-11-28
1092,구로구 고척동 167-9,폴형,50,2025-11-28
1093,구로구 고척동 167-72,벽부형,70,2025-11-28
1094,구로구 고척동 167-89,한전주,70,2025-11-28
1095,구로구 고척동 167-105,한전주,70,2025-11-28
1096,구로구 고척동 283-3,한전주,50,2025-11-28
1097,구로구 고척동 168-86,한전주,50,2025-11-28
1098,구로구 고척동 217,한전주,50,2025-11-28
1099,구로구 고척동 283-3,한전주,50,2025-11-28
1100,구로구 고척동 168-50,폴형,70,2025-11-28
1101,구로구 고척동 168-63,벽부형,25,2025-11-28
1102,구로구 고척동 168-60,폴형,70,2025-11-28
1103,구로구 고척동 168-60,폴형,25,2025-11-28
1104,구로구 고척동 168-60,벽부형,25,2025-11-28
1105,구로구 고척동 217,한전주,50,2025-11-28
1106,구로구 궁동 282-6,한전주,50,2025-11-28
1107,구로구 구로3동 169-2,한전주,50,2025-11-28
1108,구로구 구로3동 169-2,한전주,50,2025-11-28
1109,구로구 구로3동 169-2,한전주,70,2025-11-28
1110,구로구 구로3동 169-2,한전주,70,2025-11-28
1111,구로구 구로동 169-8,벽부형,50,2025-11-28
1112,구로구 궁동 169-9,폴형,50,2025-11-28
1113,구로구 궁동 169-9,한전주,50,2025-11-28
1114,구로구 가리봉동 17,한전주,25,2025-11-28
1115,구로구 구로동 17-2,폴형,70,2025-11-28
1116,구로구 개봉동 18-37,한전주,35,2025-11-28
1117,구로구 개봉동 416-113,폴형,70,2025-11-28
1118,구로구 개봉동 17-5,폴형,50,2025-11-28
1119,구로구 개봉동 산2-63,폴형,50,2025-11-28
1120,구로구 개봉동 1-16,폴형,50,2025-11-28
1121,구로구 개봉동 1-11,폴형,50,2025-11-28
1122,구로구 구로3동 170-1,한전주,70,2025-11-28
1123,구로구 구로3동 170-1,한전주,50,2025-11-28
1124,구로구 고척동 282-6,한전주,100,2025-11-28
1125,구로구 구로3동 170-19,벽부형,50,2025-11-28
1126,구로구 구로3동 170-21,한전주,50,2025-11-28
1127,구로구 구로3동 170-24,한전주,35,2025-11-28
1128,구로구 궁동 171-4,한전주,50,2025-11-28
1129,구로구 개봉동 170-43,한전주,25,2025-11-28
1130,구로구 고척동 170-5,벽부형,70,2025-11-28
1131,구로구 고척동 170-8,한전주,70,2025-11-28
1132,구로구 궁동 170-1,한전주,50,2025-11-28
1133,구로구 고척동 171-5,한전주,50,2025-11-28
1134,구로구 궁동 171-4,한전주,50,2025-11-28
1135,구로구 고척동 171-7,한전주,70,2025-11-28
1136,구로구 고척동 171-80,한전주,70,2025-11-28
1137,구로구 개봉동 173-1,한전주,25,2025-11-28
1138,구로구 궁동 173-10,한전주,50,2025-11-28
1139,구로구 궁동 173-10,한전주,50,2025-11-28
1140,구로구 궁동 257,한전주,50,2025-11-28
1141,구로구 궁동 176-4,폴형,50,2025-11-28
1142,구로구 궁동 176-6,폴형,25,2025-11-28
1143,구로구 고척동 165-36,한전주,50,2025-11-28
1144,구로구 궁동 252-76,한전주,25,2025-11-28
1145,구로구 궁동 178-13,한전주,50,2025-11-28
1146,구로구 구로동 178-2,한전주,50,2025-11-28
1147,구로구 궁동 178-21,한전주,50,2025-11-28
1148,구로구 궁동 178-25,한전주,50,2025-11-28
1149,구로구 궁동 178-29,한전주,25,2025-11-28
1150,구로구 궁동 178-3,한전주,50,2025-11-28
1151,구로구 궁동 184-20,폴형,25,2025-11-28
1152,구로구 궁동 산10-54,폴형,25,2025-11-28
1153,구로구 궁동 257,한전주,25,2025-11-28
1154,구로구 궁동 179-1,벽부형,20,2025-11-28
1155,구로구 궁동 179-1,한전주,25,2025-11-28
1156,구로구 구로3동 179-93,폴형,70,2025-11-28
1157,구로구 구로3동 179-93,폴형,70,2025-11-28
1158,구로구 구로3동 179-93,벽부형,25,2025-11-28
1159,구로구 오류동 18-1,벽부형,25,2025-11-28
1160,구로구 오류동 18-80,한전주,25,2025-11-28
1161,구로구 오류동 18-92,벽부형,25,2025-11-28
1162,구로구 개봉동 18-14,벽부형,50,2025-11-28
1163,구로구 오류동 18-14,벽부형,25,2025-11-28
1164,구로구 개봉동 60-83,한전주,25,2025-11-28
1165,구로구 개봉동 60-84,한전주,50,2025-11-28
1166,구로구 개봉동 18-35,한전주,35,2025-11-28
1167,구로구 개봉동 18-35,한전주,35,2025-11-28
1168,구로구 개봉동 18-20,벽부형,35,2025-11-28
1169,구로구 온수동 156-1,한전주,50,2025-11-28
1170,구로구 개봉동 416-2,한전주,50,2025-11-28
1171,구로구 오류동 13-186,폴형,25,2025-11-28
1172,구로구 오류동 18-101,폴형,25,2025-11-28
1173,구로구 오류동 13-186,폴형,50,2025-11-28
1174,구로구 개봉동 산2-3,한전주,35,2025-11-28
1175,구로구 개봉동 18-27,한전주,20,2025-11-28
1176,구로구 개봉동 416-272,한전주,50,2025-11-28
1177,구로구 개봉동 60-91,한전주,50,2025-11-28
1178,구로구 오류동 18-90,폴형,25,2025-11-28
1179,구로구 오류동 18-14,벽부형,70,2025-11-28
1180,구로구 오류동 18-1,벽부형,25,2025-11-28
1181,구로구 오류동 18-117,한전주,25,2025-11-28
1182,구로구 오류동 18-117,한전주,25,2025-11-28
1183,구로구 오류동 16-9,한전주,50,2025-11-28
1184,구로구 오류동 18-73,벽부형,70,2025-11-28
1185,구로구 오류동 18-140,폴형,25,2025-11-28
1186,구로구 오류동 18-85,폴형,25,2025-11-28
1187,구로구 궁동 180-1,한전주,25,2025-11-28
1188,구로구 구로3동 180-18,폴형,50,2025-11-28
1189,구로구 궁동 179-1,한전주,25,2025-11-28
1190,구로구 구로3동 181-13,한전주,50,2025-11-28
1191,구로구 구로3동 181-13,한전주,50,2025-11-28
1192,구로구 구로3동 181-14,한전주,25,2025-11-28
1193,구로구 구로3동 181-14,한전주,50,2025-11-28
1194,구로구 구로3동 181-19,한전주,70,2025-11-28
1195,구로구 고척동 165-24,한전주,25,2025-11-28
1196,구로구 궁동 178-13,한전주,50,2025-11-28
1197,구로구 궁동 252-76,한전주,25,2025-11-28
1198,구로구 궁동 184-16,폴형,70,2025-11-28
1199,구로구 궁동 산10-63,폴형,50,2025-11-28
1200,구로구 궁동 178-15,폴형,25,2025-11-28
1201,구로구 궁동 산10-62,폴형,70,2025-11-28
1202,구로구 궁동 184-72,한전주,50,2025-11-28
1203,구로구 궁동 184-23,한전주,50,2025-11-28
1204,구로구 궁동 185,폴형,25,2025-11-28
1205,구로구 고척동 329,한전주,50,2025-11-28
1206,구로구 고척동 193-9,한전주,70,2025-11-28
1207,구로구 고척동 194-5,한전주,70,2025-11-28
1208,구로구 고척동 333,한전주,50,2025-11-28
1209,구로구 궁동 184-36,한전주,50,2025-11-28
1210,구로구 궁동 186,한전주,50,2025-11-28
1211,구로구 구로동 186-17,벽부형,25,2025-11-28
1212,구로구 궁동 187-1,한전주,50,2025-11-28
1213,구로구 궁동 187-22,한전주,25,2025-11-28
1214,구로구 궁동 187-16,한전주,25,2025-11-28
1215,구로구 궁동 189-20,한전주,70,2025-11-28
1216,구로구 궁동 189-25,벽부형,70,2025-11-28
1217,구로구 궁동 189-25,한전주,70,2025-11-28
1218,구로구 궁동 189-63,한전주,70,2025-11-28
1219,구로구 궁동 190-1,한전주,25,2025-11-28
1220,구로구 궁동 189-37,폴형,70,2025-11-28
1221,구로구 궁동 190-94,한전주,70,2025-11-28
1222,구로구 궁동 189-1,폴형,50,2025-11-28
1223,구로구 궁동 189-25,벽부형,25,2025-11-28
1224,구로구 개봉동 416-296,한전주,25,2025-11-28
1225,구로구 오류동 19-180,한전주,50,2025-11-28
1226,구로구 오류동 31-154,한전주,50,2025-11-28
1227,구로구 오류동 27-43,폴형,20,2025-11-28
1228,구로구 오류동 19-103,한전주,50,2025-11-28
1229,구로구 오류동 19-107,폴형,25,2025-11-28
1230,구로구 개봉동 18-2,폴형,25,2025-11-28
1231,구로구 개봉동 19-13,폴형,70,2025-11-28
1232,구로구 오류동 19-41,한전주,25,2025-11-28
1233,구로구 오류동 19-127,벽부형,25,2025-11-28
1234,구로구 오류동 19-145,한전주,50,2025-11-28
1235,구로구 오류동 27-3,한전주,30,2025-11-28
1236,구로구 오류동 16-9,한전주,30,2025-11-28
1237,구로구 오류동 27-83,한전주,50,2025-11-28
1238,구로구 오류동 19-2,한전주,25,2025-11-28
1239,구로구 오류동 19-17,폴형,25,2025-11-28
1240,구로구 오류동 19-19,벽부형,70,2025-11-28
1241,구로구 오류동 19-201,한전주,25,2025-11-28
1242,구로구 오류동 19-101,벽부형,25,2025-11-28
1243,구로구 오류동 19-104,한전주,20,2025-11-28
1244,구로구 개봉동 60-83,한전주,25,2025-11-28
1245,구로구 개봉동 60-83,한전주,50,2025-11-28
1246,구로구 개봉동 60-82,한전주,50,2025-11-28
1247,구로구 개봉동 18-2,한전주,50,2025-11-28
1248,구로구 오류동 19-60,한전주,50,2025-11-28
1249,구로구 개봉동 19-11,한전주,35,2025-11-28
1250,구로구 오류동 19-71,벽부형,25,2025-11-28
1251,구로구 개봉동 60-83,한전주,50,2025-11-28
1252,구로구 오류동 19-88,폴형,50,2025-11-28
1253,구로구 오류동 19-199,한전주,25,2025-11-28
1254,구로구 궁동 254-1,한전주,25,2025-11-28
1255,구로구 궁동 189-101,벽부형,70,2025-11-28
1256,구로구 궁동 190-116,한전주,50,2025-11-28
1257,구로구 궁동 190-116,한전주,25,2025-11-28
1258,구로구 궁동 190-120,한전주,50,2025-11-28
1259,구로구 궁동 190-152,한전주,50,2025-11-28
1260,구로구 궁동 187-4,한전주,25,2025-11-28
1261,구로구 궁동 189-104,한전주,70,2025-11-28
1262,구로구 궁동 190-144,한전주,50,2025-11-28
1263,구로구 궁동 190-51,한전주,25,2025-11-28
1264,구로구 궁동 254-1,한전주,25,2025-11-28
1265,구로구 궁동 190-50,폴형,70,2025-11-28
1266,구로구 궁동 산14-12,,,2025-11-28
1267,구로구 궁동 190-73,한전주,70,2025-11-28
1268,구로구 궁동 190-87,폴형,70,2025-11-28
1269,구로구 궁동 190-91,한전주,50,2025-11-28
1270,구로구 궁동 산14-9,폴형,70,2025-11-28
1271,구로구 궁동 192-1,한전주,25,2025-11-28
1272,구로구 궁동 192-117,폴형,70,2025-11-28
1273,구로구 궁동 292-3,폴형,50,2025-11-28
1274,구로구 궁동 292-3,폴형,50,2025-11-28
1275,구로구 궁동 292-3,폴형,50,2025-11-28
1276,구로구 궁동 292-3,폴형,50,2025-11-28
1277,구로구 궁동 292,폴형,50,2025-11-28
1278,구로구 궁동 292,폴형,50,2025-11-28
1279,구로구 궁동 292,폴형,,2025-11-28
1280,구로구 궁동 292,폴형,50,2025-11-28
1281,구로구 궁동 189-1,폴형,70,2025-11-28
1282,구로구 궁동 192-28,한전주,70,2025-11-28
1283,구로구 궁동 192-16,벽부형,70,2025-11-28
1284,구로구 궁동 산14-8,폴형,70,2025-11-28
1285,구로구 궁동 192-2,벽부형,25,2025-11-28
1286,구로구 궁동 192-25,한전주,70,2025-11-28
1287,구로구 궁동 192-26,한전주,70,2025-11-28
1288,구로구 궁동 189-1,폴형,25,2025-11-28
1289,구로구 궁동 산14-8,한전주,70,2025-11-28
1290,구로구 궁동 산11-3,한전주,70,2025-11-28
1291,구로구 궁동 192-121,한전주,70,2025-11-28
1292,구로구 오류동 313-58,폴형,50,2025-11-28
1293,구로구 오류동 313-54,폴형,25,2025-11-28
1294,구로구 궁동 192-24,한전주,50,2025-11-28
1295,구로구 궁동 292-3,한전주,50,2025-11-28
1296,구로구 궁동 253,한전주,25,2025-11-28
1297,구로구 궁동 253,한전주,25,2025-11-28
1298,구로구 궁동 산14-8,한전주,70,2025-11-28
1299,구로구 궁동 산14-8,폴형,70,2025-11-28
1300,구로구 궁동 253,한전주,25,2025-11-28
1301,구로구 궁동 189-1,한전주,70,2025-11-28
1302,구로구 궁동 192-8,폴형,50,2025-11-28
1303,구로구 고척동 193-1,폴형,25,2025-11-28
1304,구로구 고척동 282-4,한전주,50,2025-11-28
1305,구로구 고척동 193-19,한전주,70,2025-11-28
1306,구로구 고척동 282-4,한전주,25,2025-11-28
1307,구로구 고척동 282-4,한전주,70,2025-11-28
1308,구로구 고척동 194-24,한전주,50,2025-11-28
1309,구로구 고척동 194-5,한전주,50,2025-11-28
1310,구로구 고척동 283-2,한전주,70,2025-11-28
1311,구로구 고척동 195-20,벽부형,50,2025-11-28
1312,구로구 고척동 195-4,한전주,70,2025-11-28
1313,구로구 고척동 196-12,한전주,50,2025-11-28
1314,구로구 구로3동 197-13,폴형,70,2025-11-28
1315,구로구 구로3동 197-13,폴형,70,2025-11-28
1316,구로구 구로3동 197-13,폴형,70,2025-11-28
1317,구로구 개봉동 297-20,폴형,20,2025-11-28
1318,구로구 궁동 197-19,벽부형,25,2025-11-28
1319,구로구 궁동 198-22,폴형,70,2025-11-28
1320,구로구 궁동 198-20,벽부형,25,2025-11-28
1321,구로구 궁동 197-22,한전주,70,2025-11-28
1322,구로구 궁동 197-59,한전주,25,2025-11-28
1323,구로구 구로3동 197-36,한전주,50,2025-11-28
1324,구로구 궁동 197-40,한전주,20,2025-11-28
1325,구로구 궁동 197-31,한전주,70,2025-11-28
1326,구로구 궁동 198-10,한전주,70,2025-11-28
1327,구로구 궁동 197-24,폴형,70,2025-11-28
1328,구로구 궁동 198-39,한전주,50,2025-11-28
1329,구로구 가리봉동 2-15,,25,2025-11-28
1330,구로구 가리봉동 2-182,벽부형,25,2025-11-28
1331,구로구 온수동 20,한전주,35,2025-11-28
1332,구로구 개봉동 20-1,한전주,50,2025-11-28
1333,구로구 오류동 15,한전주,50,2025-11-28
1334,구로구 오류동 13-186,한전주,50,2025-11-28
1335,구로구 오류동 16-1,한전주,50,2025-11-28
1336,구로구 오류동 15,폴형,70,2025-11-28
1337,구로구 오류동 15,폴형,25,2025-11-28
1338,구로구 오류동 13-45,폴형,25,2025-11-28
1339,구로구 온수동 20-2,한전주,50,2025-11-28
1340,구로구 개봉동 20-5,한전주,50,2025-11-28
1341,구로구 개봉동 18-2,한전주,50,2025-11-28
1342,구로구 궁동 202-1,한전주,70,2025-11-28
1343,구로구 궁동 207-62,한전주,25,2025-11-28
1344,구로구 궁동 207-17,폴형,70,2025-11-28
1345,구로구 궁동 202-5,폴형,25,2025-11-28
1346,구로구 궁동 202-5,폴형,50,2025-11-28
1347,구로구 궁동 207-43,벽부형,70,2025-11-28
1348,구로구 궁동 207-25,한전주,70,2025-11-28
1349,구로구 궁동 207-29,한전주,70,2025-11-28
1350,구로구 궁동 207-9,한전주,70,2025-11-28
1351,구로구 궁동 207-34,한전주,70,2025-11-28
1352,구로구 궁동 202-5,폴형,70,2025-11-28
1353,구로구 궁동 202-5,한전주,70,2025-11-28
1354,구로구 궁동 204-5,폴형,70,2025-11-28
1355,구로구 궁동 207-24,한전주,70,2025-11-28
1356,구로구 궁동 207-11,벽부형,70,2025-11-28
1357,구로구 궁동 208-11,벽부형,70,2025-11-28
1358,구로구 궁동 208-35,벽부형,70,2025-11-28
1359,구로구 궁동 208-26,한전주,70,2025-11-28
1360,구로구 궁동 208-6,한전주,70,2025-11-28
1361,구로구 궁동 209-7,폴형,70,2025-11-28
1362,구로구 궁동 209-7,한전주,70,2025-11-28
1363,구로구 궁동 210-12,한전주,25,2025-11-28
1364,구로구 궁동 209-14,한전주,70,2025-11-28
1365,구로구 궁동 209-29,한전주,25,2025-11-28
1366,구로구 궁동 209-31,한전주,50,2025-11-28
1367,구로구 궁동 209-37,폴형,25,2025-11-28
1368,구로구 궁동 209-40,한전주,50,2025-11-28
1369,구로구 개봉동 20-5,폴형,25,2025-11-28
1370,구로구 가리봉동 21-1,한전주,25,2025-11-28
1371,구로구 가리봉동 21-4,한전주,60,2025-11-28
1372,구로구 궁동 202-5,벽부형,25,2025-11-28
1373,구로구 궁동 210-1,한전주,70,2025-11-28
1374,구로구 궁동 211-1,한전주,70,2025-11-28
1375,구로구 궁동 211-12,폴형,50,2025-11-28
1376,구로구 궁동 202-5,한전주,50,2025-11-28
1377,구로구 궁동 212-15,한전주,50,2025-11-28
1378,구로구 궁동 202-5,한전주,50,2025-11-28
1379,구로구 궁동 202-5,한전주,50,2025-11-28
1380,구로구 궁동 202-5,한전주,50,2025-11-28
1381,구로구 궁동 212-3,한전주,70,2025-11-28
1382,구로구 궁동 213-27,한전주,70,2025-11-28
1383,구로구 궁동 213-27,,35,2025-11-28
1384,구로구 오류동 214-4,폴형,50,2025-11-28
1385,구로구 고척동 241-64,한전주,25,2025-11-28
1386,구로구 오류동 216-6,한전주,50,2025-11-28
1387,구로구 고척동 218-1,폴형,50,2025-11-28
1388,구로구 고척동 218-4,한전주,50,2025-11-28
1389,구로구 고척동 218-11,폴형,50,2025-11-28
1390,구로구 오류동 218-2,한전주,25,2025-11-28
1391,구로구 고척동 218-6,폴형,50,2025-11-28
1392,구로구 고척동 218-1,폴형,50,2025-11-28
1393,구로구 온수동 116-5,한전주,50,2025-11-28
1394,구로구 온수동 20-5,한전주,70,2025-11-28
1395,구로구 온수동 22-17,한전주,50,2025-11-28
1396,구로구 온수동 23-10,한전주,70,2025-11-28
1397,구로구 온수동 22-6,한전주,70,2025-11-28
1398,구로구 온수동 20-15,한전주,70,2025-11-28
1399,구로구 개봉동 290-1,한전주,50,2025-11-28
1400,구로구 고척동 220-10,폴형,25,2025-11-28
1401,구로구 고척동 220-2,한전주,50,2025-11-28
1402,구로구 고척동 283-3,한전주,50,2025-11-28
1403,구로구 고척동 220-24,한전주,50,2025-11-28
1404,구로구 오류동 223-3,한전주,70,2025-11-28
1405,구로구 고척동 166-10,한전주,50,2025-11-28
1406,구로구 고척동 166-10,한전주,50,2025-11-28
1407,구로구 구로동 50-10,폴형,50,2025-11-28
1408,구로구 오류동 27-83,한전주,25,2025-11-28
1409,구로구 개봉동 19-14,한전주,70,2025-11-28
1410,구로구 오류동 23-7,한전주,25,2025-11-28
1411,구로구 오류동 15,폴형,25,2025-11-28
1412,구로구 온수동 23-19,폴형,70,2025-11-28
1413,구로구 개봉동 23-12,폴형,70,2025-11-28
1414,구로구 오류동 13-6,한전주,25,2025-11-28
1415,구로구 오류동 23-62,폴형,50,2025-11-28
1416,구로구 오류동 23-63,벽부형,25,2025-11-28
1417,구로구 오류동 23-3,벽부형,25,2025-11-28
1418,구로구 오류동 16-1,한전주,25,2025-11-28
1419,구로구 개봉동 20-9,한전주,70,2025-11-28
1420,구로구 개봉동 23-4,한전주,70,2025-11-28
1421,구로구 개봉동 23-35,폴형,70,2025-11-28
1422,구로구 오류동 315-13,한전주,50,2025-11-28
1423,구로구 오류동 23-36,벽부형,70,2025-11-28
1424,구로구 개봉동 25-1,한전주,50,2025-11-28
1425,구로구 오류동 23-61,폴형,70,2025-11-28
1426,구로구 구로5동 23-4,한전주,25,2025-11-28
1427,구로구 가리봉동 23-4,한전주,25,2025-11-28
1428,구로구 구로5동 23-5,한전주,70,2025-11-28
1429,구로구 오류동 27-10,한전주,50,2025-11-28
1430,구로구 온수동 157,한전주,50,2025-11-28
1431,구로구 온수동 157,한전주,70,2025-11-28
1432,구로구 온수동 157,한전주,50,2025-11-28
1433,구로구 구로동 23-8,,50,2025-11-28
1434,구로구 오류동 16-1,한전주,25,2025-11-28
1435,구로구 개봉동 23-40,폴형,25,2025-11-28
1436,구로구 고척동 233-5,폴형,50,2025-11-28
1437,구로구 고척동 241-347,한전주,50,2025-11-28
1438,구로구 고척동 233-5,통신주,50,2025-11-28
1439,구로구 오류동 240-8,한전주,50,2025-11-28
1440,구로구 궁동 258-5,폴형,50,2025-11-28
1441,구로구 고척동 166-10,한전주,50,2025-11-28
1442,구로구 고척동 166-10,한전주,70,2025-11-28
1443,구로구 개봉동 23-39,한전주,50,2025-11-28
1444,구로구 개봉동 24-2,폴형,50,2025-11-28
1445,구로구 개봉동 24-2,폴형,70,2025-11-28
1446,구로구 개봉동 24-2,한전주,70,2025-11-28
1447,구로구 개봉동 23-38,폴형,70,2025-11-28
1448,구로구 개봉동 23-38,한전주,70,2025-11-28
1449,구로구 개봉동 23-38,폴형,50,2025-11-28
1450,구로구 오류동 23-7,한전주,25,2025-11-28
1451,구로구 오류동 24-20,벽부형,25,2025-11-28
1452,구로구 오류동 23-7,벽부형,25,2025-11-28
1453,구로구 고척동 250-169,한전주,25,2025-11-28
1454,구로구 고척동 241-104,,25,2025-11-28
1455,구로구 고척동 241-108,통신주,25,2025-11-28
1456,구로구 고척동 241-11,한전주,50,2025-11-28
1457,구로구 고척동 241-112,한전주,50,2025-11-28
1458,구로구 고척동 241-119,,25,2025-11-28
1459,구로구 고척동 249-14,,50,2025-11-28
1460,구로구 고척동 241-141,,50,2025-11-28
1461,구로구 고척동 241-148,한전주,30,2025-11-28
1462,구로구 고척동 241-172,한전주,25,2025-11-28
1463,구로구 고척동 241-172,벽부형,25,2025-11-28
1464,구로구 고척동 241-16,통신주,50,2025-11-28
1465,구로구 고척동 249-161,,50,2025-11-28
1466,구로구 고척동 241-167,한전주,25,2025-11-28
1467,구로구 고척동 241-170,한전주,25,2025-11-28
1468,구로구 고척동 241-177,,50,2025-11-28
1469,구로구 고척동 241-193,한전주,25,2025-11-28
1470,구로구 고척동 241-187,한전주,25,2025-11-28
1471,구로구 고척동 산9-14,한전주,50,2025-11-28
1472,구로구 고척동 241-196,,50,2025-11-28
1473,구로구 고척동 241-2,통신주,50,2025-11-28
1474,구로구 오류동 254-4,한전주,,2025-11-28
1475,구로구 고척동 241-2,벽부형,70,2025-11-28
1476,구로구 고척동 241-2,벽부형,70,2025-11-28
1477,구로구 고척동 241-2,벽부형,70,2025-11-28
1478,구로구 고척동 241-2,벽부형,70,2025-11-28
1479,구로구 고척동 산8,폴형,50,2025-11-28
1480,구로구 고척동 241-200,벽부형,100,2025-11-28
1481,구로구 고척동 산8,폴형,100,2025-11-28
1482,구로구 고척동 241-200,벽부형,100,2025-11-28
1483,구로구 고척동 241-212,한전주,50,2025-11-28
1484,구로구 고척동 241-212,한전주,100,2025-11-28
1485,구로구 고척동 241-22,한전주,50,2025-11-28
1486,구로구 고척동 241-226,한전주,50,2025-11-28
1487,구로구 고척동 241-24,,50,2025-11-28
1488,구로구 고척동 241-172,한전주,25,2025-11-28
1489,구로구 고척동 241-172,한전주,25,2025-11-28
1490,구로구 고척동 241-27,한전주,50,2025-11-28
1491,구로구 고척동 241-270,,50,2025-11-28
1492,구로구 고척동 241-277,,25,2025-11-28
1493,구로구 고척동 241-172,한전주,25,2025-11-28
1494,구로구 고척동 241-290,한전주,25,2025-11-28
1495,구로구 고척동 241-300,한전주,50,2025-11-28
1496,구로구 고척동 241-302,한전주,25,2025-11-28
1497,구로구 고척동 241-303,,25,2025-11-28
1498,구로구 고척동 산9-14,폴형,70,2025-11-28
1499,구로구 고척동 241-305,벽부형,70,2025-11-28
1500,구로구 고척동 241-306,벽부형,70,2025-11-28
1501,구로구 고척동 241-31,,25,2025-11-28
1502,구로구 고척동 241-32,한전주,50,2025-11-28
1503,구로구 고척동 241-36,폴형,25,2025-11-28
1504,구로구 고척동 241-351,한전주,25,2025-11-28
1505,구로구 고척동 241-331,한전주,25,2025-11-28
1506,구로구 고척동 241-45,한전주,50,2025-11-28
1507,구로구 고척동 253-302,한전주,25,2025-11-28
1508,구로구 고척동 241-55,한전주,25,2025-11-28
1509,구로구 고척동 241-172,한전주,50,2025-11-28
1510,구로구 고척동 241-6,,50,2025-11-28
1511,구로구 고척동 241-172,폴형,25,2025-11-28
1512,구로구 고척동 241-62,폴형,25,2025-11-28
1513,구로구 고척동 241-67,한전주,50,2025-11-28
1514,구로구 고척동 241-70,한전주,50,2025-11-28
1515,구로구 고척동 253-129,,25,2025-11-28
1516,구로구 고척동 241-76,벽부형,25,2025-11-28
1517,구로구 고척동 241-312,한전주,25,2025-11-28
1518,구로구 고척동 241-172,한전주,25,2025-11-28
1519,구로구 고척동 241-97,한전주,25,2025-11-28
1520,구로구 고척동 243,한전주,25,2025-11-28
1521,구로구 개봉동 108-20,한전주,50,2025-11-28
1522,구로구 개봉동 486,폴형,100,2025-11-28
1523,구로구 개봉동 109-42,한전주,70,2025-11-28
1524,구로구 고척동 249-16,한전주,25,2025-11-28
1525,구로구 고척동 249-107,벽부형,25,2025-11-28
1526,구로구 고척동 249-113,한전주,25,2025-11-28
1527,구로구 고척동 249-113,한전주,50,2025-11-28
1528,구로구 고척동 249-113,,50,2025-11-28
1529,구로구 고척동 249-113,폴형,70,2025-11-28
1530,구로구 고척동 249-113,한전주,70,2025-11-28
1531,구로구 고척동 249-113,벽부형,70,2025-11-28
1532,구로구 고척동 249-118,,100,2025-11-28
1533,구로구 고척동 249-122,한전주,50,2025-11-28
1534,구로구 고척동 241-130,한전주,50,2025-11-28
1535,구로구 고척동 249-14,폴형,25,2025-11-28
1536,구로구 고척동 249-21,한전주,50,2025-11-28
1537,구로구 고척동 249-52,한전주,50,2025-11-28
1538,구로구 고척동 249-66,한전주,50,2025-11-28
1539,구로구 고척동 249-66,통신주,50,2025-11-28
1540,구로구 고척동 249-77,한전주,50,2025-11-28
1541,구로구 고척동 249-80,한전주,50,2025-11-28
1542,구로구 개봉동 249-86,통신주,25,2025-11-28
1543,구로구 고척동 253-271,한전주,50,2025-11-28
1544,구로구 고척동 249-16,한전주,25,2025-11-28
1545,구로구 구로5동 25-1,폴형,50,2025-11-28
1546,구로구 가리봉동 25-100,한전주,25,2025-11-28
1547,구로구 가리봉동 25-130,벽부형,25,2025-11-28
1548,구로구 가리봉동 25-117,벽부형,25,2025-11-28
1549,구로구 가리봉동 25-120,한전주,25,2025-11-28
1550,구로구 가리봉동 25-116,벽부형,25,2025-11-28
1551,구로구 가리봉동 25-147,벽부형,25,2025-11-28
1552,구로구 가리봉동 25-158,벽부형,25,2025-11-28
1553,구로구 가리봉동 25-164,벽부형,250,2025-11-28
1554,구로구 가리봉동 25-111,한전주,25,2025-11-28
1555,구로구 가리봉동 25-5,한전주,25,2025-11-28
1556,구로구 가리봉동 25-51,한전주,50,2025-11-28
1557,구로구 구로동 25-59,벽부형,25,2025-11-28
1558,구로구 가리봉동 25-61,폴형,50,2025-11-28
1559,구로구 가리봉동 25-63,폴형,25,2025-11-28
1560,구로구 가리봉동 25-64,한전주,25,2025-11-28
1561,구로구 가리봉동 25-69,벽부형,25,2025-11-28
1562,구로구 가리봉동 25-75,한전주,25,2025-11-28
1563,구로구 가리봉동 25-78,한전주,25,2025-11-28
1564,구로구 오류동 25-8,한전주,50,2025-11-28
1565,구로구 고척동 250-86,한전주,25,2025-11-28
1566,구로구 고척동 243,한전주,25,2025-11-28
1567,구로구 고척동 250-107,한전주,50,2025-11-28
1568,구로구 고척동 243,한전주,30,2025-11-28
1569,구로구 고척동 250-130,한전주,25,2025-11-28
1570,구로구 고척동 250-127,한전주,50,2025-11-28
1571,구로구 고척동 250-135,한전주,50,2025-11-28
1572,구로구 고척동 250-141,한전주,50,2025-11-28
1573,구로구 고척동 243,한전주,25,2025-11-28
1574,구로구 고척동 250-144,통신주,25,2025-11-28
1575,구로구 고척동 250-2,한전주,25,2025-11-28
1576,구로구 고척동 250-24,,25,2025-11-28
1577,구로구 고척동 250-26,,25,2025-11-28
1578,구로구 고척동 250-39,한전주,25,2025-11-28
1579,구로구 고척동 250-169,한전주,25,2025-11-28
1580,구로구 고척동 250-61,,50,2025-11-28
1581,구로구 고척동 241-264,,25,2025-11-28
1582,구로구 고척동 250-67,한전주,25,2025-11-28
1583,구로구 고척동 244-6,벽부형,50,2025-11-28
1584,구로구 고척동 243,한전주,25,2025-11-28
1585,구로구 고척동 250-130,한전주,50,2025-11-28
1586,구로구 고척동 251-24,폴형,25,2025-11-28
1587,구로구 고척동 251-12,폴형,50,2025-11-28
1588,구로구 고척동 251-29,폴형,25,2025-11-28
1589,구로구 고척동 251-24,폴형,25,2025-11-28
1590,구로구 고척동 251-44,한전주,50,2025-11-28
1591,구로구 고척동 251-19,한전주,25,2025-11-28
1592,구로구 구로3동 252,폴형,70,2025-11-28
1593,구로구 구로3동 252-15,한전주,50,2025-11-28
1594,구로구 고척동 253-166,벽부형,70,2025-11-28
1595,구로구 구로3동 252-17,한전주,25,2025-11-28
1596,구로구 구로3동 252-20,벽부형,70,2025-11-28
1597,구로구 궁동 252-30,한전주,70,2025-11-28
1598,구로구 구로3동 252-30,벽부형,35,2025-11-28
1599,구로구 궁동 252-33,한전주,70,2025-11-28
1600,구로구 궁동 252,한전주,70,2025-11-28
1601,구로구 구로3동 252-39,벽부형,70,2025-11-28
1602,구로구 구로동 252-41,벽부형,70,2025-11-28
1603,구로구 궁동 252-46,한전주,50,2025-11-28
1604,구로구 궁동 252-51,폴형,50,2025-11-28
1605,구로구 구로3동 252-54,벽부형,50,2025-11-28
1606,구로구 고척동 251-14,한전주,70,2025-11-28
1607,구로구 고척동 252-32,폴형,25,2025-11-28
1608,구로구 구로3동 252-7,한전주,70,2025-11-28
1609,구로구 구로3동 252-70,벽부형,50,2025-11-28
1610,구로구 구로3동 252-73,한전주,25,2025-11-28
1611,구로구 궁동 252-75,한전주,50,2025-11-28
1612,구로구 구로3동 252-77,한전주,50,2025-11-28
1613,구로구 구로3동 252-85,벽부형,70,2025-11-28
1614,구로구 구로3동 252-72,벽부형,70,2025-11-28
1615,구로구 고척동 253-78,벽부형,25,2025-11-28
1616,구로구 고척동 253-117,한전주,25,2025-11-28
1617,구로구 고척동 253-117,폴형,25,2025-11-28
1618,구로구 고척동 261-5,한전주,25,2025-11-28
1619,구로구 고척동 253-127,한전주,50,2025-11-28
1620,구로구 고척동 253-132,폴형,25,2025-11-28
1621,구로구 고척동 253-133,폴형,50,2025-11-28
1622,구로구 고척동 253-234,한전주,25,2025-11-28
1623,구로구 고척동 253-203,한전주,50,2025-11-28
1624,구로구 고척동 253-212,한전주,25,2025-11-28
1625,구로구 고척동 253-214,한전주,25,2025-11-28
1626,구로구 고척동 253-216,폴형,50,2025-11-28
1627,구로구 고척동 253-221,벽부형,25,2025-11-28
1628,구로구 고척동 253-234,한전주,25,2025-11-28
1629,구로구 고척동 253-319,통신주,25,2025-11-28
1630,구로구 고척동 253-240,,25,2025-11-28
1631,구로구 고척동 253-129,한전주,50,2025-11-28
1632,구로구 고척동 239,한전주,50,2025-11-28
1633,구로구 고척동 253-266,한전주,25,2025-11-28
1634,구로구 고척동 253-266,한전주,50,2025-11-28
1635,구로구 고척동 253-266,한전주,50,2025-11-28
1636,구로구 고척동 253-268,벽부형,100,2025-11-28
1637,구로구 고척동 253-271,,50,2025-11-28
1638,구로구 고척동 253-295,한전주,25,2025-11-28
1639,구로구 고척동 253-295,한전주,25,2025-11-28
1640,구로구 고척동 산9-14,한전주,50,2025-11-28
1641,구로구 고척동 253-305,폴형,20,2025-11-28
1642,구로구 고척동 253-295,한전주,50,2025-11-28
1643,구로구 고척동 253-315,폴형,70,2025-11-28
1644,구로구 고척동 253-302,폴형,50,2025-11-28
1645,구로구 고척동 253-34,폴형,50,2025-11-28
1646,구로구 고척동 253-35,,25,2025-11-28
1647,구로구 고척동 253-57,한전주,50,2025-11-28
1648,구로구 고척동 253-74,폴형,25,2025-11-28
1649,구로구 고척동 253-76,폴형,25,2025-11-28
1650,구로구 고척동 253-117,폴형,25,2025-11-28
1651,구로구 고척동 253-117,폴형,25,2025-11-28
1652,구로구 고척동 253-117,폴형,25,2025-11-28
1653,구로구 고척동 253-117,한전주,25,2025-11-28
1654,구로구 고척동 253-117,벽부형,25,2025-11-28
1655,구로구 고척동 253-97,한전주,25,2025-11-28
1656,구로구 고척동 239,한전주,30,2025-11-28
1657,구로구 고척동 239,벽부형,25,2025-11-28
1658,구로구 고척동 256-40,폴형,25,2025-11-28
1659,구로구 개봉동 371-9,한전주,25,2025-11-28
1660,구로구 개봉동 266,한전주,50,2025-11-28
1661,구로구 개봉동 258-31,폴형,25,2025-11-28
1662,구로구 개봉동 259-20,한전주,25,2025-11-28
1663,구로구 개봉동 259-6,한전주,25,2025-11-28
1664,구로구 개봉동 259-3,한전주,25,2025-11-28
1665,구로구 개봉동 259-35,한전주,25,2025-11-28
1666,구로구 가리봉동 26-13,폴형,25,2025-11-28
1667,구로구 가리봉동 26-19,한전주,25,2025-11-28
1668,구로구 구로5동 26-2,한전주,50,2025-11-28
1669,구로구 가리봉동 26-23,폴형,20,2025-11-28
1670,구로구 가리봉동 26-29,벽부형,70,2025-11-28
1671,구로구 개봉동 27-4,한전주,50,2025-11-28
1672,구로구 가리봉동 26-33,벽부형,25,2025-11-28
1673,구로구 가리봉동 26-37,한전주,25,2025-11-28
1674,구로구 가리봉동 26-7,한전주,25,2025-11-28
1675,구로구 가리봉동 26-9,한전주,50,2025-11-28
1676,구로구 개봉동 260-1,한전주,25,2025-11-28
1677,구로구 개봉동 260-13,한전주,25,2025-11-28
1678,구로구 고척동 291-1,한전주,50,2025-11-28
1679,구로구 고척동 260-30,벽부형,100,2025-11-28
1680,구로구 고척동 260-2,폴형,25,2025-11-28
1681,구로구 개봉동 260-27,한전주,25,2025-11-28
1682,구로구 고척동 산9-14,폴형,70,2025-11-28
1683,구로구 고척동 261-17,한전주,25,2025-11-28
1684,구로구 고척동 261-2,한전주,40,2025-11-28
1685,구로구 고척동 261-3,폴형,50,2025-11-28
1686,구로구 고척동 261-30,한전주,25,2025-11-28
1687,구로구 고척동 261-84,한전주,25,2025-11-28
1688,구로구 고척동 261-59,한전주,50,2025-11-28
1689,구로구 고척동 262-10,통신주,25,2025-11-28
1690,구로구 고척동 262-11,한전주,35,2025-11-28
1691,구로구 궁동 262-2,,30,2025-11-28
1692,구로구 개봉동 262-2,한전주,25,2025-11-28
1693,구로구 개봉동 371-9,폴형,50,2025-11-28
1694,구로구 개봉동 262-24,한전주,25,2025-11-28
1695,구로구 개봉동 266,한전주,50,2025-11-28
1696,구로구 개봉동 262-3,한전주,25,2025-11-28
1697,구로구 개봉동 371-9,한전주,30,2025-11-28
1698,구로구 고척동 263-8,,,2025-11-28
1699,구로구 개봉동 371-6,한전주,70,2025-11-28
1700,구로구 고척동 263-15,폴형,20,2025-11-28
1701,구로구 개봉동 263-13,벽부형,25,2025-11-28
1702,구로구 개봉동 263-1,한전주,50,2025-11-28
1703,구로구 고척동 264-21,통신주,25,2025-11-28
1704,구로구 개봉동 403-155,한전주,50,2025-11-28
1705,구로구 고척동 253-280,한전주,50,2025-11-28
1706,구로구 고척동 263-4,한전주,25,2025-11-28
1707,구로구 고척동 263-5,폴형,25,2025-11-28
1708,구로구 고척동 263-7,,25,2025-11-28
1709,구로구 고척동 263-8,벽부형,25,2025-11-28
1710,구로구 개봉동 264-24,한전주,50,2025-11-28
1711,구로구 개봉동 264-13,한전주,50,2025-11-28
1712,구로구 개봉동 264-16,한전주,50,2025-11-28
1713,구로구 고척동 264-2,벽부형,50,2025-11-28
1714,구로구 개봉동 371-9,한전주,25,2025-11-28
1715,구로구 개봉동 264-31,한전주,50,2025-11-28
1716,구로구 고척동 264-8,폴형,20,2025-11-28
1717,구로구 개봉동 371-6,한전주,70,2025-11-28
1718,구로구 개봉동 265-1,한전주,30,2025-11-28
1719,구로구 개봉동 265-20,한전주,50,2025-11-28
1720,구로구 개봉동 265-20,한전주,50,2025-11-28
1721,구로구 개봉동 265-2,한전주,25,2025-11-28
1722,구로구 개봉동 265-4,폴형,50,2025-11-28
1723,구로구 개봉동 265-5,한전주,50,2025-11-28
1724,구로구 개봉동 371-6,한전주,25,2025-11-28
1725,구로구 개봉동 265-5,한전주,25,2025-11-28
1726,구로구 개봉동 371-9,한전주,25,2025-11-28
1727,구로구 개봉동 265-5,폴형,50,2025-11-28
1728,구로구 개봉동 265-5,한전주,50,2025-11-28
1729,구로구 궁동 267,폴형,50,2025-11-28
1730,구로구 궁동 267,한전주,50,2025-11-28
1731,구로구 고척동 산9-14,한전주,25,2025-11-28
1732,구로구 고척동 산9-14,한전주,25,2025-11-28
1733,구로구 개봉동 375-13,한전주,70,2025-11-28
1734,구로구 신도림동 269-9,한전주,50,2025-11-28
1735,구로구 신도림동 269-9,한전주,50,2025-11-28
1736,구로구 궁동 252,,,2025-11-28
1737,구로구 가리봉동 27-1,한전주,50,2025-11-28
1738,구로구 구로5동 27-10,벽부형,35,2025-11-28
1739,구로구 오류동 27-19,한전주,25,2025-11-28
1740,구로구 오류동 19-2,한전주,50,2025-11-28
1741,구로구 구로5동 27-2,한전주,70,2025-11-28
1742,구로구 오류동 27-19,한전주,25,2025-11-28
1743,구로구 오류동 27-22,벽부형,25,2025-11-28
1744,구로구 오류동 27-19,한전주,25,2025-11-28
1745,구로구 오류동 27-28,한전주,25,2025-11-28
1746,구로구 개봉동 416-219,벽부형,70,2025-11-28
1747,구로구 오류동 31-92,한전주,50,2025-11-28
1748,구로구 오류동 27-110,폴형,25,2025-11-28
1749,구로구 오류동 27-40,한전주,25,2025-11-28
1750,구로구 구로5동 27-4,한전주,20,2025-11-28
1751,구로구 오류동 27-110,폴형,25,2025-11-28
1752,구로구 오류동 27-83,한전주,25,2025-11-28
1753,구로구 오류동 27-57,폴형,25,2025-11-28
1754,구로구 오류동 27-100,한전주,50,2025-11-28
1755,구로구 오류동 27-91,폴형,25,2025-11-28
1756,구로구 구로5동 27-8,한전주,30,2025-11-28
1757,구로구 오류동 27-80,한전주,50,2025-11-28
1758,구로구 오류동 27-83,한전주,50,2025-11-28
1759,구로구 개봉동 270-12,벽부형,70,2025-11-28
1760,구로구 개봉동 270-1,폴형,70,2025-11-28
1761,구로구 개봉동 270-26,한전주,70,2025-11-28
1762,구로구 개봉동 270-30,벽부형,70,2025-11-28
1763,구로구 개봉동 270-32,벽부형,70,2025-11-28
1764,구로구 개봉동 270-9,벽부형,70,2025-11-28
1765,구로구 개봉동 270-38,벽부형,70,2025-11-28
1766,구로구 개봉동 375-13,한전주,25,2025-11-28
1767,구로구 개봉동 270-40,한전주,70,2025-11-28
1768,구로구 개봉동 270-44,한전주,35,2025-11-28
1769,구로구 개봉동 270-48,벽부형,25,2025-11-28
1770,구로구 개봉동 270-59,한전주,70,2025-11-28
1771,구로구 개봉동 270-59,한전주,70,2025-11-28
1772,구로구 개봉동 270-74,폴형,25,2025-11-28
1773,구로구 개봉동 270-82,폴형,25,2025-11-28
1774,구로구 개봉동 375-13,폴형,25,2025-11-28
1775,구로구 개봉동 375-13,한전주,25,2025-11-28
1776,구로구 오류동 270-8,한전주,35,2025-11-28
1777,구로구 개봉동 270-80,한전주,50,2025-11-28
1778,구로구 개봉동 270-80,한전주,70,2025-11-28
1779,구로구 개봉동 270-80,한전주,70,2025-11-28
1780,구로구 개봉동 270-80,한전주,70,2025-11-28
1781,구로구 개봉동 271-12,벽부형,70,2025-11-28
1782,구로구 고척동 271-110,한전주,50,2025-11-28
1783,구로구 고척동 271-110,한전주,50,2025-11-28
1784,구로구 고척동 271-129,한전주,25,2025-11-28
1785,구로구 고척동 271-129,한전주,50,2025-11-28
1786,구로구 고척동 271-129,한전주,50,2025-11-28
1787,구로구 고척동 271-131,벽부형,25,2025-11-28
1788,구로구 고척동 271-142,폴형,35,2025-11-28
1789,구로구 개봉동 271-17,폴형,70,2025-11-28
1790,구로구 개봉동 271-17,폴형,50,2025-11-28
1791,구로구 고척동 271-173,한전주,35,2025-11-28
1792,구로구 고척동 271-179,한전주,50,2025-11-28
1793,구로구 개봉동 271-12,폴형,70,2025-11-28
1794,구로구 개봉동 271-12,폴형,70,2025-11-28
1795,구로구 개봉동 271-23,한전주,70,2025-11-28
1796,구로구 개봉동 271-24,한전주,70,2025-11-28
1797,구로구 개봉동 270-59,한전주,50,2025-11-28
1798,구로구 개봉동 271-27,폴형,25,2025-11-28
1799,구로구 개봉동 271-28,한전주,70,2025-11-28
1800,구로구 개봉동 271-32,벽부형,50,2025-11-28
1801,구로구 개봉동 271-12,한전주,70,2025-11-28
1802,구로구 고척동 271-104,한전주,70,2025-11-28
1803,구로구 개봉동 271-38,한전주,70,2025-11-28
1804,구로구 개봉동 271-4,폴형,30,2025-11-28
1805,구로구 개봉동 271-12,한전주,25,2025-11-28
1806,구로구 고척동 315,한전주,70,2025-11-28
1807,구로구 고척동 271-68,폴형,70,2025-11-28
1808,구로구 개봉동 271-44,한전주,70,2025-11-28
1809,구로구 고척동 271-68,벽부형,70,2025-11-28
1810,구로구 고척동 271-75,폴형,25,2025-11-28
1811,구로구 고척동 315,한전주,25,2025-11-28
1812,구로구 신도림동 271-8,,50,2025-11-28
1813,구로구 고척동 271-82,폴형,70,2025-11-28
1814,구로구 고척동 315,한전주,25,2025-11-28
1815,구로구 고척동 271-6,한전주,50,2025-11-28
1816,구로구 개봉동 272-1,한전주,40,2025-11-28
1817,구로구 개봉동 272-11,한전주,70,2025-11-28
1818,구로구 개봉동 273,한전주,70,2025-11-28
1819,구로구 개봉동 273-15,폴형,70,2025-11-28
1820,구로구 개봉동 273-15,폴형,70,2025-11-28
1821,구로구 고척동 273-16,한전주,35,2025-11-28
1822,구로구 개봉동 273-16,벽부형,50,2025-11-28
1823,구로구 고척동 273-15,벽부형,35,2025-11-28
1824,구로구 고척동 273-28,벽부형,70,2025-11-28
1825,구로구 고척동 273-38,한전주,50,2025-11-28
1826,구로구 개봉동 273-4,한전주,70,2025-11-28
1827,구로구 고척동 273-77,한전주,50,2025-11-28
1828,구로구 고척동 273-48,폴형,70,2025-11-28
1829,구로구 고척동 273-54,벽부형,50,2025-11-28
1830,구로구 고척동 273-77,한전주,50,2025-11-28
1831,구로구 고척동 273-9,폴형,50,2025-11-28
1832,구로구 개봉동 273,한전주,70,2025-11-28
1833,구로구 고척동 274-12,한전주,25,2025-11-28
1834,구로구 고척동 274-15,한전주,25,2025-11-28
1835,구로구 개봉동 274-17,한전주,25,2025-11-28
1836,구로구 개봉동 273-16,폴형,70,2025-11-28
1837,구로구 고척동 274-12,한전주,25,2025-11-28
1838,구로구 개봉동 273-16,폴형,25,2025-11-28
1839,구로구 개봉동 273-16,폴형,70,2025-11-28
1840,구로구 개봉동 273-16,폴형,70,2025-11-28
1841,구로구 개봉동 273-16,폴형,40,2025-11-28
1842,구로구 개봉동 273-16,폴형,40,2025-11-28
1843,구로구 개봉동 273-15,한전주,70,2025-11-28
1844,구로구 개봉동 425-4,폴형,70,2025-11-28
1845,구로구 신도림동 276-1,한전주,70,2025-11-28
1846,구로구 신도림동 276-1,한전주,70,2025-11-28
1847,구로구 신도림동 276-10,한전주,50,2025-11-28
1848,구로구 개봉동 371-6,한전주,50,2025-11-28
1849,구로구 신도림동 276-29,한전주,50,2025-11-28
1850,구로구 개봉동 277-15,한전주,50,2025-11-28
1851,구로구 개봉동 276-22,한전주,25,2025-11-28
1852,구로구 신도림동 276-4,한전주,70,2025-11-28
1853,구로구 신도림동 276-4,한전주,50,2025-11-28
1854,구로구 신도림동 276-46,한전주,50,2025-11-28
1855,구로구 개봉동 371-6,한전주,50,2025-11-28
1856,구로구 신도림동 276-48,한전주,70,2025-11-28
1857,구로구 신도림동 276-5,폴형,50,2025-11-28
1858,구로구 신도림동 276-5,폴형,50,2025-11-28
1859,구로구 신도림동 276-5,한전주,70,2025-11-28
1860,구로구 신도림동 276-59,한전주,50,2025-11-28
1861,구로구 신도림동 276-6,폴형,50,2025-11-28
1862,구로구 신도림동 276-6,폴형,50,2025-11-28
1863,구로구 신도림동 276-60,한전주,50,2025-11-28
1864,구로구 개봉동 371-6,한전주,50,2025-11-28
1865,구로구 오류동 275-2,한전주,50,2025-11-28
1866,구로구 개봉동 266,폴형,50,2025-11-28
1867,구로구 개봉동 277-15,한전주,50,2025-11-28
1868,구로구 개봉동 277-17,한전주,50,2025-11-28
1869,구로구 개봉동 277-9,한전주,70,2025-11-28
1870,구로구 개봉동 278-1,한전주,30,2025-11-28
1871,구로구 개봉동 371-6,한전주,25,2025-11-28
1872,구로구 개봉동 371-6,한전주,50,2025-11-28
1873,구로구 개봉동 266,폴형,50,2025-11-28
1874,구로구 개봉동 371-6,한전주,50,2025-11-28
1875,구로구 개봉동 278-21,한전주,25,2025-11-28
1876,구로구 개봉동 278-8,한전주,50,2025-11-28
1877,구로구 개봉동 266,한전주,50,2025-11-28
1878,구로구 개봉동 371-6,한전주,50,2025-11-28
1879,구로구 개봉동 278-7,한전주,50,2025-11-28
1880,구로구 개봉동 371-6,폴형,25,2025-11-28
1881,구로구 궁동 289,한전주,50,2025-11-28
1882,구로구 개봉동 279-13,벽부형,70,2025-11-28
1883,구로구 개봉동 279-19,한전주,70,2025-11-28
1884,구로구 개봉동 371-6,한전주,50,2025-11-28
1885,구로구 개봉동 279-26,한전주,30,2025-11-28
1886,구로구 개봉동 279-34,한전주,25,2025-11-28
1887,구로구 개봉동 288-1,한전주,25,2025-11-28
1888,구로구 궁동 279-5,한전주,50,2025-11-28
1889,구로구 신도림동 279-4,벽부형,25,2025-11-28
1890,구로구 신도림동 279-4,벽부형,25,2025-11-28
1891,구로구 신도림동 279-5,한전주,50,2025-11-28
1892,구로구 궁동 289,한전주,50,2025-11-28
1893,구로구 궁동 289,한전주,50,2025-11-28
1894,구로구 궁동 279-8,한전주,50,2025-11-28
1895,구로구 신도림동 279-9,벽부형,70,2025-11-28
1896,구로구 구로5동 28,한전주,25,2025-11-28
1897,구로구 구로5동 28-10,한전주,50,2025-11-28
1898,구로구 구로5동 28-10,한전주,50,2025-11-28
1899,구로구 구로5동 28-15,한전주,25,2025-11-28
1900,구로구 구로5동 28-18,벽부형,25,2025-11-28
1901,구로구 구로5동 28-22,한전주,50,2025-11-28
1902,구로구 구로5동 28-22,한전주,25,2025-11-28
1903,구로구 구로5동 28-25,한전주,25,2025-11-28
1904,구로구 구로5동 28-3,벽부형,25,2025-11-28
1905,구로구 오류동 28-5,한전주,70,2025-11-28
1906,구로구 신도림동 280-13,벽부형,25,2025-11-28
1907,구로구 신도림동 280-19,한전주,50,2025-11-28
1908,구로구 신도림동 280-2,한전주,25,2025-11-28
1909,구로구 개봉동 494,폴형,50,2025-11-28
1910,구로구 신도림동 280-25,한전주,50,2025-11-28
1911,구로구 개봉동 280-38,한전주,50,2025-11-28
1912,구로구 신도림동 280-28,한전주,50,2025-11-28
1913,구로구 궁동 157,폴형,50,2025-11-28
1914,구로구 개봉동 280-1,한전주,25,2025-11-28
1915,구로구 궁동 289,한전주,50,2025-11-28
1916,구로구 궁동 280-9,한전주,50,2025-11-28
1917,구로구 신도림동 281-100,한전주,50,2025-11-28
1918,구로구 신도림동 281-100,한전주,50,2025-11-28
1919,구로구 신도림동 281-120,한전주,70,2025-11-28
1920,구로구 신도림동 281-120,한전주,25,2025-11-28
1921,구로구 신도림동 281-182,벽부형,70,2025-11-28
1922,구로구 신도림동 281-125,한전주,50,2025-11-28
1923,구로구 신도림동 281-139,벽부형,25,2025-11-28
1924,구로구 신도림동 281-29,한전주,50,2025-11-28
1925,구로구 신도림동 281-39,한전주,25,2025-11-28
1926,구로구 신도림동 281-39,한전주,25,2025-11-28
1927,구로구 신도림동 281-69,한전주,25,2025-11-28
1928,구로구 신도림동 281-69,한전주,50,2025-11-28
1929,구로구 신도림동 281-70,,25,2025-11-28
1930,구로구 신도림동 281-71,한전주,25,2025-11-28
1931,구로구 신도림동 281-71,벽부형,25,2025-11-28
1932,구로구 신도림동 281-73,한전주,25,2025-11-28
1933,구로구 신도림동 281-74,한전주,50,2025-11-28
1934,구로구 신도림동 282-14,한전주,50,2025-11-28
1935,구로구 궁동 282-4,한전주,50,2025-11-28
1936,구로구 신도림동 282-5,한전주,50,2025-11-28
1937,구로구 신도림동 292-81,벽부형,70,2025-11-28
1938,구로구 궁동 289,한전주,25,2025-11-28
1939,구로구 개봉동 421-2,한전주,50,2025-11-28
1940,구로구 개봉동 284-3,한전주,25,2025-11-28
1941,구로구 개봉동 281-10,한전주,70,2025-11-28
1942,구로구 개봉동 284-17,벽부형,70,2025-11-28
1943,구로구 개봉동 284-7,한전주,25,2025-11-28
1944,구로구 개봉동 284-2,벽부형,70,2025-11-28
1945,구로구 개봉동 284-21,폴형,70,2025-11-28
1946,구로구 개봉동 286-4,벽부형,20,2025-11-28
1947,구로구 개봉동 284-8,한전주,70,2025-11-28
1948,구로구 개봉동 284-8,한전주,25,2025-11-28
1949,구로구 신도림동 285-8,한전주,50,2025-11-28
1950,구로구 신도림동 285-8,한전주,50,2025-11-28
1951,구로구 개봉동 286-2,벽부형,70,2025-11-28
1952,구로구 신도림동 286-2,한전주,50,2025-11-28
1953,구로구 신도림동 286-22,한전주,50,2025-11-28
1954,구로구 신도림동 286-22,한전주,50,2025-11-28
1955,구로구 개봉동 287-25,한전주,70,2025-11-28
1956,구로구 신도림동 286-6,한전주,50,2025-11-28
1957,구로구 신도림동 286-7,한전주,50,2025-11-28
1958,구로구 개봉동 287-19,한전주,70,2025-11-28
1959,구로구 개봉동 287-17,폴형,70,2025-11-28
1960,구로구 신도림동 287-9,한전주,70,2025-11-28
1961,구로구 신도림동 287-9,한전주,50,2025-11-28
1962,구로구 개봉동 288-12,벽부형,20,2025-11-28
1963,구로구 개봉동 288-11,벽부형,70,2025-11-28
1964,구로구 개봉동 288-14,한전주,70,2025-11-28
1965,구로구 개봉동 288-12,한전주,50,2025-11-28
1966,구로구 개봉동 288-19,벽부형,25,2025-11-28
1967,구로구 개봉동 371-6,한전주,50,2025-11-28
1968,구로구 개봉동 371-6,한전주,25,2025-11-28
1969,구로구 개봉동 371-6,폴형,25,2025-11-28
1970,구로구 개봉동 371-6,한전주,50,2025-11-28
1971,구로구 개봉동 288-26,벽부형,20,2025-11-28
1972,구로구 개봉동 494,한전주,50,2025-11-28
1973,구로구 개봉동 371-6,한전주,50,2025-11-28
1974,구로구 개봉동 288-7,벽부형,20,2025-11-28
1975,구로구 개봉동 403-98,한전주,25,2025-11-28
1976,구로구 개봉동 289-19,폴형,50,2025-11-28
1977,구로구 개봉동 289-19,벽부형,25,2025-11-28
1978,구로구 개봉동 403-167,한전주,50,2025-11-28
1979,구로구 개봉동 371-6,한전주,70,2025-11-28
1980,구로구 개봉동 289-3,벽부형,70,2025-11-28
1981,구로구 구로5동 29-10,벽부형,25,2025-11-28
1982,구로구 구로5동 29-11,벽부형,25,2025-11-28
1983,구로구 구로5동 29-16,폴형,25,2025-11-28
1984,구로구 구로5동 29-17,한전주,25,2025-11-28
1985,구로구 구로5동 29-21,한전주,50,2025-11-28
1986,구로구 구로5동 29-26,한전주,50,2025-11-28
1987,구로구 신도림동 290,한전주,50,2025-11-28
1988,구로구 신도림동 290,한전주,50,2025-11-28
1989,구로구 신도림동 290,한전주,50,2025-11-28
1990,구로구 신도림동 290,한전주,50,2025-11-28
1991,구로구 신도림동 290,한전주,50,2025-11-28
1992,구로구 신도림동 291-101,벽부형,50,2025-11-28
1993,구로구 신도림동 291-114,벽부형,25,2025-11-28
1994,구로구 신도림동 291-124,한전주,50,2025-11-28
1995,구로구 신도림동 291-128,한전주,25,2025-11-28
1996,구로구 신도림동 291-129,벽부형,50,2025-11-28
1997,구로구 신도림동 291-132,한전주,50,2025-11-28
1998,구로구 신도림동 291-153,한전주,50,2025-11-28
1999,구로구 신도림동 291-154,한전주,50,2025-11-28
2000,구로구 신도림동 291-165,한전주,25,2025-11-28
2001,구로구 신도림동 291-177,벽부형,50,2025-11-28
2002,구로구 신도림동 291-177,한전주,50,2025-11-28
2003,구로구 신도림동 291-178,한전주,50,2025-11-28
2004,구로구 신도림동 291-182,한전주,50,2025-11-28
2005,구로구 신도림동 291-184,한전주,50,2025-11-28
2006,구로구 신도림동 291-23,벽부형,25,2025-11-28
2007,구로구 신도림동 291-56,한전주,50,2025-11-28
2008,구로구 신도림동 291-64,한전주,50,2025-11-28
2009,구로구 신도림동 291-68,한전주,25,2025-11-28
2010,구로구 신도림동 291-78,한전주,50,2025-11-28
2011,구로구 신도림동 291-80,한전주,50,2025-11-28
2012,구로구 신도림동 291-86,한전주,25,2025-11-28
2013,구로구 신도림동 291-96,한전주,50,2025-11-28
2014,구로구 신도림동 292-105,한전주,50,2025-11-28
2015,구로구 신도림동 292-112,한전주,50,2025-11-28
2016,구로구 오류동 310-9,한전주,50,2025-11-28
2017,구로구 신도림동 292-121,벽부형,50,2025-11-28
2018,구로구 신도림동 292-127,한전주,50,2025-11-28
2019,구로구 신도림동 292-133,벽부형,50,2025-11-28
2020,구로구 신도림동 292-153,한전주,50,2025-11-28
2021,구로구 신도림동 292-172,벽부형,20,2025-11-28
2022,구로구 신도림동 292-177,벽부형,50,2025-11-28
2023,구로구 신도림동 292-179,한전주,50,2025-11-28
2024,구로구 신도림동 292-183,한전주,50,2025-11-28
2025,구로구 신도림동 292-185,벽부형,25,2025-11-28
2026,구로구 신도림동 292-190,한전주,50,2025-11-28
2027,구로구 신도림동 292-191,벽부형,25,2025-11-28
2028,구로구 신도림동 292-193,한전주,50,2025-11-28
2029,구로구 신도림동 292-198,한전주,25,2025-11-28
2030,구로구 신도림동 292-199,한전주,50,2025-11-28
2031,구로구 신도림동 292-201,벽부형,35,2025-11-28
2032,구로구 신도림동 292-202,한전주,25,2025-11-28
2033,구로구 신도림동 292-204,벽부형,25,2025-11-28
2034,구로구 신도림동 292-208,한전주,50,2025-11-28
2035,구로구 신도림동 292-209,한전주,50,2025-11-28
2036,구로구 신도림동 292-210,한전주,50,2025-11-28
2037,구로구 신도림동 292-213,벽부형,70,2025-11-28
2038,구로구 신도림동 292-213,벽부형,70,2025-11-28
2039,구로구 신도림동 292-213,벽부형,50,2025-11-28
2040,구로구 신도림동 292-214,벽부형,40,2025-11-28
2041,구로구 신도림동 292-214,벽부형,50,2025-11-28
2042,구로구 신도림동 292-216,한전주,50,2025-11-28
2043,구로구 신도림동 292-216,한전주,50,2025-11-28
2044,구로구 신도림동 292-218,벽부형,50,2025-11-28
2045,구로구 신도림동 292-22,폴형,50,2025-11-28
2046,구로구 신도림동 292-221,한전주,50,2025-11-28
2047,구로구 신도림동 292-221,벽부형,50,2025-11-28
2048,구로구 신도림동 292-221,한전주,50,2025-11-28
2049,구로구 신도림동 292-221,벽부형,70,2025-11-28
2050,구로구 신도림동 292-221,한전주,100,2025-11-28
2051,구로구 신도림동 292-221,벽부형,70,2025-11-28
2052,구로구 신도림동 292-221,한전주,25,2025-11-28
2053,구로구 신도림동 292-230,벽부형,,2025-11-28
2054,구로구 신도림동 292-250,한전주,50,2025-11-28
2055,구로구 신도림동 292-3,한전주,50,2025-11-28
2056,구로구 신도림동 292-44,한전주,50,2025-11-28
2057,구로구 신도림동 292-45,한전주,25,2025-11-28
2058,구로구 신도림동 292-47,한전주,25,2025-11-28
2059,구로구 신도림동 292-53,한전주,25,2025-11-28
2060,구로구 신도림동 292-65,벽부형,50,2025-11-28
2061,구로구 신도림동 292-69,벽부형,25,2025-11-28
2062,구로구 신도림동 292-70,벽부형,25,2025-11-28
2063,구로구 신도림동 292-74,벽부형,50,2025-11-28
2064,구로구 오류동 292-8,,25,2025-11-28
2065,구로구 신도림동 292-80,한전주,50,2025-11-28
2066,구로구 신도림동 292-9,한전주,50,2025-11-28
2067,구로구 신도림동 292-99,한전주,50,2025-11-28
2068,구로구 신도림동 293-101,벽부형,20,2025-11-28
2069,구로구 신도림동 293-104,한전주,25,2025-11-28
2070,구로구 신도림동 293-108,한전주,25,2025-11-28
2071,구로구 신도림동 293-110,한전주,50,2025-11-28
2072,구로구 신도림동 293-114,벽부형,70,2025-11-28
2073,구로구 신도림동 293-124,한전주,50,2025-11-28
2074,구로구 신도림동 293-130,벽부형,50,2025-11-28
2075,구로구 신도림동 293-132,한전주,50,2025-11-28
2076,구로구 신도림동 293-134,벽부형,50,2025-11-28
2077,구로구 신도림동 293-138,한전주,50,2025-11-28
2078,구로구 신도림동 293-144,한전주,50,2025-11-28
2079,구로구 신도림동 293-144,한전주,50,2025-11-28
2080,구로구 신도림동 293-152,벽부형,50,2025-11-28
2081,구로구 신도림동 293-18,한전주,50,2025-11-28
2082,구로구 신도림동 293-182,한전주,25,2025-11-28
2083,구로구 신도림동 293-2,벽부형,35,2025-11-28
2084,구로구 신도림동 293-22,한전주,50,2025-11-28
2085,구로구 신도림동 293-28,벽부형,25,2025-11-28
2086,구로구 신도림동 293-28,벽부형,25,2025-11-28
2087,구로구 신도림동 293-29,벽부형,50,2025-11-28
2088,구로구 신도림동 293-3,한전주,50,2025-11-28
2089,구로구 신도림동 293-3,,50,2025-11-28
2090,구로구 신도림동 293-31,한전주,25,2025-11-28
2091,구로구 신도림동 293-33,한전주,50,2025-11-28
2092,구로구 신도림동 293-36,폴형,50,2025-11-28
2093,구로구 신도림동 293-52,벽부형,40,2025-11-28
2094,구로구 신도림동 293-54,한전주,25,2025-11-28
2095,구로구 신도림동 293-56,한전주,20,2025-11-28
2096,구로구 신도림동 293-59,벽부형,25,2025-11-28
2097,구로구 신도림동 293-64,한전주,25,2025-11-28
2098,구로구 신도림동 293-72,한전주,25,2025-11-28
2099,구로구 신도림동 293-72,벽부형,25,2025-11-28
2100,구로구 신도림동 293-75,한전주,25,2025-11-28
2101,구로구 신도림동 293-77,벽부형,25,2025-11-28
2102,구로구 신도림동 293-90,한전주,50,2025-11-28
2103,구로구 신도림동 293-93,한전주,50,2025-11-28
2104,구로구 신도림동 293-94,벽부형,25,2025-11-28
2105,구로구 신도림동 293-95,벽부형,25,2025-11-28
2106,구로구 신도림동 294-1,한전주,50,2025-11-28
2107,구로구 신도림동 294-13,벽부형,25,2025-11-28
2108,구로구 신도림동 294-20,한전주,25,2025-11-28
2109,구로구 신도림동 294-24,한전주,25,2025-11-28
2110,구로구 신도림동 294-4,벽부형,70,2025-11-28
2111,구로구 신도림동 294-4,벽부형,50,2025-11-28
2112,구로구 신도림동 294-8,벽부형,35,2025-11-28
2113,구로구 개봉동 산58-2,한전주,25,2025-11-28
2114,구로구 신도림동 295-5,한전주,50,2025-11-28
2115,구로구 신도림동 295-6,벽부형,25,2025-11-28
2116,구로구 신도림동 295-7,벽부형,25,2025-11-28
2117,구로구 신도림동 295-9,한전주,25,2025-11-28
2118,구로구 신도림동 296-103,한전주,70,2025-11-28
2119,구로구 신도림동 296-103,한전주,40,2025-11-28
2120,구로구 신도림동 296-104,한전주,70,2025-11-28
2121,구로구 신도림동 296-107,한전주,50,2025-11-28
2122,구로구 신도림동 296-107,한전주,70,2025-11-28
2123,구로구 신도림동 296-15,한전주,50,2025-11-28
2124,구로구 신도림동 296-23,벽부형,35,2025-11-28
2125,구로구 신도림동 296-28,한전주,50,2025-11-28
2126,구로구 신도림동 296-32,벽부형,70,2025-11-28
2127,구로구 개봉동 295-3,한전주,25,2025-11-28
2128,구로구 신도림동 296-8,한전주,70,2025-11-28
2129,구로구 신도림동 296-83,한전주,70,2025-11-28
2130,구로구 신도림동 296-83,폴형,70,2025-11-28
2131,구로구 신도림동 296-88,한전주,25,2025-11-28
2132,구로구 신도림동 296-96,한전주,25,2025-11-28
2133,구로구 개봉동 297-13,한전주,70,2025-11-28
2134,구로구 개봉동 297-3,한전주,25,2025-11-28
2135,구로구 개봉동 298-75,한전주,70,2025-11-28
2136,구로구 개봉동 298-3,한전주,70,2025-11-28
2137,구로구 신도림동 298-19,한전주,70,2025-11-28
2138,구로구 개봉동 298-34,한전주,70,2025-11-28
2139,구로구 개봉동 298-3,한전주,50,2025-11-28
2140,구로구 개봉동 298-44,한전주,70,2025-11-28
2141,구로구 개봉동 298-31,벽부형,70,2025-11-28
2142,구로구 개봉동 298-31,한전주,70,2025-11-28
2143,구로구 신도림동 298-35,한전주,70,2025-11-28
2144,구로구 신도림동 298-51,한전주,70,2025-11-28
2145,구로구 신도림동 298-56,한전주,50,2025-11-28
2146,구로구 신도림동 298-67,한전주,50,2025-11-28
2147,구로구 신도림동 299-1,한전주,50,2025-11-28
2148,구로구 신도림동 299-1,폴형,70,2025-11-28
2149,구로구 오류동 313-50,벽부형,20,2025-11-28
2150,구로구 구로5동 3-29,한전주,25,2025-11-28
2151,구로구 오류동 3-38,한전주,70,2025-11-28
2152,구로구 구로5동 3-64,한전주,50,2025-11-28
2153,구로구 구로5동 30-13,한전주,50,2025-11-28
2154,구로구 구로5동 30-13,한전주,70,2025-11-28
2155,구로구 구로5동 30-15,한전주,25,2025-11-28
2156,구로구 구로5동 30-17,한전주,70,2025-11-28
2157,구로구 구로5동 30-2,벽부형,50,2025-11-28
2158,구로구 구로5동 30-21,한전주,25,2025-11-28
2159,구로구 가리봉동 30-24,벽부형,50,2025-11-28
2160,구로구 구로5동 30-24,벽부형,70,2025-11-28
2161,구로구 오류동 30-5,한전주,50,2025-11-28
2162,구로구 구로5동 30-6,벽부형,50,2025-11-28
2163,구로구 오류동 30-9,한전주,25,2025-11-28
2164,구로구 신도림동 300-3,한전주,50,2025-11-28
2165,구로구 신도림동 301,폴형,50,2025-11-28
2166,구로구 신도림동 301,한전주,50,2025-11-28
2167,구로구 신도림동 301,한전주,50,2025-11-28
2168,구로구 신도림동 301,한전주,50,2025-11-28
2169,구로구 신도림동 302-1,한전주,50,2025-11-28
2170,구로구 개봉동 375-2,한전주,50,2025-11-28
2171,구로구 신도림동 302-4,한전주,50,2025-11-28
2172,구로구 개봉동 302-4,한전주,50,2025-11-28
2173,구로구 신도림동 302-6,한전주,50,2025-11-28
2174,구로구 개봉동 375-1,한전주,50,2025-11-28
2175,구로구 개봉동 303-14,폴형,25,2025-11-28
2176,구로구 개봉동 303-19,벽부형,25,2025-11-28
2177,구로구 개봉동 303-24,폴형,25,2025-11-28
2178,구로구 개봉동 375-1,폴형,25,2025-11-28
2179,구로구 개봉동 304-9,한전주,50,2025-11-28
2180,구로구 개봉동 304-2,폴형,25,2025-11-28
2181,구로구 개봉동 304-4,벽부형,25,2025-11-28
2182,구로구 개봉동 304-5,한전주,50,2025-11-28
2183,구로구 개봉동 304-8,한전주,50,2025-11-28
2184,구로구 개봉동 305-10,한전주,50,2025-11-28
2185,구로구 개봉동 305-4,한전주,50,2025-11-28
2186,구로구 개봉동 375-1,한전주,50,2025-11-28
2187,구로구 개봉동 375-1,한전주,50,2025-11-28
2188,구로구 고척동 307,폴형,70,2025-11-28
2189,구로구 고척동 307,폴형,70,2025-11-28
2190,구로구 고척동 307,폴형,70,2025-11-28
2191,구로구 고척동 307,폴형,70,2025-11-28
2192,구로구 고척동 307,폴형,50,2025-11-28
2193,구로구 고척동 348,한전주,50,2025-11-28
2194,구로구 고척동 156-14,한전주,50,2025-11-28
2195,구로구 개봉동 306-36,벽부형,25,2025-11-28
2196,구로구 개봉동 375-1,한전주,25,2025-11-28
2197,구로구 개봉동 306-25,벽부형,25,2025-11-28
2198,구로구 개봉동 375-1,폴형,25,2025-11-28
2199,구로구 개봉동 306-28,벽부형,25,2025-11-28
2200,구로구 개봉동 375-1,폴형,25,2025-11-28
2201,구로구 신도림동 306-91,폴형,25,2025-11-28
2202,구로구 신도림동 306-91,폴형,25,2025-11-28
2203,구로구 신도림동 389-10,폴형,25,2025-11-28
2204,구로구 신도림동 306-91,한전주,25,2025-11-28
2205,구로구 개봉동 307-35,통신주,25,2025-11-28
2206,구로구 고척동 315,한전주,100,2025-11-28
2207,구로구 오류동 31-11,한전주,50,2025-11-28
2208,구로구 구로5동 31-10,한전주,70,2025-11-28
2209,구로구 오류동 31-1,폴형,50,2025-11-28
2210,구로구 오류동 31-1,한전주,50,2025-11-28
2211,구로구 오류동 31-342,한전주,25,2025-11-28
2212,구로구 오류동 31-61,벽부형,70,2025-11-28
2213,구로구 구로5동 31-11,폴형,70,2025-11-28
2214,구로구 구로동 31-12,한전주,25,2025-11-28
2215,구로구 오류동 31-124,폴형,50,2025-11-28
2216,구로구 오류동 27-83,폴형,25,2025-11-28
2217,구로구 구로5동 31-15,한전주,25,2025-11-28
2218,구로구 오류동 31-7,벽부형,70,2025-11-28
2219,구로구 오류동 31-159,폴형,25,2025-11-28
2220,구로구 오류동 31-298,한전주,25,2025-11-28
2221,구로구 오류동 31-61,벽부형,25,2025-11-28
2222,구로구 오류동 31-304,폴형,25,2025-11-28
2223,구로구 구로5동 31-18,한전주,25,2025-11-28
2224,구로구 오류동 31-189,한전주,50,2025-11-28
2225,구로구 오류동 31-197,벽부형,70,2025-11-28
2226,구로구 구로동 31-2,한전주,70,2025-11-28
2227,구로구 오류동 31-225,한전주,25,2025-11-28
2228,구로구 구로5동 31-23,한전주,70,2025-11-28
2229,구로구 오류동 31-236,한전주,25,2025-11-28
2230,구로구 오류동 31-247,벽부형,25,2025-11-28
2231,구로구 구로5동 31-25,한전주,50,2025-11-28
2232,구로구 구로5동 31-26,한전주,25,2025-11-28
2233,구로구 구로5동 31-26,벽부형,35,2025-11-28
2234,구로구 오류동 31-318,한전주,25,2025-11-28
2235,구로구 오류동 31-297,벽부형,50,2025-11-28
2236,구로구 구로5동 31-31,한전주,70,2025-11-28
2237,구로구 구로5동 31-31,폴형,25,2025-11-28
2238,구로구 오류동 31-300,폴형,50,2025-11-28
2239,구로구 개봉동 70-68,한전주,25,2025-11-28
2240,구로구 오류동 31-4,한전주,25,2025-11-28
2241,구로구 오류동 31-131,한전주,25,2025-11-28
2242,구로구 오류동 31-81,벽부형,25,2025-11-28
2243,구로구 오류동 31-144,벽부형,25,2025-11-28
2244,구로구 오류동 31-180,한전주,25,2025-11-28
2245,구로구 오류동 31-167,벽부형,25,2025-11-28
2246,구로구 오류동 31-271,폴형,25,2025-11-28
2247,구로구 오류동 31-1,한전주,50,2025-11-28
2248,구로구 고척동 310,한전주,70,2025-11-28
2249,구로구 고척동 310-3,한전주,50,2025-11-28
2250,구로구 고척동 315,폴형,25,2025-11-28
2251,구로구 고척동 311-1,한전주,50,2025-11-28
2252,구로구 신도림동 311-1,폴형,25,2025-11-28
2253,구로구 신도림동 311-1,폴형,25,2025-11-28
2254,구로구 신도림동 311-1,폴형,25,2025-11-28
2255,구로구 고척동 311-14,한전주,25,2025-11-28
2256,구로구 고척동 312,한전주,50,2025-11-28
2257,구로구 고척동 315,한전주,50,2025-11-28
2258,구로구 고척동 315,벽부형,70,2025-11-28
2259,구로구 신도림동 312-17,폴형,25,2025-11-28
2260,구로구 신도림동 312-17,폴형,25,2025-11-28
2261,구로구 신도림동 312-17,폴형,25,2025-11-28
2262,구로구 개봉동 312-50,한전주,50,2025-11-28
2263,구로구 개봉동 312-61,,70,2025-11-28
2264,구로구 고척동 313-1,한전주,25,2025-11-28
2265,구로구 고척동 313-11,벽부형,35,2025-11-28
2266,구로구 개봉동 314-10,한전주,50,2025-11-28
2267,구로구 구로동 313-38,폴형,50,2025-11-28
2268,구로구 구로4동 313-73,벽부형,100,2025-11-28
2269,구로구 고척동 313-8,한전주,20,2025-11-28
2270,구로구 구로4동 313-80,벽부형,70,2025-11-28
2271,구로구 구로4동 313-82,한전주,70,2025-11-28
2272,구로구 구로4동 313-93,한전주,70,2025-11-28
2273,구로구 구로4동 314-1,폴형,70,2025-11-28
2274,구로구 구로4동 314-1,폴형,70,2025-11-28
2275,구로구 구로4동 314-1,,50,2025-11-28
2276,구로구 구로4동 314-1,한전주,70,2025-11-28
2277,구로구 구로4동 314-1,폴형,70,2025-11-28
2278,구로구 구로4동 314-3,폴형,70,2025-11-28
2279,구로구 개봉동 314-86,폴형,70,2025-11-28
2280,구로구 오류동 11-14,한전주,50,2025-11-28
2281,구로구 고척동 316-17,폴형,100,2025-11-28
2282,구로구 고척동 316,폴형,100,2025-11-28
2283,구로구 구로2동 317-107,벽부형,70,2025-11-28
2284,구로구 구로2동 317-109,폴형,20,2025-11-28
2285,구로구 구로2동 317-110,폴형,50,2025-11-28
2286,구로구 구로동 317-122,벽부형,50,2025-11-28
2287,구로구 구로2동 317-140,폴형,30,2025-11-28
2288,구로구 구로2동 317-162,한전주,70,2025-11-28
2289,구로구 구로2동 317-170,벽부형,70,2025-11-28
2290,구로구 구로2동 317-171,한전주,35,2025-11-28
2291,구로구 구로2동 317-172,한전주,25,2025-11-28
2292,구로구 구로2동 317-183,폴형,35,2025-11-28
2293,구로구 구로2동 317-187,폴형,25,2025-11-28
2294,구로구 구로동 317-187,폴형,50,2025-11-28
2295,구로구 구로2동 317-200,폴형,35,2025-11-28
2296,구로구 구로2동 317-201,한전주,50,2025-11-28
2297,구로구 구로2동 317-210,한전주,50,2025-11-28
2298,구로구 구로2동 317-215,벽부형,35,2025-11-28
2299,구로구 구로4동 317-22,벽부형,70,2025-11-28
2300,구로구 구로동 317-240,벽부형,25,2025-11-28
2301,구로구 구로2동 317-30,한전주,50,2025-11-28
2302,구로구 구로2동 317-31,한전주,50,2025-11-28
2303,구로구 구로2동 317-31,한전주,25,2025-11-28
2304,구로구 구로동 317-38,벽부형,25,2025-11-28
2305,구로구 구로2동 317-4,한전주,35,2025-11-28
2306,구로구 구로2동 317-40,한전주,30,2025-11-28
2307,구로구 구로2동 317-5,벽부형,35,2025-11-28
2308,구로구 구로4동 317-53,한전주,70,2025-11-28
2309,구로구 구로4동 317-53,한전주,70,2025-11-28
2310,구로구 구로동 317-55,벽부형,35,2025-11-28
2311,구로구 구로2동 317-56,한전주,35,2025-11-28
2312,구로구 구로2동 317-58,한전주,35,2025-11-28
2313,구로구 구로2동 317-59,폴형,25,2025-11-28
2314,구로구 구로2동 317-28,한전주,50,2025-11-28
2315,구로구 구로2동 317-66,폴형,25,2025-11-28
2316,구로구 구로2동 317-91,벽부형,70,2025-11-28
2317,구로구 구로2동 317-93,한전주,50,2025-11-28
2318,구로구 구로동 317-93,폴형,50,2025-11-28
2319,구로구 개봉동 318-10,폴형,25,2025-11-28
2320,구로구 고척동 315,한전주,70,2025-11-28
2321,구로구 개봉동 318-4,폴형,25,2025-11-28
2322,구로구 개봉동 319-12,한전주,50,2025-11-28
2323,구로구 개봉동 319-14,벽부형,50,2025-11-28
2324,구로구 개봉동 319-16,한전주,50,2025-11-28
2325,구로구 개봉동 319-17,폴형,25,2025-11-28
2326,구로구 개봉동 319-21,한전주,50,2025-11-28
2327,구로구 개봉동 319-9,벽부형,50,2025-11-28
2328,구로구 개봉동 375-12,한전주,50,2025-11-28
2329,구로구 신도림동 320-10,한전주,50,2025-11-28
2330,구로구 개봉동 320-15,한전주,50,2025-11-28
2331,구로구 개봉동 320-18,한전주,50,2025-11-28
2332,구로구 개봉동 320-18,한전주,50,2025-11-28
2333,구로구 개봉동 320-19,한전주,50,2025-11-28
2334,구로구 개봉동 375-12,한전주,50,2025-11-28
2335,구로구 개봉동 375-12,폴형,25,2025-11-28
2336,구로구 개봉동 375-12,한전주,50,2025-11-28
2337,구로구 개봉동 375-1,한전주,50,2025-11-28
2338,구로구 개봉동 375-1,한전주,50,2025-11-28
2339,구로구 개봉동 321-16,한전주,50,2025-11-28
2340,구로구 개봉동 375-12,한전주,50,2025-11-28
2341,구로구 고척동 322,폴형,25,2025-11-28
2342,구로구 고척동 322,한전주,50,2025-11-28
2343,구로구 개봉동 375-12,한전주,50,2025-11-28
2344,구로구 개봉동 375-12,한전주,50,2025-11-28
2345,구로구 개봉동 375-12,벽부형,50,2025-11-28
2346,구로구 개봉동 322-2,폴형,50,2025-11-28
2347,구로구 개봉동 322-7,한전주,50,2025-11-28
2348,구로구 개봉동 322-9,한전주,50,2025-11-28
2349,구로구 고척동 323,통신주,50,2025-11-28
2350,구로구 개봉동 375-2,한전주,50,2025-11-28
2351,구로구 개봉동 375-12,한전주,50,2025-11-28
2352,구로구 개봉동 323-18,한전주,50,2025-11-28
2353,구로구 개봉동 323-26,벽부형,50,2025-11-28
2354,구로구 개봉동 375-1,한전주,50,2025-11-28
2355,구로구 개봉동 375-1,한전주,50,2025-11-28
2356,구로구 개봉동 375-1,한전주,50,2025-11-28
2357,구로구 개봉동 323-37,한전주,50,2025-11-28
2358,구로구 개봉동 375-2,한전주,25,2025-11-28
2359,구로구 개봉동 375-2,한전주,50,2025-11-28
2360,구로구 개봉동 375-2,한전주,50,2025-11-28
2361,구로구 개봉동 375-2,한전주,50,2025-11-28
2362,구로구 개봉동 324-17,한전주,50,2025-11-28
2363,구로구 신도림동 324-4,폴형,70,2025-11-28
2364,구로구 신도림동 324-4,,50,2025-11-28
2365,구로구 개봉동 375-2,한전주,50,2025-11-28
2366,구로구 고척1동 325,한전주,50,2025-11-28
2367,구로구 개봉동 375-1,한전주,50,2025-11-28
2368,구로구 개봉동 325-5,벽부형,50,2025-11-28
2369,구로구 고척동 326,한전주,50,2025-11-28
2370,구로구 고척동 326,폴형,50,2025-11-28
2371,구로구 고척동 326,폴형,50,2025-11-28
2372,구로구 고척동 326,한전주,50,2025-11-28
2373,구로구 개봉동 375-2,한전주,50,2025-11-28
2374,구로구 개봉동 326-13,벽부형,50,2025-11-28
2375,구로구 개봉동 326-19,한전주,50,2025-11-28
2376,구로구 개봉동 326-23,한전주,50,2025-11-28
2377,구로구 개봉동 326-25,벽부형,50,2025-11-28
2378,구로구 개봉동 324-10,벽부형,50,2025-11-28
2379,구로구 개봉동 375-2,한전주,50,2025-11-28
2380,구로구 개봉동 326-8,한전주,50,2025-11-28
2381,구로구 고척동 327,한전주,50,2025-11-28
2382,구로구 고척동 327,한전주,50,2025-11-28
2383,구로구 고척동 327,한전주,50,2025-11-28
2384,구로구 고척동 327,한전주,50,2025-11-28
2385,구로구 고척동 327,한전주,50,2025-11-28
2386,구로구 고척동 327,한전주,50,2025-11-28
2387,구로구 고척동 76-77,한전주,50,2025-11-28
2388,구로구 고척동 327,폴형,50,2025-11-28
2389,구로구 고척동 327,폴형,50,2025-11-28
2390,구로구 고척동 327,폴형,50,2025-11-28
2391,구로구 개봉동 327-1,한전주,50,2025-11-28
2392,구로구 개봉동 375-2,한전주,50,2025-11-28
2393,구로구 개봉동 327-15,벽부형,50,2025-11-28
2394,구로구 개봉동 327-34,벽부형,50,2025-11-28
2395,구로구 개봉동 375-2,한전주,50,2025-11-28
2396,구로구 구로4동 327-23,한전주,70,2025-11-28
2397,구로구 개봉동 375-1,한전주,30,2025-11-28
2398,구로구 구로동 289-7,한전주,50,2025-11-28
2399,구로구 개봉동 327-4,한전주,50,2025-11-28
2400,구로구 구로4동 327-44,한전주,70,2025-11-28
2401,구로구 구로4동 327-44,한전주,20,2025-11-28
2402,구로구 개봉동 327-10,벽부형,25,2025-11-28
2403,구로구 구로동 327-43,벽부형,25,2025-11-28
2404,구로구 구로4동 327-50,벽부형,40,2025-11-28
2405,구로구 구로4동 327-51,벽부형,70,2025-11-28
2406,구로구 구로4동 327-58,한전주,70,2025-11-28
2407,구로구 개봉동 375-1,한전주,50,2025-11-28
2408,구로구 개봉동 403-53,한전주,50,2025-11-28
2409,구로구 개봉동 375-3,한전주,50,2025-11-28
2410,구로구 개봉동 375-3,한전주,50,2025-11-28
2411,구로구 개봉동 375-2,한전주,50,2025-11-28
2412,구로구 개봉동 375-2,한전주,50,2025-11-28
2413,구로구 개봉동 328-23,한전주,50,2025-11-28
2414,구로구 개봉동 329-1,한전주,50,2025-11-28
2415,구로구 개봉동 349-26,벽부형,50,2025-11-28
2416,구로구 구로2동 329-27,한전주,50,2025-11-28
2417,구로구 구로2동 329-27,한전주,50,2025-11-28
2418,구로구 개봉동 329-39,벽부형,50,2025-11-28
2419,구로구 구로2동 329-40,한전주,50,2025-11-28
2420,구로구 구로2동 329-42,한전주,50,2025-11-28
2421,구로구 구로2동 329-45,한전주,50,2025-11-28
2422,구로구 구로2동 329-47,한전주,50,2025-11-28
2423,구로구 구로2동 329-51,,50,2025-11-28
2424,구로구 구로2동 329-100,한전주,25,2025-11-28
2425,구로구 구로2동 329-77,벽부형,50,2025-11-28
2426,구로구 구로2동 329-81,한전주,25,2025-11-28
2427,구로구 구로2동 329-82,한전주,50,2025-11-28
2428,구로구 구로2동 429-71,한전주,50,2025-11-28
2429,구로구 개봉동 375-3,벽부형,50,2025-11-28
2430,구로구 구로2동 329-92,벽부형,25,2025-11-28
2431,구로구 구로2동 317-93,한전주,25,2025-11-28
2432,구로구 구로2동 329-96,벽부형,70,2025-11-28
2433,구로구 구로5동 33,한전주,25,2025-11-28
2434,구로구 구로5동 33,한전주,70,2025-11-28
2435,구로구 구로5동 33-1,한전주,70,2025-11-28
2436,구로구 구로5동 33-10,한전주,50,2025-11-28
2437,구로구 개봉동 33-110,한전주,35,2025-11-28
2438,구로구 개봉동 33-110,한전주,70,2025-11-28
2439,구로구 개봉동 33-110,한전주,50,2025-11-28
2440,구로구 개봉동 33-110,한전주,50,2025-11-28
2441,구로구 개봉동 33-19,폴형,35,2025-11-28
2442,구로구 개봉동 441-38,폴형,70,2025-11-28
2443,구로구 개봉동 97-5,한전주,100,2025-11-28
2444,구로구 개봉동 33-110,한전주,70,2025-11-28
2445,구로구 개봉동 33-110,한전주,70,2025-11-28
2446,구로구 개봉동 34-1,한전주,50,2025-11-28
2447,구로구 개봉동 33-110,한전주,70,2025-11-28
2448,구로구 개봉동 33-110,한전주,70,2025-11-28
2449,구로구 개봉동 33-123,한전주,70,2025-11-28
2450,구로구 개봉동 33-176,한전주,70,2025-11-28
2451,구로구 개봉동 33-19,한전주,70,2025-11-28
2452,구로구 구로5동 33-2,한전주,30,2025-11-28
2453,구로구 개봉동 5-15,한전주,70,2025-11-28
2454,구로구 개봉동 33-110,한전주,35,2025-11-28
2455,구로구 개봉동 33-110,한전주,70,2025-11-28
2456,구로구 개봉동 33-110,한전주,70,2025-11-28
2457,구로구 개봉동 33-110,한전주,50,2025-11-28
2458,구로구 개봉동 33-39,한전주,70,2025-11-28
2459,구로구 개봉동 34-1,한전주,30,2025-11-28
2460,구로구 개봉동 33-110,폴형,50,2025-11-28
2461,구로구 개봉동 33-110,한전주,25,2025-11-28
2462,구로구 개봉동 8-21,한전주,50,2025-11-28
2463,구로구 개봉동 441-25,한전주,100,2025-11-28
2464,구로구 개봉동 33-110,한전주,50,2025-11-28
2465,구로구 구로5동 33-6,한전주,25,2025-11-28
2466,구로구 개봉동 33-110,한전주,30,2025-11-28
2467,구로구 개봉동 33-68,한전주,50,2025-11-28
2468,구로구 개봉동 33-110,한전주,70,2025-11-28
2469,구로구 개봉동 33-110,한전주,50,2025-11-28
2470,구로구 개봉동 33-110,한전주,70,2025-11-28
2471,구로구 개봉동 33-110,한전주,25,2025-11-28
2472,구로구 오류동 334,한전주,25,2025-11-28
2473,구로구 개봉동 33-90,한전주,50,2025-11-28
2474,구로구 개봉동 33-93,벽부형,25,2025-11-28
2475,구로구 개봉동 38-16,한전주,35,2025-11-28
2476,구로구 고척동 333,폴형,70,2025-11-28
2477,구로구 개봉동 375-2,한전주,50,2025-11-28
2478,구로구 개봉동 330-1,한전주,50,2025-11-28
2479,구로구 개봉동 375-3,폴형,25,2025-11-28
2480,구로구 개봉동 375-3,폴형,25,2025-11-28
2481,구로구 개봉동 330-25,폴형,50,2025-11-28
2482,구로구 개봉동 330-15,폴형,50,2025-11-28
2483,구로구 개봉동 375-2,한전주,50,2025-11-28
2484,구로구 개봉동 330-34,벽부형,50,2025-11-28
2485,구로구 개봉동 375-2,한전주,50,2025-11-28
2486,구로구 개봉동 331-1,한전주,50,2025-11-28
2487,구로구 개봉동 375-2,한전주,25,2025-11-28
2488,구로구 개봉동 331-2,한전주,50,2025-11-28
2489,구로구 개봉동 375-2,한전주,50,2025-11-28
2490,구로구 개봉동 331-1,한전주,50,2025-11-28
2491,구로구 개봉동 375-2,한전주,50,2025-11-28
2492,구로구 개봉동 331-6,벽부형,50,2025-11-28
2493,구로구 개봉동 375-3,한전주,50,2025-11-28
2494,구로구 개봉동 332-1,한전주,50,2025-11-28
2495,구로구 개봉동 332-1,한전주,50,2025-11-28
2496,구로구 개봉동 375-3,한전주,50,2025-11-28
2497,구로구 개봉동 332-12,폴형,50,2025-11-28
2498,구로구 개봉동 340-8,한전주,50,2025-11-28
2499,구로구 개봉동 375-13,한전주,50,2025-11-28
2500,구로구 개봉동 375-2,한전주,50,2025-11-28
2501,구로구 개봉동 375-3,한전주,80,2025-11-28
2502,구로구 개봉동 375-3,한전주,50,2025-11-28
2503,구로구 개봉동 375-3,한전주,50,2025-11-28
2504,구로구 개봉동 333-10,한전주,50,2025-11-28
2505,구로구 개봉동 333-1,한전주,25,2025-11-28
2506,구로구 개봉동 333-4,한전주,50,2025-11-28
2507,구로구 개봉동 333-8,한전주,50,2025-11-28
2508,구로구 개봉동 375-12,한전주,50,2025-11-28
2509,구로구 개봉동 335-13,한전주,50,2025-11-28
2510,구로구 개봉동 375-12,한전주,50,2025-11-28
2511,구로구 개봉동 375-21,폴형,25,2025-11-28
2512,구로구 개봉동 375-21,폴형,50,2025-11-28
2513,구로구 개봉동 375-21,한전주,50,2025-11-28
2514,구로구 개봉동 336-18,폴형,25,2025-11-28
2515,구로구 개봉동 335-35,한전주,50,2025-11-28
2516,구로구 개봉동 270-80,한전주,50,2025-11-28
2517,구로구 개봉동 375-13,한전주,50,2025-11-28
2518,구로구 고척동 337,폴형,50,2025-11-28
2519,구로구 개봉동 337-10,한전주,50,2025-11-28
2520,구로구 개봉동 337-13,한전주,50,2025-11-28
2521,구로구 개봉동 337-17,한전주,50,2025-11-28
2522,구로구 개봉동 337-18,한전주,50,2025-11-28
2523,구로구 개봉동 338-20,한전주,50,2025-11-28
2524,구로구 개봉동 375-13,한전주,50,2025-11-28
2525,구로구 개봉동 337-7,한전주,50,2025-11-28
2526,구로구 개봉동 375-13,한전주,25,2025-11-28
2527,구로구 개봉동 337-13,한전주,50,2025-11-28
2528,구로구 개봉동 338-20,한전주,50,2025-11-28
2529,구로구 개봉동 337-25,한전주,25,2025-11-28
2530,구로구 개봉동 375-13,한전주,25,2025-11-28
2531,구로구 개봉동 339-11,한전주,50,2025-11-28
2532,구로구 개봉동 339-14,한전주,50,2025-11-28
2533,구로구 개봉동 339-15,폴형,25,2025-11-28
2534,구로구 개봉동 339-18,한전주,50,2025-11-28
2535,구로구 개봉동 339-19,한전주,50,2025-11-28
2536,구로구 개봉동 339-1,폴형,50,2025-11-28
2537,구로구 개봉동 339-20,한전주,50,2025-11-28
2538,구로구 개봉동 339-20,한전주,50,2025-11-28
2539,구로구 구로2동 339-27,한전주,50,2025-11-28
2540,구로구 구로2동 339-27,한전주,25,2025-11-28
2541,구로구 구로2동 339-53,폴형,25,2025-11-28
2542,구로구 구로2동 339-61,한전주,25,2025-11-28
2543,구로구 구로2동 339-66,한전주,50,2025-11-28
2544,구로구 개봉동 340-8,한전주,50,2025-11-28
2545,구로구 구로2동 339-85,한전주,50,2025-11-28
2546,구로구 구로2동 339-89,벽부형,25,2025-11-28
2547,구로구 구로2동 339-90,,50,2025-11-28
2548,구로구 구로2동 339-94,한전주,25,2025-11-28
2549,구로구 오류동 34-1,벽부형,25,2025-11-28
2550,구로구 오류동 34-14,한전주,50,2025-11-28
2551,구로구 개봉동 340-1,한전주,50,2025-11-28
2552,구로구 개봉동 340-9,한전주,50,2025-11-28
2553,구로구 개봉동 375-12,한전주,50,2025-11-28
2554,구로구 개봉동 375-12,한전주,50,2025-11-28
2555,구로구 개봉동 340-12,한전주,25,2025-11-28
2556,구로구 개봉동 340-16,벽부형,50,2025-11-28
2557,구로구 개봉동 375-12,한전주,50,2025-11-28
2558,구로구 개봉동 340-5,폴형,50,2025-11-28
2559,구로구 개봉동 340-8,한전주,50,2025-11-28
2560,구로구 오류동 341-1,폴형,25,2025-11-28
2561,구로구 오류동 341-1,폴형,25,2025-11-28
2562,구로구 오류동 341-1,폴형,25,2025-11-28
2563,구로구 오류동 341-1,폴형,25,2025-11-28
2564,구로구 오류동 341-1,폴형,25,2025-11-28
2565,구로구 오류동 341-1,폴형,25,2025-11-28
2566,구로구 개봉동 375-14,한전주,70,2025-11-28
2567,구로구 개봉동 341-13,한전주,100,2025-11-28
2568,구로구 개봉동 375-14,폴형,70,2025-11-28
2569,구로구 개봉동 341-21,한전주,50,2025-11-28
2570,구로구 개봉동 375-14,폴형,70,2025-11-28
2571,구로구 개봉동 341-8,한전주,25,2025-11-28
2572,구로구 개봉동 375-13,한전주,70,2025-11-28
2573,구로구 개봉동 342-1,한전주,70,2025-11-28
2574,구로구 개봉동 375-25,한전주,50,2025-11-28
2575,구로구 개봉동 375-4,한전주,50,2025-11-28
2576,구로구 개봉동 375-4,폴형,70,2025-11-28
2577,구로구 개봉동 375-4,한전주,30,2025-11-28
2578,구로구 개봉동 342-17,한전주,70,2025-11-28
2579,구로구 개봉동 342-20,한전주,25,2025-11-28
2580,구로구 개봉동 342-40,한전주,25,2025-11-28
2581,구로구 개봉동 342-25,한전주,70,2025-11-28
2582,구로구 개봉동 342-31,한전주,70,2025-11-28
2583,구로구 개봉동 342-31,한전주,70,2025-11-28
2584,구로구 개봉동 375-13,한전주,70,2025-11-28
2585,구로구 개봉동 375-25,폴형,50,2025-11-28
2586,구로구 개봉동 375-4,한전주,70,2025-11-28
2587,구로구 개봉동 343-13,한전주,70,2025-11-28
2588,구로구 개봉동 375-4,한전주,70,2025-11-28
2589,구로구 개봉동 375-3,한전주,70,2025-11-28
2590,구로구 개봉동 343-41,한전주,50,2025-11-28
2591,구로구 개봉동 343-24,폴형,70,2025-11-28
2592,구로구 개봉동 343-28,폴형,50,2025-11-28
2593,구로구 개봉동 375-3,한전주,50,2025-11-28
2594,구로구 개봉동 375-4,한전주,70,2025-11-28
2595,구로구 개봉동 343-14,한전주,25,2025-11-28
2596,구로구 개봉동 343-45,한전주,70,2025-11-28
2597,구로구 개봉동 375-4,폴형,50,2025-11-28
2598,구로구 개봉동 375-4,한전주,70,2025-11-28
2599,구로구 개봉동 375-4,폴형,70,2025-11-28
2600,구로구 개봉동 375-3,한전주,70,2025-11-28
2601,구로구 개봉동 344-2,한전주,70,2025-11-28
2602,구로구 개봉동 344-3,폴형,35,2025-11-28
2603,구로구 개봉동 375-4,한전주,70,2025-11-28
2604,구로구 개봉동 375-3,한전주,70,2025-11-28
2605,구로구 개봉동 344-44,한전주,50,2025-11-28
2606,구로구 개봉동 375-4,한전주,70,2025-11-28
2607,구로구 개봉동 345-1,한전주,50,2025-11-28
2608,구로구 개봉동 345-13,한전주,25,2025-11-28
2609,구로구 개봉동 375-4,한전주,70,2025-11-28
2610,구로구 개봉동 375-3,한전주,70,2025-11-28
2611,구로구 개봉동 375-4,한전주,35,2025-11-28
2612,구로구 개봉동 375-3,한전주,70,2025-11-28
2613,구로구 개봉동 375-4,한전주,70,2025-11-28
2614,구로구 개봉동 375-4,한전주,70,2025-11-28
2615,구로구 개봉동 346-1,한전주,,2025-11-28
2616,구로구 개봉동 346-25,한전주,25,2025-11-28
2617,구로구 개봉동 346-13,한전주,70,2025-11-28
2618,구로구 고척동 347,,50,2025-11-28
2619,구로구 고척동 347,폴형,70,2025-11-28
2620,구로구 고척동 347,한전주,70,2025-11-28
2621,구로구 개봉동 347-12,한전주,25,2025-11-28
2622,구로구 개봉동 347-15,한전주,70,2025-11-28
2623,구로구 개봉동 347-17,벽부형,70,2025-11-28
2624,구로구 개봉동 347-16,벽부형,40,2025-11-28
2625,구로구 개봉동 347-20,한전주,70,2025-11-28
2626,구로구 개봉동 347-2,한전주,70,2025-11-28
2627,구로구 개봉동 375-3,한전주,70,2025-11-28
2628,구로구 개봉동 347-1,한전주,25,2025-11-28
2629,구로구 개봉동 347-4,한전주,70,2025-11-28
2630,구로구 개봉동 348-4,한전주,70,2025-11-28
2631,구로구 개봉동 348-14,한전주,70,2025-11-28
2632,구로구 개봉동 349-14,한전주,70,2025-11-28
2633,구로구 개봉동 349-16,벽부형,20,2025-11-28
2634,구로구 개봉동 375-4,한전주,50,2025-11-28
2635,구로구 개봉동 375-4,벽부형,70,2025-11-28
2636,구로구 개봉동 349-18,폴형,70,2025-11-28
2637,구로구 개봉동 349-20,폴형,70,2025-11-28
2638,구로구 개봉동 349-22,한전주,70,2025-11-28
2639,구로구 개봉동 349-5,한전주,70,2025-11-28
2640,구로구 개봉동 349-4,한전주,70,2025-11-28
2641,구로구 개봉동 35-8,폴형,70,2025-11-28
2642,구로구 개봉동 350-10,한전주,70,2025-11-28
2643,구로구 개봉동 350-11,벽부형,35,2025-11-28
2644,구로구 개봉동 350-13,한전주,70,2025-11-28
2645,구로구 개봉동 350-25,한전주,70,2025-11-28
2646,구로구 개봉동 351-14,한전주,50,2025-11-28
2647,구로구 개봉동 375-4,폴형,35,2025-11-28
2648,구로구 개봉동 375-4,한전주,70,2025-11-28
2649,구로구 개봉동 351-11,한전주,70,2025-11-28
2650,구로구 개봉동 352-10,한전주,70,2025-11-28
2651,구로구 개봉동 352-11,한전주,70,2025-11-28
2652,구로구 개봉동 352-12,한전주,70,2025-11-28
2653,구로구 개봉동 352-14,한전주,70,2025-11-28
2654,구로구 개봉동 375-4,한전주,70,2025-11-28
2655,구로구 개봉동 375-4,한전주,25,2025-11-28
2656,구로구 개봉동 354-17,폴형,70,2025-11-28
2657,구로구 개봉동 375-14,폴형,70,2025-11-28
2658,구로구 개봉동 354-3,벽부형,35,2025-11-28
2659,구로구 개봉동 354-13,한전주,70,2025-11-28
2660,구로구 개봉동 375-4,한전주,25,2025-11-28
2661,구로구 개봉동 355-9,한전주,70,2025-11-28
2662,구로구 개봉동 478,한전주,50,2025-11-28
2663,구로구 개봉동 356-3,,50,2025-11-28
2664,구로구 개봉동 356-14,한전주,25,2025-11-28
2665,구로구 개봉동 355-4,한전주,70,2025-11-28
2666,구로구 개봉동 357-1,벽부형,20,2025-11-28
2667,구로구 개봉동 357-11,한전주,50,2025-11-28
2668,구로구 개봉동 357-12,한전주,50,2025-11-28
2669,구로구 개봉동 357-9,한전주,70,2025-11-28
2670,구로구 개봉동 357-4,폴형,70,2025-11-28
2671,구로구 개봉동 375-4,한전주,70,2025-11-28
2672,구로구 개봉동 358-9,한전주,70,2025-11-28
2673,구로구 개봉동 358-11,한전주,25,2025-11-28
2674,구로구 개봉동 375-4,폴형,50,2025-11-28
2675,구로구 개봉동 358-16,한전주,70,2025-11-28
2676,구로구 개봉동 358-3,한전주,50,2025-11-28
2677,구로구 개봉동 358-30,한전주,70,2025-11-28
2678,구로구 개봉동 358-7,벽부형,70,2025-11-28
2679,구로구 개봉동 359-21,한전주,70,2025-11-28
2680,구로구 개봉동 359-11,한전주,50,2025-11-28
2681,구로구 개봉동 359-2,한전주,50,2025-11-28
2682,구로구 개봉동 359-2,한전주,50,2025-11-28
2683,구로구 개봉동 359-40,한전주,50,2025-11-28
2684,구로구 개봉동 359-8,한전주,50,2025-11-28
2685,구로구 오류동 318-1,한전주,25,2025-11-28
2686,구로구 오류동 318-1,한전주,25,2025-11-28
2687,구로구 개봉동 375-4,한전주,50,2025-11-28
2688,구로구 개봉동 375-4,한전주,50,2025-11-28
2689,구로구 개봉동 375-4,벽부형,70,2025-11-28
2690,구로구 개봉동 375-4,폴형,50,2025-11-28
2691,구로구 개봉동 360-4,벽부형,50,2025-11-28
2692,구로구 개봉동 360-6,한전주,50,2025-11-28
2693,구로구 개봉동 361-1,한전주,70,2025-11-28
2694,구로구 개봉동 375-4,한전주,70,2025-11-28
2695,구로구 개봉동 375-4,한전주,70,2025-11-28
2696,구로구 개봉동 361-1,한전주,50,2025-11-28
2697,구로구 개봉동 375-4,한전주,50,2025-11-28
2698,구로구 개봉동 361-2,한전주,50,2025-11-28
2699,구로구 개봉동 361-5,한전주,50,2025-11-28
2700,구로구 개봉동 375-4,한전주,25,2025-11-28
2701,구로구 개봉동 375-4,폴형,25,2025-11-28
2702,구로구 개봉동 375-4,폴형,25,2025-11-28
2703,구로구 개봉동 363-6,한전주,70,2025-11-28
2704,구로구 개봉동 363-3,한전주,70,2025-11-28
2705,구로구 개봉동 375-4,한전주,50,2025-11-28
2706,구로구 개봉동 363-7,한전주,50,2025-11-28
2707,구로구 개봉동 375-4,한전주,25,2025-11-28
2708,구로구 개봉동 366-1,한전주,70,2025-11-28
2709,구로구 개봉동 366-5,한전주,70,2025-11-28
2710,구로구 개봉동 367-6,,70,2025-11-28
2711,구로구 개봉동 368-11,한전주,70,2025-11-28
2712,구로구 개봉동 368-13,한전주,70,2025-11-28
2713,구로구 개봉동 496,한전주,70,2025-11-28
2714,구로구 온수동 39-3,한전주,70,2025-11-28
2715,구로구 개봉동 60-98,한전주,50,2025-11-28
2716,구로구 구로5동 37-5,한전주,70,2025-11-28
2717,구로구 개봉동 378-10,한전주,25,2025-11-28
2718,구로구 개봉동 378-19,한전주,70,2025-11-28
2719,구로구 개봉동 378-19,,70,2025-11-28
2720,구로구 개봉동 378-22,한전주,70,2025-11-28
2721,구로구 개봉동 378-8,한전주,70,2025-11-28
2722,구로구 오류동 37-9,한전주,50,2025-11-28
2723,구로구 오류동 38-12,폴형,70,2025-11-28
2724,구로구 개봉동 38-20,한전주,50,2025-11-28
2725,구로구 개봉동 38-16,한전주,35,2025-11-28
2726,구로구 개봉동 38-16,한전주,50,2025-11-28
2727,구로구 개봉동 27-4,한전주,70,2025-11-28
2728,구로구 개봉동 27-4,한전주,50,2025-11-28
2729,구로구 개봉동 38-58,한전주,70,2025-11-28
2730,구로구 개봉동 38-58,한전주,70,2025-11-28
2731,구로구 개봉동 38-58,한전주,50,2025-11-28
2732,구로구 개봉동 38-16,폴형,70,2025-11-28
2733,구로구 개봉동 38-76,폴형,100,2025-11-28
2734,구로구 개봉동 441-38,한전주,70,2025-11-28
2735,구로구 신도림동 380-12,한전주,70,2025-11-28
2736,구로구 신도림동 380-21,한전주,70,2025-11-28
2737,구로구 신도림동 380-4,한전주,70,2025-11-28
2738,구로구 신도림동 380-40,한전주,70,2025-11-28
2739,구로구 신도림동 387-3,폴형,50,2025-11-28
2740,구로구 구로동 387-5,,50,2025-11-28
2741,구로구 구로동 387-5,,50,2025-11-28
2742,구로구 신도림동 387-6,폴형,70,2025-11-28
2743,구로구 구로동 387-9,한전주,25,2025-11-28
2744,구로구 구로동 388-15,,25,2025-11-28
2745,구로구 구로2동 388-4,,25,2025-11-28
2746,구로구 신도림동 388-5,한전주,25,2025-11-28
2747,구로구 신도림동 389-1,폴형,70,2025-11-28
2748,구로구 신도림동 389-1,폴형,25,2025-11-28
2749,구로구 구로동 389-1,,50,2025-11-28
2750,구로구 신도림동 389-11,한전주,25,2025-11-28
2751,구로구 구로동 389-2,한전주,25,2025-11-28
2752,구로구 신도림동 389-4,폴형,70,2025-11-28
2753,구로구 구로동 389-4,,50,2025-11-28
2754,구로구 신도림동 389-5,한전주,70,2025-11-28
2755,구로구 신도림동 389-5,한전주,70,2025-11-28
2756,구로구 오류동 25-43,한전주,25,2025-11-28
2757,구로구 개봉동 39-6,폴형,100,2025-11-28
2758,구로구 구로동 390-1,,25,2025-11-28
2759,구로구 구로동 390-103,,50,2025-11-28
2760,구로구 구로동 392-13,한전주,50,2025-11-28
2761,구로구 구로동 390-113,,25,2025-11-28
2762,구로구 구로동 390-128,한전주,50,2025-11-28
2763,구로구 구로동 390-130,,50,2025-11-28
2764,구로구 구로동 390-135,한전주,25,2025-11-28
2765,구로구 구로동 390-146,한전주,50,2025-11-28
2766,구로구 구로2동 390-164,,25,2025-11-28
2767,구로구 구로2동 390-165,한전주,50,2025-11-28
2768,구로구 구로2동 390-166,한전주,50,2025-11-28
2769,구로구 구로2동 390-168,,25,2025-11-28
2770,구로구 구로2동 390-178,한전주,25,2025-11-28
2771,구로구 구로2동 390-181,,25,2025-11-28
2772,구로구 구로2동 390-190,한전주,50,2025-11-28
2773,구로구 구로동 390-9,,25,2025-11-28
2774,구로구 구로2동 390-194,한전주,50,2025-11-28
2775,구로구 구로동 390-20,,50,2025-11-28
2776,구로구 구로동 390-22,한전주,50,2025-11-28
2777,구로구 구로동 390-29,,50,2025-11-28
2778,구로구 신도림동 390-25,한전주,50,2025-11-28
2779,구로구 구로동 390-96,,25,2025-11-28
2780,구로구 구로동 390-28,,50,2025-11-28
2781,구로구 구로2동 390-29,,25,2025-11-28
2782,구로구 구로2동 390-34,한전주,25,2025-11-28
2783,구로구 구로2동 390-34-1,한전주,50,2025-11-28
2784,구로구 구로동 390-44,한전주,25,2025-11-28
2785,구로구 구로2동 390-50,,25,2025-11-28
2786,구로구 구로2동 390-73,,25,2025-11-28
2787,구로구 구로2동 390-77,,25,2025-11-28
2788,구로구 구로2동 390-80,,25,2025-11-28
2789,구로구 구로2동 390-85,한전주,20,2025-11-28
2790,구로구 신도림동 390-9,폴형,25,2025-11-28
2791,구로구 신도림동 390-9,폴형,25,2025-11-28
2792,구로구 구로동 390-95,,25,2025-11-28
2793,구로구 구로동 390-97,,25,2025-11-28
2794,구로구 신도림동 392-10,한전주,50,2025-11-28
2795,구로구 신도림동 392-14,한전주,25,2025-11-28
2796,구로구 신도림동 392-14,한전주,25,2025-11-28
2797,구로구 구로동 392-14,,50,2025-11-28
2798,구로구 구로동 392-17,,25,2025-11-28
2799,구로구 신도림동 392-24,폴형,25,2025-11-28
2800,구로구 구로동 392-30,한전주,50,2025-11-28
2801,구로구 구로동 392-32,,25,2025-11-28
2802,구로구 구로동 392-34,,25,2025-11-28
2803,구로구 구로동 392-36,,50,2025-11-28
2804,구로구 구로동 392-37,,25,2025-11-28
2805,구로구 구로동 392-38,한전주,25,2025-11-28
2806,구로구 구로동 392-49,한전주,50,2025-11-28
2807,구로구 구로동 392-57,한전주,50,2025-11-28
2808,구로구 구로동 392-49,,25,2025-11-28
2809,구로구 구로동 392-81,한전주,50,2025-11-28
2810,구로구 구로동 392-69,,25,2025-11-28
2811,구로구 신도림동 392-7,한전주,50,2025-11-28
2812,구로구 구로동 392-74,,25,2025-11-28
2813,구로구 구로동 392-1,한전주,25,2025-11-28
2814,구로구 구로동 392-79,,25,2025-11-28
2815,구로구 신도림동 393-11,한전주,25,2025-11-28
2816,구로구 신도림동 393-14,한전주,25,2025-11-28
2817,구로구 신도림동 393-18,한전주,100,2025-11-28
2818,구로구 신도림동 393-2,벽부형,25,2025-11-28
2819,구로구 신도림동 393-24,한전주,25,2025-11-28
2820,구로구 신도림동 393-4,벽부형,25,2025-11-28
2821,구로구 구로2동 394-105,폴형,25,2025-11-28
2822,구로구 구로2동 394-123,폴형,20,2025-11-28
2823,구로구 신도림동 394-18,벽부형,25,2025-11-28
2824,구로구 신도림동 394-2,벽부형,25,2025-11-28
2825,구로구 구로2동 394-24,한전주,25,2025-11-28
2826,구로구 신도림동 394-25,폴형,50,2025-11-28
2827,구로구 신도림동 394-25,폴형,25,2025-11-28
2828,구로구 신도림동 394-26,한전주,50,2025-11-28
2829,구로구 구로2동 394-28,한전주,25,2025-11-28
2830,구로구 신도림동 394-30,벽부형,25,2025-11-28
2831,구로구 신도림동 394-36,벽부형,25,2025-11-28
2832,구로구 구로2동 394-38,한전주,20,2025-11-28
2833,구로구 신도림동 394-41,한전주,50,2025-11-28
2834,구로구 구로2동 394-52,벽부형,25,2025-11-28
2835,구로구 구로2동 394-55,폴형,20,2025-11-28
2836,구로구 구로2동 394-6,벽부형,20,2025-11-28
2837,구로구 신도림동 394-6,한전주,50,2025-11-28
2838,구로구 신도림동 394-61,벽부형,25,2025-11-28
2839,구로구 구로2동 394-69,벽부형,20,2025-11-28
2840,구로구 구로2동 394-113,한전주,25,2025-11-28
2841,구로구 신도림동 395-12,벽부형,50,2025-11-28
2842,구로구 신도림동 395-7,한전주,25,2025-11-28
2843,구로구 신도림동 396-115,폴형,25,2025-11-28
2844,구로구 신도림동 396-130,한전주,70,2025-11-28
2845,구로구 신도림동 396-130,벽부형,25,2025-11-28
2846,구로구 신도림동 396-136,폴형,50,2025-11-28
2847,구로구 신도림동 396-137,폴형,50,2025-11-28
2848,구로구 신도림동 396-152,한전주,25,2025-11-28
2849,구로구 신도림동 396-153,폴형,25,2025-11-28
2850,구로구 신도림동 396-157,폴형,50,2025-11-28
2851,구로구 신도림동 396-158,한전주,50,2025-11-28
2852,구로구 신도림동 396-182,한전주,25,2025-11-28
2853,구로구 신도림동 396-196,폴형,25,2025-11-28
2854,구로구 신도림동 396-2,한전주,50,2025-11-28
2855,구로구 신도림동 396-2,한전주,50,2025-11-28
2856,구로구 신도림동 396-205,한전주,50,2025-11-28
2857,구로구 신도림동 396-21,한전주,50,2025-11-28
2858,구로구 신도림동 396-212,한전주,50,2025-11-28
2859,구로구 신도림동 396-214,벽부형,50,2025-11-28
2860,구로구 신도림동 396-217,한전주,25,2025-11-28
2861,구로구 신도림동 396-217,한전주,25,2025-11-28
2862,구로구 신도림동 396-217,폴형,25,2025-11-28
2863,구로구 신도림동 396-219,한전주,25,2025-11-28
2864,구로구 신도림동 396-219,한전주,25,2025-11-28
2865,구로구 신도림동 396-23,한전주,50,2025-11-28
2866,구로구 신도림동 396-247,한전주,50,2025-11-28
2867,구로구 신도림동 396-25,한전주,50,2025-11-28
2868,구로구 신도림동 396-260,벽부형,50,2025-11-28
2869,구로구 신도림동 396-38,폴형,50,2025-11-28
2870,구로구 신도림동 396-4,한전주,50,2025-11-28
2871,구로구 신도림동 396-4,한전주,50,2025-11-28
2872,구로구 신도림동 396-4,한전주,50,2025-11-28
2873,구로구 신도림동 396-48,폴형,25,2025-11-28
2874,구로구 신도림동 396-52,한전주,50,2025-11-28
2875,구로구 신도림동 396-53,폴형,25,2025-11-28
2876,구로구 신도림동 396-60,폴형,50,2025-11-28
2877,구로구 신도림동 396-61,한전주,50,2025-11-28
2878,구로구 신도림동 396-62,폴형,25,2025-11-28
2879,구로구 신도림동 396-67,한전주,25,2025-11-28
2880,구로구 신도림동 396-69,폴형,50,2025-11-28
2881,구로구 신도림동 396-73,한전주,50,2025-11-28
2882,구로구 신도림동 396-74,폴형,50,2025-11-28
2883,구로구 구로동 398-1,한전주,50,2025-11-28
2884,구로구 신도림동 399-7,한전주,50,2025-11-28
2885,구로구 신도림동 399-7,한전주,50,2025-11-28
2886,구로구 구로2동 399-15,한전주,25,2025-11-28
2887,구로구 오류동 4-50,벽부형,25,2025-11-28
2888,구로구 개봉동 40-1,한전주,50,2025-11-28
2889,구로구 구로2동 400-25,한전주,25,2025-11-28
2890,구로구 구로2동 400-22,벽부형,25,2025-11-28
2891,구로구 구로2동 400-26,벽부형,35,2025-11-28
2892,구로구 구로2동 400-27,폴형,20,2025-11-28
2893,구로구 구로2동 400-3,벽부형,35,2025-11-28
2894,구로구 구로2동 400-30,벽부형,35,2025-11-28
2895,구로구 구로2동 400-57,한전주,25,2025-11-28
2896,구로구 구로2동 400-45,벽부형,25,2025-11-28
2897,구로구 구로2동 401-18,벽부형,25,2025-11-28
2898,구로구 구로2동 401-2,벽부형,25,2025-11-28
2899,구로구 구로2동 402-13,한전주,25,2025-11-28
2900,구로구 구로2동 402-18,벽부형,50,2025-11-28
2901,구로구 구로2동 402-26,한전주,25,2025-11-28
2902,구로구 구로2동 402-6,벽부형,25,2025-11-28
2903,구로구 구로2동 403-12-1,폴형,,2025-11-28
2904,구로구 개봉동 347-1,한전주,50,2025-11-28
2905,구로구 개봉동 403-146,한전주,50,2025-11-28
2906,구로구 개봉동 403-152,한전주,70,2025-11-28
2907,구로구 개봉동 403-16,한전주,50,2025-11-28
2908,구로구 개봉동 403-194,벽부형,25,2025-11-28
2909,구로구 개봉동 289-22,벽부형,25,2025-11-28
2910,구로구 개봉동 403-217,,50,2025-11-28
2911,구로구 개봉동 403-31,한전주,50,2025-11-28
2912,구로구 개봉동 261-1,한전주,25,2025-11-28
2913,구로구 개봉동 403-53,한전주,50,2025-11-28
2914,구로구 개봉동 403-68,한전주,50,2025-11-28
2915,구로구 구로2동 404-4,벽부형,25,2025-11-28
2916,구로구 구로2동 404-5,한전주,25,2025-11-28
2917,구로구 구로2동 404-9,한전주,25,2025-11-28
2918,구로구 구로2동 405-13,한전주,50,2025-11-28
2919,구로구 구로2동 405-13,한전주,50,2025-11-28
2920,구로구 개봉동 405-10,한전주,50,2025-11-28
2921,구로구 구로2동 405-19,한전주,25,2025-11-28
2922,구로구 개봉동 481,한전주,30,2025-11-28
2923,구로구 개봉동 405-5,한전주,50,2025-11-28
2924,구로구 구로2동 405-51,벽부형,20,2025-11-28
2925,구로구 구로2동 405-7,한전주,25,2025-11-28
2926,구로구 개봉동 405-10,한전주,50,2025-11-28
2927,구로구 구로2동 406-8,벽부형,40,2025-11-28
2928,구로구 구로2동 406-8,한전주,25,2025-11-28
2929,구로구 구로2동 409-100,한전주,25,2025-11-28
2930,구로구 구로2동 409-126,한전주,25,2025-11-28
2931,구로구 구로2동 409-131,한전주,50,2025-11-28
2932,구로구 구로2동 409-140,폴형,50,2025-11-28
2933,구로구 구로2동 409-141,한전주,25,2025-11-28
2934,구로구 구로2동 409-144,한전주,20,2025-11-28
2935,구로구 구로2동 409-172,한전주,20,2025-11-28
2936,구로구 구로2동 409-31,한전주,20,2025-11-28
2937,구로구 구로2동 409-39,벽부형,70,2025-11-28
2938,구로구 구로동 409-39,한전주,30,2025-11-28
2939,구로구 구로2동 409-43,한전주,70,2025-11-28
2940,구로구 구로2동 409-47,한전주,70,2025-11-28
2941,구로구 구로2동 409-49,벽부형,20,2025-11-28
2942,구로구 구로2동 409-53,폴형,20,2025-11-28
2943,구로구 구로2동 409-54,한전주,50,2025-11-28
2944,구로구 구로동 409-58,폴형,50,2025-11-28
2945,구로구 구로2동 409-62,벽부형,20,2025-11-28
2946,구로구 구로2동 409-63,한전주,100,2025-11-28
2947,구로구 구로2동 409-65,한전주,50,2025-11-28
2948,구로구 구로2동 409-67,한전주,20,2025-11-28
2949,구로구 구로동 409-72,폴형,25,2025-11-28
2950,구로구 구로2동 409-74,폴형,50,2025-11-28
2951,구로구 구로2동 409-78,한전주,50,2025-11-28
2952,구로구 구로2동 409-79,한전주,20,2025-11-28
2953,구로구 구로2동 409-83,한전주,70,2025-11-28
2954,구로구 오류동 41-1,폴형,70,2025-11-28
2955,구로구 궁동 252,한전주,50,2025-11-28
2956,구로구 구로2동 410-18,벽부형,50,2025-11-28
2957,구로구 구로2동 410-9,한전주,25,2025-11-28
2958,구로구 구로2동 412-12,벽부형,35,2025-11-28
2959,구로구 구로2동 412-13,한전주,25,2025-11-28
2960,구로구 구로2동 412-21,벽부형,20,2025-11-28
2961,구로구 구로2동 412-31,벽부형,50,2025-11-28
2962,구로구 구로2동 412-35,벽부형,25,2025-11-28
2963,구로구 구로2동 412-40,벽부형,50,2025-11-28
2964,구로구 구로2동 412-43,한전주,25,2025-11-28
2965,구로구 구로2동 412-46,벽부형,50,2025-11-28
2966,구로구 구로2동 412-49,한전주,25,2025-11-28
2967,구로구 구로동 413-10,,50,2025-11-28
2968,구로구 구로동 413-11,,50,2025-11-28
2969,구로구 구로동 413-11,,50,2025-11-28
2970,구로구 구로동 413-34,,50,2025-11-28
2971,구로구 구로동 413-13,한전주,50,2025-11-28
2972,구로구 구로동 413-14,,50,2025-11-28
2973,구로구 구로동 413-15,,50,2025-11-28
2974,구로구 구로동 413-16,,25,2025-11-28
2975,구로구 구로동 413-17,한전주,25,2025-11-28
2976,구로구 구로동 413-21,한전주,50,2025-11-28
2977,구로구 구로동 413-28,,50,2025-11-28
2978,구로구 구로동 413-20,,50,2025-11-28
2979,구로구 구로동 413-117,한전주,50,2025-11-28
2980,구로구 구로동 413-7,,25,2025-11-28
2981,구로구 구로동 413-74,,25,2025-11-28
2982,구로구 구로2동 413-72,,25,2025-11-28
2983,구로구 구로동 413-28,한전주,50,2025-11-28
2984,구로구 구로2동 415-11,폴형,70,2025-11-28
2985,구로구 구로2동 415-18,폴형,50,2025-11-28
2986,구로구 구로2동 415-19,폴형,50,2025-11-28
2987,구로구 구로2동 415-23,한전주,50,2025-11-28
2988,구로구 신도림동 416-13,한전주,25,2025-11-28
2989,구로구 신도림동 416-15,한전주,50,2025-11-28
2990,구로구 신도림동 416-15,폴형,20,2025-11-28
2991,구로구 개봉동 416-99,한전주,50,2025-11-28
2992,구로구 신도림동 416-20,벽부형,50,2025-11-28
2993,구로구 구로2동 416-1,벽부형,70,2025-11-28
2994,구로구 구로2동 416-22,벽부형,50,2025-11-28
2995,구로구 구로2동 416-22,벽부형,50,2025-11-28
2996,구로구 구로동 416-22,벽부형,25,2025-11-28
2997,구로구 신도림동 416-23,벽부형,50,2025-11-28
2998,구로구 구로2동 416-23,벽부형,70,2025-11-28
2999,구로구 구로2동 416-23,벽부형,70,2025-11-28
3000,구로구 구로2동 416-23,벽부형,70,2025-11-28
3001,구로구 신도림동 416-36,한전주,50,2025-11-28
3002,구로구 신도림동 416-5,한전주,50,2025-11-28
3003,구로구 신도림동 416-5,폴형,50,2025-11-28
3004,구로구 신도림동 416-5,한전주,50,2025-11-28
3005,구로구 신도림동 416-5,한전주,50,2025-11-28
3006,구로구 개봉동 416-52,벽부형,70,2025-11-28
3007,구로구 개봉동 416-54,한전주,50,2025-11-28
3008,구로구 신도림동 417-1,한전주,25,2025-11-28
3009,구로구 신도림동 417-1,한전주,25,2025-11-28
3010,구로구 구로2동 425-50,벽부형,70,2025-11-28
3011,구로구 구로2동 419-12,한전주,20,2025-11-28
3012,구로구 구로2동 419-2,한전주,50,2025-11-28
3013,구로구 신도림동 419-6,폴형,25,2025-11-28
3014,구로구 신도림동 419-6,폴형,25,2025-11-28
3015,구로구 신도림동 419-6,폴형,25,2025-11-28
3016,구로구 신도림동 419-6,폴형,25,2025-11-28
3017,구로구 궁동 47,한전주,50,2025-11-28
3018,구로구 궁동 42-2,폴형,50,2025-11-28
3019,구로구 궁동 42-2,한전주,50,2025-11-28
3020,구로구 구로2동 420-13,벽부형,20,2025-11-28
3021,구로구 구로2동 420-16,벽부형,70,2025-11-28
3022,구로구 구로2동 420-18,벽부형,50,2025-11-28
3023,구로구 구로2동 420-33,벽부형,40,2025-11-28
3024,구로구 구로2동 420-35,한전주,70,2025-11-28
3025,구로구 구로2동 420-45,벽부형,50,2025-11-28
3026,구로구 구로2동 420-48,벽부형,70,2025-11-28
3027,구로구 구로2동 420-6,벽부형,50,2025-11-28
3028,구로구 구로2동 420-8,한전주,50,2025-11-28
3029,구로구 구로2동 420-8,벽부형,70,2025-11-28
3030,구로구 구로2동 420-9,폴형,50,2025-11-28
3031,구로구 구로2동 423ㅡ11,벽부형,70,2025-11-28
3032,구로구 구로2동 423-13,벽부형,70,2025-11-28
3033,구로구 구로2동 423-20,한전주,40,2025-11-28
3034,구로구 구로2동 423-23,벽부형,40,2025-11-28
3035,구로구 구로2동 424-13,폴형,25,2025-11-28
3036,구로구 구로2동 424-13,한전주,20,2025-11-28
3037,구로구 구로2동 424-14,벽부형,70,2025-11-28
3038,구로구 구로2동 424-19,벽부형,40,2025-11-28
3039,구로구 구로2동 424-5,한전주,25,2025-11-28
3040,구로구 구로동 425-10,한전주,20,2025-11-28
3041,구로구 신도림동 425-19,한전주,50,2025-11-28
3042,구로구 구로2동 425-24,벽부형,70,2025-11-28
3043,구로구 구로2동 425-3,한전주,50,2025-11-28
3044,구로구 구로2동 425-36,벽부형,50,2025-11-28
3045,구로구 구로2동 425-6,벽부형,70,2025-11-28
3046,구로구 구로2동 425-72,한전주,40,2025-11-28
3047,구로구 구로2동 425-79,한전주,50,2025-11-28
3048,구로구 구로2동 425-9,한전주,25,2025-11-28
3049,구로구 구로2동 426-105,벽부형,70,2025-11-28
3050,구로구 구로2동 426-107,한전주,20,2025-11-28
3051,구로구 구로2동 426-111,벽부형,50,2025-11-28
3052,구로구 구로2동 426-113,벽부형,20,2025-11-28
3053,구로구 구로2동 426-118,벽부형,25,2025-11-28
3054,구로구 구로2동 426-121,벽부형,70,2025-11-28
3055,구로구 구로2동 426-125,폴형,25,2025-11-28
3056,구로구 구로2동 426-133,벽부형,20,2025-11-28
3057,구로구 구로2동 426-134,한전주,20,2025-11-28
3058,구로구 구로2동 426-139,한전주,20,2025-11-28
3059,구로구 구로2동 426-143,한전주,50,2025-11-28
3060,구로구 구로2동 426-145,벽부형,40,2025-11-28
3061,구로구 구로2동 426-145,벽부형,70,2025-11-28
3062,구로구 구로2동 426-153,벽부형,40,2025-11-28
3063,구로구 구로2동 426-155,벽부형,20,2025-11-28
3064,구로구 구로2동 426-208,벽부형,70,2025-11-28
3065,구로구 구로2동 426-214,,70,2025-11-28
3066,구로구 구로2동 426-32,한전주,20,2025-11-28
3067,구로구 구로2동 426-6,한전주,20,2025-11-28
3068,구로구 구로2동 426-6,한전주,20,2025-11-28
3069,구로구 구로2동 426-8,한전주,20,2025-11-28
3070,구로구 구로2동 426-83,한전주,50,2025-11-28
3071,구로구 신도림동 427-20,한전주,70,2025-11-28
3072,구로구 구로2동 429-100,폴형,25,2025-11-28
3073,구로구 구로동 429-101,폴형,50,2025-11-28
3074,구로구 구로2동 429-102,한전주,50,2025-11-28
3075,구로구 구로2동 429-104,한전주,25,2025-11-28
3076,구로구 구로2동 429-104,한전주,25,2025-11-28
3077,구로구 구로2동 429-119,한전주,25,2025-11-28
3078,구로구 구로2동 429-120,벽부형,70,2025-11-28
3079,구로구 구로2동 429-13,한전주,35,2025-11-28
3080,구로구 구로2동 429-134,한전주,35,2025-11-28
3081,구로구 구로2동 429-15,한전주,70,2025-11-28
3082,구로구 구로2동 429-153,한전주,50,2025-11-28
3083,구로구 구로2동 429-158,한전주,50,2025-11-28
3084,구로구 구로2동 429-161,폴형,20,2025-11-28
3085,구로구 구로동 429-162,한전주,50,2025-11-28
3086,구로구 구로2동 429-166,한전주,25,2025-11-28
3087,구로구 구로2동 429-170,한전주,50,2025-11-28
3088,구로구 구로2동 429-171,벽부형,50,2025-11-28
3089,구로구 구로2동 429-178,벽부형,70,2025-11-28
3090,구로구 구로2동 429-182,,50,2025-11-28
3091,구로구 구로2동 429-185,폴형,50,2025-11-28
3092,구로구 구로2동 429-186,한전주,70,2025-11-28
3093,구로구 구로2동 429-168,벽부형,70,2025-11-28
3094,구로구 구로2동 429-194,한전주,50,2025-11-28
3095,구로구 구로2동 429-194,벽부형,40,2025-11-28
3096,구로구 구로동 429-196,폴형,70,2025-11-28
3097,구로구 구로2동 429-201,,50,2025-11-28
3098,구로구 구로2동 429-203,,50,2025-11-28
3099,구로구 구로2동 429-208,한전주,25,2025-11-28
3100,구로구 구로2동 429-21,한전주,50,2025-11-28
3101,구로구 구로2동 429-236,벽부형,70,2025-11-28
3102,구로구 구로2동 429-24,한전주,25,2025-11-28
3103,구로구 구로2동 429-242,한전주,70,2025-11-28
3104,구로구 구로2동 429-245,한전주,50,2025-11-28
3105,구로구 구로2동 429-249,한전주,50,2025-11-28
3106,구로구 구로2동 429-25,벽부형,70,2025-11-28
3107,구로구 구로2동 429-28,한전주,25,2025-11-28
3108,구로구 구로2동 429-32,벽부형,70,2025-11-28
3109,구로구 구로2동 429-36,벽부형,70,2025-11-28
3110,구로구 구로동 429-37,한전주,25,2025-11-28
3111,구로구 구로2동 429-39,한전주,25,2025-11-28
3112,구로구 구로2동 429-41,벽부형,70,2025-11-28
3113,구로구 구로2동 429-46,벽부형,70,2025-11-28
3114,구로구 구로2동 429-47,한전주,25,2025-11-28
3115,구로구 구로2동 429-53,한전주,50,2025-11-28
3116,구로구 구로2동 429-54,한전주,25,2025-11-28
3117,구로구 구로2동 429-59,한전주,25,2025-11-28
3118,구로구 구로2동 429-63,한전주,50,2025-11-28
3119,구로구 구로2동 429-63,폴형,25,2025-11-28
3120,구로구 구로2동 429-64,벽부형,70,2025-11-28
3121,구로구 구로2동 429-64,벽부형,70,2025-11-28
3122,구로구 구로2동 429-66,한전주,25,2025-11-28
3123,구로구 구로2동 429-68,한전주,25,2025-11-28
3124,구로구 구로2동 429-68,한전주,25,2025-11-28
3125,구로구 구로2동 429-69,한전주,25,2025-11-28
3126,구로구 구로2동 429-72,한전주,50,2025-11-28
3127,구로구 구로2동 429-80,벽부형,20,2025-11-28
3128,구로구 구로2동 429-87,한전주,50,2025-11-28
3129,구로구 구로2동 429-93,벽부형,70,2025-11-28
3130,구로구 구로2동 429-93,한전주,70,2025-11-28
3131,구로구 구로2동 429-97,한전주,70,2025-11-28
3132,구로구 구로동 429-98,한전주,35,2025-11-28
3133,구로구 개봉동 416-149,한전주,50,2025-11-28
3134,구로구 구로5동 43-10,한전주,25,2025-11-28
3135,구로구 고척동 43-27,벽부형,50,2025-11-28
3136,구로구 고척동 43-46,벽부형,50,2025-11-28
3137,구로구 온수동 45-32,한전주,70,2025-11-28
3138,구로구 고척동 43-35,한전주,50,2025-11-28
3139,구로구 고척1동 325,한전주,50,2025-11-28
3140,구로구 고척1동 325,한전주,50,2025-11-28
3141,구로구 고척동 43-27,폴형,50,2025-11-28
3142,구로구 고척1동 338,한전주,50,2025-11-28
3143,구로구 고척1동 338,한전주,50,2025-11-28
3144,구로구 고척동 341-5,한전주,50,2025-11-28
3145,구로구 구로5동 43-9,한전주,25,2025-11-28
3146,구로구 구로5동 43-9,한전주,25,2025-11-28
3147,구로구 구로2동 430-13,한전주,20,2025-11-28
3148,구로구 구로2동 430-14,한전주,25,2025-11-28
3149,구로구 구로2동 430-15,벽부형,25,2025-11-28
3150,구로구 구로2동 430-40,한전주,70,2025-11-28
3151,구로구 구로2동 430-41,벽부형,50,2025-11-28
3152,구로구 구로2동 430-8,벽부형,70,2025-11-28
3153,구로구 구로2동 431-10,한전주,50,2025-11-28
3154,구로구 구로2동 434-5,한전주,50,2025-11-28
3155,구로구 구로2동 431-8,벽부형,20,2025-11-28
3156,구로구 구로2동 435,한전주,20,2025-11-28
3157,구로구 신도림동 436-7,한전주,50,2025-11-28
3158,구로구 신도림동 436-7,한전주,50,2025-11-28
3159,구로구 신도림동 436-7,한전주,50,2025-11-28
3160,구로구 신도림동 436-7,한전주,50,2025-11-28
3161,구로구 구로동 437,폴형,50,2025-11-28
3162,구로구 신도림동 439-13,벽부형,35,2025-11-28
3163,구로구 신도림동 439-17,벽부형,35,2025-11-28
3164,구로구 온수동 45-16,한전주,100,2025-11-28
3165,구로구 온수동 44-6,한전주,70,2025-11-28
3166,구로구 구로5동 44-16,한전주,25,2025-11-28
3167,구로구 개봉동 23-4,한전주,70,2025-11-28
3168,구로구 오류동 44-21,한전주,50,2025-11-28
3169,구로구 구로5동 44-5,한전주,25,2025-11-28
3170,구로구 구로5동 44-6,한전주,70,2025-11-28
3171,구로구 구로동 44-7,폴형,50,2025-11-28
3172,구로구 구로2동 440,폴형,20,2025-11-28
3173,구로구 구로2동 440,한전주,20,2025-11-28
3174,구로구 구로2동 440,한전주,25,2025-11-28
3175,구로구 구로2동 440,한전주,20,2025-11-28
3176,구로구 구로2동 440,폴형,20,2025-11-28
3177,구로구 구로2동 440,폴형,20,2025-11-28
3178,구로구 구로2동 440,폴형,,2025-11-28
3179,구로구 구로2동 440,폴형,20,2025-11-28
3180,구로구 구로2동 440,폴형,20,2025-11-28
3181,구로구 구로2동 440,폴형,20,2025-11-28
3182,구로구 구로2동 440,폴형,20,2025-11-28
3183,구로구 구로2동 431-6,한전주,50,2025-11-28
3184,구로구 구로동 442-137,,50,2025-11-28
3185,구로구 구로2동 442-143,한전주,70,2025-11-28
3186,구로구 구로2동 442-153,한전주,20,2025-11-28
3187,구로구 구로2동 442-18,한전주,40,2025-11-28
3188,구로구 구로2동 442-193,폴형,20,2025-11-28
3189,구로구 구로2동 442-198,한전주,20,2025-11-28
3190,구로구 구로2동 442-2,폴형,20,2025-11-28
3191,구로구 구로2동 442-203,한전주,70,2025-11-28
3192,구로구 구로2동 442-217,한전주,70,2025-11-28
3193,구로구 구로2동 442-26,벽부형,70,2025-11-28
3194,구로구 구로2동 442-29,벽부형,70,2025-11-28
3195,구로구 개봉동 60-101,폴형,25,2025-11-28
3196,구로구 구로2동 442-30,한전주,20,2025-11-28
3197,구로구 구로2동 442-31,벽부형,70,2025-11-28
3198,구로구 구로2동 442-32,벽부형,70,2025-11-28
3199,구로구 구로동 442-71,,20,2025-11-28
3200,구로구 구로동 442-76,한전주,25,2025-11-28
3201,구로구 구로2동 443-10,한전주,20,2025-11-28
3202,구로구 구로2동 443-101,벽부형,50,2025-11-28
3203,구로구 구로2동 443-17,한전주,20,2025-11-28
3204,구로구 구로2동 443-19,한전주,20,2025-11-28
3205,구로구 구로2동 443-67,한전주,20,2025-11-28
3206,구로구 구로2동 443-67,벽부형,70,2025-11-28
3207,구로구 구로2동 443-70,한전주,20,2025-11-28
3208,구로구 구로2동 443-77,한전주,70,2025-11-28
3209,구로구 구로2동 443-79,한전주,20,2025-11-28
3210,구로구 구로2동 443-91,한전주,20,2025-11-28
3211,구로구 구로2동 443-95,한전주,20,2025-11-28
3212,구로구 개봉동 1-1,폴형,50,2025-11-28
3213,구로구 구로2동 445-10,한전주,40,2025-11-28
3214,구로구 구로2동 445-2,벽부형,40,2025-11-28
3215,구로구 구로2동 445-8,벽부형,50,2025-11-28
3216,구로구 구로2동 446-14,한전주,70,2025-11-28
3217,구로구 구로2동 446-14,벽부형,40,2025-11-28
3218,구로구 구로2동 446-2,한전주,20,2025-11-28
3219,구로구 구로2동 446-26,폴형,20,2025-11-28
3220,구로구 구로2동 446-28,폴형,70,2025-11-28
3221,구로구 구로2동 446-29,한전주,50,2025-11-28
3222,구로구 구로2동 446-30,벽부형,40,2025-11-28
3223,구로구 구로2동 446-35,폴형,50,2025-11-28
3224,구로구 구로2동 446-52,한전주,50,2025-11-28
3225,구로구 구로2동 446-55,한전주,70,2025-11-28
3226,구로구 구로2동 446-57,한전주,50,2025-11-28
3227,구로구 구로2동 446-9,폴형,25,2025-11-28
3228,구로구 구로2동 447-14,벽부형,25,2025-11-28
3229,구로구 구로2동 447-7,한전주,50,2025-11-28
3230,구로구 구로2동 447-7,한전주,30,2025-11-28
3231,구로구 구로2동 448-14,벽부형,20,2025-11-28
3232,구로구 개봉동 456-13,폴형,50,2025-11-28
3233,구로구 구로2동 448-15,벽부형,40,2025-11-28
3234,구로구 구로2동 448-16,한전주,40,2025-11-28
3235,구로구 구로2동 448-77,한전주,20,2025-11-28
3236,구로구 개봉동 448-17,폴형,50,2025-11-28
3237,구로구 구로2동 448-18,한전주,40,2025-11-28
3238,구로구 개봉동 448-19,한전주,50,2025-11-28
3239,구로구 구로2동 448-22,벽부형,20,2025-11-28
3240,구로구 개봉동 448,한전주,25,2025-11-28
3241,구로구 구로동 448-288,한전주,100,2025-11-28
3242,구로구 구로동 448-31,폴형,50,2025-11-28
3243,구로구 구로2동 448-40,한전주,20,2025-11-28
3244,구로구 구로2동 448-41,벽부형,70,2025-11-28
3245,구로구 구로2동 448-43,벽부형,40,2025-11-28
3246,구로구 구로2동 448-49,한전주,80,2025-11-28
3247,구로구 구로2동 448-53,벽부형,20,2025-11-28
3248,구로구 구로2동 448-53,한전주,20,2025-11-28
3249,구로구 구로2동 448-57,한전주,40,2025-11-28
3250,구로구 구로2동 448-61,한전주,25,2025-11-28
3251,구로구 구로2동 448-62,한전주,20,2025-11-28
3252,구로구 구로2동 448-65,벽부형,40,2025-11-28
3253,구로구 구로2동 448-70,벽부형,70,2025-11-28
3254,구로구 구로2동 448-71,한전주,20,2025-11-28
3255,구로구 개봉동 448-8,한전주,25,2025-11-28
3256,구로구 구로2동 448-80,벽부형,50,2025-11-28
3257,구로구 구로2동 448-88,벽부형,100,2025-11-28
3258,구로구 구로2동 448-89,폴형,70,2025-11-28
3259,구로구 구로2동 448-89,벽부형,40,2025-11-28
3260,구로구 구로2동 448-93,벽부형,70,2025-11-28
3261,구로구 구로2동 448-93,한전주,50,2025-11-28
3262,구로구 구로2동 448-94,벽부형,50,2025-11-28
3263,구로구 개봉동 466,폴형,70,2025-11-28
3264,구로구 구로2동 449-6,벽부형,50,2025-11-28
3265,구로구 개봉동 449-7,한전주,50,2025-11-28
3266,구로구 개봉동 449-8,한전주,50,2025-11-28
3267,구로구 개봉동 46-1,한전주,70,2025-11-28
3268,구로구 개봉동 45-3,한전주,70,2025-11-28
3269,구로구 온수동 45-31,폴형,70,2025-11-28
3270,구로구 온수동 45-31,한전주,70,2025-11-28
3271,구로구 온수동 45-31,한전주,70,2025-11-28
3272,구로구 온수동 45-31,한전주,70,2025-11-28
3273,구로구 온수동 45-31,한전주,70,2025-11-28
3274,구로구 온수동 45-31,한전주,70,2025-11-28
3275,구로구 온수동 45-31,한전주,70,2025-11-28
3276,구로구 온수동 45-31,한전주,70,2025-11-28
3277,구로구 온수동 45-31,한전주,70,2025-11-28
3278,구로구 온수동 45-31,한전주,70,2025-11-28
3279,구로구 온수동 45-31,한전주,70,2025-11-28
3280,구로구 온수동 45-16,한전주,50,2025-11-28
3281,구로구 온수동 45-32,한전주,70,2025-11-28
3282,구로구 온수동 45-32,한전주,70,2025-11-28
3283,구로구 온수동 45-32,한전주,70,2025-11-28
3284,구로구 온수동 45-32,폴형,70,2025-11-28
3285,구로구 온수동 45-32,폴형,70,2025-11-28
3286,구로구 온수동 45-32,한전주,25,2025-11-28
3287,구로구 온수동 45-32,한전주,70,2025-11-28
3288,구로구 온수동 45-32,한전주,70,2025-11-28
3289,구로구 온수동 45-32,벽부형,70,2025-11-28
3290,구로구 온수동 45-32,한전주,70,2025-11-28
3291,구로구 온수동 45-32,한전주,70,2025-11-28
3292,구로구 온수동 45-32,한전주,70,2025-11-28
3293,구로구 온수동 45-31,한전주,70,2025-11-28
3294,구로구 온수동 45-5,한전주,70,2025-11-28
3295,구로구 개봉동 450-12,한전주,25,2025-11-28
3296,구로구 개봉동 450-9,한전주,25,2025-11-28
3297,구로구 구로2동 450-13,,70,2025-11-28
3298,구로구 구로2동 450-14,벽부형,50,2025-11-28
3299,구로구 구로2동 443,한전주,20,2025-11-28
3300,구로구 개봉동 451-1,한전주,25,2025-11-28
3301,구로구 구로2동 451-14,벽부형,40,2025-11-28
3302,구로구 개봉동 451-2,한전주,25,2025-11-28
3303,구로구 개봉동 452-1,한전주,25,2025-11-28
3304,구로구 개봉동 452-1,한전주,25,2025-11-28
3305,구로구 개봉동 466,한전주,50,2025-11-28
3306,구로구 개봉동 452-11,한전주,50,2025-11-28
3307,구로구 구로2동 452-15,한전주,40,2025-11-28
3308,구로구 구로2동 452-16,벽부형,40,2025-11-28
3309,구로구 구로2동 452-18,폴형,20,2025-11-28
3310,구로구 구로2동 452-18,벽부형,100,2025-11-28
3311,구로구 구로2동 452-27,폴형,70,2025-11-28
3312,구로구 구로2동 452-28,한전주,40,2025-11-28
3313,구로구 구로2동 452-30,한전주,70,2025-11-28
3314,구로구 구로2동 452-4,한전주,40,2025-11-28
3315,구로구 개봉동 453-11,한전주,70,2025-11-28
3316,구로구 개봉동 453-3,벽부형,50,2025-11-28
3317,구로구 구로2동 453-3,한전주,50,2025-11-28
3318,구로구 구로2동 453-5,한전주,70,2025-11-28
3319,구로구 개봉동 466,한전주,50,2025-11-28
3320,구로구 구로2동 453-8,벽부형,70,2025-11-28
3321,구로구 구로2동 453-9,한전주,50,2025-11-28
3322,구로구 개봉동 454,한전주,50,2025-11-28
3323,구로구 구로2동 454-10,폴형,,2025-11-28
3324,구로구 개봉동 453,한전주,25,2025-11-28
3325,구로구 개봉동 454-10,한전주,70,2025-11-28
3326,구로구 개봉동 454-13,한전주,25,2025-11-28
3327,구로구 구로2동 454-12,벽부형,70,2025-11-28
3328,구로구 개봉동 454-15,한전주,50,2025-11-28
3329,구로구 구로2동 454-16,폴형,20,2025-11-28
3330,구로구 구로2동 454-17,한전주,70,2025-11-28
3331,구로구 구로2동 454-18,벽부형,70,2025-11-28
3332,구로구 구로2동 454-49,벽부형,70,2025-11-28
3333,구로구 구로2동 454-56,폴형,70,2025-11-28
3334,구로구 구로2동 454-58,벽부형,50,2025-11-28
3335,구로구 구로2동 454-60,한전주,70,2025-11-28
3336,구로구 개봉동 455,한전주,25,2025-11-28
3337,구로구 개봉동 455-10,한전주,50,2025-11-28
3338,구로구 구로2동 455-8,벽부형,50,2025-11-28
3339,구로구 개봉동 456-13,폴형,25,2025-11-28
3340,구로구 구로2동 456-12,한전주,70,2025-11-28
3341,구로구 개봉동 456-12,한전주,35,2025-11-28
3342,구로구 개봉동 456-13,폴형,25,2025-11-28
3343,구로구 개봉동 456-16,벽부형,50,2025-11-28
3344,구로구 구로2동 456-3,벽부형,40,2025-11-28
3345,구로구 개봉1동 456ㅡ1,폴형,50,2025-11-28
3346,구로구 개봉동 457-1,한전주,25,2025-11-28
3347,구로구 개봉1동 457ㅡ2,폴형,50,2025-11-28
3348,구로구 구로2동 458,벽부형,100,2025-11-28
3349,구로구 개봉동 458-1,한전주,25,2025-11-28
3350,구로구 개봉동 458-9,한전주,25,2025-11-28
3351,구로구 구로2동 458-17,벽부형,20,2025-11-28
3352,구로구 개봉동 458-2,한전주,50,2025-11-28
3353,구로구 구로2동 458-24,벽부형,50,2025-11-28
3354,구로구 구로2동 458-25,벽부형,70,2025-11-28
3355,구로구 구로2동 458-27,폴형,70,2025-11-28
3356,구로구 개봉동 458-4,한전주,50,2025-11-28
3357,구로구 개봉동 458-4,한전주,25,2025-11-28
3358,구로구 구로2동 458-6,벽부형,100,2025-11-28
3359,구로구 구로2동 458-7,벽부형,50,2025-11-28
3360,구로구 개봉동 459-1,한전주,50,2025-11-28
3361,구로구 구로2동 459-1,,25,2025-11-28
3362,구로구 구로2동 459-21,한전주,70,2025-11-28
3363,구로구 구로2동 459-4,한전주,50,2025-11-28
3364,구로구 구로2동 459-7,한전주,20,2025-11-28
3365,구로구 구로2동 459-7,벽부형,70,2025-11-28
3366,구로구 구로2동 459-9,한전주,50,2025-11-28
3367,구로구 고척동 46-8,벽부형,100,2025-11-28
3368,구로구 개봉동 46-13,한전주,70,2025-11-28
3369,구로구 개봉동 416-102,한전주,50,2025-11-28
3370,구로구 개봉동 산2-29,한전주,70,2025-11-28
3371,구로구 고척동 46-5,벽부형,50,2025-11-28
3372,구로구 고척동 338,한전주,50,2025-11-28
3373,구로구 고척동 46-12,한전주,50,2025-11-28
3374,구로구 고척동 46-32,벽부형,50,2025-11-28
3375,구로구 고척동 46-30,벽부형,50,2025-11-28
3376,구로구 고척동 46-30,한전주,50,2025-11-28
3377,구로구 구로5동 46-4,한전주,50,2025-11-28
3378,구로구 고척동 46-47,한전주,50,2025-11-28
3379,구로구 개봉동 46-7,한전주,25,2025-11-28
3380,구로구 개봉동 46-7,한전주,25,2025-11-28
3381,구로구 개봉동 460,한전주,50,2025-11-28
3382,구로구 개봉동 466,폴형,50,2025-11-28
3383,구로구 개봉동 460-14,한전주,50,2025-11-28
3384,구로구 개봉동 461-1,한전주,50,2025-11-28
3385,구로구 개봉동 461-3,한전주,50,2025-11-28
3386,구로구 구로2동 461-8,벽부형,50,2025-11-28
3387,구로구 구로2동 463,벽부형,20,2025-11-28
3388,구로구 구로2동 463-19,벽부형,70,2025-11-28
3389,구로구 구로2동 463-21,한전주,70,2025-11-28
3390,구로구 구로2동 463-24,벽부형,50,2025-11-28
3391,구로구 구로2동 463-27,벽부형,70,2025-11-28
3392,구로구 구로2동 463-32,폴형,25,2025-11-28
3393,구로구 구로2동 463-48,,70,2025-11-28
3394,구로구 구로2동 463-50,벽부형,40,2025-11-28
3395,구로구 구로2동 463-6,벽부형,35,2025-11-28
3396,구로구 구로2동 463-64,폴형,20,2025-11-28
3397,구로구 구로2동 463-78,한전주,20,2025-11-28
3398,구로구 개봉동 464-1,한전주,30,2025-11-28
3399,구로구 개봉동 464-10,한전주,50,2025-11-28
3400,구로구 개봉동 464-13,한전주,50,2025-11-28
3401,구로구 개봉동 464-2,벽부형,50,2025-11-28
3402,구로구 개봉동 466,한전주,50,2025-11-28
3403,구로구 개봉동 465-2,한전주,50,2025-11-28
3404,구로구 개봉1동 465ㅡ2,폴형,50,2025-11-28
3405,구로구 구로2동 466-13,한전주,25,2025-11-28
3406,구로구 구로2동 466-14,폴형,20,2025-11-28
3407,구로구 구로동 466-168,,70,2025-11-28
3408,구로구 구로2동 466-15,한전주,25,2025-11-28
3409,구로구 구로2동 466-158,한전주,50,2025-11-28
3410,구로구 구로2동 466-16,벽부형,70,2025-11-28
3411,구로구 구로2동 466-160,벽부형,20,2025-11-28
3412,구로구 구로2동 466-161,폴형,50,2025-11-28
3413,구로구 구로2동 466-168,벽부형,50,2025-11-28
3414,구로구 구로2동 466-17,벽부형,70,2025-11-28
3415,구로구 구로2동 466-170,한전주,20,2025-11-28
3416,구로구 구로2동 466-177,벽부형,50,2025-11-28
3417,구로구 구로2동 466-177,벽부형,50,2025-11-28
3418,구로구 구로2동 466-19,폴형,70,2025-11-28
3419,구로구 구로2동 466-2,한전주,20,2025-11-28
3420,구로구 구로2동 466-20,벽부형,70,2025-11-28
3421,구로구 구로2동 466-224,한전주,20,2025-11-28
3422,구로구 구로2동 466-6,벽부형,50,2025-11-28
3423,구로구 구로2동 466-236,벽부형,50,2025-11-28
3424,구로구 구로2동 466-237,벽부형,50,2025-11-28
3425,구로구 구로2동 466-244,폴형,20,2025-11-28
3426,구로구 구로2동 466-252,벽부형,20,2025-11-28
3427,구로구 구로2동 466-253,벽부형,20,2025-11-28
3428,구로구 구로2동 466-259,벽부형,70,2025-11-28
3429,구로구 구로2동 466-267,한전주,50,2025-11-28
3430,구로구 구로2동 466-269,벽부형,50,2025-11-28
3431,구로구 구로2동 466-273,벽부형,40,2025-11-28
3432,구로구 구로2동 466-277,한전주,20,2025-11-28
3433,구로구 구로2동 466-28,한전주,25,2025-11-28
3434,구로구 구로2동 466-288,벽부형,50,2025-11-28
3435,구로구 구로2동 466-296,벽부형,70,2025-11-28
3436,구로구 구로2동 466-3,한전주,25,2025-11-28
3437,구로구 구로2동 466-305,한전주,25,2025-11-28
3438,구로구 구로2동 466-31,한전주,25,2025-11-28
3439,구로구 구로2동 466-315,벽부형,20,2025-11-28
3440,구로구 구로2동 466-33,벽부형,20,2025-11-28
3441,구로구 구로2동 466-36,폴형,25,2025-11-28
3442,구로구 구로2동 466-40,폴형,50,2025-11-28
3443,구로구 구로2동 466-41,폴형,25,2025-11-28
3444,구로구 구로2동 466-42,폴형,70,2025-11-28
3445,구로구 구로2동 466-48,한전주,20,2025-11-28
3446,구로구 구로2동 466-52,한전주,20,2025-11-28
3447,구로구 구로2동 466-55,한전주,20,2025-11-28
3448,구로구 구로2동 466-58,한전주,50,2025-11-28
3449,구로구 구로2동 466-61,벽부형,20,2025-11-28
3450,구로구 구로2동 466-62,폴형,20,2025-11-28
3451,구로구 구로2동 466-70,한전주,50,2025-11-28
3452,구로구 구로2동 466-73,한전주,40,2025-11-28
3453,구로구 구로2동 466-74,한전주,25,2025-11-28
3454,구로구 구로2동 466-85,한전주,50,2025-11-28
3455,구로구 구로2동 466-86,벽부형,20,2025-11-28
3456,구로구 구로2동 466-99,벽부형,25,2025-11-28
3457,구로구 구로2동 466-99,폴형,50,2025-11-28
3458,구로구 구로2동 467-34,한전주,70,2025-11-28
3459,구로구 구로2동 467-62,,350,2025-11-28
3460,구로구 개봉동 3,한전주,50,2025-11-28
3461,구로구 개봉동 3,한전주,50,2025-11-28
3462,구로구 구로2동 469-1,한전주,25,2025-11-28
3463,구로구 구로2동 469-2,한전주,50,2025-11-28
3464,구로구 구로2동 469-22,한전주,70,2025-11-28
3465,구로구 구로2동 469-23,벽부형,70,2025-11-28
3466,구로구 구로2동 469-24,,50,2025-11-28
3467,구로구 구로2동 469-29,폴형,70,2025-11-28
3468,구로구 구로2동 469-4,벽부형,35,2025-11-28
3469,구로구 궁동 47,한전주,150,2025-11-28
3470,구로구 구로5동 47,폴형,25,2025-11-28
3471,구로구 개봉동 50-44,한전주,50,2025-11-28
3472,구로구 개봉동 산2-46,폴형,70,2025-11-28
3473,구로구 개봉동 산2-68,폴형,70,2025-11-28
3474,구로구 구로2동 474-20,한전주,70,2025-11-28
3475,구로구 구로2동 476-106,벽부형,40,2025-11-28
3476,구로구 구로2동 476-107,한전주,40,2025-11-28
3477,구로구 구로2동 476-111,벽부형,40,2025-11-28
3478,구로구 구로2동 476-129,한전주,70,2025-11-28
3479,구로구 구로2동 476-13,한전주,70,2025-11-28
3480,구로구 구로2동 476-130,한전주,70,2025-11-28
3481,구로구 구로2동 476-133,한전주,40,2025-11-28
3482,구로구 구로2동 476-134,한전주,40,2025-11-28
3483,구로구 구로2동 476-26,벽부형,50,2025-11-28
3484,구로구 구로2동 476-29,벽부형,20,2025-11-28
3485,구로구 구로2동 476-34,벽부형,70,2025-11-28
3486,구로구 구로2동 476-38,한전주,40,2025-11-28
3487,구로구 구로2동 476-39,벽부형,40,2025-11-28
3488,구로구 구로2동 476-39,한전주,70,2025-11-28
3489,구로구 구로2동 476-42,한전주,70,2025-11-28
3490,구로구 구로2동 476-17,한전주,40,2025-11-28
3491,구로구 구로2동 476-45,한전주,50,2025-11-28
3492,구로구 구로2동 476-51,벽부형,70,2025-11-28
3493,구로구 구로2동 476-52,벽부형,70,2025-11-28
3494,구로구 구로2동 476-53,벽부형,20,2025-11-28
3495,구로구 구로2동 476-55,,25,2025-11-28
3496,구로구 구로2동 476-57,벽부형,70,2025-11-28
3497,구로구 구로동 476-75,한전주,50,2025-11-28
3498,구로구 구로2동 476-78,벽부형,40,2025-11-28
3499,구로구 구로2동 476-79,한전주,40,2025-11-28
3500,구로구 구로2동 476-91,벽부형,50,2025-11-28
3501,구로구 구로2동 476-96,벽부형,50,2025-11-28
3502,구로구 구로2동 476-98,한전주,50,2025-11-28
3503,구로구 개봉동 477,한전주,100,2025-11-28
3504,구로구 개봉동 477-2,한전주,100,2025-11-28
3505,구로구 구로2동 478-1,한전주,70,2025-11-28
3506,구로구 개봉동 478,한전주,50,2025-11-28
3507,구로구 개봉동 478,한전주,50,2025-11-28
3508,구로구 개봉동 478,한전주,50,2025-11-28
3509,구로구 개봉동 478,한전주,50,2025-11-28
3510,구로구 구로2동 479-20,한전주,50,2025-11-28
3511,구로구 구로동 479-20,,25,2025-11-28
3512,구로구 구로2동 479-26,벽부형,50,2025-11-28
3513,구로구 구로2동 463-53,벽부형,20,2025-11-28
3514,구로구 구로2동 479-36,한전주,25,2025-11-28
3515,구로구 구로2동 479-38,벽부형,25,2025-11-28
3516,구로구 구로2동 479-40,벽부형,70,2025-11-28
3517,구로구 구로2동 479-43,한전주,20,2025-11-28
3518,구로구 구로2동 479-44,벽부형,50,2025-11-28
3519,구로구 구로2동 479-46,폴형,50,2025-11-28
3520,구로구 구로2동 479-53,벽부형,50,2025-11-28
3521,구로구 고척동 48-4,한전주,50,2025-11-28
3522,구로구 고척동 48-10,한전주,50,2025-11-28
3523,구로구 고척동 49-4,벽부형,35,2025-11-28
3524,구로구 구로2동 480-24,한전주,25,2025-11-28
3525,구로구 구로2동 480-31,한전주,50,2025-11-28
3526,구로구 구로2동 480-35,폴형,70,2025-11-28
3527,구로구 구로2동 480-7,한전주,50,2025-11-28
3528,구로구 구로2동 480-8,폴형,20,2025-11-28
3529,구로구 개봉동 482-2,폴형,50,2025-11-28
3530,구로구 개봉동 482-1,폴형,50,2025-11-28
3531,구로구 개봉동 483,한전주,50,2025-11-28
3532,구로구 구로2동 486-12,한전주,20,2025-11-28
3533,구로구 구로2동 486-42,벽부형,70,2025-11-28
3534,구로구 구로2동 486-47,폴형,25,2025-11-28
3535,구로구 구로2동 4786-55,한전주,50,2025-11-28
3536,구로구 구로2동 486-60,한전주,70,2025-11-28
3537,구로구 구로2동 486-66,한전주,,2025-11-28
3538,구로구 구로2동 486-66,벽부형,,2025-11-28
3539,구로구 구로2동 486-68,벽부형,40,2025-11-28
3540,구로구 구로2동 486-71,한전주,20,2025-11-28
3541,구로구 구로2동 486-77,벽부형,50,2025-11-28
3542,구로구 구로2동 486-82,벽부형,50,2025-11-28
3543,구로구 구로2동 487-101,벽부형,40,2025-11-28
3544,구로구 구로2동 487-29,폴형,50,2025-11-28
3545,구로구 구로동 487-30,벽부형,40,2025-11-28
3546,구로구 구로2동 487-42,벽부형,70,2025-11-28
3547,구로구 구로2동 487-48,한전주,70,2025-11-28
3548,구로구 구로2동 487-61,한전주,50,2025-11-28
3549,구로구 구로동 49,폴형,50,2025-11-28
3550,구로구 고척동 49-1,벽부형,50,2025-11-28
3551,구로구 천왕동 49-1,한전주,70,2025-11-28
3552,구로구 개봉동 143-4,한전주,50,2025-11-28
3553,구로구 고척동 49-12,한전주,50,2025-11-28
3554,구로구 고척동 49-13,벽부형,50,2025-11-28
3555,구로구 구로5동 49-2,한전주,70,2025-11-28
3556,구로구 고척동 49-42,한전주,50,2025-11-28
3557,구로구 고척동 49-24,벽부형,50,2025-11-28
3558,구로구 고척동 49-32,폴형,50,2025-11-28
3559,구로구 고척동 49-36,한전주,50,2025-11-28
3560,구로구 구로5동 49-4,벽부형,70,2025-11-28
3561,구로구 구로5동 49-4,벽부형,50,2025-11-28
3562,구로구 구로5동 49-4,폴형,50,2025-11-28
3563,구로구 구로5동 49-4,폴형,50,2025-11-28
3564,구로구 고척동 49-58,,50,2025-11-28
3565,구로구 구로2동 490-11,폴형,20,2025-11-28
3566,구로구 구로2동 490-11,폴형,20,2025-11-28
3567,구로구 구로2동 490-11,폴형,20,2025-11-28
3568,구로구 구로2동 490-11,폴형,20,2025-11-28
3569,구로구 구로2동 490-11,,25,2025-11-28
3570,구로구 구로2동 490-11,폴형,20,2025-11-28
3571,구로구 구로2동 490-14,폴형,70,2025-11-28
3572,구로구 구로2동 491-27,한전주,100,2025-11-28
3573,구로구 구로2동 491-36,한전주,100,2025-11-28
3574,구로구 구로2동 491-41,벽부형,40,2025-11-28
3575,구로구 구로2동 491-42,한전주,20,2025-11-28
3576,구로구 구로2동 491-47,한전주,70,2025-11-28
3577,구로구 구로2동 491-29,한전주,100,2025-11-28
3578,구로구 구로2동 491-57,폴형,20,2025-11-28
3579,구로구 개봉동 492-1,한전주,50,2025-11-28
3580,구로구 구로2동 492-18,벽부형,100,2025-11-28
3581,구로구 구로2동 494-1,한전주,50,2025-11-28
3582,구로구 구로동 494-1,한전주,50,2025-11-28
3583,구로구 구로2동 494-16,한전주,100,2025-11-28
3584,구로구 구로2동 494-2,한전주,25,2025-11-28
3585,구로구 구로2동 494-20,벽부형,70,2025-11-28
3586,구로구 구로동 494-20,한전주,25,2025-11-28
3587,구로구 구로2동 494-3,폴형,,2025-11-28
3588,구로구 구로2동 494-31,벽부형,40,2025-11-28
3589,구로구 구로2동 494-62,,25,2025-11-28
3590,구로구 구로2동 495-11,벽부형,,2025-11-28
3591,구로구 구로2동 496-103,벽부형,70,2025-11-28
3592,구로구 구로동 496-11,폴형,25,2025-11-28
3593,구로구 구로2동 496-114,한전주,70,2025-11-28
3594,구로구 구로2동 496-117,한전주,20,2025-11-28
3595,구로구 구로2동 496-118,벽부형,70,2025-11-28
3596,구로구 구로동 496-144,한전주,70,2025-11-28
3597,구로구 구로2동 496-144,폴형,20,2025-11-28
3598,구로구 구로2동 496-144,폴형,20,2025-11-28
3599,구로구 구로2동 496-144,폴형,20,2025-11-28
3600,구로구 구로2동 496-144,폴형,50,2025-11-28
3601,구로구 구로2동 496-15,폴형,25,2025-11-28
3602,구로구 구로2동 496-166,벽부형,70,2025-11-28
3603,구로구 구로2동 496-22,한전주,50,2025-11-28
3604,구로구 구로2동 496-22,폴형,50,2025-11-28
3605,구로구 구로2동 496-41,한전주,50,2025-11-28
3606,구로구 구로2동 496-44,한전주,25,2025-11-28
3607,구로구 구로2동 496-45,폴형,50,2025-11-28
3608,구로구 구로2동 496-50,벽부형,20,2025-11-28
3609,구로구 구로2동 496-51,벽부형,20,2025-11-28
3610,구로구 구로2동 496-52,벽부형,50,2025-11-28
3611,구로구 구로2동 496-54,한전주,20,2025-11-28
3612,구로구 구로2동 496-55,한전주,40,2025-11-28
3613,구로구 구로2동 496-56,폴형,50,2025-11-28
3614,구로구 구로2동 496-6,벽부형,70,2025-11-28
3615,구로구 구로2동 496-68,한전주,70,2025-11-28
3616,구로구 구로2동 496-79,벽부형,70,2025-11-28
3617,구로구 구로2동 496-87,한전주,40,2025-11-28
3618,구로구 구로2동 496-90,한전주,70,2025-11-28
3619,구로구 구로2동 496-95,한전주,70,2025-11-28
3620,구로구 구로2동 496-99,벽부형,40,2025-11-28
3621,구로구 온수동 5-7,폴형,70,2025-11-28
3622,구로구 개봉동 5-15,폴형,25,2025-11-28
3623,구로구 천왕동 266-4,한전주,70,2025-11-28
3624,구로구 궁동 50,한전주,50,2025-11-28
3625,구로구 고척동 343-1,벽부형,35,2025-11-28
3626,구로구 고척동 50-97,한전주,50,2025-11-28
3627,구로구 개봉동 50-52,한전주,25,2025-11-28
3628,구로구 개봉동 50-62,한전주,70,2025-11-28
3629,구로구 개봉동 53,한전주,50,2025-11-28
3630,구로구 개봉동 50-57,한전주,30,2025-11-28
3631,구로구 고척1동 43-36,한전주,30,2025-11-28
3632,구로구 개봉동 50-44,한전주,30,2025-11-28
3633,구로구 개봉동 산2-45,폴형,25,2025-11-28
3634,구로구 개봉동 47-6,폴형,70,2025-11-28
3635,구로구 개봉동 50-40,벽부형,70,2025-11-28
3636,구로구 개봉동 47-6,한전주,70,2025-11-28
3637,구로구 개봉동 50-46,한전주,25,2025-11-28
3638,구로구 고척1동 50-46,한전주,50,2025-11-28
3639,구로구 고척1동 43-39,한전주,50,2025-11-28
3640,구로구 개봉동 47-7,한전주,70,2025-11-28
3641,구로구 고척동 50-55,한전주,50,2025-11-28
3642,구로구 고척동 50-58,벽부형,50,2025-11-28
3643,구로구 개봉동 50-57,한전주,20,2025-11-28
3644,구로구 개봉동 산2-25,폴형,25,2025-11-28
3645,구로구 고척동 50-65,한전주,70,2025-11-28
3646,구로구 구로2동 500-17,한전주,25,2025-11-28
3647,구로구 구로5동 501-7,한전주,70,2025-11-28
3648,구로구 구로2동 503-11,한전주,70,2025-11-28
3649,구로구 구로2동 503-23,벽부형,70,2025-11-28
3650,구로구 구로2동 505-10,벽부형,70,2025-11-28
3651,구로구 구로2동 505-19,벽부형,40,2025-11-28
3652,구로구 구로2동 505-25,폴형,70,2025-11-28
3653,구로구 구로2동 505-9,한전주,40,2025-11-28
3654,구로구 구로2동 506-11,벽부형,100,2025-11-28
3655,구로구 구로2동 506-2,한전주,70,2025-11-28
3656,구로구 구로2동 506-4,벽부형,40,2025-11-28
3657,구로구 구로2동 506-7,벽부형,20,2025-11-28
3658,구로구 구로2동 507-1,한전주,20,2025-11-28
3659,구로구 구로동 496-177,벽부형,25,2025-11-28
3660,구로구 구로2동 507-5,,70,2025-11-28
3661,구로구 고척1동 51-27,한전주,50,2025-11-28
3662,구로구 고척1동 320-3,한전주,50,2025-11-28
3663,구로구 고척동 343-1,한전주,70,2025-11-28
3664,구로구 고척동 51-11,한전주,70,2025-11-28
3665,구로구 고척동 343-1,한전주,30,2025-11-28
3666,구로구 고척동 343-1,벽부형,35,2025-11-28
3667,구로구 온수동 51-1,한전주,70,2025-11-28
3668,구로구 고척동 51-17,한전주,50,2025-11-28
3669,구로구 고척동 51-18,한전주,50,2025-11-28
3670,구로구 개봉동 416-150,벽부형,25,2025-11-28
3671,구로구 온수동 51-11,한전주,70,2025-11-28
3672,구로구 고척동 50-109,한전주,50,2025-11-28
3673,구로구 개봉동 416-150,한전주,25,2025-11-28
3674,구로구 개봉동 51-8,한전주,70,2025-11-28
3675,구로구 구로2동 443,한전주,50,2025-11-28
3676,구로구 구로2동 511-23,한전주,20,2025-11-28
3677,구로구 구로2동 443,한전주,20,2025-11-28
3678,구로구 구로2동 511-29,벽부형,100,2025-11-28
3679,구로구 구로2동 511-34,벽부형,70,2025-11-28
3680,구로구 구로2동 511-37,벽부형,50,2025-11-28
3681,구로구 구로2동 511-39,벽부형,50,2025-11-28
3682,구로구 구로2동 511-39,한전주,48,2025-11-28
3683,구로구 구로2동 511-4,한전주,48,2025-11-28
3684,구로구 구로2동 511-41,벽부형,70,2025-11-28
3685,구로구 구로2동 511-60,벽부형,70,2025-11-28
3686,구로구 구로2동 511-66,한전주,48,2025-11-28
3687,구로구 구로2동 512-12,한전주,70,2025-11-28
3688,구로구 구로2동 512-17,한전주,25,2025-11-28
3689,구로구 구로2동 512-22,폴형,20,2025-11-28
3690,구로구 구로2동 512-25,,70,2025-11-28
3691,구로구 구로2동 512-35,한전주,70,2025-11-28
3692,구로구 구로2동 513-21,한전주,48,2025-11-28
3693,구로구 구로2동 513-21,,48,2025-11-28
3694,구로구 구로2동 513-23,한전주,100,2025-11-28
3695,구로구 구로2동 513-35,한전주,48,2025-11-28
3696,구로구 구로2동 513-37,벽부형,50,2025-11-28
3697,구로구 구로2동 513-39,한전주,70,2025-11-28
3698,구로구 구로5동 516-1,폴형,35,2025-11-28
3699,구로구 구로5동 516-4,한전주,25,2025-11-28
3700,구로구 구로5동 517,,25,2025-11-28
3701,구로구 구로5동 519-10,폴형,70,2025-11-28
3702,구로구 온수동 51-4,한전주,70,2025-11-28
3703,구로구 고척동 52-111,벽부형,50,2025-11-28
3704,구로구 고척동 321,한전주,50,2025-11-28
3705,구로구 고척동 52-6,폴형,50,2025-11-28
3706,구로구 고척동 52-6,한전주,35,2025-11-28
3707,구로구 고척동 52-130,한전주,50,2025-11-28
3708,구로구 고척동 52-6,폴형,50,2025-11-28
3709,구로구 고척동 52-134,벽부형,25,2025-11-28
3710,구로구 고척동 52-6,벽부형,35,2025-11-28
3711,구로구 고척동 52-6,폴형,20,2025-11-28
3712,구로구 고척동 52-143,폴형,50,2025-11-28
3713,구로구 고척동 52-6,한전주,50,2025-11-28
3714,구로구 고척동 52-150,폴형,50,2025-11-28
3715,구로구 고척동 52-153,한전주,50,2025-11-28
3716,구로구 고척동 52-157,폴형,50,2025-11-28
3717,구로구 고척동 52-6,한전주,50,2025-11-28
3718,구로구 고척동 52-165,폴형,50,2025-11-28
3719,구로구 고척동 52-170,한전주,50,2025-11-28
3720,구로구 고척동 52-172,한전주,50,2025-11-28
3721,구로구 고척동 52-173,폴형,50,2025-11-28
3722,구로구 고척동 52-175,벽부형,50,2025-11-28
3723,구로구 고척동 321,한전주,50,2025-11-28
3724,구로구 고척동 321,벽부형,50,2025-11-28
3725,구로구 고척동 52-180,한전주,25,2025-11-28
3726,구로구 고척동 52-182,벽부형,50,2025-11-28
3727,구로구 고척동 52-185,벽부형,50,2025-11-28
3728,구로구 고척동 52-73,벽부형,50,2025-11-28
3729,구로구 고척동 52-315,폴형,50,2025-11-28
3730,구로구 고척동 76-95,한전주,50,2025-11-28
3731,구로구 고척동 327,한전주,50,2025-11-28
3732,구로구 고척동 52-224,폴형,25,2025-11-28
3733,구로구 고척동 52-229,벽부형,50,2025-11-28
3734,구로구 고척동 52-224,폴형,50,2025-11-28
3735,구로구 고척동 52-375,한전주,50,2025-11-28
3736,구로구 고척동 52-246,한전주,50,2025-11-28
3737,구로구 고척동 52-224,폴형,50,2025-11-28
3738,구로구 고척동 52-261,한전주,50,2025-11-28
3739,구로구 고척동 52-224,폴형,50,2025-11-28
3740,구로구 고척동 52-269,벽부형,50,2025-11-28
3741,구로구 고척동 52-280,폴형,50,2025-11-28
3742,구로구 고척동 52-52,폴형,25,2025-11-28
3743,구로구 고척동 52-296,벽부형,50,2025-11-28
3744,구로구 고척동 52-312,벽부형,50,2025-11-28
3745,구로구 고척동 322,한전주,50,2025-11-28
3746,구로구 고척동 52-320,한전주,50,2025-11-28
3747,구로구 고척동 52-345,벽부형,50,2025-11-28
3748,구로구 고척동 118-3,한전주,70,2025-11-28
3749,구로구 고척동 52-366,벽부형,35,2025-11-28
3750,구로구 고척동 52-280,벽부형,50,2025-11-28
3751,구로구 고척동 321,벽부형,35,2025-11-28
3752,구로구 고척동 79-11,한전주,50,2025-11-28
3753,구로구 고척동 52-385,한전주,50,2025-11-28
3754,구로구 고척동 52-280,벽부형,50,2025-11-28
3755,구로구 고척동 52-327,한전주,50,2025-11-28
3756,구로구 고척동 52-48,벽부형,50,2025-11-28
3757,구로구 고척동 52-345,한전주,50,2025-11-28
3758,구로구 고척동 52-54,폴형,50,2025-11-28
3759,구로구 고척동 52-54,폴형,300,2025-11-28
3760,구로구 고척동 50-109,한전주,50,2025-11-28
3761,구로구 고척동 52-74,한전주,50,2025-11-28
3762,구로구 고척동 52-72,폴형,50,2025-11-28
3763,구로구 고척동 52-73,벽부형,50,2025-11-28
3764,구로구 고척동 51-21,한전주,50,2025-11-28
3765,구로구 고척동 52-73,벽부형,50,2025-11-28
3766,구로구 구로5동 520-1,한전주,70,2025-11-28
3767,구로구 구로5동 520-2,한전주,20,2025-11-28
3768,구로구 구로5동 520-21,폴형,25,2025-11-28
3769,구로구 구로5동 521-1,한전주,70,2025-11-28
3770,구로구 구로5동 521-3,벽부형,70,2025-11-28
3771,구로구 구로5동 521-4,한전주,70,2025-11-28
3772,구로구 구로5동 522-21,폴형,25,2025-11-28
3773,구로구 구로5동 522-23,폴형,25,2025-11-28
3774,구로구 구로5동 552-27,벽부형,25,2025-11-28
3775,구로구 구로5동 522-29,벽부형,35,2025-11-28
3776,구로구 구로5동 522-3,폴형,35,2025-11-28
3777,구로구 구로5동 522-36,한전주,70,2025-11-28
3778,구로구 구로5동 522-40,한전주,25,2025-11-28
3779,구로구 구로동 522-41,폴형,25,2025-11-28
3780,구로구 구로5동 522-8,폴형,70,2025-11-28
3781,구로구 구로5동 523-16,벽부형,70,2025-11-28
3782,구로구 구로5동 523-23,벽부형,50,2025-11-28
3783,구로구 구로5동 523-28,한전주,50,2025-11-28
3784,구로구 구로5동 523-29,한전주,25,2025-11-28
3785,구로구 구로5동 523-29,한전주,50,2025-11-28
3786,구로구 구로5동 523-29,벽부형,70,2025-11-28
3787,구로구 구로5동 523-8,폴형,25,2025-11-28
3788,구로구 구로5동 524-18,벽부형,50,2025-11-28
3789,구로구 구로5동 524-3,폴형,50,2025-11-28
3790,구로구 구로5동 525-3,폴형,35,2025-11-28
3791,구로구 구로5동 525-5,한전주,70,2025-11-28
3792,구로구 구로5동 526-22,한전주,25,2025-11-28
3793,구로구 구로5동 526-4,한전주,70,2025-11-28
3794,구로구 구로5동 526-8,벽부형,35,2025-11-28
3795,구로구 구로5동 527-2,벽부형,35,2025-11-28
3796,구로구 구로5동 527-8,벽부형,35,2025-11-28
3797,구로구 구로5동 528-19,한전주,70,2025-11-28
3798,구로구 구로5동 53-13,한전주,,2025-11-28
3799,구로구 구로5동 53-13,한전주,50,2025-11-28
3800,구로구 고척동 327,한전주,50,2025-11-28
3801,구로구 구로동 530-7,한전주,70,2025-11-28
3802,구로구 구로동 530-71,한전주,25,2025-11-28
3803,구로구 구로동 531-6,,35,2025-11-28
3804,구로구 구로동 532-146,한전주,50,2025-11-28
3805,구로구 구로동 532-41,벽부형,35,2025-11-28
3806,구로구 구로동 532-58,한전주,50,2025-11-28
3807,구로구 구로5동 537-100,한전주,70,2025-11-28
3808,구로구 구로동 537-109,한전주,40,2025-11-28
3809,구로구 구로동 537-66,한전주,25,2025-11-28
3810,구로구 구로5동 537-67,벽부형,70,2025-11-28
3811,구로구 구로5동 537-69,한전주,25,2025-11-28
3812,구로구 개봉동 50-44,한전주,50,2025-11-28
3813,구로구 온수동 54-1,폴형,70,2025-11-28
3814,구로구 개봉동 55-23,폴형,25,2025-11-28
3815,구로구 구로5동 543-13,한전주,70,2025-11-28
3816,구로구 구로5동 543-14,벽부형,50,2025-11-28
3817,구로구 구로5동 543-2,한전주,25,2025-11-28
3818,구로구 구로5동 544,한전주,25,2025-11-28
3819,구로구 구로5동 544,한전주,70,2025-11-28
3820,구로구 구로5동 544-1,한전주,25,2025-11-28
3821,구로구 구로5동 544-2,폴형,70,2025-11-28
3822,구로구 구로5동 544-2,폴형,70,2025-11-28
3823,구로구 구로5동 544-38,한전주,50,2025-11-28
3824,구로구 구로5동 545-1,한전주,25,2025-11-28
3825,구로구 구로5동 545-11,한전주,70,2025-11-28
3826,구로구 구로5동 545-13,폴형,25,2025-11-28
3827,구로구 구로5동 545-18,한전주,25,2025-11-28
3828,구로구 구로5동 545-20,벽부형,70,2025-11-28
3829,구로구 구로5동 545-21,한전주,70,2025-11-28
3830,구로구 구로5동 545-6,,25,2025-11-28
3831,구로구 구로5동 546,한전주,50,2025-11-28
3832,구로구 구로5동 546-1,한전주,70,2025-11-28
3833,구로구 구로5동 546-14,한전주,25,2025-11-28
3834,구로구 구로5동 546-15,벽부형,50,2025-11-28
3835,구로구 구로5동 546-17,한전주,50,2025-11-28
3836,구로구 구로5동 546-19,한전주,70,2025-11-28
3837,구로구 구로5동 546-2,한전주,70,2025-11-28
3838,구로구 구로5동 546-2,한전주,25,2025-11-28
3839,구로구 구로5동 547-1,한전주,50,2025-11-28
3840,구로구 구로5동 547-1,벽부형,50,2025-11-28
3841,구로구 구로5동 547-2,한전주,50,2025-11-28
3842,구로구 구로5동 547-21,벽부형,50,2025-11-28
3843,구로구 구로5동 547-22,벽부형,35,2025-11-28
3844,구로구 구로5동 547-23,벽부형,70,2025-11-28
3845,구로구 구로5동 547-25,폴형,70,2025-11-28
3846,구로구 구로5동 547-31,한전주,50,2025-11-28
3847,구로구 구로5동 547-31,폴형,50,2025-11-28
3848,구로구 구로5동 548,한전주,25,2025-11-28
3849,구로구 구로5동 548,한전주,35,2025-11-28
3850,구로구 구로5동 548,벽부형,70,2025-11-28
3851,구로구 구로5동 549-19,한전주,70,2025-11-28
3852,구로구 구로5동 549-28,폴형,40,2025-11-28
3853,구로구 구로5동 549-35,한전주,50,2025-11-28
3854,구로구 구로5동 549-39,폴형,20,2025-11-28
3855,구로구 구로5동 549-4,폴형,35,2025-11-28
3856,구로구 구로5동 549-4,벽부형,70,2025-11-28
3857,구로구 구로5동 549-41,한전주,50,2025-11-28
3858,구로구 구로5동 549-5,한전주,25,2025-11-28
3859,구로구 구로5동 549-51,벽부형,70,2025-11-28
3860,구로구 구로5동 549-55,벽부형,70,2025-11-28
3861,구로구 구로동 549-73,,35,2025-11-28
3862,구로구 구로동 549-73,,35,2025-11-28
3863,구로구 구로5동 549-6,한전주,50,2025-11-28
3864,구로구 구로5동 549-63,폴형,70,2025-11-28
3865,구로구 구로5동 549-65,폴형,70,2025-11-28
3866,구로구 구로5동 549-69,한전주,50,2025-11-28
3867,구로구 구로5동 549-80,폴형,70,2025-11-28
3868,구로구 온수동 55-5,벽부형,70,2025-11-28
3869,구로구 개봉동 55-15,한전주,70,2025-11-28
3870,구로구 개봉동 50-44,한전주,50,2025-11-28
3871,구로구 온수동 55-16,벽부형,70,2025-11-28
3872,구로구 온수동 55-16,벽부형,70,2025-11-28
3873,구로구 온수동 55-22,벽부형,70,2025-11-28
3874,구로구 온수동 55-16,벽부형,70,2025-11-28
3875,구로구 온수동 55-18,벽부형,70,2025-11-28
3876,구로구 개봉동 55-4,벽부형,70,2025-11-28
3877,구로구 온수동 53-11,한전주,50,2025-11-28
3878,구로구 온수동 55-4,한전주,50,2025-11-28
3879,구로구 온수동 54-1,한전주,70,2025-11-28
3880,구로구 구로5동 550-10,한전주,70,2025-11-28
3881,구로구 구로5동 550-11,한전주,25,2025-11-28
3882,구로구 구로5동 550-5,폴형,25,2025-11-28
3883,구로구 구로5동 550-8,벽부형,70,2025-11-28
3884,구로구 구로5동 551-101,벽부형,50,2025-11-28
3885,구로구 구로5동 551-103,한전주,70,2025-11-28
3886,구로구 구로5동 551-105,벽부형,70,2025-11-28
3887,구로구 구로5동 551-107,한전주,50,2025-11-28
3888,구로구 구로5동 551-109,한전주,30,2025-11-28
3889,구로구 구로5동 551-111,한전주,35,2025-11-28
3890,구로구 구로5동 551-111,폴형,35,2025-11-28
3891,구로구 구로5동 551-112,벽부형,70,2025-11-28
3892,구로구 구로5동 551-122,한전주,25,2025-11-28
3893,구로구 구로5동 551-122,폴형,70,2025-11-28
3894,구로구 구로5동 551-133,한전주,70,2025-11-28
3895,구로구 구로5동 551-134,한전주,50,2025-11-28
3896,구로구 구로5동 551-142,한전주,70,2025-11-28
3897,구로구 구로5동 551-151,벽부형,70,2025-11-28
3898,구로구 구로5동 551-152,한전주,70,2025-11-28
3899,구로구 구로5동 551-154,벽부형,70,2025-11-28
3900,구로구 구로5동 551-159,한전주,50,2025-11-28
3901,구로구 구로5동 551-166,한전주,25,2025-11-28
3902,구로구 구로5동 551-182,벽부형,70,2025-11-28
3903,구로구 구로5동 551-47,벽부형,35,2025-11-28
3904,구로구 구로5동 551-50,폴형,70,2025-11-28
3905,구로구 구로5동 551-53,한전주,70,2025-11-28
3906,구로구 구로동 551-6,한전주,35,2025-11-28
3907,구로구 구로동 551-62,한전주,50,2025-11-28
3908,구로구 구로5동 551-62,폴형,25,2025-11-28
3909,구로구 구로5동 551-63,벽부형,70,2025-11-28
3910,구로구 구로5동 551-64,벽부형,70,2025-11-28
3911,구로구 구로5동 551-72,벽부형,70,2025-11-28
3912,구로구 구로5동 551-74,한전주,50,2025-11-28
3913,구로구 구로5동 551-79,한전주,25,2025-11-28
3914,구로구 구로5동 551-83,벽부형,35,2025-11-28
3915,구로구 구로5동 551-86,벽부형,35,2025-11-28
3916,구로구 구로5동 551-90,한전주,70,2025-11-28
3917,구로구 구로5동 551-93,폴형,25,2025-11-28
3918,구로구 구로5동 551-93,벽부형,25,2025-11-28
3919,구로구 구로5동 552-12,벽부형,25,2025-11-28
3920,구로구 구로5동 552-14,벽부형,70,2025-11-28
3921,구로구 구로5동 552-20,폴형,25,2025-11-28
3922,구로구 구로5동 552-21,한전주,25,2025-11-28
3923,구로구 구로5동 552-37,벽부형,70,2025-11-28
3924,구로구 구로5동 552-56,벽부형,70,2025-11-28
3925,구로구 구로5동 552-60,한전주,70,2025-11-28
3926,구로구 구로5동 552-64,한전주,50,2025-11-28
3927,구로구 구로5동 552-69,폴형,50,2025-11-28
3928,구로구 구로5동 552-7,한전주,35,2025-11-28
3929,구로구 구로5동 552-7,벽부형,70,2025-11-28
3930,구로구 구로5동 552-7,한전주,70,2025-11-28
3931,구로구 구로5동 552-91,벽부형,70,2025-11-28
3932,구로구 구로5동 552-96,벽부형,70,2025-11-28
3933,구로구 구로5동 552-99,폴형,50,2025-11-28
3934,구로구 구로5동 553-2,한전주,25,2025-11-28
3935,구로구 구로5동 553-3,폴형,50,2025-11-28
3936,구로구 구로5동 553-7,한전주,50,2025-11-28
3937,구로구 구로5동 553-7,폴형,70,2025-11-28
3938,구로구 구로5동 553-7,한전주,70,2025-11-28
3939,구로구 구로5동 554-10,벽부형,70,2025-11-28
3940,구로구 구로5동 554-11,한전주,35,2025-11-28
3941,구로구 구로5동 554-12,한전주,70,2025-11-28
3942,구로구 구로5동 554-2,한전주,70,2025-11-28
3943,구로구 구로5동 554-22,한전주,50,2025-11-28
3944,구로구 구로5동 554-24,한전주,50,2025-11-28
3945,구로구 구로5동 554-34,한전주,70,2025-11-28
3946,구로구 구로5동 554-38,벽부형,50,2025-11-28
3947,구로구 구로5동 554-5,폴형,25,2025-11-28
3948,구로구 구로5동 554-7,폴형,70,2025-11-28
3949,구로구 구로5동 557-17,폴형,50,2025-11-28
3950,구로구 구로5동 557-17,폴형,50,2025-11-28
3951,구로구 구로5동 557-20,한전주,70,2025-11-28
3952,구로구 구로5동 557-20,폴형,50,2025-11-28
3953,구로구 구로5동 551-119,한전주,70,2025-11-28
3954,구로구 개봉동 50-44,한전주,50,2025-11-28
3955,구로구 구로5동 569-25,한전주,70,2025-11-28
3956,구로구 고척동 57-67,한전주,50,2025-11-28
3957,구로구 고척동 57-223,한전주,50,2025-11-28
3958,구로구 고척동 57-228,한전주,50,2025-11-28
3959,구로구 고척동 57-228,한전주,50,2025-11-28
3960,구로구 고척동 57-228,한전주,50,2025-11-28
3961,구로구 고척동 57-226,한전주,50,2025-11-28
3962,구로구 고척동 57-226,한전주,50,2025-11-28
3963,구로구 고척동 57-226,한전주,50,2025-11-28
3964,구로구 고척동 57-95,한전주,50,2025-11-28
3965,구로구 고척동 57-229,한전주,25,2025-11-28
3966,구로구 고척동 57-57,한전주,50,2025-11-28
3967,구로구 고척동 57-62,한전주,50,2025-11-28
3968,구로구 고척동 57-63,한전주,50,2025-11-28
3969,구로구 개봉동 416-150,한전주,25,2025-11-28
3970,구로구 고척동 57-178,벽부형,70,2025-11-28
3971,구로구 개봉동 416-150,한전주,25,2025-11-28
3972,구로구 고척동 57-181,한전주,50,2025-11-28
3973,구로구 고척동 57-67,한전주,50,2025-11-28
3974,구로구 고척동 57-187,한전주,25,2025-11-28
3975,구로구 고척동 57-19,한전주,50,2025-11-28
3976,구로구 고척동 57-67,한전주,25,2025-11-28
3977,구로구 고척동 57-67,한전주,25,2025-11-28
3978,구로구 고척동 57-194,한전주,50,2025-11-28
3979,구로구 고척동 57-46,한전주,50,2025-11-28
3980,구로구 개봉동 57-7,한전주,70,2025-11-28
3981,구로구 고척동 57-22,폴형,70,2025-11-28
3982,구로구 고척동 57-22,폴형,70,2025-11-28
3983,구로구 고척동 49-63,한전주,50,2025-11-28
3984,구로구 고척동 57-231,한전주,50,2025-11-28
3985,구로구 고척동 57-63,한전주,50,2025-11-28
3986,구로구 고척동 57-30,한전주,50,2025-11-28
3987,구로구 고척동 57-34,한전주,50,2025-11-28
3988,구로구 고척동 57-49,한전주,50,2025-11-28
3989,구로구 고척동 57-44,한전주,25,2025-11-28
3990,구로구 고척동 57-63,한전주,50,2025-11-28
3991,구로구 개봉동 57-7,한전주,25,2025-11-28
3992,구로구 고척동 57-51,벽부형,50,2025-11-28
3993,구로구 고척동 57-53,폴형,50,2025-11-28
3994,구로구 고척동 57-55,한전주,50,2025-11-28
3995,구로구 고척동 57-58,폴형,50,2025-11-28
3996,구로구 고척동 57-7,한전주,50,2025-11-28
3997,구로구 개봉동 57-8,한전주,70,2025-11-28
3998,구로구 고척동 57-82,벽부형,50,2025-11-28
3999,구로구 고척동 57-8,벽부형,25,2025-11-28
4000,구로구 구로5동 570-85,한전주,50,2025-11-28
4001,구로구 구로5동 570-101,벽부형,20,2025-11-28
4002,구로구 구로5동 570-102,폴형,70,2025-11-28
4003,구로구 구로5동 570-108,한전주,70,2025-11-28
4004,구로구 구로5동 570-112,벽부형,35,2025-11-28
4005,구로구 구로5동 570-113,한전주,25,2025-11-28
4006,구로구 구로5동 570-118,한전주,70,2025-11-28
4007,구로구 구로5동 570-125,벽부형,70,2025-11-28
4008,구로구 구로5동 570-144,한전주,50,2025-11-28
4009,구로구 구로5동 570-146,한전주,25,2025-11-28
4010,구로구 구로5동 570-148,벽부형,70,2025-11-28
4011,구로구 구로5동 570-149,폴형,25,2025-11-28
4012,구로구 구로5동 570-16,벽부형,35,2025-11-28
4013,구로구 구로5동 570-2,한전주,35,2025-11-28
4014,구로구 구로5동 570-27,폴형,70,2025-11-28
4015,구로구 구로5동 570-28,한전주,35,2025-11-28
4016,구로구 구로5동 570-32,한전주,35,2025-11-28
4017,구로구 구로5동 570-49,한전주,70,2025-11-28
4018,구로구 구로5동 570-61,한전주,70,2025-11-28
4019,구로구 구로5동 570-84,한전주,25,2025-11-28
4020,구로구 구로동 570-87,,50,2025-11-28
4021,구로구 구로5동 570-88,한전주,35,2025-11-28
4022,구로구 구로5동 570-91,폴형,25,2025-11-28
4023,구로구 구로5동 570-97,한전주,70,2025-11-28
4024,구로구 구로5동 571-30,폴형,35,2025-11-28
4025,구로구 구로5동 571-36,한전주,35,2025-11-28
4026,구로구 구로5동 571-38,한전주,70,2025-11-28
4027,구로구 구로5동 571-39,벽부형,35,2025-11-28
4028,구로구 구로5동 571-57,벽부형,70,2025-11-28
4029,구로구 구로5동 571-63,한전주,35,2025-11-28
4030,구로구 구로5동 571-71,폴형,70,2025-11-28
4031,구로구 구로5동 571-89,벽부형,35,2025-11-28
4032,구로구 구로5동 571-90,한전주,25,2025-11-28
4033,구로구 구로5동 571-95,한전주,25,2025-11-28
4034,구로구 구로5동 572-22,한전주,70,2025-11-28
4035,구로구 구로5동 572-25,벽부형,70,2025-11-28
4036,구로구 구로5동 572-32,폴형,70,2025-11-28
4037,구로구 구로5동 572-33,폴형,30,2025-11-28
4038,구로구 고척동 52-6,벽부형,50,2025-11-28
4039,구로구 개봉동 416-150,한전주,50,2025-11-28
4040,구로구 온수동 59-6,한전주,25,2025-11-28
4041,구로구 개봉동 59-9,벽부형,50,2025-11-28
4042,구로구 개봉동 442,폴형,50,2025-11-28
4043,구로구 구로동 597-31,한전주,70,2025-11-28
4044,구로구 오류동 6-137,한전주,25,2025-11-28
4045,구로구 오류동 6-153,한전주,70,2025-11-28
4046,구로구 오류동 6-249,한전주,20,2025-11-28
4047,구로구 개봉동 416-150,한전주,50,2025-11-28
4048,구로구 개봉동 298-75,한전주,70,2025-11-28
4049,구로구 개봉동 298-75,한전주,70,2025-11-28
4050,구로구 개봉동 416-150,한전주,50,2025-11-28
4051,구로구 개봉동 60-101,폴형,50,2025-11-28
4052,구로구 개봉동 60-79,한전주,70,2025-11-28
4053,구로구 개봉동 60-79,한전주,70,2025-11-28
4054,구로구 개봉동 60-17,한전주,40,2025-11-28
4055,구로구 고척동 60-3,한전주,50,2025-11-28
4056,구로구 개봉동 60-79,폴형,25,2025-11-28
4057,구로구 개봉동 60-79,폴형,70,2025-11-28
4058,구로구 고척동 57-226,폴형,150,2025-11-28
4059,구로구 개봉동 60-79,벽부형,25,2025-11-28
4060,구로구 개봉동 60-79,한전주,70,2025-11-28
4061,구로구 개봉동 60-79,폴형,70,2025-11-28
4062,구로구 개봉동 64-53,한전주,70,2025-11-28
4063,구로구 개봉동 60-84,한전주,50,2025-11-28
4064,구로구 개봉동 60-75,한전주,50,2025-11-28
4065,구로구 온수동 59-4,한전주,50,2025-11-28
4066,구로구 온수동 61-11,한전주,50,2025-11-28
4067,구로구 온수동 61-12,한전주,25,2025-11-28
4068,구로구 온수동 62-10,한전주,50,2025-11-28
4069,구로구 개봉동 60-2,한전주,70,2025-11-28
4070,구로구 온수동 61-28,벽부형,50,2025-11-28
4071,구로구 온수동 61-22,벽부형,25,2025-11-28
4072,구로구 온수동 62-17,폴형,25,2025-11-28
4073,구로구 개봉동 61-3,한전주,50,2025-11-28
4074,구로구 온수동 61-31,한전주,50,2025-11-28
4075,구로구 온수동 61-8,한전주,50,2025-11-28
4076,구로구 개봉동 416-150,한전주,25,2025-11-28
4077,구로구 구로동 614-129,한전주,,2025-11-28
4078,구로구 구로동 614-57,한전주,70,2025-11-28
4079,구로구 구로동 614-58,한전주,50,2025-11-28
4080,구로구 온수동 62-10,한전주,50,2025-11-28
4081,구로구 고척동 62-10,벽부형,50,2025-11-28
4082,구로구 온수동 62-4,한전주,50,2025-11-28
4083,구로구 고척동 62-102,한전주,25,2025-11-28
4084,구로구 고척동 62-160,폴형,50,2025-11-28
4085,구로구 고척동 62-11,벽부형,50,2025-11-28
4086,구로구 고척동 62-12,벽부형,50,2025-11-28
4087,구로구 고척동 62-13,벽부형,50,2025-11-28
4088,구로구 고척동 63-3,한전주,50,2025-11-28
4089,구로구 고척동 62-124,폴형,50,2025-11-28
4090,구로구 구로5동 62-15,한전주,50,2025-11-28
4091,구로구 고척동 62-15,벽부형,30,2025-11-28
4092,구로구 구로5동 62-16,한전주,70,2025-11-28
4093,구로구 온수동 121-1,한전주,50,2025-11-28
4094,구로구 온수동 121-1,한전주,50,2025-11-28
4095,구로구 구로5동 62-18,한전주,50,2025-11-28
4096,구로구 고척동 62-71,폴형,50,2025-11-28
4097,구로구 고척동 62-127,한전주,50,2025-11-28
4098,구로구 개봉동 416-150,한전주,25,2025-11-28
4099,구로구 개봉동 62-21,한전주,50,2025-11-28
4100,구로구 고척동 62-127,한전주,50,2025-11-28
4101,구로구 고척동 62-125,한전주,50,2025-11-28
4102,구로구 개봉동 62-23,한전주,25,2025-11-28
4103,구로구 구로5동 62-23,한전주,50,2025-11-28
4104,구로구 고척동 62-23,벽부형,50,2025-11-28
4105,구로구 고척동 62-125,한전주,25,2025-11-28
4106,구로구 개봉동 62-28,한전주,100,2025-11-28
4107,구로구 개봉동 62-30,한전주,25,2025-11-28
4108,구로구 고척동 62-40,한전주,50,2025-11-28
4109,구로구 고척동 62-126,한전주,50,2025-11-28
4110,구로구 고척동 62-126,한전주,50,2025-11-28
4111,구로구 고척동 62-125,폴형,30,2025-11-28
4112,구로구 고척동 62-125,한전주,50,2025-11-28
4113,구로구 고척동 62-51,한전주,25,2025-11-28
4114,구로구 고척동 62-124,한전주,50,2025-11-28
4115,구로구 고척동 62-109,한전주,50,2025-11-28
4116,구로구 고척동 62-64,벽부형,50,2025-11-28
4117,구로구 고척동 62-65,한전주,50,2025-11-28
4118,구로구 고척동 62-7,벽부형,25,2025-11-28
4119,구로구 고척동 62-72,폴형,50,2025-11-28
4120,구로구 고척동 62-127,한전주,50,2025-11-28
4121,구로구 온수동 62,폴형,50,2025-11-28
4122,구로구 온수동 62,폴형,50,2025-11-28
4123,구로구 고척동 62-80,한전주,25,2025-11-28
4124,구로구 고척동 62-127,한전주,25,2025-11-28
4125,구로구 고척동 62-123,한전주,50,2025-11-28
4126,구로구 고척동 62-127,한전주,50,2025-11-28
4127,구로구 고척동 62-90,한전주,50,2025-11-28
4128,구로구 개봉동 62-12,한전주,100,2025-11-28
4129,구로구 개봉동 63-7,한전주,70,2025-11-28
4130,구로구 개봉동 63-34,한전주,50,2025-11-28
4131,구로구 개봉동 63-35,한전주,70,2025-11-28
4132,구로구 신도림동 638,한전주,50,2025-11-28
4133,구로구 신도림동 638,,70,2025-11-28
4134,구로구 신도림동 639,한전주,50,2025-11-28
4135,구로구 신도림동 639,한전주,50,2025-11-28
4136,구로구 신도림동 639,한전주,50,2025-11-28
4137,구로구 개봉동 66-32,폴형,70,2025-11-28
4138,구로구 개봉동 64-101,벽부형,70,2025-11-28
4139,구로구 개봉동 64-26,벽부형,70,2025-11-28
4140,구로구 개봉동 64-24,한전주,50,2025-11-28
4141,구로구 개봉동 64-34,폴형,70,2025-11-28
4142,구로구 개봉동 60-42,한전주,50,2025-11-28
4143,구로구 개봉동 64-53,한전주,50,2025-11-28
4144,구로구 개봉동 64-138,폴형,50,2025-11-28
4145,구로구 개봉동 60-42,한전주,50,2025-11-28
4146,구로구 개봉동 64-53,폴형,70,2025-11-28
4147,구로구 개봉동 64-77,한전주,25,2025-11-28
4148,구로구 개봉동 64-96,폴형,70,2025-11-28
4149,구로구 신도림동 641,한전주,50,2025-11-28
4150,구로구 신도림동 641,폴형,25,2025-11-28
4151,구로구 신도림동 641,폴형,50,2025-11-28
4152,구로구 신도림동 641,폴형,50,2025-11-28
4153,구로구 신도림동 641,폴형,20,2025-11-28
4154,구로구 신도림동 641,폴형,25,2025-11-28
4155,구로구 구로1동 642-30,한전주,50,2025-11-28
4156,구로구 구로동 642-39,한전주,50,2025-11-28
4157,구로구 구로1동 642-39,한전주,70,2025-11-28
4158,구로구 구로1동 642-39,한전주,50,2025-11-28
4159,구로구 구로1동 642-40,한전주,50,2025-11-28
4160,구로구 구로1동 642-46,한전주,50,2025-11-28
4161,구로구 구로1동 642-46,폴형,50,2025-11-28
4162,구로구 구로1동 642-46,한전주,50,2025-11-28
4163,구로구 구로1동 642-62,한전주,50,2025-11-28
4164,구로구 구로1동 642-62,한전주,70,2025-11-28
4165,구로구 구로1동 642-62,한전주,70,2025-11-28
4166,구로구 구로1동 642-62,한전주,50,2025-11-28
4167,구로구 구로1동 642-88,한전주,50,2025-11-28
4168,구로구 구로1동 642-88,폴형,50,2025-11-28
4169,구로구 구로1동 642-9,폴형,50,2025-11-28
4170,구로구 구로1동 642-9,폴형,50,2025-11-28
4171,구로구 신도림동 643,한전주,50,2025-11-28
4172,구로구 신도림동 643,한전주,50,2025-11-28
4173,구로구 신도림동 643,한전주,50,2025-11-28
4174,구로구 신도림동 643,한전주,50,2025-11-28
4175,구로구 신도림동 643,한전주,50,2025-11-28
4176,구로구 신도림동 643,한전주,50,2025-11-28
4177,구로구 신도림동 643,한전주,50,2025-11-28
4178,구로구 신도림동 643,한전주,50,2025-11-28
4179,구로구 신도림동 643,한전주,50,2025-11-28
4180,구로구 신도림동 643,한전주,50,2025-11-28
4181,구로구 구로1동 644-10,한전주,50,2025-11-28
4182,구로구 구로1동 644-13,한전주,50,2025-11-28
4183,구로구 구로1동 644-22,한전주,50,2025-11-28
4184,구로구 구로1동 644-23,한전주,50,2025-11-28
4185,구로구 구로1동 644-12,한전주,50,2025-11-28
4186,구로구 신도림동 645,한전주,50,2025-11-28
4187,구로구 신도림동 645,한전주,50,2025-11-28
4188,구로구 신도림동 645,한전주,50,2025-11-28
4189,구로구 신도림동 645,한전주,50,2025-11-28
4190,구로구 신도림동 645,한전주,50,2025-11-28
4191,구로구 신도림동 645,한전주,50,2025-11-28
4192,구로구 신도림동 645,한전주,50,2025-11-28
4193,구로구 신도림동 645,한전주,50,2025-11-28
4194,구로구 신도림동 645,한전주,50,2025-11-28
4195,구로구 구로1동 646-46,한전주,50,2025-11-28
4196,구로구 구로1동 642-46,폴형,50,2025-11-28
4197,구로구 구로1동 642-46,폴형,50,2025-11-28
4198,구로구 구로1동 642-46,폴형,50,2025-11-28
4199,구로구 개봉동 68-257,한전주,25,2025-11-28
4200,구로구 개봉동 65-14,벽부형,50,2025-11-28
4201,구로구 개봉동 65-9,한전주,50,2025-11-28
4202,구로구 개봉동 66-22,,35,2025-11-28
4203,구로구 개봉동 66-24,한전주,50,2025-11-28
4204,구로구 개봉동 66-3,한전주,50,2025-11-28
4205,구로구 개봉동 66-26,한전주,70,2025-11-28
4206,구로구 개봉동 66-8,한전주,25,2025-11-28
4207,구로구 개봉동 65-9,벽부형,70,2025-11-28
4208,구로구 온수동 67-14,한전주,50,2025-11-28
4209,구로구 온수동 121-1,한전주,50,2025-11-28
4210,구로구 개봉동 60-128,한전주,70,2025-11-28
4211,구로구 개봉동 67-17,한전주,35,2025-11-28
4212,구로구 개봉동 67-19,한전주,25,2025-11-28
4213,구로구 온수동 121-1,한전주,50,2025-11-28
4214,구로구 온수동 121-1,한전주,50,2025-11-28
4215,구로구 개봉동 67-21,한전주,35,2025-11-28
4216,구로구 개봉동 67-27,한전주,70,2025-11-28
4217,구로구 온수동 68-3,한전주,50,2025-11-28
4218,구로구 온수동 69-1,폴형,25,2025-11-28
4219,구로구 온수동 68,폴형,25,2025-11-28
4220,구로구 온수동 68-1,폴형,50,2025-11-28
4221,구로구 개봉동 68-169,한전주,50,2025-11-28
4222,구로구 개봉동 68-193,한전주,50,2025-11-28
4223,구로구 개봉동 68-136,한전주,25,2025-11-28
4224,구로구 개봉동 68-368,한전주,70,2025-11-28
4225,구로구 개봉동 68-16,한전주,70,2025-11-28
4226,구로구 개봉동 68-15,한전주,70,2025-11-28
4227,구로구 개봉동 68-155,폴형,70,2025-11-28
4228,구로구 개봉동 65-9,한전주,70,2025-11-28
4229,구로구 개봉동 68-162,벽부형,70,2025-11-28
4230,구로구 개봉동 68-187,,70,2025-11-28
4231,구로구 개봉동 68-250,한전주,50,2025-11-28
4232,구로구 개봉동 68-249,한전주,50,2025-11-28
4233,구로구 개봉동 67-1,한전주,70,2025-11-28
4234,구로구 개봉동 68-278,한전주,70,2025-11-28
4235,구로구 개봉동 68-292,벽부형,70,2025-11-28
4236,구로구 개봉동 64-90,벽부형,25,2025-11-28
4237,구로구 개봉동 74-3,한전주,25,2025-11-28
4238,구로구 개봉동 69-11,한전주,25,2025-11-28
4239,구로구 개봉동 68-245,한전주,70,2025-11-28
4240,구로구 개봉동 68-193,한전주,50,2025-11-28
4241,구로구 개봉동 68-178,한전주,25,2025-11-28
4242,구로구 개봉동 65-9,한전주,70,2025-11-28
4243,구로구 온수동 68-4,한전주,50,2025-11-28
4244,구로구 개봉동 65-9,한전주,70,2025-11-28
4245,구로구 개봉동 68-70,벽부형,70,2025-11-28
4246,구로구 개봉동 70-52,한전주,50,2025-11-28
4247,구로구 개봉동 70-52,한전주,25,2025-11-28
4248,구로구 개봉동 68-193,한전주,25,2025-11-28
4249,구로구 오류동 31-196,한전주,25,2025-11-28
4250,구로구 구로1동 681-18,한전주,50,2025-11-28
4251,구로구 구로1동 681-18,한전주,150,2025-11-28
4252,구로구 구로1동 681-18,한전주,70,2025-11-28
4253,구로구 구로1동 681-18,한전주,70,2025-11-28
4254,구로구 구로1동 681-18,한전주,50,2025-11-28
4255,구로구 구로1동 681-18,한전주,50,2025-11-28
4256,구로구 구로1동 681-18,한전주,50,2025-11-28
4257,구로구 구로1동 685,폴형,25,2025-11-28
4258,구로구 구로1동 685,폴형,25,2025-11-28
4259,구로구 구로1동 685-122,한전주,50,2025-11-28
4260,구로구 구로1동 685-124,폴형,25,2025-11-28
4261,구로구 구로1동 685-124,폴형,25,2025-11-28
4262,구로구 구로1동 685-124,한전주,50,2025-11-28
4263,구로구 구로1동 685-124,폴형,50,2025-11-28
4264,구로구 구로동 685-124,폴형,50,2025-11-28
4265,구로구 구로동 685-124,한전주,50,2025-11-28
4266,구로구 구로1동 685-147,한전주,50,2025-11-28
4267,구로구 구로1동 685-154,한전주,50,2025-11-28
4268,구로구 구로1동 685-4,폴형,70,2025-11-28
4269,구로구 구로동 685-456,한전주,150,2025-11-28
4270,구로구 구로동 685-70,폴형,50,2025-11-28
4271,구로구 구로1동 689-20,한전주,50,2025-11-28
4272,구로구 개봉동 68-169,한전주,50,2025-11-28
4273,구로구 개봉동 69-10,벽부형,70,2025-11-28
4274,구로구 온수동 69-1,한전주,50,2025-11-28
4275,구로구 개봉동 68-145,벽부형,25,2025-11-28
4276,구로구 개봉동 68-390,한전주,70,2025-11-28
4277,구로구 온수동 69-5,한전주,50,2025-11-28
4278,구로구 구로1동 685,폴형,50,2025-11-28
4279,구로구 구로1동 685,폴형,50,2025-11-28
4280,구로구 구로1동 699-5,폴형,50,2025-11-28
4281,구로구 구로1동 699-5,폴형,50,2025-11-28
4282,구로구 구로1동 685,벽부형,70,2025-11-28
4283,구로구 구로1동 685,한전주,50,2025-11-28
4284,구로구 구로1동 685,폴형,50,2025-11-28
4285,구로구 구로1동 685,폴형,70,2025-11-28
4286,구로구 구로1동 685,폴형,50,2025-11-28
4287,구로구 구로1동 699-5,폴형,50,2025-11-28
4288,구로구 천왕동 259-7,한전주,70,2025-11-28
4289,구로구 천왕동 7-11,한전주,25,2025-11-28
4290,구로구 개봉동 7-1,한전주,50,2025-11-28
4291,구로구 개봉동 7-1,한전주,70,2025-11-28
4292,구로구 온수동 7-5,한전주,50,2025-11-28
4293,구로구 온수동 7-5,한전주,50,2025-11-28
4294,구로구 온수동 9-34,한전주,70,2025-11-28
4295,구로구 온수동 7-5,한전주,50,2025-11-28
4296,구로구 온수동 7-6,한전주,50,2025-11-28
4297,구로구 온수동 7-11,한전주,50,2025-11-28
4298,구로구 천왕동 7-37,한전주,70,2025-11-28
4299,구로구 개봉동 70-43,폴형,70,2025-11-28
4300,구로구 개봉동 68-53,한전주,35,2025-11-28
4301,구로구 개봉동 70-67,한전주,70,2025-11-28
4302,구로구 개봉동 70-32,한전주,70,2025-11-28
4303,구로구 개봉동 70-46,한전주,50,2025-11-28
4304,구로구 개봉동 70-12,한전주,70,2025-11-28
4305,구로구 개봉동 68-23,폴형,70,2025-11-28
4306,구로구 개봉동 70-65,벽부형,70,2025-11-28
4307,구로구 개봉동 70-52,한전주,25,2025-11-28
4308,구로구 개봉동 70-52,한전주,25,2025-11-28
4309,구로구 개봉동 70-77,벽부형,70,2025-11-28
4310,구로구 개봉동 70-46,한전주,70,2025-11-28
4311,구로구 개봉동 70-93,한전주,35,2025-11-28
4312,구로구 구로1동 700-55,벽부형,50,2025-11-28
4313,구로구 구로1동 700-55,벽부형,50,2025-11-28
4314,구로구 구로1동 701-85,한전주,50,2025-11-28
4315,구로구 구로동 704-12,한전주,50,2025-11-28
4316,구로구 구로동 704-13,,50,2025-11-28
4317,구로구 구로동 704-17,한전주,25,2025-11-28
4318,구로구 구로동 704-13,,25,2025-11-28
4319,구로구 구로동 704-23,,50,2025-11-28
4320,구로구 구로동 704-26,,25,2025-11-28
4321,구로구 구로동 704-29,한전주,50,2025-11-28
4322,구로구 구로동 704-39,한전주,50,2025-11-28
4323,구로구 구로동 704-40,,25,2025-11-28
4324,구로구 구로동 704-13,한전주,25,2025-11-28
4325,구로구 구로동 704-13,,25,2025-11-28
4326,구로구 구로동 704-63,한전주,25,2025-11-28
4327,구로구 구로동 704-69,,50,2025-11-28
4328,구로구 구로동 704-7,한전주,50,2025-11-28
4329,구로구 구로동 704-70,한전주,50,2025-11-28
4330,구로구 구로동 704-9,,50,2025-11-28
4331,구로구 구로동 705-12,한전주,50,2025-11-28
4332,구로구 구로동 705-55,,25,2025-11-28
4333,구로구 구로동 705-18,한전주,50,2025-11-28
4334,구로구 구로동 705-25,한전주,50,2025-11-28
4335,구로구 구로동 705-27,한전주,50,2025-11-28
4336,구로구 구로동 705-39,한전주,50,2025-11-28
4337,구로구 구로동 705-40,,50,2025-11-28
4338,구로구 구로동 704-13,한전주,50,2025-11-28
4339,구로구 구로동 705-57,,25,2025-11-28
4340,구로구 구로동 705-7,한전주,50,2025-11-28
4341,구로구 구로동 705-7,,50,2025-11-28
4342,구로구 구로동 706-1,한전주,25,2025-11-28
4343,구로구 구로동 706-10,한전주,25,2025-11-28
4344,구로구 구로동 706-14,,50,2025-11-28
4345,구로구 구로동 706-14,,25,2025-11-28
4346,구로구 구로동 706-15,한전주,50,2025-11-28
4347,구로구 구로동 706-17,,25,2025-11-28
4348,구로구 구로동 706-20,,25,2025-11-28
4349,구로구 구로동 706-23,한전주,25,2025-11-28
4350,구로구 구로동 706-29,한전주,25,2025-11-28
4351,구로구 구로동 706-34,,25,2025-11-28
4352,구로구 구로동 706-37,한전주,25,2025-11-28
4353,구로구 구로동 706-39,한전주,50,2025-11-28
4354,구로구 구로동 706-4,,25,2025-11-28
4355,구로구 구로동 706-41,,25,2025-11-28
4356,구로구 구로동 706-42,,25,2025-11-28
4357,구로구 구로동 706-43,,25,2025-11-28
4358,구로구 구로동 704-13,한전주,50,2025-11-28
4359,구로구 구로동 706-57,한전주,50,2025-11-28
4360,구로구 구로동 706-6,통신주,25,2025-11-28
4361,구로구 구로동 706-66,한전주,50,2025-11-28
4362,구로구 구로동 706-66,,50,2025-11-28
4363,구로구 구로동 706-70,한전주,25,2025-11-28
4364,구로구 구로동 707-14,한전주,50,2025-11-28
4365,구로구 구로동 707-16,,50,2025-11-28
4366,구로구 구로동 707-26,,25,2025-11-28
4367,구로구 구로동 707-5,한전주,50,2025-11-28
4368,구로구 구로동 707-6,한전주,50,2025-11-28
4369,구로구 구로동 707-7,,25,2025-11-28
4370,구로구 구로동 707-9,,25,2025-11-28
4371,구로구 구로동 387-12,,50,2025-11-28
4372,구로구 구로2동 708-12,,50,2025-11-28
4373,구로구 구로2동 708-18,,50,2025-11-28
4374,구로구 구로2동 708-20,,50,2025-11-28
4375,구로구 구로동 708-21,,25,2025-11-28
4376,구로구 구로2동 708-23,한전주,25,2025-11-28
4377,구로구 구로동 708-25,,50,2025-11-28
4378,구로구 구로2동 708-25,,50,2025-11-28
4379,구로구 구로2동 708-25,,50,2025-11-28
4380,구로구 구로동 708-25,,25,2025-11-28
4381,구로구 구로2동 708-41,한전주,25,2025-11-28
4382,구로구 구로2동 708-44,벽부형,70,2025-11-28
4383,구로구 구로2동 708-44-1,한전주,25,2025-11-28
4384,구로구 구로2동 708-50,한전주,50,2025-11-28
4385,구로구 구로동 708-55,,25,2025-11-28
4386,구로구 구로동 704-13,한전주,50,2025-11-28
4387,구로구 구로동 704-13,한전주,25,2025-11-28
4388,구로구 구로2동 709-1,한전주,50,2025-11-28
4389,구로구 구로2동 709-10,,25,2025-11-28
4390,구로구 구로동 709-19,,50,2025-11-28
4391,구로구 구로2동 709-20,,25,2025-11-28
4392,구로구 구로2동 709-22,벽부형,20,2025-11-28
4393,구로구 구로2동 709-23,한전주,25,2025-11-28
4394,구로구 구로2동 709-25,,25,2025-11-28
4395,구로구 구로2동 709-3,한전주,25,2025-11-28
4396,구로구 구로2동 709-4,,25,2025-11-28
4397,구로구 구로2동 709-7,,25,2025-11-28
4398,구로구 구로2동 709-8,한전주,25,2025-11-28
4399,구로구 개봉동 68-193,한전주,50,2025-11-28
4400,구로구 개봉동 68-193,한전주,70,2025-11-28
4401,구로구 개봉동 68-193,한전주,25,2025-11-28
4402,구로구 구로2동 710-14,,25,2025-11-28
4403,구로구 구로2동 710-16,,50,2025-11-28
4404,구로구 구로2동 710-20,,25,2025-11-28
4405,구로구 구로2동 710-24,,25,2025-11-28
4406,구로구 구로2동 710-27,한전주,25,2025-11-28
4407,구로구 구로2동 710-35,,25,2025-11-28
4408,구로구 구로2동 710-40,,25,2025-11-28
4409,구로구 구로2동 710-42,,50,2025-11-28
4410,구로구 구로2동 710-45,,25,2025-11-28
4411,구로구 구로2동 710-5,한전주,25,2025-11-28
4412,구로구 구로2동 710-50,,25,2025-11-28
4413,구로구 구로2동 710-52,한전주,25,2025-11-28
4414,구로구 구로2동 711-12,한전주,25,2025-11-28
4415,구로구 구로2동 711-15,,25,2025-11-28
4416,구로구 구로2동 711-16,,25,2025-11-28
4417,구로구 구로2동 711-2,한전주,25,2025-11-28
4418,구로구 구로2동 711-2-1,한전주,25,2025-11-28
4419,구로구 구로2동 711-21,한전주,25,2025-11-28
4420,구로구 구로2동 711-30,,25,2025-11-28
4421,구로구 구로2동 711-33,한전주,50,2025-11-28
4422,구로구 구로2동 711-8,,25,2025-11-28
4423,구로구 구로2동 712-14,,25,2025-11-28
4424,구로구 구로2동 712-17,,25,2025-11-28
4425,구로구 구로동 712-16,,25,2025-11-28
4426,구로구 구로2동 712-18,한전주,50,2025-11-28
4427,구로구 구로2동 712-2,,25,2025-11-28
4428,구로구 구로동 712-20,,25,2025-11-28
4429,구로구 구로2동 712-26,,25,2025-11-28
4430,구로구 구로2동 712-29,,25,2025-11-28
4431,구로구 구로2동 712-3,한전주,50,2025-11-28
4432,구로구 구로2동 712-35,,25,2025-11-28
4433,구로구 가리봉동 2-12,한전주,50,2025-11-28
4434,구로구 구로2동 712-39,한전주,20,2025-11-28
4435,구로구 구로2동 712-43,,25,2025-11-28
4436,구로구 구로동 712-5,,50,2025-11-28
4437,구로구 구로2동 712-9,,25,2025-11-28
4438,구로구 구로2동 713-13,,25,2025-11-28
4439,구로구 구로2동 713-13-1,한전주,50,2025-11-28
4440,구로구 구로2동 713-16,,25,2025-11-28
4441,구로구 구로2동 713-17,,25,2025-11-28
4442,구로구 구로2동 713-20,,25,2025-11-28
4443,구로구 구로2동 713-24,,50,2025-11-28
4444,구로구 구로2동 712-26,한전주,50,2025-11-28
4445,구로구 구로2동 713-3,,25,2025-11-28
4446,구로구 구로2동 713-31,한전주,50,2025-11-28
4447,구로구 구로2동 713-43,,50,2025-11-28
4448,구로구 구로2동 713-44,,25,2025-11-28
4449,구로구 구로동 713-6,,50,2025-11-28
4450,구로구 구로2동 714-11,,25,2025-11-28
4451,구로구 구로2동 714-23,한전주,50,2025-11-28
4452,구로구 구로2동 714-24,,25,2025-11-28
4453,구로구 구로2동 714-26,,25,2025-11-28
4454,구로구 구로2동 714-30,,25,2025-11-28
4455,구로구 구로2동 714-31,,25,2025-11-28
4456,구로구 구로2동 714-32,,50,2025-11-28
4457,구로구 구로2동 714-34,,25,2025-11-28
4458,구로구 구로2동 714-35,,50,2025-11-28
4459,구로구 구로2동 714-40,,25,2025-11-28
4460,구로구 구로2동 714-48,,50,2025-11-28
4461,구로구 구로2동 714-5,한전주,25,2025-11-28
4462,구로구 구로2동 714-6,,50,2025-11-28
4463,구로구 구로2동 714-7,,50,2025-11-28
4464,구로구 구로2동 714-8,,25,2025-11-28
4465,구로구 구로2동 715-1,,50,2025-11-28
4466,구로구 구로2동 715-10,,70,2025-11-28
4467,구로구 구로2동 715-13,,25,2025-11-28
4468,구로구 구로2동 716-17,한전주,50,2025-11-28
4469,구로구 구로2동 716-18,,50,2025-11-28
4470,구로구 구로2동 715-2,벽부형,20,2025-11-28
4471,구로구 구로동 715-23,,50,2025-11-28
4472,구로구 구로동 715-21,,50,2025-11-28
4473,구로구 구로2동 715-23,벽부형,100,2025-11-28
4474,구로구 구로2동 715-24,,50,2025-11-28
4475,구로구 구로동 718-25,,50,2025-11-28
4476,구로구 구로2동 715-32,벽부형,100,2025-11-28
4477,구로구 구로2동 715-33,벽부형,20,2025-11-28
4478,구로구 구로2동 715-36,한전주,25,2025-11-28
4479,구로구 구로2동 715-38,벽부형,20,2025-11-28
4480,구로구 구로2동 715-40,한전주,50,2025-11-28
4481,구로구 구로2동 715-42,,50,2025-11-28
4482,구로구 구로2동 715-43,,50,2025-11-28
4483,구로구 구로2동 715-9,한전주,20,2025-11-28
4484,구로구 구로2동 716-13,,50,2025-11-28
4485,구로구 구로2동 716-22,한전주,50,2025-11-28
4486,구로구 구로2동 716-3,,25,2025-11-28
4487,구로구 구로2동 716-6,,25,2025-11-28
4488,구로구 구로2동 717-1,,50,2025-11-28
4489,구로구 구로2동 717-14,한전주,25,2025-11-28
4490,구로구 구로동 717-16,폴형,25,2025-11-28
4491,구로구 구로2동 717-23,,25,2025-11-28
4492,구로구 구로2동 717-27,,50,2025-11-28
4493,구로구 구로2동 717-30,,25,2025-11-28
4494,구로구 구로2동 717-36,,25,2025-11-28
4495,구로구 구로2동 717-40,,50,2025-11-28
4496,구로구 구로2동 718-12,,50,2025-11-28
4497,구로구 구로2동 718-16,,25,2025-11-28
4498,구로구 구로2동 718-23,한전주,50,2025-11-28
4499,구로구 구로2동 718-28,한전주,25,2025-11-28
4500,구로구 구로2동 718-29,,50,2025-11-28
4501,구로구 구로2동 718-38,,50,2025-11-28
4502,구로구 구로동 718-40,벽부형,20,2025-11-28
4503,구로구 구로2동 718-44,한전주,50,2025-11-28
4504,구로구 구로2동 718-45,,25,2025-11-28
4505,구로구 구로동 718-5,한전주,25,2025-11-28
4506,구로구 구로2동 718-8,,50,2025-11-28
4507,구로구 구로2동 719-10,,25,2025-11-28
4508,구로구 구로2동 719-13,벽부형,70,2025-11-28
4509,구로구 구로2동 719-17,한전주,25,2025-11-28
4510,구로구 구로2동 720-19,,25,2025-11-28
4511,구로구 구로2동 719-2,한전주,50,2025-11-28
4512,구로구 구로2동 719-25,,25,2025-11-28
4513,구로구 구로2동 719-28,한전주,25,2025-11-28
4514,구로구 구로2동 719-3,한전주,50,2025-11-28
4515,구로구 구로2동 719-36,,25,2025-11-28
4516,구로구 구로2동 719-41,,25,2025-11-28
4517,구로구 구로2동 719-44,,50,2025-11-28
4518,구로구 구로2동 719-5,,50,2025-11-28
4519,구로구 구로2동 719-6,한전주,50,2025-11-28
4520,구로구 온수동 100-56,폴형,50,2025-11-28
4521,구로구 온수동 122-1,폴형,25,2025-11-28
4522,구로구 온수동 122-1,폴형,25,2025-11-28
4523,구로구 온수동 122-1,폴형,25,2025-11-28
4524,구로구 구로2동 720-14,,25,2025-11-28
4525,구로구 구로2동 720-17,한전주,25,2025-11-28
4526,구로구 구로2동 720-20,,25,2025-11-28
4527,구로구 구로2동 720-26,한전주,25,2025-11-28
4528,구로구 구로2동 720-26-1,,25,2025-11-28
4529,구로구 구로2동 720-36,,50,2025-11-28
4530,구로구 구로2동 720-38,,50,2025-11-28
4531,구로구 구로2동 720-6,벽부형,20,2025-11-28
4532,구로구 구로2동 721-1,한전주,25,2025-11-28
4533,구로구 구로2동 721-10,,25,2025-11-28
4534,구로구 구로동 721-11,,25,2025-11-28
4535,구로구 구로2동 721-2,,25,2025-11-28
4536,구로구 구로2동 721-7,한전주,50,2025-11-28
4537,구로구 구로2동 722-10,,25,2025-11-28
4538,구로구 구로동 722-32,한전주,25,2025-11-28
4539,구로구 구로동 722-27,,25,2025-11-28
4540,구로구 구로2동 722-4,,50,2025-11-28
4541,구로구 구로동 722-41,,25,2025-11-28
4542,구로구 구로동 722-55,한전주,25,2025-11-28
4543,구로구 구로2동 722-8,,25,2025-11-28
4544,구로구 구로동 723-1,한전주,25,2025-11-28
4545,구로구 구로2동 723-14,한전주,25,2025-11-28
4546,구로구 구로2동 723-16,,50,2025-11-28
4547,구로구 구로2동 723-19,,25,2025-11-28
4548,구로구 구로2동 723-28,,25,2025-11-28
4549,구로구 구로동 723-4,한전주,25,2025-11-28
4550,구로구 구로동 704-13,한전주,50,2025-11-28
4551,구로구 구로동 704-13,,25,2025-11-28
4552,구로구 구로동 724-16,,25,2025-11-28
4553,구로구 구로동 724-17,,50,2025-11-28
4554,구로구 구로동 704-13,,25,2025-11-28
4555,구로구 구로동 724-21,,50,2025-11-28
4556,구로구 구로동 724-22,,25,2025-11-28
4557,구로구 구로동 724-26,한전주,50,2025-11-28
4558,구로구 구로동 724-3,한전주,50,2025-11-28
4559,구로구 구로동 724-8,한전주,50,2025-11-28
4560,구로구 구로동 725-16,,25,2025-11-28
4561,구로구 구로동 725-18,한전주,25,2025-11-28
4562,구로구 구로동 725-21,한전주,25,2025-11-28
4563,구로구 구로동 725-25,,50,2025-11-28
4564,구로구 구로동 725-31,,50,2025-11-28
4565,구로구 구로동 725-38,,50,2025-11-28
4566,구로구 구로동 726-1,벽부형,20,2025-11-28
4567,구로구 구로동 726-11,,25,2025-11-28
4568,구로구 구로동 726-13,,25,2025-11-28
4569,구로구 구로동 726-17,,25,2025-11-28
4570,구로구 구로동 726-21,,25,2025-11-28
4571,구로구 구로동 726-21,,25,2025-11-28
4572,구로구 구로동 726-22,,25,2025-11-28
4573,구로구 구로동 726-25,,25,2025-11-28
4574,구로구 구로동 726-14,,25,2025-11-28
4575,구로구 구로동 726-6,,25,2025-11-28
4576,구로구 구로동 726-8,,25,2025-11-28
4577,구로구 구로동 727-10,,50,2025-11-28
4578,구로구 구로동 727-13,,25,2025-11-28
4579,구로구 구로동 727-16,,50,2025-11-28
4580,구로구 구로동 727-18,,25,2025-11-28
4581,구로구 구로동 727-19,,50,2025-11-28
4582,구로구 구로동 727-20,,50,2025-11-28
4583,구로구 구로동 727-25,,50,2025-11-28
4584,구로구 구로동 704-13,한전주,25,2025-11-28
4585,구로구 구로동 728-13,,25,2025-11-28
4586,구로구 구로동 728-19,한전주,25,2025-11-28
4587,구로구 구로동 728-2,,25,2025-11-28
4588,구로구 구로동 728-7,한전주,25,2025-11-28
4589,구로구 구로동 729-14,,25,2025-11-28
4590,구로구 구로동 729-20,한전주,25,2025-11-28
4591,구로구 구로동 729-3,한전주,50,2025-11-28
4592,구로구 구로동 729-7,,25,2025-11-28
4593,구로구 구로동 729-9,,50,2025-11-28
4594,구로구 온수동 73-1,한전주,50,2025-11-28
4595,구로구 온수동 73-10,한전주,50,2025-11-28
4596,구로구 개봉동 70-12,벽부형,70,2025-11-28
4597,구로구 개봉동 74-1,한전주,50,2025-11-28
4598,구로구 개봉동 74-1,한전주,70,2025-11-28
4599,구로구 온수동 121-1,한전주,25,2025-11-28
4600,구로구 개봉동 74-1,한전주,50,2025-11-28
4601,구로구 개봉동 74-1,폴형,70,2025-11-28
4602,구로구 온수동 73-3,한전주,50,2025-11-28
4603,구로구 개봉동 68-193,한전주,70,2025-11-28
4604,구로구 온수동 73-9,한전주,50,2025-11-28
4605,구로구 구로2동 730-26,한전주,50,2025-11-28
4606,구로구 구로동 730-76,한전주,50,2025-11-28
4607,구로구 구로2동 730-85,,50,2025-11-28
4608,구로구 구로2동 730-96,폴형,25,2025-11-28
4609,구로구 구로동 731-5,폴형,70,2025-11-28
4610,구로구 구로동 732-1,한전주,70,2025-11-28
4611,구로구 구로동 733-21,한전주,70,2025-11-28
4612,구로구 구로동 733-30,한전주,25,2025-11-28
4613,구로구 구로동 733-34,벽부형,35,2025-11-28
4614,구로구 구로동 734-11,벽부형,70,2025-11-28
4615,구로구 구로동 734-9,,70,2025-11-28
4616,구로구 구로동 735-197,벽부형,70,2025-11-28
4617,구로구 구로동 735-199,,50,2025-11-28
4618,구로구 구로동 735-7,벽부형,70,2025-11-28
4619,구로구 구로동 736-100,,,2025-11-28
4620,구로구 구로동 737-2,한전주,50,2025-11-28
4621,구로구 구로동 737-7,벽부형,70,2025-11-28
4622,구로구 구로4동 738-32,한전주,25,2025-11-28
4623,구로구 구로동 738-33,한전주,20,2025-11-28
4624,구로구 구로동 738-41,벽부형,20,2025-11-28
4625,구로구 구로동 738-58,벽부형,25,2025-11-28
4626,구로구 구로동 738-58,한전주,25,2025-11-28
4627,구로구 구로4동 738ㅡ4,한전주,50,2025-11-28
4628,구로구 구로4동 739-12,벽부형,40,2025-11-28
4629,구로구 구로4동 739-15,벽부형,70,2025-11-28
4630,구로구 구로4동 739-16,벽부형,40,2025-11-28
4631,구로구 구로4동 739-23,폴형,70,2025-11-28
4632,구로구 구로4동 739-3,벽부형,40,2025-11-28
4633,구로구 구로4동 739-30,벽부형,40,2025-11-28
4634,구로구 구로4동 739-4,한전주,50,2025-11-28
4635,구로구 구로4동 739-43,벽부형,40,2025-11-28
4636,구로구 개봉동 74-1,한전주,70,2025-11-28
4637,구로구 개봉동 74-1,한전주,50,2025-11-28
4638,구로구 구로4동 740-11,한전주,20,2025-11-28
4639,구로구 구로4동 740-14,폴형,70,2025-11-28
4640,구로구 구로4동 740-2,한전주,70,2025-11-28
4641,구로구 구로4동 740-24,폴형,40,2025-11-28
4642,구로구 구로4동 740-79,한전주,70,2025-11-28
4643,구로구 구로4동 740-29,벽부형,70,2025-11-28
4644,구로구 구로4동 740-32,벽부형,100,2025-11-28
4645,구로구 구로4동 740-46,벽부형,40,2025-11-28
4646,구로구 구로4동 740-5,벽부형,40,2025-11-28
4647,구로구 구로4동 740-50,벽부형,20,2025-11-28
4648,구로구 구로동 740-53,벽부형,70,2025-11-28
4649,구로구 구로4동 740-79,한전주,70,2025-11-28
4650,구로구 구로4동 740-8,벽부형,40,2025-11-28
4651,구로구 구로4동 740-95,한전주,70,2025-11-28
4652,구로구 구로4동 742-21,벽부형,40,2025-11-28
4653,구로구 구로4동 742-1,폴형,70,2025-11-28
4654,구로구 구로4동 742-12,벽부형,70,2025-11-28
4655,구로구 구로4동 742-13,벽부형,50,2025-11-28
4656,구로구 구로4동 742-13,벽부형,70,2025-11-28
4657,구로구 구로4동 742-15,벽부형,70,2025-11-28
4658,구로구 구로4동 742-27,한전주,70,2025-11-28
4659,구로구 구로4동 742-21,벽부형,40,2025-11-28
4660,구로구 구로4동 742-28,벽부형,40,2025-11-28
4661,구로구 구로4동 742-31,벽부형,70,2025-11-28
4662,구로구 구로4동 742-34,벽부형,40,2025-11-28
4663,구로구 구로4동 742-36,벽부형,70,2025-11-28
4664,구로구 구로4동 742-38,벽부형,70,2025-11-28
4665,구로구 구로4동 742-38,벽부형,70,2025-11-28
4666,구로구 구로4동 742-40,벽부형,40,2025-11-28
4667,구로구 구로4동 742-44,한전주,40,2025-11-28
4668,구로구 구로4동 742-47,벽부형,20,2025-11-28
4669,구로구 구로4동 742-49,벽부형,20,2025-11-28
4670,구로구 구로4동 742-57,벽부형,70,2025-11-28
4671,구로구 구로4동 742-59,벽부형,20,2025-11-28
4672,구로구 구로4동 742-66,한전주,70,2025-11-28
4673,구로구 구로4동 742-77,한전주,50,2025-11-28
4674,구로구 구로4동 743-1,한전주,50,2025-11-28
4675,구로구 구로4동 743-11,한전주,70,2025-11-28
4676,구로구 구로4동 743-11,벽부형,20,2025-11-28
4677,구로구 구로4동 743-11,한전주,70,2025-11-28
4678,구로구 구로4동 743-16,한전주,70,2025-11-28
4679,구로구 구로4동 743-18,벽부형,70,2025-11-28
4680,구로구 구로4동 743-21,한전주,20,2025-11-28
4681,구로구 구로4동 743-26,벽부형,20,2025-11-28
4682,구로구 구로4동 743-3,한전주,20,2025-11-28
4683,구로구 구로4동 743-30,한전주,20,2025-11-28
4684,구로구 구로4동 743-33,벽부형,20,2025-11-28
4685,구로구 구로4동 743-40,한전주,50,2025-11-28
4686,구로구 구로4동 743-41,한전주,70,2025-11-28
4687,구로구 구로4동 743-41,한전주,70,2025-11-28
4688,구로구 구로4동 743-43,벽부형,100,2025-11-28
4689,구로구 구로4동 743-46,한전주,70,2025-11-28
4690,구로구 구로4동 743-49,벽부형,70,2025-11-28
4691,구로구 구로4동 743-50,한전주,70,2025-11-28
4692,구로구 구로4동 743-58,벽부형,70,2025-11-28
4693,구로구 구로4동 743-6,벽부형,70,2025-11-28
4694,구로구 구로4동 743-69,한전주,20,2025-11-28
4695,구로구 구로4동 743-70,벽부형,40,2025-11-28
4696,구로구 구로4동 744-13,벽부형,70,2025-11-28
4697,구로구 구로4동 744-14,벽부형,100,2025-11-28
4698,구로구 구로4동 744-14,벽부형,70,2025-11-28
4699,구로구 구로4동 744-16,벽부형,100,2025-11-28
4700,구로구 구로4동 744-19,벽부형,100,2025-11-28
4701,구로구 구로4동 744-26,벽부형,100,2025-11-28
4702,구로구 구로4동 744-3,한전주,70,2025-11-28
4703,구로구 구로4동 744-30,벽부형,70,2025-11-28
4704,구로구 구로4동 744-45,한전주,70,2025-11-28
4705,구로구 구로4동 744-51,벽부형,100,2025-11-28
4706,구로구 구로4동 744-53,벽부형,100,2025-11-28
4707,구로구 구로4동 744-56,벽부형,70,2025-11-28
4708,구로구 구로4동 744-57,벽부형,70,2025-11-28
4709,구로구 구로4동 744-60,벽부형,40,2025-11-28
4710,구로구 구로4동 744-60,벽부형,70,2025-11-28
4711,구로구 구로동 745-11,,25,2025-11-28
4712,구로구 구로동 745-41,,25,2025-11-28
4713,구로구 구로동 745-45,,20,2025-11-28
4714,구로구 구로동 762,,50,2025-11-28
4715,구로구 구로동 745-7,,25,2025-11-28
4716,구로구 구로동 745-71,벽부형,20,2025-11-28
4717,구로구 구로동 745-8,,25,2025-11-28
4718,구로구 구로동 746-19,한전주,50,2025-11-28
4719,구로구 구로동 746-2,한전주,50,2025-11-28
4720,구로구 구로동 762-21,한전주,25,2025-11-28
4721,구로구 구로동 748-1,한전주,25,2025-11-28
4722,구로구 구로동 748-12,,50,2025-11-28
4723,구로구 구로동 748-16,,50,2025-11-28
4724,구로구 구로동 748-19,,25,2025-11-28
4725,구로구 구로동 748-2,,50,2025-11-28
4726,구로구 구로동 748-35,한전주,50,2025-11-28
4727,구로구 구로동 748-31,,25,2025-11-28
4728,구로구 구로동 748-31,,25,2025-11-28
4729,구로구 구로동 748-39,,50,2025-11-28
4730,구로구 구로동 748-40,,50,2025-11-28
4731,구로구 구로동 748-42,한전주,50,2025-11-28
4732,구로구 구로동 748-57,한전주,50,2025-11-28
4733,구로구 구로동 748-62,한전주,25,2025-11-28
4734,구로구 구로4동 749-101,벽부형,70,2025-11-28
4735,구로구 구로4동 749-11,한전주,70,2025-11-28
4736,구로구 구로4동 749-12,벽부형,70,2025-11-28
4737,구로구 구로4동 749-12,벽부형,70,2025-11-28
4738,구로구 구로4동 749-24,벽부형,40,2025-11-28
4739,구로구 구로4동 749-3,한전주,70,2025-11-28
4740,구로구 구로4동 749-36,벽부형,40,2025-11-28
4741,구로구 구로4동 749-38,벽부형,70,2025-11-28
4742,구로구 구로4동 749-40,벽부형,70,2025-11-28
4743,구로구 구로4동 749-44,폴형,70,2025-11-28
4744,구로구 구로4동 749-48,한전주,20,2025-11-28
4745,구로구 구로4동 749-9,벽부형,20,2025-11-28
4746,구로구 구로4동 750-1,한전주,20,2025-11-28
4747,구로구 구로4동 750-7,한전주,70,2025-11-28
4748,구로구 구로4동 751-14,한전주,70,2025-11-28
4749,구로구 구로4동 751-3,한전주,70,2025-11-28
4750,구로구 구로4동 751-31,벽부형,40,2025-11-28
4751,구로구 구로4동 751-35,한전주,70,2025-11-28
4752,구로구 구로4동 751-5,벽부형,40,2025-11-28
4753,구로구 구로4동 751-5,벽부형,40,2025-11-28
4754,구로구 구로4동 752-1,벽부형,70,2025-11-28
4755,구로구 구로4동 752-11,벽부형,40,2025-11-28
4756,구로구 구로4동 752-13,한전주,70,2025-11-28
4757,구로구 구로4동 752-16,한전주,40,2025-11-28
4758,구로구 구로4동 752-20,벽부형,70,2025-11-28
4759,구로구 구로4동 752-20,벽부형,50,2025-11-28
4760,구로구 구로4동 752-24,벽부형,70,2025-11-28
4761,구로구 구로4동 752-24,폴형,70,2025-11-28
4762,구로구 구로4동 752-26,폴형,70,2025-11-28
4763,구로구 구로4동 752-3,벽부형,40,2025-11-28
4764,구로구 구로4동 752-31,폴형,40,2025-11-28
4765,구로구 구로4동 752-34,폴형,70,2025-11-28
4766,구로구 구로4동 752-41,벽부형,70,2025-11-28
4767,구로구 구로4동 752-41,폴형,70,2025-11-28
4768,구로구 구로4동 752-42,한전주,70,2025-11-28
4769,구로구 구로4동 752-45,폴형,70,2025-11-28
4770,구로구 구로4동 752-46,한전주,40,2025-11-28
4771,구로구 고척동 76-232,한전주,50,2025-11-28
4772,구로구 고척동 76-1,한전주,50,2025-11-28
4773,구로구 고척동 76-137,한전주,50,2025-11-28
4774,구로구 고척동 76-77,벽부형,50,2025-11-28
4775,구로구 고척동 76-170,한전주,50,2025-11-28
4776,구로구 고척동 76-77,한전주,50,2025-11-28
4777,구로구 고척동 76-2,한전주,50,2025-11-28
4778,구로구 고척동 76-2,한전주,50,2025-11-28
4779,구로구 고척동 76-77,한전주,50,2025-11-28
4780,구로구 고척동 76-10,벽부형,70,2025-11-28
4781,구로구 고척동 76-317,벽부형,50,2025-11-28
4782,구로구 고척동 76-77,한전주,50,2025-11-28
4783,구로구 고척동 76-101,한전주,50,2025-11-28
4784,구로구 구로동 762-15,,25,2025-11-28
4785,구로구 구로4동 763-15,벽부형,40,2025-11-28
4786,구로구 구로4동 763-16,한전주,70,2025-11-28
4787,구로구 구로4동 763-17,벽부형,100,2025-11-28
4788,구로구 구로4동 763-19,한전주,70,2025-11-28
4789,구로구 구로4동 763-6,폴형,70,2025-11-28
4790,구로구 구로4동 767-145,벽부형,20,2025-11-28
4791,구로구 구로4동 767-159,폴형,70,2025-11-28
4792,구로구 구로4동 768-172,한전주,70,2025-11-28
4793,구로구 구로4동 769-254,한전주,70,2025-11-28
4794,구로구 구로4동 767-267,한전주,70,2025-11-28
4795,구로구 구로4동 770-11,벽부형,40,2025-11-28
4796,구로구 구로4동 770-11,벽부형,40,2025-11-28
4797,구로구 구로4동 770-14,벽부형,40,2025-11-28
4798,구로구 구로4동 770-15,벽부형,20,2025-11-28
4799,구로구 구로4동 770-18,,20,2025-11-28
4800,구로구 구로4동 770-19,벽부형,70,2025-11-28
4801,구로구 구로4동 770-22,벽부형,70,2025-11-28
4802,구로구 구로4동 770-3,벽부형,25,2025-11-28
4803,구로구 구로4동 770-3,벽부형,25,2025-11-28
4804,구로구 구로4동 770-31,벽부형,40,2025-11-28
4805,구로구 구로4동 770-31,벽부형,70,2025-11-28
4806,구로구 구로4동 770-33,벽부형,40,2025-11-28
4807,구로구 구로4동 770-35,폴형,70,2025-11-28
4808,구로구 구로4동 770-39,한전주,70,2025-11-28
4809,구로구 구로4동 770-4,한전주,70,2025-11-28
4810,구로구 구로4동 770-41,벽부형,25,2025-11-28
4811,구로구 구로4동 770-47,폴형,70,2025-11-28
4812,구로구 구로4동 770-49,벽부형,70,2025-11-28
4813,구로구 구로4동 770-52,벽부형,40,2025-11-28
4814,구로구 구로4동 770-54,벽부형,40,2025-11-28
4815,구로구 구로4동 770-56,벽부형,70,2025-11-28
4816,구로구 구로4동 770-56,한전주,70,2025-11-28
4817,구로구 구로4동 770-57,벽부형,70,2025-11-28
4818,구로구 구로4동 770-6,벽부형,70,2025-11-28
4819,구로구 구로4동 770-79,벽부형,40,2025-11-28
4820,구로구 구로4동 771-1,벽부형,70,2025-11-28
4821,구로구 구로4동 771-10,벽부형,70,2025-11-28
4822,구로구 구로4동 771-10,벽부형,40,2025-11-28
4823,구로구 구로4동 771-13,폴형,70,2025-11-28
4824,구로구 구로4동 771-13,벽부형,70,2025-11-28
4825,구로구 구로4동 771-16,벽부형,70,2025-11-28
4826,구로구 구로4동 771-16,폴형,25,2025-11-28
4827,구로구 구로4동 771-18,벽부형,70,2025-11-28
4828,구로구 구로4동 771-20,벽부형,20,2025-11-28
4829,구로구 구로4동 771-28,벽부형,70,2025-11-28
4830,구로구 구로4동 771-31,한전주,20,2025-11-28
4831,구로구 구로4동 771-31,한전주,70,2025-11-28
4832,구로구 구로4동 771-33,벽부형,100,2025-11-28
4833,구로구 구로4동 771-4,벽부형,70,2025-11-28
4834,구로구 구로4동 771-7,한전주,70,2025-11-28
4835,구로구 가리봉동 773-2,폴형,50,2025-11-28
4836,구로구 가리봉동 774-2,폴형,50,2025-11-28
4837,구로구 구로동 774-4,한전주,50,2025-11-28
4838,구로구 가리봉동 774-4,폴형,50,2025-11-28
4839,구로구 가리봉동 777,한전주,50,2025-11-28
4840,구로구 구로3동 777-1,폴형,35,2025-11-28
4841,구로구 구로3동 777-1,폴형,35,2025-11-28
4842,구로구 구로3동 777-3,한전주,50,2025-11-28
4843,구로구 가리봉동 777-3,벽부형,25,2025-11-28
4844,구로구 가리봉동 25-6,폴형,50,2025-11-28
4845,구로구 구로3동 779-13,벽부형,25,2025-11-28
4846,구로구 구로3동 779-66,벽부형,,2025-11-28
4847,구로구 온수동 75-1,한전주,25,2025-11-28
4848,구로구 온수동 79-2,폴형,20,2025-11-28
4849,구로구 구로3동 780-1,,,2025-11-28
4850,구로구 구로3동 780-11,벽부형,20,2025-11-28
4851,구로구 구로3동 780-15,벽부형,25,2025-11-28
4852,구로구 구로3동 780-24,벽부형,50,2025-11-28
4853,구로구 구로3동 780-29,벽부형,25,2025-11-28
4854,구로구 구로3동 780-3,한전주,40,2025-11-28
4855,구로구 구로3동 780-36,벽부형,25,2025-11-28
4856,구로구 구로3동 780-48,벽부형,25,2025-11-28
4857,구로구 구로3동 780-62,벽부형,,2025-11-28
4858,구로구 구로3동 780-86,벽부형,25,2025-11-28
4859,구로구 구로3동 780-97,벽부형,25,2025-11-28
4860,구로구 구로3동 781-10,벽부형,,2025-11-28
4861,구로구 구로3동 781-17,한전주,,2025-11-28
4862,구로구 구로3동 787-70,한전주,,2025-11-28
4863,구로구 구로3동 787-70,벽부형,50,2025-11-28
4864,구로구 구로3동 787-70,벽부형,50,2025-11-28
4865,구로구 온수동 79-2,폴형,25,2025-11-28
4866,구로구 구로3동 791-1,한전주,25,2025-11-28
4867,구로구 구로3동 791-12,벽부형,20,2025-11-28
4868,구로구 구로3동 791-13,벽부형,25,2025-11-28
4869,구로구 구로3동 791-16,한전주,25,2025-11-28
4870,구로구 구로3동 791-18,한전주,25,2025-11-28
4871,구로구 구로3동 791-26,벽부형,25,2025-11-28
4872,구로구 구로3동 791-36,한전주,25,2025-11-28
4873,구로구 구로3동 791-60,한전주,,2025-11-28
4874,구로구 구로3동 791-8,한전주,25,2025-11-28
4875,구로구 구로3동 791-8,벽부형,20,2025-11-28
4876,구로구 구로3동 792-107,벽부형,25,2025-11-28
4877,구로구 구로동 792-15,한전주,,2025-11-28
4878,구로구 구로3동 792-2,벽부형,50,2025-11-28
4879,구로구 구로3동 792-29,한전주,50,2025-11-28
4880,구로구 구로3동 792-33,한전주,25,2025-11-28
4881,구로구 구로3동 792-35,한전주,,2025-11-28
4882,구로구 구로3동 792-39,벽부형,35,2025-11-28
4883,구로구 구로3동 792-46,벽부형,25,2025-11-28
4884,구로구 구로3동 792-47,벽부형,,2025-11-28
4885,구로구 구로3동 792-70,벽부형,20,2025-11-28
4886,구로구 구로3동 792-8,한전주,25,2025-11-28
4887,구로구 구로3동 792-82,벽부형,35,2025-11-28
4888,구로구 구로3동 792-82,벽부형,,2025-11-28
4889,구로구 구로3동 792-9,벽부형,25,2025-11-28
4890,구로구 구로3동 792-94,한전주,50,2025-11-28
4891,구로구 구로3동 793-24,벽부형,25,2025-11-28
4892,구로구 구로3동 793-26,벽부형,25,2025-11-28
4893,구로구 구로3동 793-59,벽부형,,2025-11-28
4894,구로구 구로3동 794-1,벽부형,35,2025-11-28
4895,구로구 구로3동 794-12,벽부형,20,2025-11-28
4896,구로구 구로3동 794-21,벽부형,20,2025-11-28
4897,구로구 구로3동 794-24,벽부형,25,2025-11-28
4898,구로구 구로3동 794-30,한전주,,2025-11-28
4899,구로구 구로3동 796-37,폴형,70,2025-11-28
4900,구로구 구로동 796-37,벽부형,20,2025-11-28
4901,구로구 구로3동 796-6,벽부형,20,2025-11-28
4902,구로구 구로3동 796-64,벽부형,25,2025-11-28
4903,구로구 구로3동 796-71,폴형,25,2025-11-28
4904,구로구 구로3동 796-8,벽부형,25,2025-11-28
4905,구로구 구로3동 797-1,한전주,25,2025-11-28
4906,구로구 구로3동 797-1,한전주,25,2025-11-28
4907,구로구 구로3동 797-1,한전주,25,2025-11-28
4908,구로구 구로3동 797-13,한전주,25,2025-11-28
4909,구로구 구로3동 797-9,벽부형,,2025-11-28
4910,구로구 구로3동 199-12,벽부형,50,2025-11-28
4911,구로구 구로3동 798-14,벽부형,25,2025-11-28
4912,구로구 구로3동 798-18,폴형,25,2025-11-28
4913,구로구 구로3동 798-19,폴형,,2025-11-28
4914,구로구 구로3동 798-2,한전주,25,2025-11-28
4915,구로구 구로3동 798-21,한전주,,2025-11-28
4916,구로구 구로3동 798-30,한전주,,2025-11-28
4917,구로구 구로3동 798-55,한전주,,2025-11-28
4918,구로구 구로3동 799-10,한전주,25,2025-11-28
4919,구로구 구로3동 799-15,벽부형,35,2025-11-28
4920,구로구 구로3동 799-18,벽부형,35,2025-11-28
4921,구로구 구로3동 799-20,한전주,,2025-11-28
4922,구로구 구로3동 799-24,폴형,,2025-11-28
4923,구로구 구로3동 799-5,한전주,,2025-11-28
4924,구로구 구로3동 799-7,벽부형,50,2025-11-28
4925,구로구 개봉동 80-10,벽부형,50,2025-11-28
4926,구로구 개봉동 80-26,폴형,25,2025-11-28
4927,구로구 개봉동 80-26,폴형,50,2025-11-28
4928,구로구 개봉동 80-26,폴형,25,2025-11-28
4929,구로구 개봉동 80-18,한전주,50,2025-11-28
4930,구로구 개봉동 80-23,벽부형,50,2025-11-28
4931,구로구 개봉동 80-26,벽부형,25,2025-11-28
4932,구로구 구로2동 80-4,한전주,50,2025-11-28
4933,구로구 구로동 80-5,한전주,50,2025-11-28
4934,구로구 개봉동 416-37,한전주,50,2025-11-28
4935,구로구 구로3동 800-1,한전주,,2025-11-28
4936,구로구 구로3동 800-1,벽부형,25,2025-11-28
4937,구로구 구로3동 800-30,한전주,,2025-11-28
4938,구로구 구로3동 800-32,한전주,40,2025-11-28
4939,구로구 구로3동 800-33,벽부형,50,2025-11-28
4940,구로구 구로3동 800-5,한전주,,2025-11-28
4941,구로구 구로3동 800-9,벽부형,25,2025-11-28
4942,구로구 구로3동 801-14,벽부형,70,2025-11-28
4943,구로구 구로3동 801-14,벽부형,20,2025-11-28
4944,구로구 구로3동 801-32,벽부형,25,2025-11-28
4945,구로구 구로3동 801-47,벽부형,25,2025-11-28
4946,구로구 구로3동 801-56,벽부형,,2025-11-28
4947,구로구 구로동 803-12,,20,2025-11-28
4948,구로구 구로동 803-2,한전주,50,2025-11-28
4949,구로구 구로동 803-3,,50,2025-11-28
4950,구로구 구로동 805-5,,50,2025-11-28
4951,구로구 구로동 803-5,한전주,48,2025-11-28
4952,구로구 구로동 805-10,,25,2025-11-28
4953,구로구 구로동 805-10,,25,2025-11-28
4954,구로구 구로동 805-22,,25,2025-11-28
4955,구로구 구로동 805-13,,50,2025-11-28
4956,구로구 구로동 805-2,,50,2025-11-28
4957,구로구 구로동 805-20,,25,2025-11-28
4958,구로구 구로동 805-4,,50,2025-11-28
4959,구로구 구로동 806-1,,50,2025-11-28
4960,구로구 구로동 806-1,한전주,25,2025-11-28
4961,구로구 구로동 806-34,,25,2025-11-28
4962,구로구 구로동 806-39,,25,2025-11-28
4963,구로구 구로동 806-59,한전주,50,2025-11-28
4964,구로구 구로동 806-62,통신주,25,2025-11-28
4965,구로구 구로동 806-63,한전주,25,2025-11-28
4966,구로구 구로동 806-80,,25,2025-11-28
4967,구로구 구로동 806-80,,25,2025-11-28
4968,구로구 구로동 806-82,한전주,50,2025-11-28
4969,구로구 구로동 806-9,벽부형,25,2025-11-28
4970,구로구 구로동 807-1,,25,2025-11-28
4971,구로구 구로동 807-12,한전주,50,2025-11-28
4972,구로구 구로동 807-3,벽부형,25,2025-11-28
4973,구로구 구로동 807-42,,25,2025-11-28
4974,구로구 구로동 807-45,,25,2025-11-28
4975,구로구 구로동 807-46,,25,2025-11-28
4976,구로구 구로동 807-6,한전주,30,2025-11-28
4977,구로구 구로동 807-7,,25,2025-11-28
4978,구로구 구로2동 808-14,,50,2025-11-28
4979,구로구 구로2동 808-16,,50,2025-11-28
4980,구로구 구로2동 808-18,,25,2025-11-28
4981,구로구 구로2동 808-2,,50,2025-11-28
4982,구로구 구로2동 808-24,,50,2025-11-28
4983,구로구 구로2동 808-25,벽부형,20,2025-11-28
4984,구로구 구로2동 808-26,,50,2025-11-28
4985,구로구 구로2동 808-28,,50,2025-11-28
4986,구로구 구로2동 808-29,,50,2025-11-28
4987,구로구 구로동 808-36,,50,2025-11-28
4988,구로구 구로2동 808-6,,50,2025-11-28
4989,구로구 구로2동 808-7,,50,2025-11-28
4990,구로구 구로2동 809-13,,50,2025-11-28
4991,구로구 구로2동 809-16,,50,2025-11-28
4992,구로구 구로2동 809-16-1,,50,2025-11-28
4993,구로구 구로2동 809-18,,50,2025-11-28
4994,구로구 구로2동 809-20,,50,2025-11-28
4995,구로구 구로2동 809-21,벽부형,20,2025-11-28
4996,구로구 구로2동 809-30,,50,2025-11-28
4997,구로구 구로2동 809-30-1,,50,2025-11-28
4998,구로구 구로2동 809-32,,50,2025-11-28
4999,구로구 구로2동 809-39,,50,2025-11-28
5000,구로구 구로2동 809-45,,50,2025-11-28
5001,구로구 구로2동 809-50,폴형,20,2025-11-28
5002,구로구 구로2동 809-50-1,폴형,20,2025-11-28
5003,구로구 구로동 809-52,한전주,50,2025-11-28
5004,구로구 구로2동 809-56,폴형,20,2025-11-28
5005,구로구 구로2동 81-1,한전주,50,2025-11-28
5006,구로구 오류동 81-145,,35,2025-11-28
5007,구로구 오류동 81-164,한전주,70,2025-11-28
5008,구로구 구로2동 81-2,한전주,,2025-11-28
5009,구로구 구로동 81-2,폴형,70,2025-11-28
5010,구로구 구로2동 81-2,폴형,25,2025-11-28
5011,구로구 구로2동 81-2,폴형,25,2025-11-28
5012,구로구 구로2동 81-2,폴형,25,2025-11-28
5013,구로구 구로2동 81-2,폴형,25,2025-11-28
5014,구로구 구로2동 81-2,한전주,25,2025-11-28
5015,구로구 오류동 81-85,,25,2025-11-28
5016,구로구 궁동 81-4,,30,2025-11-28
5017,구로구 구로3동 810,폴형,70,2025-11-28
5018,구로구 온수동 82-2,한전주,50,2025-11-28
5019,구로구 구로2동 82-2,벽부형,50,2025-11-28
5020,구로구 온수동 82-2,폴형,25,2025-11-28
5021,구로구 온수동 121-1,한전주,50,2025-11-28
5022,구로구 구로2동 82-8,폴형,70,2025-11-28
5023,구로구 온수동 산13-6,폴형,25,2025-11-28
5024,구로구 구로2동 83-12,한전주,50,2025-11-28
5025,구로구 온수동 83-3,한전주,25,2025-11-28
5026,구로구 구로동 83-7,,25,2025-11-28
5027,구로구 구로2동 84-1,한전주,50,2025-11-28
5028,구로구 구로2동 84-13,한전주,70,2025-11-28
5029,구로구 온수동 84,한전주,50,2025-11-28
5030,구로구 구로2동 84-3,한전주,70,2025-11-28
5031,구로구 구로2동 84-6,한전주,70,2025-11-28
5032,구로구 구로2동 84-7,한전주,70,2025-11-28
5033,구로구 가리봉동 84-9,폴형,30,2025-11-28
5034,구로구 가리봉동 84ㅡ9,폴형,50,2025-11-28
5035,구로구 구로2동 85-17,한전주,70,2025-11-28
5036,구로구 구로2동 85-2,한전주,50,2025-11-28
5037,구로구 구로2동 85-3,한전주,50,2025-11-28
5038,구로구 온수동 122-33,한전주,50,2025-11-28
5039,구로구 온수동 85-5,벽부형,70,2025-11-28
5040,구로구 온수동 83,한전주,25,2025-11-28
5041,구로구 구로2동 86-0,한전주,70,2025-11-28
5042,구로구 온수동 86-1,한전주,50,2025-11-28
5043,구로구 온수동 86-7,벽부형,70,2025-11-28
5044,구로구 온수동 산14-6,한전주,50,2025-11-28
5045,구로구 구로2동 86-11,폴형,70,2025-11-28
5046,구로구 온수동 122-33,한전주,50,2025-11-28
5047,구로구 온수동 86-12,한전주,50,2025-11-28
5048,구로구 구로2동 86-7,한전주,70,2025-11-28
5049,구로구 온수동 86-7,벽부형,70,2025-11-28
5050,구로구 온수동 산13-6,벽부형,70,2025-11-28
5051,구로구 구로2동 86-8,한전주,70,2025-11-28
5052,구로구 온수동 산14-6,한전주,50,2025-11-28
5053,구로구 개봉동 60-42,한전주,70,2025-11-28
5054,구로구 개봉동 60-79,한전주,70,2025-11-28
5055,구로구 가리봉동 87-10,벽부형,25,2025-11-28
5056,구로구 구로2동 87-10,한전주,70,2025-11-28
5057,구로구 가리봉동 87-101,벽부형,25,2025-11-28
5058,구로구 가리봉동 87-108,한전주,50,2025-11-28
5059,구로구 가리봉동 87-131,벽부형,25,2025-11-28
5060,구로구 가리봉동 87-150,한전주,25,2025-11-28
5061,구로구 가리봉동 87-153,폴형,25,2025-11-28
5062,구로구 가리봉동 87-154,한전주,25,2025-11-28
5063,구로구 가리봉동 87-155,폴형,25,2025-11-28
5064,구로구 가리봉동 87-167,폴형,25,2025-11-28
5065,구로구 가리봉동 87-167,벽부형,25,2025-11-28
5066,구로구 가리봉동 87-171,한전주,25,2025-11-28
5067,구로구 가리봉동 87-173,벽부형,25,2025-11-28
5068,구로구 가리봉동 87-175,폴형,25,2025-11-28
5069,구로구 가리봉동 87-178,한전주,25,2025-11-28
5070,구로구 가리봉동 87-185,한전주,25,2025-11-28
5071,구로구 가리봉동 87-187,한전주,50,2025-11-28
5072,구로구 가리봉동 87-3,폴형,25,2025-11-28
5073,구로구 가리봉동 87-49,벽부형,25,2025-11-28
5074,구로구 가리봉동 87-220,한전주,25,2025-11-28
5075,구로구 가리봉동 87-74,한전주,25,2025-11-28
5076,구로구 가리봉동 87-76,폴형,25,2025-11-28
5077,구로구 가리봉동 87-79,한전주,50,2025-11-28
5078,구로구 가리봉동 87-83,벽부형,25,2025-11-28
5079,구로구 가리봉동 87-86,한전주,25,2025-11-28
5080,구로구 가리봉동 87-91/,한전주,25,2025-11-28
5081,구로구 구로2동 88,한전주,70,2025-11-28
5082,구로구 구로2동 88-11,한전주,70,2025-11-28
5083,구로구 개봉동 492-2,한전주,50,2025-11-28
5084,구로구 가리봉동 88-20,벽부형,40,2025-11-28
5085,구로구 구로2동 88-25,폴형,25,2025-11-28
5086,구로구 가리봉동 88-28,벽부형,25,2025-11-28
5087,구로구 구로2동 429-235,폴형,70,2025-11-28
5088,구로구 가리봉동 88-32,폴형,25,2025-11-28
5089,구로구 가리봉동 88-35,한전주,25,2025-11-28
5090,구로구 가리봉동 88-39,한전주,25,2025-11-28
5091,구로구 가리봉동 88-43,벽부형,25,2025-11-28
5092,구로구 가리봉동 88-45,한전주,25,2025-11-28
5093,구로구 가리봉동 88-49,한전주,25,2025-11-28
5094,구로구 가리봉동 88-7,벽부형,25,2025-11-28
5095,구로구 가리봉동 89-10,벽부형,25,2025-11-28
5096,구로구 가리봉동 89-106,한전주,25,2025-11-28
5097,구로구 가리봉동 89-11,벽부형,25,2025-11-28
5098,구로구 가리봉동 89-115,벽부형,25,2025-11-28
5099,구로구 가리봉동 89-116,한전주,50,2025-11-28
5100,구로구 가리봉동 89-12,벽부형,50,2025-11-28
5101,구로구 가리봉동 89-133,폴형,25,2025-11-28
5102,구로구 가리봉동 89-133,벽부형,25,2025-11-28
5103,구로구 가리봉동 89-134,벽부형,25,2025-11-28
5104,구로구 가리봉동 89-134,벽부형,25,2025-11-28
5105,구로구 가리봉동 89-16,한전주,50,2025-11-28
5106,구로구 가리봉동 89-17,벽부형,25,2025-11-28
5107,구로구 가리봉동 89-19,벽부형,25,2025-11-28
5108,구로구 가리봉동 89-20,한전주,25,2025-11-28
5109,구로구 가리봉동 89-20,벽부형,25,2025-11-28
5110,구로구 가리봉동 89-25,벽부형,25,2025-11-28
5111,구로구 가리봉동 89-30,한전주,25,2025-11-28
5112,구로구 가리봉동 89-63,벽부형,25,2025-11-28
5113,구로구 온수동 122-1,한전주,50,2025-11-28
5114,구로구 온수동 92,한전주,50,2025-11-28
5115,구로구 가리봉동 89-84,폴형,50,2025-11-28
5116,구로구 가리봉동 89-88,벽부형,25,2025-11-28
5117,구로구 가리봉동 89-88,벽부형,20,2025-11-28
5118,구로구 가리봉동 88-95,한전주,25,2025-11-28
5119,구로구 오류동 6-236,한전주,70,2025-11-28
5120,구로구 오류동 9-138,한전주,70,2025-11-28
5121,구로구 오류동 9-129,한전주,50,2025-11-28
5122,구로구 오류동 9-129,폴형,50,2025-11-28
5123,구로구 오류동 9-162,한전주,50,2025-11-28
5124,구로구 오류동 315-1,한전주,50,2025-11-28
5125,구로구 오류동 9-149,한전주,25,2025-11-28
5126,구로구 오류동 9-162,폴형,50,2025-11-28
5127,구로구 오류동 9-19,폴형,50,2025-11-28
5128,구로구 오류동 9-162,폴형,25,2025-11-28
5129,구로구 오류동 9-162,한전주,50,2025-11-28
5130,구로구 오류동 315-13,한전주,50,2025-11-28
5131,구로구 온수동 9-23,폴형,50,2025-11-28
5132,구로구 온수동 9-23,한전주,50,2025-11-28
5133,구로구 오류동 314-36,한전주,25,2025-11-28
5134,구로구 오류동 9-5,한전주,25,2025-11-28
5135,구로구 개봉동 8-21,폴형,70,2025-11-28
5136,구로구 개봉동 416-158,한전주,70,2025-11-28
5137,구로구 온수동 10-10,한전주,50,2025-11-28
5138,구로구 오류동 9-60,한전주,50,2025-11-28
5139,구로구 오류동 315-1,한전주,50,2025-11-28
5140,구로구 구로4동 90,폴형,70,2025-11-28
5141,구로구 구로5동 90-1,폴형,48,2025-11-28
5142,구로구 구로5동 90-1,폴형,48,2025-11-28
5143,구로구 구로4동 90-1,폴형,48,2025-11-28
5144,구로구 가리봉동 90-2,한전주,50,2025-11-28
5145,구로구 가리봉동 90-2,폴형,50,2025-11-28
5146,구로구 온수동 122-1,한전주,50,2025-11-28
5147,구로구 구로4동 91-34,폴형,70,2025-11-28
5148,구로구 구로4동 93,폴형,70,2025-11-28
5149,구로구 구로4동 93,폴형,70,2025-11-28
5150,구로구 구로4동 93,폴형,70,2025-11-28
5151,구로구 구로4동 93,,70,2025-11-28
5152,구로구 구로4동 93,폴형,70,2025-11-28
5153,구로구 구로4동 93,폴형,50,2025-11-28
5154,구로구 구로동 93,폴형,50,2025-11-28
5155,구로구 온수동 93-18,한전주,50,2025-11-28
5156,구로구 온수동 91-3,폴형,25,2025-11-28
5157,구로구 개봉동 455-1,한전주,25,2025-11-28
5158,구로구 구로4동 95,한전주,48,2025-11-28
5159,구로구 구로5동 95-1,한전주,48,2025-11-28
5160,구로구 구로4동 95-10,한전주,40,2025-11-28
5161,구로구 구로4동 95-5,한전주,40,2025-11-28
5162,구로구 구로4동 95-5,한전주,48,2025-11-28
5163,구로구 구로5동 95-8,한전주,48,2025-11-28
5164,구로구 가리봉동 96-1,폴형,25,2025-11-28
5165,구로구 가리봉동 96-2,한전주,25,2025-11-28
5166,구로구 가리봉동 96-3,폴형,25,2025-11-28
5167,구로구 가리봉동 96-3,벽부형,25,2025-11-28
5168,구로구 가리봉동 96-4,한전주,25,2025-11-28
5169,구로구 온수동 97,한전주,50,2025-11-28
5170,구로구 개봉동 97-14,폴형,25,2025-11-28
5171,구로구 구로4동 97-15,폴형,70,2025-11-28
5172,구로구 구로4동 97-15,폴형,70,2025-11-28
5173,구로구 온수동 122-1,한전주,50,2025-11-28
5174,구로구 개봉동 97-24,한전주,50,2025-11-28
5175,구로구 개봉동 97-26,한전주,50,2025-11-28
5176,구로구 구로5동 97-5,한전주,48,2025-11-28
5177,구로구 구로5동 97-5,한전주,48,2025-11-28
5178,구로구 구로4동 97-6,한전주,40,2025-11-28
5179,구로구 구로4동 97,한전주,40,2025-11-28
5180,구로구 개봉동 441-4,한전주,50,2025-11-28
5181,구로구 개봉동 98-7,벽부형,25,2025-11-28
5182,구로구 개봉동 98-7,한전주,25,2025-11-28
5183,구로구 개봉동 416-161,한전주,70,2025-11-28
5184,구로구 궁동 98-2,한전주,50,2025-11-28
5185,구로구 개봉동 98-7,한전주,70,2025-11-28
5186,구로구 개봉동 98-7,폴형,70,2025-11-28
5187,구로구 개봉동 98-7,한전주,50,2025-11-28
5188,구로구 개봉동 98-7,폴형,70,2025-11-28
5189,구로구 고척동 98-57,벽부형,50,2025-11-28
5190,구로구 구로4동 98-6,한전주,100,2025-11-28
5191,구로구 고척동 98-6,한전주,50,2025-11-28
5192,구로구 가리봉동 98-6,벽부형,25,2025-11-28
5193,구로구 가리봉동 98-6,벽부형,25,2025-11-28
5194,구로구 고척동 98-84,한전주,25,2025-11-28
5195,구로구 고척동 98-1,한전주,50,2025-11-28
5196,구로구 온수동 122-1,한전주,50,2025-11-28
5197,구로구 개봉동 416-161,한전주,70,2025-11-28
5198,구로구 온수동 122-1,한전주,50,2025-11-28
5199,구로구 온수동 72-1,한전주,50,2025-11-28
5200,구로구 온수동 121-1,한전주,50,2025-11-28
5201,구로구 온수동 122-1,한전주,50,2025-11-28
5202,구로구 온수동 122-1,한전주,50,2025-11-28
5203,구로구 고척동 산9-14,,,2025-11-28
5204,구로구 고척동 산9-14,,,2025-11-28
5205,구로구 고척동 산9-14,,,2025-11-28
5206,구로구 고척동 산9-14,,,2025-11-28
5207,구로구 고척동 산9-14,,,2025-11-28
5208,구로구 고척동 산9-14,,,2025-11-28
5209,구로구 구로동 1119,,400,2025-11-28
5210,구로구 구로동 636-46,,50,2025-11-28
5211,구로구 구로5동 산1-3,한전주,50,2025-11-28
5212,구로구 궁동 산1-45,한전주,70,2025-11-28
5213,구로구 궁동 124-8,한전주,70,2025-11-28
5214,구로구 온수동 121-1,한전주,50,2025-11-28
5215,구로구 온수동 120-9,폴형,25,2025-11-28
5216,구로구 온수동 산13-6,폴형,70,2025-11-28
5217,구로구 온수동 산13-6,폴형,70,2025-11-28
5218,구로구 궁동 산14-12,한전주,25,2025-11-28
5219,구로구 궁동 산14-8,한전주,25,2025-11-28
5220,구로구 궁동 산14-9,한전주,25,2025-11-28
5221,구로구 개봉동 산2-3,한전주,35,2025-11-28
5222,구로구 개봉동 산2-3,한전주,70,2025-11-28
5223,구로구 오류동 산42-25,한전주,50,2025-11-28
5224,구로구 오류동 산42-25,,50,2025-11-28
5225,구로구 항동 산25-1,한전주,50,2025-11-28
5226,구로구 항동 산25-3,한전주,50,2025-11-28
5227,구로구 온수동 20-14,한전주,70,2025-11-28
5228,구로구 개봉동 273-16,폴형,25,2025-11-28
5229,구로구 개봉동 산55-16,폴형,25,2025-11-28
5230,구로구 고척동 62-186,폴형,50,2025-11-28
5231,구로구 고척동 산58-1,폴형,50,2025-11-28
5232,구로구 개봉동 산55-16,한전주,25,2025-11-28
5233,구로구 고척동 산58-1,폴형,50,2025-11-28
5234,구로구 고척동 52-381,폴형,50,2025-11-28
5235,구로구 고척동 산58-1,폴형,50,2025-11-28
5236,구로구 개봉동 산59-11,한전주,70,2025-11-28
5237,구로구 궁동 124-7,한전주,70,2025-11-28
5238,구로구 궁동 147-8,한전주,25,2025-11-28
