보안등위치명,설치개수,소재지도로명주소,소재지지번주소,위도,경도,설치연도,설치형태,관리기관전화번호,관리기관명,데이터기준일자
갈현1동,1,갈현로37길 53-3,281-101,37.6245810000,126.9121680000,2017,,02-351-7944,서울특별시 은평구청,2026-02-26
갈현1동,1,갈현로39가길 33,281-156,37.6243040000,126.9124440000,2005,,02-351-7944,서울특별시 은평구청,2026-02-26
갈현1동,1,갈현로33가길 7-42,275-61,37.6240630000,126.9127190000,2017,,02-351-7944,서울특별시 은평구청,2026-02-26
갈현1동,1,갈현로33가길 7-37,275-63,37.6238772800,126.9125861000,2022,,02-351-7944,서울특별시 은평구청,2026-02-26
갈현1동,1,갈현로33가길 7-41,277-18,37.6215770000,126.9137970000,2007,,02-351-7944,서울특별시 은평구청,2026-02-26
갈현1동,1,갈현로33가길 5-43,275-87,37.6236450000,126.9123170000,2006,,02-351-7944,서울특별시 은평구청,2026-02-26
갈현1동,1,갈현로33가길 5-35,275-103,37.6231950000,126.9123580000,2008,,02-351-7944,서울특별시 은평구청,2026-02-26
갈현1동,1,갈현로33가길 5-30,275-80,37.6229990000,126.9126100000,2006,,02-351-7944,서울특별시 은평구청,2026-02-26
갈현1동,1,갈현로33가길 5-28,275-177,37.6229630000,126.9126440000,2017,,02-351-7944,서울특별시 은평구청,2026-02-26
갈현1동,1,갈현로33가길 7-20,275-139,37.6229650000,126.9128710000,2017,,02-351-7944,서울특별시 은평구청,2026-02-26
갈현1동,1,갈현로33가길 5-30,275-80,37.6229990000,126.9126100000,2008,,02-351-7944,서울특별시 은평구청,2026-02-26
갈현1동,1,갈현로33가길 7-32,275-98,37.6235590000,126.9127600000,2016,,02-351-7944,서울특별시 은평구청,2026-02-26
갈현1동,1,갈현로33가길 30-2,275-56,37.6238110000,126.9127000000,2017,,02-351-7944,서울특별시 은평구청,2026-02-26
갈현1동,1,갈현로33가길 30-1,275-110,37.6238750000,126.9128580000,2005,,02-351-7944,서울특별시 은평구청,2026-02-26
갈현1동,1,갈현로33가길 29,275-192,37.6236770000,126.9129060000,2017,,02-351-7944,서울특별시 은평구청,2026-02-26
갈현1동,1,갈현로33가길 11-17,275-134,37.6231010000,126.9129480000,2011,,02-351-7944,서울특별시 은평구청,2026-02-26
갈현1동,1,갈현로33가길 5-30,275-97,37.6232870000,126.9125600000,2005,,02-351-7944,서울특별시 은평구청,2026-02-26
갈현1동,1,갈현로33가길 11-17,275-134,37.6232063600,126.9130351000,2020,,02-351-7944,서울특별시 은평구청,2026-02-26
갈현1동,1,갈현로33가길 21,275-137,37.6231860000,126.9133210000,2017,,02-351-7944,서울특별시 은평구청,2026-02-26
갈현1동,1,갈현로33가길 20,275-6,37.6230820000,126.9137640000,2017,,02-351-7944,서울특별시 은평구청,2026-02-26
갈현1동,1,갈현로33길 24,537,37.6215494700,126.9141359000,2017,,02-351-7944,서울특별시 은평구청,2026-02-26
갈현1동,1,갈현로33가길 11-5,275-19,37.6225730000,126.9133640000,2017,,02-351-7944,서울특별시 은평구청,2026-02-26
갈현1동,1,갈현로33길 7,275-33,37.6219350000,126.9135090000,2017,,02-351-7944,서울특별시 은평구청,2026-02-26
갈현1동,1,갈현로33가길 5-8,275-30,37.6221686400,126.9132134000,2022,,02-351-7944,서울특별시 은평구청,2026-02-26
갈현1동,1,갈현로33가길 7-8,275-21,37.6224110000,126.9133660000,2017,,02-351-7944,서울특별시 은평구청,2026-02-26
갈현1동,1,갈현로33가길 7-12,275-17,37.6226710000,126.9132260000,2017,,02-351-7944,서울특별시 은평구청,2026-02-26
갈현1동,1,갈현로33가길 5-19,275-10,37.6226834800,126.9127119000,2022,,02-351-7944,서울특별시 은평구청,2026-02-26
갈현1동,1,갈현로33가길 5-19,275-10,37.6225570000,126.9125940000,2013,,02-351-7944,서울특별시 은평구청,2026-02-26
갈현1동,1,갈현로33가길 5-16,275-26,37.6225970000,126.9129900000,2017,,02-351-7944,서울특별시 은평구청,2026-02-26
갈현1동,1,갈현로33가길 5-12,275-108,37.6223540000,126.9130720000,2017,,02-351-7944,서울특별시 은평구청,2026-02-26
갈현1동,1,갈현로33가길 5-6,275-32,37.6220950000,126.9133140000,2009,,02-351-7944,서울특별시 은평구청,2026-02-26
갈현1동,1,갈현로33가길 7,275-33,37.6219350000,126.9135090000,2017,,02-351-7944,서울특별시 은평구청,2026-02-26
갈현1동,1,갈현로33가길 7,275-33,37.6219856200,126.9135940000,2017,,02-351-7944,서울특별시 은평구청,2026-02-26
갈현1동,1,갈현로33길 5,275-36,37.6203384500,126.9154828000,2017,,02-351-7944,서울특별시 은평구청,2026-02-26
갈현1동,1,갈현로33길 24,537,37.6215494700,126.9141359000,2017,,02-351-7944,서울특별시 은평구청,2026-02-26
갈현1동,1,갈현로33길 28,271,37.6216000000,126.9133780000,2017,,02-351-7944,서울특별시 은평구청,2026-02-26
갈현1동,1,갈현로33길 30,271,37.6216000000,126.9133780000,2017,,02-351-7944,서울특별시 은평구청,2026-02-26
갈현1동,1,갈현로33길 42,268-5,37.6220587300,126.9121409000,2017,,02-351-7944,서울특별시 은평구청,2026-02-26
갈현1동,1,갈현로33길 34-3,268-40,37.6219750000,126.9129990000,2016,,02-351-7944,서울특별시 은평구청,2026-02-26
갈현1동,1,갈현로33길 36-8,268-10,37.6221080000,126.9127360000,2008,,02-351-7944,서울특별시 은평구청,2026-02-26
갈현1동,1,갈현로33길 36-10,268-19,37.6222690000,126.9126430000,2007,,02-351-7944,서울특별시 은평구청,2026-02-26
갈현1동,1,갈현로33길 36-14,268-17,37.6224380000,126.9123920000,2011,,02-351-7944,서울특별시 은평구청,2026-02-26
갈현1동,1,갈현로33길 36-20,274-48,37.6226880000,126.9120590000,2006,,02-351-7944,서울특별시 은평구청,2026-02-26
갈현1동,1,갈현로33길 36-24,266-3,37.6228120000,126.9118310000,2018,,02-351-7944,서울특별시 은평구청,2026-02-26
갈현1동,1,갈현로33길 36-28,266-4,37.6226740000,126.9115390000,2017,,02-351-7944,서울특별시 은평구청,2026-02-26
갈현1동,1,갈현로29길 51-14,267-92,37.6224090000,126.9121540000,2017,,02-351-7944,서울특별시 은평구청,2026-02-26
갈현1동,1,갈현로29길 62,545-상가,37.6231310000,126.9113170000,2006,,02-351-7944,서울특별시 은평구청,2026-02-26
갈현1동,1,갈현로29길 62,545-1,37.6229480000,126.9110130000,2017,,02-351-7944,서울특별시 은평구청,2026-02-26
갈현1동,1,연서로29길 34-9,430-13,37.6200570000,126.9170480000,2015,,02-351-7944,서울특별시 은평구청,2026-02-26
갈현1동,1,연서로29길 34-9,432-12,37.6202620000,126.9167500000,2015,,02-351-7944,서울특별시 은평구청,2026-02-26
갈현1동,1,연서로29길 34-11,432-8,37.6204000000,126.9170770000,2019,,02-351-7944,서울특별시 은평구청,2026-02-26
갈현1동,1,통일로83길 23,430-17,37.6205360000,126.9172220000,2006,,02-351-7944,서울특별시 은평구청,2026-02-26
갈현1동,1,통일로87길 21-31,426-18,37.6222130000,126.9172660000,2015,,02-351-7944,서울특별시 은평구청,2026-02-26
갈현1동,1,통일로83길 21,430-2,37.6206531400,126.9174504000,2022,,02-351-7944,서울특별시 은평구청,2026-02-26
갈현1동,1,통일로83길 24-6,429-34,37.6208430000,126.9172740000,2005,,02-351-7944,서울특별시 은평구청,2026-02-26
갈현1동,1,통일로83길 24-12,429-29,37.6212030000,126.9172350000,2018,,02-351-7944,서울특별시 은평구청,2026-02-26
갈현1동,1,갈현로36길 4-1,429-26,37.6214190000,126.9172210000,2006,,02-351-7944,서울특별시 은평구청,2026-02-26
갈현1동,1,갈현로 276,428-8,37.6214250000,126.9168580000,2008,,02-351-7944,서울특별시 은평구청,2026-02-26
갈현1동,1,갈현로36길 8,429-1,37.6214590000,126.9175490000,2011,,02-351-7944,서울특별시 은평구청,2026-02-26
갈현1동,1,갈현로36길 6-6,429-24,37.6212500000,126.9173590000,2007,,02-351-7944,서울특별시 은평구청,2026-02-26
갈현1동,1,갈현로36길 8,429-1,37.6214590000,126.9175490000,2017,,02-351-7944,서울특별시 은평구청,2026-02-26
갈현1동,1,갈현로36길 3-5,427-15,37.6217430000,126.9170910000,2018,,02-351-7944,서울특별시 은평구청,2026-02-26
갈현1동,1,통일로85길 14-8,407-19,37.6225090000,126.9181000000,2018,,02-351-7944,서울특별시 은평구청,2026-02-26
갈현1동,1,통일로89길 18-19,419-22,37.6250760000,126.9179720000,2017,,02-351-7944,서울특별시 은평구청,2026-02-26
갈현1동,1,통일로 863-4,395-7,37.6200210000,126.9199940000,2017,,02-351-7944,서울특별시 은평구청,2026-02-26
갈현1동,1,통일로 855-20,396-9,37.6195970000,126.9198520000,,,02-351-7944,서울특별시 은평구청,2026-02-26
갈현1동,1,통일로 863-8,395-28,37.6198200000,126.9196910000,2005,,02-351-7944,서울특별시 은평구청,2026-02-26
갈현1동,1,통일로 855-14,396-16,37.6194540000,126.9200360000,2005,,02-351-7944,서울특별시 은평구청,2026-02-26
갈현1동,1,통일로 855-8,396-13,37.6192200000,126.9201070000,2005,,02-351-7944,서울특별시 은평구청,2026-02-26
갈현1동,1,통일로 855-16,396-8,37.6195010000,126.9202620000,2006,,02-351-7944,서울특별시 은평구청,2026-02-26
갈현1동,1,연서로29길 8-8,398-5,37.6189280000,126.9196700000,2005,,02-351-7944,서울특별시 은평구청,2026-02-26
갈현1동,1,연서로29길 14-8,399-4,37.6192560000,126.9190530000,2008,,02-351-7944,서울특별시 은평구청,2026-02-26
갈현1동,1,연서로29길 14-4,399-15,37.6191910000,126.9188160000,2007,,02-351-7944,서울특별시 은평구청,2026-02-26
갈현1동,1,연서로29길 20-18,400-16,37.6197700000,126.9190910000,2008,,02-351-7944,서울특별시 은평구청,2026-02-26
갈현1동,1,통일로 863-13,400-1,37.6199426000,126.9193892000,2021,,02-351-7944,서울특별시 은평구청,2026-02-26
갈현1동,1,연서로29길 20-25,402-29,37.6201050000,126.9192560000,2005,,02-351-7944,서울특별시 은평구청,2026-02-26
갈현1동,1,연서로29길 20-25,402-8,37.6200609100,126.9192295000,,,02-351-7944,서울특별시 은평구청,2026-02-26
갈현1동,1,통일로 863-11,402-24,37.6201390000,126.9190290000,2008,,02-351-7944,서울특별시 은평구청,2026-02-26
갈현1동,1,연서로29길 20-17,402-34,37.6199380000,126.9187940000,2005,,02-351-7944,서울특별시 은평구청,2026-02-26
갈현1동,1,통일로83길 5-20,402-40,37.6200340000,126.9184420000,2017,,02-351-7944,서울특별시 은평구청,2026-02-26
갈현1동,1,통일로83길 5-29,402-40,37.6200722200,126.9185486000,2022,,02-351-7944,서울특별시 은평구청,2026-02-26
갈현1동,1,연서로29길 22-18,401-9,37.6198170000,126.9183200000,2008,,02-351-7944,서울특별시 은평구청,2026-02-26
갈현1동,1,연서로29길 22-12,401-12,37.6198060000,126.9181500000,2018,,02-351-7944,서울특별시 은평구청,2026-02-26
갈현1동,1,연서로29길 22-13,431-4,37.6198920000,126.9177070000,2006,,02-351-7944,서울특별시 은평구청,2026-02-26
갈현1동,1,연서로29길 22-13,431-4,37.6198920000,126.9177070000,2006,,02-351-7944,서울특별시 은평구청,2026-02-26
갈현1동,1,연서로29길 30-18,431-1,37.6202520000,126.9176790000,2007,,02-351-7944,서울특별시 은평구청,2026-02-26
갈현1동,1,통일로83길 17-11,403-35,37.6204138200,126.9179554000,,,02-351-7944,서울특별시 은평구청,2026-02-26
갈현1동,1,통일로83길 17-17,403-7,37.6204800000,126.9179930000,2019,,02-351-7944,서울특별시 은평구청,2026-02-26
갈현1동,1,통일로83길 17-20,402-19,37.6201590000,126.9182810000,2008,,02-351-7944,서울특별시 은평구청,2026-02-26
갈현1동,1,통일로83길 17-26,402-10,37.6203130000,126.9183920000,2007,,02-351-7944,서울특별시 은평구청,2026-02-26
갈현1동,1,통일로83길 5-35,402-37,37.6204120900,126.9186001000,2022,,02-351-7944,서울특별시 은평구청,2026-02-26
갈현1동,1,통일로83길 5-25,402-37,37.6203230000,126.9185170000,2006,,02-351-7944,서울특별시 은평구청,2026-02-26
갈현1동,1,통일로83길 5-13,402-31,37.6202530000,126.9187100000,2007,,02-351-7944,서울특별시 은평구청,2026-02-26
갈현1동,1,통일로83길 5-18,403-16,37.6206570000,126.9185460000,2007,,02-351-7944,서울특별시 은평구청,2026-02-26
갈현1동,1,통일로83길 5-21,402-9,37.6203610000,126.9186970000,2008,,02-351-7944,서울특별시 은평구청,2026-02-26
갈현1동,1,통일로83길 5-15,402-7,37.6202360000,126.9188460000,2011,,02-351-7944,서울특별시 은평구청,2026-02-26
갈현1동,1,통일로85길 2,393-18,37.6223040000,126.9193600000,2008,,02-351-7944,서울특별시 은평구청,2026-02-26
갈현1동,1,통일로85길 6,393-13,37.6221750000,126.9190450000,2011,,02-351-7944,서울특별시 은평구청,2026-02-26
갈현1동,1,통일로85길 6-14,393-8,37.6226000000,126.9191520000,2005,,02-351-7944,서울특별시 은평구청,2026-02-26
갈현1동,1,통일로85길 6-10,393-14,37.6225280000,126.9191980000,2006,,02-351-7944,서울특별시 은평구청,2026-02-26
갈현1동,1,통일로87길 5-9,393-4,37.6227530000,126.9191610000,2005,,02-351-7944,서울특별시 은평구청,2026-02-26
갈현1동,1,통일로87길 5,393-2,37.6231940000,126.9191550000,2005,,02-351-7944,서울특별시 은평구청,2026-02-26
갈현1동,1,통일로87길 17-21,410-24,37.6228170000,126.9183450000,2017,,02-351-7944,서울특별시 은평구청,2026-02-26
갈현1동,1,통일로87길 17-21,410-24,37.6228445700,126.9183849000,2017,,02-351-7944,서울특별시 은평구청,2026-02-26
갈현1동,1,통일로87길 17-15,410-21,37.6228320000,126.9179590000,2017,,02-351-7944,서울특별시 은평구청,2026-02-26
갈현1동,1,통일로87길 9-13,410-16,37.6229510000,126.9182290000,2007,,02-351-7944,서울특별시 은평구청,2026-02-26
갈현1동,1,통일로87길 9-5,409-9,37.6230640000,126.9187150000,2017,,02-351-7944,서울특별시 은평구청,2026-02-26
갈현1동,1,통일로85길 10-12,408-11,37.6225950000,126.9186990000,2017,,02-351-7944,서울특별시 은평구청,2026-02-26
갈현1동,1,통일로85길 10-4,408-8,37.6222710000,126.9186470000,2017,,02-351-7944,서울특별시 은평구청,2026-02-26
갈현1동,1,통일로85길 9-1,406-10,37.6219720000,126.9185380000,2007,,02-351-7944,서울특별시 은평구청,2026-02-26
갈현1동,1,통일로85길 7-1,406-2,37.6219030000,126.9188560000,2011,,02-351-7944,서울특별시 은평구청,2026-02-26
갈현1동,1,갈현로36길 20,405-1,37.6217019500,126.9188808000,2023,,02-351-7944,서울특별시 은평구청,2026-02-26
갈현1동,1,통일로83길 6-16,394-15,37.6270940000,126.9160170000,2011,,02-351-7944,서울특별시 은평구청,2026-02-26
갈현1동,1,갈현로36길 17,406-13,37.6218100000,126.9185630000,2017,,02-351-7944,서울특별시 은평구청,2026-02-26
갈현1동,1,통일로85길 9-2,406-7,37.6220100000,126.9186850000,2008,,02-351-7944,서울특별시 은평구청,2026-02-26
갈현1동,1,갈현로36길 15,406-46,37.6218900000,126.9184260000,2017,,02-351-7944,서울특별시 은평구청,2026-02-26
갈현1동,1,갈현로36길 13,406-22,37.6216980000,126.9180890000,2017,,02-351-7944,서울특별시 은평구청,2026-02-26
갈현1동,1,갈현로36 13-2,406-20,37.6218600000,126.9180980000,2017,,02-351-7944,서울특별시 은평구청,2026-02-26
갈현1동,1,갈현로36길 9,406-27,37.6216500000,126.9177720000,2017,,02-351-7944,서울특별시 은평구청,2026-02-26
갈현1동,1,갈현로36길 11-1,406-24,37.6218580000,126.9179050000,2005,,02-351-7944,서울특별시 은평구청,2026-02-26
갈현1동,1,갈현로36길 9-4,406-28,37.6218300000,126.9177920000,2017,,02-351-7944,서울특별시 은평구청,2026-02-26
갈현1동,1,통일로85길 13,406-32,37.6219860000,126.9180620000,2017,,02-351-7944,서울특별시 은평구청,2026-02-26
갈현1동,1,통일로85가길 18,407-28,37.6221810000,126.9177760000,2011,,02-351-7944,서울특별시 은평구청,2026-02-26
갈현1동,1,통일로85길 14,407-17,37.6221840000,126.9180710000,2017,,02-351-7944,서울특별시 은평구청,2026-02-26
갈현1동,1,통일로85길 12-4,407-8,37.6222860000,126.9183300000,2001,,02-351-7944,서울특별시 은평구청,2026-02-26
갈현1동,1,통일로83길 6-29,405-22,37.6213800000,126.9187730000,2005,,02-351-7944,서울특별시 은평구청,2026-02-26
갈현1동,1,통일로83길 6-8,394-7,37.6213300000,126.9192500000,2005,,02-351-7944,서울특별시 은평구청,2026-02-26
갈현1동,1,통일로83길 7-1,403-1,37.6208690000,126.9190640000,2011,,02-351-7944,서울특별시 은평구청,2026-02-26
갈현1동,1,통일로83길 12-5,404-13,37.6210890000,126.9184720000,2005,,02-351-7944,서울특별시 은평구청,2026-02-26
갈현1동,1,통일로83길 13,403-20,37.6207090000,126.9183300000,2017,,02-351-7944,서울특별시 은평구청,2026-02-26
갈현1동,1,통일로83길 12-7,404-12,37.6211790000,126.9184700000,2017,,02-351-7944,서울특별시 은평구청,2026-02-26
갈현1동,1,통일로83길 12-7,404-12,37.6211790000,126.9184700000,2017,,02-351-7944,서울특별시 은평구청,2026-02-26
갈현1동,1,통일로83길 15-1,403-27,37.6206790000,126.9179900000,2017,,02-351-7944,서울특별시 은평구청,2026-02-26
갈현1동,1,통일로83길 16-5,404-23,37.6210030000,126.9179400000,2007,,02-351-7944,서울특별시 은평구청,2026-02-26
갈현1동,1,통일로83길 16-7,404-21,37.6211020000,126.9179280000,2017,,02-351-7944,서울특별시 은평구청,2026-02-26
갈현1동,1,통일로83길 20-18,405-13,37.6212550000,126.9179710000,2007,,02-351-7944,서울특별시 은평구청,2026-02-26
갈현1동,1,통일로83길 20-11,429-2,37.6211260000,126.9175990000,2017,,02-351-7944,서울특별시 은평구청,2026-02-26
갈현1동,1,통일로83길 20,429-10,37.6208070300,126.9176353000,2017,,02-351-7944,서울특별시 은평구청,2026-02-26
갈현1동,1,통일로83길 19,430-1,37.6206985200,126.9176069000,2023,,02-351-7944,서울특별시 은평구청,2026-02-26
갈현1동,1,연서로29길 22-13,431-4,37.6198920000,126.9177070000,2006,,02-351-7944,서울특별시 은평구청,2026-02-26
갈현1동,1,통일로83길 17-4,430-6,37.6205753600,126.9176888000,2021,,02-351-7944,서울특별시 은평구청,2026-02-26
갈현1동,1,연서로29길 30-16,431-15,37.6201970000,126.9175220000,2017,,02-351-7944,서울특별시 은평구청,2026-02-26
갈현1동,1,연서로29길 30-15,430-23,37.6202750000,126.9171810000,2007,,02-351-7944,서울특별시 은평구청,2026-02-26
갈현1동,1,,431-3,37.6199070000,126.9173790000,2019,,02-351-7944,서울특별시 은평구청,2026-02-26
갈현1동,1,통일로85길 10-14,408-1,37.6226960000,126.9188560000,2011,,02-351-7944,서울특별시 은평구청,2026-02-26
갈현1동,1,통일로85길 18-15,426-4,37.6223240000,126.9175470000,2017,,02-351-7944,서울특별시 은평구청,2026-02-26
갈현1동,1,갈현로36길 9-7,427-1,37.6218640000,126.9174970000,2017,,02-351-7944,서울특별시 은평구청,2026-02-26
갈현1동,1,통일로85길 18-1,426-6,37.6221688600,126.9176230000,2023,,02-351-7944,서울특별시 은평구청,2026-02-26
갈현1동,1,갈현로36길 3-10,427-9,37.6219700000,126.9173710000,2017,,02-351-7944,서울특별시 은평구청,2026-02-26
갈현1동,1,통일로85길 18-3,426-5,37.6222861900,126.9176270000,2017,,02-351-7944,서울특별시 은평구청,2026-02-26
갈현1동,1,통일로87길 21-27,426-16,37.6223681700,126.9172280000,2017,,02-351-7944,서울특별시 은평구청,2026-02-26
갈현1동,1,통일로87길 21-13,425-15,37.6230060000,126.9172770000,2018,,02-351-7944,서울특별시 은평구청,2026-02-26
갈현1동,1,통일로87길 17-11,410-20,37.6228835700,126.9178184000,2018,,02-351-7944,서울특별시 은평구청,2026-02-26
갈현1동,1,통일로87길 21-31,426-18,37.6222411800,126.9172532000,2018,,02-351-7944,서울특별시 은평구청,2026-02-26
갈현1동,1,통일로87길 21-29,426-17,37.6223480000,126.9172410000,2019,,02-351-7944,서울특별시 은평구청,2026-02-26
갈현1동,1,통일로87길 21-13,426-15,37.6228050000,126.9170420000,2005,,02-351-7944,서울특별시 은평구청,2026-02-26
갈현1동,1,갈현로 294,427-29,37.6226790000,126.9170440000,2005,,02-351-7944,서울특별시 은평구청,2026-02-26
갈현1동,1,통일로87길 25-5,425-6,37.6231680000,126.9173310000,2016,,02-351-7944,서울특별시 은평구청,2026-02-26
갈현1동,1,통일로87길 17-4,425-8,37.6232204700,126.9176997000,2016,,02-351-7944,서울특별시 은평구청,2026-02-26
갈현1동,1,,424-19,37.6236660000,126.9175510000,2018,,02-351-7944,서울특별시 은평구청,2026-02-26
갈현1동,1,통일로87길 19-1,425-3,37.6235380000,126.9173940000,2019,,02-351-7944,서울특별시 은평구청,2026-02-26
갈현1동,1,갈현로 300(삼거리쪽),548,37.6235720000,126.9171220000,2014,,02-351-7944,서울특별시 은평구청,2026-02-26
갈현1동,1,갈현로 302-1,424-10,37.6238260000,126.9172990000,2011,,02-351-7944,서울특별시 은평구청,2026-02-26
갈현1동,1,통일로87길 18-7,424-14,37.6238509200,126.9177574000,2021,,02-351-7944,서울특별시 은평구청,2026-02-26
갈현1동,1,갈현로 302-7,424-13,37.6238100000,126.9175490000,2009,,02-351-7944,서울특별시 은평구청,2026-02-26
갈현1동,1,통일로87길 18-7,424-15,37.6237480000,126.9176740000,2017,,02-351-7944,서울특별시 은평구청,2026-02-26
갈현1동,1,갈현로 302-6,424-3,37.6239450000,126.9174670000,2005,,02-351-7944,서울특별시 은평구청,2026-02-26
갈현1동,1,갈현로 306-7,423-5,37.6240190000,126.9176930000,2017,,02-351-7944,서울특별시 은평구청,2026-02-26
갈현1동,1,갈현로 306-7,423-5,37.6240575000,126.9176825000,2023,,02-351-7944,서울특별시 은평구청,2026-02-26
갈현1동,1,갈현로 306-6,424-2,37.6238820000,126.9175360000,2017,,02-351-7944,서울특별시 은평구청,2026-02-26
갈현1동,1,갈현로 306-3,423-27,37.6240430000,126.9173980000,2018,,02-351-7944,서울특별시 은평구청,2026-02-26
갈현1동,1,통일로89길 19-8,423-8,37.6242700000,126.9175870000,2008,,02-351-7944,서울특별시 은평구청,2026-02-26
갈현1동,1,갈현로 308-2,423-25,37.6241770000,126.9172710000,2011,,02-351-7944,서울특별시 은평구청,2026-02-26
갈현1동,1,통일로89길 19-7,423-9,37.6244050000,126.9176080000,2010,,02-351-7944,서울특별시 은평구청,2026-02-26
갈현1동,1,통일로89길 19,423-10,37.6246424400,126.9176589000,2020,,02-351-7944,서울특별시 은평구청,2026-02-26
갈현1동,1,통일로89길 21,423-12,37.6246660000,126.9174790000,2017,,02-351-7944,서울특별시 은평구청,2026-02-26
갈현1동,1,통일로89길 17-1,423-1,37.6244970000,126.9177420000,2017,,02-351-7944,서울특별시 은평구청,2026-02-26
갈현1동,1,통일로89길 17-8,423-3,37.6241990000,126.9177130000,2017,,02-351-7944,서울특별시 은평구청,2026-02-26
갈현1동,1,통일로89길 13,414-19,37.6245356300,126.9181933000,2017,,02-351-7944,서울특별시 은평구청,2026-02-26
갈현1동,1,통일로89길 13-8,414-24,37.6241570000,126.9180310000,2007,,02-351-7944,서울특별시 은평구청,2026-02-26
갈현1동,1,통일로89길 13,414-19,37.6244920000,126.9182180000,2017,,02-351-7944,서울특별시 은평구청,2026-02-26
갈현1동,1,통일로89길 11-1,414-10,37.6244750000,126.9183320000,2017,,02-351-7944,서울특별시 은평구청,2026-02-26
갈현1동,1,통일로89길 11-6,414-12,37.6243130000,126.9183340000,2005,,02-351-7944,서울특별시 은평구청,2026-02-26
갈현1동,1,통일로87길 6-30,414-14,37.6242700000,126.9185840000,2005,,02-351-7944,서울특별시 은평구청,2026-02-26
갈현1동,1,통일로87길 6-25,411-2,37.6237730000,126.9184100000,2015,,02-351-7944,서울특별시 은평구청,2026-02-26
갈현1동,1,통일로89길 17-11,414-26,37.6240300000,126.9179080000,2015,,02-351-7944,서울특별시 은평구청,2026-02-26
갈현1동,1,통일로87길 10-10,411-1,37.6238370000,126.9185560000,2017,,02-351-7944,서울특별시 은평구청,2026-02-26
갈현1동,1,통일로87길 10-16,411-10,37.6237180000,126.9182860000,2016,,02-351-7944,서울특별시 은평구청,2026-02-26
갈현1동,1,통일로87길 6-19,412-8,37.6238940000,126.9188390000,2017,,02-351-7944,서울특별시 은평구청,2026-02-26
갈현1동,1,통일로87길 12-1,411-22,37.6234910000,126.9181420000,2005,,02-351-7944,서울특별시 은평구청,2026-02-26
갈현1동,1,통일로87길 10-10,411-25,37.6234410000,126.9185280000,2007,,02-351-7944,서울특별시 은평구청,2026-02-26
갈현1동,1,통일로87길 8-1,412-5,37.6234502800,126.9187637000,2007,,02-351-7944,서울특별시 은평구청,2026-02-26
갈현1동,1,통일로89길 18-19,419-21,37.6250760000,126.9179720000,2017,,02-351-7944,서울특별시 은평구청,2026-02-26
갈현1동,1,통일로89길 12-11,416-3,37.6251440000,126.9185600000,2017,,02-351-7944,서울특별시 은평구청,2026-02-26
갈현1동,1,통일로89길 12-3,415-10,37.6247460000,126.9184190000,2018,,02-351-7944,서울특별시 은평구청,2026-02-26
갈현1동,1,통일로89길 12-11,416-3,37.6251440000,126.9185600000,2006,,02-351-7944,서울특별시 은평구청,2026-02-26
갈현1동,1,통일로89길 12-14,415-23,37.6247870000,126.9189160000,2006,,02-351-7944,서울특별시 은평구청,2026-02-26
갈현1동,1,통일로89길 6-11,416-7,37.6250050000,126.9190950000,2008,,02-351-7944,서울특별시 은평구청,2026-02-26
갈현1동,1,통일로89길 6-8,391-24,37.6249620000,126.9193560000,2004,,02-351-7944,서울특별시 은평구청,2026-02-26
갈현1동,1,통일로89길 6-10,391-23,37.6250430400,126.9193090000,2021,,02-351-7944,서울특별시 은평구청,2026-02-26
갈현1동,1,통일로89길 6-15,391-22,37.6251340000,126.9193870000,2006,,02-351-7944,서울특별시 은평구청,2026-02-26
갈현1동,1,통일로89길 6-15,417-5,37.6253110000,126.9191350000,2005,,02-351-7944,서울특별시 은평구청,2026-02-26
갈현1동,1,통일로89길 18-22,416-1,37.6252900000,126.9187510000,2008,,02-351-7944,서울특별시 은평구청,2026-02-26
갈현1동,1,통일로89길 18-22,416-1,37.6254169400,126.9187503000,2020,,02-351-7944,서울특별시 은평구청,2026-02-26
갈현1동,1,통일로89길 6-20,391-5,,,2020,,02-351-7944,서울특별시 은평구청,2026-02-26
갈현1동,1,통일로89길 6-14,391-22,37.6251779000,126.9193411000,2021,,02-351-7944,서울특별시 은평구청,2026-02-26
갈현1동,1,통일로89길 6-20,391-5,,,2021,,02-351-7944,서울특별시 은평구청,2026-02-26
갈현1동,1,갈현로 340-10,418-9,37.6259371200,126.9192667000,2021,,02-351-7944,서울특별시 은평구청,2026-02-26
갈현1동,1,갈현로 332-7,418-15,37.6256700000,126.9188920000,2017,,02-351-7944,서울특별시 은평구청,2026-02-26
갈현1동,1,통일로89길 18-37,418-23,37.6256230000,126.9187570000,2017,,02-351-7944,서울특별시 은평구청,2026-02-26
갈현1동,1,갈현로 332-4,418-17,37.6258480000,126.9186740000,2008,,02-351-7944,서울특별시 은평구청,2026-02-26
갈현1동,1,갈현로 340-7,390-6,37.6262240000,126.9193940000,2003,,02-351-7944,서울특별시 은평구청,2026-02-26
갈현1동,1,갈현로47길 28,12-386,37.6283370000,126.9169280000,2018,,02-351-7944,서울특별시 은평구청,2026-02-26
갈현1동,1,갈현로47길 30,12-385,37.6285171600,126.9167540000,2018,,02-351-7944,서울특별시 은평구청,2026-02-26
갈현1동,1,갈현로47길 31,12-233,37.6285362100,126.9165029000,2023,,02-351-7944,서울특별시 은평구청,2026-02-26
갈현1동,1,갈현로47길 34,12-292,37.6287190000,126.9164240000,2018,,02-351-7944,서울특별시 은평구청,2026-02-26
갈현1동,1,갈현로47길 32-2,12-381,37.6286770000,126.9166620000,2007,,02-351-7944,서울특별시 은평구청,2026-02-26
갈현1동,1,갈현로47길 32-6,12-494,37.6286070000,126.9169240000,2007,,02-351-7944,서울특별시 은평구청,2026-02-26
갈현1동,1,갈현로47길 32-8,11월 13일,37.6287979200,126.9169029000,2007,,02-351-7944,서울특별시 은평구청,2026-02-26
갈현1동,1,갈현로47길 32-15,12-221,37.6276410000,126.9166890000,2006,,02-351-7944,서울특별시 은평구청,2026-02-26
갈현1동,1,갈현로47길 332-19,12-218,37.6290320000,126.9160680000,2007,,02-351-7944,서울특별시 은평구청,2026-02-26
갈현1동,1,갈현로47길 42-3,12-531,37.6293520000,126.9156780000,2011,,02-351-7944,서울특별시 은평구청,2026-02-26
갈현1동,1,갈현로47길 46,12-508,37.6293701000,126.9154441000,2023,,02-351-7944,서울특별시 은평구청,2026-02-26
갈현1동,1,갈현로47길 50,12-473,37.6295730000,126.9152220000,2018,,02-351-7944,서울특별시 은평구청,2026-02-26
갈현1동,1,갈현로33길 22,277-4,37.6213301700,126.9140223000,2023,,02-351-7944,서울특별시 은평구청,2026-02-26
갈현1동,1,갈현로33길 24,537-,37.6221300000,126.9141520000,2005,,02-351-7944,서울특별시 은평구청,2026-02-26
갈현1동,1,갈현로33길 24,537-,37.6221300000,126.9141520000,2005,,02-351-7944,서울특별시 은평구청,2026-02-26
갈현1동,1,갈현로33길 24,537-,37.6221300000,126.9141520000,2005,,02-351-7944,서울특별시 은평구청,2026-02-26
갈현1동,1,갈현로37길 7-27,276-115,37.6216580000,126.9147480000,2013,,02-351-7944,서울특별시 은평구청,2026-02-26
갈현1동,1,갈현로33길 24,537-,37.6221300000,126.9141520000,2018,,02-351-7944,서울특별시 은평구청,2026-02-26
갈현1동,1,갈현로39길,276-76,37.6222800000,126.9147270000,2007,,02-351-7944,서울특별시 은평구청,2026-02-26
갈현1동,1,갈현로37길 7-27,276-115,37.6216580000,126.9147480000,2005,,02-351-7944,서울특별시 은평구청,2026-02-26
갈현1동,1,갈현로37길 7-12,276-81,37.6220880000,126.9154660000,2005,,02-351-7944,서울특별시 은평구청,2026-02-26
갈현1동,1,갈현로37길 7-12,276-81,37.6221218200,126.9155489000,2005,,02-351-7944,서울특별시 은평구청,2026-02-26
갈현1동,1,갈현로37길 7-4,276-41,37.6223324700,126.9158912000,2023,,02-351-7944,서울특별시 은평구청,2026-02-26
갈현1동,1,갈현로37길 7,276-40,37.6223820000,126.9160290000,2007,,02-351-7944,서울특별시 은평구청,2026-02-26
갈현1동,1,갈현로37길 7,276-40,37.6223820000,126.9160290000,2007,,02-351-7944,서울특별시 은평구청,2026-02-26
갈현1동,1,통일로89길 18-27,419-13,37.6251860000,126.9182420000,2017,,02-351-7944,서울특별시 은평구청,2026-02-26
갈현1동,1,갈현로 324-5,419-6,37.6254210000,126.9183180000,2007,,02-351-7944,서울특별시 은평구청,2026-02-26
갈현1동,1,갈현로 328-3,418-20,37.6258000000,126.9184030000,2018,,02-351-7944,서울특별시 은평구청,2026-02-26
갈현1동,1,통일로 929-4,390-4,37.6259720000,126.9194660000,2007,,02-351-7944,서울특별시 은평구청,2026-02-26
갈현1동,1,통일로 929-2,390-3,37.6260470000,126.9197480000,2018,,02-351-7944,서울특별시 은평구청,2026-02-26
갈현1동,1,갈현로47길 2,6-92,37.6266980000,126.9190250000,2018,,02-351-7944,서울특별시 은평구청,2026-02-26
갈현1동,1,갈현로47길 3,06월 26일,37.6266840000,126.9185150000,2018,,02-351-7944,서울특별시 은평구청,2026-02-26
갈현1동,1,갈현로47길 6,06월 20일,37.6270270000,126.9185890000,2018,,02-351-7944,서울특별시 은평구청,2026-02-26
갈현1동,1,갈현로47길 6-2,6-83,37.6272370000,126.9188240000,2018,,02-351-7944,서울특별시 은평구청,2026-02-26
갈현1동,1,갈현로47길 2-3,6-62,37.6271930000,126.9189950000,2018,,02-351-7944,서울특별시 은평구청,2026-02-26
갈현1동,1,갈현로47길 2-2,6-78,37.6269420000,126.9190550000,2016,,02-351-7944,서울특별시 은평구청,2026-02-26
갈현1동,1,갈현로47길 6-7,6-104,37.6273550000,126.9189360000,2019,,02-351-7944,서울특별시 은평구청,2026-02-26
갈현1동,1,갈현로47길 10,06월 15일,37.6272320000,126.9182810000,2007,,02-351-7944,서울특별시 은평구청,2026-02-26
갈현1동,1,갈현로47길 10-1,6-65,37.6275470000,126.9182870000,2018,,02-351-7944,서울특별시 은평구청,2026-02-26
갈현1동,1,갈현로47길 10-6,6-96,37.6275510000,126.9186500000,2005,,02-351-7944,서울특별시 은평구청,2026-02-26
갈현1동,1,갈현로47길 10-8,6-103,37.6277296400,126.9187289000,2018,,02-351-7944,서울특별시 은평구청,2026-02-26
갈현1동,1,갈현로47길 18,6-52,37.6276060000,126.9177650000,2018,,02-351-7944,서울특별시 은평구청,2026-02-26
갈현1동,1,갈현로47길 11,12-271,37.6284010000,126.9160550000,2007,,02-351-7944,서울특별시 은평구청,2026-02-26
갈현1동,1,갈현로47길 42-8,13-13,37.6296624300,126.9162676000,2018,,02-351-7944,서울특별시 은평구청,2026-02-26
갈현1동,1,갈현로47길 42-8,13-13,37.6296624300,126.9162676000,2018,,02-351-7944,서울특별시 은평구청,2026-02-26
갈현1동,1,갈현로47길 10,12-243,37.6284030000,126.9163380000,2007,,02-351-7944,서울특별시 은평구청,2026-02-26
갈현1동,1,갈현로47길 38-1,12-288,37.6289140000,126.9160240000,2018,,02-351-7944,서울특별시 은평구청,2026-02-26
갈현1동,1,갈현로47가길 10,12-243,37.6283830800,126.9163368000,2020,,02-351-7944,서울특별시 은평구청,2026-02-26
갈현1동,1,갈현로47길 42-1,12-509,37.6293060000,126.9155880000,2018,,02-351-7944,서울특별시 은평구청,2026-02-26
갈현1동,1,갈현로47길 48,12-507,37.6295300000,126.9153700000,2018,,02-351-7944,서울특별시 은평구청,2026-02-26
갈현1동,1,갈현로47가길 14,12-246,37.6285953700,126.9159893000,2022,,02-351-7944,서울특별시 은평구청,2026-02-26
갈현1동,1,갈현로47길 50,12-473,37.6295730000,126.9152220000,2005,,02-351-7944,서울특별시 은평구청,2026-02-26
갈현1동,1,갈현로47길 15,12-252,37.6285780000,126.9157230000,2005,,02-351-7944,서울특별시 은평구청,2026-02-26
갈현1동,1,갈현로47가길 13-1,12-269,37.6285717300,126.9158305000,2023,,02-351-7944,서울특별시 은평구청,2026-02-26
갈현1동,1,갈현로47가길 29,12-351,37.6292800000,126.9146370000,2005,,02-351-7944,서울특별시 은평구청,2026-02-26
갈현1동,1,갈현로47가길 17,12-316,37.6287096100,126.9156472000,2021,,02-351-7944,서울특별시 은평구청,2026-02-26
갈현1동,1,갈현로47가길 22,12-302,37.6289980000,126.9153550000,2018,,02-351-7944,서울특별시 은평구청,2026-02-26
갈현1동,1,갈현로47가길 22,12-302,37.6290124300,126.9153701000,2022,,02-351-7944,서울특별시 은평구청,2026-02-26
갈현1동,1,갈현로47가길 26,12-305,37.6292660000,126.9150900000,2018,,02-351-7944,서울특별시 은평구청,2026-02-26
갈현1동,1,통일로89길 3,392-29,37.6244480000,126.9192840000,2004,,02-351-7944,서울특별시 은평구청,2026-02-26
갈현1동,1,통일로89길 2,391-12,37.6246930000,126.9195180000,2005,,02-351-7944,서울특별시 은평구청,2026-02-26
갈현1동,1,통일로89길 2,391-12,37.6246440500,126.9194837000,2022,,02-351-7944,서울특별시 은평구청,2026-02-26
갈현1동,1,통일로89길 5-7,392-27,37.6241740000,126.9129670000,2014,,02-351-7944,서울특별시 은평구청,2026-02-26
갈현1동,1,통일로89길 5-11,392-22,37.6240240000,126.9192450000,2007,,02-351-7944,서울특별시 은평구청,2026-02-26
갈현1동,1,통일로89길 6-10,392-15,37.6237350000,126.9192150000,2006,,02-351-7944,서울특별시 은평구청,2026-02-26
갈현1동,1,통일로87길 6,392-10,37.6235370000,126.9192520000,2005,,02-351-7944,서울특별시 은평구청,2026-02-26
갈현1동,1,통일로87길 6,392-10,37.6235118000,126.9191544000,2005,,02-351-7944,서울특별시 은평구청,2026-02-26
갈현1동,1,갈현로47길 14,6-50,37.6274630000,126.9179490000,2018,,02-351-7944,서울특별시 은평구청,2026-02-26
갈현1동,1,갈현로47길 14-4,6-101,37.6277270000,126.9182390000,2018,,02-351-7944,서울특별시 은평구청,2026-02-26
갈현1동,1,갈현로47길 14-6,6-70,37.6277460000,126.9183180000,2004,,02-351-7944,서울특별시 은평구청,2026-02-26
갈현1동,1,,산3-27,37.6278210000,126.9186350000,2001,,02-351-7944,서울특별시 은평구청,2026-02-26
갈현1동,1,,산3-27,37.6278210000,126.9186350000,2007,,02-351-7944,서울특별시 은평구청,2026-02-26
갈현1동,1,통일로 951,01월 24일,37.6277050000,126.9187950000,2018,,02-351-7944,서울특별시 은평구청,2026-02-26
갈현1동,1,통일로 951,01월 24일,37.6278690000,126.9189510000,2005,,02-351-7944,서울특별시 은평구청,2026-02-26
갈현1동,1,갈현로47길 14-3,6-72,37.6278400000,126.9177730000,2012,,02-351-7944,서울특별시 은평구청,2026-02-26
갈현1동,1,갈현로47길 14-3,6-72,37.6278400000,126.9177730000,2019,,02-351-7944,서울특별시 은평구청,2026-02-26
갈현1동,1,,산3-25,,,2019,,02-351-7944,서울특별시 은평구청,2026-02-26
갈현1동,1,갈현로47길 14-3,6-72,37.6278400000,126.9177730000,2008,,02-351-7944,서울특별시 은평구청,2026-02-26
갈현1동,1,갈현로47길 22,6-73,37.6278990000,126.9173420000,2008,,02-351-7944,서울특별시 은평구청,2026-02-26
갈현1동,1,갈현로47길 22,6-73,37.6278990000,126.9173420000,2005,,02-351-7944,서울특별시 은평구청,2026-02-26
갈현1동,1,갈현로47길 22,6-73,37.6278990000,126.9173420000,2018,,02-351-7944,서울특별시 은평구청,2026-02-26
갈현1동,1,갈현로47길 19,6-71,37.6277514600,126.9173111000,2022,,02-351-7944,서울특별시 은평구청,2026-02-26
갈현1동,1,갈현로47길 1-1,12월 03일,37.6278150000,126.9169810000,2017,,02-351-7944,서울특별시 은평구청,2026-02-26
갈현1동,1,갈현로47가길 4,12-84,37.6280433300,126.9167835000,2022,,02-351-7944,서울특별시 은평구청,2026-02-26
갈현1동,1,갈현로47길 8,12-266,37.6282430000,126.9165890000,2005,,02-351-7944,서울특별시 은평구청,2026-02-26
갈현1동,1,통일로83길 7-1,403-14,37.6207590000,126.9189070000,2018,,02-351-7944,서울특별시 은평구청,2026-02-26
갈현1동,1,통일로83길 5-9,402-1,37.6204550000,126.9191720000,2005,,02-351-7944,서울특별시 은평구청,2026-02-26
갈현1동,1,갈현로47가길 31-1,12-348,37.6294660000,126.9142830000,2018,,02-351-7944,서울특별시 은평구청,2026-02-26
갈현1동,1,갈현로47가길 33-1,12-346,37.6297027600,126.9141477000,2022,,02-351-7944,서울특별시 은평구청,2026-02-26
갈현1동,1,갈현로47가길 37,12-344,37.6298086600,126.9139937000,2022,,02-351-7944,서울특별시 은평구청,2026-02-26
갈현1동,1,갈현로45길 54-6,12-355,37.6294650000,126.9141700000,2018,,02-351-7944,서울특별시 은평구청,2026-02-26
갈현1동,1,갈현로45길 54-3,12-364,37.6292650000,126.9140590000,2008,,02-351-7944,서울특별시 은평구청,2026-02-26
갈현1동,1,갈현로45길 54-12,12-358,37.6296510000,126.9139060000,2006,,02-351-7944,서울특별시 은평구청,2026-02-26
갈현1동,1,갈현로45길 54-14,12-359,37.6297140000,126.9138150000,2018,,02-351-7944,서울특별시 은평구청,2026-02-26
갈현1동,1,갈현로45길 44-10,12-323,37.6290560000,126.9148550000,2018,,02-351-7944,서울특별시 은평구청,2026-02-26
갈현1동,1,갈현로17나길 24,12-352,37.6095620300,126.9101390000,2024,,02-351-7944,서울특별시 은평구청,2026-02-26
갈현1동,1,갈현로47가길 27-2,12-352,37.6292700000,126.9145460000,2018,,02-351-7944,서울특별시 은평구청,2026-02-26
갈현1동,1,갈현로45길 55,12-450,37.6291475600,126.9138755000,2023,,02-351-7944,서울특별시 은평구청,2026-02-26
갈현1동,1,갈현로45길 54-1,12-371,37.6292640000,126.9139570000,2018,,02-351-7944,서울특별시 은평구청,2026-02-26
갈현1동,1,갈현로45길 56-1,12-373,37.6293890000,126.9137740000,2018,,02-351-7944,서울특별시 은평구청,2026-02-26
갈현1동,1,갈현로45길 60,12-375,37.6294320000,126.9135920000,2018,,02-351-7944,서울특별시 은평구청,2026-02-26
갈현1동,1,갈현로45길 14-1,12-82,37.6266090000,126.9171680000,2008,,02-351-7944,서울특별시 은평구청,2026-02-26
갈현1동,1,갈현로45나길 6-9,12-421,37.6285300000,126.9134920000,2005,,02-351-7944,서울특별시 은평구청,2026-02-26
갈현1동,1,갈현로45길 50,12-343,37.6288943100,126.9144129000,2023,,02-351-7944,서울특별시 은평구청,2026-02-26
갈현1동,1,갈현로45길 50,12-343,37.6288810000,126.9144160000,2018,,02-351-7944,서울특별시 은평구청,2026-02-26
갈현1동,1,갈현로45길 46-1,12-340,37.6286860000,126.9147020000,2018,,02-351-7944,서울특별시 은평구청,2026-02-26
갈현1동,1,갈현로45길 42-1,12-337,37.6285382200,126.9149937000,2023,,02-351-7944,서울특별시 은평구청,2026-02-26
갈현1동,1,갈현로45길 42-1,12-337,37.6284630000,126.9150110000,2018,,02-351-7944,서울특별시 은평구청,2026-02-26
갈현1동,1,갈현로45길 40,12-275,37.6283130000,126.9153650000,2005,,02-351-7944,서울특별시 은평구청,2026-02-26
갈현1동,1,갈현로45길 40,12-275,37.6282692700,126.9153208000,2023,,02-351-7944,서울특별시 은평구청,2026-02-26
갈현1동,1,갈현로45길 36-1,12-99,37.6281980000,126.9155360000,2018,,02-351-7944,서울특별시 은평구청,2026-02-26
갈현1동,1,갈현로45길 32,12-438,37.6278680000,126.9159150000,2018,,02-351-7944,서울특별시 은평구청,2026-02-26
갈현1동,1,갈현로45길 28,12-49,37.6276763100,126.9162163000,2020,,02-351-7944,서울특별시 은평구청,2026-02-26
갈현1동,1,갈현로45길 34-6,12-258,37.6282380000,126.9159780000,2005,,02-351-7944,서울특별시 은평구청,2026-02-26
갈현1동,1,갈현로45길 25-14,12-93,37.6280690000,126.9162070000,2005,,02-351-7944,서울특별시 은평구청,2026-02-26
갈현1동,1,갈현로45길 34-12,12-259,37.6284690000,126.9156340000,2019,,02-351-7944,서울특별시 은평구청,2026-02-26
갈현1동,1,갈현로45길 34-18,12-273,37.6283630000,126.9158740000,2005,,02-351-7944,서울특별시 은평구청,2026-02-26
갈현1동,1,갈현로45길 44-4,12-320,37.6287980000,126.9151310000,2005,,02-351-7944,서울특별시 은평구청,2026-02-26
갈현1동,1,연서로29길 7,456-6,37.6186817800,126.9193576000,2005,,02-351-7944,서울특별시 은평구청,2026-02-26
갈현1동,1,갈현로47길 1-7,12월 06일,37.6276000000,126.9171990000,2006,,02-351-7944,서울특별시 은평구청,2026-02-26
갈현1동,1,갈현로47길 17,12-77,37.6275020000,126.9172570000,2008,,02-351-7944,서울특별시 은평구청,2026-02-26
갈현1동,1,갈현로47길 1-10,12월 07일,37.6273650000,126.9171340000,2008,,02-351-7944,서울특별시 은평구청,2026-02-26
갈현1동,1,갈현로45길 20-6,12월 15일,37.6273820000,126.9169300000,2005,,02-351-7944,서울특별시 은평구청,2026-02-26
갈현1동,1,갈현로45길 26-4,12월 21일,37.6275670000,126.9165310000,2017,,02-351-7944,서울특별시 은평구청,2026-02-26
갈현1동,1,갈현로45길 20-10,12월 12일,37.6275960000,126.9167120000,2011,,02-351-7944,서울특별시 은평구청,2026-02-26
갈현1동,1,갈현로45길 26,12월 22일,37.6275842700,126.9163980000,2011,,02-351-7944,서울특별시 은평구청,2026-02-26
갈현1동,1,갈현로45길 26,12월 22일,37.6274850000,126.9163850000,2017,,02-351-7944,서울특별시 은평구청,2026-02-26
갈현1동,1,갈현로45길 20,12월 26일,37.6271270000,126.9167190000,2018,,02-351-7944,서울특별시 은평구청,2026-02-26
갈현1동,1,갈현로45길 18,08월 07일,37.6268320000,126.9169610000,2018,,02-351-7944,서울특별시 은평구청,2026-02-26
갈현1동,1,갈현로45길 14-20,12-36,37.6271590000,126.9171830000,2005,,02-351-7944,서울특별시 은평구청,2026-02-26
갈현1동,1,,12-37,,,2022,,02-351-7944,서울특별시 은평구청,2026-02-26
갈현1동,1,갈현로45길 14-14,12-194,37.6269790000,126.9172650000,2007,,02-351-7944,서울특별시 은평구청,2026-02-26
갈현1동,1,갈현로45길 14-4,12-40,37.6266290000,126.9173720000,2007,,02-351-7944,서울특별시 은평구청,2026-02-26
갈현1동,1,갈현로45길 12,07월 27일,37.6264380000,126.9172270000,2018,,02-351-7944,서울특별시 은평구청,2026-02-26
갈현1동,1,갈현로45길 7,06월 16일,37.6261500000,126.9172540000,2018,,02-351-7944,서울특별시 은평구청,2026-02-26
갈현1동,1,갈현로45길 10-,12-41,37.6266120000,126.9174630000,2018,,02-351-7944,서울특별시 은평구청,2026-02-26
갈현1동,1,갈현로45길 6-3,07월 04일,37.6264880000,126.9177360000,2018,,02-351-7944,서울특별시 은평구청,2026-02-26
갈현1동,1,갈현로45길 14-1,12-82,37.6266090000,126.9171680000,2018,,02-351-7944,서울특별시 은평구청,2026-02-26
갈현1동,1,갈현로45길 14-4,12-40,37.6266942800,126.9174543000,2018,,02-351-7944,서울특별시 은평구청,2026-02-26
갈현1동,1,갈현로 333-18,6-80,37.6270740000,126.9177730000,2018,,02-351-7944,서울특별시 은평구청,2026-02-26
갈현1동,1,갈현로 333-11,06월 17일,37.6265450000,126.9180870000,2018,,02-351-7944,서울특별시 은평구청,2026-02-26
갈현1동,1,갈현로 333-13,6-46,37.6264900000,126.9179400000,2016,,02-351-7944,서울특별시 은평구청,2026-02-26
갈현1동,1,갈현로 333-7,06월 22일,37.6264830000,126.9182120000,2012,,02-351-7944,서울특별시 은평구청,2026-02-26
갈현1동,1,갈현로 333-3,6-34,37.6263130000,126.9183620000,2018,,02-351-7944,서울특별시 은평구청,2026-02-26
갈현1동,1,갈현로35길 12-10,434-8,37.6211780000,126.9164310000,2017,,02-351-7944,서울특별시 은평구청,2026-02-26
갈현1동,1,갈현로35길 12-19,444-2,37.6219940000,126.9159550000,2017,,02-351-7944,서울특별시 은평구청,2026-02-26
갈현1동,1,갈현로37길 5,444-1,37.6221580000,126.9161680000,2017,,02-351-7944,서울특별시 은평구청,2026-02-26
갈현1동,1,갈현로39길 1-1,435-29,37.6222060000,126.9165180000,2006,,02-351-7944,서울특별시 은평구청,2026-02-26
갈현1동,1,갈현로37길 2,435-29,37.6222072700,126.9165764000,2006,,02-351-7944,서울특별시 은평구청,2026-02-26
갈현1동,1,갈현로 285,435-28,37.6222431700,126.9167346000,2023,,02-351-7944,서울특별시 은평구청,2026-02-26
갈현1동,1,갈현로35길 12-13,434-8,37.6211780000,126.9164310000,2017,,02-351-7944,서울특별시 은평구청,2026-02-26
갈현1동,1,갈현로 315,421-9,37.6250770000,126.9171110000,2018,,02-351-7944,서울특별시 은평구청,2026-02-26
갈현1동,1,갈현로43길 1-4,03월 21일,37.6251504400,126.9164490000,2023,,02-351-7944,서울특별시 은평구청,2026-02-26
갈현1동,1,갈현로 307-11,422-14,37.6247930000,126.9166050000,2006,,02-351-7944,서울특별시 은평구청,2026-02-26
갈현1동,1,갈현로43길 1-9,422-20,37.6247370000,126.9164590000,2008,,02-351-7944,서울특별시 은평구청,2026-02-26
갈현1동,1,갈현로41길 12-4,422-22,37.6246450000,126.9162560000,2008,,02-351-7944,서울특별시 은평구청,2026-02-26
갈현1동,1,갈현로41길 13,436-1,37.6244080000,126.9159540000,2015,,02-351-7944,서울특별시 은평구청,2026-02-26
갈현1동,1,갈현로41길 13,436-1,37.6244947700,126.9159725000,2023,,02-351-7944,서울특별시 은평구청,2026-02-26
갈현1동,1,갈현로41길 13-4,281-17,37.6243510000,126.9156490000,2005,,02-351-7944,서울특별시 은평구청,2026-02-26
갈현1동,1,갈현로37길 20-16,281-10,37.6241890000,126.9155830000,2018,,02-351-7944,서울특별시 은평구청,2026-02-26
갈현1동,1,갈현로37길 20-15,281-4,37.6240090000,126.9156200000,2008,,02-351-7944,서울특별시 은평구청,2026-02-26
갈현1동,1,갈현로37길 20-6,436-40,37.6236060000,126.9158860000,2007,,02-351-7944,서울특별시 은평구청,2026-02-26
갈현1동,1,갈현로37길 20-6,436-40,37.6236060000,126.9158860000,2006,,02-351-7944,서울특별시 은평구청,2026-02-26
갈현1동,1,갈현로41길 9-10,436-10,37.6240850000,126.9160490000,2005,,02-351-7944,서울특별시 은평구청,2026-02-26
갈현1동,1,갈현로41길 9-4,436-27,37.6238060000,126.9161440000,2011,,02-351-7944,서울특별시 은평구청,2026-02-26
갈현1동,1,갈현로41길 10-1,422-25,37.6244920000,126.9162930000,2018,,02-351-7944,서울특별시 은평구청,2026-02-26
갈현1동,1,갈현로41길 8,422-28,37.6242240000,126.9165340000,2006,,02-351-7944,서울특별시 은평구청,2026-02-26
갈현1동,1,갈현로 307-8,422-9,37.6245780000,126.9167560000,2007,,02-351-7944,서울특별시 은평구청,2026-02-26
갈현1동,1,갈현로41길 6-1,422-32,37.6241696400,126.9166091000,2007,,02-351-7944,서울특별시 은평구청,2026-02-26
갈현1동,1,갈현로37길 22,281-34,37.6235490000,126.9156490000,2008,,02-351-7944,서울특별시 은평구청,2026-02-26
갈현1동,1,갈현로39길 18,436-46,37.6232280000,126.9159140000,2006,,02-351-7944,서울특별시 은평구청,2026-02-26
갈현1동,1,갈현로39길 19,435-18,37.6231470000,126.9160060000,2006,,02-351-7944,서울특별시 은평구청,2026-02-26
갈현1동,1,갈현로37길 16-5,436-44,37.6232110000,126.9160960000,2013,,02-351-7944,서울특별시 은평구청,2026-02-26
갈현1동,1,갈현로37길 16-14,436-36,37.6234110000,126.9162180000,2010,,02-351-7944,서울특별시 은평구청,2026-02-26
갈현1동,1,갈현로39길 6-4,435-15,37.6229700000,126.9163260000,2005,,02-351-7944,서울특별시 은평구청,2026-02-26
갈현1동,1,갈현로 295-6,436-20,37.6233420000,126.9166380000,2019,,02-351-7944,서울특별시 은평구청,2026-02-26
갈현1동,1,갈현로 295-13,436-29,37.6236090000,126.9162490000,2018,,02-351-7944,서울특별시 은평구청,2026-02-26
갈현1동,1,갈현로39길 10,276-10,37.6227130000,126.9158430000,2018,,02-351-7944,서울특별시 은평구청,2026-02-26
갈현1동,1,갈현로45길 13-2,08월 23일,37.6265240000,126.9168070000,2016,,02-351-7944,서울특별시 은평구청,2026-02-26
갈현1동,1,갈현로39길 5,435-34,37.6225730000,126.9162180000,2008,,02-351-7944,서울특별시 은평구청,2026-02-26
갈현1동,1,갈현로39길 6-3,435-23,37.6227250000,126.9161030000,2006,,02-351-7944,서울특별시 은평구청,2026-02-26
갈현1동,1,갈현로39길 2,435-5,37.6228200000,126.9166340000,2008,,02-351-7944,서울특별시 은평구청,2026-02-26
갈현1동,1,갈현로39길 2,435-5,37.6228135200,126.9165961000,2020,,02-351-7944,서울특별시 은평구청,2026-02-26
갈현1동,1,갈현로39길 4-4,435-7,37.6230270000,126.9166420000,2006,,02-351-7944,서울특별시 은평구청,2026-02-26
갈현1동,1,갈현로39길 4-6,435-8,37.6228990000,126.9164630000,2007,,02-351-7944,서울특별시 은평구청,2026-02-26
갈현1동,1,갈현로 289,435-25,37.6225230000,126.9167290000,2010,,02-351-7944,서울특별시 은평구청,2026-02-26
갈현1동,1,갈현로37길 1,434-20,37.6220430000,126.9164870000,2011,,02-351-7944,서울특별시 은평구청,2026-02-26
갈현1동,1,갈현로37길 1-3,434-19,37.6214480000,126.9164050000,2018,,02-351-7944,서울특별시 은평구청,2026-02-26
갈현1동,1,갈현로37길 1-10,434-26,37.6216440000,126.9162090000,2007,,02-351-7944,서울특별시 은평구청,2026-02-26
갈현1동,1,갈현로 275,434-6,37.6213860000,126.9164960000,2007,,02-351-7944,서울특별시 은평구청,2026-02-26
갈현1동,1,갈현로35길 4-8,434-15,37.6214803400,126.9163116000,2007,,02-351-7944,서울특별시 은평구청,2026-02-26
갈현1동,1,갈현로45가길 4-3,12-58,37.6275458000,126.9157527000,2022,,02-351-7944,서울특별시 은평구청,2026-02-26
갈현1동,1,갈현로35길 1,433-12,37.6209316200,126.9162285000,2021,,02-351-7944,서울특별시 은평구청,2026-02-26
갈현1동,1,갈현로35길 1,433-12,37.6208420000,126.9161640000,2005,,02-351-7944,서울특별시 은평구청,2026-02-26
갈현1동,1,갈현로 269,433-1,37.6207980000,126.9163120000,2015,,02-351-7944,서울특별시 은평구청,2026-02-26
갈현1동,1,갈현로33길 2-7,433-16,37.6171050000,126.9115520000,2019,,02-351-7944,서울특별시 은평구청,2026-02-26
갈현1동,1,갈현로35길 5,433-25,37.6209120000,126.9158690000,2019,,02-351-7944,서울특별시 은평구청,2026-02-26
갈현1동,1,갈현로35길 12-7,444-14,37.6216160000,126.9150660000,2008,,02-351-7944,서울특별시 은평구청,2026-02-26
갈현1동,1,갈현로35길 11,445-1,37.6211390000,126.9151740000,2017,,02-351-7944,서울특별시 은평구청,2026-02-26
갈현1동,1,갈현로35길 13,445-3,37.6211910000,126.9149470000,2017,,02-351-7944,서울특별시 은평구청,2026-02-26
갈현1동,1,갈현로35길 18,276-99,37.6214960000,126.9147840000,2017,,02-351-7944,서울특별시 은평구청,2026-02-26
갈현1동,1,갈현로35길 15-6,445-8,37.6211430000,126.9146080000,2006,,02-351-7944,서울특별시 은평구청,2026-02-26
갈현1동,1,갈현로33길 10-3,445-12,37.6209220000,126.9150760000,2017,,02-351-7944,서울특별시 은평구청,2026-02-26
갈현1동,1,갈현로33길 10-3,445-12,37.6209220000,126.9150760000,2017,,02-351-7944,서울특별시 은평구청,2026-02-26
갈현1동,1,갈현로33길 9-1,433-39,37.6210330000,126.9153690000,2017,,02-351-7944,서울특별시 은평구청,2026-02-26
갈현1동,1,갈현로33길 10-1,433-36,37.6206530000,126.9151700000,2017,,02-351-7944,서울특별시 은평구청,2026-02-26
갈현1동,1,갈현로35길 5,433-25,37.6209120000,126.9158690000,2008,,02-351-7944,서울특별시 은평구청,2026-02-26
갈현1동,1,갈현로33길 8-9,433-30,37.6208355300,126.9156837000,2008,,02-351-7944,서울특별시 은평구청,2026-02-26
갈현1동,1,갈현로33길 8-7,433-29,37.6208540000,126.9154390000,2008,,02-351-7944,서울특별시 은평구청,2026-02-26
갈현1동,1,갈현로35길 6-8,434-33,37.6213480000,126.9163160000,2008,,02-351-7944,서울특별시 은평구청,2026-02-26
갈현1동,1,갈현로35길 6-10,434-34,37.6214540000,126.9160190000,2005,,02-351-7944,서울특별시 은평구청,2026-02-26
갈현1동,1,갈현로35길 9,433-28,37.6209890000,126.9155050000,2005,,02-351-7944,서울특별시 은평구청,2026-02-26
갈현1동,1,연서로 223,456-1,37.6185680400,126.9197918000,2005,,02-351-7944,서울특별시 은평구청,2026-02-26
갈현1동,1,통일로 921-1,391-10,37.6243160000,126.9137350000,2011,,02-351-7944,서울특별시 은평구청,2026-02-26
갈현1동,1,통일로87길 2,392-26,37.6234670000,126.9194450000,2018,,02-351-7944,서울특별시 은평구청,2026-02-26
갈현1동,1,통일로 905,392-6,37.6237120000,126.9195660000,2018,,02-351-7944,서울특별시 은평구청,2026-02-26
갈현1동,1,통일로 907-12,392-20,37.6239170000,126.9193590000,2006,,02-351-7944,서울특별시 은평구청,2026-02-26
갈현1동,1,통일로 907-8,392-32,37.6242510000,126.9194450000,2017,,02-351-7944,서울특별시 은평구청,2026-02-26
갈현1동,1,갈현로36길 12-3,405-9,37.6214507400,126.9181186000,2024,,02-351-7944,서울특별시 은평구청,2026-02-26
갈현1동,1,통일로89길 9-6,414-2,37.6242250000,126.9185960000,2017,,02-351-7944,서울특별시 은평구청,2026-02-26
갈현1동,1,통일로89길 7,413-5,37.6245748800,126.9188405000,2023,,02-351-7944,서울특별시 은평구청,2026-02-26
갈현1동,1,통일로89길 7,413-5,37.6245430000,126.9188630000,2017,,02-351-7944,서울특별시 은평구청,2026-02-26
갈현1동,1,통일로89길 6,415-3,37.6246710000,126.9190540000,2006,,02-351-7944,서울특별시 은평구청,2026-02-26
갈현1동,1,갈현로36길 14-2,405-32,37.6215370000,126.9182840000,2007,,02-351-7944,서울특별시 은평구청,2026-02-26
갈현1동,1,통일로83길 12-7,404-12,37.6212644100,126.9185428000,2020,,02-351-7944,서울특별시 은평구청,2026-02-26
갈현1동,1,갈현로45길 44-9,12-328,37.6289624100,126.9147665000,2018,,02-351-7944,서울특별시 은평구청,2026-02-26
갈현1동,1,갈현로41가길 36-2,산12-7,37.6278380000,126.9136950000,2016,,02-351-7944,서울특별시 은평구청,2026-02-26
갈현1동,1,갈현로41가길 36-2,산12-7,37.6277300000,126.9126770000,2005,,02-351-7944,서울특별시 은평구청,2026-02-26
갈현1동,1,갈현로41가길 36-2,산12-7,37.6284220000,126.9134600000,2016,,02-351-7944,서울특별시 은평구청,2026-02-26
갈현1동,1,갈현로41가길 36-2,산12-7,37.6284220000,126.9134600000,2018,,02-351-7944,서울특별시 은평구청,2026-02-26
갈현1동,1,갈현로41가길 36-2,산12-7,37.6284220000,126.9134600000,2008,,02-351-7944,서울특별시 은평구청,2026-02-26
갈현1동,1,갈현로45길 57,541-1,37.6292189500,126.9137956000,2024,,02-351-7944,서울특별시 은평구청,2026-02-26
갈현1동,1,갈현로41가길 36-1,산12-7,37.6282756600,126.9133612000,2020,,02-351-7944,서울특별시 은평구청,2026-02-26
갈현1동,1,갈현로33가길 11-9,275-15,37.6228479900,126.9133729000,2024,,02-351-7944,서울특별시 은평구청,2026-02-26
갈현1동,1,갈현로37길 20-12,436-7,37.6240176300,126.9158569000,2024,,02-351-7944,서울특별시 은평구청,2026-02-26
갈현1동,1,연서로29길 22,401-15,37.6195115100,126.9180056000,2024,,02-351-7944,서울특별시 은평구청,2026-02-26
갈현1동,1,연서로29길 22-40,402-43,37.6200767700,126.9179100000,2024,,02-351-7944,서울특별시 은평구청,2026-02-26
갈현1동,1,갈현로37길 7-16,276-102,37.6220410000,126.9152860000,2005,,02-351-7944,서울특별시 은평구청,2026-02-26
갈현2동,1,서오릉로 156-1,468-1,37.6127650000,126.9157490000,2006,,02-351-7944,서울특별시 은평구청,2026-02-26
갈현2동,1,연서로17길 6,464-21,37.6125770000,126.9168510000,2005,,02-351-7944,서울특별시 은평구청,2026-02-26
갈현2동,1,연서로17길 8,464-19,37.6127370000,126.9165990000,2005,,02-351-7944,서울특별시 은평구청,2026-02-26
갈현2동,1,연서로17길 12,467-3,37.6129220000,126.9160980000,2005,,02-351-7944,서울특별시 은평구청,2026-02-26
갈현2동,1,연서로17길 12,467-3,37.6129220000,126.9160980000,2005,,02-351-7944,서울특별시 은평구청,2026-02-26
갈현2동,1,연서로17길 18,470-14,37.6131060000,126.9155860000,2006,,02-351-7944,서울특별시 은평구청,2026-02-26
갈현2동,1,연서로17길 20,470-13,37.6130860000,126.9153480000,2005,,02-351-7944,서울특별시 은평구청,2026-02-26
갈현2동,1,연서로17길 24,471-16,37.6132810000,126.9150280000,2011,,02-351-7944,서울특별시 은평구청,2026-02-26
갈현2동,1,연서로29길 7-14,455-13,37.6183522900,126.9188244000,,,02-351-7944,서울특별시 은평구청,2026-02-26
갈현2동,1,서오릉로 174,469-1,37.6131670000,126.9144290000,2005,,02-351-7944,서울특별시 은평구청,2026-02-26
갈현2동,1,연서로17길 35,489-14,37.6134580000,126.9136550000,2005,,02-351-7944,서울특별시 은평구청,2026-02-26
갈현2동,1,연서로17길 38,491-22,37.6137620000,126.9134130000,2005,,02-351-7944,서울특별시 은평구청,2026-02-26
갈현2동,1,연서로17길 40,490-11,37.6138410000,126.9131850000,2018,,02-351-7944,서울특별시 은평구청,2026-02-26
갈현2동,1,연서로17길 42-1,490-12,37.6139290000,126.9130250000,2005,,02-351-7944,서울특별시 은평구청,2026-02-26
갈현2동,1,연서로17길 46-1,497-14,37.6141950000,126.9124890000,2005,,02-351-7944,서울특별시 은평구청,2026-02-26
갈현2동,1,갈현로 192,497-1,37.6147030000,126.9129350000,2018,,02-351-7944,서울특별시 은평구청,2026-02-26
갈현2동,1,연서로19길 37,492-20,37.6148440000,126.9135560000,2011,,02-351-7944,서울특별시 은평구청,2026-02-26
갈현2동,1,연서로17길 42-1,491-17,37.6142990000,126.9130880000,2011,,02-351-7944,서울특별시 은평구청,2026-02-26
갈현2동,1,연서로17길 46-5,497-17,37.6143600000,126.9128040000,2007,,02-351-7944,서울특별시 은평구청,2026-02-26
갈현2동,1,연서로17길 40-18,491-7,37.6143700000,126.9139250000,2006,,02-351-7944,서울특별시 은평구청,2026-02-26
갈현2동,1,연서로19길 35,491-5,37.6145140000,126.9138320000,2006,,02-351-7944,서울특별시 은평구청,2026-02-26
갈현2동,1,연서로19길 30,487-14,37.6145190000,126.9143870000,2019,,02-351-7944,서울특별시 은평구청,2026-02-26
갈현2동,1,연서로17길 34-15,491-2,37.6142260000,126.9139270000,2005,,02-351-7944,서울특별시 은평구청,2026-02-26
갈현2동,1,연서로17길 34-3,491-19,37.6138100000,126.9137520000,2011,,02-351-7944,서울특별시 은평구청,2026-02-26
갈현2동,1,연서로 217,456-2,37.6180715500,126.9196597000,,,02-351-7944,서울특별시 은평구청,2026-02-26
갈현2동,1,연서로17길 28-7,488-7,37.6138780000,126.9143280000,2007,,02-351-7944,서울특별시 은평구청,2026-02-26
갈현2동,1,연서로19길 28,487-5,37.6143950000,126.9146950000,2006,,02-351-7944,서울특별시 은평구청,2026-02-26
갈현2동,1,연서로19길 23,472-2,37.6140920000,126.9150500000,2011,,02-351-7944,서울특별시 은평구청,2026-02-26
갈현2동,1,연서로17길 26-1,472-14,37.6138660000,126.9149180000,2011,,02-351-7944,서울특별시 은평구청,2026-02-26
갈현2동,1,연서로17길 20-11,471,37.6134110000,126.9154450000,2006,,02-351-7944,서울특별시 은평구청,2026-02-26
갈현2동,1,갈현로 196,496-4,37.6151217300,126.9130561000,,,02-351-7944,서울특별시 은평구청,2026-02-26
갈현2동,1,연서로19길 22,474-12,37.6141940000,126.9153660000,2007,,02-351-7944,서울특별시 은평구청,2026-02-26
갈현2동,1,연서로19길 18,474-15,37.6140610000,126.9155600000,2011,,02-351-7944,서울특별시 은평구청,2026-02-26
갈현2동,1,연서로19길 13,470-11,37.6136410000,126.9159180000,2005,,02-351-7944,서울특별시 은평구청,2026-02-26
갈현2동,1,연서로19길 9,467-2,37.6132110000,126.9161960000,2007,,02-351-7944,서울특별시 은평구청,2026-02-26
갈현2동,1,연서로19길 9,467-2,37.6132110000,126.9161960000,2008,,02-351-7944,서울특별시 은평구청,2026-02-26
갈현2동,1,연서로19길 7,464-1,37.6134410000,126.9166910000,2007,,02-351-7944,서울특별시 은평구청,2026-02-26
갈현2동,1,연서로 161,464-4,37.6132190000,126.9171240000,2007,,02-351-7944,서울특별시 은평구청,2026-02-26
갈현2동,1,연서로19길 7-5,464-9,37.6132870000,126.9166700000,2018,,02-351-7944,서울특별시 은평구청,2026-02-26
갈현2동,1,연서로17길 8-1,464-6,37.6129540000,126.9167090000,2018,,02-351-7944,서울특별시 은평구청,2026-02-26
갈현2동,1,연서로17길 18-3,470-12,37.6132060000,126.9156410000,2007,,02-351-7944,서울특별시 은평구청,2026-02-26
갈현2동,1,연서로17길 18-9,470-2,37.6134500000,126.9158070000,2006,,02-351-7944,서울특별시 은평구청,2026-02-26
갈현2동,1,연서로19길 8-8,463-10,37.6139290000,126.9168880000,2005,,02-351-7944,서울특별시 은평구청,2026-02-26
갈현2동,1,연서로19길 8-8,463-10,37.6139290000,126.9168880000,2018,,02-351-7944,서울특별시 은평구청,2026-02-26
갈현2동,1,연서로21길 5-4,466-12,37.6141620000,126.9167370000,2006,,02-351-7944,서울특별시 은평구청,2026-02-26
갈현2동,1,연서로21길 7-1,466-1,37.6144490000,126.9166310000,2007,,02-351-7944,서울특별시 은평구청,2026-02-26
갈현2동,1,연서로21길 7-7,466-16,37.6141230000,126.9164320000,2018,,02-351-7944,서울특별시 은평구청,2026-02-26
갈현2동,1,연서로19길 16-11,474-18,37.6143240000,126.9158060000,2008,,02-351-7944,서울특별시 은평구청,2026-02-26
갈현2동,1,연서로21길 13-1,475-15,37.6144900000,126.9161320000,2008,,02-351-7944,서울특별시 은평구청,2026-02-26
갈현2동,1,연서로23길 12-11,476-7,37.6152170000,126.9168120000,2008,,02-351-7944,서울특별시 은평구청,2026-02-26
갈현2동,1,연서로19길 22-4,474-11,37.6142210000,126.9153880000,2007,,02-351-7944,서울특별시 은평구청,2026-02-26
갈현2동,1,연서로19길 16-7,474-4,37.6143590000,126.9156470000,2019,,02-351-7944,서울특별시 은평구청,2026-02-26
갈현2동,1,연서로19길 32-6,487-7,37.6150630000,126.9147530000,2007,,02-351-7944,서울특별시 은평구청,2026-02-26
갈현2동,1,연서로21길 19-4,473-4,37.6147620000,126.9154260000,2015,,02-351-7944,서울특별시 은평구청,2026-02-26
갈현2동,1,연서로21길 27-10,492-13,37.6151930000,126.9142410000,2006,,02-351-7944,서울특별시 은평구청,2026-02-26
갈현2동,1,연서로19길 32-6,487-7,37.6148000000,126.9145980000,2019,,02-351-7944,서울특별시 은평구청,2026-02-26
갈현2동,1,연서로19길 32-5,492-28,37.6149130000,126.9141320000,2007,,02-351-7944,서울특별시 은평구청,2026-02-26
갈현2동,1,연서로19길 32,487-14,37.6145190000,126.9143870000,2007,,02-351-7944,서울특별시 은평구청,2026-02-26
갈현2동,1,연서로19길 32,487-14,37.6146273900,126.9143943000,,,02-351-7944,서울특별시 은평구청,2026-02-26
갈현2동,1,연서로19길 40-3,496-13,37.6158110000,126.9138590000,2006,,02-351-7944,서울특별시 은평구청,2026-02-26
갈현2동,1,연서로21길 33-10,496-20,37.6154050000,126.9138190000,2018,,02-351-7944,서울특별시 은평구청,2026-02-26
갈현2동,1,연서로21길 33-10,496-20,37.6154050000,126.9138190000,2018,,02-351-7944,서울특별시 은평구청,2026-02-26
갈현2동,1,연서로21길 35-1,496-14,37.6156130000,126.9139070000,2004,,02-351-7944,서울특별시 은평구청,2026-02-26
갈현2동,1,연서로21길 34,495-15,37.6157160000,126.9143240000,2005,,02-351-7944,서울특별시 은평구청,2026-02-26
갈현2동,1,연서로21길 32-4,493-10,37.6157550000,126.9145840000,2006,,02-351-7944,서울특별시 은평구청,2026-02-26
갈현2동,1,연서로21길 32-8,493-22,37.6158560000,126.9147640000,2011,,02-351-7944,서울특별시 은평구청,2026-02-26
갈현2동,1,갈현로 214-12,493-24,37.6161810000,126.9148950000,2006,,02-351-7944,서울특별시 은평구청,2026-02-26
갈현2동,1,갈현로 214-6,495-2,37.6161960000,126.9145100000,2006,,02-351-7944,서울특별시 은평구청,2026-02-26
갈현2동,1,갈현로 214-20,494-8,37.6163750000,126.9153570000,2011,,02-351-7944,서울특별시 은평구청,2026-02-26
갈현2동,1,갈현로 220-10,494-3,37.6166970000,126.9151370000,2006,,02-351-7944,서울특별시 은평구청,2026-02-26
갈현2동,1,갈현로 226-7,199-,37.6169680000,126.9152240000,2007,,02-351-7944,서울특별시 은평구청,2026-02-26
갈현2동,1,연서로21길 4,462-1,37.6144640000,126.9172420000,2005,,02-351-7944,서울특별시 은평구청,2026-02-26
갈현2동,1,연서로21길 4,462-1,37.6144640000,126.9172420000,2005,,02-351-7944,서울특별시 은평구청,2026-02-26
갈현2동,1,연서로21길 6,462-35,37.6145430000,126.9170370000,2005,,02-351-7944,서울특별시 은평구청,2026-02-26
갈현2동,1,연서로21길 6,462-35,37.6145430000,126.9170370000,2005,,02-351-7944,서울특별시 은평구청,2026-02-26
갈현2동,1,연서로21길 6-6,462-34,37.6146880000,126.9171260000,2018,,02-351-7944,서울특별시 은평구청,2026-02-26
갈현2동,1,연서로23길 3-9,462-29,37.6150960000,126.9174140000,2007,,02-351-7944,서울특별시 은평구청,2026-02-26
갈현2동,1,연서로23길 4,461-5,37.6155580000,126.9176680000,2018,,02-351-7944,서울특별시 은평구청,2026-02-26
갈현2동,1,연서로 183-6,462-42,37.6151790000,126.9176060000,2016,,02-351-7944,서울특별시 은평구청,2026-02-26
갈현2동,1,연서로21길 6-8,462-32,37.6148240000,126.9172260000,2018,,02-351-7944,서울특별시 은평구청,2026-02-26
갈현2동,1,연서로23길 8,479-18,37.6157340000,126.9172130000,2005,,02-351-7944,서울특별시 은평구청,2026-02-26
갈현2동,1,연서로23길 8,476-4,37.6154430000,126.9169560000,2006,,02-351-7944,서울특별시 은평구청,2026-02-26
갈현2동,1,연서로21길 19-4,473-4,37.6147638100,126.9155293000,,,02-351-7944,서울특별시 은평구청,2026-02-26
갈현2동,1,연서로21길 12-7,476-9,37.6150350000,126.9166900000,2007,,02-351-7944,서울특별시 은평구청,2026-02-26
갈현2동,1,연서로21길 14-8,476-26,37.6150060000,126.9164640000,2011,,02-351-7944,서울특별시 은평구청,2026-02-26
갈현2동,1,연서로23길 11-10,477-9,37.6155200000,126.9164340000,2019,,02-351-7944,서울특별시 은평구청,2026-02-26
갈현2동,1,연서로23길 11-9,476-18,37.6154680000,126.9167070000,2007,,02-351-7944,서울특별시 은평구청,2026-02-26
갈현2동,1,연서로23길 12-11,480-17,37.6159190000,126.9167790000,2019,,02-351-7944,서울특별시 은평구청,2026-02-26
갈현2동,1,연서로23길 14-1,480-20,37.6160800000,126.9166640000,2005,,02-351-7944,서울특별시 은평구청,2026-02-26
갈현2동,1,연서로23길 16,480-50,37.6160970000,126.9165280000,2019,,02-351-7944,서울특별시 은평구청,2026-02-26
갈현2동,1,연서로21길 20-19,478-23,37.6158690000,126.9161910000,2019,,02-351-7944,서울특별시 은평구청,2026-02-26
갈현2동,1,연서로21길 20-12,477-34,37.6154720000,126.9162080000,2019,,02-351-7944,서울특별시 은평구청,2026-02-26
갈현2동,1,갈현로31길 14-4,447-4,37.6203140000,126.9145970000,2016,,02-351-7944,서울특별시 은평구청,2026-02-26
갈현2동,1,연서로21길 20-6,477-13,37.6151550000,126.9159980000,2019,,02-351-7944,서울특별시 은평구청,2026-02-26
갈현2동,1,연서로21길 18,477-8,37.6150100000,126.9158860000,2005,,02-351-7944,서울특별시 은평구청,2026-02-26
갈현2동,1,연서로21길 24,478-7,37.6152130000,126.9153960000,2005,,02-351-7944,서울특별시 은평구청,2026-02-26
갈현2동,1,연서로21길 24,478-7,37.6152130000,126.9153960000,2006,,02-351-7944,서울특별시 은평구청,2026-02-26
갈현2동,1,연서로21길 24-7,486-14,37.6155460000,126.9154140000,2007,,02-351-7944,서울특별시 은평구청,2026-02-26
갈현2동,1,연서로21길 24-15,486-25,37.6159090000,126.9157150000,2011,,02-351-7944,서울특별시 은평구청,2026-02-26
갈현2동,1,연서로21길 24-22,485-11,37.6160820000,126.9158710000,2018,,02-351-7944,서울특별시 은평구청,2026-02-26
갈현2동,1,연서로21길 24-25,486-6,37.6160770000,126.9153500000,2011,,02-351-7944,서울특별시 은평구청,2026-02-26
갈현2동,1,연서로21길 28-22,486-4,37.6158420000,126.9152060000,2011,,02-351-7944,서울특별시 은평구청,2026-02-26
갈현2동,1,연서로21길 28-20,486-8,37.6158430000,126.9153310000,2002,,02-351-7944,서울특별시 은평구청,2026-02-26
갈현2동,1,연서로21길 28-10,486-17,37.6156870000,126.9150950000,2011,,02-351-7944,서울특별시 은평구청,2026-02-26
갈현2동,1,연서로21길 28-8,486-16,37.6156260000,126.9152430000,2007,,02-351-7944,서울특별시 은평구청,2026-02-26
갈현2동,1,연서로21길 28,486-24,37.6154070000,126.9149180000,2005,,02-351-7944,서울특별시 은평구청,2026-02-26
갈현2동,1,갈현로 220-22,197-10,37.6159200000,126.9139020000,2018,,02-351-7944,서울특별시 은평구청,2026-02-26
갈현2동,1,갈현로 220-34,136-17,37.6164970000,126.9159440000,2007,,02-351-7944,서울특별시 은평구청,2026-02-26
갈현2동,1,갈현로 220-123,233-15,37.6171850000,126.9152890000,2018,,02-351-7944,서울특별시 은평구청,2026-02-26
갈현2동,1,갈현로 220-31,499-9,37.6173610000,126.9157840000,2007,,02-351-7944,서울특별시 은평구청,2026-02-26
갈현2동,1,연서로25길 23-10,499-7,37.6172270000,126.9159450000,2017,,02-351-7944,서울특별시 은평구청,2026-02-26
갈현2동,1,연서로25길 23-15,136-11,37.6169940000,126.9160620000,2006,,02-351-7944,서울특별시 은평구청,2026-02-26
갈현2동,1,연서로25길 23-6,110-40,37.6174900000,126.9161790000,2007,,02-351-7944,서울특별시 은평구청,2026-02-26
갈현2동,1,연서로25길 23-9,136-6,37.6172390000,126.9163070000,2005,,02-351-7944,서울특별시 은평구청,2026-02-26
갈현2동,1,연서로25길 21-16,136-16,37.6166520000,126.9160890000,2006,,02-351-7944,서울특별시 은평구청,2026-02-26
갈현2동,1,연서로25길 22,484-5,37.6174410000,126.9167120000,2005,,02-351-7944,서울특별시 은평구청,2026-02-26
갈현2동,1,갈현로19길 5-18,509-15,37.6147572000,126.9114652000,,,02-351-7944,서울특별시 은평구청,2026-02-26
갈현2동,1,갈현로23길 5-3,506-36,37.6161775700,126.9130616000,2020,,02-351-7944,서울특별시 은평구청,2026-02-26
갈현2동,1,연서로25길 17-23,480-27,37.6164850000,126.9166240000,2006,,02-351-7944,서울특별시 은평구청,2026-02-26
갈현2동,1,연서로15길 17-18,485-7,37.6164910000,126.9162270000,2006,,02-351-7944,서울특별시 은평구청,2026-02-26
갈현2동,1,연서로25길 17-31,480-7,37.6162780000,126.9166500000,2008,,02-351-7944,서울특별시 은평구청,2026-02-26
갈현2동,1,연서로25길 17-26,485-9,37.6163170000,126.9159920000,2005,,02-351-7944,서울특별시 은평구청,2026-02-26
갈현2동,1,연서로23길 12-15,480-4,37.6160910000,126.9168900000,2005,,02-351-7944,서울특별시 은평구청,2026-02-26
갈현2동,1,연서로25길 11-14,480-34,37.6164270000,126.9171680000,2018,,02-351-7944,서울특별시 은평구청,2026-02-26
갈현2동,1,연서로25길 11,480-23,37.6168160000,126.9172650000,2018,,02-351-7944,서울특별시 은평구청,2026-02-26
갈현2동,1,갈현로25길 15-7,513-2,37.6171730000,126.9130120000,2016,,02-351-7944,서울특별시 은평구청,2026-02-26
갈현2동,1,연서로27길 11-9,481-9,37.6173450000,126.9180270000,2006,,02-351-7944,서울특별시 은평구청,2026-02-26
갈현2동,1,연서로27길 9-1,481-1,37.6177890000,126.9182810000,2018,,02-351-7944,서울특별시 은평구청,2026-02-26
갈현2동,1,연서로23길 8-9,479-6,37.6161780000,126.9174550000,2005,,02-351-7944,서울특별시 은평구청,2026-02-26
갈현2동,1,연서로25길 17-12,481-4,37.6176010000,126.9183750000,2007,,02-351-7944,서울특별시 은평구청,2026-02-26
갈현2동,1,연서로25길 6-16,460-35,37.6171520000,126.9185290000,2006,,02-351-7944,서울특별시 은평구청,2026-02-26
갈현2동,1,연서로25길 6-4,460-27,37.6168710000,126.9183740000,2006,,02-351-7944,서울특별시 은평구청,2026-02-26
갈현2동,1,연서로25길 5,461-16,37.6164890000,126.9180280000,2005,,02-351-7944,서울특별시 은평구청,2026-02-26
갈현2동,1,연서로25길 3,461-31,37.6164370000,126.9181990000,2005,,02-351-7944,서울특별시 은평구청,2026-02-26
갈현2동,1,연서로25길 4,460-39,37.6164370000,126.9181990000,2006,,02-351-7944,서울특별시 은평구청,2026-02-26
갈현2동,1,연서로25길 7-9,461-15,37.6162800000,126.9178280000,2005,,02-351-7944,서울특별시 은평구청,2026-02-26
갈현2동,1,갈현로 234-20,499-10,37.6174950000,126.9157030000,2007,,02-351-7944,서울특별시 은평구청,2026-02-26
갈현2동,1,갈현로 234-18,499-12,37.6175830000,126.9154750000,2018,,02-351-7944,서울특별시 은평구청,2026-02-26
갈현2동,1,갈현로 234-13,499-1,37.6178290000,126.9158120000,2005,,02-351-7944,서울특별시 은평구청,2026-02-26
갈현2동,1,갈현로 234-6,499-15,37.6177800000,126.9153820000,2018,,02-351-7944,서울특별시 은평구청,2026-02-26
갈현2동,1,갈현로 236-5,502-12,37.6182490000,126.9153520000,2018,,02-351-7944,서울특별시 은평구청,2026-02-26
갈현2동,1,연서로27길 31-19,501-22,37.6181820000,126.9159760000,2018,,02-351-7944,서울특별시 은평구청,2026-02-26
갈현2동,1,연서로27길 31,501-4,37.6185980000,126.9161060000,2005,,02-351-7944,서울특별시 은평구청,2026-02-26
갈현2동,1,서오릉로 216,527-14,37.6145780000,126.9100710000,2016,,02-351-7944,서울특별시 은평구청,2026-02-26
갈현2동,1,연서로27길 31,501-4,37.6185980000,126.9161060000,2006,,02-351-7944,서울특별시 은평구청,2026-02-26
갈현2동,1,연서로27길 25-1,110-12,37.6184230000,126.9166300000,2018,,02-351-7944,서울특별시 은평구청,2026-02-26
갈현2동,1,연서로27길 27-8,110-23,37.6182310000,126.9163270000,2006,,02-351-7944,서울특별시 은평구청,2026-02-26
갈현2동,1,연서로27길 27-14,110-25,37.6179610000,126.9163530000,2017,,02-351-7944,서울특별시 은평구청,2026-02-26
갈현2동,1,연서로27길 27-47,110-32,37.6176970000,126.9161530000,2015,,02-351-7944,서울특별시 은평구청,2026-02-26
갈현2동,1,연서로25길 23-1,110-35,37.6176100000,126.9164260000,2017,,02-351-7944,서울특별시 은평구청,2026-02-26
갈현2동,1,연서로25길 24-5,110-43,37.6177660000,126.9167530000,2007,,02-351-7944,서울특별시 은평구청,2026-02-26
갈현2동,1,연서로27길 19-1,110-8,37.6178300000,126.9168990000,2005,,02-351-7944,서울특별시 은평구청,2026-02-26
갈현2동,1,갈현로23길 21,520-1,37.6172738900,126.9119273000,2018,,02-351-7944,서울특별시 은평구청,2026-02-26
갈현2동,1,연서로27길 27-25,110-14,37.6180450000,126.9167370000,2017,,02-351-7944,서울특별시 은평구청,2026-02-26
갈현2동,1,연서로29길 37,451-18,37.6199250000,126.9164150000,2016,,02-351-7944,서울특별시 은평구청,2026-02-26
갈현2동,1,연서로27길 13-8,483-4,37.6177820000,126.9174890000,2008,,02-351-7944,서울특별시 은평구청,2026-02-26
갈현2동,1,연서로27길 13-16,483-12,37.6172840000,126.9172130000,2006,,02-351-7944,서울특별시 은평구청,2026-02-26
갈현2동,1,연서로25길 15,480-11,37.6168860000,126.9170490000,2016,,02-351-7944,서울특별시 은평구청,2026-02-26
갈현2동,1,연서로25길 20-5,484-10,37.6175060000,126.9169260000,2006,,02-351-7944,서울특별시 은평구청,2026-02-26
갈현2동,1,서오릉로18길 35-18,522-37,37.6177750000,126.9108960000,2017,,02-351-7944,서울특별시 은평구청,2026-02-26
갈현2동,1,연서로 215,456-27,37.6177900000,126.9193240000,2008,,02-351-7944,서울특별시 은평구청,2026-02-26
갈현2동,1,연서로 215,456-27,37.6177900000,126.9193240000,2007,,02-351-7944,서울특별시 은평구청,2026-02-26
갈현2동,1,연서로29길 7-13,456-13,37.6183316500,126.9191181000,,,02-351-7944,서울특별시 은평구청,2026-02-26
갈현2동,1,연서로29길 7-21,456-19,37.6180870000,126.9193760000,2007,,02-351-7944,서울특별시 은평구청,2026-02-26
갈현2동,1,연서로29길 7-6,455-18,37.6185610000,126.9189500000,2006,,02-351-7944,서울특별시 은평구청,2026-02-26
갈현2동,1,연서로29길 3,456-5,37.6185310000,126.9196410000,2006,,02-351-7944,서울특별시 은평구청,2026-02-26
갈현2동,1,연서로29길 7-2,455-20,37.6187160000,126.9191520000,2006,,02-351-7944,서울특별시 은평구청,2026-02-26
갈현2동,1,연서로29길 11,454-5,37.6188660000,126.9187980000,2005,,02-351-7944,서울특별시 은평구청,2026-02-26
갈현2동,1,연서로29길 11-7,455-2,37.6186050000,126.9188470000,2006,,02-351-7944,서울특별시 은평구청,2026-02-26
갈현2동,1,갈현로 220,494-1,37.6167535700,126.9147372000,2020,,02-351-7944,서울특별시 은평구청,2026-02-26
갈현2동,1,연서로27길 10,455-6,37.6181340000,126.9185370000,2011,,02-351-7944,서울특별시 은평구청,2026-02-26
갈현2동,1,연서로27길 16-8,454-3,37.6183460000,126.9181370000,2018,,02-351-7944,서울특별시 은평구청,2026-02-26
갈현2동,1,연서로29길 17-6,453-7,37.6188240000,126.9181530000,2018,,02-351-7944,서울특별시 은평구청,2026-02-26
갈현2동,1,연서로29길 17,453-3,37.6191050000,126.9183080000,2006,,02-351-7944,서울특별시 은평구청,2026-02-26
갈현2동,1,연서로29길 17,453-3,37.6191050000,126.9183080000,2011,,02-351-7944,서울특별시 은평구청,2026-02-26
갈현2동,1,연서로29길 21,452-29,37.6192890000,126.9178070000,2018,,02-351-7944,서울특별시 은평구청,2026-02-26
갈현2동,1,연서로27길 20-17,452-25,37.6190540000,126.9176850000,2006,,02-351-7944,서울특별시 은평구청,2026-02-26
갈현2동,1,연서로27길 20-15,452-4,37.6189620000,126.9174600000,2018,,02-351-7944,서울특별시 은평구청,2026-02-26
갈현2동,1,연서로27길 20-9,452-8,37.6186740000,126.9174640000,2006,,02-351-7944,서울특별시 은평구청,2026-02-26
갈현2동,1,연서로29길 31,451-15,37.6192520000,126.9166970000,2008,,02-351-7944,서울특별시 은평구청,2026-02-26
갈현2동,1,갈현로29길 34,241-20,,,,,02-351-7944,서울특별시 은평구청,2026-02-26
갈현2동,1,연서로29길 31,451-15,37.6192520000,126.9166970000,2006,,02-351-7944,서울특별시 은평구청,2026-02-26
갈현2동,1,연서로29길 31,451-15,37.6192520000,126.9166970000,2005,,02-351-7944,서울특별시 은평구청,2026-02-26
갈현2동,1,연서로29길 31,451-15,37.6192520000,126.9166970000,2018,,02-351-7944,서울특별시 은평구청,2026-02-26
갈현2동,1,연서로29길 37,451-18,37.6199250000,126.9164150000,2005,,02-351-7944,서울특별시 은평구청,2026-02-26
갈현2동,1,연서로27길 36-17,451-19,37.6197350000,126.9162820000,2016,,02-351-7944,서울특별시 은평구청,2026-02-26
갈현2동,1,연서로27길 7,451-17,37.6193170000,126.9159490000,2016,,02-351-7944,서울특별시 은평구청,2026-02-26
갈현2동,1,연서로27길 37,451-23,37.6190010000,126.9158170000,2016,,02-351-7944,서울특별시 은평구청,2026-02-26
갈현2동,1,연서로29길 8,450-21,37.6195140000,126.9147560000,2006,,02-351-7944,서울특별시 은평구청,2026-02-26
갈현2동,1,연서로29길 8-3,448-37,37.6195840000,126.9145290000,2017,,02-351-7944,서울특별시 은평구청,2026-02-26
갈현2동,1,갈현로 249-10,450-26,37.6196780000,126.9149460000,2005,,02-351-7944,서울특별시 은평구청,2026-02-26
갈현2동,1,갈현로 249-6,450-28,37.6195000000,126.9151760000,2006,,02-351-7944,서울특별시 은평구청,2026-02-26
갈현2동,1,갈현로31길 2,449-5,37.6196360000,126.9152870000,2019,,02-351-7944,서울특별시 은평구청,2026-02-26
갈현2동,1,갈현로31길 4-2,449-7,37.6197870000,126.9140730000,2019,,02-351-7944,서울특별시 은평구청,2026-02-26
갈현2동,1,갈현로33길 1,449-8,37.6201360000,126.9157780000,2011,,02-351-7944,서울특별시 은평구청,2026-02-26
갈현2동,1,갈현로31길 6-5,449-26,37.6202400000,126.9153120000,2005,,02-351-7944,서울특별시 은평구청,2026-02-26
갈현2동,1,갈현로31길 7-1,450-2,37.6198300000,126.9149100000,2017,,02-351-7944,서울특별시 은평구청,2026-02-26
갈현2동,1,갈현로31길 11,448-18,37.6200080000,126.9145790000,2019,,02-351-7944,서울특별시 은평구청,2026-02-26
갈현2동,1,갈현로29길 8-9,448-19,37.6198810000,126.9145240000,2017,,02-351-7944,서울특별시 은평구청,2026-02-26
갈현2동,1,갈현로31길 10-12,449-28,37.6201200000,126.9150870000,2007,,02-351-7944,서울특별시 은평구청,2026-02-26
갈현2동,1,갈현로33길 7-1,449-20,37.6204200000,126.9152760000,2017,,02-351-7944,서울특별시 은평구청,2026-02-26
갈현2동,1,갈현로33길 11,447-10,37.6206050000,126.9149100000,2017,,02-351-7944,서울특별시 은평구청,2026-02-26
갈현2동,1,갈현로33길 15-5,252-13,37.6207720000,126.9143760000,2011,,02-351-7944,서울특별시 은평구청,2026-02-26
갈현2동,1,갈현로31길 15,448-2,37.6201940000,126.9142590000,2019,,02-351-7944,서울특별시 은평구청,2026-02-26
갈현2동,1,갈현로31길 15-1,448-1,37.6201830000,126.9140900000,2019,,02-351-7944,서울특별시 은평구청,2026-02-26
갈현2동,1,갈현로31길 19-1,244-33,37.6203070000,126.9138390000,2019,,02-351-7944,서울특별시 은평구청,2026-02-26
갈현2동,1,갈현로31길 20-9,244-1,37.6207880000,126.9142050000,2006,,02-351-7944,서울특별시 은평구청,2026-02-26
갈현2동,1,갈현로31길 21-1,243-59,37.6204650000,126.9133940000,2007,,02-351-7944,서울특별시 은평구청,2026-02-26
갈현2동,1,갈현로31길 22-6,243-30,37.6207300000,126.9138100000,2019,,02-351-7944,서울특별시 은평구청,2026-02-26
갈현2동,1,갈현로31길 22-11,243-7,37.6202040000,126.9133760000,2011,,02-351-7944,서울특별시 은평구청,2026-02-26
갈현2동,1,갈현로31길 19,252-4,37.6209780000,126.9142590000,2017,,02-351-7944,서울특별시 은평구청,2026-02-26
갈현2동,1,갈현로33길 15,252-10,37.6208180000,126.9144990000,2017,,02-351-7944,서울특별시 은평구청,2026-02-26
갈현2동,1,갈현로33길 23,253-2,37.6212340000,126.9137460000,2006,,02-351-7944,서울특별시 은평구청,2026-02-26
갈현2동,1,갈현로29길 30-9,258-3,37.6209860000,126.9132280000,2019,,02-351-7944,서울특별시 은평구청,2026-02-26
갈현2동,1,갈현로29길 30-4,258-4,37.6207140000,126.9129940000,2019,,02-351-7944,서울특별시 은평구청,2026-02-26
갈현2동,1,갈현로29길 27정문,240-1,37.6197360000,126.9124540000,2019,,02-351-7944,서울특별시 은평구청,2026-02-26
갈현2동,1,갈현로29길 24-1,242-3,37.6203010000,126.9131700000,2019,,02-351-7944,서울특별시 은평구청,2026-02-26
갈현2동,1,갈현로29길 24,243-27,37.6202930000,126.9132610000,2008,,02-351-7944,서울특별시 은평구청,2026-02-26
갈현2동,1,갈현로29길 20,243-55,37.6200700000,126.9135590000,2019,,02-351-7944,서울특별시 은평구청,2026-02-26
갈현2동,1,갈현로29길 22,243-7,37.6202040000,126.9133760000,2019,,02-351-7944,서울특별시 은평구청,2026-02-26
갈현2동,1,갈현로29길 18,448-30,37.6198830000,126.9137650000,2008,,02-351-7944,서울특별시 은평구청,2026-02-26
갈현2동,1,갈현로29길 14,448-10,37.6197320000,126.9140510000,2008,,02-351-7944,서울특별시 은평구청,2026-02-26
갈현2동,1,갈현로29길 12-1,448-42,37.6197320000,126.9140510000,2019,,02-351-7944,서울특별시 은평구청,2026-02-26
갈현2동,1,갈현로29길 12-1,448-42,37.6196170000,126.9141770000,2007,,02-351-7944,서울특별시 은평구청,2026-02-26
갈현2동,1,갈현로31길 13-14,448-35,37.6199810000,126.9136620000,2007,,02-351-7944,서울특별시 은평구청,2026-02-26
갈현2동,1,갈현로31길 19-4,244-19,37.6206500000,126.9139240000,2005,,02-351-7944,서울특별시 은평구청,2026-02-26
갈현2동,1,갈현로29길 9,516-2,37.6192680000,126.9145330000,2019,,02-351-7944,서울특별시 은평구청,2026-02-26
갈현2동,1,갈현로29길 5-6,516-5,37.6190510000,126.9144230000,2019,,02-351-7944,서울특별시 은평구청,2026-02-26
갈현2동,1,갈현로29길 5-8,516-6,37.6190770000,126.9142760000,2011,,02-351-7944,서울특별시 은평구청,2026-02-26
갈현2동,1,갈현로29길 5-12,516-10,37.6188880000,126.9143350000,2019,,02-351-7944,서울특별시 은평구청,2026-02-26
갈현2동,1,갈현로29길 5-18,516-23,37.6185720000,126.9142830000,2019,,02-351-7944,서울특별시 은평구청,2026-02-26
갈현2동,1,갈현로27길 12-13,516-21,37.6188240000,126.9142230000,2019,,02-351-7944,서울특별시 은평구청,2026-02-26
갈현2동,1,갈현로27길 12-11,516-11,37.6188130000,126.9140530000,2006,,02-351-7944,서울특별시 은평구청,2026-02-26
갈현2동,1,갈현로27길 14,516-30,37.6185120000,126.9136150000,2006,,02-351-7944,서울특별시 은평구청,2026-02-26
갈현2동,1,갈현로27길 13,515-21,37.6182670000,126.9134150000,2008,,02-351-7944,서울특별시 은평구청,2026-02-26
갈현2동,1,갈현로27길 15,517-1,37.6183010000,126.9132110000,2007,,02-351-7944,서울특별시 은평구청,2026-02-26
갈현2동,1,갈현로27길 17,517-46,37.6182640000,126.9130410000,2006,,02-351-7944,서울특별시 은평구청,2026-02-26
갈현2동,1,갈현로27길 21,517-40,37.6182510000,126.9126450000,2006,,02-351-7944,서울특별시 은평구청,2026-02-26
갈현2동,1,연서로25길 11,480-23,37.6204330000,126.9147880000,2018,,02-351-7944,서울특별시 은평구청,2026-02-26
갈현2동,1,갈현로27길 29,517-41,37.6187490000,126.9119020000,2007,,02-351-7944,서울특별시 은평구청,2026-02-26
갈현2동,1,갈현로27길 33,517-7,37.6189630000,126.9116610000,2011,,02-351-7944,서울특별시 은평구청,2026-02-26
갈현2동,1,갈현로27길 35-1,523-46,37.6190950000,126.9113410000,2008,,02-351-7944,서울특별시 은평구청,2026-02-26
갈현2동,1,갈현로27길 38-5,228-108,37.6184330000,126.9138540000,2007,,02-351-7944,서울특별시 은평구청,2026-02-26
갈현2동,1,연서로25길 7,479-2,37.6166358200,126.9178319000,2018,,02-351-7944,서울특별시 은평구청,2026-02-26
갈현2동,1,갈현로27길 40-7,228-89,37.6193650000,126.9113150000,2006,,02-351-7944,서울특별시 은평구청,2026-02-26
갈현2동,1,갈현로27길 42-7,228-80,37.6198490000,126.9110930000,2011,,02-351-7944,서울특별시 은평구청,2026-02-26
갈현2동,1,갈현로27길 44-8,228-73,37.6199290000,126.9109780000,2011,,02-351-7944,서울특별시 은평구청,2026-02-26
갈현2동,1,갈현로27길 44-8,228-73,37.6199290000,126.9109780000,2011,,02-351-7944,서울특별시 은평구청,2026-02-26
갈현2동,1,갈현로27길 44,228-76,37.6194540000,126.9101810000,2005,,02-351-7944,서울특별시 은평구청,2026-02-26
갈현2동,1,갈현로27길 45-3,228-21,37.6193750000,126.9104990000,2011,,02-351-7944,서울특별시 은평구청,2026-02-26
갈현2동,1,갈현로27길 45-7,228-22,37.6192760000,126.9104210000,2011,,02-351-7944,서울특별시 은평구청,2026-02-26
갈현2동,1,갈현로23길 46-8,228-25,37.6190930000,126.9102200000,2008,,02-351-7944,서울특별시 은평구청,2026-02-26
갈현2동,1,갈현로23길 44-1,228-29,37.6187770000,126.9101110000,2011,,02-351-7944,서울특별시 은평구청,2026-02-26
갈현2동,1,갈현로27길 44-7,228-32,37.6190310000,126.9103340000,2019,,02-351-7944,서울특별시 은평구청,2026-02-26
갈현2동,1,갈현로27길 43-4,228-37,37.6194580000,126.9107130000,2019,,02-351-7944,서울특별시 은평구청,2026-02-26
갈현2동,1,갈현로27길 37-6,228-56,37.6191540000,126.9108880000,2019,,02-351-7944,서울특별시 은평구청,2026-02-26
갈현2동,1,갈현로 23길 42-1,228-49,37.6187470000,126.9107920000,2019,,02-351-7944,서울특별시 은평구청,2026-02-26
갈현2동,1,연서로27길 16-13,453-24,37.6187115900,126.9181332000,2018,,02-351-7944,서울특별시 은평구청,2026-02-26
갈현2동,1,갈현로23길 38-1,523-33,37.6183590000,126.9106730000,2011,,02-351-7944,서울특별시 은평구청,2026-02-26
갈현2동,1,갈현로23길 36,523-71,37.6182710000,126.9109340000,2005,,02-351-7944,서울특별시 은평구청,2026-02-26
갈현2동,1,갈현로23길 34-4,518-13,37.6181830000,126.9111510000,2019,,02-351-7944,서울특별시 은평구청,2026-02-26
갈현2동,1,갈현로23길 34-9,523-32,37.6185040000,126.9107840000,2005,,02-351-7944,서울특별시 은평구청,2026-02-26
갈현2동,1,갈현로23길 42-12,523-40,37.6186590000,126.9109400000,2005,,02-351-7944,서울특별시 은평구청,2026-02-26
갈현2동,1,갈현로25길 36-1,523-60,37.6186440000,126.9113250000,2019,,02-351-7944,서울특별시 은평구청,2026-02-26
갈현2동,1,갈현로27길 33-16,523-58,37.6187780000,126.9112220000,2006,,02-351-7944,서울특별시 은평구청,2026-02-26
갈현2동,1,갈현로27길 33,517-7,37.6188630000,126.9116390000,2019,,02-351-7944,서울특별시 은평구청,2026-02-26
갈현2동,1,갈현로25길 36,517-30,37.6185470000,126.9114970000,2019,,02-351-7944,서울특별시 은평구청,2026-02-26
갈현2동,1,갈현로25길 30,517-24,37.6182090000,126.9120000000,2019,,02-351-7944,서울특별시 은평구청,2026-02-26
갈현2동,1,갈현로23길 20-11,519-10,37.6176810000,126.9123700000,2005,,02-351-7944,서울특별시 은평구청,2026-02-26
갈현2동,1,갈현로25길 28,517-11,37.6181660000,126.9122840000,2018,,02-351-7944,서울특별시 은평구청,2026-02-26
갈현2동,1,갈현로25길 20,515-20,37.6177310000,126.9129470000,2018,,02-351-7944,서울특별시 은평구청,2026-02-26
갈현2동,1,갈현로21길 15,506-30,37.6156420000,126.9130910000,2007,,02-351-7944,서울특별시 은평구청,2026-02-26
갈현2동,1,갈현로27길 13-12,515-7,37.6179760000,126.9131250000,2019,,02-351-7944,서울특별시 은평구청,2026-02-26
갈현2동,1,갈현로27길 9-4,515-29,37.6179890000,126.9135660000,2018,,02-351-7944,서울특별시 은평구청,2026-02-26
갈현2동,1,갈현로27길 5-4,515-35,37.6177670000,126.9138980000,2019,,02-351-7944,서울특별시 은평구청,2026-02-26
갈현2동,1,갈현로27길 8,516-25,37.6183010000,126.9142190000,2011,,02-351-7944,서울특별시 은평구청,2026-02-26
갈현2동,1,갈현로29길 5-20,516-24,37.6184190000,126.9142400000,2019,,02-351-7944,서울특별시 은평구청,2026-02-26
갈현2동,1,갈현로 245-5,503-31,37.6184850000,126.9146350000,2007,,02-351-7944,서울특별시 은평구청,2026-02-26
갈현2동,1,갈현로 245-2,503-5,37.6190200000,126.9149220000,2011,,02-351-7944,서울특별시 은평구청,2026-02-26
갈현2동,1,갈현로27길 4-1,503-10,37.6181970000,126.9145940000,2007,,02-351-7944,서울특별시 은평구청,2026-02-26
갈현2동,1,갈현로27길 5,504-59,37.6180060000,126.9144500000,2006,,02-351-7944,서울특별시 은평구청,2026-02-26
갈현2동,1,갈현로 229-5,504-12,37.6175370000,126.9144230000,2006,,02-351-7944,서울특별시 은평구청,2026-02-26
갈현2동,1,갈현로 229-6,504-4,37.6175670000,126.9146940000,2006,,02-351-7944,서울특별시 은평구청,2026-02-26
갈현2동,1,갈현로25길 12-5,515-25,37.6176390000,126.9137530000,2019,,02-351-7944,서울특별시 은평구청,2026-02-26
갈현2동,1,갈현로25길 11,512-22,37.6171970000,126.9136910000,2019,,02-351-7944,서울특별시 은평구청,2026-02-26
갈현2동,1,갈현로25길 10-2,504-27,37.6173090000,126.9140630000,2007,,02-351-7944,서울특별시 은평구청,2026-02-26
갈현2동,1,갈현로25길 8,504-37,37.6172190000,126.9140650000,2005,,02-351-7944,서울특별시 은평구청,2026-02-26
갈현2동,1,갈현로25길 3-1,505-1,37.6168770000,126.9141150000,2006,,02-351-7944,서울특별시 은평구청,2026-02-26
갈현2동,1,갈현로25길 4-1,504-29,37.6170690000,126.9144630000,2005,,02-351-7944,서울특별시 은평구청,2026-02-26
갈현2동,1,갈현로25길 5-10,512-31,37.6167830000,126.9137310000,2005,,02-351-7944,서울특별시 은평구청,2026-02-26
갈현2동,1,갈현로25길 5-11,505-19,37.6165950000,126.9138020000,2019,,02-351-7944,서울특별시 은평구청,2026-02-26
갈현2동,1,갈현로25길 5-16,512-7,37.6165460000,126.9134400000,2019,,02-351-7944,서울특별시 은평구청,2026-02-26
갈현2동,1,갈현로25길 211-1,505-11,37.6162150000,126.9136380000,2005,,02-351-7944,서울특별시 은평구청,2026-02-26
갈현2동,1,갈현로23길 4,505-14,37.6161500000,126.9134230000,2007,,02-351-7944,서울특별시 은평구청,2026-02-26
갈현2동,1,갈현로23길 6,512-9,37.6162920000,126.9132510000,2005,,02-351-7944,서울특별시 은평구청,2026-02-26
갈현2동,1,갈현로23길 10-1,513-5,37.6167830000,126.9137310000,2011,,02-351-7944,서울특별시 은평구청,2026-02-26
갈현2동,1,갈현로23길 10-9,513-12,37.6168930000,126.9129140000,2019,,02-351-7944,서울특별시 은평구청,2026-02-26
갈현2동,1,갈현로25길 11-6,513-15,37.6170310000,126.9132410000,2019,,02-351-7944,서울특별시 은평구청,2026-02-26
갈현2동,1,갈현로25길 좌월공원,513-1,37.6173200000,126.9133040000,2011,,02-351-7944,서울특별시 은평구청,2026-02-26
갈현2동,1,갈현로25길 14-1,515-14,37.6175730000,126.9134480000,2019,,02-351-7944,서울특별시 은평구청,2026-02-26
갈현2동,1,갈현로25길 18,515-23,37.6176340000,126.9131190000,2019,,02-351-7944,서울특별시 은평구청,2026-02-26
갈현2동,1,갈현로25길 좌월공원,513-1,37.6173200000,126.9133040000,2006,,02-351-7944,서울특별시 은평구청,2026-02-26
갈현2동,1,갈현로23길 14-6,513-10,37.6170180000,126.9128560000,2018,,02-351-7944,서울특별시 은평구청,2026-02-26
갈현2동,1,갈현로23길 16,514-16,37.6169340000,126.9124940000,2006,,02-351-7944,서울특별시 은평구청,2026-02-26
갈현2동,1,갈현로23길 15,511-29,37.6167340000,126.9123270000,2011,,02-351-7944,서울특별시 은평구청,2026-02-26
갈현2동,1,갈현로23길 20-11,514-24,37.6171030000,126.9122990000,2005,,02-351-7944,서울특별시 은평구청,2026-02-26
갈현2동,1,갈현로23길 20-8,514-9,37.6173670000,126.9125330000,2017,,02-351-7944,서울특별시 은평구청,2026-02-26
갈현2동,1,갈현로23길 24-4,519-3,37.6175700000,126.9120660000,2018,,02-351-7944,서울특별시 은평구청,2026-02-26
갈현2동,1,연서로21길 19,473-2,37.6149170000,126.9155250000,2012,,02-351-7944,서울특별시 은평구청,2026-02-26
갈현2동,1,갈현로23길 24,519-4,37.6175150000,126.9119420000,2011,,02-351-7944,서울특별시 은평구청,2026-02-26
갈현2동,1,갈현로23길 23,520-2,37.6173780000,126.9117970000,2011,,02-351-7944,서울특별시 은평구청,2026-02-26
갈현2동,1,서오릉로18길 36,520-3,37.6172150000,126.9116750000,2007,,02-351-7944,서울특별시 은평구청,2026-02-26
갈현2동,1,서오릉로 34,520-22,37.6171050000,126.9115520000,2018,,02-351-7944,서울특별시 은평구청,2026-02-26
갈현2동,1,서오릉로 34-9,520-48,37.6170710000,126.9117330000,2005,,02-351-7944,서울특별시 은평구청,2026-02-26
갈현2동,1,갈현로23길 19-6,520-32,37.6168030000,126.9119750000,2019,,02-351-7944,서울특별시 은평구청,2026-02-26
갈현2동,1,갈현로21길 15-6,520-42,37.6164500000,126.9117540000,2019,,02-351-7944,서울특별시 은평구청,2026-02-26
갈현2동,1,갈현로1길 16-3,520-26,37.6162520000,126.9118250000,2019,,02-351-7944,서울특별시 은평구청,2026-02-26
갈현2동,1,갈현로21길 15,521-21,37.6160170000,126.9117490000,2011,,02-351-7944,서울특별시 은평구청,2026-02-26
갈현2동,1,갈현로21길 10-1,511-12,37.6160850000,126.9123140000,2019,,02-351-7944,서울특별시 은평구청,2026-02-26
갈현2동,1,갈현로21길 7,510-1,37.6158630000,126.9125780000,2011,,02-351-7944,서울특별시 은평구청,2026-02-26
갈현2동,1,갈현로21길 6-1,506-20,37.6159640000,126.9128370000,2019,,02-351-7944,서울특별시 은평구청,2026-02-26
갈현2동,1,갈현로23길 9-7,506-2,37.6161540000,126.9128680000,2019,,02-351-7944,서울특별시 은평구청,2026-02-26
갈현2동,1,갈현로21길 1-3,506-28,37.6154780000,126.9129350000,2007,,02-351-7944,서울특별시 은평구청,2026-02-26
갈현2동,1,갈현로21길 5-7,506-7,37.6154580000,126.9126970000,2007,,02-351-7944,서울특별시 은평구청,2026-02-26
갈현2동,1,갈현로21길 3-1,507-2,37.6150210000,126.9122280000,2007,,02-351-7944,서울특별시 은평구청,2026-02-26
갈현2동,1,갈현로19길 5-11,507-14,37.6146940000,126.9118590000,2017,,02-351-7944,서울특별시 은평구청,2026-02-26
갈현2동,1,갈현로 181-20,507-18,37.6143770000,126.9117050000,2006,,02-351-7944,서울특별시 은평구청,2026-02-26
갈현2동,1,갈현로 5-17,507-17,37.6145390000,126.9116570000,2006,,02-351-7944,서울특별시 은평구청,2026-02-26
갈현2동,1,갈현로19길 5-16,509-18,37.6146890000,126.9113830000,2007,,02-351-7944,서울특별시 은평구청,2026-02-26
갈현2동,1,갈현로19길 5-12,509-8,37.6149800000,126.9116730000,2006,,02-351-7944,서울특별시 은평구청,2026-02-26
갈현2동,1,갈현로19길 9-9,509-14,37.6146640000,126.9115650000,2019,,02-351-7944,서울특별시 은평구청,2026-02-26
갈현2동,1,서오릉로 214,527-2,37.6147390000,126.9109410000,2019,,02-351-7944,서울특별시 은평구청,2026-02-26
갈현2동,1,서오릉로 210,527-3,37.6144030000,126.9106060000,2019,,02-351-7944,서울특별시 은평구청,2026-02-26
갈현2동,1,서오릉로18길 6-13,529-36,37.6147830000,126.9107700000,2007,,02-351-7944,서울특별시 은평구청,2026-02-26
갈현2동,1,서오릉로18길 6-8,527-8,37.6148040000,126.9101810000,2006,,02-351-7944,서울특별시 은평구청,2026-02-26
갈현2동,1,서오릉로18길 7,334-3,37.6152630000,126.9101060000,2011,,02-351-7944,서울특별시 은평구청,2026-02-26
갈현2동,1,서오릉로 228-4,233-1,37.6189550000,126.9127930000,2019,,02-351-7944,서울특별시 은평구청,2026-02-26
갈현2동,1,서오릉로 228-7,327-65,37.6156170000,126.9093530000,2019,,02-351-7944,서울특별시 은평구청,2026-02-26
갈현2동,1,서오릉로20길 20-1,327-135,37.6171140000,126.9095350000,2006,,02-351-7944,서울특별시 은평구청,2026-02-26
갈현2동,1,서오릉로20길 20-10,327-90,37.6168830000,126.9099010000,2011,,02-351-7944,서울특별시 은평구청,2026-02-26
갈현2동,1,서오릉로20길 20-16,327-30,37.6169420000,126.9103990000,2006,,02-351-7944,서울특별시 은평구청,2026-02-26
갈현2동,1,서오릉로18길 13-24,327-25,37.6165360000,126.9103480000,2007,,02-351-7944,서울특별시 은평구청,2026-02-26
갈현2동,1,서오릉로20길 20-16,327-30,37.6169420000,126.9103990000,2017,,02-351-7944,서울특별시 은평구청,2026-02-26
갈현2동,1,서오릉로18길 13-16,327-54,37.6160930000,126.9102530000,2008,,02-351-7944,서울특별시 은평구청,2026-02-26
갈현2동,1,서오릉로20길 10-6,327-74,37.6161410000,126.9095270000,2006,,02-351-7944,서울특별시 은평구청,2026-02-26
갈현2동,1,서오릉로18길 13-9,327-14,37.6157490000,126.9100650000,2008,,02-351-7944,서울특별시 은평구청,2026-02-26
갈현2동,1,서오릉로20길 8-12,327-144,37.6156820000,126.9096360000,2006,,02-351-7944,서울특별시 은평구청,2026-02-26
갈현2동,1,서오릉로20길 8-10,327-67,37.6157870000,126.9093170000,2011,,02-351-7944,서울특별시 은평구청,2026-02-26
갈현2동,1,서오릉로18길 13,327-12,37.6155550000,126.9104870000,2019,,02-351-7944,서울특별시 은평구청,2026-02-26
갈현2동,1,서오릉로 228-14,327-118,37.6153680000,126.9097760000,2007,,02-351-7944,서울특별시 은평구청,2026-02-26
갈현2동,1,서오릉로18길 10,526-2,37.6150410000,126.9104490000,2019,,02-351-7944,서울특별시 은평구청,2026-02-26
갈현2동,1,갈현로19길 15,526-1,37.6154220000,126.9107610000,2007,,02-351-7944,서울특별시 은평구청,2026-02-26
갈현2동,1,서오릉로19길 13-8,526-3,37.6150340000,126.9106760000,2007,,02-351-7944,서울특별시 은평구청,2026-02-26
갈현2동,1,서오릉로19길 13,529-1,37.6152650000,126.9112610000,2007,,02-351-7944,서울특별시 은평구청,2026-02-26
갈현2동,1,서오릉로19길 9,509-1,37.6151340000,126.9117500000,2019,,02-351-7944,서울특별시 은평구청,2026-02-26
갈현2동,1,갈현로19길 12-5,521-26,37.6155920000,126.9116190000,2019,,02-351-7944,서울특별시 은평구청,2026-02-26
갈현2동,1,갈현로19길 12-11,510-14,37.6156860000,126.9120030000,2018,,02-351-7944,서울특별시 은평구청,2026-02-26
갈현2동,1,갈현로21길 11-4,510-11,37.6157590000,126.9121040000,2019,,02-351-7944,서울특별시 은평구청,2026-02-26
갈현2동,1,갈현로21길 5-8,510-4,37.6155550000,126.9124470000,2006,,02-351-7944,서울특별시 은평구청,2026-02-26
갈현2동,1,서오릉로18길 35-6,522-46,37.6175090000,126.9113530000,2006,,02-351-7944,서울특별시 은평구청,2026-02-26
갈현2동,1,갈현로23길 30,518-34,37.6177900000,126.9115300000,2008,,02-351-7944,서울특별시 은평구청,2026-02-26
갈현2동,1,갈현로23길 30-5,518-26,37.6179880000,126.9115160000,2005,,02-351-7944,서울특별시 은평구청,2026-02-26
갈현2동,1,갈현로23길 30-6,518-32,37.6179450000,126.9117090000,2011,,02-351-7944,서울특별시 은평구청,2026-02-26
갈현2동,1,갈현로23길 32-7,518-17,37.6182390000,126.9113770000,2007,,02-351-7944,서울특별시 은평구청,2026-02-26
갈현2동,1,서오릉로18길 35-22,522-3,37.6179970000,126.9105190000,2017,,02-351-7944,서울특별시 은평구청,2026-02-26
갈현2동,1,서오릉로18길 33-21,522-13,37.6175010000,126.9104930000,2017,,02-351-7944,서울특별시 은평구청,2026-02-26
갈현2동,1,서오릉로18길 33-31,522-12,37.6176870000,126.9101270000,2006,,02-351-7944,서울특별시 은평구청,2026-02-26
갈현2동,1,서오릉로18길 33-25,522-60,37.6173730000,126.9102230000,2017,,02-351-7944,서울특별시 은평구청,2026-02-26
갈현2동,1,서오릉로18길 33-17,522-73,37.6171490000,126.9104070000,2017,,02-351-7944,서울특별시 은평구청,2026-02-26
갈현2동,1,서오릉로18길 33-10,522-23,37.6173530000,126.9110160000,2017,,02-351-7944,서울특별시 은평구청,2026-02-26
갈현2동,1,서오릉로18길 27-3,522-48,37.6169090000,126.9107730000,2006,,02-351-7944,서울특별시 은평구청,2026-02-26
갈현2동,1,서오릉로18길 28,520-46,37.6165600000,126.9110610000,2006,,02-351-7944,서울특별시 은평구청,2026-02-26
갈현2동,1,서오릉로18길 25-4,327-112,37.6167710000,126.9105030000,2005,,02-351-7944,서울특별시 은평구청,2026-02-26
갈현2동,1,서오릉로18길 25-10,327-52,37.6162400000,126.9104880000,2008,,02-351-7944,서울특별시 은평구청,2026-02-26
갈현2동,1,서오릉로18길 19,327-44,37.6160140000,126.9104350000,2019,,02-351-7944,서울특별시 은평구청,2026-02-26
갈현2동,1,서오릉로18길 20,521-4,37.6161000000,126.9109550000,2005,,02-351-7944,서울특별시 은평구청,2026-02-26
갈현2동,1,갈현로21길 23,521-1,37.6163800000,126.9110300000,2007,,02-351-7944,서울특별시 은평구청,2026-02-26
갈현2동,1,갈현로21길 22,520-13,37.6164460000,126.9113460000,2007,,02-351-7944,서울특별시 은평구청,2026-02-26
갈현2동,1,갈현로21길 18,520-39,37.6162140000,126.9116440000,2018,,02-351-7944,서울특별시 은평구청,2026-02-26
갈현2동,1,갈현로21길 17-8,521-12,37.6159500000,126.9113310000,2006,,02-351-7944,서울특별시 은평구청,2026-02-26
갈현2동,1,갈현로21길 21-7,521-10,37.6158850000,126.9111390000,2007,,02-351-7944,서울특별시 은평구청,2026-02-26
갈현2동,1,갈현로21길 21-5,521-9,37.6160120000,126.9111830000,2007,,02-351-7944,서울특별시 은평구청,2026-02-26
갈현2동,1,연서로17길 40-9,490-3,37.6142152200,126.9134937000,,,02-351-7944,서울특별시 은평구청,2026-02-26
갈현2동,1,갈현로33길 29-7,256-7,37.6212190000,126.9130440000,2008,,02-351-7944,서울특별시 은평구청,2026-02-26
갈현2동,1,갈현로33길 33,256-11,37.6213500000,126.9135850000,2018,,02-351-7944,서울특별시 은평구청,2026-02-26
갈현2동,1,갈현로33길 46-8,268-54,37.6220400000,126.9122270000,2011,,02-351-7944,서울특별시 은평구청,2026-02-26
갈현2동,1,갈현로33길 43-1,267-19,37.6224790000,126.9109860000,2017,,02-351-7944,서울특별시 은평구청,2026-02-26
갈현2동,1,갈현로29길 52,266-2,37.6223430000,126.9118040000,2017,,02-351-7944,서울특별시 은평구청,2026-02-26
갈현2동,1,갈현로29길 61,267-1,37.6228550000,126.9106640000,2016,,02-351-7944,서울특별시 은평구청,2026-02-26
갈현2동,1,대성고 후문등산로,267-1,37.6228550000,126.9106640000,2006,,02-351-7944,서울특별시 은평구청,2026-02-26
갈현2동,1,갈현로29길 51-18,267-6,37.6225880000,126.9100780000,2006,,02-351-7944,서울특별시 은평구청,2026-02-26
갈현2동,1,갈현로29길 51-15,267-72,37.6222080000,126.9108540000,2019,,02-351-7944,서울특별시 은평구청,2026-02-26
갈현2동,1,갈현로29길 51-55,267-44,37.6221140000,126.9104710000,2006,,02-351-7944,서울특별시 은평구청,2026-02-26
갈현2동,1,갈현로29길 51-56,267-79,37.6222270000,126.9100500000,2005,,02-351-7944,서울특별시 은평구청,2026-02-26
갈현2동,1,갈현로29길 51-37,267-76,37.6220220000,126.9101890000,2007,,02-351-7944,서울특별시 은평구청,2026-02-26
갈현2동,1,갈현로29길 50,262-1,37.6220980000,126.9116040000,2019,,02-351-7944,서울특별시 은평구청,2026-02-26
갈현2동,1,갈현로29길 48,262-3,37.6218650000,126.9117540000,2019,,02-351-7944,서울특별시 은평구청,2026-02-26
갈현2동,1,갈현로39길 38,241-45,37.6216300000,126.9116560000,2007,,02-351-7944,서울특별시 은평구청,2026-02-26
갈현2동,1,갈현로29길 46,268-36,37.6222370000,126.9121110000,2008,,02-351-7944,서울특별시 은평구청,2026-02-26
갈현2동,1,갈현로29길 42,261-2,37.6216420000,126.9120410000,2019,,02-351-7944,서울특별시 은평구청,2026-02-26
갈현2동,1,갈현로29길 32,259-7,37.6214420000,126.9118620000,2019,,02-351-7944,서울특별시 은평구청,2026-02-26
갈현2동,1,갈현로29길 37-1,241-3,37.6213200000,126.9122610000,2019,,02-351-7944,서울특별시 은평구청,2026-02-26
갈현2동,1,갈현로29길 33-5,241-37,37.6208490000,126.9120410000,2017,,02-351-7944,서울특별시 은평구청,2026-02-26
갈현2동,1,갈현로29길 32,259-7,37.6210530000,126.9126380000,2005,,02-351-7944,서울특별시 은평구청,2026-02-26
갈현2동,1,대성고 후문등산로,산53-1,37.6224900000,126.9082110000,2006,,02-351-7944,서울특별시 은평구청,2026-02-26
갈현2동,1,대성고 후문등산로,산53-1,37.6224900000,126.9082110000,2011,,02-351-7944,서울특별시 은평구청,2026-02-26
갈현2동,1,대성고 후문등산로,산53-1,37.6224900000,126.9082110000,2019,,02-351-7944,서울특별시 은평구청,2026-02-26
갈현2동,1,대성고 후문등산로,산53-1,37.6224900000,126.9082110000,2007,,02-351-7944,서울특별시 은평구청,2026-02-26
갈현2동,1,대성고 후문등산로,산53-1,37.6224900000,126.9082110000,2011,,02-351-7944,서울특별시 은평구청,2026-02-26
갈현2동,1,대성고 후문등산로,산53-1,37.6224900000,126.9082110000,2006,,02-351-7944,서울특별시 은평구청,2026-02-26
갈현2동,1,갈현로19길 8,510-26,37.6152440000,126.9119530000,2011,,02-351-7944,서울특별시 은평구청,2026-02-26
갈현2동,1,갈현로19길 5-18,509-15,37.6147080000,126.9114510000,2005,,02-351-7944,서울특별시 은평구청,2026-02-26
갈현2동,1,갈현로31길 20-3,244-10,37.6205160000,126.9140280000,2019,,02-351-7944,서울특별시 은평구청,2026-02-26
갈현2동,1,연서로21길 16,477-36,37.6149580000,126.9161480000,2005,,02-351-7944,서울특별시 은평구청,2026-02-26
갈현2동,1,연서로25길 10-2,504-27,37.6173090000,126.9140630000,2005,,02-351-7944,서울특별시 은평구청,2026-02-26
갈현2동,1,연서로 183-10,462-44,37.6149880000,126.9174730000,2005,,02-351-7944,서울특별시 은평구청,2026-02-26
갈현2동,1,갈현로23길 42-5,228-51,37.6187270000,126.9105310000,2011,,02-351-7944,서울특별시 은평구청,2026-02-26
갈현2동,1,연서로25길 23-9,136-6,37.6172390000,126.9163070000,2011,,02-351-7944,서울특별시 은평구청,2026-02-26
갈현2동,1,연서로25길 21-12,136-12,37.6169050000,126.9162100000,2007,,02-351-7944,서울특별시 은평구청,2026-02-26
갈현2동,1,연서로25길 17-4,136-29,37.6170350000,126.9166500000,2005,,02-351-7944,서울특별시 은평구청,2026-02-26
갈현2동,1,갈현로 233,504-2,37.6179020000,126.9148590000,2011,,02-351-7944,서울특별시 은평구청,2026-02-26
갈현2동,1,갈현로25길 21,519-9,37.6177900000,126.9124820000,2018,,02-351-7944,서울특별시 은평구청,2026-02-26
갈현2동,1,갈현로27길 13-12,515-7,37.6178490000,126.9130360000,2019,,02-351-7944,서울특별시 은평구청,2026-02-26
갈현2동,1,연서로21길 5-6,466-13,37.6142060000,126.9166230000,2011,,02-351-7944,서울특별시 은평구청,2026-02-26
갈현2동,1,연서로25길 17-28,485-10,37.6161820000,126.9159490000,2005,,02-351-7944,서울특별시 은평구청,2026-02-26
갈현2동,1,서오릉로18길 34-8,520-10,37.6168080000,126.9115790000,2005,,02-351-7944,서울특별시 은평구청,2026-02-26
갈현2동,1,연서로21길 13-6,521-23,37.6158270000,126.9116950000,2019,,02-351-7944,서울특별시 은평구청,2026-02-26
갈현2동,1,서오릉로18길 33-19,522-62,37.6173670000,126.9105740000,2017,,02-351-7944,서울특별시 은평구청,2026-02-26
갈현2동,1,연서로17길 20-14,470-1,37.6137280000,126.9156670000,2017,,02-351-7944,서울특별시 은평구청,2026-02-26
갈현2동,1,연서로17길 20-14,470-1,37.6137280000,126.9156670000,2017,,02-351-7944,서울특별시 은평구청,2026-02-26
갈현2동,1,연서로19길 7-5,464-9,37.6132870000,126.9166700000,2018,,02-351-7944,서울특별시 은평구청,2026-02-26
갈현2동,1,연서로21길 33-10,496-20,37.6154050000,126.9138190000,2005,,02-351-7944,서울특별시 은평구청,2026-02-26
갈현2동,1,갈현로 220-10,494-3,37.6166970000,126.9151370000,2006,,02-351-7944,서울특별시 은평구청,2026-02-26
갈현2동,1,연서로27길 8-10,456-20,37.6179780000,126.9191850000,2012,,02-351-7944,서울특별시 은평구청,2026-02-26
갈현2동,1,연서로21길 36,495-5,37.6158217800,126.9140288000,,,02-351-7944,서울특별시 은평구청,2026-02-26
갈현2동,1,갈현로21길 5-4,510-2,37.6158256600,126.9126726000,,,02-351-7944,서울특별시 은평구청,2026-02-26
갈현2동,1,갈현로21길 5-5,506-26,37.6156848700,126.9127276000,,,02-351-7944,서울특별시 은평구청,2026-02-26
갈현2동,1,서오릉로18길 33-10,522-22,37.6175680000,126.9108650000,2017,,02-351-7944,서울특별시 은평구청,2026-02-26
갈현2동,1,서오릉로18길 34-8,520-22,37.6167714000,126.9116139000,2018,,02-351-7944,서울특별시 은평구청,2026-02-26
갈현2동,1,갈현로19길 3,507-35,37.6149870000,126.9124210000,2018,,02-351-7944,서울특별시 은평구청,2026-02-26
갈현2동,1,서오릉로24길 19,227-26,37.6186050000,126.9071350000,2006,,02-351-7944,서울특별시 은평구청,2026-02-26
갈현2동,1,갈현로31길 24,243-16,37.6204820000,126.9132810000,2019,,02-351-7944,서울특별시 은평구청,2026-02-26
갈현2동,1,갈현로31길 24-3,257-2,37.6209700000,126.9133870000,2011,,02-351-7944,서울특별시 은평구청,2026-02-26
갈현2동,1,연서로27길 27-21,110-15,37.6179740000,126.9168630000,2016,,02-351-7944,서울특별시 은평구청,2026-02-26
갈현2동,1,갈현로25길 20-8,515-6,37.6178490000,126.9130360000,2007,,02-351-7944,서울특별시 은평구청,2026-02-26
갈현2동,1,갈현로29길 30-8,258-8,37.6208960000,126.9131620000,2018,,02-351-7944,서울특별시 은평구청,2026-02-26
갈현2동,1,갈현로 225-1,504-46,37.6170530000,126.9146220000,2007,,02-351-7944,서울특별시 은평구청,2026-02-26
갈현2동,1,연서로29길 21-8,452-26,37.6190710000,126.9175380000,2011,,02-351-7944,서울특별시 은평구청,2026-02-26
갈현2동,1,갈현로33길 1,449-8,37.6201360000,126.9157780000,2017,,02-351-7944,서울특별시 은평구청,2026-02-26
갈현2동,1,서오릉로 35-22,522-3,37.6179970000,126.9105190000,2007,,02-351-7944,서울특별시 은평구청,2026-02-26
갈현2동,1,연서로27길 31-7,501-6,37.6183720000,126.9160300000,2007,,02-351-7944,서울특별시 은평구청,2026-02-26
갈현2동,1,갈현로19길 9-8,529-33,37.6151210000,126.9113200000,2018,,02-351-7944,서울특별시 은평구청,2026-02-26
갈현2동,1,연서로19길 40-10,492-35,37.6150740000,126.9140050000,2008,,02-351-7944,서울특별시 은평구청,2026-02-26
갈현2동,1,연서로17길 20-14,470-1,37.6137280000,126.9156670000,2018,,02-351-7944,서울특별시 은평구청,2026-02-26
갈현2동,1,서오릉로18길 14,526-11,37.6153130000,126.9106830000,2008,,02-351-7944,서울특별시 은평구청,2026-02-26
갈현2동,1,갈현로29길 5-4,516-3,37.6192680000,126.9145330000,2019,,02-351-7944,서울특별시 은평구청,2026-02-26
갈현2동,1,갈현로27길 40-8,228-86,37.6196280000,126.9115380000,2012,,02-351-7944,서울특별시 은평구청,2026-02-26
갈현2동,1,연서로27길 20-8,453-16,37.6185150000,126.9178180000,2008,,02-351-7944,서울특별시 은평구청,2026-02-26
갈현2동,1,연서로19길 34,492-23,37.6146330000,126.9140910000,2019,,02-351-7944,서울특별시 은평구청,2026-02-26
갈현2동,1,대성고 후문등산로,산53-1,37.6224900000,126.9082110000,2011,,02-351-7944,서울특별시 은평구청,2026-02-26
갈현2동,1,갈현로33길 29-10,256-13,37.6215170900,126.9128569000,2021,,02-351-7944,서울특별시 은평구청,2026-02-26
갈현2동,1,연서로27길 211-5,460-1,37.6175670000,126.9186700000,2008,,02-351-7944,서울특별시 은평구청,2026-02-26
갈현2동,1,연서로 209,460-8,37.6172530000,126.9188100000,2008,,02-351-7944,서울특별시 은평구청,2026-02-26
갈현2동,1,대성고 후문등산로,산53-1,37.6224900000,126.9082110000,2011,,02-351-7944,서울특별시 은평구청,2026-02-26
갈현2동,1,대성고 후문등산로,산53-1,37.6224900000,126.9082110000,2011,,02-351-7944,서울특별시 은평구청,2026-02-26
갈현2동,1,대성고 후문등산로,산53-1,37.6224900000,126.9082110000,2011,,02-351-7944,서울특별시 은평구청,2026-02-26
갈현2동,1,연서로29길 11-6,454-10,37.6188010000,126.9185500000,2008,,02-351-7944,서울특별시 은평구청,2026-02-26
갈현2동,1,갈현로 231-1,504-3,37.6178030000,126.9148830000,2008,,02-351-7944,서울특별시 은평구청,2026-02-26
갈현2동,1,갈현로23길 42-1,228-49,37.6185820000,126.9104090000,2016,,02-351-7944,서울특별시 은평구청,2026-02-26
갈현2동,1,갈현로29길 32,259-7,37.6210530000,126.9126380000,,,02-351-7944,서울특별시 은평구청,2026-02-26
갈현2동,1,갈현로27길 25,517-15,37.6185530000,126.9121540000,2012,,02-351-7944,서울특별시 은평구청,2026-02-26
갈현2동,1,연서로19길 26-6,473-16,37.6144260000,126.9151130000,2018,,02-351-7944,서울특별시 은평구청,2026-02-26
갈현2동,1,서오릉로 228-22,327-116,37.6153710000,126.9100480000,2015,,02-351-7944,서울특별시 은평구청,2026-02-26
갈현2동,1,갈현로 220-31,499-9,37.6173610000,126.9157840000,,,02-351-7944,서울특별시 은평구청,2026-02-26
갈현2동,1,갈현로 238,502-17,37.6182110000,126.9151720000,2009,,02-351-7944,서울특별시 은평구청,2026-02-26
갈현2동,1,연서로17길 45,490-22,37.6141990000,126.9129760000,2009,,02-351-7944,서울특별시 은평구청,2026-02-26
갈현2동,1,연서로17길 192,497-1,37.6147030000,126.9129350000,2009,,02-351-7944,서울특별시 은평구청,2026-02-26
갈현2동,1,연서로17길 45,489-11,37.6138540000,126.9126300000,2009,,02-351-7944,서울특별시 은평구청,2026-02-26
갈현2동,1,연서로23길 4-2,461-6,37.6156490000,126.9177350000,2018,,02-351-7944,서울특별시 은평구청,2026-02-26
갈현2동,1,연서로 207,460-14,37.6171380000,126.9189820000,2008,,02-351-7944,서울특별시 은평구청,2026-02-26
갈현2동,1,연서로 205-1,460-16,37.6170260000,126.9186210000,,,02-351-7944,서울특별시 은평구청,2026-02-26
갈현2동,1,연서로27길 27-49,110-31,37.6178050000,126.9160500000,2009,,02-351-7944,서울특별시 은평구청,2026-02-26
갈현2동,1,갈현로25길 20,515-20,37.6177310000,126.9129470000,2018,,02-351-7944,서울특별시 은평구청,2026-02-26
갈현2동,1,갈현로25길 12-3,515-4,37.6175310000,126.9136750000,2018,,02-351-7944,서울특별시 은평구청,2026-02-26
갈현2동,1,갈현로31길 6-4,449-14,37.6199150000,126.9153050000,2009,,02-351-7944,서울특별시 은평구청,2026-02-26
갈현2동,1,갈현로 228-1,499-21,37.6175370000,126.9153740000,,,02-351-7944,서울특별시 은평구청,2026-02-26
갈현2동,1,연서로17길 26-5,472-12,37.6135580000,126.9147640000,2008,,02-351-7944,서울특별시 은평구청,2026-02-26
갈현2동,1,갈현로 181-24,509-3,37.6145530000,126.9112490000,2019,,02-351-7944,서울특별시 은평구청,2026-02-26
갈현2동,1,갈현로21길 23,521-1,37.6163800000,126.9110300000,2011,,02-351-7944,서울특별시 은평구청,2026-02-26
갈현2동,1,연서로17길 24,471-16,37.6132810000,126.9150280000,2008,,02-351-7944,서울특별시 은평구청,2026-02-26
갈현2동,1,연서로21길 34-2,495-4,37.6157700000,126.9142330000,2008,,02-351-7944,서울특별시 은평구청,2026-02-26
갈현2동,1,연서로29길 31,451-15,37.6192520000,126.9166970000,2010,,02-351-7944,서울특별시 은평구청,2026-02-26
갈현2동,1,연서로29길 25-5,452-1,37.6193770000,126.9175670000,2010,,02-351-7944,서울특별시 은평구청,2026-02-26
갈현2동,1,연서로29길 25,452-1,37.6194129200,126.9175315000,,,02-351-7944,서울특별시 은평구청,2026-02-26
갈현2동,1,갈현로27길 23,517-48,37.6183660000,126.9124400000,2010,,02-351-7944,서울특별시 은평구청,2026-02-26
갈현2동,1,갈현로23길 40,227-5,37.6181070000,126.9087850000,2010,,02-351-7944,서울특별시 은평구청,2026-02-26
갈현2동,1,갈현로23길 18,520-39,37.6162140000,126.9116440000,2010,,02-351-7944,서울특별시 은평구청,2026-02-26
갈현2동,1,연서로19길 21,471-1,37.6139410000,126.9152900000,2010,,02-351-7944,서울특별시 은평구청,2026-02-26
갈현2동,1,연서로25길 17,480-1,37.6169840000,126.9169570000,2010,,02-351-7944,서울특별시 은평구청,2026-02-26
갈현2동,1,갈현로 242-1,502-36,37.6183040000,126.9155330000,2010,,02-351-7944,서울특별시 은평구청,2026-02-26
갈현2동,1,갈현로 242-4,502-38,37.6185740000,126.9154270000,2010,,02-351-7944,서울특별시 은평구청,2026-02-26
갈현2동,1,연서로27길 11-4,482-4,37.6177230000,126.9179430000,,,02-351-7944,서울특별시 은평구청,2026-02-26
갈현2동,1,연서로25길 14-5,482-12,37.6171520000,126.9176000000,,,02-351-7944,서울특별시 은평구청,2026-02-26
갈현2동,1,갈현로23길 14,513-4,37.6167560000,126.9127240000,2012,,02-351-7944,서울특별시 은평구청,2026-02-26
갈현2동,1,연서로27길 31-6,502-3,37.6186050000,126.9158340000,,,02-351-7944,서울특별시 은평구청,2026-02-26
갈현2동,1,연서로29길 21,452-29,37.6192890000,126.9178070000,2012,,02-351-7944,서울특별시 은평구청,2026-02-26
갈현2동,1,서오릉로18길 16,521-35,37.6156930000,126.9108020000,,,02-351-7944,서울특별시 은평구청,2026-02-26
갈현2동,1,갈현로31길 14-9,446-3,37.6205660000,126.9145370000,,,02-351-7944,서울특별시 은평구청,2026-02-26
갈현2동,1,갈현로25길 5-4,512-16,37.6169550000,126.9137630000,2015,,02-351-7944,서울특별시 은평구청,2026-02-26
갈현2동,1,연서로25길 20,484-3,37.6172530000,126.9168510000,2012,,02-351-7944,서울특별시 은평구청,2026-02-26
갈현2동,1,연서로25길 17-12,485-6,37.6167090000,126.9163940000,2012,,02-351-7944,서울특별시 은평구청,2026-02-26
갈현2동,1,연서로 201-2,460-19,37.6169180000,126.9185660000,2011,,02-351-7944,서울특별시 은평구청,2026-02-26
갈현2동,1,연서로19길 26-9,487-17,37.6148930000,126.9148910000,2012,,02-351-7944,서울특별시 은평구청,2026-02-26
갈현2동,1,?연서로29길 20-11,401-13,,,,,02-351-7944,서울특별시 은평구청,2026-02-26
갈현2동,1,갈현로21길 17-11,521-18,37.6157540000,126.9115030000,2018,,02-351-7944,서울특별시 은평구청,2026-02-26
갈현2동,1,연서로23길 8-18,461-24,37.6160190000,126.9178310000,,,02-351-7944,서울특별시 은평구청,2026-02-26
갈현2동,1,연서로17길 28-7,488-11,37.6137140000,126.9141160000,2012,,02-351-7944,서울특별시 은평구청,2026-02-26
갈현2동,1,갈현로27길 13-11,515-15,37.6176440000,126.9133000000,2011,,02-351-7944,서울특별시 은평구청,2026-02-26
갈현2동,1,연서로23길 8-4,461-13,37.6157630000,126.9174840000,2012,,02-351-7944,서울특별시 은평구청,2026-02-26
갈현2동,1,연서로21길 12,476-12,37.6147370000,126.9165250000,2012,,02-351-7944,서울특별시 은평구청,2026-02-26
갈현2동,1,연서로21길 7-3,466-18,37.6143410000,126.9165760000,2012,,02-351-7944,서울특별시 은평구청,2026-02-26
갈현2동,1,연서로17길 23,469-19,37.6130450000,126.9148280000,2012,,02-351-7944,서울특별시 은평구청,2026-02-26
갈현2동,1,연서로21길 26,486-23,37.6153450000,126.9150660000,2012,,02-351-7944,서울특별시 은평구청,2026-02-26
갈현2동,1,갈현로 220-22,197-7,37.6159200000,126.9139020000,,,02-351-7944,서울특별시 은평구청,2026-02-26
갈현2동,1,갈현로 229-17,504-58,37.6178530000,126.9143950000,2015,,02-351-7944,서울특별시 은평구청,2026-02-26
갈현2동,1,연서로29길 7-5,456-8,37.6184940000,126.9194830000,2016,,02-351-7944,서울특별시 은평구청,2026-02-26
갈현2동,1,연서로29길 21-9,453-22,37.6187860000,126.9179730000,2009,,02-351-7944,서울특별시 은평구청,2026-02-26
갈현2동,1,갈현로19길 8,510-26,37.6152829000,126.9119247000,,,02-351-7944,서울특별시 은평구청,2026-02-26
갈현2동,1,서오릉로18길 20,521-2,37.6160820000,126.9109550000,2013,,02-351-7944,서울특별시 은평구청,2026-02-26
갈현2동,1,서오릉로18길 30-1,520-12,37.6167060000,126.9112740000,2016,,02-351-7944,서울특별시 은평구청,2026-02-26
갈현2동,1,갈현로27길 12-6,516-18,37.6185891400,126.9137966000,,,02-351-7944,서울특별시 은평구청,2026-02-26
갈현2동,1,연서로27길 10,455-6,37.6181340000,126.9185370000,,,02-351-7944,서울특별시 은평구청,2026-02-26
갈현2동,1,연서로17길 46-24,490-17,37.6141470000,126.9131810000,2012,,02-351-7944,서울특별시 은평구청,2026-02-26
갈현2동,1,연서로29길 11-16,454-14,37.6185300000,126.9185200000,2012,,02-351-7944,서울특별시 은평구청,2026-02-26
갈현2동,1,연서로17길 28-17,488-4,37.6141140000,126.9144950000,2013,,02-351-7944,서울특별시 은평구청,2026-02-26
갈현2동,1,갈현로27길 10-1,516-27,37.6184790000,126.9139560000,2013,,02-351-7944,서울특별시 은평구청,2026-02-26
갈현2동,1,갈현로29길 55,267-56,37.6224900000,126.9111450000,2013,,02-351-7944,서울특별시 은평구청,2026-02-26
갈현2동,1,갈현로29길 55,267-56,37.6224900000,126.9111450000,2013,,02-351-7944,서울특별시 은평구청,2026-02-26
갈현2동,1,연서로29길 31,451-15,37.6192520000,126.9166970000,2013,,02-351-7944,서울특별시 은평구청,2026-02-26
갈현2동,1,연서로29길 31,451-15,37.6192520000,126.9166970000,2013,,02-351-7944,서울특별시 은평구청,2026-02-26
갈현2동,1,서오릉로22길 7-4,326-26,37.6166650000,126.9077070000,2014,,02-351-7944,서울특별시 은평구청,2026-02-26
갈현2동,1,연서로17길 24,471-16,37.6132810000,126.9150280000,2014,,02-351-7944,서울특별시 은평구청,2026-02-26
갈현2동,1,갈현로 229-7,504-62,37.6175120700,126.9146003000,,,02-351-7944,서울특별시 은평구청,2026-02-26
갈현2동,1,갈현로27길 31,517-6,37.6188380000,126.9117760000,,,02-351-7944,서울특별시 은평구청,2026-02-26
갈현2동,1,서오릉로18길 6-8,527-8,37.6148040000,126.9101810000,2016,,02-351-7944,서울특별시 은평구청,2026-02-26
갈현2동,1,갈현로 249,450-25,37.6192850000,126.9153370000,2016,,02-351-7944,서울특별시 은평구청,2026-02-26
갈현2동,1,연서로17길 33,489-15,37.6134680000,126.9138020000,2016,,02-351-7944,서울특별시 은평구청,2026-02-26
갈현2동,1,갈현로27길 44-6,228-74,37.6198390000,126.9109000000,,,02-351-7944,서울특별시 은평구청,2026-02-26
갈현2동,1,서오릉로 162,469-6,37.6126980000,126.9153420000,2016,,02-351-7944,서울특별시 은평구청,2026-02-26
갈현2동,1,연서로27길 36-3,451-20,37.6191180000,126.9158610000,2016,,02-351-7944,서울특별시 은평구청,2026-02-26
갈현2동,1,연서로27길 36-11,451-8,37.6194630000,126.9160940000,2016,,02-351-7944,서울특별시 은평구청,2026-02-26
갈현2동,1,연서로27길 36-17,451-19,37.6197350000,126.9162820000,2016,,02-351-7944,서울특별시 은평구청,2026-02-26
갈현2동,1,연서로27길 13-6,483-3,37.6179180000,126.9175770000,2016,,02-351-7944,서울특별시 은평구청,2026-02-26
갈현2동,1,연서로27길 13-16,483-12,37.6172840000,126.9172130000,2016,,02-351-7944,서울특별시 은평구청,2026-02-26
갈현2동,1,서오릉로 210,527-3,37.6144030000,126.9106060000,2016,,02-351-7944,서울특별시 은평구청,2026-02-26
갈현2동,1,갈현로29길 31,241-1,37.6207360000,126.9124730000,2016,,02-351-7944,서울특별시 은평구청,2026-02-26
갈현2동,1,서오릉로 216,527-14,37.6145493400,126.9100129000,,,02-351-7944,서울특별시 은평구청,2026-02-26
갈현2동,1,갈현로29길 26,242-2,37.6203990000,126.9130670000,2016,,02-351-7944,서울특별시 은평구청,2026-02-26
갈현2동,1,연서로25길 11-14,480-34,37.6164270000,126.9171680000,,,02-351-7944,서울특별시 은평구청,2026-02-26
갈현2동,1,연서로23길 12-9,480-44,37.6162616100,126.9169941000,2017,,02-351-7944,서울특별시 은평구청,2026-02-26
갈현2동,1,갈현로31길 10-5,447-8,37.6204159600,126.9148281000,,,02-351-7944,서울특별시 은평구청,2026-02-26
갈현2동,1,갈현로27길 40-7,228-7,37.6198019400,126.9114166000,,,02-351-7944,서울특별시 은평구청,2026-02-26
갈현2동,1,갈현로31길 22-1,243-15,37.6207730000,126.9135830000,2017,,02-351-7944,서울특별시 은평구청,2026-02-26
갈현2동,1,갈현로27길 38,228-90,37.6194197000,126.9114733000,2018,,02-351-7944,서울특별시 은평구청,2026-02-26
갈현2동,1,연서로25길 14-9,481-10,37.6174540000,126.9181050000,2017,,02-351-7944,서울특별시 은평구청,2026-02-26
갈현2동,1,연서로 17길 34-11,491-30,37.6139944700,126.9139010000,,,02-351-7944,서울특별시 은평구청,2026-02-26
갈현2동,1,갈현로29길 51-49,267-63,37.6220321000,126.9106247000,,,02-351-7944,서울특별시 은평구청,2026-02-26
갈현2동,1,갈현로31길 20-11,244-22,37.6139850000,126.9142020000,2019,,02-351-7944,서울특별시 은평구청,2026-02-26
갈현2동,1,서오릉로20길 20-1,327-135,37.6171558700,126.9095737000,,,02-351-7944,서울특별시 은평구청,2026-02-26
갈현2동,1,갈현로23길 42-9,228-53,37.6189091500,126.9107167000,,,02-351-7944,서울특별시 은평구청,2026-02-26
갈현2동,1,서오릉로 178-1,489-19,37.6132195500,126.9140190000,2021,,02-351-7944,서울특별시 은평구청,2026-02-26
갈현2동,1,갈현로27길 37-7,523-80,37.6177750000,126.9108960000,2019,,02-351-7944,서울특별시 은평구청,2026-02-26
갈현2동,1,연서로19길 14,475-19,37.6139490900,126.9161353000,2021,,02-351-7944,서울특별시 은평구청,2026-02-26
갈현2동,1,연서로25길 17-37,480-25,37.6162468000,126.9162152000,,,02-351-7944,서울특별시 은평구청,2026-02-26
갈현2동,1,갈현로19길 9,509-1,37.6152283900,126.9118049000,,,02-351-7944,서울특별시 은평구청,2026-02-26
갈현2동,1,갈현로33길 36-3,268-52,37.6219047500,126.9125423000,2020,,02-351-7944,서울특별시 은평구청,2026-02-26
갈현2동,1,갈현로19길 3-1,507-2,37.6151139400,126.9122928000,2020,,02-351-7944,서울특별시 은평구청,2026-02-26
갈현2동,1,연서로23길 12-9,480-44,37.6162616100,126.9169941000,2022,,02-351-7944,서울특별시 은평구청,2026-02-26
갈현2동,1,연서로17길 40-15,490-2,37.6145154400,126.9135627000,2022,,02-351-7944,서울특별시 은평구청,2026-02-26
갈현2동,1,연서로17길 40-3,490-10,37.6139815400,126.9133647000,2022,,02-351-7944,서울특별시 은평구청,2026-02-26
갈현2동,1,갈현로19길 15,526-9,37.6153935100,126.9110288000,2022,,02-351-7944,서울특별시 은평구청,2026-02-26
갈현2동,1,,527-11,,,2023,,02-351-7944,서울특별시 은평구청,2026-02-26
갈현2동,1,연서로19길 16-6,475-5,37.6142041100,126.9159288000,2023,,02-351-7944,서울특별시 은평구청,2026-02-26
갈현2동,1,갈현로29길 52,266-2,37.6223430000,126.9118040000,2008,,02-351-7944,서울특별시 은평구청,2026-02-26
갈현2동,1,#REF!,#REF!,,,,,02-351-7944,서울특별시 은평구청,2026-02-26
갈현2동,1,갈현로29길 27,240-1,37.6197360000,126.9124540000,2019,,02-351-7944,서울특별시 은평구청,2026-02-26
갈현2동,1,갈현로29길 51-8,267-119,37.6225240000,126.9109740000,2018,,02-351-7944,서울특별시 은평구청,2026-02-26
갈현2동,1,갈현로29길 51-10,267-55,37.6175830000,126.9154750000,,,02-351-7944,서울특별시 은평구청,2026-02-26
갈현2동,1,갈현로33길 9,449-22,37.6205080000,126.9150700000,2018,,02-351-7944,서울특별시 은평구청,2026-02-26
갈현2동,1,갈현로27길 42-4,282-12,37.6180450000,126.9167370000,,,02-351-7944,서울특별시 은평구청,2026-02-26
갈현2동,1,갈현로29길 44,228-48,37.6218620000,126.9118573000,,,02-351-7944,서울특별시 은평구청,2026-02-26
갈현2동,1,갈현로23길 46,228-28,37.6188684800,126.9099648000,,,02-351-7944,서울특별시 은평구청,2026-02-26
갈현2동,1,연서로17길 34-3,491-19,37.6137844600,126.9138166000,,,02-351-7944,서울특별시 은평구청,2026-02-26
갈현2동,1,갈현로 206,496-1,37.6158042200,126.9137674000,2022,,02-351-7944,서울특별시 은평구청,2026-02-26
갈현2동,1,서오릉로18길 33-9,522-54,37.6172862100,126.9110164000,,,02-351-7944,서울특별시 은평구청,2026-02-26
갈현2동,1,갈현로27길 42-1,228-77,37.6196040000,126.9108810000,2007,,02-351-7944,서울특별시 은평구청,2026-02-26
갈현2동,1,연서로29길 7-2,455-20,37.6187160000,126.9191520000,2012,,02-351-7944,서울특별시 은평구청,2026-02-26
갈현2동,1,갈현로33길 9,449-22,37.6206048100,126.9151268000,,,02-351-7944,서울특별시 은평구청,2026-02-26
갈현2동,1,갈현로23길 9-4,511-8,37.6163899900,126.9127726000,,,02-351-7944,서울특별시 은평구청,2026-02-26
갈현2동,1,갈현로25길 3-1,505-1,37.6169872300,126.9141498000,2021,,02-351-7944,서울특별시 은평구청,2026-02-26
갈현2동,1,갈현로23길 42-8,523-41,37.6187470000,126.9107920000,2019,,02-351-7944,서울특별시 은평구청,2026-02-26
갈현2동,1,갈현로 181-12,507-17,37.6147746500,126.9121205000,2021,,02-351-7944,서울특별시 은평구청,2026-02-26
갈현2동,1,연서로27길 23,110-4,37.6184010100,126.9169835000,2020,,02-351-7944,서울특별시 은평구청,2026-02-26
갈현2동,1,연서로25길 6-5,481-7,37.6169305300,126.9179819000,2020,,02-351-7944,서울특별시 은평구청,2026-02-26
갈현2동,1,갈현로33길 29-10,256-13,37.6215170900,126.9128569000,,,02-351-7944,서울특별시 은평구청,2026-02-26
갈현2동,1,서오릉로18길 33-28,522-64,37.6178636900,126.9102711000,2023,,02-351-7944,서울특별시 은평구청,2026-02-26
갈현2동,1,서오릉로18길 33-31,522-15,37.6177743200,126.9102181000,2022,,02-351-7944,서울특별시 은평구청,2026-02-26
갈현2동,1,서오릉로20길 16,527-11,37.6168295900,126.9094674000,2023,,02-351-7944,서울특별시 은평구청,2026-02-26
갈현2동,1,,327-93,,,2023,,02-351-7944,서울특별시 은평구청,2026-02-26
갈현2동,1,서오릉로20길 20-1,327-135,37.6171558700,126.9095737000,2023,,02-351-7944,서울특별시 은평구청,2026-02-26
갈현2동,1,갈현로33길 27,255,37.6213876200,126.9134551000,2023,,02-351-7944,서울특별시 은평구청,2026-02-26
갈현2동,1,연서로17길 39-1,489-7,37.6137456600,126.9131425000,2023,,02-351-7944,서울특별시 은평구청,2026-02-26
갈현2동,1,연서로17길 45-1,498-7,37.6139165700,126.9124925000,2023,,02-351-7944,서울특별시 은평구청,2026-02-26
갈현2동,1,연서로17길 45-1,498-7,37.6139165700,126.9124925000,2023,,02-351-7944,서울특별시 은평구청,2026-02-26
갈현2동,1,갈현로27길 5-1,504-8,37.6181341600,126.9143634000,2023,,02-351-7944,서울특별시 은평구청,2026-02-26
갈현2동,1,서오릉로18길 34,520-22,37.6171601000,126.9115089000,,,02-351-7944,서울특별시 은평구청,2026-02-26
갈현2동,1,서오릉로18길 13-5,327-57,37.6157483100,126.9104048000,,,02-351-7944,서울특별시 은평구청,2026-02-26
갈현2동,1,갈현로25길 19,514-1,37.6176844200,126.9127194000,2023,,02-351-7944,서울특별시 은평구청,2026-02-26
갈현2동,1,연서로17길 28,472-20,37.6134906200,126.9143971000,2023,,02-351-7944,서울특별시 은평구청,2026-02-26
갈현2동,1,연서로21길 23-5,473-6,37.6148326900,126.9152080000,2023,,02-351-7944,서울특별시 은평구청,2026-02-26
갈현2동,1,갈현로23길 36,523-71,37.6182210000,126.9109190000,2024,,02-351-7944,서울특별시 은평구청,2026-02-26
갈현2동,1,갈현로19길 13-3,529-3,37.6152384000,126.9110862000,2024,,02-351-7944,서울특별시 은평구청,2026-02-26
갈현2동,1,서오릉로18길 6-13,529-36,37.6149191400,126.9107529000,2024,,02-351-7944,서울특별시 은평구청,2026-02-26
갈현2동,1,서오릉로20길 14,327-86,37.6166285600,126.9093988000,2024,,02-351-7944,서울특별시 은평구청,2026-02-26
갈현2동,1,연서로19길 44,496-10,37.6149652500,126.9131102000,2024,,02-351-7944,서울특별시 은평구청,2026-02-26
갈현2동,1,갈현로23길 37,522-40,37.6182723100,126.9106510000,2024,,02-351-7944,서울특별시 은평구청,2026-02-26
갈현2동,1,연서로 199,460-23,37.6166045500,126.9186618000,2024,,02-351-7944,서울특별시 은평구청,2026-02-26
갈현2동,1,연서로25길 21,136-2,37.6172665100,126.9166006000,2024,,02-351-7944,서울특별시 은평구청,2026-02-26
갈현2동,1,연서로25길 17-8,485-3,37.6169068900,126.9166174000,2024,,02-351-7944,서울특별시 은평구청,2026-02-26
갈현2동,1,갈현로23길 6-2,505-10,37.6163723400,126.9134973000,2024,,02-351-7944,서울특별시 은평구청,2026-02-26
갈현2동,1,연서로19길 22-9,473-23,37.6146219500,126.9154571000,2024,,02-351-7944,서울특별시 은평구청,2026-02-26
갈현2동,1,갈현로33길 36-27,274-44,37.6227462700,126.9117311000,2024,,02-351-7944,서울특별시 은평구청,2026-02-26
갈현2동,1,연서로27길 8-7,455-9,37.6181288400,126.9188551000,2024,,02-351-7944,서울특별시 은평구청,2026-02-26
갈현2동,1,연서로213,456-28,37.6176867700,126.9193704000,2024,,02-351-7944,서울특별시 은평구청,2026-02-26
갈현2동,1,연서로27길 31-6,502-3,37.6185004600,126.9158787000,,,02-351-7944,서울특별시 은평구청,2026-02-26
갈현2동,1,연서로27길 31-6,502-3,37.6186050000,126.9158340000,,,02-351-7944,서울특별시 은평구청,2026-02-26
갈현2동,1,연서로21길 16-1,477-37,37.6149797100,126.9160458000,2024,,02-351-7944,서울특별시 은평구청,2026-02-26
갈현2동,1,연서로21길 7-1,466-1,37.6145257600,126.9167566000,2024,,02-351-7944,서울특별시 은평구청,2026-02-26
갈현2동,1,연서로19길 12,466-19,37.6138910400,126.9162319000,2024,,02-351-7944,서울특별시 은평구청,2026-02-26
갈현2동,1,연서로17길 34-17,491-8,37.6143740000,126.9141472000,2024,,02-351-7944,서울특별시 은평구청,2026-02-26
갈현2동,1,갈현로27길 42-1,228-77,37.6196350700,126.9108878000,,,02-351-7944,서울특별시 은평구청,2026-02-26
갈현2동,1,갈현로27길 44-8,228-73,37.6199290000,126.9109780000,2011,,02-351-7944,서울특별시 은평구청,2026-02-26
갈현2동,1,서오릉로18길 33-10,522-23,37.6173530000,126.9110160000,2017,,02-351-7944,서울특별시 은평구청,2026-02-26
갈현2동,1,갈현로21길 13,510-17,37.6160756000,126.9120166000,,,02-351-7944,서울특별시 은평구청,2026-02-26
갈현2동,1,갈현로 191,507-9,37.6148250000,126.9123780000,2008,,02-351-7944,서울특별시 은평구청,2026-02-26
갈현2동,1,서오릉로22길 16-1,303-5,37.6174600000,126.9079900000,2006,,02-351-7944,서울특별시 은평구청,2026-02-26
갈현2동,1,서오릉로20길 8-10,327-27,37.6158155000,126.9095463000,2020,,02-351-7944,서울특별시 은평구청,2026-02-26
갈현2동,1,서오릉로 237-14,329-5,37.6159025400,126.9074836000,2024,,02-351-7944,서울특별시 은평구청,2026-02-26
갈현2동,1,서오릉로24길 3,326-58,37.6174690000,126.9070610000,2019,,02-351-7944,서울특별시 은평구청,2026-02-26
갈현2동,1,서오릉로24길 18,227-33,37.6183617500,126.9073733000,2021,,02-351-7944,서울특별시 은평구청,2026-02-26
갈현2동,1,서오릉로22길 27,227-56,37.6183750000,126.9075350000,2011,,02-351-7944,서울특별시 은평구청,2026-02-26
갈현2동,1,서오릉로22길 26,227-39,37.6182690000,126.9077740000,2012,,02-351-7944,서울특별시 은평구청,2026-02-26
갈현2동,1,서오릉로22길 21,227-52,37.6177630000,126.9076800000,2007,,02-351-7944,서울특별시 은평구청,2026-02-26
갈현2동,1,서오릉로22길 19,227-51,37.6176852700,126.9078055000,2011,,02-351-7944,서울특별시 은평구청,2026-02-26
갈현2동,1,서오릉로22길 19,227-51,37.6176380000,126.9077150000,2011,,02-351-7944,서울특별시 은평구청,2026-02-26
갈현2동,1,서오릉로22길 11,303-24,37.6170439200,126.9079772000,2021,,02-351-7944,서울특별시 은평구청,2026-02-26
갈현2동,1,서오릉로22길 9,303-25,37.6169910000,126.9079400000,2018,,02-351-7944,서울특별시 은평구청,2026-02-26
갈현2동,1,연서로27길 8-7,455-9,37.6183110000,126.9191800000,2007,,02-351-7944,서울특별시 은평구청,2026-02-26
갈현2동,1,서오릉로22길 9-7,326-7,37.6169780000,126.9074530000,2006,,02-351-7944,서울특별시 은평구청,2026-02-26
갈현2동,1,서오릉로24길 4,326-38,37.6173692200,126.9071830000,2021,,02-351-7944,서울특별시 은평구청,2026-02-26
갈현2동,1,서오릉로 254-5,326-36,37.6172650000,126.9073920000,2006,,02-351-7944,서울특별시 은평구청,2026-02-26
갈현2동,1,서오릉로 254-3,326-37,37.6171470000,126.9072350000,2018,,02-351-7944,서울특별시 은평구청,2026-02-26
갈현2동,1,서오릉로22길 7,326-25,37.6167504900,126.9080272000,2021,,02-351-7944,서울특별시 은평구청,2026-02-26
갈현2동,1,서오릉로22길 2,329-9,37.6162440000,126.9080080000,2018,,02-351-7944,서울특별시 은평구청,2026-02-26
갈현2동,1,서오릉로22길 7-4,326-26,37.6166650000,126.9077070000,2006,,02-351-7944,서울특별시 은평구청,2026-02-26
갈현2동,1,서오릉로20길 3-2,327-101,37.6160140000,126.9084530000,2011,,02-351-7944,서울특별시 은평구청,2026-02-26
갈현2동,1,서오릉로20길 3,327-102,37.6159217100,126.9087973000,,,02-351-7944,서울특별시 은평구청,2026-02-26
갈현2동,1,서오릉로 232,327-13,37.6155940000,126.9088440000,2019,,02-351-7944,서울특별시 은평구청,2026-02-26
갈현2동,1,서오릉로20길 5-5,327-99,37.6160510000,126.9086450000,2005,,02-351-7944,서울특별시 은평구청,2026-02-26
갈현2동,1,서오릉로24길 8-1,303-27,37.6173156100,126.9076225000,2021,,02-351-7944,서울특별시 은평구청,2026-02-26
갈현2동,1,서오릉로20길 8,327-132,37.6158840000,126.9090660000,2011,,02-351-7944,서울특별시 은평구청,2026-02-26
갈현2동,1,서오릉로20길 9,327-96,37.6163070000,126.9090260000,2008,,02-351-7944,서울특별시 은평구청,2026-02-26
갈현2동,1,서오릉로20길 10,327-78,37.6162200000,126.9093330000,2008,,02-351-7944,서울특별시 은평구청,2026-02-26
갈현2동,1,서오릉로20길 14,327-86,37.6165910000,126.9094520000,2008,,02-351-7944,서울특별시 은평구청,2026-02-26
갈현2동,1,서오릉로20길 16-4,327-85,37.6165470000,126.9096120000,2007,,02-351-7944,서울특별시 은평구청,2026-02-26
갈현2동,1,서오릉로24길 10,227-59,37.6176730000,126.9076020000,2008,,02-351-7944,서울특별시 은평구청,2026-02-26
갈현2동,1,서오릉로24길 9,326-31,37.6175790000,126.9072070000,2006,,02-351-7944,서울특별시 은평구청,2026-02-26
갈현2동,1,서오릉로24길 15-1,227-45,37.6181370000,126.9071420000,2006,,02-351-7944,서울특별시 은평구청,2026-02-26
갈현2동,1,서오릉로24길 17,227-44,37.6183170000,126.9071280000,2005,,02-351-7944,서울특별시 은평구청,2026-02-26
갈현2동,1,서오릉로24길 17-2,227-34,37.6185670000,126.9069200000,2010,,02-351-7944,서울특별시 은평구청,2026-02-26
갈현2동,1,서오릉로 258,540,37.6178360000,126.9067040000,2016,,02-351-7944,서울특별시 은평구청,2026-02-26
구산동,1,연서로 133-2,01월 06일,37.6108990000,126.9166600000,2007,,02-351-7944,서울특별시 은평구청,2026-02-26
구산동,1,서오릉로 149-14,2-31,37.6104750000,126.9165530000,2007,,02-351-7944,서울특별시 은평구청,2026-02-26
구산동,1,연서로15길 8,01월 31일,37.6106240000,126.9160630000,2007,,02-351-7944,서울특별시 은평구청,2026-02-26
구산동,1,서오릉로 145,01월 28일,37.6109680000,126.9162510000,2005,,02-351-7944,서울특별시 은평구청,2026-02-26
구산동,1,서오릉로 149-14,2-31,37.6111790000,126.9157380000,2016,,02-351-7944,서울특별시 은평구청,2026-02-26
구산동,1,서오릉로13길 20-11,10월 05일,37.6113810000,126.9122240000,2019,,02-351-7944,서울특별시 은평구청,2026-02-26
구산동,1,서오릉로 157-8,03월 10일,37.6115460000,126.9154950000,2016,,02-351-7944,서울특별시 은평구청,2026-02-26
구산동,1,서오릉로11길 3-1,3-49,37.6118880000,126.9153650000,2017,,02-351-7944,서울특별시 은평구청,2026-02-26
구산동,1,서오릉로11길 5-4,03월 09일,37.6116080000,126.9153700000,2007,,02-351-7944,서울특별시 은평구청,2026-02-26
구산동,1,서오릉로11길 9-5,03월 12일,37.6114820000,126.9153150000,2016,,02-351-7944,서울특별시 은평구청,2026-02-26
구산동,1,서오릉로 157-21,02월 07일,37.6111320000,126.9155240000,2016,,02-351-7944,서울특별시 은평구청,2026-02-26
구산동,1,연서로15길 12,02월 27일,37.6107550000,126.9156880000,2019,,02-351-7944,서울특별시 은평구청,2026-02-26
구산동,1,연서로15길 12-8,02월 08일,37.6110980000,126.9156830000,2016,,02-351-7944,서울특별시 은평구청,2026-02-26
구산동,1,연서로15길 16,03월 31일,37.6108790000,126.9153910000,2019,,02-351-7944,서울특별시 은평구청,2026-02-26
구산동,1,연서로15길 16-1,3-32,37.6110910000,126.9149240000,2019,,02-351-7944,서울특별시 은평구청,2026-02-26
구산동,1,서오릉로11길 14,06월 17일,37.6111770000,126.9145490000,2019,,02-351-7944,서울특별시 은평구청,2026-02-26
구산동,1,서오릉로11길 10,05월 10일,37.6116210000,126.9147800000,2019,,02-351-7944,서울특별시 은평구청,2026-02-26
구산동,1,서오릉로11길 5,03월 05일,37.6120100000,126.9149670000,2019,,02-351-7944,서울특별시 은평구청,2026-02-26
구산동,1,서오릉로13길 3-13,198-5,37.6121823600,126.9146488000,2012,,02-351-7944,서울특별시 은평구청,2026-02-26
구산동,1,서오릉로13길 3-5,198-13,37.6122874200,126.9141243000,2008,,02-351-7944,서울특별시 은평구청,2026-02-26
구산동,1,서오릉로13길 4,199-7,37.6125416900,126.9136837000,2008,,02-351-7944,서울특별시 은평구청,2026-02-26
구산동,1,서오릉로13길 10,215-18,37.6121220000,126.9133690000,2007,,02-351-7944,서울특별시 은평구청,2026-02-26
구산동,1,서오릉로13길 9-1,220-9,37.6119540000,126.9137450000,2016,,02-351-7944,서울특별시 은평구청,2026-02-26
구산동,1,서오릉로13길 9-17,05월 07일,37.6117250000,126.9143480000,2016,,02-351-7944,서울특별시 은평구청,2026-02-26
구산동,1,서오릉로11길 10,05월 09일,37.6116290000,126.9146220000,2016,,02-351-7944,서울특별시 은평구청,2026-02-26
구산동,1,연서로15길 24-2,06월 14일,37.6113830000,126.9143650000,2008,,02-351-7944,서울특별시 은평구청,2026-02-26
구산동,1,연서로15길 26-1,06월 22일,37.6113800000,126.9140590000,2016,,02-351-7944,서울특별시 은평구청,2026-02-26
구산동,1,연서로15길 27-2,7-54,37.6111320000,126.9135870000,2006,,02-351-7944,서울특별시 은평구청,2026-02-26
구산동,1,연서로15길 30-1,219-12,37.6115750000,126.9136600000,2016,,02-351-7944,서울특별시 은평구청,2026-02-26
구산동,1,연서로15길 35,217-17,37.6115590000,126.9129690000,2007,,02-351-7944,서울특별시 은평구청,2026-02-26
구산동,1,연서로 129,01월 15일,37.6105070300,126.9167492000,,,02-351-7944,서울특별시 은평구청,2026-02-26
구산동,1,서오릉로13길 23,9-35,37.6107740000,126.9128670000,2008,,02-351-7944,서울특별시 은평구청,2026-02-26
구산동,1,연서로13길 23-7,7-46,37.6108700000,126.9134210000,2016,,02-351-7944,서울특별시 은평구청,2026-02-26
구산동,1,연서로13길 23-10,09월 26일,37.6105600000,126.9131080000,2006,,02-351-7944,서울특별시 은평구청,2026-02-26
구산동,1,연서로15길 23-7,07월 15일,37.6107793700,126.9139576000,2006,,02-351-7944,서울특별시 은평구청,2026-02-26
구산동,1,연서로15길 22-2,07월 17일,37.6106130000,126.9139340000,2016,,02-351-7944,서울특별시 은평구청,2026-02-26
구산동,1,서오릉로 157-19,2-32,37.6112500000,126.9156240000,2016,,02-351-7944,서울특별시 은평구청,2026-02-26
구산동,1,연서로15길 25,07월 24일,37.6111935900,126.9140880000,2006,,02-351-7944,서울특별시 은평구청,2026-02-26
구산동,1,서오릉로11길 20,07월 04일,37.6107790000,126.9143280000,2019,,02-351-7944,서울특별시 은평구청,2026-02-26
구산동,1,서오릉로11길 20-1,07월 05일,37.6106690000,126.9141830000,2019,,02-351-7944,서울특별시 은평구청,2026-02-26
구산동,1,서오릉로11길 24,09월 01일,37.6103800000,126.9141080000,2019,,02-351-7944,서울특별시 은평구청,2026-02-26
구산동,1,서오릉로11길 26,09월 09일,37.6102350000,126.9140300000,2019,,02-351-7944,서울특별시 은평구청,2026-02-26
구산동,1,연서로13길 20,9-50,37.6099550000,126.9138650000,2004,,02-351-7944,서울특별시 은평구청,2026-02-26
구산동,1,연서로13길 15,06월 19일,37.6095890000,126.9142440000,2004,,02-351-7944,서울특별시 은평구청,2026-02-26
구산동,1,연서로13길 13-1,20-45,37.6094660000,126.9145970000,2004,,02-351-7944,서울특별시 은평구청,2026-02-26
구산동,1,연서로13길 9,20-42,37.6093600000,126.9148930000,2004,,02-351-7944,서울특별시 은평구청,2026-02-26
구산동,1,연서로13길 5,03월 21일,37.6092200000,126.9152570000,2004,,02-351-7944,서울특별시 은평구청,2026-02-26
구산동,1,연서로13길 22-1,9-48,37.6100430000,126.9136250000,2004,,02-351-7944,서울특별시 은평구청,2026-02-26
구산동,1,연서로13길 24-1,9-43,37.6102830000,126.9132930000,2017,,02-351-7944,서울특별시 은평구청,2026-02-26
구산동,1,연서로13길 28,09월 17일,37.6102270000,126.9131020000,2004,,02-351-7944,서울특별시 은평구청,2026-02-26
구산동,1,연서로13길 32,9-41,37.6103490000,126.9126470000,2004,,02-351-7944,서울특별시 은평구청,2026-02-26
구산동,1,서오릉로13길 25,9-37,37.6106390000,126.9128010000,2008,,02-351-7944,서울특별시 은평구청,2026-02-26
구산동,1,갈현로 154-4,11월 02일,37.6114490000,126.9116694000,,,02-351-7944,서울특별시 은평구청,2026-02-26
구산동,1,갈현로 154-25,10월 24일,37.6108410000,126.9122890000,2004,,02-351-7944,서울특별시 은평구청,2026-02-26
구산동,1,갈현로 154-17,10월 10일,37.6110470000,126.9121610000,2004,,02-351-7944,서울특별시 은평구청,2026-02-26
구산동,1,갈현로 154-9,10-38,37.6112890000,126.9120330000,2004,,02-351-7944,서울특별시 은평구청,2026-02-26
구산동,1,연서로15길 45-1,217-3,37.6117580000,126.9120490000,2016,,02-351-7944,서울특별시 은평구청,2026-02-26
구산동,1,서오릉로13길 20-10,217-8,37.6116070000,126.9123340000,2008,,02-351-7944,서울특별시 은평구청,2026-02-26
구산동,1,서오릉로13길 20-6,217-15,37.6114200000,126.9125290000,2019,,02-351-7944,서울특별시 은평구청,2026-02-26
구산동,1,갈현로15길,173-24,37.6079990000,126.9070070000,2018,,02-351-7944,서울특별시 은평구청,2026-02-26
구산동,1,연서로15길 35,217-17,37.6115590000,126.9129690000,2019,,02-351-7944,서울특별시 은평구청,2026-02-26
구산동,1,연서로15길 37-2,217-25,37.6115850000,126.9128100000,2008,,02-351-7944,서울특별시 은평구청,2026-02-26
구산동,1,연서로15길 39,217-22,37.6116560000,126.9126850000,2016,,02-351-7944,서울특별시 은평구청,2026-02-26
구산동,1,연서로15길 42,216-20,37.6119420000,126.9124200000,2016,,02-351-7944,서울특별시 은평구청,2026-02-26
구산동,1,연서로15길 42-1,216-26,37.6121300000,126.9123150000,2008,,02-351-7944,서울특별시 은평구청,2026-02-26
구산동,1,갈현로11길 12-9,177-68,37.6057110000,126.9090110000,2008,,02-351-7944,서울특별시 은평구청,2026-02-26
구산동,1,연서로15길 48-1,213-11,37.6121160000,126.9117380000,2016,,02-351-7944,서울특별시 은평구청,2026-02-26
구산동,1,갈현로 170-1,200-7,37.6131080000,126.9119160000,2008,,02-351-7944,서울특별시 은평구청,2026-02-26
구산동,1,갈현로 170-3,200-6,37.6129920000,126.9120310000,2005,,02-351-7944,서울특별시 은평구청,2026-02-26
구산동,1,연서로15길 46-10,215-22,37.6126240000,126.9121830000,2016,,02-351-7944,서울특별시 은평구청,2026-02-26
구산동,1,연서로15길 46,216-11,37.6122910000,126.9121770000,2016,,02-351-7944,서울특별시 은평구청,2026-02-26
구산동,1,연서로15길 2,01월 16일,37.6104750000,126.9165530000,2019,,02-351-7944,서울특별시 은평구청,2026-02-26
구산동,1,연서로15길 40-5,216-17,37.6121150000,126.9126890000,2016,,02-351-7944,서울특별시 은평구청,2026-02-26
구산동,1,서오릉로13길 6-2,199-21,37.6126260000,126.9133730000,2005,,02-351-7944,서울특별시 은평구청,2026-02-26
구산동,1,서오릉로13길 6-8,199-15,37.6127290000,126.9128050000,2007,,02-351-7944,서울특별시 은평구청,2026-02-26
구산동,1,서오릉로13길 6-14,199-13,37.6128780000,126.9123950000,2005,,02-351-7944,서울특별시 은평구청,2026-02-26
구산동,1,서오릉로 189-1,200-5,37.6131190000,126.9120860000,2005,,02-351-7944,서울특별시 은평구청,2026-02-26
구산동,1,연서로13길 38,11월 20일,37.6104690000,126.9119770000,2016,,02-351-7944,서울특별시 은평구청,2026-02-26
구산동,1,연서로13길 40,11월 23일,37.6104930000,126.9116590000,2016,,02-351-7944,서울특별시 은평구청,2026-02-26
구산동,1,갈현로 134-4,16-43,37.6097360000,126.9116250000,2016,,02-351-7944,서울특별시 은평구청,2026-02-26
구산동,1,연서로13길 37-2,16-32,37.6100890000,126.9118350000,2016,,02-351-7944,서울특별시 은평구청,2026-02-26
구산동,1,연서로13길 37-5,10월 16일,37.6099490000,126.9122560000,2016,,02-351-7944,서울특별시 은평구청,2026-02-26
구산동,1,연서로11길 32-15,16-47,37.6096760000,126.9119660000,2016,,02-351-7944,서울특별시 은평구청,2026-02-26
구산동,1,연서로11길 32-14,16-89,37.6094430000,126.9121390000,2018,,02-351-7944,서울특별시 은평구청,2026-02-26
구산동,1,연서로11길 32-9,16-49,37.6094210000,126.9116860000,2016,,02-351-7944,서울특별시 은평구청,2026-02-26
구산동,1,연서로11길 32,16-26,37.6092880000,126.9119600000,2016,,02-351-7944,서울특별시 은평구청,2026-02-26
구산동,1,연서로11길 32,16-26,37.6092880000,126.9119600000,2005,,02-351-7944,서울특별시 은평구청,2026-02-26
구산동,1,연서로11길 36,16-60,37.6090760000,126.9114310000,2008,,02-351-7944,서울특별시 은평구청,2026-02-26
구산동,1,연서로11길 30,18-33,37.6087780000,126.9122620000,2007,,02-351-7944,서울특별시 은평구청,2026-02-26
구산동,1,연서로11길 30-6,07월 18일,37.6091940000,126.9124710000,2016,,02-351-7944,서울특별시 은평구청,2026-02-26
구산동,1,연서로11길 30-10,18-42,37.6093570000,126.9125480000,2016,,02-351-7944,서울특별시 은평구청,2026-02-26
구산동,1,연서로13길 29-12,16-16,37.6095720000,126.9124770000,2016,,02-351-7944,서울특별시 은평구청,2026-02-26
구산동,1,연서로13길 29-5,17-32,37.6099250000,126.9126530000,2016,,02-351-7944,서울특별시 은평구청,2026-02-26
구산동,1,연서로13길 29,17-31,37.6101150000,126.9126620000,2016,,02-351-7944,서울특별시 은평구청,2026-02-26
구산동,1,연서로13길 72-2,17-29,37.6099630000,126.9128110000,2007,,02-351-7944,서울특별시 은평구청,2026-02-26
구산동,1,연서로13길 25-3,17-16,37.6097690000,126.9132220000,2017,,02-351-7944,서울특별시 은평구청,2026-02-26
구산동,1,연서로13길 21-2,12월 17일,37.6097970000,126.9133800000,2018,,02-351-7944,서울특별시 은평구청,2026-02-26
구산동,1,연서로13길 19-6,04월 17일,37.6095560000,126.9136210000,2019,,02-351-7944,서울특별시 은평구청,2026-02-26
구산동,1,연서로13길 19-10,17-42,37.6095440000,126.9133160000,2006,,02-351-7944,서울특별시 은평구청,2026-02-26
구산동,1,연서로11길 20-18,19-16,37.6092340000,126.9138640000,2019,,02-351-7944,서울특별시 은평구청,2026-02-26
구산동,1,연서로11길 20-18앞,19-21,37.6091320000,126.9136050000,2008,,02-351-7944,서울특별시 은평구청,2026-02-26
구산동,1,연서로11길 20-24,19-19,37.6087720000,126.9136210000,2008,,02-351-7944,서울특별시 은평구청,2026-02-26
구산동,1,연서로11길 20-6,19-24,37.6088520000,126.9134620000,2019,,02-351-7944,서울특별시 은평구청,2026-02-26
구산동,1,갈현로 144-4,11월 22일,37.6106370000,126.9116800000,2006,,02-351-7944,서울특별시 은평구청,2026-02-26
구산동,1,연서로13길 29-3,17-15,37.6097050000,126.9131660000,2019,,02-351-7944,서울특별시 은평구청,2026-02-26
구산동,1,연서로13길 29-5,17-55,37.6092710000,126.9130360000,2016,,02-351-7944,서울특별시 은평구청,2026-02-26
구산동,1,연서로13길 29-29,17-52,37.6095250000,126.9131690000,2005,,02-351-7944,서울특별시 은평구청,2026-02-26
구산동,1,연서로13길 29-18,05월 18일,37.6095310000,126.9128290000,2016,,02-351-7944,서울특별시 은평구청,2026-02-26
구산동,1,연서로11길 20,19-32,37.6085170000,126.9133080000,2010,,02-351-7944,서울특별시 은평구청,2026-02-26
구산동,1,연서로11길 22-1,18-46,37.6086580000,126.9129430000,2008,,02-351-7944,서울특별시 은평구청,2026-02-26
구산동,1,연서로11길 26-1,18-29,37.6088610000,126.9124990000,2005,,02-351-7944,서울특별시 은평구청,2026-02-26
구산동,1,연서로11길 28,09월 18일,37.6089510000,126.9125200000,2015,,02-351-7944,서울특별시 은평구청,2026-02-26
구산동,1,연서로11길 28,09월 18일,37.6092500000,126.9126970000,2015,,02-351-7944,서울특별시 은평구청,2026-02-26
구산동,1,연서로15길 28-2,06월 24일,37.6114870000,126.9139780000,2016,,02-351-7944,서울특별시 은평구청,2026-02-26
구산동,1,연서로11길 16,19-57,37.6084400000,126.9137390000,2008,,02-351-7944,서울특별시 은평구청,2026-02-26
구산동,1,연서로11길 12-7,19-48,37.6087100000,126.9137130000,2018,,02-351-7944,서울특별시 은평구청,2026-02-26
구산동,1,연서로13길 13-16,19-53,37.6089380000,126.9140610000,2010,,02-351-7944,서울특별시 은평구청,2026-02-26
구산동,1,연서로11길 6-11,20-27,37.6085540000,126.9144400000,2019,,02-351-7944,서울특별시 은평구청,2026-02-26
구산동,1,연서로11길 12-13,19-44,37.6090990000,126.9139450000,2017,,02-351-7944,서울특별시 은평구청,2026-02-26
구산동,1,연서로 13-4,03월 19일,37.6093640000,126.9142700000,2019,,02-351-7944,서울특별시 은평구청,2026-02-26
구산동,1,연서로15길 23-23,7-42,37.6107360000,126.9136270000,2016,,02-351-7944,서울특별시 은평구청,2026-02-26
구산동,1,연서로13길 13-2,02월 19일,37.6095360000,126.9143920000,2019,,02-351-7944,서울특별시 은평구청,2026-02-26
구산동,1,연서로13길 13-10,19-52,37.6111590000,126.9116160000,2019,,02-351-7944,서울특별시 은평구청,2026-02-26
구산동,1,연서로13길 5-10,04월 20일,37.6089980000,126.9147050000,2019,,02-351-7944,서울특별시 은평구청,2026-02-26
구산동,1,연서로11길 6-10,21-19,37.6085310000,126.9148710000,2016,,02-351-7944,서울특별시 은평구청,2026-02-26
구산동,1,연서로11길 6-3,20-28,37.6084380000,126.9145430000,2007,,02-351-7944,서울특별시 은평구청,2026-02-26
구산동,1,연서로11길 8,20-30,37.6082570000,126.9144330000,2019,,02-351-7944,서울특별시 은평구청,2026-02-26
구산동,1,연서로11길 2,21-42,37.6079980000,126.9147420000,2018,,02-351-7944,서울특별시 은평구청,2026-02-26
구산동,1,갈현로15길 27-4,173-1,37.6082240000,126.9069130000,2019,,02-351-7944,서울특별시 은평구청,2026-02-26
구산동,1,연서로13길 15-1,05월 19일,37.6094800000,126.9141770000,2019,,02-351-7944,서울특별시 은평구청,2026-02-26
구산동,1,연서로11길 10-2,20-27,37.6084910000,126.9143950000,2007,,02-351-7944,서울특별시 은평구청,2026-02-26
구산동,1,연서로11길 12,20-37,37.6083520000,126.9139670000,2005,,02-351-7944,서울특별시 은평구청,2026-02-26
구산동,1,연서로11길 11-5,11월 22일,37.6077030000,126.9139540000,2007,,02-351-7944,서울특별시 은평구청,2026-02-26
구산동,1,연서로11길 13-4,12월 23일,37.6080060000,126.9136100000,2010,,02-351-7944,서울특별시 은평구청,2026-02-26
구산동,1,연서로9길 12-1,05월 23일,37.6077350000,126.9135340000,2010,,02-351-7944,서울특별시 은평구청,2026-02-26
구산동,1,연서로15길 46,216-11,37.6122910000,126.9121770000,2016,,02-351-7944,서울특별시 은평구청,2026-02-26
구산동,1,연서로11길 19-9,08월 23일,37.6079400000,126.9132370000,2008,,02-351-7944,서울특별시 은평구청,2026-02-26
구산동,1,연서로9길 20-5,23-27,37.6079280000,126.9129200000,2008,,02-351-7944,서울특별시 은평구청,2026-02-26
구산동,1,갈현로16길 16-2,23-29,37.6080630000,126.9129630000,2005,,02-351-7944,서울특별시 은평구청,2026-02-26
구산동,1,연서로11길 29-12,24-13,37.6083930000,126.9125280000,2016,,02-351-7944,서울특별시 은평구청,2026-02-26
구산동,1,,산142-6,37.6117920000,126.9049690000,,,02-351-7944,서울특별시 은평구청,2026-02-26
구산동,1,연서로11길 29-5,24-51,37.6085700000,126.9122760000,2016,,02-351-7944,서울특별시 은평구청,2026-02-26
구산동,1,서오릉로21길 47,547,37.6117770000,126.9063170000,,,02-351-7944,서울특별시 은평구청,2026-02-26
구산동,1,갈현로11가길 9-16,177-44,37.6060830000,126.9073750000,,,02-351-7944,서울특별시 은평구청,2026-02-26
구산동,1,갈현로 120-7,24-22,37.6085920000,126.9116420000,2016,,02-351-7944,서울특별시 은평구청,2026-02-26
구산동,1,갈현로 120-2,24-81,37.6084160000,126.9111800000,2016,,02-351-7944,서울특별시 은평구청,2026-02-26
구산동,1,갈현로16길 4,25-15,37.6080560000,126.9112190000,2005,,02-351-7944,서울특별시 은평구청,2026-02-26
구산동,1,연서로11길 29-4,24-59,37.6084060000,126.9120070000,2005,,02-351-7944,서울특별시 은평구청,2026-02-26
구산동,1,갈현로16길 3-4,24-82,37.6083310000,126.9117480000,2006,,02-351-7944,서울특별시 은평구청,2026-02-26
구산동,1,갈현로16길 8,25-13,37.6080400000,126.9114350000,2016,,02-351-7944,서울특별시 은평구청,2026-02-26
구산동,1,,산142-6,37.6117920000,126.9049690000,,,02-351-7944,서울특별시 은평구청,2026-02-26
구산동,1,연서로13길 13-10,19-52,37.6090110000,126.9141050000,2010,,02-351-7944,서울특별시 은평구청,2026-02-26
구산동,1,갈현로16길 12,25-41,37.6079450000,126.9118660000,2016,,02-351-7944,서울특별시 은평구청,2026-02-26
구산동,1,갈현로16길 11-1,24-54,37.6082560000,126.9123830000,2005,,02-351-7944,서울특별시 은평구청,2026-02-26
구산동,1,갈현로16길 14-2,25-50,37.6078240000,126.9124010000,2016,,02-351-7944,서울특별시 은평구청,2026-02-26
구산동,1,갈현로16길 15,25-53,37.6078890000,126.9126600000,2008,,02-351-7944,서울특별시 은평구청,2026-02-26
구산동,1,연서로9길 22,25-57,37.6075380000,126.9126770000,2018,,02-351-7944,서울특별시 은평구청,2026-02-26
구산동,1,연서로9길 24,25-48,37.6075620000,126.9123700000,2013,,02-351-7944,서울특별시 은평구청,2026-02-26
구산동,1,연서로9길 30-3,25-36,37.6076460000,126.9117240000,2007,,02-351-7944,서울특별시 은평구청,2026-02-26
구산동,1,연서로9길 30,25-40,37.6075850000,126.9118940000,2013,,02-351-7944,서울특별시 은평구청,2026-02-26
구산동,1,연서로9길 34-1,12월 25일,37.6077620000,126.9115970000,2008,,02-351-7944,서울특별시 은평구청,2026-02-26
구산동,1,연서로9길 36,25-23,37.6075970000,126.9112940000,2013,,02-351-7944,서울특별시 은평구청,2026-02-26
구산동,1,연서로9길 6,21-56,37.6074920000,126.9145010000,2004,,02-351-7944,서울특별시 은평구청,2026-02-26
구산동,1,연서로11길 7-5,21-37,37.6076900000,126.9145200000,2016,,02-351-7944,서울특별시 은평구청,2026-02-26
구산동,1,연서로9길 20-7,23-32,37.6081140000,126.9135630000,2006,,02-351-7944,서울특별시 은평구청,2026-02-26
구산동,1,갈현로 169-6,202-20,37.6133790000,126.9109490000,2018,,02-351-7944,서울특별시 은평구청,2026-02-26
구산동,1,갈현로 169-6,202-20,37.6135760000,126.9108670000,2018,,02-351-7944,서울특별시 은평구청,2026-02-26
구산동,1,서오릉로15길 5-13,202-24,37.6136200000,126.9107300000,2018,,02-351-7944,서울특별시 은평구청,2026-02-26
구산동,1,서오릉로25길 4,305-,37.6173800000,126.9061790000,2009,,02-351-7944,서울특별시 은평구청,2026-02-26
구산동,1,연서로11길 15-8,23-17,37.6078780000,126.9133740000,,,02-351-7944,서울특별시 은평구청,2026-02-26
구산동,1,서오릉로15길 5-6,202-30,37.6135810000,126.9104250000,2019,,02-351-7944,서울특별시 은평구청,2026-02-26
구산동,1,서오릉로15길 5,202-38,37.6137570000,126.9099700000,2019,,02-351-7944,서울특별시 은평구청,2026-02-26
구산동,1,서오릉로15길 6-4,205-4,37.6138980000,126.9095710000,2019,,02-351-7944,서울특별시 은평구청,2026-02-26
구산동,1,서오릉로15길 6-10,365-,37.6141860000,126.9095440000,2008,,02-351-7944,서울특별시 은평구청,2026-02-26
구산동,1,서오릉로15길 6-13,206-7,37.6136160000,126.9093600000,2019,,02-351-7944,서울특별시 은평구청,2026-02-26
구산동,1,서오릉로13길 23-4,9-34,37.6106040000,126.9129720000,2016,,02-351-7944,서울특별시 은평구청,2026-02-26
구산동,1,서오릉로15길 16-5,147-5,37.6128760000,126.9092350000,2017,,02-351-7944,서울특별시 은평구청,2026-02-26
구산동,1,서오릉로15길 12-1,206-18,37.6132130000,126.9095920000,2019,,02-351-7944,서울특별시 은평구청,2026-02-26
구산동,1,갈현로11길 30,191-1,37.6051640000,126.9072860000,,,02-351-7944,서울특별시 은평구청,2026-02-26
구산동,1,서오릉로15길 10,206-20,37.6133480000,126.9096240000,2019,,02-351-7944,서울특별시 은평구청,2026-02-26
구산동,1,서오릉로15길 15-10,210-11,37.6131840000,126.9103970000,2018,,02-351-7944,서울특별시 은평구청,2026-02-26
구산동,1,서오릉로15길 15-6,210-25,37.6130850000,126.9103760000,2019,,02-351-7944,서울특별시 은평구청,2026-02-26
구산동,1,서오릉로21길 33-12,383-13,37.6128980000,126.9067200000,,,02-351-7944,서울특별시 은평구청,2026-02-26
구산동,1,갈현로17가길 5-4,210-4,37.6125980000,126.9103150000,2006,,02-351-7944,서울특별시 은평구청,2026-02-26
구산동,1,연서로11길 29,08월 24일,37.6087130000,126.9120590000,2008,,02-351-7944,서울특별시 은평구청,2026-02-26
구산동,1,서오릉로15길 6-6,205-5,37.6139410000,126.9094340000,2019,,02-351-7944,서울특별시 은평구청,2026-02-26
구산동,1,갈현로11길 46,192-1,37.6049390000,126.9063720000,2005,,02-351-7944,서울특별시 은평구청,2026-02-26
구산동,1,갈현로17가길 5,100-7,37.6120220000,126.9104140000,2008,,02-351-7944,서울특별시 은평구청,2026-02-26
구산동,1,갈현로17가길 5-1,210-5,37.6124000000,126.9103740000,2008,,02-351-7944,서울특별시 은평구청,2026-02-26
구산동,1,갈현로17가길 3-10,100-1,37.6123000000,126.9101950000,2019,,02-351-7944,서울특별시 은평구청,2026-02-26
구산동,1,갈현로17가길 3-6,100-6,37.6120920000,126.9101410000,2019,,02-351-7944,서울특별시 은평구청,2026-02-26
구산동,1,갈현로17가길 3-5,100-7,37.6120220000,126.9104140000,2018,,02-351-7944,서울특별시 은평구청,2026-02-26
구산동,1,갈현로17가길 3,03월 27일,37.6117980000,126.9105190000,2008,,02-351-7944,서울특별시 은평구청,2026-02-26
구산동,1,갈현로17길 8,27-51,37.6115430000,126.9102400000,2016,,02-351-7944,서울특별시 은평구청,2026-02-26
구산동,1,갈현로17길 17,159-3,37.6114970000,126.9091980000,2016,,02-351-7944,서울특별시 은평구청,2026-02-26
구산동,1,서오릉로15길 16,152-3,37.6121200000,126.9093020000,2019,,02-351-7944,서울특별시 은평구청,2026-02-26
구산동,1,갈현로17길 17,159-3,37.6114970000,126.9091980000,2016,,02-351-7944,서울특별시 은평구청,2026-02-26
구산동,1,서오릉로15길 16,152-3,37.6121200000,126.9093020000,2016,,02-351-7944,서울특별시 은평구청,2026-02-26
구산동,1,갈현로17길 27,159-10,37.6120210000,126.9083750000,2019,,02-351-7944,서울특별시 은평구청,2026-02-26
구산동,1,갈현로17길 27,159-10,37.6120210000,126.9083750000,2019,,02-351-7944,서울특별시 은평구청,2026-02-26
구산동,1,갈현로17길 27,159-10,37.6120210000,126.9083750000,2019,,02-351-7944,서울특별시 은평구청,2026-02-26
구산동,1,갈현로17길 26,산18-5,37.6122390000,126.9085650000,2019,,02-351-7944,서울특별시 은평구청,2026-02-26
구산동,1,갈현로17길 4,08월 14일,37.6115040000,126.9108630000,2006,,02-351-7944,서울특별시 은평구청,2026-02-26
구산동,1,갈현로17나길 3,14-18,37.6112400000,126.9105730000,2007,,02-351-7944,서울특별시 은평구청,2026-02-26
구산동,1,갈현로17나길 5,14-19,37.6111130000,126.9105180000,2008,,02-351-7944,서울특별시 은평구청,2026-02-26
구산동,1,갈현로17나길 9-1,14-26,37.6108450000,126.9107370000,2005,,02-351-7944,서울특별시 은평구청,2026-02-26
구산동,1,갈현로 143-1앞,14-23,37.6109650000,126.9110410000,2008,,02-351-7944,서울특별시 은평구청,2026-02-26
구산동,1,갈현로19나길 9,14-25,37.6108780000,126.9104760000,2008,,02-351-7944,서울특별시 은평구청,2026-02-26
구산동,1,갈현로17나길 11,14-32,37.6105810000,126.9104800000,2009,,02-351-7944,서울특별시 은평구청,2026-02-26
구산동,1,갈현로 139-2,14-31,37.6106290000,126.9107630000,2016,,02-351-7944,서울특별시 은평구청,2026-02-26
구산동,1,서오릉로21길 23,355-15,37.6140310000,126.9064540000,,,02-351-7944,서울특별시 은평구청,2026-02-26
구산동,1,갈현로17나길 36-8,182-1,37.6094450000,126.9094210000,,,02-351-7944,서울특별시 은평구청,2026-02-26
구산동,1,갈현로17나길 18,27-18,37.6099920000,126.9100920000,2008,,02-351-7944,서울특별시 은평구청,2026-02-26
구산동,1,갈현로17나길 19,15-20,37.6097690000,126.9103000000,2005,,02-351-7944,서울특별시 은평구청,2026-02-26
구산동,1,갈현로17나길 23-5,15-25,37.6092920000,126.9104310000,2019,,02-351-7944,서울특별시 은평구청,2026-02-26
구산동,1,갈현로17나길 25,15-29,37.6092090000,126.9102400000,2007,,02-351-7944,서울특별시 은평구청,2026-02-26
구산동,1,갈현로17나길 28,27-24,37.6089550000,126.9099600000,2016,,02-351-7944,서울특별시 은평구청,2026-02-26
구산동,1,갈현로 123-1,01월 26일,37.6089510000,126.9105950000,2008,,02-351-7944,서울특별시 은평구청,2026-02-26
구산동,1,갈현로17나길 36-8,182-14,37.6091040000,126.9096070000,2016,,02-351-7944,서울특별시 은평구청,2026-02-26
구산동,1,갈현로17나길 33,26-46,37.6087040000,126.9102020000,2008,,02-351-7944,서울특별시 은평구청,2026-02-26
구산동,1,갈현로17나길 33-1,26-30,37.6084520000,126.9101260000,2007,,02-351-7944,서울특별시 은평구청,2026-02-26
구산동,1,갈현로 119-1,11월 26일,37.6084910000,126.9104650000,2008,,02-351-7944,서울특별시 은평구청,2026-02-26
구산동,1,갈현로17나길 37,26-16,37.6082260000,126.9101180000,2007,,02-351-7944,서울특별시 은평구청,2026-02-26
구산동,1,연서로9길 12-1,05월 23일,37.6077350000,126.9135340000,,,02-351-7944,서울특별시 은평구청,2026-02-26
구산동,1,갈현로11가길 13-8,177-23,37.6065700000,126.9083190000,2007,,02-351-7944,서울특별시 은평구청,2026-02-26
구산동,1,갈현로15길 4,27-40,37.6077370000,126.9097860000,2013,,02-351-7944,서울특별시 은평구청,2026-02-26
구산동,1,갈현로15길 8,27-41,37.6076280000,126.9097640000,2013,,02-351-7944,서울특별시 은평구청,2026-02-26
구산동,1,갈현로15길 10-6,27-38,37.6080340000,126.9098380000,2007,,02-351-7944,서울특별시 은평구청,2026-02-26
구산동,1,갈현로17나길 40,27-33,37.6081520000,126.9098590000,2005,,02-351-7944,서울특별시 은평구청,2026-02-26
구산동,1,연서로13길 3,02월 21일,37.6091670000,126.9153820000,2008,,02-351-7944,서울특별시 은평구청,2026-02-26
구산동,1,갈현로17나길 36-5,188-48,37.6083370000,126.9094710000,2017,,02-351-7944,서울특별시 은평구청,2026-02-26
구산동,1,,386-,37.6123340000,126.9070570000,,,02-351-7944,서울특별시 은평구청,2026-02-26
구산동,1,갈현로17나길 30,27-24,37.6089550000,126.9099600000,2008,,02-351-7944,서울특별시 은평구청,2026-02-26
구산동,1,갈현로17나길 36-38,27-22,37.6095040000,126.9099410000,2008,,02-351-7944,서울특별시 은평구청,2026-02-26
구산동,1,갈현로17나길 22,27-21,37.6096940000,126.9100290000,2007,,02-351-7944,서울특별시 은평구청,2026-02-26
구산동,1,갈현로17나길 14뒤,27-15,37.6103620000,126.9101100000,2016,,02-351-7944,서울특별시 은평구청,2026-02-26
구산동,1,갈현로17나길 14,27-15,37.6103620000,126.9101100000,2005,,02-351-7944,서울특별시 은평구청,2026-02-26
구산동,1,갈현로17나길 12뒤,27-13,37.6106140000,126.9101290000,2016,,02-351-7944,서울특별시 은평구청,2026-02-26
구산동,1,갈현로17길 11-6,159-9,37.6122490000,126.9086210000,2010,,02-351-7944,서울특별시 은평구청,2026-02-26
구산동,1,갈현로17길 11-5,08월 27일,37.6112810000,126.9101080000,2007,,02-351-7944,서울특별시 은평구청,2026-02-26
구산동,1,갈현로15길 12-8,188-52,37.6081390000,126.9094850000,2019,,02-351-7944,서울특별시 은평구청,2026-02-26
구산동,1,갈현로15길 12,188-57,37.6076880000,126.9094240000,2013,,02-351-7944,서울특별시 은평구청,2026-02-26
구산동,1,갈현로15길 16,188-36,37.6077290000,126.9089480000,2005,,02-351-7944,서울특별시 은평구청,2026-02-26
구산동,1,갈현로15길 18,산48-12,37.6073220000,126.9088400000,2013,,02-351-7944,서울특별시 은평구청,2026-02-26
구산동,1,갈현로15길 16-5,188-25,37.6080240000,126.9087390000,2019,,02-351-7944,서울특별시 은평구청,2026-02-26
구산동,1,갈현로15길 16-8,188-30,37.6082340000,126.9090190000,2007,,02-351-7944,서울특별시 은평구청,2026-02-26
구산동,1,갈현로15길 20-24,185-3,37.6084030000,126.9087900000,2019,,02-351-7944,서울특별시 은평구청,2026-02-26
구산동,1,갈현로15길 20-26,185-4,37.6085140000,126.9090610000,2016,,02-351-7944,서울특별시 은평구청,2026-02-26
구산동,1,갈현로15길 20-19,188-36,37.6077290000,126.9089480000,2019,,02-351-7944,서울특별시 은평구청,2026-02-26
구산동,1,갈현로15길 20-14,178-25,37.6084830000,126.9086420000,2019,,02-351-7944,서울특별시 은평구청,2026-02-26
구산동,1,갈현로15길 20-6,178-31,37.6080860000,126.9086140000,2019,,02-351-7944,서울특별시 은평구청,2026-02-26
구산동,1,갈현로15길 20,178-34,37.6078600000,126.9085720000,2013,,02-351-7944,서울특별시 은평구청,2026-02-26
구산동,1,갈현로15길 28,178-21,37.6080980000,126.9079120000,2018,,02-351-7944,서울특별시 은평구청,2026-02-26
구산동,1,갈현로15길 24-9,178-22,37.6080450000,126.9080480000,2018,,02-351-7944,서울특별시 은평구청,2026-02-26
구산동,1,갈현로11길 30,191-1,37.6051640000,126.9072860000,,,02-351-7944,서울특별시 은평구청,2026-02-26
구산동,1,갈현로15길 24-4,178-40,37.6082330000,126.9079320000,2019,,02-351-7944,서울특별시 은평구청,2026-02-26
구산동,1,갈현로15길 24-11,178-17,37.6086210000,126.9079940000,2019,,02-351-7944,서울특별시 은평구청,2026-02-26
구산동,1,갈현로15길 20-20,180-14,37.6088550000,126.9080140000,2007,,02-351-7944,서울특별시 은평구청,2026-02-26
구산동,1,갈현로15길 28-20,183-1,37.6088760000,126.9082850000,2016,,02-351-7944,서울특별시 은평구청,2026-02-26
구산동,1,갈현로15길 28-26,182-8,37.6091030000,126.9084400000,2016,,02-351-7944,서울특별시 은평구청,2026-02-26
구산동,1,갈현로15길 24-7,178-7,37.6127900000,126.9106410000,2019,,02-351-7944,서울특별시 은평구청,2026-02-26
구산동,1,갈현로15길 40-6,179-1,37.6088960000,126.9075030000,2016,,02-351-7944,서울특별시 은평구청,2026-02-26
구산동,1,갈현로11가길 1,191-15,37.6052710000,126.9082130000,2006,,02-351-7944,서울특별시 은평구청,2026-02-26
구산동,1,갈현로11길 26-4,191-4,37.6052780000,126.9079530000,2005,,02-351-7944,서울특별시 은평구청,2026-02-26
구산동,1,갈현로17나길 13,15-34,37.6104000000,126.9104150000,2009,,02-351-7944,서울특별시 은평구청,2026-02-26
구산동,1,갈현로15길 39-1,172-3,37.6086500000,126.9072240000,2019,,02-351-7944,서울특별시 은평구청,2026-02-26
구산동,1,갈현로15길 35,172-3,37.6086500000,126.9072240000,2008,,02-351-7944,서울특별시 은평구청,2026-02-26
구산동,1,갈현로15길 42,167-11,37.6091540000,126.9071600000,2019,,02-351-7944,서울특별시 은평구청,2026-02-26
구산동,1,갈현로15길 44,167-9,37.6090860000,126.9066850000,2019,,02-351-7944,서울특별시 은평구청,2026-02-26
구산동,1,갈현로 127뒤,15-19,37.6093310000,126.9106680000,2006,,02-351-7944,서울특별시 은평구청,2026-02-26
구산동,1,서오릉로17길 15-8,368-32,37.6132660000,126.9085380000,,,02-351-7944,서울특별시 은평구청,2026-02-26
구산동,1,연서로11길 10,20-30,37.6082570000,126.9144330000,,,02-351-7944,서울특별시 은평구청,2026-02-26
구산동,1,갈현로15길 46,167-1,37.6094540000,126.9065100000,2019,,02-351-7944,서울특별시 은평구청,2026-02-26
구산동,1,갈현로15길 53,168-,37.6094540000,126.9065100000,2019,,02-351-7944,서울특별시 은평구청,2026-02-26
구산동,1,갈현로15길 53옆길,165-,37.6107790000,126.9085070000,2006,,02-351-7944,서울특별시 은평구청,2026-02-26
구산동,1,갈현로15길 53옆길,165-,37.6107790000,126.9085070000,2006,,02-351-7944,서울특별시 은평구청,2026-02-26
구산동,1,갈현로15길 53옆길,165-,37.6107790000,126.9085070000,2008,,02-351-7944,서울특별시 은평구청,2026-02-26
구산동,1,서오릉로21가길 13-1,355-10,37.6138280000,126.9049730000,2019,,02-351-7944,서울특별시 은평구청,2026-02-26
구산동,1,서오릉로25길 31,308-77,37.6161410000,126.9036940000,2006,,02-351-7944,서울특별시 은평구청,2026-02-26
구산동,1,갈현로15길 51,166-4,37.6099650000,126.9062080000,,,02-351-7944,서울특별시 은평구청,2026-02-26
구산동,1,갈현로15길 9-8,177-128,37.6071120000,126.9095120000,2018,,02-351-7944,서울특별시 은평구청,2026-02-26
구산동,1,갈현로15길 9-14,177-135,37.6067150000,126.9094610000,2018,,02-351-7944,서울특별시 은평구청,2026-02-26
구산동,1,갈현로11길 10-21,177-139,37.6063370000,126.9094320000,2005,,02-351-7944,서울특별시 은평구청,2026-02-26
구산동,1,서오릉로23길 12,316-3,37.6158560000,126.9060200000,2008,,02-351-7944,서울특별시 은평구청,2026-02-26
구산동,1,갈현로11길 26,177-151,37.6057870000,126.9093840000,2005,,02-351-7944,서울특별시 은평구청,2026-02-26
구산동,1,갈현로11길 10,190-6,37.6054170000,126.9093550000,2004,,02-351-7944,서울특별시 은평구청,2026-02-26
구산동,1,갈현로11길 12-1,177-83,37.6054050000,126.9089930000,2004,,02-351-7944,서울특별시 은평구청,2026-02-26
구산동,1,서오릉로17길 2,339-19,37.6146750000,126.9088230000,2008,,02-351-7944,서울특별시 은평구청,2026-02-26
구산동,1,갈현로11길 12-13,177-66,37.6059100000,126.9090420000,2004,,02-351-7944,서울특별시 은평구청,2026-02-26
구산동,1,갈현로15길 11-20,177-19,37.6063690000,126.9090580000,2017,,02-351-7944,서울특별시 은평구청,2026-02-26
구산동,1,갈현로15길 11-18,177-13,37.6065940000,126.9089870000,2019,,02-351-7944,서울특별시 은평구청,2026-02-26
구산동,1,갈현로15길 11-8,177-171,37.6071170000,126.9090580000,2019,,02-351-7944,서울특별시 은평구청,2026-02-26
구산동,1,갈현로15길 11-3,177-125,37.6073360000,126.9093840000,2005,,02-351-7944,서울특별시 은평구청,2026-02-26
구산동,1,갈현로11가길 12-21,177-51,37.6061800000,126.9090610000,2006,,02-351-7944,서울특별시 은평구청,2026-02-26
구산동,1,갈현로11가길 14-4,177-53,37.6061860000,126.9087660000,2017,,02-351-7944,서울특별시 은평구청,2026-02-26
구산동,1,갈현로11가길 20,177-9,37.6067460000,126.9088600000,2008,,02-351-7944,서울특별시 은평구청,2026-02-26
구산동,1,갈현로11가길 15-1,177-25,37.6064630000,126.9084790000,2007,,02-351-7944,서울특별시 은평구청,2026-02-26
구산동,1,갈현로11가길 15,177-28,37.6063540000,126.9084130000,2017,,02-351-7944,서울특별시 은평구청,2026-02-26
구산동,1,서오릉로11길 15,3-38,37.6111070000,126.9147540000,2019,,02-351-7944,서울특별시 은평구청,2026-02-26
구산동,1,갈현로11가길 13-18,177-31,37.6065750000,126.9079450000,2016,,02-351-7944,서울특별시 은평구청,2026-02-26
구산동,1,갈현로11가길 13-22,177-33,37.6063780000,126.9080500000,2008,,02-351-7944,서울특별시 은평구청,2026-02-26
구산동,1,갈현로11가길 13-20,177-34,37.6063680000,126.9078920000,2005,,02-351-7944,서울특별시 은평구청,2026-02-26
구산동,1,갈현로11가길 13-9,177-41,37.6061840000,126.9075430000,2007,,02-351-7944,서울특별시 은평구청,2026-02-26
구산동,1,갈현로11길 10,177-78,37.6058960000,126.9084990000,2008,,02-351-7944,서울특별시 은평구청,2026-02-26
구산동,1,갈현로11길 10-8,177-74,37.6058970000,126.9086570000,2017,,02-351-7944,서울특별시 은평구청,2026-02-26
구산동,1,갈현로11길 10-14,177-76,37.6057170000,126.9086600000,2007,,02-351-7944,서울특별시 은평구청,2026-02-26
구산동,1,갈현로11길 9-3,177-86,37.6058910000,126.9080340000,2017,,02-351-7944,서울특별시 은평구청,2026-02-26
구산동,1,갈현로11가길 7-11,177-89,37.6059050000,126.9075470000,2006,,02-351-7944,서울특별시 은평구청,2026-02-26
구산동,1,서오릉로17길 20-24,377-2,37.6130920000,126.9072160000,,,02-351-7944,서울특별시 은평구청,2026-02-26
구산동,1,갈현로11가길 8,177-79,37.6058140000,126.9084890000,2005,,02-351-7944,서울특별시 은평구청,2026-02-26
구산동,1,갈현로11가길 7-9,177-102,37.6056830000,126.9078790000,2005,,02-351-7944,서울특별시 은평구청,2026-02-26
구산동,1,연서로15길 45-1,217-3,37.6117580000,126.9120490000,2016,,02-351-7944,서울특별시 은평구청,2026-02-26
구산동,1,서오릉로17길 20-19,376,37.6129860000,126.9074100000,,,02-351-7944,서울특별시 은평구청,2026-02-26
구산동,1,서오릉로23길 8-5,314,37.6158920000,126.9050560000,2009,,02-351-7944,서울특별시 은평구청,2026-02-26
구산동,1,갈현로11길 22,191-17,37.6052160000,126.9080670000,2005,,02-351-7944,서울특별시 은평구청,2026-02-26
구산동,1,갈현로17길 30,147-46,37.6124900000,126.9083800000,2019,,02-351-7944,서울특별시 은평구청,2026-02-26
구산동,1,서오릉로 217-5,366-1,37.6142380000,126.9093280000,2005,,02-351-7944,서울특별시 은평구청,2026-02-26
구산동,1,서오릉로17길,341-8,37.6142710000,126.9089770000,2007,,02-351-7944,서울특별시 은평구청,2026-02-26
구산동,1,서오릉로21길 9,345-3,37.6147980000,126.9075530000,2008,,02-351-7944,서울특별시 은평구청,2026-02-26
구산동,1,서오릉로21길 25,355-15,37.6140310000,126.9064540000,2008,,02-351-7944,서울특별시 은평구청,2026-02-26
구산동,1,서오릉로 227-2,321-98,37.6151320000,126.9085790000,2008,,02-351-7944,서울특별시 은평구청,2026-02-26
구산동,1,서오릉로17길 2-4,340-3,37.6146890000,126.9084150000,2008,,02-351-7944,서울특별시 은평구청,2026-02-26
구산동,1,서오릉로21길 13,346-1,37.6145820000,126.9075560000,2008,,02-351-7944,서울특별시 은평구청,2026-02-26
구산동,1,서오릉로21길 1,321-95,37.6154610000,126.9081550000,2008,,02-351-7944,서울특별시 은평구청,2026-02-26
구산동,1,서오릉로21길 7,323-25,37.6151510000,126.9077290000,2018,,02-351-7944,서울특별시 은평구청,2026-02-26
구산동,1,서오릉로21길 9,323-27,37.6150320000,126.9075610000,2019,,02-351-7944,서울특별시 은평구청,2026-02-26
구산동,1,서오릉로21길 11,345-6,37.6148720000,126.9077560000,2008,,02-351-7944,서울특별시 은평구청,2026-02-26
구산동,1,갈현로11길 30,191-1,37.6051640000,126.9072860000,,,02-351-7944,서울특별시 은평구청,2026-02-26
구산동,1,서오릉로13길 6,215-1,37.6122750000,126.9134340000,,,02-351-7944,서울특별시 은평구청,2026-02-26
구산동,1,서오릉로17길 9,342-10,37.6141940000,126.9084910000,2007,,02-351-7944,서울특별시 은평구청,2026-02-26
구산동,1,서오릉로17길 10-7,342-10,37.6141940000,126.9084910000,2008,,02-351-7944,서울특별시 은평구청,2026-02-26
구산동,1,서오릉로13길 14,216-7,37.6118220000,126.9131010000,,,02-351-7944,서울특별시 은평구청,2026-02-26
구산동,1,서오릉로17길 10-9,345-9,37.6145750000,126.9077720000,2008,,02-351-7944,서울특별시 은평구청,2026-02-26
구산동,1,서오릉로17길 10-17,345-31,37.6143510000,126.9079790000,2018,,02-351-7944,서울특별시 은평구청,2026-02-26
구산동,1,서오릉로21길 17-7,348-7,37.6141200000,126.9073250000,2007,,02-351-7944,서울특별시 은평구청,2026-02-26
구산동,1,서오릉로21길 15-7,346-7,37.6142500000,126.9076860000,2007,,02-351-7944,서울특별시 은평구청,2026-02-26
구산동,1,서오릉로17길 16-14,350-1,37.6141430000,126.9078120000,2006,,02-351-7944,서울특별시 은평구청,2026-02-26
구산동,1,서오릉로17길 16-8,350-5,37.6138840000,126.9080760000,2006,,02-351-7944,서울특별시 은평구청,2026-02-26
구산동,1,서오릉로17길 13-5,362-3,37.6138140000,126.9083380000,2018,,02-351-7944,서울특별시 은평구청,2026-02-26
구산동,1,서오릉로13길 17,218-8,37.6112830000,126.9133240000,,,02-351-7944,서울특별시 은평구청,2026-02-26
구산동,1,서오릉로17길 14-2,344-7,37.6139300000,126.9082230000,2005,,02-351-7944,서울특별시 은평구청,2026-02-26
구산동,1,서오릉로17길 13-11,341-2,37.6141520000,126.9088540000,2008,,02-351-7944,서울특별시 은평구청,2026-02-26
구산동,1,서오릉로17길 5-2,341-2,37.6141520000,126.9088540000,2007,,02-351-7944,서울특별시 은평구청,2026-02-26
구산동,1,서오릉로17길 18-6,350-9,37.6136570000,126.9079100000,2006,,02-351-7944,서울특별시 은평구청,2026-02-26
구산동,1,서오릉로17길 18-16,351-2,37.6138410000,126.9073740000,2018,,02-351-7944,서울특별시 은평구청,2026-02-26
구산동,1,서오릉로21길 17-2,354-1,37.6142350000,126.9070970000,2008,,02-351-7944,서울특별시 은평구청,2026-02-26
구산동,1,서오릉로17길 19,368-30,37.6133450000,126.9083220000,2008,,02-351-7944,서울특별시 은평구청,2026-02-26
구산동,1,서오릉로21길 25-3,355-13,37.6140160000,126.9068060000,2007,,02-351-7944,서울특별시 은평구청,2026-02-26
구산동,1,서오릉로21길 26,355-15,37.6140310000,126.9064540000,2006,,02-351-7944,서울특별시 은평구청,2026-02-26
구산동,1,서오릉로17길 18,368-55,37.6134450000,126.9083660000,2008,,02-351-7944,서울특별시 은평구청,2026-02-26
구산동,1,연서로11길 30-1,16-69,37.6089290000,126.9120450000,,,02-351-7944,서울특별시 은평구청,2026-02-26
구산동,1,서오릉로21길 23,355,37.6142108800,126.9066591000,,,02-351-7944,서울특별시 은평구청,2026-02-26
구산동,1,서오릉로21길 23,139-1,37.6122820000,126.9102740000,2017,,02-351-7944,서울특별시 은평구청,2026-02-26
구산동,1,서오릉로21가길 2,355-2,37.6140380000,126.9062960000,2019,,02-351-7944,서울특별시 은평구청,2026-02-26
구산동,1,서오릉로21가길 12,355-32,37.6140380000,126.9053210000,2019,,02-351-7944,서울특별시 은평구청,2026-02-26
구산동,1,서오릉로21가길 4-6,355-5,37.6144870000,126.9060960000,2005,,02-351-7944,서울특별시 은평구청,2026-02-26
구산동,1,서오릉로21가길 6-4,355-20,37.6142790000,126.9059640000,2006,,02-351-7944,서울특별시 은평구청,2026-02-26
구산동,1,서오릉로21가길 6,355-18,37.6140540000,126.9059780000,2006,,02-351-7944,서울특별시 은평구청,2026-02-26
구산동,1,서오릉로21가길 10-5,355-25,37.6143030000,126.9056460000,2017,,02-351-7944,서울특별시 은평구청,2026-02-26
구산동,1,서오릉로21길 33-7,359,37.6135240000,126.9071870000,2018,,02-351-7944,서울특별시 은평구청,2026-02-26
구산동,1,서오릉로21가길 14,355-32,37.6140380000,126.9053210000,2006,,02-351-7944,서울특별시 은평구청,2026-02-26
구산동,1,서오릉로21가길 14-1,355-7,37.6143960000,126.9050560000,2018,,02-351-7944,서울특별시 은평구청,2026-02-26
구산동,1,연서로11길 29-9,04월 24일,37.6085550000,126.9125600000,,,02-351-7944,서울특별시 은평구청,2026-02-26
구산동,1,연서로11길 15,23-19,37.6083110000,126.9134810000,,,02-351-7944,서울특별시 은평구청,2026-02-26
구산동,1,서오릉로21가길 15,355-90,37.6140890000,126.9049020000,2006,,02-351-7944,서울특별시 은평구청,2026-02-26
구산동,1,연서로 131,01월 14일,37.6106547500,126.9167841000,,,02-351-7944,서울특별시 은평구청,2026-02-26
구산동,1,서오릉로21가길 11,355-12,37.6135910000,126.9056790000,2018,,02-351-7944,서울특별시 은평구청,2026-02-26
구산동,1,서오릉로21길 34-30,355-57,37.6134480000,126.9047640000,2018,,02-351-7944,서울특별시 은평구청,2026-02-26
구산동,1,서오릉로21길 34-24,355-86,37.6134500000,126.9050020000,2008,,02-351-7944,서울특별시 은평구청,2026-02-26
구산동,1,서오릉로17길 15-8,368-32,37.6132560000,126.9084140000,2008,,02-351-7944,서울특별시 은평구청,2026-02-26
구산동,1,서오릉로21길 34-11,382,37.6129040000,126.9054060000,2008,,02-351-7944,서울특별시 은평구청,2026-02-26
구산동,1,서오릉로21길 36,382-5,37.6133100000,126.9055130000,2019,,02-351-7944,서울특별시 은평구청,2026-02-26
구산동,1,서오릉로21길 29,356-14,37.6136437700,126.9065351000,2016,,02-351-7944,서울특별시 은평구청,2026-02-26
구산동,1,서오릉로21길 33-4,380-10,37.6133120000,126.9066690000,2008,,02-351-7944,서울특별시 은평구청,2026-02-26
구산동,1,서오릉로21길 34-8,355-48,37.6134770000,126.9059980000,2007,,02-351-7944,서울특별시 은평구청,2026-02-26
구산동,1,서오릉로13길 6-4,199-16,37.6126060000,126.9131460000,,,02-351-7944,서울특별시 은평구청,2026-02-26
구산동,1,서오릉로17길 19-1,368-31,37.6132280000,126.9083010000,2007,,02-351-7944,서울특별시 은평구청,2026-02-26
구산동,1,서오릉로23길 13,316-5,37.6156850000,126.9060680000,2005,,02-351-7944,서울특별시 은평구청,2026-02-26
구산동,1,서오릉로23길 13,316-5,37.6157135800,126.9061133000,,,02-351-7944,서울특별시 은평구청,2026-02-26
구산동,1,서오릉로13길 3-6,220-2,37.6120120000,126.9141520000,,,02-351-7944,서울특별시 은평구청,2026-02-26
구산동,1,서오릉로17길 23,368-15,37.6128670000,126.9081820000,2008,,02-351-7944,서울특별시 은평구청,2026-02-26
구산동,1,서오릉로23길 8-5,314,37.6158920000,126.9050560000,2008,,02-351-7944,서울특별시 은평구청,2026-02-26
구산동,1,연서로13길 26,9-44,37.6101290000,126.9132500000,,,02-351-7944,서울특별시 은평구청,2026-02-26
구산동,1,서오릉로25가길 3-22,308-150,37.6174830000,126.9046710000,2008,,02-351-7944,서울특별시 은평구청,2026-02-26
구산동,1,서오릉로17길 15-20,147-14,37.6130700000,126.9087560000,2019,,02-351-7944,서울특별시 은평구청,2026-02-26
구산동,1,갈현로17나길 20-2,182-1,37.6094450000,126.9094210000,2007,,02-351-7944,서울특별시 은평구청,2026-02-26
구산동,1,서오릉로17길 15-29,147-13,37.6126940000,126.9090110000,2019,,02-351-7944,서울특별시 은평구청,2026-02-26
구산동,1,연서로13길 28,10월 30일,37.6105730000,126.9124960000,,,02-351-7944,서울특별시 은평구청,2026-02-26
구산동,1,서오릉로17길 21-11,147-19,37.6127340000,126.9084890000,2008,,02-351-7944,서울특별시 은평구청,2026-02-26
구산동,1,서오릉로17길 21-5,368-9,37.6131030000,126.9083930000,2018,,02-351-7944,서울특별시 은평구청,2026-02-26
구산동,1,서오릉로23길 14-3,316-11,37.6161960000,126.9057770000,2008,,02-351-7944,서울특별시 은평구청,2026-02-26
구산동,1,갈현로 154-5,12월 05일,37.6115030000,126.9117920000,,,02-351-7944,서울특별시 은평구청,2026-02-26
구산동,1,갈현로15길 12-9,188-28,37.6082360000,126.9092230000,2019,,02-351-7944,서울특별시 은평구청,2026-02-26
구산동,1,서오릉로21길 33-18,379-4,37.6131530000,126.9070110000,2008,,02-351-7944,서울특별시 은평구청,2026-02-26
구산동,1,갈현로11길 46,224-,37.6055230000,126.9052760000,,,02-351-7944,서울특별시 은평구청,2026-02-26
구산동,1,서오릉로17길 20-13,368-53,37.6132480000,126.9075640000,2008,,02-351-7944,서울특별시 은평구청,2026-02-26
구산동,1,서오릉로21길 25-10,356-19,37.6137390000,126.9070590000,2015,,02-351-7944,서울특별시 은평구청,2026-02-26
구산동,1,서오릉로21길 33-26,378-1,37.6133910000,126.9073810000,2005,,02-351-7944,서울특별시 은평구청,2026-02-26
구산동,1,서오릉로17길 20-7,368-48,37.6132420000,126.9078480000,2005,,02-351-7944,서울특별시 은평구청,2026-02-26
구산동,1,서오릉로17길 22-4,368-49,37.6131520000,126.9078490000,2007,,02-351-7944,서울특별시 은평구청,2026-02-26
구산동,1,갈현로15길 40,179-2,37.6089894700,126.9072500000,,,02-351-7944,서울특별시 은평구청,2026-02-26
구산동,1,서오릉로 237-14,321-28,37.6159050000,126.9074460000,2017,,02-351-7944,서울특별시 은평구청,2026-02-26
구산동,1,서오릉로 237-15,321-3,37.6161640000,126.9072050000,2008,,02-351-7944,서울특별시 은평구청,2026-02-26
구산동,1,서오릉로21길 6-9,323-18,37.6154360000,126.9073740000,2010,,02-351-7944,서울특별시 은평구청,2026-02-26
구산동,1,서오릉로21길 8-6맞은편,323-16,37.6142150000,126.9058510000,2019,,02-351-7944,서울특별시 은평구청,2026-02-26
구산동,1,서오릉로23길 9-7맞은편,317-24,37.6142150000,126.9058510000,2019,,02-351-7944,서울특별시 은평구청,2026-02-26
구산동,1,서오릉로21길 6-19,321-,37.6165470000,126.9067120000,2008,,02-351-7944,서울특별시 은평구청,2026-02-26
구산동,1,서오릉로21길 6-13,321-5,37.6156580000,126.9070650000,2005,,02-351-7944,서울특별시 은평구청,2026-02-26
구산동,1,서오릉로21길 6-21,317-21,37.6158890000,126.9066880000,2010,,02-351-7944,서울특별시 은평구청,2026-02-26
구산동,1,서오릉로23길 7,317-20,37.6160050000,126.9065500000,2010,,02-351-7944,서울특별시 은평구청,2026-02-26
구산동,1,서오릉로23길 4,322-12,37.6162330000,126.9068070000,2007,,02-351-7944,서울특별시 은평구청,2026-02-26
구산동,1,서오릉로23길 10,317-16,37.6159510000,126.9065510000,2007,,02-351-7944,서울특별시 은평구청,2026-02-26
구산동,1,갈현로15길 46,167-1,37.6095717100,126.9067371000,,,02-351-7944,서울특별시 은평구청,2026-02-26
구산동,1,서오릉로23길 12,316-7,37.6158630000,126.9058160000,2005,,02-351-7944,서울특별시 은평구청,2026-02-26
구산동,1,서오릉로15길 5-7,202-27,37.6137780000,126.9103320000,2007,,02-351-7944,서울특별시 은평구청,2026-02-26
구산동,1,갈현로 146-2,11월 09일,37.6108800000,126.9115630000,2008,,02-351-7944,서울특별시 은평구청,2026-02-26
구산동,1,갈현로 150-1,11-35,37.6110320000,126.9115270000,2007,,02-351-7944,서울특별시 은평구청,2026-02-26
구산동,1,연서로11길 9-1,06월 22일,37.6080290000,126.9141640000,2018,,02-351-7944,서울특별시 은평구청,2026-02-26
구산동,1,서오릉로23길 14-1,316-7,37.6158630000,126.9058160000,2005,,02-351-7944,서울특별시 은평구청,2026-02-26
구산동,1,서오릉로23길 10-3,316-1,37.6160720000,126.9059940000,2007,,02-351-7944,서울특별시 은평구청,2026-02-26
구산동,1,서오릉로25길 5-12,311,37.6163860000,126.9058420000,2007,,02-351-7944,서울특별시 은평구청,2026-02-26
구산동,1,서오릉로25길 5-12,311,37.6163860000,126.9058420000,2010,,02-351-7944,서울특별시 은평구청,2026-02-26
구산동,1,서오릉로25길 5-12,311,37.6163860000,126.9058420000,2006,,02-351-7944,서울특별시 은평구청,2026-02-26
구산동,1,서오릉로25길 5-4맞은편,309-5,37.6167290000,126.9059050000,2008,,02-351-7944,서울특별시 은평구청,2026-02-26
구산동,1,서오릉로25길 4,306-2,37.6172350000,126.9060220000,2005,,02-351-7944,서울특별시 은평구청,2026-02-26
구산동,1,서오릉로25길 6,306-1,37.6171880000,126.9058980000,2010,,02-351-7944,서울특별시 은평구청,2026-02-26
구산동,1,서오릉로25길 7,310-9,37.6166750000,126.9059060000,2008,,02-351-7944,서울특별시 은평구청,2026-02-26
구산동,1,서오릉로25길 11-7,308-11,37.6166090000,126.9056580000,2005,,02-351-7944,서울특별시 은평구청,2026-02-26
구산동,1,서오릉로27길 14-1뒤,308-171,37.6165540000,126.9035290000,2016,,02-351-7944,서울특별시 은평구청,2026-02-26
구산동,1,서오릉로25길 15,308-16,37.6168730000,126.9049400000,2006,,02-351-7944,서울특별시 은평구청,2026-02-26
구산동,1,서오릉로25길 13-1,308-125,37.6167940000,126.9051790000,2008,,02-351-7944,서울특별시 은평구청,2026-02-26
구산동,1,서오릉로25길 15-1,308-17,37.6168360000,126.9047930000,2007,,02-351-7944,서울특별시 은평구청,2026-02-26
구산동,1,서오릉로25길 19,308-18,37.6167880000,126.9045000000,2007,,02-351-7944,서울특별시 은평구청,2026-02-26
구산동,1,서오릉로25길 21,308-18,37.6167880000,126.9045000000,2007,,02-351-7944,서울특별시 은평구청,2026-02-26
구산동,1,서오릉로25길 24,308-161,37.6167110000,126.9040250000,2018,,02-351-7944,서울특별시 은평구청,2026-02-26
구산동,1,서오릉로25길 25,308-72,37.6166380000,126.9038560000,2007,,02-351-7944,서울특별시 은평구청,2026-02-26
구산동,1,서오릉로25길 30,308-77,37.6161410000,126.9036940000,2018,,02-351-7944,서울특별시 은평구청,2026-02-26
구산동,1,서오릉로25길 27,308-6,37.6167640000,126.9039000000,2008,,02-351-7944,서울특별시 은평구청,2026-02-26
구산동,1,서오릉로25길 29,308-73,37.6165750000,126.9038680000,,,02-351-7944,서울특별시 은평구청,2026-02-26
구산동,1,연서로11길 8,20-30,37.6082570000,126.9144330000,2006,,02-351-7944,서울특별시 은평구청,2026-02-26
구산동,1,서오릉로27길 26-6,308-5,37.6168320000,126.9034230000,2007,,02-351-7944,서울특별시 은평구청,2026-02-26
구산동,1,서오릉로25길 26-8,308-134,37.6166870000,126.9033680000,2008,,02-351-7944,서울특별시 은평구청,2026-02-26
구산동,1,서오릉로27길 34-1,308-49,37.6163090000,126.9033850000,2008,,02-351-7944,서울특별시 은평구청,2026-02-26
구산동,1,서오릉로27길 23-1,308-82,37.6169640000,126.9040100000,2008,,02-351-7944,서울특별시 은평구청,2026-02-26
구산동,1,갈현로17가길 9,210-7,37.6123570000,126.9105900000,2018,,02-351-7944,서울특별시 은평구청,2026-02-26
구산동,1,서오릉로27길 21,308-45,37.6172530000,126.9041640000,2017,,02-351-7944,서울특별시 은평구청,2026-02-26
구산동,1,서오릉로27길 20-6,308-130,37.6177750000,126.9040890000,2005,,02-351-7944,서울특별시 은평구청,2026-02-26
구산동,1,서오릉로27길 17,308-53,37.6181080000,126.9049560000,2018,,02-351-7944,서울특별시 은평구청,2026-02-26
구산동,1,서오릉로27길 16,308-58,37.6177950000,126.9042360000,2006,,02-351-7944,서울특별시 은평구청,2026-02-26
구산동,1,서오릉로27길 11,308-54,37.6178710000,126.9046650000,2007,,02-351-7944,서울특별시 은평구청,2026-02-26
구산동,1,서오릉로27길 9,308-53,37.6181080000,126.9049560000,2008,,02-351-7944,서울특별시 은평구청,2026-02-26
구산동,1,서오릉로27길 5,308-50,37.6183000000,126.9052820000,2018,,02-351-7944,서울특별시 은평구청,2026-02-26
구산동,1,서오릉로27길 1,308-7,37.6184110000,126.9055520000,2006,,02-351-7944,서울특별시 은평구청,2026-02-26
구산동,1,서오릉로 271-8,304-29,37.6182290000,126.9054190000,2019,,02-351-7944,서울특별시 은평구청,2026-02-26
구산동,1,서오릉로25가길 10,304-32,37.6178600000,126.9054920000,2015,,02-351-7944,서울특별시 은평구청,2026-02-26
구산동,1,서오릉로25가길 9대각편,309-39,37.6180470000,126.9051950000,2006,,02-351-7944,서울특별시 은평구청,2026-02-26
구산동,1,서오릉로25가길 5-7,309-44,37.6178460000,126.9049370000,2007,,02-351-7944,서울특별시 은평구청,2026-02-26
구산동,1,서오릉로25가길 6,304-23,37.6175830000,126.9057110000,2010,,02-351-7944,서울특별시 은평구청,2026-02-26
구산동,1,서오릉로25가길 2,306-,37.6173600000,126.9058960000,2005,,02-351-7944,서울특별시 은평구청,2026-02-26
구산동,1,서오릉로25가길 3-4맞은편,308-25,37.6172190000,126.9052860000,2008,,02-351-7944,서울특별시 은평구청,2026-02-26
구산동,1,서오릉로25가길 3-13,309-30,37.6174670000,126.9048630000,2005,,02-351-7944,서울특별시 은평구청,2026-02-26
구산동,1,서오릉로13길 10-2,215-18,37.6121220000,126.9133690000,2016,,02-351-7944,서울특별시 은평구청,2026-02-26
구산동,1,서오릉로13길 24-3,10월 26일,37.6108980000,126.9125370000,2008,,02-351-7944,서울특별시 은평구청,2026-02-26
구산동,1,서오릉로25가길 3-26,308-2,37.6172500000,126.9047990000,2018,,02-351-7944,서울특별시 은평구청,2026-02-26
구산동,1,서오릉로 263-2,304-11,37.6175230000,126.9059840000,2008,,02-351-7944,서울특별시 은평구청,2026-02-26
구산동,1,연서로11길 20-7,23-20,37.6081650000,126.9133020000,2008,,02-351-7944,서울특별시 은평구청,2026-02-26
구산동,1,서오릉로11길 28-2,9-46,37.6101780000,126.9136910000,2019,,02-351-7944,서울특별시 은평구청,2026-02-26
구산동,1,서오릉로17길 15-29,147-17,37.6126360000,126.9086270000,2019,,02-351-7944,서울특별시 은평구청,2026-02-26
구산동,1,갈현로 169-4,202-6,37.6134160000,126.9111070000,2015,,02-351-7944,서울특별시 은평구청,2026-02-26
구산동,1,서오릉로23길 8-5,314-,37.6158920000,126.9050560000,2006,,02-351-7944,서울특별시 은평구청,2026-02-26
구산동,1,서오릉로25가길 3-7,308-1,37.6172800000,126.9051040000,2005,,02-351-7944,서울특별시 은평구청,2026-02-26
구산동,1,서오릉로 237-5,321-61,37.6155470000,126.9077120000,2005,,02-351-7944,서울특별시 은평구청,2026-02-26
구산동,1,서오릉로21가길 14-2,355-6,37.6144080000,126.9053050000,2018,,02-351-7944,서울특별시 은평구청,2026-02-26
구산동,1,연서로11길 32-19,16-46,37.6097930000,126.9120210000,2018,,02-351-7944,서울특별시 은평구청,2026-02-26
구산동,1,갈현로 169-10,202-32,37.6134930000,126.9106760000,2008,,02-351-7944,서울특별시 은평구청,2026-02-26
구산동,1,연서로13길 19-1,09월 19일,37.6096940000,126.9139360000,2008,,02-351-7944,서울특별시 은평구청,2026-02-26
구산동,1,서오릉로21길 30-24,355-83,37.6138570000,126.9061280000,2008,,02-351-7944,서울특별시 은평구청,2026-02-26
구산동,1,서오릉로21길 36,382,37.6129040000,126.9054060000,2007,,02-351-7944,서울특별시 은평구청,2026-02-26
구산동,1,갈현로11길 10-18,177-119,37.6055100000,126.9086520000,2008,,02-351-7944,서울특별시 은평구청,2026-02-26
구산동,1,연서로9길 20-11,06월 23일,37.6077420000,126.9133530000,2008,,02-351-7944,서울특별시 은평구청,2026-02-26
구산동,1,서오릉로17길 7,342-1,37.6142680000,126.9087160000,2006,,02-351-7944,서울특별시 은평구청,2026-02-26
구산동,1,서오릉로21길 13,346-9,37.6145270000,126.9074550000,2018,,02-351-7944,서울특별시 은평구청,2026-02-26
구산동,1,서오릉로13길 3,198-7,37.6123960000,126.9137950000,2006,,02-351-7944,서울특별시 은평구청,2026-02-26
구산동,1,서오릉로15길 6-25,206-5,37.6132000000,126.9091390000,2005,,02-351-7944,서울특별시 은평구청,2026-02-26
구산동,1,갈현로 119-1,26-35,37.6083820000,126.9133100000,2005,,02-351-7944,서울특별시 은평구청,2026-02-26
구산동,1,서오릉로21길 34-11,382,37.6129040000,126.9054060000,2008,,02-351-7944,서울특별시 은평구청,2026-02-26
구산동,1,서오릉로11길 28,09월 10일,37.6101180000,126.9139640000,2019,,02-351-7944,서울특별시 은평구청,2026-02-26
구산동,1,서오릉로 149-17,01월 30일,37.6107230000,126.9161300000,2016,,02-351-7944,서울특별시 은평구청,2026-02-26
구산동,1,갈현로11가길 13-12,177-29,37.6066760000,126.9080800000,2006,,02-351-7944,서울특별시 은평구청,2026-02-26
구산동,1,갈현로 159-1,212-2,37.6120100000,126.9110260000,2005,,02-351-7944,서울특별시 은평구청,2026-02-26
구산동,1,갈현로17가길 8,211-11,37.6122700000,126.9108630000,2005,,02-351-7944,서울특별시 은평구청,2026-02-26
구산동,1,갈현로11길 46,224,37.6049390000,126.9063720000,2005,,02-351-7944,서울특별시 은평구청,2026-02-26
구산동,1,갈현로11길 46,224,37.6049390000,126.9063720000,2005,,02-351-7944,서울특별시 은평구청,2026-02-26
구산동,1,갈현로11길 46,224,37.6049390000,126.9063720000,2005,,02-351-7944,서울특별시 은평구청,2026-02-26
구산동,1,갈현로11길 30,224,37.6051640000,126.9072860000,2005,,02-351-7944,서울특별시 은평구청,2026-02-26
구산동,1,갈현로11길 30,224,37.6051640000,126.9072860000,2005,,02-351-7944,서울특별시 은평구청,2026-02-26
구산동,1,갈현로11길 30,224,37.6051640000,126.9072860000,2008,,02-351-7944,서울특별시 은평구청,2026-02-26
구산동,1,서오릉로21길,165,37.6107790000,126.9085070000,2008,,02-351-7944,서울특별시 은평구청,2026-02-26
구산동,1,서오릉로21길,산142-6,37.6117920000,126.9049690000,2008,,02-351-7944,서울특별시 은평구청,2026-02-26
구산동,1,서오릉로21길,산142-3,37.6112070000,126.9069830000,2008,,02-351-7944,서울특별시 은평구청,2026-02-26
구산동,1,서오릉로21길,산142-3,37.6112070000,126.9069830000,2008,,02-351-7944,서울특별시 은평구청,2026-02-26
구산동,1,서오릉로21길,383-8,37.6123340000,126.9070570000,2007,,02-351-7944,서울특별시 은평구청,2026-02-26
구산동,1,서오릉로21길,382-9,37.6132530000,126.9060920000,2004,,02-351-7944,서울특별시 은평구청,2026-02-26
구산동,1,서오릉로21길 47,382-8,37.6132530000,126.9060920000,2008,,02-351-7944,서울특별시 은평구청,2026-02-26
구산동,1,서오릉로17길 28-8,산146-,37.6123800000,126.9072150000,2019,,02-351-7944,서울특별시 은평구청,2026-02-26
구산동,1,서오릉로17길 28-6,산145-,37.6121480000,126.9074560000,2019,,02-351-7944,서울특별시 은평구청,2026-02-26
구산동,1,서오릉로17길 28,산8-2,37.6118400000,126.9063160000,2008,,02-351-7944,서울특별시 은평구청,2026-02-26
구산동,1,서오릉로17길 21-15,147-2,37.6122390000,126.9085650000,2007,,02-351-7944,서울특별시 은평구청,2026-02-26
구산동,1,서오릉로15길 7,209-1,37.6135580000,126.9099160000,2019,,02-351-7944,서울특별시 은평구청,2026-02-26
구산동,1,갈현로17나길 35-1,26-33,37.6083450000,126.9103320000,2005,,02-351-7944,서울특별시 은평구청,2026-02-26
구산동,1,서오릉로15길 16,145-2,37.6129520000,126.9095850000,2019,,02-351-7944,서울특별시 은평구청,2026-02-26
구산동,1,갈현로15길 28-25,산48-7,37.6073750000,126.9077520000,2019,,02-351-7944,서울특별시 은평구청,2026-02-26
구산동,1,갈현로17가길 14,211-8,37.6127480000,126.9109580000,2005,,02-351-7944,서울특별시 은평구청,2026-02-26
구산동,1,연서로9길 20-3,25-57,37.6075380000,126.9126770000,2010,,02-351-7944,서울특별시 은평구청,2026-02-26
구산동,1,갈현로15길 9-6,177-127,37.6072020000,126.9095100000,2007,,02-351-7944,서울특별시 은평구청,2026-02-26
구산동,1,갈현로17나길 24,27-55,37.6094980000,126.9102810000,2005,,02-351-7944,서울특별시 은평구청,2026-02-26
구산동,1,연서로11길 29-4,24-59,37.6084060000,126.9120070000,2016,,02-351-7944,서울특별시 은평구청,2026-02-26
구산동,1,서오릉로11길 5,03월 05일,37.6120100000,126.9149670000,2019,,02-351-7944,서울특별시 은평구청,2026-02-26
구산동,1,서오릉로15길 10-6,206-15,37.6134550000,126.9094300000,2006,,02-351-7944,서울특별시 은평구청,2026-02-26
구산동,1,갈현로16길 4-2,25-21,37.6078670000,126.9111770000,2018,,02-351-7944,서울특별시 은평구청,2026-02-26
구산동,1,서오릉로13길 23-11,7-38,37.6110600000,126.9134970000,2008,,02-351-7944,서울특별시 은평구청,2026-02-26
구산동,1,서오릉로 157-9,02월 02일,37.6114690000,126.9158810000,2018,,02-351-7944,서울특별시 은평구청,2026-02-26
구산동,1,갈현로15길 7-16,53-14,37.6069185600,126.9097807000,2019,,02-351-7944,서울특별시 은평구청,2026-02-26
구산동,1,갈현로15길 7-7,52-33,37.6132000000,126.9091390000,2019,,02-351-7944,서울특별시 은평구청,2026-02-26
구산동,1,서오릉로25길 20-4,308-66,37.6171840000,126.9044600000,2019,,02-351-7944,서울특별시 은평구청,2026-02-26
구산동,1,갈현로15길 30,180-16,37.6083210000,126.9077270000,2006,,02-351-7944,서울특별시 은평구청,2026-02-26
구산동,1,갈현로17나길 20-1,27-21,37.6096940000,126.9100290000,2006,,02-351-7944,서울특별시 은평구청,2026-02-26
구산동,1,서오릉로21길 30-1,355-50,37.6135960000,126.9061430000,2006,,02-351-7944,서울특별시 은평구청,2026-02-26
구산동,1,서오릉로17길 15-19,147-7,37.6129370000,126.9089510000,2019,,02-351-7944,서울특별시 은평구청,2026-02-26
구산동,1,서오릉로25가길 3-12,309-24,37.6177640000,126.9048140000,2008,,02-351-7944,서울특별시 은평구청,2026-02-26
구산동,1,서오릉로17길 5,341-4,37.6144130000,126.9087710000,2008,,02-351-7944,서울특별시 은평구청,2026-02-26
구산동,1,갈현로15길 35,172-3,37.6090080000,126.9059730000,2019,,02-351-7944,서울특별시 은평구청,2026-02-26
구산동,1,갈현로 154-25,10월 24일,37.6108410000,126.9122890000,2008,,02-351-7944,서울특별시 은평구청,2026-02-26
구산동,1,서오릉로21길 11-7,323-29,37.6149640000,126.9079810000,2008,,02-351-7944,서울특별시 은평구청,2026-02-26
구산동,1,연서로13길 23-19,7-45,37.6109720000,126.9137480000,2007,,02-351-7944,서울특별시 은평구청,2026-02-26
구산동,1,연서로15길 25,07월 24일,37.6111450000,126.9140170000,2016,,02-351-7944,서울특별시 은평구청,2026-02-26
구산동,1,서오릉로25길 5-2맞은편,309-2,37.6170700000,126.9057870000,2008,,02-351-7944,서울특별시 은평구청,2026-02-26
구산동,1,갈현로 115-1,26-38,37.6083382200,126.9105582000,,,02-351-7944,서울특별시 은평구청,2026-02-26
구산동,1,서오릉로15길 15-3,210-4,37.6125980000,126.9103150000,2019,,02-351-7944,서울특별시 은평구청,2026-02-26
구산동,1,서오릉로25길 11-3,308-10,37.6168700000,126.9055630000,2008,,02-351-7944,서울특별시 은평구청,2026-02-26
구산동,1,연서로11길 12-5,19-49,37.6086480000,126.9138380000,2018,,02-351-7944,서울특별시 은평구청,2026-02-26
구산동,1,서오릉로21길 37,382-,37.6129040000,126.9054060000,2008,,02-351-7944,서울특별시 은평구청,2026-02-26
구산동,1,서오릉로13길 10-14,215-19,37.6124720000,126.9122880000,2016,,02-351-7944,서울특별시 은평구청,2026-02-26
구산동,1,갈현로17나길 14,27-15,37.6103620000,126.9101100000,2016,,02-351-7944,서울특별시 은평구청,2026-02-26
구산동,1,연서로11길 3-1,21-46,37.6078650000,126.9149260000,2015,,02-351-7944,서울특별시 은평구청,2026-02-26
구산동,1,갈현로15길 53,162-1,37.6087940000,126.9150030000,2019,,02-351-7944,서울특별시 은평구청,2026-02-26
구산동,1,갈현로15길 27,173-28,37.6083340000,126.9071950000,2019,,02-351-7944,서울특별시 은평구청,2026-02-26
구산동,1,연서로15길 42,216-20,37.6119420000,126.9124200000,2016,,02-351-7944,서울특별시 은평구청,2026-02-26
구산동,1,갈현로15길 37,172-,37.6087400000,126.9072000000,2019,,02-351-7944,서울특별시 은평구청,2026-02-26
구산동,1,갈현로 154,11월 01일,37.6115000000,126.9113960000,2009,,02-351-7944,서울특별시 은평구청,2026-02-26
구산동,1,갈현로17나길 12-1,산27-1,37.6106000000,126.9096420000,2016,,02-351-7944,서울특별시 은평구청,2026-02-26
구산동,1,갈현로17나길 12-1,산27-1,37.6106000000,126.9096420000,2016,,02-351-7944,서울특별시 은평구청,2026-02-26
구산동,1,갈현로17나길 12-1,산27-1,37.6106000000,126.9096420000,2016,,02-351-7944,서울특별시 은평구청,2026-02-26
구산동,1,갈현로17나길 12-1,산27-1,37.6106000000,126.9096420000,2016,,02-351-7944,서울특별시 은평구청,2026-02-26
구산동,1,갈현로17나길 12-1,산27-1,37.6106000000,126.9096420000,2016,,02-351-7944,서울특별시 은평구청,2026-02-26
구산동,1,갈현로17나길 12-1,산27-1,37.6106000000,126.9096420000,2016,,02-351-7944,서울특별시 은평구청,2026-02-26
구산동,1,갈현로15길 38,180-16,37.6083210000,126.9077270000,2019,,02-351-7944,서울특별시 은평구청,2026-02-26
구산동,1,갈현로17나길 36-4,186-4,37.6085110000,126.9097400000,2009,,02-351-7944,서울특별시 은평구청,2026-02-26
구산동,1,갈현로15길 51,산41-1,37.6090080000,126.9059730000,2018,,02-351-7944,서울특별시 은평구청,2026-02-26
구산동,1,서오릉로17길 10-13,345-9,37.6145750000,126.9077720000,2009,,02-351-7944,서울특별시 은평구청,2026-02-26
구산동,1,서오릉로21길 30,355-36,37.6138680000,126.9063660000,2018,,02-351-7944,서울특별시 은평구청,2026-02-26
구산동,1,연서로11길 20-20,19-17,37.6088900000,126.9136760000,2009,,02-351-7944,서울특별시 은평구청,2026-02-26
구산동,1,갈현로7길 56,226,37.6054870000,126.9043260000,2008,,02-351-7944,서울특별시 은평구청,2026-02-26
구산동,1,갈현로7길 56,226,37.6054870000,126.9043260000,2008,,02-351-7944,서울특별시 은평구청,2026-02-26
구산동,1,연서로11길 32-9,16-49,37.6094210000,126.9116860000,2009,,02-351-7944,서울특별시 은평구청,2026-02-26
구산동,1,갈현로17나길 15-7,15-14,37.6098520000,126.9105140000,2009,,02-351-7944,서울특별시 은평구청,2026-02-26
구산동,1,서오릉로25길 25,308-72,37.6166380000,126.9038560000,2009,,02-351-7944,서울특별시 은평구청,2026-02-26
구산동,1,연서로11길 8,20-30,37.6082570000,126.9144330000,2019,,02-351-7944,서울특별시 은평구청,2026-02-26
구산동,1,서오릉로11길 5,03월 05일,37.6118040000,126.9151400000,2008,,02-351-7944,서울특별시 은평구청,2026-02-26
구산동,1,갈현로17나길 30,04월 26일,37.6088040000,126.9102680000,2009,,02-351-7944,서울특별시 은평구청,2026-02-26
구산동,1,갈현로17나길 41,26-21,37.6079190000,126.9100770000,2009,,02-351-7944,서울특별시 은평구청,2026-02-26
구산동,1,갈현로17가길 3-8,100-5,37.6125370000,126.9095910000,2019,,02-351-7944,서울특별시 은평구청,2026-02-26
구산동,1,갈현로17길 12,152-2,37.6123810000,126.9083250000,2019,,02-351-7944,서울특별시 은평구청,2026-02-26
구산동,1,도로명없음,153-2,37.6121910000,126.9101620000,2019,,02-351-7944,서울특별시 은평구청,2026-02-26
구산동,1,갈현로17길 26구산초,152-1,37.6122580000,126.9085760000,2019,,02-351-7944,서울특별시 은평구청,2026-02-26
구산동,1,갈현로17길 26구산초,157-1,37.6122580000,126.9085760000,2019,,02-351-7944,서울특별시 은평구청,2026-02-26
구산동,1,서오릉로23길 8-5,314,37.6158920000,126.9050560000,2009,,02-351-7944,서울특별시 은평구청,2026-02-26
구산동,1,서오릉로23길 8-5,314,37.6158920000,126.9050560000,2009,,02-351-7944,서울특별시 은평구청,2026-02-26
구산동,1,서오릉로23길 8-5,314,37.6158920000,126.9050560000,2009,,02-351-7944,서울특별시 은평구청,2026-02-26
구산동,1,서오릉로23길 8-5,314,37.6158920000,126.9050560000,2009,,02-351-7944,서울특별시 은평구청,2026-02-26
구산동,1,서오릉로23길 8-5,314,37.6158920000,126.9050560000,2009,,02-351-7944,서울특별시 은평구청,2026-02-26
구산동,1,서오릉로23길 5,322-11,37.6152430000,126.9078860000,2009,,02-351-7944,서울특별시 은평구청,2026-02-26
구산동,1,서오릉로23길 14-3뒤,316-11,37.6163860000,126.9058420000,2008,,02-351-7944,서울특별시 은평구청,2026-02-26
구산동,1,갈현로15길 37,172-,37.6087400000,126.9072000000,2019,,02-351-7944,서울특별시 은평구청,2026-02-26
구산동,1,서오릉로21길,142-4,37.6122820000,126.9102740000,2019,,02-351-7944,서울특별시 은평구청,2026-02-26
구산동,1,서오릉로21길,142-4,37.6122820000,126.9102740000,2019,,02-351-7944,서울특별시 은평구청,2026-02-26
구산동,1,서오릉로21길,142-2,37.6122820000,126.9102740000,2019,,02-351-7944,서울특별시 은평구청,2026-02-26
구산동,1,서오릉로21길,142-2,37.6122820000,126.9102740000,2019,,02-351-7944,서울특별시 은평구청,2026-02-26
구산동,1,서오릉로21길,145-,37.6122820000,126.9102740000,2019,,02-351-7944,서울특별시 은평구청,2026-02-26
구산동,1,서오릉로17길 28-20,146-,37.6126990000,126.9095660000,2019,,02-351-7944,서울특별시 은평구청,2026-02-26
구산동,1,서오릉로21길 30-25,355-87,37.6135580000,126.9049890000,2018,,02-351-7944,서울특별시 은평구청,2026-02-26
구산동,1,서오릉로25가길 1뒤,309-17,37.6172040000,126.9056830000,,,02-351-7944,서울특별시 은평구청,2026-02-26
구산동,1,서오릉로13길 10-3,216-2,37.6119470000,126.9129970000,2016,,02-351-7944,서울특별시 은평구청,2026-02-26
구산동,1,연서로13길 29-38,18-23,37.6087940000,126.9130890000,2008,,02-351-7944,서울특별시 은평구청,2026-02-26
구산동,1,갈현로15길 51,산41-1,37.6090080000,126.9059730000,2018,,02-351-7944,서울특별시 은평구청,2026-02-26
구산동,1,갈현로 170-3,200-6,37.6129920000,126.9120310000,,,02-351-7944,서울특별시 은평구청,2026-02-26
구산동,1,갈현로17나길 15-1,03월 15일,37.6101670000,126.9105320000,,,02-351-7944,서울특별시 은평구청,2026-02-26
구산동,1,갈현로16길 16-1,23-29,37.6080630000,126.9129630000,,,02-351-7944,서울특별시 은평구청,2026-02-26
구산동,1,갈현로17나길 20-2,27-64,,,,,02-351-7944,서울특별시 은평구청,2026-02-26
구산동,1,갈현로17나길 30,27-24,37.6089550000,126.9099600000,2019,,02-351-7944,서울특별시 은평구청,2026-02-26
구산동,1,갈현로17나길 30,27-24,37.6090104000,126.9100633000,,,02-351-7944,서울특별시 은평구청,2026-02-26
구산동,1,갈현로15길 27-3,173-5,37.6080070000,126.9068710000,2018,,02-351-7944,서울특별시 은평구청,2026-02-26
구산동,1,서오릉로15길 10-8,206-16,37.6132470000,126.9093540000,,,02-351-7944,서울특별시 은평구청,2026-02-26
구산동,1,서오릉로17길 10-5,345-22,37.6141730000,126.9081400000,2013,,02-351-7944,서울특별시 은평구청,2026-02-26
구산동,1,서오릉로13길 21,7-51,37.6110550000,126.9130440000,2013,,02-351-7944,서울특별시 은평구청,2026-02-26
구산동,1,갈현로15길 6,26-43,37.6076400000,126.9100360000,,,02-351-7944,서울특별시 은평구청,2026-02-26
구산동,1,,173-21,37.6080990000,126.9070730000,,,02-351-7944,서울특별시 은평구청,2026-02-26
구산동,1,갈현로 110,25-33,37.6075940000,126.9108980000,,,02-351-7944,서울특별시 은평구청,2026-02-26
구산동,1,갈현로17나길 16,27-17,37.6101270000,126.9101020000,,,02-351-7944,서울특별시 은평구청,2026-02-26
구산동,1,갈현로15길 51(은평초정문),산41-1,37.6090080000,126.9059730000,2018,,02-351-7944,서울특별시 은평구청,2026-02-26
구산동,1,,165,,,,,02-351-7944,서울특별시 은평구청,2026-02-26
구산동,1,갈현로11가길 13-9,177-41,37.6061760000,126.9076790000,2015,,02-351-7944,서울특별시 은평구청,2026-02-26
구산동,1,서오릉로 217-2,339-18,37.6143470000,126.9094510000,2015,,02-351-7944,서울특별시 은평구청,2026-02-26
구산동,1,서오릉로17길 5-2,341-8,37.6142710000,126.9089770000,2016,,02-351-7944,서울특별시 은평구청,2026-02-26
구산동,1,,386,37.6123340000,126.9070570000,2014,,02-351-7944,서울특별시 은평구청,2026-02-26
구산동,1,서오릉로17길 13-11,341-2,37.6141616500,126.9089120000,2016,,02-351-7944,서울특별시 은평구청,2026-02-26
구산동,1,갈현로15길 20,178-32,37.6079780000,126.9085930000,2016,,02-351-7944,서울특별시 은평구청,2026-02-26
구산동,1,서오릉로21길 48,546,37.6123609500,126.9062299000,2024,,02-351-7944,서울특별시 은평구청,2026-02-26
구산동,1,서오릉로21길 25-8,356-10,37.6138280000,126.9069440000,2016,,02-351-7944,서울특별시 은평구청,2026-02-26
구산동,1,,386,37.6123340000,126.9070570000,,,02-351-7944,서울특별시 은평구청,2026-02-26
구산동,1,,547-1,37.6126830000,126.9068140000,,,02-351-7944,서울특별시 은평구청,2026-02-26
구산동,1,갈현로17나길 34,27-25,37.6085760000,126.9099320000,,,02-351-7944,서울특별시 은평구청,2026-02-26
구산동,1,연서로11길 15-6,23-16,37.6080130000,126.9133940000,,,02-351-7944,서울특별시 은평구청,2026-02-26
구산동,1,연서로15길 12-8,02월 09일,37.6110720000,126.9158420000,,,02-351-7944,서울특별시 은평구청,2026-02-26
구산동,1,서오릉로 211,202-1,37.6139930000,126.9101590000,2016,,02-351-7944,서울특별시 은평구청,2026-02-26
구산동,1,서오릉로23길 8-5,314-,37.6158920000,126.9050560000,,,02-351-7944,서울특별시 은평구청,2026-02-26
구산동,1,서오릉로21가길 10-5,355-30,37.6142820000,126.9053070000,2016,,02-351-7944,서울특별시 은평구청,2026-02-26
구산동,1,연서로9길 28,25-39,37.6075500000,126.9120650000,2017,,02-351-7944,서울특별시 은평구청,2026-02-26
구산동,1,서오릉로21길 29,356-14,37.6136360000,126.9065730000,2017,,02-351-7944,서울특별시 은평구청,2026-02-26
구산동,1,갈현로15길 18,178-35,37.6077900000,126.9087200000,2017,,02-351-7944,서울특별시 은평구청,2026-02-26
구산동,1,갈현로15길 24,176-,37.6079110000,126.9082310000,2017,,02-351-7944,서울특별시 은평구청,2026-02-26
구산동,1,서오릉로 263-1,304-11,37.6175230000,126.9059840000,2017,,02-351-7944,서울특별시 은평구청,2026-02-26
구산동,1,서오릉로21가길 4,355-16,37.6141990000,126.9061230000,2017,,02-351-7944,서울특별시 은평구청,2026-02-26
구산동,1,서오릉로23길 8-3,312-1,37.6162990000,126.9061490000,2017,,02-351-7944,서울특별시 은평구청,2026-02-26
구산동,1,갈현로 134-5,16-31,37.6101060000,126.9117100000,2017,,02-351-7944,서울특별시 은평구청,2026-02-26
구산동,1,서오릉로17길 25,368-16,37.6127580000,126.9081490000,2017,,02-351-7944,서울특별시 은평구청,2026-02-26
구산동,1,연서로13길 24-3,9-42,37.6103650000,126.9133720000,2017,,02-351-7944,서울특별시 은평구청,2026-02-26
구산동,1,갈현로11가길 19,177-21,37.6066980000,126.9085550000,2018,,02-351-7944,서울특별시 은평구청,2026-02-26
구산동,1,갈현로11가길 19,177-21,37.6066980000,126.9085550000,2018,,02-351-7944,서울특별시 은평구청,2026-02-26
구산동,1,연서로15길 41-2,217-19,37.6117330000,126.9122300000,2018,,02-351-7944,서울특별시 은평구청,2026-02-26
구산동,1,서오릉로27길 20-2,308-131,37.6176750000,126.9040110000,2018,,02-351-7944,서울특별시 은평구청,2026-02-26
구산동,1,,356-21,,,,,02-351-7944,서울특별시 은평구청,2026-02-26
구산동,1,서오릉로 163,198-3,37.6123195000,126.9151676000,2018,,02-351-7944,서울특별시 은평구청,2026-02-26
구산동,1,갈현로15길 4,26-41,37.6077407200,126.9102113000,2018,,02-351-7944,서울특별시 은평구청,2026-02-26
구산동,1,서오릉로11길 26-1,09월 06일,37.6103956300,126.9138714000,,,02-351-7944,서울특별시 은평구청,2026-02-26
구산동,1,갈현로17나길 33-1,26-30,37.6085553700,126.9101427000,,,02-351-7944,서울특별시 은평구청,2026-02-26
구산동,1,연서로15길 6,1-32,37.6107021700,126.9163197000,,,02-351-7944,서울특별시 은평구청,2026-02-26
구산동,1,서오릉로15길 15-1,209-17,37.6128672400,126.9100336000,,,02-351-7944,서울특별시 은평구청,2026-02-26
구산동,1,갈현로 134-3,16-36,37.6100109100,126.9114663000,,,02-351-7944,서울특별시 은평구청,2026-02-26
구산동,1,갈현로17나길 33-1,26-30,37.6085553700,126.9101427000,,,02-351-7944,서울특별시 은평구청,2026-02-26
구산동,1,갈현로15길 20-15,178-12,37.6086420000,126.9085342000,,,02-351-7944,서울특별시 은평구청,2026-02-26
구산동,1,서오릉로21가길 10-7,355-6,37.6144970700,126.9053880000,,,02-351-7944,서울특별시 은평구청,2026-02-26
구산동,1,서오릉로23길 9-5,317-23,37.6157309600,126.9067292000,,,02-351-7944,서울특별시 은평구청,2026-02-26
구산동,1,서오릉로21길 8-10,323-14,37.6155523500,126.9071173000,,,02-351-7944,서울특별시 은평구청,2026-02-26
구산동,1,서오릉로17길 20-13,368-53,37.6133186800,126.9075403000,2020,,02-351-7944,서울특별시 은평구청,2026-02-26
구산동,1,서오릉로17길 20-7,368-48,37.6133299800,126.9078223000,2020,,02-351-7944,서울특별시 은평구청,2026-02-26
구산동,1,갈현로 154-9,10-38,37.6113713300,126.9119808000,2020,,02-351-7944,서울특별시 은평구청,2026-02-26
구산동,1,갈현로17나길 36-8맞은편,182-26,,,2020,,02-351-7944,서울특별시 은평구청,2026-02-26
구산동,1,갈현로17나길 30맞은편,27-24,,,2020,,02-351-7944,서울특별시 은평구청,2026-02-26
구산동,1,갈현로17나길 30맞은편,27-24,,,2020,,02-351-7944,서울특별시 은평구청,2026-02-26
구산동,1,갈현로17나길 30맞은편,27-24,,,2020,,02-351-7944,서울특별시 은평구청,2026-02-26
구산동,1,갈현로17나길 30맞은편,27-47,,,2020,,02-351-7944,서울특별시 은평구청,2026-02-26
구산동,1,갈현로17나길 36-38맞은편,27-22,,,2020,,02-351-7944,서울특별시 은평구청,2026-02-26
구산동,1,갈현로17나길 22맞은편,27-21,,,2020,,02-351-7944,서울특별시 은평구청,2026-02-26
구산동,1,갈현로17나길 18-1맞은편,27-65,,,2020,,02-351-7944,서울특별시 은평구청,2026-02-26
구산동,1,갈현로17나길 16-1맞은편,27-62,,,2020,,02-351-7944,서울특별시 은평구청,2026-02-26
구산동,1,서오릉로21가길 6-6,355-26,37.6144889800,126.9059400000,2020,,02-351-7944,서울특별시 은평구청,2026-02-26
구산동,1,서오릉로21길 36,382,37.6133687000,126.9058269000,2020,,02-351-7944,서울특별시 은평구청,2026-02-26
구산동,1,연서로13길 9-7,20-51,37.6092014800,126.9145920000,2021,,02-351-7944,서울특별시 은평구청,2026-02-26
구산동,1,갈현로11가길 10-12,177-75,37.6058596600,126.9087367000,2021,,02-351-7944,서울특별시 은평구청,2026-02-26
구산동,1,연서로11길 29-9,04월 24일,37.6085655400,126.9125373000,,,02-351-7944,서울특별시 은평구청,2026-02-26
구산동,1,서오릉로21가길 11,355-67,37.6139673100,126.9053125000,2021,,02-351-7944,서울특별시 은평구청,2026-02-26
구산동,1,갈현로 171,202-18,37.6133665700,126.9114156000,2021,,02-351-7944,서울특별시 은평구청,2026-02-26
구산동,1,서오릉로27길 21,308-45,37.6173483500,126.9041781000,2021,,02-351-7944,서울특별시 은평구청,2026-02-26
구산동,1,서오릉로25가길 10,304-32,37.6179424100,126.9054643000,2021,,02-351-7944,서울특별시 은평구청,2026-02-26
구산동,1,갈현로11길 16,177-178,37.6053470000,126.9086310000,,,02-351-7944,서울특별시 은평구청,2026-02-26
구산동,1,갈현로15길 8,27-41,37.6076790700,126.9098776000,2021,,02-351-7944,서울특별시 은평구청,2026-02-26
구산동,1,갈현로 155-2,01월 13일,37.6119296800,126.9108995000,2021,,02-351-7944,서울특별시 은평구청,2026-02-26
구산동,1,서오릉로13길 2,199-6,37.6126992100,126.9136592000,2021,,02-351-7944,서울특별시 은평구청,2026-02-26
구산동,1,서오릉로11길 5-2,03월 08일,37.6117264800,126.9152381000,2021,,02-351-7944,서울특별시 은평구청,2026-02-26
구산동,1,갈현로17길 11-5 옆,07월 27일,37.6113586000,126.9101005000,2021,,02-351-7944,서울특별시 은평구청,2026-02-26
구산동,1,서오릉로21가길 14-1,355-88,37.6142978700,126.9051755000,2021,,02-351-7944,서울특별시 은평구청,2026-02-26
구산동,1,갈현로 144-2,11월 25일,37.6106955000,126.9114996000,2021,,02-351-7944,서울특별시 은평구청,2026-02-26
구산동,1,서오릉로21길 7,323-25,37.6152295900,126.9077037000,2021,,02-351-7944,서울특별시 은평구청,2026-02-26
구산동,1,,207-3,,,2021,,02-351-7944,서울특별시 은평구청,2026-02-26
구산동,1,연서로15길 31,218-3,37.6114566500,126.9135395000,2021,,02-351-7944,서울특별시 은평구청,2026-02-26
구산동,1,,368-2,,,2021,,02-351-7944,서울특별시 은평구청,2026-02-26
구산동,1,,182-1,,,2021,,02-351-7944,서울특별시 은평구청,2026-02-26
구산동,1,연서로 117,08월 03일,37.6097198000,126.9161813000,2022,,02-351-7944,서울특별시 은평구청,2026-02-26
구산동,1,연서로 117,08월 03일,37.6097198000,126.9161813000,2022,,02-351-7944,서울특별시 은평구청,2026-02-26
구산동,1,서오릉로149-16,02월 23일,37.6112081000,126.9159588000,2022,,02-351-7944,서울특별시 은평구청,2026-02-26
구산동,1,서오릉로21길 25-10,356-19,37.6138612500,126.9071140000,2022,,02-351-7944,서울특별시 은평구청,2026-02-26
구산동,1,서오릉로17길 2-4 건너편,340-7,37.6148652700,126.9086274000,2022,,02-351-7944,서울특별시 은평구청,2026-02-26
구산동,1,연서로11길 6-9,20-21,37.6085344600,126.9146630000,2022,,02-351-7944,서울특별시 은평구청,2026-02-26
구산동,1,연서로11길 6-3,20-28,37.6084469100,126.9145913000,2022,,02-351-7944,서울특별시 은평구청,2026-02-26
구산동,1,연서로11길 30-3,16-74,37.6091248700,126.9121198000,2022,,02-351-7944,서울특별시 은평구청,2026-02-26
구산동,1,갈현로11가길 4-1,177-82,37.6055467400,126.9084270000,2022,,02-351-7944,서울특별시 은평구청,2026-02-26
구산동,1,서오릉로13길 5,220-1,,9차,2022,,02-351-7944,서울특별시 은평구청,2026-02-26
구산동,1,서오릉로21가길 6,355-18,37.6140871400,126.9060038000,2022,,02-351-7944,서울특별시 은평구청,2026-02-26
구산동,1,서오릉로21가길 12,355-32,37.6140475200,126.9053089000,2022,,02-351-7944,서울특별시 은평구청,2026-02-26
구산동,1,서오릉로21가길 1,355-36,37.6139702200,126.9064124000,2022,,02-351-7944,서울특별시 은평구청,2026-02-26
구산동,1,서오릉로21길 30,355-38,37.6137523900,126.9064218000,2022,,02-351-7944,서울특별시 은평구청,2026-02-26
구산동,1,서오릉로17길 18-15,353,37.6137952400,126.9073714000,2022,,02-351-7944,서울특별시 은평구청,2026-02-26
구산동,1,서오릉로13길 23-19,7-46,37.6109503700,126.9136134000,2023,,02-351-7944,서울특별시 은평구청,2026-02-26
구산동,1,서오릉로5가길 3-26,308-2,,,2023,,02-351-7944,서울특별시 은평구청,2026-02-26
구산동,1,,03월 25일,,,2023,,02-351-7944,서울특별시 은평구청,2026-02-26
구산동,1,갈현로 151,10월 14일,37.6115200100,126.9111830000,2023,,02-351-7944,서울특별시 은평구청,2026-02-26
구산동,1,,215-1,,,2023,,02-351-7944,서울특별시 은평구청,2026-02-26
구산동,1,갈현로15길 16-10,178-1,37.6084580600,126.9090749000,2023,,02-351-7944,서울특별시 은평구청,2026-02-26
구산동,1,갈현로15길 16-11,178-24,37.6084725600,126.9089029000,2023,,02-351-7944,서울특별시 은평구청,2026-02-26
구산동,1,갈현로15길 20-14,178-25,37.6086097100,126.9086711000,2023,,02-351-7944,서울특별시 은평구청,2026-02-26
구산동,1,갈현로15길 20-19,183-2,37.6089113700,126.9085600000,2023,,02-351-7944,서울특별시 은평구청,2026-02-26
구산동,1,갈현로17길 17,159-10,37.6117760200,126.9095284000,2023,,02-351-7944,서울특별시 은평구청,2026-02-26
구산동,1,서오릉로13길 6-13,215-20,37.6128095500,126.9123613000,2023,,02-351-7944,서울특별시 은평구청,2026-02-26
구산동,1,서오릉로13길 22,10월 15일,37.6111030600,126.9127441000,2023,,02-351-7944,서울특별시 은평구청,2026-02-26
구산동,1,연서로11길 20-5,18-20,37.6088230100,126.9132482000,2023,,02-351-7944,서울특별시 은평구청,2026-02-26
구산동,1,서오릉로25가길 3-6,309-19,37.6174233300,126.9052747000,2023,,02-351-7944,서울특별시 은평구청,2026-02-26
구산동,1,갈현로 120-11,24-20,37.6086867100,126.9118431000,2023,,02-351-7944,서울특별시 은평구청,2026-02-26
구산동,1,갈현로11가길 12,177-55,37.6060686300,126.9085509000,2023,,02-351-7944,서울특별시 은평구청,2026-02-26
구산동,1,갈현로11가길 9-12,177-47,37.6061279700,126.9076663000,2023,,02-351-7944,서울특별시 은평구청,2026-02-26
구산동,1,갈현로11길 26-3,191-5,37.6053938800,126.9078215000,2023,,02-351-7944,서울특별시 은평구청,2026-02-26
구산동,1,갈현로15길 11-4,177-153,37.6074062500,126.9092587000,2023,,02-351-7944,서울특별시 은평구청,2026-02-26
구산동,1,서오릉로25길 16-2,308-37,37.6170296300,126.9048276000,2023,,02-351-7944,서울특별시 은평구청,2026-02-26
구산동,1,갈현로15길 20-26,185-4,37.6085894400,126.9091678000,2023,,02-351-7944,서울특별시 은평구청,2026-02-26
구산동,1,연서로11길 9-3,08월 22일,37.6079234700,126.9142142000,2023,,02-351-7944,서울특별시 은평구청,2026-02-26
구산동,1,서오릉로 271-4,304-22,37.6182989400,126.9056482000,2023,,02-351-7944,서울특별시 은평구청,2026-02-26
구산동,1,갈현로15길 11-7,177-129,37.6071642200,126.9093566000,2023,,02-351-7944,서울특별시 은평구청,2026-02-26
구산동,1,서오릉로25길 7,310-1,37.6171486600,126.9056196000,2023,,02-351-7944,서울특별시 은평구청,2026-02-26
구산동,1,서오릉로27길 27,305-6,37.6168279300,126.9038732000,2023,,02-351-7944,서울특별시 은평구청,2026-02-26
구산동,1,서오릉로27길 21,308-45,37.6173483500,126.9041781000,2023,,02-351-7944,서울특별시 은평구청,2026-02-26
구산동,1,서오릉로21길 39,383,37.6129207600,126.9066089000,2023,,02-351-7944,서울특별시 은평구청,2026-02-26
구산동,1,서오릉로17길 18-6,350-9,37.6137056700,126.9078941000,2023,,02-351-7944,서울특별시 은평구청,2026-02-26
구산동,1,서오릉로17길 15-16,363-21,37.6131026000,126.9087762000,2023,,02-351-7944,서울특별시 은평구청,2026-02-26
구산동,1,갈현로17가길 3-10,100-1,37.6124076400,126.9101737000,2023,,02-351-7944,서울특별시 은평구청,2026-02-26
구산동,1,갈현로17가길 3-6,100-6,37.6121447300,126.9100945000,2023,,02-351-7944,서울특별시 은평구청,2026-02-26
구산동,1,서오릉로17길 7,342-1,37.6143332300,126.9087048000,2023,,02-351-7944,서울특별시 은평구청,2026-02-26
구산동,1,서오릉로17길 13-5,362-1,37.6140170500,126.9086574000,2023,,02-351-7944,서울특별시 은평구청,2026-02-26
구산동,1,갈현로17길 17,159-10,37.6117760200,126.9095284000,2023,,02-351-7944,서울특별시 은평구청,2026-02-26
구산동,1,서오릉로21길 11-8,340-6,37.6148695800,126.9080004000,2023,,02-351-7944,서울특별시 은평구청,2026-02-26
구산동,1,갈현로15길 20-8,178-38,,,2023,,02-351-7944,서울특별시 은평구청,2026-02-26
구산동,1,갈현로17나길 36-5,188-48,37.6084356500,126.9095572000,2023,,02-351-7944,서울특별시 은평구청,2026-02-26
구산동,1,갈현로15길 18,178-38,37.6078025700,126.9087910000,2023,,02-351-7944,서울특별시 은평구청,2026-02-26
구산동,1,연서로15길 46,216-11,37.6120846400,126.9120721000,2023,,02-351-7944,서울특별시 은평구청,2026-02-26
구산동,1,서오릉로11길 14,06월 17일,37.6111963400,126.9145905000,2023,,02-351-7944,서울특별시 은평구청,2026-02-26
구산동,1,서오릉로13길 23,9-35,37.6108717100,126.9128655000,2023,,02-351-7944,서울특별시 은평구청,2026-02-26
구산동,1,서오릉로11길 22-2,07월 17일,37.6106587000,126.9139222000,2023,,02-351-7944,서울특별시 은평구청,2026-02-26
구산동,1,연서로15길 35,217-17,37.6116634400,126.9130706000,2023,,02-351-7944,서울특별시 은평구청,2026-02-26
구산동,1,갈현로11가길 15,177-28,37.6064118100,126.9085099000,2023,,02-351-7944,서울특별시 은평구청,2026-02-26
구산동,1,갈현로11가길 3,191-11,37.6054672700,126.9082882000,2023,,02-351-7944,서울특별시 은평구청,2026-02-26
구산동,1,서오릉로23길 9-2,317-17,37.6157457300,126.9062886000,2023,,02-351-7944,서울특별시 은평구청,2026-02-26
구산동,1,서오릉로25길 5-12,310-3,37.6166205600,126.9058918000,2023,,02-351-7944,서울특별시 은평구청,2026-02-26
구산동,1,서오릉로27길 16,308-58,37.6178783000,126.9043569000,2023,,02-351-7944,서울특별시 은평구청,2026-02-26
구산동,1,연서로9길 20-5,23-27,37.6078881600,126.9129008000,2023,,02-351-7944,서울특별시 은평구청,2026-02-26
구산동,1,연서로11길 30,18-33,37.6088746000,126.9122008000,2023,,02-351-7944,서울특별시 은평구청,2026-02-26
구산동,1,갈현로17길 27,158,37.6120384100,126.9084309000,2023,,02-351-7944,서울특별시 은평구청,2026-02-26
구산동,1,갈현로17나길 11,14-32,37.6106849100,126.9104492000,2023,,02-351-7944,서울특별시 은평구청,2026-02-26
구산동,1,갈현로17나길 41,26-21,37.6079968200,126.9100399000,2023,,02-351-7944,서울특별시 은평구청,2026-02-26
구산동,1,갈현로 114,25-17,37.6081198600,126.9109295000,2023,,02-351-7944,서울특별시 은평구청,2026-02-26
구산동,1,서오릉로25가길 3-13,309-29,37.6175602800,126.9048515000,2023,,02-351-7944,서울특별시 은평구청,2026-02-26
구산동,1,갈현로 154-9,10-38,37.6113713300,126.9119808000,2023,,02-351-7944,서울특별시 은평구청,2026-02-26
구산동,1,갈현로17나길 6,09월 27일,37.6111902100,126.9103432000,2024,,02-351-7944,서울특별시 은평구청,2026-02-26
구산동,1,갈현로17나길 14,27-15,37.6104977700,126.9101411000,2024,,02-351-7944,서울특별시 은평구청,2026-02-26
구산동,1,갈현로17나길 38,27-32,37.6083497900,126.9099784000,2024,,02-351-7944,서울특별시 은평구청,2026-02-26
구산동,1,서오릉로13길 19,218-2,37.6112470400,126.9131000000,2024,,02-351-7944,서울특별시 은평구청,2026-02-26
구산동,1,,산22-6,,,2024,,02-351-7944,서울특별시 은평구청,2026-02-26
구산동,1,서오릉로21길 33-24,360,37.6134367800,126.9072000000,2024,,02-351-7944,서울특별시 은평구청,2026-02-26
구산동,1,갈현로11가길 13-22,177-33,37.6064213900,126.9081234000,2024,,02-351-7944,서울특별시 은평구청,2026-02-26
구산동,1,갈현로11가길 13-22,177-33,37.6064213900,126.9081234000,2024,,02-351-7944,서울특별시 은평구청,2026-02-26
구산동,1,연서로11길 29-4,24-59,37.6085188400,126.9120774000,2024,,02-351-7944,서울특별시 은평구청,2026-02-26
구산동,1,갈현로15길 28-20,180-14,37.6090379800,126.9081168000,2024,,02-351-7944,서울특별시 은평구청,2026-02-26
구산동,1,갈현로15길 28-20,180-14,37.6090379800,126.9081168000,2024,,02-351-7944,서울특별시 은평구청,2026-02-26
구산동,1,갈현로 151,10월 14일,37.6115200100,126.9111830000,2024,,02-351-7944,서울특별시 은평구청,2026-02-26
구산동,1,갈현로15길 20-20,185-2,37.6087265900,126.9088907000,2024,,02-351-7944,서울특별시 은평구청,2026-02-26
구산동,1,갈현로15길 20-20,185-2,37.6087265900,126.9088907000,2024,,02-351-7944,서울특별시 은평구청,2026-02-26
구산동,1,갈현로 123-3,02월 26일,37.6091038700,126.9104576000,2024,,02-351-7944,서울특별시 은평구청,2026-02-26
구산동,1,서오릉로11길 10,05월 10일,37.6116262300,126.9148116000,2024,,02-351-7944,서울특별시 은평구청,2026-02-26
구산동,1,서오릉로11길 10,05월 10일,37.6116262300,126.9148116000,2024,,02-351-7944,서울특별시 은평구청,2026-02-26
구산동,1,연서로11길 20-8,19-23,37.6089694500,126.9134707000,2024,,02-351-7944,서울특별시 은평구청,2026-02-26
구산동,1,서오릉로 157-19,2-32,37.6113200600,126.9155793000,2024,,02-351-7944,서울특별시 은평구청,2026-02-26
구산동,1,연서로13길 7,01월 20일,37.6093323200,126.9151069000,2024,,02-351-7944,서울특별시 은평구청,2026-02-26
구산동,1,갈현로7길 56,226,37.6050501400,126.9045592000,2024,,02-351-7944,서울특별시 은평구청,2026-02-26
구산동,1,연서로13길 5-18,11월 20일,37.6087245500,126.9147698000,2024,,02-351-7944,서울특별시 은평구청,2026-02-26
구산동,1,갈현로7길 56,226,37.6050501400,126.9045592000,2024,,02-351-7944,서울특별시 은평구청,2026-02-26
구산동,1,서오릉로11길 16,07월 01일,37.6111332400,126.9145282000,2024,,02-351-7944,서울특별시 은평구청,2026-02-26
구산동,1,갈현로7길 56,226,37.6050501400,126.9045592000,2024,,02-351-7944,서울특별시 은평구청,2026-02-26
구산동,1,갈현로7길 56,226,37.6050501400,126.9045592000,2024,,02-351-7944,서울특별시 은평구청,2026-02-26
구산동,1,갈현로15길 30,180-16,37.6082649900,126.9077524000,2024,,02-351-7944,서울특별시 은평구청,2026-02-26
구산동,1,갈현로11길 26,191-12,37.6050917500,126.9077789000,2024,,02-351-7944,서울특별시 은평구청,2026-02-26
구산동,1,서오릉로13길 30,10-34,37.6105193800,126.9124931000,2024,,02-351-7944,서울특별시 은평구청,2026-02-26
구산동,1,갈현로 154-26,11-38,37.6108550900,126.9120617000,2024,,02-351-7944,서울특별시 은평구청,2026-02-26
구산동,1,갈현로 154-26,11-38,37.6108550900,126.9120617000,2024,,02-351-7944,서울특별시 은평구청,2026-02-26
구산동,1,연서로15길 45-7,10월 03일,37.6115575900,126.9119986000,2024,,02-351-7944,서울특별시 은평구청,2026-02-26
구산동,1,연서로15길 45-7,10월 03일,37.6115575900,126.9119986000,2024,,02-351-7944,서울특별시 은평구청,2026-02-26
구산동,1,갈현로15길 12,188-57,37.6076844300,126.9094736000,2024,,02-351-7944,서울특별시 은평구청,2026-02-26
구산동,1,갈현로15길 11,177-109,37.6075390100,126.9095702000,2024,,02-351-7944,서울특별시 은평구청,2026-02-26
구산동,1,갈현로15길 20-20,185-2,37.6087265900,126.9088907000,2024,,02-351-7944,서울특별시 은평구청,2026-02-26
구산동,1,서오릉로21가길 4-6,355-5,37.6144652700,126.9061376000,2024,,02-351-7944,서울특별시 은평구청,2026-02-26
구산동,1,서오릉로15길 5-7,202-27,37.6137733900,126.9103613000,,,02-351-7944,서울특별시 은평구청,2026-02-26
구산동,1,서오릉로15길 15-14,210-1,37.6134282900,126.9103704000,,,02-351-7944,서울특별시 은평구청,2026-02-26
구산동,1,갈현로15길 7-4,Nov-53,37.6078020000,126.9080970000,2023,,02-351-7944,서울특별시 은평구청,2026-02-26
구산동,1,서오릉로27길 24,308-198,37.6171787000,126.9039355000,2023,,02-351-7944,서울특별시 은평구청,2026-02-26
구산동,1,서오릉로27길 27,308-6,37.6168279300,126.9038732000,2023,,02-351-7944,서울특별시 은평구청,2026-02-26
구산동,1,서오릉로 273,304-52,37.6185120800,126.9058043000,2023,,02-351-7944,서울특별시 은평구청,2026-02-26
구산동,1,서오릉로25길 20-7,308-80,37.6170969600,126.9041916000,2023,,02-351-7944,서울특별시 은평구청,2026-02-26
구산동,1,서오릉로27길 7,308-52,37.6182998400,126.9051066000,2023,,02-351-7944,서울특별시 은평구청,2026-02-26
구산동,1,갈현로11길 14,177-83,37.6053803700,126.9089007000,2023,,02-351-7944,서울특별시 은평구청,2026-02-26
구산동,1,갈현로11길 46,224,37.6047987600,126.9054251000,2023,,02-351-7944,서울특별시 은평구청,2026-02-26
녹번동,1,은평로21길 3,Jan-44,37.6013320000,126.9336040000,2015,,02-351-7944,서울특별시 은평구청,2026-02-26
녹번동,1,은평로21길 4,Jul-43,37.6014940000,126.9336700000,2019,,02-351-7944,서울특별시 은평구청,2026-02-26
녹번동,1,은평로21길 3-6,Apr-44,37.6014550000,126.9333190000,2019,,02-351-7944,서울특별시 은평구청,2026-02-26
녹번동,1,은평로21길 3,Jan-44,37.6013320000,126.9336040000,2018,,02-351-7944,서울특별시 은평구청,2026-02-26
녹번동,1,은평로21길 3-10,44-19,37.6014510000,126.9328670000,2019,,02-351-7944,서울특별시 은평구청,2026-02-26
녹번동,1,은평로21길 9-2 옆,44-19,37.6016293800,126.9329250000,,,02-351-7944,서울특별시 은평구청,2026-02-26
녹번동,1,은평로21길 6-6,43-36,37.6017460000,126.9336210000,2016,,02-351-7944,서울특별시 은평구청,2026-02-26
녹번동,1,은평로21길 6-11,43-13,37.6020690000,126.9334010000,2016,,02-351-7944,서울특별시 은평구청,2026-02-26
녹번동,1,은평로21길 6-15,43-51,37.6022750000,126.9332850000,2000,,02-351-7944,서울특별시 은평구청,2026-02-26
녹번동,1,은평로21길 6-21,43-50,37.6024100000,126.9333400000,,,02-351-7944,서울특별시 은평구청,2026-02-26
녹번동,1,은평로21길 6-24,43-55,37.6024320000,126.9337470000,2000,,02-351-7944,서울특별시 은평구청,2026-02-26
녹번동,1,은평로21길 6-33,산22-11,37.6027230000,126.9330520000,2016,,02-351-7944,서울특별시 은평구청,2026-02-26
녹번동,1,은평로21길 6-33,산22-8,37.6030770000,126.9332960000,2017,,02-351-7944,서울특별시 은평구청,2026-02-26
녹번동,1,은평로21길 12,43-20,37.6018500000,126.9330870000,2019,,02-351-7944,서울특별시 은평구청,2026-02-26
녹번동,1,은평로21길 12,43-20,37.6018006000,126.9330795000,,,02-351-7944,서울특별시 은평구청,2026-02-26
녹번동,1,은평로21길 9,Feb-44,37.6017094300,126.9330179000,2020,,02-351-7944,서울특별시 은평구청,2026-02-26
녹번동,1,은평로21길 14-1,Mar-76,37.6023710000,126.9319250000,2000,,02-351-7944,서울특별시 은평구청,2026-02-26
녹번동,1,은평로21길 14-1,Mar-76,37.6019100000,126.9327580000,2016,,02-351-7944,서울특별시 은평구청,2026-02-26
녹번동,1,은평로21길 14-10,76-35,37.6024560000,126.9293870000,2002,,02-351-7944,서울특별시 은평구청,2026-02-26
녹번동,1,은평로21길 18,Jun-76,37.6020320000,126.9323030000,,,02-351-7944,서울특별시 은평구청,2026-02-26
녹번동,1,은평로21길 18,76-38,37.6020320000,126.9323030000,2018,,02-351-7944,서울특별시 은평구청,2026-02-26
녹번동,1,은평로21길 14-26,산28-6,37.6027120000,126.9318180000,,,02-351-7944,서울특별시 은평구청,2026-02-26
녹번동,1,은평로21길 16,Oct-76,37.6019700000,126.9325080000,2019,,02-351-7944,서울특별시 은평구청,2026-02-26
녹번동,1,은평로21길 17,Mar-73,37.6017880000,126.9322390000,2015,,02-351-7944,서울특별시 은평구청,2026-02-26
녹번동,1,은평로21길 19,Feb-73,37.6018580000,126.9320450000,2005,,02-351-7944,서울특별시 은평구청,2026-02-26
녹번동,1,은평로21길 19-6,Sep-75,37.6017570000,126.9317860000,2019,,02-351-7944,서울특별시 은평구청,2026-02-26
녹번동,1,은평로 221-1,237,37.6013200000,126.9323700000,2016,,02-351-7944,서울특별시 은평구청,2026-02-26
녹번동,1,은평로21길 3-19,221-17,37.6014190000,126.9322550000,2017,,02-351-7944,서울특별시 은평구청,2026-02-26
녹번동,1,은평로 219,226,37.6013540000,126.9320530000,,,02-351-7944,서울특별시 은평구청,2026-02-26
녹번동,1,은평로 217,223,37.6014790000,126.9319150000,2019,,02-351-7944,서울특별시 은평구청,2026-02-26
녹번동,1,은평로 205-7,73-17,37.6015270000,126.9312690000,2019,,02-351-7944,서울특별시 은평구청,2026-02-26
녹번동,1,은평로21길 14-26,76-36,37.6023710000,126.9319250000,2016,,02-351-7944,서울특별시 은평구청,2026-02-26
녹번동,1,은평로21길 24,76-22,37.6021990000,126.9318250000,2003,,02-351-7944,서울특별시 은평구청,2026-02-26
녹번동,1,은평로21길 25-1,75-34,37.6021320000,126.9314530000,2019,,02-351-7944,서울특별시 은평구청,2026-02-26
녹번동,1,은평로21길 25-1,75-34,37.6021320000,126.9314530000,2016,,02-351-7944,서울특별시 은평구청,2026-02-26
녹번동,1,은평로21길 25-3,75-35,37.6019520000,126.9314100000,2016,,02-351-7944,서울특별시 은평구청,2026-02-26
녹번동,1,은평로21길 31-15,75-26,37.6018500000,126.9311960000,2016,,02-351-7944,서울특별시 은평구청,2026-02-26
녹번동,1,은평로21길 31-14,75-22,37.6017420000,126.9311070000,2016,,02-351-7944,서울특별시 은평구청,2026-02-26
녹번동,1,은평로21길 31-11,75-27,37.6019210000,126.9310590000,2016,,02-351-7944,서울특별시 은평구청,2026-02-26
녹번동,1,은평로21길 31-7,75-28,37.6020290000,126.9310350000,2016,,02-351-7944,서울특별시 은평구청,2026-02-26
녹번동,1,은평로21길 29,75-32,37.6022730000,126.9310540000,2019,,02-351-7944,서울특별시 은평구청,2026-02-26
녹번동,1,은평로21길 31,Feb-75,37.6023330000,126.9307930000,2016,,02-351-7944,서울특별시 은평구청,2026-02-26
녹번동,1,은평로21길 30,76-13,37.6024890000,126.9310620000,2019,,02-351-7944,서울특별시 은평구청,2026-02-26
녹번동,1,은평로21길 30-4,76-33,37.6025650000,126.9314920000,2019,,02-351-7944,서울특별시 은평구청,2026-02-26
녹번동,1,은평로21길 34,Nov-76,37.6025850000,126.9307440000,2019,,02-351-7944,서울특별시 은평구청,2026-02-26
녹번동,1,은평로21길 34-3,Mar-91,37.6027750000,126.9307750000,2016,,02-351-7944,서울특별시 은평구청,2026-02-26
녹번동,1,은평로21길 30-1,Jul-96,37.6059250000,126.9293940000,2016,,02-351-7944,서울특별시 은평구청,2026-02-26
녹번동,1,은평로21길 36-2,Jun-91,37.6028820000,126.9306720000,2019,,02-351-7944,서울특별시 은평구청,2026-02-26
녹번동,1,은평로21길 39-2,Jan-88,37.6028230000,126.9301860000,2019,,02-351-7944,서울특별시 은평구청,2026-02-26
녹번동,1,은평로 203-12,Jan-79,37.6023830000,126.9302600000,2019,,02-351-7944,서울특별시 은평구청,2026-02-26
녹번동,1,은평로21길 35-9,Jul-78,37.6022968800,126.9303595000,2020,,02-351-7944,서울특별시 은평구청,2026-02-26
녹번동,1,은평로21길 35-15,,37.6019755400,126.9305381000,2019,,02-351-7944,서울특별시 은평구청,2026-02-26
녹번동,1,은평로 203-5,79-44,37.6016890000,126.9303260000,2019,,02-351-7944,서울특별시 은평구청,2026-02-26
녹번동,1,은평로 203-10,79-19,37.6020400000,126.9302310000,2019,,02-351-7944,서울특별시 은평구청,2026-02-26
녹번동,1,은평로 201-9,,37.6020316600,126.9297721000,2019,,02-351-7944,서울특별시 은평구청,2026-02-26
녹번동,1,은평로 201-9,79-36,37.6019450000,126.9297110000,2019,,02-351-7944,서울특별시 은평구청,2026-02-26
녹번동,1,은평로 201-4,79-40,37.6015120000,126.9296490000,2019,,02-351-7944,서울특별시 은평구청,2026-02-26
녹번동,1,은평로21길 42,86-120,37.6029110000,126.9298790000,2017,,02-351-7944,서울특별시 은평구청,2026-02-26
녹번동,1,은평로 195,Jan-87,37.6025110000,126.9295670000,,,02-351-7944,서울특별시 은평구청,2026-02-26
녹번동,1,은평로21길 40-15,86-169,37.6033010000,126.9301790000,2016,,02-351-7944,서울특별시 은평구청,2026-02-26
녹번동,1,은평로21길 40-14,Feb-90,37.6032490000,126.9304510000,2016,,02-351-7944,서울특별시 은평구청,2026-02-26
녹번동,1,은평로21길 40-18,산40-1,37.6037590000,126.9310100000,2000,,02-351-7944,서울특별시 은평구청,2026-02-26
녹번동,1,은평로21가길 22-3,산40-1,37.6037590000,126.9310100000,,,02-351-7944,서울특별시 은평구청,2026-02-26
녹번동,1,은평로21길 42,86-120,37.6030800000,126.9296270000,,,02-351-7944,서울특별시 은평구청,2026-02-26
녹번동,1,은평로21길 42-2,86-119,37.6031790000,126.9296600000,2019,,02-351-7944,서울특별시 은평구청,2026-02-26
녹번동,1,은평로21길 52,Jan-86,37.6032150000,126.9286740000,,,02-351-7944,서울특별시 은평구청,2026-02-26
녹번동,1,은평로 195,84,37.6024560000,126.9293870000,,,02-351-7944,서울특별시 은평구청,2026-02-26
녹번동,1,녹번로 6-30,Oct-83,37.6028107200,126.9284711000,,,02-351-7944,서울특별시 은평구청,2026-02-26
녹번동,1,은평로 195,84-,37.6024560000,126.9293870000,2002,,02-351-7944,서울특별시 은평구청,2026-02-26
녹번동,1,은평로 195(보건소),84,37.6021755600,126.9293379000,,,02-351-7944,서울특별시 은평구청,2026-02-26
녹번동,1,은평로 185,185,37.6019500000,126.9282160000,2019,,02-351-7944,서울특별시 은평구청,2026-02-26
녹번동,1,은평로 187-1,197-,37.6018000000,126.9286370000,2019,,02-351-7944,서울특별시 은평구청,2026-02-26
녹번동,1,은평로 187-3,192,37.6019080000,126.9286020000,2002,,02-351-7944,서울특별시 은평구청,2026-02-26
녹번동,1,은평로 187-2,194-,37.6019360000,126.9287490000,2002,,02-351-7944,서울특별시 은평구청,2026-02-26
녹번동,1,서오릉로2길 9,83-16,37.6024410000,126.9277900000,2014,,02-351-7944,서울특별시 은평구청,2026-02-26
녹번동,1,서오릉로2길 7-8,83-62,37.6025390000,126.9276080000,,,02-351-7944,서울특별시 은평구청,2026-02-26
녹번동,1,서오릉로2길 5,83-42,37.6024910000,126.9273250000,,,02-351-7944,서울특별시 은평구청,2026-02-26
녹번동,1,서오릉로2길 5,,37.6024329000,126.9272960000,,,02-351-7944,서울특별시 은평구청,2026-02-26
녹번동,1,서오릉로 12,83-26,37.6025410000,126.9268150000,2001,,02-351-7944,서울특별시 은평구청,2026-02-26
녹번동,1,녹번로 6-28,83-37,37.6027430000,126.9282840000,2002,,02-351-7944,서울특별시 은평구청,2026-02-26
녹번동,1,서오릉로2길 13-6,83-64,37.6025260000,126.9282420000,2002,,02-351-7944,서울특별시 은평구청,2026-02-26
녹번동,1,녹번로 6-24,Nov-83,37.6027300000,126.9278090000,2000,,02-351-7944,서울특별시 은평구청,2026-02-26
녹번동,1,녹번로 6-10,83-41,37.6027890000,126.9273440000,,,02-351-7944,서울특별시 은평구청,2026-02-26
녹번동,1,은평로21길 57,83-31,37.6030210000,126.9281670000,2019,,02-351-7944,서울특별시 은평구청,2026-02-26
녹번동,1,은평로21길 61,Jun-83,37.6030800000,126.9276340000,2019,,02-351-7944,서울특별시 은평구청,2026-02-26
녹번동,1,은평로21가길 6,86-126,37.6034030000,126.9295430000,2003,,02-351-7944,서울특별시 은평구청,2026-02-26
녹번동,1,은평로21가길 9,86-30,37.6037910000,126.9296050000,2016,,02-351-7944,서울특별시 은평구청,2026-02-26
녹번동,1,남도기숙사 사이길,86-,,,2018,,02-351-7944,서울특별시 은평구청,2026-02-26
녹번동,1,은평로21가길 15-15,86-41,37.6032150000,126.9286740000,2016,,02-351-7944,서울특별시 은평구청,2026-02-26
녹번동,1,은평로21가길 12,86-114,37.6038300000,126.9299330000,2016,,02-351-7944,서울특별시 은평구청,2026-02-26
녹번동,1,은평로21가길 13,86-24,37.6040990000,126.9298050000,2019,,02-351-7944,서울특별시 은평구청,2026-02-26
녹번동,1,은평로21가길 15,86-77,37.6042450000,126.9299610000,2019,,02-351-7944,서울특별시 은평구청,2026-02-26
녹번동,1,은평로21가길 15-10,86-56,37.6045770000,126.9297980000,2018,,02-351-7944,서울특별시 은평구청,2026-02-26
녹번동,1,은평로21가길 18,86-15,37.6042570000,126.9303010000,2019,,02-351-7944,서울특별시 은평구청,2026-02-26
녹번동,1,은평로21가길 18-3,86-113,37.6042610000,126.9306970000,2019,,02-351-7944,서울특별시 은평구청,2026-02-26
녹번동,1,은평로21가길 17-4,86-35,37.6046620000,126.9302270000,2019,,02-351-7944,서울특별시 은평구청,2026-02-26
녹번동,1,은평로21가길 17-1,86-73,37.6044190000,126.9302310000,2016,,02-351-7944,서울특별시 은평구청,2026-02-26
녹번동,1,은평로21가길 21,86-43,37.6045570000,126.9305460000,2019,,02-351-7944,서울특별시 은평구청,2026-02-26
녹번동,1,은평로21길 40-14,86-90,37.6032490000,126.9304510000,2019,,02-351-7944,서울특별시 은평구청,2026-02-26
녹번동,1,은평로21가길 22-3,산40-1,37.6037590000,126.9310100000,,,02-351-7944,서울특별시 은평구청,2026-02-26
녹번동,1,은평로21가길 22-3,산40-1,37.6037590000,126.9310100000,,,02-351-7944,서울특별시 은평구청,2026-02-26
녹번동,1,은평로21가길 22-2,86-50,37.6043990000,126.9310460000,2003,,02-351-7944,서울특별시 은평구청,2026-02-26
녹번동,1,은평로21가길 31-1,29-147,37.6046210000,126.9316890000,2016,,02-351-7944,서울특별시 은평구청,2026-02-26
녹번동,1,은평로21가길 29,29-144,37.6047180000,126.9314720000,2016,,02-351-7944,서울특별시 은평구청,2026-02-26
녹번동,1,은평로21가길 28,Sep-86,37.6045640000,126.9313610000,2016,,02-351-7944,서울특별시 은평구청,2026-02-26
녹번동,1,은평로21가길 32,산40-14,37.6044830000,126.9314190000,2016,,02-351-7944,서울특별시 은평구청,2026-02-26
녹번동,1,녹번로6가길 11,89-17,37.6048970000,126.9313340000,2019,,02-351-7944,서울특별시 은평구청,2026-02-26
녹번동,1,녹번로4길 14,89-23,37.6048740000,126.9307560000,2019,,02-351-7944,서울특별시 은평구청,2026-02-26
녹번동,1,녹번로4길 9,89-20,37.6049450000,126.9306200000,2018,,02-351-7944,서울특별시 은평구청,2026-02-26
녹번동,1,녹번로4길 6-1,94-16,37.6051860000,126.9304460000,,,02-351-7944,서울특별시 은평구청,2026-02-26
녹번동,1,녹번로4길 6-5,Sep-94,37.6050140000,126.9303350000,2016,,02-351-7944,서울특별시 은평구청,2026-02-26
녹번동,1,녹번로4길 4,Oct-94,37.6054820000,126.9301930000,2000,,02-351-7944,서울특별시 은평구청,2026-02-26
녹번동,1,녹번로4길 2,Feb-94,37.6054820000,126.9301930000,2018,,02-351-7944,서울특별시 은평구청,2026-02-26
녹번동,1,녹번로4길 2,Feb-94,37.6055610000,126.9300440000,2000,,02-351-7944,서울특별시 은평구청,2026-02-26
녹번동,1,녹번로 44-2,Nov-96,37.6052590000,126.9295280000,2000,,02-351-7944,서울특별시 은평구청,2026-02-26
녹번동,1,녹번로 54,95-43,37.6056850000,126.9308130000,2004,,02-351-7944,서울특별시 은평구청,2026-02-26
녹번동,1,,95-23,37.6057990000,126.9304710000,2017,,02-351-7944,서울특별시 은평구청,2026-02-26
녹번동,1,녹번로6길 2,29-137,37.6060230000,126.9312380000,2018,,02-351-7944,서울특별시 은평구청,2026-02-26
녹번동,1,녹번로 30-1,100-42,37.6047002700,126.9285621000,,,02-351-7944,서울특별시 은평구청,2026-02-26
녹번동,1,녹번로 60-12,29-83,37.6055630000,126.9311880000,2003,,02-351-7944,서울특별시 은평구청,2026-02-26
녹번동,1,녹번로 60-6,29-85,37.6057690000,126.9310720000,2005,,02-351-7944,서울특별시 은평구청,2026-02-26
녹번동,1,녹번로6길 1,29-28,37.6061870000,126.9315080000,2016,,02-351-7944,서울특별시 은평구청,2026-02-26
녹번동,1,녹번로6길 5,29-30,37.6059550000,126.9317380000,2016,,02-351-7944,서울특별시 은평구청,2026-02-26
녹번동,1,녹번로6가길 3,29-34,37.6055320000,126.9317320000,2019,,02-351-7944,서울특별시 은평구청,2026-02-26
녹번동,1,녹번로6가길 7,89-13,37.6052719500,126.9315566000,,,02-351-7944,서울특별시 은평구청,2026-02-26
녹번동,1,녹번로6가길 7,89-13,37.6052430000,126.9317020000,2019,,02-351-7944,서울특별시 은평구청,2026-02-26
녹번동,1,녹번로6가길 7-10,29-149,37.604918,126.931696,2013.11,,02-351-7944,서울특별시 은평구청,2026-02-26
녹번동,1,녹번로6가길 7-7,29-157,37.6050540000,126.9317620000,2018,,02-351-7944,서울특별시 은평구청,2026-02-26
녹번동,1,녹번로6가길 9,89-15,37.6050790000,126.9314670000,2016,,02-351-7944,서울특별시 은평구청,2026-02-26
녹번동,1,녹번로6길 11-1,29-57,37.6056100000,126.9324450000,2016,,02-351-7944,서울특별시 은평구청,2026-02-26
녹번동,1,녹번로6길 12-6,29-39,37.6053900000,126.9320510000,2016,,02-351-7944,서울특별시 은평구청,2026-02-26
녹번동,1,녹번로6길 12-10,29-41,37.6051100000,126.9319420000,2019,,02-351-7944,서울특별시 은평구청,2026-02-26
녹번동,1,통일로59길 15,29-48,37.6048980000,126.9324550000,2016,,02-351-7944,서울특별시 은평구청,2026-02-26
녹번동,1,통일로59길 15,29-48,37.6050383100,126.9324656000,,,02-351-7944,서울특별시 은평구청,2026-02-26
녹번동,1,녹번로6길 12-21,29-47,37.6048730000,126.9326020000,2019,,02-351-7944,서울특별시 은평구청,2026-02-26
녹번동,1,녹번로6길 15,29-55,37.6053680000,126.9325610000,2016,,02-351-7944,서울특별시 은평구청,2026-02-26
녹번동,1,통일로59길 13,29-49,37.6050080000,126.9326460000,2016,,02-351-7944,서울특별시 은평구청,2026-02-26
녹번동,1,통일로59길 11-2,29-49,37.6050080000,126.9326460000,2019,,02-351-7944,서울특별시 은평구청,2026-02-26
녹번동,1,통일로59길 11,29-53,37.6051090000,126.9328710000,2016,,02-351-7944,서울특별시 은평구청,2026-02-26
녹번동,1,통일로59길 7,29-17,37.6052740000,126.9331180000,2016,,02-351-7944,서울특별시 은평구청,2026-02-26
녹번동,1,통일로59길 8-9,29-14,37.6055220000,126.9326390000,2019,,02-351-7944,서울특별시 은평구청,2026-02-26
녹번동,1,통일로59길 8-13,12월 29일,37.6058350000,126.9324420000,2019,,02-351-7944,서울특별시 은평구청,2026-02-26
녹번동,1,통일로59길 8-18,93-13,37.6060135600,126.9324961000,2020,,02-351-7944,서울특별시 은평구청,2026-02-26
녹번동,1,통일로59길 8-18,93-13,37.6060135600,126.9324961000,2020,,02-351-7944,서울특별시 은평구청,2026-02-26
녹번동,1,녹번로 66-4,110-3,37.6062610000,126.9316540000,2000,,02-351-7944,서울특별시 은평구청,2026-02-26
녹번동,1,녹번로 66-7,110-6,37.6065230000,126.9318200000,,,02-351-7944,서울특별시 은평구청,2026-02-26
녹번동,1,통일로61길 11,113-2,37.6066320000,126.9319090000,2018,,02-351-7944,서울특별시 은평구청,2026-02-26
녹번동,1,통일로61길 5,112-,37.6065840000,126.9325330000,2003,,02-351-7944,서울특별시 은평구청,2026-02-26
녹번동,1,녹번로6길 5-24,02월 27일,37.6064689000,126.9322993000,2020,,02-351-7944,서울특별시 은평구청,2026-02-26
녹번동,1,통일로61길 4,05월 13일,37.6066840000,126.9325990000,2017,,02-351-7944,서울특별시 은평구청,2026-02-26
녹번동,1,통일로61길 4-8,114-12,126.9323542000,37.6070097400,,,02-351-7944,서울특별시 은평구청,2026-02-26
녹번동,1,통일로61길 3,04월 14일,37.6065860000,126.9327370000,2000,,02-351-7944,서울특별시 은평구청,2026-02-26
녹번동,1,녹번로6길 5-22,Jan-93,37.6062930000,126.9322880000,2002,,02-351-7944,서울특별시 은평구청,2026-02-26
녹번동,1,녹번로6길 5,29-30,37.6061440000,126.9317460000,2000,,02-351-7944,서울특별시 은평구청,2026-02-26
녹번동,1,통일로 675-9,27-13,37.6062350000,126.9327640000,2016,,02-351-7944,서울특별시 은평구청,2026-02-26
녹번동,1,통일로 675-3,27-21,37.6061280000,126.9328790000,2019,,02-351-7944,서울특별시 은평구청,2026-02-26
녹번동,1,통일로 665,01월 28일,37.6058280000,126.9335850000,2004,,02-351-7944,서울특별시 은평구청,2026-02-26
녹번동,1,통일로 665-9,28-23,37.6056430000,126.9330900000,2019,,02-351-7944,서울특별시 은평구청,2026-02-26
녹번동,1,통일로 665-20,28-24,37.6062064900,126.9328830000,,,02-351-7944,서울특별시 은평구청,2026-02-26
녹번동,1,통일로 665-16,28-25,37.6059930000,126.9329720000,2019,,02-351-7944,서울특별시 은평구청,2026-02-26
녹번동,1,통일로59길 659,28-62,37.6053690000,126.9336830000,2016,,02-351-7944,서울특별시 은평구청,2026-02-26
녹번동,1,통일로59길 659,28-62,37.6053690000,126.9336830000,2016,,02-351-7944,서울특별시 은평구청,2026-02-26
녹번동,1,통일로57길 6-11,29-19,37.6050410000,126.9332680000,2017,,02-351-7944,서울특별시 은평구청,2026-02-26
녹번동,1,통일로57길 6-8,28-39,37.6050270000,126.9337330000,2003,,02-351-7944,서울특별시 은평구청,2026-02-26
녹번동,1,통일로57길 1,Jan-33,37.6047350000,126.9342920000,2000,,02-351-7944,서울특별시 은평구청,2026-02-26
녹번동,1,통일로57길 8,Feb-29,37.6046580000,126.9337610000,2019,,02-351-7944,서울특별시 은평구청,2026-02-26
녹번동,1,통일로51길 5-9,31-20,37.6043370000,126.9341390000,2003,,02-351-7944,서울특별시 은평구청,2026-02-26
녹번동,1,통일로57길 5-13,31-22,37.6041406400,126.9341496000,,,02-351-7944,서울특별시 은평구청,2026-02-26
녹번동,1,통일로57길 9-1,35-13,37.6044050000,126.9336740000,2019,,02-351-7944,서울특별시 은평구청,2026-02-26
녹번동,1,통일로57길 9-1,35-13,37.6044050000,126.9336740000,2019,,02-351-7944,서울특별시 은평구청,2026-02-26
녹번동,1,통일로57길 10-6,29-110,37.6046020000,126.9335580000,2019,,02-351-7944,서울특별시 은평구청,2026-02-26
녹번동,1,통일로57길 10-6,29-109,37.6047890000,126.9333170000,2019,,02-351-7944,서울특별시 은평구청,2026-02-26
녹번동,1,통일로57길 14,29-171,37.6043832000,126.9331964000,,,02-351-7944,서울특별시 은평구청,2026-02-26
녹번동,1,통일로57길 14-1,29-106,37.604659,126.932855,2013.11,,02-351-7944,서울특별시 은평구청,2026-02-26
녹번동,1,통일로57길 16-1,35-36,37.6044270000,126.9331300000,2018,,02-351-7944,서울특별시 은평구청,2026-02-26
녹번동,1,통일로57길 16,29-108,37.6044680000,126.9327220000,,,02-351-7944,서울특별시 은평구청,2026-02-26
녹번동,1,통일로57길 16-1,35-35,37.6041120000,126.9331570000,,,02-351-7944,서울특별시 은평구청,2026-02-26
녹번동,1,통일로53길 8-2,35-25,37.6040630000,126.9337920000,2019,,02-351-7944,서울특별시 은평구청,2026-02-26
녹번동,1,통일로 639-6,35-70,37.6037590000,126.9339890000,2017,,02-351-7944,서울특별시 은평구청,2026-02-26
녹번동,1,통일로 639-9,35-20,37.6035960000,126.9339120000,2019,,02-351-7944,서울특별시 은평구청,2026-02-26
녹번동,1,통일로 639-5,35-47,37.6035980000,126.9341610000,2019,,02-351-7944,서울특별시 은평구청,2026-02-26
녹번동,1,통일로53길 1,Sep-35,37.6034580000,126.9346050000,2019,,02-351-7944,서울특별시 은평구청,2026-02-26
녹번동,1,통일로53길 9-13,35-54,37.6034922300,126.9344173000,,,02-351-7944,서울특별시 은평구청,2026-02-26
녹번동,1,통일로53길 9-13,35-54,37.6034650000,126.9343550000,2017,,02-351-7944,서울특별시 은평구청,2026-02-26
녹번동,1,통일로53길 9-11,35-46,37.6034890000,126.9340610000,2019,,02-351-7944,서울특별시 은평구청,2026-02-26
녹번동,1,통일로53길 9-27,35-78,37.6030570000,126.9340780000,,,02-351-7944,서울특별시 은평구청,2026-02-26
녹번동,1,통일로53길 9-8,35-23,37.6033400000,126.9335420000,2017,,02-351-7944,서울특별시 은평구청,2026-02-26
녹번동,1,통일로53길 9-2,35-40,37.6036180000,126.9333340000,2000,,02-351-7944,서울특별시 은평구청,2026-02-26
녹번동,1,통일로53길 9-2,35-45,37.6038220000,126.9330480000,2000,,02-351-7944,서울특별시 은평구청,2026-02-26
녹번동,1,통일로53길 9-2,35-40,37.6036449300,126.9334170000,2020,,02-351-7944,서울특별시 은평구청,2026-02-26
녹번동,1,통일로53길 12-1,35-74,126.9334918000,37.6041320400,,,02-351-7944,서울특별시 은평구청,2026-02-26
녹번동,1,통일로 647-3,31-24,37.6044460000,126.9342510000,2003,,02-351-7944,서울특별시 은평구청,2026-02-26
녹번동,1,통일로 623-2,42-28,37.6024460000,126.9343020000,2019,,02-351-7944,서울특별시 은평구청,2026-02-26
녹번동,1,통일로 625-5,42-55,37.6024460000,126.9343020000,2016,,02-351-7944,서울특별시 은평구청,2026-02-26
녹번동,1,통일로 625-12,42-50,37.6026595200,126.9342944000,,,02-351-7944,서울특별시 은평구청,2026-02-26
녹번동,1,통일로 625-6,Jul-42,37.6026543300,126.9344972000,,,02-351-7944,서울특별시 은평구청,2026-02-26
녹번동,1,통일로 18,35-84,37.6029500000,126.9342490000,2000,,02-351-7944,서울특별시 은평구청,2026-02-26
녹번동,1,통일로 631-10,35-77,37.6031580000,126.9342460000,,,02-351-7944,서울특별시 은평구청,2026-02-26
녹번동,1,통일로 631-7,35-83,37.6030500000,126.9343160000,,,02-351-7944,서울특별시 은평구청,2026-02-26
녹번동,1,통일로 631-5,42-53,37.6029530000,126.9345550000,2003,,02-351-7944,서울특별시 은평구청,2026-02-26
녹번동,1,통일로 631-1,42-48,37.6028450000,126.9346130000,2003,,02-351-7944,서울특별시 은평구청,2026-02-26
녹번동,1,서오릉로 30-1,81-18,37.6039260000,126.9256170000,,,02-351-7944,서울특별시 은평구청,2026-02-26
녹번동,1,서오릉로 30-11,81-19,37.6040550000,126.9259440000,2000,,02-351-7944,서울특별시 은평구청,2026-02-26
녹번동,1,서오릉로 30-6,82-36,37.6037040000,126.9259150000,2019,,02-351-7944,서울특별시 은평구청,2026-02-26
녹번동,1,서오릉로 30-8,82-35,37.6034160000,126.9259420000,2006,,02-351-7944,서울특별시 은평구청,2026-02-26
녹번동,1,서오릉로 30-12,82-32,37.6034710000,126.9260990000,2019,,02-351-7944,서울특별시 은평구청,2026-02-26
녹번동,1,서오릉로 30-20,Apr-82,37.6034190000,126.9263600000,2019,,02-351-7944,서울특별시 은평구청,2026-02-26
녹번동,1,서오릉로 30-24,Mar-82,37.6033680000,126.9266560000,2019,,02-351-7944,서울특별시 은평구청,2026-02-26
녹번동,1,서오릉로 30-16,82-15,37.6032930000,126.9263170000,2019,,02-351-7944,서울특별시 은평구청,2026-02-26
녹번동,1,녹번로 7-4,Sep-82,37.6032060000,126.9267260000,,,02-351-7944,서울특별시 은평구청,2026-02-26
녹번동,1,녹번자연학습장,Jan-85,37.6036700000,126.9271950000,2001,,02-351-7944,서울특별시 은평구청,2026-02-26
녹번동,1,서오릉로 1,174-녹번초,37.6044970000,126.9259940000,2019,,02-351-7944,서울특별시 은평구청,2026-02-26
녹번동,1,서오릉로 1,173-녹번초,37.6047270000,126.9265000000,2003,,02-351-7944,서울특별시 은평구청,2026-02-26
녹번동,1,서오릉로 1,174-녹번초,37.6044970000,126.9259940000,2019,,02-351-7944,서울특별시 은평구청,2026-02-26
녹번동,1,서오릉로 1,174-녹번초,37.6044970000,126.9259940000,,,02-351-7944,서울특별시 은평구청,2026-02-26
녹번동,1,녹번로1길 13,173-,37.6045655400,126.9267107000,2020,,02-351-7944,서울특별시 은평구청,2026-02-26
녹번동,1,녹번로1길 13,173-,37.6045655400,126.9267107000,2020,,02-351-7944,서울특별시 은평구청,2026-02-26
녹번동,1,녹번로1길 13,173-,37.6045655400,126.9267107000,2020,,02-351-7944,서울특별시 은평구청,2026-02-26
녹번동,1,서오릉로4길 10-6,165-6,37.6047130000,126.9259000000,2018,,02-351-7944,서울특별시 은평구청,2026-02-26
녹번동,1,녹번로1길 녹번초옆,#NAME?,37.6047270000,126.9265000000,2019,,02-351-7944,서울특별시 은평구청,2026-02-26
녹번동,1,녹번로1길 13,173-,37.6044330000,126.9288710000,2019,,02-351-7944,서울특별시 은평구청,2026-02-26
녹번동,1,녹번로1길 17,172-8,37.6049755700,126.9268569000,2019,,02-351-7944,서울특별시 은평구청,2026-02-26
녹번동,1,녹번로1길 18,Sep-99,37.6049480000,126.9270520000,2019,,02-351-7944,서울특별시 은평구청,2026-02-26
녹번동,1,녹번로 18-3,99-15,37.6049870000,126.9273800000,2019,,02-351-7944,서울특별시 은평구청,2026-02-26
녹번동,1,녹번로1길 18-6,Jun-99,37.6048000000,126.9275300000,2019,,02-351-7944,서울특별시 은평구청,2026-02-26
녹번동,1,녹번로1길 19-7,167-2,37.6050050000,126.9262810000,2016,,02-351-7944,서울특별시 은평구청,2026-02-26
녹번동,1,녹번로1길 19-16,168-20,37.6051290000,126.9260980000,,,02-351-7944,서울특별시 은평구청,2026-02-26
녹번동,1,서오릉로4길 10,165-8,37.6049190000,126.9258180000,2003,,02-351-7944,서울특별시 은평구청,2026-02-26
녹번동,1,서오릉로4길 10,165-8,37.6049120200,126.9258395000,2024,,02-351-7944,서울특별시 은평구청,2026-02-26
녹번동,1,서오릉로4길 6,165-1,126.9256193000,37.6048353000,,,02-351-7944,서울특별시 은평구청,2026-02-26
녹번동,1,서오릉로4길 6,165-1,37.6046550000,126.9255050000,2018,,02-351-7944,서울특별시 은평구청,2026-02-26
녹번동,1,서오릉로4길 6,165-1,37.6046550000,126.9255050000,,,02-351-7944,서울특별시 은평구청,2026-02-26
녹번동,1,서오릉로4길 3,Oct-81,37.6044350000,126.9250550000,2001,,02-351-7944,서울특별시 은평구청,2026-02-26
녹번동,1,서오릉로4길 38,81-32,37.6043250000,126.9249200000,,,02-351-7944,서울특별시 은평구청,2026-02-26
녹번동,1,서오릉로4길 3-5,Apr-81,37.6046400000,126.9248710000,2002,,02-351-7944,서울특별시 은평구청,2026-02-26
녹번동,1,서오릉로4길 3-5,Apr-81,37.6046400000,126.9248710000,2004,,02-351-7944,서울특별시 은평구청,2026-02-26
녹번동,1,서오릉로4길 7-4,152-36,37.6049780000,126.9252960000,2019,,02-351-7944,서울특별시 은평구청,2026-02-26
녹번동,1,서오릉로4길 14-1,168-9,37.6051450000,126.9258710000,,,02-351-7944,서울특별시 은평구청,2026-02-26
녹번동,1,서오릉로4길 16,168-53,37.6052540000,126.9259490000,,,02-351-7944,서울특별시 은평구청,2026-02-26
녹번동,1,서오릉로4길 18-1,168-2,37.6054800000,126.9260590000,2018,,02-351-7944,서울특별시 은평구청,2026-02-26
녹번동,1,서오릉로4길 18-1,168-2,126.9261214000,37.6055726800,,,02-351-7944,서울특별시 은평구청,2026-02-26
녹번동,1,서오릉로4길 19-1,151-56,37.6057650000,126.9257270000,2019,,02-351-7944,서울특별시 은평구청,2026-02-26
녹번동,1,서오릉로6가길 6-12,152-93,37.6054580000,126.9245870000,2019,,02-351-7944,서울특별시 은평구청,2026-02-26
녹번동,1,서오릉로6가길 6-9,152-86,37.6058950000,126.9251130000,2019,,02-351-7944,서울특별시 은평구청,2026-02-26
녹번동,1,서오릉로6가길 10,151-78,37.6062367900,126.9249591000,,,02-351-7944,서울특별시 은평구청,2026-02-26
녹번동,1,서오릉로6길 14,148-1,37.6064220000,126.9246070000,2003,,02-351-7944,서울특별시 은평구청,2026-02-26
녹번동,1,서오릉로6가길 8,152-9,37.6061860000,126.9244070000,,,02-351-7944,서울특별시 은평구청,2026-02-26
녹번동,1,서오릉로6가길 2-2,152-10,37.6060719500,126.9242268000,2020,,02-351-7944,서울특별시 은평구청,2026-02-26
녹번동,1,서오릉로6가길 2-2,152-10,37.6060210000,126.9241260000,,,02-351-7944,서울특별시 은평구청,2026-02-26
녹번동,1,서오릉로6가길 2-5,152-62,37.6059430000,126.9244440000,2006,,02-351-7944,서울특별시 은평구청,2026-02-26
녹번동,1,서오릉로6가길 2-6,152-73,37.6058510000,126.9242300000,2000,,02-351-7944,서울특별시 은평구청,2026-02-26
녹번동,1,서오릉로6가길 2-9,152-63,37.6058360000,126.9245360000,,,02-351-7944,서울특별시 은평구청,2026-02-26
녹번동,1,서오릉로4길 7-24,152-71,37.6057190000,126.9246170000,,,02-351-7944,서울특별시 은평구청,2026-02-26
녹번동,1,서오릉로6가길 2-29,152-67,37.6056500000,126.9249240000,2017,,02-351-7944,서울특별시 은평구청,2026-02-26
녹번동,1,서오릉로 48-9,152-76,37.6055020000,126.9245640000,2005,,02-351-7944,서울특별시 은평구청,2026-02-26
녹번동,1,서오릉로 48-7,80-23,37.6054020000,126.9243950000,,,02-351-7944,서울특별시 은평구청,2026-02-26
녹번동,1,서오릉로 48,80-34,37.6052640000,126.9240800000,,,02-351-7944,서울특별시 은평구청,2026-02-26
녹번동,1,서오릉로 54-12,80-27,37.6056050100,126.9241265000,2020,,02-351-7944,서울특별시 은평구청,2026-02-26
녹번동,1,서오릉로 54-5,Dec-80,37.6058130000,126.9240160000,2017,,02-351-7944,서울특별시 은평구청,2026-02-26
녹번동,1,서오릉로 54-5,Dec-80,37.6058298400,126.9240452000,2019,,02-351-7944,서울특별시 은평구청,2026-02-26
녹번동,1,서오릉로 60,146-8,37.6060520000,126.9235480000,2000,,02-351-7944,서울특별시 은평구청,2026-02-26
녹번동,1,서오릉로6길 3,146-4,37.6060900000,126.9237290000,2018,,02-351-7944,서울특별시 은평구청,2026-02-26
녹번동,1,서오릉로6길 5,146-4,37.6061710000,126.9237730000,2018,,02-351-7944,서울특별시 은평구청,2026-02-26
녹번동,1,서오릉로 64-6,144-48,37.6063490000,126.9235100000,2018,,02-351-7944,서울특별시 은평구청,2026-02-26
녹번동,1,서오릉로 64-10,144-40,37.6064320000,126.9237010000,2018,,02-351-7944,서울특별시 은평구청,2026-02-26
녹번동,1,,144-40,,,2018,,02-351-7944,서울특별시 은평구청,2026-02-26
녹번동,1,서오릉로 64-14,144-37,37.6065610000,126.9240280000,2018,,02-351-7944,서울특별시 은평구청,2026-02-26
녹번동,1,진흥로 122-10,144-28,37.6068130000,126.9239790000,,,02-351-7944,서울특별시 은평구청,2026-02-26
녹번동,1,진흥로 122-10,144-28,37.6069085000,126.9240743000,2020,,02-351-7944,서울특별시 은평구청,2026-02-26
녹번동,1,서오릉로6길 11-2,147-3,37.6066250000,126.9241290000,2019,,02-351-7944,서울특별시 은평구청,2026-02-26
녹번동,1,서오릉로6길 11,147-4,37.6065350000,126.9242090000,,,02-351-7944,서울특별시 은평구청,2026-02-26
녹번동,1,서오릉로6길 11,147-4,37.6065938900,126.9242897000,2020,,02-351-7944,서울특별시 은평구청,2026-02-26
녹번동,1,서오릉로6길 18,150-8,37.6064510000,126.9248110000,2004,,02-351-7944,서울특별시 은평구청,2026-02-26
녹번동,1,서오릉로6길 22-1,150-17,37.6063740000,126.9253210000,,,02-351-7944,서울특별시 은평구청,2026-02-26
녹번동,1,서오릉로6길 23,142-75,37.6065290000,126.9255000000,2019,,02-351-7944,서울특별시 은평구청,2026-02-26
녹번동,1,서오릉로6길 23,142-75,37.6065670600,126.9255552000,2020,,02-351-7944,서울특별시 은평구청,2026-02-26
녹번동,1,진흥로12나길 18-3,142-50,37.6068697400,126.9257182000,2020,,02-351-7944,서울특별시 은평구청,2026-02-26
녹번동,1,진흥로12나길 18-3,142-50,37.6067740000,126.9257120000,2001,,02-351-7944,서울특별시 은평구청,2026-02-26
녹번동,1,서오릉로6길 25-1,142-90,37.6064950000,126.9257610000,2017,,02-351-7944,서울특별시 은평구청,2026-02-26
녹번동,1,서오릉로6길 25-1,142-90,37.6064950000,126.9257610000,2013,,02-351-7944,서울특별시 은평구청,2026-02-26
녹번동,1,진흥로12나길 18,142-27,37.6068650000,126.9258240000,2019,,02-351-7944,서울특별시 은평구청,2026-02-26
녹번동,1,진흥로12나길 18,142-27,37.6069111600,126.9258880000,2020,,02-351-7944,서울특별시 은평구청,2026-02-26
녹번동,1,진흥로12나길 14,142-12,37.6071820000,126.9259100000,2000,,02-351-7944,서울특별시 은평구청,2026-02-26
녹번동,1,진흥로12나길 14,142-12,37.6072450400,126.9259995000,2020,,02-351-7944,서울특별시 은평구청,2026-02-26
녹번동,1,진흥로12나길 14-4,142-36,37.6072070000,126.9257620000,2000,,02-351-7944,서울특별시 은평구청,2026-02-26
녹번동,1,진흥로12가길 23,141-45,37.6074860000,126.9257470000,,,02-351-7944,서울특별시 은평구청,2026-02-26
녹번동,1,진흥로12나길 10-9,140-10,37.6073070000,126.9257720000,,,02-351-7944,서울특별시 은평구청,2026-02-26
녹번동,1,진흥로12나길 10-8,141-45,37.6072050000,126.9254570000,2018,,02-351-7944,서울특별시 은평구청,2026-02-26
녹번동,1,진흥로 138-10,141-67,37.6074380000,126.9254080000,,,02-351-7944,서울특별시 은평구청,2026-02-26
녹번동,1,진흥로 138-19,141-7,37.6070490000,126.9251760000,2019,,02-351-7944,서울특별시 은평구청,2026-02-26
녹번동,1,진흥로 132-6,141-35,37.6071990000,126.9248230000,2018,,02-351-7944,서울특별시 은평구청,2026-02-26
녹번동,1,진흥로 138-25,141-29,37.6068020000,126.9247380000,2001,,02-351-7944,서울특별시 은평구청,2026-02-26
녹번동,1,진흥로 128-6,144-76,37.6070060000,126.9243840000,2005,,02-351-7944,서울특별시 은평구청,2026-02-26
녹번동,1,진흥로 128-3,141-37,37.6072281800,126.9245365000,,,02-351-7944,서울특별시 은평구청,2026-02-26
녹번동,1,진흥로 146-1,141-50,37.6081760000,126.9262240000,2000,,02-351-7944,서울특별시 은평구청,2026-02-26
녹번동,1,진흥로12길 4,141-10,37.6083390000,126.9263800000,2000,,02-351-7944,서울특별시 은평구청,2026-02-26
녹번동,1,진흥로12길 5,131-66,37.6081350000,126.9267570000,2006,,02-351-7944,서울특별시 은평구청,2026-02-26
녹번동,1,진흥로12가길 1,131-50,37.6082890000,126.9268000000,2000,,02-351-7944,서울특별시 은평구청,2026-02-26
녹번동,1,진흥로12길 9,132-52,37.6079380000,126.9268050000,2005,,02-351-7944,서울특별시 은평구청,2026-02-26
녹번동,1,진흥로12나길 1,139-2,37.6078990000,126.9265340000,2005,,02-351-7944,서울특별시 은평구청,2026-02-26
녹번동,1,진흥로12나길,139-2,,,2020,,02-351-7944,서울특별시 은평구청,2026-02-26
녹번동,1,진흥로124길 6,141-104,37.6078500000,126.9260360000,2005,,02-351-7944,서울특별시 은평구청,2026-02-26
녹번동,1,진흥로12나길 1-8,139-20,37.6075730000,126.9262890000,2006,,02-351-7944,서울특별시 은평구청,2026-02-26
녹번동,1,진흥로12나길 1-19,137-11,126.9264201000,37.6071412400,2018,,02-351-7944,서울특별시 은평구청,2026-02-26
녹번동,1,진흥로12나길 1-22,142-16,37.6070667300,126.9262798000,,,02-351-7944,서울특별시 은평구청,2026-02-26
녹번동,1,진흥로12나길 1-31,138-8,37.6066530000,126.9262460000,2005,,02-351-7944,서울특별시 은평구청,2026-02-26
녹번동,1,서오릉로6길 27-1,142-86,37.6064620000,126.9260000000,,,02-351-7944,서울특별시 은평구청,2026-02-26
녹번동,1,서오릉로4길 23-8,151-20,37.6062440000,126.9258780000,,,02-351-7944,서울특별시 은평구청,2026-02-26
녹번동,1,서오릉로4길 27,151-64,37.6062390000,126.9262750000,,,02-351-7944,서울특별시 은평구청,2026-02-26
녹번동,1,서오릉로4길 25,151-7,37.6061965600,126.9262813000,2020,,02-351-7944,서울특별시 은평구청,2026-02-26
녹번동,1,진흥로12길 23-1,135-14,37.6064760000,126.9266220000,,,02-351-7944,서울특별시 은평구청,2026-02-26
녹번동,1,진흥로12길 19,134-16,37.6069200000,126.9268650000,2000,,02-351-7944,서울특별시 은평구청,2026-02-26
녹번동,1,진흥로12길 16,137-18,37.6073240000,126.9266550000,,,02-351-7944,서울특별시 은평구청,2026-02-26
녹번동,1,진흥로12길 12,139-11,37.6076750000,126.9266500000,2000,,02-351-7944,서울특별시 은평구청,2026-02-26
녹번동,1,진흥로12길 150,131-160,37.6086120000,126.9266710000,2003,,02-351-7944,서울특별시 은평구청,2026-02-26
녹번동,1,진흥로 158-1,131-163,37.6085810000,126.9272260000,2019,,02-351-7944,서울특별시 은평구청,2026-02-26
녹번동,1,진흥로12가길 5,131-28,37.6082740000,126.9271060000,,,02-351-7944,서울특별시 은평구청,2026-02-26
녹번동,1,진흥로12가길 5,,37.6083234400,126.9272282000,2019,,02-351-7944,서울특별시 은평구청,2026-02-26
녹번동,1,진흥로12가길 7,131-92,37.6082140000,126.9274690000,2005,,02-351-7944,서울특별시 은평구청,2026-02-26
녹번동,1,진흥로12가길 7-4,131-10,37.6085030000,126.9275790000,2002,,02-351-7944,서울특별시 은평구청,2026-02-26
녹번동,1,진흥로12가길 11,131-184,37.6081280000,126.9279010000,2003,,02-351-7944,서울특별시 은평구청,2026-02-26
녹번동,1,진흥로12가길 11-7,131-130,37.6084340000,126.9278850000,2001,,02-351-7944,서울특별시 은평구청,2026-02-26
녹번동,1,진흥로12가길 15,131-82,37.6081310000,126.9282630000,,,02-351-7944,서울특별시 은평구청,2026-02-26
녹번동,1,진흥로12가길 19-1,129-5,37.6079630000,126.9286280000,2005,,02-351-7944,서울특별시 은평구청,2026-02-26
녹번동,1,진흥로12가길 23,127-2,37.6078960000,126.9291730000,2002,,02-351-7944,서울특별시 은평구청,2026-02-26
녹번동,1,진흥로12가길 25,127-1,37.6079160000,126.9293540000,2018,,02-351-7944,서울특별시 은평구청,2026-02-26
녹번동,1,진흥로 182-2,118-46,37.6080100000,126.9298620000,2019,,02-351-7944,서울특별시 은평구청,2026-02-26
녹번동,1,통일로63길 21,118-81,37.6076480000,126.9296860000,2019,,02-351-7944,서울특별시 은평구청,2026-02-26
녹번동,1,통일로63길 22,118-51,37.6077920000,126.9295710000,,,02-351-7944,서울특별시 은평구청,2026-02-26
녹번동,1,통일로63길 20-2,118-52,37.6078630000,126.9295470000,2000,,02-351-7944,서울특별시 은평구청,2026-02-26
녹번동,1,통일로 63-15,118-39,37.6076700000,126.9300940000,2000,,02-351-7944,서울특별시 은평구청,2026-02-26
녹번동,1,진흥로 184-2,118-36,37.6080210000,126.9300320000,2003,,02-351-7944,서울특별시 은평구청,2026-02-26
녹번동,1,통일로63길 13,118-24,37.6076910000,126.9304560000,2003,,02-351-7944,서울특별시 은평구청,2026-02-26
녹번동,1,통일로63길 11-2,118-25,37.6075660000,126.9304800000,,,02-351-7944,서울특별시 은평구청,2026-02-26
녹번동,1,통일로63길 9-1,117-74,37.6077590000,126.9309870000,2003,,02-351-7944,서울특별시 은평구청,2026-02-26
녹번동,1,통일로63길 9-1,,37.6078541900,126.9309699000,2019,,02-351-7944,서울특별시 은평구청,2026-02-26
녹번동,1,진흥로 196,117-111,37.6084370000,126.9312040000,2005,,02-351-7944,서울특별시 은평구청,2026-02-26
녹번동,1,진흥로 190-3,117-69,37.6082370000,126.9309690000,2003,,02-351-7944,서울특별시 은평구청,2026-02-26
녹번동,1,통일로63길 9-7,117-78,37.6074440000,126.9310370000,2000,,02-351-7944,서울특별시 은평구청,2026-02-26
녹번동,1,녹번로9길 12-3,118-26,37.6074220000,126.9305270000,2001,,02-351-7944,서울특별시 은평구청,2026-02-26
녹번동,1,통일로63길 7,117-73,37.6077700000,126.9311340000,2005,,02-351-7944,서울특별시 은평구청,2026-02-26
녹번동,1,통일로63길 5-3,,37.6075866700,126.9313168000,2019,,02-351-7944,서울특별시 은평구청,2026-02-26
녹번동,1,통일로63길 5-3,117-110,37.6075550000,126.9313520000,2000,,02-351-7944,서울특별시 은평구청,2026-02-26
녹번동,1,통일로63길 5-3,117-72,37.6077980000,126.9313040000,,,02-351-7944,서울특별시 은평구청,2026-02-26
녹번동,1,통일로63길 6,117-141,37.6080680000,126.9313000000,2005,,02-351-7944,서울특별시 은평구청,2026-02-26
녹번동,1,통일로63길 1-4,117-83,37.6075480000,126.9315110000,,,02-351-7944,서울특별시 은평구청,2026-02-26
녹번동,1,통일로 689-7,117-49,37.6072790000,126.9316730000,2002,,02-351-7944,서울특별시 은평구청,2026-02-26
녹번동,1,통일로 689-13,117-56,37.6071130000,126.9312790000,2017,,02-351-7944,서울특별시 은평구청,2026-02-26
녹번동,1,통일로 689-13,117-56,37.6071130000,126.9312790000,2003,,02-351-7944,서울특별시 은평구청,2026-02-26
녹번동,1,녹번로 71,117-54,37.6070170000,126.9316430000,2017,,02-351-7944,서울특별시 은평구청,2026-02-26
녹번동,1,녹번로 67,119-4,37.6068170000,126.9314080000,2016,,02-351-7944,서울특별시 은평구청,2026-02-26
녹번동,1,녹번로9길 3,120-22,37.6067680000,126.9309330000,2016,,02-351-7944,서울특별시 은평구청,2026-02-26
녹번동,1,녹번로9길 8,118-11,37.6068860000,126.9310330000,2002,,02-351-7944,서울특별시 은평구청,2026-02-26
녹번동,1,통일로 689-13,117-56,37.6071130000,126.9312790000,,,02-351-7944,서울특별시 은평구청,2026-02-26
녹번동,1,녹번로9길 9-1,120-73,37.6071060000,126.9305210000,2016,,02-351-7944,서울특별시 은평구청,2026-02-26
녹번동,1,녹번로9길 11,120-89,37.6072220000,126.9303490000,2016,,02-351-7944,서울특별시 은평구청,2026-02-26
녹번동,1,녹번로9길 11,120-89,37.6072577600,126.9304171000,2019,,02-351-7944,서울특별시 은평구청,2026-02-26
녹번동,1,통일로63길 15-2,118-40,37.6075800000,126.9301170000,2018,,02-351-7944,서울특별시 은평구청,2026-02-26
녹번동,1,녹번로9길 15,120-41,37.6073180000,126.9300190000,2016,,02-351-7944,서울특별시 은평구청,2026-02-26
녹번동,1,녹번로7길 14-5,120-80,37.6071010000,126.9299090000,2016,,02-351-7944,서울특별시 은평구청,2026-02-26
녹번동,1,녹번로9길 17,120-16,37.6074950000,126.9296430000,2016,,02-351-7944,서울특별시 은평구청,2026-02-26
녹번동,1,녹번로7길 18-12,120-10,37.6072440000,126.9297940000,2000,,02-351-7944,서울특별시 은평구청,2026-02-26
녹번동,1,녹번로7길 18-10,120-5,37.6070990000,126.9297390000,2016,,02-351-7944,서울특별시 은평구청,2026-02-26
녹번동,1,녹번로7길 18-3,120-38,37.6068620000,126.9294140000,,,02-351-7944,서울특별시 은평구청,2026-02-26
녹번동,1,녹번로7길 20-19,121-1,37.6074910000,126.9292690000,2019,,02-351-7944,서울특별시 은평구청,2026-02-26
녹번동,1,녹번로7길 20-15,121-3,37.6073190000,126.9291470000,2016,,02-351-7944,서울특별시 은평구청,2026-02-26
녹번동,1,녹번로7길 20-9,121-7,37.6069670000,126.9290730000,2019,,02-351-7944,서울특별시 은평구청,2026-02-26
녹번동,1,녹번로7길 20-1,121-8,37.6068500000,126.9290410000,2019,,02-351-7944,서울특별시 은평구청,2026-02-26
녹번동,1,녹번로7길 21,108-27,37.6066520000,126.9290660000,2016,,02-351-7944,서울특별시 은평구청,2026-02-26
녹번동,1,녹번로7길 19-5,108-20,37.6065180000,126.9292270000,2016,,02-351-7944,서울특별시 은평구청,2026-02-26
녹번동,1,녹번로7길 19-5,108-20,37.6065180000,126.9292270000,2018,,02-351-7944,서울특별시 은평구청,2026-02-26
녹번동,1,녹번로7길 17,108-2,37.6066460000,126.9293950000,2017,,02-351-7944,서울특별시 은평구청,2026-02-26
녹번동,1,녹번로7길 17,108-2,37.6066460000,126.9293950000,2019,,02-351-7944,서울특별시 은평구청,2026-02-26
녹번동,1,녹번로7길 17-5,108-10,37.6064490000,126.9295790000,2016,,02-351-7944,서울특별시 은평구청,2026-02-26
녹번동,1,녹번로7길 15-1,108-7,37.6066470000,126.9295990000,2019,,02-351-7944,서울특별시 은평구청,2026-02-26
녹번동,1,녹번로7길 13-1,108-46,37.6065890000,126.9300520000,2019,,02-351-7944,서울특별시 은평구청,2026-02-26
녹번동,1,녹번로7길 13-2,108-9,37.6064960000,126.9297590000,,,02-351-7944,서울특별시 은평구청,2026-02-26
녹번동,1,녹번로7길 13,108-46,37.6065890000,126.9300520000,,,02-351-7944,서울특별시 은평구청,2026-02-26
녹번동,1,녹번로 55-9,109-24,37.6064380000,126.9303040000,2018,,02-351-7944,서울특별시 은평구청,2026-02-26
녹번동,1,녹번로7길 12,120-87,37.6069240000,126.9302290000,2016,,02-351-7944,서울특별시 은평구청,2026-02-26
녹번동,1,녹번로7길 9,109-17,37.6066100000,126.9304600000,2019,,02-351-7944,서울특별시 은평구청,2026-02-26
녹번동,1,녹번로7길 7,109-55,37.6065670000,126.9306190000,2019,,02-351-7944,서울특별시 은평구청,2026-02-26
녹번동,1,녹번로7길 61-13,109-5,37.6065960000,126.9308680000,2019,,02-351-7944,서울특별시 은평구청,2026-02-26
녹번동,1,녹번로7길 2,119-5,37.6067790000,126.9312160000,,,02-351-7944,서울특별시 은평구청,2026-02-26
녹번동,1,녹번로 55-9,109-24,37.6064380000,126.9303040000,2016,,02-351-7944,서울특별시 은평구청,2026-02-26
녹번동,1,녹번로 61-17,109-3,37.6066170000,126.9311850000,2006,,02-351-7944,서울특별시 은평구청,2026-02-26
녹번동,1,녹번로 61-14,109-9,37.6064620000,126.9310170000,2003,,02-351-7944,서울특별시 은평구청,2026-02-26
녹번동,1,녹번로 61-7,109-13,37.6063160000,126.9307920000,2016,,02-351-7944,서울특별시 은평구청,2026-02-26
녹번동,1,녹번로 59,109-15,37.6062885000,126.9310767000,2016,,02-351-7944,서울특별시 은평구청,2026-02-26
녹번동,1,녹번로 55-3,109-33,37.6062050000,126.9304430000,2002,,02-351-7944,서울특별시 은평구청,2026-02-26
녹번동,1,,109-22,37.6060970000,126.9304670000,2017,,02-351-7944,서울특별시 은평구청,2026-02-26
녹번동,1,녹번로 53-6,109-34,37.6062130000,126.9303640000,2019,,02-351-7944,서울특별시 은평구청,2026-02-26
녹번동,1,녹번로 51,Sep-95,37.6058410000,126.9301420000,2016,,02-351-7944,서울특별시 은평구청,2026-02-26
녹번동,1,녹번로 549-6,Jul-95,37.6060480000,126.9300710000,2003,,02-351-7944,서울특별시 은평구청,2026-02-26
녹번동,1,녹번로 49-12,May-95,37.6062370000,126.9299890000,2003,,02-351-7944,서울특별시 은평구청,2026-02-26
녹번동,1,녹번로 49-16,Mar-95,37.6062980000,126.9297730000,2016,,02-351-7944,서울특별시 은평구청,2026-02-26
녹번동,1,녹번로 45-1,Mar-96,37.6060410000,126.9293130000,2003,,02-351-7944,서울특별시 은평구청,2026-02-26
녹번동,1,녹번로 45-7,Apr-96,37.6059060000,126.9292920000,2000,,02-351-7944,서울특별시 은평구청,2026-02-26
녹번동,1,녹번로 45,Jun-96,37.6055820000,126.9293990000,2018,,02-351-7944,서울특별시 은평구청,2026-02-26
녹번동,1,녹번로 37,100-50,37.6053520000,126.9288130000,2016,,02-351-7944,서울특별시 은평구청,2026-02-26
녹번동,1,녹번로 37-13,98-31,37.5992370000,126.9381640000,2015,,02-351-7944,서울특별시 은평구청,2026-02-26
녹번동,1,녹번로 37-13,98-31,37.6057300000,126.9287280000,2003,,02-351-7944,서울특별시 은평구청,2026-02-26
녹번동,1,녹번로 37-13,98-31,37.6057300000,126.9287280000,2005,,02-351-7944,서울특별시 은평구청,2026-02-26
녹번동,1,녹번로7길 22-7,125-3,37.6068090000,126.9285540000,2019,,02-351-7944,서울특별시 은평구청,2026-02-26
녹번동,1,녹번로7길 23,108-28,37.6065600000,126.9289320000,2016,,02-351-7944,서울특별시 은평구청,2026-02-26
녹번동,1,녹번로7길 24-3,105-15,37.6065660000,126.9285460000,2016,,02-351-7944,서울특별시 은평구청,2026-02-26
녹번동,1,녹번로7길 28,105-20,37.6064789500,126.9286071000,2020,,02-351-7944,서울특별시 은평구청,2026-02-26
녹번동,1,녹번로7길 30,105-1,37.6063230000,126.9285610000,2019,,02-351-7944,서울특별시 은평구청,2026-02-26
녹번동,1,녹번로3길 8-11,98-16,37.6061330000,126.9285410000,2019,,02-351-7944,서울특별시 은평구청,2026-02-26
녹번동,1,녹번로7길 31,Dec-98,37.6061050000,126.9283490000,2016,,02-351-7944,서울특별시 은평구청,2026-02-26
녹번동,1,녹번로3길 12-4,104-36,37.6061090000,126.9278510000,2016,,02-351-7944,서울특별시 은평구청,2026-02-26
녹번동,1,녹번로3길 12,104-39,37.6059000000,126.9277070000,2018,,02-351-7944,서울특별시 은평구청,2026-02-26
녹번동,1,녹번로7길 32-3,105-23,37.6062450000,126.9279730000,2018,,02-351-7944,서울특별시 은평구청,2026-02-26
녹번동,1,녹번로7길 32-10,105-37,37.6065530000,126.9281500000,2006,,02-351-7944,서울특별시 은평구청,2026-02-26
녹번동,1,녹번로7길 33-1,98-16,37.6060563000,126.9281577000,2016,,02-351-7944,서울특별시 은평구청,2026-02-26
녹번동,1,녹번로3길 10,98-20,37.6057500000,126.9280370000,2019,,02-351-7944,서울특별시 은평구청,2026-02-26
녹번동,1,녹번로3길 10,98-20,37.6057500000,126.9280370000,2016,,02-351-7944,서울특별시 은평구청,2026-02-26
녹번동,1,녹번로3길 11,103-12,37.6057560000,126.9276180000,2015,,02-351-7944,서울특별시 은평구청,2026-02-26
녹번동,1,녹번로3가길 1,104-25,37.6060320000,126.9273200000,2005,,02-351-7944,서울특별시 은평구청,2026-02-26
녹번동,1,녹번로3가길 3,136-15,37.6062030000,126.9273170000,2017,,02-351-7944,서울특별시 은평구청,2026-02-26
녹번동,1,녹번로3가길 4-8,105-24,37.6063080000,126.9278820000,2018,,02-351-7944,서울특별시 은평구청,2026-02-26
녹번동,1,녹번로3가길 10,133-12,37.6066930000,126.9276500000,2017,,02-351-7944,서울특별시 은평구청,2026-02-26
녹번동,1,녹번로3가길 9,133-31,37.6067270000,126.9274120000,2017,,02-351-7944,서울특별시 은평구청,2026-02-26
녹번동,1,녹번로3길 17-1,169-10,37.6059570000,126.9269810000,2016,,02-351-7944,서울특별시 은평구청,2026-02-26
녹번동,1,녹번로3길 16-10,136-7,37.6064000000,126.9271440000,2018,,02-351-7944,서울특별시 은평구청,2026-02-26
녹번동,1,녹번로3길 16-16,134-9,37.6067330000,126.9271510000,2001,,02-351-7944,서울특별시 은평구청,2026-02-26
녹번동,1,녹번로3가길 11-1,133-9,37.6069350000,126.9275100000,2019,,02-351-7944,서울특별시 은평구청,2026-02-26
녹번동,1,녹번로3가길 16,133-15,37.6070110000,126.9279060000,2019,,02-351-7944,서울특별시 은평구청,2026-02-26
녹번동,1,녹번로3가길 16,133-15,37.6070110000,126.9279060000,2019,,02-351-7944,서울특별시 은평구청,2026-02-26
녹번동,1,녹번로3가길 18-1,125-8,37.6069680000,126.9282120000,2019,,02-351-7944,서울특별시 은평구청,2026-02-26
녹번동,1,녹번로3가길 18-1,125-8,37.6069680000,126.9282120000,2016,,02-351-7944,서울특별시 은평구청,2026-02-26
녹번동,1,녹번로3가길 20-1,124-1,37.6070700000,126.9285390000,2000,,02-351-7944,서울특별시 은평구청,2026-02-26
녹번동,1,녹번로3가길 23,126-29,37.6073040000,126.9285130000,2016,,02-351-7944,서울특별시 은평구청,2026-02-26
녹번동,1,녹번로3가길 25,130-1,37.6075220000,126.9286120000,2019,,02-351-7944,서울특별시 은평구청,2026-02-26
녹번동,1,진흥로12가길 8-15,,37.6077271500,126.9283172000,2019,,02-351-7944,서울특별시 은평구청,2026-02-26
녹번동,1,진흥로12나길 8-13,132-99,37.6078140000,126.9280530000,2018,,02-351-7944,서울특별시 은평구청,2026-02-26
녹번동,1,진흥로12가길 8-5,132-37,37.6079470000,126.9278020000,2006,,02-351-7944,서울특별시 은평구청,2026-02-26
녹번동,1,진흥로12가길 8-3,132-35,37.6079440000,126.9275190000,2018,,02-351-7944,서울특별시 은평구청,2026-02-26
녹번동,1,진흥로12가길 8-3,132-35,37.6080040600,126.9274845000,2018,,02-351-7944,서울특별시 은평구청,2026-02-26
녹번동,1,진흥로12길 7-8,132-49,37.6078430000,126.9272600000,2000,,02-351-7944,서울특별시 은평구청,2026-02-26
녹번동,1,진흥로12길 9-3,132-18,37.6077760000,126.9269090000,2000,,02-351-7944,서울특별시 은평구청,2026-02-26
녹번동,1,진흥로12가길 8-29,132-14,37.6076820000,126.9274200000,2005,,02-351-7944,서울특별시 은평구청,2026-02-26
녹번동,1,진흥로12가길 8-35,132-11,37.6075950000,126.9277500000,2018,,02-351-7944,서울특별시 은평구청,2026-02-26
녹번동,1,진흥로12가길 8-41,131-53,37.6074810000,126.9280690000,2000,,02-351-7944,서울특별시 은평구청,2026-02-26
녹번동,1,녹번로3가길 15-10,133-4,37.6073930000,126.9273570000,2019,,02-351-7944,서울특별시 은평구청,2026-02-26
녹번동,1,녹번로3가길 15-10,133-4,37.6074193000,126.9273676000,2016,,02-351-7944,서울특별시 은평구청,2026-02-26
녹번동,1,녹번로3길 16-12,134-7,37.6069600000,126.9272500000,2001,,02-351-7944,서울특별시 은평구청,2026-02-26
녹번동,1,녹번로3길 2,Mar-98,37.6054840000,126.9285280000,2019,,02-351-7944,서울특별시 은평구청,2026-02-26
녹번동,1,녹번로3길 2,Mar-98,37.6054840000,126.9285280000,2019,,02-351-7944,서울특별시 은평구청,2026-02-26
녹번동,1,녹번로1길 28-1,102-5,37.6055490000,126.9276440000,2002,,02-351-7944,서울특별시 은평구청,2026-02-26
녹번동,1,녹번로1길 25,103-18,37.6055260000,126.9271910000,2005,,02-351-7944,서울특별시 은평구청,2026-02-26
녹번동,1,,103-15,,,2018,,02-351-7944,서울특별시 은평구청,2026-02-26
녹번동,1,녹번로 33-20,101-3,37.6051490000,126.9273550000,2000,,02-351-7944,서울특별시 은평구청,2026-02-26
녹번동,1,녹번로 33-16,100-15,37.6053420000,126.9276810000,2006,,02-351-7944,서울특별시 은평구청,2026-02-26
녹번동,1,녹번로 33-9,100-30,37.6051260000,126.9277400000,2016,,02-351-7944,서울특별시 은평구청,2026-02-26
녹번동,1,녹번로 31,100-26,37.6049230000,126.9282640000,2016,,02-351-7944,서울특별시 은평구청,2026-02-26
녹번동,1,녹번로 29-2,100-24,37.6048770000,126.9280950000,2016,,02-351-7944,서울특별시 은평구청,2026-02-26
녹번동,1,녹번로 29-3,100-34,37.6046770000,126.9278940000,2016,,02-351-7944,서울특별시 은평구청,2026-02-26
녹번동,1,녹번로 29-8,100-21,37.6050350000,126.9276740000,2005,,02-351-7944,서울특별시 은평구청,2026-02-26
녹번동,1,녹번로1길 23-9,168-25,37.6056040000,126.9267930000,2012,,02-351-7944,서울특별시 은평구청,2026-02-26
녹번동,1,서오릉로4길 24,169-30,37.6058720000,126.9265290000,2005,,02-351-7944,서울특별시 은평구청,2026-02-26
녹번동,1,서오릉로6가길 19-1,151-10,37.6059220000,126.9261430000,2018,,02-351-7944,서울특별시 은평구청,2026-02-26
녹번동,1,서오릉로4길 24,169-3,37.6060440000,126.9266290000,2003,,02-351-7944,서울특별시 은평구청,2026-02-26
녹번동,1,서오릉로4길 24,169-3,37.6060440000,126.9266290000,2012,,02-351-7944,서울특별시 은평구청,2026-02-26
녹번동,1,서오릉로4길 20-12,168-33,37.6053923300,126.9265004000,2012,,02-351-7944,서울특별시 은평구청,2026-02-26
녹번동,1,서오릉로4길 19,151-4,37.6057490000,126.9259420000,2012,,02-351-7944,서울특별시 은평구청,2026-02-26
녹번동,1,서오릉로4길 25,151-7,37.6061750000,126.9262190000,2012,,02-351-7944,서울특별시 은평구청,2026-02-26
녹번동,1,서오릉로4길 25,151-7,37.6061965600,126.9262813000,2019,,02-351-7944,서울특별시 은평구청,2026-02-26
녹번동,1,서오릉로6가길 16,151-55,37.6059360000,126.9257010000,2018,,02-351-7944,서울특별시 은평구청,2026-02-26
녹번동,1,서오릉로6가길 14,151-95,37.6060500000,126.9253710000,2003,,02-351-7944,서울특별시 은평구청,2026-02-26
녹번동,1,은평로13길 14,155-19,37.6023750000,126.9254020000,2018,,02-351-7944,서울특별시 은평구청,2026-02-26
녹번동,1,은평로13길 16-1,155-12,37.6026079800,126.9252326000,2020,,02-351-7944,서울특별시 은평구청,2026-02-26
녹번동,1,은평로13길 18,155-11,37.6027520000,126.9252490000,2012,,02-351-7944,서울특별시 은평구청,2026-02-26
녹번동,1,은평로13길 20-1,155-9,37.6028840000,126.9249980000,2000,,02-351-7944,서울특별시 은평구청,2026-02-26
녹번동,1,은평로13길 19,157-9,37.6027920000,126.9247730000,2014,,02-351-7944,서울특별시 은평구청,2026-02-26
녹번동,1,은평로13길 26,155-4,37.6031790000,126.9246650000,2000,,02-351-7944,서울특별시 은평구청,2026-02-26
녹번동,1,서오릉로 29-5,155-2,37.6033070000,126.9248900000,2005,,02-351-7944,서울특별시 은평구청,2026-02-26
녹번동,1,은평로13길 30,154-32,37.6035720000,126.9243420000,2003,,02-351-7944,서울특별시 은평구청,2026-02-26
녹번동,1,은평로13길 27,158-8,37.6033270000,126.9241650000,2015,,02-351-7944,서울특별시 은평구청,2026-02-26
녹번동,1,은평로13길 29-2,158-4,37.6034880000,126.9239470000,2000,,02-351-7944,서울특별시 은평구청,2026-02-26
녹번동,1,은평로13길 32,154-25,37.6036710000,126.9242500000,2000,,02-351-7944,서울특별시 은평구청,2026-02-26
녹번동,1,은평로13길 34,154-15,37.6039380000,126.9239860000,2005,,02-351-7944,서울특별시 은평구청,2026-02-26
녹번동,1,은평로13길 35,158-1,37.6039620000,126.9236570000,2016,,02-351-7944,서울특별시 은평구청,2026-02-26
녹번동,1,서오릉로 41-13,154-5,37.6043350000,126.9239920000,2002,,02-351-7944,서울특별시 은평구청,2026-02-26
녹번동,1,서오릉로 45,153-21,37.6046760000,126.9238170000,2000,,02-351-7944,서울특별시 은평구청,2026-02-26
녹번동,1,서오릉로 41-12,153-27,37.6043850000,126.9235830000,2012,,02-351-7944,서울특별시 은평구청,2026-02-26
녹번동,1,은평로11길 366,279-1,37.6037760000,126.9229800000,2012,,02-351-7944,서울특별시 은평구청,2026-02-26
녹번동,1,은평로13길 35,158-1,37.6039620000,126.9236570000,2000,,02-351-7944,서울특별시 은평구청,2026-02-26
녹번동,1,은평로11길 32,158-46,37.6035840000,126.9236970000,2012,,02-351-7944,서울특별시 은평구청,2026-02-26
녹번동,1,은평로11길 30,158-14,37.6033300000,126.9235190000,2000,,02-351-7944,서울특별시 은평구청,2026-02-26
녹번동,1,은평로11길 27,159-23,37.6031660000,126.9233060000,2015,,02-351-7944,서울특별시 은평구청,2026-02-26
녹번동,1,은평로11길 25-12,159-21,37.6032190000,126.9231700000,2012,,02-351-7944,서울특별시 은평구청,2026-02-26
녹번동,1,은평로11길 25-14,159-28,37.6032000000,126.9230230000,2000,,02-351-7944,서울특별시 은평구청,2026-02-26
녹번동,1,응암로 356,160-3,37.6026490000,126.9228830000,2005,,02-351-7944,서울특별시 은평구청,2026-02-26
녹번동,1,은평로11길 23,160-1,37.6028870000,126.9232540000,2005,,02-351-7944,서울특별시 은평구청,2026-02-26
녹번동,1,은평로11길 26,157-35,37.6029826500,126.9234502000,2012,,02-351-7944,서울특별시 은평구청,2026-02-26
녹번동,1,은평로11길 157-33,157-33,37.6027180000,126.9235390000,2018,,02-351-7944,서울특별시 은평구청,2026-02-26
녹번동,1,은평로13길 25-19,157-18,37.6030380000,126.9240440000,2000,,02-351-7944,서울특별시 은평구청,2026-02-26
녹번동,1,은평로13길 25-7,157-1,37.6031040000,126.9244280000,2003,,02-351-7944,서울특별시 은평구청,2026-02-26
녹번동,1,은평로11길 24,157-36,37.6028170000,126.9235040000,2015,,02-351-7944,서울특별시 은평구청,2026-02-26
녹번동,1,은평로11길 21,160-9,37.6026340000,126.9232350000,2018,,02-351-7944,서울특별시 은평구청,2026-02-26
녹번동,1,은평로11길 18,156-51,37.6022760000,126.9234660000,2000,,02-351-7944,서울특별시 은평구청,2026-02-26
녹번동,1,은평로11길 18-8,156-32,37.6023690000,126.9238050000,2005,,02-351-7944,서울특별시 은평구청,2026-02-26
녹번동,1,은평로11길 18-10,156-24,37.6024160000,126.9240760000,2018,,02-351-7944,서울특별시 은평구청,2026-02-26
녹번동,1,은평로11길 18-19,157-23,37.6026250000,126.9242430000,2018,,02-351-7944,서울특별시 은평구청,2026-02-26
녹번동,1,은평로13길 17-9,156-15,37.6025020000,126.9245390000,2017,,02-351-7944,서울특별시 은평구청,2026-02-26
녹번동,1,서오릉로 23,155-28,37.6031310000,126.9253570000,2019,,02-351-7944,서울특별시 은평구청,2026-02-26
녹번동,1,서오릉로 23,155-30,37.6031310000,126.9253570000,2019,,02-351-7944,서울특별시 은평구청,2026-02-26
녹번동,1,서오릉로 17-1,155-41,37.6025830000,126.9255460000,2018,,02-351-7944,서울특별시 은평구청,2026-02-26
녹번동,1,은평로11길 13-1,160-24,37.6020390000,126.9231980000,2000,,02-351-7944,서울특별시 은평구청,2026-02-26
녹번동,1,은평로11길 14,156-34,37.6019870000,126.9234030000,2015,,02-351-7944,서울특별시 은평구청,2026-02-26
녹번동,1,은평로11길 14-1,156-35,37.6020520000,126.9235830000,2018,,02-351-7944,서울특별시 은평구청,2026-02-26
녹번동,1,은평로11길 12-11,156-39,37.6019280000,126.9238340000,2005,,02-351-7944,서울특별시 은평구청,2026-02-26
녹번동,1,응암로 343,176-26,37.6017140000,126.9221720000,2015,,02-351-7944,서울특별시 은평구청,2026-02-26
녹번동,1,은평로9길 22-13,176-9,37.6016940000,126.9218670000,2000,,02-351-7944,서울특별시 은평구청,2026-02-26
녹번동,1,은평로9길 20,176-15,37.6019090000,126.9217390000,2004,,02-351-7944,서울특별시 은평구청,2026-02-26
녹번동,1,은평로9길 22-12,176-16,37.6018180000,126.9217180000,2000,,02-351-7944,서울특별시 은평구청,2026-02-26
녹번동,1,은평로9길 15,176-16,37.6018180000,126.9217180000,2015,,02-351-7944,서울특별시 은평구청,2026-02-26
녹번동,1,은평로9길 15,177-15,37.6021030000,126.9212830000,2002,,02-351-7944,서울특별시 은평구청,2026-02-26
녹번동,1,은평로9길 26,176-21,37.6024420000,126.9219460000,2015,,02-351-7944,서울특별시 은평구청,2026-02-26
녹번동,1,은평로9길 27,177-2,37.6025750000,126.9216610000,2002,,02-351-7944,서울특별시 은평구청,2026-02-26
녹번동,1,은평로9길 30,176-28,37.6027760000,126.9220100000,2018,,02-351-7944,서울특별시 은평구청,2026-02-26
녹번동,1,은평로9길 30,176-28,37.6027760000,126.9220100000,2005,,02-351-7944,서울특별시 은평구청,2026-02-26
녹번동,1,은평로 353,176-1,37.6027150000,126.9222710000,2005,,02-351-7944,서울특별시 은평구청,2026-02-26
녹번동,1,진흥로 68-4,177-1,37.6027280000,126.9217270000,2016,,02-351-7944,서울특별시 은평구청,2026-02-26
녹번동,1,진흥로 72-1,162-33,37.6031160000,126.9217670000,2016,,02-351-7944,서울특별시 은평구청,2026-02-26
녹번동,1,서오릉로 45,153-21,37.6047453800,126.9240228000,2020,,02-351-7944,서울특별시 은평구청,2026-02-26
녹번동,1,통일로 578-35,71-22,37.5988000000,126.9386570000,2016,,02-351-7944,서울특별시 은평구청,2026-02-26
녹번동,1,통일로 578-21,Oct-71,37.5991510000,126.9386070000,2016,,02-351-7944,서울특별시 은평구청,2026-02-26
녹번동,1,통일로 578-25,71-20,37.5989610000,126.9385530000,2015,,02-351-7944,서울특별시 은평구청,2026-02-26
녹번동,1,통일로 578-15,71-40,37.5988960000,126.9382370000,2015,,02-351-7944,서울특별시 은평구청,2026-02-26
녹번동,1,통일로 580-16,May-71,37.5991820000,126.9380740000,2021,,02-351-7944,서울특별시 은평구청,2026-02-26
녹번동,1,통일로 580-15,Jul-71,37.5992778200,126.9382106000,2016,,02-351-7944,서울특별시 은평구청,2026-02-26
녹번동,1,통일로 580-16,Sep-71,37.5992310000,126.9384130000,2015,,02-351-7944,서울특별시 은평구청,2026-02-26
녹번동,1,통일로 586-26,Aug-71,37.5993540000,126.9381510000,2018,,02-351-7944,서울특별시 은평구청,2026-02-26
녹번동,1,통일로 586-19,280-1,37.5999110000,126.9379280000,2018,,02-351-7944,서울특별시 은평구청,2026-02-26
녹번동,1,통일로 586-19,280-1,37.5999110000,126.9379280000,2018,,02-351-7944,서울특별시 은평구청,2026-02-26
녹번동,1,통일로 586-19,280-1,37.5999110000,126.9379280000,2018,,02-351-7944,서울특별시 은평구청,2026-02-26
녹번동,1,통일로 586-19,280-1,37.5999110000,126.9379280000,2018,,02-351-7944,서울특별시 은평구청,2026-02-26
녹번동,1,통일로 586-19,280-1,37.5996443600,126.9377661000,2016,,02-351-7944,서울특별시 은평구청,2026-02-26
녹번동,1,통일로 586-19,280-1,37.5999110000,126.9379280000,2016,,02-351-7944,서울특별시 은평구청,2026-02-26
녹번동,1,통일로 586-19,277-,37.5992940000,126.9374610000,2016,,02-351-7944,서울특별시 은평구청,2026-02-26
녹번동,1,통일로 586-19,280-1,37.5999110000,126.9379280000,2016,,02-351-7944,서울특별시 은평구청,2026-02-26
녹번동,1,통일로 586-19,277-,37.5992940000,126.9374610000,2016,,02-351-7944,서울특별시 은평구청,2026-02-26
녹번동,1,통일로 586,277-,37.5992940000,126.9374610000,2016,,02-351-7944,서울특별시 은평구청,2026-02-26
녹번동,1,통일로 586,277-,37.5992940000,126.9374610000,2016,,02-351-7944,서울특별시 은평구청,2026-02-26
녹번동,1,통일로 578-35,71-22,37.5988000000,126.9386570000,2017,,02-351-7944,서울특별시 은평구청,2026-02-26
녹번동,1,통일로 578-35,71-22,37.5988000000,126.9386570000,2015,,02-351-7944,서울특별시 은평구청,2026-02-26
녹번동,1,통일로 578-29,71-25,37.5987790000,126.9383520000,2015,,02-351-7944,서울특별시 은평구청,2026-02-26
녹번동,1,통일로 578-5,71-31,37.5987960000,126.9381930000,2015,,02-351-7944,서울특별시 은평구청,2026-02-26
녹번동,1,통일로 578-14,Feb-71,37.5985910000,126.9384000000,2015,,02-351-7944,서울특별시 은평구청,2026-02-26
녹번동,1,통일로 578-9,71-17,37.5989040000,126.9381402000,2016,,02-351-7944,서울특별시 은평구청,2026-02-26
녹번동,1,통일로 580-2,71-38,37.5988190000,126.9377850000,2019,,02-351-7944,서울특별시 은평구청,2026-02-26
녹번동,1,통일로 586-26,Aug-71,37.5993540000,126.9381510000,2015,,02-351-7944,서울특별시 은평구청,2026-02-26
녹번동,1,통일로 580-9,Mar-71,37.5991510100,126.9380896000,2016,,02-351-7944,서울특별시 은평구청,2026-02-26
녹번동,1,통일로 580-7,Jan-71,37.5990550000,126.9379290000,2015,,02-351-7944,서울특별시 은평구청,2026-02-26
녹번동,1,통일로 580-9,Mar-71,37.5991370000,126.9379840000,2015,,02-351-7944,서울특별시 은평구청,2026-02-26
녹번동,1,통일로 650,281-5,37.6066510000,126.9349330000,2015,,02-351-7944,서울특별시 은평구청,2026-02-26
녹번동,1,통일로 650,281-5,37.6066940000,126.9347850000,2015,,02-351-7944,서울특별시 은평구청,2026-02-26
녹번동,1,통일로 650,281-5,37.6067380000,126.9346260000,2015,,02-351-7944,서울특별시 은평구청,2026-02-26
녹번동,1,통일로62길 12,08월 17일,37.6067380000,126.9346260000,2018,,02-351-7944,서울특별시 은평구청,2026-02-26
녹번동,1,통일로62길 8,08월 03일,37.6069490000,126.9340900000,2018,,02-351-7944,서울특별시 은평구청,2026-02-26
녹번동,1,통일로62길 9,08월 15일,,,2019,,02-351-7944,서울특별시 은평구청,2026-02-26
녹번동,1,통일로62길 8,08월 05일,37.6069570000,126.9339770000,2018,,02-351-7944,서울특별시 은평구청,2026-02-26
녹번동,1,통일로 678,12월 03일,37.6069610000,126.9333770000,2018,,02-351-7944,서울특별시 은평구청,2026-02-26
녹번동,1,통일로 680,11월 03일,37.6069890000,126.9334440000,2017,,02-351-7944,서울특별시 은평구청,2026-02-26
녹번동,1,진흥로 272,1-35,37.6103120000,126.9392750000,2016,,02-351-7944,서울특별시 은평구청,2026-02-26
녹번동,1,진흥로16길 5,1-50,37.6099610000,126.9392800000,2016,,02-351-7944,서울특별시 은평구청,2026-02-26
녹번동,1,진흥로16길 9,1-51,37.6097350000,126.9392720000,2016,,02-351-7944,서울특별시 은평구청,2026-02-26
녹번동,1,진흥로16길 8-10,01월 19일,37.6094330000,126.9387330000,2019,,02-351-7944,서울특별시 은평구청,2026-02-26
녹번동,1,,01월 17일,,,2019,,02-351-7944,서울특별시 은평구청,2026-02-26
녹번동,1,진흥로16길 8-12,01월 20일,37.6093690000,126.9386090000,2016,,02-351-7944,서울특별시 은평구청,2026-02-26
녹번동,1,진흥로16길 11,1-54,37.6095200000,126.9393320000,2016,,02-351-7944,서울특별시 은평구청,2026-02-26
녹번동,1,진흥로16길 12,01월 26일,37.6093711200,126.9391856000,2016,,02-351-7944,서울특별시 은평구청,2026-02-26
녹번동,1,진흥로16길 15,1-93,37.6091690000,126.9393930000,2016,,02-351-7944,서울특별시 은평구청,2026-02-26
녹번동,1,,1-58,,,2016,,02-351-7944,서울특별시 은평구청,2026-02-26
녹번동,1,진흥로16길 17,1-74,37.6089080000,126.9394650000,2016,,02-351-7944,서울특별시 은평구청,2026-02-26
녹번동,1,,1-78,,,2016,,02-351-7944,서울특별시 은평구청,2026-02-26
녹번동,1,x,산1-77,37.6085070000,126.9389950000,2016,,02-351-7944,서울특별시 은평구청,2026-02-26
녹번동,1,통일로62길,산1-77,37.6085070000,126.9389950000,2016,,02-351-7944,서울특별시 은평구청,2026-02-26
녹번동,1,통일로62길,산1-77,37.6085070000,126.9389950000,2016,,02-351-7944,서울특별시 은평구청,2026-02-26
녹번동,1,통일로62길,산1-77,37.6085070000,126.9389950000,2016,,02-351-7944,서울특별시 은평구청,2026-02-26
녹번동,1,통일로62길,산1-81,37.6088720000,126.9384350000,2016,,02-351-7944,서울특별시 은평구청,2026-02-26
녹번동,1,통일로62길,산1-81,37.6088720000,126.9384350000,2016,,02-351-7944,서울특별시 은평구청,2026-02-26
녹번동,1,,산1-81,37.6088720000,126.9384350000,2016,,02-351-7944,서울특별시 은평구청,2026-02-26
녹번동,1,,산1-77,37.6089130000,126.9380150000,2018,,02-351-7944,서울특별시 은평구청,2026-02-26
녹번동,1,진흥로16길,산1-1,37.6055120000,126.9415630000,2003,,02-351-7944,서울특별시 은평구청,2026-02-26
녹번동,1,진흥로16길 30,산1-73,37.6081780000,126.9394530000,2016,,02-351-7944,서울특별시 은평구청,2026-02-26
녹번동,1,진흥로16길 25,1-85,37.6083277400,126.9396375000,2016,,02-351-7944,서울특별시 은평구청,2026-02-26
녹번동,1,진흥로16길 25,1-85,37.6081780000,126.9394530000,2016,,02-351-7944,서울특별시 은평구청,2026-02-26
녹번동,1,진흥로16길 25-1,1-84,37.6083630000,126.9399260000,2019,,02-351-7944,서울특별시 은평구청,2026-02-26
녹번동,1,진흥로16길 19-7,1-72,37.6090980000,126.9395980000,2016,,02-351-7944,서울특별시 은평구청,2026-02-26
녹번동,1,진흥로16길 19-7,산1-72,37.6090980000,126.9395980000,2016,,02-351-7944,서울특별시 은평구청,2026-02-26
녹번동,1,진흥로16길 21,1-80,37.6085220000,126.9396630000,2016,,02-351-7944,서울특별시 은평구청,2026-02-26
녹번동,1,진흥로16길 19-1,1-76,37.6087930000,126.9396590000,2000,,02-351-7944,서울특별시 은평구청,2026-02-26
녹번동,1,통일로53길 9-28,35-116,37.6027840000,126.9338100000,2016,,02-351-7944,서울특별시 은평구청,2026-02-26
녹번동,1,은평로21길 13-3,Dec-44,37.6015910000,126.9324460000,2002,,02-351-7944,서울특별시 은평구청,2026-02-26
녹번동,1,은평로21길 13-3,44-24,37.6016840000,126.9326930000,2016,,02-351-7944,서울특별시 은평구청,2026-02-26
녹번동,1,은평로 221-1,237,37.6013091200,126.9324637000,2016,,02-351-7944,서울특별시 은평구청,2026-02-26
녹번동,1,은평로 205-5,Dec-73,37.6015292100,126.9310897000,2020,,02-351-7944,서울특별시 은평구청,2026-02-26
녹번동,1,은평로21길 33-6,77-34,37.6021780000,126.9305690000,2015,,02-351-7944,서울특별시 은평구청,2026-02-26
녹번동,1,은평로21길 23-1,75-15,37.6019630000,126.9316590000,2003,,02-351-7944,서울특별시 은평구청,2026-02-26
녹번동,1,은평로21가길 17-4,86-76,37.6043450000,126.9301070000,2000,,02-351-7944,서울특별시 은평구청,2026-02-26
녹번동,1,녹번로4길 9,89-20,37.6050910000,126.9308670000,2004,,02-351-7944,서울특별시 은평구청,2026-02-26
녹번동,1,녹번로4길 6-4,94-38,37.6046860000,126.9298870000,2000,,02-351-7944,서울특별시 은평구청,2026-02-26
녹번동,1,녹번로4길 6-13,86-33,37.6047620000,126.9303620000,2018,,02-351-7944,서울특별시 은평구청,2026-02-26
녹번동,1,녹번로4길 5,94-24,37.6054570000,126.9304760000,2016,,02-351-7944,서울특별시 은평구청,2026-02-26
녹번동,1,녹번로6길 4,29-31,37.6058630000,126.9315240000,2016,,02-351-7944,서울특별시 은평구청,2026-02-26
녹번동,1,서오릉로4길 10,165-8,37.6049190000,126.9258180000,2016,,02-351-7944,서울특별시 은평구청,2026-02-26
녹번동,1,통일로61길 3-1,112-2,37.6066110000,126.9325320000,2000,,02-351-7944,서울특별시 은평구청,2026-02-26
녹번동,1,통일로 578-29,71-25,37.5988132000,126.9384073000,2016,,02-351-7944,서울특별시 은평구청,2026-02-26
녹번동,1,통일로53길 20,35-48,37.6041370000,126.9329300000,1997,,02-351-7944,서울특별시 은평구청,2026-02-26
녹번동,1,통일로53길 6,35-26,37.6039020000,126.9338280000,2002,,02-351-7944,서울특별시 은평구청,2026-02-26
녹번동,1,서오릉로 20,82-41,37.6030220000,126.9262640000,2000,,02-351-7944,서울특별시 은평구청,2026-02-26
녹번동,1,녹번로 3,82-24,37.6027810000,126.9265400000,2018,,02-351-7944,서울특별시 은평구청,2026-02-26
녹번동,1,서오릉로6가길 12-3,151-75,37.6060040000,126.9251680000,2001,,02-351-7944,서울특별시 은평구청,2026-02-26
녹번동,1,서오릉로6길 7,146-2,37.6064620000,126.9240740000,2016,,02-351-7944,서울특별시 은평구청,2026-02-26
녹번동,1,진흥로12나길 19,142-58,37.6066600000,126.9259740000,2000,,02-351-7944,서울특별시 은평구청,2026-02-26
녹번동,1,녹번로3길 24-1,136-25,37.6062320000,126.9265470000,2002,,02-351-7944,서울특별시 은평구청,2026-02-26
녹번동,1,진흥로12길 17-1,134-15,37.6070730000,126.9268970000,2000,,02-351-7944,서울특별시 은평구청,2026-02-26
녹번동,1,진흥로12가길 11-1,131-114,37.6082630000,126.9278990000,2016,,02-351-7944,서울특별시 은평구청,2026-02-26
녹번동,1,진흥로12가길 18-1,126-18,37.6078010000,126.9286420000,2017,,02-351-7944,서울특별시 은평구청,2026-02-26
녹번동,1,통일로 689-4,117-36,37.6075990000,126.9311590000,2017,,02-351-7944,서울특별시 은평구청,2026-02-26
녹번동,1,진흥로12가길 9-3,131-88,37.6083250000,126.9277740000,2000,,02-351-7944,서울특별시 은평구청,2026-02-26
녹번동,1,녹번로7길 20-7,121-9,37.6070380000,126.9289130000,2017,,02-351-7944,서울특별시 은평구청,2026-02-26
녹번동,1,녹번로7길 22-4,122-5,37.6068740000,126.9287910000,2017,,02-351-7944,서울특별시 은평구청,2026-02-26
녹번동,1,녹번로3가길 4-7,105-7,37.6062420000,126.9276560000,2017,,02-351-7944,서울특별시 은평구청,2026-02-26
녹번동,1,녹번로3길 37-7,98-32,37.6057450000,126.9284560000,2000,,02-351-7944,서울특별시 은평구청,2026-02-26
녹번동,1,녹번로 33-10,100-5,37.6053270000,126.9280210000,2000,,02-351-7944,서울특별시 은평구청,2026-02-26
녹번동,1,녹번로 37-5,98-53,37.6054940000,126.9286180000,2006,,02-351-7944,서울특별시 은평구청,2026-02-26
녹번동,1,은평로13길 31-3,158-36,37.6036480000,126.9238090000,2018,,02-351-7944,서울특별시 은평구청,2026-02-26
녹번동,1,은평로13길 12-7,155-14,37.6025550000,126.9253990000,2018,,02-351-7944,서울특별시 은평구청,2026-02-26
녹번동,1,은평로11길 34,158-44,37.6037100000,126.9236720000,2017,,02-351-7944,서울특별시 은평구청,2026-02-26
녹번동,1,은평로13길 25-7,157-16,37.6030850000,126.9242480000,2017,,02-351-7944,서울특별시 은평구청,2026-02-26
녹번동,1,은평로11길 21-3,160-8,37.6026060000,126.9230880000,2016,,02-351-7944,서울특별시 은평구청,2026-02-26
녹번동,1,은평로11길 18-4,156-55,37.6022510000,126.9237390000,2017,,02-351-7944,서울특별시 은평구청,2026-02-26
녹번동,1,은평로11길 18-14,156-60,37.6023370000,126.9242700000,2017,,02-351-7944,서울특별시 은평구청,2026-02-26
녹번동,1,은평로13길 17-11,156-18,37.6023480000,126.9244510000,2017,,02-351-7944,서울특별시 은평구청,2026-02-26
녹번동,1,은평로13길 17-7,156-16,37.6024040000,126.9246420000,2018,,02-351-7944,서울특별시 은평구청,2026-02-26
녹번동,1,은평로11길 13-3,160-21,37.6020560000,126.9230280000,2000,,02-351-7944,서울특별시 은평구청,2026-02-26
녹번동,1,응암로 348-12,160-27,37.6024690000,126.9229090000,2017,,02-351-7944,서울특별시 은평구청,2026-02-26
녹번동,1,통일로 578-9,71-17,37.5988760000,126.9381130000,2017,,02-351-7944,서울특별시 은평구청,2026-02-26
녹번동,1,통일로62길 10-1,08월 04일,37.6068500000,126.9340240000,2018,,02-351-7944,서울특별시 은평구청,2026-02-26
녹번동,1,통일로 657-2,28-52,37.6051090000,126.9338790000,2018,,02-351-7944,서울특별시 은평구청,2026-02-26
녹번동,1,통일로 623-2,42-28,37.6023480000,126.9343940000,2000,,02-351-7944,서울특별시 은평구청,2026-02-26
녹번동,1,은평로21길 6-11,43-13,37.6020690000,126.9334010000,2000,,02-351-7944,서울특별시 은평구청,2026-02-26
녹번동,1,은평로21길 3-22,May-73,37.6017450200,126.9322836000,2018,,02-351-7944,서울특별시 은평구청,2026-02-26
녹번동,1,서오릉로2길 7-8,83-66,37.6026560000,126.9275950000,2000,,02-351-7944,서울특별시 은평구청,2026-02-26
녹번동,1,은평로21가길 15-15,86-41,37.6044040000,126.9296190000,2000,,02-351-7944,서울특별시 은평구청,2026-02-26
녹번동,1,녹번로4길 7,94-29,37.6052250000,126.9307060000,2001,,02-351-7944,서울특별시 은평구청,2026-02-26
녹번동,1,녹번로 60-9,29-80,37.6056280000,126.9313910000,2018,,02-351-7944,서울특별시 은평구청,2026-02-26
녹번동,1,통일로57길 6-17,29-18,37.6051110000,126.9330520000,2000,,02-351-7944,서울특별시 은평구청,2026-02-26
녹번동,1,통일로53길 9-24,35-122,37.6029900000,126.9336490000,2002,,02-351-7944,서울특별시 은평구청,2026-02-26
녹번동,1,통일로61길 9,111-2,37.6066263900,126.9321216000,2018,,02-351-7944,서울특별시 은평구청,2026-02-26
녹번동,1,녹번로6길 5-8,29-93,37.6059580000,126.9320550000,2003,,02-351-7944,서울특별시 은평구청,2026-02-26
녹번동,1,녹번로6길 5-14,May-93,37.6061930000,126.9321870000,2018,,02-351-7944,서울특별시 은평구청,2026-02-26
녹번동,1,통일로61길 4-10,117-19,37.6069230000,126.9321200000,2002,,02-351-7944,서울특별시 은평구청,2026-02-26
녹번동,1,서오릉로 12,83-26,37.6024491400,126.9267843000,2018,,02-351-7944,서울특별시 은평구청,2026-02-26
녹번동,1,녹번로1길 22,101-6,37.6052380000,126.9272180000,2018,,02-351-7944,서울특별시 은평구청,2026-02-26
녹번동,1,서오릉로6가길 14-3,151-91,37.6059790000,126.9254740000,2003,,02-351-7944,서울특별시 은평구청,2026-02-26
녹번동,1,,144-90,37.6065950000,126.9238120000,2014,,02-351-7944,서울특별시 은평구청,2026-02-26
녹번동,1,서오릉로6길 17-9,142-69,37.6068580000,126.9250200000,2000,,02-351-7944,서울특별시 은평구청,2026-02-26
녹번동,1,진흥로12나길 18-9,142-52,37.6068080000,126.9254510000,2000,,02-351-7944,서울특별시 은평구청,2026-02-26
녹번동,1,진흥로12나길 15-1,142-23,37.6068940000,126.9260390000,2006,,02-351-7944,서울특별시 은평구청,2026-02-26
녹번동,1,진흥로12나길 9-1,139-25,37.6074900000,126.9261660000,2000,,02-351-7944,서울특별시 은평구청,2026-02-26
녹번동,1,진흥로12나길 10-9,140-7,37.6074970000,126.9259390000,2018,,02-351-7944,서울특별시 은평구청,2026-02-26
녹번동,1,진흥로12나길 1-13,137-9,37.6073130000,126.9264860000,2001,,02-351-7944,서울특별시 은평구청,2026-02-26
녹번동,1,진흥로 176,132-82,37.6081280000,126.9289320000,2018,,02-351-7944,서울특별시 은평구청,2026-02-26
녹번동,1,진흥로12가길 18-10,131-44,37.6074290000,126.9283300000,2018,,02-351-7944,서울특별시 은평구청,2026-02-26
녹번동,1,진흥로 178,128-1,37.6080510000,126.9293630000,2018,,02-351-7944,서울특별시 은평구청,2026-02-26
녹번동,1,진흥로 188-2,118-22,37.6080600000,126.9304050000,2000,,02-351-7944,서울특별시 은평구청,2026-02-26
녹번동,1,녹번로3길 8-5,98-17,37.6058790000,126.9282960000,2000,,02-351-7944,서울특별시 은평구청,2026-02-26
녹번동,1,녹번로3길 8-3,98-18,37.6058150000,126.9282630000,2000,,02-351-7944,서울특별시 은평구청,2026-02-26
녹번동,1,녹번로3가길 4-13,105-49,37.6065400000,126.9276750000,2000,,02-351-7944,서울특별시 은평구청,2026-02-26
녹번동,1,녹번로7길 28-4,105-18,37.6065460000,126.9282980000,2001,,02-351-7944,서울특별시 은평구청,2026-02-26
녹번동,1,녹번로1길 23-5,168-21,37.6054340000,126.9269090000,2016,,02-351-7944,서울특별시 은평구청,2026-02-26
녹번동,1,녹번로 33-10,100-5,37.6053270000,126.9280210000,2018,,02-351-7944,서울특별시 은평구청,2026-02-26
녹번동,1,녹번로 33-10,100-5,37.6053270000,126.9280210000,2000,,02-351-7944,서울특별시 은평구청,2026-02-26
녹번동,1,녹번로 9,Oct-82,37.6038860000,126.9261730000,2006,,02-351-7944,서울특별시 은평구청,2026-02-26
녹번동,1,은평로13길 21-1,157-7,37.6029530000,126.9246230000,2018,,02-351-7944,서울특별시 은평구청,2026-02-26
녹번동,1,은평로13길 23,157-2,37.6030520000,126.9245540000,2001,,02-351-7944,서울특별시 은평구청,2026-02-26
녹번동,1,은평로11길 26-11,158-12,37.6033780000,126.9237790000,2018,,02-351-7944,서울특별시 은평구청,2026-02-26
녹번동,1,은평로13길 25-9,157-15,37.6030580000,126.9243160000,2000,,02-351-7944,서울특별시 은평구청,2026-02-26
녹번동,1,은평로11길 18-3,157-42,37.6024930000,126.9235770000,2018,,02-351-7944,서울특별시 은평구청,2026-02-26
녹번동,1,진흥로 68-17,162-17,37.6033160000,126.9219230000,2000,,02-351-7944,서울특별시 은평구청,2026-02-26
녹번동,1,진흥로16길 15,1-93,37.6091690000,126.9393930000,2018,,02-351-7944,서울특별시 은평구청,2026-02-26
녹번동,1,진흥로16길 7-11,1-69,37.6094420000,126.9396950000,2019,,02-351-7944,서울특별시 은평구청,2026-02-26
녹번동,1,진흥로16길 7-4,1-52,37.6097540000,126.9393740000,2018,,02-351-7944,서울특별시 은평구청,2026-02-26
녹번동,1,진흥로18길 6,1-62,37.6101020000,126.9399580000,2018,,02-351-7944,서울특별시 은평구청,2026-02-26
녹번동,1,진흥로 272-16,1-47,37.6098460000,126.9395650000,2018,,02-351-7944,서울특별시 은평구청,2026-02-26
녹번동,1,진흥로 274,1-59,37.6104310000,126.9395230000,2019,,02-351-7944,서울특별시 은평구청,2026-02-26
녹번동,1,진흥로18길 3,1-60,37.6103230000,126.9395580000,2000,,02-351-7944,서울특별시 은평구청,2026-02-26
녹번동,1,진흥로18길 3,1-61,37.6101910000,126.9398200000,2018,,02-351-7944,서울특별시 은평구청,2026-02-26
녹번동,1,진흥로18길 7,01월 01일,37.6099850000,126.9399820000,2000,,02-351-7944,서울특별시 은평구청,2026-02-26
녹번동,1,진흥로18길 10,01월 03일,37.6099220000,126.9400390000,2018,,02-351-7944,서울특별시 은평구청,2026-02-26
녹번동,1,진흥로18길 13,산1-71,37.6094400800,126.9405897000,2019,,02-351-7944,서울특별시 은평구청,2026-02-26
녹번동,1,녹번로7길 19-13,96-22,37.6059580000,126.9290870000,2002,,02-351-7944,서울특별시 은평구청,2026-02-26
녹번동,1,녹번로 68,110-2,37.6066480000,126.9316710000,2018,,02-351-7944,서울특별시 은평구청,2026-02-26
녹번동,1,녹번로6길 12-22,29-46,37.6046696000,126.9324172000,2019,,02-351-7944,서울특별시 은평구청,2026-02-26
녹번동,1,녹번로 54,95-44,37.6054800000,126.9309740000,2019,,02-351-7944,서울특별시 은평구청,2026-02-26
녹번동,1,통일로 598-13,62-13,,,2021,,02-351-7944,서울특별시 은평구청,2026-02-26
녹번동,1,통일로 580-15,Jul-71,37.5992778200,126.9382106000,2021,,02-351-7944,서울특별시 은평구청,2026-02-26
녹번동,1,녹번로 6-10,83-41,37.6028947200,126.9273705000,2021,,02-351-7944,서울특별시 은평구청,2026-02-26
녹번동,1,은평로 227,250,37.6012567400,126.9330336000,2021,,02-351-7944,서울특별시 은평구청,2026-02-26
녹번동,1,녹번로6-28,83-37,37.6028164100,126.9283060000,2022,,02-351-7944,서울특별시 은평구청,2026-02-26
녹번동,1,서오릉로8,181,37.6021963600,126.9269529000,2022,,02-351-7944,서울특별시 은평구청,2026-02-26
녹번동,1,서오릉로2길 12,183-2,37.6022155300,126.9277794000,2022,,02-351-7944,서울특별시 은평구청,2026-02-26
녹번동,1,은평로 205-9,Oct-73,37.6015545700,126.9314923000,2022,,02-351-7944,서울특별시 은평구청,2026-02-26
녹번동,1,은평로13길 36-1,154-12,37.6041913500,126.9239818000,2022,,02-351-7944,서울특별시 은평구청,2026-02-26
녹번동,1,서오릉로2길 10,183,37.6022358200,126.9275432000,2022,,02-351-7944,서울특별시 은평구청,2026-02-26
녹번동,1,은평로21길 31-20,75-24,,9차,2022,,02-351-7944,서울특별시 은평구청,2026-02-26
녹번동,1,은평로21가길 16-2,86-100,37.6040745300,126.9302492000,2021,,02-351-7944,서울특별시 은평구청,2026-02-26
녹번동,1,녹번로6길 3,29-29,37.6060842900,126.9316282000,2022,,02-351-7944,서울특별시 은평구청,2026-02-26
녹번동,1,,,,,2023,,02-351-7944,서울특별시 은평구청,2026-02-26
녹번동,1,,산27,,,2023,,02-351-7944,서울특별시 은평구청,2026-02-26
녹번동,1,,산27,,,2023,,02-351-7944,서울특별시 은평구청,2026-02-26
녹번동,1,,산27,,,2023,,02-351-7944,서울특별시 은평구청,2026-02-26
녹번동,1,,산27,,,2023,,02-351-7944,서울특별시 은평구청,2026-02-26
녹번동,1,은평로21길 46,86-124,37.6031070900,126.9294742000,2023,,02-351-7944,서울특별시 은평구청,2026-02-26
녹번동,1,통일로 625-13,42-32,37.6026926600,126.9341382000,2023,,02-351-7944,서울특별시 은평구청,2026-02-26
녹번동,1,은평로21가길 31-2,28-148,37.6045128600,126.9318328000,2023,,02-351-7944,서울특별시 은평구청,2026-02-26
녹번동,1,,152-36,,,2023,,02-351-7944,서울특별시 은평구청,2026-02-26
녹번동,1,은평로21길 40,Jan-88,37.6027932800,126.9302210000,2023,,02-351-7944,서울특별시 은평구청,2026-02-26
녹번동,1,녹번로7길 24-6,105-11,37.6068098100,126.9283701000,2023,,02-351-7944,서울특별시 은평구청,2026-02-26
녹번동,1,녹번로7길 21,108-27,37.6067452200,126.9290976000,2023,,02-351-7944,서울특별시 은평구청,2026-02-26
녹번동,1,서오릉로4길 20-14,168-14,37.6053418800,126.9266732000,2023,,02-351-7944,서울특별시 은평구청,2026-02-26
녹번동,1,서오릉로6가길 16-2,151-87,37.6058726500,126.9255612000,2023,,02-351-7944,서울특별시 은평구청,2026-02-26
녹번동,1,은평로13길 28,154-34,37.6034008700,126.9245921000,2023,,02-351-7944,서울특별시 은평구청,2026-02-26
녹번동,1,,144-55,,,2023,,02-351-7944,서울특별시 은평구청,2026-02-26
녹번동,1,진흥로12가길 11,131-184,37.6081597900,126.9279192000,2023,,02-351-7944,서울특별시 은평구청,2026-02-26
녹번동,1,진흥로12가길 18-4,130-6,37.6077650700,126.9284888000,2023,,02-351-7944,서울특별시 은평구청,2026-02-26
녹번동,1,서오릉로4길 6,165-1,37.6046133200,126.9254478000,2024,,02-351-7944,서울특별시 은평구청,2026-02-26
녹번동,1,은평로 195,84,37.6021755600,126.9293379000,2024,,02-351-7944,서울특별시 은평구청,2026-02-26
녹번동,1,녹번로 6-28,83-37,37.6028164100,126.9283060000,2024,,02-351-7944,서울특별시 은평구청,2026-02-26
녹번동,1,녹번로 6-10,83-41,37.6028947200,126.9273705000,2024,,02-351-7944,서울특별시 은평구청,2026-02-26
녹번동,1,은평로21길 55,83-30,37.6031165600,126.9283238000,2024,,02-351-7944,서울특별시 은평구청,2026-02-26
녹번동,1,은평로21길 63,83-54,37.6032436000,126.9275035000,2024,,02-351-7944,서울특별시 은평구청,2026-02-26
녹번동,1,은평로21길 63,83-54,37.6032436000,126.9275035000,2024,,02-351-7944,서울특별시 은평구청,2026-02-26
녹번동,1,은평로21길 63,83-54,37.6032436000,126.9275035000,2024,,02-351-7944,서울특별시 은평구청,2026-02-26
녹번동,1,은평로21길 63,83-54,37.6032436000,126.9275035000,2024,,02-351-7944,서울특별시 은평구청,2026-02-26
녹번동,1,진흥로 138-9,141-55,37.6075630300,126.9256192000,2024,,02-351-7944,서울특별시 은평구청,2026-02-26
녹번동,1,진흥로 138-15,141-9,37.6072901300,126.9254094000,2024,,02-351-7944,서울특별시 은평구청,2026-02-26
녹번동,1,서오릉로 41-17,154-4,37.6044807000,126.9239763000,2024,,02-351-7944,서울특별시 은평구청,2026-02-26
녹번동,1,녹번로3가길 16,133-15,37.6071098800,126.9279396000,2024,,02-351-7944,서울특별시 은평구청,2026-02-26
녹번동,1,녹번로3가길 12,133-13,37.6068427000,126.9277590000,2024,,02-351-7944,서울특별시 은평구청,2026-02-26
녹번동,1,녹번로3가길 8,135-3,37.6065522900,126.9274768000,2024,,02-351-7944,서울특별시 은평구청,2026-02-26
녹번동,1,녹번로3길 7,98-23,37.6056626100,126.9280726000,2024,,02-351-7944,서울특별시 은평구청,2026-02-26
녹번동,1,녹번로3가길 28,126-32,37.6076536500,126.9289138000,2024,,02-351-7944,서울특별시 은평구청,2026-02-26
녹번동,1,,71-21,,,2024,,02-351-7944,서울특별시 은평구청,2026-02-26
녹번동,1,은평로21길 3-8,Jun-44,37.6014788100,126.9331438000,2024,,02-351-7944,서울특별시 은평구청,2026-02-26
녹번동,1,,84,,,2024,,02-351-7944,서울특별시 은평구청,2026-02-26
녹번동,1,,188,,,2024,,02-351-7944,서울특별시 은평구청,2026-02-26
녹번동,1,서오릉로 17-2,155-36,37.6028695400,126.9254811000,,,02-351-7944,서울특별시 은평구청,2026-02-26
녹번동,1,은평로21가길 16-3,86-17,37.6041299100,126.9303636000,,,02-351-7944,서울특별시 은평구청,2026-02-26
녹번동,1,통일로 588-26,Aug-71,,,2023,,02-351-7944,서울특별시 은평구청,2026-02-26
녹번동,1,통일로53길 2,Feb-35,37.6040384000,126.9344101000,,,02-351-7944,서울특별시 은평구청,2026-02-26
녹번동,1,통일로59길 8-6,09월 29일,37.6055628100,126.9329662000,2021,,02-351-7944,서울특별시 은평구청,2026-02-26
녹번동,1,응암로 348,160-32,37.6021420000,126.9226760000,2000,,02-351-7944,서울특별시 은평구청,2026-02-26
녹번동,1,녹번로 6-10,83-41,37.6028947200,126.9273705000,2023,,02-351-7944,서울특별시 은평구청,2026-02-26
녹번동,1,서오릉로 21,155-13,37.6029700000,126.9254950000,2018,,02-351-7944,서울특별시 은평구청,2026-02-26
대조동,1,서오릉로8길 3-1,Oct-55,37.6079670000,126.9220930000,2008,,02-351-7944,서울특별시 은평구청,2026-02-26
대조동,1,서오릉로8길 4-1,179-14,37.6075910000,126.9224160000,2015,,02-351-7944,서울특별시 은평구청,2026-02-26
대조동,1,진흥로11길 1-12,179-44,37.6075740000,126.9224500000,2006,,02-351-7944,서울특별시 은평구청,2026-02-26
대조동,1,진흥로11길 5,59-48,37.6073140000,126.9226690000,2008,,02-351-7944,서울특별시 은평구청,2026-02-26
대조동,1,진흥로11길 1,45,37.6073140000,126.9226690000,2008,,02-351-7944,서울특별시 은평구청,2026-02-26
대조동,1,진흥로11길 1,45,37.6072459100,126.9230834000,2021,,02-351-7944,서울특별시 은평구청,2026-02-26
대조동,1,진흥로11길 1-14,179-25,37.6073590000,126.9225890000,2007,,02-351-7944,서울특별시 은평구청,2026-02-26
대조동,1,진흥로11길 1-13,179-35,37.6071340000,126.9226940000,2019,,02-351-7944,서울특별시 은평구청,2026-02-26
대조동,1,진흥로11길 1-13,179-35,37.6071465300,126.9227810000,2021,,02-351-7944,서울특별시 은평구청,2026-02-26
대조동,1,진흥로11길 1-7,May-58,37.6069650000,126.9228890000,2006,,02-351-7944,서울특별시 은평구청,2026-02-26
대조동,1,서오릉로 78-6,179-28,37.6073660000,126.9224530000,2008,,02-351-7944,서울특별시 은평구청,2026-02-26
대조동,1,서오릉로 78,179-30,37.6072755900,126.9222854000,2018,,02-351-7944,서울특별시 은평구청,2026-02-26
대조동,1,서오릉로8길 5,Dec-55,37.6080670000,126.9222620000,2004,,02-351-7944,서울특별시 은평구청,2026-02-26
대조동,1,진흥로11길 9,59-42,37.6076740000,126.9225730000,2015,,02-351-7944,서울특별시 은평구청,2026-02-26
대조동,1,진흥로11길 8-1,59-20,37.6076740000,126.9225730000,2018,,02-351-7944,서울특별시 은평구청,2026-02-26
대조동,1,진흥로11길 4-3,59-59,37.6076700000,126.9231510000,2006,,02-351-7944,서울특별시 은평구청,2026-02-26
대조동,1,진흥로 121-7,Apr-43,37.6075930000,126.9236050000,2011,,02-351-7944,서울특별시 은평구청,2026-02-26
대조동,1,진흥로11길 4-10,59-52,37.6078620000,126.9234990000,2006,,02-351-7944,서울특별시 은평구청,2026-02-26
대조동,1,진흥로11길 8-4,59-57,37.6077050000,126.9230370000,2019,,02-351-7944,서울특별시 은평구청,2026-02-26
대조동,1,진흥로11길 8-6,59-56,37.6077330000,126.9231840000,2006,,02-351-7944,서울특별시 은평구청,2026-02-26
대조동,1,진흥로11길 4-10,59-53,37.6079610000,126.9234180000,2019,,02-351-7944,서울특별시 은평구청,2026-02-26
대조동,1,진흥로11길 12-6,59-19,37.6080020000,126.9229540000,2008,,02-351-7944,서울특별시 은평구청,2026-02-26
대조동,1,진흥로11길 8-9,59-37,37.6080400000,126.9232360000,2006,,02-351-7944,서울특별시 은평구청,2026-02-26
대조동,1,서오릉로8길 7-6,Feb-64,37.6085270000,126.9223120000,2006,,02-351-7944,서울특별시 은평구청,2026-02-26
대조동,1,서오릉로8길 7-8,May-65,37.6085270000,126.9223120000,2006,,02-351-7944,서울특별시 은평구청,2026-02-26
대조동,1,서오릉로8길 7-22,Jul-54,37.6086230000,126.9219250000,2006,,02-351-7944,서울특별시 은평구청,2026-02-26
대조동,1,서오릉로 88-15,51-28,37.6084965100,126.9216810000,,,02-351-7944,서울특별시 은평구청,2026-02-26
대조동,1,서오릉로 88-15,51-28,37.6084760000,126.9216100000,2013,,02-351-7944,서울특별시 은평구청,2026-02-26
대조동,1,서오릉로 88-11,51-29,37.6082430000,126.9217270000,2004,,02-351-7944,서울특별시 은평구청,2026-02-26
대조동,1,서오릉로 88-6,51-33,37.6080470000,126.9219560000,2008,,02-351-7944,서울특별시 은평구청,2026-02-26
대조동,1,서오릉로 88-4,51-34,37.6078380000,126.9217550000,2019,,02-351-7944,서울특별시 은평구청,2026-02-26
대조동,1,서오릉로8길 7-12,Jan-54,37.6087520000,126.9221950000,2005,,02-351-7944,서울특별시 은평구청,2026-02-26
대조동,1,서오릉로 94(삼성타운 입구),231,37.6083719300,126.9212885000,,,02-351-7944,서울특별시 은평구청,2026-02-26
대조동,1,서오릉로8길 9-5,Jun-64,37.6083760000,126.9225180000,2008,,02-351-7944,서울특별시 은평구청,2026-02-26
대조동,1,서오릉로8길 11,Jun-62,37.6082600000,126.9226550000,2005,,02-351-7944,서울특별시 은평구청,2026-02-26
대조동,1,서오릉로8길 9-10,Sep-64,37.6085400000,126.9227420000,2005,,02-351-7944,서울특별시 은평구청,2026-02-26
대조동,1,서오릉로8길 13,Jan-62,37.6084150000,126.9228570000,2005,,02-351-7944,서울특별시 은평구청,2026-02-26
대조동,1,서오릉로8길 13,Jan-62,37.6084150000,126.9228570000,2007,,02-351-7944,서울특별시 은평구청,2026-02-26
대조동,1,서오릉로8길 9-12,Oct-64,37.6086390000,126.9227180000,2007,,02-351-7944,서울특별시 은평구청,2026-02-26
대조동,1,서오릉로8길 9-15,Apr-65,37.6087540000,126.9224220000,2007,,02-351-7944,서울특별시 은평구청,2026-02-26
대조동,1,서오릉로8길 9-21,Nov-53,37.6089060000,126.9223630000,2007,,02-351-7944,서울특별시 은평구청,2026-02-26
대조동,1,서오릉로8길 15-7,Oct-65,37.6087840000,126.9228180000,2018,,02-351-7944,서울특별시 은평구청,2026-02-26
대조동,1,서오릉로8길 17,Jan-67,37.6087160000,126.9232260000,2008,,02-351-7944,서울특별시 은평구청,2026-02-26
대조동,1,서오릉로8길 19,Aug-67,37.6087270000,126.9234410000,2004,,02-351-7944,서울특별시 은평구청,2026-02-26
대조동,1,서오릉로8길 23,Apr-68,37.6089200000,126.9238120000,2005,,02-351-7944,서울특별시 은평구청,2026-02-26
대조동,1,서오릉로8길 19,Aug-67,37.6087270000,126.9234410000,2019,,02-351-7944,서울특별시 은평구청,2026-02-26
대조동,1,역말로8길 23,67-38,37.6091030000,126.9231980000,2019,,02-351-7944,서울특별시 은평구청,2026-02-26
대조동,1,역말로8길 21,67-37,37.6091910000,126.9229820000,2008,,02-351-7944,서울특별시 은평구청,2026-02-26
대조동,1,역말로8길 21,67-37,37.6092889500,126.9230201000,2019,,02-351-7944,서울특별시 은평구청,2026-02-26
대조동,1,역말로8길 19-1,67-15,37.6093270000,126.9230480000,2006,,02-351-7944,서울특별시 은평구청,2026-02-26
대조동,1,역말로8길 18,67-18,37.6094026900,126.9228663000,,,02-351-7944,서울특별시 은평구청,2026-02-26
대조동,1,역말로8길 14,89-238,37.6094840000,126.9224340000,2011,,02-351-7944,서울특별시 은평구청,2026-02-26
대조동,1,역말로8길 14-2,89-236,37.6093930000,126.9223670000,2008,,02-351-7944,서울특별시 은평구청,2026-02-26
대조동,1,역말로8길 12,89-241,37.6095900000,126.9222620000,2005,,02-351-7944,서울특별시 은평구청,2026-02-26
대조동,1,,89-245,,,2021,,02-351-7944,서울특별시 은평구청,2026-02-26
대조동,1,,89-245,,,2021,,02-351-7944,서울특별시 은평구청,2026-02-26
대조동,1,역말로10길 30,Jan-68,37.6093624900,126.9237513000,,,02-351-7944,서울특별시 은평구청,2026-02-26
대조동,1,역말로10길 30,Jan-68,37.6092700000,126.9237170000,2008,,02-351-7944,서울특별시 은평구청,2026-02-26
대조동,1,서오릉로8길 26,Oct-33,37.6089850000,126.9240720000,2006,,02-351-7944,서울특별시 은평구청,2026-02-26
대조동,1,역말로 116,89-258,37.6094455900,126.9213022000,,,02-351-7944,서울특별시 은평구청,2026-02-26
대조동,1,서오릉로 94(삼성타운 입구),231,37.6083719300,126.9212885000,,,02-351-7944,서울특별시 은평구청,2026-02-26
대조동,1,진흥로11길 8-12,59-77,37.6079890000,126.9235540000,2004,,02-351-7944,서울특별시 은평구청,2026-02-26
대조동,1,진흥로11길 8-16,59-76,37.6080980000,126.9236660000,2019,,02-351-7944,서울특별시 은평구청,2026-02-26
대조동,1,진흥로11길 8-20,59-26,37.6082170000,126.9238560000,2008,,02-351-7944,서울특별시 은평구청,2026-02-26
대조동,1,서오릉로8길 22-9,33-60,37.6086340000,126.9241110000,2009,,02-351-7944,서울특별시 은평구청,2026-02-26
대조동,1,진흥로13길 3-40,33-55,37.6085710000,126.9241800000,2008,,02-351-7944,서울특별시 은평구청,2026-02-26
대조동,1,진흥로 145-28,39-38,37.6084200000,126.9243860000,2004,,02-351-7944,서울특별시 은평구청,2026-02-26
대조동,1,진흥로13길 3-38,33-54,37.6086630000,126.9243030000,2016,,02-351-7944,서울특별시 은평구청,2026-02-26
대조동,1,진흥로 121-13,44-21,37.6080280000,126.9239050000,2016,,02-351-7944,서울특별시 은평구청,2026-02-26
대조동,1,진흥로 121-10,39-33,37.6079040000,126.9240880000,2006,,02-351-7944,서울특별시 은평구청,2026-02-26
대조동,1,진흥로 121-9,Mar-43,37.6078560000,126.9238050000,2016,,02-351-7944,서울특별시 은평구청,2026-02-26
대조동,1,진흥로13길 3-30,36-16,37.6090130000,126.9251590000,2016,,02-351-7944,서울특별시 은평구청,2026-02-26
대조동,1,진흥로13길 3-28,35-15,37.6088400000,126.9249690000,2009,,02-351-7944,서울특별시 은평구청,2026-02-26
대조동,1,진흥로13길 3-26,35-14,37.6088230000,126.9251050000,2004,,02-351-7944,서울특별시 은평구청,2026-02-26
대조동,1,진흥로13길 3-8,Dec-35,37.6089610000,126.9254430000,2016,,02-351-7944,서울특별시 은평구청,2026-02-26
대조동,1,진흥로13길 3-3,36-47,37.6088210000,126.9258410000,2016,,02-351-7944,서울특별시 은평구청,2026-02-26
대조동,1,진흥로 129-9,May-41,37.6083110000,126.9242520000,2006,,02-351-7944,서울특별시 은평구청,2026-02-26
대조동,1,진흥로 145,Feb-38,37.6085580000,126.9257200000,2006,,02-351-7944,서울특별시 은평구청,2026-02-26
대조동,1,진흥로 145,Feb-38,37.6085580000,126.9257200000,2007,,02-351-7944,서울특별시 은평구청,2026-02-26
대조동,1,진흥로 145-10,39-39,37.6086180000,126.9253340000,2006,,02-351-7944,서울특별시 은평구청,2026-02-26
대조동,1,진흥로 145-14,Apr-39,37.6085800000,126.9251310000,2006,,02-351-7944,서울특별시 은평구청,2026-02-26
대조동,1,진흥로 145-21,39-16,37.6082990000,126.9249540000,2007,,02-351-7944,서울특별시 은평구청,2026-02-26
대조동,1,진흥로 145-26,39-37,37.6082960000,126.9246480000,2008,,02-351-7944,서울특별시 은평구청,2026-02-26
대조동,1,진흥로 133옆건물,38-19,,,2020,,02-351-7944,서울특별시 은평구청,2026-02-26
대조동,1,진흥로 121-10,39-33,37.6079946100,126.9240525000,2006,,02-351-7944,서울특별시 은평구청,2026-02-26
대조동,1,서오릉로8길 28,33-37,37.6092110900,126.9242611000,,,02-351-7944,서울특별시 은평구청,2026-02-26
대조동,1,서오릉로8길 26-5,Aug-33,37.6089960000,126.9242870000,2010,,02-351-7944,서울특별시 은평구청,2026-02-26
대조동,1,서오릉로8길 26-7,Dec-33,37.6089340000,126.9243900000,2008,,02-351-7944,서울특별시 은평구청,2026-02-26
대조동,1,서오릉로8길 28-3,33-42,37.6091240000,126.9244660000,2005,,02-351-7944,서울특별시 은평구청,2026-02-26
대조동,1,서오릉로8길 28-10,33-50,37.6089360000,126.9246050000,2018,,02-351-7944,서울특별시 은평구청,2026-02-26
대조동,1,서오릉로8길 31,33-40,37.6093860000,126.9245310000,2018,,02-351-7944,서울특별시 은평구청,2026-02-26
대조동,1,서오릉로8길 30-3,33-32,37.6091710000,126.9247150000,2008,,02-351-7944,서울특별시 은평구청,2026-02-26
대조동,1,서오릉로8길 34,33-64,37.6094514000,126.9248357000,,,02-351-7944,서울특별시 은평구청,2026-02-26
대조동,1,진흥로13길 13 맞은편,33-1맞은편,37.6095323200,126.9250568000,,,02-351-7944,서울특별시 은평구청,2026-02-26
대조동,1,통일로69길 37,Nov-31,37.6098236500,126.9252350000,,,02-351-7944,서울특별시 은평구청,2026-02-26
대조동,1,통일로69길 35,Sep-31,37.6099160000,126.9253453000,,,02-351-7944,서울특별시 은평구청,2026-02-26
대조동,1,통일로69길 27,Oct-77,37.6105010100,126.9260799000,,,02-351-7944,서울특별시 은평구청,2026-02-26
대조동,1,통일로69길 27,Oct-77,37.6105010100,126.9260799000,,,02-351-7944,서울특별시 은평구청,2026-02-26
대조동,1,진흥로13가길 7,Jun-31,37.6099650000,126.9258590000,2008,,02-351-7944,서울특별시 은평구청,2026-02-26
대조동,1,진흥로13가길 10,31-17,37.6098680000,126.9260870000,2017,,02-351-7944,서울특별시 은평구청,2026-02-26
대조동,1,진흥로13가길 3,12월 31일,37.6096000000,126.9253540000,2016,,02-351-7944,서울특별시 은평구청,2026-02-26
대조동,1,진흥로13길 6-8,11월 29일,37.6093440000,126.9259360000,2008,,02-351-7944,서울특별시 은평구청,2026-02-26
대조동,1,진흥로13길 6-4,03월 25일,37.6092360000,126.9259480000,2018,,02-351-7944,서울특별시 은평구청,2026-02-26
대조동,1,진흥로13가길 8-6,07월 29일,37.6095520000,126.9259890000,2006,,02-351-7944,서울특별시 은평구청,2026-02-26
대조동,1,진흥로13가길 8-10,02월 27일,37.6094209000,126.9261671000,,,02-351-7944,서울특별시 은평구청,2026-02-26
대조동,1,불광로1길 19,28-15,37.6095820000,126.9263630000,2005,,02-351-7944,서울특별시 은평구청,2026-02-26
대조동,1,불광로1길 11-15,28-14,37.6094300000,126.9263990000,2018,,02-351-7944,서울특별시 은평구청,2026-02-26
대조동,1,불광로1길 15-1,11월 28일,37.6096750000,126.9266670000,2018,,02-351-7944,서울특별시 은평구청,2026-02-26
대조동,1,통일로69길 31,05월 31일,37.6101664000,126.9256795000,,,02-351-7944,서울특별시 은평구청,2026-02-26
대조동,1,불광로1길 13,07월 28일,37.6097860000,126.9269710000,2018,,02-351-7944,서울특별시 은평구청,2026-02-26
대조동,1,불광로1길 11-5,02월 25일,37.6095980000,126.9270870000,2019,,02-351-7944,서울특별시 은평구청,2026-02-26
대조동,1,불광로1길 11-11,01월 26일,37.6094870000,126.9267940000,2018,,02-351-7944,서울특별시 은평구청,2026-02-26
대조동,1,불광로1길 9,09월 25일,37.6098800000,126.9273550000,2016,,02-351-7944,서울특별시 은평구청,2026-02-26
대조동,1,불광로1길 7,09월 26일,37.6098990000,126.9275130000,2018,,02-351-7944,서울특별시 은평구청,2026-02-26
대조동,1,불광로1길 3,09월 28일,37.6100740000,126.9278840000,2018,,02-351-7944,서울특별시 은평구청,2026-02-26
대조동,1,통일로69길 17-17,Sep-77,37.6103650000,126.9261930000,2018,,02-351-7944,서울특별시 은평구청,2026-02-26
대조동,1,통일로69길 17-15,Aug-77,37.6103930000,126.9263060000,2018,,02-351-7944,서울특별시 은평구청,2026-02-26
대조동,1,통일로69길 17-7,Apr-77,37.6106770000,126.9268110000,2018,,02-351-7944,서울특별시 은평구청,2026-02-26
대조동,1,통일로69길 17-3,Feb-77,37.6108860000,126.9269890000,2018,,02-351-7944,서울특별시 은평구청,2026-02-26
대조동,1,통일로69길 10,3-47,37.6109650000,126.9267840000,2018,,02-351-7944,서울특별시 은평구청,2026-02-26
대조동,1,통일로69길 23,77-15,37.6107522000,126.9263685000,,,02-351-7944,서울특별시 은평구청,2026-02-26
대조동,1,통일로69길 19,Dec-77,37.6109910200,126.9267560000,,,02-351-7944,서울특별시 은평구청,2026-02-26
대조동,1,통일로69길 15,Jul-80,37.6111110000,126.9270310000,2019,,02-351-7944,서울특별시 은평구청,2026-02-26
대조동,1,통일로69길 11-3,3-54,37.6113120000,126.9273120000,2019,,02-351-7944,서울특별시 은평구청,2026-02-26
대조동,1,통일로69길 11-7,07월 03일,37.6111040000,126.9272690000,2018,,02-351-7944,서울특별시 은평구청,2026-02-26
대조동,1,통일로69길 11-5,07월 01일,37.6111590000,126.9273370000,2018,,02-351-7944,서울특별시 은평구청,2026-02-26
대조동,1,통일로69길 9,3-51,37.6113950000,126.9275030000,2007,,02-351-7944,서울특별시 은평구청,2026-02-26
대조동,1,통일로67길 12-11,06월 04일,37.6111240000,126.9274500000,2008,,02-351-7944,서울특별시 은평구청,2026-02-26
대조동,1,통일로67길 12-7,06월 30일,37.6109270000,126.9275780000,2018,,02-351-7944,서울특별시 은평구청,2026-02-26
대조동,1,진흥로13가길 27,6-32,37.6107210000,126.9277050000,2018,,02-351-7944,서울특별시 은평구청,2026-02-26
대조동,1,통일로67길 12,06월 28일,37.6106960000,126.9279550000,2016,,02-351-7944,서울특별시 은평구청,2026-02-26
대조동,1,불광로1길 2-4,9-31,37.6104480000,126.9283770000,2018,,02-351-7944,서울특별시 은평구청,2026-02-26
대조동,1,불광로1길 2-2,9-32,37.6103840000,126.9282880000,2018,,02-351-7944,서울특별시 은평구청,2026-02-26
대조동,1,서오릉로 74,179-48,37.6070360300,126.9224797000,2021,,02-351-7944,서울특별시 은평구청,2026-02-26
대조동,1,진흥로13가길 17,Mar-79,37.6104170000,126.9269960000,2016,,02-351-7944,서울특별시 은평구청,2026-02-26
대조동,1,진흥로13가길 19,08월 25일,37.6104608900,126.9270139000,,,02-351-7944,서울특별시 은평구청,2026-02-26
대조동,1,진흥로13가길 21-1,08월 09일,37.6105730000,126.9272880000,2008,,02-351-7944,서울특별시 은평구청,2026-02-26
대조동,1,진흥로13가길 24-1,08월 22일,37.6105220000,126.9276740000,2018,,02-351-7944,서울특별시 은평구청,2026-02-26
대조동,1,진흥로13가길 23-1,08월 20일,37.6107090000,126.9273540000,2007,,02-351-7944,서울특별시 은평구청,2026-02-26
대조동,1,진흥로13가길 23-8,6-39,37.6110240000,126.9273720000,2018,,02-351-7944,서울특별시 은평구청,2026-02-26
대조동,1,진흥로13가길 17-9,Jan-79,37.6108900800,126.9271949000,,,02-351-7944,서울특별시 은평구청,2026-02-26
대조동,1,진흥로13가길 11,01월 31일,37.6101760000,126.9262070000,2016,,02-351-7944,서울특별시 은평구청,2026-02-26
대조동,1,진흥로13가길 11,01월 31일,37.6101760000,126.9262070000,2016,,02-351-7944,서울특별시 은평구청,2026-02-26
대조동,1,통일로 751,3-81,37.6117580000,126.9277920000,2018,,02-351-7944,서울특별시 은평구청,2026-02-26
대조동,1,통일로 751,3-81,37.6117580000,126.9277920000,,,02-351-7944,서울특별시 은평구청,2026-02-26
대조동,1,통일로 745-6,04월 08일,37.6115260000,126.9280220000,2018,,02-351-7944,서울특별시 은평구청,2026-02-26
대조동,1,통일로 745-1,05월 08일,37.6115910000,126.9283160000,2007,,02-351-7944,서울특별시 은평구청,2026-02-26
대조동,1,통일로67길 8-6,06월 17일,37.6112090000,126.9278460000,2013,,02-351-7944,서울특별시 은평구청,2026-02-26
대조동,1,통일로67길 8-6,06월 17일,37.6112090000,126.9278460000,2019,,02-351-7944,서울특별시 은평구청,2026-02-26
대조동,1,통일로67길 8,06월 19일,37.6109651300,126.9283108000,,,02-351-7944,서울특별시 은평구청,2026-02-26
대조동,1,통일로69길 7,03월 06일,37.6116030000,126.9276470000,2019,,02-351-7944,서울특별시 은평구청,2026-02-26
대조동,1,통일로69길 6,3-38,37.6118100000,126.9275420000,2019,,02-351-7944,서울특별시 은평구청,2026-02-26
대조동,1,통일로67길 8-10,06월 19일,37.6113030000,126.9282860000,2008,,02-351-7944,서울특별시 은평구청,2026-02-26
대조동,1,통일로67길 9,09월 14일,37.6107350000,126.9282830000,2016,,02-351-7944,서울특별시 은평구청,2026-02-26
대조동,1,통일로 739,06월 09일,37.6111900000,126.9287070000,2018,,02-351-7944,서울특별시 은평구청,2026-02-26
대조동,1,진흥로 153-4,08월 26일,37.6092957900,126.9265892000,,,02-351-7944,서울특별시 은평구청,2026-02-26
대조동,1,통일로67길 7,09월 08일,37.6108450000,126.9284740000,2017,,02-351-7944,서울특별시 은평구청,2026-02-26
대조동,1,통일로67길 16,08월 23일,37.6104040000,126.9275510000,2016,,02-351-7944,서울특별시 은평구청,2026-02-26
대조동,1,통일로67길 20,08월 06일,37.6102750000,126.9272130000,2015,,02-351-7944,서울특별시 은평구청,2026-02-26
대조동,1,불광로1길 12-3,Sep-79,37.6100650000,126.9269220000,2016,,02-351-7944,서울특별시 은평구청,2026-02-26
대조동,1,통일로69길 12-15,May-82,37.6118060000,126.9261830000,2019,,02-351-7944,서울특별시 은평구청,2026-02-26
대조동,1,통일로69길 12-15,May-82,37.6118060000,126.9261830000,2019,,02-351-7944,서울특별시 은평구청,2026-02-26
대조동,1,통일로69길 12-15,May-82,37.6122030000,126.9261550000,2018,,02-351-7944,서울특별시 은평구청,2026-02-26
대조동,1,통일로71길 24-25,83-31,37.6122030000,126.9261550000,2019,,02-351-7944,서울특별시 은평구청,2026-02-26
대조동,1,통일로71길 24-21,83-36,37.6123390000,126.9263230000,2017,,02-351-7944,서울특별시 은평구청,2026-02-26
대조동,1,통일로69길 12-15,May-82,37.6118060000,126.9261830000,2019,,02-351-7944,서울특별시 은평구청,2026-02-26
대조동,1,통일로71길 24-21,84-36,37.6125710000,126.9260930000,2019,,02-351-7944,서울특별시 은평구청,2026-02-26
대조동,1,통일로71길 24-12,84-73,37.6129900000,126.9256000000,2019,,02-351-7944,서울특별시 은평구청,2026-02-26
대조동,1,통일로71길 24-11,,37.6126689400,126.9264954000,,,02-351-7944,서울특별시 은평구청,2026-02-26
대조동,1,통일로71길 24-7,Jan-83,37.6125860000,126.9266590000,2017,,02-351-7944,서울특별시 은평구청,2026-02-26
대조동,1,통일로71길 24-1,01월 01일,37.6126862500,126.9272081000,2019,,02-351-7944,서울특별시 은평구청,2026-02-26
대조동,1,통일로71길 24-1,01월 01일,37.6126260000,126.9271000000,2017,,02-351-7944,서울특별시 은평구청,2026-02-26
대조동,1,통일로71길 24-22,84-78,37.6126870000,126.9259670000,2019,,02-351-7944,서울특별시 은평구청,2026-02-26
대조동,1,통일로71길 24-38,84-80,37.6127473700,126.9257003000,2019,,02-351-7944,서울특별시 은평구청,2026-02-26
대조동,1,통일로71길 24-50,84-96,37.6126570000,126.9265450000,2019,,02-351-7944,서울특별시 은평구청,2026-02-26
대조동,1,통일로69길 12-15,May-82,37.6118060000,126.9261830000,2005,,02-351-7944,서울특별시 은평구청,2026-02-26
대조동,1,역말로10가길 22-12,74-132,37.6119161600,126.9253585000,,,02-351-7944,서울특별시 은평구청,2026-02-26
대조동,1,역말로10가길 22-12,74-132,37.6119161600,126.9253585000,,,02-351-7944,서울특별시 은평구청,2026-02-26
대조동,1,통일로71가길 13-11,84-48,37.6126786300,126.9254096000,,,02-351-7944,서울특별시 은평구청,2026-02-26
대조동,1,통일로71가길 13-3,84-58,37.6130176200,126.9250866000,,,02-351-7944,서울특별시 은평구청,2026-02-26
대조동,1,통일로71가길 16,Jul-87,37.6132440000,126.9247470000,2017,,02-351-7944,서울특별시 은평구청,2026-02-26
대조동,1,통일로71가길 16,Jul-87,37.6130757800,126.9247702000,,,02-351-7944,서울특별시 은평구청,2026-02-26
대조동,1,통일로71가길 14,84-40,37.6132460000,126.9249390000,2017,,02-351-7944,서울특별시 은평구청,2026-02-26
대조동,1,통일로71가길 10,84-20,37.6135010000,126.9253210000,2017,,02-351-7944,서울특별시 은평구청,2026-02-26
대조동,1,통일로71가길 10,84-20,37.6135010000,126.9253210000,2004,,02-351-7944,서울특별시 은평구청,2026-02-26
대조동,1,통일로71가길 10-7,84-18,37.6137340000,126.9251140000,2017,,02-351-7944,서울특별시 은평구청,2026-02-26
대조동,1,통일로71가길 8,84-15,37.6136361500,126.9255217000,,,02-351-7944,서울특별시 은평구청,2026-02-26
대조동,1,통일로71가길 6,84-14,37.6137660000,126.9256340000,2017,,02-351-7944,서울특별시 은평구청,2026-02-26
대조동,1,통일로71가길 6,84-14,37.6137660000,126.9256340000,2017,,02-351-7944,서울특별시 은평구청,2026-02-26
대조동,1,통일로71가길 10-12,84-13,37.6138460000,126.9255540000,2009,,02-351-7944,서울특별시 은평구청,2026-02-26
대조동,1,통일로71가길 10-12,84-13,37.6139379400,126.9255510000,2021,,02-351-7944,서울특별시 은평구청,2026-02-26
대조동,1,통일로71가길 10-17,84-133,37.6141650000,126.9259230000,2019,,02-351-7944,서울특별시 은평구청,2026-02-26
대조동,1,통일로71길 24,01월 03일,37.6125720000,126.9272030000,2010,,02-351-7944,서울특별시 은평구청,2026-02-26
대조동,1,통일로71길 26-3,83-13,37.6123630000,126.9269570000,2006,,02-351-7944,서울특별시 은평구청,2026-02-26
대조동,1,통일로71길 26-26,83-33,37.6121630000,126.9267440000,2018,,02-351-7944,서울특별시 은평구청,2026-02-26
대조동,1,통일로71길 26-22,83-37,37.6123230000,126.9265040000,2018,,02-351-7944,서울특별시 은평구청,2026-02-26
대조동,1,통일로71길 26-8,Oct-83,37.6122630000,126.9268560000,2018,,02-351-7944,서울특별시 은평구청,2026-02-26
대조동,1,통일로71길 30-17,3-49,37.6118690000,126.9271790000,2018,,02-351-7944,서울특별시 은평구청,2026-02-26
대조동,1,통일로71길 30-13,03월 22일,37.6119600000,126.9272800000,2018,,02-351-7944,서울특별시 은평구청,2026-02-26
대조동,1,통일로71길 28,02월 01일,37.6124040000,126.9275110000,2009,,02-351-7944,서울특별시 은평구청,2026-02-26
대조동,1,통일로71길 30-6,03월 01일,37.6121340000,126.9275830000,2016,,02-351-7944,서울특별시 은평구청,2026-02-26
대조동,1,통일로69길 6,3-38,37.6118100000,126.9275420000,2018,,02-351-7944,서울특별시 은평구청,2026-02-26
대조동,1,통일로69길 6,3-38,37.6118499200,126.9276392000,2021,,02-351-7944,서울특별시 은평구청,2026-02-26
대조동,1,통일로71길 32-12,03월 27일,37.6117100000,126.9274650000,2019,,02-351-7944,서울특별시 은평구청,2026-02-26
대조동,1,통일로 755,02월 07일,37.6123180000,126.9279540000,2009,,02-351-7944,서울특별시 은평구청,2026-02-26
대조동,1,서오릉로 108-8,172-69,37.6095920000,126.9205180000,2005,,02-351-7944,서울특별시 은평구청,2026-02-26
대조동,1,역말로 115-13,172-59,37.6098080000,126.9204470000,2004,,02-351-7944,서울특별시 은평구청,2026-02-26
대조동,1,역말로 115-16,172-52,37.6099520000,126.9204450000,2010,,02-351-7944,서울특별시 은평구청,2026-02-26
대조동,1,역말로 115-18,172-52,37.6100140000,126.9203200000,2017,,02-351-7944,서울특별시 은평구청,2026-02-26
대조동,1,서오릉로 114-4,172-54,37.6099760000,126.9200940000,2008,,02-351-7944,서울특별시 은평구청,2026-02-26
대조동,1,역말로 115-9,172-63,37.6097120000,126.9207540000,2007,,02-351-7944,서울특별시 은평구청,2026-02-26
대조동,1,역말로 115-5,172-64,37.6096220000,126.9208690000,2006,,02-351-7944,서울특별시 은평구청,2026-02-26
대조동,1,역말로 113,172-79,37.6093160000,126.9209070000,2008,,02-351-7944,서울특별시 은평구청,2026-02-26
대조동,1,서오릉로 114-10,172-37,37.6102130000,126.9204410000,2005,,02-351-7944,서울특별시 은평구청,2026-02-26
대조동,1,서오릉로 114-11,49-44,37.6104460000,126.9202680000,2010,,02-351-7944,서울특별시 은평구청,2026-02-26
대조동,1,서오릉로 114-11,49-44,37.6104460000,126.9202680000,2006,,02-351-7944,서울특별시 은평구청,2026-02-26
대조동,1,서오릉로 114-19,49-40,37.6106070000,126.9201520000,2010,,02-351-7944,서울특별시 은평구청,2026-02-26
대조동,1,서오릉로 114-23,49-42,37.6104340000,126.9199400000,2005,,02-351-7944,서울특별시 은평구청,2026-02-26
대조동,1,서오릉로 114-27,49-47,37.6102280000,126.9200450000,2005,,02-351-7944,서울특별시 은평구청,2026-02-26
대조동,1,서오릉로 114-27,49-47,37.6101180000,126.9199220000,2019,,02-351-7944,서울특별시 은평구청,2026-02-26
대조동,1,역말로 123-9,172-13,37.6103520000,126.9208580000,2017,,02-351-7944,서울특별시 은평구청,2026-02-26
대조동,1,역말로 123-5,172-11,37.6101840000,126.9211550000,2006,,02-351-7944,서울특별시 은평구청,2026-02-26
대조동,1,역말로 119,172-25,37.6098330000,126.9212620000,2006,,02-351-7944,서울특별시 은평구청,2026-02-26
대조동,1,역말로 119-3,172-33,37.6099570000,126.9209660000,2019,,02-351-7944,서울특별시 은평구청,2026-02-26
대조동,1,역말로 119-8,172-18,37.6102620000,126.9208260000,2020,,02-351-7944,서울특별시 은평구청,2026-02-26
대조동,1,서오릉로 114-24,172-120,37.6106283400,126.9206527000,,,02-351-7944,서울특별시 은평구청,2026-02-26
대조동,1,서오릉로 114-22,172-87,37.6105510000,126.9208780000,2010,,02-351-7944,서울특별시 은평구청,2026-02-26
대조동,1,역말로 129-5,172-94,37.6105810000,126.9212170000,2018,,02-351-7944,서울특별시 은평구청,2026-02-26
대조동,1,역말로 129-3,172-97,37.6106429700,126.9214179000,,,02-351-7944,서울특별시 은평구청,2026-02-26
대조동,1,역말로 129-7,172-95,37.6105520000,126.9210480000,2005,,02-351-7944,서울특별시 은평구청,2026-02-26
대조동,1,역말로 131-11,172-6,37.6107986600,126.9209262000,,,02-351-7944,서울특별시 은평구청,2026-02-26
대조동,1,역말로 131-8,171-38,37.6109310000,126.9211330000,2010,,02-351-7944,서울특별시 은평구청,2026-02-26
대조동,1,역말로 131-8,171-38,37.6109482400,126.9211293000,2021,,02-351-7944,서울특별시 은평구청,2026-02-26
대조동,1,역말로 133,171-34,37.6109520000,126.9214270000,2010,,02-351-7944,서울특별시 은평구청,2026-02-26
대조동,1,역말로9길 5-21,171-30,37.6110795300,126.9211307000,,,02-351-7944,서울특별시 은평구청,2026-02-26
대조동,1,역말로9길 5-17,171-29,37.6112660000,126.9212530000,2007,,02-351-7944,서울특별시 은평구청,2026-02-26
대조동,1,역말로9길 5-13,171-63,37.6112650000,126.9211280000,2017,,02-351-7944,서울특별시 은평구청,2026-02-26
대조동,1,역말로9길 5-10,171-44,37.6114800000,126.9209780000,2006,,02-351-7944,서울특별시 은평구청,2026-02-26
대조동,1,역말로9길 5-7,171-24,,,2020,,02-351-7944,서울특별시 은평구청,2026-02-26
대조동,1,역말로9길 5,171-27,37.6113770000,126.9216020000,2017,,02-351-7944,서울특별시 은평구청,2026-02-26
대조동,1,역말로 135,89-270,37.6111954000,126.9218081000,2021,,02-351-7944,서울특별시 은평구청,2026-02-26
대조동,1,역말로 135,89-270,37.6111990000,126.9218090000,2010,,02-351-7944,서울특별시 은평구청,2026-02-26
대조동,1,역말로 137,89-108,37.6113790000,126.9218400000,2004,,02-351-7944,서울특별시 은평구청,2026-02-26
대조동,1,역말로 137,89-108,37.6113080000,126.9219200000,2017,,02-351-7944,서울특별시 은평구청,2026-02-26
대조동,1,역말로9길 6-1,89-106,37.6115060000,126.9219060000,2007,,02-351-7944,서울특별시 은평구청,2026-02-26
대조동,1,역말로9길 8-1,89-149,37.6117120000,126.9218010000,2017,,02-351-7944,서울특별시 은평구청,2026-02-26
대조동,1,역말로9길 7-4,171-16,37.6116955800,126.9215099000,2021,,02-351-7944,서울특별시 은평구청,2026-02-26
대조동,1,역말로 139,89-158,37.6115080000,126.9221440000,2007,,02-351-7944,서울특별시 은평구청,2026-02-26
대조동,1,역말로 141,Jul-89,37.6116350000,126.9222560000,2017,,02-351-7944,서울특별시 은평구청,2026-02-26
대조동,1,역말로9길 10-5,89-145,37.6117140000,126.9219490000,2008,,02-351-7944,서울특별시 은평구청,2026-02-26
대조동,1,불광로 21,12월 10일,37.6102860000,126.9283800000,2009,,02-351-7944,서울특별시 은평구청,2026-02-26
대조동,1,불광로 21,12월 10일,37.6102860000,126.9283800000,2009,,02-351-7944,서울특별시 은평구청,2026-02-26
대조동,1,불광로 21,12월 10일,37.6102860000,126.9283800000,2009,,02-351-7944,서울특별시 은평구청,2026-02-26
대조동,1,불광로 19,12월 19일,37.6098200000,126.9276960000,2009,,02-351-7944,서울특별시 은평구청,2026-02-26
대조동,1,불광로 12,14-62,37.6100120000,126.9280330000,2009,,02-351-7944,서울특별시 은평구청,2026-02-26
대조동,1,불광로 17,12월 02일,37.6100381900,126.9281148000,,,02-351-7944,서울특별시 은평구청,2026-02-26
대조동,1,불광로 15,12월 06일,37.6099393600,126.9280211000,,,02-351-7944,서울특별시 은평구청,2026-02-26
대조동,1,불광로 13,12월 03일,37.6098200000,126.9276960000,2009,,02-351-7944,서울특별시 은평구청,2026-02-26
대조동,1,불광로 11,12월 04일,37.6096930000,126.9276410000,2009,,02-351-7944,서울특별시 은평구청,2026-02-26
대조동,1,불광로 9-1,12월 08일,37.6097020000,126.9275730000,2009,,02-351-7944,서울특별시 은평구청,2026-02-26
대조동,1,불광로 9-1,12월 08일,37.6095280000,126.9273600000,2009,,02-351-7944,서울특별시 은평구청,2026-02-26
대조동,1,불광로 9-1,12월 08일,37.6095280000,126.9273600000,2009,,02-351-7944,서울특별시 은평구청,2026-02-26
대조동,1,불광로 9,12월 21일,37.6094990000,126.9271230000,2007,,02-351-7944,서울특별시 은평구청,2026-02-26
대조동,1,불광로 7,06월 25일,37.6093810000,126.9270450000,2009,,02-351-7944,서울특별시 은평구청,2026-02-26
대조동,1,불광로 3,08월 25일,37.6092720000,126.9268770000,2009,,02-351-7944,서울특별시 은평구청,2026-02-26
대조동,1,역말로9길 10-5,89-145,37.6119040000,126.9220700000,2006,,02-351-7944,서울특별시 은평구청,2026-02-26
대조동,1,역말로9길 7,165-35,37.6118270000,126.9215850000,2007,,02-351-7944,서울특별시 은평구청,2026-02-26
대조동,1,역말로9길 7,171-1,37.6117256100,126.9216693000,2019,,02-351-7944,서울특별시 은평구청,2026-02-26
대조동,1,연서로18길 35,Aug-46,37.6119440000,126.9215260000,2007,,02-351-7944,서울특별시 은평구청,2026-02-26
대조동,1,역말로9길 12-4,May-89,37.6120030000,126.9220350000,2007,,02-351-7944,서울특별시 은평구청,2026-02-26
대조동,1,역말로9길 12-6,89-16,37.6120040000,126.9221480000,2011,,02-351-7944,서울특별시 은평구청,2026-02-26
대조동,1,역말로 143-6,91-99,37.6119800000,126.9224660000,2018,,02-351-7944,서울특별시 은평구청,2026-02-26
대조동,1,역말로 143-8,Apr-91,37.6120610000,126.9224420000,2018,,02-351-7944,서울특별시 은평구청,2026-02-26
대조동,1,역말로 151-15,91-52,37.6121610000,126.9226100000,2007,,02-351-7944,서울특별시 은평구청,2026-02-26
대조동,1,역말로 151-4,87-123,37.6124160000,126.9229240000,2006,,02-351-7944,서울특별시 은평구청,2026-02-26
대조동,1,역말로 143-24,91-100,37.6124380000,126.9223230000,2018,,02-351-7944,서울특별시 은평구청,2026-02-26
대조동,1,역말로 143-26,91-74,37.6125990000,126.9222300000,2010,,02-351-7944,서울특별시 은평구청,2026-02-26
대조동,1,역말로 143-48,91-30,37.6128150000,126.9222050000,2010,,02-351-7944,서울특별시 은평구청,2026-02-26
대조동,1,역말로 143-44,91-22,37.6127810000,126.9223520000,2007,,02-351-7944,서울특별시 은평구청,2026-02-26
대조동,1,역말로 143-38,Dec-87,37.6126490000,126.9227170000,2007,,02-351-7944,서울특별시 은평구청,2026-02-26
대조동,1,역말로 143-38,Dec-87,37.6126490000,126.9227170000,2018,,02-351-7944,서울특별시 은평구청,2026-02-26
대조동,1,역말로 155-3,87-78,37.6126160000,126.9230800000,2006,,02-351-7944,서울특별시 은평구청,2026-02-26
대조동,1,역말로 151-2,87-122,37.6124000000,126.9230490000,2008,,02-351-7944,서울특별시 은평구청,2026-02-26
대조동,1,역말로 155-3,87-78,37.6126160000,126.9230800000,2018,,02-351-7944,서울특별시 은평구청,2026-02-26
대조동,1,역말로 157,87-75,37.6126270000,126.9232720000,2017,,02-351-7944,서울특별시 은평구청,2026-02-26
대조동,1,역말로 151,91-13,37.6122630000,126.9229150000,2017,,02-351-7944,서울특별시 은평구청,2026-02-26
대조동,1,역말로 147,91-64,37.6121670000,126.9232220000,2017,,02-351-7944,서울특별시 은평구청,2026-02-26
대조동,1,역말로 143-4,Jun-91,37.6120530000,126.9226230000,2018,,02-351-7944,서울특별시 은평구청,2026-02-26
대조동,1,역말로 143-48,91-30,37.6128150000,126.9222050000,2018,,02-351-7944,서울특별시 은평구청,2026-02-26
대조동,1,역말로9길 11-2,Jun-46,37.6121870000,126.9214660000,2006,,02-351-7944,서울특별시 은평구청,2026-02-26
대조동,1,역말로9길 13-2,165-64,37.6120800000,126.9216490000,2008,,02-351-7944,서울특별시 은평구청,2026-02-26
대조동,1,역말로9길 16,89-361,37.6122900000,126.9219630000,2017,,02-351-7944,서울특별시 은평구청,2026-02-26
대조동,1,역말로9길 17,165-35,37.6124860000,126.9216770000,2010,,02-351-7944,서울특별시 은평구청,2026-02-26
대조동,1,역말로9길 13-1,169-14,37.6123500000,126.9215880000,2008,,02-351-7944,서울특별시 은평구청,2026-02-26
대조동,1,역말로9길 17-5,169-1,37.6122410000,126.9214430000,2007,,02-351-7944,서울특별시 은평구청,2026-02-26
대조동,1,역말로9길 17-11,165-30,37.6123550000,126.9211350000,2016,,02-351-7944,서울특별시 은평구청,2026-02-26
대조동,1,역말로9길 17-19,165-32,37.6123520000,126.9208180000,2016,,02-351-7944,서울특별시 은평구청,2026-02-26
대조동,1,역말로9길 17-27,166-11,37.6123400000,126.9205240000,2017,,02-351-7944,서울특별시 은평구청,2026-02-26
대조동,1,역말로9길 17-21,166-4,37.6122530000,126.9208190000,2005,,02-351-7944,서울특별시 은평구청,2026-02-26
대조동,1,역말로9길 17-14,165-15,37.6127160000,126.9212210000,2018,,02-351-7944,서울특별시 은평구청,2026-02-26
대조동,1,역말로9길 17-18,163-13,37.6125860000,126.9208150000,2006,,02-351-7944,서울특별시 은평구청,2026-02-26
대조동,1,역말로9길 17-29,166-12,37.6122580000,126.9203440000,2006,,02-351-7944,서울특별시 은평구청,2026-02-26
대조동,1,연서로18가길 2,46-36,37.6121110000,126.9201080000,2008,,02-351-7944,서울특별시 은평구청,2026-02-26
대조동,1,역말로9길 19,208-18,37.6127750000,126.9217630000,2007,,02-351-7944,서울특별시 은평구청,2026-02-26
대조동,1,역말로9길 25,208-14,37.6131640000,126.9219160000,2006,,02-351-7944,서울특별시 은평구청,2026-02-26
대조동,1,역말로 157-12,91-116,37.6130340000,126.9224280000,2018,,02-351-7944,서울특별시 은평구청,2026-02-26
대조동,1,역말로 157-13,87-14,37.6128090000,126.9225100000,2019,,02-351-7944,서울특별시 은평구청,2026-02-26
대조동,1,역말로 157-7,87-18,37.6126770000,126.9228860000,2017,,02-351-7944,서울특별시 은평구청,2026-02-26
대조동,1,역말로 157-5,87-55,37.6126780000,126.9230110000,2019,,02-351-7944,서울특별시 은평구청,2026-02-26
대조동,1,역말로 157,87-74,37.6126270000,126.9232720000,2013,,02-351-7944,서울특별시 은평구청,2026-02-26
대조동,1,역말로9길 24-24,91-43,37.6131080000,126.9226990000,2015,,02-351-7944,서울특별시 은평구청,2026-02-26
대조동,1,역말로 157-8,91-114,37.6129759000,126.9228933000,,,02-351-7944,서울특별시 은평구청,2026-02-26
대조동,1,역말로 157-6,91-112,37.6129310000,126.9230750000,2019,,02-351-7944,서울특별시 은평구청,2026-02-26
대조동,1,역말로 159-1,91-105,37.6128810000,126.9234490000,2018,,02-351-7944,서울특별시 은평구청,2026-02-26
대조동,1,역말로 161-13,91-123,37.6131750000,126.9230710000,2019,,02-351-7944,서울특별시 은평구청,2026-02-26
대조동,1,역말로 161-13,91-123,37.6131750000,126.9230710000,2019,,02-351-7944,서울특별시 은평구청,2026-02-26
대조동,1,역말로 161-10,91-102,37.6131690000,126.9234340000,2019,,02-351-7944,서울특별시 은평구청,2026-02-26
대조동,1,역말로 161-18,Jul-92,37.6134010000,126.9232150000,2019,,02-351-7944,서울특별시 은평구청,2026-02-26
대조동,1,역말로9길 24-48,Feb-92,37.6135780000,126.9228840000,2011,,02-351-7944,서울특별시 은평구청,2026-02-26
대조동,1,역말로9길 24-50,May-92,37.6135372000,126.9228572000,,,02-351-7944,서울특별시 은평구청,2026-02-26
대조동,1,역말로9길 24-26,91-86,37.6131455400,126.9225411000,,,02-351-7944,서울특별시 은평구청,2026-02-26
대조동,1,역말로9길 24-13,190-22,37.6135210000,126.9224890000,2018,,02-351-7944,서울특별시 은평구청,2026-02-26
대조동,1,역말로9길 24-68,Jul-93,37.6136760000,126.9227360000,2019,,02-351-7944,서울특별시 은평구청,2026-02-26
대조동,1,역말로9길 24-25,Apr-93,37.6138040000,126.9229380000,2019,,02-351-7944,서울특별시 은평구청,2026-02-26
대조동,1,역말로9길 24-27,May-93,37.6137780000,126.9230630000,2019,,02-351-7944,서울특별시 은평구청,2026-02-26
대조동,1,역말로9길 32,190-20,37.6138010000,126.9225640000,2017,,02-351-7944,서울특별시 은평구청,2026-02-26
대조동,1,역말로9길 32,190-20,37.6137090000,126.9223620000,2017,,02-351-7944,서울특별시 은평구청,2026-02-26
대조동,1,역말로9길 28,190-26,37.6149570000,126.9229320000,2017,,02-351-7944,서울특별시 은평구청,2026-02-26
대조동,1,역말로9길 26,190-27,37.6132210000,126.9222550000,2004,,02-351-7944,서울특별시 은평구청,2026-02-26
대조동,1,역말로9길 27-1,208-9,37.6135430000,126.9220240000,2005,,02-351-7944,서울특별시 은평구청,2026-02-26
대조동,1,역말로9길 29,208-8,37.6136430000,126.9220450000,2016,,02-351-7944,서울특별시 은평구청,2026-02-26
대조동,1,역말로9길 33,208-35,37.6139040000,126.9220190000,2007,,02-351-7944,서울특별시 은평구청,2026-02-26
대조동,1,통일로 793(동명여고 담장),91-20,37.6140670000,126.9241120000,2017,,02-351-7944,서울특별시 은평구청,2026-02-26
대조동,1,통일로 793(동명여고 담장),91-20,37.6140670000,126.9241120000,2017,,02-351-7944,서울특별시 은평구청,2026-02-26
대조동,1,통일로 793(동명여고 담장),91-20,37.6140670000,126.9241120000,2017,,02-351-7944,서울특별시 은평구청,2026-02-26
대조동,1,통일로 793(동명여고 담장),91-20,37.6140670000,126.9241120000,2017,,02-351-7944,서울특별시 은평구청,2026-02-26
대조동,1,통일로 793(동명여고 담장),91-20,37.6140670000,126.9241120000,2017,,02-351-7944,서울특별시 은평구청,2026-02-26
대조동,1,역말로 159,91-104,37.6127920000,126.9235750000,2017,,02-351-7944,서울특별시 은평구청,2026-02-26
대조동,1,역말로9길 34,190-17,37.6139620000,126.9224710000,2017,,02-351-7944,서울특별시 은평구청,2026-02-26
대조동,1,역말로9길 38,190-16,37.6141780000,126.9224570000,2017,,02-351-7944,서울특별시 은평구청,2026-02-26
대조동,1,역말로9길 37,208-1,37.6142480000,126.9222060000,2007,,02-351-7944,서울특별시 은평구청,2026-02-26
대조동,1,역말로9길 40,191-39,37.6145300000,126.9224860000,2016,,02-351-7944,서울특별시 은평구청,2026-02-26
대조동,1,역말로9길 40-5,191-37,37.6146120000,126.9226320000,2017,,02-351-7944,서울특별시 은평구청,2026-02-26
대조동,1,역말로9길 40,191-39,37.6145300000,126.9224860000,2017,,02-351-7944,서울특별시 은평구청,2026-02-26
대조동,1,역말로9길 44,191-35,37.6148440000,126.9223900000,2018,,02-351-7944,서울특별시 은평구청,2026-02-26
대조동,1,역말로9길 44,191-35,37.6148440000,126.9223900000,2005,,02-351-7944,서울특별시 은평구청,2026-02-26
대조동,1,불광로 3,08월 25일,37.6092720000,126.9268770000,2009,,02-351-7944,서울특별시 은평구청,2026-02-26
대조동,1,불광로 3-1,06월 26일,37.6093250000,126.9268190000,2002,,02-351-7944,서울특별시 은평구청,2026-02-26
대조동,1,불광로 1,26-26,37.6091260000,126.9266640000,2009,,02-351-7944,서울특별시 은평구청,2026-02-26
대조동,1,진흥로 153,26-14,37.6090440000,126.9265510000,2009,,02-351-7944,서울특별시 은평구청,2026-02-26
대조동,1,진흥로 153,26-14,37.6090780000,126.9263470000,2009,,02-351-7944,서울특별시 은평구청,2026-02-26
대조동,1,진흥로 151,26-23,37.6088790000,126.9262710000,2008,,02-351-7944,서울특별시 은평구청,2026-02-26
대조동,1,역말로 133-1,171-33,37.6110902900,126.9216576000,,,02-351-7944,서울특별시 은평구청,2026-02-26
대조동,1,역말로9길 40-11,191-53,37.6146490000,126.9227560000,2016,,02-351-7944,서울특별시 은평구청,2026-02-26
대조동,1,역말로9길 40-6,190-11,37.6144520000,126.9228490000,2018,,02-351-7944,서울특별시 은평구청,2026-02-26
대조동,1,역말로9길 40-12,190-71,37.6144560000,126.9232460000,2005,,02-351-7944,서울특별시 은평구청,2026-02-26
대조동,1,역말로9길 40-19,191-56,37.6148610000,126.9232170000,2016,,02-351-7944,서울특별시 은평구청,2026-02-26
대조동,1,역말로9길 40-24,190-42,37.6145020000,126.9233810000,2004,,02-351-7944,서울특별시 은평구청,2026-02-26
대조동,1,역말로9길 40-23,191-22,37.6149710000,126.9234310000,2016,,02-351-7944,서울특별시 은평구청,2026-02-26
대조동,1,역말로9길 40-38,190-47,37.6145670000,126.9236520000,2011,,02-351-7944,서울특별시 은평구청,2026-02-26
대조동,1,역말로9길 40-27,191-19,37.6150450000,126.9236790000,2016,,02-351-7944,서울특별시 은평구청,2026-02-26
대조동,1,역말로9길 40-52,190-61,37.6149102200,126.9240013000,,,02-351-7944,서울특별시 은평구청,2026-02-26
대조동,1,역말로9길 40-31,191-64,37.6151280000,126.9238810000,2016,,02-351-7944,서울특별시 은평구청,2026-02-26
대조동,1,통일로73길 13-8,191-23,37.6149870000,126.9232720000,2007,,02-351-7944,서울특별시 은평구청,2026-02-26
대조동,1,통일로73길 13-13,191-9,37.6152160000,126.9236310000,2006,,02-351-7944,서울특별시 은평구청,2026-02-26
대조동,1,통일로73길 5-6,191-10,37.6143020000,126.9231910000,2007,,02-351-7944,서울특별시 은평구청,2026-02-26
대조동,1,통일로73길 5-29,190-53,37.6147955200,126.9242812000,2021,,02-351-7944,서울특별시 은평구청,2026-02-26
대조동,1,통일로73길 5-21,190-58,37.6148810000,126.9244060000,2004,,02-351-7944,서울특별시 은평구청,2026-02-26
대조동,1,통일로73길 5-21,190-58,37.6149270000,126.9245980000,2017,,02-351-7944,서울특별시 은평구청,2026-02-26
대조동,1,통일로73길 5-15,188-25,37.6150710000,126.9245280000,2017,,02-351-7944,서울특별시 은평구청,2026-02-26
대조동,1,통일로73길 5-17,188-24,37.6150550000,126.9247550000,2017,,02-351-7944,서울특별시 은평구청,2026-02-26
대조동,1,통일로 795,188-8,37.6152020000,126.9250470000,2017,,02-351-7944,서울특별시 은평구청,2026-02-26
대조동,1,통일로73길 3-17,188-10,37.6151820000,126.9248430000,2016,,02-351-7944,서울특별시 은평구청,2026-02-26
대조동,1,통일로73길 3-11,188-13,37.6154311800,126.9245616000,2018,,02-351-7944,서울특별시 은평구청,2026-02-26
대조동,1,통일로73길 3-11,188-13,37.6154670000,126.9244320000,2018,,02-351-7944,서울특별시 은평구청,2026-02-26
대조동,1,통일로 803-1,188-1,37.6156360000,126.9242250000,2004,,02-351-7944,서울특별시 은평구청,2026-02-26
대조동,1,통일로73길 5,188-28,37.6155070000,126.9238760000,2010,,02-351-7944,서울특별시 은평구청,2026-02-26
대조동,1,통일로73길 5,188-28,37.6153910000,126.9240140000,2006,,02-351-7944,서울특별시 은평구청,2026-02-26
대조동,1,통일로73길 5-6,191-10,37.6143020000,126.9231910000,2019,,02-351-7944,서울특별시 은평구청,2026-02-26
대조동,1,통일로73길 5-11,188-27,37.6152130000,126.9242650000,2017,,02-351-7944,서울특별시 은평구청,2026-02-26
대조동,1,통일로73길 5-5,188-30,37.6154358900,126.9240067000,,,02-351-7944,서울특별시 은평구청,2026-02-26
대조동,1,통일로73길 8-1,192-2,37.6156190000,126.9233530000,2008,,02-351-7944,서울특별시 은평구청,2026-02-26
대조동,1,통일로73길 6-1,187-50,37.6158090000,126.9233960000,2019,,02-351-7944,서울특별시 은평구청,2026-02-26
대조동,1,통일로75길 7,192-1,37.6157620000,126.9232040000,2019,,02-351-7944,서울특별시 은평구청,2026-02-26
대조동,1,통일로 811,187-41,37.6161530000,126.9236290000,2007,,02-351-7944,서울특별시 은평구청,2026-02-26
대조동,1,통일로75길 7-1,192-33,37.6157160000,126.9230910000,2016,,02-351-7944,서울특별시 은평구청,2026-02-26
대조동,1,통일로75길 9-1,192-37,37.6155520000,126.9228790000,2016,,02-351-7944,서울특별시 은평구청,2026-02-26
대조동,1,통일로75길 12-2,193-16,37.6158560000,126.9226480000,2007,,02-351-7944,서울특별시 은평구청,2026-02-26
대조동,1,통일로73길 15-1,191-29,37.6149460000,126.9227290000,2016,,02-351-7944,서울특별시 은평구청,2026-02-26
대조동,1,통일로73길 18-3,192-12,37.6151870000,126.9224190000,2018,,02-351-7944,서울특별시 은평구청,2026-02-26
대조동,1,통일로73길 15,191-28,37.6150740000,126.9228740000,2005,,02-351-7944,서울특별시 은평구청,2026-02-26
대조동,1,통일로73길 13,191-27,37.6151110000,126.9230210000,2005,,02-351-7944,서울특별시 은평구청,2026-02-26
대조동,1,통일로73길 12-1,192-44,37.6154088100,126.9231259000,2019,,02-351-7944,서울특별시 은평구청,2026-02-26
대조동,1,통일로73길 9,191-3,37.6153320000,126.9235160000,2005,,02-351-7944,서울특별시 은평구청,2026-02-26
대조동,1,통일로75길 6-6,187-57,37.6161570000,126.9230620000,2018,,02-351-7944,서울특별시 은평구청,2026-02-26
대조동,1,통일로75길 6-5,193-1,37.6160470000,126.9228260000,2019,,02-351-7944,서울특별시 은평구청,2026-02-26
대조동,1,연서로26길 25-16,193-3,37.6159910000,126.9226230000,2007,,02-351-7944,서울특별시 은평구청,2026-02-26
대조동,1,연서로26길 25-16,193-3,37.6159910000,126.9226230000,2018,,02-351-7944,서울특별시 은평구청,2026-02-26
대조동,1,연서로26길 25-21,194-15,37.6161590000,126.9223370000,2011,,02-351-7944,서울특별시 은평구청,2026-02-26
대조동,1,연서로26길 25-13,194-17,37.6160150000,126.9222940000,2006,,02-351-7944,서울특별시 은평구청,2026-02-26
대조동,1,통일로75길 13,192-40,37.6154310000,126.9225070000,2016,,02-351-7944,서울특별시 은평구청,2026-02-26
대조동,1,통일로75길 17,192-5,37.6153470000,126.9222020000,2016,,02-351-7944,서울특별시 은평구청,2026-02-26
대조동,1,통일로75길 15-3,192-31,37.6152400000,126.9222710000,2008,,02-351-7944,서울특별시 은평구청,2026-02-26
대조동,1,통일로75길 14-2,193-13,37.6156810000,126.9222540000,2005,,02-351-7944,서울특별시 은평구청,2026-02-26
대조동,1,통일로75길 16-1,193-12,37.6155100000,126.9222220000,2008,,02-351-7944,서울특별시 은평구청,2026-02-26
대조동,1,통일로75길 18-1,193-30,37.6169440000,126.9224730000,2019,,02-351-7944,서울특별시 은평구청,2026-02-26
대조동,1,진흥로 163,15-224,37.6089380000,126.9278780000,2008,,02-351-7944,서울특별시 은평구청,2026-02-26
대조동,1,통일로65길 26-5,14-69,37.6092450000,126.9278740000,2015,,02-351-7944,서울특별시 은평구청,2026-02-26
대조동,1,통일로65길 26-3,14-67,37.6091440000,126.9276830000,2008,,02-351-7944,서울특별시 은평구청,2026-02-26
대조동,1,불광로 16-8,14-70,37.6093180000,126.9280310000,2011,,02-351-7944,서울특별시 은평구청,2026-02-26
대조동,1,불광로 16-4,14-140,37.6095350000,126.9281300000,2015,,02-351-7944,서울특별시 은평구청,2026-02-26
대조동,1,불광로 16-3,14-25,37.6095650000,126.9284580000,2015,,02-351-7944,서울특별시 은평구청,2026-02-26
대조동,1,불광로 16-16,09월 22일,37.6093400000,126.9284050000,2015,,02-351-7944,서울특별시 은평구청,2026-02-26
대조동,1,불광로 16-20,06월 23일,37.6092610000,126.9287000000,2007,,02-351-7944,서울특별시 은평구청,2026-02-26
대조동,1,통일로65길 26-7,14-72,37.6091930000,126.9280900000,2005,,02-351-7944,서울특별시 은평구청,2026-02-26
대조동,1,통일로65길 26-11,10월 22일,37.6091400000,126.9282600000,2008,,02-351-7944,서울특별시 은평구청,2026-02-26
대조동,1,통일로65길 20-1,15-78,37.6090000000,126.9287270000,2008,,02-351-7944,서울특별시 은평구청,2026-02-26
대조동,1,통일로65길 18,15-75,37.6090480000,126.9289750000,2011,,02-351-7944,서울특별시 은평구청,2026-02-26
대조동,1,통일로65길 18,15-76,37.6090580000,126.9291110000,2008,,02-351-7944,서울특별시 은평구청,2026-02-26
대조동,1,통일로65길 22,15-82,37.6089980000,126.9285230000,2019,,02-351-7944,서울특별시 은평구청,2026-02-26
대조동,1,통일로65길 18,15-76,37.6090110000,126.9288850000,2005,,02-351-7944,서울특별시 은평구청,2026-02-26
대조동,1,통일로65길 13,15-33,37.6088330000,126.9291140000,2016,,02-351-7944,서울특별시 은평구청,2026-02-26
대조동,1,통일로65길 12,15-65,37.6090520000,126.9294730000,2007,,02-351-7944,서울특별시 은평구청,2026-02-26
대조동,1,통일로65길 13-2,15-32,37.6087090000,126.9294440000,2006,,02-351-7944,서울특별시 은평구청,2026-02-26
대조동,1,통일로65길 13-10,15-114,37.6087378600,126.9291210000,2020,,02-351-7944,서울특별시 은평구청,2026-02-26
대조동,1,통일로65길 3-8,15-96,37.6087600000,126.9299990000,2007,,02-351-7944,서울특별시 은평구청,2026-02-26
대조동,1,통일로65길 3-3,15-124,37.6087640000,126.9305200000,2006,,02-351-7944,서울특별시 은평구청,2026-02-26
대조동,1,통일로65길 9,15-90,37.6088850000,126.9298950000,2006,,02-351-7944,서울특별시 은평구청,2026-02-26
대조동,1,통일로65길 6,15-52,37.6091300000,126.9301630000,2005,,02-351-7944,서울특별시 은평구청,2026-02-26
대조동,1,통일로65길 1,15-121,37.6089900000,126.9306180000,2011,,02-351-7944,서울특별시 은평구청,2026-02-26
대조동,1,통일로65길 12-2,15-62,37.6091980000,126.9296190000,2018,,02-351-7944,서울특별시 은평구청,2026-02-26
대조동,1,통일로65길 12-6,15-58,37.6094680000,126.9295810000,2018,,02-351-7944,서울특별시 은평구청,2026-02-26
대조동,1,통일로 715-12,15-139,37.6099180000,126.9295290000,2016,,02-351-7944,서울특별시 은평구청,2026-02-26
대조동,1,통일로65길 8,15-54,37.6090650000,126.9299260000,2008,,02-351-7944,서울특별시 은평구청,2026-02-26
대조동,1,통일로65길 10,15-25,37.6090800100,126.9298458000,,,02-351-7944,서울특별시 은평구청,2026-02-26
대조동,1,통일로65길 10-2,15-57,37.6091830000,126.9299700000,2007,,02-351-7944,서울특별시 은평구청,2026-02-26
대조동,1,통일로65길 10-8,10월 15일,37.6095610000,126.9299190000,2006,,02-351-7944,서울특별시 은평구청,2026-02-26
대조동,1,통일로 719,14-13,37.6098120000,126.9298020000,2007,,02-351-7944,서울특별시 은평구청,2026-02-26
대조동,1,통일로 715-4,15-15,37.6097510000,126.9299840000,2005,,02-351-7944,서울특별시 은평구청,2026-02-26
대조동,1,서오릉로10길 12-9,50-22,37.6109970000,126.9204410000,2007,,02-351-7944,서울특별시 은평구청,2026-02-26
대조동,1,서오릉로10길 12-9,50-22,37.6109970000,126.9204410000,2007,,02-351-7944,서울특별시 은평구청,2026-02-26
대조동,1,서오릉로10길 12-9,50-22,37.6110144100,126.9204505000,,,02-351-7944,서울특별시 은평구청,2026-02-26
대조동,1,연서로18길 30-16,50-18,37.6113130000,126.9205050000,2007,,02-351-7944,서울특별시 은평구청,2026-02-26
대조동,1,연서로18길 30-12,50-14,37.6114650000,126.9203780000,2007,,02-351-7944,서울특별시 은평구청,2026-02-26
대조동,1,연서로18길 30-7,171-47,37.6114960000,126.9208080000,2010,,02-351-7944,서울특별시 은평구청,2026-02-26
대조동,1,연서로18길 30-6,Nov-50,37.6116650000,126.9206010000,2007,,02-351-7944,서울특별시 은평구청,2026-02-26
대조동,1,연서로18길 28,Jan-50,37.6118910000,126.9206430000,2007,,02-351-7944,서울특별시 은평구청,2026-02-26
대조동,1,연서로18길 28-4,Jul-50,37.6118255200,126.9204985000,,,02-351-7944,서울특별시 은평구청,2026-02-26
대조동,1,연서로18길 32-1,171-8,37.6118060000,126.9211880000,2009,,02-351-7944,서울특별시 은평구청,2026-02-26
대조동,1,연서로18길 32,171-9,37.6119040000,126.9210400000,2007,,02-351-7944,서울특별시 은평구청,2026-02-26
대조동,1,연서로18길 33-4,Nov-46,37.6121400000,126.9213190000,2005,,02-351-7944,서울특별시 은평구청,2026-02-26
대조동,1,연서로18길 28-2,Feb-50,37.6119080000,126.9205190000,2006,,02-351-7944,서울특별시 은평구청,2026-02-26
대조동,1,연서로18길 25-2,46-33,37.6122580000,126.9203440000,2005,,02-351-7944,서울특별시 은평구청,2026-02-26
대조동,1,서오릉로10길 26,Apr-50,37.6118790000,126.9202930000,2007,,02-351-7944,서울특별시 은평구청,2026-02-26
대조동,1,연서로18길 30,171-10,37.6118120000,126.9208710000,2007,,02-351-7944,서울특별시 은평구청,2026-02-26
대조동,1,통일로75길 6-9,194-22,37.6162070000,126.9226770000,2019,,02-351-7944,서울특별시 은평구청,2026-02-26
대조동,1,통일로 817-3,187-25,37.6166490000,126.9226700000,2016,,02-351-7944,서울특별시 은평구청,2026-02-26
대조동,1,통일로77길 3-1,187-6,37.6167379900,126.9226769000,,,02-351-7944,서울특별시 은평구청,2026-02-26
대조동,1,연서로28길 28,195-11,37.6166450000,126.9222630000,2016,,02-351-7944,서울특별시 은평구청,2026-02-26
대조동,1,연서로28길 26,195-10,37.6166440000,126.9221270000,2016,,02-351-7944,서울특별시 은평구청,2026-02-26
대조동,1,통일로77길 10,195-13,37.6164530000,126.9219710000,2016,,02-351-7944,서울특별시 은평구청,2026-02-26
대조동,1,통일로77길 9,194-11,37.6162760000,126.9223240000,2011,,02-351-7944,서울특별시 은평구청,2026-02-26
대조동,1,통일로77길 12,195-14,37.6163060000,126.9216220000,2016,,02-351-7944,서울특별시 은평구청,2026-02-26
대조동,1,연서로26길 23,194-27,37.6159900000,126.9215580000,2016,,02-351-7944,서울특별시 은평구청,2026-02-26
대조동,1,통일로77길 18,201-5,37.6160410000,126.9212630000,2005,,02-351-7944,서울특별시 은평구청,2026-02-26
대조동,1,연서로26길 17,195-17,37.6167630000,126.9213660000,2016,,02-351-7944,서울특별시 은평구청,2026-02-26
대조동,1,연서로26길 16-1,201-8,37.6167630000,126.9213660000,2016,,02-351-7944,서울특별시 은평구청,2026-02-26
대조동,1,연서로26길 25,194-30,37.6157840000,126.9217310000,2016,,02-351-7944,서울특별시 은평구청,2026-02-26
대조동,1,연서로26길 27,193-9,37.6156050000,126.9218130000,2016,,02-351-7944,서울특별시 은평구청,2026-02-26
대조동,1,연서로26길 25-6,193-7,37.6157420000,126.9220600000,2016,,02-351-7944,서울특별시 은평구청,2026-02-26
대조동,1,연서로26길 25-9,194-6,37.6160750000,126.9220220000,2006,,02-351-7944,서울특별시 은평구청,2026-02-26
대조동,1,연서로26길 16,201-20,37.6165060000,126.9208370000,2015,,02-351-7944,서울특별시 은평구청,2026-02-26
대조동,1,연서로26길 9-1,196-20,37.6169370000,126.9207180000,2016,,02-351-7944,서울특별시 은평구청,2026-02-26
대조동,1,연서로26길 11-6,196-24,37.6169526700,126.9209495000,,,02-351-7944,서울특별시 은평구청,2026-02-26
대조동,1,연서로26길 11-8,196-23,37.6169770000,126.9211480000,2007,,02-351-7944,서울특별시 은평구청,2026-02-26
대조동,1,연서로26길 9-7,197-25,37.6173270000,126.9209610000,2007,,02-351-7944,서울특별시 은평구청,2026-02-26
대조동,1,연서로26길 9-5,197-20,37.6171990000,126.9207480000,2007,,02-351-7944,서울특별시 은평구청,2026-02-26
대조동,1,연서로26길 9,197-19,37.6170530000,126.9205240000,2015,,02-351-7944,서울특별시 은평구청,2026-02-26
대조동,1,연서로26길 9,197-19,37.6170530000,126.9205240000,2016,,02-351-7944,서울특별시 은평구청,2026-02-26
대조동,1,연서로26길 7-3,197-11,37.6171780000,126.9203970000,2011,,02-351-7944,서울특별시 은평구청,2026-02-26
대조동,1,연서로26길 9-7,197-25,37.6173520000,126.9207460000,2018,,02-351-7944,서울특별시 은평구청,2026-02-26
대조동,1,연서로26길 5,197-13,37.6171670000,126.9202050000,2016,,02-351-7944,서울특별시 은평구청,2026-02-26
대조동,1,연서로26길 3,198-25,37.6172190000,126.9200230000,2016,,02-351-7944,서울특별시 은평구청,2026-02-26
대조동,1,연서로 214,198-27,37.6174530000,126.9199060000,2015,,02-351-7944,서울특별시 은평구청,2026-02-26
대조동,1,연서로26길 3-7,198-23,37.6174550000,126.9201440000,2018,,02-351-7944,서울특별시 은평구청,2026-02-26
대조동,1,연서로26길 3-11,198-12,37.6175730000,126.9202220000,,,02-351-7944,서울특별시 은평구청,2026-02-26
대조동,1,연서로26길 3-8,197-16,37.6178900000,126.9204550000,2018,,02-351-7944,서울특별시 은평구청,2026-02-26
대조동,1,연서로28길 8,197-1,37.6178300000,126.9207390000,2007,,02-351-7944,서울특별시 은평구청,2026-02-26
대조동,1,연서로28길 3,185-54,37.6182700000,126.9206190000,2008,,02-351-7944,서울특별시 은평구청,2026-02-26
대조동,1,연서로28길 10,197-2,37.6177140000,126.9209330000,2007,,02-351-7944,서울특별시 은평구청,2026-02-26
대조동,1,연서로28길 7,185-16,37.6180410000,126.9211660000,2004,,02-351-7944,서울특별시 은평구청,2026-02-26
대조동,1,연서로28길 9,185-14,37.6178430000,126.9212030000,2009,,02-351-7944,서울특별시 은평구청,2026-02-26
대조동,1,연서로28길 17,186-52,37.6176910000,126.9213190000,2005,,02-351-7944,서울특별시 은평구청,2026-02-26
대조동,1,연서로28길 17,186-52,37.6176110000,126.9214780000,2006,,02-351-7944,서울특별시 은평구청,2026-02-26
대조동,1,통일로 833-4,185-10,37.6177480000,126.9216920000,2008,,02-351-7944,서울특별시 은평구청,2026-02-26
대조동,1,연서로 230-10,185-43,37.6182248200,126.9209973000,2018,,02-351-7944,서울특별시 은평구청,2026-02-26
대조동,1,연서로 230-2,185-38,37.6183720000,126.9209010000,2018,,02-351-7944,서울특별시 은평구청,2026-02-26
대조동,1,연서로 230,185-21,37.6184970000,126.9208090000,,,02-351-7944,서울특별시 은평구청,2026-02-26
대조동,1,연서로 230-9,185-68,37.6182560000,126.9211070000,2008,,02-351-7944,서울특별시 은평구청,2026-02-26
대조동,1,연서로 230-9,185-68,37.6183930000,126.9212400000,2016,,02-351-7944,서울특별시 은평구청,2026-02-26
대조동,1,연서로 230-7,185-29,37.6182560000,126.9211070000,2010,,02-351-7944,서울특별시 은평구청,2026-02-26
대조동,1,연서로28길 1,185-23,37.6183510000,126.9205730000,2006,,02-351-7944,서울특별시 은평구청,2026-02-26
대조동,1,연서로28길 18,196-2,37.6171080000,126.9215880000,2006,,02-351-7944,서울특별시 은평구청,2026-02-26
대조동,1,연서로28길 17-1,186-21,37.6172790600,126.9217521000,,,02-351-7944,서울특별시 은평구청,2026-02-26
대조동,1,통일로 827-4,186-7,37.6173039400,126.9221816000,,,02-351-7944,서울특별시 은평구청,2026-02-26
대조동,1,연서로28길 21-2,186-23,37.6171840000,126.9220730000,2011,,02-351-7944,서울특별시 은평구청,2026-02-26
대조동,1,연서로28길 22,195-1,37.6168580000,126.9219080000,2007,,02-351-7944,서울특별시 은평구청,2026-02-26
대조동,1,연서로26길 15-14,195-2,37.6168030000,126.9218070000,2004,,02-351-7944,서울특별시 은평구청,2026-02-26
대조동,1,연서로26길 15-17,196-10,37.6169990000,126.9215550000,2017,,02-351-7944,서울특별시 은평구청,2026-02-26
대조동,1,연서로26길 15-11,196-16,37.6169180000,126.9215220000,2016,,02-351-7944,서울특별시 은평구청,2026-02-26
대조동,1,연서로26길 15-3,196-4,37.6167350000,126.9212530000,2016,,02-351-7944,서울특별시 은평구청,2026-02-26
대조동,1,연서로26길 15-7,196-14,37.6167630000,126.9213660000,2007,,02-351-7944,서울특별시 은평구청,2026-02-26
대조동,1,통일로 827-4,186-7,37.6172570000,126.9221520000,2009,,02-351-7944,서울특별시 은평구청,2026-02-26
대조동,1,진흥로 151,26-23,37.6088790000,126.9262710000,2019,,02-351-7944,서울특별시 은평구청,2026-02-26
대조동,1,진흥로13길 5,Jul-35,37.6090620000,126.9256340000,2019,,02-351-7944,서울특별시 은평구청,2026-02-26
대조동,1,진흥로13길 5,Jul-35,37.6090620000,126.9256340000,2019,,02-351-7944,서울특별시 은평구청,2026-02-26
대조동,1,진흥로13길 5-2,Jun-35,37.6089960000,126.9253400000,2007,,02-351-7944,서울특별시 은평구청,2026-02-26
대조동,1,진흥로13길 9,Jan-34,37.6092050000,126.9254510000,2019,,02-351-7944,서울특별시 은평구청,2026-02-26
대조동,1,진흥로13길 9,Jan-34,37.6092050000,126.9254510000,2019,,02-351-7944,서울특별시 은평구청,2026-02-26
대조동,1,진흥로13길 9-4,Apr-33,37.6091660000,126.9251570000,2010,,02-351-7944,서울특별시 은평구청,2026-02-26
대조동,1,진흥로13길 9-14,33-29,37.6090020000,126.9249100000,2007,,02-351-7944,서울특별시 은평구청,2026-02-26
대조동,1,진흥로13길 13-6,33-14,37.6093170000,126.9248940000,2007,,02-351-7944,서울특별시 은평구청,2026-02-26
대조동,1,진흥로13길 13-8,33-48,37.6092440000,126.9248040000,2005,,02-351-7944,서울특별시 은평구청,2026-02-26
대조동,1,통일로73길 29,206-11,37.6144210000,126.9214110000,2005,,02-351-7944,서울특별시 은평구청,2026-02-26
대조동,1,통일로73길 28-3,205-13,37.6146370000,126.9214310000,2006,,02-351-7944,서울특별시 은평구청,2026-02-26
대조동,1,통일로73길 25,206-4,37.6146230000,126.9218730000,2016,,02-351-7944,서울특별시 은평구청,2026-02-26
대조동,1,통일로73길 24-2,205-19,37.6147570000,126.9217230000,2008,,02-351-7944,서울특별시 은평구청,2026-02-26
대조동,1,통일로73길 25-7,206-7,37.6144620000,126.9219540000,2008,,02-351-7944,서울특별시 은평구청,2026-02-26
대조동,1,통일로73길 25-6,206-16,37.6143870000,126.9216380000,2004,,02-351-7944,서울특별시 은평구청,2026-02-26
대조동,1,역말로9길 37-7,208-28,37.6141740000,126.9220260000,2015,,02-351-7944,서울특별시 은평구청,2026-02-26
대조동,1,역말로9길 37-13,208-3,37.6140460000,126.9217560000,2019,,02-351-7944,서울특별시 은평구청,2026-02-26
대조동,1,역말로9길 37-23,209-1,37.6138430000,126.9212500000,2019,,02-351-7944,서울특별시 은평구청,2026-02-26
대조동,1,역말로9길 37-23,209-1,37.6138430000,126.9212500000,2016,,02-351-7944,서울특별시 은평구청,2026-02-26
대조동,1,연서로20길 28-1,214-3,37.6141020000,126.9210530000,2019,,02-351-7944,서울특별시 은평구청,2026-02-26
대조동,1,역말로9가길 2-15,209-7,37.6135650000,126.9214460000,2019,,02-351-7944,서울특별시 은평구청,2026-02-26
대조동,1,역말로9가길 2-4,208-38,37.6131810000,126.9218030000,2018,,02-351-7944,서울특별시 은평구청,2026-02-26
대조동,1,역말로9가길 2-4,208-38,37.6131810000,126.9218030000,2016,,02-351-7944,서울특별시 은평구청,2026-02-26
대조동,1,역말로9길 23,208-15,37.6130200000,126.9218960000,2008,,02-351-7944,서울특별시 은평구청,2026-02-26
대조동,1,역말로9가길 4,209-23,37.6130325900,126.9215825000,,,02-351-7944,서울특별시 은평구청,2026-02-26
대조동,1,역말로9길 17-14,165-15,37.6127160000,126.9212210000,2017,,02-351-7944,서울특별시 은평구청,2026-02-26
대조동,1,역말로9길 17-16,165-14,37.6127060000,126.9210390000,2016,,02-351-7944,서울특별시 은평구청,2026-02-26
대조동,1,역말로9길 17-20,163-12,37.6127300000,126.9207110000,2016,,02-351-7944,서울특별시 은평구청,2026-02-26
대조동,1,역말로9가길 14-1,210-44,37.6128980000,126.9204480000,2016,,02-351-7944,서울특별시 은평구청,2026-02-26
대조동,1,역말로9가길 12-4,210-3,37.6130720000,126.9206940000,2007,,02-351-7944,서울특별시 은평구청,2026-02-26
대조동,1,역말로9가길 10-6,210-47,37.6130470000,126.9209780000,2016,,02-351-7944,서울특별시 은평구청,2026-02-26
대조동,1,역말로9가길 10-10,210-12,37.6132620000,126.9208160000,2005,,02-351-7944,서울특별시 은평구청,2026-02-26
대조동,1,연서로18가길 14-6,210-25,37.6132150000,126.9205790000,2018,,02-351-7944,서울특별시 은평구청,2026-02-26
대조동,1,연서로18가길 14-8,210-24,37.6131520000,126.9206250000,2006,,02-351-7944,서울특별시 은평구청,2026-02-26
대조동,1,역말로9가길 10-14,210-14,37.6134050000,126.9207240000,2006,,02-351-7944,서울특별시 은평구청,2026-02-26
대조동,1,역말로9가길 6-7,210-48,37.6130490000,126.9211140000,2016,,02-351-7944,서울특별시 은평구청,2026-02-26
대조동,1,역말로9가길 6-11,210-9,37.6133090000,126.9209970000,2016,,02-351-7944,서울특별시 은평구청,2026-02-26
대조동,1,연서로20길 24-7,214-45,37.6138570000,126.9207960000,2016,,02-351-7944,서울특별시 은평구청,2026-02-26
대조동,1,역말로9길 37-36,214-12,37.6137290000,126.9205830000,2009,,02-351-7944,서울특별시 은평구청,2026-02-26
대조동,1,역말로9길 37-40,214-18,37.6136508500,126.9204235000,,,02-351-7944,서울특별시 은평구청,2026-02-26
대조동,1,연서로20길 22-5,214-11,37.6136910000,126.9204140000,2010,,02-351-7944,서울특별시 은평구청,2026-02-26
대조동,1,연서로20길 20-5,214-20,37.6138060000,126.9202310000,2005,,02-351-7944,서울특별시 은평구청,2026-02-26
대조동,1,연서로20길 18,214-39,37.6138840000,126.9198110000,2007,,02-351-7944,서울특별시 은평구청,2026-02-26
대조동,1,연서로20길 18-8,213-16,37.6136920000,126.9195750000,2018,,02-351-7944,서울특별시 은평구청,2026-02-26
대조동,1,연서로18가길 16-18,214-36,37.6136337300,126.9197612000,2021,,02-351-7944,서울특별시 은평구청,2026-02-26
대조동,1,연서로18가길 16-4,214-28,37.6136069100,126.9200624000,,,02-351-7944,서울특별시 은평구청,2026-02-26
대조동,1,연서로18가길 16-10,214-33,37.6137850000,126.9199030000,2007,,02-351-7944,서울특별시 은평구청,2026-02-26
대조동,1,연서로24길 1,199-26,37.6163470000,126.9191970000,2008,,02-351-7944,서울특별시 은평구청,2026-02-26
대조동,1,연서로24길 5,200-19,37.6161790000,126.9195850000,2019,,02-351-7944,서울특별시 은평구청,2026-02-26
대조동,1,연서로24길 3-1,199-32,37.6167720000,126.9193840000,2019,,02-351-7944,서울특별시 은평구청,2026-02-26
대조동,1,연서로26길 4-17,200-5,37.6162700000,126.9196290000,2019,,02-351-7944,서울특별시 은평구청,2026-02-26
대조동,1,연서로26길 4-12,199-21,37.6165670000,126.9195790000,2018,,02-351-7944,서울특별시 은평구청,2026-02-26
대조동,1,연서로 206-1,199-15,37.6167820000,126.9194740000,2007,,02-351-7944,서울특별시 은평구청,2026-02-26
대조동,1,연서로26길 4-11,200-13,37.6165430000,126.9199760000,2006,,02-351-7944,서울특별시 은평구청,2026-02-26
대조동,1,연서로 208-4,199-11,37.6168280000,126.9196320000,2011,,02-351-7944,서울특별시 은평구청,2026-02-26
대조동,1,연서로26길 4-5,200-3,37.6168140000,126.9199830000,2006,,02-351-7944,서울특별시 은평구청,2026-02-26
대조동,1,연서로26길 4-6,199-7,37.6169110000,126.9198230000,2007,,02-351-7944,서울특별시 은평구청,2026-02-26
대조동,1,연서로26길 8,200-2,37.6168880000,126.9202430000,2008,,02-351-7944,서울특별시 은평구청,2026-02-26
대조동,1,연서로26길 10-4,200-7,37.6166990000,126.9202460000,2017,,02-351-7944,서울특별시 은평구청,2026-02-26
대조동,1,연서로26길 10-10,200-9,37.6166633100,126.9202463000,,,02-351-7944,서울특별시 은평구청,2026-02-26
대조동,1,통일로77길 20-12,201-23,37.6163400000,126.9204660000,2008,,02-351-7944,서울특별시 은평구청,2026-02-26
대조동,1,통일로77길 20-6,201-10,37.6161550000,126.9208990000,2007,,02-351-7944,서울특별시 은평구청,2026-02-26
대조동,1,통일로77길 20-6,201-10,37.6161550000,126.9208990000,2005,,02-351-7944,서울특별시 은평구청,2026-02-26
대조동,1,연서로26길 10-12,200-14,37.6164720000,126.9200900000,2008,,02-351-7944,서울특별시 은평구청,2026-02-26
대조동,1,통일로77길 24-10,201-29,37.6163676600,126.9205911000,2022,,02-351-7944,서울특별시 은평구청,2026-02-26
대조동,1,통일로77길 24-7,202-5,37.6160520000,126.9204810000,2019,,02-351-7944,서울특별시 은평구청,2026-02-26
대조동,1,연서로26길 10-23,202-12,37.6160310000,126.9200970000,2019,,02-351-7944,서울특별시 은평구청,2026-02-26
대조동,1,연서로26길 10-20,200-22,37.6162640000,126.9199690000,2017,,02-351-7944,서울특별시 은평구청,2026-02-26
대조동,1,연서로26길 10-21,202-13,37.6159330000,126.9202230000,2007,,02-351-7944,서울특별시 은평구청,2026-02-26
대조동,1,연서로26길 10-22,200-16,37.6161730000,126.9199020000,2017,,02-351-7944,서울특별시 은평구청,2026-02-26
대조동,1,연서로24길 9,200-17,37.6160820000,126.9198470000,2019,,02-351-7944,서울특별시 은평구청,2026-02-26
대조동,1,통일로71가길 1,84-36,37.6138010800,126.9261029000,2021,,02-351-7944,서울특별시 은평구청,2026-02-26
대조동,1,불광로1길 3,09월 28일,37.6100740000,126.9278840000,2018,,02-351-7944,서울특별시 은평구청,2026-02-26
대조동,1,진흥로 153-12,02월 26일,37.6091380000,126.9260180000,2006,,02-351-7944,서울특별시 은평구청,2026-02-26
대조동,1,연서로24길 11-1,202-27,37.6157790000,126.9201570000,2019,,02-351-7944,서울특별시 은평구청,2026-02-26
대조동,1,통일로77길 26-2,202-19,37.6158180000,126.9204850000,2019,,02-351-7944,서울특별시 은평구청,2026-02-26
대조동,1,통일로77길 25,203-5,37.6155300000,126.9205120000,2019,,02-351-7944,서울특별시 은평구청,2026-02-26
대조동,1,통일로77길 24,202-17,37.6157840000,126.9206550000,2019,,02-351-7944,서울특별시 은평구청,2026-02-26
대조동,1,통일로77길 24,202-17,37.6157840000,126.9206550000,2019,,02-351-7944,서울특별시 은평구청,2026-02-26
대조동,1,통일로77길 19-2,203-27,37.6156420000,126.9209740000,2015,,02-351-7944,서울특별시 은평구청,2026-02-26
대조동,1,통일로77길 22,201-17,37.6158887600,126.9209086000,,,02-351-7944,서울특별시 은평구청,2026-02-26
대조동,1,통일로77길 20,201-12,37.6159670000,126.9210380000,2016,,02-351-7944,서울특별시 은평구청,2026-02-26
대조동,1,연서로26길 26-3,204-1,37.6154850000,126.9215430000,2008,,02-351-7944,서울특별시 은평구청,2026-02-26
대조동,1,연서로26길 26-6,203-15,37.6155730000,126.9212930000,2005,,02-351-7944,서울특별시 은평구청,2026-02-26
대조동,1,연서로26길 26-13,204-17,37.6153460000,126.9211260000,2016,,02-351-7944,서울특별시 은평구청,2026-02-26
대조동,1,연서로26길 26-10,203-17,37.6155980000,126.9211110000,2006,,02-351-7944,서울특별시 은평구청,2026-02-26
대조동,1,연서로26길 26-9,204-15,37.6153490000,126.9213860000,2004,,02-351-7944,서울특별시 은평구청,2026-02-26
대조동,1,연서로26길 26-26,203-10,37.6154780000,126.9207280000,2016,,02-351-7944,서울특별시 은평구청,2026-02-26
대조동,1,연서로26길 26-21,204-4,37.6151530000,126.9206980000,2016,,02-351-7944,서울특별시 은평구청,2026-02-26
대조동,1,통일로75길 29,205-36,37.6148040000,126.9209860000,2008,,02-351-7944,서울특별시 은평구청,2026-02-26
대조동,1,통일로75길 29,205-36,37.6148040000,126.9209860000,2016,,02-351-7944,서울특별시 은평구청,2026-02-26
대조동,1,통일로75길 25,205-6,37.6149880000,126.9213800000,2019,,02-351-7944,서울특별시 은평구청,2026-02-26
대조동,1,통일로75길 23,205-4,37.6150900000,126.9216170000,2007,,02-351-7944,서울특별시 은평구청,2026-02-26
대조동,1,통일로75길 21,205-2,37.6151080000,126.9216960000,2016,,02-351-7944,서울특별시 은평구청,2026-02-26
대조동,1,연서로26길 34,205-24,37.6151370000,126.9219220000,2005,,02-351-7944,서울특별시 은평구청,2026-02-26
대조동,1,서오릉로10길 12-5,50-23,37.6110310000,126.9201690000,2007,,02-351-7944,서울특별시 은평구청,2026-02-26
대조동,1,서오릉로10길 11,48-22,37.6110990000,126.9197490000,2007,,02-351-7944,서울특별시 은평구청,2026-02-26
대조동,1,서오릉로10길 3-1,48-39,37.6105340000,126.9190770000,2008,,02-351-7944,서울특별시 은평구청,2026-02-26
대조동,1,서오릉로10길 5-2,48-32,37.6107440000,126.9193350000,2005,,02-351-7944,서울특별시 은평구청,2026-02-26
대조동,1,서오릉로10길 6-3,49-16,37.6104500000,126.9197470000,2006,,02-351-7944,서울특별시 은평구청,2026-02-26
대조동,1,서오릉로10길 7,48-108,37.6108080000,126.9194930000,2006,,02-351-7944,서울특별시 은평구청,2026-02-26
대조동,1,서오릉로10길 9,48-26,37.6109630000,126.9196260000,2013,,02-351-7944,서울특별시 은평구청,2026-02-26
대조동,1,서오릉로10길 8,Dec-49,37.6107110000,126.9196640000,2007,,02-351-7944,서울특별시 은평구청,2026-02-26
대조동,1,서오릉로10길 14-6,50-24,37.6111300000,126.9201790000,2007,,02-351-7944,서울특별시 은평구청,2026-02-26
대조동,1,서오릉로10길 14-12,50-27,37.6114010000,126.9202200000,2006,,02-351-7944,서울특별시 은평구청,2026-02-26
대조동,1,서오릉로10길 14-16,50-29,37.6116170000,126.9202510000,2018,,02-351-7944,서울특별시 은평구청,2026-02-26
대조동,1,서오릉로10길 11,48-21,37.6111710000,126.9197700000,2018,,02-351-7944,서울특별시 은평구청,2026-02-26
대조동,1,서오릉로10길 15,48-20,37.6113240000,126.9197340000,2008,,02-351-7944,서울특별시 은평구청,2026-02-26
대조동,1,서오릉로10길 13-3,48-24,37.6111870000,126.9195100000,2006,,02-351-7944,서울특별시 은평구청,2026-02-26
대조동,1,서오릉로10길 13-11,48-49,37.6112390000,126.9192600000,2008,,02-351-7944,서울특별시 은평구청,2026-02-26
대조동,1,서오릉로10길 17-11,48-54,37.6115270000,126.9192440000,2016,,02-351-7944,서울특별시 은평구청,2026-02-26
대조동,1,서오릉로 128-16,48-107,37.6111650000,126.9191360000,2007,,02-351-7944,서울특별시 은평구청,2026-02-26
대조동,1,서오릉로 128-25,48-68,37.6115160000,126.9190970000,2009,,02-351-7944,서울특별시 은평구청,2026-02-26
대조동,1,서오릉로 128-21,48-71,37.6115050000,126.9188480000,2016,,02-351-7944,서울특별시 은평구청,2026-02-26
대조동,1,서오릉로 128-41,48-60,37.6112810000,126.9189530000,2018,,02-351-7944,서울특별시 은평구청,2026-02-26
대조동,1,서오릉로 128-15,48-75,37.6112320000,126.9185690000,2007,,02-351-7944,서울특별시 은평구청,2026-02-26
대조동,1,서오릉로 128-3,48-89,37.6108900000,126.9186190000,2017,,02-351-7944,서울특별시 은평구청,2026-02-26
대조동,1,서오릉로 128-3,48-89,37.6109095700,126.9186506000,,,02-351-7944,서울특별시 은평구청,2026-02-26
대조동,1,서오릉로 132-1,48-76,37.6110080000,126.9186860000,2018,,02-351-7944,서울특별시 은평구청,2026-02-26
대조동,1,서오릉로10길 19,Jul-48,37.6117120000,126.9198420000,2008,,02-351-7944,서울특별시 은평구청,2026-02-26
대조동,1,서오릉로10길 19,Jul-48,37.6117120000,126.9198420000,2006,,02-351-7944,서울특별시 은평구청,2026-02-26
대조동,1,서오릉로10길 17-7,48-14,37.6115920000,126.9194360000,2016,,02-351-7944,서울특별시 은평구청,2026-02-26
대조동,1,서오릉로10길 17-13,48-53,37.6116170000,126.9192320000,2016,,02-351-7944,서울특별시 은평구청,2026-02-26
대조동,1,연서로18길 20-1,Mar-48,37.6118550000,126.9196810000,2018,,02-351-7944,서울특별시 은평구청,2026-02-26
대조동,1,서오릉로10길 17-15,48-69,37.6116150000,126.9190390000,2016,,02-351-7944,서울특별시 은평구청,2026-02-26
대조동,1,서오릉로10길 17-19,226-4,37.6116500000,126.9189030000,2016,,02-351-7944,서울특별시 은평구청,2026-02-26
대조동,1,서오릉로10길 17-27,226-1,37.6116370000,126.9184610000,2016,,02-351-7944,서울특별시 은평구청,2026-02-26
대조동,1,서오릉로10길 17-18,225-25,37.6119221500,126.9189318000,,,02-351-7944,서울특별시 은평구청,2026-02-26
대조동,1,연서로18길 14,225-27,37.6120470000,126.9189760000,2015,,02-351-7944,서울특별시 은평구청,2026-02-26
대조동,1,서오릉로10길 21,Jan-48,37.6119650000,126.9198720000,2007,,02-351-7944,서울특별시 은평구청,2026-02-26
대조동,1,연서로18길 20,Feb-48,37.6119720000,126.9197020000,2005,,02-351-7944,서울특별시 은평구청,2026-02-26
대조동,1,연서로 196-3,219-8,37.6160590700,126.9191355000,,,02-351-7944,서울특별시 은평구청,2026-02-26
대조동,1,연서로22길 5-17,219-14,37.6158960000,126.9191360000,2007,,02-351-7944,서울특별시 은평구청,2026-02-26
대조동,1,연서로22길 5-15,219-15,37.6158769200,126.9191488000,,,02-351-7944,서울특별시 은평구청,2026-02-26
대조동,1,연서로 194-4,219-22,37.6157040000,126.9189010000,2018,,02-351-7944,서울특별시 은평구청,2026-02-26
대조동,1,연서로22길 5-9,219-4,37.6155600000,126.9189250000,2006,,02-351-7944,서울특별시 은평구청,2026-02-26
대조동,1,연서로22길 5-5,219-30,37.6153520000,126.9187700000,2018,,02-351-7944,서울특별시 은평구청,2026-02-26
대조동,1,연서로22길 5-4,218-21,37.6152990000,126.9189630000,2006,,02-351-7944,서울특별시 은평구청,2026-02-26
대조동,1,연서로22길 5-10,218-18,37.6154260000,126.9190180000,2008,,02-351-7944,서울특별시 은평구청,2026-02-26
대조동,1,연서로22길 5-3,219-29,37.6153960000,126.9186330000,2017,,02-351-7944,서울특별시 은평구청,2026-02-26
대조동,1,연서로22길 3-1,219-34,37.6151890000,126.9186700000,2016,,02-351-7944,서울특별시 은평구청,2026-02-26
대조동,1,연서로22길 3-1,219-34,37.6151890000,126.9186700000,2016,,02-351-7944,서울특별시 은평구청,2026-02-26
대조동,1,연서로22길 3,219-33,37.6152230000,126.9185230000,2006,,02-351-7944,서울특별시 은평구청,2026-02-26
대조동,1,연서로20길 3-13,220-8,37.6146730000,126.9183950000,2016,,02-351-7944,서울특별시 은평구청,2026-02-26
대조동,1,연서로20길 3-3,220-20,37.6143110000,126.9183210000,2016,,02-351-7944,서울특별시 은평구청,2026-02-26
대조동,1,연서로 172,222-3,37.6140480000,126.9180980000,2005,,02-351-7944,서울특별시 은평구청,2026-02-26
대조동,1,연서로20길 6,213-4,37.6140070000,126.9184950000,2005,,02-351-7944,서울특별시 은평구청,2026-02-26
대조동,1,연서로20길 6-6,222-7,37.6137790000,126.9182490000,2004,,02-351-7944,서울특별시 은평구청,2026-02-26
대조동,1,연서로20길 6-10,212-23,37.6135920000,126.9184220000,2016,,02-351-7944,서울특별시 은평구청,2026-02-26
대조동,1,연서로18길 3-27,222-16,37.6134360000,126.9181630000,2011,,02-351-7944,서울특별시 은평구청,2026-02-26
대조동,1,연서로18길 3-30,212-26,37.6134300000,126.9185030000,2004,,02-351-7944,서울특별시 은평구청,2026-02-26
대조동,1,연서로18길 3-20,212-40,37.6132130000,126.9184040000,2011,,02-351-7944,서울특별시 은평구청,2026-02-26
대조동,1,연서로 164,222-20,37.6133710000,126.9179150000,2017,,02-351-7944,서울특별시 은평구청,2026-02-26
대조동,1,연서로18길 3-16,212-14,37.6129600000,126.9183630000,2017,,02-351-7944,서울특별시 은평구청,2026-02-26
대조동,1,연서로18길 3-8,212-59,37.6126980000,126.9182870000,2008,,02-351-7944,서울특별시 은평구청,2026-02-26
대조동,1,연서로18길 3-8,212-59,37.6126980000,126.9182870000,2017,,02-351-7944,서울특별시 은평구청,2026-02-26
대조동,1,연서로18길 9-11,212-58,37.6126730000,126.9184350000,2017,,02-351-7944,서울특별시 은평구청,2026-02-26
대조동,1,연서로18길 3-5,223-22,37.6125150000,126.9179270000,2004,,02-351-7944,서울특별시 은평구청,2026-02-26
대조동,1,연서로18길 3-2,212-37,37.6125000000,126.9182560000,2006,,02-351-7944,서울특별시 은평구청,2026-02-26
대조동,1,연서로18길 2,224-20,37.6121250000,126.9176390000,2018,,02-351-7944,서울특별시 은평구청,2026-02-26
대조동,1,연서로18길 4-1,224-1,37.6121280000,126.9179780000,2007,,02-351-7944,서울특별시 은평구청,2026-02-26
대조동,1,연서로18길 6,225-13,37.6121390000,126.9181820000,2007,,02-351-7944,서울특별시 은평구청,2026-02-26
대조동,1,서오릉로 134-32,226-10,37.6116970000,126.9181210000,2016,,02-351-7944,서울특별시 은평구청,2026-02-26
대조동,1,서오릉로 134-15,224-9,37.6116843800,126.9179684000,,,02-351-7944,서울특별시 은평구청,2026-02-26
대조동,1,서오릉로 134-24,226-8,37.6114720000,126.9182370000,2010,,02-351-7944,서울특별시 은평구청,2026-02-26
대조동,1,서오릉로 134-20,226-2,37.6114220000,126.9185780000,2007,,02-351-7944,서울특별시 은평구청,2026-02-26
대조동,1,연서로24길 10,218-26,37.6153980000,126.9199020000,2008,,02-351-7944,서울특별시 은평구청,2026-02-26
대조동,1,연서로22길 9-23,218-1,37.6153980000,126.9199020000,2017,,02-351-7944,서울특별시 은평구청,2026-02-26
대조동,1,연서로22길 9-19,218-4,37.6153980000,126.9199020000,2017,,02-351-7944,서울특별시 은평구청,2026-02-26
대조동,1,연서로22길 9-11,218-15,37.6153980000,126.9199020000,2017,,02-351-7944,서울특별시 은평구청,2026-02-26
대조동,1,연서로22길 9-13,218-16,37.6154640000,126.9192670000,2007,,02-351-7944,서울특별시 은평구청,2026-02-26
대조동,1,연서로22길 9-7,218-20,37.6152840000,126.9192810000,2016,,02-351-7944,서울특별시 은평구청,2026-02-26
대조동,1,연서로22길 9-12,216-5,37.6153980000,126.9199020000,2007,,02-351-7944,서울특별시 은평구청,2026-02-26
대조동,1,연서로22길 9-4,216-11,37.6151480000,126.9191810000,2017,,02-351-7944,서울특별시 은평구청,2026-02-26
대조동,1,연서로22길 9,218-22,37.6150300000,126.9190920000,2016,,02-351-7944,서울특별시 은평구청,2026-02-26
대조동,1,연서로22길 12,221-41,37.6148790000,126.9193090000,2016,,02-351-7944,서울특별시 은평구청,2026-02-26
대조동,1,연서로22길 9,218-27,37.6150030000,126.9190130000,2016,,02-351-7944,서울특별시 은평구청,2026-02-26
대조동,1,연서로22길 8-6,221-52,37.6146220000,126.9187800000,2004,,02-351-7944,서울특별시 은평구청,2026-02-26
대조동,1,연서로20길 9-7,221-47,37.6144800000,126.9189860000,2010,,02-351-7944,서울특별시 은평구청,2026-02-26
대조동,1,연서로20길 9-12,221-64,37.6147086500,126.9191779000,2010,,02-351-7944,서울특별시 은평구청,2026-02-26
대조동,1,연서로20길 11-2,221-19,37.6143120000,126.9193510000,2009,,02-351-7944,서울특별시 은평구청,2026-02-26
대조동,1,연서로20길 9-5,221-8,37.6143530000,126.9189430000,2010,,02-351-7944,서울특별시 은평구청,2026-02-26
대조동,1,연서로20길 9-3,221-23,37.6142540000,126.9189100000,2018,,02-351-7944,서울특별시 은평구청,2026-02-26
대조동,1,연서로20길 10,213-26,37.6139650000,126.9188350000,2005,,02-351-7944,서울특별시 은평구청,2026-02-26
대조동,1,연서로20길 8,213-30,37.6140070000,126.9184950000,2016,,02-351-7944,서울특별시 은평구청,2026-02-26
대조동,1,연서로20길 7-1,221-58,37.6142610000,126.9187630000,2007,,02-351-7944,서울특별시 은평구청,2026-02-26
대조동,1,연서로20길 10-1,213-3,37.6140110000,126.9190040000,2005,,02-351-7944,서울특별시 은평구청,2026-02-26
대조동,1,연서로20길 13,221-20,37.6141548600,126.9193159000,2022,,02-351-7944,서울특별시 은평구청,2026-02-26
대조동,1,연서로20길 14,213-2,37.6138520000,126.9193350000,2016,,02-351-7944,서울특별시 은평구청,2026-02-26
대조동,1,연서로20길 17,215-28,37.6140778700,126.9199336000,2017,,02-351-7944,서울특별시 은평구청,2026-02-26
대조동,1,연서로20길 15,221-30,37.6140710000,126.9196150000,2007,,02-351-7944,서울특별시 은평구청,2026-02-26
대조동,1,연서로22길 16-12,221-39,37.6142050000,126.9194660000,2004,,02-351-7944,서울특별시 은평구청,2026-02-26
대조동,1,연서로22길 16-5,215-10,37.6142630000,126.9198620000,2016,,02-351-7944,서울특별시 은평구청,2026-02-26
대조동,1,연서로22길 16-1,215-9,37.6144700000,126.9198930000,2016,,02-351-7944,서울특별시 은평구청,2026-02-26
대조동,1,연서로22길 15,216-15,37.6146760000,126.9197540000,2019,,02-351-7944,서울특별시 은평구청,2026-02-26
대조동,1,연서로22길 13,216-9,37.6147650000,126.9196170000,2016,,02-351-7944,서울특별시 은평구청,2026-02-26
대조동,1,연서로22길 13,216-9,37.6147650000,126.9196170000,2016,,02-351-7944,서울특별시 은평구청,2026-02-26
대조동,1,연서로22길 20,215-6,37.6145630000,126.9202080000,2016,,02-351-7944,서울특별시 은평구청,2026-02-26
대조동,1,연서로22길 17-1,216-20,37.6148398100,126.9200216000,,,02-351-7944,서울특별시 은평구청,2026-02-26
대조동,1,연서로22길 20-2,215-13,37.6144370000,126.9202560000,2007,,02-351-7944,서울특별시 은평구청,2026-02-26
대조동,1,연서로22길 21,216-22,37.6147800000,126.9202730000,2005,,02-351-7944,서울특별시 은평구청,2026-02-26
대조동,1,연서로22길 24,215-34,37.6146840000,126.9206480000,2019,,02-351-7944,서울특별시 은평구청,2026-02-26
대조동,1,연서로22길 24,215-34,37.6146840000,126.9206480000,2019,,02-351-7944,서울특별시 은평구청,2026-02-26
대조동,1,서오릉로 134-10,226-19,37.6112730000,126.9180470000,2016,,02-351-7944,서울특별시 은평구청,2026-02-26
대조동,1,연서로22길 9-18,216-21,37.6153980000,126.9199020000,2016,,02-351-7944,서울특별시 은평구청,2026-02-26
대조동,1,연서로22길 9-18,216-21,37.6153980000,126.9199020000,2016,,02-351-7944,서울특별시 은평구청,2026-02-26
대조동,1,연서로22길 9-30,212,37.6153980000,126.9199020000,2010,,02-351-7944,서울특별시 은평구청,2026-02-26
대조동,1,통일로77길 28,202-25,37.6153980000,126.9199020000,2019,,02-351-7944,서울특별시 은평구청,2026-02-26
대조동,1,연서로24길 27,205-38,37.6146780000,126.9209200000,2006,,02-351-7944,서울특별시 은평구청,2026-02-26
대조동,1,연서로24길 30,215-39,37.6143700000,126.9208000000,2010,,02-351-7944,서울특별시 은평구청,2026-02-26
대조동,1,연서로20길 28,214-1,37.6142280000,126.9209840000,2016,,02-351-7944,서울특별시 은평구청,2026-02-26
대조동,1,연서로20길 24-3,214-7,37.6141270000,126.9207810000,2005,,02-351-7944,서울특별시 은평구청,2026-02-26
대조동,1,연서로20길 23-1,215-20,37.6142110000,126.9201800000,2006,,02-351-7944,서울특별시 은평구청,2026-02-26
대조동,1,연서로20길 22-1,214-14,37.6139690000,126.9203300000,2016,,02-351-7944,서울특별시 은평구청,2026-02-26
대조동,1,연서로20길 20-1,214-23,37.6138770000,126.9200370000,2005,,02-351-7944,서울특별시 은평구청,2026-02-26
대조동,1,연서로20길 19-1,215-22,37.6142900000,126.9199410000,2016,,02-351-7944,서울특별시 은평구청,2026-02-26
대조동,1,연서로18가길 16-22,213-18,37.6136640000,126.9194290000,2007,,02-351-7944,서울특별시 은평구청,2026-02-26
대조동,1,연서로18가길 16-22,213-18,37.6137218300,126.9194146000,2021,,02-351-7944,서울특별시 은평구청,2026-02-26
대조동,1,연서로18가길 16-26,213-8,37.6138230000,126.9190980000,2017,,02-351-7944,서울특별시 은평구청,2026-02-26
대조동,1,연서로18가길 16-32,213-12,37.6136980000,126.9191680000,2007,,02-351-7944,서울특별시 은평구청,2026-02-26
대조동,1,연서로18가길 16-36,213-22,37.6135690000,126.9189320000,2005,,02-351-7944,서울특별시 은평구청,2026-02-26
대조동,1,연서로18가길 16-36,213-22,37.6137207500,126.9189689000,2021,,02-351-7944,서울특별시 은평구청,2026-02-26
대조동,1,연서로18길 9-28,212-46,37.6133360000,126.9190370000,2009,,02-351-7944,서울특별시 은평구청,2026-02-26
대조동,1,연서로18길 9-22,212-60,37.6131010000,126.9189270000,2016,,02-351-7944,서울특별시 은평구청,2026-02-26
대조동,1,연서로18길 9-20,212-61,37.6130010000,126.9188490000,2005,,02-351-7944,서울특별시 은평구청,2026-02-26
대조동,1,연서로18길 9-14,212-49,37.6128650000,126.9188290000,2016,,02-351-7944,서울특별시 은평구청,2026-02-26
대조동,1,연서로18길 9-4,212-51,37.6124050000,126.9187450000,2016,,02-351-7944,서울특별시 은평구청,2026-02-26
대조동,1,연서로18길 10,225-9,37.6121140000,126.9184540000,2006,,02-351-7944,서울특별시 은평구청,2026-02-26
대조동,1,연서로18길 7-2,212-33,37.6125010000,126.9183920000,2008,,02-351-7944,서울특별시 은평구청,2026-02-26
대조동,1,연서로18길 10,225-9,37.6121140000,126.9184540000,2016,,02-351-7944,서울특별시 은평구청,2026-02-26
대조동,1,서오릉로10길 17-26,225-11,37.6119250000,126.9184120000,2009,,02-351-7944,서울특별시 은평구청,2026-02-26
대조동,1,연서로18길 10-1,225-5,37.6121070000,126.9186470000,2011,,02-351-7944,서울특별시 은평구청,2026-02-26
대조동,1,연서로18길 16,225-4,37.6120220000,126.9192480000,2006,,02-351-7944,서울특별시 은평구청,2026-02-26
대조동,1,연서로18길 18,225-18,37.6119780000,126.9193740000,2005,,02-351-7944,서울특별시 은평구청,2026-02-26
대조동,1,연서로18가길 4,211-4,37.6128540000,126.9195420000,2009,,02-351-7944,서울특별시 은평구청,2026-02-26
대조동,1,연서로18가길 8,211-3,37.6128540000,126.9195420000,2009,,02-351-7944,서울특별시 은평구청,2026-02-26
대조동,1,역말로9가길 13-1,211-9,37.6127350000,126.9203250000,2018,,02-351-7944,서울특별시 은평구청,2026-02-26
대조동,1,역말로9가길 15,211-10,37.6128540000,126.9195420000,2009,,02-351-7944,서울특별시 은평구청,2026-02-26
대조동,1,연서로18가길 14,210-33,37.6128540000,126.9195420000,2009,,02-351-7944,서울특별시 은평구청,2026-02-26
대조동,1,연서로18가길 14-1,210-34,37.6121370000,126.9199380000,2008,,02-351-7944,서울특별시 은평구청,2026-02-26
대조동,1,연서로18가길 16,210-28,37.6135151900,126.9203305000,2021,,02-351-7944,서울특별시 은평구청,2026-02-26
대조동,1,연서로20길 20-8,214-26,37.6128540000,126.9195420000,2007,,02-351-7944,서울특별시 은평구청,2026-02-26
대조동,1,역말로9길 40-58,190-34,37.6150220000,126.9240870000,2008,,02-351-7944,서울특별시 은평구청,2026-02-26
대조동,1,연서로28길 25-1,186-41,37.6169714200,126.9224268000,2012,,02-351-7944,서울특별시 은평구청,2026-02-26
대조동,1,진흥로 187,15-127,37.6085853600,126.9302529000,2023,,02-351-7944,서울특별시 은평구청,2026-02-26
대조동,1,통일로65길 3,15-122,37.6090118600,126.9304785000,2023,,02-351-7944,서울특별시 은평구청,2026-02-26
대조동,1,통일로65길 3,15-122,37.6090118600,126.9304785000,2023,,02-351-7944,서울특별시 은평구청,2026-02-26
대조동,1,진흥로 179,15-132,37.6085625000,126.9295406000,2023,,02-351-7944,서울특별시 은평구청,2026-02-26
대조동,1,역말로 121,172-23,37.6100553200,126.9214748000,2023,,02-351-7944,서울특별시 은평구청,2026-02-26
대조동,1,통일로65길 13-2,15-32,37.6087987700,126.9295261000,2023,,02-351-7944,서울특별시 은평구청,2026-02-26
대조동,1,진흥로 181,15-130,37.6085627700,126.9297532000,2023,,02-351-7944,서울특별시 은평구청,2026-02-26
대조동,1,서오릉로10길 5,48-37,37.6106940400,126.9193442000,2024,,02-351-7944,서울특별시 은평구청,2026-02-26
대조동,1,통일로65길 12-6,15-58,37.6094995500,126.9295450000,2023,,02-351-7944,서울특별시 은평구청,2026-02-26
대조동,1,진흥로 181,15-130,37.6085627700,126.9297532000,2023,,02-351-7944,서울특별시 은평구청,2026-02-26
대조동,1,연서로18길 3-15,223-9,37.6129525800,126.9180231000,2024,,02-351-7944,서울특별시 은평구청,2026-02-26
대조동,1,역말로 143-24,91-75,37.6125467700,126.9222466000,2024,,02-351-7944,서울특별시 은평구청,2026-02-26
대조동,1,역말로 151-15,91-52,37.6122217300,126.9225817000,2024,,02-351-7944,서울특별시 은평구청,2026-02-26
대조동,1,역말로 143-8,Apr-91,37.6120874500,126.9224178000,2024,,02-351-7944,서울특별시 은평구청,2026-02-26
대조동,1,통일로71가길 16,87-36,37.6130757800,126.9247702000,2024,,02-351-7944,서울특별시 은평구청,2026-02-26
대조동,1,연서로24길 29,205-33,37.6145218800,126.9210304000,2024,,02-351-7944,서울특별시 은평구청,2026-02-26
대조동,1,통일로73길 28-1,205-14,37.6147524300,126.9214868000,2024,,02-351-7944,서울특별시 은평구청,2026-02-26
대조동,1,통일로73길 22-1,205-31,37.6149732900,126.9221105000,2024,,02-351-7944,서울특별시 은평구청,2026-02-26
대조동,1,서오릉로8길 12,59-23,37.6082434300,126.9227897000,,,02-351-7944,서울특별시 은평구청,2026-02-26
대조동,1,서오릉로8길 17,Jan-67,37.6087233000,126.9232645000,,,02-351-7944,서울특별시 은평구청,2026-02-26
대조동,1,통일로69길 31,05월 31일,37.6101664000,126.9256795000,,,02-351-7944,서울특별시 은평구청,2026-02-26
대조동,1,서오릉로8길 3,May-56,37.6078921800,126.9220049000,,,02-351-7944,서울특별시 은평구청,2026-02-26
대조동,1,연서로28길 19,186-22,37.6171986600,126.9218901000,2024,,02-351-7944,서울특별시 은평구청,2026-02-26
대조동,1,통일로 827,186-25,37.6172257900,126.9225055000,2024,,02-351-7944,서울특별시 은평구청,2026-02-26
대조동,1,서오릉로 134-32,226-10,37.6117634500,126.9181051000,2024,,02-351-7944,서울특별시 은평구청,2026-02-26
대조동,1,통일로71가길 13-7,84-46,37.6128273800,126.9252650000,2024,,02-351-7944,서울특별시 은평구청,2026-02-26
대조동,1,연서로26길 7-7,197-9,37.6173865000,126.9205644000,2024,,02-351-7944,서울특별시 은평구청,2026-02-26
대조동,1,연서로26길 7-11,197-8,37.6175549600,126.9205818000,2024,,02-351-7944,서울특별시 은평구청,2026-02-26
대조동,1,연서로26길 7-14,197-4,37.6176370800,126.9205831000,2024,,02-351-7944,서울특별시 은평구청,2026-02-26
대조동,1,통일로77길 26-1,202-24,37.6157062700,126.9204538000,2024,,02-351-7944,서울특별시 은평구청,2026-02-26
대조동,1,연서로28길 24-2,195-5,37.6165250000,126.9218790000,2013,,02-351-7944,서울특별시 은평구청,2026-02-26
대조동,1,연서로18가길 2,46-36,37.6122314900,126.9201485000,,,02-351-7944,서울특별시 은평구청,2026-02-26
대조동,1,역말로 118,89-257,37.6096927600,126.9214903000,2023,,02-351-7944,서울특별시 은평구청,2026-02-26
대조동,1,서오릉로 128-14,48-48,37.6110660000,126.9190700000,2009,,02-351-7944,서울특별시 은평구청,2026-02-26
대조동,1,통일로727-5,14-27,37.6102574900,126.9291671000,,,02-351-7944,서울특별시 은평구청,2026-02-26
대조동,1,서오릉로 126,48-99,37.6105490000,126.9187260000,2018,,02-351-7944,서울특별시 은평구청,2026-02-26
대조동,1,연서로20길 3-10,221-48,37.6146409800,126.9185771000,2024,,02-351-7944,서울특별시 은평구청,2026-02-26
대조동,1,연서로18길 9,212-30,37.6123201100,126.9186101000,2024,,02-351-7944,서울특별시 은평구청,2026-02-26
대조동,1,서오릉로10길 17-28,225-12,37.6118340000,126.9183900000,2004,,02-351-7944,서울특별시 은평구청,2026-02-26
대조동,1,서오릉로10길 17-23,226-21,37.6115310000,126.9187230000,2006,,02-351-7944,서울특별시 은평구청,2026-02-26
대조동,1,서오릉로8길 22-3,33-28,37.6087780000,126.9241540000,2006,,02-351-7944,서울특별시 은평구청,2026-02-26
불광1동,1,진흥로19길 2-8,630-104,37.6111640000,126.9419020000,2004,,02-351-7944,서울특별시 은평구청,2026-02-26
불광1동,1,진흥로 325,산42-1,37.6107537000,126.9449359000,2021,,02-351-7944,서울특별시 은평구청,2026-02-26
불광1동,1,진흥로 295-3,산42-29,37.6109656900,126.9421787000,,,02-351-7944,서울특별시 은평구청,2026-02-26
불광1동,1,진흥로19길 2-8,630-104,37.6111640000,126.9419020000,2004,,02-351-7944,서울특별시 은평구청,2026-02-26
불광1동,1,진흥로19길 2-14,630-61,37.6112550000,126.9420030000,2009,,02-351-7944,서울특별시 은평구청,2026-02-26
불광1동,1,진흥로19길 2-14,630-61,37.6112550000,126.9420030000,2008,,02-351-7944,서울특별시 은평구청,2026-02-26
불광1동,1,진흥로 295-13,630-63,37.6115170000,126.9420670000,,,02-351-7944,서울특별시 은평구청,2026-02-26
불광1동,1,진흥로19길 2-20,630-57,37.6116170000,126.9420880000,2005,,02-351-7944,서울특별시 은평구청,2026-02-26
불광1동,1,진흥로19길 2-20,630-57,37.6116170000,126.9420880000,2005,,02-351-7944,서울특별시 은평구청,2026-02-26
불광1동,1,진흥로19길 2-15,630-53,37.6114597900,126.9419764000,,,02-351-7944,서울특별시 은평구청,2026-02-26
불광1동,1,진흥로19길 8-6,630-45,37.6115996600,126.9415289000,,,02-351-7944,서울특별시 은평구청,2026-02-26
불광1동,1,진흥로19길 8-11,630-41,37.6121016300,126.9416839000,2020,,02-351-7944,서울특별시 은평구청,2026-02-26
불광1동,1,진흥로19길 8-5,630-40,37.6118074300,126.9414318000,2020,,02-351-7944,서울특별시 은평구청,2026-02-26
불광1동,1,진흥로19길 8-11,630-41,37.6120630000,126.9416290000,2008,,02-351-7944,서울특별시 은평구청,2026-02-26
불광1동,1,진흥로19길 8-3,630-39,37.6116810000,126.9412150000,,,02-351-7944,서울특별시 은평구청,2026-02-26
불광1동,1,진흥로19길 2,630-48,37.6110530000,126.9414960000,2005,,02-351-7944,서울특별시 은평구청,2026-02-26
불광1동,1,진흥로19길 6,630-38,37.6116710000,126.9411470000,2006,,02-351-7944,서울특별시 은평구청,2026-02-26
불광1동,1,진흥로19길 8,630-38,37.6116710000,126.9411470000,2007,,02-351-7944,서울특별시 은평구청,2026-02-26
불광1동,1,진흥로19길,630-36,37.6121210000,126.9410620000,2008,,02-351-7944,서울특별시 은평구청,2026-02-26
불광1동,1,진흥로19길 10-5,630-33,37.6121410000,126.9412650000,2017,,02-351-7944,서울특별시 은평구청,2026-02-26
불광1동,1,진흥로19길 10-3,630-73,37.6118410000,126.9409410000,2010,,02-351-7944,서울특별시 은평구청,2026-02-26
불광1동,1,진흥로19길 6,630-46,37.6113383200,126.9413566000,,,02-351-7944,서울특별시 은평구청,2026-02-26
불광1동,1,진흥로19길 14-3,630-28,37.6118810000,126.9404650000,2007,,02-351-7944,서울특별시 은평구청,2026-02-26
불광1동,1,진흥로19길 17,630-17,37.6118060000,126.9401370000,2008,,02-351-7944,서울특별시 은평구청,2026-02-26
불광1동,1,진흥로19길 18,630-24,37.6117180000,126.9403200000,2018,,02-351-7944,서울특별시 은평구청,2026-02-26
불광1동,1,진흥로19길 19,630-16,37.6118590000,126.9400010000,2018,,02-351-7944,서울특별시 은평구청,2026-02-26
불광1동,1,진흥로19길 22,630-20,37.6119580000,126.9399430000,2008,,02-351-7944,서울특별시 은평구청,2026-02-26
불광1동,1,북한산생태공원,638-6,37.6108420000,126.9391200000,2017,,02-351-7944,서울특별시 은평구청,2026-02-26
불광1동,1,,산42-5,37.6112550000,126.9399870000,2010,,02-351-7944,서울특별시 은평구청,2026-02-26
불광1동,1,진흥로19길,산42-6,37.6145150000,126.9387510000,2010,,02-351-7944,서울특별시 은평구청,2026-02-26
불광1동,1,진흥로19길,산42-7,37.6145150000,126.9387510000,2010,,02-351-7944,서울특별시 은평구청,2026-02-26
불광1동,1,진흥로19길 25-1,630-84,37.6120080000,126.9394660000,2009,,02-351-7944,서울특별시 은평구청,2026-02-26
불광1동,1,진흥로19길 25-1,630-84,37.6119888400,126.9395094000,,,02-351-7944,서울특별시 은평구청,2026-02-26
불광1동,1,진흥로19길 25-1,630-84,37.6119888400,126.9395094000,,,02-351-7944,서울특별시 은평구청,2026-02-26
불광1동,1,진흥로19길 25-1,630-84,37.6119888400,126.9395094000,,,02-351-7944,서울특별시 은평구청,2026-02-26
불광1동,1,진흥로19길 25-1,630-84,37.6120080000,126.9394660000,2008,,02-351-7944,서울특별시 은평구청,2026-02-26
불광1동,1,진흥로19길 28,630-8,37.6122170000,126.9396900000,2009,,02-351-7944,서울특별시 은평구청,2026-02-26
불광1동,1,진흥로19길 30,630,37.6125600000,126.9397530000,2011,,02-351-7944,서울특별시 은평구청,2026-02-26
불광1동,1,,638-5,,,,,02-351-7944,서울특별시 은평구청,2026-02-26
불광1동,1,진흥로19길 30-2,01월 02일,37.6131940000,126.9391320000,2018,,02-351-7944,서울특별시 은평구청,2026-02-26
불광1동,1,진흥로19길 30-2,01월 02일,37.6131940000,126.9391320000,2004,,02-351-7944,서울특별시 은평구청,2026-02-26
불광1동,1,불광로2길 27-6,,37.6122220000,126.9293370000,2013,,02-351-7944,서울특별시 은평구청,2026-02-26
불광1동,1,진흥로15길 22-15,600-12,37.6114960000,126.9326550000,2007,,02-351-7944,서울특별시 은평구청,2026-02-26
불광1동,1,불광로2길 6-8,600-9,37.6116470300,126.9325417000,2021,,02-351-7944,서울특별시 은평구청,2026-02-26
불광1동,1,진흥로15길 22-11,601-10,37.6114930000,126.9323830000,2007,,02-351-7944,서울특별시 은평구청,2026-02-26
불광1동,1,불광로2길 6-3,601-4,37.6117100000,126.9324140000,2018,,02-351-7944,서울특별시 은평구청,2026-02-26
불광1동,1,불광로2길 4-4,602-5,37.6117340000,126.9321190000,2007,,02-351-7944,서울특별시 은평구청,2026-02-26
불광1동,1,불광로2길 4-1,601-1,37.6118890000,126.9322640000,2018,,02-351-7944,서울특별시 은평구청,2026-02-26
불광1동,1,불광로2길 2-5,602-6,37.6116970000,126.9320180000,2005,,02-351-7944,서울특별시 은평구청,2026-02-26
불광1동,1,불광로2길,602-1,37.6118590000,126.9320270000,2004,,02-351-7944,서울특별시 은평구청,2026-02-26
불광1동,1,진흥로15길 27,281-240,37.6116760000,126.9316900000,2007,,02-351-7944,서울특별시 은평구청,2026-02-26
불광1동,1,불광로2길 6-5,601-8,37.6116190000,126.9323140000,2016,,02-351-7944,서울특별시 은평구청,2026-02-26
불광1동,1,진흥로15길 22-5,602-9,37.6114810000,126.9320780000,2005,,02-351-7944,서울특별시 은평구청,2026-02-26
불광1동,1,진흥로15길 22-8,604-10,37.6112030000,126.9322180000,2007,,02-351-7944,서울특별시 은평구청,2026-02-26
불광1동,1,진흥로15길 22-2,604-2,37.6112920000,126.9320460000,2017,,02-351-7944,서울특별시 은평구청,2026-02-26
불광1동,1,진흥로15길 21,281-18,37.6112790000,126.9316270000,2018,,02-351-7944,서울특별시 은평구청,2026-02-26
불광1동,1,불광로 52-3,281-10,37.6116750000,126.9316100000,2006,,02-351-7944,서울특별시 은평구청,2026-02-26
불광1동,1,진흥로15길 21,281-18,37.6112790000,126.9316270000,2005,,02-351-7944,서울특별시 은평구청,2026-02-26
불광1동,1,진흥로15길 18,605-1,37.6109300000,126.9318930000,2005,,02-351-7944,서울특별시 은평구청,2026-02-26
불광1동,1,진흥로15길 18-4,605-7,37.6109780000,126.9321530000,2008,,02-351-7944,서울특별시 은평구청,2026-02-26
불광1동,1,진흥로15길 18-11,604-8,37.6111970000,126.9324550000,2018,,02-351-7944,서울특별시 은평구청,2026-02-26
불광1동,1,진흥로15길 18-26,607-2,37.6165980000,126.9240530000,2008,,02-351-7944,서울특별시 은평구청,2026-02-26
불광1동,1,진흥로15길 18-34,608-9,37.6109280000,126.9326860000,2011,,02-351-7944,서울특별시 은평구청,2026-02-26
불광1동,1,진흥로15길 18-16,607-8,37.6108450000,126.9324150000,2008,,02-351-7944,서울특별시 은평구청,2026-02-26
불광1동,1,진흥로15길 18-24,607-1,37.6111060000,126.9324570000,2007,,02-351-7944,서울특별시 은평구청,2026-02-26
불광1동,1,불광로 50-15,281-19,37.6110990000,126.9316300000,2019,,02-351-7944,서울특별시 은평구청,2026-02-26
불광1동,1,불광로 50-12,281-33,37.6110790000,126.9314260000,2019,,02-351-7944,서울특별시 은평구청,2026-02-26
불광1동,1,불광로 50-6,281-30,37.6115440000,126.9310350000,2019,,02-351-7944,서울특별시 은평구청,2026-02-26
불광1동,1,불광로 50,281-27,37.6115800000,126.9310120000,2019,,02-351-7944,서울특별시 은평구청,2026-02-26
불광1동,1,통일로66길 12-1,281-110,37.6107740000,126.9316010000,2019,,02-351-7944,서울특별시 은평구청,2026-02-26
불광1동,1,진흥로15길 215,613-2,37.6101850000,126.9331830000,2005,,02-351-7944,서울특별시 은평구청,2026-02-26
불광1동,1,진흥로 215,613-2,37.6101850000,126.9331830000,2007,,02-351-7944,서울특별시 은평구청,2026-02-26
불광1동,1,진흥로15길 10,613-1,37.6103370000,126.9320490000,2018,,02-351-7944,서울특별시 은평구청,2026-02-26
불광1동,1,진흥로15길 10,613-1,37.6103370000,126.9320490000,2013,,02-351-7944,서울특별시 은평구청,2026-02-26
불광1동,1,진흥로15길 13-1,281-116,37.6105950000,126.9316940000,2011,,02-351-7944,서울특별시 은평구청,2026-02-26
불광1동,1,진흥로15길 12-5,606-4,37.6106710000,126.9321460000,2017,,02-351-7944,서울특별시 은평구청,2026-02-26
불광1동,1,진흥로15길 12-8,606-19,37.6104470000,126.9322740000,2005,,02-351-7944,서울특별시 은평구청,2026-02-26
불광1동,1,진흥로15길 12-21,606-22,37.6105770000,126.9327360000,2005,,02-351-7944,서울특별시 은평구청,2026-02-26
불광1동,1,진흥로15길 16,605-2,37.6108101300,126.9318002000,,,02-351-7944,서울특별시 은평구청,2026-02-26
불광1동,1,통일로66길 6-13,281-144,37.6098920000,126.9316930000,2006,,02-351-7944,서울특별시 은평구청,2026-02-26
불광1동,1,통일로 708-7,285-16,37.6096750000,126.9315710000,2011,,02-351-7944,서울특별시 은평구청,2026-02-26
불광1동,1,통일로 708-7,285-16,37.6096512500,126.9316625000,2019,,02-351-7944,서울특별시 은평구청,2026-02-26
불광1동,1,통일로 708-3,285-18,37.6092620000,126.9317240000,2019,,02-351-7944,서울특별시 은평구청,2026-02-26
불광1동,1,통일로 708-5,285-21,37.6095120000,126.9315060000,2007,,02-351-7944,서울특별시 은평구청,2026-02-26
불광1동,1,통일로 712-4,285-24,37.6095190000,126.9313130000,2011,,02-351-7944,서울특별시 은평구청,2026-02-26
불광1동,1,통일로 712-2,285-25,37.6094730000,126.9311890000,,,02-351-7944,서울특별시 은평구청,2026-02-26
불광1동,1,통일로66길 4-13,281-160,37.6097710000,126.9312530000,2019,,02-351-7944,서울특별시 은평구청,2026-02-26
불광1동,1,통일로66길 4-7,281-157,37.6100660000,126.9309880000,2019,,02-351-7944,서울특별시 은평구청,2026-02-26
불광1동,1,통일로66길 10-13,281-239,37.6101720000,126.9317340000,2019,,02-351-7944,서울특별시 은평구청,2026-02-26
불광1동,1,통일로66길 10-7,281-120,37.6103960000,126.9315610000,2019,,02-351-7944,서울특별시 은평구청,2026-02-26
불광1동,1,통일로66길 10-1,281-113,37.6105200000,126.9314230000,2019,,02-351-7944,서울특별시 은평구청,2026-02-26
불광1동,1,통일로66길 12,281-112,37.6106370000,126.9314100000,2019,,02-351-7944,서울특별시 은평구청,2026-02-26
불광1동,1,통일로66길 8,281-136,37.6104640000,126.9311180000,2019,,02-351-7944,서울특별시 은평구청,2026-02-26
불광1동,1,통일로66길 6,281-153,37.6104080000,126.9309380000,2019,,02-351-7944,서울특별시 은평구청,2026-02-26
불광1동,1,통일로66길 6-3,281-138,37.6102840000,126.9311770000,2019,,02-351-7944,서울특별시 은평구청,2026-02-26
불광1동,1,통일로66길 6-4,281-150,37.6101680000,126.9312810000,2019,,02-351-7944,서울특별시 은평구청,2026-02-26
불광1동,1,통일로66길 6-11,281-143,37.6099980000,126.9314310000,2019,,02-351-7944,서울특별시 은평구청,2026-02-26
불광1동,1,통일로66길 4-1,281-154,37.6102810000,126.9308150000,2019,,02-351-7944,서울특별시 은평구청,2026-02-26
불광1동,1,통일로66길 4-1,281-154,37.6102810000,126.9308150000,2019,,02-351-7944,서울특별시 은평구청,2026-02-26
불광1동,1,통일로66길 5,281-83,37.6104960000,126.9307100000,2019,,02-351-7944,서울특별시 은평구청,2026-02-26
불광1동,1,불광로 40-9,281-81,37.6107470000,126.9306040000,2019,,02-351-7944,서울특별시 은평구청,2026-02-26
불광1동,1,불광로 40-5,281-87,37.6108710000,126.9303760000,2019,,02-351-7944,서울특별시 은평구청,2026-02-26
불광1동,1,불광로 40,281-90,37.6109960000,126.9302160000,2019,,02-351-7944,서울특별시 은평구청,2026-02-26
불광1동,1,불광로 42-7,281-70,37.6108570000,126.9307610000,2019,,02-351-7944,서울특별시 은평구청,2026-02-26
불광1동,1,불광로 42-11,281-68,37.6106600000,126.9308660000,2018,,02-351-7944,서울특별시 은평구청,2026-02-26
불광1동,1,불광로 44-7,281-54,37.6108870000,126.9310670000,2019,,02-351-7944,서울특별시 은평구청,2026-02-26
불광1동,1,불광로 48-10,281-33,37.6109420000,126.9311680000,2019,,02-351-7944,서울특별시 은평구청,2026-02-26
불광1동,1,불광로 48-5,281-41,37.6112740300,126.9311253000,2021,,02-351-7944,서울특별시 은평구청,2026-02-26
불광1동,1,불광로 48-4,281-47,37.6113450000,126.9309020000,2019,,02-351-7944,서울특별시 은평구청,2026-02-26
불광1동,1,불광로6길 10-10,8-156,37.6133640000,126.9329910000,2011,,02-351-7944,서울특별시 은평구청,2026-02-26
불광1동,1,불광로6길 10-3,8-77,37.6135920000,126.9333390000,2011,,02-351-7944,서울특별시 은평구청,2026-02-26
불광1동,1,불광로 44-1,281-57,37.6101850000,126.9331830000,2019,,02-351-7944,서울특별시 은평구청,2026-02-26
불광1동,1,불광로6길 12,8-76,37.6137460000,126.9333700000,2008,,02-351-7944,서울특별시 은평구청,2026-02-26
불광1동,1,불광로6길 26-2,8-285,37.6137510000,126.9349670000,2005,,02-351-7944,서울특별시 은평구청,2026-02-26
불광1동,1,불광로6길 26,8-255,37.6137960000,126.9349670000,2019,,02-351-7944,서울특별시 은평구청,2026-02-26
불광1동,1,불광로6길 25-1,8-277,37.6140930000,126.9349630000,2019,,02-351-7944,서울특별시 은평구청,2026-02-26
불광1동,1,불광로6길 21,8-64,37.6140270000,126.9345560000,2005,,02-351-7944,서울특별시 은평구청,2026-02-26
불광1동,1,불광로6길 17-1,8-59,37.6140950000,126.9341580000,2011,,02-351-7944,서울특별시 은평구청,2026-02-26
불광1동,1,불광로6길 15,8-61,37.6139400000,126.9339910000,2006,,02-351-7944,서울특별시 은평구청,2026-02-26
불광1동,1,불광로6길 15,8-56,37.6141460000,126.9338060000,2000,,02-351-7944,서울특별시 은평구청,2026-02-26
불광1동,1,불광로6길 20,632-,37.6136820000,126.9342890000,2005,,02-351-7944,서울특별시 은평구청,2026-02-26
불광1동,1,불광로6길 14-4,8-136,37.6134330000,126.9336690000,2005,,02-351-7944,서울특별시 은평구청,2026-02-26
불광1동,1,불광로6길 11-2,8-51,37.6143050000,126.9334080000,2018,,02-351-7944,서울특별시 은평구청,2026-02-26
불광1동,1,불광로6길 13,8-54,37.6140000000,126.9335820000,2018,,02-351-7944,서울특별시 은평구청,2026-02-26
불광1동,1,불광로6길 8,241-4,37.6137510000,126.9329970000,2011,,02-351-7944,서울특별시 은평구청,2026-02-26
불광1동,1,불광로6길 6,241-22,37.6140590000,126.9331050000,2013,,02-351-7944,서울특별시 은평구청,2026-02-26
불광1동,1,불광로6길 6,241-22,37.6138580000,126.9328370000,2008,,02-351-7944,서울특별시 은평구청,2026-02-26
불광1동,1,불광로6길 6-10,241-19,37.6135144200,126.9327313000,,,02-351-7944,서울특별시 은평구청,2026-02-26
불광1동,1,불광로6길 4,241-24,37.6137820000,126.9324520000,2011,,02-351-7944,서울특별시 은평구청,2026-02-26
불광1동,1,불광로 82,241-74,37.6139160000,126.9322690000,2007,,02-351-7944,서울특별시 은평구청,2026-02-26
불광1동,1,불광로6길 5 옆,242-64,37.6140719400,126.9328955000,2020,,02-351-7944,서울특별시 은평구청,2026-02-26
불광1동,1,불광로6길 5-8,8-185,37.6144190000,126.9331120000,2008,,02-351-7944,서울특별시 은평구청,2026-02-26
불광1동,1,불광로 90,631-1,37.6149154400,126.9326908000,2020,,02-351-7944,서울특별시 은평구청,2026-02-26
불광1동,1,불광로 90,631-1,37.6149154400,126.9326908000,2020,,02-351-7944,서울특별시 은평구청,2026-02-26
불광1동,1,불광로 90,631-1,37.6149154400,126.9326908000,2020,,02-351-7944,서울특별시 은평구청,2026-02-26
불광1동,1,불광로 90,631-1,37.6149154400,126.9326908000,2020,,02-351-7944,서울특별시 은평구청,2026-02-26
불광1동,1,불광로 90,631-1,37.6149154400,126.9326908000,2020,,02-351-7944,서울특별시 은평구청,2026-02-26
불광1동,1,통일로 98,8-275,37.6154730000,126.9330510000,2018,,02-351-7944,서울특별시 은평구청,2026-02-26
불광1동,1,불광로 98-5,8-157,37.6154020000,126.9332110000,2018,,02-351-7944,서울특별시 은평구청,2026-02-26
불광1동,1,불광로 98-11,8-36,37.6155750000,126.9334460000,2005,,02-351-7944,서울특별시 은평구청,2026-02-26
불광1동,1,불광로 98-15,8-103,37.6153890000,126.9337210000,2009,,02-351-7944,서울특별시 은평구청,2026-02-26
불광1동,1,불광로 98-19,8-101,37.6157320000,126.9338520000,2015,,02-351-7944,서울특별시 은평구청,2026-02-26
불광1동,1,불광로8길 4-5,8-210,37.6159130000,126.9339290000,2015,,02-351-7944,서울특별시 은평구청,2026-02-26
불광1동,1,불광로8길 4-2,08월 11일,37.6157490000,126.9337040000,2011,,02-351-7944,서울특별시 은평구청,2026-02-26
불광1동,1,불광로8길 4,08월 12일,37.6156920000,126.9333650000,2005,,02-351-7944,서울특별시 은평구청,2026-02-26
불광1동,1,불광로8길 7,08월 10일,37.6161295600,126.9334888000,,,02-351-7944,서울특별시 은평구청,2026-02-26
불광1동,1,불광로 103,08월 03일,37.6158970000,126.9331810000,2018,,02-351-7944,서울특별시 은평구청,2026-02-26
불광1동,1,불광로 104,08월 05일,37.6160950000,126.9331560000,2018,,02-351-7944,서울특별시 은평구청,2026-02-26
불광1동,1,불광로 104-3,08월 09일,37.6163580000,126.9333440000,2018,,02-351-7944,서울특별시 은평구청,2026-02-26
불광1동,1,불광로10길 6,12월 18일,37.6165280000,126.9332170000,2008,,02-351-7944,서울특별시 은평구청,2026-02-26
불광1동,1,불광로 104-7,12월 13일,37.6168550000,126.9334050000,2005,,02-351-7944,서울특별시 은평구청,2026-02-26
불광1동,1,불광로 10-6,12월 18일,37.6165280000,126.9332170000,2018,,02-351-7944,서울특별시 은평구청,2026-02-26
불광1동,1,불광로10길 8,12월 15일,37.6166830000,126.9333400000,2005,,02-351-7944,서울특별시 은평구청,2026-02-26
불광1동,1,불광로10길 9,11월 09일,37.6169880000,126.9331880000,2018,,02-351-7944,서울특별시 은평구청,2026-02-26
불광1동,1,불광로10길 14,12월 09일,37.6173359200,126.9334353000,2020,,02-351-7944,서울특별시 은평구청,2026-02-26
불광1동,1,불광로8길 17-4,17-363,37.6171270000,126.9336510000,2006,,02-351-7944,서울특별시 은평구청,2026-02-26
불광1동,1,불광로 120,12월 02일,37.6174570000,126.9332830000,2005,,02-351-7944,서울특별시 은평구청,2026-02-26
불광1동,1,불광로10길 16,12월 05일,37.6174410000,126.9335330000,2018,,02-351-7944,서울특별시 은평구청,2026-02-26
불광1동,1,불광로8길 26,8-224,37.6161090000,126.9336310000,2009,,02-351-7944,서울특별시 은평구청,2026-02-26
불광1동,1,불광로8길 16-5,8-188,37.6169820000,126.9345480000,2011,,02-351-7944,서울특별시 은평구청,2026-02-26
불광1동,1,,221-56,37.6168280000,126.9344590000,2011,,02-351-7944,서울특별시 은평구청,2026-02-26
불광1동,1,불광로8길 12-9,8-203,37.6164750000,126.9342600000,2018,,02-351-7944,서울특별시 은평구청,2026-02-26
불광1동,1,불광로8길 12-8,8-204,37.6164039600,126.9341872000,,,02-351-7944,서울특별시 은평구청,2026-02-26
불광1동,1,불광로8길 8-6,8-209,37.6159500000,126.9340070000,2008,,02-351-7944,서울특별시 은평구청,2026-02-26
불광1동,1,불광로8길 8-5,8-205,37.6161580000,126.9341060000,2018,,02-351-7944,서울특별시 은평구청,2026-02-26
불광1동,1,통일로8길 7,08월 10일,37.6161430000,126.9334490000,2018,,02-351-7944,서울특별시 은평구청,2026-02-26
불광1동,1,불광로8길 11-1,8-217,37.6165680000,126.9336470000,2018,,02-351-7944,서울특별시 은평구청,2026-02-26
불광1동,1,불광로8길 12-9,8-203,37.6164750000,126.9342600000,2005,,02-351-7944,서울특별시 은평구청,2026-02-26
불광1동,1,불광로8길 12-1,8-259,37.6165440000,126.9339760000,2018,,02-351-7944,서울특별시 은평구청,2026-02-26
불광1동,1,불광로8길 17-2,8-295,37.6170300000,126.9338790000,2006,,02-351-7944,서울특별시 은평구청,2026-02-26
불광1동,1,불광로8길 18,8-295,37.6170300000,126.9338790000,2018,,02-351-7944,서울특별시 은평구청,2026-02-26
불광1동,1,불광로8길 16-4,8-194,37.6167360000,126.9342680000,2018,,02-351-7944,서울특별시 은평구청,2026-02-26
불광1동,1,불광로 19,8-294,37.6171300000,126.9339340000,2018,,02-351-7944,서울특별시 은평구청,2026-02-26
불광1동,1,불광로8길 20,8-85,37.6171032700,126.9341080000,2021,,02-351-7944,서울특별시 은평구청,2026-02-26
불광1동,1,불광로8길 22,8-186,37.6170610000,126.9342860000,2018,,02-351-7944,서울특별시 은평구청,2026-02-26
불광1동,1,불광로14길 3,03월 13일,37.6193100000,126.9328830000,2018,,02-351-7944,서울특별시 은평구청,2026-02-26
불광1동,1,불광로 140,13-95,37.6193630000,126.9327580000,2008,,02-351-7944,서울특별시 은평구청,2026-02-26
불광1동,1,통일로11길 3,05월 13일,37.6192180000,126.9327260000,2018,,02-351-7944,서울특별시 은평구청,2026-02-26
불광1동,1,불광로 140-4,01월 13일,37.6195820000,126.9330610000,2018,,02-351-7944,서울특별시 은평구청,2026-02-26
불광1동,1,불광로14길 9,06월 13일,37.6185720000,126.9330640000,2018,,02-351-7944,서울특별시 은평구청,2026-02-26
불광1동,1,불광로14길 22-17,02월 16일,37.6207110000,126.9343580000,2018,,02-351-7944,서울특별시 은평구청,2026-02-26
불광1동,1,불광로14길 22-5,16-152,37.6206960000,126.9337700000,2017,,02-351-7944,서울특별시 은평구청,2026-02-26
불광1동,1,불광로14길 14-2,16-32,37.6198740000,126.9335320000,,,02-351-7944,서울특별시 은평구청,2026-02-26
불광1동,1,불광로4길 12-1,16-34,37.6197660000,126.9335110000,2011,,02-351-7944,서울특별시 은평구청,2026-02-26
불광1동,1,불광로14길 13,01월 19일,37.6199060000,126.9330790000,2006,,02-351-7944,서울특별시 은평구청,2026-02-26
불광1동,1,불광로 140-1,19-16,37.6196510000,126.9328220000,2018,,02-351-7944,서울특별시 은평구청,2026-02-26
불광1동,1,불광로 140-5,19-14,37.6197960000,126.9328990000,2006,,02-351-7944,서울특별시 은평구청,2026-02-26
불광1동,1,불광로14길 17,19-26,37.6203200000,126.9329820000,2018,,02-351-7944,서울특별시 은평구청,2026-02-26
불광1동,1,불광로14길 17-1,19-18,37.6203560000,126.9329700000,2017,,02-351-7944,서울특별시 은평구청,2026-02-26
불광1동,1,불광로14길 17-1,19-18,37.6205520000,126.9327520000,2016,,02-351-7944,서울특별시 은평구청,2026-02-26
불광1동,1,불광로14길 21-2,16-91,37.6208170000,126.9331340000,2018,,02-351-7944,서울특별시 은평구청,2026-02-26
불광1동,1,불광로14길 21-3,16-78,37.6207700000,126.9329640000,2018,,02-351-7944,서울특별시 은평구청,2026-02-26
불광1동,1,불광로14길 21-9,16-93,37.6212020000,126.9329010000,2018,,02-351-7944,서울특별시 은평구청,2026-02-26
불광1동,1,불광로 156-31,16-79,37.6207780000,126.9328170000,2018,,02-351-7944,서울특별시 은평구청,2026-02-26
불광1동,1,불광로 156-27,16-81,37.6210390000,126.9327790000,2018,,02-351-7944,서울특별시 은평구청,2026-02-26
불광1동,1,불광로 156-8,16-123,37.6205410000,126.9325030000,2018,,02-351-7944,서울특별시 은평구청,2026-02-26
불광1동,1,불광로 162-8,16-70,37.6210241100,126.9322476000,2019,,02-351-7944,서울특별시 은평구청,2026-02-26
불광1동,1,불광로 162-8,16-70,37.6210340000,126.9322240000,2018,,02-351-7944,서울특별시 은평구청,2026-02-26
불광1동,1,불광로 162,16-67,37.6210850000,126.9318950000,2018,,02-351-7944,서울특별시 은평구청,2026-02-26
불광1동,1,불광로14길 22-2,16-144,37.6205490000,126.9334320000,2011,,02-351-7944,서울특별시 은평구청,2026-02-26
불광1동,1,불광로14길 24,16-111,37.6208470000,126.9335180000,2018,,02-351-7944,서울특별시 은평구청,2026-02-26
불광1동,1,불광로14길 27-1,16-114,37.6211150000,126.9332650000,2008,,02-351-7944,서울특별시 은평구청,2026-02-26
불광1동,1,불광로14길 26-4,16-150,37.6208760000,126.9337560000,2018,,02-351-7944,서울특별시 은평구청,2026-02-26
불광1동,1,불광로14길 26-9,16-103,37.6211300000,126.9338650000,2011,,02-351-7944,서울특별시 은평구청,2026-02-26
불광1동,1,불광로14길 26-8,16-155,37.6208500000,126.9338810000,2018,,02-351-7944,서울특별시 은평구청,2026-02-26
불광1동,1,불광로14길 26-14,16-110,37.6208900000,126.9342770000,2018,,02-351-7944,서울특별시 은평구청,2026-02-26
불광1동,1,불광로14길 26-16,16-196,37.6210700000,126.9342510000,2018,,02-351-7944,서울특별시 은평구청,2026-02-26
불광1동,1,불광로14길 32-9,16-277,37.6214650000,126.9341100000,2018,,02-351-7944,서울특별시 은평구청,2026-02-26
불광1동,1,불광로14길 32-7,16-276,37.6215000000,126.9339620000,2018,,02-351-7944,서울특별시 은평구청,2026-02-26
불광1동,1,불광로14길 32-3,16-274,37.6215780000,126.9336660000,2018,,02-351-7944,서울특별시 은평구청,2026-02-26
불광1동,1,불광로14길 32-2,16-269,37.6214240000,126.9335780000,2018,,02-351-7944,서울특별시 은평구청,2026-02-26
불광1동,1,불광로14길 31,16-239,37.6214300000,126.9331700000,2011,,02-351-7944,서울특별시 은평구청,2026-02-26
불광1동,1,불광로14길 32,16-267,37.6216220700,126.9335276000,,,02-351-7944,서울특별시 은평구청,2026-02-26
불광1동,1,불광로16길 12,16-239,37.6214300000,126.9331700000,2018,,02-351-7944,서울특별시 은평구청,2026-02-26
불광1동,1,불광로16길 12,16-246,37.6214180000,126.9329100000,2018,,02-351-7944,서울특별시 은평구청,2026-02-26
불광1동,1,불광로16길 8-1,16-243,37.6213890000,126.9326950000,2018,,02-351-7944,서울특별시 은평구청,2026-02-26
불광1동,1,불광로16길 6,16-253,37.6213330000,126.9324010000,2018,,02-351-7944,서울특별시 은평구청,2026-02-26
불광1동,1,불광로16길 4,16-237,37.6212490000,126.9320740000,2018,,02-351-7944,서울특별시 은평구청,2026-02-26
불광1동,1,불광로16길 4,16-237,37.6212490000,126.9320740000,2006,,02-351-7944,서울특별시 은평구청,2026-02-26
불광1동,1,불광로16길 4,16-327,37.6213059200,126.9319445000,,,02-351-7944,서울특별시 은평구청,2026-02-26
불광1동,1,불광로 145-21,218-15,37.6196180000,126.9311120000,2005,,02-351-7944,서울특별시 은평구청,2026-02-26
불광1동,1,불광로 145-24,218-5,37.6199790000,126.9311630000,2005,,02-351-7944,서울특별시 은평구청,2026-02-26
불광1동,1,불광로 145-19,218-19,37.6195490000,126.9314070000,2016,,02-351-7944,서울특별시 은평구청,2026-02-26
불광1동,1,불광로 145-12,218-28,37.6200090000,126.9314800000,2018,,02-351-7944,서울특별시 은평구청,2026-02-26
불광1동,1,불광로 145-9,218-41,37.6195590000,126.9315660000,2008,,02-351-7944,서울특별시 은평구청,2026-02-26
불광1동,1,불광로 145-4,217-4,37.6196790000,126.9318810000,2011,,02-351-7944,서울특별시 은평구청,2026-02-26
불광1동,1,불광로 145,219-12,37.6195000000,126.9319740000,2010,,02-351-7944,서울특별시 은평구청,2026-02-26
불광1동,1,불광로 143-4,219-11,37.6193638800,126.9318715000,,,02-351-7944,서울특별시 은평구청,2026-02-26
불광1동,1,불광로 143-6,219-10,37.6192450000,126.9317400000,2018,,02-351-7944,서울특별시 은평구청,2026-02-26
불광1동,1,불광로13가길 20,219-8,37.6189920000,126.9315960000,2011,,02-351-7944,서울특별시 은평구청,2026-02-26
불광1동,1,불광로13길 19,228-44,37.6189620000,126.9312570000,2018,,02-351-7944,서울특별시 은평구청,2026-02-26
불광1동,1,불광로13길 22-7,228-50,37.6194010000,126.9310690000,2007,,02-351-7944,서울특별시 은평구청,2026-02-26
불광1동,1,불광로13길 22-8,228-12,37.6193950000,126.9313750000,2018,,02-351-7944,서울특별시 은평구청,2026-02-26
불광1동,1,불광로13길 24-1,228-64,37.6191590000,126.9311980000,2011,,02-351-7944,서울특별시 은평구청,2026-02-26
불광1동,1,불광로13가길 23-1,228-53,37.6186990000,126.9311020000,2008,,02-351-7944,서울특별시 은평구청,2026-02-26
불광1동,1,불광로13길 25,228-56,37.6188780000,126.9309520000,2007,,02-351-7944,서울특별시 은평구청,2026-02-26
불광1동,1,불광로13길 14,221-72,37.6184910000,126.9320000000,2018,,02-351-7944,서울특별시 은평구청,2026-02-26
불광1동,1,불광로13가길 14,221-72,37.6185836400,126.9320162000,,,02-351-7944,서울특별시 은평구청,2026-02-26
불광1동,1,불광로13가길 9,227-3,37.6183284500,126.9318171000,,,02-351-7944,서울특별시 은평구청,2026-02-26
불광1동,1,불광로13길 8-1,221-32,37.6180770000,126.9320630000,2018,,02-351-7944,서울특별시 은평구청,2026-02-26
불광1동,1,불광로 137-11,221-9,37.6184850000,126.9323970000,2017,,02-351-7944,서울특별시 은평구청,2026-02-26
불광1동,1,불광로 137-10,221-71,37.6185550000,126.9321350000,2018,,02-351-7944,서울특별시 은평구청,2026-02-26
불광1동,1,불광로 139,221-12,37.6190340000,126.9323320000,2007,,02-351-7944,서울특별시 은평구청,2026-02-26
불광1동,1,불광로13길 16-13,221-33,37.6182220000,126.9322190000,2010,,02-351-7944,서울특별시 은평구청,2026-02-26
불광1동,1,불광로13가길 22-5,228-9,37.6189270000,126.9314390000,2018,,02-351-7944,서울특별시 은평구청,2026-02-26
불광1동,1,불광로13길 3,13-34,37.6181640000,126.9327750000,2011,,02-351-7944,서울특별시 은평구청,2026-02-26
불광1동,1,불광로 129,13-33,37.6183810000,126.9328400000,2017,,02-351-7944,서울특별시 은평구청,2026-02-26
불광1동,1,불광로13길 16-12,221-37,37.6180610000,126.9323010000,2011,,02-351-7944,서울특별시 은평구청,2026-02-26
불광1동,1,불광로13가길 6,221-27,37.6178101300,126.9319719000,2019,,02-351-7944,서울특별시 은평구청,2026-02-26
불광1동,1,불광로13길 16-3,221-25,37.6175900000,126.9319900000,2007,,02-351-7944,서울특별시 은평구청,2026-02-26
불광1동,1,,산58-2,37.6187560000,126.9305010000,2006,,02-351-7944,서울특별시 은평구청,2026-02-26
불광1동,1,불광로13가길 7-3,634,37.6168430000,126.9311290000,2011,,02-351-7944,서울특별시 은평구청,2026-02-26
불광1동,1,불광로13가길 7,230-3,37.6179890000,126.9313500000,2018,,02-351-7944,서울특별시 은평구청,2026-02-26
불광1동,1,불광로13길 7,230-2,37.6180560000,126.9317120000,2018,,02-351-7944,서울특별시 은평구청,2026-02-26
불광1동,1,불광로13길 6-1,221-29,37.6178860000,126.9319410000,2018,,02-351-7944,서울특별시 은평구청,2026-02-26
불광1동,1,불광로13길 4,221-26,37.6176150000,126.9318430000,2018,,02-351-7944,서울특별시 은평구청,2026-02-26
불광1동,1,불광로13길 17,221-59,37.6172820000,126.9318130000,2018,,02-351-7944,서울특별시 은평구청,2026-02-26
불광1동,1,불광로13길 13,221-54,37.6173150000,126.9324810000,2018,,02-351-7944,서울특별시 은평구청,2026-02-26
불광1동,1,불광로13길 14,221-46,37.6174200000,126.9321740000,2018,,02-351-7944,서울특별시 은평구청,2026-02-26
불광1동,1,불광로13길 6-2,221-36,37.6180350000,126.9324260000,2018,,02-351-7944,서울특별시 은평구청,2026-02-26
불광1동,1,불광로9가길 11,230-23,37.6172570000,126.9311230000,2007,,02-351-7944,서울특별시 은평구청,2026-02-26
불광1동,1,불광로9가길 24,230-13,37.6174380000,126.9312220000,2018,,02-351-7944,서울특별시 은평구청,2026-02-26
불광1동,1,불광로9가길 9,230-26,37.6170130000,126.9310470000,2018,,02-351-7944,서울특별시 은평구청,2026-02-26
불광1동,1,불광로9가길 6,227-26,37.6166530000,126.9309960000,2017,,02-351-7944,서울특별시 은평구청,2026-02-26
불광1동,1,불광로9가길 4,236-5,37.6163770000,126.9314410000,2018,,02-351-7944,서울특별시 은평구청,2026-02-26
불광1동,1,불광로9가길 1,246-1,37.6163910000,126.9310110000,2011,,02-351-7944,서울특별시 은평구청,2026-02-26
불광1동,1,불광로9가길 1,246-1,37.6163910000,126.9310110000,2017,,02-351-7944,서울특별시 은평구청,2026-02-26
불광1동,1,불광로9길 13-1,238-143,37.6159900000,126.9314690000,2004,,02-351-7944,서울특별시 은평구청,2026-02-26
불광1동,1,불광로 11,238-94,37.6161360000,126.9316710000,2018,,02-351-7944,서울특별시 은평구청,2026-02-26
불광1동,1,불광로 11-3,238-98,37.6158850000,126.9317990000,2018,,02-351-7944,서울특별시 은평구청,2026-02-26
불광1동,1,불광로 9,238-100,37.6160210000,126.9319110000,2018,,02-351-7944,서울특별시 은평구청,2026-02-26
불광1동,1,불광로11길 4,238-28,37.6164220000,126.9323690000,2010,,02-351-7944,서울특별시 은평구청,2026-02-26
불광1동,1,불광로11길 4,238-28,37.6164220000,126.9323690000,2007,,02-351-7944,서울특별시 은평구청,2026-02-26
불광1동,1,불광로11길  7-5,238-7,37.6164170000,126.9318820000,2016,,02-351-7944,서울특별시 은평구청,2026-02-26
불광1동,1,불광로11길 7-5,238-7,37.6164170000,126.9318820000,2007,,02-351-7944,서울특별시 은평구청,2026-02-26
불광1동,1,불광로11길 7-7,238-155,37.6165690000,126.9316760000,2011,,02-351-7944,서울특별시 은평구청,2026-02-26
불광1동,1,불광로11길 9-10,238-183,37.6167400000,126.9316740000,2006,,02-351-7944,서울특별시 은평구청,2026-02-26
불광1동,1,불광로11길 9-14,238-21,37.6168660000,126.9317060000,2018,,02-351-7944,서울특별시 은평구청,2026-02-26
불광1동,1,불광로11길 9-3,238-23,37.6165710000,126.9319030000,2005,,02-351-7944,서울특별시 은평구청,2026-02-26
불광1동,1,불광로11길 9-4,238-184,37.6167500000,126.9317980000,2018,,02-351-7944,서울특별시 은평구청,2026-02-26
불광1동,1,불광로11길 9,238-25,37.6166260000,126.9320720000,2018,,02-351-7944,서울특별시 은평구청,2026-02-26
불광1동,1,불광로11길 9-2,238-9,37.6168770000,126.9319210000,2018,,02-351-7944,서울특별시 은평구청,2026-02-26
불광1동,1,불광로11길 14,238-14,37.6171760000,126.9320420000,2004,,02-351-7944,서울특별시 은평구청,2026-02-26
불광1동,1,불광로9길 3,239-36,37.6159090000,126.9325010000,2018,,02-351-7944,서울특별시 은평구청,2026-02-26
불광1동,1,불광로9길 3,239-36,37.6159090000,126.9325010000,2018,,02-351-7944,서울특별시 은평구청,2026-02-26
불광1동,1,불광로9길 1,239-51,37.6159811600,126.9326169000,2018,,02-351-7944,서울특별시 은평구청,2026-02-26
불광1동,1,불광로9길 1,239-51,37.6158830000,126.9326260000,2018,,02-351-7944,서울특별시 은평구청,2026-02-26
불광1동,1,불광로 119-1,222-2,37.6173090000,126.9328890000,2011,,02-351-7944,서울특별시 은평구청,2026-02-26
불광1동,1,불광로 115,222-11,37.6170830000,126.9327680000,2005,,02-351-7944,서울특별시 은평구청,2026-02-26
불광1동,1,불광로5길 12-23,238-115,37.6155650000,126.9322460000,2008,,02-351-7944,서울특별시 은평구청,2026-02-26
불광1동,1,불광로9길 3-10,238-148,37.6157070000,126.9320060000,2010,,02-351-7944,서울특별시 은평구청,2026-02-26
불광1동,1,불광로5길 12-7,238-123,37.6156860000,126.9316890000,2017,,02-351-7944,서울특별시 은평구청,2026-02-26
불광1동,1,불광로5길 12-3,236-10,37.6157200000,126.9314620000,2018,,02-351-7944,서울특별시 은평구청,2026-02-26
불광1동,1,불광로5길 12-6,238-127,37.6155590000,126.9315780000,2005,,02-351-7944,서울특별시 은평구청,2026-02-26
불광1동,1,불광로5길 12-14,238-131,37.6154980000,126.9318620000,2005,,02-351-7944,서울특별시 은평구청,2026-02-26
불광1동,1,불광로5길 12-23,238-115,,,,,02-351-7944,서울특별시 은평구청,2026-02-26
불광1동,1,불광로5길 93-14,238-134,37.6154640000,126.9320660000,2007,,02-351-7944,서울특별시 은평구청,2026-02-26
불광1동,1,불광로 93-7,240-9,37.6152040000,126.9322740000,2008,,02-351-7944,서울특별시 은평구청,2026-02-26
불광1동,1,불광로 93-6,239-44,37.6154040000,126.9324750000,2011,,02-351-7944,서울특별시 은평구청,2026-02-26
불광1동,1,불광로9길 1-8,239-47,37.6155670000,126.9325180000,2018,,02-351-7944,서울특별시 은평구청,2026-02-26
불광1동,1,불광로 89-5,242-43,37.6149150000,126.9321870000,2006,,02-351-7944,서울특별시 은평구청,2026-02-26
불광1동,1,통일로5가길 6-13,238-167,37.6151280000,126.9318330000,2007,,02-351-7944,서울특별시 은평구청,2026-02-26
불광1동,1,불광로5길 6-8,238-5,37.6147870000,126.9318940000,2011,,02-351-7944,서울특별시 은평구청,2026-02-26
불광1동,1,불광로5길 6-6,238-61,37.6146870000,126.9317940000,2011,,02-351-7944,서울특별시 은평구청,2026-02-26
불광1동,1,불광로5길 6-8,238-168,37.6151090000,126.9316860000,2006,,02-351-7944,서울특별시 은평구청,2026-02-26
불광1동,1,불광로5길 6-4,238-164,37.6149730000,126.9316090000,2007,,02-351-7944,서울특별시 은평구청,2026-02-26
불광1동,1,불광로5길 7,236-7,37.6151690000,126.9313570000,2018,,02-351-7944,서울특별시 은평구청,2026-02-26
불광1동,1,불광로5가길 8-2,236-6,37.6154400000,126.9314430000,2018,,02-351-7944,서울특별시 은평구청,2026-02-26
불광1동,1,불광로5가길 10-1,237-10,37.6154570000,126.9312850000,2018,,02-351-7944,서울특별시 은평구청,2026-02-26
불광1동,1,불광로5가길 15-1,246-9,37.6161550000,126.9307650000,2011,,02-351-7944,서울특별시 은평구청,2026-02-26
불광1동,1,불광로5가길 14-1,236-23,37.6159610000,126.9312890000,2018,,02-351-7944,서울특별시 은평구청,2026-02-26
불광1동,1,불광로5가길 9-8,245-62,37.6156827100,126.9308370000,,,02-351-7944,서울특별시 은평구청,2026-02-26
불광1동,1,불광로5가길 13-2,246-12,37.6159580000,126.9309040000,2011,,02-351-7944,서울특별시 은평구청,2026-02-26
불광1동,1,불광로5가길 14,236-21,37.6156450000,126.9312030000,2018,,02-351-7944,서울특별시 은평구청,2026-02-26
불광1동,1,불광로5가길 9-5,245-5,37.6155610000,126.9308410000,2007,,02-351-7944,서울특별시 은평구청,2026-02-26
불광1동,1,불광로5가길 9-9,247-1,37.6157030000,126.9306580000,2018,,02-351-7944,서울특별시 은평구청,2026-02-26
불광1동,1,불광로5가길 9-9,243-1,37.6143810000,126.9319120000,2011,,02-351-7944,서울특별시 은평구청,2026-02-26
불광1동,1,통일로5가길 13-6,246-3,37.6160730000,126.9306530000,2009,,02-351-7944,서울특별시 은평구청,2026-02-26
불광1동,1,불광로5가길 9-13,산54-5,37.6163980000,126.9297870000,2009,,02-351-7944,서울특별시 은평구청,2026-02-26
불광1동,1,불광로5가길 9-15,245-70,37.6156720000,126.9302280000,2006,,02-351-7944,서울특별시 은평구청,2026-02-26
불광1동,1,불광로5가길 1-4,245-21,37.6149161400,126.9309230000,2020,,02-351-7944,서울특별시 은평구청,2026-02-26
불광1동,1,불광로5길 5-6,245-46,37.6153270000,126.9309010000,2018,,02-351-7944,서울특별시 은평구청,2026-02-26
불광1동,1,불광로5가길 5-10,245-35,37.6154240000,126.9306620000,2018,,02-351-7944,서울특별시 은평구청,2026-02-26
불광1동,1,불광로5가길 5-11,245-86,37.6153050000,126.9304940000,2018,,02-351-7944,서울특별시 은평구청,2026-02-26
불광1동,1,통일로68가길 38,245-87,37.6153130000,126.9303010000,2017,,02-351-7944,서울특별시 은평구청,2026-02-26
불광1동,1,통일로68가길 37-1,245-116,37.6154910000,126.9300380000,2007,,02-351-7944,서울특별시 은평구청,2026-02-26
불광1동,1,통일로68가길 35-1,245-79,37.6152840000,126.9300860000,2008,,02-351-7944,서울특별시 은평구청,2026-02-26
불광1동,1,불광로5가길 3-17,245-66,37.6151780000,126.9303480000,2011,,02-351-7944,서울특별시 은평구청,2026-02-26
불광1동,1,불광로5가길 3-8,245-53,37.6151540000,126.9307110000,2008,,02-351-7944,서울특별시 은평구청,2026-02-26
불광1동,1,불광로5가길 3-7,245-28,37.6150560000,126.9308030000,2008,,02-351-7944,서울특별시 은평구청,2026-02-26
불광1동,1,불광로6가길,238-73,37.6149620000,126.9313370000,2018,,02-351-7944,서울특별시 은평구청,2026-02-26
불광1동,1,불광로5길 12,238-76,37.6146810000,126.9311820000,2019,,02-351-7944,서울특별시 은평구청,2026-02-26
불광1동,1,불광로5길 12,238-76,37.6146810000,126.9311820000,2019,,02-351-7944,서울특별시 은평구청,2026-02-26
불광1동,1,불광로5길 10-2,238-71,37.6146290000,126.9313760000,2004,,02-351-7944,서울특별시 은평구청,2026-02-26
불광1동,1,불광로5길 6,238-63,37.6144330000,126.9316160000,2019,,02-351-7944,서울특별시 은평구청,2026-02-26
불광1동,1,불광로5길 4-1,243-17,37.6143800000,126.9317640000,2019,,02-351-7944,서울특별시 은평구청,2026-02-26
불광1동,1,불광로5길 3-1,243-19,37.6141980000,126.9315970000,2016,,02-351-7944,서울특별시 은평구청,2026-02-26
불광1동,1,,243-16,37.6143190000,126.9319690000,2004,,02-351-7944,서울특별시 은평구청,2026-02-26
불광1동,1,?불광로5길 4-3,243-16,,,,,02-351-7944,서울특별시 은평구청,2026-02-26
불광1동,1,통일로68길 38,244-9,37.6143900000,126.9309150000,2016,,02-351-7944,서울특별시 은평구청,2026-02-26
불광1동,1,통일로68길 36-1,238-78,37.6144820000,126.9311060000,2019,,02-351-7944,서울특별시 은평구청,2026-02-26
불광1동,1,통일로68길 36-1,244-,37.6142840000,126.9311650000,2018,,02-351-7944,서울특별시 은평구청,2026-02-26
불광1동,1,불광로5가길 3-7,245-28,37.6146260000,126.9320440000,2008,,02-351-7944,서울특별시 은평구청,2026-02-26
불광1동,1,통일로68가길 25-8,244-100,37.6138990000,126.9304230000,2018,,02-351-7944,서울특별시 은평구청,2026-02-26
불광1동,1,통일로68가길 25-19,244-72,37.6144030000,126.9303820000,2011,,02-351-7944,서울특별시 은평구청,2026-02-26
불광1동,1,통일로68가길 25-3,244-51,37.6135720000,126.9301220000,2018,,02-351-7944,서울특별시 은평구청,2026-02-26
불광1동,1,통일로68가길 18-1,244-87,37.6139390000,126.9298680000,2018,,02-351-7944,서울특별시 은평구청,2026-02-26
불광1동,1,통일로68가길 18-6,244-82,37.6142120000,126.9301700000,2018,,02-351-7944,서울특별시 은평구청,2026-02-26
불광1동,1,통일로68가길 18-8,244-35,37.6142760000,126.9301910000,2017,,02-351-7944,서울특별시 은평구청,2026-02-26
불광1동,1,통일로68가길 18-13,244-110,37.6146630000,126.9301860000,2007,,02-351-7944,서울특별시 은평구청,2026-02-26
불광1동,1,통일로68가길 20,244-88,37.6138200000,126.9296540000,2007,,02-351-7944,서울특별시 은평구청,2026-02-26
불광1동,1,통일로68가길 16,270-11,37.6136680000,126.9297470000,2018,,02-351-7944,서울특별시 은평구청,2026-02-26
불광1동,1,통일로68가길 20,244-88,37.6138200000,126.9296540000,2018,,02-351-7944,서울특별시 은평구청,2026-02-26
불광1동,1,통일로68가길 21,244-118,37.6140729600,126.9296150000,2021,,02-351-7944,서울특별시 은평구청,2026-02-26
불광1동,1,통일로68가길 24,244-90,37.6141730000,126.9298190000,2016,,02-351-7944,서울특별시 은평구청,2026-02-26
불광1동,1,불광로68가길 25,244-127,37.6143610000,126.9297030000,2018,,02-351-7944,서울특별시 은평구청,2026-02-26
불광1동,1,불광로68가길 28,244-117,37.6145440000,126.9299720000,2018,,02-351-7944,서울특별시 은평구청,2026-02-26
불광1동,1,불광로68가길 31,245-98,37.6150120000,126.9299540000,2018,,02-351-7944,서울특별시 은평구청,2026-02-26
불광1동,1,통일로68가길 32-1,245-100,37.6149510000,126.9301360000,2018,,02-351-7944,서울특별시 은평구청,2026-02-26
불광1동,1,통일로68가길 33-1,245-85,37.6152270000,126.9298150000,2004,,02-351-7944,서울특별시 은평구청,2026-02-26
불광1동,1,불광로68가길 29-4,245-76,37.6151000000,126.9297150000,2019,,02-351-7944,서울특별시 은평구청,2026-02-26
불광1동,1,통일로68가길 29-5,245-111,37.6149315100,126.9297347000,,,02-351-7944,서울특별시 은평구청,2026-02-26
불광1동,1,통일로68가길 30-3,245-63,37.6148360000,126.9303420000,2011,,02-351-7944,서울특별시 은평구청,2026-02-26
불광1동,1,통일로68가길 37-5,244-75,37.6147020000,126.9305020000,2007,,02-351-7944,서울특별시 은평구청,2026-02-26
불광1동,1,통일로6길 32-7,245-55,37.6148730000,126.9305000000,2011,,02-351-7944,서울특별시 은평구청,2026-02-26
불광1동,1,통일로68길 37-4,245-17,37.6147040000,126.9307860000,2007,,02-351-7944,서울특별시 은평구청,2026-02-26
불광1동,1,불광로3길 19-1,272-40,37.6138620000,126.9312730000,2019,,02-351-7944,서울특별시 은평구청,2026-02-26
불광1동,1,불광로3길 19-2,272-38,37.6140050000,126.9311690000,2006,,02-351-7944,서울특별시 은평구청,2026-02-26
불광1동,1,불광로3길 19-7,272-42,37.6138950000,126.9309330000,2009,,02-351-7944,서울특별시 은평구청,2026-02-26
불광1동,1,불광로3길 10-1,242-30,37.6131780000,126.9314080000,2019,,02-351-7944,서울특별시 은평구청,2026-02-26
불광1동,1,불광로3길 8,279-1,37.6129730000,126.9315920000,2019,,02-351-7944,서울특별시 은평구청,2026-02-26
불광1동,1,불광로3길 4,279-4,37.6127120000,126.9317090000,2019,,02-351-7944,서울특별시 은평구청,2026-02-26
불광1동,1,불광로 59,276-32,37.6123250000,126.9316920000,2019,,02-351-7944,서울특별시 은평구청,2026-02-26
불광1동,1,불광로 71-2,242-22,37.6134330000,126.9316530000,2004,,02-351-7944,서울특별시 은평구청,2026-02-26
불광1동,1,불광로 67-2,242-27,37.6132464600,126.9316957000,2021,,02-351-7944,서울특별시 은평구청,2026-02-26
불광1동,1,불광로3길 16,242-20,37.6135040000,126.9315390000,2019,,02-351-7944,서울특별시 은평구청,2026-02-26
불광1동,1,불광로3길 16-1,242-12,37.6137278000,126.9315223000,2020,,02-351-7944,서울특별시 은평구청,2026-02-26
불광1동,1,불광로 75-2,242-11,37.6137570000,126.9315810000,2011,,02-351-7944,서울특별시 은평구청,2026-02-26
불광1동,1,불광로 75-2,242-10,37.6136770000,126.9317290000,2011,,02-351-7944,서울특별시 은평구청,2026-02-26
불광1동,1,불광로3길 16-1,242-12,37.6136300000,126.9315710000,2018,,02-351-7944,서울특별시 은평구청,2026-02-26
불광1동,1,불광로 73-1,242-14,37.6135737800,126.9318271000,,,02-351-7944,서울특별시 은평구청,2026-02-26
불광1동,1,불광로3길 15-1,272-48,37.6137350000,126.9311620000,2016,,02-351-7944,서울특별시 은평구청,2026-02-26
불광1동,1,불광로3길 15-5,272-45,37.6137950000,126.9309010000,2008,,02-351-7944,서울특별시 은평구청,2026-02-26
불광1동,1,통일로68길 35,244-10,37.6142710000,126.9306560000,2016,,02-351-7944,서울특별시 은평구청,2026-02-26
불광1동,1,통일로68가길 34,244-142,37.6142640000,126.9308600000,2016,,02-351-7944,서울특별시 은평구청,2026-02-26
불광1동,1,통일로68가길 29-1,244-2,37.6139010000,126.9306050000,2016,,02-351-7944,서울특별시 은평구청,2026-02-26
불광1동,1,통일로68길 25,244-19,37.6134660000,126.9303840000,2019,,02-351-7944,서울특별시 은평구청,2026-02-26
불광1동,1,통일로68길 25,244-19,37.6135123500,126.9304473000,,,02-351-7944,서울특별시 은평구청,2026-02-26
불광1동,1,통일로68길 23,244-20,37.6133570000,126.9302950000,2016,,02-351-7944,서울특별시 은평구청,2026-02-26
불광1동,1,통일로68길 11-13,270-1,37.6134190000,126.9301470000,2006,,02-351-7944,서울특별시 은평구청,2026-02-26
불광1동,1,통일로68길 11-11,259-32,37.6131280000,126.9298680000,2011,,02-351-7944,서울특별시 은평구청,2026-02-26
불광1동,1,통일로68길 19,271-2,37.6129880000,126.9302890000,2017,,02-351-7944,서울특별시 은평구청,2026-02-26
불광1동,1,통일로68길 15,270,37.6131090000,126.9297660000,2008,,02-351-7944,서울특별시 은평구청,2026-02-26
불광1동,1,통일로68길 16,268-2,37.6125820000,126.9301820000,2011,,02-351-7944,서울특별시 은평구청,2026-02-26
불광1동,1,통일로68길 13,269,37.6126700000,126.9300110000,2016,,02-351-7944,서울특별시 은평구청,2026-02-26
불광1동,1,통일로68가길 12,268-8,37.6125070000,126.9299220000,2016,,02-351-7944,서울특별시 은평구청,2026-02-26
불광1동,1,통일로68가길 12,268-8,37.6125070000,126.9299220000,2016,,02-351-7944,서울특별시 은평구청,2026-02-26
불광1동,1,통일로68길 11-3,259-60,37.6128730000,126.9295210000,2008,,02-351-7944,서울특별시 은평구청,2026-02-26
불광1동,1,통일로68길 11-5,259-15,37.6128210000,126.9297370000,2009,,02-351-7944,서울특별시 은평구청,2026-02-26
불광1동,1,통일로68가길 12-4,268-9,37.6123450000,126.9299470000,2019,,02-351-7944,서울특별시 은평구청,2026-02-26
불광1동,1,통일로68길 12-9,272-13,37.6122935100,126.9303303000,,,02-351-7944,서울특별시 은평구청,2026-02-26
불광1동,1,통일로68가길 12-8,272-21,37.6122300000,126.9301750000,2019,,02-351-7944,서울특별시 은평구청,2026-02-26
불광1동,1,통일로68가길 12-8,272-21,37.6122300000,126.9301750000,2019,,02-351-7944,서울특별시 은평구청,2026-02-26
불광1동,1,통일로68가길 12-17,272-18,37.6118080000,126.9303850000,2019,,02-351-7944,서울특별시 은평구청,2026-02-26
불광1동,1,통일로68가길 12-18,272-8,37.6119050000,126.9301350000,2019,,02-351-7944,서울특별시 은평구청,2026-02-26
불광1동,1,,275-4,37.6119050000,126.9301350000,,,02-351-7944,서울특별시 은평구청,2026-02-26
불광1동,1,불광로 41,275-2,37.6116690000,126.9299460000,2006,,02-351-7944,서울특별시 은평구청,2026-02-26
불광1동,1,불광로 41,275-2,37.6114360000,126.9300740000,2018,,02-351-7944,서울특별시 은평구청,2026-02-26
불광1동,1,불광로 37-1,274-9,37.6114133200,126.9297779000,,,02-351-7944,서울특별시 은평구청,2026-02-26
불광1동,1,통일로68가길 9,264-25,37.6124860000,126.9295940000,2016,,02-351-7944,서울특별시 은평구청,2026-02-26
불광1동,1,통일로68가길 10-5,268-11,37.6122910000,126.9299140000,2016,,02-351-7944,서울특별시 은평구청,2026-02-26
불광1동,1,통일로68가길 4,264-18,37.6125515900,126.9293111000,2021,,02-351-7944,서울특별시 은평구청,2026-02-26
불광1동,1,통일로68길 9,264-18,37.6125222600,126.9296740000,2019,,02-351-7944,서울특별시 은평구청,2026-02-26
불광1동,1,통일로68가길 1,264-44,37.6122390000,126.9291670000,2016,,02-351-7944,서울특별시 은평구청,2026-02-26
불광1동,1,통일로68길 4,268-5,37.6121915800,126.9293306000,2021,,02-351-7944,서울특별시 은평구청,2026-02-26
불광1동,1,통일로68길 3,264-8,37.6121560000,126.9289530000,2016,,02-351-7944,서울특별시 은평구청,2026-02-26
불광1동,1,통일로68길 3,264-4,37.6124530000,126.9288920000,2018,,02-351-7944,서울특별시 은평구청,2026-02-26
불광1동,1,통일로68가길 3-2,264-14,37.6125901600,126.9290545000,,,02-351-7944,서울특별시 은평구청,2026-02-26
불광1동,1,통일로68가길 6,264-15,37.6127010000,126.9294440000,2018,,02-351-7944,서울특별시 은평구청,2026-02-26
불광1동,1,통일로68가길 7-2,264-11,37.6129731400,126.9291823000,2020,,02-351-7944,서울특별시 은평구청,2026-02-26
불광1동,1,통일로68가길 10,259-46,37.6130080000,126.9294960000,2018,,02-351-7944,서울특별시 은평구청,2026-02-26
불광1동,1,통일로68가길 12-1,259-26,37.6131890000,126.9296070000,2007,,02-351-7944,서울특별시 은평구청,2026-02-26
불광1동,1,통일로68가길 16,270-9,37.6134160000,126.9297620000,2018,,02-351-7944,서울특별시 은평구청,2026-02-26
불광1동,1,불광로68가길 15,244-122,37.6135020000,126.9293640000,2007,,02-351-7944,서울특별시 은평구청,2026-02-26
불광1동,1,통일로68길 13-4,259-2,37.6135630000,126.9291260000,2005,,02-351-7944,서울특별시 은평구청,2026-02-26
불광1동,1,통일로68길 3-25,259-22,37.6133350000,126.9288120000,2006,,02-351-7944,서울특별시 은평구청,2026-02-26
불광1동,1,통일로68길 3-21,259-20,37.6131630000,126.9287460000,2006,,02-351-7944,서울특별시 은평구청,2026-02-26
불광1동,1,통일로68길 3-17,264-1,37.6130180000,126.9286240000,2018,,02-351-7944,서울특별시 은평구청,2026-02-26
불광1동,1,통일로68길 3-8,264-37,37.6128680000,126.9289430000,2011,,02-351-7944,서울특별시 은평구청,2026-02-26
불광1동,1,통일로68가길 3-25,259-1,37.6135700000,126.9289220000,2007,,02-351-7944,서울특별시 은평구청,2026-02-26
불광1동,1,통일로 752-32,249-3,37.6137060000,126.9289650000,2006,,02-351-7944,서울특별시 은평구청,2026-02-26
불광1동,1,통일로 752-34,249-8,37.6137520000,126.9291120000,2017,,02-351-7944,서울특별시 은평구청,2026-02-26
불광1동,1,통일로 752-36,249-9,37.6138520000,126.9292120000,2011,,02-351-7944,서울특별시 은평구청,2026-02-26
불광1동,1,통일로 752-40,244-134,37.6141500000,126.9292640000,2009,,02-351-7944,서울특별시 은평구청,2026-02-26
불광1동,1,통일로 782-8,286-49,37.6147660000,126.9266390000,2011,,02-351-7944,서울특별시 은평구청,2026-02-26
불광1동,1,통일로 782-13,286-29,37.6149560000,126.9267720000,2011,,02-351-7944,서울특별시 은평구청,2026-02-26
불광1동,1,통일로 796,643-,37.6165410000,126.9266020000,2018,,02-351-7944,서울특별시 은평구청,2026-02-26
불광1동,1,통일로 796,643-,37.6165410000,126.9266020000,2018,,02-351-7944,서울특별시 은평구청,2026-02-26
불광1동,1,통일로 796,643-,37.6165410000,126.9266020000,2018,,02-351-7944,서울특별시 은평구청,2026-02-26
불광1동,1,통일로 796,643-,37.6165410000,126.9266020000,2018,,02-351-7944,서울특별시 은평구청,2026-02-26
불광1동,1,통일로 790-1,286-21,37.6154380000,126.9261990000,2011,,02-351-7944,서울특별시 은평구청,2026-02-26
불광1동,1,통일로 738-2,274-7,37.6116075700,126.9296065000,,,02-351-7944,서울특별시 은평구청,2026-02-26
불광1동,1,통일로68길 3-7,264-32,37.6126050000,126.9287880000,2018,,02-351-7944,서울특별시 은평구청,2026-02-26
불광1동,1,통일로 760,264-4,37.6124530000,126.9288920000,,,02-351-7944,서울특별시 은평구청,2026-02-26
불광1동,1,통일로68가길 3,264-4,37.6124530000,126.9288920000,,,02-351-7944,서울특별시 은평구청,2026-02-26
불광1동,1,통일로 760,251-2,37.6124530000,126.9288920000,2018,,02-351-7944,서울특별시 은평구청,2026-02-26
불광1동,1,통일로68가길 3-17,264-1,37.6130480300,126.9288030000,2020,,02-351-7944,서울특별시 은평구청,2026-02-26
불광1동,1,통일로 752-2,251-1,37.6134300000,126.9284030000,2006,,02-351-7944,서울특별시 은평구청,2026-02-26
불광1동,1,통일로 752-24,259-38,37.6134870000,126.9287190000,2018,,02-351-7944,서울특별시 은평구청,2026-02-26
불광1동,1,통일로72길 5-1,290-57,37.6163970000,126.9246900000,2011,,02-351-7944,서울특별시 은평구청,2026-02-26
불광1동,1,통일로72길 5-7,290-55,37.6164670000,126.9244850000,2009,,02-351-7944,서울특별시 은평구청,2026-02-26
불광1동,1,통일로 810-2,290-15,37.6163140000,126.9244870000,2016,,02-351-7944,서울특별시 은평구청,2026-02-26
불광1동,1,통일로 810-10,,37.6166119700,126.9240922000,,,02-351-7944,서울특별시 은평구청,2026-02-26
불광1동,1,통일로 810,290-17,37.6162760000,126.9242160000,2015,,02-351-7944,서울특별시 은평구청,2026-02-26
불광1동,1,통일로 822,301-23,37.6172310000,126.9232620000,2017,,02-351-7944,서울특별시 은평구청,2026-02-26
불광1동,1,통일로78길 8,301-7,37.6175220000,126.9235410000,2017,,02-351-7944,서울특별시 은평구청,2026-02-26
불광1동,1,통일로78길 6,301-8,37.6175940000,126.9235740000,2019,,02-351-7944,서울특별시 은평구청,2026-02-26
불광1동,1,통일로78길 4-6,301-6,37.6172420000,126.9235340000,2005,,02-351-7944,서울특별시 은평구청,2026-02-26
불광1동,1,통일로 822-2,301-52,37.6172240000,126.9234770000,2011,,02-351-7944,서울특별시 은평구청,2026-02-26
불광1동,1,통일로78길 12-18,301-10,37.6174610000,126.9238140000,2005,,02-351-7944,서울특별시 은평구청,2026-02-26
불광1동,1,통일로78길 12-12,301-20,37.6175250000,126.9239150000,2008,,02-351-7944,서울특별시 은평구청,2026-02-26
불광1동,1,통일로78길 4-12,301-63,37.6170730000,126.9237630000,2019,,02-351-7944,서울특별시 은평구청,2026-02-26
불광1동,1,통일로72길 17-22,301-33,37.6174380000,126.9241880000,2019,,02-351-7944,서울특별시 은평구청,2026-02-26
불광1동,1,통일로72길 17-53,301-42,37.6173040000,126.9243940000,2005,,02-351-7944,서울특별시 은평구청,2026-02-26
불광1동,1,통일로72길 5-36,295-39,37.6169250000,126.9243090000,2006,,02-351-7944,서울특별시 은평구청,2026-02-26
불광1동,1,통일로72길 5-32,295-38,37.6169260000,126.9243650000,2005,,02-351-7944,서울특별시 은평구청,2026-02-26
불광1동,1,통일로72길 5-12,290-48,37.6166840000,126.9245610000,2011,,02-351-7944,서울특별시 은평구청,2026-02-26
불광1동,1,통일로72길 17-20,301-34,37.6175200000,126.9243110000,2015,,02-351-7944,서울특별시 은평구청,2026-02-26
불광1동,1,통일로72길 17-20,301-25,37.6175730000,126.9242310000,2016,,02-351-7944,서울특별시 은평구청,2026-02-26
불광1동,1,통일로78길 12-21,297-26,37.6178935600,126.9245381000,,,02-351-7944,서울특별시 은평구청,2026-02-26
불광1동,1,통일로78길 12-17,298-27,37.6179990000,126.9244520000,2008,,02-351-7944,서울특별시 은평구청,2026-02-26
불광1동,1,통일로72길 17-41,301-37,37.6174060000,126.9246190000,2016,,02-351-7944,서울특별시 은평구청,2026-02-26
불광1동,1,통일로78길 17-39,301-38,37.6173060000,126.9245410000,2019,,02-351-7944,서울특별시 은평구청,2026-02-26
불광1동,1,통일로72길 17-37,295-8,37.6171880000,126.9244630000,2019,,02-351-7944,서울특별시 은평구청,2026-02-26
불광1동,1,통일로78길 3,304-21,37.6175900000,126.9230760000,2011,,02-351-7944,서울특별시 은평구청,2026-02-26
불광1동,1,통일로78길 17-27,295-50,37.6169660000,126.9248630000,2019,,02-351-7944,서울특별시 은평구청,2026-02-26
불광1동,1,통일로72길 17-6,296-13,37.6174810000,126.9250480000,2015,,02-351-7944,서울특별시 은평구청,2026-02-26
불광1동,1,통일로72길,295-14,37.6172570000,126.9250850000,2016,,02-351-7944,서울특별시 은평구청,2026-02-26
불광1동,1,통일로78길 12-7,297-8,37.6179150000,126.9241360000,2016,,02-351-7944,서울특별시 은평구청,2026-02-26
불광1동,1,통일로78길 12-7,297-8,37.6179150000,126.9241360000,2016,,02-351-7944,서울특별시 은평구청,2026-02-26
불광1동,1,통일로 22-18,298-46,37.6181420000,126.9244040000,2017,,02-351-7944,서울특별시 은평구청,2026-02-26
불광1동,1,통일로78길 12-4,301-92,37.6179600400,126.9239370000,2023,,02-351-7944,서울특별시 은평구청,2026-02-26
불광1동,1,통일로78길 11-7,305-1,37.6183310000,126.9233710000,2016,,02-351-7944,서울특별시 은평구청,2026-02-26
불광1동,1,통일로78길 11-12,323-6,37.6185040000,126.9235840000,2016,,02-351-7944,서울특별시 은평구청,2026-02-26
불광1동,1,통일로 838-21,323-29,37.6185100000,126.9232100000,2016,,02-351-7944,서울특별시 은평구청,2026-02-26
불광1동,1,통일로 838-13,323-2,37.6187690000,126.9229340000,2016,,02-351-7944,서울특별시 은평구청,2026-02-26
불광1동,1,통일로 842,308-20,37.6185693700,126.9219126000,2020,,02-351-7944,서울특별시 은평구청,2026-02-26
불광1동,1,통일로 842,308-20,37.6186190000,126.9223020000,2016,,02-351-7944,서울특별시 은평구청,2026-02-26
불광1동,1,통일로 838-11,323-2,,,,,02-351-7944,서울특별시 은평구청,2026-02-26
불광1동,1,연서로 246,308-11,37.6189530000,126.9224330000,2016,,02-351-7944,서울특별시 은평구청,2026-02-26
불광1동,1,통일로 252,309-22,37.6194440000,126.9228680000,2016,,02-351-7944,서울특별시 은평구청,2026-02-26
불광1동,1,통일로72길 5-4,290-52,37.6166316500,126.9248044000,2021,,02-351-7944,서울특별시 은평구청,2026-02-26
불광1동,1,통일로78길 16,299-14,37.6183890000,126.9237670000,2017,,02-351-7944,서울특별시 은평구청,2026-02-26
불광1동,1,통일로78길 16,297-14,37.6183920000,126.9241630000,2017,,02-351-7944,서울특별시 은평구청,2026-02-26
불광1동,1,통일로78길 12-7,297-14,37.6183920000,126.9241630000,2017,,02-351-7944,서울특별시 은평구청,2026-02-26
불광1동,1,통일로78길 19,326-10,37.6187396200,126.9241691000,,,02-351-7944,서울특별시 은평구청,2026-02-26
불광1동,1,통일로 17-10,326-1,37.6189570000,126.9238720000,2018,,02-351-7944,서울특별시 은평구청,2026-02-26
불광1동,1,통일로78길 16,297-14,37.6183920000,126.9241630000,2017,,02-351-7944,서울특별시 은평구청,2026-02-26
불광1동,1,연서로32길 18,327-10,37.6190506400,126.9242893000,,,02-351-7944,서울특별시 은평구청,2026-02-26
불광1동,1,연서로32길 17,339-65,37.6189720000,126.9244260000,2017,,02-351-7944,서울특별시 은평구청,2026-02-26
불광1동,1,연서로32길 18-3,339-70,37.6192250000,126.9245930000,2005,,02-351-7944,서울특별시 은평구청,2026-02-26
불광1동,1,연서로32길 17-14,339-62,37.6192180000,126.9248190000,2008,,02-351-7944,서울특별시 은평구청,2026-02-26
불광1동,1,연서로32길 17-14,339-59,37.6193210000,126.9251690000,2011,,02-351-7944,서울특별시 은평구청,2026-02-26
불광1동,1,연서로32길 11-16,339-7,37.6195370000,126.9252000000,2004,,02-351-7944,서울특별시 은평구청,2026-02-26
불광1동,1,연서로32길 9-2,341-3,37.6195520000,126.9248030000,2011,,02-351-7944,서울특별시 은평구청,2026-02-26
불광1동,1,연서로32길 11-4,340-6,37.6195770000,126.9245990000,2008,,02-351-7944,서울특별시 은평구청,2026-02-26
불광1동,1,연서로32길 13,339-72,37.6193240000,126.9244890000,2017,,02-351-7944,서울특별시 은평구청,2026-02-26
불광1동,1,연서로32길 15-1,339-71,37.6191790000,126.9244910000,2017,,02-351-7944,서울특별시 은평구청,2026-02-26
불광1동,1,연서로32길 18-3,327-11,37.6190040000,126.9240860000,2006,,02-351-7944,서울특별시 은평구청,2026-02-26
불광1동,1,연서로32길 18-5,327-17,37.6190850000,126.9239830000,2011,,02-351-7944,서울특별시 은평구청,2026-02-26
불광1동,1,연서로32길 16,320-16,37.6193030000,126.9242060000,2017,,02-351-7944,서울특별시 은평구청,2026-02-26
불광1동,1,연서로32길 16-18,320-26,37.6195350000,126.9239990000,2019,,02-351-7944,서울특별시 은평구청,2026-02-26
불광1동,1,연서로32길 16-15,320-27,37.6204760000,126.9253900000,2017,,02-351-7944,서울특별시 은평구청,2026-02-26
불광1동,1,연서로32길 16-11,320-29,37.6193420000,126.9235940000,2017,,02-351-7944,서울특별시 은평구청,2026-02-26
불광1동,1,연서로 252,321-7,37.6194640000,126.9231510000,2017,,02-351-7944,서울특별시 은평구청,2026-02-26
불광1동,1,연서로 25-45,319-32,37.6194230000,126.9235020000,2017,,02-351-7944,서울특별시 은평구청,2026-02-26
불광1동,1,연서로 254-37,319-28,37.6196340000,126.9239750000,2006,,02-351-7944,서울특별시 은평구청,2026-02-26
불광1동,1,연서로 25-33,319-26,37.6197990000,126.9242330000,2007,,02-351-7944,서울특별시 은평구청,2026-02-26
불광1동,1,연서로 254-17,319-13,37.6198670000,126.9238130000,2005,,02-351-7944,서울특별시 은평구청,2026-02-26
불광1동,1,연서로 254-9,319-18,37.6196740000,126.9234420000,2009,,02-351-7944,서울특별시 은평구청,2026-02-26
불광1동,1,연서로 254-44,319-20,37.6195120000,126.9233990000,2017,,02-351-7944,서울특별시 은평구청,2026-02-26
불광1동,1,연서로 254-30,319-7,37.6199340000,126.9242540000,2017,,02-351-7944,서울특별시 은평구청,2026-02-26
불광1동,1,연서로 254-31,319-25,37.6198090000,126.9243460000,2017,,02-351-7944,서울특별시 은평구청,2026-02-26
불광1동,1,연서로32길 8-1,318-3,37.6198190000,126.9244940000,2017,,02-351-7944,서울특별시 은평구청,2026-02-26
불광1동,1,연서로32길 6,318-2,37.6199460000,126.9245480000,2017,,02-351-7944,서울특별시 은평구청,2026-02-26
불광1동,1,연서로32길 6,316-3,37.6201440000,126.9245450000,2017,,02-351-7944,서울특별시 은평구청,2026-02-26
불광1동,1,연서로32길 7-1,342-5,37.6197860000,126.9248230000,2008,,02-351-7944,서울특별시 은평구청,2026-02-26
불광1동,1,연서로32길 5-3,353-71,37.6201114000,126.9249543000,,,02-351-7944,서울특별시 은평구청,2026-02-26
불광1동,1,연서로32길 5-3,353-71,37.6200940000,126.9249650000,2004,,02-351-7944,서울특별시 은평구청,2026-02-26
불광1동,1,통일로78길 23,339-58,37.6189370000,126.9245860000,2016,,02-351-7944,서울특별시 은평구청,2026-02-26
불광1동,1,통일로78길 23,339-58,37.6189560400,126.9245735000,,,02-351-7944,서울특별시 은평구청,2026-02-26
불광1동,1,통일로72길 26,329-,37.6188400000,126.9248250000,2017,,02-351-7944,서울특별시 은평구청,2026-02-26
불광1동,1,통일로78길 26-5,329-28,37.6187160000,126.9251100000,2019,,02-351-7944,서울특별시 은평구청,2026-02-26
불광1동,1,통일로78가길 5,335-3,37.6187820000,126.9253920000,2019,,02-351-7944,서울특별시 은평구청,2026-02-26
불광1동,1,통일로78가길 5-3,336-2,37.6189010000,126.9256280000,2018,,02-351-7944,서울특별시 은평구청,2026-02-26
불광1동,1,통일로78가길 9,334-1,37.6185637700,126.9257317000,,,02-351-7944,서울특별시 은평구청,2026-02-26
불광1동,1,통일로78가길 11,333-3,37.6185250000,126.9258370000,2016,,02-351-7944,서울특별시 은평구청,2026-02-26
불광1동,1,통일로72길 26-11,329-13,37.6184010000,126.9251370000,2011,,02-351-7944,서울특별시 은평구청,2026-02-26
불광1동,1,통일로78가길 11,334-6,37.6185770000,126.9256780000,2016,,02-351-7944,서울특별시 은평구청,2026-02-26
불광1동,1,통일로78가길 11,333-1,37.6184800000,126.9259060000,2016,,02-351-7944,서울특별시 은평구청,2026-02-26
불광1동,1,통일로78가길 11,333-1,37.6184800000,126.9259060000,2016,,02-351-7944,서울특별시 은평구청,2026-02-26
불광1동,1,통일로78가길 16,330-1,37.6182400000,126.9261810000,2016,,02-351-7944,서울특별시 은평구청,2026-02-26
불광1동,1,통일로78가길 16-1,330-48,37.6182140000,126.9263400000,2018,,02-351-7944,서울특별시 은평구청,2026-02-26
불광1동,1,통일로78가길 19,331-92,37.6182630000,126.9267250000,2019,,02-351-7944,서울특별시 은평구청,2026-02-26
불광1동,1,통일로78가길 18-4,330-47,37.6181520000,126.9264880000,2007,,02-351-7944,서울특별시 은평구청,2026-02-26
불광1동,1,통일로78가길 18-6,330-32,37.6180170000,126.9264450000,2005,,02-351-7944,서울특별시 은평구청,2026-02-26
불광1동,1,통일로78가길 19-1,331-80,37.6182280000,126.9268500000,2004,,02-351-7944,서울특별시 은평구청,2026-02-26
불광1동,1,통일로78가길 25,331-90,37.6180610000,126.9273170000,2008,,02-351-7944,서울특별시 은평구청,2026-02-26
불광1동,1,통일로78가길 27-1,331-143,37.6180195700,126.9274792000,,,02-351-7944,서울특별시 은평구청,2026-02-26
불광1동,1,통일로78가길 27-1,331-143,37.6179900000,126.9274420000,2008,,02-351-7944,서울특별시 은평구청,2026-02-26
불광1동,1,통일로78가길 27,331-138,37.6179870300,126.9276714000,,,02-351-7944,서울특별시 은평구청,2026-02-26
불광1동,1,통일로78가길 29,331-179,37.6179480000,126.9277600000,2018,,02-351-7944,서울특별시 은평구청,2026-02-26
불광1동,1,통일로78가길 31,331-136,37.6179150000,126.9281120000,2019,,02-351-7944,서울특별시 은평구청,2026-02-26
불광1동,1,통일로78가길 33-6,331-128,37.6181070000,126.9284030000,2007,,02-351-7944,서울특별시 은평구청,2026-02-26
불광1동,1,통일로78가길 33-10,331-126,37.6183230000,126.9284570000,2019,,02-351-7944,서울특별시 은평구청,2026-02-26
불광1동,1,통일로78가길 33-10,331-126,37.6183230000,126.9284570000,2008,,02-351-7944,서울특별시 은평구청,2026-02-26
불광1동,1,통일로78가길 29-12,산59-32,37.6189320000,126.9280290000,2018,,02-351-7944,서울특별시 은평구청,2026-02-26
불광1동,1,통일로78가길 29-6,331-190,37.6185880000,126.9278750000,2015,,02-351-7944,서울특별시 은평구청,2026-02-26
불광1동,1,통일로78가길 29-8,331-170,37.6182300000,126.9280390000,2019,,02-351-7944,서울특별시 은평구청,2026-02-26
불광1동,1,연서로37길 21-12,436-23,37.6237185100,126.9262029000,2021,,02-351-7944,서울특별시 은평구청,2026-02-26
불광1동,1,통일로78가길 13-36,331-144,37.6193540000,126.9318060000,2016,,02-351-7944,서울특별시 은평구청,2026-02-26
불광1동,1,통일로78가길 27-6,331-137,37.6181990000,126.9276890000,2011,,02-351-7944,서울특별시 은평구청,2026-02-26
불광1동,1,통일로78가길 13-30,331-155,37.6183860000,126.9273910000,2018,,02-351-7944,서울특별시 은평구청,2026-02-26
불광1동,1,통일로78가길 13-26,331-158,37.6183300000,126.9271880000,,,02-351-7944,서울특별시 은평구청,2026-02-26
불광1동,1,통일로78가길 13-24,331-157,37.6184200000,126.9271980000,2016,,02-351-7944,서울특별시 은평구청,2026-02-26
불광1동,1,통일로78가길 13-18,331-160,37.6183990000,126.9268700000,2018,,02-351-7944,서울특별시 은평구청,2026-02-26
불광1동,1,통일로78가길 13-19,331-30,37.6187010000,126.9264130000,2005,,02-351-7944,서울특별시 은평구청,2026-02-26
불광1동,1,통일로78가길 13-37,331-22,37.6187590000,126.9267740000,2016,,02-351-7944,서울특별시 은평구청,2026-02-26
불광1동,1,통일로78가길 13-37,331-106,37.6187440000,126.9271030000,2016,,02-351-7944,서울특별시 은평구청,2026-02-26
불광1동,1,통일로78가길 13-99,331-109,37.6188960000,126.9270670000,2019,,02-351-7944,서울특별시 은평구청,2026-02-26
불광1동,1,통일로78가길 13-54,331-151,37.6186512200,126.9268317000,2023,,02-351-7944,서울특별시 은평구청,2026-02-26
불광1동,1,통일로78가길 13-95,331-8,37.6191716000,126.9270488000,,,02-351-7944,서울특별시 은평구청,2026-02-26
불광1동,1,은혜초교뒷산,산59-10,37.6176500000,126.9286820000,2010,,02-351-7944,서울특별시 은평구청,2026-02-26
불광1동,1,은혜초교뒷산,산59-6,37.6189260000,126.9303060000,2018,,02-351-7944,서울특별시 은평구청,2026-02-26
불광1동,1,은혜초교뒷산,산59-6,,,,,02-351-7944,서울특별시 은평구청,2026-02-26
불광1동,1,,산59-5,37.6189140000,126.9260700000,2017,,02-351-7944,서울특별시 은평구청,2026-02-26
불광1동,1,통일로78가길 13-95,331-10,37.6192030000,126.9271080000,2011,,02-351-7944,서울특별시 은평구청,2026-02-26
불광1동,1,통일로78가길 13-83,331-16,37.6193557800,126.9267286000,2021,,02-351-7944,서울특별시 은평구청,2026-02-26
불광1동,1,통일로78가길 13-81,331-43,37.6193610000,126.9266070000,2019,,02-351-7944,서울특별시 은평구청,2026-02-26
불광1동,1,통일로78가길 13-69,331-25,37.6192388000,126.9265068000,,,02-351-7944,서울특별시 은평구청,2026-02-26
불광1동,1,통일로78가길 13-75,331-69,37.6193130000,126.9263130000,2005,,02-351-7944,서울특별시 은평구청,2026-02-26
불광1동,1,통일로78가길 13-77,331-99,37.6191510000,126.9263270000,2011,,02-351-7944,서울특별시 은평구청,2026-02-26
불광1동,1,통일로78길 34-31,331-100,37.6190420000,126.9262720000,2011,,02-351-7944,서울특별시 은평구청,2026-02-26
불광1동,1,통일로78길 34-12,339-52,37.6188510000,126.9260030000,2005,,02-351-7944,서울특별시 은평구청,2026-02-26
불광1동,1,통일로78길 34-23,339-40,37.6190940000,126.9259650000,2017,,02-351-7944,서울특별시 은평구청,2026-02-26
불광1동,1,통일로78길 34-8,339-49,37.6190032000,126.9258287000,,,02-351-7944,서울특별시 은평구청,2026-02-26
불광1동,1,통일로78길 34-13,339-77,37.6195121700,126.9261012000,,,02-351-7944,서울특별시 은평구청,2026-02-26
불광1동,1,통일로78길 34,344-43,37.6192700000,126.9255890000,2017,,02-351-7944,서울특별시 은평구청,2026-02-26
불광1동,1,통일로78길 31-3,344-58,37.6194214400,126.9254012000,,,02-351-7944,서울특별시 은평구청,2026-02-26
불광1동,1,통일로78길 31,339-1,37.6192400000,126.9251930000,2017,,02-351-7944,서울특별시 은평구청,2026-02-26
불광1동,1,통일로78길 33,344-61,37.6193960000,126.9254740000,2008,,02-351-7944,서울특별시 은평구청,2026-02-26
불광1동,1,통일로78길 35-1,345-52,37.6195690000,126.9256980000,,,02-351-7944,서울특별시 은평구청,2026-02-26
불광1동,1,통일로11가길 7-13,345-52,37.6195690000,126.9256980000,2017,,02-351-7944,서울특별시 은평구청,2026-02-26
불광1동,1,통일로78길 40-2,344-53,37.6194750000,126.9263220000,2008,,02-351-7944,서울특별시 은평구청,2026-02-26
불광1동,1,통일로78길 42,344-35,37.6196110000,126.9263430000,2017,,02-351-7944,서울특별시 은평구청,2026-02-26
불광1동,1,통일로78길 44,344-33,37.6198509700,126.9264114000,,,02-351-7944,서울특별시 은평구청,2026-02-26
불광1동,1,통일로78길 44-1,344-48,37.6196300000,126.9265240000,2011,,02-351-7944,서울특별시 은평구청,2026-02-26
불광1동,1,연서로34가길 6-26,346-77,37.6200350000,126.9264840000,2017,,02-351-7944,서울특별시 은평구청,2026-02-26
불광1동,1,통일로78길 46-3,346-85,37.6198220000,126.9268380000,2017,,02-351-7944,서울특별시 은평구청,2026-02-26
불광1동,1,연서로34가길 10-21,346-134,37.6196880000,126.9269530000,2017,,02-351-7944,서울특별시 은평구청,2026-02-26
불광1동,1,연서로34가길 16-23,346-113,37.6194740000,126.9271720000,2008,,02-351-7944,서울특별시 은평구청,2026-02-26
불광1동,1,연서로34가길 10-16,346-87,37.6199150000,126.9270640000,2017,,02-351-7944,서울특별시 은평구청,2026-02-26
불광1동,1,연서로34가길 10-10,346-89,37.6201845900,126.9276896000,2019,,02-351-7944,서울특별시 은평구청,2026-02-26
불광1동,1,연서로34가길 10-7,337-1,37.6199560000,126.9276970000,2017,,02-351-7944,서울특별시 은평구청,2026-02-26
불광1동,1,연서로34가길 12,346-133,37.6201850000,126.9280900000,2017,,02-351-7944,서울특별시 은평구청,2026-02-26
불광1동,1,연서로34가길 9-5,346-33,37.6204590000,126.9285060000,2018,,02-351-7944,서울특별시 은평구청,2026-02-26
불광1동,1,연서로34가길 9,346-30,37.6204724600,126.9281448000,,,02-351-7944,서울특별시 은평구청,2026-02-26
불광1동,1,연서로34가길 6-22,346-75,37.6202180000,126.9267420000,2017,,02-351-7944,서울특별시 은평구청,2026-02-26
불광1동,1,연서로34길 6-12,346-122,37.6203930000,126.9271360000,2017,,02-351-7944,서울특별시 은평구청,2026-02-26
불광1동,1,연서로34가길 6-12,346-3,37.6204670000,126.9274070000,2017,,02-351-7944,서울특별시 은평구청,2026-02-26
불광1동,1,연서로34가길 5-1,346-117,37.6205370000,126.9281530000,2017,,02-351-7944,서울특별시 은평구청,2026-02-26
불광1동,1,연서로34가길 5-2,346-28,37.6207730000,126.9283650000,2017,,02-351-7944,서울특별시 은평구청,2026-02-26
불광1동,1,연서로34가길 5,346-27,37.6207270000,126.9281960000,2017,,02-351-7944,서울특별시 은평구청,2026-02-26
불광1동,1,연서로34가길 11-3,346-38,37.6202890000,126.9285650000,2007,,02-351-7944,서울특별시 은평구청,2026-02-26
불광1동,1,연서로13길 13,346-40,37.6200530000,126.9284210000,2017,,02-351-7944,서울특별시 은평구청,2026-02-26
불광1동,1,연서로34가길 46,346-55,37.6198980000,126.9282080000,2017,,02-351-7944,서울특별시 은평구청,2026-02-26
불광1동,1,연서로34가길 16-5,346-53,37.6198681300,126.9282305000,,,02-351-7944,서울특별시 은평구청,2026-02-26
불광1동,1,연서로34가길 16-9,346-105,37.6196710000,126.9280410000,2018,,02-351-7944,서울특별시 은평구청,2026-02-26
불광1동,1,연서로34가길 16-14,346-103,37.6197120000,126.9275760000,2005,,02-351-7944,서울특별시 은평구청,2026-02-26
불광1동,1,통일로72길 33,329-36,37.6185360000,126.9250780000,2016,,02-351-7944,서울특별시 은평구청,2026-02-26
불광1동,1,통일로72길 33,329-16,37.6185520000,126.9248060000,2016,,02-351-7944,서울특별시 은평구청,2026-02-26
불광1동,1,통일로72길 30,329-13,37.6184010000,126.9251370000,2011,,02-351-7944,서울특별시 은평구청,2026-02-26
불광1동,1,통일로72길 29,329-37,37.6183630000,126.9249340000,2005,,02-351-7944,서울특별시 은평구청,2026-02-26
불광1동,1,통일로72길 28,329-11,37.6181050000,126.9252660000,2017,,02-351-7944,서울특별시 은평구청,2026-02-26
불광1동,1,통일로72길 25-1,329-26,37.6180400000,126.9250290000,2016,,02-351-7944,서울특별시 은평구청,2026-02-26
불광1동,1,통일로72길 28,329-11,37.6181050000,126.9252660000,2016,,02-351-7944,서울특별시 은평구청,2026-02-26
불광1동,1,통일로72길 23,329-24,37.6178260000,126.9252360000,2016,,02-351-7944,서울특별시 은평구청,2026-02-26
불광1동,1,통일로72길 21,329-21,37.6177070000,126.9250450000,2019,,02-351-7944,서울특별시 은평구청,2026-02-26
불광1동,1,통일로72길 25,329-25,37.6179590000,126.9250980000,2017,,02-351-7944,서울특별시 은평구청,2026-02-26
불광1동,1,통일로72길,330-25,37.6177380000,126.9255200000,2016,,02-351-7944,서울특별시 은평구청,2026-02-26
불광1동,1,통일로72길 30-50,330-27,37.6174749300,126.9255087000,,,02-351-7944,서울특별시 은평구청,2026-02-26
불광1동,1,통일로72길 30-37,330-10,37.6174500700,126.9270318000,,,02-351-7944,서울특별시 은평구청,2026-02-26
불광1동,1,통일로72길 30-37,330-10,37.6174500700,126.9270318000,,,02-351-7944,서울특별시 은평구청,2026-02-26
불광1동,1,통일로72길 30-63,330-17,37.6173440000,126.9257750000,2017,,02-351-7944,서울특별시 은평구청,2026-02-26
불광1동,1,통일로72길 30-63,330-17,37.6173440000,126.9257750000,2017,,02-351-7944,서울특별시 은평구청,2026-02-26
불광1동,1,불광로72길 30-55,330-57,37.6173580000,126.9263190000,2017,,02-351-7944,서울특별시 은평구청,2026-02-26
불광1동,1,통일로72길 30-31,330-7,37.6176400000,126.9266090000,2017,,02-351-7944,서울특별시 은평구청,2026-02-26
불광1동,1,통일로72길 30-32,330-19,37.6175200000,126.9262820000,2017,,02-351-7944,서울특별시 은평구청,2026-02-26
불광1동,1,불광로72길 30-18,329-4,37.6178310000,126.9258130000,2017,,02-351-7944,서울특별시 은평구청,2026-02-26
불광1동,1,통일로72길 30-14,329-3,37.6179220000,126.9259030000,2017,,02-351-7944,서울특별시 은평구청,2026-02-26
불광1동,1,통일로72길 30-14,329-3,37.6179220000,126.9259030000,2017,,02-351-7944,서울특별시 은평구청,2026-02-26
불광1동,1,통일로78가길 18-14,330-37,37.6180230000,126.9261280000,2017,,02-351-7944,서울특별시 은평구청,2026-02-26
불광1동,1,불광로72길 30-14,329-3,37.6179220000,126.9259030000,2006,,02-351-7944,서울특별시 은평구청,2026-02-26
불광1동,1,불광로72길 32-10,329-7,37.6180910000,126.9256510000,2017,,02-351-7944,서울특별시 은평구청,2026-02-26
불광1동,1,불광로72길 28,329-11,37.6181050000,126.9252660000,2017,,02-351-7944,서울특별시 은평구청,2026-02-26
불광1동,1,연서로 274-16,344-25,37.6197370000,126.9253900000,2008,,02-351-7944,서울특별시 은평구청,2026-02-26
불광1동,1,연서로 274-12,353-62,37.6199070000,126.9252510000,2005,,02-351-7944,서울특별시 은평구청,2026-02-26
불광1동,1,연서로 274-5,353-78,37.6203210000,126.9252110000,2011,,02-351-7944,서울특별시 은평구청,2026-02-26
불광1동,1,연서로 276-15,345-30,37.6199930000,126.9258280000,2005,,02-351-7944,서울특별시 은평구청,2026-02-26
불광1동,1,연서로 276-20,345-34,37.6197680000,126.9257630000,2018,,02-351-7944,서울특별시 은평구청,2026-02-26
불광1동,1,연서로 276-14,344-18,37.6200924800,126.9256837000,,,02-351-7944,서울특별시 은평구청,2026-02-26
불광1동,1,연서로 276-9,353-46,37.6204780000,126.9255710000,2010,,02-351-7944,서울특별시 은평구청,2026-02-26
불광1동,1,연서로 276-7,353-46,37.6204246700,126.9255450000,2022,,02-351-7944,서울특별시 은평구청,2026-02-26
불광1동,1,통일로78길 41,345-48,37.6198160000,126.9261250000,2005,,02-351-7944,서울특별시 은평구청,2026-02-26
불광1동,1,통일로78길 43-1,345-46,37.6199080000,126.9263610000,2008,,02-351-7944,서울특별시 은평구청,2026-02-26
불광1동,1,연서로 282-17,345-18,37.6201970000,126.9263680000,2011,,02-351-7944,서울특별시 은평구청,2026-02-26
불광1동,1,연서로 280-14,344-11,37.6200940000,126.9259510000,2008,,02-351-7944,서울특별시 은평구청,2026-02-26
불광1동,1,연서로 280-11,353-30,37.6203280000,126.9259360000,2008,,02-351-7944,서울특별시 은평구청,2026-02-26
불광1동,1,연서로 280-7,353-33,37.6205250000,126.9257970000,2018,,02-351-7944,서울특별시 은평구청,2026-02-26
불광1동,1,연서로 282,355-3,37.6207850000,126.9256920000,2008,,02-351-7944,서울특별시 은평구청,2026-02-26
불광1동,1,연서로 286-19,348-32,37.6203430000,126.9266270000,2008,,02-351-7944,서울특별시 은평구청,2026-02-26
불광1동,1,연서로 286-14,345-14,37.6204220000,126.9263650000,2008,,02-351-7944,서울특별시 은평구청,2026-02-26
불광1동,1,연서로 286-12,353-16,37.6205110000,126.9262960000,2008,,02-351-7944,서울특별시 은평구청,2026-02-26
불광1동,1,,353-14,,,,,02-351-7944,서울특별시 은평구청,2026-02-26
불광1동,1,연서로 286-9,353-12,37.6209600000,126.9260740000,2007,,02-351-7944,서울특별시 은평구청,2026-02-26
불광1동,1,연서로 288-17,348-25,37.6204990000,126.9268970000,2006,,02-351-7944,서울특별시 은평구청,2026-02-26
불광1동,1,연서로 282-11,353-17,37.6204910600,126.9261781000,,,02-351-7944,서울특별시 은평구청,2026-02-26
불광1동,1,연서로 282-7,353-19,37.6206270000,126.9260900000,2005,,02-351-7944,서울특별시 은평구청,2026-02-26
불광1동,1,연서로 282-17,355-3,37.6207850000,126.9256920000,2011,,02-351-7944,서울특별시 은평구청,2026-02-26
불광1동,1,연서로 288-9,352-3,37.6208840000,126.9266980000,2017,,02-351-7944,서울특별시 은평구청,2026-02-26
불광1동,1,연서로 288-6,288-6,37.6210281100,126.9264527000,,,02-351-7944,서울특별시 은평구청,2026-02-26
불광1동,1,연서로 288,354-10,37.6211150000,126.9262760000,2017,,02-351-7944,서울특별시 은평구청,2026-02-26
불광1동,1,연서로34가길 4-20,346-72,37.6204550000,126.9270900000,2005,,02-351-7944,서울특별시 은평구청,2026-02-26
불광1동,1,연서로34길 4-13,348-18,37.6207440000,126.9271080000,2008,,02-351-7944,서울특별시 은평구청,2026-02-26
불광1동,1,연서로34길 4-8,351-10,37.6204650000,126.9261950000,2006,,02-351-7944,서울특별시 은평구청,2026-02-26
불광1동,1,연서로34길 4,354-3,37.6212428100,126.9268363000,,,02-351-7944,서울특별시 은평구청,2026-02-26
불광1동,1,연서로34길 6,354-1,37.6212368400,126.9270515000,,,02-351-7944,서울특별시 은평구청,2026-02-26
불광1동,1,연서로34길 6-5,212-5,37.6209620000,126.9273430000,2007,,02-351-7944,서울특별시 은평구청,2026-02-26
불광1동,1,연서로34길 6-11,348-7,37.6206940000,126.9275170000,2008,,02-351-7944,서울특별시 은평구청,2026-02-26
불광1동,1,연서로34길 10,212-1,37.6211520000,126.9273520000,2005,,02-351-7944,서울특별시 은평구청,2026-02-26
불광1동,1,연서로34가길 10-6,348-4,37.6209460000,126.9274900000,2019,,02-351-7944,서울특별시 은평구청,2026-02-26
불광1동,1,,346-65,,,,,02-351-7944,서울특별시 은평구청,2026-02-26
불광1동,1,연서로34길 14-2,346-4,37.6210677000,126.9279054000,2021,,02-351-7944,서울특별시 은평구청,2026-02-26
불광1동,1,,210-70,,,2019,,02-351-7944,서울특별시 은평구청,2026-02-26
불광1동,1,연서로34가길 20,346-23,37.6210700000,126.9283380000,2008,,02-351-7944,서울특별시 은평구청,2026-02-26
불광1동,1,연서로34가길 18,346-23,37.6210700000,126.9283380000,2018,,02-351-7944,서울특별시 은평구청,2026-02-26
불광1동,1,연서로34길 20,346-49,37.6195580000,126.9284510000,2011,,02-351-7944,서울특별시 은평구청,2026-02-26
불광1동,1,연서로34가길 15,346-41,37.6200820000,126.9285900000,2017,,02-351-7944,서울특별시 은평구청,2026-02-26
불광1동,1,연서로34가길 18,346-51,37.6197560000,126.9284480000,2017,,02-351-7944,서울특별시 은평구청,2026-02-26
불광1동,1,연서로34가길 18,346-50,37.6197010000,126.9283350000,2017,,02-351-7944,서울특별시 은평구청,2026-02-26
불광1동,1,연서로34가길 20,346-48,37.6195760000,126.9284840000,2008,,02-351-7944,서울특별시 은평구청,2026-02-26
불광1동,1,통일로78가길 13-92,346-14,37.6193470000,126.9280800000,2016,,02-351-7944,서울특별시 은평구청,2026-02-26
불광1동,1,통일로78가길 13-133,346-7,37.6195000000,126.9279980000,2007,,02-351-7944,서울특별시 은평구청,2026-02-26
불광1동,1,통일로78가길 13-133,346-7,37.6195250000,126.9278390000,2018,,02-351-7944,서울특별시 은평구청,2026-02-26
불광1동,1,통일로78가길 13-98,346-13,37.6193930000,126.9282150000,2005,,02-351-7944,서울특별시 은평구청,2026-02-26
불광1동,1,통일로78가길 13-98,346-12,37.6193770000,126.9283400000,2007,,02-351-7944,서울특별시 은평구청,2026-02-26
불광1동,1,통일로78가길 13-98,346-12,37.6195760000,126.9284840000,,,02-351-7944,서울특별시 은평구청,2026-02-26
불광1동,1,통일로78가길 13-125,331-48,37.6193700000,126.9276600000,2008,,02-351-7944,서울특별시 은평구청,2026-02-26
불광1동,1,통일로78길 22-5,298-5,37.6184140000,126.9245700000,2011,,02-351-7944,서울특별시 은평구청,2026-02-26
불광1동,1,통일로78길 22-13,298-49,37.6182451000,126.9244220000,2020,,02-351-7944,서울특별시 은평구청,2026-02-26
불광1동,1,통일로78길 22-13,298-49,37.6181610000,126.9244490000,2019,,02-351-7944,서울특별시 은평구청,2026-02-26
불광1동,1,통일로78길 22-9,298-7,37.6182170000,126.9246300000,2011,,02-351-7944,서울특별시 은평구청,2026-02-26
불광1동,1,통일로78길 16,297-22,37.6181130000,126.9241330000,2019,,02-351-7944,서울특별시 은평구청,2026-02-26
불광1동,1,연서로34길 6-3,212-6,37.6211152500,126.9272467000,,,02-351-7944,서울특별시 은평구청,2026-02-26
불광1동,1,,산42-26,,,,,02-351-7944,서울특별시 은평구청,2026-02-26
불광1동,1,통일로72길 17-19,295-16,37.6171567900,126.9246211000,2024,,02-351-7944,서울특별시 은평구청,2026-02-26
불광1동,1,불광로11길 7-9,238-159,37.6164420000,126.9316315000,2024,,02-351-7944,서울특별시 은평구청,2026-02-26
불광1동,1,불광로9길 5,238-104,37.6160423700,126.9323425000,2024,,02-351-7944,서울특별시 은평구청,2026-02-26
불광1동,1,진흥로19길 2-10,630-62,37.6112502300,126.9419400000,2024,,02-351-7944,서울특별시 은평구청,2026-02-26
불광1동,1,불광로 162-13,16-57,37.6208555900,126.9324335000,2024,,02-351-7944,서울특별시 은평구청,2026-02-26
불광1동,1,불광로13가길 1,230-9,37.6175720300,126.9316864000,2024,,02-351-7944,서울특별시 은평구청,2026-02-26
불광1동,1,불광로13길 17,221-59,37.6173727300,126.9318290000,2024,,02-351-7944,서울특별시 은평구청,2026-02-26
불광1동,1,진흥로19길 10-10,630-33,37.6121142800,126.9412205000,2024,,02-351-7944,서울특별시 은평구청,2026-02-26
불광1동,1,진흥로15길 25,281-204,37.6116670000,126.9317240000,2005,,02-351-7944,서울특별시 은평구청,2026-02-26
불광1동,1,불광로13가길 5,230-42,37.6178824000,126.9317828000,2023,,02-351-7944,서울특별시 은평구청,2026-02-26
불광1동,1,통일로78길 8-1,301-11,37.6175410000,126.9236880000,2007,,02-351-7944,서울특별시 은평구청,2026-02-26
불광1동,1,통일로78길 8,301-7,37.6177000000,126.9233460000,2017,,02-351-7944,서울특별시 은평구청,2026-02-26
불광1동,1,연서로34가길 6-19,346-81,37.6202450500,126.9270713000,2023,,02-351-7944,서울특별시 은평구청,2026-02-26
불광1동,1,연서로34가길 6-19,346-81,37.6202450500,126.9270713000,2023,,02-351-7944,서울특별시 은평구청,2026-02-26
불광1동,1,통일로78가길 13-103,331-12,37.6188340000,126.9271580000,2018,,02-351-7944,서울특별시 은평구청,2026-02-26
불광1동,1,통일로78가길 21,331-77,37.6181472600,126.9270365000,2023,,02-351-7944,서울특별시 은평구청,2026-02-26
불광1동,1,불광로18길 15-1,,37.6226285900,126.9327931000,,,02-351-7944,서울특별시 은평구청,2026-02-26
불광1동,1,불광로 98-15,8-103,37.6153890000,126.9337210000,2005,,02-351-7944,서울특별시 은평구청,2026-02-26
불광1동,1,불광로 87,242-36,37.6147760600,126.9324437000,2023,,02-351-7944,서울특별시 은평구청,2026-02-26
불광1동,1,통일로72길 5-14,290-2,37.6168062400,126.9243640000,2023,,02-351-7944,서울특별시 은평구청,2026-02-26
불광1동,1,통일로78길 34-13,339-77,37.6195121700,126.9261012000,,,02-351-7944,서울특별시 은평구청,2026-02-26
불광2동,1,연서로 363,Aug-45,37.6276634500,126.9291147000,2020,,02-351-7944,서울특별시 은평구청,2026-02-26
불광2동,1,연서로43가길 2-13,Apr-46,37.6274550000,126.9286970000,2005,,02-351-7944,서울특별시 은평구청,2026-02-26
불광2동,1,,Jan-46,,,,,02-351-7944,서울특별시 은평구청,2026-02-26
불광2동,1,연서로43가길 2-6,Feb-65,37.6271520000,126.9283300000,2018,,02-351-7944,서울특별시 은평구청,2026-02-26
불광2동,1,연서로43길 10,62-,37.6271060000,126.9281950000,2016,,02-351-7944,서울특별시 은평구청,2026-02-26
불광2동,1,연서로43길 10,62-,37.6271060000,126.9281950000,2007,,02-351-7944,서울특별시 은평구청,2026-02-26
불광2동,1,연서로 347,Jan-73,37.6261898300,126.9288477000,2024,,02-351-7944,서울특별시 은평구청,2026-02-26
불광2동,1,연서로43길 8,Feb-64,37.6269990000,126.9283550000,2011,,02-351-7944,서울특별시 은평구청,2026-02-26
불광2동,1,연서로 347,Jan-73,37.6263150000,126.9283650000,2009,,02-351-7944,서울특별시 은평구청,2026-02-26
불광2동,1,연서로43길 연신초앞 마을마당,69-,,,2020,,02-351-7944,서울특별시 은평구청,2026-02-26
불광2동,1,연서로43가길 3,Jan-61,37.6272750000,126.9279210000,2005,,02-351-7944,서울특별시 은평구청,2026-02-26
불광2동,1,연서로43가길 6,Jan-52,37.6275740000,126.9281200000,2005,,02-351-7944,서울특별시 은평구청,2026-02-26
불광2동,1,연서로43가길 7-2,58-,37.6276780000,126.9277220000,2018,,02-351-7944,서울특별시 은평구청,2026-02-26
불광2동,1,연서로43가길 10,55,37.6278250000,126.9279580000,2018,,02-351-7944,서울특별시 은평구청,2026-02-26
불광2동,1,연서로41길 14,Mar-81,37.6262710000,126.9275610000,2006,,02-351-7944,서울특별시 은평구청,2026-02-26
불광2동,1,연서로43길 8-1,Feb-64,37.6269990000,126.9283550000,2011,,02-351-7944,서울특별시 은평구청,2026-02-26
불광2동,1,연서로 347,Jan-73,37.6263150000,126.9283650000,2006,,02-351-7944,서울특별시 은평구청,2026-02-26
불광2동,1,연서로41길 14,Mar-81,37.6262710000,126.9275610000,2004,,02-351-7944,서울특별시 은평구청,2026-02-26
불광2동,1,연서로41길 14,Mar-81,37.6261028600,126.9275763000,2023,,02-351-7944,서울특별시 은평구청,2026-02-26
불광2동,1,연서로43길 9-24,82-17,37.6267580000,126.9275660000,2016,,02-351-7944,서울특별시 은평구청,2026-02-26
불광2동,1,연서로43가길 1,Mar-61,37.6271400000,126.9279340000,2016,,02-351-7944,서울특별시 은평구청,2026-02-26
불광2동,1,연서로43길 13,76-20,37.6269580000,126.9277330000,2016,,02-351-7944,서울특별시 은평구청,2026-02-26
불광2동,1,연서로43길 14,Feb-49,37.6271650000,126.9276960000,2016,,02-351-7944,서울특별시 은평구청,2026-02-26
불광2동,1,연서로43가길 17,Feb-76,37.6271600000,126.9272310000,2016,,02-351-7944,서울특별시 은평구청,2026-02-26
불광2동,1,연서로43길 16-4,Mar-56,37.6274420000,126.9274760000,2016,,02-351-7944,서울특별시 은평구청,2026-02-26
불광2동,1,연서로43길 16-4,Mar-56,37.6274649800,126.9274507000,,,02-351-7944,서울특별시 은평구청,2026-02-26
불광2동,1,연서로43길 16-11,Sep-56,37.6277730000,126.9272450000,2017,,02-351-7944,서울특별시 은평구청,2026-02-26
불광2동,1,연서로43길 17,Feb-76,37.6271600000,126.9272310000,2016,,02-351-7944,서울특별시 은평구청,2026-02-26
불광2동,1,연서로43길 17,Feb-76,37.6272802300,126.9272340000,,,02-351-7944,서울특별시 은평구청,2026-02-26
불광2동,1,연서로43길 21,456-,37.6272910000,126.9267540000,2016,,02-351-7944,서울특별시 은평구청,2026-02-26
불광2동,1,연서로43길 9-28,82-15,37.6269300000,126.9276760000,,,02-351-7944,서울특별시 은평구청,2026-02-26
불광2동,1,연서로43가길 15-7,76-13,37.6268900000,126.9272580000,2016,,02-351-7944,서울특별시 은평구청,2026-02-26
불광2동,1,연서로43길 15-7,76-13,37.6268900000,126.9272580000,,,02-351-7944,서울특별시 은평구청,2026-02-26
불광2동,1,연서로43길 15-13,454-1,37.6268590000,126.9267370000,2019,,02-351-7944,서울특별시 은평구청,2026-02-26
불광2동,1,,454-6,37.6267160000,126.9268980000,2018,,02-351-7944,서울특별시 은평구청,2026-02-26
불광2동,1,연서로41길 20-8,454-6,37.6267160000,126.9268980000,2004,,02-351-7944,서울특별시 은평구청,2026-02-26
불광2동,1,연서로43길 6,Feb-67,37.6272100000,126.9287490000,2004,,02-351-7944,서울특별시 은평구청,2026-02-26
불광2동,1,연서로41길 14,Mar-81,37.6262710000,126.9275610000,2008,,02-351-7944,서울특별시 은평구청,2026-02-26
불광2동,1,연서로41길 16,Feb-81,37.6264130000,126.9272760000,2011,,02-351-7944,서울특별시 은평구청,2026-02-26
불광2동,1,연서로41길 23,441-2,37.6263510000,126.9263820000,2009,,02-351-7944,서울특별시 은평구청,2026-02-26
불광2동,1,연서로43길 15-13,454-1,37.6268590000,126.9267370000,2017,,02-351-7944,서울특별시 은평구청,2026-02-26
불광2동,1,연서로41길 21,451-14,37.6262987700,126.9267377000,2018,,02-351-7944,서울특별시 은평구청,2026-02-26
불광2동,1,연서로41길 23,441-2,37.6263510000,126.9263820000,2011,,02-351-7944,서울특별시 은평구청,2026-02-26
불광2동,1,연서로41길 27,441-16,37.6263100000,126.9258610000,2006,,02-351-7944,서울특별시 은평구청,2026-02-26
불광2동,1,연서로41길 31,471-24,37.6265510000,126.9256540000,2005,,02-351-7944,서울특별시 은평구청,2026-02-26
불광2동,1,연서로41길 29-1,471-26,37.6264170000,126.9257810000,2018,,02-351-7944,서울특별시 은평구청,2026-02-26
불광2동,1,연서로41길 35,471-21,37.6267750000,126.9254810000,2007,,02-351-7944,서울특별시 은평구청,2026-02-26
불광2동,1,연서로41가길 37,471-15,37.6271350000,126.9253960000,2017,,02-351-7944,서울특별시 은평구청,2026-02-26
불광2동,1,연서로41길 41,445-402,37.6272850000,126.9251340000,2017,,02-351-7944,서울특별시 은평구청,2026-02-26
불광2동,1,통일로92가길 31,445-56,37.6272910000,126.9228230000,2017,,02-351-7944,서울특별시 은평구청,2026-02-26
불광2동,1,연서로41가길 12,441-22,37.6260690000,126.9261710000,2008,,02-351-7944,서울특별시 은평구청,2026-02-26
불광2동,1,연서로41길 25,441-15,37.6262680000,126.9262360000,2004,,02-351-7944,서울특별시 은평구청,2026-02-26
불광2동,1,연서로41길 21-11,441-24,37.6261210000,126.9259320000,2018,,02-351-7944,서울특별시 은평구청,2026-02-26
불광2동,1,연서로41가길 14-1,447-76,37.6259850000,126.9258550000,2010,,02-351-7944,서울특별시 은평구청,2026-02-26
불광2동,1,연서로41가길 24-7,448-28,37.6261630000,126.9255800000,2016,,02-351-7944,서울특별시 은평구청,2026-02-26
불광2동,1,연서로41가길 24-4,447-74,37.6258280000,126.9254040000,2018,,02-351-7944,서울특별시 은평구청,2026-02-26
불광2동,1,연서로41가길 23,447-40,37.6256630000,126.9251120000,2006,,02-351-7944,서울특별시 은평구청,2026-02-26
불광2동,1,연서로41가길 27,445-371,37.6262600000,126.9243670000,2016,,02-351-7944,서울특별시 은평구청,2026-02-26
불광2동,1,연서로41가길 25-1,446-9,37.6258960000,126.9248930000,2008,,02-351-7944,서울특별시 은평구청,2026-02-26
불광2동,1,연서로41가길 26-3,448-35,37.6261760000,126.9250590000,2018,,02-351-7944,서울특별시 은평구청,2026-02-26
불광2동,1,연서로41길 43-1,471-55,37.6275910000,126.9250500000,2017,,02-351-7944,서울특별시 은평구청,2026-02-26
불광2동,1,연서로41길 43-1,471-55,37.6275910000,126.9250500000,2006,,02-351-7944,서울특별시 은평구청,2026-02-26
불광2동,1,연서로41길 39-3,471-10,37.6270420000,126.9251260000,2017,,02-351-7944,서울특별시 은평구청,2026-02-26
불광2동,1,연서로41길 39-8,445-408,37.6273100000,126.9248950000,2017,,02-351-7944,서울특별시 은평구청,2026-02-26
불광2동,1,연서로41길 39-16,471-37,37.6275739400,126.9246633000,,,02-351-7944,서울특별시 은평구청,2026-02-26
불광2동,1,연서로41길 39-13,471-58,37.6274060000,126.9245310000,2017,,02-351-7944,서울특별시 은평구청,2026-02-26
불광2동,1,연서로 41길 39-12,471-54,37.6275270000,126.9249260000,2010,,02-351-7944,서울특별시 은평구청,2026-02-26
불광2동,1,연서로41가길 36-12,445-22,37.6269040000,126.9247990000,2017,,02-351-7944,서울특별시 은평구청,2026-02-26
불광2동,1,연서로41가길 36-12,445-22,37.6269040000,126.9247990000,2017,,02-351-7944,서울특별시 은평구청,2026-02-26
불광2동,1,연서로41가길 36-4,445-26,37.6266570000,126.9244180000,2017,,02-351-7944,서울특별시 은평구청,2026-02-26
불광2동,1,연서로33길 16-13,415-,37.6224690000,126.9246370000,2018,,02-351-7944,서울특별시 은평구청,2026-02-26
불광2동,1,통일로92나길 19-3,480-214,37.6246620000,126.9229960000,2017,,02-351-7944,서울특별시 은평구청,2026-02-26
불광2동,1,연서로41가길 29-1,445-366,37.6261990000,126.9245940000,2016,,02-351-7944,서울특별시 은평구청,2026-02-26
불광2동,1,통일로92가길 30-7,448-39,37.6265280000,126.9250880000,2016,,02-351-7944,서울특별시 은평구청,2026-02-26
불광2동,1,연서로41길 33-6,448-46,37.6266560000,126.9252220000,2016,,02-351-7944,서울특별시 은평구청,2026-02-26
불광2동,1,연서로41가길 31,445-252,37.6262690000,126.9243890000,2016,,02-351-7944,서울특별시 은평구청,2026-02-26
불광2동,1,연서로41가길 32-6,448-31,37.6264550000,126.9249190000,2016,,02-351-7944,서울특별시 은평구청,2026-02-26
불광2동,1,연서로41가길 35-5,471-17,37.6268090000,126.9253100000,2016,,02-351-7944,서울특별시 은평구청,2026-02-26
불광2동,1,통일로92길 10-1,445-248,37.6261060000,126.9241990000,2016,,02-351-7944,서울특별시 은평구청,2026-02-26
불광2동,1,통일로92길 40-1,445-248,37.6261769100,126.9241576000,,,02-351-7944,서울특별시 은평구청,2026-02-26
불광2동,1,연서로41가길,445-261,37.6259450000,126.9244050000,2016,,02-351-7944,서울특별시 은평구청,2026-02-26
불광2동,1,연서로41가길 29-7,445-261,37.6259670400,126.9243642000,,,02-351-7944,서울특별시 은평구청,2026-02-26
불광2동,1,연서로41가길 29-3,445-256,37.6260190000,126.9246190000,2011,,02-351-7944,서울특별시 은평구청,2026-02-26
불광2동,1,연서로41가길 25-8,445-396,37.6258172600,126.9244622000,2020,,02-351-7944,서울특별시 은평구청,2026-02-26
불광2동,1,연서로41가길 25-7,446-2,37.6256680000,126.9246130000,2016,,02-351-7944,서울특별시 은평구청,2026-02-26
불광2동,1,연서로41가길 23-3,447-39,37.6255900000,126.9250220000,2018,,02-351-7944,서울특별시 은평구청,2026-02-26
불광2동,1,연서로41가길 19,447-110,37.6255140000,126.9254760000,2016,,02-351-7944,서울특별시 은평구청,2026-02-26
불광2동,1,연서로41가길 19-3,447-55,37.6253760000,126.9252400000,2018,,02-351-7944,서울특별시 은평구청,2026-02-26
불광2동,1,연서로41가길 19-10,442-17,37.6252280000,126.9247670000,2016,,02-351-7944,서울특별시 은평구청,2026-02-26
불광2동,1,통일로92다길 9-8,445-321,37.6254585400,126.9246601000,2019,,02-351-7944,서울특별시 은평구청,2026-02-26
불광2동,1,연서로41가길 36,445-20,37.6266360000,126.9241230000,2017,,02-351-7944,서울특별시 은평구청,2026-02-26
불광2동,1,연서로41가길 40,445-13,37.6267790000,126.9239170000,2017,,02-351-7944,서울특별시 은평구청,2026-02-26
불광2동,1,연서로41가길 36-5,445-18,37.6267695600,126.9243729000,,,02-351-7944,서울특별시 은평구청,2026-02-26
불광2동,1,통일로 822-1,301-53,37.6270070000,126.9242880000,2017,,02-351-7944,서울특별시 은평구청,2026-02-26
불광2동,1,연서로41가길 38-11,445-28,37.6271576400,126.9245838000,,,02-351-7944,서울특별시 은평구청,2026-02-26
불광2동,1,연서로41가길 41,445-63,37.6269460000,126.9234850000,2017,,02-351-7944,서울특별시 은평구청,2026-02-26
불광2동,1,연서로41가길 42-3,445-232,37.6271031600,126.9239212000,2018,,02-351-7944,서울특별시 은평구청,2026-02-26
불광2동,1,연서로41가길 42-6,445-224,37.6271050000,126.9241050000,2005,,02-351-7944,서울특별시 은평구청,2026-02-26
불광2동,1,연서로41가길 42-10,445-222,37.6272600000,126.9243410000,2006,,02-351-7944,서울특별시 은평구청,2026-02-26
불광2동,1,통일로92가길 32-7,445-241,37.6270900000,126.9234940000,2017,,02-351-7944,서울특별시 은평구청,2026-02-26
불광2동,1,연서로41가길 37-13,445-97,37.6267890000,126.9230680000,2017,,02-351-7944,서울특별시 은평구청,2026-02-26
불광2동,1,연서로41가길 37-8,445-412,37.6267220000,126.9236240000,2017,,02-351-7944,서울특별시 은평구청,2026-02-26
불광2동,1,연서로41가길 37-5,445-356,37.6265330000,126.9236720000,2017,,02-351-7944,서울특별시 은평구청,2026-02-26
불광2동,1,통일로92길 37,445-332,37.6261380000,126.9237910000,2016,,02-351-7944,서울특별시 은평구청,2026-02-26
불광2동,1,통일로 37-8,445-335,37.6262780000,126.9233920000,2016,,02-351-7944,서울특별시 은평구청,2026-02-26
불광2동,1,통일로92길 33,480-126,37.6258100000,126.9233880000,2016,,02-351-7944,서울특별시 은평구청,2026-02-26
불광2동,1,통일로92다길 4,480-256,37.6254700000,126.9236190000,2018,,02-351-7944,서울특별시 은평구청,2026-02-26
불광2동,1,통일로92다길 3-5,445-342,37.6258330000,126.9239080000,2016,,02-351-7944,서울특별시 은평구청,2026-02-26
불광2동,1,통일로92다길 9-7,445-314,37.6254600000,126.9245260000,2016,,02-351-7944,서울특별시 은평구청,2026-02-26
불광2동,1,통일로92다길 5-6,445-380,37.6254300000,126.9242310000,2016,,02-351-7944,서울특별시 은평구청,2026-02-26
불광2동,1,통일로92다길 6-3,480-284,37.6252100000,126.9238490000,2017,,02-351-7944,서울특별시 은평구청,2026-02-26
불광2동,1,통일로92다길 9-7,480-349,37.6253130000,126.9242330000,2016,,02-351-7944,서울특별시 은평구청,2026-02-26
불광2동,1,통일로92길 31,445-181,37.6258080000,126.9232290000,2017,,02-351-7944,서울특별시 은평구청,2026-02-26
불광2동,1,통일로92길 27,480-43,37.6258410000,126.9228660000,2017,,02-351-7944,서울특별시 은평구청,2026-02-26
불광2동,1,통일로92길 24,480-124,37.6256750000,126.9224040000,2018,,02-351-7944,서울특별시 은평구청,2026-02-26
불광2동,1,통일로92길 22,480-38,37.6256830000,126.9222910000,2005,,02-351-7944,서울특별시 은평구청,2026-02-26
불광2동,1,통일로92길 7-1,480-57,37.6259433300,126.9211290000,,,02-351-7944,서울특별시 은평구청,2026-02-26
불광2동,1,통일로92나길 1,480-39,37.6255560000,126.9222240000,2017,,02-351-7944,서울특별시 은평구청,2026-02-26
불광2동,1,통일로92나길 4-3,480-89,37.6252710000,126.9225680000,2017,,02-351-7944,서울특별시 은평구청,2026-02-26
불광2동,1,통일로92나길 4-1,480-399,37.6253880000,126.9225440000,2017,,02-351-7944,서울특별시 은평구청,2026-02-26
불광2동,1,통일로92다길 9-3,445-324,37.6253680000,126.9243570000,,,02-351-7944,서울특별시 은평구청,2026-02-26
불광2동,1,통일로92나길 7,480-197,37.6253550000,126.9228960000,2017,,02-351-7944,서울특별시 은평구청,2026-02-26
불광2동,1,통일로92나길 7,480-197,37.6253550000,126.9228960000,2017,,02-351-7944,서울특별시 은평구청,2026-02-26
불광2동,1,통일로92나길 11,480-200,37.6250400000,126.9229000000,2017,,02-351-7944,서울특별시 은평구청,2026-02-26
불광2동,1,통일로92나길 23-4,480-130,37.6247610000,126.9230180000,2011,,02-351-7944,서울특별시 은평구청,2026-02-26
불광2동,1,통일로92나길 15,480-132,37.6246690000,126.9227920000,2017,,02-351-7944,서울특별시 은평구청,2026-02-26
불광2동,1,통일로92나길 18,480-220,37.6245420000,126.9226360000,2017,,02-351-7944,서울특별시 은평구청,2026-02-26
불광2동,1,연서로41가길 26-9,471-23,37.6264780000,126.9255420000,2016,,02-351-7944,서울특별시 은평구청,2026-02-26
불광2동,1,통일로92나길 19-5,480-159,37.6245550000,126.9231680000,2017,,02-351-7944,서울특별시 은평구청,2026-02-26
불광2동,1,통일로92나길 22,480-307,37.6242640000,126.9228100000,2017,,02-351-7944,서울특별시 은평구청,2026-02-26
불광2동,1,통일로92길 37-7,445-178,37.6260340000,126.9232820000,2017,,02-351-7944,서울특별시 은평구청,2026-02-26
불광2동,1,통일로92가길 20-10,445-182,37.6258970000,126.9230470000,2017,,02-351-7944,서울특별시 은평구청,2026-02-26
불광2동,1,통일로92가길 20-8,445-185,37.6259490000,126.9228420000,2017,,02-351-7944,서울특별시 은평구청,2026-02-26
불광2동,1,통일로92가길 20-3,445-168,37.6262710000,126.9226220000,2017,,02-351-7944,서울특별시 은평구청,2026-02-26
불광2동,1,통일로92가길 17,445-197,37.6261960000,126.9222150000,2017,,02-351-7944,서울특별시 은평구청,2026-02-26
불광2동,1,통일로92가길 19,445-164,37.6263860000,126.9223030000,2017,,02-351-7944,서울특별시 은평구청,2026-02-26
불광2동,1,통일로92가길 22,445-137,37.6264970000,126.9226190000,2017,,02-351-7944,서울특별시 은평구청,2026-02-26
불광2동,1,통일로 37-16,445-141,37.6264090000,126.9228920000,2016,,02-351-7944,서울특별시 은평구청,2026-02-26
불광2동,1,통일로 92가길 21-2,445-133,37.6266740000,126.9222990000,2006,,02-351-7944,서울특별시 은평구청,2026-02-26
불광2동,1,통일로37가길 8-16,445-125,37.6266760000,126.9225030000,2017,,02-351-7944,서울특별시 은평구청,2026-02-26
불광2동,1,통일로92다길 12-3,480-298,37.6249610000,126.9241360000,2007,,02-351-7944,서울특별시 은평구청,2026-02-26
불광2동,1,통일로92다길 10,480-338,37.6250870000,126.9241680000,2016,,02-351-7944,서울특별시 은평구청,2026-02-26
불광2동,1,통일로92나길 6-7,480-294,37.6250750000,126.9237830000,2017,,02-351-7944,서울특별시 은평구청,2026-02-26
불광2동,1,통일로92다길 6-4,480-171,37.6252620000,126.9235990000,2001,,02-351-7944,서울특별시 은평구청,2026-02-26
불광2동,1,통일로92나길 6-13,480-295,37.6248030000,126.9236170000,2017,,02-351-7944,서울특별시 은평구청,2026-02-26
불광2동,1,연서로92다길 16-20,480-179,37.6246300000,126.9234050000,2017,,02-351-7944,서울특별시 은평구청,2026-02-26
불광2동,1,통일로92나길 7-20,480-286,37.6251340000,126.9234200000,,,02-351-7944,서울특별시 은평구청,2026-02-26
불광2동,1,통일로92나길 7-16,480-208,37.6249330000,126.9230260000,2011,,02-351-7944,서울특별시 은평구청,2026-02-26
불광2동,1,통일로92나길 7-6,480-205,37.6254216900,126.9230975000,,,02-351-7944,서울특별시 은평구청,2026-02-26
불광2동,1,통일로92나길 7-32,480-318,37.6253240000,126.9234170000,2017,,02-351-7944,서울특별시 은평구청,2026-02-26
불광2동,1,통일로 934,500,37.6263738000,126.9202834000,2019,,02-351-7944,서울특별시 은평구청,2026-02-26
불광2동,1,통일로92가길 39-19,445-120,37.6265620000,126.9228220000,2017,,02-351-7944,서울특별시 은평구청,2026-02-26
불광2동,1,통일로92길 39-18,445-4,37.6266460000,126.9231380000,2016,,02-351-7944,서울특별시 은평구청,2026-02-26
불광2동,1,통일로92길 39-14,445-353,37.6265666300,126.9233881000,,,02-351-7944,서울특별시 은평구청,2026-02-26
불광2동,1,통일로92가길 29,445-80,37.6271100000,126.9227010000,2017,,02-351-7944,서울특별시 은평구청,2026-02-26
불광2동,1,통일로92가길 29,445-73,37.6271830000,126.9227670000,2017,,02-351-7944,서울특별시 은평구청,2026-02-26
불광2동,1,통일로88가길 8-5,391-203,37.6242460000,126.9218920000,2018,,02-351-7944,서울특별시 은평구청,2026-02-26
불광2동,1,통일로88길 13-5,391-60,37.6238980900,126.9215842000,,,02-351-7944,서울특별시 은평구청,2026-02-26
불광2동,1,통일로88길 13-14,391-172,37.6238070000,126.9221140000,2017,,02-351-7944,서울특별시 은평구청,2026-02-26
불광2동,1,통일로92길 13-10,480-64,37.6259330000,126.9220490000,2017,,02-351-7944,서울특별시 은평구청,2026-02-26
불광2동,1,연서로41길 30,441-1,37.6266316600,126.9259040000,,,02-351-7944,서울특별시 은평구청,2026-02-26
불광2동,1,통일로92길 13,480-376,37.6240820000,126.9226080000,2017,,02-351-7944,서울특별시 은평구청,2026-02-26
불광2동,1,통일로92길 16-4,481-1,37.6252420000,126.9214250000,2017,,02-351-7944,서울특별시 은평구청,2026-02-26
불광2동,1,통일로92길 16,481-51,37.6254510000,126.9216370000,2007,,02-351-7944,서울특별시 은평구청,2026-02-26
불광2동,1,통일로92길 16-1,480-27,37.6253810000,126.9217740000,2017,,02-351-7944,서울특별시 은평구청,2026-02-26
불광2동,1,통일로90길 31,480-95,37.6253284900,126.9220364000,,,02-351-7944,서울특별시 은평구청,2026-02-26
불광2동,1,통일로90길 25,480-251,37.6251570000,126.9219920000,2011,,02-351-7944,서울특별시 은평구청,2026-02-26
불광2동,1,통일로90길 26,391-254,37.6249410000,126.9220180000,2017,,02-351-7944,서울특별시 은평구청,2026-02-26
불광2동,1,통일로88가길 14,391-270,37.6247970000,126.9220430000,2004,,02-351-7944,서울특별시 은평구청,2026-02-26
불광2동,1,통일로90길 24,391-241,37.6250190000,126.9216430000,2007,,02-351-7944,서울특별시 은평구청,2026-02-26
불광2동,1,통일로90길 22,484-308,37.6249100000,126.9215090000,2017,,02-351-7944,서울특별시 은평구청,2026-02-26
불광2동,1,통일로90길 17-6,481-53,37.6254410000,126.9214440000,2017,,02-351-7944,서울특별시 은평구청,2026-02-26
불광2동,1,통일로90길 9-16,481-6,37.6257410000,126.9208060000,2017,,02-351-7944,서울특별시 은평구청,2026-02-26
불광2동,1,통일로90길 9-16,481-16,37.6255540000,126.9210010000,2006,,02-351-7944,서울특별시 은평구청,2026-02-26
불광2동,1,통일로92길 7-1,480-57,37.6259330000,126.9210750000,2017,,02-351-7944,서울특별시 은평구청,2026-02-26
불광2동,1,연서로41길 30,441-1,37.6266316600,126.9259040000,,,02-351-7944,서울특별시 은평구청,2026-02-26
불광2동,1,통일로92길 13,480-63,37.6256920800,126.9217060000,,,02-351-7944,서울특별시 은평구청,2026-02-26
불광2동,1,통일로92길 11-5,480-17,37.6259550000,126.9214820000,2018,,02-351-7944,서울특별시 은평구청,2026-02-26
불광2동,1,통일로94길 24,479-1,37.6265430000,126.9218140000,2008,,02-351-7944,서울특별시 은평구청,2026-02-26
불광2동,1,통일로92가길 7,479-18,37.6263580000,126.9213070000,2017,,02-351-7944,서울특별시 은평구청,2026-02-26
불광2동,1,통일로94길 30-5,479-5,37.6272590000,126.9222910000,2017,,02-351-7944,서울특별시 은평구청,2026-02-26
불광2동,1,통일로94길 31,479-10,37.6272250000,126.9215210000,2017,,02-351-7944,서울특별시 은평구청,2026-02-26
불광2동,1,통일로94길 34-1,479-34,37.6276080000,126.9219340000,2017,,02-351-7944,서울특별시 은평구청,2026-02-26
불광2동,1,통일로94길 34-8,479-37,37.6273680000,126.9223800000,2017,,02-351-7944,서울특별시 은평구청,2026-02-26
불광2동,1,통일로94길 27-1,479-65,37.6270740000,126.9216590000,2017,,02-351-7944,서울특별시 은평구청,2026-02-26
불광2동,1,통일로94길 27-8,479-62,37.6271060000,126.9212840000,2018,,02-351-7944,서울특별시 은평구청,2026-02-26
불광2동,1,통일로94길 28-4,479-103,37.6269170000,126.9222950000,2006,,02-351-7944,서울특별시 은평구청,2026-02-26
불광2동,1,통일로92가길 23-3,445-126,37.6267100000,126.9223210000,2017,,02-351-7944,서울특별시 은평구청,2026-02-26
불광2동,1,통일로94길 24,479-1,37.6265430000,126.9218140000,2017,,02-351-7944,서울특별시 은평구청,2026-02-26
불광2동,1,통일로94길 21,479-92,37.6266930000,126.9214150000,2017,,02-351-7944,서울특별시 은평구청,2026-02-26
불광2동,1,통일로94길 17,479-47,37.6266890000,126.9209620000,2017,,02-351-7944,서울특별시 은평구청,2026-02-26
불광2동,1,통일로94길 17-6,479-89,37.6268340000,126.9210730000,2017,,02-351-7944,서울특별시 은평구청,2026-02-26
불광2동,1,통일로 934,500-,37.6263700000,126.9206270000,2017,,02-351-7944,서울특별시 은평구청,2026-02-26
불광2동,1,통일로94길,478-2,37.6270730000,126.9206170000,2017,,02-351-7944,서울특별시 은평구청,2026-02-26
불광2동,1,통일로94길,478-2,37.6270730000,126.9206170000,2017,,02-351-7944,서울특별시 은평구청,2026-02-26
불광2동,1,통일로 942-11,518,37.6270871300,126.9203496000,,,02-351-7944,서울특별시 은평구청,2026-02-26
불광2동,1,통일로94길 7,477-1,37.6273410000,126.9203860000,2017,,02-351-7944,서울특별시 은평구청,2026-02-26
불광2동,1,통일로94길 7,476-2,37.6274750000,126.9202370000,2017,,02-351-7944,서울특별시 은평구청,2026-02-26
불광2동,1,통일로94길 5-11,475,37.6277730000,126.9203010000,2007,,02-351-7944,서울특별시 은평구청,2026-02-26
불광2동,1,통일로94길 5-1,473-,37.6279900000,126.9203650000,2008,,02-351-7944,서울특별시 은평구청,2026-02-26
불광2동,1,연서로32길 3,353-66,37.6214220000,126.9273590000,2018,,02-351-7944,서울특별시 은평구청,2026-02-26
불광2동,1,통일로90길 9-5,481-10,37.6251036200,126.9206918000,2023,,02-351-7944,서울특별시 은평구청,2026-02-26
불광2동,1,통일로90길 6,481-45,37.6246820000,126.9203000000,2017,,02-351-7944,서울특별시 은평구청,2026-02-26
불광2동,1,통일로90길 8-1,481-60,37.6244670000,126.9203600000,2017,,02-351-7944,서울특별시 은평구청,2026-02-26
불광2동,1,통일로90길 10,481-26,37.6246124600,126.9205874000,2023,,02-351-7944,서울특별시 은평구청,2026-02-26
불광2동,1,통일로90길 20-1,484-334,37.6246730000,126.9212740000,2017,,02-351-7944,서울특별시 은평구청,2026-02-26
불광2동,1,통일로90길 20-2,484-335,37.6247110000,126.9214550000,2017,,02-351-7944,서울특별시 은평구청,2026-02-26
불광2동,1,통일로90길 9,391-239,37.6246250000,126.9218640000,2017,,02-351-7944,서울특별시 은평구청,2026-02-26
불광2동,1,통일로88가길 7,391-163,37.6244231000,126.9216538000,2021,,02-351-7944,서울특별시 은평구청,2026-02-26
불광2동,1,통일로88가길 5,391-138,37.6242780000,126.9214500000,2017,,02-351-7944,서울특별시 은평구청,2026-02-26
불광2동,1,통일로92길 5,479-116,37.6263580000,126.9212390000,2008,,02-351-7944,서울특별시 은평구청,2026-02-26
불광2동,1,통일로92가길 7,479-18,37.6263580000,126.9213070000,2007,,02-351-7944,서울특별시 은평구청,2026-02-26
불광2동,1,통일로90길 9-14,481-94,37.6254730000,126.9210020000,2017,,02-351-7944,서울특별시 은평구청,2026-02-26
불광2동,1,통일로90길 9-8,481-13,37.6251200000,126.9208600000,2017,,02-351-7944,서울특별시 은평구청,2026-02-26
불광2동,1,통일로90길 11,481-11,37.6249120000,126.9207380000,2017,,02-351-7944,서울특별시 은평구청,2026-02-26
불광2동,1,통일로90길 14-1,481-23,37.6248420000,126.9210340000,2017,,02-351-7944,서울특별시 은평구청,2026-02-26
불광2동,1,통일로90길 17-1,481-55,37.6251870000,126.9212900000,2018,,02-351-7944,서울특별시 은평구청,2026-02-26
불광2동,1,통일로88가길 9-4,391-237,37.6246060000,126.9217510000,2004,,02-351-7944,서울특별시 은평구청,2026-02-26
불광2동,1,통일로88가길 10-6,391-182,37.6244480000,126.9222180000,2008,,02-351-7944,서울특별시 은평구청,2026-02-26
불광2동,1,통일로88가길 10-14,391-191,37.6244220000,126.9224220000,2006,,02-351-7944,서울특별시 은평구청,2026-02-26
불광2동,1,통일로88가길 10-5,391-135,37.6246044600,126.9222823000,,,02-351-7944,서울특별시 은평구청,2026-02-26
불광2동,1,통일로88가길 10-11,391-133,37.6247758700,126.9223709000,2019,,02-351-7944,서울특별시 은평구청,2026-02-26
불광2동,1,통일로88가길 10-24,480-118,37.6248868900,126.9224808000,,,02-351-7944,서울특별시 은평구청,2026-02-26
불광2동,1,통일로88길 16-1,391-5,37.6236560000,126.9223650000,2017,,02-351-7944,서울특별시 은평구청,2026-02-26
불광2동,1,통일로92나길 16-24,480-231,37.6237940000,126.9226460000,2017,,02-351-7944,서울특별시 은평구청,2026-02-26
불광2동,1,통일로92나길 26-18,480-377,37.6240080000,126.9224170000,2017,,02-351-7944,서울특별시 은평구청,2026-02-26
불광2동,1,통일로92나길 26-18,480-226,37.6241610000,126.9224030000,2006,,02-351-7944,서울특별시 은평구청,2026-02-26
불광2동,1,통일로92나길 26-18,480-226,37.6241610000,126.9224030000,2006,,02-351-7944,서울특별시 은평구청,2026-02-26
불광2동,1,통일로92나길 26-10,480-306,37.6241190000,126.9227320000,2017,,02-351-7944,서울특별시 은평구청,2026-02-26
불광2동,1,통일로92나길 26-15,480-231,37.6237940000,126.9226460000,2017,,02-351-7944,서울특별시 은평구청,2026-02-26
불광2동,1,통일로88가길 7-8,391-266,37.6245210000,126.9213330000,2011,,02-351-7944,서울특별시 은평구청,2026-02-26
불광2동,1,통일로88가길 7-7,391-175,37.6244100000,126.9210860000,2018,,02-351-7944,서울특별시 은평구청,2026-02-26
불광2동,1,통일로88가길 7-11,481-97,37.6245160000,126.9208460000,2018,,02-351-7944,서울특별시 은평구청,2026-02-26
불광2동,1,통일로92나길 27,480-247,37.6236830000,126.9233390000,2006,,02-351-7944,서울특별시 은평구청,2026-02-26
불광2동,1,통일로92나길 33,480-244,37.6234020700,126.9234938000,2019,,02-351-7944,서울특별시 은평구청,2026-02-26
불광2동,1,통일로92나길 33,480-244,37.6233510000,126.9234910000,2017,,02-351-7944,서울특별시 은평구청,2026-02-26
불광2동,1,통일로92나길 33,480-244,37.6233510000,126.9234910000,2017,,02-351-7944,서울특별시 은평구청,2026-02-26
불광2동,1,통일로92나길 36,396-2,37.6232080000,126.9236060000,2008,,02-351-7944,서울특별시 은평구청,2026-02-26
불광2동,1,연서로33길 20-26,400-14,37.623013,126.923994,철거,,02-351-7944,서울특별시 은평구청,2026-02-26
불광2동,1,통일로88가길 3,391-64,37.6241690000,126.9213160000,2017,,02-351-7944,서울특별시 은평구청,2026-02-26
불광2동,1,통일로88가길 3-6,391-113,37.6242920000,126.9210080000,2017,,02-351-7944,서울특별시 은평구청,2026-02-26
불광2동,1,통일로88가길 3-8,391-66,37.6243450000,126.9208490000,2017,,02-351-7944,서울특별시 은평구청,2026-02-26
불광2동,1,통일로92길 7-6,480-52,37.6261087900,126.9213181000,,,02-351-7944,서울특별시 은평구청,2026-02-26
불광2동,1,통일로88길 12,484-88,37.6237520000,126.9210720000,2017,,02-351-7944,서울특별시 은평구청,2026-02-26
불광2동,1,통일로88길 8,484-157,37.6238940000,126.9208210000,2017,,02-351-7944,서울특별시 은평구청,2026-02-26
불광2동,1,통일로88길 6,484-161,37.6239110000,126.9206620000,2017,,02-351-7944,서울특별시 은평구청,2026-02-26
불광2동,1,통일로88길 4,484-158,37.6240340000,126.9203660000,2017,,02-351-7944,서울특별시 은평구청,2026-02-26
불광2동,1,통일로82길 47,484-104,37.6237480000,126.9205510000,2017,,02-351-7944,서울특별시 은평구청,2026-02-26
불광2동,1,통일로 900-13,483-9,37.6238460000,126.9204710000,2017,,02-351-7944,서울특별시 은평구청,2026-02-26
불광2동,1,통일로 906,483-12,37.6281340000,126.9203520000,2013,,02-351-7944,서울특별시 은평구청,2026-02-26
불광2동,1,통일로 900-6,484-108,37.6234480000,126.9203400000,2017,,02-351-7944,서울특별시 은평구청,2026-02-26
불광2동,1,통일로 900,483-136,37.6237910000,126.9203700000,2017,,02-351-7944,서울특별시 은평구청,2026-02-26
불광2동,1,통일로 900,484-136,37.6232400000,126.9201850000,2011,,02-351-7944,서울특별시 은평구청,2026-02-26
불광2동,1,통일로82길 41,484-110,37.6232780000,126.9204000000,2011,,02-351-7944,서울특별시 은평구청,2026-02-26
불광2동,1,통일로 818-1,301-75,37.6234440000,126.9208620000,2017,,02-351-7944,서울특별시 은평구청,2026-02-26
불광2동,1,통일로82길 48,484-89,37.6237250000,126.9210610000,2015,,02-351-7944,서울특별시 은평구청,2026-02-26
불광2동,1,통일로82길 40,484-93,37.6231800000,126.9206050000,2017,,02-351-7944,서울특별시 은평구청,2026-02-26
불광2동,1,통일로82길 36,484-95,37.6228830000,126.9205870000,2017,,02-351-7944,서울특별시 은평구청,2026-02-26
불광2동,1,통일로82길 36,484-95,37.6228830000,126.9205870000,2008,,02-351-7944,서울특별시 은평구청,2026-02-26
불광2동,1,통일로82길 32-1,484-6,37.6225670000,126.9205570000,2015,,02-351-7944,서울특별시 은평구청,2026-02-26
불광2동,1,통일로82길 32-1,484-6,37.6225670000,126.9205570000,2017,,02-351-7944,서울특별시 은평구청,2026-02-26
불광2동,1,통일로82길 28,484-13,37.6222310000,126.9202220000,2017,,02-351-7944,서울특별시 은평구청,2026-02-26
불광2동,1,통일로82가길 26,484-24,37.6221050000,126.9202580000,2017,,02-351-7944,서울특별시 은평구청,2026-02-26
불광2동,1,통일로82나길 6,484-150,37.6220920000,126.9207570000,2017,,02-351-7944,서울특별시 은평구청,2026-02-26
불광2동,1,통일로82나길 8,484-26,37.6221740000,126.9209370000,2011,,02-351-7944,서울특별시 은평구청,2026-02-26
불광2동,1,통일로82길 32-7,484-100,37.6226150000,126.9207940000,2017,,02-351-7944,서울특별시 은평구청,2026-02-26
불광2동,1,통일로82나길 9,484-19,37.6223650000,126.9210580000,2017,,02-351-7944,서울특별시 은평구청,2026-02-26
불광2동,1,통일로64나길 10-6,391-100,37.6219810000,126.9214830000,2017,,02-351-7944,서울특별시 은평구청,2026-02-26
불광2동,1,통일로82길 18,484-40,37.6221130000,126.9211640000,2018,,02-351-7944,서울특별시 은평구청,2026-02-26
불광2동,1,통일로88길 15-19,391-43,37.6234960000,126.9226390000,2004,,02-351-7944,서울특별시 은평구청,2026-02-26
불광2동,1,통일로88길 15-9,391-286,37.6235720000,126.9220490000,2017,,02-351-7944,서울특별시 은평구청,2026-02-26
불광2동,1,통일로88길 15-5,391-13,37.6236600000,126.9217650000,2017,,02-351-7944,서울특별시 은평구청,2026-02-26
불광2동,1,통일로88길 13-4,391-12,37.6237120000,126.9215710000,2017,,02-351-7944,서울특별시 은평구청,2026-02-26
불광2동,1,통일로88길 13-4,391-12,37.6237120000,126.9215710000,2017,,02-351-7944,서울특별시 은평구청,2026-02-26
불광2동,1,통일로88길 13,391-61,37.6238194900,126.9213860000,,,02-351-7944,서울특별시 은평구청,2026-02-26
불광2동,1,통일로88길 12,484-88,37.6237520000,126.9210720000,2009,,02-351-7944,서울특별시 은평구청,2026-02-26
불광2동,1,통일로88길 12-7,391-50,37.6234290000,126.9211560000,2017,,02-351-7944,서울특별시 은평구청,2026-02-26
불광2동,1,통일로88길 12-14,484-306,37.6231370000,126.9207870000,2017,,02-351-7944,서울특별시 은평구청,2026-02-26
불광2동,1,통일로82길 22-7,484-152,37.6219280000,126.9206460000,2018,,02-351-7944,서울특별시 은평구청,2026-02-26
불광2동,1,통일로82가길 24,484-28,37.6218080000,126.9203190000,2015,,02-351-7944,서울특별시 은평구청,2026-02-26
불광2동,1,통일로82길 18,484-52,37.6213770000,126.9204500000,2017,,02-351-7944,서울특별시 은평구청,2026-02-26
불광2동,1,불광로18길 47,01월 25일,37.6211950000,126.9202600000,2017,,02-351-7944,서울특별시 은평구청,2026-02-26
불광2동,1,통일로82길,484-54,37.6211880000,126.9205090000,2017,,02-351-7944,서울특별시 은평구청,2026-02-26
불광2동,1,통일로82가길 1,484-56,37.6209010000,126.9205810000,2015,,02-351-7944,서울특별시 은평구청,2026-02-26
불광2동,1,통일로82길 10,484-58,37.6206580000,126.9206750000,2017,,02-351-7944,서울특별시 은평구청,2026-02-26
불광2동,1,통일로82길 10,484-58,37.6206580000,126.9206750000,2017,,02-351-7944,서울특별시 은평구청,2026-02-26
불광2동,1,통일로80길 1,486-33,37.6200190000,126.9207300000,2018,,02-351-7944,서울특별시 은평구청,2026-02-26
불광2동,1,통일로82길 18-9,484-48,37.6216950000,126.9207850000,2016,,02-351-7944,서울특별시 은평구청,2026-02-26
불광2동,1,통일로88길 12-16,484-324,37.6229480000,126.9207670000,2017,,02-351-7944,서울특별시 은평구청,2026-02-26
불광2동,1,통일로88길 12-20,484-312,37.6228590000,126.9209040000,2017,,02-351-7944,서울특별시 은평구청,2026-02-26
불광2동,1,통일로88길 12-24,484-98,37.6226430000,126.9209750000,2017,,02-351-7944,서울특별시 은평구청,2026-02-26
불광2동,1,통일로82나길 13,391-88,37.6225390000,126.9214300000,2017,,02-351-7944,서울특별시 은평구청,2026-02-26
불광2동,1,통일로84길 13-1,391-87,37.6226580000,126.9216320000,2017,,02-351-7944,서울특별시 은평구청,2026-02-26
불광2동,1,통일로82나길 13-3,391-90,37.6228270000,126.9214140000,2017,,02-351-7944,서울특별시 은평구청,2026-02-26
불광2동,1,통일로82나길 13-11,391-93,37.6231420000,126.9213190000,2017,,02-351-7944,서울특별시 은평구청,2026-02-26
불광2동,1,통일로80길 16-1,391-52,37.6233670000,126.9213050000,2008,,02-351-7944,서울특별시 은평구청,2026-02-26
불광2동,1,통일로88길 16,391-51,37.6234130000,126.9214170000,2018,,02-351-7944,서울특별시 은평구청,2026-02-26
불광2동,1,통일로82길 18-14,484-144,37.6219080000,126.9213710000,2011,,02-351-7944,서울특별시 은평구청,2026-02-26
불광2동,1,통일로92나길 34-7,393-2,37.6230590000,126.9231330000,2017,,02-351-7944,서울특별시 은평구청,2026-02-26
불광2동,1,통일로92나길 34-11,382-22,37.6229830000,126.9226810000,2017,,02-351-7944,서울특별시 은평구청,2026-02-26
불광2동,1,통일로88길 21-2,382-10,37.6230510000,126.9221810000,2017,,02-351-7944,서울특별시 은평구청,2026-02-26
불광2동,1,통일로88길 21-2,382-10,37.6230510000,126.9221810000,2017,,02-351-7944,서울특별시 은평구청,2026-02-26
불광2동,1,연서로35길 3-7,355-13,37.6214220000,126.9273590000,2008,,02-351-7944,서울특별시 은평구청,2026-02-26
불광2동,1,통일로80가길 7,312-52,37.6208520000,126.9221450000,2017,,02-351-7944,서울특별시 은평구청,2026-02-26
불광2동,1,통일로80가길 11-1,312-49,37.6212310000,126.9221850000,2017,,02-351-7944,서울특별시 은평구청,2026-02-26
불광2동,1,통일로80가길 13-4,376-13,37.6215460000,126.9222140000,2017,,02-351-7944,서울특별시 은평구청,2026-02-26
불광2동,1,통일로80가길 16,376-19,37.6215050000,126.9225780000,2017,,02-351-7944,서울특별시 은평구청,2026-02-26
불광2동,1,통일로80가길 14-9,376-22,37.6215530000,126.9228940000,2017,,02-351-7944,서울특별시 은평구청,2026-02-26
불광2동,1,통일로88길 19,391-23,37.6232640000,126.9218500000,2004,,02-351-7944,서울특별시 은평구청,2026-02-26
불광2동,1,통일로88길 21,391-23,37.6232640000,126.9218500000,2017,,02-351-7944,서울특별시 은평구청,2026-02-26
불광2동,1,통일로88길 26,382,37.6228426000,126.9220995000,,,02-351-7944,서울특별시 은평구청,2026-02-26
불광2동,1,통일로88길 26,382-,37.6227340000,126.9220840000,2017,,02-351-7944,서울특별시 은평구청,2026-02-26
불광2동,1,통일로88길 21-6,382-13,37.6229160000,126.9222400000,2007,,02-351-7944,서울특별시 은평구청,2026-02-26
불광2동,1,통일로88길 29-3,382-20,37.6228930000,126.9226820000,2019,,02-351-7944,서울특별시 은평구청,2026-02-26
불광2동,1,통일로88길 29-6,385-1,37.6226970000,126.9229570000,2017,,02-351-7944,서울특별시 은평구청,2026-02-26
불광2동,1,연서로33길 20-31,400-20,37.6230600000,126.9241980000,2004,,02-351-7944,서울특별시 은평구청,2026-02-26
불광2동,1,연서로33길 20-30,400-26,37.6229870000,126.9241190000,2011,,02-351-7944,서울특별시 은평구청,2026-02-26
불광2동,1,연서로33길 16-47,402-1,37.6226080000,126.9240680000,2018,,02-351-7944,서울특별시 은평구청,2026-02-26
불광2동,1,연서로33길 30,399-1,37.6229830000,126.9236550000,2008,,02-351-7944,서울특별시 은평구청,2026-02-26
불광2동,1,연서로33길 16-45,403,37.6226117800,126.9241760000,2021,,02-351-7944,서울특별시 은평구청,2026-02-26
불광2동,1,연서로33길 16-45,403-,37.6224740000,126.9241270000,2004,,02-351-7944,서울특별시 은평구청,2026-02-26
불광2동,1,연서로33길 16-41,400-63,37.6224221800,126.9244001000,,,02-351-7944,서울특별시 은평구청,2026-02-26
불광2동,1,연서로33길 16-43,403-1,37.6223200000,126.9241060000,2007,,02-351-7944,서울특별시 은평구청,2026-02-26
불광2동,1,연서로34가길 16-16,346-102,37.6223350000,126.9237780000,2019,,02-351-7944,서울특별시 은평구청,2026-02-26
불광2동,1,연서로33길 20-2,405-4,37.6221840000,126.9240060000,2005,,02-351-7944,서울특별시 은평구청,2026-02-26
불광2동,1,연서로 19-1,371-3,37.6221990000,126.9236320000,2017,,02-351-7944,서울특별시 은평구청,2026-02-26
불광2동,1,연서로33길 23,389-1,37.6222860000,126.9233480000,2017,,02-351-7944,서울특별시 은평구청,2026-02-26
불광2동,1,통일로88길 24-1,380-7,37.6227320000,126.9218230000,2017,,02-351-7944,서울특별시 은평구청,2026-02-26
불광2동,1,통일로82나길 16-3,379-31,37.6224720000,126.9219740000,2017,,02-351-7944,서울특별시 은평구청,2026-02-26
불광2동,1,통일로82나길 16-3,376-31,37.6218220000,126.9228450000,2008,,02-351-7944,서울특별시 은평구청,2026-02-26
불광2동,1,통일로82나길 16-8,379-50,37.6223320000,126.9223620000,2006,,02-351-7944,서울특별시 은평구청,2026-02-26
불광2동,1,통일로82나길 16-7,379-29,37.6223930000,126.9222020000,2017,,02-351-7944,서울특별시 은평구청,2026-02-26
불광2동,1,통일로82나길 22,379-27,37.6223870000,126.9224850000,2007,,02-351-7944,서울특별시 은평구청,2026-02-26
불광2동,1,통일로82가길 31,377-19,37.6221430000,126.9224890000,2017,,02-351-7944,서울특별시 은평구청,2026-02-26
불광2동,1,통일로82가길 28,377-11,37.6219980000,126.9223330000,2017,,02-351-7944,서울특별시 은평구청,2026-02-26
불광2동,1,통일로82가길 27,377-17,37.6221510000,126.9223420000,2017,,02-351-7944,서울특별시 은평구청,2026-02-26
불광2동,1,통일로80가길 18,376-18,37.6216040000,126.9226670000,2017,,02-351-7944,서울특별시 은평구청,2026-02-26
불광2동,1,통일로88길 21-1,376-41,37.6220300000,126.9218790000,2017,,02-351-7944,서울특별시 은평구청,2026-02-26
불광2동,1,통일로88길 21,378-2,37.6218310000,126.9218250000,2017,,02-351-7944,서울특별시 은평구청,2026-02-26
불광2동,1,통일로88길 19-4,378-5,37.6217650000,126.9215430000,2008,,02-351-7944,서울특별시 은평구청,2026-02-26
불광2동,1,통일로88길 19,378-8,37.6216950000,126.9217480000,2017,,02-351-7944,서울특별시 은평구청,2026-02-26
불광2동,1,통일로82가길 13,484-288,37.6213650000,126.9211520000,2017,,02-351-7944,서울특별시 은평구청,2026-02-26
불광2동,1,통일로82가길 13-3,484-287,37.6214730000,126.9211280000,2017,,02-351-7944,서울특별시 은평구청,2026-02-26
불광2동,1,통일로82가길 13-11,484-284,37.6214430000,126.9208230000,2011,,02-351-7944,서울특별시 은평구청,2026-02-26
불광2동,1,통일로82가길 13-12,484-282,37.6215073400,126.9207290000,,,02-351-7944,서울특별시 은평구청,2026-02-26
불광2동,1,통일로82가길 11-7,484-294,37.6212550000,126.9209160000,2008,,02-351-7944,서울특별시 은평구청,2026-02-26
불광2동,1,통일로82가길 9,484-228,37.6211410000,126.9212690000,2017,,02-351-7944,서울특별시 은평구청,2026-02-26
불광2동,1,,389-1,,,,,02-351-7944,서울특별시 은평구청,2026-02-26
불광2동,1,통일로88길 35-2,387-4,37.6225280000,126.9231740000,2007,,02-351-7944,서울특별시 은평구청,2026-02-26
불광2동,1,연서로33길 27,393-7,37.6226830000,126.9234100000,2018,,02-351-7944,서울특별시 은평구청,2026-02-26
불광2동,1,,393-7,,,,,02-351-7944,서울특별시 은평구청,2026-02-26
불광2동,1,연서로33길 17,371-22,37.6220290000,126.9238160000,2017,,02-351-7944,서울특별시 은평구청,2026-02-26
불광2동,1,연서로33길 18-3,405-3,37.6221950000,126.9241310000,2005,,02-351-7944,서울특별시 은평구청,2026-02-26
불광2동,1,연서로33길 16-33,417-,37.6228490000,126.9247330000,2004,,02-351-7944,서울특별시 은평구청,2026-02-26
불광2동,1,연서로33길 16-33,417-,37.6228490000,126.9247330000,2006,,02-351-7944,서울특별시 은평구청,2026-02-26
불광2동,1,연서로33길 16-36,400-34,37.6229080000,126.9243700000,2008,,02-351-7944,서울특별시 은평구청,2026-02-26
불광2동,1,통일로82가길 8-1,484-239,37.6208900000,126.9213740000,2017,,02-351-7944,서울특별시 은평구청,2026-02-26
불광2동,1,통일로82가길 6,484-241,37.6208060000,126.9210810000,2017,,02-351-7944,서울특별시 은평구청,2026-02-26
불광2동,1,통일로82가길 3,484-223,37.6209030000,126.9208530000,2017,,02-351-7944,서울특별시 은평구청,2026-02-26
불광2동,1,통일로82가길 4-4,484-60,37.6205070000,126.9208470000,2017,,02-351-7944,서울특별시 은평구청,2026-02-26
불광2동,1,통일로82가길 4-7,486-28,37.6205920000,126.9213330000,2017,,02-351-7944,서울특별시 은평구청,2026-02-26
불광2동,1,통일로80길 7-4,312-104,37.6202330000,126.9214290000,2017,,02-351-7944,서울특별시 은평구청,2026-02-26
불광2동,1,통일로82길 6-3,484-65,37.6203170000,126.9208390000,2017,,02-351-7944,서울특별시 은평구청,2026-02-26
불광2동,1,통일로82길 6-3,484-65,37.6203170000,126.9208390000,2017,,02-351-7944,서울특별시 은평구청,2026-02-26
불광2동,1,통일로80길 7-2,312-119,37.6201520000,126.9215210000,2017,,02-351-7944,서울특별시 은평구청,2026-02-26
불광2동,1,통일로80길 8,486-2,37.6198640000,126.9215250000,2017,,02-351-7944,서울특별시 은평구청,2026-02-26
불광2동,1,통일로80길 6,310-137,37.6198980000,126.9212750000,2017,,02-351-7944,서울특별시 은평구청,2026-02-26
불광2동,1,통일로80길 3,486-25,37.6197600000,126.9209380000,2017,,02-351-7944,서울특별시 은평구청,2026-02-26
불광2동,1,통일로80길 10,311-12,37.6198760000,126.9218080000,2017,,02-351-7944,서울특별시 은평구청,2026-02-26
불광2동,1,연서로 247,311-6,37.6197960000,126.9219340000,2017,,02-351-7944,서울특별시 은평구청,2026-02-26
불광2동,1,통일로 850,310-94,37.6191790000,126.9215010000,2017,,02-351-7944,서울특별시 은평구청,2026-02-26
불광2동,1,통일로 850,310-94,37.6191605800,126.9213756000,,,02-351-7944,서울특별시 은평구청,2026-02-26
불광2동,1,통일로 850,310-94,37.6191605800,126.9213756000,,,02-351-7944,서울특별시 은평구청,2026-02-26
불광2동,1,통일로 850,310-130,37.6191605800,126.9213756000,,,02-351-7944,서울특별시 은평구청,2026-02-26
불광2동,1,연서로 247,311-6,37.6194271000,126.9223333000,,,02-351-7944,서울특별시 은평구청,2026-02-26
불광2동,1,통일로82길 13,312-23,37.6201470000,126.9219510000,2017,,02-351-7944,서울특별시 은평구청,2026-02-26
불광2동,1,연서로33길 16-47,402-1,37.6227138600,126.9240526000,,,02-351-7944,서울특별시 은평구청,2026-02-26
불광2동,1,불광로22길 6,170-33,37.6245980000,126.9298060000,2007,,02-351-7944,서울특별시 은평구청,2026-02-26
불광2동,1,연서로33길 16-13,415-,37.6224690000,126.9246370000,2004,,02-351-7944,서울특별시 은평구청,2026-02-26
불광2동,1,연서로33길 16-11,400-7,37.6222070000,126.9245160000,2017,,02-351-7944,서울특별시 은평구청,2026-02-26
불광2동,1,연서로33길 14-7,414-5,37.6220360000,126.9245300000,2017,,02-351-7944,서울특별시 은평구청,2026-02-26
불광2동,1,연서로33길 16-4,409-,37.6219630000,126.9243830000,2017,,02-351-7944,서울특별시 은평구청,2026-02-26
불광2동,1,연서로33길 13-1,371-1,37.6219760000,126.9238850000,2017,,02-351-7944,서울특별시 은평구청,2026-02-26
불광2동,1,연서로33길 14-4,411-1,37.6218640000,126.9244640000,2007,,02-351-7944,서울특별시 은평구청,2026-02-26
불광2동,1,연서로33길 14-8,412-3,37.6219920000,126.9246210000,2007,,02-351-7944,서울특별시 은평구청,2026-02-26
불광2동,1,연서로33길 14-12,412-2,37.6220110000,126.9247680000,2011,,02-351-7944,서울특별시 은평구청,2026-02-26
불광2동,1,연서로33길 12-19,418-4,37.6221230000,126.9251290000,2018,,02-351-7944,서울특별시 은평구청,2026-02-26
불광2동,1,연서로33길 12-13,412-5,37.6220030000,126.9248700000,2005,,02-351-7944,서울특별시 은평구청,2026-02-26
불광2동,1,연서로33길 11-1,369-1,37.6215990000,126.9240490000,2009,,02-351-7944,서울특별시 은평구청,2026-02-26
불광2동,1,연서로33길 9,369-4,37.6213570000,126.9241660000,2017,,02-351-7944,서울특별시 은평구청,2026-02-26
불광2동,1,연서로33길 5-1,367-2,37.6212060000,126.9243720000,2017,,02-351-7944,서울특별시 은평구청,2026-02-26
불광2동,1,연서로33길 8-5,364-1,37.6215690000,126.9246720000,2017,,02-351-7944,서울특별시 은평구청,2026-02-26
불광2동,1,연서로33길 8-11,363-9,37.6216330000,126.9248190000,2017,,02-351-7944,서울특별시 은평구청,2026-02-26
불광2동,1,연서로 8-21,361-4,37.6218990000,126.9253240000,2017,,02-351-7944,서울특별시 은평구청,2026-02-26
불광2동,1,,419-20,,,,,02-351-7944,서울특별시 은평구청,2026-02-26
불광2동,1,연서로33길 12-24,361-6,37.6217440000,126.9250660000,2004,,02-351-7944,서울특별시 은평구청,2026-02-26
불광2동,1,연서로35길 7-14,419-9,37.6221880000,126.9253770000,,,02-351-7944,서울특별시 은평구청,2026-02-26
불광2동,1,연서로35길 15,400-51,37.6224740000,126.9251920000,,,02-351-7944,서울특별시 은평구청,2026-02-26
불광2동,1,연서로35길 14,421-10,37.6224230000,126.9255100000,2017,,02-351-7944,서울특별시 은평구청,2026-02-26
불광2동,1,연서로35길 10,421-22,37.6222360000,126.9256930000,2008,,02-351-7944,서울특별시 은평구청,2026-02-26
불광2동,1,연서로35길 12-2,421-14,37.6223160000,126.9255900000,2017,,02-351-7944,서울특별시 은평구청,2026-02-26
불광2동,1,연서로35길 7,419-6,37.6220460000,126.9255830000,2017,,02-351-7944,서울특별시 은평구청,2026-02-26
불광2동,1,연서로35길 6,422-5,37.6218240000,126.9259710000,2017,,02-351-7944,서울특별시 은평구청,2026-02-26
불광2동,1,연서로33길 12-10,362-3,37.6216870000,126.9247500000,2011,,02-351-7944,서울특별시 은평구청,2026-02-26
불광2동,1,연서로33길 12-4,365-5,37.6215220000,126.9244580000,2011,,02-351-7944,서울특별시 은평구청,2026-02-26
불광2동,1,연서로35길 3-7,359-11,37.6216500000,126.9257250000,2008,,02-351-7944,서울특별시 은평구청,2026-02-26
불광2동,1,통일로80길 11-15,312-34,37.6207110000,126.9214680000,2007,,02-351-7944,서울특별시 은평구청,2026-02-26
불광2동,1,통일로80길 11-7,312-18,37.6203330000,126.9215860000,2017,,02-351-7944,서울특별시 은평구청,2026-02-26
불광2동,1,통일로80길 11-3,312-22,37.6201540000,126.9217020000,2016,,02-351-7944,서울특별시 은평구청,2026-02-26
불광2동,1,통일로82길 14,310-125,37.6200500000,126.9221790000,2017,,02-351-7944,서울특별시 은평구청,2026-02-26
불광2동,1,통일로80길 16-2,310-125,37.6200500000,126.9221790000,2017,,02-351-7944,서울특별시 은평구청,2026-02-26
불광2동,1,통일로80길 16-6,310-177,37.6198530000,126.9223070000,2017,,02-351-7944,서울특별시 은평구청,2026-02-26
불광2동,1,통일로80가길 3-1,312-65,37.6206080000,126.9220580000,2017,,02-351-7944,서울특별시 은평구청,2026-02-26
불광2동,1,통일로80가길 8,312-75,37.6207630000,126.9223280000,2017,,02-351-7944,서울특별시 은평구청,2026-02-26
불광2동,1,통일로80가길 9-4,312-53,37.6208780000,126.9219980000,2017,,02-351-7944,서울특별시 은평구청,2026-02-26
불광2동,1,통일로80가길 7-7,312-60,37.6208660000,126.9217030000,2017,,02-351-7944,서울특별시 은평구청,2026-02-26
불광2동,1,통일로80가길 7-10,312-55,37.6211319500,126.9219956000,,,02-351-7944,서울특별시 은평구청,2026-02-26
불광2동,1,통일로80가길 7-15,484-232,37.6213080000,126.9217760000,2017,,02-351-7944,서울특별시 은평구청,2026-02-26
불광2동,1,통일로80가길 10,312-44,37.6209620000,126.9224040000,2017,,02-351-7944,서울특별시 은평구청,2026-02-26
불광2동,1,통일로80가길 8-8,312-89,37.6208840000,126.9227340000,2017,,02-351-7944,서울특별시 은평구청,2026-02-26
불광2동,1,통일로92다길 17,442-76,37.6245880000,126.9247530000,2017,,02-351-7944,서울특별시 은평구청,2026-02-26
불광2동,1,통일로92다길 19-1,442-67,37.6244350000,126.9247440000,2004,,02-351-7944,서울특별시 은평구청,2026-02-26
불광2동,1,통일로92다길 16-6,480-301,37.6247910000,126.9242630000,2009,,02-351-7944,서울특별시 은평구청,2026-02-26
불광2동,1,통일로92다길 16-8,480-313,37.6247890000,126.9241270000,2017,,02-351-7944,서울특별시 은평구청,2026-02-26
불광2동,1,연서로92다길 15,442-52,37.6247590000,126.9247400000,2017,,02-351-7944,서울특별시 은평구청,2026-02-26
불광2동,1,연서로41가길 18-1,447-79,37.6257480000,126.9254840000,2016,,02-351-7944,서울특별시 은평구청,2026-02-26
불광2동,1,,422-4,,,,,02-351-7944,서울특별시 은평구청,2026-02-26
불광2동,1,연서로 287-2,356-8,37.6215880000,126.9258160000,2008,,02-351-7944,서울특별시 은평구청,2026-02-26
불광2동,1,통일로80가길 8-12,356-13,37.6215060000,126.9257270000,2011,,02-351-7944,서울특별시 은평구청,2026-02-26
불광2동,1,연서로 327-8,90-37,37.6247060000,126.9277990000,2007,,02-351-7944,서울특별시 은평구청,2026-02-26
불광2동,1,연서로35길 3-17,356-23,37.6214252200,126.9253455000,,,02-351-7944,서울특별시 은평구청,2026-02-26
불광2동,1,연서로35길 3-16,359-19,37.6215470000,126.9252840000,2006,,02-351-7944,서울특별시 은평구청,2026-02-26
불광2동,1,연서로35길 3-19,356-24,37.6213320000,126.9253440000,2008,,02-351-7944,서울특별시 은평구청,2026-02-26
불광2동,1,연서로 275-3,357-10,37.6210866700,126.9249487000,2018,,02-351-7944,서울특별시 은평구청,2026-02-26
불광2동,1,연서로 275-8,359-7,37.6211840000,126.9249380000,2018,,02-351-7944,서울특별시 은평구청,2026-02-26
불광2동,1,연서로 275-10,359-6,37.6212010000,126.9248130000,2004,,02-351-7944,서울특별시 은평구청,2026-02-26
불광2동,1,연서로33길 3,366-6,37.6210000000,126.9245670000,2017,,02-351-7944,서울특별시 은평구청,2026-02-26
불광2동,1,연서로 273,357-15,37.6208750000,126.9246820000,2010,,02-351-7944,서울특별시 은평구청,2026-02-26
불광2동,1,연서로 271,366-2,37.6207750000,126.9245590000,,,02-351-7944,서울특별시 은평구청,2026-02-26
불광2동,1,연서로 269-12,367-19,37.6208440000,126.9242860000,2006,,02-351-7944,서울특별시 은평구청,2026-02-26
불광2동,1,연서로 269-13,367-19,37.6208440000,126.9242860000,2018,,02-351-7944,서울특별시 은평구청,2026-02-26
불광2동,1,연서로 269-9,367-10,37.6207710000,126.9241400000,2007,,02-351-7944,서울특별시 은평구청,2026-02-26
불광2동,1,연서로 261-9,367-34,37.6207510000,126.9238800000,2008,,02-351-7944,서울특별시 은평구청,2026-02-26
불광2동,1,연서로 261-5,314-20,37.6205340000,126.9237920000,2006,,02-351-7944,서울특별시 은평구청,2026-02-26
불광2동,1,연서로31길 6-2,314-19,37.6193840000,126.9222800000,2006,,02-351-7944,서울특별시 은평구청,2026-02-26
불광2동,1,연서로31길,310-12,37.6206380000,126.9234060000,2017,,02-351-7944,서울특별시 은평구청,2026-02-26
불광2동,1,통일로88길 38,371-5,37.6221850000,126.9231110000,2017,,02-351-7944,서울특별시 은평구청,2026-02-26
불광2동,1,연서로37길 23,372-1,37.6219160000,126.9232060000,2017,,02-351-7944,서울특별시 은평구청,2026-02-26
불광2동,1,연서로31길 20,370-4,37.6218290000,126.9236040000,2005,,02-351-7944,서울특별시 은평구청,2026-02-26
불광2동,1,연서로33길 15,371-1,37.6219760000,126.9238850000,2007,,02-351-7944,서울특별시 은평구청,2026-02-26
불광2동,1,연서로31길 18-1,369-22,37.6217020000,126.9235040000,2017,,02-351-7944,서울특별시 은평구청,2026-02-26
불광2동,1,연서로31길 17-4,372-18,37.6217862600,126.9233014000,,,02-351-7944,서울특별시 은평구청,2026-02-26
불광2동,1,연서로31길 17-8,372-4,37.6219150000,126.9231490000,2019,,02-351-7944,서울특별시 은평구청,2026-02-26
불광2동,1,연서로31길 17-12,371-10,37.6220310000,126.9229780000,2005,,02-351-7944,서울특별시 은평구청,2026-02-26
불광2동,1,통일로88길 35,389-7,37.6223660000,126.9231880000,2017,,02-351-7944,서울특별시 은평구청,2026-02-26
불광2동,1,통일로88길 35-3,389-7,37.6223660000,126.9231880000,2017,,02-351-7944,서울특별시 은평구청,2026-02-26
불광2동,1,통일로88길 33,387-8,37.6224090000,126.9229950000,2017,,02-351-7944,서울특별시 은평구청,2026-02-26
불광2동,1,통일로88길 30,382-36,37.6226290000,126.9223230000,2017,,02-351-7944,서울특별시 은평구청,2026-02-26
불광2동,1,연서로31길 18-7,369-9,37.6216510000,126.9238330000,2007,,02-351-7944,서울특별시 은평구청,2026-02-26
불광2동,1,연서로31길 18-8,369-13,37.6214700000,126.9237450000,2005,,02-351-7944,서울특별시 은평구청,2026-02-26
불광2동,1,연서로31길 14-1,369-19,37.6214150000,126.9236550000,2017,,02-351-7944,서울특별시 은평구청,2026-02-26
불광2동,1,연서로31길 14,369-18,37.6213350000,126.9237130000,2017,,02-351-7944,서울특별시 은평구청,2026-02-26
불광2동,1,연서로31길 12,367-14,37.6209570000,126.9237410000,2017,,02-351-7944,서울특별시 은평구청,2026-02-26
불광2동,1,연서로31길 10-2,367-30,37.6207760000,126.9236750000,2007,,02-351-7944,서울특별시 은평구청,2026-02-26
불광2동,1,연서로33길 7-8,369-16,37.6212640000,126.9239060000,2017,,02-351-7944,서울특별시 은평구청,2026-02-26
불광2동,1,연서로33길 7-13,367-9,37.6207980000,126.9241170000,2008,,02-351-7944,서울특별시 은평구청,2026-02-26
불광2동,1,연서로31길 18-13,369-6,37.6213740000,126.9240180000,2017,,02-351-7944,서울특별시 은평구청,2026-02-26
불광2동,1,,367-26,,,,,02-351-7944,서울특별시 은평구청,2026-02-26
불광2동,1,연서로31길 9,368-11,37.6209810000,126.9234230000,2017,,02-351-7944,서울특별시 은평구청,2026-02-26
불광2동,1,통일로 80길 17-22,368-2,37.6210620000,126.9233990000,2016,,02-351-7944,서울특별시 은평구청,2026-02-26
불광2동,1,통일로 17-24,368-4,37.6211790000,126.9234540000,2017,,02-351-7944,서울특별시 은평구청,2026-02-26
불광2동,1,통일로80길 13,368-3,37.6212700000,126.9234980000,2017,,02-351-7944,서울특별시 은평구청,2026-02-26
불광2동,1,통일로80가길 14-14,376-24,37.6214570000,126.9232470000,2011,,02-351-7944,서울특별시 은평구청,2026-02-26
불광2동,1,통일로80길 17-18,312-100,37.6208610000,126.9231870000,2016,,02-351-7944,서울특별시 은평구청,2026-02-26
불광2동,1,통일로 17-16,312-101,37.6207700000,126.9230750000,2017,,02-351-7944,서울특별시 은평구청,2026-02-26
불광2동,1,통일로80길 17-15,312-117,37.6208500000,126.9228810000,2007,,02-351-7944,서울특별시 은평구청,2026-02-26
불광2동,1,통일로 17-13,312-92,37.6207410000,126.9228040000,2017,,02-351-7944,서울특별시 은평구청,2026-02-26
불광2동,1,통일로 22,313-11,37.6203930000,126.9231940000,2017,,02-351-7944,서울특별시 은평구청,2026-02-26
불광2동,1,통일로80길 22,313-11,37.6203930000,126.9231940000,2006,,02-351-7944,서울특별시 은평구청,2026-02-26
불광2동,1,통일로80길 26,313-8,37.6206280000,126.9232810000,2017,,02-351-7944,서울특별시 은평구청,2026-02-26
불광2동,1,연서로35길 8-7,421-13,37.6223956400,126.9257913000,,,02-351-7944,서울특별시 은평구청,2026-02-26
불광2동,1,연서로35길 8-6,422-13,37.6222920000,126.9259650000,2008,,02-351-7944,서울특별시 은평구청,2026-02-26
불광2동,1,연서로35길 8-12,421-23,37.6225180000,126.9260070000,2008,,02-351-7944,서울특별시 은평구청,2026-02-26
불광2동,1,연서로35길 8-14,421-18,37.6225820000,126.9261420000,2011,,02-351-7944,서울특별시 은평구청,2026-02-26
불광2동,1,통일로83길 24,313-9,37.6205550000,126.9231690000,2017,,02-351-7944,서울특별시 은평구청,2026-02-26
불광2동,1,통일로 80길 17-9,312-91,37.6208300000,126.9227010000,2006,,02-351-7944,서울특별시 은평구청,2026-02-26
불광2동,1,연서로31길 3-1,310-78,37.6204030000,126.9233520000,2017,,02-351-7944,서울특별시 은평구청,2026-02-26
불광2동,1,연서로31길 3-1,310-78,37.6204030000,126.9233520000,2017,,02-351-7944,서울특별시 은평구청,2026-02-26
불광2동,1,연서로31길 3,310-81,37.6202940000,126.9232410000,2017,,02-351-7944,서울특별시 은평구청,2026-02-26
불광2동,1,연서로 253-12,310-18,37.6250240000,126.9301390000,2007,,02-351-7944,서울특별시 은평구청,2026-02-26
불광2동,1,연서로 253-9,310-23,37.6202090000,126.9227770000,2017,,02-351-7944,서울특별시 은평구청,2026-02-26
불광2동,1,연서로 253-9,310-23,37.6202090000,126.9227770000,2017,,02-351-7944,서울특별시 은평구청,2026-02-26
불광2동,1,통일로 80길 17,312-7,37.6203510000,126.9225040000,2007,,02-351-7944,서울특별시 은평구청,2026-02-26
불광2동,1,통일로 17,312-7,37.6203510000,126.9225040000,2017,,02-351-7944,서울특별시 은평구청,2026-02-26
불광2동,1,통일로 17-4,312-11,37.6204240000,126.9226270000,2017,,02-351-7944,서울특별시 은평구청,2026-02-26
불광2동,1,통일로80길 17-11,312-93,37.6206896100,126.9227043000,2019,,02-351-7944,서울특별시 은평구청,2026-02-26
불광2동,1,연서로37길 14,433-2,37.6227390400,126.9263054000,2021,,02-351-7944,서울특별시 은평구청,2026-02-26
불광2동,1,연서로35길 12-2,433-5,37.6225570000,126.9263690000,2017,,02-351-7944,서울특별시 은평구청,2026-02-26
불광2동,1,연서로35길 12-2,433-5,37.6225570000,126.9263690000,2004,,02-351-7944,서울특별시 은평구청,2026-02-26
불광2동,1,연서로41길 13,92-,37.6258100000,126.9273530000,2009,,02-351-7944,서울특별시 은평구청,2026-02-26
불광2동,1,연서로37길 10,431-2,37.6222150000,126.9263620000,2017,,02-351-7944,서울특별시 은평구청,2026-02-26
불광2동,1,연서로37길 5,422-22,37.6219410000,126.9260040000,2017,,02-351-7944,서울특별시 은평구청,2026-02-26
불광2동,1,연서로 375,422-22,37.6219410000,126.9260040000,2017,,02-351-7944,서울특별시 은평구청,2026-02-26
불광2동,1,연서로 291,430-6,37.6217640000,126.9262780000,2017,,02-351-7944,서울특별시 은평구청,2026-02-26
불광2동,1,연서로31길 17-9,376-33,37.6217780000,126.9229250000,2018,,02-351-7944,서울특별시 은평구청,2026-02-26
불광2동,1,연서로35길 22-1,421-1,37.6227890000,126.9261050000,2011,,02-351-7944,서울특별시 은평구청,2026-02-26
불광2동,1,연서로37길 20-8,434-18,37.6228650000,126.9264890000,2008,,02-351-7944,서울특별시 은평구청,2026-02-26
불광2동,1,연서로37길 23-2,434-12,37.6230750000,126.9267920000,2017,,02-351-7944,서울특별시 은평구청,2026-02-26
불광2동,1,연서로37길 19,436-29,37.6231870000,126.9263030000,2016,,02-351-7944,서울특별시 은평구청,2026-02-26
불광2동,1,연서로37길 23,436-26,37.6234040000,126.9263900000,2016,,02-351-7944,서울특별시 은평구청,2026-02-26
불광2동,1,연서로37길 23,436-26,37.6235021500,126.9265271000,,,02-351-7944,서울특별시 은평구청,2026-02-26
불광2동,1,연서로37길 21-8,436-25,37.6235380000,126.9261620000,2011,,02-351-7944,서울특별시 은평구청,2026-02-26
불광2동,1,연서로37길 21-8,436-25,37.6235380000,126.9261620000,2015,,02-351-7944,서울특별시 은평구청,2026-02-26
불광2동,1,통일로78가길 29-4,331-172,37.6181190600,126.9279506000,2021,,02-351-7944,서울특별시 은평구청,2026-02-26
불광2동,1,연서로37길 21-17,436-39,37.6239440000,126.9263150000,2008,,02-351-7944,서울특별시 은평구청,2026-02-26
불광2동,1,연서로35길 30-12,439-14,37.6239020000,126.9256240000,2008,,02-351-7944,서울특별시 은평구청,2026-02-26
불광2동,1,연서로35길 16,420-2,37.6225940000,126.9254280000,2007,,02-351-7944,서울특별시 은평구청,2026-02-26
불광2동,1,연서로35길 20,420-3,37.6226770000,126.9256190000,2011,,02-351-7944,서울특별시 은평구청,2026-02-26
불광2동,1,연서로41가길 16,421-4,37.6259216900,126.9257274000,2018,,02-351-7944,서울특별시 은평구청,2026-02-26
불광2동,1,연서로35길 24-1,435-10,37.6230590000,126.9260100000,2009,,02-351-7944,서울특별시 은평구청,2026-02-26
불광2동,1,연서로35길 24-1,435-10,37.6230590000,126.9260100000,2011,,02-351-7944,서울특별시 은평구청,2026-02-26
불광2동,1,연서로35길 34-1,439-26,37.6238190000,126.9253760000,2009,,02-351-7944,서울특별시 은평구청,2026-02-26
불광2동,1,연서로35길 30,435-3,37.6235600000,126.9256860000,2008,,02-351-7944,서울특별시 은평구청,2026-02-26
불광2동,1,연서로35길 30,435-3,37.6235600000,126.9256860000,2008,,02-351-7944,서울특별시 은평구청,2026-02-26
불광2동,1,연서로35길 16,436-17,37.6236130000,126.9255830000,2004,,02-351-7944,서울특별시 은평구청,2026-02-26
불광2동,1,연서로35길 34,439-20,37.6237380000,126.9254680000,2009,,02-351-7944,서울특별시 은평구청,2026-02-26
불광2동,1,연서로35길 34-1,439-26,37.6238190000,126.9253760000,,,02-351-7944,서울특별시 은평구청,2026-02-26
불광2동,1,연서로35길 36-6,441-29,37.6239260000,126.9252730000,2008,,02-351-7944,서울특별시 은평구청,2026-02-26
불광2동,1,연서로35길 38,442-48,37.6239970000,126.9251360000,2009,,02-351-7944,서울특별시 은평구청,2026-02-26
불광2동,1,연서로35길 39,442-38,37.6242740000,126.9249160000,2007,,02-351-7944,서울특별시 은평구청,2026-02-26
불광2동,1,연서로35길 42-1,442-42,37.6242400000,126.9251320000,2008,,02-351-7944,서울특별시 은평구청,2026-02-26
불광2동,1,연서로35길 44-1,442-40,37.6244120000,126.9252430000,2004,,02-351-7944,서울특별시 은평구청,2026-02-26
불광2동,1,연서로35길 47,648,37.6247838400,126.9252569000,,,02-351-7944,서울특별시 은평구청,2026-02-26
불광2동,1,연서로37가길 11-10,442-16,37.6248380000,126.9255310000,2016,,02-351-7944,서울특별시 은평구청,2026-02-26
불광2동,1,연서로37가길 11-16,443-23,37.6250180000,126.9254270000,2016,,02-351-7944,서울특별시 은평구청,2026-02-26
불광2동,1,연서로37가길 11-20,442-3,37.6252690000,126.9253550000,2016,,02-351-7944,서울특별시 은평구청,2026-02-26
불광2동,1,통일로92다길 17-12,442-26,37.6250449100,126.9251673000,2018,,02-351-7944,서울특별시 은평구청,2026-02-26
불광2동,1,통일로92다길 17-10,442-27,37.6248890000,126.9251340000,2004,,02-351-7944,서울특별시 은평구청,2026-02-26
불광2동,1,통일로92다길 17-6,442-77,37.6247350000,126.9250460000,2011,,02-351-7944,서울특별시 은평구청,2026-02-26
불광2동,1,통일로92다길 17,442-76,37.6246866900,126.9247771000,,,02-351-7944,서울특별시 은평구청,2026-02-26
불광2동,1,연서로41길 15,451-3,37.6260690000,126.9271110000,2010,,02-351-7944,서울특별시 은평구청,2026-02-26
불광2동,1,연서로41가길 1-2,447-119,37.6256280000,126.9271400000,,,02-351-7944,서울특별시 은평구청,2026-02-26
불광2동,1,연서로41가길 3,447-9,37.6259060000,126.9269660000,2006,,02-351-7944,서울특별시 은평구청,2026-02-26
불광2동,1,연서로41가길 5-8,447-106,37.6256700000,126.9268220000,2008,,02-351-7944,서울특별시 은평구청,2026-02-26
불광2동,1,연서로41가길 6,451-4,37.6260480000,126.9267370000,2011,,02-351-7944,서울특별시 은평구청,2026-02-26
불광2동,1,연서로41길 21-11,451-14,37.6261740000,126.9267130000,2006,,02-351-7944,서울특별시 은평구청,2026-02-26
불광2동,1,연서로41가길 10,451-26,37.6260910000,126.9265900000,2010,,02-351-7944,서울특별시 은평구청,2026-02-26
불광2동,1,연서로41가길 9-5,447-62,37.6256770000,126.9266410000,2018,,02-351-7944,서울특별시 은평구청,2026-02-26
불광2동,1,연서로41가길 15-6,447-27,37.6255530000,126.9258950000,2019,,02-351-7944,서울특별시 은평구청,2026-02-26
불광2동,1,연서로41길 9,May-91,37.6258310000,126.9277370000,2007,,02-351-7944,서울특별시 은평구청,2026-02-26
불광2동,1,연서로41길 9,May-91,37.6256340000,126.9277860000,2007,,02-351-7944,서울특별시 은평구청,2026-02-26
불광2동,1,연서로 347,Jan-73,37.6263150000,126.9283650000,2008,,02-351-7944,서울특별시 은평구청,2026-02-26
불광2동,1,연서로43길 347,Jan-73,37.6263150000,126.9283650000,2004,,02-351-7944,서울특별시 은평구청,2026-02-26
불광2동,1,연서로41길 4,Jan-90,37.6255700000,126.9286810000,2008,,02-351-7944,서울특별시 은평구청,2026-02-26
불광2동,1,연서로 333-3,90-53,37.6251080000,126.9284050000,2006,,02-351-7944,서울특별시 은평구청,2026-02-26
불광2동,1,연서로 329-8,90-19,37.6250890000,126.9283830000,2006,,02-351-7944,서울특별시 은평구청,2026-02-26
불광2동,1,연서로41길 4,Dec-90,37.6254730000,126.9280030000,2016,,02-351-7944,서울특별시 은평구청,2026-02-26
불광2동,1,연서로37길 47,Apr-92,37.6254970000,126.9276630000,2017,,02-351-7944,서울특별시 은평구청,2026-02-26
불광2동,1,연서로37길 45-1,100-12,37.6252180000,126.9276220000,2017,,02-351-7944,서울특별시 은평구청,2026-02-26
불광2동,1,연서로37길 43,100-17,37.6249740000,126.9275230000,2016,,02-351-7944,서울특별시 은평구청,2026-02-26
불광2동,1,연서로37길 37,444-41,37.6247010000,126.9272550000,2016,,02-351-7944,서울특별시 은평구청,2026-02-26
불광2동,1,연서로37길 40-4,90-25,37.6248960000,126.9279660000,2007,,02-351-7944,서울특별시 은평구청,2026-02-26
불광2동,1,연서로37길 40-8,90-27,37.6250950000,126.9280430000,2017,,02-351-7944,서울특별시 은평구청,2026-02-26
불광2동,1,연서로37길 40-4,90-25,37.6248960000,126.9279660000,2017,,02-351-7944,서울특별시 은평구청,2026-02-26
불광2동,1,연서로37길 329-4,90-17,37.6249180000,126.9283060000,2006,,02-351-7944,서울특별시 은평구청,2026-02-26
불광2동,1,연서로 37-4,90-35,37.6245460000,126.9280730000,2011,,02-351-7944,서울특별시 은평구청,2026-02-26
불광2동,1,연서로 327-4,90-35,37.6245460000,126.9280730000,2007,,02-351-7944,서울특별시 은평구청,2026-02-26
불광2동,1,연서로37길 35-16,444-60,37.6245200000,126.9272350000,2016,,02-351-7944,서울특별시 은평구청,2026-02-26
불광2동,1,연서로37길 35-1,444-60,37.6245200000,126.9272350000,2011,,02-351-7944,서울특별시 은평구청,2026-02-26
불광2동,1,연서로37가길 19,443-71,37.6251450000,126.9255270000,2017,,02-351-7944,서울특별시 은평구청,2026-02-26
불광2동,1,연서로37가길 15-1,443-25,37.6249650000,126.9256320000,2017,,02-351-7944,서울특별시 은평구청,2026-02-26
불광2동,1,연서로37가길 19-1,443-14,37.6253150000,126.9254790000,2017,,02-351-7944,서울특별시 은평구청,2026-02-26
불광2동,1,연서로37가길 23-2,443-10,37.6252660000,126.9260010000,2017,,02-351-7944,서울특별시 은평구청,2026-02-26
불광2동,1,연서로37가길 23-2,443-10,37.6252660000,126.9260010000,2017,,02-351-7944,서울특별시 은평구청,2026-02-26
불광2동,1,연서로37가길 10-14,443-11,37.6251310000,126.9260140000,2009,,02-351-7944,서울특별시 은평구청,2026-02-26
불광2동,1,,443-3,,,,,02-351-7944,서울특별시 은평구청,2026-02-26
불광2동,1,,443-29,,,,,02-351-7944,서울특별시 은평구청,2026-02-26
불광2동,1,연서로37가길 11-1,443-35,37.6245790000,126.9257050000,2016,,02-351-7944,서울특별시 은평구청,2026-02-26
불광2동,1,연서로37가길 13,443-34,37.6247239000,126.9257655000,,,02-351-7944,서울특별시 은평구청,2026-02-26
불광2동,1,연서로 323-5,102-15,37.6242350000,126.9276130000,2016,,02-351-7944,서울특별시 은평구청,2026-02-26
불광2동,1,연서로 323-6,102-11,37.6243720000,126.9277810000,2017,,02-351-7944,서울특별시 은평구청,2026-02-26
불광2동,1,연서로37길 30-10,104-77,37.6240260000,126.9273900000,2008,,02-351-7944,서울특별시 은평구청,2026-02-26
불광2동,1,,102-22,,,,,02-351-7944,서울특별시 은평구청,2026-02-26
불광2동,1,연서로 315-4,104-57,37.6236030000,126.9274300000,2017,,02-351-7944,서울특별시 은평구청,2026-02-26
불광2동,1,연서로 315-6,104-92,37.6236940000,126.9275080000,2018,,02-351-7944,서울특별시 은평구청,2026-02-26
불광2동,1,연서로37길 30-4,104-56,37.6237270000,126.9271670000,2017,,02-351-7944,서울특별시 은평구청,2026-02-26
불광2동,1,연서로37길 30-7,104-75,37.6239880000,126.9271640000,2008,,02-351-7944,서울특별시 은평구청,2026-02-26
불광2동,1,연서로37길 33,444-58,37.6242830000,126.9269330000,2016,,02-351-7944,서울특별시 은평구청,2026-02-26
불광2동,1,연서로37길 27,444-50,37.6238750000,126.9266210000,2016,,02-351-7944,서울특별시 은평구청,2026-02-26
불광2동,1,연서로37가길 11-4,442-59,37.6245960000,126.9255920000,2017,,02-351-7944,서울특별시 은평구청,2026-02-26
불광2동,1,연서로35길 36-6,441-27,37.6240980000,126.9254170000,2017,,02-351-7944,서울특별시 은평구청,2026-02-26
불광2동,1,연서로37가길 10-1,443-56,37.6245000000,126.9260120000,2016,,02-351-7944,서울특별시 은평구청,2026-02-26
불광2동,1,연서로37가길 10,443-4,37.6244300000,126.9261830000,2005,,02-351-7944,서울특별시 은평구청,2026-02-26
불광2동,1,연서로37가길 6,444-68,37.6241250000,126.9263800000,2016,,02-351-7944,서울특별시 은평구청,2026-02-26
불광2동,1,연서로37가길 7-7,436-6,37.6238840000,126.9255790000,2019,,02-351-7944,서울특별시 은평구청,2026-02-26
불광2동,1,연서로35가길 7-14,439-23,37.6240820000,126.9255880000,2006,,02-351-7944,서울특별시 은평구청,2026-02-26
불광2동,1,연서로35길 30-6,436-8,37.6236160000,126.9259230000,2011,,02-351-7944,서울특별시 은평구청,2026-02-26
불광2동,1,연서로35길 28-1,435-5,37.6234440000,126.9258120000,2006,,02-351-7944,서울특별시 은평구청,2026-02-26
불광2동,1,통일로83길 16-7,436-8,37.6236160000,126.9259230000,2017,,02-351-7944,서울특별시 은평구청,2026-02-26
불광2동,1,연서로37가길 8-6,444-33,37.6245320000,126.9264870000,2016,,02-351-7944,서울특별시 은평구청,2026-02-26
불광2동,1,연서로37가길 8-12,444-28,37.6247490000,126.9266430000,2017,,02-351-7944,서울특별시 은평구청,2026-02-26
불광2동,1,연서로37가길 8-19,444-27,37.6249370000,126.9265040000,2016,,02-351-7944,서울특별시 은평구청,2026-02-26
불광2동,1,연서로37가길 8-15,444-25,37.6249890000,126.9262660000,2017,,02-351-7944,서울특별시 은평구청,2026-02-26
불광2동,1,연서로37가길 8-25,444-5,37.6253700000,126.9265770000,2016,,02-351-7944,서울특별시 은평구청,2026-02-26
불광2동,1,연서로37가길 8-16,444-77,37.6250030000,126.9267860000,2016,,02-351-7944,서울특별시 은평구청,2026-02-26
불광2동,1,연서로41가길 5-12,447-108,37.6254540000,126.9268140000,2006,,02-351-7944,서울특별시 은평구청,2026-02-26
불광2동,1,연서로37길 40-1,100-11,37.6247400000,126.9276060000,2007,,02-351-7944,서울특별시 은평구청,2026-02-26
불광2동,1,연서로40길 2,105-77,37.6229680000,126.9279150000,2009,,02-351-7944,서울특별시 은평구청,2026-02-26
불광2동,1,연서로 316,105-118,37.6232830000,126.9278870000,2008,,02-351-7944,서울특별시 은평구청,2026-02-26
불광2동,1,연서로37길 27,444-50,37.6238750000,126.9266210000,2016,,02-351-7944,서울특별시 은평구청,2026-02-26
불광2동,1,연서로37길 26-2,104-66,37.6237344000,126.9267314000,,,02-351-7944,서울특별시 은평구청,2026-02-26
불광2동,1,연서로37길 23-1,437-8,37.6235570000,126.9263650000,2016,,02-351-7944,서울특별시 은평구청,2026-02-26
불광2동,1,연서로37길 22-11,104-65,37.6236160000,126.9268630000,2008,,02-351-7944,서울특별시 은평구청,2026-02-26
불광2동,1,연서로 309-8,104-60,37.6233940000,126.9272740000,2008,,02-351-7944,서울특별시 은평구청,2026-02-26
불광2동,1,연서로 309-5,104-32,37.6231750000,126.9269710000,2019,,02-351-7944,서울특별시 은평구청,2026-02-26
불광2동,1,연서로303-12,432-10,37.6230735900,126.9271000000,,,02-351-7944,서울특별시 은평구청,2026-02-26
불광2동,1,연서로37길 20-3,434-10,37.6229950000,126.9269060000,2017,,02-351-7944,서울특별시 은평구청,2026-02-26
불광2동,1,연서로 303-10,434-1,37.6229510000,126.9270430000,2006,,02-351-7944,서울특별시 은평구청,2026-02-26
불광2동,1,연서로37가길 35-6,444-14,37.6246980000,126.9269720000,2017,,02-351-7944,서울특별시 은평구청,2026-02-26
불광2동,1,연서로41길 13-7,95-,37.6257230000,126.9277160000,2008,,02-351-7944,서울특별시 은평구청,2026-02-26
불광2동,1,연서로37길 43-7,444-13,37.6249690000,126.9269910000,2007,,02-351-7944,서울특별시 은평구청,2026-02-26
불광2동,1,연서로41길 13-7,Mar-95,37.6257230000,126.9277160000,2007,,02-351-7944,서울특별시 은평구청,2026-02-26
불광2동,1,연서로41가길 11-5,447-51,37.6257290000,126.9263460000,2008,,02-351-7944,서울특별시 은평구청,2026-02-26
불광2동,1,불광로 206,170-31,37.6243970000,126.9295030000,2018,,02-351-7944,서울특별시 은평구청,2026-02-26
불광2동,1,불광로22길 3,170-30,37.6245320000,126.9295460000,2008,,02-351-7944,서울특별시 은평구청,2026-02-26
불광2동,1,불광로16길 41,Jan-36,37.6216811600,126.9361758000,,,02-351-7944,서울특별시 은평구청,2026-02-26
불광2동,1,불광로22길 7-1,170-26,37.6248680000,126.9297560000,2018,,02-351-7944,서울특별시 은평구청,2026-02-26
불광2동,1,불광로22길 7-13,170-21,37.6251930000,126.9298650000,2009,,02-351-7944,서울특별시 은평구청,2026-02-26
불광2동,1,불광로22길 7-13,170-21,37.6251646000,126.9299069000,,,02-351-7944,서울특별시 은평구청,2026-02-26
불광2동,1,통일로72길 5-8,290-49,37.6232580000,126.9280690000,2008,,02-351-7944,서울특별시 은평구청,2026-02-26
불광2동,1,연서로40길 7,105-45,37.6231800000,126.9284550000,,,02-351-7944,서울특별시 은평구청,2026-02-26
불광2동,1,연서로40길 7,105-45,37.6231800000,126.9284550000,2006,,02-351-7944,서울특별시 은평구청,2026-02-26
불광2동,1,연서로40길 5-6,105-42,37.6235553600,126.9283677000,2021,,02-351-7944,서울특별시 은평구청,2026-02-26
불광2동,1,연서로40길 9,105-36,37.6231810000,126.9285910000,2008,,02-351-7944,서울특별시 은평구청,2026-02-26
불광2동,1,연서로40길 9,105-36,37.6231810000,126.9285910000,2008,,02-351-7944,서울특별시 은평구청,2026-02-26
불광2동,1,연서로40길 10-3,105-59,37.6228950000,126.9288220000,2011,,02-351-7944,서울특별시 은평구청,2026-02-26
불광2동,1,연서로40길 9-9,105-39,37.6236040000,126.9285740000,2011,,02-351-7944,서울특별시 은평구청,2026-02-26
불광2동,1,연서로40길 9-14,105-30,37.6238220000,126.9287520000,2011,,02-351-7944,서울특별시 은평구청,2026-02-26
불광2동,1,연서로40길 14,105-48,37.6233241500,126.9292087000,,,02-351-7944,서울특별시 은평구청,2026-02-26
불광2동,1,연서로40길 14,105-48,37.6232040000,126.9291690000,2007,,02-351-7944,서울특별시 은평구청,2026-02-26
불광2동,1,연서로40길 12-3,105-49,37.6231240000,126.9292600000,2005,,02-351-7944,서울특별시 은평구청,2026-02-26
불광2동,1,연서로40길 13-8,105-20,37.6235910000,126.9290840000,2006,,02-351-7944,서울특별시 은평구청,2026-02-26
불광2동,1,연서로40길 13-11,105-28,37.6238860000,126.9288530000,2005,,02-351-7944,서울특별시 은평구청,2026-02-26
불광2동,1,연서로40길 13-12,105-17,37.6239541900,126.9290214000,2021,,02-351-7944,서울특별시 은평구청,2026-02-26
불광2동,1,연서로 324,105-122,37.6240000000,126.9284890000,2009,,02-351-7944,서울특별시 은평구청,2026-02-26
불광2동,1,연서로 324-11,105-108,37.6241930000,126.9289280000,2004,,02-351-7944,서울특별시 은평구청,2026-02-26
불광2동,1,불광로 201,105-5,37.6240540000,126.9294400000,2006,,02-351-7944,서울특별시 은평구청,2026-02-26
불광2동,1,연서로40길 17-8,105-93,37.6237470000,126.9293990000,2018,,02-351-7944,서울특별시 은평구청,2026-02-26
불광2동,1,연서로38길 31-1,168-14,37.6231910000,126.9296900000,2004,,02-351-7944,서울특별시 은평구청,2026-02-26
불광2동,1,불광로22길 7-21,170-13,37.6254750000,126.9301440000,2007,,02-351-7944,서울특별시 은평구청,2026-02-26
불광2동,1,불광로22길 7-21,170-13,37.6254750000,126.9301440000,2007,,02-351-7944,서울특별시 은평구청,2026-02-26
불광2동,1,연서로35길 15,400-51,37.6224740000,126.9251920000,2009,,02-351-7944,서울특별시 은평구청,2026-02-26
불광2동,1,불광로22길 6,170-33,37.6247051600,126.9297878000,,,02-351-7944,서울특별시 은평구청,2026-02-26
불광2동,1,불광로22길 9-1,177-133,37.6246748100,126.9302179000,,,02-351-7944,서울특별시 은평구청,2026-02-26
불광2동,1,불광로22길 9-1,170-133,37.6246730000,126.9301670000,2004,,02-351-7944,서울특별시 은평구청,2026-02-26
불광2동,1,불광로22길 10-1,170-137,37.6244835300,126.9302633000,,,02-351-7944,서울특별시 은평구청,2026-02-26
불광2동,1,불광로22길 16,170-127,37.6248750000,126.9306060000,2018,,02-351-7944,서울특별시 은평구청,2026-02-26
불광2동,1,불광로22길 17-2,170-85,37.6252970000,126.9303510000,2007,,02-351-7944,서울특별시 은평구청,2026-02-26
불광2동,1,불광로22길 18,170-123,37.6250740000,126.9306820000,2006,,02-351-7944,서울특별시 은평구청,2026-02-26
불광2동,1,불광로22길 18,170-123,37.6250740000,126.9306820000,2018,,02-351-7944,서울특별시 은평구청,2026-02-26
불광2동,1,불광로22길 22,170-80,37.6253910000,126.9308820000,2006,,02-351-7944,서울특별시 은평구청,2026-02-26
불광2동,1,불광로22길 26,170-100,37.6257630000,126.9310690000,2007,,02-351-7944,서울특별시 은평구청,2026-02-26
불광2동,1,불광로22길 28,170-68,37.6258620000,126.9311020000,2007,,02-351-7944,서울특별시 은평구청,2026-02-26
불광2동,1,불광로22길 30-1,170-55,37.6262690000,126.9312660000,2005,,02-351-7944,서울특별시 은평구청,2026-02-26
불광2동,1,불광로22길 32-1,170-53,37.6263400000,126.9311170000,2007,,02-351-7944,서울특별시 은평구청,2026-02-26
불광2동,1,불광로22길 34-1,170-48,37.6265180000,126.9309220000,2018,,02-351-7944,서울특별시 은평구청,2026-02-26
불광2동,1,,01월 25일,,,2018,,02-351-7944,서울특별시 은평구청,2026-02-26
불광2동,1,불광로22길 20-17,170-67,37.6258370000,126.9313740000,2007,,02-351-7944,서울특별시 은평구청,2026-02-26
불광2동,1,불광로22길 28-13,170-61,37.6258680000,126.9317810000,2016,,02-351-7944,서울특별시 은평구청,2026-02-26
불광2동,1,불광로22길 20-17,170-66,37.6257830000,126.9313410000,2007,,02-351-7944,서울특별시 은평구청,2026-02-26
불광2동,1,불광로22길 20-12,170-111,37.6254899900,126.9311640000,,,02-351-7944,서울특별시 은평구청,2026-02-26
불광2동,1,통일로 842,308-1,37.6252120000,126.9309750000,2006,,02-351-7944,서울특별시 은평구청,2026-02-26
불광2동,1,불광로22길 2,170-34,37.6243636800,126.9296578000,,,02-351-7944,서울특별시 은평구청,2026-02-26
불광2동,1,불광로20길 1-1,170-,37.6243470000,126.9299450000,2007,,02-351-7944,서울특별시 은평구청,2026-02-26
불광2동,1,불광로22길 6,170-33,37.6245980000,126.9298060000,2011,,02-351-7944,서울특별시 은평구청,2026-02-26
불광2동,1,불광로20길 4,171-,37.6240420000,126.9300740000,2019,,02-351-7944,서울특별시 은평구청,2026-02-26
불광2동,1,불광로20길 8,171-38,37.6240900000,126.9304470000,2018,,02-351-7944,서울특별시 은평구청,2026-02-26
불광2동,1,불광로20길 9,171-61,37.6243632300,126.9307167000,,,02-351-7944,서울특별시 은평구청,2026-02-26
불광2동,1,불광로22길 14,171-1,37.6241130000,126.9309790000,2018,,02-351-7944,서울특별시 은평구청,2026-02-26
불광2동,1,불광로20길 11,171-48,37.6242976000,126.9308111000,,,02-351-7944,서울특별시 은평구청,2026-02-26
불광2동,1,불광로20길 14,171-1,37.6241130000,126.9309790000,2008,,02-351-7944,서울특별시 은평구청,2026-02-26
불광2동,1,불광로20길 19,178-3,37.6246020000,126.9302810000,2005,,02-351-7944,서울특별시 은평구청,2026-02-26
불광2동,1,불광로20길 19,176-3,37.6240400000,126.9318980000,2008,,02-351-7944,서울특별시 은평구청,2026-02-26
불광2동,1,불광로20길 12-9,171-59,37.6237630000,126.9312000000,2008,,02-351-7944,서울특별시 은평구청,2026-02-26
불광2동,1,불광로20길 12-9,171-59,37.6237630000,126.9312000000,2019,,02-351-7944,서울특별시 은평구청,2026-02-26
불광2동,1,불광로20길 12-3,171-23,37.6239780000,126.9309700000,2011,,02-351-7944,서울특별시 은평구청,2026-02-26
불광2동,1,불광로20길 12-12,171-30,37.6236070000,126.9307940000,2018,,02-351-7944,서울특별시 은평구청,2026-02-26
불광2동,1,불광로20길 8-8,171-44,37.6236850000,126.9304420000,,,02-351-7944,서울특별시 은평구청,2026-02-26
불광2동,1,연서로40길 18,167,37.6234526000,126.9295111000,,,02-351-7944,서울특별시 은평구청,2026-02-26
불광2동,1,연서로40길 18,105-46,37.6233420000,126.9294500000,2007,,02-351-7944,서울특별시 은평구청,2026-02-26
불광2동,1,불광로 197-1,168-5,37.6236860000,126.9296600000,2009,,02-351-7944,서울특별시 은평구청,2026-02-26
불광2동,1,불광로 193-2,168-27,37.6233720000,126.9297780000,2015,,02-351-7944,서울특별시 은평구청,2026-02-26
불광2동,1,불광로 193,168-26,37.6233200000,126.9300050000,2018,,02-351-7944,서울특별시 은평구청,2026-02-26
불광2동,1,연서로38길 33,168-15,37.6231100000,126.9297250000,2008,,02-351-7944,서울특별시 은평구청,2026-02-26
불광2동,1,연서로38길 30-10,163-16,37.6229760000,126.9298060000,2019,,02-351-7944,서울특별시 은평구청,2026-02-26
불광2동,1,연서로38길 28,163-1,37.6226660000,126.9294480000,2011,,02-351-7944,서울특별시 은평구청,2026-02-26
불광2동,1,연서로34길 33-8,163-13,37.6225150000,126.9296090000,2008,,02-351-7944,서울특별시 은평구청,2026-02-26
불광2동,1,연서로34길 3-3,155-20,37.6222110000,126.9298740000,2011,,02-351-7944,서울특별시 은평구청,2026-02-26
불광2동,1,연서로38길 30-25,155-17,37.6223010000,126.9298840000,2006,,02-351-7944,서울특별시 은평구청,2026-02-26
불광2동,1,연서로38길 30-16,151-1,37.6227530000,126.9300250000,2011,,02-351-7944,서울특별시 은평구청,2026-02-26
불광2동,1,연서로38길 30-13,152-4,37.6226766800,126.9301218000,,,02-351-7944,서울특별시 은평구청,2026-02-26
불광2동,1,불광로 185-7,152-1,37.6227000000,126.9301840000,2004,,02-351-7944,서울특별시 은평구청,2026-02-26
불광2동,1,불광로 185-5,152-3,37.6227010000,126.9302970000,,,02-351-7944,서울특별시 은평구청,2026-02-26
불광2동,1,연서로34길 43,194-3,37.6222820000,126.9308130000,2006,,02-351-7944,서울특별시 은평구청,2026-02-26
불광2동,1,불광로 179-11,194-8,37.6222720000,126.9306550000,2009,,02-351-7944,서울특별시 은평구청,2026-02-26
불광2동,1,연서로34길 33-3,145-1,37.6220990000,126.9295130000,2004,,02-351-7944,서울특별시 은평구청,2026-02-26
불광2동,1,연서로38길 16-11,163-10,37.6221860000,126.9291720000,2006,,02-351-7944,서울특별시 은평구청,2026-02-26
불광2동,1,연서로38길 16-8,140-1,37.6220130000,126.9289930000,2007,,02-351-7944,서울특별시 은평구청,2026-02-26
불광2동,1,연서로34길 25-5,140-14,37.6217150000,126.9288500000,2006,,02-351-7944,서울특별시 은평구청,2026-02-26
불광2동,1,연서로34길 25,140-8,37.6215446800,126.9289688000,,,02-351-7944,서울특별시 은평구청,2026-02-26
불광2동,1,통일로92나길 36,396-2,37.6232080000,126.9236060000,2017,,02-351-7944,서울특별시 은평구청,2026-02-26
불광2동,1,연서로38길 16-4,143-9,37.6220200000,126.9287550000,2018,,02-351-7944,서울특별시 은평구청,2026-02-26
불광2동,1,연서로38길 16-4,143-9,37.6221201200,126.9287290000,,,02-351-7944,서울특별시 은평구청,2026-02-26
불광2동,1,연서로38길 16-1,163-23,37.6222640000,126.9287630000,2008,,02-351-7944,서울특별시 은평구청,2026-02-26
불광2동,1,연서로38길 15,115-2,37.6221800000,126.9284240000,2008,,02-351-7944,서울특별시 은평구청,2026-02-26
불광2동,1,연서로38길 17-1,114-,37.6223950000,126.9283650000,2007,,02-351-7944,서울특별시 은평구청,2026-02-26
불광2동,1,연서로38길 20,163-25,37.6224290000,126.9290890000,2007,,02-351-7944,서울특별시 은평구청,2026-02-26
불광2동,1,연서로38길 16-13,163-25,37.6223014600,126.9292177000,,,02-351-7944,서울특별시 은평구청,2026-02-26
불광2동,1,연서로38길 17-2,163-5,37.6225410000,126.9285210000,2008,,02-351-7944,서울특별시 은평구청,2026-02-26
불광2동,1,연서로40길 6-2,105-70,37.6227840000,126.9284840000,2018,,02-351-7944,서울특별시 은평구청,2026-02-26
불광2동,1,연서로40길 2-10,110-6,37.6227432300,126.9281292000,2019,,02-351-7944,서울특별시 은평구청,2026-02-26
불광2동,1,연서로40길 2-8,110-1,37.6226710000,126.9280090000,2018,,02-351-7944,서울특별시 은평구청,2026-02-26
불광2동,1,연서로40길 2,105-77,37.6229680000,126.9279150000,2008,,02-351-7944,서울특별시 은평구청,2026-02-26
불광2동,1,연서로 306,123-1,37.6227210000,126.9275330000,2011,,02-351-7944,서울특별시 은평구청,2026-02-26
불광2동,1,연서로38길 3-9,123-6,37.6224590000,126.9274690000,2004,,02-351-7944,서울특별시 은평구청,2026-02-26
불광2동,1,연서로38길 3-7,123-7,37.6223600000,126.9274140000,2010,,02-351-7944,서울특별시 은평구청,2026-02-26
불광2동,1,연서로 38길 3-2,125-6,37.6220810000,126.9274740000,2006,,02-351-7944,서울특별시 은평구청,2026-02-26
불광2동,1,연서로38길 5-1,125-3,37.6220247800,126.9275653000,,,02-351-7944,서울특별시 은평구청,2026-02-26
불광2동,1,불광로20길 8-6,171-42,37.6238380000,126.9304400000,2018,,02-351-7944,서울특별시 은평구청,2026-02-26
불광2동,1,불광로20길 8-12,171-46,37.6233780000,126.9304570000,2019,,02-351-7944,서울특별시 은평구청,2026-02-26
불광2동,1,불광로 180,173,37.6231280000,126.9316390000,2019,,02-351-7944,서울특별시 은평구청,2026-02-26
불광2동,1,불광로 180,173,37.6231280000,126.9316390000,2007,,02-351-7944,서울특별시 은평구청,2026-02-26
불광2동,1,불광로18가길 49,Jan-43,37.6261030000,126.9338850000,2008,,02-351-7944,서울특별시 은평구청,2026-02-26
불광2동,1,불광로18가길 50,산6-9,37.6262840000,126.9338940000,2015,,02-351-7944,서울특별시 은평구청,2026-02-26
불광2동,1,불광로18가길 49,Jan-43,37.6261030000,126.9338850000,2009,,02-351-7944,서울특별시 은평구청,2026-02-26
불광2동,1,불광로18가길 49,Jan-43,37.6261030000,126.9338850000,2006,,02-351-7944,서울특별시 은평구청,2026-02-26
불광2동,1,불광로18가길 50,Jun-43,37.6255320000,126.9334740000,2007,,02-351-7944,서울특별시 은평구청,2026-02-26
불광2동,1,불광로18가길 43,Feb-43,37.6259000000,126.9332650000,2008,,02-351-7944,서울특별시 은평구청,2026-02-26
불광2동,1,불광로18가길 43,Feb-43,37.6259000000,126.9332650000,2006,,02-351-7944,서울특별시 은평구청,2026-02-26
불광2동,1,불광로18가길 44,May-43,37.6254600000,126.9334300000,2007,,02-351-7944,서울특별시 은평구청,2026-02-26
불광2동,1,불광로18가길,37-,37.6246750000,126.9343130000,2006,,02-351-7944,서울특별시 은평구청,2026-02-26
불광2동,1,불광로18가길,36,37.6243270000,126.9337180000,2006,,02-351-7944,서울특별시 은평구청,2026-02-26
불광2동,1,불광로18가길,32,37.6239520000,126.9341200000,2006,,02-351-7944,서울특별시 은평구청,2026-02-26
불광2동,1,불광로18가길,32,37.6239520000,126.9341200000,2007,,02-351-7944,서울특별시 은평구청,2026-02-26
불광2동,1,불광로18가길,32,37.6239520000,126.9341200000,2006,,02-351-7944,서울특별시 은평구청,2026-02-26
불광2동,1,불광로18가길 20,07월 31일,37.6233880000,126.9335730000,2018,,02-351-7944,서울특별시 은평구청,2026-02-26
불광2동,1,불광로18길 20-1,Jun-31,37.6234080000,126.9337080000,2005,,02-351-7944,서울특별시 은평구청,2026-02-26
불광2동,1,불광로18가길 18,30,37.6227420000,126.9338080000,2018,,02-351-7944,서울특별시 은평구청,2026-02-26
불광2동,1,연서로38길 4-1,426-9,37.6217440000,126.9271280000,2006,,02-351-7944,서울특별시 은평구청,2026-02-26
불광2동,1,연서로38길 4-2,425-9,37.6219280000,126.9265470000,2010,,02-351-7944,서울특별시 은평구청,2026-02-26
불광2동,1,연서로38길 13,117-2,37.6219400000,126.9278730000,2011,,02-351-7944,서울특별시 은평구청,2026-02-26
불광2동,1,연서로38길 7-9,125-4,37.6222270000,126.9276530000,2018,,02-351-7944,서울특별시 은평구청,2026-02-26
불광2동,1,연서로38길 7,125-1,37.6219840000,126.9277130000,2007,,02-351-7944,서울특별시 은평구청,2026-02-26
불광2동,1,연서로38길 10-1,134-1,37.6217430000,126.9280230000,2018,,02-351-7944,서울특별시 은평구청,2026-02-26
불광2동,1,연서로38길 14,136-1,37.6219080000,126.9283260000,2008,,02-351-7944,서울특별시 은평구청,2026-02-26
불광2동,1,연서로38길 13,115-1,37.6222590000,126.9282650000,2011,,02-351-7944,서울특별시 은평구청,2026-02-26
불광2동,1,연서로38길 12-7,136-5,37.6215850000,126.9284440000,2008,,02-351-7944,서울특별시 은평구청,2026-02-26
불광2동,1,연서로38길 4-10,131-1,37.6215460000,126.9280820000,2006,,02-351-7944,서울특별시 은평구청,2026-02-26
불광2동,1,연서로38길 4-10,131-1,37.6215460000,126.9280820000,2010,,02-351-7944,서울특별시 은평구청,2026-02-26
불광2동,1,연서로38길 4-6,130-3,37.6217210000,126.9275130000,2010,,02-351-7944,서울특별시 은평구청,2026-02-26
불광2동,1,연서로38길 4-4,129,37.6216560000,126.9273100000,2018,,02-351-7944,서울특별시 은평구청,2026-02-26
불광2동,1,연서로38길 4-2,426-9,37.6217440000,126.9271280000,2004,,02-351-7944,서울특별시 은평구청,2026-02-26
불광2동,1,연서로34길 7-5,425-3,37.6215000000,126.9269950000,2006,,02-351-7944,서울특별시 은평구청,2026-02-26
불광2동,1,연서로34길 7-5,425-3,37.6215224400,126.9270483000,2020,,02-351-7944,서울특별시 은평구청,2026-02-26
불광2동,1,연서로 296,426-2,37.6218810000,126.9263220000,2010,,02-351-7944,서울특별시 은평구청,2026-02-26
불광2동,1,연서로 296,426-2,37.6217960000,126.9268780000,2007,,02-351-7944,서울특별시 은평구청,2026-02-26
불광2동,1,연서로34길 290,423-16,37.6214230000,126.9265210000,2011,,02-351-7944,서울특별시 은평구청,2026-02-26
불광2동,1,연서로34길 35,146-2,37.6220750000,126.9297960000,2006,,02-351-7944,서울특별시 은평구청,2026-02-26
불광2동,1,불광로18길 38,23-72,37.6224340000,126.9355910000,2004,,02-351-7944,서울특별시 은평구청,2026-02-26
불광2동,1,불광로16길 29,11월 23일,37.6218850000,126.9346700000,2018,,02-351-7944,서울특별시 은평구청,2026-02-26
불광2동,1,불광로16길 29,11월 23일,37.6218682000,126.9346692000,2020,,02-351-7944,서울특별시 은평구청,2026-02-26
불광2동,1,불광로16길 27-6,23-,37.6221550000,126.9347000000,2009,,02-351-7944,서울특별시 은평구청,2026-02-26
불광2동,1,불광로16길 27,23-16,37.6219190000,126.9345000000,2018,,02-351-7944,서울특별시 은평구청,2026-02-26
불광2동,1,불광로16길 27,23-16,37.6219190000,126.9345000000,2004,,02-351-7944,서울특별시 은평구청,2026-02-26
불광2동,1,불광로22길 20-17,170-67,37.6257528400,126.9314321000,,,02-351-7944,서울특별시 은평구청,2026-02-26
불광2동,1,,01월 25일,,,2018,,02-351-7944,서울특별시 은평구청,2026-02-26
불광2동,1,불광로18길 47,01월 25일,37.6233130000,126.9311950000,2007,,02-351-7944,서울특별시 은평구청,2026-02-26
불광2동,1,불광로18길 47,01월 25일,37.6233130000,126.9311950000,2006,,02-351-7944,서울특별시 은평구청,2026-02-26
불광2동,1,불광로18가길 18,30-,37.6230800000,126.9332940000,2007,,02-351-7944,서울특별시 은평구청,2026-02-26
불광2동,1,불광로18가길 14-1,181-1,37.6229050000,126.9329000000,2018,,02-351-7944,서울특별시 은평구청,2026-02-26
불광2동,1,불광로18가길 14,181-2,37.6228590000,126.9327980000,2007,,02-351-7944,서울특별시 은평구청,2026-02-26
불광2동,1,불광로18가길 12,181-3,37.6228130000,126.9326630000,2004,,02-351-7944,서울특별시 은평구청,2026-02-26
불광2동,1,불광로18가길 8,184-2,37.6226020000,126.9323150000,2004,,02-351-7944,서울특별시 은평구청,2026-02-26
불광2동,1,불광로18가길 4,184-3,37.6224470000,126.9320450000,2004,,02-351-7944,서울특별시 은평구청,2026-02-26
불광2동,1,불광로18길 5,184-5,37.6224000000,126.9318530000,2007,,02-351-7944,서울특별시 은평구청,2026-02-26
불광2동,1,불광로18길 7,185-2,37.6224110000,126.9320800000,2019,,02-351-7944,서울특별시 은평구청,2026-02-26
불광2동,1,불광로18길 9,184-9,37.6224030000,126.9322500000,2005,,02-351-7944,서울특별시 은평구청,2026-02-26
불광2동,1,불광로18길 11,186-3,37.6224095800,126.9325088000,2018,,02-351-7944,서울특별시 은평구청,2026-02-26
불광2동,1,통일로18길 11,186-3,37.6223510000,126.9323980000,2018,,02-351-7944,서울특별시 은평구청,2026-02-26
불광2동,1,불광로18길 13-1,11월 28일,37.6224710000,126.9327590000,2018,,02-351-7944,서울특별시 은평구청,2026-02-26
불광2동,1,불광로18길 15-1,12월 28일,37.6226780000,126.9327780000,2009,,02-351-7944,서울특별시 은평구청,2026-02-26
불광2동,1,불광로18길 16,188-1,37.6223370000,126.9328510000,2009,,02-351-7944,서울특별시 은평구청,2026-02-26
불광2동,1,불광로18길 17,05월 28일,37.6227000000,126.9331180000,2018,,02-351-7944,서울특별시 은평구청,2026-02-26
불광2동,1,불광로18길 17-2,04월 28일,37.6227460000,126.9332650000,2018,,02-351-7944,서울특별시 은평구청,2026-02-26
불광2동,1,불광로18길 17-6,07월 28일,37.6229170000,126.9332730000,,,02-351-7944,서울특별시 은평구청,2026-02-26
불광2동,1,,27,,,2019,,02-351-7944,서울특별시 은평구청,2026-02-26
불광2동,1,불광로18길 21,01월 27일,37.6227110000,126.9334350000,2006,,02-351-7944,서울특별시 은평구청,2026-02-26
불광2동,1,불광로18길 21-3,02월 28일,37.6227930000,126.9334680000,2018,,02-351-7944,서울특별시 은평구청,2026-02-26
불광2동,1,불광로18길 24,03월 24일,37.6225550000,126.9340720000,2018,,02-351-7944,서울특별시 은평구청,2026-02-26
불광2동,1,불광로18길 24,03월 24일,37.6225550000,126.9340720000,2018,,02-351-7944,서울특별시 은평구청,2026-02-26
불광2동,1,불광로16길 25-13,06월 24일,37.6224428200,126.9345124000,2020,,02-351-7944,서울특별시 은평구청,2026-02-26
불광2동,1,불광로18길 32,25,37.6224810000,126.9348090000,2017,,02-351-7944,서울특별시 은평구청,2026-02-26
불광2동,1,불광로16길 25-8,23-19,37.6221810000,126.9345300000,2018,,02-351-7944,서울특별시 은평구청,2026-02-26
불광2동,1,불광로18길 32,03월 25일,37.6224090000,126.9348330000,2018,,02-351-7944,서울특별시 은평구청,2026-02-26
불광2동,1,불광로18길 32,03월 25일,37.6224090000,126.9348330000,2018,,02-351-7944,서울특별시 은평구청,2026-02-26
불광2동,1,불광로18길 38,23-72,37.6224340000,126.9355910000,2018,,02-351-7944,서울특별시 은평구청,2026-02-26
불광2동,1,불광로18길 42,23-64,37.6226530000,126.9358940000,2018,,02-351-7944,서울특별시 은평구청,2026-02-26
불광2동,1,불광로18길 47,01월 25일,37.6233130000,126.9311950000,2006,,02-351-7944,서울특별시 은평구청,2026-02-26
불광2동,1,불광로16길,08월 23일,37.6218790000,126.9350100000,2018,,02-351-7944,서울특별시 은평구청,2026-02-26
불광2동,1,불광로16길 24-20,23-26,37.6215060000,126.9346760000,2018,,02-351-7944,서울특별시 은평구청,2026-02-26
불광2동,1,불광로16길 24-10,23-60,37.6215570000,126.9342670000,2018,,02-351-7944,서울특별시 은평구청,2026-02-26
불광2동,1,불광로16길 24-5,23-27,37.6217270000,126.9341740000,2018,,02-351-7944,서울특별시 은평구청,2026-02-26
불광2동,1,불광로16길 24,23-40,37.6217700000,126.9339470000,2018,,02-351-7944,서울특별시 은평구청,2026-02-26
불광2동,1,불광로16길 23-5,23-38,37.6220770000,126.9339650000,2018,,02-351-7944,서울특별시 은평구청,2026-02-26
불광2동,1,불광로16길 23-10,23-32,37.6222950000,126.9342340000,2018,,02-351-7944,서울특별시 은평구청,2026-02-26
불광2동,1,불광로16길 22,23-42,37.6218153100,126.9337509000,,,02-351-7944,서울특별시 은평구청,2026-02-26
불광2동,1,불광로16길 21,23-42,37.6217780000,126.9337880000,2018,,02-351-7944,서울특별시 은평구청,2026-02-26
불광2동,1,불광로16길 19-6,23-44,37.6217420000,126.9337890000,2017,,02-351-7944,서울특별시 은평구청,2026-02-26
불광2동,1,불광로18길 47,01월 25일,37.6233440000,126.9365980000,2005,,02-351-7944,서울특별시 은평구청,2026-02-26
불광2동,1,불광로18길 47,01월 25일,37.6233440000,126.9365980000,2005,,02-351-7944,서울특별시 은평구청,2026-02-26
불광2동,1,불광로18길 47,01월 25일,37.6233440000,126.9365980000,2008,,02-351-7944,서울특별시 은평구청,2026-02-26
불광2동,1,불광로18길 47,01월 25일,37.6233440000,126.9365980000,2008,,02-351-7944,서울특별시 은평구청,2026-02-26
불광2동,1,불광로18길 10-2,189-4,37.6220440000,126.9323120000,2018,,02-351-7944,서울특별시 은평구청,2026-02-26
불광2동,1,불광로16길 13-12,08월 20일,37.6219330000,126.9330270000,2017,,02-351-7944,서울특별시 은평구청,2026-02-26
불광2동,1,불광로14길 32,08월 20일,37.6216220700,126.9335276000,2018,,02-351-7944,서울특별시 은평구청,2026-02-26
불광2동,1,불광로 174-1,189-18,37.6220290000,126.9317120000,2018,,02-351-7944,서울특별시 은평구청,2026-02-26
불광2동,1,불광로 176,189-9,37.6223200600,126.9316275000,,,02-351-7944,서울특별시 은평구청,2026-02-26
불광2동,1,연서로34길 38-4,197-1,37.6220170000,126.9303300000,2007,,02-351-7944,서울특별시 은평구청,2026-02-26
불광2동,1,불광로16길 19-12,23-47,37.6223820000,126.9338590000,2018,,02-351-7944,서울특별시 은평구청,2026-02-26
불광2동,1,불광로16길 20,23-43,37.6219850000,126.9337970000,2018,,02-351-7944,서울특별시 은평구청,2026-02-26
불광2동,1,불광로16길 13-12,08월 20일,37.6219330000,126.9330270000,2009,,02-351-7944,서울특별시 은평구청,2026-02-26
불광2동,1,불광로 174-3,189-24,37.6219460000,126.9324380000,2018,,02-351-7944,서울특별시 은평구청,2026-02-26
불광2동,1,불광로18길 8,177-39,37.6219540000,126.9323240000,2019,,02-351-7944,서울특별시 은평구청,2026-02-26
불광2동,1,불광로 174-3,189-13,37.6219960000,126.9319950000,2018,,02-351-7944,서울특별시 은평구청,2026-02-26
불광2동,1,연서로34길 42,191-1,37.6220160000,126.9313040000,2007,,02-351-7944,서울특별시 은평구청,2026-02-26
불광2동,1,연서로34길 30-2,202-,37.6216050000,126.9296330000,2017,,02-351-7944,서울특별시 은평구청,2026-02-26
불광2동,1,연서로34길 26,205-8,37.6213860000,126.9293080000,2011,,02-351-7944,서울특별시 은평구청,2026-02-26
불광2동,1,연서로34길 26-7,205-1,37.6216940000,126.9295190000,2018,,02-351-7944,서울특별시 은평구청,2026-02-26
불광2동,1,불광로 169,191-8,37.6216740000,126.9312970000,2007,,02-351-7944,서울특별시 은평구청,2026-02-26
불광2동,1,불광로 169,191-8,37.6216740000,126.9312970000,2007,,02-351-7944,서울특별시 은평구청,2026-02-26
불광2동,1,불광로 169,191-8,37.6216740000,126.9312970000,2008,,02-351-7944,서울특별시 은평구청,2026-02-26
불광2동,1,연서로 347,Jan-73,37.6261898300,126.9288477000,,,02-351-7944,서울특별시 은평구청,2026-02-26
불광2동,1,불광로 179-10,156-3,37.6225130000,126.9303910000,2008,,02-351-7944,서울특별시 은평구청,2026-02-26
불광2동,1,연서로 350,Mar-71,37.6260250000,126.9291850000,2015,,02-351-7944,서울특별시 은평구청,2026-02-26
불광2동,1,불광로22길 206,71-16,37.6252880000,126.9293650000,2008,,02-351-7944,서울특별시 은평구청,2026-02-26
불광2동,1,연서로 333-10,90-14,37.6253570000,126.9280280000,2011,,02-351-7944,서울특별시 은평구청,2026-02-26
불광2동,1,연서로33길 21-1,371-13,37.6220970000,126.9233730000,2007,,02-351-7944,서울특별시 은평구청,2026-02-26
불광2동,1,연서로33길 16-27,417-8,37.6226230000,126.9246910000,,,02-351-7944,서울특별시 은평구청,2026-02-26
불광2동,1,연서로33길 14-18,418-3,37.6222220000,126.9251160000,2018,,02-351-7944,서울특별시 은평구청,2026-02-26
불광2동,1,연서로33길 12-18,361-1,37.6220870000,126.9251860000,2008,,02-351-7944,서울특별시 은평구청,2026-02-26
불광2동,1,통일로94길 1-3,476-3,37.6276710000,126.9199740000,2008,,02-351-7944,서울특별시 은평구청,2026-02-26
불광2동,1,통일로94길 1-3,476-3,37.6276710000,126.9199740000,2007,,02-351-7944,서울특별시 은평구청,2026-02-26
불광2동,1,통일로92길 39-10,445-358,37.6264722100,126.9236266000,,,02-351-7944,서울특별시 은평구청,2026-02-26
불광2동,1,통일로92길 39-9,445-327,37.6263870000,126.9234470000,2016,,02-351-7944,서울특별시 은평구청,2026-02-26
불광2동,1,통일로92길 39-3,445-330,37.6262550000,126.9238230000,2016,,02-351-7944,서울특별시 은평구청,2026-02-26
불광2동,1,통일로92길 12,481-3,37.6256460000,126.9212040000,2008,,02-351-7944,서울특별시 은평구청,2026-02-26
불광2동,1,통일로92길 12-1,480-13,37.6260660000,126.9217870000,2007,,02-351-7944,서울특별시 은평구청,2026-02-26
불광2동,1,통일로92가길 11,445-202,37.6263008900,126.9217458000,,,02-351-7944,서울특별시 은평구청,2026-02-26
불광2동,1,통일로92다길 16-22,480-353,37.6245210000,126.9233720000,2019,,02-351-7944,서울특별시 은평구청,2026-02-26
불광2동,1,연서로41가길 19-13,442-21,37.6249490000,126.9248270000,2018,,02-351-7944,서울특별시 은평구청,2026-02-26
불광2동,1,연서로35길 39,442-38,37.6242740000,126.9249160000,2007,,02-351-7944,서울특별시 은평구청,2026-02-26
불광2동,1,통일로82나길 13-13,391-94,37.6231780000,126.9212730000,2006,,02-351-7944,서울특별시 은평구청,2026-02-26
불광2동,1,통일로 80길 17-25,312-86,37.6211660000,126.9230240000,2011,,02-351-7944,서울특별시 은평구청,2026-02-26
불광2동,1,통일로92나길 23,480-218,37.6240320000,126.9231070000,2016,,02-351-7944,서울특별시 은평구청,2026-02-26
불광2동,1,통일로92가길 13-1,445-206,37.6261220000,126.9220240000,2017,,02-351-7944,서울특별시 은평구청,2026-02-26
불광2동,1,통일로88길 12,484-88,37.6238519200,126.9211368000,2024,,02-351-7944,서울특별시 은평구청,2026-02-26
불광2동,1,통일로88길 13-14,391-159,37.6238318600,126.9220635000,2024,,02-351-7944,서울특별시 은평구청,2026-02-26
불광2동,1,통일로82길 29-1,484-10,37.6224552600,126.9203333000,2024,,02-351-7944,서울특별시 은평구청,2026-02-26
불광2동,1,불광로18길 6,189-7,37.6222110000,126.9319020000,2007,,02-351-7944,서울특별시 은평구청,2026-02-26
불광2동,1,불광로174-1,189-18,37.6220552900,126.9317222000,2024,,02-351-7944,서울특별시 은평구청,2026-02-26
불광2동,1,통일로 866-1,484-72,37.6204107600,126.9204673000,2024,,02-351-7944,서울특별시 은평구청,2026-02-26
불광2동,1,연서로 347,Jan-73,37.6261898300,126.9288477000,2024,,02-351-7944,서울특별시 은평구청,2026-02-26
불광2동,1,연서로 333-5,90-54,37.6252493400,126.9282728000,2024,,02-351-7944,서울특별시 은평구청,2026-02-26
불광2동,1,연서로 333-3,90-53,37.6251931100,126.9283996000,2024,,02-351-7944,서울특별시 은평구청,2026-02-26
불광2동,1,연서로 333,Mar-90,37.6251196100,126.9286335000,2024,,02-351-7944,서울특별시 은평구청,2026-02-26
불광2동,1,통일로92가길 32-3,445-60,37.6271902900,126.9231712000,2024,,02-351-7944,서울특별시 은평구청,2026-02-26
불광2동,1,연서로41가길 39,445-414,37.6267268500,126.9238665000,2024,,02-351-7944,서울특별시 은평구청,2026-02-26
불광2동,1,통일로92길 44,445-252,37.6263363500,126.9244597000,2024,,02-351-7944,서울특별시 은평구청,2026-02-26
불광2동,1,연서로41가길 29-1,445-366,37.6262974200,126.9246784000,2024,,02-351-7944,서울특별시 은평구청,2026-02-26
불광2동,1,연서로 341,Jan-89,37.6256586000,126.9287558000,2024,,02-351-7944,서울특별시 은평구청,2026-02-26
불광2동,1,연서로41길 6,90-63,37.6257561500,126.9283096000,2024,,02-351-7944,서울특별시 은평구청,2026-02-26
불광2동,1,통일로92길 36-1,445-339,37.6259392200,126.9237618000,2024,,02-351-7944,서울특별시 은평구청,2026-02-26
불광2동,1,통일로92길 34,480-263,37.6258061100,126.9235848000,2024,,02-351-7944,서울특별시 은평구청,2026-02-26
불광2동,1,연서로33길 19,390-5,37.6222100000,126.9238250000,2017,,02-351-7944,서울특별시 은평구청,2026-02-26
불광2동,1,연서로37길 49,Jun-98,37.6255841000,126.9277598000,2024,,02-351-7944,서울특별시 은평구청,2026-02-26
불광2동,1,연서로 269-12,367-41,37.6210690000,126.9242490000,2011,,02-351-7944,서울특별시 은평구청,2026-02-26
불광2동,1,연서로37가길 5,436-3,37.6240250000,126.9262110000,2017,,02-351-7944,서울특별시 은평구청,2026-02-26
불광2동,1,통일로884,484-31,37.6218033000,126.9201004000,,,02-351-7944,서울특별시 은평구청,2026-02-26
불광2동,1,통일로92나길 25-1,480-248,37.6239050600,126.9233405000,2018,,02-351-7944,서울특별시 은평구청,2026-02-26
불광2동,1,통일로92나길 25,480-219,37.6239513400,126.9231929000,2023,,02-351-7944,서울특별시 은평구청,2026-02-26
불광2동,1,통일로92나길 24,480-224,37.6239850000,126.9228820000,2008,,02-351-7944,서울특별시 은평구청,2026-02-26
불광2동,1,불광로22길 17,170-125,37.6251260000,126.9304210000,2007,,02-351-7944,서울특별시 은평구청,2026-02-26
불광2동,1,연서로41길 30,441-1,37.6266316600,126.9259040000,,,02-351-7944,서울특별시 은평구청,2026-02-26
불광2동,1,연서로41길 30,441-1,37.6266316600,126.9259040000,,,02-351-7944,서울특별시 은평구청,2026-02-26
불광2동,1,통일로92가길 31,445-56,37.6272910000,126.9228230000,2017,,02-351-7944,서울특별시 은평구청,2026-02-26
불광2동,1,통일로92가길 31,445-56,37.6272910000,126.9228230000,2017,,02-351-7944,서울특별시 은평구청,2026-02-26
불광2동,1,통일로92가길 20,442-152,37.6263082300,126.9224549000,2024,,02-351-7944,서울특별시 은평구청,2026-02-26
불광2동,1,통일로92다길 6-3,480-165,37.6253460000,126.9239150000,2008,,02-351-7944,서울특별시 은평구청,2026-02-26
불광2동,1,통일로92다길 16-20,480-179,37.6246710900,126.9234743000,2024,,02-351-7944,서울특별시 은평구청,2026-02-26
불광2동,1,통일로92다길 16-11,480-350,37.6245166500,126.9239993000,2024,,02-351-7944,서울특별시 은평구청,2026-02-26
불광2동,1,연서로41가길 23,447-40,37.6257714600,126.9251433000,2024,,02-351-7944,서울특별시 은평구청,2026-02-26
불광2동,1,연서로41가길 25-6,445-438,37.6258660000,126.9245880000,2011,,02-351-7944,서울특별시 은평구청,2026-02-26
불광2동,1,연서로41가길 15,447-26,37.6257918400,126.9258986000,2024,,02-351-7944,서울특별시 은평구청,2026-02-26
불광2동,1,연서로41가길 15,447-26,37.6257918400,126.9258986000,2024,,02-351-7944,서울특별시 은평구청,2026-02-26
불광2동,1,,442-32,,,2023,,02-351-7944,서울특별시 은평구청,2026-02-26
불광2동,1,연서로35길 28,400-4,37.6233110000,126.9250660000,2005,,02-351-7944,서울특별시 은평구청,2026-02-26
불광2동,1,통일로82나길 13,391-88,37.6225530300,126.9214650000,2024,,02-351-7944,서울특별시 은평구청,2026-02-26
불광2동,1,통일로92길 4,494-4,37.6258830000,126.9205770000,2017,,02-351-7944,서울특별시 은평구청,2026-02-26
불광2동,1,통일로90길 32,480-99,37.6252940000,126.9221830000,2007,,02-351-7944,서울특별시 은평구청,2026-02-26
불광2동,1,통일로 934,500-,37.6263738000,126.9202834000,2020,,02-351-7944,서울특별시 은평구청,2026-02-26
불광2동,1,통일로 934,500,37.6263700000,126.9206270000,2017,,02-351-7944,서울특별시 은평구청,2026-02-26
불광2동,1,통일로94길 25-8,479-69,37.6269790000,126.9211620000,2005,,02-351-7944,서울특별시 은평구청,2026-02-26
불광2동,1,통일로92가길 32-7,445-241,37.6271579700,126.9234537000,2021,,02-351-7944,서울특별시 은평구청,2026-02-26
불광2동,1,통일로94길 25-3,479-84,37.6268733000,126.9213975000,2023,,02-351-7944,서울특별시 은평구청,2026-02-26
불광2동,1,통일로92가길 19-1,445-198,37.6262210000,126.9220790000,2008,,02-351-7944,서울특별시 은평구청,2026-02-26
불광2동,1,통일로92가길 17,445-197,37.6261960000,126.9222150000,2017,,02-351-7944,서울특별시 은평구청,2026-02-26
불광2동,1,불광로18가길 20-1,Jun-31,37.6234648300,126.9337506000,,,02-351-7944,서울특별시 은평구청,2026-02-26
불광2동,1,불광로18가길 6,184-13,37.6225740000,126.9322020000,2011,,02-351-7944,서울특별시 은평구청,2026-02-26
불광2동,1,연서로38길 30-3,162-5,37.6229590000,126.9299200000,2008,,02-351-7944,서울특별시 은평구청,2026-02-26
불광2동,1,불광로 194-1,172-6,37.6236560000,126.9303180000,2007,,02-351-7944,서울특별시 은평구청,2026-02-26
불광2동,1,불광로 198-3,172-12,37.6237720000,126.9301910000,2019,,02-351-7944,서울특별시 은평구청,2026-02-26
불광2동,1,연서로37길 35-16,444-66,37.6242250000,126.9264460000,2011,,02-351-7944,서울특별시 은평구청,2026-02-26
불광2동,1,연서로37가길 11-4,442-59,37.6245891700,126.9256318000,2023,,02-351-7944,서울특별시 은평구청,2026-02-26
불광2동,1,통일로80길 1,486-33,37.6199770800,126.9207659000,2024,,02-351-7944,서울특별시 은평구청,2026-02-26
불광2동,1,통일로892,484-126,37.6225516500,126.9200420000,2019,,02-351-7944,서울특별시 은평구청,2026-02-26
불광2동,1,통일로94길 17-7,479-14,37.6269400000,126.9208340000,2007,,02-351-7944,서울특별시 은평구청,2026-02-26
불광2동,1,통일로88길 12-22,484-97,37.6228670000,126.9209522000,2023,,02-351-7944,서울특별시 은평구청,2026-02-26
불광2동,1,연서로34길 23-5,139-1,37.6215500000,37.6215500000,2011,,02-351-7944,서울특별시 은평구청,2026-02-26
불광2동,1,연서로34길 19-1,137-1,37.6214410000,126.9284690000,2008,,02-351-7944,서울특별시 은평구청,2026-02-26
불광2동,1,불광로 200,172-17,37.6238150000,126.9298850000,2005,,02-351-7944,서울특별시 은평구청,2026-02-26
불광2동,1,,310-136,37.6191920000,126.9218750000,2011,,02-351-7944,서울특별시 은평구청,2026-02-26
불광2동,1,통일로88길 13-11,391-224,37.6239400000,126.9218630000,2017,,02-351-7944,서울특별시 은평구청,2026-02-26
불광2동,1,연서로34길 33-8,163-13,37.6233510000,126.9234910000,2017,,02-351-7944,서울특별시 은평구청,2026-02-26
불광2동,1,연서로33길 12-14,363-3,37.6218060000,126.9249520000,2011,,02-351-7944,서울특별시 은평구청,2026-02-26
불광2동,1,통일로92길 31,480-216,37.6243290000,126.9230580000,2009,,02-351-7944,서울특별시 은평구청,2026-02-26
불광2동,1,통일로82길 36,484-95,37.6228830000,126.9205870000,2006,,02-351-7944,서울특별시 은평구청,2026-02-26
불광2동,1,연서로41가길 26-5,448-54,37.6262950000,126.9252270000,2016,,02-351-7944,서울특별시 은평구청,2026-02-26
불광2동,1,연서로41길 16,Feb-81,37.6264130000,126.9272760000,2004,,02-351-7944,서울특별시 은평구청,2026-02-26
불광2동,1,통일로 88길 29-6,385-1,37.6226970000,126.9229570000,2006,,02-351-7944,서울특별시 은평구청,2026-02-26
불광2동,1,통일로94길,478-44,37.6270910000,126.9206050000,2017,,02-351-7944,서울특별시 은평구청,2026-02-26
불광2동,1,통일로88가길 10-24,480-118,37.6249010000,126.9225400000,2007,,02-351-7944,서울특별시 은평구청,2026-02-26
불광2동,1,통일로92길 7-6,480-51,37.6260890000,126.9213780000,2006,,02-351-7944,서울특별시 은평구청,2026-02-26
불광2동,1,통일로92가길 6,480-58,37.6261400000,126.9210830000,2017,,02-351-7944,서울특별시 은평구청,2026-02-26
불광2동,1,통일로82가길 15-1,484-261,37.6215660000,126.9214660000,2004,,02-351-7944,서울특별시 은평구청,2026-02-26
불광2동,1,연서로41길 11(정문 앞),May-91,37.6263150000,126.9283650000,2005,,02-351-7944,서울특별시 은평구청,2026-02-26
불광2동,1,연서로 279-1,356-25,37.6211700000,126.9254030000,2006,,02-351-7944,서울특별시 은평구청,2026-02-26
불광2동,1,통일로80가길 13-10,376-11,37.6217190000,126.9223710000,2008,,02-351-7944,서울특별시 은평구청,2026-02-26
불광2동,1,불광로14길 32,08월 20일,37.6219330000,126.9330270000,2018,,02-351-7944,서울특별시 은평구청,2026-02-26
불광2동,1,불광로16길 27-8,23-106,37.6222370000,126.9347440000,2018,,02-351-7944,서울특별시 은평구청,2026-02-26
불광2동,1,불광로16길 24-20,23-26,37.6215060000,126.9346760000,2008,,02-351-7944,서울특별시 은평구청,2026-02-26
불광2동,1,불광로16길 19-15,21-13,37.6216590000,126.9346280000,2005,,02-351-7944,서울특별시 은평구청,2026-02-26
불광2동,1,불광로16길 37,23-77,37.6219110000,126.9356440000,2018,,02-351-7944,서울특별시 은평구청,2026-02-26
불광2동,1,연서로34가길 10-16,346-67,37.6204760000,126.9253900000,2011,,02-351-7944,서울특별시 은평구청,2026-02-26
불광2동,1,연서로32길 17-7,339-70,37.6192854700,126.9246610000,2018,,02-351-7944,서울특별시 은평구청,2026-02-26
불광2동,1,연서로38길 3-10,122,37.6224790000,126.9277060000,2011,,02-351-7944,서울특별시 은평구청,2026-02-26
불광2동,1,연서로38길 16-13,163-25,37.6224290000,126.9290890000,2006,,02-351-7944,서울특별시 은평구청,2026-02-26
불광2동,1,연서로34길 38-8,197-3,37.6216980000,126.9300060000,2007,,02-351-7944,서울특별시 은평구청,2026-02-26
불광2동,1,불광로18가길 22,03월 31일,37.6234970000,126.9336390000,2011,,02-351-7944,서울특별시 은평구청,2026-02-26
불광2동,1,통일로78가길 18-4,330-47,37.6204760000,126.9253900000,2011,,02-351-7944,서울특별시 은평구청,2026-02-26
불광2동,1,연서로40길 2-18,111-4,37.6225270000,126.9279890000,2007,,02-351-7944,서울특별시 은평구청,2026-02-26
불광2동,1,불광로16길 37,23-77,37.6244170000,126.9337730000,2019,,02-351-7944,서울특별시 은평구청,2026-02-26
불광2동,1,불광로16길 37,23-77,37.6244170000,126.9337730000,2019,,02-351-7944,서울특별시 은평구청,2026-02-26
불광2동,1,통일로82가길 11-7,484-294,37.6212550000,126.9209160000,2009,,02-351-7944,서울특별시 은평구청,2026-02-26
불광2동,1,통일로80가길 7-10,312-55,37.6210940000,126.9220280000,2005,,02-351-7944,서울특별시 은평구청,2026-02-26
불광2동,1,연서로34길 18,346-23,37.6204760000,126.9253900000,2011,,02-351-7944,서울특별시 은평구청,2026-02-26
불광2동,1,연서로33길 16-23,417-14,37.6226240000,126.9248270000,2009,,02-351-7944,서울특별시 은평구청,2026-02-26
불광2동,1,연서로43길 15-7,76-13,37.6268900000,126.9272580000,2009,,02-351-7944,서울특별시 은평구청,2026-02-26
불광2동,1,연서로34가길 16-23,346-113,37.6195833200,126.9272058000,2019,,02-351-7944,서울특별시 은평구청,2026-02-26
불광2동,1,통일로90길 17-5,296-13,37.6215560000,126.9291920000,2015,,02-351-7944,서울특별시 은평구청,2026-02-26
불광2동,1,연서로34길 10-8,348-5,37.6214220000,126.9273590000,2011,,02-351-7944,서울특별시 은평구청,2026-02-26
불광2동,1,불광로18가길 44,May-43,37.6254600000,126.9334300000,2016,,02-351-7944,서울특별시 은평구청,2026-02-26
불광2동,1,통일로78길 34-15,339-30,37.6204760000,126.9253900000,2017,,02-351-7944,서울특별시 은평구청,2026-02-26
불광2동,1,연서로 282-11,353-17,37.6204910600,126.9261781000,2019,,02-351-7944,서울특별시 은평구청,2026-02-26
불광2동,1,연서로32길 5-3,353-71,37.6201114000,126.9249543000,2018,,02-351-7944,서울특별시 은평구청,2026-02-26
불광2동,1,연서로33길 12-10,362-3,37.6217566300,126.9247337000,,,02-351-7944,서울특별시 은평구청,2026-02-26
불광2동,1,불광로16길 25-6,23-18,37.6221044600,126.9344959000,2023,,02-351-7944,서울특별시 은평구청,2026-02-26
불광2동,1,불광로16길 25-6,23-18,37.6221044600,126.9344959000,2023,,02-351-7944,서울특별시 은평구청,2026-02-26
불광2동,1,연서로41가길 26-5,448-54,37.6262950000,126.9252270000,,,02-351-7944,서울특별시 은평구청,2026-02-26
불광2동,1,통일로88길 21-2,382-10,37.6230510000,126.9221810000,2017,,02-351-7944,서울특별시 은평구청,2026-02-26
불광2동,1,연서로31길 3-1,310-78,37.6204030000,126.9233520000,2017,,02-351-7944,서울특별시 은평구청,2026-02-26
불광2동,1,통일로92나길 19-6,480-216,37.6243290000,126.9230580000,2017,,02-351-7944,서울특별시 은평구청,2026-02-26
불광2동,1,통일로83길9,Apr-92,37.6208934200,126.9188614000,2017,,02-351-7944,서울특별시 은평구청,2026-02-26
불광2동,1,갈현로33가길5-12,445-22,37.6223808900,126.9130253000,2017,,02-351-7944,서울특별시 은평구청,2026-02-26
불광2동,1,연서로 291,430-6,37.6217640000,126.9262780000,2017,,02-351-7944,서울특별시 은평구청,2026-02-26
불광2동,1,연서로43가길 2-11,Jan-46,37.6274520600,126.9286056000,2021,,02-351-7944,서울특별시 은평구청,2026-02-26
불광2동,1,,43-16,,,2021,,02-351-7944,서울특별시 은평구청,2026-02-26
불광2동,1,통일로78가길 13-59,331-17,37.6192005000,126.9269514000,2021,,02-351-7944,서울특별시 은평구청,2026-02-26
불광2동,1,불광로8길 7,08월 10일,37.6161295600,126.9334888000,2022,,02-351-7944,서울특별시 은평구청,2026-02-26
불광2동,1,통일로72길 30-33,330-8,37.6175383900,126.9268651000,2019,,02-351-7944,서울특별시 은평구청,2026-02-26
불광2동,1,통일로80가길 13-4,376-13,37.6215531900,126.9222470000,2019,,02-351-7944,서울특별시 은평구청,2026-02-26
불광2동,1,연서로35길 7-12,419-8,37.6220782900,126.9253951000,2020,,02-351-7944,서울특별시 은평구청,2026-02-26
불광2동,1,통일로80길 11-4,312-19,37.6203628600,126.9218796000,,,02-351-7944,서울특별시 은평구청,2026-02-26
불광2동,1,연서로 253-13,310-21,37.6203624100,126.9229487000,2022,,02-351-7944,서울특별시 은평구청,2026-02-26
불광2동,1,불광로22길 3-1,170-29,37.6246356200,126.9296484000,,,02-351-7944,서울특별시 은평구청,2026-02-26
불광2동,1,통일로88가길 1-1,391-128,37.6240781300,126.9212059000,2023,,02-351-7944,서울특별시 은평구청,2026-02-26
불광2동,1,통일로92나길 1,480-39,37.6255876600,126.9222297000,2023,,02-351-7944,서울특별시 은평구청,2026-02-26
불광2동,1,연서로 327,90-34,37.6245392800,126.9282734000,2023,,02-351-7944,서울특별시 은평구청,2026-02-26
불광2동,1,통일로88길 12-22,484-97,37.6228670000,126.9209522000,2023,,02-351-7944,서울특별시 은평구청,2026-02-26
불광2동,1,,90-34,,,2023,,02-351-7944,서울특별시 은평구청,2026-02-26
불광2동,1,연서로34길 7-5,425-3,37.6215224400,126.9270483000,2024,,02-351-7944,서울특별시 은평구청,2026-02-26
불광2동,1,연서로34길 7-5,425-3,37.6215224400,126.9270483000,2024,,02-351-7944,서울특별시 은평구청,2026-02-26
불광2동,1,연서로35길 3-11,356-16,37.6215313500,126.9256049000,2024,,02-351-7944,서울특별시 은평구청,2026-02-26
수색동,1,수색로22길 23,308-11,37.5874180000,126.8894640000,2007,,02-351-7944,서울특별시 은평구청,2026-02-26
수색동,1,수색로22길 25,307-9,37.5875720000,126.8895180000,2006,,02-351-7944,서울특별시 은평구청,2026-02-26
수색동,1,수색로22길 27,306-12,37.5876990000,126.8896290000,2016,,02-351-7944,서울특별시 은평구청,2026-02-26
수색동,1,실내배드민턴장,산8-4,37.5880910000,126.8901560000,2018,,02-351-7944,서울특별시 은평구청,2026-02-26
수색동,1,실내배드민턴장,산8-4,37.5880910000,126.8901560000,2007,,02-351-7944,서울특별시 은평구청,2026-02-26
수색동,1,실내배드민턴장,산8-4,37.5880910000,126.8901560000,2007,,02-351-7944,서울특별시 은평구청,2026-02-26
수색동,1,수색로22길 25,307-9,37.5870730000,126.8900910000,2015,,02-351-7944,서울특별시 은평구청,2026-02-26
수색동,1,수색로22길 14-4,321,37.5864170000,126.8903390000,2019,,02-351-7944,서울특별시 은평구청,2026-02-26
수색동,1,수색로22가길 9-1,321-2,37.5861160200,126.8905074000,2023,,02-351-7944,서울특별시 은평구청,2026-02-26
수색동,1,수색로22길 25-6,306-11,37.5877160000,126.8895040000,2007,,02-351-7944,서울특별시 은평구청,2026-02-26
수색동,1,수색로22길 25-9,307-7,37.5876680000,126.8891880000,2008,,02-351-7944,서울특별시 은평구청,2026-02-26
수색동,1,수색로22길 25-17,307-4,37.5877360000,126.8887570000,2008,,02-351-7944,서울특별시 은평구청,2026-02-26
수색동,1,수색로22길 25-17,307-4,37.5877360000,126.8887570000,2017,,02-351-7944,서울특별시 은평구청,2026-02-26
수색동,1,수색로22나길 30,308-1,37.5876960000,126.8883160000,2006,,02-351-7944,서울특별시 은평구청,2026-02-26
수색동,1,수색로22나길 29,305-4,37.5877472700,126.8882295000,2021,,02-351-7944,서울특별시 은평구청,2026-02-26
수색동,1,수색로22나길 28,312-4,37.5874250000,126.8882970000,2007,,02-351-7944,서울특별시 은평구청,2026-02-26
수색동,1,수색로22나길 24-14,309-1,37.5874711900,126.8886387000,,,02-351-7944,서울특별시 은평구청,2026-02-26
수색동,1,수색로22나길 24-14,309-1,37.5874370000,126.8885910000,2008,,02-351-7944,서울특별시 은평구청,2026-02-26
수색동,1,수색로22나길 24-11,312-7,37.5873720000,126.8884000000,2005,,02-351-7944,서울특별시 은평구청,2026-02-26
수색동,1,수색로22나길 24-6,313-3,37.5871020000,126.8884490000,2007,,02-351-7944,서울특별시 은평구청,2026-02-26
수색동,1,수색로22길 23-16,308-6,37.5876190000,126.8887360000,2007,,02-351-7944,서울특별시 은평구청,2026-02-26
수색동,1,수색로22길 23-6,308-10,37.5875240000,126.8892690000,2007,,02-351-7944,서울특별시 은평구청,2026-02-26
수색동,1,수색로22길 20,산8-15,37.5871210000,126.8895130000,2019,,02-351-7944,서울특별시 은평구청,2026-02-26
수색동,1,수색로22길 21,309-6,37.5873270000,126.8893290000,2006,,02-351-7944,서울특별시 은평구청,2026-02-26
수색동,1,수색로22길 19-1,309-4,37.5873600000,126.8890570000,2018,,02-351-7944,서울특별시 은평구청,2026-02-26
수색동,1,수색로22길 19,309-8,37.5871620000,126.8890820000,2005,,02-351-7944,서울특별시 은평구청,2026-02-26
수색동,1,,320,,,,,02-351-7944,서울특별시 은평구청,2026-02-26
수색동,1,수색로22길 18,320-10,37.5869400000,126.8893800000,2019,,02-351-7944,서울특별시 은평구청,2026-02-26
수색동,1,수색로22길 12,320-1,37.5864360000,126.8894780000,2019,,02-351-7944,서울특별시 은평구청,2026-02-26
수색동,1,수색로22길 14-1,320-6,37.5866710000,126.8895090000,2008,,02-351-7944,서울특별시 은평구청,2026-02-26
수색동,1,수색로22가길 3,321-6,37.5862230000,126.8898320000,2008,,02-351-7944,서울특별시 은평구청,2026-02-26
수색동,1,수색로22가길 1,321-7,37.5862480000,126.8896390000,2017,,02-351-7944,서울특별시 은평구청,2026-02-26
수색동,1,수색로22길 10,321-8,37.5862470000,126.8894580000,2019,,02-351-7944,서울특별시 은평구청,2026-02-26
수색동,1,수색로22가길 1,321-7,37.5862480000,126.8896390000,2017,,02-351-7944,서울특별시 은평구청,2026-02-26
수색동,1,수색로22길 4,324-6,37.5856610000,126.8894560000,2019,,02-351-7944,서울특별시 은평구청,2026-02-26
수색동,1,수색로22길 4,324-6,37.5856999900,126.8894220000,,,02-351-7944,서울특별시 은평구청,2026-02-26
수색동,1,수색로22길 4,324-6,37.5856999900,126.8894220000,2018,,02-351-7944,서울특별시 은평구청,2026-02-26
수색동,1,수색로22길 2,325-21,37.5855080000,126.8895030000,2017,,02-351-7944,서울특별시 은평구청,2026-02-26
수색동,1,수색로22길 2,325-21,37.5854470500,126.8894687000,2021,,02-351-7944,서울특별시 은평구청,2026-02-26
수색동,1,수색로22길 14-2,320-4,37.5865550000,126.8896460000,2017,,02-351-7944,서울특별시 은평구청,2026-02-26
수색동,1,수색로22가길 2,324-8,37.5859960000,126.8896660000,2008,,02-351-7944,서울특별시 은평구청,2026-02-26
수색동,1,수색로22길 2-5,324-5,37.5857204500,126.8896406000,,,02-351-7944,서울특별시 은평구청,2026-02-26
수색동,1,수색로22가길 10,323-14,37.5857310000,126.8902130000,2017,,02-351-7944,서울특별시 은평구청,2026-02-26
수색동,1,수색로22가길 4,324-14,37.5860340000,126.8897780000,2017,,02-351-7944,서울특별시 은평구청,2026-02-26
수색동,1,수색로22나길 3,318-6,37.5859720000,126.8890210000,2007,,02-351-7944,서울특별시 은평구청,2026-02-26
수색동,1,수색로 332,318-7,37.5859610000,126.8888060000,2008,,02-351-7944,서울특별시 은평구청,2026-02-26
수색동,1,수색로 336-1,317-2,37.5862210000,126.8886320000,2019,,02-351-7944,서울특별시 은평구청,2026-02-26
수색동,1,수색로 330,318-9,37.5858740000,126.8890560000,,,02-351-7944,서울특별시 은평구청,2026-02-26
수색동,1,수색로 340-6,317-4,37.5862320000,126.8888470000,2019,,02-351-7944,서울특별시 은평구청,2026-02-26
수색동,1,수색로 340-6,317-4,37.5863434600,126.8888688000,,,02-351-7944,서울특별시 은평구청,2026-02-26
수색동,1,수색로 336-1,315-1,37.5862210000,126.8886320000,2007,,02-351-7944,서울특별시 은평구청,2026-02-26
수색동,1,수색로 340-5,317-6,37.5864440700,126.8887714000,,,02-351-7944,서울특별시 은평구청,2026-02-26
수색동,1,수색로 340-5,317-6,37.5864930000,126.8887980000,2019,,02-351-7944,서울특별시 은평구청,2026-02-26
수색동,1,수색로 340-1,317-8,37.5864350000,126.8884480000,2005,,02-351-7944,서울특별시 은평구청,2026-02-26
수색동,1,수색로22나길 10-9,316-5,37.5867270000,126.8887940000,2008,,02-351-7944,서울특별시 은평구청,2026-02-26
수색동,1,수색로22나길 10-11,316-6,37.5867250000,126.8886130000,2007,,02-351-7944,서울특별시 은평구청,2026-02-26
수색동,1,수색로22나길 21,315-5,37.5869630000,126.8879980000,2006,,02-351-7944,서울특별시 은평구청,2026-02-26
수색동,1,수색로 342,315-5,37.5870803000,126.8880980000,,,02-351-7944,서울특별시 은평구청,2026-02-26
수색동,1,수색로22나길 25,313-2,37.5873812500,126.8880259000,,,02-351-7944,서울특별시 은평구청,2026-02-26
수색동,1,수색로22나길 25,313-2,37.5874770000,126.8880590000,2007,,02-351-7944,서울특별시 은평구청,2026-02-26
수색동,1,수색로 346-10,315-7,37.5871960000,126.8878250000,2008,,02-351-7944,서울특별시 은평구청,2026-02-26
수색동,1,수색로 350-8,313-1,37.5874650000,126.8877530000,,,02-351-7944,서울특별시 은평구청,2026-02-26
수색동,1,수색로 350-35,314-6,37.5876800000,126.8875910000,2019,,02-351-7944,서울특별시 은평구청,2026-02-26
수색동,1,,313-8,37.5875750000,126.8879440000,2008,,02-351-7944,서울특별시 은평구청,2026-02-26
수색동,1,수색로 350-29,산2-17,37.5878570000,126.8872940000,2007,,02-351-7944,서울특별시 은평구청,2026-02-26
수색동,1,수색로 350-3,314-9,37.5873710000,126.8873360000,2008,,02-351-7944,서울특별시 은평구청,2026-02-26
수색동,1,수색로 346-6,315-6,37.5871240000,126.8879390000,2007,,02-351-7944,서울특별시 은평구청,2026-02-26
수색동,1,수색로 346-6,315-6,37.5872234000,126.8879216000,2020,,02-351-7944,서울특별시 은평구청,2026-02-26
수색동,1,수색로 346-8,315-9,37.5870960000,126.8877700000,2008,,02-351-7944,서울특별시 은평구청,2026-02-26
수색동,1,수색로 346-2,315-10,37.5869790000,126.8877600000,,,02-351-7944,서울특별시 은평구청,2026-02-26
수색동,1,수색로 370,289-31,37.5869790000,126.8877600000,,,02-351-7944,서울특별시 은평구청,2026-02-26
수색동,1,수색로 370,289-31,37.5886650000,126.8860370000,,,02-351-7944,서울특별시 은평구청,2026-02-26
수색동,1,수색동 289-30,289-30,37.5873070000,126.8872690000,2016,,02-351-7944,서울특별시 은평구청,2026-02-26
수색동,1,,283-1,37.5889600000,126.8858060000,2008,,02-351-7944,서울특별시 은평구청,2026-02-26
수색동,1,,289-30,37.5888390000,126.8863510000,2007,,02-351-7944,서울특별시 은평구청,2026-02-26
수색동,1,수색로 380-18,289-19,37.5889950000,126.8856020000,2007,,02-351-7944,서울특별시 은평구청,2026-02-26
수색동,1,수색로 390-9,296-26,37.5901009200,126.8845763000,,,02-351-7944,서울특별시 은평구청,2026-02-26
수색동,1,수색로 380-26,289-25,37.5892470000,126.8855980000,2007,,02-351-7944,서울특별시 은평구청,2026-02-26
수색동,1,수색로 380-32,289-28,37.5894370000,126.8857080000,2007,,02-351-7944,서울특별시 은평구청,2026-02-26
수색동,1,수색로 388-18,289-34,37.5898230000,126.8855440000,2007,,02-351-7944,서울특별시 은평구청,2026-02-26
수색동,1,수색로 380,289-1,37.5894880000,126.8853230000,2007,,02-351-7944,서울특별시 은평구청,2026-02-26
수색동,1,수색로 388-13,289-9,37.5900250000,126.8849860000,2007,,02-351-7944,서울특별시 은평구청,2026-02-26
수색동,1,수색로 388-10,289-12,37.5898170000,126.8848760000,2008,,02-351-7944,서울특별시 은평구청,2026-02-26
수색동,1,수색로 388-18,289-15,37.5899460000,126.8852590000,2007,,02-351-7944,서울특별시 은평구청,2026-02-26
수색동,1,,288-1,37.5896860000,126.8843910000,2006,,02-351-7944,서울특별시 은평구청,2026-02-26
수색동,1,,290-8,37.5899860000,126.8847040000,2007,,02-351-7944,서울특별시 은평구청,2026-02-26
수색동,1,수색로 390-11,293-31,37.5902110700,126.8846272000,,,02-351-7944,서울특별시 은평구청,2026-02-26
수색동,1,수색로 388-20,291-23,37.5904930000,126.8849230000,2018,,02-351-7944,서울특별시 은평구청,2026-02-26
수색동,1,수색로 388-20,291-23,37.5905340000,126.8854770000,2008,,02-351-7944,서울특별시 은평구청,2026-02-26
수색동,1,수색로 388-20,290-23,37.5900600000,126.8848720000,2007,,02-351-7944,서울특별시 은평구청,2026-02-26
수색동,1,수색로24길 30-8,296-37,37.5911640000,126.8853770000,2008,,02-351-7944,서울특별시 은평구청,2026-02-26
수색동,1,수색로24길 26,296-8,37.5915125200,126.8854564000,,,02-351-7944,서울특별시 은평구청,2026-02-26
수색동,1,수색로24길 24,296-4,37.5914128300,126.8852266000,,,02-351-7944,서울특별시 은평구청,2026-02-26
수색동,1,수색로24길 19-4,293-39,37.5937956300,126.8852872000,,,02-351-7944,서울특별시 은평구청,2026-02-26
수색동,1,수색로24길 19-4,293-39,37.5937956300,126.8852872000,,,02-351-7944,서울특별시 은평구청,2026-02-26
수색동,1,수색로24길 19-4,293-39,37.5937956300,126.8852872000,,,02-351-7944,서울특별시 은평구청,2026-02-26
수색동,1,수색로24길 19-4,293-39,37.5937956300,126.8852872000,,,02-351-7944,서울특별시 은평구청,2026-02-26
수색동,1,수색로24길 19-4,293-39,37.5937956300,126.8852872000,,,02-351-7944,서울특별시 은평구청,2026-02-26
수색동,1,수색로24길 19-4,293-39,37.5937956300,126.8852872000,,,02-351-7944,서울특별시 은평구청,2026-02-26
수색동,1,수색로24길 19-4,293-39,37.5937956300,126.8852872000,,,02-351-7944,서울특별시 은평구청,2026-02-26
수색동,1,수색로24길 19-4,293-39,37.5932620000,126.8852780000,2007,,02-351-7944,서울특별시 은평구청,2026-02-26
수색동,1,수색로24길 19-4,293-39,37.5937956300,126.8852872000,,,02-351-7944,서울특별시 은평구청,2026-02-26
수색동,1,수색로24길 19-4,293-39,37.5937956300,126.8852872000,,,02-351-7944,서울특별시 은평구청,2026-02-26
수색동,1,수색로24길 19-4,293-39,37.5937956300,126.8852872000,,,02-351-7944,서울특별시 은평구청,2026-02-26
수색동,1,수색로24길 19-4,293-40,37.5937956300,126.8852872000,,,02-351-7944,서울특별시 은평구청,2026-02-26
수색동,1,수색로24길 19-4,293-39,37.5937956300,126.8852872000,,,02-351-7944,서울특별시 은평구청,2026-02-26
수색동,1,수색로24길 19-4,293-39,37.5937956300,126.8852872000,,,02-351-7944,서울특별시 은평구청,2026-02-26
수색동,1,수색로24길 19-4,293-39,37.5937956300,126.8852872000,,,02-351-7944,서울특별시 은평구청,2026-02-26
수색동,1,수색로24길 19-4,293-39,37.5937956300,126.8852872000,,,02-351-7944,서울특별시 은평구청,2026-02-26
수색동,1,수색로24길 19-4,293-39,37.5937956300,126.8852872000,,,02-351-7944,서울특별시 은평구청,2026-02-26
수색동,1,수색로24길 19-4,293-39,37.5937956300,126.8852872000,,,02-351-7944,서울특별시 은평구청,2026-02-26
수색동,1,수색로 287-3,377-14,37.5832716000,126.8923560000,,,02-351-7944,서울특별시 은평구청,2026-02-26
수색동,1,수색로 279-20,377-10,37.5830860000,126.8925060000,2008,,02-351-7944,서울특별시 은평구청,2026-02-26
수색동,1,수색로 283,376-4,37.5831350000,126.8929460000,2008,,02-351-7944,서울특별시 은평구청,2026-02-26
수색동,1,수색로 279-3,375-4,37.5829840000,126.8932320000,2015,,02-351-7944,서울특별시 은평구청,2026-02-26
수색동,1,수색로 279-3,375-4,37.5829840000,126.8932320000,2007,,02-351-7944,서울특별시 은평구청,2026-02-26
수색동,1,수색로 279-36,377-2,37.5828020000,126.8929970000,2008,,02-351-7944,서울특별시 은평구청,2026-02-26
수색동,1,수색로275-14,374-2,37.5828403100,126.8932052000,,,02-351-7944,서울특별시 은평구청,2026-02-26
수색동,1,수색로 275-7,373-2,37.5826201500,126.8933755000,,,02-351-7944,서울특별시 은평구청,2026-02-26
수색동,1,수색로 269-30,371-3,37.5825020000,126.8937030000,2007,,02-351-7944,서울특별시 은평구청,2026-02-26
수색동,1,수색로 269-40,372-2,37.5823750000,126.8935920000,2016,,02-351-7944,서울특별시 은평구청,2026-02-26
수색동,1,수색로 275-5,371-5,37.5826460000,126.8935990000,2005,,02-351-7944,서울특별시 은평구청,2026-02-26
수색동,1,수색로 277,375-1,37.5828880000,126.8935160000,2018,,02-351-7944,서울특별시 은평구청,2026-02-26
수색동,1,은평터널로 8,105-1,37.5892470000,126.8855980000,,,02-351-7944,서울특별시 은평구청,2026-02-26
수색동,1,은평터널로 8-6,146-8,37.5824730000,126.8963980000,2018,,02-351-7944,서울특별시 은평구청,2026-02-26
수색동,1,수색로14길 5,146-12,37.5821160000,126.8967320000,2007,,02-351-7944,서울특별시 은평구청,2026-02-26
수색동,1,수색로14길 5,146-12,37.5821160000,126.8967320000,2008,,02-351-7944,서울특별시 은평구청,2026-02-26
수색동,1,수색로 256,102-1,37.5821120000,126.8962560000,2017,,02-351-7944,서울특별시 은평구청,2026-02-26
수색동,1,수색로14길 6,160,0.0000000000,0.0000000000,,,02-351-7944,서울특별시 은평구청,2026-02-26
수색동,1,수색로 242-1,154-15,37.5813200000,126.8973090000,2007,,02-351-7944,서울특별시 은평구청,2026-02-26
수색동,1,수색로16길 15-17,365-7,37.5835560000,126.8945930000,2016,,02-351-7944,서울특별시 은평구청,2026-02-26
수색동,1,수색로18길 6-1,365-5,37.5834180000,126.8943120000,2015,,02-351-7944,서울특별시 은평구청,2026-02-26
수색동,1,수색로18길 4-8,364-4,37.5833100000,126.8943020000,2008,,02-351-7944,서울특별시 은평구청,2026-02-26
수색동,1,수색로 272-1,366-6,37.5830850000,126.8943620000,2008,,02-351-7944,서울특별시 은평구청,2026-02-26
수색동,1,수색로18길 4-13,365-10,37.5833510000,126.8948340000,2008,,02-351-7944,서울특별시 은평구청,2026-02-26
수색동,1,수색로 268-2,368-9,37.5827840000,126.8948760000,2007,,02-351-7944,서울특별시 은평구청,2026-02-26
수색동,1,수색로 268-2,368-9,37.5827840000,126.8948760000,,,02-351-7944,서울특별시 은평구청,2026-02-26
수색동,1,수색로16길 5,368-25,37.5829113700,126.8954576000,2020,,02-351-7944,서울특별시 은평구청,2026-02-26
수색동,1,수색로16길 7-1,367-2,37.5829680000,126.8953150000,2007,,02-351-7944,서울특별시 은평구청,2026-02-26
수색동,1,,Feb-78,37.5804520000,126.8989070000,2016,,02-351-7944,서울특별시 은평구청,2026-02-26
수색동,1,,Feb-78,37.5804520000,126.8989070000,2016,,02-351-7944,서울특별시 은평구청,2026-02-26
수색동,1,수색로16길 15-15,365-8,37.5834880000,126.8950700000,2006,,02-351-7944,서울특별시 은평구청,2026-02-26
수색동,1,수색로18길 4-19,367-7,,,,,02-351-7944,서울특별시 은평구청,2026-02-26
수색동,1,수색로16길 8,369-9,37.5829090000,126.8957120000,2008,,02-351-7944,서울특별시 은평구청,2026-02-26
수색동,1,수색로16길 9,367-3,37.5832310000,126.8954700000,2007,,02-351-7944,서울특별시 은평구청,2026-02-26
수색동,1,,146-26,37.5819660000,126.8951040000,,,02-351-7944,서울특별시 은평구청,2026-02-26
수색동,1,수색로 257,106-8,37.5819040000,126.8952180000,2018,,02-351-7944,서울특별시 은평구청,2026-02-26
수색동,1,,102-4,,,2017,,02-351-7944,서울특별시 은평구청,2026-02-26
수색동,1,은평터널로 51,415-2,37.5855442900,126.8994463000,,,02-351-7944,서울특별시 은평구청,2026-02-26
수색동,1,,1-496,,,,,02-351-7944,서울특별시 은평구청,2026-02-26
수색동,1,수색로22나길 26,312-5,37.5873160000,126.8881970000,2017,,02-351-7944,서울특별시 은평구청,2026-02-26
수색동,1,수색로22나길 22,316-12,37.5870010000,126.8882700000,2007,,02-351-7944,서울특별시 은평구청,2026-02-26
수색동,1,수색로22나길 18,,37.5868333200,126.8882427000,,,02-351-7944,서울특별시 은평구청,2026-02-26
수색동,1,수색로22길 14-3,320-7,37.5867340000,126.8895300000,2017,,02-351-7944,서울특별시 은평구청,2026-02-26
수색동,1,수색로22가길 6-4,324-11,37.5859270000,126.8899950000,2017,,02-351-7944,서울특별시 은평구청,2026-02-26
수색동,1,수색로16길 15-13,115-7,37.5834880000,126.8950700000,2010,,02-351-7944,서울특별시 은평구청,2026-02-26
수색동,1,수색로16길 9,367-3,37.5831030000,126.8953360000,,,02-351-7944,서울특별시 은평구청,2026-02-26
수색동,1,은평터널로 6,369-7,37.5828450000,126.8956230000,2007,,02-351-7944,서울특별시 은평구청,2026-02-26
수색동,1,은평터널로 5,110-1,37.5826750000,126.8957720000,,,02-351-7944,서울특별시 은평구청,2026-02-26
수색동,1,수색로 260-1,369-1,37.5827180000,126.8955570000,2008,,02-351-7944,서울특별시 은평구청,2026-02-26
수색동,1,수색로 260,109-1,37.5823750000,126.8954940000,2016,,02-351-7944,서울특별시 은평구청,2026-02-26
수색동,1,수색로 260,109,37.5822940000,126.8954840000,2008,,02-351-7944,서울특별시 은평구청,2026-02-26
수색동,1,수색로16길 6,369-7,37.5828239700,126.8955320000,,,02-351-7944,서울특별시 은평구청,2026-02-26
수색동,1,,369-11,37.5827000000,126.8955790000,,,02-351-7944,서울특별시 은평구청,2026-02-26
수색동,1,수색로 275-14,374-2,37.5827860000,126.8932350000,2008,,02-351-7944,서울특별시 은평구청,2026-02-26
수색동,1,수색로 279-22,377-8,37.5830960000,126.8925960000,2007,,02-351-7944,서울특별시 은평구청,2026-02-26
수색동,1,수색로 275-9,373-3,37.5826150000,126.8932480000,2008,,02-351-7944,서울특별시 은평구청,2026-02-26
수색동,1,은평터널로 49-2,08월 12일,37.5855980000,126.8990350000,2007,,02-351-7944,서울특별시 은평구청,2026-02-26
수색동,1,수색로 388-11,289-36,37.5900392000,126.8848981000,2023,,02-351-7944,서울특별시 은평구청,2026-02-26
수색동,1,,289-15,,,2023,,02-351-7944,서울특별시 은평구청,2026-02-26
수색동,1,,150-54,,,2023,,02-351-7944,서울특별시 은평구청,2026-02-26
수색동,1,수색로 240,154-16,37.5812918000,126.8971962000,2023,,02-351-7944,서울특별시 은평구청,2026-02-26
수색동,1,수색로14길 5-5,103-3,37.5820870000,126.8964720000,2008,,02-351-7944,서울특별시 은평구청,2026-02-26
수색동,1,,189-51,37.5850530000,126.8967110000,2013,,02-351-7944,서울특별시 은평구청,2026-02-26
수색동,1,수색로 368,289-32,,수색로 확장공사 측에서 설치,,,02-351-7944,서울특별시 은평구청,2026-02-26
수색동,1,수색로 268,366-1,37.5828377400,126.8946685000,2023,,02-351-7944,서울특별시 은평구청,2026-02-26
수색동,1,수색로18길 4-10,366-13,37.5832660000,126.8945535000,2023,,02-351-7944,서울특별시 은평구청,2026-02-26
수색동,1,수색철교1,중동교-1,,,2019,,02-351-7944,서울특별시 은평구청,2026-02-26
수색동,1,수색철교10,중동교-10,,,2019,,02-351-7944,서울특별시 은평구청,2026-02-26
수색동,1,수색철교11,중동교-11,,,2019,,02-351-7944,서울특별시 은평구청,2026-02-26
수색동,1,수색철교12,중동교-12,,,2019,,02-351-7944,서울특별시 은평구청,2026-02-26
수색동,1,수색철교13,중동교-13,,,2019,,02-351-7944,서울특별시 은평구청,2026-02-26
수색동,1,수색철교14,중동교-14,,,2019,,02-351-7944,서울특별시 은평구청,2026-02-26
수색동,1,수색철교15,중동교-15,,,2019,,02-351-7944,서울특별시 은평구청,2026-02-26
수색동,1,수색철교16,중동교-16,,,2019,,02-351-7944,서울특별시 은평구청,2026-02-26
수색동,1,수색철교17,중동교-17,,,2019,,02-351-7944,서울특별시 은평구청,2026-02-26
수색동,1,수색철교18,중동교-18,,,2019,,02-351-7944,서울특별시 은평구청,2026-02-26
수색동,1,수색철교2,중동교-2,,,2019,,02-351-7944,서울특별시 은평구청,2026-02-26
수색동,1,수색철교3,중동교-3,,,2019,,02-351-7944,서울특별시 은평구청,2026-02-26
수색동,1,수색철교4,중동교-4,,,2019,,02-351-7944,서울특별시 은평구청,2026-02-26
수색동,1,수색철교5,중동교-5,,,2019,,02-351-7944,서울특별시 은평구청,2026-02-26
수색동,1,수색철교6,중동교-6,,,2019,,02-351-7944,서울특별시 은평구청,2026-02-26
수색동,1,수색철교7,중동교-7,,,2019,,02-351-7944,서울특별시 은평구청,2026-02-26
수색동,1,수색철교8,중동교-8,,,2019,,02-351-7944,서울특별시 은평구청,2026-02-26
수색동,1,수색철교9,중동교-9,,,2019,,02-351-7944,서울특별시 은평구청,2026-02-26
수색동,1,은평터널로 5,110-1,37.5826401700,126.8957942000,2024,,02-351-7944,서울특별시 은평구청,2026-02-26
신사1동,1,증산로19길 32,30-25,37.5953510000,126.9111780000,2011,,02-351-7944,서울특별시 은평구청,2026-02-26
신사1동,1,증산로19길 28,31-24,37.5954180000,126.9115960000,2007,,02-351-7944,서울특별시 은평구청,2026-02-26
신사1동,1,증산로19길 26,07월 31일,37.5954020000,126.9118110000,2011,,02-351-7944,서울특별시 은평구청,2026-02-26
신사1동,1,증산로19길 20,32-13,37.5952260000,126.9122780000,2011,,02-351-7944,서울특별시 은평구청,2026-02-26
신사1동,1,증산로21길 10-1,25-54,37.5959420000,126.9136720000,2011,,02-351-7944,서울특별시 은평구청,2026-02-26
신사1동,1,가좌로 292-16,Mar-37,37.5949820000,126.9122140000,2016,,02-351-7944,서울특별시 은평구청,2026-02-26
신사1동,1,증산로19길 6,34-23,37.5946010000,126.9138840000,2011,,02-351-7944,서울특별시 은평구청,2026-02-26
신사1동,1,증산로19길 14-5,32-27,37.5951940000,126.9126980000,2006,,02-351-7944,서울특별시 은평구청,2026-02-26
신사1동,1,증산로19길 14,Oct-33,37.5949090000,126.9130640000,2011,,02-351-7944,서울특별시 은평구청,2026-02-26
신사1동,1,가좌로 276-9,36-39,37.5938470000,126.9132270000,2016,,02-351-7944,서울특별시 은평구청,2026-02-26
신사1동,1,가좌로 288-5,Sep-37,37.5944070000,126.9123920000,2008,,02-351-7944,서울특별시 은평구청,2026-02-26
신사1동,1,가좌로 286-14,Apr-36,37.5941850000,126.9127460000,2016,,02-351-7944,서울특별시 은평구청,2026-02-26
신사1동,1,가좌로 286-10,36-18,37.5941510000,126.9129730000,2002,,02-351-7944,서울특별시 은평구청,2026-02-26
신사1동,1,가좌로 276-4,35-15,37.5936386200,126.9133735000,,,02-351-7944,서울특별시 은평구청,2026-02-26
신사1동,1,가좌로 276-9,36-39,37.5938470000,126.9132270000,2016,,02-351-7944,서울특별시 은평구청,2026-02-26
신사1동,1,가좌로 276-17,36-15,37.5939630000,126.9130100000,2018,,02-351-7944,서울특별시 은평구청,2026-02-26
신사1동,1,증산로19길 7-8,Aug-36,37.5942090000,126.9133120000,2016,,02-351-7944,서울특별시 은평구청,2026-02-26
신사1동,1,증산로19길 7-17,Aug-35,37.5940210000,126.9134960000,2001,,02-351-7944,서울특별시 은평구청,2026-02-26
신사1동,1,증산로19길 10,Jul-33,37.5947320000,126.9134180000,2008,,02-351-7944,서울특별시 은평구청,2026-02-26
신사1동,1,증산로19길 12,Jun-33,37.5948210000,126.9132810000,2011,,02-351-7944,서울특별시 은평구청,2026-02-26
신사1동,1,증산로21길 2,24-54,37.5958140000,126.9144660000,2001,,02-351-7944,서울특별시 은평구청,2026-02-26
신사1동,1,증산로21길 7-13,34-35,37.5952943300,126.9140806000,2019,,02-351-7944,서울특별시 은평구청,2026-02-26
신사1동,1,증산로 439-4,34-39,37.5956410000,126.9142310000,2001,,02-351-7944,서울특별시 은평구청,2026-02-26
신사1동,1,증산로21길 6,08월 24일,37.5958380000,126.9141830000,2010,,02-351-7944,서울특별시 은평구청,2026-02-26
신사1동,1,증산로21길 7,Feb-34,37.5957560000,126.9140030000,2007,,02-351-7944,서울특별시 은평구청,2026-02-26
신사1동,1,증산로21길 7-3,34-41,37.5956200000,126.9139260000,2006,,02-351-7944,서울특별시 은평구청,2026-02-26
신사1동,1,,33-361,37.5953770000,126.9129890000,2016,,02-351-7944,서울특별시 은평구청,2026-02-26
신사1동,1,증산로19길 8-9,Dec-33,37.5951300000,126.9135590000,2016,,02-351-7944,서울특별시 은평구청,2026-02-26
신사1동,1,증산로19길 14-6,33-14,37.5951980000,126.9131510000,2019,,02-351-7944,서울특별시 은평구청,2026-02-26
신사1동,1,증산로21길 15-4,Feb-32,37.5957910000,126.9129490000,2010,,02-351-7944,서울특별시 은평구청,2026-02-26
신사1동,1,은평로2길 6-32,29-165,37.5969300000,126.9103850000,2016,,02-351-7944,서울특별시 은평구청,2026-02-26
신사1동,1,증산로21길 14,25-57,37.5960460000,126.9132400000,2016,,02-351-7944,서울특별시 은평구청,2026-02-26
신사1동,1,증산로21길 12,25-59,37.5959840000,126.9134000000,2000,,02-351-7944,서울특별시 은평구청,2026-02-26
신사1동,1,증산로19길 13-7,36-38,37.5944750000,126.9128550000,2016,,02-351-7944,서울특별시 은평구청,2026-02-26
신사1동,1,증산로21길 18-1,27-27,37.5961040000,126.9126500000,2010,,02-351-7944,서울특별시 은평구청,2026-02-26
신사1동,1,증산로19길 28-14,31-27,37.5958150000,126.9116690000,2019,,02-351-7944,서울특별시 은평구청,2026-02-26
신사1동,1,증산로21길 19-9,Apr-32,37.5955700000,126.9123860000,2016,,02-351-7944,서울특별시 은평구청,2026-02-26
신사1동,1,은평로 38,26-18,37.5980280000,126.9122030000,2016,,02-351-7944,서울특별시 은평구청,2026-02-26
신사1동,1,증산로21길 25,Feb-31,37.5960600000,126.9118360000,2016,,02-351-7944,서울특별시 은평구청,2026-02-26
신사1동,1,증산로21길 25,Feb-31,37.5960600000,126.9118360000,2007,,02-351-7944,서울특별시 은평구청,2026-02-26
신사1동,1,증산로21길 25,Feb-31,37.5960600000,126.9118360000,2010,,02-351-7944,서울특별시 은평구청,2026-02-26
신사1동,1,증산로21길 22,11월 28일,37.5962360000,126.9123090000,2010,,02-351-7944,서울특별시 은평구청,2026-02-26
신사1동,1,증산로21길 23-6,31-20,37.5956380000,126.9119660000,2016,,02-351-7944,서울특별시 은평구청,2026-02-26
신사1동,1,증산로19길 28-7,30-18,37.5956510000,126.9114230000,2016,,02-351-7944,서울특별시 은평구청,2026-02-26
신사1동,1,증산로19길 32-8,30-15,37.5957660000,126.9111830000,2019,,02-351-7944,서울특별시 은평구청,2026-02-26
신사1동,1,증산로19길 32-4,30-21,37.5954960000,126.9111870000,2019,,02-351-7944,서울특별시 은평구청,2026-02-26
신사1동,1,가좌로 312-5,11월 30일,37.5957930000,126.9102430000,2019,,02-351-7944,서울특별시 은평구청,2026-02-26
신사1동,1,증산로23길 27,26-45,37.5979930000,126.9123280000,,,02-351-7944,서울특별시 은평구청,2026-02-26
신사1동,1,증산로21길 42-1,29-190,37.5962181800,126.9101243000,,,02-351-7944,서울특별시 은평구청,2026-02-26
신사1동,1,증산로21길 39,07월 30일,37.5961291700,126.9102676000,,,02-351-7944,서울특별시 은평구청,2026-02-26
신사1동,1,증산로21길 34-6,29-90,37.5964290000,126.9108340000,2019,,02-351-7944,서울특별시 은평구청,2026-02-26
신사1동,1,은평로 52-12,03월 21일,37.5981650000,126.9133900000,2003,,02-351-7944,서울특별시 은평구청,2026-02-26
신사1동,1,증산로21길 32,29-84,37.5962900000,126.9113230000,2016,,02-351-7944,서울특별시 은평구청,2026-02-26
신사1동,1,은평로 33-9,05월 20일,37.5986550000,126.9108470000,2006,,02-351-7944,서울특별시 은평구청,2026-02-26
신사1동,1,은평로2길 21,28-36,37.5962850000,126.9117980000,2016,,02-351-7944,서울특별시 은평구청,2026-02-26
신사1동,1,갈현로2길 5-15,1-108,37.6006880000,126.9114970000,,,02-351-7944,서울특별시 은평구청,2026-02-26
신사1동,1,은평로2길 15,28-41,37.5968090000,126.9119380000,2016,,02-351-7944,서울특별시 은평구청,2026-02-26
신사1동,1,은평로2길 16-3,29-38,37.5966520000,126.9115440000,2001,,02-351-7944,서울특별시 은평구청,2026-02-26
신사1동,1,은평로2길 16-8,29-77,37.5966320000,126.9112950000,2019,,02-351-7944,서울특별시 은평구청,2026-02-26
신사1동,1,증산로21길 34-8,29-20,37.5966200000,126.9109780000,2018,,02-351-7944,서울특별시 은평구청,2026-02-26
신사1동,1,증산로21길 38-8,29-50,37.5965970000,126.9104580000,2016,,02-351-7944,서울특별시 은평구청,2026-02-26
신사1동,1,갈현로1길 6-16,03월 14일,37.5999120000,126.9094240000,2016,,02-351-7944,서울특별시 은평구청,2026-02-26
신사1동,1,증산로23길 19,26-14,37.5977290000,126.9130120000,2019,,02-351-7944,서울특별시 은평구청,2026-02-26
신사1동,1,,29-163,37.5969370000,126.9102150000,2017,,02-351-7944,서울특별시 은평구청,2026-02-26
신사1동,1,은평로 12-1,29-160,37.5969450000,126.9100450000,2018,,02-351-7944,서울특별시 은평구청,2026-02-26
신사1동,1,은평로 8-4,29-117,37.5966030000,126.9100840000,2019,,02-351-7944,서울특별시 은평구청,2026-02-26
신사1동,1,은평로2길 6-22,29-22,37.5972740000,126.9106290000,2016,,02-351-7944,서울특별시 은평구청,2026-02-26
신사1동,1,은평로 18-1,29-152,37.5976080000,126.9106350000,2016,,02-351-7944,서울특별시 은평구청,2026-02-26
신사1동,1,은평로 18-8,29-143,37.5973660000,126.9107860000,2019,,02-351-7944,서울특별시 은평구청,2026-02-26
신사1동,1,갈현로2길 14,06월 07일,37.6003030000,126.9117510000,,,02-351-7944,서울특별시 은평구청,2026-02-26
신사1동,1,은평로2길 6-18,29-144,37.5974580000,126.9109550000,2016,,02-351-7944,서울특별시 은평구청,2026-02-26
신사1동,1,은평로2길 6-14,29-136,37.5975590000,126.9112250000,2007,,02-351-7944,서울특별시 은평구청,2026-02-26
신사1동,1,갈현로 7-1,19-192,37.5982840000,126.9097310000,2018,,02-351-7944,서울특별시 은평구청,2026-02-26
신사1동,1,은평로2길 12-4,29-58,37.5970580000,126.9115610000,2008,,02-351-7944,서울특별시 은평구청,2026-02-26
신사1동,1,은평로2길 6-10,29-134,37.5974980000,126.9114180000,2016,,02-351-7944,서울특별시 은평구청,2026-02-26
신사1동,1,은평로2길 6,05월 29일,37.5976190000,126.9118920000,2016,,02-351-7944,서울특별시 은평구청,2026-02-26
신사1동,1,은평로2길 11,28-28,37.5971170000,126.9121150000,2016,,02-351-7944,서울특별시 은평구청,2026-02-26
신사1동,1,은평로2길 14,29-65,37.5969240000,126.9117440000,2016,,02-351-7944,서울특별시 은평구청,2026-02-26
신사1동,1,은평로2길 13,28-29,37.5969530000,126.9119590000,2016,,02-351-7944,서울특별시 은평구청,2026-02-26
신사1동,1,은평로2길 12-11,29-68,37.5968930000,126.9112460000,2019,,02-351-7944,서울특별시 은평구청,2026-02-26
신사1동,1,은평로2길 5-5,26-34,37.5974710000,126.9124270000,2016,,02-351-7944,서울특별시 은평구청,2026-02-26
신사1동,1,증산로21가길 11-14,26-31,37.5974020000,126.9127790000,2019,,02-351-7944,서울특별시 은평구청,2026-02-26
신사1동,1,은평로 52-11,10월 22일,37.5981510000,126.9138100000,2017,,02-351-7944,서울특별시 은평구청,2026-02-26
신사1동,1,증산로23길 23,26-40,37.5978700000,126.9126930000,2011,,02-351-7944,서울특별시 은평구청,2026-02-26
신사1동,1,증산로23길 19,26-14,37.5977290000,126.9130120000,2011,,02-351-7944,서울특별시 은평구청,2026-02-26
신사1동,1,갈현로3다길 3,268-35,37.6009310000,126.9055930000,2019,,02-351-7944,서울특별시 은평구청,2026-02-26
신사1동,1,갈현로4길 40,1-51,37.6002440000,126.9140850000,,,02-351-7944,서울특별시 은평구청,2026-02-26
신사1동,1,은평로 52-7,06월 22일,37.5982340000,126.9140460000,2001,,02-351-7944,서울특별시 은평구청,2026-02-26
신사1동,1,은평로 52-21,22-29,37.5978170000,126.9137350000,2019,,02-351-7944,서울특별시 은평구청,2026-02-26
신사1동,1,은평로 52-19,22-28,37.5978000000,126.9139050000,2017,,02-351-7944,서울특별시 은평구청,2026-02-26
신사1동,1,증산로23길 14,22-30,37.5977260000,126.9137140000,2011,,02-351-7944,서울특별시 은평구청,2026-02-26
신사1동,1,증산로21가길 18,07월 25일,37.5973560000,126.9136170000,2016,,02-351-7944,서울특별시 은평구청,2026-02-26
신사1동,1,증산로21가길 14-2,11월 25일,37.5970230000,126.9137010000,2019,,02-351-7944,서울특별시 은평구청,2026-02-26
신사1동,1,증산로21가길 12,25-33,37.5969490000,126.9134650000,2016,,02-351-7944,서울특별시 은평구청,2026-02-26
신사1동,1,증산로21가길 8-1,25-60,37.5966890000,126.9136160000,2003,,02-351-7944,서울특별시 은평구청,2026-02-26
신사1동,1,증산로21가길 4,25-28,37.5963360000,126.9134170000,2019,,02-351-7944,서울특별시 은평구청,2026-02-26
신사1동,1,증산로21가길 5-2,03월 27일,37.5966040000,126.9131190000,2018,,02-351-7944,서울특별시 은평구청,2026-02-26
신사1동,1,갈현로3길 16-8,03월 13일,37.6008860000,126.9084930000,2005,,02-351-7944,서울특별시 은평구청,2026-02-26
신사1동,1,증산로21길 20-4,27-19,37.5962560000,126.9125460000,2016,,02-351-7944,서울특별시 은평구청,2026-02-26
신사1동,1,증산로21길 20-10,08월 27일,37.5965540000,126.9126100000,2017,,02-351-7944,서울특별시 은평구청,2026-02-26
신사1동,1,증산로21길 20-12,06월 27일,37.5966260000,126.9126310000,2007,,02-351-7944,서울특별시 은평구청,2026-02-26
신사1동,1,증산로21가길 11-7,27-41,37.5966930000,126.9130380000,2003,,02-351-7944,서울특별시 은평구청,2026-02-26
신사1동,1,증산로21가길 11-8,26-23,37.5971890000,126.9130990000,2016,,02-351-7944,서울특별시 은평구청,2026-02-26
신사1동,1,증산로21길 20-17,04월 28일,37.5969310000,126.9125020000,2016,,02-351-7944,서울특별시 은평구청,2026-02-26
신사1동,1,증산로21길 24-23,28-43,37.5972350000,126.9122150000,2016,,02-351-7944,서울특별시 은평구청,2026-02-26
신사1동,1,증산로21길 24-17,28-46,37.5969640000,126.9121400000,2016,,02-351-7944,서울특별시 은평구청,2026-02-26
신사1동,1,증산로21길 24-10,28-15,37.5965140000,126.9122480000,2015,,02-351-7944,서울특별시 은평구청,2026-02-26
신사1동,1,증산로21길 24-8,28-14,37.5964060000,126.9122040000,2019,,02-351-7944,서울특별시 은평구청,2026-02-26
신사1동,1,증산로21길 8,24-22,37.5959540000,126.9140230000,2019,,02-351-7944,서울특별시 은평구청,2026-02-26
신사1동,1,증산로21길 8-11,25-35,37.5961940000,126.9136000000,2018,,02-351-7944,서울특별시 은평구청,2026-02-26
신사1동,1,증산로21길 8-14,10월 24일,37.5961890000,126.9141330000,2019,,02-351-7944,서울특별시 은평구청,2026-02-26
신사1동,1,증산로21길 8-22,12월 24일,37.5963890000,126.9143110000,2001,,02-351-7944,서울특별시 은평구청,2026-02-26
신사1동,1,증산로21길 8-26,24-36,37.5965140000,126.9141390000,2019,,02-351-7944,서울특별시 은평구청,2026-02-26
신사1동,1,증산로23길 7-22,24-33,37.5964980000,126.9143770000,2019,,02-351-7944,서울특별시 은평구청,2026-02-26
신사1동,1,증산로23길 7-13,26-41,37.5968477400,126.9143759000,,,02-351-7944,서울특별시 은평구청,2026-02-26
신사1동,1,가좌로 286-4,36-21,37.5939960000,126.9127260000,2016,,02-351-7944,서울특별시 은평구청,2026-02-26
신사1동,1,증산로23길 7-9,24-50,37.5968930000,126.9142700000,2011,,02-351-7944,서울특별시 은평구청,2026-02-26
신사1동,1,은평로1길 4-5,19-194,37.5977410000,126.9094330000,,,02-351-7944,서울특별시 은평구청,2026-02-26
신사1동,1,갈현로3길 15-4,14-21,37.6003070000,126.9083090000,2016,,02-351-7944,서울특별시 은평구청,2026-02-26
신사1동,1,증산로23길 11-4,03월 25일,37.5972130000,126.9137440000,2019,,02-351-7944,서울특별시 은평구청,2026-02-26
신사1동,1,증산로23길 8,23-45,37.5974170000,126.9144090000,2011,,02-351-7944,서울특별시 은평구청,2026-02-26
신사1동,1,증산로23길 8-7,22-33,37.5975860000,126.9141800000,2019,,02-351-7944,서울특별시 은평구청,2026-02-26
신사1동,1,증산로23길 8-8,23-42,37.5977790000,126.9145060000,2011,,02-351-7944,서울특별시 은평구청,2026-02-26
신사1동,1,증산로23길 8-12,23-14,37.5979410000,126.9145260000,2019,,02-351-7944,서울특별시 은평구청,2026-02-26
신사1동,1,은평로 60-14,22-41,37.5982350000,126.9141820000,2005,,02-351-7944,서울특별시 은평구청,2026-02-26
신사1동,1,은평로 60-7,23-35,37.5983200000,126.9146340000,2019,,02-351-7944,서울특별시 은평구청,2026-02-26
신사1동,1,은평로 60-3,23-37,37.5985010000,126.9146880000,2019,,02-351-7944,서울특별시 은평구청,2026-02-26
신사1동,1,은평로 60-3,23-37,37.5985010000,126.9146880000,2017,,02-351-7944,서울특별시 은평구청,2026-02-26
신사1동,1,은평로 60-9,23-34,37.5981580000,126.9146020000,2017,,02-351-7944,서울특별시 은평구청,2026-02-26
신사1동,1,증산로 471-2,23-18,37.5982530000,126.9151330000,2018,,02-351-7944,서울특별시 은평구청,2026-02-26
신사1동,1,증산로 463-3,09월 23일,37.5978000000,126.9148680000,2007,,02-351-7944,서울특별시 은평구청,2026-02-26
신사1동,1,증산로23길 5,24-47,37.5971570000,126.9144920000,2011,,02-351-7944,서울특별시 은평구청,2026-02-26
신사1동,1,증산로23길 3-4,24-49,37.5969310000,126.9144390000,2006,,02-351-7944,서울특별시 은평구청,2026-02-26
신사1동,1,증산로23길 6,23-40,37.5974170000,126.9144090000,2019,,02-351-7944,서울특별시 은평구청,2026-02-26
신사1동,1,증산로23길 6-2,23-39,37.5975440000,126.9144410000,2019,,02-351-7944,서울특별시 은평구청,2026-02-26
신사1동,1,은평로 25,04월 20일,37.5983460000,126.9105910000,2020,,02-351-7944,서울특별시 은평구청,2026-02-26
신사1동,1,갈현로3길 15-3,14-16,37.6001840000,126.9085820000,2008,,02-351-7944,서울특별시 은평구청,2026-02-26
신사1동,1,은평로 33,20-26,37.5983770000,126.9109640000,2019,,02-351-7944,서울특별시 은평구청,2026-02-26
신사1동,1,은평로 29-1,03월 20일,37.5983770000,126.9109640000,2019,,02-351-7944,서울특별시 은평구청,2026-02-26
신사1동,1,은평로 33-4,04월 21일,37.5985710000,126.9115500000,2011,,02-351-7944,서울특별시 은평구청,2026-02-26
신사1동,1,은평로3가길 34,05월 21일,37.5989640000,126.9111710000,2019,,02-351-7944,서울특별시 은평구청,2026-02-26
신사1동,1,갈현로2가길 14-1,8-37,37.5993380000,126.9106900000,2007,,02-351-7944,서울특별시 은평구청,2026-02-26
신사1동,1,갈현로2가길 11-5,05월 24일,37.5994520000,126.9113220000,2001,,02-351-7944,서울특별시 은평구청,2026-02-26
신사1동,1,갈현로2가길 12,08월 07일,37.5994840000,126.9108120000,2016,,02-351-7944,서울특별시 은평구청,2026-02-26
신사1동,1,갈현로 22-4,08월 27일,37.5993740000,126.9105980000,2007,,02-351-7944,서울특별시 은평구청,2026-02-26
신사1동,1,갈현로 22-5,8-42,37.5997440000,126.9107630000,2005,,02-351-7944,서울특별시 은평구청,2026-02-26
신사1동,1,갈현로4길 40-7,1-151,37.5997930000,126.9140800000,2012,,02-351-7944,서울특별시 은평구청,2026-02-26
신사1동,1,갈현로2가길 7,05월 17일,37.5997210000,126.9111260000,2016,,02-351-7944,서울특별시 은평구청,2026-02-26
신사1동,1,갈현로2가길 6,8-56,37.5998810000,126.9109190000,2016,,02-351-7944,서울특별시 은평구청,2026-02-26
신사1동,1,갈현로2가길 4,8-58,37.6001150000,126.9109270000,2016,,02-351-7944,서울특별시 은평구청,2026-02-26
신사1동,1,갈현로2가길 1-1,06월 05일,37.6001550000,126.9113570000,2009,,02-351-7944,서울특별시 은평구청,2026-02-26
신사1동,1,갈현로4길 34,01월 23일,37.6007000000,126.9136930000,2015,,02-351-7944,서울특별시 은평구청,2026-02-26
신사1동,1,갈현로2길 8,06월 01일,37.6002800000,126.9111740000,2009,,02-351-7944,서울특별시 은평구청,2026-02-26
신사1동,1,갈현로2길 6,08월 01일,37.6002950000,126.9108790000,2009,,02-351-7944,서울특별시 은평구청,2026-02-26
신사1동,1,갈현로2길 7,1-136,37.6004690000,126.9111940000,2015,,02-351-7944,서울특별시 은평구청,2026-02-26
신사1동,1,증산로 445,07월 24일,37.5958780000,126.9146010000,,,02-351-7944,서울특별시 은평구청,2026-02-26
신사1동,1,갈현로4길 6-26,07월 11일,37.6008530000,126.9108370000,2015,,02-351-7944,서울특별시 은평구청,2026-02-26
신사1동,1,갈현로4길 6-7,01월 02일,37.6014240000,126.9111910000,2015,,02-351-7944,서울특별시 은평구청,2026-02-26
신사1동,1,갈현로4길 8,01월 01일,37.6015590000,126.9111780000,2015,,02-351-7944,서울특별시 은평구청,2026-02-26
신사1동,1,갈현로4길 10-2,1-100,37.6012650000,126.9115450000,2016,,02-351-7944,서울특별시 은평구청,2026-02-26
신사1동,1,증산로23길 11,05월 25일,37.5974030000,126.9137750000,2011,,02-351-7944,서울특별시 은평구청,2026-02-26
신사1동,1,갈현로4길 26-3,1-145,37.6008130000,126.9132950000,2015,,02-351-7944,서울특별시 은평구청,2026-02-26
신사1동,1,갈현로4길 26-5,1-360,37.6000370000,126.9141900000,2015,,02-351-7944,서울특별시 은평구청,2026-02-26
신사1동,1,갈현로4길 26-5,1-360,37.6000370000,126.9141900000,2015,,02-351-7944,서울특별시 은평구청,2026-02-26
신사1동,1,갈현로2길 5-33,1-117,37.6001580000,126.9125910000,2015,,02-351-7944,서울특별시 은평구청,2026-02-26
신사1동,1,갈현로2길 5-29,1-115,37.6003360000,126.9124190000,2018,,02-351-7944,서울특별시 은평구청,2026-02-26
신사1동,1,갈현로2길 5-25,1-113,37.6004880000,126.9122240000,2018,,02-351-7944,서울특별시 은평구청,2026-02-26
신사1동,1,갈현로2길 5-19,1-110,37.6006370000,126.9117800000,2016,,02-351-7944,서울특별시 은평구청,2026-02-26
신사1동,1,증산로21길 20-10,08월 27일,37.5965540000,126.9126100000,2019,,02-351-7944,서울특별시 은평구청,2026-02-26
신사1동,1,갈현로2길 5-15,1-108,37.6006880000,126.9114970000,2006,,02-351-7944,서울특별시 은평구청,2026-02-26
신사1동,1,갈현로2길 12,06월 06일,37.6002110000,126.9115370000,2017,,02-351-7944,서울특별시 은평구청,2026-02-26
신사1동,1,갈현로2길 20-1,6-47,37.5999807800,126.9122149000,,,02-351-7944,서울특별시 은평구청,2026-02-26
신사1동,1,갈현로2길 20-1,6-47,37.5999807800,126.9122149000,,,02-351-7944,서울특별시 은평구청,2026-02-26
신사1동,1,갈현로2길 18,06월 09일,37.6001260000,126.9120480000,2015,,02-351-7944,서울특별시 은평구청,2026-02-26
신사1동,1,갈현로2길 16-6,6-50,37.6001320000,126.9117200000,2006,,02-351-7944,서울특별시 은평구청,2026-02-26
신사1동,1,갈현로2길 20,06월 11일,37.6000190000,126.9121860000,2016,,02-351-7944,서울특별시 은평구청,2026-02-26
신사1동,1,갈현로2길 19,1-119,37.6000220000,126.9125030000,2015,,02-351-7944,서울특별시 은평구청,2026-02-26
신사1동,1,갈현로3길 24,270-21,37.6005430000,126.9074900000,,,02-351-7944,서울특별시 은평구청,2026-02-26
신사1동,1,갈현로2길 25-6,1-36,37.5999090000,126.9129230000,2001,,02-351-7944,서울특별시 은평구청,2026-02-26
신사1동,1,증산로23길 6-4,23-39,37.5976610000,126.9144620000,2008,,02-351-7944,서울특별시 은평구청,2026-02-26
신사1동,1,갈현로2길 29-6,1-72,37.5996140000,126.9131880000,2016,,02-351-7944,서울특별시 은평구청,2026-02-26
신사1동,1,은평로2길 16-14,29-74,37.5968270000,126.9110090000,2019,,02-351-7944,서울특별시 은평구청,2026-02-26
신사1동,1,은평로3가길 6-8,1-130,37.5996030000,126.9140260000,2015,,02-351-7944,서울특별시 은평구청,2026-02-26
신사1동,1,갈현로4길 40,1-51,37.6002440000,126.9140850000,2005,,02-351-7944,서울특별시 은평구청,2026-02-26
신사1동,1,갈현로4길 44-2,1-95,37.5997140000,126.9143080000,2008,,02-351-7944,서울특별시 은평구청,2026-02-26
신사1동,1,은평로 57-3,02월 12일,37.5990650000,126.9142610000,2018,,02-351-7944,서울특별시 은평구청,2026-02-26
신사1동,1,은평로3가길 3,02월 27일,37.5992460000,126.9143940000,2015,,02-351-7944,서울특별시 은평구청,2026-02-26
신사1동,1,은평로3가길 6,1-59,37.5993610000,126.9141540000,2015,,02-351-7944,서울특별시 은평구청,2026-02-26
신사1동,1,은평로3가길 6-4,1-132,37.5995060000,126.9142200000,2003,,02-351-7944,서울특별시 은평구청,2026-02-26
신사1동,1,갈현로3길 23,271-2,37.6004000000,126.9075710000,2016,,02-351-7944,서울특별시 은평구청,2026-02-26
신사1동,1,은평로3가길 10,1-81,37.5991770000,126.9137490000,2008,,02-351-7944,서울특별시 은평구청,2026-02-26
신사1동,1,은평로3가길 16,1-69,37.5992800000,126.9131700000,2015,,02-351-7944,서울특별시 은평구청,2026-02-26
신사1동,1,은평로3가길 14-3,1-68,37.5993430000,126.9131920000,2016,,02-351-7944,서울특별시 은평구청,2026-02-26
신사1동,1,은평로3가길 13,03월 03일,37.5990100000,126.9132420000,2015,,02-351-7944,서울특별시 은평구청,2026-02-26
신사1동,1,은평로 49-4,3-34,37.5988190000,126.9130070000,2007,,02-351-7944,서울특별시 은평구청,2026-02-26
신사1동,1,은평로3가길 19,03월 25일,37.5989430000,126.9127900000,2015,,02-351-7944,서울특별시 은평구청,2026-02-26
신사1동,1,은평로 41-6,03월 27일,37.5988070000,126.9126560000,2016,,02-351-7944,서울특별시 은평구청,2026-02-26
신사1동,1,은평로3가길 121,03월 26일,37.5989320000,126.9125980000,2015,,02-351-7944,서울특별시 은평구청,2026-02-26
신사1동,1,은평로3가길 22-4,06월 19일,37.5992470000,126.9124910000,2016,,02-351-7944,서울특별시 은평구청,2026-02-26
신사1동,1,은평로3가길 22-8,06월 22일,37.5995780000,126.9122940000,2016,,02-351-7944,서울특별시 은평구청,2026-02-26
신사1동,1,은평로3가길 22-14,6-48,37.5998390000,126.9121770000,2018,,02-351-7944,서울특별시 은평구청,2026-02-26
신사1동,1,은평로2가길 22-22,06월 30일,37.5997720000,126.9117700000,2016,,02-351-7944,서울특별시 은평구청,2026-02-26
신사1동,1,갈현로2가길 5-7,05월 16일,37.5998961100,126.9115410000,,,02-351-7944,서울특별시 은평구청,2026-02-26
신사1동,1,갈현로2가길 11-9,05월 19일,37.5993820000,126.9115160000,2016,,02-351-7944,서울특별시 은평구청,2026-02-26
신사1동,1,은평로3가길 30-6,5-45,37.5991620000,126.9120850000,2016,,02-351-7944,서울특별시 은평구청,2026-02-26
신사1동,1,은평로3가길 31-1,04월 08일,37.5987060000,126.9115140000,2015,,02-351-7944,서울특별시 은평구청,2026-02-26
신사1동,1,은평로3가길 29-2,4-36,37.5985820000,126.9116740000,2010,,02-351-7944,서울특별시 은평구청,2026-02-26
신사1동,1,은평로3가길 27,04월 06일,37.5988010000,126.9120110000,2015,,02-351-7944,서울특별시 은평구청,2026-02-26
신사1동,1,가좌로 342,19-117,37.5974030000,126.9079660000,2019,,02-351-7944,서울특별시 은평구청,2026-02-26
신사1동,1,은평로 30,29-178,37.5979280000,126.9111520000,2008,,02-351-7944,서울특별시 은평구청,2026-02-26
신사1동,1,은평로1길 11,19-119,37.5976340000,126.9086080000,,,02-351-7944,서울특별시 은평구청,2026-02-26
신사1동,1,은평로1길 9,19-178,37.5976190000,126.9088690000,,,02-351-7944,서울특별시 은평구청,2026-02-26
신사1동,1,은평로1길 11,19-119,37.5976340000,126.9086080000,2000,,02-351-7944,서울특별시 은평구청,2026-02-26
신사1동,1,은평로1길 8,19-191,37.5978000000,126.9089570000,2007,,02-351-7944,서울특별시 은평구청,2026-02-26
신사1동,1,은평로1길 7,19-176,37.5976470000,126.9090270000,2003,,02-351-7944,서울특별시 은평구청,2026-02-26
신사1동,1,은평로 7-1,19-203,37.5968800000,126.9089470000,2019,,02-351-7944,서울특별시 은평구청,2026-02-26
신사1동,1,은평로1길 1,19-169,37.5976255100,126.9096474000,,,02-351-7944,서울특별시 은평구청,2026-02-26
신사1동,1,은평로1길 1,19-169,37.5974340000,126.9093700000,2008,,02-351-7944,서울특별시 은평구청,2026-02-26
신사1동,1,가좌로12길 15,371,37.5986147800,126.9075309000,,,02-351-7944,서울특별시 은평구청,2026-02-26
신사1동,1,증산로19길 8,Sep-34,37.5946620000,126.9136570000,2016,,02-351-7944,서울특별시 은평구청,2026-02-26
신사1동,1,갈현로4길 6-24,7-40,37.6011770000,126.9107190000,2016,,02-351-7944,서울특별시 은평구청,2026-02-26
신사1동,1,은평로1길 6-15,19-61,37.5985410000,126.9092630000,2000,,02-351-7944,서울특별시 은평구청,2026-02-26
신사1동,1,가좌로12길 20-25,03월 18일,37.5989190000,126.9091670000,2003,,02-351-7944,서울특별시 은평구청,2026-02-26
신사1동,1,가좌로 312-6,30-49,37.5959030000,126.9104680000,2019,,02-351-7944,서울특별시 은평구청,2026-02-26
신사1동,1,갈현로1길 15-1,18-36,37.5990740000,126.9083950000,2018,,02-351-7944,서울특별시 은평구청,2026-02-26
신사1동,1,가좌로12길 20-2,19-51,37.5986810000,126.9078230000,2016,,02-351-7944,서울특별시 은평구청,2026-02-26
신사1동,1,갈현로1길 21,18-24,37.5992040000,126.9078380000,2011,,02-351-7944,서울특별시 은평구청,2026-02-26
신사1동,1,갈현로1길 15,18-16,37.5991910000,126.9083930000,2011,,02-351-7944,서울특별시 은평구청,2026-02-26
신사1동,1,갈현로1길 11,09월 18일,37.5991680000,126.9088350000,2018,,02-351-7944,서울특별시 은평구청,2026-02-26
신사1동,1,갈현로1길 9-2,18-33,37.5991630000,126.9092310000,2002,,02-351-7944,서울특별시 은평구청,2026-02-26
신사1동,1,갈현로1길 7,01월 18일,37.5991640000,126.9093780000,2011,,02-351-7944,서울특별시 은평구청,2026-02-26
신사1동,1,갈현로1길 3,02월 17일,37.5990690000,126.9098210000,2018,,02-351-7944,서울특별시 은평구청,2026-02-26
신사1동,1,갈현로1길 5-4,18-35,37.5990200000,126.9093810000,2008,,02-351-7944,서울특별시 은평구청,2026-02-26
신사1동,1,갈현로1길 5-6,02월 18일,37.5989110000,126.9093250000,2018,,02-351-7944,서울특별시 은평구청,2026-02-26
신사1동,1,가좌로 344,355,37.5975051700,126.9077412000,,,02-351-7944,서울특별시 은평구청,2026-02-26
신사1동,1,갈현로3길 28-1,270-13,37.6006910000,126.9068870000,2016,,02-351-7944,서울특별시 은평구청,2026-02-26
신사1동,1,가좌로12길 13,243-63,37.5985250000,126.9065340000,2016,,02-351-7944,서울특별시 은평구청,2026-02-26
신사1동,1,가좌로 400,265-4,37.6018830000,126.9043330000,2019,,02-351-7944,서울특별시 은평구청,2026-02-26
신사1동,1,증산로21가길 11-5,27-43,37.5968280000,126.9130700000,,,02-351-7944,서울특별시 은평구청,2026-02-26
신사1동,1,증산로21길 14,25-57,37.5960460000,126.9132400000,2010,,02-351-7944,서울특별시 은평구청,2026-02-26
신사1동,1,갈현로1길 24,12월 16일,37.5994990000,126.9076180000,2006,,02-351-7944,서울특별시 은평구청,2026-02-26
신사1동,1,증산로21길 15,32-30,37.5959630000,126.9129920000,2010,,02-351-7944,서울특별시 은평구청,2026-02-26
신사1동,1,갈현로1길 28-4,270-6,37.6000640000,126.9073040000,2016,,02-351-7944,서울특별시 은평구청,2026-02-26
신사1동,1,은평로 60-5,23-36,37.5983200000,126.9146340000,2017,,02-351-7944,서울특별시 은평구청,2026-02-26
신사1동,1,갈현로2길 27,1-77,37.5995570000,126.9129170000,2015,,02-351-7944,서울특별시 은평구청,2026-02-26
신사1동,1,은평로2길 5-3,26-35,37.5975420000,126.9122670000,2018,,02-351-7944,서울특별시 은평구청,2026-02-26
신사1동,1,은평로2길 5,26-36,37.5976130000,126.9121420000,2016,,02-351-7944,서울특별시 은평구청,2026-02-26
신사1동,1,두산아파트 입구,370-,37.5998160000,126.9058130000,2006,,02-351-7944,서울특별시 은평구청,2026-02-26
신사1동,1,은평로 32-1,29-180,37.5979840000,126.9114110000,2019,,02-351-7944,서울특별시 은평구청,2026-02-26
신사1동,1,증산로19길 28-6,31-29,37.5954920000,126.9117870000,2019,,02-351-7944,서울특별시 은평구청,2026-02-26
신사1동,1,가좌로 292-6,37-18,37.5944690000,126.9122550000,2008,,02-351-7944,서울특별시 은평구청,2026-02-26
신사1동,1,증산로23길 3,24-45,37.5971860000,126.9147070000,,,02-351-7944,서울특별시 은평구청,2026-02-26
신사1동,1,가좌로 392,283-31,37.6006960000,126.9045090000,2016,,02-351-7944,서울특별시 은평구청,2026-02-26
신사1동,1,갈현로2길 5-11,1-102,37.6009210000,126.9113120000,2011,,02-351-7944,서울특별시 은평구청,2026-02-26
신사1동,1,가좌로 394,283-1,37.6008750000,126.9044270000,2019,,02-351-7944,서울특별시 은평구청,2026-02-26
신사1동,1,가좌로 396-5,283-38,37.6010669500,126.9045180000,,,02-351-7944,서울특별시 은평구청,2026-02-26
신사1동,1,갈현로3길 46-8,266-22,37.6010340000,126.9050360000,2016,,02-351-7944,서울특별시 은평구청,2026-02-26
신사1동,1,갈현로3길 46-12,266-31,37.6013490000,126.9050430000,2016,,02-351-7944,서울특별시 은평구청,2026-02-26
신사1동,1,갈현로3다길 1-14,263-2,37.6016030000,126.9052210000,2016,,02-351-7944,서울특별시 은평구청,2026-02-26
신사1동,1,갈현로3다길 15,354-,37.6023160000,126.9053460000,2016,,02-351-7944,서울특별시 은평구청,2026-02-26
신사1동,1,갈현로3다길 1-7,266-23,37.6009980000,126.9050600000,2016,,02-351-7944,서울특별시 은평구청,2026-02-26
신사1동,1,갈현로3길 48,283-29,37.6007440000,126.9048260000,2016,,02-351-7944,서울특별시 은평구청,2026-02-26
신사1동,1,갈현로3길 47,284-5,37.6004920000,126.9048630000,2016,,02-351-7944,서울특별시 은평구청,2026-02-26
신사1동,1,갈현로3길 45,287-1,37.6004950000,126.9051920000,2008,,02-351-7944,서울특별시 은평구청,2026-02-26
신사1동,1,증산로21가길 9,27-39,37.5967670000,126.9132180000,2008,,02-351-7944,서울특별시 은평구청,2026-02-26
신사1동,1,증산로21가길 8,25-53,37.5966330000,126.9134130000,2019,,02-351-7944,서울특별시 은평구청,2026-02-26
신사1동,1,갈현로3다길 1-7,266-23,37.6009980000,126.9050600000,2019,,02-351-7944,서울특별시 은평구청,2026-02-26
신사1동,1,갈현로3다길 1-13,266-21,37.6011420000,126.9050690000,2001,,02-351-7944,서울특별시 은평구청,2026-02-26
신사1동,1,갈현로1길 6-25,15-56,37.6011350000,126.9052730000,2016,,02-351-7944,서울특별시 은평구청,2026-02-26
신사1동,1,갈현로3다길 5,268-5,37.6010480000,126.9055570000,2016,,02-351-7944,서울특별시 은평구청,2026-02-26
신사1동,1,갈현로3다길 7,268-32,37.6011920000,126.9055890000,2018,,02-351-7944,서울특별시 은평구청,2026-02-26
신사1동,1,갈현로3다길 9,268-38,37.6014540000,126.9055960000,2016,,02-351-7944,서울특별시 은평구청,2026-02-26
신사1동,1,갈현로3다길 12,262-8,37.6016630000,126.9058430000,2016,,02-351-7944,서울특별시 은평구청,2026-02-26
신사1동,1,갈현로3다길 7,268-32,37.6012181500,126.9056607000,,,02-351-7944,서울특별시 은평구청,2026-02-26
신사1동,1,갈현로3나길 6,270-45,37.6010580000,126.9066100000,2001,,02-351-7944,서울특별시 은평구청,2026-02-26
신사1동,1,갈현로3다길 2-14,268-13,37.6011970000,126.9060870000,2017,,02-351-7944,서울특별시 은평구청,2026-02-26
신사1동,1,갈현로3다길 6,269-6,37.6009260000,126.9060010000,2019,,02-351-7944,서울특별시 은평구청,2026-02-26
신사1동,1,갈현로3길 39,281-17,37.6004460000,126.9057020000,2016,,02-351-7944,서울특별시 은평구청,2026-02-26
신사1동,1,갈현로3길 35-1,278-26,37.6005040000,126.9061650000,2016,,02-351-7944,서울특별시 은평구청,2026-02-26
신사1동,1,갈현로3길 33-3,278-17,37.6003090000,126.9065080000,2016,,02-351-7944,서울특별시 은평구청,2026-02-26
신사1동,1,갈현로3길 33,279-1,37.6005070000,126.9065500000,2016,,02-351-7944,서울특별시 은평구청,2026-02-26
신사1동,1,갈현로3나길 4,270-36,37.6008420000,126.9066360000,2016,,02-351-7944,서울특별시 은평구청,2026-02-26
신사1동,1,갈현로3나길 4,270-36,37.6008420000,126.9066360000,2016,,02-351-7944,서울특별시 은평구청,2026-02-26
신사1동,1,갈현로3가길 3,270-8,37.6006940000,126.9072040000,2016,,02-351-7944,서울특별시 은평구청,2026-02-26
신사1동,1,갈현로3가길 5,261-1,37.6009280000,126.9072010000,2016,,02-351-7944,서울특별시 은평구청,2026-02-26
신사1동,1,갈현로3가길 6-2,12월 25일,37.6010930000,126.9075160000,2019,,02-351-7944,서울특별시 은평구청,2026-02-26
신사1동,1,갈현로5길 30,12월 03일,37.6010490000,126.9076750000,2016,,02-351-7944,서울특별시 은평구청,2026-02-26
신사1동,1,갈현로5길 26,12월 01일,37.6013730000,126.9076250000,2016,,02-351-7944,서울특별시 은평구청,2026-02-26
신사1동,1,갈현로5길 29,11월 26일,37.6010340000,126.9079240000,2016,,02-351-7944,서울특별시 은평구청,2026-02-26
신사1동,1,갈현로5길 33,07월 13일,37.6006820000,126.9079070000,2016,,02-351-7944,서울특별시 은평구청,2026-02-26
신사1동,1,갈현로3길 21,14-29,37.6003930000,126.9078660000,2016,,02-351-7944,서울특별시 은평구청,2026-02-26
신사1동,1,갈현로1길 28-4,270-6,37.6000970000,126.9069530000,2008,,02-351-7944,서울특별시 은평구청,2026-02-26
신사1동,1,갈현로3가길 2,271-3,37.6006230000,126.9073980000,2016,,02-351-7944,서울특별시 은평구청,2026-02-26
신사1동,1,갈현로3길 25-1,270-2,37.6001440000,126.9071560000,2016,,02-351-7944,서울특별시 은평구청,2026-02-26
신사1동,1,갈현로1길 22-19,12월 19일,37.5997960000,126.9075800000,2006,,02-351-7944,서울특별시 은평구청,2026-02-26
신사1동,1,갈현로3길 23,271-2,37.6004000000,126.9075710000,2016,,02-351-7944,서울특별시 은평구청,2026-02-26
신사1동,1,갈현로1길 22-19,12월 21일,37.5999410000,126.9076570000,2016,,02-351-7944,서울특별시 은평구청,2026-02-26
신사1동,1,갈현로3길 27,270-25,37.6004140000,126.9071750000,2016,,02-351-7944,서울특별시 은평구청,2026-02-26
신사1동,1,갈현로1길 28-1,277-2,37.5996280000,126.9069820000,2018,,02-351-7944,서울특별시 은평구청,2026-02-26
신사1동,1,갈현로1길 28,277-19,37.5995280000,126.9068480000,2007,,02-351-7944,서울특별시 은평구청,2026-02-26
신사1동,1,갈현로1길 18-6,15-36,37.5995950000,126.9082280000,2019,,02-351-7944,서울특별시 은평구청,2026-02-26
신사1동,1,갈현로1길 10-6,07월 15일,37.5996000000,126.9087950000,2007,,02-351-7944,서울특별시 은평구청,2026-02-26
신사1동,1,갈현로1길 6-11,15-44,37.5996590000,126.9093600000,2016,,02-351-7944,서울특별시 은평구청,2026-02-26
신사1동,1,갈현로1길 6-9,15-49,37.5997210000,126.9092340000,2000,,02-351-7944,서울특별시 은평구청,2026-02-26
신사1동,1,갈현로 19-2,08월 16일,37.5997980000,126.9097320000,2016,,02-351-7944,서울특별시 은평구청,2026-02-26
신사1동,1,갈현로3다길 2-12,268-16,37.6010520000,126.9060210000,2015,,02-351-7944,서울특별시 은평구청,2026-02-26
신사1동,1,갈현로1길 6-26,10월 14일,37.5999450000,126.9090270000,2016,,02-351-7944,서울특별시 은평구청,2026-02-26
신사1동,1,갈현로1길 6-32,12월 14일,37.6000670000,126.9086290000,2006,,02-351-7944,서울특별시 은평구청,2026-02-26
신사1동,1,갈현로3나길 10,261-25,37.6015090000,126.9066940000,2016,,02-351-7944,서울특별시 은평구청,2026-02-26
신사1동,1,갈현로1길 22-16,14-39,37.6000080000,126.9080750000,2016,,02-351-7944,서울특별시 은평구청,2026-02-26
신사1동,1,갈현로3길 15-2,14-20,37.6003520000,126.9082850000,2016,,02-351-7944,서울특별시 은평구청,2026-02-26
신사1동,1,갈현로5길 5-14,11월 01일,37.6013360000,126.9094370000,2007,,02-351-7944,서울특별시 은평구청,2026-02-26
신사1동,1,갈현로5길 29-9,11월 29일,37.6010730000,126.9082630000,2008,,02-351-7944,서울특별시 은평구청,2026-02-26
신사1동,1,갈현로3길 12-2,12월 13일,37.6006190000,126.9088930000,2018,,02-351-7944,서울특별시 은평구청,2026-02-26
신사1동,1,갈현로3길 11-5,14-48,37.6002130000,126.9088080000,2019,,02-351-7944,서울특별시 은평구청,2026-02-26
신사1동,1,갈현로3길 7,14-45,37.6003340000,126.9092820000,2016,,02-351-7944,서울특별시 은평구청,2026-02-26
신사1동,1,갈현로3길 11-10,05월 14일,37.6000370000,126.9092180000,2008,,02-351-7944,서울특별시 은평구청,2026-02-26
신사1동,1,갈현로3길 3-7,16-34,37.6001690000,126.9099070000,2019,,02-351-7944,서울특별시 은평구청,2026-02-26
신사1동,1,갈현로3길 1-1,02월 16일,37.6003390000,126.9098030000,2016,,02-351-7944,서울특별시 은평구청,2026-02-26
신사1동,1,갈현로3길 6-3,01월 13일,37.6007580000,126.9092650000,2009,,02-351-7944,서울특별시 은평구청,2026-02-26
신사1동,1,갈현로5길 29-22,02월 13일,37.6007580000,126.9092650000,2019,,02-351-7944,서울특별시 은평구청,2026-02-26
신사1동,1,갈현로5길 29-16,13-15,37.6008600000,126.9086630000,2016,,02-351-7944,서울특별시 은평구청,2026-02-26
신사1동,1,갈현로5길 29-5,11월 30일,37.6010710000,126.9081050000,2001,,02-351-7944,서울특별시 은평구청,2026-02-26
신사1동,1,갈현로5길 25-8,11월 13일,37.6012520000,126.9081700000,2005,,02-351-7944,서울특별시 은평구청,2026-02-26
신사1동,1,갈현로5길 13-4,10월 08일,37.6016800000,126.9086400000,2008,,02-351-7944,서울특별시 은평구청,2026-02-26
신사1동,1,갈현로5길 25-19,10월 15일,37.6016190000,126.9088440000,2016,,02-351-7944,서울특별시 은평구청,2026-02-26
신사1동,1,갈현로5길 11,10월 12일,37.6018540000,126.9089880000,,,02-351-7944,서울특별시 은평구청,2026-02-26
신사1동,1,갈현로5길 25-27,10월 23일,37.6015330000,126.9093210000,2016,,02-351-7944,서울특별시 은평구청,2026-02-26
신사1동,1,갈현로5길 5-10,10월 24일,37.6015170000,126.9094800000,2009,,02-351-7944,서울특별시 은평구청,2026-02-26
신사1동,1,갈현로5길 5-20,11-33,37.6011200000,126.9094180000,2009,,02-351-7944,서울특별시 은평구청,2026-02-26
신사1동,1,갈현로 35-2,9-33,37.6009260000,126.9099420000,2017,,02-351-7944,서울특별시 은평구청,2026-02-26
신사1동,1,갈현로5길 5-4,10월 25일,37.6016880000,126.9094660000,2009,,02-351-7944,서울특별시 은평구청,2026-02-26
신사1동,1,갈현로 43-2,09월 10일,37.6017110000,126.9099980000,2016,,02-351-7944,서울특별시 은평구청,2026-02-26
신사1동,1,갈현로 40,07월 24일,37.6013900000,126.9104220000,2000,,02-351-7944,서울특별시 은평구청,2026-02-26
신사1동,1,은평로2길 12-10,29-60,37.5971070000,126.9110730000,2019,,02-351-7944,서울특별시 은평구청,2026-02-26
신사1동,1,은평로 12-4,29-109,37.5970830000,126.9103490000,2019,,02-351-7944,서울특별시 은평구청,2026-02-26
신사1동,1,갈현로2길 29,1-70,37.5993690000,126.9130110000,2015,,02-351-7944,서울특별시 은평구청,2026-02-26
신사1동,1,증산로21가길 1,27-23,37.5961620000,126.9130800000,2019,,02-351-7944,서울특별시 은평구청,2026-02-26
신사1동,1,은평로 57-5,02월 14일,37.5990490000,126.9144760000,2018,,02-351-7944,서울특별시 은평구청,2026-02-26
신사1동,1,증산로21길 21,01월 31일,37.5960280000,126.9122550000,2019,,02-351-7944,서울특별시 은평구청,2026-02-26
신사1동,1,갈현로3가길 11,261-20,37.6015420000,126.9063990000,2010,,02-351-7944,서울특별시 은평구청,2026-02-26
신사1동,1,갈현로3나길 10,261-20,37.6015420000,126.9063990000,2006,,02-351-7944,서울특별시 은평구청,2026-02-26
신사1동,1,갈현로2길 29-8,1-73,37.5997590000,126.9132770000,2016,,02-351-7944,서울특별시 은평구청,2026-02-26
신사1동,1,갈현로1길 32,277-3,37.5995070000,126.9065650000,,,02-351-7944,서울특별시 은평구청,2026-02-26
신사1동,1,증산로21가길 10-1,25-41,37.5969060000,126.9136350000,2018,,02-351-7944,서울특별시 은평구청,2026-02-26
신사1동,1,증산로21가길 1-4,27-14,37.5963860000,126.9129860000,2018,,02-351-7944,서울특별시 은평구청,2026-02-26
신사1동,1,갈현로3길 33-7,278-1,37.6000570000,126.9065910000,2006,,02-351-7944,서울특별시 은평구청,2026-02-26
신사1동,1,가좌로 300-3,38-18,37.5948780000,126.9116830000,,,02-351-7944,서울특별시 은평구청,2026-02-26
신사1동,1,갈현로3가길 8,261-9,37.6010920000,126.9073800000,,,02-351-7944,서울특별시 은평구청,2026-02-26
신사1동,1,갈현로3나길 10,261-20,37.6015420000,126.9063990000,2019,,02-351-7944,서울특별시 은평구청,2026-02-26
신사1동,1,증산로 471-4,23-19,37.5984250000,126.9151760000,2006,,02-351-7944,서울특별시 은평구청,2026-02-26
신사1동,1,은평로 8-5,29-118,37.5964310000,126.9100520000,2019,,02-351-7944,서울특별시 은평구청,2026-02-26
신사1동,1,증산로21가길 1-7,27-20,37.5962300000,126.9126710000,2019,,02-351-7944,서울특별시 은평구청,2026-02-26
신사1동,1,은평로 33-8,04월 19일,37.5986680000,126.9112430000,2010,,02-351-7944,서울특별시 은평구청,2026-02-26
신사1동,1,갈현로1길 32,277-3,37.5995070000,126.9065650000,2018,,02-351-7944,서울특별시 은평구청,2026-02-26
신사1동,1,은평로 5,19-153,37.5966710200,126.9092515000,,,02-351-7944,서울특별시 은평구청,2026-02-26
신사1동,1,증산로21가길 11-14,26-31,37.5974020000,126.9127790000,2019,,02-351-7944,서울특별시 은평구청,2026-02-26
신사1동,1,증산로21길 20-21,02월 28일,37.5972200000,126.9125780000,2019,,02-351-7944,서울특별시 은평구청,2026-02-26
신사1동,1,갈현로3길 29-1,279-10,37.6003750000,126.9068130000,,,02-351-7944,서울특별시 은평구청,2026-02-26
신사1동,1,증산로 463-7,23-48,37.5980440000,126.9149320000,2018,,02-351-7944,서울특별시 은평구청,2026-02-26
신사1동,1,증산로23길 8-13,22-20,37.5980270000,126.9141060000,2007,,02-351-7944,서울특별시 은평구청,2026-02-26
신사1동,1,은평로2길 6,05월 29일,37.5976190000,126.9118920000,2016,,02-351-7944,서울특별시 은평구청,2026-02-26
신사1동,1,은평로2길 6-14,29-136,37.5975590000,126.9112250000,2016,,02-351-7944,서울특별시 은평구청,2026-02-26
신사1동,1,은평로3가길 14-8,1-63,37.5994730000,126.9135190000,2011,,02-351-7944,서울특별시 은평구청,2026-02-26
신사1동,1,은평로2길 3-5,26-27,37.5976420000,126.9124240000,2018,,02-351-7944,서울특별시 은평구청,2026-02-26
신사1동,1,은평로 53-2,03월 01일,37.5989420000,126.9136510000,2015,,02-351-7944,서울특별시 은평구청,2026-02-26
신사1동,1,갈현로3길 11-2,14-51,37.6003300000,126.9088060000,2016,,02-351-7944,서울특별시 은평구청,2026-02-26
신사1동,1,은평로3가길 30-3,5-32,37.5990930000,126.9114070000,2015,,02-351-7944,서울특별시 은평구청,2026-02-26
신사1동,1,증산로21길 38-7,29-116,37.5963610000,126.9102460000,2019,,02-351-7944,서울특별시 은평구청,2026-02-26
신사1동,1,가좌로 386,296-3,37.6001940000,126.9048560000,2007,,02-351-7944,서울특별시 은평구청,2026-02-26
신사1동,1,가좌로 400,265-4,37.6018830000,126.9043330000,2007,,02-351-7944,서울특별시 은평구청,2026-02-26
신사1동,1,증산로21가길 16,09월 25일,37.5971570000,126.9135750000,2008,,02-351-7944,서울특별시 은평구청,2026-02-26
신사1동,1,은평로 18-11,29-14,37.5976210000,126.9111000000,2008,,02-351-7944,서울특별시 은평구청,2026-02-26
신사1동,1,갈현로2가길 6,8-56,37.5998810000,126.9109190000,2016,,02-351-7944,서울특별시 은평구청,2026-02-26
신사1동,1,갈현로5길 25-4,11월 17일,37.6013770000,126.9080320000,2008,,02-351-7944,서울특별시 은평구청,2026-02-26
신사1동,1,가좌로 400,265-4,37.6018830000,126.9043330000,2008,,02-351-7944,서울특별시 은평구청,2026-02-26
신사1동,1,가좌로 400,265-4,37.6018830000,126.9043330000,2008,,02-351-7944,서울특별시 은평구청,2026-02-26
신사1동,1,증산로23길 5,24-47,37.5977070000,126.9125700000,2019,,02-351-7944,서울특별시 은평구청,2026-02-26
신사1동,1,가좌로 386,296-3,37.6001940000,126.9048560000,2009,,02-351-7944,서울특별시 은평구청,2026-02-26
신사1동,1,갈현로3길 41-5,281-2,37.6004593500,126.9058455000,2018,,02-351-7944,서울특별시 은평구청,2026-02-26
신사1동,1,증산로21길 6-1,09월 24일,37.5959560000,126.9142380000,2019,,02-351-7944,서울특별시 은평구청,2026-02-26
신사1동,1,은평로 60-16,22-42,37.5983250000,126.9141700000,2009,,02-351-7944,서울특별시 은평구청,2026-02-26
신사1동,1,갈현로3길 6-3,01월 13일,37.6007580000,126.9092650000,2009,,02-351-7944,서울특별시 은평구청,2026-02-26
신사1동,1,갈현로3길 6,9-42,37.6005450000,126.9096640000,2009,,02-351-7944,서울특별시 은평구청,2026-02-26
신사1동,1,갈현로1길 22-21,12월 10일,37.6000850000,126.9076890000,2009,,02-351-7944,서울특별시 은평구청,2026-02-26
신사1동,1,갈현로3길 15-2,14-20,37.6003520000,126.9082850000,2016,,02-351-7944,서울특별시 은평구청,2026-02-26
신사1동,1,갈현로3길 14,13-18,37.6005512300,126.9086152000,,,02-351-7944,서울특별시 은평구청,2026-02-26
신사1동,1,은평로2길 6-34,29-166,37.5968210000,126.9103300000,2018,,02-351-7944,서울특별시 은평구청,2026-02-26
신사1동,1,은평로2길 10-5,29-193,37.5971730000,126.9113670000,2019,,02-351-7944,서울특별시 은평구청,2026-02-26
신사1동,1,,10-364,37.6017110000,126.9090810000,2016,,02-351-7944,서울특별시 은평구청,2026-02-26
신사1동,1,갈현로 19-2,08월 16일,37.5997980000,126.9097320000,2018,,02-351-7944,서울특별시 은평구청,2026-02-26
신사1동,1,증산로21길 11,361-,37.5956520000,126.9134720000,2010,,02-351-7944,서울특별시 은평구청,2026-02-26
신사1동,1,증산로19길 20,32-13,37.5952260000,126.9122780000,2016,,02-351-7944,서울특별시 은평구청,2026-02-26
신사1동,1,갈현로3길 3-6,16-25,37.6000310000,126.9096260000,2019,,02-351-7944,서울특별시 은평구청,2026-02-26
신사1동,1,증산로21길 20-18,27-31,37.5968700000,126.9127070000,2011,,02-351-7944,서울특별시 은평구청,2026-02-26
신사1동,1,증산로21길 20-18,27-31,37.5969143700,126.9126572000,,,02-351-7944,서울특별시 은평구청,2026-02-26
신사1동,1,은평로2길 20-2,29-43,37.5965107900,126.9114952000,,,02-351-7944,서울특별시 은평구청,2026-02-26
신사1동,1,가좌로 342~가좌로12길12사이,19-117,,,,,02-351-7944,서울특별시 은평구청,2026-02-26
신사1동,1,은평로 43-1,03월 23일,37.5987450000,126.9128040000,2011,,02-351-7944,서울특별시 은평구청,2026-02-26
신사1동,1,은평로 43-1,03월 23일,37.5987276500,126.9128303000,,,02-351-7944,서울특별시 은평구청,2026-02-26
신사1동,1,가좌로12길 13,243-63,37.5985250000,126.9065340000,2016,,02-351-7944,서울특별시 은평구청,2026-02-26
신사1동,1,가좌로 344,355-,37.5985250000,126.9065340000,2019,,02-351-7944,서울특별시 은평구청,2026-02-26
신사1동,1,갈현로3길 1,03월 16일,37.6003130000,126.9099050000,,,02-351-7944,서울특별시 은평구청,2026-02-26
신사1동,1,증산로19길 19-1,37-33,37.5948030000,126.9123520000,,,02-351-7944,서울특별시 은평구청,2026-02-26
신사1동,1,증산로19길 19-1,37-33,37.5948147700,126.9123131000,,,02-351-7944,서울특별시 은평구청,2026-02-26
신사1동,1,증산로21길 38,29-53,37.5962190000,126.9104860000,,,02-351-7944,서울특별시 은평구청,2026-02-26
신사1동,1,증산로23길 7-10,25-44,37.5969360000,126.9139970000,,,02-351-7944,서울특별시 은평구청,2026-02-26
신사1동,1,증산로23길 7-10,25-44,37.5969925700,126.9141187000,,,02-351-7944,서울특별시 은평구청,2026-02-26
신사1동,1,갈현로 18-2,08월 08일,37.5994450000,126.9105520000,2013,,02-351-7944,서울특별시 은평구청,2026-02-26
신사1동,1,은평로2길 18-1,29-18,37.5967050000,126.9114530000,,,02-351-7944,서울특별시 은평구청,2026-02-26
신사1동,1,갈현로3다길 8,268-37,37.6010480000,126.9055570000,2019,,02-351-7944,서울특별시 은평구청,2026-02-26
신사1동,1,증산로23길 17,06월 26일,37.5976140000,126.9133080000,,,02-351-7944,서울특별시 은평구청,2026-02-26
신사1동,1,갈현로3나길 5-1,268-14,37.6010810000,126.9061800000,2015,,02-351-7944,서울특별시 은평구청,2026-02-26
신사1동,1,은평로3가길 14-12,1-62,37.5994110000,126.9136780000,2016,,02-351-7944,서울특별시 은평구청,2026-02-26
신사1동,1,갈현로 10-2,20-15,37.5988140000,126.9104590000,,,02-351-7944,서울특별시 은평구청,2026-02-26
신사1동,1,증산로19길 18-1,Jul-32,37.5950940000,126.9125520000,,,02-351-7944,서울특별시 은평구청,2026-02-26
신사1동,1,가좌로 312-10,30-48,37.5956340000,126.9106080000,,,02-351-7944,서울특별시 은평구청,2026-02-26
신사1동,1,가좌로 288,Dec-37,37.5941730000,126.9123390000,2016,,02-351-7944,서울특별시 은평구청,2026-02-26
신사1동,1,갈현로3길 28,270-29,37.6005570000,126.9070250000,2017,,02-351-7944,서울특별시 은평구청,2026-02-26
신사1동,1,갈현로3가길 3-7,270-46,37.6009340000,126.9068840000,2017,,02-351-7944,서울특별시 은평구청,2026-02-26
신사1동,1,가좌로 390,284-2,37.6004810000,126.9047160000,2017,,02-351-7944,서울특별시 은평구청,2026-02-26
신사1동,1,갈현로1길 28-2,270-7,37.5998280000,126.9070930000,2017,,02-351-7944,서울특별시 은평구청,2026-02-26
신사1동,1,가좌로 276-16,35-26,37.5937330000,126.9135570000,2017,,02-351-7944,서울특별시 은평구청,2026-02-26
신사1동,1,은평로2길 21,28-36,37.5962850000,126.9117980000,2017,,02-351-7944,서울특별시 은평구청,2026-02-26
신사1동,1,갈현로3가길 3,270-8,37.6006940000,126.9072040000,2017,,02-351-7944,서울특별시 은평구청,2026-02-26
신사1동,1,갈현로3길 25,270-30,37.6005670000,126.9071720000,2017,,02-351-7944,서울특별시 은평구청,2026-02-26
신사1동,1,은평로2길 12-17,29-63,37.5970140000,126.9107010000,2017,,02-351-7944,서울특별시 은평구청,2026-02-26
신사1동,1,증산로21길 36,29-56,37.5962830000,126.9106090000,2017,,02-351-7944,서울특별시 은평구청,2026-02-26
신사1동,1,은평로1길 6,19-109,37.5978480000,126.9093300000,2017,,02-351-7944,서울특별시 은평구청,2026-02-26
신사1동,1,은평로2길 2,Feb-29,37.5978350000,126.9118210000,2017,,02-351-7944,서울특별시 은평구청,2026-02-26
신사1동,1,갈현로2길 26,6-46,37.5995450000,126.9125320000,2018,,02-351-7944,서울특별시 은평구청,2026-02-26
신사1동,1,가좌로 276-13,36-14,37.5940410500,126.9131979000,2018,,02-351-7944,서울특별시 은평구청,2026-02-26
신사1동,1,갈현로1길 22-5,12월 12일,37.5995809800,126.9076667000,2018,,02-351-7944,서울특별시 은평구청,2026-02-26
신사1동,1,은평로 26,11월 29일,37.5978663800,126.9107720000,,,02-351-7944,서울특별시 은평구청,2026-02-26
신사1동,1,갈현로2가길 10,08월 06일,37.5996681800,126.9108517000,2019,,02-351-7944,서울특별시 은평구청,2026-02-26
신사1동,1,,29-168,,,,,02-351-7944,서울특별시 은평구청,2026-02-26
신사1동,1,가좌로 312-19,19-169,37.5959860100,126.9113920000,,,02-351-7944,서울특별시 은평구청,2026-02-26
신사1동,1,은평로1길 1,19-169,37.5976255100,126.9096474000,2019,,02-351-7944,서울특별시 은평구청,2026-02-26
신사1동,1,은평로1길 1,19-169,37.5976255100,126.9096474000,2019,,02-351-7944,서울특별시 은평구청,2026-02-26
신사1동,1,증산로21길 32-6,29-19,37.5965568200,126.9113009000,2020,,02-351-7944,서울특별시 은평구청,2026-02-26
신사1동,1,증산로19길 32-8,30-15,37.5958054300,126.9111708000,2020,,02-351-7944,서울특별시 은평구청,2026-02-26
신사1동,1,가좌로 342,19-117,37.5975281800,126.9078807000,2020,,02-351-7944,서울특별시 은평구청,2026-02-26
신사1동,1,가좌로 342,19-117,37.5975281800,126.9078807000,2020,,02-351-7944,서울특별시 은평구청,2026-02-26
신사1동,1,은평로 25-2,20-16,37.5985125700,126.9107644000,2020,,02-351-7944,서울특별시 은평구청,2026-02-26
신사1동,1,갈현로2가길 16,08월 28일,37.5991285500,126.9109392000,2020,,02-351-7944,서울특별시 은평구청,2026-02-26
신사1동,1,갈현로 21,16-24,37.5997270500,126.9101127000,2020,,02-351-7944,서울특별시 은평구청,2026-02-26
신사1동,1,증산로19길 25-1,39-32,37.5950896200,126.9116620000,2020,,02-351-7944,서울특별시 은평구청,2026-02-26
신사1동,1,갈현로2가길 15,5-33,37.5991347100,126.9110547000,2020,,02-351-7944,서울특별시 은평구청,2026-02-26
신사1동,1,갈현로 18-4,08월 10일,37.5995182000,126.9105389000,2021,,02-351-7944,서울특별시 은평구청,2026-02-26
신사1동,1,은평로 25-3,20-29,37.5983825500,126.9106627000,2021,,02-351-7944,서울특별시 은평구청,2026-02-26
신사1동,1,갈현로4길 44-2,1-95,37.5997942300,126.9143290000,2021,,02-351-7944,서울특별시 은평구청,2026-02-26
신사1동,1,갈현로3길 46-12,1-95,37.6013101400,126.9050858000,2021,,02-351-7944,서울특별시 은평구청,2026-02-26
신사1동,1,갈현로 22,8-45,37.5998355400,126.9103172000,,,02-351-7944,서울특별시 은평구청,2026-02-26
신사1동,1,갈현로1길 22-8,15-24,37.5997219100,126.9079136000,,,02-351-7944,서울특별시 은평구청,2026-02-26
신사1동,1,은평로3가길 22-17,05월 02일,37.5995757700,126.9119862000,,,02-351-7944,서울특별시 은평구청,2026-02-26
신사1동,1,갈현로1길 6-17,02월 15일,37.5998263200,126.9093059000,,,02-351-7944,서울특별시 은평구청,2026-02-26
신사1동,1,증산로21길 34-1,29-93,37.5962635100,126.9109137000,,,02-351-7944,서울특별시 은평구청,2026-02-26
신사1동,1,증산로21길 34,29-92,37.5963296000,126.9110791000,,,02-351-7944,서울특별시 은평구청,2026-02-26
신사1동,1,가좌로 286-12,36-17,37.5942050900,126.9128809000,,,02-351-7944,서울특별시 은평구청,2026-02-26
신사1동,1,증산로19길 9,Jan-36,37.5946088600,126.9133781000,,,02-351-7944,서울특별시 은평구청,2026-02-26
신사1동,1,갈현로1길 7,01월 18일,37.5992034800,126.9094420000,,,02-351-7944,서울특별시 은평구청,2026-02-26
신사1동,1,갈현로 10-9,08월 31일,37.5988689200,126.9109334000,,,02-351-7944,서울특별시 은평구청,2026-02-26
신사1동,1,은평로2길 2,Feb-29,37.5978250400,126.9118200000,,,02-351-7944,서울특별시 은평구청,2026-02-26
신사1동,1,증산로21길 34-1,29-93,37.5962635100,126.9109137000,,,02-351-7944,서울특별시 은평구청,2026-02-26
신사1동,1,증산로21길 32-7,29-87,37.5966230700,126.9111925000,,,02-351-7944,서울특별시 은평구청,2026-02-26
신사1동,1,갈현로2가길 4,8-58,37.6001784100,126.9109953000,,,02-351-7944,서울특별시 은평구청,2026-02-26
신사1동,1,갈현로1길 36,370,37.5998075200,126.9063484000,,,02-351-7944,서울특별시 은평구청,2026-02-26
신사1동,1,증산로 463-1,23-53,37.5976793400,126.9148990000,2018,,02-351-7944,서울특별시 은평구청,2026-02-26
신사1동,1,갈현로3다길 1-6,266-6,37.6011466900,126.9053714000,,,02-351-7944,서울특별시 은평구청,2026-02-26
신사1동,1,갈현로3길 6-3,13-33,37.6006542600,126.9095228000,,,02-351-7944,서울특별시 은평구청,2026-02-26
신사1동,1,갈현로5길 29-29,11월 25일,37.6010360700,126.9094939000,,,02-351-7944,서울특별시 은평구청,2026-02-26
신사1동,1,증산로23길 23-2,26-41,37.5977679100,126.9125455000,,,02-351-7944,서울특별시 은평구청,2026-02-26
신사1동,1,은평로 33-2,4-39,37.5985300000,126.9119130000,,,02-351-7944,서울특별시 은평구청,2026-02-26
신사1동,1,은평로 33-1,01월 20일,37.5984250000,126.9112690000,,,02-351-7944,서울특별시 은평구청,2026-02-26
신사1동,1,가좌로12길 15,371,37.5986147800,126.9075309000,,,02-351-7944,서울특별시 은평구청,2026-02-26
신사1동,1,갈현로3다길 3,268-35,37.6009463300,126.9056449000,,,02-351-7944,서울특별시 은평구청,2026-02-26
신사1동,1,은평로 25-3,20-29,37.5983825500,126.9106627000,,,02-351-7944,서울특별시 은평구청,2026-02-26
신사1동,1,가좌로 392,283-31,37.6006925400,126.9046063000,,,02-351-7944,서울특별시 은평구청,2026-02-26
신사1동,1,갈현로 16-2,08월 21일,37.5992380000,126.9105550000,2011,,02-351-7944,서울특별시 은평구청,2026-02-26
신사1동,1,,07월 31일,,,2022,,02-351-7944,서울특별시 은평구청,2026-02-26
신사1동,1,,07월 31일,,,2022,,02-351-7944,서울특별시 은평구청,2026-02-26
신사1동,1,,05월 04일,,,2022,,02-351-7944,서울특별시 은평구청,2026-02-26
신사1동,1,갈현로2길 7,1-136,37.6004769600,126.9111700000,2022,,02-351-7944,서울특별시 은평구청,2026-02-26
신사1동,1,갈현로3길 38,280-1,37.6006910000,126.9059130000,,,02-351-7944,서울특별시 은평구청,2026-02-26
신사1동,1,갈현로3길 21,14-29,37.6003930000,126.9078660000,2016,,02-351-7944,서울특별시 은평구청,2026-02-26
신사1동,1,증산로23길 18,07월 21일,37.5978583300,126.9133789000,2023,,02-351-7944,서울특별시 은평구청,2026-02-26
신사1동,1,증산로19길 17,Jan-37,37.5949264600,126.9125142000,2023,,02-351-7944,서울특별시 은평구청,2026-02-26
신사1동,1,증산로19길 17,Jan-37,37.5949264600,126.9125142000,2023,,02-351-7944,서울특별시 은평구청,2026-02-26
신사1동,1,갈현로 19-1,12월 16일,37.5997276400,126.9099630000,2023,,02-351-7944,서울특별시 은평구청,2026-02-26
신사1동,1,증산로19길 7,35-38,37.5945432800,126.9136395000,2023,,02-351-7944,서울특별시 은평구청,2026-02-26
신사1동,1,가좌로 312-13,04월 30일,37.5959349300,126.9109033000,2023,,02-351-7944,서울특별시 은평구청,2026-02-26
신사1동,1,증산로23길 8,23-45,37.5974336600,126.9144129000,2023,,02-351-7944,서울특별시 은평구청,2026-02-26
신사1동,1,증산로23길 4,23-26,37.5973724200,126.9147834000,2023,,02-351-7944,서울특별시 은평구청,2026-02-26
신사1동,1,증산로23길 4,23-26,37.5973724200,126.9147834000,2023,,02-351-7944,서울특별시 은평구청,2026-02-26
신사1동,1,증산로21길 29-1,30-30,37.5960857000,126.9114502000,2024,,02-351-7944,서울특별시 은평구청,2026-02-26
신사1동,1,증산로23길 7-5,24-51,37.5971002400,126.9142760000,2024,,02-351-7944,서울특별시 은평구청,2026-02-26
신사1동,1,증산로21길 19,Sep-32,37.5960492400,126.9125770000,2024,,02-351-7944,서울특별시 은평구청,2026-02-26
신사1동,1,갈현로2길 7,1-136,37.6004769600,126.9111700000,2024,,02-351-7944,서울특별시 은평구청,2026-02-26
신사1동,1,증산로21길 19-9,Apr-32,37.5956019800,126.9123366000,2024,,02-351-7944,서울특별시 은평구청,2026-02-26
신사1동,1,갈현로4길 6-26,07월 11일,37.6009352500,126.9109850000,2024,,02-351-7944,서울특별시 은평구청,2026-02-26
신사1동,1,증산로21길 19-8,31-14,37.5956900400,126.9122358000,2024,,02-351-7944,서울특별시 은평구청,2026-02-26
신사1동,1,증산로21길 19-9,Apr-32,37.5956019800,126.9123366000,2024,,02-351-7944,서울특별시 은평구청,2026-02-26
신사1동,1,증산로21길 19-8,31-14,37.5956900400,126.9122358000,2024,,02-351-7944,서울특별시 은평구청,2026-02-26
신사1동,1,갈현로1길 15,18-16,37.5992923300,126.9084148000,2024,,02-351-7944,서울특별시 은평구청,2026-02-26
신사1동,1,증산로21길 7-5,Mar-34,37.5955873200,126.9138661000,,,02-351-7944,서울특별시 은평구청,2026-02-26
신사2동,1,증산로 403-3,335-4,37.5922920000,126.9136230000,2008,,02-351-7944,서울특별시 은평구청,2026-02-26
신사2동,1,증산로17가길 403,335-9,37.5922560000,126.9135670000,2005,,02-351-7944,서울특별시 은평구청,2026-02-26
신사2동,1,증산로 401-4,335-10,37.5922270000,126.9133520000,2019,,02-351-7944,서울특별시 은평구청,2026-02-26
신사2동,1,증산로 401-11,336-19,37.5920890000,126.9130710000,2007,,02-351-7944,서울특별시 은평구청,2026-02-26
신사2동,1,증산로 401-8,335-12,37.5924183500,126.9132311000,,,02-351-7944,서울특별시 은평구청,2026-02-26
신사2동,1,증산로 401-16,98-26,37.5922220000,126.9127860000,2013,,02-351-7944,서울특별시 은평구청,2026-02-26
신사2동,1,가좌로 275-11,335-23,37.5924600000,126.9132700000,2019,,02-351-7944,서울특별시 은평구청,2026-02-26
신사2동,1,가좌로 275-2,98-32,37.5927300000,126.9122690000,2013,,02-351-7944,서울특별시 은평구청,2026-02-26
신사2동,1,가좌로 275-2,98-32,37.5925850000,126.9121350000,2019,,02-351-7944,서울특별시 은평구청,2026-02-26
신사2동,1,가좌로 275-2,98-32,37.5927300000,126.9122690000,2008,,02-351-7944,서울특별시 은평구청,2026-02-26
신사2동,1,가좌로 275-2,98-32,37.5931005700,126.9128590000,,,02-351-7944,서울특별시 은평구청,2026-02-26
신사2동,1,가좌로 275-2,98-32,37.5927300000,126.9122690000,2019,,02-351-7944,서울특별시 은평구청,2026-02-26
신사2동,1,증산로 401-18,98-29,37.5920685000,126.9127288000,2019,,02-351-7944,서울특별시 은평구청,2026-02-26
신사2동,1,증산로17가길 401-20,Jan-98,37.5918410000,126.9125090000,2016,,02-351-7944,서울특별시 은평구청,2026-02-26
신사2동,1,증산로17가길 15-5,98-31,37.5920100000,126.9122910000,2005,,02-351-7944,서울특별시 은평구청,2026-02-26
신사2동,1,증산로17가길 15-11,산80-54,37.5918050000,126.9115580000,2019,,02-351-7944,서울특별시 은평구청,2026-02-26
신사2동,1,증산로17길 6-46,366-,37.5906820000,126.9129670000,2019,,02-351-7944,서울특별시 은평구청,2026-02-26
신사2동,1,증산로 395-6,336-12,37.5918920000,126.9131990000,2016,,02-351-7944,서울특별시 은평구청,2026-02-26
신사2동,1,증산로17길 6-41,350-42,37.5915910000,126.9128180000,2019,,02-351-7944,서울특별시 은평구청,2026-02-26
신사2동,1,증산로17길 6-33,350-48,37.5912120000,126.9126990000,2016,,02-351-7944,서울특별시 은평구청,2026-02-26
신사2동,1,증산로17길 6-22,337-29,37.5910420000,126.9128710000,2019,,02-351-7944,서울특별시 은평구청,2026-02-26
신사2동,1,증산로17길 6-40,337-31,37.5908970000,126.9128280000,2005,,02-351-7944,서울특별시 은평구청,2026-02-26
신사2동,1,증산로17길 6-11,350-10,37.5907780000,126.9125920000,2016,,02-351-7944,서울특별시 은평구청,2026-02-26
신사2동,1,증산로17길 6-7,350-11,37.5906150000,126.9125380000,2019,,02-351-7944,서울특별시 은평구청,2026-02-26
신사2동,1,증산로17길 8,350-22,37.5903720000,126.9124730000,2013,,02-351-7944,서울특별시 은평구청,2026-02-26
신사2동,1,증산로 379,338-1,37.5901310000,126.9127940000,2013,,02-351-7944,서울특별시 은평구청,2026-02-26
신사2동,1,증산로17길 6-8,337-15,37.5906170000,126.9127640000,2010,,02-351-7944,서울특별시 은평구청,2026-02-26
신사2동,1,증산로17길 10,350-24,37.5904860000,126.9122340000,2013,,02-351-7944,서울특별시 은평구청,2026-02-26
신사2동,1,증산로17가길 2,350-26,37.5904210000,126.9119860000,2013,,02-351-7944,서울특별시 은평구청,2026-02-26
신사2동,1,증산로17가길 1,349-20,37.5905100000,126.9118370000,2013,,02-351-7944,서울특별시 은평구청,2026-02-26
신사2동,1,증산로17가길 3-2,349-17,37.5907880000,126.9116970000,2016,,02-351-7944,서울특별시 은평구청,2026-02-26
신사2동,1,증산로17가길 4,350-28,37.5906030000,126.9121530000,2010,,02-351-7944,서울특별시 은평구청,2026-02-26
신사2동,1,증산로17가길 5,349-13,37.5908449400,126.9120212000,2020,,02-351-7944,서울특별시 은평구청,2026-02-26
신사2동,1,증산로17가길 5,349-13,37.5908720000,126.9119790000,2006,,02-351-7944,서울특별시 은평구청,2026-02-26
신사2동,1,증산로17가길 7,349-29,37.5911520000,126.9121340000,,,02-351-7944,서울특별시 은평구청,2026-02-26
신사2동,1,증산로17가길 9,349-8,37.5912600000,126.9120640000,2007,,02-351-7944,서울특별시 은평구청,2026-02-26
신사2동,1,증산로17가길 11,349-7,37.5914500000,126.9121750000,2008,,02-351-7944,서울특별시 은평구청,2026-02-26
신사2동,1,증산로17가길 11,349-7,37.5914500000,126.9121750000,2007,,02-351-7944,서울특별시 은평구청,2026-02-26
신사2동,1,증산로15가길 13,341-3,37.5901010000,126.9115150000,2013,,02-351-7944,서울특별시 은평구청,2026-02-26
신사2동,1,증산로17길 13,341-3,37.5901010000,126.9115150000,2018,,02-351-7944,서울특별시 은평구청,2026-02-26
신사2동,1,증산로15가길 10,338-62,37.5896990000,126.9118830000,2016,,02-351-7944,서울특별시 은평구청,2026-02-26
신사2동,1,증산로 367-20,338-60,37.5893740000,126.9118090000,2016,,02-351-7944,서울특별시 은평구청,2026-02-26
신사2동,1,증산로 367-25,339-18,37.5893020000,126.9117640000,2008,,02-351-7944,서울특별시 은평구청,2026-02-26
신사2동,1,증산로 367-18,338-36,37.5893490000,126.9120010000,2019,,02-351-7944,서울특별시 은평구청,2026-02-26
신사2동,1,증산로17길 7-17,338-39,37.5895850000,126.9121450000,2016,,02-351-7944,서울특별시 은평구청,2026-02-26
신사2동,1,증산로17길 7-7,338-45,37.5902000000,126.9124080000,2016,,02-351-7944,서울특별시 은평구청,2026-02-26
신사2동,1,증산로17길 7-3,338-46,37.5900750000,126.9125800000,2019,,02-351-7944,서울특별시 은평구청,2026-02-26
신사2동,1,증산로17길 7-11,338-41,37.5897570000,126.9122560000,2016,,02-351-7944,서울특별시 은평구청,2026-02-26
신사2동,1,증산로17길 7-11,338-41,37.5898272400,126.9122068000,,,02-351-7944,서울특별시 은평구청,2026-02-26
신사2동,1,증산로 377-14,338-14,37.5898400000,126.9124360000,2019,,02-351-7944,서울특별시 은평구청,2026-02-26
신사2동,1,증산로 377-8,,37.5900397700,126.9127440000,,,02-351-7944,서울특별시 은평구청,2026-02-26
신사2동,1,증산로 377-8,338-7,37.5900397700,126.9127440000,,,02-351-7944,서울특별시 은평구청,2026-02-26
신사2동,1,증산로 377-8,338-7,37.5898260000,126.9129230000,2019,,02-351-7944,서울특별시 은평구청,2026-02-26
신사2동,1,증산로 377-24,338-20,37.5897208100,126.9127055000,2019,,02-351-7944,서울특별시 은평구청,2026-02-26
신사2동,1,증산로 377-26,338-21,37.5896520000,126.9126310000,2019,,02-351-7944,서울특별시 은평구청,2026-02-26
신사2동,1,증산로 377-38,338-28,37.5894800000,126.9124750000,2019,,02-351-7944,서울특별시 은평구청,2026-02-26
신사2동,1,증산로 377-34,338-25,37.5894050000,126.9122610000,2005,,02-351-7944,서울특별시 은평구청,2026-02-26
신사2동,1,증산로 367-13,339-28,37.5891350000,126.9122760000,2017,,02-351-7944,서울특별시 은평구청,2026-02-26
신사2동,1,증산로 371,338-4,37.5894920000,126.9128600000,2008,,02-351-7944,서울특별시 은평구청,2026-02-26
신사2동,1,증산로15길 6-2,339-8,37.5890740000,126.9124360000,2007,,02-351-7944,서울특별시 은평구청,2026-02-26
신사2동,1,증산로 367-16,338-35,37.5893410000,126.9121030000,2019,,02-351-7944,서울특별시 은평구청,2026-02-26
신사2동,1,증산로15길 10,339-14,37.5890150000,126.9119040000,2011,,02-351-7944,서울특별시 은평구청,2026-02-26
신사2동,1,증산로15길 4-1,339-5,37.5888940000,126.9124500000,2011,,02-351-7944,서울특별시 은평구청,2026-02-26
신사2동,1,증산로15길 2,339-1,37.5890050000,126.9127760000,2014,,02-351-7944,서울특별시 은평구청,2026-02-26
신사2동,1,증산로15가길 5-10,341-21,37.5896680000,126.9113740000,2016,,02-351-7944,서울특별시 은평구청,2026-02-26
신사2동,1,증산로15가길 5-14,341-23,37.5898640000,126.9111900000,2016,,02-351-7944,서울특별시 은평구청,2026-02-26
신사2동,1,증산로15가길 7-20,234-6,37.5900353000,126.9111206000,,,02-351-7944,서울특별시 은평구청,2026-02-26
신사2동,1,증산로15가길 7-16,341-17,37.5898840000,126.9113820000,,,02-351-7944,서울특별시 은평구청,2026-02-26
신사2동,1,증산로15가길 7-4,341-6,37.5898040000,126.9114970000,2019,,02-351-7944,서울특별시 은평구청,2026-02-26
신사2동,1,증산로17길 19-2,342-2,37.5902300000,126.9107770000,2009,,02-351-7944,서울특별시 은평구청,2026-02-26
신사2동,1,증산로17길 19-7,341-26,37.5900150000,126.9109500000,2016,,02-351-7944,서울특별시 은평구청,2026-02-26
신사2동,1,증산로17길 26-19,342-48,37.5900210000,126.9106330000,2019,,02-351-7944,서울특별시 은평구청,2026-02-26
신사2동,1,증산로15길 26-11,342-14,37.5897330000,126.9106260000,2005,,02-351-7944,서울특별시 은평구청,2026-02-26
신사2동,1,증산로15길 26-6,340-29,37.5896870000,126.9105580000,2019,,02-351-7944,서울특별시 은평구청,2026-02-26
신사2동,1,증산로15길 22,340-39,37.5893200000,126.9107680000,2011,,02-351-7944,서울특별시 은평구청,2026-02-26
신사2동,1,증산로15길 22-1,340-24,37.5895020000,126.9109910000,2019,,02-351-7944,서울특별시 은평구청,2026-02-26
신사2동,1,증산로15가길 3-11,340-17,37.5894120000,126.9109810000,2019,,02-351-7944,서울특별시 은평구청,2026-02-26
신사2동,1,증산로15가길 3-5,340-9,37.5891980000,126.9112560000,2019,,02-351-7944,서울특별시 은평구청,2026-02-26
신사2동,1,증산로15길 12,339-15,37.5890490000,126.9117110000,2011,,02-351-7944,서울특별시 은평구청,2026-02-26
신사2동,1,증산로15가길 1,340-4,37.5891370000,126.9114840000,2014,,02-351-7944,서울특별시 은평구청,2026-02-26
신사2동,1,증산로15길 18,340-11,37.5892150000,126.9110970000,2011,,02-351-7944,서울특별시 은평구청,2026-02-26
신사2동,1,증산로15길 26,342-16,37.5896870000,126.9105580000,2011,,02-351-7944,서울특별시 은평구청,2026-02-26
신사2동,1,증산로15길 18-1,340-13,37.5893040000,126.9110510000,2008,,02-351-7944,서울특별시 은평구청,2026-02-26
신사2동,1,증산로15길 30,342-20,37.5898100000,126.9102510000,2011,,02-351-7944,서울특별시 은평구청,2026-02-26
신사2동,1,증산로15길 30-2,342-21,37.5899190000,126.9102950000,2005,,02-351-7944,서울특별시 은평구청,2026-02-26
신사2동,1,증산로17길 34-1,342-30,37.5901930000,126.9097580000,2011,,02-351-7944,서울특별시 은평구청,2026-02-26
신사2동,1,증산로15길 38-5,343-17,37.5906150000,126.9095600000,2007,,02-351-7944,서울특별시 은평구청,2026-02-26
신사2동,1,증산로17길 25-9,342-33,37.5901940000,126.9098720000,2016,,02-351-7944,서울특별시 은평구청,2026-02-26
신사2동,1,증산로17길 25-12,343-10,37.5905550000,126.9098550000,2008,,02-351-7944,서울특별시 은평구청,2026-02-26
신사2동,1,증산로17길 25-3,342-37,37.5902340000,126.9102670000,2016,,02-351-7944,서울특별시 은평구청,2026-02-26
신사2동,1,증산로17길 23,342-42,37.5902920000,126.9106520000,2013,,02-351-7944,서울특별시 은평구청,2026-02-26
신사2동,1,증산로15길 30-10,342-39,37.5902219900,126.9103776000,,,02-351-7944,서울특별시 은평구청,2026-02-26
신사2동,1,증산로17길 21-1,342-43,37.5902920000,126.9106520000,,,02-351-7944,서울특별시 은평구청,2026-02-26
신사2동,1,증산로17길 21-3,342-44,37.5901730000,126.9105170000,2018,,02-351-7944,서울특별시 은평구청,2026-02-26
신사2동,1,증산로17길 19,341-29,37.5903570000,126.9108430000,2013,,02-351-7944,서울특별시 은평구청,2026-02-26
신사2동,1,증산로17길 19,342-29,37.5903570000,126.9108430000,2007,,02-351-7944,서울특별시 은평구청,2026-02-26
신사2동,1,증산로17길 22,349-26,37.5904840000,126.9110110000,2018,,02-351-7944,서울특별시 은평구청,2026-02-26
신사2동,1,증산로17길 17,341-31,37.5902700000,126.9111840000,2007,,02-351-7944,서울특별시 은평구청,2026-02-26
신사2동,1,증산로17길 17-2,341-32,37.5901790000,126.9111630000,2019,,02-351-7944,서울특별시 은평구청,2026-02-26
신사2동,1,증산로17길 15,341-39,37.5903280000,126.9116130000,2007,,02-351-7944,서울특별시 은평구청,2026-02-26
신사2동,1,증산로17길 25,343-1,37.5904520000,126.9104450000,,,02-351-7944,서울특별시 은평구청,2026-02-26
신사2동,1,증산로17길 27,343-46,37.5904580000,126.9101620000,2013,,02-351-7944,서울특별시 은평구청,2026-02-26
신사2동,1,증산로17길 29,343-44,37.5904830000,126.9099580000,,,02-351-7944,서울특별시 은평구청,2026-02-26
신사2동,1,증산로17길 33,343-47,37.5906430000,126.9096730000,2013,,02-351-7944,서울특별시 은평구청,2026-02-26
신사2동,1,증산로17길 35-3,343-26,37.5905860000,126.9093790000,2016,,02-351-7944,서울특별시 은평구청,2026-02-26
신사2동,1,증산로17길 35,343-39,37.5907130000,126.9094340000,2013,,02-351-7944,서울특별시 은평구청,2026-02-26
신사2동,1,증산로17길 40-1,343-31,37.5904220000,126.9091440000,2011,,02-351-7944,서울특별시 은평구청,2026-02-26
신사2동,1,증산로17길 35-5,343-25,37.5904960000,126.9093460000,2010,,02-351-7944,서울특별시 은평구청,2026-02-26
신사2동,1,증산로17길 39-11,346-5,37.5901010000,126.9115150000,2019,,02-351-7944,서울특별시 은평구청,2026-02-26
신사2동,1,증산로15길 42-1,343-33,37.5904650000,126.9089390000,2007,,02-351-7944,서울특별시 은평구청,2026-02-26
신사2동,1,증산로17길 37-6,346-4,37.5907170000,126.9088560000,2016,,02-351-7944,서울특별시 은평구청,2026-02-26
신사2동,1,증산로17길 37,343-37,37.5909246800,126.9092327000,2018,,02-351-7944,서울특별시 은평구청,2026-02-26
신사2동,1,증산로17길 40,347-1,37.5897450000,126.9100370000,2008,,02-351-7944,서울특별시 은평구청,2026-02-26
신사2동,1,증산로17길 39,346-1,37.5908800000,126.9090010000,2013,,02-351-7944,서울특별시 은평구청,2026-02-26
신사2동,1,증산로17길 40-3,346-11,37.5908330000,126.9087640000,2008,,02-351-7944,서울특별시 은평구청,2026-02-26
신사2동,1,증산로17길 40-3,346-11,37.5908330000,126.9087640000,2007,,02-351-7944,서울특별시 은평구청,2026-02-26
신사2동,1,증산로17길 41-10,171-16,37.5910890000,126.9082510000,2007,,02-351-7944,서울특별시 은평구청,2026-02-26
신사2동,1,증산로17길 41-5,171-5,37.5909120000,126.9085820000,2007,,02-351-7944,서울특별시 은평구청,2026-02-26
신사2동,1,증산로17길 39,171-70,37.5910690000,126.9089300000,2013,,02-351-7944,서울특별시 은평구청,2026-02-26
신사2동,1,증산로17길 43,171-56,37.5910570000,126.9086360000,2011,,02-351-7944,서울특별시 은평구청,2026-02-26
신사2동,1,증산로17길 43-1,171-57,37.5910920000,126.9085220000,2011,,02-351-7944,서울특별시 은평구청,2026-02-26
신사2동,1,증산로17길 47,171-19,37.5912060000,126.9082150000,,,02-351-7944,서울특별시 은평구청,2026-02-26
신사2동,1,증산로15길 25-1,344-19,37.5895421400,126.9102009000,2007,,02-351-7944,서울특별시 은평구청,2026-02-26
신사2동,1,증산로15길 25,344-16,37.5895220000,126.9102550000,2014,,02-351-7944,서울특별시 은평구청,2026-02-26
신사2동,1,증산로15길 33-1,344-11,37.5899670000,126.9095920000,2015,,02-351-7944,서울특별시 은평구청,2026-02-26
신사2동,1,증산로15길 37,344-8,37.5902250000,126.9093160000,2014,,02-351-7944,서울특별시 은평구청,2026-02-26
신사2동,1,증산로17길 41,344-2,37.5902660000,126.9088970000,2011,,02-351-7944,서울특별시 은평구청,2026-02-26
신사2동,1,증산로17길 41-1,344-1,37.5901220000,126.9089100000,2016,,02-351-7944,서울특별시 은평구청,2026-02-26
신사2동,1,증산로17길 45,345-2,37.5901910000,126.9085470000,2011,,02-351-7944,서울특별시 은평구청,2026-02-26
신사2동,1,증산로15길 47,163-17,37.5903420000,126.9082500000,2011,,02-351-7944,서울특별시 은평구청,2026-02-26
신사2동,1,증산로15나길 51,142-1,37.5901810000,126.9074710000,2008,,02-351-7944,서울특별시 은평구청,2026-02-26
신사2동,1,증산로15길 55,142-1,37.5900370000,126.9074170000,2019,,02-351-7944,서울특별시 은평구청,2026-02-26
신사2동,1,증산로15길 55,141-1,37.5903790000,126.9074010000,2011,,02-351-7944,서울특별시 은평구청,2026-02-26
신사2동,1,증산로15길 61,141,37.5901810000,126.9074710000,2013,,02-351-7944,서울특별시 은평구청,2026-02-26
신사2동,1,증산로15길 51,142-1,37.5901810000,126.9074710000,,,02-351-7944,서울특별시 은평구청,2026-02-26
신사2동,1,증산로15길 55-1,142-3,37.5900710000,126.9072470000,2015,,02-351-7944,서울특별시 은평구청,2026-02-26
신사2동,1,증산로15길 61,141,37.5900370000,126.9065000000,2015,,02-351-7944,서울특별시 은평구청,2026-02-26
신사2동,1,증산로15길 61,141,37.5902874600,126.9069497000,,,02-351-7944,서울특별시 은평구청,2026-02-26
신사2동,1,증산로15길 61,141,37.5900370000,126.9065000000,2015,,02-351-7944,서울특별시 은평구청,2026-02-26
신사2동,1,증산로15길 58,143-3(월편),37.5905020000,126.9071040000,2016,,02-351-7944,서울특별시 은평구청,2026-02-26
신사2동,1,증산로15길 61,141,37.5900370000,126.9065000000,2013,,02-351-7944,서울특별시 은평구청,2026-02-26
신사2동,1,증산로15길 62-1,143-9(월편),37.5905700000,126.9066050000,2016,,02-351-7944,서울특별시 은평구청,2026-02-26
신사2동,1,증산로15길 61,141,37.5900370000,126.9065000000,2011,,02-351-7944,서울특별시 은평구청,2026-02-26
신사2동,1,증산로15길 61,141,37.5900370000,126.9065000000,2010,,02-351-7944,서울특별시 은평구청,2026-02-26
신사2동,1,증산로15길 61,141,37.5900370000,126.9065000000,2010,,02-351-7944,서울특별시 은평구청,2026-02-26
신사2동,1,증산로15길 70,163,37.5907600000,126.9057980000,2011,,02-351-7944,서울특별시 은평구청,2026-02-26
신사2동,1,증산로15길 1-1,164-1,37.5906550000,126.9060490000,2014,,02-351-7944,서울특별시 은평구청,2026-02-26
신사2동,1,증산로15길 70,163,37.5907600000,126.9057980000,2007,,02-351-7944,서울특별시 은평구청,2026-02-26
신사2동,1,증산로15길 70,163,37.5907348000,126.9057349000,,,02-351-7944,서울특별시 은평구청,2026-02-26
신사2동,1,증산로15길 72,185-7,37.5907850000,126.9055600000,2014,,02-351-7944,서울특별시 은평구청,2026-02-26
신사2동,1,증산로15길 69,151-1,37.5904620000,126.9056780000,2016,,02-351-7944,서울특별시 은평구청,2026-02-26
신사2동,1,증산로15길 67-6,150-,37.5902800000,126.9055110000,2016,,02-351-7944,서울특별시 은평구청,2026-02-26
신사2동,1,증산로15길 67-5,150,37.5902800000,126.9055110000,2016,,02-351-7944,서울특별시 은평구청,2026-02-26
신사2동,1,증산로15길 67-7,155-1,37.5897260000,126.9050320000,2016,,02-351-7944,서울특별시 은평구청,2026-02-26
신사2동,1,증산로15길 67-14,154-4,37.5901410000,126.9050600000,2016,,02-351-7944,서울특별시 은평구청,2026-02-26
신사2동,1,증산로15길 69-6,152-3,37.5904770000,126.9054060000,2019,,02-351-7944,서울특별시 은평구청,2026-02-26
신사2동,1,증산로15길 67-10,153-4,37.5902510000,126.9052740000,2019,,02-351-7944,서울특별시 은평구청,2026-02-26
신사2동,1,증산로15길 69-14,153-2,37.5903030000,126.9050690000,2007,,02-351-7944,서울특별시 은평구청,2026-02-26
신사2동,1,은평터널로 178-1,200-27,37.5945630000,126.9086980000,2007,,02-351-7944,서울특별시 은평구청,2026-02-26
신사2동,1,은평터널로 182-51,200-140,37.5942810000,126.9094500000,2019,,02-351-7944,서울특별시 은평구청,2026-02-26
신사2동,1,은평터널로 182-47,200-109,37.5943830000,126.9097430000,2007,,02-351-7944,서울특별시 은평구청,2026-02-26
신사2동,1,은평터널로 182-38,200-20,37.5957820000,126.9089860000,2008,,02-351-7944,서울특별시 은평구청,2026-02-26
신사2동,1,은평터널로 182-27,200-19,37.5957820000,126.9089860000,2016,,02-351-7944,서울특별시 은평구청,2026-02-26
신사2동,1,은평터널로 182-40,200-64,37.5946470000,126.9100780000,2016,,02-351-7944,서울특별시 은평구청,2026-02-26
신사2동,1,은평터널로 182-16,200-67,37.5946160000,126.9096030000,2016,,02-351-7944,서울특별시 은평구청,2026-02-26
신사2동,1,은평터널로 182-10,200-22,37.5946570000,126.9091950000,2016,,02-351-7944,서울특별시 은평구청,2026-02-26
신사2동,1,은평터널로 184,200-100,37.5949860000,126.9086690000,2007,,02-351-7944,서울특별시 은평구청,2026-02-26
신사2동,1,은평터널로 182-27,200-19,37.5947940000,126.9103480000,2020,,02-351-7944,서울특별시 은평구청,2026-02-26
신사2동,1,가좌로 305-3,200-111,37.5949280000,126.9102220000,2020,,02-351-7944,서울특별시 은평구청,2026-02-26
신사2동,1,가좌로 305,39-33,37.5950323100,126.9106963000,,,02-351-7944,서울특별시 은평구청,2026-02-26
신사2동,1,가좌로 309-5,200-80,37.5951500000,126.9098560000,2016,,02-351-7944,서울특별시 은평구청,2026-02-26
신사2동,1,은평터널로 188-13,200-84,37.5951360000,126.9093580000,2016,,02-351-7944,서울특별시 은평구청,2026-02-26
신사2동,1,은평터널로 192-8,200-85,37.5951890000,126.9092440000,2016,,02-351-7944,서울특별시 은평구청,2026-02-26
신사2동,1,은평터널로 186,200-97,37.5950490000,126.9087140000,2019,,02-351-7944,서울특별시 은평구청,2026-02-26
신사2동,1,은평터널로 192-4,200-174,37.5952680000,126.9089940000,2017,,02-351-7944,서울특별시 은평구청,2026-02-26
신사2동,1,은평터널로 192-8,200-85,37.5951890000,126.9092440000,2016,,02-351-7944,서울특별시 은평구청,2026-02-26
신사2동,1,은평터널로 192-7,40-26,37.5953970000,126.9092750000,2007,,02-351-7944,서울특별시 은평구청,2026-02-26
신사2동,1,은평터널로 192-3,40-24,37.5955723200,126.9090846000,,,02-351-7944,서울특별시 은평구청,2026-02-26
신사2동,1,가좌로 309-8,Jul-40,37.5953740000,126.9096940000,2020,,02-351-7944,서울특별시 은평구청,2026-02-26
신사2동,1,가좌로 305-6,200-17,37.5951250000,126.9100380000,2005,,02-351-7944,서울특별시 은평구청,2026-02-26
신사2동,1,은평터널로 188-15,200-83,37.5951460000,126.9094820000,2008,,02-351-7944,서울특별시 은평구청,2026-02-26
신사2동,1,가좌로 295,Apr-39,37.5943885500,126.9115407000,,,02-351-7944,서울특별시 은평구청,2026-02-26
신사2동,1,가좌로 295,Apr-39,37.5943885500,126.9115407000,,,02-351-7944,서울특별시 은평구청,2026-02-26
신사2동,1,은평터널로 121-18,307-12,37.5898310000,126.9037630000,2011,,02-351-7944,서울특별시 은평구청,2026-02-26
신사2동,1,은평터널로 121-18,307-12,37.5898310000,126.9037630000,2016,,02-351-7944,서울특별시 은평구청,2026-02-26
신사2동,1,은평터널로 121-12,307-11,37.5900580000,126.9039400000,2019,,02-351-7944,서울특별시 은평구청,2026-02-26
신사2동,1,은평터널로 121-8,307-2,37.5902220000,126.9040850000,2008,,02-351-7944,서울특별시 은평구청,2026-02-26
신사2동,1,은평터널로 121,156,37.5918680000,126.9115570000,2019,,02-351-7944,서울특별시 은평구청,2026-02-26
신사2동,1,은평터널로 126,156-1,37.5904900000,126.9048510000,2018,,02-351-7944,서울특별시 은평구청,2026-02-26
신사2동,1,은평터널로 123,157-1,37.5905160000,126.9047600000,2018,,02-351-7944,서울특별시 은평구청,2026-02-26
신사2동,1,은평터널로 129,187-1,37.5910192000,126.9052404000,,,02-351-7944,서울특별시 은평구청,2026-02-26
신사2동,1,은평터널로 127-2,188-,37.5909890000,126.9051500000,2019,,02-351-7944,서울특별시 은평구청,2026-02-26
신사2동,1,은평터널로 127-3,159-3,37.5908779800,126.9049275000,,,02-351-7944,서울특별시 은평구청,2026-02-26
신사2동,1,은평터널로5길 11-13,184-58,37.5910480000,126.9047980000,2018,,02-351-7944,서울특별시 은평구청,2026-02-26
신사2동,1,은평터널로5길 3,184-60,37.5914750000,126.9051650000,2019,,02-351-7944,서울특별시 은평구청,2026-02-26
신사2동,1,은평터널로5길 37,184-60,37.5911608900,126.9031107000,2021,,02-351-7944,서울특별시 은평구청,2026-02-26
신사2동,1,은평터널로 6,184-56,37.5918100000,126.9053530000,2007,,02-351-7944,서울특별시 은평구청,2026-02-26
신사2동,1,은평터널로5길 7-3,184-12,37.5909240000,126.9050150000,2008,,02-351-7944,서울특별시 은평구청,2026-02-26
신사2동,1,은평터널로5길 7-8,189-8,37.5912570000,126.9049190000,2007,,02-351-7944,서울특별시 은평구청,2026-02-26
신사2동,1,은평터널로5길 7-6,189-12,37.5913820000,126.9048610000,2019,,02-351-7944,서울특별시 은평구청,2026-02-26
신사2동,1,은평터널로5길 7,184-5,37.5914470000,126.9049960000,2019,,02-351-7944,서울특별시 은평구청,2026-02-26
신사2동,1,은평터널로5길 7,184-5,37.5915561500,126.9049365000,2020,,02-351-7944,서울특별시 은평구청,2026-02-26
신사2동,1,은평터널로5길 4,184-1,37.5916040000,126.9054120000,2007,,02-351-7944,서울특별시 은평구청,2026-02-26
신사2동,1,은평터널로5길 143-15,183-8,37.5916060000,126.9056160000,2008,,02-351-7944,서울특별시 은평구청,2026-02-26
신사2동,1,은평터널로5길 143-7,183-5,37.5917670000,126.9055800000,2019,,02-351-7944,서울특별시 은평구청,2026-02-26
신사2동,1,은평터널로5길 143-5,183-10,37.5918950000,126.9056910000,2007,,02-351-7944,서울특별시 은평구청,2026-02-26
신사2동,1,은평터널로5길 143,180-4,37.5918160000,126.9059080000,2007,,02-351-7944,서울특별시 은평구청,2026-02-26
신사2동,1,은평터널로5길 10,184-65,37.5916780000,126.9046410000,2019,,02-351-7944,서울특별시 은평구청,2026-02-26
신사2동,1,은평터널로5길 10,184-65,37.5916780000,126.9046410000,2018,,02-351-7944,서울특별시 은평구청,2026-02-26
신사2동,1,은평터널로5길 11-3,189-14,37.5914483800,126.9046317000,,,02-351-7944,서울특별시 은평구청,2026-02-26
신사2동,1,은평터널로5길 11-7,189-11,37.5913630000,126.9047140000,2018,,02-351-7944,서울특별시 은평구청,2026-02-26
신사2동,1,은평터널로5길 16,300-150,37.5916900000,126.9040520000,2019,,02-351-7944,서울특별시 은평구청,2026-02-26
신사2동,1,은평터널로5길 11,184-16,37.5915480000,126.9042580000,2019,,02-351-7944,서울특별시 은평구청,2026-02-26
신사2동,1,은평터널로5길 11-10,184-22,37.5911871300,126.9046452000,,,02-351-7944,서울특별시 은평구청,2026-02-26
신사2동,1,은평터널로5길 11,184-16,37.5913510000,126.9043740000,2019,,02-351-7944,서울특별시 은평구청,2026-02-26
신사2동,1,은평터널로5길 15-3,184-50,37.5912850000,126.9040360000,2007,,02-351-7944,서울특별시 은평구청,2026-02-26
신사2동,1,은평터널로5길 15-5,184-50,37.5913460000,126.9038200000,2019,,02-351-7944,서울특별시 은평구청,2026-02-26
신사2동,1,은평터널로5길 15-10,184-35,37.5912650000,126.9039110000,2016,,02-351-7944,서울특별시 은평구청,2026-02-26
신사2동,1,은평터널로5길 16,300-150,37.5916900000,126.9040520000,2018,,02-351-7944,서울특별시 은평구청,2026-02-26
신사2동,1,은평터널로5길 19,300-57,37.5914900000,126.9037840000,2017,,02-351-7944,서울특별시 은평구청,2026-02-26
신사2동,1,은평터널로5길 24,300-43,37.5913410000,126.9033670000,2017,,02-351-7944,서울특별시 은평구청,2026-02-26
신사2동,1,은평터널로5길 28,300-53,37.5910740000,126.9037100000,2019,,02-351-7944,서울특별시 은평구청,2026-02-26
신사2동,1,은평터널로5길 30,300-52,37.5909750000,126.9037000000,2019,,02-351-7944,서울특별시 은평구청,2026-02-26
신사2동,1,은평터널로5길32,300-49,37.5909011300,126.9036261000,2021,,02-351-7944,서울특별시 은평구청,2026-02-26
신사2동,1,은평터널로5길 34,300-48,37.5908470000,126.9034310000,2017,,02-351-7944,서울특별시 은평구청,2026-02-26
신사2동,1,은평터널로5길 33,300-71,37.5907180000,126.9032290000,2017,,02-351-7944,서울특별시 은평구청,2026-02-26
신사2동,1,은평터널로5길 26-2,300-45,37.5911162600,126.9034890000,,,02-351-7944,서울특별시 은평구청,2026-02-26
신사2동,1,은평터널로5길 37,300-37,37.5911608900,126.9031107000,2021,,02-351-7944,서울특별시 은평구청,2026-02-26
신사2동,1,은평터널로5길 37,300-37,37.5911680000,126.9030860000,2017,,02-351-7944,서울특별시 은평구청,2026-02-26
신사2동,1,은평터널로5길 37-9,300-31,37.5910120000,126.9027710000,2017,,02-351-7944,서울특별시 은평구청,2026-02-26
신사2동,1,은평터널로5길 37-7,300-76,37.5909400000,126.9028290000,2019,,02-351-7944,서울특별시 은평구청,2026-02-26
신사2동,1,은평터널로5길 37-15,300-28,37.5912990000,126.9026880000,2019,,02-351-7944,서울특별시 은평구청,2026-02-26
신사2동,1,은평터널로5길 37-19,300-25,37.5914924600,126.9028948000,,,02-351-7944,서울특별시 은평구청,2026-02-26
신사2동,1,은평터널로5길 37-19,300-26,37.5915350000,126.9028880000,2019,,02-351-7944,서울특별시 은평구청,2026-02-26
신사2동,1,은평터널로5길 22-4,300-23,37.5915840000,126.9033180000,2018,,02-351-7944,서울특별시 은평구청,2026-02-26
신사2동,1,은평터널로5길 20,300-17,37.5915970000,126.9037140000,2018,,02-351-7944,서울특별시 은평구청,2026-02-26
신사2동,1,은평터널로13길 4,226-5,37.5958570000,126.9084080000,2008,,02-351-7944,서울특별시 은평구청,2026-02-26
신사2동,1,가좌로 327-9,228-19,37.5957870000,126.9086010000,2019,,02-351-7944,서울특별시 은평구청,2026-02-26
신사2동,1,가좌로 327-5,41-25,37.5961750000,126.9086750000,2019,,02-351-7944,서울특별시 은평구청,2026-02-26
신사2동,1,가좌로 327-15,228-16,37.5962000000,126.9084140000,2019,,02-351-7944,서울특별시 은평구청,2026-02-26
신사2동,1,가좌로 327-15,228-16,37.5960810000,126.9081890000,2014,,02-351-7944,서울특별시 은평구청,2026-02-26
신사2동,1,가좌로 333-5,228-15,37.5922400000,126.9050750000,,,02-351-7944,서울특별시 은평구청,2026-02-26
신사2동,1,가좌로 333,228-22,37.5965974600,126.9083187000,2019,,02-351-7944,서울특별시 은평구청,2026-02-26
신사2동,1,가좌로 339,229-24,37.5969130000,126.9075880000,2016,,02-351-7944,서울특별시 은평구청,2026-02-26
신사2동,1,가좌로 4-11,229-26,37.5967070000,126.9076820000,2016,,02-351-7944,서울특별시 은평구청,2026-02-26
신사2동,1,가좌로11길 5,230-4,37.5963460000,126.9076980000,2008,,02-351-7944,서울특별시 은평구청,2026-02-26
신사2동,1,가좌로11길 5-3,229-12,37.5961200000,126.9075770000,2019,,02-351-7944,서울특별시 은평구청,2026-02-26
신사2동,1,가좌로11길 5-8,233-19,37.5960010000,126.9073520000,2016,,02-351-7944,서울특별시 은평구청,2026-02-26
신사2동,1,가좌로11길 5-12,233-16,37.5959530000,126.9071040000,2006,,02-351-7944,서울특별시 은평구청,2026-02-26
신사2동,1,가좌로11길 5-6,233-1,37.5961170000,126.9073050000,2017,,02-351-7944,서울특별시 은평구청,2026-02-26
신사2동,1,가좌로11길 10,237-295,37.5963230000,126.9071660000,2007,,02-351-7944,서울특별시 은평구청,2026-02-26
신사2동,1,가좌로11가길 4-1,229-32,37.5967500000,126.9074890000,2007,,02-351-7944,서울특별시 은평구청,2026-02-26
신사2동,1,가좌로11가길5,235-5,37.5968238200,126.9071624000,,,02-351-7944,서울특별시 은평구청,2026-02-26
신사2동,1,가좌로11가길 8,242-10,37.5970080000,126.9071560000,2016,,02-351-7944,서울특별시 은평구청,2026-02-26
신사2동,1,가좌로 345,242,37.5972970000,126.9062690000,2008,,02-351-7944,서울특별시 은평구청,2026-02-26
신사2동,1,가좌로11가길 13,236-3,37.5972064100,126.9063890000,,,02-351-7944,서울특별시 은평구청,2026-02-26
신사2동,1,가좌로11가길 12-4,241-,37.5973700000,126.9064040000,2014,,02-351-7944,서울특별시 은평구청,2026-02-26
신사2동,1,가좌로11가길 16-6,236-11,37.5974580000,126.9060850000,2007,,02-351-7944,서울특별시 은평구청,2026-02-26
신사2동,1,가좌로11가길 16-6,236-11,37.5974580000,126.9060850000,2007,,02-351-7944,서울특별시 은평구청,2026-02-26
신사2동,1,가좌로11가길 16-6,236-11,37.5974209200,126.9060671000,2024,,02-351-7944,서울특별시 은평구청,2026-02-26
신사2동,1,가좌로11가길 12-10,241-8,37.5975920000,126.9059930000,2007,,02-351-7944,서울특별시 은평구청,2026-02-26
신사2동,1,은평터널로7길 45-1,300-105,37.5927460000,126.9013190000,2007,,02-351-7944,서울특별시 은평구청,2026-02-26
신사2동,1,가좌로11가길 12-11,240-1,37.5975810500,126.9059233000,2024,,02-351-7944,서울특별시 은평구청,2026-02-26
신사2동,1,가좌로 361,238-2,37.5974958500,126.9052358000,,,02-351-7944,서울특별시 은평구청,2026-02-26
신사2동,1,가좌로 361,238-2,37.5974958500,126.9052358000,,,02-351-7944,서울특별시 은평구청,2026-02-26
신사2동,1,가좌로 361,238-2,37.5974958500,126.9052358000,,,02-351-7944,서울특별시 은평구청,2026-02-26
신사2동,1,가좌로11가길 22-4,237-62,37.5970280000,126.9054120000,,,02-351-7944,서울특별시 은평구청,2026-02-26
신사2동,1,가좌로 361,238-2,37.5974958500,126.9052358000,,,02-351-7944,서울특별시 은평구청,2026-02-26
신사2동,1,가좌로 361,238-2,37.5974958500,126.9052358000,,,02-351-7944,서울특별시 은평구청,2026-02-26
신사2동,1,가좌로11가길 26-4,237-54,37.5972610000,126.9052500000,2005,,02-351-7944,서울특별시 은평구청,2026-02-26
신사2동,1,가좌로 361,238-2,37.5974958500,126.9052358000,,,02-351-7944,서울특별시 은평구청,2026-02-26
신사2동,1,가좌로11가길 361,238-2,37.5977540000,126.9050390000,2007,,02-351-7944,서울특별시 은평구청,2026-02-26
신사2동,1,가좌로11가길 34-12,238,37.5973206200,126.9041975000,,,02-351-7944,서울특별시 은평구청,2026-02-26
신사2동,1,가좌로11가길 38-9,237-10,37.5971367500,126.9037876000,,,02-351-7944,서울특별시 은평구청,2026-02-26
신사2동,1,가좌로11가길 40-9,237-2,37.5967990000,126.9060160000,2014,,02-351-7944,서울특별시 은평구청,2026-02-26
신사2동,1,가좌로11가길 40-9,237-2,37.5970945000,126.9034727000,,,02-351-7944,서울특별시 은평구청,2026-02-26
신사2동,1,가좌로11가길 38-8,237-18,37.5970590000,126.9039400000,2006,,02-351-7944,서울특별시 은평구청,2026-02-26
신사2동,1,가좌로11가길 34-9,237-21,37.5971140000,126.9040410000,2014,,02-351-7944,서울특별시 은평구청,2026-02-26
신사2동,1,가좌로11가길 34-5,237-22,37.5970973700,126.9041284000,,,02-351-7944,서울특별시 은평구청,2026-02-26
신사2동,1,가좌로11나길 3-6,237-284,37.5964270000,126.9066780000,2014,,02-351-7944,서울특별시 은평구청,2026-02-26
신사2동,1,가좌로11가길 4,235-6,37.5965480000,126.9070500000,2007,,02-351-7944,서울특별시 은평구청,2026-02-26
신사2동,1,가좌로11길 14-8,237-282,37.5960870000,126.9050300000,,,02-351-7944,서울특별시 은평구청,2026-02-26
신사2동,1,가좌로11길 12,237-294,37.5963670000,126.9070410000,2008,,02-351-7944,서울특별시 은평구청,2026-02-26
신사2동,1,가좌로11길 9-1,233-15,37.5960350000,126.9071480000,2017,,02-351-7944,서울특별시 은평구청,2026-02-26
신사2동,1,가좌로11길 14,237-291,37.5962030000,126.9067830000,2006,,02-351-7944,서울특별시 은평구청,2026-02-26
신사2동,1,가좌로11길 13-5,237-307,37.5958160000,126.9068790000,2019,,02-351-7944,서울특별시 은평구청,2026-02-26
신사2동,1,가좌로11길 14,237-291,37.5962338000,126.9067979000,2018,,02-351-7944,서울특별시 은평구청,2026-02-26
신사2동,1,가좌로11길 16-1,237-271,37.5961697100,126.9065010000,,,02-351-7944,서울특별시 은평구청,2026-02-26
신사2동,1,은평터널로13길 4-10,226-1,37.5959990000,126.9080880000,2010,,02-351-7944,서울특별시 은평구청,2026-02-26
신사2동,1,은평터널로13길 4-14,227-4,37.5961060000,126.9079740000,2017,,02-351-7944,서울특별시 은평구청,2026-02-26
신사2동,1,가좌로11길 5-18,231-3,37.5957500000,126.9075600000,2016,,02-351-7944,서울특별시 은평구청,2026-02-26
신사2동,1,가좌로11나길 34,237-176,37.5960005400,126.9043035000,,,02-351-7944,서울특별시 은평구청,2026-02-26
신사2동,1,가좌로11나길 33,237-180,37.5958738300,126.9042418000,,,02-351-7944,서울특별시 은평구청,2026-02-26
신사2동,1,가좌로11나길 34,237-176,37.5959550000,126.9043180000,2009,,02-351-7944,서울특별시 은평구청,2026-02-26
신사2동,1,가좌로11나길 31-3,237-186,37.5958850000,126.9045800000,2007,,02-351-7944,서울특별시 은평구청,2026-02-26
신사2동,1,가좌로11길 31-10,237-364,,,,,02-351-7944,서울특별시 은평구청,2026-02-26
신사2동,1,가좌로11나길 28-2,237-172,37.5961830000,126.9046550000,2007,,02-351-7944,서울특별시 은평구청,2026-02-26
신사2동,1,가좌로11길 30-9,237-191,37.5957240000,126.9047630000,2008,,02-351-7944,서울특별시 은평구청,2026-02-26
신사2동,1,가좌로11길 30-1,237-196,37.5955010000,126.9049820000,2007,,02-351-7944,서울특별시 은평구청,2026-02-26
신사2동,1,가좌로11길 33-2,237-369,37.5952110000,126.9048270000,2014,,02-351-7944,서울특별시 은평구청,2026-02-26
신사2동,1,가좌로11길 29-2,237-359,37.5954230000,126.9052880000,2014,,02-351-7944,서울특별시 은평구청,2026-02-26
신사2동,1,가좌로11길 29-3,237-355,37.5953880000,126.9054360000,2007,,02-351-7944,서울특별시 은평구청,2026-02-26
신사2동,1,가좌로11길 26-1,237-223,37.5956680000,126.9054770000,2007,,02-351-7944,서울특별시 은평구청,2026-02-26
신사2동,1,가좌로11길 27-1,237-348,37.5955260000,126.9056830000,2019,,02-351-7944,서울특별시 은평구청,2026-02-26
신사2동,1,가좌로11길 26,237-224,37.5957628100,126.9056431000,2019,,02-351-7944,서울특별시 은평구청,2026-02-26
신사2동,1,가좌로11길 24-7,237-227,37.5960828000,126.9055974000,,,02-351-7944,서울특별시 은평구청,2026-02-26
신사2동,1,가좌로11나길 23,237-231,37.5958590000,126.9057010000,,,02-351-7944,서울특별시 은평구청,2026-02-26
신사2동,1,가좌로11나길 24-1,237-167,37.5962940000,126.9049810000,2008,,02-351-7944,서울특별시 은평구청,2026-02-26
신사2동,1,가좌로11나길 25-1,237-215,37.5960870000,126.9050300000,2008,,02-351-7944,서울특별시 은평구청,2026-02-26
신사2동,1,가좌로11길 28-10,237-212,37.5959630000,126.9051790000,2007,,02-351-7944,서울특별시 은평구청,2026-02-26
신사2동,1,가좌로11길 28-3,237-210,37.5957010000,126.9051830000,2014,,02-351-7944,서울특별시 은평구청,2026-02-26
신사2동,1,가좌로11길 28-6,237-483,37.5957451800,126.9052840000,,,02-351-7944,서울특별시 은평구청,2026-02-26
신사2동,1,가좌로11가길 22,237-117,37.5964140000,126.9052970000,2006,,02-351-7944,서울특별시 은평구청,2026-02-26
신사2동,1,가좌로11길 24-9,237-235,37.5961280000,126.9055500000,2007,,02-351-7944,서울특별시 은평구청,2026-02-26
신사2동,1,가좌로11길 24-2,237-238,37.5958590000,126.9057010000,2006,,02-351-7944,서울특별시 은평구청,2026-02-26
신사2동,1,가좌로11가길 27-11,237-115,37.5965519600,126.9053770000,,,02-351-7944,서울특별시 은평구청,2026-02-26
신사2동,1,가좌로11가길 27-8,237-121,37.5966910000,126.9050770000,2006,,02-351-7944,서울특별시 은평구청,2026-02-26
신사2동,1,가좌로11가길 28,237-44,37.5970140000,126.9048580000,2007,,02-351-7944,서울특별시 은평구청,2026-02-26
신사2동,1,가좌로11가길 30,237-42,37.5954230000,126.9052880000,2014,,02-351-7944,서울특별시 은평구청,2026-02-26
신사2동,1,가좌로11가길 32-1,237-35,37.5968380000,126.9044070000,2007,,02-351-7944,서울특별시 은평구청,2026-02-26
신사2동,1,은평터널로13길 6-1,225-8,37.5956740000,126.9081040000,2019,,02-351-7944,서울특별시 은평구청,2026-02-26
신사2동,1,은터널로13길 8,225-2,,,,,02-351-7944,서울특별시 은평구청,2026-02-26
신사2동,1,은평터널로13길 9,243-,37.5946280000,126.9050620000,2016,,02-351-7944,서울특별시 은평구청,2026-02-26
신사2동,1,은평터널로13길 13,232-6,37.5955610000,126.9075740000,2019,,02-351-7944,서울특별시 은평구청,2026-02-26
신사2동,1,은평터널로13길 14,211-11,37.5954780000,126.9073150000,2019,,02-351-7944,서울특별시 은평구청,2026-02-26
신사2동,1,은평터널로13길 14-2,231-6,37.5957750000,126.9073100000,2007,,02-351-7944,서울특별시 은평구청,2026-02-26
신사2동,1,은평터널로13길 14-8,233-9,37.5957720000,126.9069930000,2008,,02-351-7944,서울특별시 은평구청,2026-02-26
신사2동,1,은평터널로13길 18,233-14,37.5955280000,126.9069180000,2019,,02-351-7944,서울특별시 은평구청,2026-02-26
신사2동,1,은평터널로13길 18-1,234-6,37.5952730000,126.9066500000,2019,,02-351-7944,서울특별시 은평구청,2026-02-26
신사2동,1,은평터널로13길 9-19,208-15,37.5952050000,126.9070240000,2019,,02-351-7944,서울특별시 은평구청,2026-02-26
신사2동,1,은평터널로13길 9-19,208-15,37.5951240000,126.9070710000,2006,,02-351-7944,서울특별시 은평구청,2026-02-26
신사2동,1,은평터널로13길 9-13,208-13,37.5952610000,126.9072270000,2008,,02-351-7944,서울특별시 은평구청,2026-02-26
신사2동,1,은평터널로13길 9-7,208-2,37.5952100000,126.9076360000,2019,,02-351-7944,서울특별시 은평구청,2026-02-26
신사2동,1,은평터널로13길,208-,37.5952750000,126.9078160000,2018,,02-351-7944,서울특별시 은평구청,2026-02-26
신사2동,1,은평터널로11길 4,204-1,37.5951960000,126.9080320000,2018,,02-351-7944,서울특별시 은평구청,2026-02-26
신사2동,1,은평터널로13길 9-7,208-2,37.5952100000,126.9076360000,2019,,02-351-7944,서울특별시 은평구청,2026-02-26
신사2동,1,은평터널로 187-8,222-10,37.5953680000,126.9081090000,2019,,02-351-7944,서울특별시 은평구청,2026-02-26
신사2동,1,은평터널로 189,222-5,37.5955060000,126.9084580000,2019,,02-351-7944,서울특별시 은평구청,2026-02-26
신사2동,1,은평터널로11길 2,204-8,37.5951890000,126.9082810000,2009,,02-351-7944,서울특별시 은평구청,2026-02-26
신사2동,1,은평터널로11길 5-2,201-1,37.5947980000,126.9078340000,2008,,02-351-7944,서울특별시 은평구청,2026-02-26
신사2동,1,은평터널로11길 10,208-19,37.5950370000,126.9074460000,2019,,02-351-7944,서울특별시 은평구청,2026-02-26
신사2동,1,은평터널로11길 11,208-11,37.5948460000,126.9072220000,2007,,02-351-7944,서울특별시 은평구청,2026-02-26
신사2동,1,은평터널로11길 11,208-11,37.5948460000,126.9072220000,2007,,02-351-7944,서울특별시 은평구청,2026-02-26
신사2동,1,은평터널로11길 14,237-371,37.5949890000,126.9070500000,2017,,02-351-7944,서울특별시 은평구청,2026-02-26
신사2동,1,은평터널로11길 16-1,237-386,37.5950040000,126.9067890000,2019,,02-351-7944,서울특별시 은평구청,2026-02-26
신사2동,1,은평터널로11길 14-3,208-7,37.5949510000,126.9068690000,2019,,02-351-7944,서울특별시 은평구청,2026-02-26
신사2동,1,은평터널로11길 16,237-372,37.5949184600,126.9068692000,,,02-351-7944,서울특별시 은평구청,2026-02-26
신사2동,1,은평터널로9가길 14-6,209-19,37.5951090000,126.9064140000,2007,,02-351-7944,서울특별시 은평구청,2026-02-26
신사2동,1,은평터널로9가길 14-4,209-18,37.5950880000,126.9061430000,2019,,02-351-7944,서울특별시 은평구청,2026-02-26
신사2동,1,은평터널로9가길 14,209-9,37.5951140000,126.9060180000,2019,,02-351-7944,서울특별시 은평구청,2026-02-26
신사2동,1,은평터널로9가길 11-1,237-486,37.5951660000,126.9057110000,2019,,02-351-7944,서울특별시 은평구청,2026-02-26
신사2동,1,가좌로11길 16-7,237-268,37.5963162400,126.9063832000,,,02-351-7944,서울특별시 은평구청,2026-02-26
신사2동,1,가좌로11길 18,237-261,37.5960360000,126.9063440000,2008,,02-351-7944,서울특별시 은평구청,2026-02-26
신사2동,1,가좌로11길 17-3,237-313,37.5958590000,126.9066750000,2006,,02-351-7944,서울특별시 은평구청,2026-02-26
신사2동,1,은평터널로13길 18-1,234-6,37.5955911500,126.9067257000,2019,,02-351-7944,서울특별시 은평구청,2026-02-26
신사2동,1,가좌로11길 19-7,237-322,37.5955960000,126.9064640000,2017,,02-351-7944,서울특별시 은평구청,2026-02-26
신사2동,1,가좌로11길 19-3,237-320,37.5958390000,126.9064600000,2016,,02-351-7944,서울특별시 은평구청,2026-02-26
신사2동,1,가좌로11길 21,237-337,37.5958670100,126.9061062000,,,02-351-7944,서울특별시 은평구청,2026-02-26
신사2동,1,가좌로11길 18-3,237-259,37.5960710000,126.9061510000,2014,,02-351-7944,서울특별시 은평구청,2026-02-26
신사2동,1,가좌로11가길 15-1,237-265,37.5964310000,126.9061000000,2007,,02-351-7944,서울특별시 은평구청,2026-02-26
신사2동,1,가좌로11가길 22-7,237-247,37.5962030000,126.9058210000,2007,,02-351-7944,서울특별시 은평구청,2026-02-26
신사2동,1,가좌로11가길 20,237-104,37.5965070000,126.9055670000,2006,,02-351-7944,서울특별시 은평구청,2026-02-26
신사2동,1,가좌로11가길 23-5,237-100,37.5967860000,126.9055180000,2007,,02-351-7944,서울특별시 은평구청,2026-02-26
신사2동,1,가좌로11가길 26-4,237-51,37.5972772400,126.9052539000,,,02-351-7944,서울특별시 은평구청,2026-02-26
신사2동,1,가좌로11가길 24,237-58,37.5970280000,126.9054120000,2005,,02-351-7944,서울특별시 은평구청,2026-02-26
신사2동,1,가좌로11가길 13-11,237-85,37.5899670000,126.9095920000,2015,,02-351-7944,서울특별시 은평구청,2026-02-26
신사2동,1,가좌로11가길 13-15,237-87,37.5967710000,126.9058690000,2001,,02-351-7944,서울특별시 은평구청,2026-02-26
신사2동,1,은평터널로7가길 20-15,300-114,37.5921453400,126.9017022000,,,02-351-7944,서울특별시 은평구청,2026-02-26
신사2동,1,가좌로11가길 21-11,237-90,37.5967170000,126.9058470000,2008,,02-351-7944,서울특별시 은평구청,2026-02-26
신사2동,1,가좌로11나길 10-2,236-24,37.5956680000,126.9054770000,2007,,02-351-7944,서울특별시 은평구청,2026-02-26
신사2동,1,가좌로11가길 16,236-13,37.5972970000,126.9062690000,2008,,02-351-7944,서울특별시 은평구청,2026-02-26
신사2동,1,가좌로11가길 18-1,237-70,37.5972120000,126.9058620000,2010,,02-351-7944,서울특별시 은평구청,2026-02-26
신사2동,1,가좌로11가길 20,237-67,37.5971233100,126.9056750000,,,02-351-7944,서울특별시 은평구청,2026-02-26
신사2동,1,가좌로11가길 20-5,237-64,37.5973920100,126.9056286000,,,02-351-7944,서울특별시 은평구청,2026-02-26
신사2동,1,가좌로11가길 18,236-32,37.5965630000,126.9058040000,2002,,02-351-7944,서울특별시 은평구청,2026-02-26
신사2동,1,가좌로11가길 16,236-91,37.5966830000,126.9060630000,2008,,02-351-7944,서울특별시 은평구청,2026-02-26
신사2동,1,가좌로11나길 12,236-29,37.5967480000,126.9062660000,2014,,02-351-7944,서울특별시 은평구청,2026-02-26
신사2동,1,가좌로11나길 8-1,235-22,37.5966790000,126.9066290000,2005,,02-351-7944,서울특별시 은평구청,2026-02-26
신사2동,1,가좌로11가길 8,235-8,37.5965630000,126.9067330000,2008,,02-351-7944,서울특별시 은평구청,2026-02-26
신사2동,1,은평터널로9가길 15,237-342,37.5953110000,126.9058000000,2019,,02-351-7944,서울특별시 은평구청,2026-02-26
신사2동,1,은평터널로13길 25,209-14,37.5953784400,126.9061378000,,,02-351-7944,서울특별시 은평구청,2026-02-26
신사2동,1,가좌로11길 25,237-346,37.5957638000,126.9058290000,,,02-351-7944,서울특별시 은평구청,2026-02-26
신사2동,1,은평터널로13길 21,209-16,37.5953765700,126.9064552000,,,02-351-7944,서울특별시 은평구청,2026-02-26
신사2동,1,은평터널로 169-21,200-14,37.5957820000,126.9089860000,2019,,02-351-7944,서울특별시 은평구청,2026-02-26
신사2동,1,은평터널로 173-13,200-88,37.5942980000,126.9073430000,2019,,02-351-7944,서울특별시 은평구청,2026-02-26
신사2동,1,은평터널로 169-13,200-52,37.5940590000,126.9069050000,2019,,02-351-7944,서울특별시 은평구청,2026-02-26
신사2동,1,은평터널로 169-14,200-116,37.5942853300,126.9069377000,,,02-351-7944,서울특별시 은평구청,2026-02-26
신사2동,1,은평터널로 169-21,200-14,37.5943035000,126.9065750000,2019,,02-351-7944,서울특별시 은평구청,2026-02-26
신사2동,1,은평터널로 169-26,200-150,37.5944960000,126.9064230000,2008,,02-351-7944,서울특별시 은평구청,2026-02-26
신사2동,1,은평터널로 169-23,200-16,37.5943113100,126.9064303000,,,02-351-7944,서울특별시 은평구청,2026-02-26
신사2동,1,은평터널로9가길 5,237-409,37.5971370000,126.9045160000,2019,,02-351-7944,서울특별시 은평구청,2026-02-26
신사2동,1,은평터널로 169,200-137,37.5939951600,126.9077999000,2021,,02-351-7944,서울특별시 은평구청,2026-02-26
신사2동,1,은평터널로7길 7-17,184-3,37.5919324100,126.9050298000,,,02-351-7944,서울특별시 은평구청,2026-02-26
신사2동,1,은평터널로5길 10,184-65,37.5916780000,126.9046410000,2019,,02-351-7944,서울특별시 은평구청,2026-02-26
신사2동,1,은평터널로5길 10,184-65,37.5916528400,126.9047235000,2021,,02-351-7944,서울특별시 은평구청,2026-02-26
신사2동,1,은평터널로7길 7-12,190-2,37.5920850000,126.9048390000,2007,,02-351-7944,서울특별시 은평구청,2026-02-26
신사2동,1,은평터널로7길 7-20,190-6,37.5918760000,126.9046610000,2006,,02-351-7944,서울특별시 은평구청,2026-02-26
신사2동,1,은평터널로5길 10,184-65,37.5916780000,126.9046410000,2019,,02-351-7944,서울특별시 은평구청,2026-02-26
신사2동,1,은평터널로7길 19-2,302-,37.5920320000,126.9040020000,2007,,02-351-7944,서울특별시 은평구청,2026-02-26
신사2동,1,가좌로11가길 29-3,237-123,37.5952110000,126.9048270000,2014,,02-351-7944,서울특별시 은평구청,2026-02-26
신사2동,1,가좌로11가길 29-9,237-129,37.5965740000,126.9050340000,2014,,02-351-7944,서울특별시 은평구청,2026-02-26
신사2동,1,가좌로11가길 29-13,237-131,37.5964363700,126.9051132000,,,02-351-7944,서울특별시 은평구청,2026-02-26
신사2동,1,가좌로11가길 29-2,237-161,37.5967130000,126.9045340000,2007,,02-351-7944,서울특별시 은평구청,2026-02-26
신사2동,1,가좌로11가길 31-7,237-162,37.5966340000,126.9046930000,2007,,02-351-7944,서울특별시 은평구청,2026-02-26
신사2동,1,가좌로11가길 31-11,237-164,37.5964629800,126.9047590000,,,02-351-7944,서울특별시 은평구청,2026-02-26
신사2동,1,가좌로11나길 30,237-173,37.5961061300,126.9046480000,,,02-351-7944,서울특별시 은평구청,2026-02-26
신사2동,1,가좌로11가길 33-1,237-135,37.5966560000,126.9042170000,2008,,02-351-7944,서울특별시 은평구청,2026-02-26
신사2동,1,가좌로11가길 37-7,237-141,37.5965493000,126.9039394000,,,02-351-7944,서울특별시 은평구청,2026-02-26
신사2동,1,가좌로11가길 37-6,237-147,37.5964260000,126.9036320000,2008,,02-351-7944,서울특별시 은평구청,2026-02-26
신사2동,1,가좌로11가길 40-1,237-5,37.5966950000,126.9035710000,2007,,02-351-7944,서울특별시 은평구청,2026-02-26
신사2동,1,가좌로11가길 38,237-15,37.5967710000,126.9039890000,2007,,02-351-7944,서울특별시 은평구청,2026-02-26
신사2동,1,가좌로11가길 33-1,237-135,37.5964270000,126.9066780000,2014,,02-351-7944,서울특별시 은평구청,2026-02-26
신사2동,1,가좌로11가길 32-5,237-33,37.5970000000,126.9043590000,2007,,02-351-7944,서울특별시 은평구청,2026-02-26
신사2동,1,은평터널로7길 7,191-40,37.5921740000,126.9057210000,2013,,02-351-7944,서울특별시 은평구청,2026-02-26
신사2동,1,은평터널로7길 5,191-1,37.5921777900,126.9058027000,2018,,02-351-7944,서울특별시 은평구청,2026-02-26
신사2동,1,은평터널로7길 3,191-38,37.5921760000,126.9058680000,2013,,02-351-7944,서울특별시 은평구청,2026-02-26
신사2동,1,은평터널로7길 7-3,191-36,37.5921100000,126.9055520000,2013,,02-351-7944,서울특별시 은평구청,2026-02-26
신사2동,1,은평터널로7길 11,191-7,37.5922400000,126.9050750000,2016,,02-351-7944,서울특별시 은평구청,2026-02-26
신사2동,1,은평터널로7길 7-10,190-1,37.5958570000,126.9084080000,2008,,02-351-7944,서울특별시 은평구청,2026-02-26
신사2동,1,은평터널로7길 17-11,191-10,37.5922010000,126.9047700000,2016,,02-351-7944,서울특별시 은평구청,2026-02-26
신사2동,1,은평터널로7길 17-10,190-9,37.5920397600,126.9045805000,,,02-351-7944,서울특별시 은평구청,2026-02-26
신사2동,1,은펑터널로7길 17,191-11,37.5922360000,126.9045770000,2016,,02-351-7944,서울특별시 은평구청,2026-02-26
신사2동,1,은평터널로7길 17,191-11,37.5922360000,126.9045770000,2013,,02-351-7944,서울특별시 은평구청,2026-02-26
신사2동,1,은평터널로7길 17,191-8,37.5922660000,126.9049500000,2013,,02-351-7944,서울특별시 은평구청,2026-02-26
신사2동,1,은평터널로7길 11,191-7,37.5922400000,126.9050750000,,,02-351-7944,서울특별시 은평구청,2026-02-26
신사2동,1,은평터널로7길 10,191-6,37.5923050000,126.9052890000,2013,,02-351-7944,서울특별시 은평구청,2026-02-26
신사2동,1,은평터널로7길 39-13,300-109,37.5923040000,126.9012800000,2005,,02-351-7944,서울특별시 은평구청,2026-02-26
신사2동,1,은평터널로7길 39-17,300-107,37.5925290000,126.9012320000,2007,,02-351-7944,서울특별시 은평구청,2026-02-26
신사2동,1,은평터널로7길 45-1,300-105,37.5927460000,126.9013190000,2007,,02-351-7944,서울특별시 은평구청,2026-02-26
신사2동,1,가좌로11가길 16-7,236-7,37.5927460000,126.9013190000,,,02-351-7944,서울특별시 은평구청,2026-02-26
신사2동,1,은평터널로 169,200-137,37.5939951600,126.9077999000,,,02-351-7944,서울특별시 은평구청,2026-02-26
신사2동,1,은평터널로 169-9,200-172,37.5939720000,126.9072350000,2009,,02-351-7944,서울특별시 은평구청,2026-02-26
신사2동,1,은평터널로 169,200-137,37.5957820000,126.9089860000,2008,,02-351-7944,서울특별시 은평구청,2026-02-26
신사2동,1,은평터널로 167 아파트 내,369,,,,,02-351-7944,서울특별시 은평구청,2026-02-26
신사2동,1,은평터널로9길 11-2,237-446,37.5957820000,126.9089860000,2007,,02-351-7944,서울특별시 은평구청,2026-02-26
신사2동,1,은평터널로9길 11-2,237-446,37.5957820000,126.9089860000,2017,,02-351-7944,서울특별시 은평구청,2026-02-26
신사2동,1,은평터널로9길 11-2,237-446,37.5939910000,126.9062830000,2008,,02-351-7944,서울특별시 은평구청,2026-02-26
신사2동,1,은평터널로9길 11-4,237-453,37.5940050000,126.9058980000,2017,,02-351-7944,서울특별시 은평구청,2026-02-26
신사2동,1,은평터널로9가길 11-2,237-486,37.5939910000,126.9062830000,2019,,02-351-7944,서울특별시 은평구청,2026-02-26
신사2동,1,은평터널로9길 18,237-416,37.5940050000,126.9058980000,2019,,02-351-7944,서울특별시 은평구청,2026-02-26
신사2동,1,은평터널로9길 20-1,237-444,37.5942190000,126.9056350000,2019,,02-351-7944,서울특별시 은평구청,2026-02-26
신사2동,1,은평터널로9길 21,237-469,37.5941131300,126.9055656000,,,02-351-7944,서울특별시 은평구청,2026-02-26
신사2동,1,은평터널로9길 22,237-445,37.5941861500,126.9055762000,,,02-351-7944,서울특별시 은평구청,2026-02-26
신사2동,1,은평터널로9길 21-8,237-464,37.5939480000,126.9056050000,2019,,02-351-7944,서울특별시 은평구청,2026-02-26
신사2동,1,은평터널로9길 21-8,,37.5937878500,126.9055421000,,,02-351-7944,서울특별시 은평구청,2026-02-26
신사2동,1,은평터널로9길 22-2,237-442,37.5942360000,126.9055210000,2008,,02-351-7944,서울특별시 은평구청,2026-02-26
신사2동,1,은평터널로9길 20-6,237-422,37.5943370000,126.9057690000,2007,,02-351-7944,서울특별시 은평구청,2026-02-26
신사2동,1,은평터널로9길 20-8,237-123,37.5944980000,126.9056300000,2019,,02-351-7944,서울특별시 은평구청,2026-02-26
신사2동,1,은평터널로9가길 9-12,237-403,37.5948930000,126.9054550000,2018,,02-351-7944,서울특별시 은평구청,2026-02-26
신사2동,1,은평터널로9가길 9-8,237-402,37.5949040000,126.9056580000,2019,,02-351-7944,서울특별시 은평구청,2026-02-26
신사2동,1,은평터널로9가길 9-4,237-474,37.5948340000,126.9058750000,2019,,02-351-7944,서울특별시 은평구청,2026-02-26
신사2동,1,은평터널로9길 18-10,237-408,37.5945020000,126.9060490000,2019,,02-351-7944,서울특별시 은평구청,2026-02-26
신사2동,1,은평터널로9길 18-3,237-420,37.5943266200,126.9059258000,2024,,02-351-7944,서울특별시 은평구청,2026-02-26
신사2동,1,가좌로11길 11-2,237-486,37.5951110000,126.9056890000,2019,,02-351-7944,서울특별시 은평구청,2026-02-26
신사2동,1,가좌로11길 11-2,237-486,37.5951110000,126.9056890000,2007,,02-351-7944,서울특별시 은평구청,2026-02-26
신사2동,1,은평터널로9가길 9,237-400,37.5948550000,126.9062030000,2019,,02-351-7944,서울특별시 은평구청,2026-02-26
신사2동,1,은평터널로9가길 7,237-406,37.5946987700,126.9060623000,,,02-351-7944,서울특별시 은평구청,2026-02-26
신사2동,1,은평터널로11길 20,237-390,37.5948390000,126.9064070000,2006,,02-351-7944,서울특별시 은평구청,2026-02-26
신사2동,1,은평터널로11길 20,237-390,37.5947060000,126.9066470000,2019,,02-351-7944,서울특별시 은평구청,2026-02-26
신사2동,1,은평터널로11길 18-1,237-389,37.5949380000,126.9063830000,2019,,02-351-7944,서울특별시 은평구청,2026-02-26
신사2동,1,은평터널로9가길 8-2,237-392,37.5948830000,126.9063040000,2007,,02-351-7944,서울특별시 은평구청,2026-02-26
신사2동,1,은평터널로7길 19-2,302-,37.5920361300,126.9042623000,,,02-351-7944,서울특별시 은평구청,2026-02-26
신사2동,1,은평터널로7가길 14-19,300-115,37.5922010000,126.9018250000,2018,,02-351-7944,서울특별시 은평구청,2026-02-26
신사2동,1,은평터널로7가길 14-19,300-115,37.5923159400,126.9018844000,2021,,02-351-7944,서울특별시 은평구청,2026-02-26
신사2동,1,가좌로11가길 21-7,237-88,37.5967520000,126.9057790000,2014,,02-351-7944,서울특별시 은평구청,2026-02-26
신사2동,1,은평터널로7가길 39-18,300-131,37.5922980000,126.9015980000,2019,,02-351-7944,서울특별시 은평구청,2026-02-26
신사2동,1,은평터널로7가길 20-10,300-117,37.5920440000,126.9023150000,2019,,02-351-7944,서울특별시 은평구청,2026-02-26
신사2동,1,은평터널로5길 20,300-17,37.5915970000,126.9037140000,2010,,02-351-7944,서울특별시 은평구청,2026-02-26
신사2동,1,은평터널로9가길 7,237-406,37.5946987700,126.9060623000,,,02-351-7944,서울특별시 은평구청,2026-02-26
신사2동,1,은평터널로7길 39-9,300-151,37.5921620000,126.9014640000,2008,,02-351-7944,서울특별시 은평구청,2026-02-26
신사2동,1,은평터널로7길 45-1,300-105,37.5927460000,126.9013190000,2007,,02-351-7944,서울특별시 은평구청,2026-02-26
신사2동,1,은평터널로7길 43-1,300-148,37.5926760000,126.9014900000,2007,,02-351-7944,서울특별시 은평구청,2026-02-26
신사2동,1,은평터널로7길 39,300-98,37.5924640000,126.9019910000,2007,,02-351-7944,서울특별시 은평구청,2026-02-26
신사2동,1,은평터널로7길 37-1,300-97,37.5924110000,126.9021390000,2012,,02-351-7944,서울특별시 은평구청,2026-02-26
신사2동,1,은평터널로7길 37,300-94,37.5923590000,126.9022760000,2015,,02-351-7944,서울특별시 은평구청,2026-02-26
신사2동,1,은평터널로7길 33,300-134,37.5922280000,126.9027540000,2008,,02-351-7944,서울특별시 은평구청,2026-02-26
신사2동,1,은평터널로7길 31월편,300-2,37.5922470000,126.9029120000,,,02-351-7944,서울특별시 은평구청,2026-02-26
신사2동,1,은평터널로7길 31,300-2,37.5922470000,126.9029120000,,,02-351-7944,서울특별시 은평구청,2026-02-26
신사2동,1,은평터널로7가길 16,301-2,37.5917401000,126.9024565000,,,02-351-7944,서울특별시 은평구청,2026-02-26
신사2동,1,은평터널로7가길 13,300-154,37.5916340000,126.9028190000,2008,,02-351-7944,서울특별시 은평구청,2026-02-26
신사2동,1,은평터널로7가길 13,300-154,37.5916340000,126.9028190000,2007,,02-351-7944,서울특별시 은평구청,2026-02-26
신사2동,1,은평터널로7가길 12,300-81,37.5919770000,126.9029270000,2007,,02-351-7944,서울특별시 은평구청,2026-02-26
신사2동,1,은평터널로5길 20-7,300-20,37.5917270000,126.9031910000,2019,,02-351-7944,서울특별시 은평구청,2026-02-26
신사2동,1,은평터널로5길 20-8,300-19,37.5918750000,126.9035850000,2018,,02-351-7944,서울특별시 은평구청,2026-02-26
신사2동,1,은평터널로7길 19-2,302-,37.5920361300,126.9042623000,,,02-351-7944,서울특별시 은평구청,2026-02-26
신사2동,1,은평터널로7가길 2,300-9,37.5922851800,126.9037402000,,,02-351-7944,서울특별시 은평구청,2026-02-26
신사2동,1,은평터널로7가길 1,300-6,37.5922010000,126.9037050000,2019,,02-351-7944,서울특별시 은평구청,2026-02-26
신사2동,1,은평터널로7가길 2,300-9,37.5922010000,126.9037050000,2015,,02-351-7944,서울특별시 은평구청,2026-02-26
신사2동,1,은평터널로7길 19,191-39,37.5923316700,126.9042337000,2020,,02-351-7944,서울특별시 은평구청,2026-02-26
신사2동,1,은평터널로7가길 1,300-6,37.5922480000,126.9039540000,2013,,02-351-7944,서울특별시 은평구청,2026-02-26
신사2동,1,은평터널로7가길 2,300-163,37.5923160000,126.9035680000,,,02-351-7944,서울특별시 은평구청,2026-02-26
신사2동,1,은평터널로7길 2,300-163,37.5923160000,126.9035680000,2013,,02-351-7944,서울특별시 은평구청,2026-02-26
신사2동,1,은평터널로7길 6,300-88,37.5929370000,126.9034110000,2013,,02-351-7944,서울특별시 은평구청,2026-02-26
신사2동,1,은평터널로7길 6,300-5,37.5922780000,126.9032850000,2013,,02-351-7944,서울특별시 은평구청,2026-02-26
신사2동,1,증산로17길 61-1,177-3,37.5918950000,126.9066880000,,,02-351-7944,서울특별시 은평구청,2026-02-26
신사2동,1,증산로15길 50,368,37.5924640000,126.9019910000,,,02-351-7944,서울특별시 은평구청,2026-02-26
신사2동,1,증산로17길 47-13,171-30,37.5910120000,126.9076970000,2016,,02-351-7944,서울특별시 은평구청,2026-02-26
신사2동,1,증산로17길 47-5,171-26,37.5911251200,126.9080439000,,,02-351-7944,서울특별시 은평구청,2026-02-26
신사2동,1,증산로17길 47-6,171-21,37.5911310000,126.9078990000,2016,,02-351-7944,서울특별시 은평구청,2026-02-26
신사2동,1,증산로17길 51-1,171-44,37.5914731100,126.9077772000,,,02-351-7944,서울특별시 은평구청,2026-02-26
신사2동,1,증산로17길 54,193-5,37.5916960000,126.9075620000,,,02-351-7944,서울특별시 은평구청,2026-02-26
신사2동,1,증산로17길 53-4,170-6,37.5914870000,126.9073500000,2012,,02-351-7944,서울특별시 은평구청,2026-02-26
신사2동,1,증산로17길 58-1,193-4,37.5918720000,126.9071640000,2013,,02-351-7944,서울특별시 은평구청,2026-02-26
신사2동,1,증산로17길 61,169-5,37.5918420000,126.9068130000,2013,,02-351-7944,서울특별시 은평구청,2026-02-26
신사2동,1,은평터널로5길 27,300-62,37.5910993000,126.9038920000,,,02-351-7944,서울특별시 은평구청,2026-02-26
신사2동,1,증산로15길 68,164-1,37.5906656700,126.9060753000,2021,,02-351-7944,서울특별시 은평구청,2026-02-26
신사2동,1,은평터널로 15-12,184-36,37.5911850000,126.9040140000,2008,,02-351-7944,서울특별시 은평구청,2026-02-26
신사2동,1,은평터널로 175-6,201-11,37.5947870000,126.9076420000,2009,,02-351-7944,서울특별시 은평구청,2026-02-26
신사2동,1,은평터널로7가길 20,300-,37.5922980000,126.9015980000,2019,,02-351-7944,서울특별시 은평구청,2026-02-26
신사2동,1,가좌로11길 5,230-4,37.5964849300,126.9076852000,2024,,02-351-7944,서울특별시 은평구청,2026-02-26
신사2동,1,가좌로11가길 3,235-4,37.5966649800,126.9073000000,2024,,02-351-7944,서울특별시 은평구청,2026-02-26
신사2동,1,은평터널로 179-1,200-122,37.5947180000,126.9079830000,2019,,02-351-7944,서울특별시 은평구청,2026-02-26
신사2동,1,은평터널로 175-5,201-4,37.5945350000,126.9076230000,2009,,02-351-7944,서울특별시 은평구청,2026-02-26
신사2동,1,은평터널로9길 22-6,237-438,37.5944970000,126.9055400000,2005,,02-351-7944,서울특별시 은평구청,2026-02-26
신사2동,1,은평터널로9길 22-6,237-434,37.5946770000,126.9055370000,2007,,02-351-7944,서울특별시 은평구청,2026-02-26
신사2동,1,은평터널로7길 14-9,300-118,37.5921230000,126.9021440000,2019,,02-351-7944,서울특별시 은평구청,2026-02-26
신사2동,1,은평터널로7길 14-7,300-119,37.5919820000,126.9024630000,2018,,02-351-7944,서울특별시 은평구청,2026-02-26
신사2동,1,은평터널로5길 5,184-62,37.5915030200,126.9052064000,,,02-351-7944,서울특별시 은평구청,2026-02-26
신사2동,1,증산로17길 8,350-22,37.5904158400,126.9125534000,,,02-351-7944,서울특별시 은평구청,2026-02-26
신사2동,1,은평터널로 182-7,200-71,37.5948827300,126.9090798000,,,02-351-7944,서울특별시 은평구청,2026-02-26
신사2동,1,은평터널로 182-15,200-62,37.5948299500,126.9095767000,,,02-351-7944,서울특별시 은평구청,2026-02-26
신사2동,1,은평터널로,200-119,37.5941680000,126.9079230000,2019,,02-351-7944,서울특별시 은평구청,2026-02-26
신사2동,1,은평터널로 173-5,200-117,37.5942978700,126.9076906000,,,02-351-7944,서울특별시 은평구청,2026-02-26
신사2동,1,은평터널로 173-5,200-117,37.5941830000,126.9076280000,2019,,02-351-7944,서울특별시 은평구청,2026-02-26
신사2동,1,은평터널로 173-12,200-155,37.5943410000,126.9071840000,2019,,02-351-7944,서울특별시 은평구청,2026-02-26
신사2동,1,은평터널로 173-17,200-9,37.5944200000,126.9069560000,2008,,02-351-7944,서울특별시 은평구청,2026-02-26
신사2동,1,은평터널로7가길 14-4,300-135,37.5920940000,126.9028460000,2015,,02-351-7944,서울특별시 은평구청,2026-02-26
신사2동,1,은평터널로11길 5,204-13,37.5966790000,126.9066290000,2005,,02-351-7944,서울특별시 은평구청,2026-02-26
신사2동,1,은평터널로 167,369,37.5936985300,126.9077034000,2024,,02-351-7944,서울특별시 은평구청,2026-02-26
신사2동,1,증산로 395-6,337-1,37.5919583600,126.9133228000,2024,,02-351-7944,서울특별시 은평구청,2026-02-26
신사2동,1,증산로 395-16,336-14,37.5917933900,126.9129040000,2024,,02-351-7944,서울특별시 은평구청,2026-02-26
신사2동,1,증산로 401-20,Jan-98,37.5919482900,126.9125958000,2024,,02-351-7944,서울특별시 은평구청,2026-02-26
신사2동,1,가좌로 330,19-162,37.5967261000,126.9088017000,,,02-351-7944,서울특별시 은평구청,2026-02-26
신사2동,1,가좌로 339,229-40,37.5968831100,126.9078079000,2024,,02-351-7944,서울특별시 은평구청,2026-02-26
신사2동,1,가좌로11길 6,229-29,37.5966032300,126.9076340000,2024,,02-351-7944,서울특별시 은평구청,2026-02-26
신사2동,1,은평터널로11길 5,204-3,37.5950070000,126.9080690000,2017,,02-351-7944,서울특별시 은평구청,2026-02-26
신사2동,1,은평터널로 128-2,162,37.5905920000,126.9051670000,2006,,02-351-7944,서울특별시 은평구청,2026-02-26
신사2동,1,은평터널로7길 19-2,302-,37.5920320000,126.9040020000,2007,,02-351-7944,서울특별시 은평구청,2026-02-26
신사2동,1,가좌로 315-1,Dec-40,37.5956520000,126.9096110000,2019,,02-351-7944,서울특별시 은평구청,2026-02-26
신사2동,1,증산로 367-15,339-27,37.5890440000,126.9121530000,2004,,02-351-7944,서울특별시 은평구청,2026-02-26
신사2동,1,증산로17길 47-15,171-32,37.5911190000,126.9075820000,2019,,02-351-7944,서울특별시 은평구청,2026-02-26
신사2동,1,증산로15나길 1,165-1,37.5908540000,126.9062270000,2008,,02-351-7944,서울특별시 은평구청,2026-02-26
신사2동,1,은평터널로 146-32,181-4,37.5911580000,126.9059280000,2009,,02-351-7944,서울특별시 은평구청,2026-02-26
신사2동,1,은평터널로 146-32,181-4,37.5911580000,126.9059280000,2009,,02-351-7944,서울특별시 은평구청,2026-02-26
신사2동,1,은평터널로5길 15-8,184-34,37.5913593500,126.9038746000,,,02-351-7944,서울특별시 은평구청,2026-02-26
신사2동,1,은평터널로5길 20-8,300-19,37.5918896600,126.9036000000,2021,,02-351-7944,서울특별시 은평구청,2026-02-26
신사2동,1,은평터널로13길 8,225-2,37.5956758200,126.9080618000,,,02-351-7944,서울특별시 은평구청,2026-02-26
신사2동,1,증산로17길 32,348-11,37.5908825400,126.9098964000,,,02-351-7944,서울특별시 은평구청,2026-02-26
신사2동,1,은평터널로 123,157-1,37.5905355000,126.9047862000,,,02-351-7944,서울특별시 은평구청,2026-02-26
신사2동,1,증산로15길 54,170-21,37.5905343600,126.9075915000,2024,,02-351-7944,서울특별시 은평구청,2026-02-26
신사2동,1,은평터널로7길 39-13,300-109,37.5923527100,126.9013915000,2024,,02-351-7944,서울특별시 은평구청,2026-02-26
신사2동,1,가좌로 359,241-27,37.5977690100,126.9058166000,2024,,02-351-7944,서울특별시 은평구청,2026-02-26
신사2동,1,가좌로11나길 23,237-231,37.5962521000,126.9052706000,2024,,02-351-7944,서울특별시 은평구청,2026-02-26
신사2동,1,은평터널로5길 15-5,184-50,37.5914031700,126.9040460000,2024,,02-351-7944,서울특별시 은평구청,2026-02-26
신사2동,1,은평터널로5길 15-10,184-35,37.5912884100,126.9039988000,2024,,02-351-7944,서울특별시 은평구청,2026-02-26
신사2동,1,은평터널로 188-5,200-173,37.5952011100,126.9089546000,2024,,02-351-7944,서울특별시 은평구청,2026-02-26
역촌동,1,진흥로1길 6-3,42-35,37.6010067300,126.9190420000,2019,,02-351-7944,서울특별시 은평구청,2026-02-26
역촌동,1,진흥로1길 6-6,42-63,37.6008400000,126.9191720000,2004,,02-351-7944,서울특별시 은평구청,2026-02-26
역촌동,1,진흥로1길 8,May-42,37.6011618800,126.9188989000,2022,,02-351-7944,서울특별시 은평구청,2026-02-26
역촌동,1,진흥로1길 8-10,42-29,37.6012433900,126.9192971000,2018,,02-351-7944,서울특별시 은평구청,2026-02-26
역촌동,1,진흥로3길 10-6,Apr-41,37.6016430000,126.9192630000,1999,,02-351-7944,서울특별시 은평구청,2026-02-26
역촌동,1,진흥로3길 10,41-30,37.6018230000,126.9192490000,2016,,02-351-7944,서울특별시 은평구청,2026-02-26
역촌동,1,진흥로3길 11-1,42-21,37.6014240000,126.9189600000,2003,,02-351-7944,서울특별시 은평구청,2026-02-26
역촌동,1,진흥로3길 12-5,41-13,37.6017650000,126.9188870000,2001,,02-351-7944,서울특별시 은평구청,2026-02-26
역촌동,1,진흥로3길 7,42-52,37.6014380000,126.9195830000,2005,,02-351-7944,서울특별시 은평구청,2026-02-26
역촌동,1,진흥로 37-5,42-56,37.6011940000,126.9194280000,,,02-351-7944,서울특별시 은평구청,2026-02-26
역촌동,1,진흥로 37-4,42-50,37.6011770000,126.9196210000,2018,,02-351-7944,서울특별시 은평구청,2026-02-26
역촌동,1,진흥로41,42-48,37.6009340000,126.9196350000,2002,,02-351-7944,서울특별시 은평구청,2026-02-26
역촌동,1,진흥로3길 6-1,41-42,37.6016460000,126.9196140000,1999,,02-351-7944,서울특별시 은평구청,2026-02-26
역촌동,1,진흥로3길 5,42-44,37.6014580000,126.9197300000,2016,,02-351-7944,서울특별시 은평구청,2026-02-26
역촌동,1,진흥로3길 4,41-36,37.6017670000,126.9200080000,,,02-351-7944,서울특별시 은평구청,2026-02-26
역촌동,1,진흥로 43-1,42-46,37.6011790000,126.9197450000,1999,,02-351-7944,서울특별시 은평구청,2026-02-26
역촌동,1,진흥로3길 2,41-55,37.6016860000,126.9201110000,2017,,02-351-7944,서울특별시 은평구청,2026-02-26
역촌동,1,진흥로3길 4-4,41-35,37.6018200000,126.9199620000,2003,,02-351-7944,서울특별시 은평구청,2026-02-26
역촌동,1,진흥로1길 20-20,41-38,37.6020160000,126.9197220000,2000,,02-351-7944,서울특별시 은평구청,2026-02-26
역촌동,1,진흥로 57-9,41-48,37.6020560000,126.9200720000,2000,,02-351-7944,서울특별시 은평구청,2026-02-26
역촌동,1,진흥로 57-9,41-48,37.6021599000,126.9200988000,2019,,02-351-7944,서울특별시 은평구청,2026-02-26
역촌동,1,진흥로 53-1,41-51,37.6018030000,126.9200870000,2000,,02-351-7944,서울특별시 은평구청,2026-02-26
역촌동,1,진흥로5길 11-2,40-46,37.6023410000,126.9197400000,2000,,02-351-7944,서울특별시 은평구청,2026-02-26
역촌동,1,진흥로5길 7,Apr-40,37.6026240000,126.9202110000,2000,,02-351-7944,서울특별시 은평구청,2026-02-26
역촌동,1,진흥로5길 7,Apr-40,37.6026240000,126.9202110000,2002,,02-351-7944,서울특별시 은평구청,2026-02-26
역촌동,1,진흥로1길 20-18,41-45,37.6019880000,126.9195640000,2000,,02-351-7944,서울특별시 은평구청,2026-02-26
역촌동,1,진흥로3길 8-6,41-43,37.6018260000,126.9196000000,2000,,02-351-7944,서울특별시 은평구청,2026-02-26
역촌동,1,진흥로1길 20-15,40-35,37.6023210000,126.9195700000,2000,,02-351-7944,서울특별시 은평구청,2026-02-26
역촌동,1,진흥로1길 20-15,40-35,37.6023210000,126.9195700000,2000,,02-351-7944,서울특별시 은평구청,2026-02-26
역촌동,1,진흥로3길 10-6,Apr-41,37.6019850000,126.9192120000,2003,,02-351-7944,서울특별시 은평구청,2026-02-26
역촌동,1,진흥로3길 10-6,Apr-41,37.6019850000,126.9192120000,,,02-351-7944,서울특별시 은평구청,2026-02-26
역촌동,1,진흥로1길 22-7,40-15,37.6024530000,126.9192170000,2018,,02-351-7944,서울특별시 은평구청,2026-02-26
역촌동,1,진흥로1길 22-3,40-13,37.6024870000,126.9189220000,2018,,02-351-7944,서울특별시 은평구청,2026-02-26
역촌동,1,진흥로1길 18-1,41-20,37.6019720000,126.9187820000,2002,,02-351-7944,서울특별시 은평구청,2026-02-26
역촌동,1,진흥로1길 28,Jun-31,37.6028650000,126.9188940000,,,02-351-7944,서울특별시 은평구청,2026-02-26
역촌동,1,진흥로5길 14-1,31-28,37.6027520000,126.9193490000,,,02-351-7944,서울특별시 은평구청,2026-02-26
역촌동,1,진흥로5길 14-1,31-28,37.6027752400,126.9193370000,2019,,02-351-7944,서울특별시 은평구청,2026-02-26
역촌동,1,진흥로5길 12,31-15,37.6028270000,126.9196760000,,,02-351-7944,서울특별시 은평구청,2026-02-26
역촌동,1,진흥로5길 5,Jan-40,37.6026350000,126.9203240000,,,02-351-7944,서울특별시 은평구청,2026-02-26
역촌동,1,진흥로5길 2,28-73,37.6029270000,126.9207390000,,,02-351-7944,서울특별시 은평구청,2026-02-26
역촌동,1,진흥로 59-4,40-55,37.6025540000,126.9203710000,,,02-351-7944,서울특별시 은평구청,2026-02-26
역촌동,1,진흥로5길 6-2,28-59,37.6029690000,126.9204780000,,,02-351-7944,서울특별시 은평구청,2026-02-26
역촌동,1,진흥로5길 6-7,Sep-31,37.6031750000,126.9202600000,2003,,02-351-7944,서울특별시 은평구청,2026-02-26
역촌동,1,진흥로5길 6-11,30-28,37.6033720000,126.9202000000,2000,,02-351-7944,서울특별시 은평구청,2026-02-26
역촌동,1,진흥로5길  6-13,Feb-30,37.6034980000,126.9201760000,2018,,02-351-7944,서울특별시 은평구청,2026-02-26
역촌동,1,진흥로5길 6-4,28-57,37.6030610000,126.9206240000,2000,,02-351-7944,서울특별시 은평구청,2026-02-26
역촌동,1,진흥로 67-1,28-77,37.6030710000,126.9207600000,2003,,02-351-7944,서울특별시 은평구청,2026-02-26
역촌동,1,진흥로5길 6-13,Feb-30,37.6035558800,126.9202656000,2018,,02-351-7944,서울특별시 은평구청,2026-02-26
역촌동,1,진흥로5길 6-20,10월 28일,37.6036740000,126.9207060000,2018,,02-351-7944,서울특별시 은평구청,2026-02-26
역촌동,1,진흥로 75-11,28-43,37.6037810000,126.9205570000,2018,,02-351-7944,서울특별시 은평구청,2026-02-26
역촌동,1,진흥로 75-7,28-36,37.6037480000,126.9208400000,2018,,02-351-7944,서울특별시 은평구청,2026-02-26
역촌동,1,진흥로 75,28-39,37.6036070000,126.9212280000,2018,,02-351-7944,서울특별시 은평구청,2026-02-26
역촌동,1,진흥로 73,11월 28일,37.6034890000,126.9211500000,2018,,02-351-7944,서울특별시 은평구청,2026-02-26
역촌동,1,진흥로5길 6-18,28-48,37.6035570000,126.9207070000,2018,,02-351-7944,서울특별시 은평구청,2026-02-26
역촌동,1,진흥로1길 32-21,30-24,37.6034770000,126.9198020000,2018,,02-351-7944,서울특별시 은평구청,2026-02-26
역촌동,1,진흥로5길  6-29,01월 30일,37.6037770000,126.9201490000,,,02-351-7944,서울특별시 은평구청,2026-02-26
역촌동,1,진흥로7길 13-6,29-33,37.6040920000,126.9201220000,1999,,02-351-7944,서울특별시 은평구청,2026-02-26
역촌동,1,진흥로1길 38-38,10월 30일,37.6038390000,126.9200350000,2000,,02-351-7944,서울특별시 은평구청,2026-02-26
역촌동,1,진흥로1길 38-34,12월 30일,37.6037460000,126.9197310000,2005,,02-351-7944,서울특별시 은평구청,2026-02-26
역촌동,1,진흥로1길 38-24,04월 30일,37.6037360000,126.9195380000,2003,,02-351-7944,서울특별시 은평구청,2026-02-26
역촌동,1,진흥로1길 38-10,05월 30일,37.6036680000,126.9190180000,,,02-351-7944,서울특별시 은평구청,2026-02-26
역촌동,1,진흥로1길 38-12,30-41,37.6035330000,126.9190200000,,,02-351-7944,서울특별시 은평구청,2026-02-26
역촌동,1,진흥로1길 32-13,30-50,37.6033640000,126.9193170000,1999,,02-351-7944,서울특별시 은평구청,2026-02-26
역촌동,1,진흥로1길 38-7,29-23,37.6040010000,126.9189790000,2018,,02-351-7944,서울특별시 은평구청,2026-02-26
역촌동,1,진흥로1길 38-4,30-20,37.6036470000,126.9187580000,,,02-351-7944,서울특별시 은평구청,2026-02-26
역촌동,1,진흥로1길 32-7,30-52,37.6033440000,126.9190910000,2005,,02-351-7944,서울특별시 은평구청,2026-02-26
역촌동,1,진흥로1길 32-13,30-50,37.6033640000,126.9193170000,2003,,02-351-7944,서울특별시 은평구청,2026-02-26
역촌동,1,진흥로1길 32-21,30-24,37.6033780000,126.9198270000,2000,,02-351-7944,서울특별시 은평구청,2026-02-26
역촌동,1,진흥로1길 32-22,31-18,37.6031070000,126.9197510000,2000,,02-351-7944,서울특별시 은평구청,2026-02-26
역촌동,1,진흥로1길 32-23,30-26,37.6033880000,126.9199510000,,,02-351-7944,서울특별시 은평구청,2026-02-26
역촌동,1,진흥로7길 28,24-21,37.6043840000,126.9184760000,,,02-351-7944,서울특별시 은평구청,2026-02-26
역촌동,1,진흥로7길 25,29-24,37.6041900000,126.9189430000,,,02-351-7944,서울특별시 은평구청,2026-02-26
역촌동,1,진흥로7길 25,29-24,37.6041900000,126.9189430000,2000,,02-351-7944,서울특별시 은평구청,2026-02-26
역촌동,1,진흥로7길 19-1,10월 29일,37.6043020000,126.9194280000,2003,,02-351-7944,서울특별시 은평구청,2026-02-26
역촌동,1,진흥로7길 19-2,11월 29일,37.6042030000,126.9194300000,2002,,02-351-7944,서울특별시 은평구청,2026-02-26
역촌동,1,진흥로7길 17,07월 29일,37.6042690000,126.9197000000,1999,,02-351-7944,서울특별시 은평구청,2026-02-26
역촌동,1,진흥로7길 18,25-122,37.6044660000,126.9196410000,2003,,02-351-7944,서울특별시 은평구청,2026-02-26
역촌동,1,진흥로7길 20-2,25-118,37.6046020000,126.9197070000,2002,,02-351-7944,서울특별시 은평구청,2026-02-26
역촌동,1,진흥로7길 20-5,25-161,37.6045710000,126.9192200000,,,02-351-7944,서울특별시 은평구청,2026-02-26
역촌동,1,진흥로7길 16,25-121,37.6045140000,126.9199120000,2014,,02-351-7944,서울특별시 은평구청,2026-02-26
역촌동,1,진흥로7가길 3-7,25-116,37.6046220000,126.9198990000,2014,,02-351-7944,서울특별시 은평구청,2026-02-26
역촌동,1,진흥로7가길 3-4,25-13,37.6048410000,126.9202360000,2014,,02-351-7944,서울특별시 은평구청,2026-02-26
역촌동,1,진흥로7가길 3-11,25-119,37.6025040000,126.9080950000,,,02-351-7944,서울특별시 은평구청,2026-02-26
역촌동,1,진흥로7길 13-2,01월 29일,37.6042720000,126.9201080000,2002,,02-351-7944,서울특별시 은평구청,2026-02-26
역촌동,1,진흥로7길 13-2,01월 29일,37.6042686900,126.9201795000,2021,,02-351-7944,서울특별시 은평구청,2026-02-26
역촌동,1,진흥로7길 13-3,28-29,37.6042740000,126.9203120000,2018,,02-351-7944,서울특별시 은평구청,2026-02-26
역촌동,1,진흥로7길 7,28-22,37.6041430000,126.9206990000,2000,,02-351-7944,서울특별시 은평구청,2026-02-26
역촌동,1,진흥로7길 6,27-52,37.6042710000,126.9209690000,2003,,02-351-7944,서울특별시 은평구청,2026-02-26
역촌동,1,진흥로7길 2,27-15,37.6042120000,126.9214000000,,,02-351-7944,서울특별시 은평구청,2026-02-26
역촌동,1,진흥로 81,27-14,37.6041230000,126.9214580000,,,02-351-7944,서울특별시 은평구청,2026-02-26
역촌동,1,진흥로7길 8-12,27-18,37.6043830000,126.9213750000,1999,,02-351-7944,서울특별시 은평구청,2026-02-26
역촌동,1,진흥로7길 8-6,27-55,37.6044880000,126.9210680000,2018,,02-351-7944,서울특별시 은평구청,2026-02-26
역촌동,1,진흥로7길 8-14,27-19,37.6046180000,126.9214620000,1999,,02-351-7944,서울특별시 은평구청,2026-02-26
역촌동,1,진흥로7가길 12-10,26-14,37.6050170000,126.9207540000,1999,,02-351-7944,서울특별시 은평구청,2026-02-26
역촌동,1,진흥로9길 7-15,27-38,37.6048690000,126.9213000000,2003,,02-351-7944,서울특별시 은평구청,2026-02-26
역촌동,1,진흥로9길 7-9,27-35,37.6051310000,126.9213980000,2002,,02-351-7944,서울특별시 은평구청,2026-02-26
역촌동,1,진흥로7가길 12-20,07월 26일,37.6052013900,126.9211490000,2021,,02-351-7944,서울특별시 은평구청,2026-02-26
역촌동,1,진흥로7가길 12-20,07월 26일,37.6051190000,126.9211040000,2018,,02-351-7944,서울특별시 은평구청,2026-02-26
역촌동,1,진흥로7가길 12-3,03월 26일,37.6053687500,126.9209747000,2021,,02-351-7944,서울특별시 은평구청,2026-02-26
역촌동,1,진흥로9길 7,01월 26일,37.6055407700,126.9214170000,2021,,02-351-7944,서울특별시 은평구청,2026-02-26
역촌동,1,진흥로9길 7-11,27-37,37.6050586700,126.9213332000,2022,,02-351-7944,서울특별시 은평구청,2026-02-26
역촌동,1,진흥로9길 3-7,27-23,37.6050530000,126.9216940000,1999,,02-351-7944,서울특별시 은평구청,2026-02-26
역촌동,1,진흥로9길 6,17-28,37.6056650000,126.9216510000,2003,,02-351-7944,서울특별시 은평구청,2026-02-26
역촌동,1,진흥로9길 6,17-28,37.6056650000,126.9216510000,2005,,02-351-7944,서울특별시 은평구청,2026-02-26
역촌동,1,진흥로9길 12,17-51,37.6057590000,126.9210720000,2018,,02-351-7944,서울특별시 은평구청,2026-02-26
역촌동,1,진흥로9길 9-3,26-51,37.6056650000,126.9216510000,1999,,02-351-7944,서울특별시 은평구청,2026-02-26
역촌동,1,서오릉로7길 20,18-21,37.6058550000,126.9207080000,2005,,02-351-7944,서울특별시 은평구청,2026-02-26
역촌동,1,서오릉로7길 20,18-21,37.6058383100,126.9208140000,2021,,02-351-7944,서울특별시 은평구청,2026-02-26
역촌동,1,진흥로7가길 11,04월 25일,37.6054380000,126.9205100000,,,02-351-7944,서울특별시 은평구청,2026-02-26
역촌동,1,진흥로7가길 10,26-18,37.6052429100,126.9206453000,2021,,02-351-7944,서울특별시 은평구청,2026-02-26
역촌동,1,진흥로7가길 7,08월 25일,37.6051030000,126.9203110000,1999,,02-351-7944,서울특별시 은평구청,2026-02-26
역촌동,1,진흥로7가길 5,11월 25일,37.6048770000,126.9202240000,1999,,02-351-7944,서울특별시 은평구청,2026-02-26
역촌동,1,진흥로7길 14,25-47,37.6045510000,126.9200810000,1999,,02-351-7944,서울특별시 은평구청,2026-02-26
역촌동,1,진흥로7가길 3-14,25-42,37.6049550000,126.9198830000,,,02-351-7944,서울특별시 은평구청,2026-02-26
역촌동,1,진흥로7가길 3-21,25-156,37.6049890000,126.9196560000,,,02-351-7944,서울특별시 은평구청,2026-02-26
역촌동,1,진흥로9길 21-8,25-50,37.6054870000,126.9198750000,2001,,02-351-7944,서울특별시 은평구청,2026-02-26
역촌동,1,진흥로9길 21-8,25-50,37.6056130000,126.9198510000,1999,,02-351-7944,서울특별시 은평구청,2026-02-26
역촌동,1,진흥로9길 21-11,25-35,37.6059020000,126.9199370000,2014,,02-351-7944,서울특별시 은평구청,2026-02-26
역촌동,1,진흥로9길 21-8,25-50,37.6056130000,126.9198510000,2018,,02-351-7944,서울특별시 은평구청,2026-02-26
역촌동,1,진흥로7나길 22,25-65,37.6058800000,126.9195750000,2014,,02-351-7944,서울특별시 은평구청,2026-02-26
역촌동,1,진흥로7나길 16-9,25-68,37.6057970000,126.9193390000,2014,,02-351-7944,서울특별시 은평구청,2026-02-26
역촌동,1,진흥로7나길 14-3,25-73,37.6056350000,126.9193180000,1999,,02-351-7944,서울특별시 은평구청,2026-02-26
역촌동,1,진흥로9길 21-6,25-52,37.6056930000,126.9198160000,2018,,02-351-7944,서울특별시 은평구청,2026-02-26
역촌동,1,진흥로9길 21-4,25-53,37.6057920000,126.9197920000,2014,,02-351-7944,서울특별시 은평구청,2026-02-26
역촌동,1,진흥로7나길 14-13,25-87,37.6054120000,126.9196270000,1999,,02-351-7944,서울특별시 은평구청,2026-02-26
역촌동,1,진흥로7나길 14,25-99,37.6055140000,126.9189580000,,,02-351-7944,서울특별시 은평구청,2026-02-26
역촌동,1,진흥로7나길 14-6,25-96,37.6054630000,126.9192300000,1999,,02-351-7944,서울특별시 은평구청,2026-02-26
역촌동,1,진흥로7나길 16,25-71,37.6056950000,126.9189890000,,,02-351-7944,서울특별시 은평구청,2026-02-26
역촌동,1,진흥로7나길 15,19-45,37.6057300000,126.9188530000,2002,,02-351-7944,서울특별시 은평구청,2026-02-26
역촌동,1,역말로 72-5,19-49,37.6059990000,126.9187010000,1999,,02-351-7944,서울특별시 은평구청,2026-02-26
역촌동,1,진흥로7나길 12-2,25-98,37.6054430000,126.9190610000,2003,,02-351-7944,서울특별시 은평구청,2026-02-26
역촌동,1,진흥로7나길 12-1,25-101,37.6053610000,126.9189260000,2014,,02-351-7944,서울특별시 은평구청,2026-02-26
역촌동,1,진흥로7나길 7-1,24-13,37.6050520000,126.9186360000,2004,,02-351-7944,서울특별시 은평구청,2026-02-26
역촌동,1,진흥로7나길 6,25-136,37.6047930000,126.9188550000,1999,,02-351-7944,서울특별시 은평구청,2026-02-26
역촌동,1,진흥로7나길 2-1,25-139,37.6045590000,126.9188920000,2003,,02-351-7944,서울특별시 은평구청,2026-02-26
역촌동,1,진흥로7길 20-10,25-111,37.6048060000,126.9192960000,,,02-351-7944,서울특별시 은평구청,2026-02-26
역촌동,1,진흥로7나길 10,16-25,37.6051440000,126.9188950000,1999,,02-351-7944,서울특별시 은평구청,2026-02-26
역촌동,1,진흥로7나길 12-5,25-103,37.6052830000,126.9192440000,2001,,02-351-7944,서울특별시 은평구청,2026-02-26
역촌동,1,진흥로7나길 12-12,25-90,37.6051252300,126.9194077000,,,02-351-7944,서울특별시 은평구청,2026-02-26
역촌동,1,진흥로1길 58-6,04월 24일,37.6053850000,126.9185740000,,,02-351-7944,서울특별시 은평구청,2026-02-26
역촌동,1,진흥로7나길 17,19-44,37.6058930000,126.9189520000,,,02-351-7944,서울특별시 은평구청,2026-02-26
역촌동,1,진흥로7나길 17,19-44,37.6058930000,126.9189520000,2003,,02-351-7944,서울특별시 은평구청,2026-02-26
역촌동,1,진흥로7나길 22,25-65,37.6059140000,126.9193260000,1999,,02-351-7944,서울특별시 은평구청,2026-02-26
역촌동,1,역말로 78-14,19-38,37.6060740000,126.9190290000,2004,,02-351-7944,서울특별시 은평구청,2026-02-26
역촌동,1,역말로 78-7,19-17,37.6064360000,126.9192270000,1999,,02-351-7944,서울특별시 은평구청,2026-02-26
역촌동,1,역말로 78,19-27,37.6064420000,126.9189440000,1999,,02-351-7944,서울특별시 은평구청,2026-02-26
역촌동,1,서오릉로9길 24,19-75,37.6061690000,126.9195710000,,,02-351-7944,서울특별시 은평구청,2026-02-26
역촌동,1,서오릉로9길 20-1,19-71,37.6064050000,126.9197490000,2002,,02-351-7944,서울특별시 은평구청,2026-02-26
역촌동,1,진흥로9길 24,18-48,37.6060990000,126.9198210000,2003,,02-351-7944,서울특별시 은평구청,2026-02-26
역촌동,1,진흥로9길 20,18-39,37.6060110000,126.9200830000,1999,,02-351-7944,서울특별시 은평구청,2026-02-26
역촌동,1,진흥로9길 18,18-28,37.6059150000,126.9203790000,1999,,02-351-7944,서울특별시 은평구청,2026-02-26
역촌동,1,진흥로9길 18,18-36,37.6060320000,126.9204340000,1999,,02-351-7944,서울특별시 은평구청,2026-02-26
역촌동,1,진흥로9길 15,03월 25일,37.6056910000,126.9205070000,,,02-351-7944,서울특별시 은평구청,2026-02-26
역촌동,1,서오릉로9길 17-6,18-35,37.6063760000,126.9205650000,2003,,02-351-7944,서울특별시 은평구청,2026-02-26
역촌동,1,서오릉로9길 17-6,18-35,37.6063613600,126.9204041000,2020,,02-351-7944,서울특별시 은평구청,2026-02-26
역촌동,1,서오릉로7길 14-5,18-24,37.6061340000,126.9206810000,1999,,02-351-7944,서울특별시 은평구청,2026-02-26
역촌동,1,진흥로9길 15-5,25-20,37.6055360000,126.9203960000,2014,,02-351-7944,서울특별시 은평구청,2026-02-26
역촌동,1,진흥로9길 15-7,25-18,37.6055218400,126.9203617000,,,02-351-7944,서울특별시 은평구청,2026-02-26
역촌동,1,서오릉로7길 16,18-19,37.6060910000,126.9208860000,2019,,02-351-7944,서울특별시 은평구청,2026-02-26
역촌동,1,서오릉로7길 12-1,18-54,37.6063260000,126.9210070000,1999,,02-351-7944,서울특별시 은평구청,2026-02-26
역촌동,1,서오릉로7길 12-1,18-54,37.6063260000,126.9210070000,2003,,02-351-7944,서울특별시 은평구청,2026-02-26
역촌동,1,서오릉로7길 9,17-323,37.6063380000,126.9213010000,2016,,02-351-7944,서울특별시 은평구청,2026-02-26
역촌동,1,서오릉로7길 12,01월 18일,37.6064350000,126.9210850000,2015,,02-351-7944,서울특별시 은평구청,2026-02-26
역촌동,1,서오릉로7길 7-1,16-14,37.6066217200,126.9214145000,2021,,02-351-7944,서울특별시 은평구청,2026-02-26
역촌동,1,진흥로9길 8-17,17-324,37.6062690000,126.9216420000,,,02-351-7944,서울특별시 은평구청,2026-02-26
역촌동,1,진흥로9길 8-18,05월 17일,37.6062440000,126.9218460000,2001,,02-351-7944,서울특별시 은평구청,2026-02-26
역촌동,1,서오릉로7길 9-3,16-29,37.6066020000,126.9216710000,2018,,02-351-7944,서울특별시 은평구청,2026-02-26
역촌동,1,서오릉로7길 3,16-18,37.6068030000,126.9219180000,1999,,02-351-7944,서울특별시 은평구청,2026-02-26
역촌동,1,진흥로 105-11,16-22,37.6065150000,126.9220240000,2018,,02-351-7944,서울특별시 은평구청,2026-02-26
역촌동,1,진흥로 105-9,16-21,37.6063530000,126.9219580000,2016,,02-351-7944,서울특별시 은평구청,2026-02-26
역촌동,1,진흥로 105-6,16-19,37.6063730000,126.9221730000,2016,,02-351-7944,서울특별시 은평구청,2026-02-26
역촌동,1,진흥로9길 8-11,17-36,37.6060690000,126.9214300000,1999,,02-351-7944,서울특별시 은평구청,2026-02-26
역촌동,1,진흥로9길 8-4,17-30,37.6057910000,126.9216490000,1999,,02-351-7944,서울특별시 은평구청,2026-02-26
역촌동,1,진흥로 99-9,17-25,37.6057930000,126.9218080000,2001,,02-351-7944,서울특별시 은평구청,2026-02-26
역촌동,1,서오릉로7길 7-1,16-14,37.6066217200,126.9214145000,,,02-351-7944,서울특별시 은평구청,2026-02-26
역촌동,1,서오릉로7길 3-1,16-17,37.6068270000,126.9216570000,1999,,02-351-7944,서울특별시 은평구청,2026-02-26
역촌동,1,서오릉로7길 4,15-44,37.6069160000,126.9214740000,,,02-351-7944,서울특별시 은평구청,2026-02-26
역촌동,1,서오릉로 71,02월 16일,37.6066684700,126.9223262000,2020,,02-351-7944,서울특별시 은평구청,2026-02-26
역촌동,1,서오릉로7길 12,01월 18일,37.6064350000,126.9210850000,2016,,02-351-7944,서울특별시 은평구청,2026-02-26
역촌동,1,서오릉로9길 13-31,15-37,37.6066410000,126.9210250000,,,02-351-7944,서울특별시 은평구청,2026-02-26
역촌동,1,서오릉로9길 13-17,15-29,37.6068960000,126.9212370000,,,02-351-7944,서울특별시 은평구청,2026-02-26
역촌동,1,서오릉로9길 9,15-19,37.6069370000,126.9208620000,1999,,02-351-7944,서울특별시 은평구청,2026-02-26
역촌동,1,서오릉로9길 13-8,06월 18일,37.6065210000,126.9206420000,2016,,02-351-7944,서울특별시 은평구청,2026-02-26
역촌동,1,서오릉로9길 19,18-51,37.6063540000,126.9201010000,,,02-351-7944,서울특별시 은평구청,2026-02-26
역촌동,1,서오릉로9길 19,18-51,37.6064642200,126.9200977000,2020,,02-351-7944,서울특별시 은평구청,2026-02-26
역촌동,1,서오릉로9길 15,10월 18일,37.6066080000,126.9203690000,2016,,02-351-7944,서울특별시 은평구청,2026-02-26
역촌동,1,서오릉로9길 12,14-53,37.6069970000,126.9204990000,1999,,02-351-7944,서울특별시 은평구청,2026-02-26
역촌동,1,서오릉로9길 7,15-16,37.6071550000,126.9210060000,1999,,02-351-7944,서울특별시 은평구청,2026-02-26
역촌동,1,서오릉로9길 8,14-48,37.6072970000,126.9207330000,1999,,02-351-7944,서울특별시 은평구청,2026-02-26
역촌동,1,서오릉로 81-9,15-14,37.6071300000,126.9211880000,1999,,02-351-7944,서울특별시 은평구청,2026-02-26
역촌동,1,서오릉로 81-3,15-47,37.6071500000,126.9214480000,1999,,02-351-7944,서울특별시 은평구청,2026-02-26
역촌동,1,서오릉로9길 4,14-36,37.6075710000,126.9211590000,2002,,02-351-7944,서울특별시 은평구청,2026-02-26
역촌동,1,서오릉로9길 6-6,14-31,37.6075950000,126.9208870000,1999,,02-351-7944,서울특별시 은평구청,2026-02-26
역촌동,1,서오릉로9길 6-9,14-100,37.6075480000,126.9206270000,2003,,02-351-7944,서울특별시 은평구청,2026-02-26
역촌동,1,역말로 96-11,14-29,37.6077120000,126.9208170000,2003,,02-351-7944,서울특별시 은평구청,2026-02-26
역촌동,1,역말로 96-3,14-13,37.6079600000,126.9204060000,2005,,02-351-7944,서울특별시 은평구청,2026-02-26
역촌동,1,서오릉로9길 14-7,14-69,37.6070750000,126.9201470000,2003,,02-351-7944,서울특별시 은평구청,2026-02-26
역촌동,1,서오릉로9길 14-13,14-63,37.6074190000,126.9202780000,2004,,02-351-7944,서울특별시 은평구청,2026-02-26
역촌동,1,서오릉로9길 14-15,14-62,37.6075540000,126.9203100000,2018,,02-351-7944,서울특별시 은평구청,2026-02-26
역촌동,1,서오릉로9길 14-20,14-99,37.6077080000,126.9204210000,1999,,02-351-7944,서울특별시 은평구청,2026-02-26
역촌동,1,역말로 84-7,14-94,37.6069280000,126.9198770000,,,02-351-7944,서울특별시 은평구청,2026-02-26
역촌동,1,역말로 92-11,14-70,37.6070640000,126.9199430000,1999,,02-351-7944,서울특별시 은평구청,2026-02-26
역촌동,1,역말로 92-5,14-65,37.6072910000,126.9201100000,1999,,02-351-7944,서울특별시 은평구청,2026-02-26
역촌동,1,역말로 90,14-91,37.6074050000,126.9197460000,,,02-351-7944,서울특별시 은평구청,2026-02-26
역촌동,1,서오릉로9길 16,01월 19일,37.6066690000,126.9201190000,2016,,02-351-7944,서울특별시 은평구청,2026-02-26
역촌동,1,역말로 84-7,14-94,37.6069280000,126.9198770000,2016,,02-351-7944,서울특별시 은평구청,2026-02-26
역촌동,1,역말로 84-1,14-85,37.6069600000,126.9194240000,2016,,02-351-7944,서울특별시 은평구청,2026-02-26
역촌동,1,역말로 84,06월 19일,37.6069287300,126.9193646000,,,02-351-7944,서울특별시 은평구청,2026-02-26
역촌동,1,역말로 82-2,19-89,37.6065980000,126.9192140000,,,02-351-7944,서울특별시 은평구청,2026-02-26
역촌동,1,역말로 82-8,19-13,37.6064020000,126.9194430000,,,02-351-7944,서울특별시 은평구청,2026-02-26
역촌동,1,진흥로1길 52,10월 24일,37.6051120000,126.9183520000,1999,,02-351-7944,서울특별시 은평구청,2026-02-26
역촌동,1,진흥로1길 60-4,19-60,37.6056450000,126.9184570000,1999,,02-351-7944,서울특별시 은평구청,2026-02-26
역촌동,1,역말로 100,10월 14일,37.6080310000,126.9202690000,,,02-351-7944,서울특별시 은평구청,2026-02-26
역촌동,1,진흥로1길 9,Feb-39,37.6010770000,126.9184560000,2018,,02-351-7944,서울특별시 은평구청,2026-02-26
역촌동,1,진흥로1길 9,Feb-39,37.6010770000,126.9184560000,2018,,02-351-7944,서울특별시 은평구청,2026-02-26
역촌동,1,연서로2길 17-2,39-33,37.6010290000,126.9181840000,2012,,02-351-7944,서울특별시 은평구청,2026-02-26
역촌동,1,연서로2길 17,39-38,37.6009820000,126.9179930000,2018,,02-351-7944,서울특별시 은평구청,2026-02-26
역촌동,1,연서로2길 16-12,43-59,37.6006710000,126.9184610000,,,02-351-7944,서울특별시 은평구청,2026-02-26
역촌동,1,연서로2길 18-1,43-55,37.6008130000,126.9182220000,2016,,02-351-7944,서울특별시 은평구청,2026-02-26
역촌동,1,연서로2길 13,Jul-39,37.6009592300,126.9175844000,2020,,02-351-7944,서울특별시 은평구청,2026-02-26
역촌동,1,연서로2길 13,Jul-39,37.6009420000,126.9175630000,2018,,02-351-7944,서울특별시 은평구청,2026-02-26
역촌동,1,연서로2길 15,39-40,37.6009990000,126.9178560000,2018,,02-351-7944,서울특별시 은평구청,2026-02-26
역촌동,1,연서로2길 17-6,Mar-39,37.6012810000,126.9181470000,2016,,02-351-7944,서울특별시 은평구청,2026-02-26
역촌동,1,연서로2길 10-11,43-27,37.6005550000,126.9176250000,,,02-351-7944,서울특별시 은평구청,2026-02-26
역촌동,1,연서로2길 10-1,43-34,37.6007330000,126.9172940000,2018,,02-351-7944,서울특별시 은평구청,2026-02-26
역촌동,1,연서로2길 11-5,Oct-39,37.6012020000,126.9174120000,,,02-351-7944,서울특별시 은평구청,2026-02-26
역촌동,1,진흥로 21-10,43-69,37.6006390000,126.9179300000,2019,,02-351-7944,서울특별시 은평구청,2026-02-26
역촌동,1,연서로2길 10-11,43-27,37.6005550000,126.9176250000,,,02-351-7944,서울특별시 은평구청,2026-02-26
역촌동,1,연서로2길 10-8,43-36,37.6004990000,126.9173200000,,,02-351-7944,서울특별시 은평구청,2026-02-26
역촌동,1,연서로2길 10-1,43-34,37.6007330000,126.9172940000,,,02-351-7944,서울특별시 은평구청,2026-02-26
역촌동,1,진흥로 21,43-14,37.6002500000,126.9177770000,,,02-351-7944,서울특별시 은평구청,2026-02-26
역촌동,1,진흥로 21-4,43-64,37.6004250000,126.9181370000,2015,,02-351-7944,서울특별시 은평구청,2026-02-26
역촌동,1,진흥로 19,43-22,37.6002850000,126.9176400000,2015,,02-351-7944,서울특별시 은평구청,2026-02-26
역촌동,1,연서로2길 5,36-16,37.6008810000,126.9168050000,2018,,02-351-7944,서울특별시 은평구청,2026-02-26
역촌동,1,연서로2길 9-5,39-21,37.6010830000,126.9171300000,2018,,02-351-7944,서울특별시 은평구청,2026-02-26
역촌동,1,연서로2길 5,36-16,37.6008810000,126.9168050000,2018,,02-351-7944,서울특별시 은평구청,2026-02-26
역촌동,1,연서로2길 8-2,Oct-44,37.6005570000,126.9168440000,2018,,02-351-7944,서울특별시 은평구청,2026-02-26
역촌동,1,진흥로 15-4,43-45,37.6003010000,126.9173460000,1999,,02-351-7944,서울특별시 은평구청,2026-02-26
역촌동,1,진흥로 13-5,Dec-44,37.6002690000,126.9168700000,2018,,02-351-7944,서울특별시 은평구청,2026-02-26
역촌동,1,연서로2길 4-10,44-15,37.6000510000,126.9166920000,2018,,02-351-7944,서울특별시 은평구청,2026-02-26
역촌동,1,연서로2길 4-6,44-17,37.6003030000,126.9166660000,1999,,02-351-7944,서울특별시 은평구청,2026-02-26
역촌동,1,연서로2길 8-2,Oct-44,37.6005570000,126.9168440000,1999,,02-351-7944,서울특별시 은평구청,2026-02-26
역촌동,1,연서로2길 4,44-20,37.6006990000,126.9166260000,2018,,02-351-7944,서울특별시 은평구청,2026-02-26
역촌동,1,연서로 26-2,205-9,37.6013730000,126.9164010000,,,02-351-7944,서울특별시 은평구청,2026-02-26
역촌동,1,연서로 26-8,36-41,37.6015980000,126.9163760000,1999,,02-351-7944,서울특별시 은평구청,2026-02-26
역촌동,1,연서로 34-2,36-27,37.6020660000,126.9163460000,1999,,02-351-7944,서울특별시 은평구청,2026-02-26
역촌동,1,연서로4길 2,Feb-37,37.6023989600,126.9160925000,2021,,02-351-7944,서울특별시 은평구청,2026-02-26
역촌동,1,연서로4길 5-5,35-35,37.6026856400,126.9164548000,,,02-351-7944,서울특별시 은평구청,2026-02-26
역촌동,1,연서로4길 5-7,35-34,37.6027530000,126.9165630000,,,02-351-7944,서울특별시 은평구청,2026-02-26
역촌동,1,연서로4길 7-11,35-57,37.6030410000,126.9165250000,1999,,02-351-7944,서울특별시 은평구청,2026-02-26
역촌동,1,연서로4길 7,34-19,37.6026044600,126.9167603000,2021,,02-351-7944,서울특별시 은평구청,2026-02-26
역촌동,1,연서로4길 5-5,35-35,37.6026170000,126.9164060000,,,02-351-7944,서울특별시 은평구청,2026-02-26
역촌동,1,연서로4길 9-1,34-15,37.6025510000,126.9170750000,,,02-351-7944,서울특별시 은평구청,2026-02-26
역촌동,1,연서로4길 10-1,37-25,37.6024503000,126.9171244000,2021,,02-351-7944,서울특별시 은평구청,2026-02-26
역촌동,1,연서로4길 14,Sep-37,37.6024200000,126.9175070000,2003,,02-351-7944,서울특별시 은평구청,2026-02-26
역촌동,1,연서로4길 14,Sep-37,37.6024200000,126.9175070000,1999,,02-351-7944,서울특별시 은평구청,2026-02-26
역촌동,1,연서로4길 13,34-43,37.6025990000,126.9174260000,,,02-351-7944,서울특별시 은평구청,2026-02-26
역촌동,1,연서로4길 9-3,34-13,37.6027850000,126.9170720000,2018,,02-351-7944,서울특별시 은평구청,2026-02-26
역촌동,1,연서로4길 16,Mar-37,37.6024737400,126.9176579000,2022,,02-351-7944,서울특별시 은평구청,2026-02-26
역촌동,1,진흥로1가길 8-2,Jun-37,37.6021240000,126.9177160000,2004,,02-351-7944,서울특별시 은평구청,2026-02-26
역촌동,1,연서로4길 13,34-43,37.6026179200,126.9174872000,,,02-351-7944,서울특별시 은평구청,2026-02-26
역촌동,1,연서로4길 15-1,34-36,37.6027630000,126.9176040000,2002,,02-351-7944,서울특별시 은평구청,2026-02-26
역촌동,1,진흥로1나길 9,34-40,37.6029680000,126.9173750000,2003,,02-351-7944,서울특별시 은평구청,2026-02-26
역촌동,1,연서로4길 18-1,37-52,37.6022870000,126.9178380000,,,02-351-7944,서울특별시 은평구청,2026-02-26
역촌동,1,진흥로1길 11,Jan-39,37.6012570000,126.9184530000,2018,,02-351-7944,서울특별시 은평구청,2026-02-26
역촌동,1,진흥로1가길 3-4,38-13,37.6017420000,126.9183100000,2018,,02-351-7944,서울특별시 은평구청,2026-02-26
역촌동,1,진흥로1길 13-10,38-27,37.6015050000,126.9180080000,2018,,02-351-7944,서울특별시 은평구청,2026-02-26
역촌동,1,진흥로1가길 5-6,38-24,37.6016490000,126.9179940000,1999,,02-351-7944,서울특별시 은평구청,2026-02-26
역촌동,1,진흥로1가길 5-5,Apr-38,37.6017500000,126.9181740000,1999,,02-351-7944,서울특별시 은평구청,2026-02-26
역촌동,1,진흥로1길 13-12,38-26,37.6015130000,126.9178940000,2018,,02-351-7944,서울특별시 은평구청,2026-02-26
역촌동,1,진흥로1길 13-15,39-46,37.6013210000,126.9176370000,2003,,02-351-7944,서울특별시 은평구청,2026-02-26
역촌동,1,진흥로1길 13-18,38-47,37.6015090000,126.9174300000,2018,,02-351-7944,서울특별시 은평구청,2026-02-26
역촌동,1,진흥로1길 13-19,Sep-39,37.6012920000,126.9173310000,2018,,02-351-7944,서울특별시 은평구청,2026-02-26
역촌동,1,연서로2길 5-15,36-53,37.6013490000,126.9167420000,2018,,02-351-7944,서울특별시 은평구청,2026-02-26
역촌동,1,연서로2길 5-11,36-56,37.6011590000,126.9165860000,1999,,02-351-7944,서울특별시 은평구청,2026-02-26
역촌동,1,연서로2길 5-25,Oct-36,37.6017010000,126.9167250000,2018,,02-351-7944,서울특별시 은평구청,2026-02-26
역촌동,1,연서로2길 5-16,38-21,37.6015760000,126.9169310000,2018,,02-351-7944,서울특별시 은평구청,2026-02-26
역촌동,1,연서로2길 5-27,Jul-36,37.6018350000,126.9166550000,2018,,02-351-7944,서울특별시 은평구청,2026-02-26
역촌동,1,연서로4길 8-12,Jun-36,37.6019610000,126.9166420000,2018,,02-351-7944,서울특별시 은평구청,2026-02-26
역촌동,1,연서로4길 8-12,Jun-36,37.6019610000,126.9166420000,1999,,02-351-7944,서울특별시 은평구청,2026-02-26
역촌동,1,진흥로1가길 14-1,37-38,37.6020000000,126.9170040000,,,02-351-7944,서울특별시 은평구청,2026-02-26
역촌동,1,진흥로1가길 13-1,38-20,37.6018120000,126.9170860000,1999,,02-351-7944,서울특별시 은평구청,2026-02-26
역촌동,1,연서로4길 8-1,37-22,37.6023590000,126.9168290000,2018,,02-351-7944,서울특별시 은평구청,2026-02-26
역촌동,1,진흥로1가길 12-1,37-33,37.6021750000,126.9173860000,1999,,02-351-7944,서울특별시 은평구청,2026-02-26
역촌동,1,진흥로1가길 12,37-34,37.6020490000,126.9174220000,,,02-351-7944,서울특별시 은평구청,2026-02-26
역촌동,1,진흥로1가길 7-2,38-50,37.6016200000,126.9177230000,2018,,02-351-7944,서울특별시 은평구청,2026-02-26
역촌동,1,진흥로1가길 7-2,38-50,37.6018100000,126.9178450000,2004,,02-351-7944,서울특별시 은평구청,2026-02-26
역촌동,1,진흥로1가길 6,37-49,37.6022360000,126.9181670000,,,02-351-7944,서울특별시 은평구청,2026-02-26
역촌동,1,진흥로1가길 6,37-49,37.6022360000,126.9181670000,2003,,02-351-7944,서울특별시 은평구청,2026-02-26
역촌동,1,진흥로1가길 2-1,37-45,37.6021120000,126.9183500000,2018,,02-351-7944,서울특별시 은평구청,2026-02-26
역촌동,1,연서로4길 20,Feb-37,37.6025602500,126.9180771000,2021,,02-351-7944,서울특별시 은평구청,2026-02-26
역촌동,1,연서로4길 17-1,34-29,37.6026400000,126.9179570000,,,02-351-7944,서울특별시 은평구청,2026-02-26
역촌동,1,연서로4길 17-2,34-28,37.6027840000,126.9179330000,,,02-351-7944,서울특별시 은평구청,2026-02-26
역촌동,1,진흥로1나길 7,34-31,37.6030070000,126.9177140000,,,02-351-7944,서울특별시 은평구청,2026-02-26
역촌동,1,진흥로1나길 3,34-47,37.6030280000,126.9180540000,1999,,02-351-7944,서울특별시 은평구청,2026-02-26
역촌동,1,진흥로1나길 1,34-44,37.6030390000,126.9182230000,2015,,02-351-7944,서울특별시 은평구청,2026-02-26
역촌동,1,연서로4길 21-1,34-50,37.6028030000,126.9180680000,2019,,02-351-7944,서울특별시 은평구청,2026-02-26
역촌동,1,진흥로1나길 6-6,Oct-33,37.6033200000,126.9174260000,2004,,02-351-7944,서울특별시 은평구청,2026-02-26
역촌동,1,진흥로1나길 11,Apr-34,37.6029750000,126.9172160000,1999,,02-351-7944,서울특별시 은평구청,2026-02-26
역촌동,1,진흥로1나길 13-1,May-34,37.6029260000,126.9167410000,1999,,02-351-7944,서울특별시 은평구청,2026-02-26
역촌동,1,연서로4길 7-11,35-57,37.6030410000,126.9165250000,2018,,02-351-7944,서울특별시 은평구청,2026-02-26
역촌동,1,연서로4길 7-4,34-20,37.6026650000,126.9167790000,2018,,02-351-7944,서울특별시 은평구청,2026-02-26
역촌동,1,연서로4길 7-4,34-20,37.6026650000,126.9167790000,2018,,02-351-7944,서울특별시 은평구청,2026-02-26
역촌동,1,연서로4길 7-15,35-55,37.6033020000,126.9164980000,1999,,02-351-7944,서울특별시 은평구청,2026-02-26
역촌동,1,연서로4길 7-15,35-55,37.6033020000,126.9164980000,2018,,02-351-7944,서울특별시 은평구청,2026-02-26
역촌동,1,연서로6길 8-10,35-52,37.6036620000,126.9164360000,2018,,02-351-7944,서울특별시 은평구청,2026-02-26
역촌동,1,진흥로1다길 7-13,33-49,37.6032700000,126.9169520000,1999,,02-351-7944,서울특별시 은평구청,2026-02-26
역촌동,1,진흥로1다길 7-9,Dec-33,37.6032910000,126.9172800000,,,02-351-7944,서울특별시 은평구청,2026-02-26
역촌동,1,연서로6길 8-10,35-52,37.6036620000,126.9164360000,2002,,02-351-7944,서울특별시 은평구청,2026-02-26
역촌동,1,연서로4길 5-31,35-59,37.6039120000,126.9162290000,2001,,02-351-7944,서울특별시 은평구청,2026-02-26
역촌동,1,연서로6길 8-9,32-37,37.6037730000,126.9167520000,2018,,02-351-7944,서울특별시 은평구청,2026-02-26
역촌동,1,연서로6길 8-1(연서어린이공원),32-36,37.6040160000,126.9167480000,2018,,02-351-7944,서울특별시 은평구청,2026-02-26
역촌동,1,연서로6길 6,Mar-35,37.6040840000,126.9162720000,2019,,02-351-7944,서울특별시 은평구청,2026-02-26
역촌동,1,연서로6길 5-5,22-55,37.6044170000,126.9162330000,,,02-351-7944,서울특별시 은평구청,2026-02-26
역촌동,1,연서로6길 5-5,22-55,37.6044170000,126.9162330000,1999,,02-351-7944,서울특별시 은평구청,2026-02-26
역촌동,1,연서로 54,35-60,37.6039174500,126.9159007000,,,02-351-7944,서울특별시 은평구청,2026-02-26
역촌동,1,연서로 48-2,Sep-35,37.6035510000,126.9161430000,1999,,02-351-7944,서울특별시 은평구청,2026-02-26
역촌동,1,연서로 48-3,Aug-35,37.6036770000,126.9161300000,2003,,02-351-7944,서울특별시 은평구청,2026-02-26
역촌동,1,연서로 48-4,Jul-35,37.6037560000,126.9159140000,2005,,02-351-7944,서울특별시 은평구청,2026-02-26
역촌동,1,진흥로 145-10,39-39,37.6086355600,126.9254139000,2022,,02-351-7944,서울특별시 은평구청,2026-02-26
역촌동,1,연서로 42-1,35-63,37.6027860000,126.9162340000,2001,,02-351-7944,서울특별시 은평구청,2026-02-26
역촌동,1,진흥로1다길 12-1,32-42,37.6037570000,126.9169900000,2018,,02-351-7944,서울특별시 은평구청,2026-02-26
역촌동,1,진흥로1다길 12,32-34,37.6037860000,126.9171370000,2018,,02-351-7944,서울특별시 은평구청,2026-02-26
역촌동,1,진흥로1다길 11,33-22,37.6036121300,126.9171890000,2019,,02-351-7944,서울특별시 은평구청,2026-02-26
역촌동,1,진흥로1다길 8-1,32-28,37.6037260000,126.9175000000,2002,,02-351-7944,서울특별시 은평구청,2026-02-26
역촌동,1,진흥로1다길 7,May-33,37.6036824400,126.9176529000,,,02-351-7944,서울특별시 은평구청,2026-02-26
역촌동,1,진흥로1다길 8,32-20,37.6037640000,126.9176810000,2018,,02-351-7944,서울특별시 은평구청,2026-02-26
역촌동,1,진흥로1다길 8-2,32-21,37.6039351400,126.9176368000,,,02-351-7944,서울특별시 은평구청,2026-02-26
역촌동,1,연서로6길 18-1,32-22,37.6039890000,126.9176660000,2018,,02-351-7944,서울특별시 은평구청,2026-02-26
역촌동,1,진흥로1다길 3,Mar-33,37.6035860000,126.9179660000,2018,,02-351-7944,서울특별시 은평구청,2026-02-26
역촌동,1,진흥로1다길 2-1,Aug-32,37.6038130000,126.9181550000,,,02-351-7944,서울특별시 은평구청,2026-02-26
역촌동,1,진흥로1다길 4,Sep-32,37.6038750000,126.9180190000,2001,,02-351-7944,서울특별시 은평구청,2026-02-26
역촌동,1,연서로6길 20,32-15,37.6040980000,126.9177890000,,,02-351-7944,서울특별시 은평구청,2026-02-26
역촌동,1,연서로6길 18-1,32-22,37.6039890000,126.9176660000,2018,,02-351-7944,서울특별시 은평구청,2026-02-26
역촌동,1,연서로6길 16,32-25,37.6040050000,126.9174620000,,,02-351-7944,서울특별시 은평구청,2026-02-26
역촌동,1,연서로6길 13-5,23-54,37.6046430000,126.9172600000,,,02-351-7944,서울특별시 은평구청,2026-02-26
역촌동,1,연서로6길 12,32-35,37.6040100000,126.9170310000,,,02-351-7944,서울특별시 은평구청,2026-02-26
역촌동,1,연서로6길 13-5,23-54,37.6046430000,126.9172600000,,,02-351-7944,서울특별시 은평구청,2026-02-26
역촌동,1,진흥로1라길 13,23-13,37.6045760000,126.9168080000,2017,,02-351-7944,서울특별시 은평구청,2026-02-26
역촌동,1,연서로6길 5-3,22-57,37.6043810000,126.9162790000,2018,,02-351-7944,서울특별시 은평구청,2026-02-26
역촌동,1,연서로6길 5-9,22-32,37.6045160000,126.9162430000,2004,,02-351-7944,서울특별시 은평구청,2026-02-26
역촌동,1,진흥로1라길 12,21-21,37.6049110000,126.9170300000,2018,,02-351-7944,서울특별시 은평구청,2026-02-26
역촌동,1,연서로6길 5-26,23-15,37.6046540000,126.9165460000,1999,,02-351-7944,서울특별시 은평구청,2026-02-26
역촌동,1,역말로 52-26,22-24,37.6048680000,126.9163050000,2017,,02-351-7944,서울특별시 은평구청,2026-02-26
역촌동,1,진흥로1라길 7,09월 23일,37.6047160000,126.9173840000,2018,,02-351-7944,서울특별시 은평구청,2026-02-26
역촌동,1,진흥로1라길 10-1,21-18,37.6049670000,126.9172330000,2001,,02-351-7944,서울특별시 은평구청,2026-02-26
역촌동,1,진흥로1라길 5-1,06월 23일,37.6046720000,126.9175200000,2018,,02-351-7944,서울특별시 은평구청,2026-02-26
역촌동,1,진흥로1라길 5-1,06월 23일,37.6046720000,126.9175200000,,,02-351-7944,서울특별시 은평구청,2026-02-26
역촌동,1,진흥로1라길 5-1,06월 23일,37.6047100000,126.9177010000,2018,,02-351-7944,서울특별시 은평구청,2026-02-26
역촌동,1,진흥로1길 47-8,23-50,37.6047040000,126.9180070000,2018,,02-351-7944,서울특별시 은평구청,2026-02-26
역촌동,1,진흥로1길 47-3,23-57,37.6045060000,126.9180320000,1999,,02-351-7944,서울특별시 은평구청,2026-02-26
역촌동,1,진흥로1길 47,23-33,37.6045832300,126.9182495000,,,02-351-7944,서울특별시 은평구청,2026-02-26
역촌동,1,진흥로1길 53,03월 21일,37.5999620000,126.9167390000,2018,,02-351-7944,서울특별시 은평구청,2026-02-26
역촌동,1,진흥로1길 55-1,01월 21일,37.6053350000,126.9180770000,2018,,02-351-7944,서울특별시 은평구청,2026-02-26
역촌동,1,진흥로1길 55-11,21-35,37.6051770000,126.9175920000,,,02-351-7944,서울특별시 은평구청,2026-02-26
역촌동,1,진흥로1라길 2-9,07월 21일,37.6053330000,126.9178730000,2018,,02-351-7944,서울특별시 은평구청,2026-02-26
역촌동,1,진흥로1길 55-15,21-40,37.6052930000,126.9174320000,2018,,02-351-7944,서울특별시 은평구청,2026-02-26
역촌동,1,진흥로1길 55-19,21-37,37.6051840000,126.9172980000,2018,,02-351-7944,서울특별시 은평구청,2026-02-26
역촌동,1,역말로62-1,20-20,37.6058940400,126.9172686000,2021,,02-351-7944,서울특별시 은평구청,2026-02-26
역촌동,1,진흥로1길 55-29,21-50,37.6052430000,126.9168780000,2018,,02-351-7944,서울특별시 은평구청,2026-02-26
역촌동,1,진흥로1길 55-29,21-50,37.6052430000,126.9168780000,2018,,02-351-7944,서울특별시 은평구청,2026-02-26
역촌동,1,역말로 56-3,20-38,37.6055760000,126.9168280000,2019,,02-351-7944,서울특별시 은평구청,2026-02-26
역촌동,1,진흥로1길 55-33,21-56,37.6050700000,126.9166420000,,,02-351-7944,서울특별시 은평구청,2026-02-26
역촌동,1,연서로 70-4,09월 22일,37.6052640000,126.9161860000,2017,,02-351-7944,서울특별시 은평구청,2026-02-26
역촌동,1,연서로 70-4,09월 22일,37.6052640000,126.9161860000,2017,,02-351-7944,서울특별시 은평구청,2026-02-26
역촌동,1,연서로 70-5,03월 22일,37.6053900000,126.9161730000,2017,,02-351-7944,서울특별시 은평구청,2026-02-26
역촌동,1,역말로 52-3,20-67,37.6056090000,126.9164650000,2017,,02-351-7944,서울특별시 은평구청,2026-02-26
역촌동,1,연서로 68,12월 22일,37.6051880000,126.9157460000,2018,,02-351-7944,서울특별시 은평구청,2026-02-26
역촌동,1,연서로 70,06월 22일,37.6053760000,126.9156980000,2004,,02-351-7944,서울특별시 은평구청,2026-02-26
역촌동,1,연서로 70-5,03월 22일,37.6053900000,126.9161730000,,,02-351-7944,서울특별시 은평구청,2026-02-26
역촌동,1,역말로 58,20-39,37.6057200000,126.9168030000,2017,,02-351-7944,서울특별시 은평구청,2026-02-26
역촌동,1,진흥로1길 55-8,08월 20일,37.6057110000,126.9178450000,1999,,02-351-7944,서울특별시 은평구청,2026-02-26
역촌동,1,연서로 60-1,22-37,37.6044580000,126.9158360000,,,02-351-7944,서울특별시 은평구청,2026-02-26
역촌동,1,연서로 82-1,9-39,37.6064980400,126.9155392000,2019,,02-351-7944,서울특별시 은평구청,2026-02-26
역촌동,1,연서로 82-4,9-57,37.6063420000,126.9158310000,,,02-351-7944,서울특별시 은평구청,2026-02-26
역촌동,1,연서로 82-1,9-39,37.6064980400,126.9155392000,2019,,02-351-7944,서울특별시 은평구청,2026-02-26
역촌동,1,역말로 51-3,9-52,37.6061640000,126.9161620000,2018,,02-351-7944,서울특별시 은평구청,2026-02-26
역촌동,1,역말로 51-5,9-49,37.6061450000,126.9159700000,2014,,02-351-7944,서울특별시 은평구청,2026-02-26
역촌동,1,역말로 51-12,10-52,37.6064360000,126.9163050000,2018,,02-351-7944,서울특별시 은평구청,2026-02-26
역촌동,1,역말로 57-11,10-90,37.6063030000,126.9165680000,1999,,02-351-7944,서울특별시 은평구청,2026-02-26
역촌동,1,역말로 57-10,10-38,37.6064670000,126.9166790000,2018,,02-351-7944,서울특별시 은평구청,2026-02-26
역촌동,1,역말로 57-12,10-39,37.6064460000,126.9164070000,2016,,02-351-7944,서울특별시 은평구청,2026-02-26
역촌동,1,역말로 57-1,10-88,37.6060980000,126.9167410000,1999,,02-351-7944,서울특별시 은평구청,2026-02-26
역촌동,1,역말로 57-6,10월 25일,37.6064870000,126.9169500000,1999,,02-351-7944,서울특별시 은평구청,2026-02-26
역촌동,1,역말로 61-4,10-62,37.6062650000,126.9172590000,1999,,02-351-7944,서울특별시 은평구청,2026-02-26
역촌동,1,역말로7길 3-14,10월 16일,37.6065620000,126.9172320000,2018,,02-351-7944,서울특별시 은평구청,2026-02-26
역촌동,1,역말로7길 3-9,10-101,37.6063490000,126.9176430000,2018,,02-351-7944,서울특별시 은평구청,2026-02-26
역촌동,1,역말로 71,13-54,37.6065500000,126.9179120000,,,02-351-7944,서울특별시 은평구청,2026-02-26
역촌동,1,역말로7길 3-2,10월 04일,37.6065743600,126.9179098000,2021,,02-351-7944,서울특별시 은평구청,2026-02-26
역촌동,1,역말로 69,10-54,37.6062722200,126.9180490000,,,02-351-7944,서울특별시 은평구청,2026-02-26
역촌동,1,역말로 71-7,13-50,37.6066798500,126.9182756000,2022,,02-351-7944,서울특별시 은평구청,2026-02-26
역촌동,1,역말로 71-7,13-50,37.6066798500,126.9182756000,2022,,02-351-7944,서울특별시 은평구청,2026-02-26
역촌동,1,역말로 73,13-42,37.6064550000,126.9184230000,,,02-351-7944,서울특별시 은평구청,2026-02-26
역촌동,1,역말로7길 3-11,10-63,37.6064707300,126.9174153000,2021,,02-351-7944,서울특별시 은평구청,2026-02-26
역촌동,1,역말로7길 3-12,10월 08일,37.6065090000,126.9173690000,1999,,02-351-7944,서울특별시 은평구청,2026-02-26
역촌동,1,역말로 71-10,13-57,37.6068060000,126.9183270000,,,02-351-7944,서울특별시 은평구청,2026-02-26
역촌동,1,연서로8길 22,10월 01일,37.6068020000,126.9178860000,,,02-351-7944,서울특별시 은평구청,2026-02-26
역촌동,1,역말로7길 8,13-47,37.6068741500,126.9181061000,2021,,02-351-7944,서울특별시 은평구청,2026-02-26
역촌동,1,역말로7길 8,13-47,37.6068410000,126.9181680000,1999,,02-351-7944,서울특별시 은평구청,2026-02-26
역촌동,1,연서로8길 19-1,11월 18일,37.6069250000,126.9175890000,2018,,02-351-7944,서울특별시 은평구청,2026-02-26
역촌동,1,연서로8길 18-1,10-103,37.6067440000,126.9174900000,2018,,02-351-7944,서울특별시 은평구청,2026-02-26
역촌동,1,연서로8길 17,11-35,37.6070020000,126.9171240000,,,02-351-7944,서울특별시 은평구청,2026-02-26
역촌동,1,연서로8길 17-6,11월 10일,37.6072120000,126.9174270000,2004,,02-351-7944,서울특별시 은평구청,2026-02-26
역촌동,1,역말로7길 9-7,11월 11일,37.6072130000,126.9175400000,1999,,02-351-7944,서울특별시 은평구청,2026-02-26
역촌동,1,역말로7길 9-5,11월 12일,37.6071510000,126.9176090000,2016,,02-351-7944,서울특별시 은평구청,2026-02-26
역촌동,1,연서로8길 14,10월 26일,37.6067345100,126.9169941000,2021,,02-351-7944,서울특별시 은평구청,2026-02-26
역촌동,1,연서로8길 14,10월 26일,37.6067300000,126.9169240000,2018,,02-351-7944,서울특별시 은평구청,2026-02-26
역촌동,1,연서로8길 11,11-47,37.6035830000,126.9176270000,,,02-351-7944,서울특별시 은평구청,2026-02-26
역촌동,1,연서로8길 12-3,10월 28일,37.6066300000,126.9168010000,2018,,02-351-7944,서울특별시 은평구청,2026-02-26
역촌동,1,연서로8길 13-4,11-38,37.6070370000,126.9169990000,1999,,02-351-7944,서울특별시 은평구청,2026-02-26
역촌동,1,연서로8길 8,10-50,37.6066700000,126.9162790000,2018,,02-351-7944,서울특별시 은평구청,2026-02-26
역촌동,1,연서로8길 5-1,9-31,37.6068480000,126.9160620000,2018,,02-351-7944,서울특별시 은평구청,2026-02-26
역촌동,1,연서로8길 7-7,09월 16일,37.6071090000,126.9160120000,2018,,02-351-7944,서울특별시 은평구청,2026-02-26
역촌동,1,연서로8길 1,09월 26일,37.6068000000,126.9156890000,2001,,02-351-7944,서울특별시 은평구청,2026-02-26
역촌동,1,연서로10길 3,8-43,37.6074310000,126.9157250000,2004,,02-351-7944,서울특별시 은평구청,2026-02-26
역촌동,1,연서로10길 3,8-43,37.6074310000,126.9157250000,2018,,02-351-7944,서울특별시 은평구청,2026-02-26
역촌동,1,연서로10길 7,8-50,37.6074520000,126.9160750000,2018,,02-351-7944,서울특별시 은평구청,2026-02-26
역촌동,1,연서로10길 8,11-63,37.6073986600,126.9162889000,2022,,02-351-7944,서울특별시 은평구청,2026-02-26
역촌동,1,연서로10길 3-7,8-66,37.6077930000,126.9158780000,1999,,02-351-7944,서울특별시 은평구청,2026-02-26
역촌동,1,연서로 90,09월 08일,37.6071860000,126.9155020000,,,02-351-7944,서울특별시 은평구청,2026-02-26
역촌동,1,연서로 88-4,09월 19일,37.6069900000,126.9157540000,,,02-351-7944,서울특별시 은평구청,2026-02-26
역촌동,1,연서로10길 10-1,11-51,37.6075550000,126.9165160000,2018,,02-351-7944,서울특별시 은평구청,2026-02-26
역촌동,1,연서로10길 10-1,11-51,37.6073040000,126.9166210000,2018,,02-351-7944,서울특별시 은평구청,2026-02-26
역촌동,1,연서로8길 9-4,11-48,37.6071060000,126.9166470000,,,02-351-7944,서울특별시 은평구청,2026-02-26
역촌동,1,연서로10길 13,12-39,37.6075220000,126.9168110000,2018,,02-351-7944,서울특별시 은평구청,2026-02-26
역촌동,1,연서로10길 14,11-40,37.6073520000,126.9169720000,,,02-351-7944,서울특별시 은평구청,2026-02-26
역촌동,1,연서로10길 17,12월 25일,37.6075260000,126.9172520000,2018,,02-351-7944,서울특별시 은평구청,2026-02-26
역촌동,1,연서로10길 15-6,12월 28일,37.6078140000,126.9172140000,1999,,02-351-7944,서울특별시 은평구청,2026-02-26
역촌동,1,연서로10길 15-14,12월 11일,37.6080010000,126.9169400000,,,02-351-7944,서울특별시 은평구청,2026-02-26
역촌동,1,연서로14길 24,12월 22일,37.6076020000,126.9177040000,2018,,02-351-7944,서울특별시 은평구청,2026-02-26
역촌동,1,연서로10길 15-11,12-33,37.6077840000,126.9168410000,2016,,02-351-7944,서울특별시 은평구청,2026-02-26
역촌동,1,연서로14길 21,4-66,37.6076020000,126.9177040000,,,02-351-7944,서울특별시 은평구청,2026-02-26
역촌동,1,역말로7길 13,11월 01일,37.6073780000,126.9178210000,,,02-351-7944,서울특별시 은평구청,2026-02-26
역촌동,1,연서로10길 24,13-15,37.6074710000,126.9181700000,2018,,02-351-7944,서울특별시 은평구청,2026-02-26
역촌동,1,역말로7길 14,13-20,37.6074160000,126.9180350000,1999,,02-351-7944,서울특별시 은평구청,2026-02-26
역촌동,1,연서로10길 24-7,13-14,37.6071660000,126.9182880000,1999,,02-351-7944,서울특별시 은평구청,2026-02-26
역촌동,1,역말로7길 10,13-25,37.6070120000,126.9181430000,2002,,02-351-7944,서울특별시 은평구청,2026-02-26
역촌동,1,역말로7길 11,11월 04일,37.6072970000,126.9178670000,,,02-351-7944,서울특별시 은평구청,2026-02-26
역촌동,1,역말로 83-11,13-29,37.6070970000,126.9185840000,2004,,02-351-7944,서울특별시 은평구청,2026-02-26
역촌동,1,역말로 83-5,13-33,37.6072250000,126.9188650000,1999,,02-351-7944,서울특별시 은평구청,2026-02-26
역촌동,1,역말로 79-5,13-45,37.6067990000,126.9185090000,1999,,02-351-7944,서울특별시 은평구청,2026-02-26
역촌동,1,역말로 76-3,19-29,37.6061710000,126.9188690000,2015,,02-351-7944,서울특별시 은평구청,2026-02-26
역촌동,1,역말로 72-1,19-52,37.6061130000,126.9184170000,2016,,02-351-7944,서울특별시 은평구청,2026-02-26
역촌동,1,역말로 83-4,03월 14일,37.6073450000,126.9191580000,,,02-351-7944,서울특별시 은평구청,2026-02-26
역촌동,1,역말로 83-8,03월 16일,37.6074990200,126.9191207000,2020,,02-351-7944,서울특별시 은평구청,2026-02-26
역촌동,1,역말로 83-8,03월 16일,37.6074530000,126.9191330000,2018,,02-351-7944,서울특별시 은평구청,2026-02-26
역촌동,1,역말로 83-10,3-35,37.6076050000,126.9190180000,2002,,02-351-7944,서울특별시 은평구청,2026-02-26
역촌동,1,연서로16길 32-7,3-32,37.6079040000,126.9191490000,2018,,02-351-7944,서울특별시 은평구청,2026-02-26
역촌동,1,연서로10길 27-12,4-41,37.6080810000,126.9187850000,,,02-351-7944,서울특별시 은평구청,2026-02-26
역촌동,1,연서로10길 27-4,4-37,37.6077990000,126.9184830000,2018,,02-351-7944,서울특별시 은평구청,2026-02-26
역촌동,1,연서로16길 34-5,03월 25일,37.6079790000,126.9195220000,1999,,02-351-7944,서울특별시 은평구청,2026-02-26
역촌동,1,연서로16길 34-8,03월 31일,37.6079500000,126.9193190000,1999,,02-351-7944,서울특별시 은평구청,2026-02-26
역촌동,1,연서로16길 27,2-106,37.6084010000,126.9193350000,1999,,02-351-7944,서울특별시 은평구청,2026-02-26
역촌동,1,연서로16길 33,2-62,37.6083831100,126.9196378000,2021,,02-351-7944,서울특별시 은평구청,2026-02-26
역촌동,1,역말로 97,03월 01일,37.6080967200,126.9199424000,2021,,02-351-7944,서울특별시 은평구청,2026-02-26
역촌동,1,연서로16길 25-12,2-107,37.6084740000,126.9194130000,2019,,02-351-7944,서울특별시 은평구청,2026-02-26
역촌동,1,연서로16길 25-9,2-65,37.6086473000,126.9195282000,2021,,02-351-7944,서울특별시 은평구청,2026-02-26
역촌동,1,연서로16길 25-1,2-90,37.6087800000,126.9194090000,1999,,02-351-7944,서울특별시 은평구청,2026-02-26
역촌동,1,연서로16길 19-18,2-66,37.6086820000,126.9195350000,1999,,02-351-7944,서울특별시 은평구청,2026-02-26
역촌동,1,연서로10길 28-1,09월 13일,37.6074940000,126.9186910000,1999,,02-351-7944,서울특별시 은평구청,2026-02-26
역촌동,1,연서로10길 28,07월 13일,37.6075380000,126.9185320000,2018,,02-351-7944,서울특별시 은평구청,2026-02-26
역촌동,1,연서로16길 19-9,2-78,37.6090670000,126.9192120000,2003,,02-351-7944,서울특별시 은평구청,2026-02-26
역촌동,1,연서로16길 19-7,2-81,37.6091280000,126.9190640000,1999,,02-351-7944,서울특별시 은평구청,2026-02-26
역촌동,1,서오릉로 109-19,2-72,37.6090510000,126.9194840000,1999,,02-351-7944,서울특별시 은평구청,2026-02-26
역촌동,1,연서로16길 35-3,2-61,37.6084320000,126.9197420000,1998,,02-351-7944,서울특별시 은평구청,2026-02-26
역촌동,1,서오릉로 101,2-46,37.6087610000,126.9202240000,2003,,02-351-7944,서울특별시 은평구청,2026-02-26
역촌동,1,서오릉로 103-1,2-45,37.6088750000,126.9199170000,2002,,02-351-7944,서울특별시 은평구청,2026-02-26
역촌동,1,역말로 103-1,2-53,37.6085870000,126.9200000000,1999,,02-351-7944,서울특별시 은평구청,2026-02-26
역촌동,1,역촌동 2-41,2-41,37.6090990000,126.9197660000,1999,,02-351-7944,서울특별시 은평구청,2026-02-26
역촌동,1,서오릉로 109-19,2-72,37.6090510000,126.9194840000,2001,,02-351-7944,서울특별시 은평구청,2026-02-26
역촌동,1,서오릉로 109-7,2-127,37.6091600000,126.9196070000,1998,,02-351-7944,서울특별시 은평구청,2026-02-26
역촌동,1,서오릉로 109,2-35,37.6095220000,126.9197600000,,,02-351-7944,서울특별시 은평구청,2026-02-26
역촌동,1,서오릉로 109-4,2-36,37.6093490000,126.9195250000,2018,,02-351-7944,서울특별시 은평구청,2026-02-26
역촌동,1,서오릉로 109-16,2-82,37.6092010000,126.9190970000,1999,,02-351-7944,서울특별시 은평구청,2026-02-26
역촌동,1,연서로16길 27,2-100,37.6085620000,126.9192310000,2018,,02-351-7944,서울특별시 은평구청,2026-02-26
역촌동,1,연서로16길 25-1,2-90,37.6087350600,126.9191272000,2021,,02-351-7944,서울특별시 은평구청,2026-02-26
역촌동,1,연서로16길 26,04월 08일,37.6086140000,126.9189580000,2018,,02-351-7944,서울특별시 은평구청,2026-02-26
역촌동,1,연서로16길 21-1,2-86,37.6090290000,126.9190200000,2018,,02-351-7944,서울특별시 은평구청,2026-02-26
역촌동,1,연서로16길 19,02월 11일,37.6092330000,126.9187110000,1999,,02-351-7944,서울특별시 은평구청,2026-02-26
역촌동,1,연서로16길 22-12,5-35,37.6086820000,126.9185040000,2016,,02-351-7944,서울특별시 은평구청,2026-02-26
역촌동,1,연서로16길 22-12,5-35,37.6086820000,126.9185040000,2019,,02-351-7944,서울특별시 은평구청,2026-02-26
역촌동,1,연서로14길 21-19,5-44,37.6084270000,126.9182130000,2019,,02-351-7944,서울특별시 은평구청,2026-02-26
역촌동,1,연서로14길 21-16,4-55,37.6081300000,126.9182290000,2018,,02-351-7944,서울특별시 은평구청,2026-02-26
역촌동,1,연서로14길 21-30,04월 29일,37.6083860000,126.9186780000,,,02-351-7944,서울특별시 은평구청,2026-02-26
역촌동,1,연서로14길 21-28,04월 22일,37.6084500000,126.9187340000,2014,,02-351-7944,서울특별시 은평구청,2026-02-26
역촌동,1,연서로14길 21-7,5-54,37.6081450000,126.9179340000,2019,,02-351-7944,서울특별시 은평구청,2026-02-26
역촌동,1,연서로14길 21-10,4-53,37.6079590000,126.9182650000,2004,,02-351-7944,서울특별시 은평구청,2026-02-26
역촌동,1,연서로14길 22,12월 21일,37.6078270000,126.9176100000,,,02-351-7944,서울특별시 은평구청,2026-02-26
역촌동,1,연서로14길 15,05월 23일,37.6083670000,126.9175800000,,,02-351-7944,서울특별시 은평구청,2026-02-26
역촌동,1,연서로14길 18,12월 17일,37.6080510000,126.9174820000,,,02-351-7944,서울특별시 은평구청,2026-02-26
역촌동,1,연서로14길 21,4-66,37.6078200000,126.9178710000,,,02-351-7944,서울특별시 은평구청,2026-02-26
역촌동,1,연서로14길 15-5,05월 18일,37.6084940000,126.9176800000,2019,,02-351-7944,서울특별시 은평구청,2026-02-26
역촌동,1,연서로14길 15-9,05월 16일,37.6086760000,126.9178700000,2019,,02-351-7944,서울특별시 은평구청,2026-02-26
역촌동,1,연서로16길 18-8,05월 08일,37.6089940000,126.9181940000,2019,,02-351-7944,서울특별시 은평구청,2026-02-26
역촌동,1,연서로14길 13,05월 20일,37.6085280000,126.9174980000,,,02-351-7944,서울특별시 은평구청,2026-02-26
역촌동,1,연서로14길 11-5,06월 20일,37.6087800000,126.9174270000,2018,,02-351-7944,서울특별시 은평구청,2026-02-26
역촌동,1,연서로16길 14-14,6-31,37.6090430000,126.9176150000,2018,,02-351-7944,서울특별시 은평구청,2026-02-26
역촌동,1,연서로16길 14-4,06월 08일,37.6093440000,126.9179960000,2018,,02-351-7944,서울특별시 은평구청,2026-02-26
역촌동,1,연서로16길 15,02월 07일,37.6094460000,126.9183800000,2018,,02-351-7944,서울특별시 은평구청,2026-02-26
역촌동,1,연서로16길 13,01월 16일,37.6095260000,126.9181970000,2018,,02-351-7944,서울특별시 은평구청,2026-02-26
역촌동,1,연서로16길 15-8,02월 04일,37.6096650000,126.9186710000,2018,,02-351-7944,서울특별시 은평구청,2026-02-26
역촌동,1,연서로16길 11-9,1-73,37.6101310000,126.9183130000,2019,,02-351-7944,서울특별시 은평구청,2026-02-26
역촌동,1,연서로16길 11-7,01월 23일,37.6098860000,126.9181690000,2019,,02-351-7944,서울특별시 은평구청,2026-02-26
역촌동,1,연서로16길 11-3,01월 24일,37.6097040000,126.9179570000,2018,,02-351-7944,서울특별시 은평구청,2026-02-26
역촌동,1,연서로16길 17,02월 09일,37.6093310000,126.9185510000,2018,,02-351-7944,서울특별시 은평구청,2026-02-26
역촌동,1,서오릉로 115,2-136,37.6097250000,126.9192250000,2019,,02-351-7944,서울특별시 은평구청,2026-02-26
역촌동,1,서오릉로 115-8,02월 16일,37.6094970000,126.9189570000,2019,,02-351-7944,서울특별시 은평구청,2026-02-26
역촌동,1,연서로16길 9-6,01월 28일,37.6099210000,126.9180330000,1999,,02-351-7944,서울특별시 은평구청,2026-02-26
역촌동,1,연서로16길 9-3,01월 30일,37.6099460000,126.9177950000,2018,,02-351-7944,서울특별시 은평구청,2026-02-26
역촌동,1,연서로16길 9-3,01월 30일,37.6099688400,126.9178336000,2018,,02-351-7944,서울특별시 은평구청,2026-02-26
역촌동,1,연서로16길 5,1-55,37.6100509600,126.9174511000,2018,,02-351-7944,서울특별시 은평구청,2026-02-26
역촌동,1,연서로16길 5,1-55,37.6099970000,126.9175000000,2018,,02-351-7944,서울특별시 은평구청,2026-02-26
역촌동,1,연서로16길 12-1,06월 05일,37.6094910800,126.9179398000,,,02-351-7944,서울특별시 은평구청,2026-02-26
역촌동,1,연서로16길 3-7,1-47,37.6102850000,126.9174840000,2019,,02-351-7944,서울특별시 은평구청,2026-02-26
역촌동,1,연서로16길 3-10,1-52,37.6103240000,126.9177890000,2019,,02-351-7944,서울특별시 은평구청,2026-02-26
역촌동,1,연서로16길 3-8,1-53,37.6101610000,126.9176670000,,,02-351-7944,서울특별시 은평구청,2026-02-26
역촌동,1,연서로14길 5-15,07월 09일,37.6094980000,126.9171560000,2018,,02-351-7944,서울특별시 은평구청,2026-02-26
역촌동,1,연서로14길 5-17,07월 07일,37.6095440000,126.9172570000,2018,,02-351-7944,서울특별시 은평구청,2026-02-26
역촌동,1,연서로14길 5-22,6-37,37.6091400000,126.9174100000,1999,,02-351-7944,서울특별시 은평구청,2026-02-26
역촌동,1,연서로14길 5-24,6-38,37.6090760000,126.9173320000,2018,,02-351-7944,서울특별시 은평구청,2026-02-26
역촌동,1,연서로14길 5-26,6-39,37.6088950000,126.9171530000,2018,,02-351-7944,서울특별시 은평구청,2026-02-26
역촌동,1,연서로14길 5-3,7-38,37.6091250000,126.9167530000,2015,,02-351-7944,서울특별시 은평구청,2026-02-26
역촌동,1,연서로14길 7,06월 24일,37.6088570000,126.9169500000,2018,,02-351-7944,서울특별시 은평구청,2026-02-26
역촌동,1,연서로14길 5-7,7-35,37.6092630000,126.9170010000,2018,,02-351-7944,서울특별시 은평구청,2026-02-26
역촌동,1,연서로14길 8,08월 12일,37.6087090000,126.9165900000,,,02-351-7944,서울특별시 은평구청,2026-02-26
역촌동,1,연서로14길 4-1,08월 12일,37.6087090000,126.9165900000,,,02-351-7944,서울특별시 은평구청,2026-02-26
역촌동,1,연서로 126-4,07월 30일,37.6097870000,126.9171740000,2019,,02-351-7944,서울특별시 은평구청,2026-02-26
역촌동,1,연서로 122-2,07월 11일,37.6095960000,126.9169840000,2018,,02-351-7944,서울특별시 은평구청,2026-02-26
역촌동,1,연서로14길 8,08월 08일,37.6086570000,126.9167600000,1999,,02-351-7944,서울특별시 은평구청,2026-02-26
역촌동,1,연서로14길 8-10,8-45,37.6084480000,126.9166270000,1999,,02-351-7944,서울특별시 은평구청,2026-02-26
역촌동,1,연서로10길 3-23,08월 25일,37.6082900000,126.9160970000,2018,,02-351-7944,서울특별시 은평구청,2026-02-26
역촌동,1,연서로14길 12,08월 01일,37.6084690000,126.9169550000,,,02-351-7944,서울특별시 은평구청,2026-02-26
역촌동,1,연서로14길 12,08월 01일,37.6086115700,126.9172439000,2018,,02-351-7944,서울특별시 은평구청,2026-02-26
역촌동,1,연서로14길 14-3,12월 03일,37.6083100000,126.9172180000,2017,,02-351-7944,서울특별시 은평구청,2026-02-26
역촌동,1,연서로14길 14-8,08월 09일,37.6081700000,126.9167790000,2018,,02-351-7944,서울특별시 은평구청,2026-02-26
역촌동,1,연서로10길 7-15,8-72,37.6080140000,126.9164070000,2016,,02-351-7944,서울특별시 은평구청,2026-02-26
역촌동,1,연서로 108-15,08월 10일,37.6082500000,126.9166190000,2003,,02-351-7944,서울특별시 은평구청,2026-02-26
역촌동,1,연서로10길 7-12,12-42,37.6075550000,126.9165160000,2018,,02-351-7944,서울특별시 은평구청,2026-02-26
역촌동,1,연서로10길 7-7,8-51,37.6078140000,126.9162740000,2018,,02-351-7944,서울특별시 은평구청,2026-02-26
역촌동,1,연서로10길 3-17,08월 27일,37.6081460000,126.9160990000,1999,,02-351-7944,서울특별시 은평구청,2026-02-26
역촌동,1,연서로 108,08월 29일,37.6084960000,126.9159360000,,,02-351-7944,서울특별시 은평구청,2026-02-26
역촌동,1,연서로9길 3-3,Jan-45,37.6072520000,126.9148550000,2016,,02-351-7944,서울특별시 은평구청,2026-02-26
역촌동,1,연서로9길 3-3,Jan-45,37.6072520000,126.9148550000,,,02-351-7944,서울특별시 은평구청,2026-02-26
역촌동,1,연서로9길 3-10,Jun-45,37.6069700000,126.9145990000,,,02-351-7944,서울특별시 은평구청,2026-02-26
역촌동,1,연서로 85,45-17,37.6066130000,126.9149210000,,,02-351-7944,서울특별시 은평구청,2026-02-26
역촌동,1,역말로 37-18,45-56,37.6066360000,126.9144900000,,,02-351-7944,서울특별시 은평구청,2026-02-26
역촌동,1,연서로9길 5-11,45-13,37.6069600000,126.9144860000,,,02-351-7944,서울특별시 은평구청,2026-02-26
역촌동,1,연서로9길 5-5,Nov-45,37.6072840000,126.9144470000,,,02-351-7944,서울특별시 은평구청,2026-02-26
역촌동,1,갈현로14길 32,Jan-47,37.6067760000,126.9140920000,2017,,02-351-7944,서울특별시 은평구청,2026-02-26
역촌동,1,갈현로14길 26,47-13,37.6067720000,126.9135940000,,,02-351-7944,서울특별시 은평구청,2026-02-26
역촌동,1,갈현로14길 25,46-15,37.6069870000,126.9135110000,2017,,02-351-7944,서울특별시 은평구청,2026-02-26
역촌동,1,갈현로14길 21-1,46-24,37.6069300000,126.9132060000,2017,,02-351-7944,서울특별시 은평구청,2026-02-26
역촌동,1,갈현로14길 24,47-25,37.6067140000,126.9132660000,,,02-351-7944,서울특별시 은평구청,2026-02-26
역촌동,1,갈현로14길 21-1,46-24,37.6069920000,126.9130580000,2017,,02-351-7944,서울특별시 은평구청,2026-02-26
역촌동,1,갈현로14길 17,49-32,37.6069330000,126.9125830000,,,02-351-7944,서울특별시 은평구청,2026-02-26
역촌동,1,갈현로14길 17-5,49-30,37.6071750000,126.9123870000,2005,,02-351-7944,서울특별시 은평구청,2026-02-26
역촌동,1,갈현로14길 17-6,46-41,37.6071070000,126.9128070000,,,02-351-7944,서울특별시 은평구청,2026-02-26
역촌동,1,연서로9길 21,49-28,37.6073300000,126.9126000000,,,02-351-7944,서울특별시 은평구청,2026-02-26
역촌동,1,갈현로14길 18-1,Apr-50,37.6066800000,126.9124850000,,,02-351-7944,서울특별시 은평구청,2026-02-26
역촌동,1,갈현로14길 18-2,Jun-50,37.6066150000,126.9122140000,1999,,02-351-7944,서울특별시 은평구청,2026-02-26
역촌동,1,갈현로12길 21,47-39,37.6065310000,126.9128610000,2016,,02-351-7944,서울특별시 은평구청,2026-02-26
역촌동,1,갈현로14길 14-1,Jul-50,37.6067410000,126.9122240000,2019,,02-351-7944,서울특별시 은평구청,2026-02-26
역촌동,1,갈현로14길 12,Nov-50,37.6068774000,126.9119655000,,,02-351-7944,서울특별시 은평구청,2026-02-26
역촌동,1,갈현로14길 12-2,50-13,37.6066030000,126.9119310000,1999,,02-351-7944,서울특별시 은평구청,2026-02-26
역촌동,1,갈현로14길 10,50-14,37.6067370000,126.9117590000,,,02-351-7944,서울특별시 은평구청,2026-02-26
역촌동,1,갈현로14길 4-12,50-31,37.6065190000,126.9115930000,,,02-351-7944,서울특별시 은평구청,2026-02-26
역촌동,1,갈현로14길 6,50-17,37.6067770000,126.9112830000,,,02-351-7944,서울특별시 은평구청,2026-02-26
역촌동,1,갈현로14길 4,50-22,37.6067300000,126.9110910000,,,02-351-7944,서울특별시 은평구청,2026-02-26
역촌동,1,갈현로 20,08월 13일,37.6068840000,126.9121200000,2013,,02-351-7944,서울특별시 은평구청,2026-02-26
역촌동,1,연서로9길 35-1,Nov-49,37.6071820000,126.9111750000,1999,,02-351-7944,서울특별시 은평구청,2026-02-26
역촌동,1,연서로9길 25-4,49-40,37.6071710000,126.9120020000,,,02-351-7944,서울특별시 은평구청,2026-02-26
역촌동,1,연서로9길 17,46-29,37.6072710000,126.9130540000,2018,,02-351-7944,서울특별시 은평구청,2026-02-26
역촌동,1,연서로9길 15,46-18,37.6072930000,126.9134390000,2013,,02-351-7944,서울특별시 은평구청,2026-02-26
역촌동,1,연서로9길 9,Feb-46,37.6072980000,126.9139940000,2013,,02-351-7944,서울특별시 은평구청,2026-02-26
역촌동,1,역말로 37-14,45-45,37.6063840000,126.9145620000,,,02-351-7944,서울특별시 은평구청,2026-02-26
역촌동,1,갈현로12길 31,Mar-47,37.6064950000,126.9139150000,,,02-351-7944,서울특별시 은평구청,2026-02-26
역촌동,1,갈현로12길 29-1,Jul-47,37.6065930000,126.9137660000,,,02-351-7944,서울특별시 은평구청,2026-02-26
역촌동,1,갈현로12길 27,47-18,37.6065630000,126.9134950000,2016,,02-351-7944,서울특별시 은평구청,2026-02-26
역촌동,1,갈현로12길 27,47-18,37.6064460000,126.9135080000,,,02-351-7944,서울특별시 은평구청,2026-02-26
역촌동,1,역말로 37-9,48-61,37.6061740000,126.9142480000,,,02-351-7944,서울특별시 은평구청,2026-02-26
역촌동,1,역말로 29-5,48-35,37.6060230000,126.9134910000,,,02-351-7944,서울특별시 은평구청,2026-02-26
역촌동,1,역말로 29-4,48-18,37.6059970000,126.9136620000,,,02-351-7944,서울특별시 은평구청,2026-02-26
역촌동,1,역말로 19-22,48-50,37.6060300000,126.9132650000,,,02-351-7944,서울특별시 은평구청,2026-02-26
역촌동,1,역말로 19-20,48-38,37.6060100000,126.9131060000,,,02-351-7944,서울특별시 은평구청,2026-02-26
역촌동,1,역말로 19-18,48-58,37.6059010000,126.9129380000,,,02-351-7944,서울특별시 은평구청,2026-02-26
역촌동,1,역말로 19-9,Feb-51,37.6060590000,126.9124830000,,,02-351-7944,서울특별시 은평구청,2026-02-26
역촌동,1,갈현로12길 21-1,47-37,37.6064060000,126.9129870000,,,02-351-7944,서울특별시 은평구청,2026-02-26
역촌동,1,갈현로12길 33,Feb-47,37.6066209400,126.9143327000,,,02-351-7944,서울특별시 은평구청,2026-02-26
역촌동,1,갈현로12길 18,51-83,37.6061830000,126.9123560000,2018,,02-351-7944,서울특별시 은평구청,2026-02-26
역촌동,1,갈현로12길 16-1,51-42,37.6060380000,126.9122230000,1999,,02-351-7944,서울특별시 은평구청,2026-02-26
역촌동,1,갈현로12길 11,50-52,37.6063500000,126.9118900000,2018,,02-351-7944,서울특별시 은평구청,2026-02-26
역촌동,1,갈현로12길 12,51-46,37.6060890000,126.9118710000,,,02-351-7944,서울특별시 은평구청,2026-02-26
역촌동,1,갈현로12길 9,50-53,37.6063130000,126.9117090000,,,02-351-7944,서울특별시 은평구청,2026-02-26
역촌동,1,갈현로12길 11-3,50-72,37.6064410000,126.9119110000,,,02-351-7944,서울특별시 은평구청,2026-02-26
역촌동,1,역말로 13-5,51-14,37.6060890000,126.9118370000,,,02-351-7944,서울특별시 은평구청,2026-02-26
역촌동,1,갈현로12길 10-1,51-48,37.6061410000,126.9117000000,,,02-351-7944,서울특별시 은평구청,2026-02-26
역촌동,1,역말로 11-3,51-18,37.6057890000,126.9115470000,1999,,02-351-7944,서울특별시 은평구청,2026-02-26
역촌동,1,갈현로12길 7,50-45,37.6060810000,126.9119500000,,,02-351-7944,서울특별시 은평구청,2026-02-26
역촌동,1,갈현로12길 6-1,51-24,37.6060380000,126.9112370000,1999,,02-351-7944,서울특별시 은평구청,2026-02-26
역촌동,1,갈현로12길 6-4,51-66,37.6059100000,126.9110350000,2002,,02-351-7944,서울특별시 은평구청,2026-02-26
역촌동,1,갈현로12길 4,51-75,37.6058820000,126.9109110000,,,02-351-7944,서울특별시 은평구청,2026-02-26
역촌동,1,갈현로 88,51-79,37.6058000000,126.9108440000,,,02-351-7944,서울특별시 은평구청,2026-02-26
역촌동,1,갈현로12길 17,50-51,37.6063460000,126.9124330000,,,02-351-7944,서울특별시 은평구청,2026-02-26
역촌동,1,역말로 40,Mar-62,37.6055650000,126.9146760000,,,02-351-7944,서울특별시 은평구청,2026-02-26
역촌동,1,역말로6길 6-6,May-59,37.6052900000,126.9141140000,2001,,02-351-7944,서울특별시 은평구청,2026-02-26
역촌동,1,역말로 32-2,Oct-59,37.6052700000,126.9139100000,,,02-351-7944,서울특별시 은평구청,2026-02-26
역촌동,1,역말로6길 7,Oct-62,37.6050870000,126.9146260000,2018,,02-351-7944,서울특별시 은평구청,2026-02-26
역촌동,1,역말로6길 7-1,Sep-62,37.6049900000,126.9148430000,2016,,02-351-7944,서울특별시 은평구청,2026-02-26
역촌동,1,역말로6길 8,Jan-60,37.6050400000,126.9144460000,,,02-351-7944,서울특별시 은평구청,2026-02-26
역촌동,1,역말로6길 11,62-16,37.6045840000,126.9148030000,,,02-351-7944,서울특별시 은평구청,2026-02-26
역촌동,1,역말로6길 6-7,60-17,37.6050010000,126.9140840000,1999,,02-351-7944,서울특별시 은평구청,2026-02-26
역촌동,1,역말로6길 6-11,60-27,37.6049080000,126.9138130000,2002,,02-351-7944,서울특별시 은평구청,2026-02-26
역촌동,1,역말로6길 6-21,60-40,37.6049680000,126.9133930000,,,02-351-7944,서울특별시 은평구청,2026-02-26
역촌동,1,역말로 24-5,59-41,37.6051370000,126.9132210000,1999,,02-351-7944,서울특별시 은평구청,2026-02-26
역촌동,1,역말로 24-4,59-37,37.6051530000,126.9130060000,,,02-351-7944,서울특별시 은평구청,2026-02-26
역촌동,1,역말로 26,59-45,37.6055150000,126.9131820000,,,02-351-7944,서울특별시 은평구청,2026-02-26
역촌동,1,역말로4길 11-14,60-48,37.6048040000,126.9132600000,,,02-351-7944,서울특별시 은평구청,2026-02-26
역촌동,1,역말로4길 6,Apr-56,37.6051820000,126.9142060000,,,02-351-7944,서울특별시 은평구청,2026-02-26
역촌동,1,역말로 20,Jan-56,37.6054550000,126.9125480000,1999,,02-351-7944,서울특별시 은평구청,2026-02-26
역촌동,1,역말로4길 6-1,Jun-57,37.6048160000,126.9125460000,2018,,02-351-7944,서울특별시 은평구청,2026-02-26
역촌동,1,역말로4길 4,56-40,37.6052760000,126.9126080000,,,02-351-7944,서울특별시 은평구청,2026-02-26
역촌동,1,역말로4길 8-1,Feb-57,37.6048440000,126.9126700000,2018,,02-351-7944,서울특별시 은평구청,2026-02-26
역촌동,1,역말로4길 12,May-57,37.6045280000,126.9125840000,1999,,02-351-7944,서울특별시 은평구청,2026-02-26
역촌동,1,역말로4길 6-9,Dec-57,37.6048040000,126.9122630000,2018,,02-351-7944,서울특별시 은평구청,2026-02-26
역촌동,1,역말로4길 6-10,Oct-56,37.6050380000,126.9122370000,2018,,02-351-7944,서울특별시 은평구청,2026-02-26
역촌동,1,역말로2길 7-9,57-17,37.6048460000,126.9119340000,2017,,02-351-7944,서울특별시 은평구청,2026-02-26
역촌동,1,역말로2길 7-14,57-27,37.6046100000,126.9117790000,2015,,02-351-7944,서울특별시 은평구청,2026-02-26
역촌동,1,역말로2길 3-4,56-20,37.6049880000,126.9117280000,,,02-351-7944,서울특별시 은평구청,2026-02-26
역촌동,1,역말로2길 3-2,56-21,37.6050777200,126.9115987000,2021,,02-351-7944,서울특별시 은평구청,2026-02-26
역촌동,1,역말로2길 3-4,56-20,37.6049880000,126.9117280000,1999,,02-351-7944,서울특별시 은평구청,2026-02-26
역촌동,1,역말로2길 7-2,57-33,37.6047700000,126.9115050000,,,02-351-7944,서울특별시 은평구청,2026-02-26
역촌동,1,역말로2길 6,235,37.6049720000,126.9109700000,,,02-351-7944,서울특별시 은평구청,2026-02-26
역촌동,1,역말로2길 6,235,37.6049720000,126.9109700000,,,02-351-7944,서울특별시 은평구청,2026-02-26
역촌동,1,역말로2길 6,235,37.6049720000,126.9109700000,,,02-351-7944,서울특별시 은평구청,2026-02-26
역촌동,1,역말로2길 8,55-50,37.6047030000,126.9111210000,1999,,02-351-7944,서울특별시 은평구청,2026-02-26
역촌동,1,역말로2길 11,57-24,37.6044170000,126.9113290000,,,02-351-7944,서울특별시 은평구청,2026-02-26
역촌동,1,역말로2길 10,55-51,37.6045130000,126.9110440000,,,02-351-7944,서울특별시 은평구청,2026-02-26
역촌동,1,역말로2길 11,57-24,37.6044851000,126.9113030000,2019,,02-351-7944,서울특별시 은평구청,2026-02-26
역촌동,1,진흥로 9-1,44-30,37.6000026900,126.9166064000,,,02-351-7944,서울특별시 은평구청,2026-02-26
역촌동,1,진흥로 9-3,Jul-44,37.6000680000,126.9165450000,,,02-351-7944,서울특별시 은평구청,2026-02-26
역촌동,1,역말로2길 12-1,Jun-55,37.6042870000,126.9109000000,2016,,02-351-7944,서울특별시 은평구청,2026-02-26
역촌동,1,역말로2길 16-1,55-28,37.6041170000,126.9110730000,,,02-351-7944,서울특별시 은평구청,2026-02-26
역촌동,1,역말로2길 16-1,55-28,37.6041250000,126.9109140000,,,02-351-7944,서울특별시 은평구청,2026-02-26
역촌동,1,역말로2길 18,55-26,37.6039640000,126.9110860000,1999,,02-351-7944,서울특별시 은평구청,2026-02-26
역촌동,1,역말로2길 13,58-25,37.6042370000,126.9113430000,,,02-351-7944,서울특별시 은평구청,2026-02-26
역촌동,1,역말로2길 11-8,58-39,37.6041860000,126.9116610000,,,02-351-7944,서울특별시 은평구청,2026-02-26
역촌동,1,역말로4길 12-12,57-42,37.6044964300,126.9122134000,2022,,02-351-7944,서울특별시 은평구청,2026-02-26
역촌동,1,역말로2길 11-10,58-29,37.6042770000,126.9118070000,1999,,02-351-7944,서울특별시 은평구청,2026-02-26
역촌동,1,역말로4길 12-9,58-17,37.6048460000,126.9119340000,,,02-351-7944,서울특별시 은평구청,2026-02-26
역촌동,1,역말로4길 16,Jan-58,37.6042950000,126.9127580000,2018,,02-351-7944,서울특별시 은평구청,2026-02-26
역촌동,1,역말로4길 16,Jan-58,37.6042950000,126.9127580000,2018,,02-351-7944,서울특별시 은평구청,2026-02-26
역촌동,1,역말로4길 17,61-50,37.6039820000,126.9129770000,,,02-351-7944,서울특별시 은평구청,2026-02-26
역촌동,1,연서로5길 20-8,61-34,37.6043280000,126.9133690000,2018,,02-351-7944,서울특별시 은평구청,2026-02-26
역촌동,1,연서로5길 20-8,61-34,37.6043995100,126.9133560000,2018,,02-351-7944,서울특별시 은평구청,2026-02-26
역촌동,1,역말로6길 12-27,61-33,37.6043200000,126.9135050000,2018,,02-351-7944,서울특별시 은평구청,2026-02-26
역촌동,1,역말로6길 12-27,61-33,37.6043200000,126.9135050000,2012,,02-351-7944,서울특별시 은평구청,2026-02-26
역촌동,1,역말로6길 12-24,60-42,37.6047160000,126.9134310000,2018,,02-351-7944,서울특별시 은평구청,2026-02-26
역촌동,1,역말로6길 12-19,61-18,37.6044120000,126.9137640000,2018,,02-351-7944,서울특별시 은평구청,2026-02-26
역촌동,1,역말로6길 12-17,61-52,37.6043040000,126.9137770000,1999,,02-351-7944,서울특별시 은평구청,2026-02-26
역촌동,1,역말로6길 12-14,60-23,37.6047750000,126.9140080000,,,02-351-7944,서울특별시 은평구청,2026-02-26
역촌동,1,역말로6길 12-14,60-23,37.6045950000,126.9140330000,1999,,02-351-7944,서울특별시 은평구청,2026-02-26
역촌동,1,역말로6길 12,Aug-60,37.6046440000,126.9144850000,,,02-351-7944,서울특별시 은평구청,2026-02-26
역촌동,1,공영주차장,62-28,37.6042780000,126.9148420000,,,02-351-7944,서울특별시 은평구청,2026-02-26
역촌동,1,역촌동 62-28,62-28,37.6042780000,126.9148420000,,,02-351-7944,서울특별시 은평구청,2026-02-26
역촌동,1,공영주차장,62-28,37.6042780000,126.9148420000,,,02-351-7944,서울특별시 은평구청,2026-02-26
역촌동,1,역말로6길 18-3,Dec-61,37.6041917600,126.9142161000,2021,,02-351-7944,서울특별시 은평구청,2026-02-26
역촌동,1,연서로3가길 18,63-45,37.6037730000,126.9148150000,,,02-351-7944,서울특별시 은평구청,2026-02-26
역촌동,1,연서로3가길 15-4,64-50,37.6036530000,126.9144660000,2018,,02-351-7944,서울특별시 은평구청,2026-02-26
역촌동,1,연서로3가길 15-10,64-53,37.6036485800,126.9141250000,,,02-351-7944,서울특별시 은평구청,2026-02-26
역촌동,1,연서로3가길 15-12,64-54,37.6036120000,126.9139230000,,,02-351-7944,서울특별시 은평구청,2026-02-26
역촌동,1,연서로3가길 16,63-54,37.6036290000,126.9148400000,1999,,02-351-7944,서울특별시 은평구청,2026-02-26
역촌동,1,연서로3가길 14,Jul-63,37.6035400000,126.9148860000,,,02-351-7944,서울특별시 은평구청,2026-02-26
역촌동,1,연서로 51-3,63-53,37.6036320000,126.9150890000,,,02-351-7944,서울특별시 은평구청,2026-02-26
역촌동,1,연서로 51-2,63-48,37.6038310000,126.9152220000,2019,,02-351-7944,서울특별시 은평구청,2026-02-26
역촌동,1,진흥로1길 13-11,39-35,37.6014565700,126.9179683000,,,02-351-7944,서울특별시 은평구청,2026-02-26
역촌동,1,연서로3가길 8,63-16,37.6029910000,126.9150080000,,,02-351-7944,서울특별시 은평구청,2026-02-26
역촌동,1,연서로3가길 7-1,Apr-65,37.6030240000,126.9146900000,2018,,02-351-7944,서울특별시 은평구청,2026-02-26
역촌동,1,연서로3가길 13-11,231,37.6030660000,126.9133760000,,,02-351-7944,서울특별시 은평구청,2026-02-26
역촌동,1,연서로3가길 13-11,231,37.6030660000,126.9133760000,,,02-351-7944,서울특별시 은평구청,2026-02-26
역촌동,1,연서로3가길 13-15,65-13,37.6032690000,126.9138260000,,,02-351-7944,서울특별시 은평구청,2026-02-26
역촌동,1,연서로3가길 13-31,65-25,37.6031490000,126.9135670000,,,02-351-7944,서울특별시 은평구청,2026-02-26
역촌동,1,연서로3가길 13-31,65-25,37.6031490000,126.9135670000,2004,,02-351-7944,서울특별시 은평구청,2026-02-26
역촌동,1,연서로3가길 13-23,65-22,37.6029610000,126.9136830000,,,02-351-7944,서울특별시 은평구청,2026-02-26
역촌동,1,연서로3가길 13-33,65-26,37.6032390000,126.9135320000,,,02-351-7944,서울특별시 은평구청,2026-02-26
역촌동,1,연서로3나길 12-7,64-33,37.6033990000,126.9133480000,,,02-351-7944,서울특별시 은평구청,2026-02-26
역촌동,1,연서로3가길 13-22,64-67,37.6034470000,126.9136420000,,,02-351-7944,서울특별시 은평구청,2026-02-26
역촌동,1,연서로3나길 12-6,65-27,37.6029400000,126.9134120000,1999,,02-351-7944,서울특별시 은평구청,2026-02-26
역촌동,1,연서로3나길 12-3,64-24,37.6035240000,126.9131770000,,,02-351-7944,서울특별시 은평구청,2026-02-26
역촌동,1,연서로3나길 11,Jan-68,37.6031970000,126.9128530000,,,02-351-7944,서울특별시 은평구청,2026-02-26
역촌동,1,연서로3나길 17,67-49,37.6036830000,126.9128230000,,,02-351-7944,서울특별시 은평구청,2026-02-26
역촌동,1,연서로3나길 9,68-58,37.6030170000,126.9128780000,,,02-351-7944,서울특별시 은평구청,2026-02-26
역촌동,1,연서로3나길 11-2,67-24,37.6033784600,126.9127814000,2022,,02-351-7944,서울특별시 은평구청,2026-02-26
역촌동,1,연서로3나길 11-7,68-15,37.6031670000,126.9125360000,,,02-351-7944,서울특별시 은평구청,2026-02-26
역촌동,1,연서로3나길 11-11,68-13,37.6029780000,126.9125620000,2017,,02-351-7944,서울특별시 은평구청,2026-02-26
역촌동,1,연서로3나길 11-19,68-24,37.6030740000,126.9122320000,,,02-351-7944,서울특별시 은평구청,2026-02-26
역촌동,1,연서로3나길 11-21,68-26,37.6031350000,126.9120720000,2018,,02-351-7944,서울특별시 은평구청,2026-02-26
역촌동,1,연서로3나길 11-23,68-27,37.6029820000,126.9120860000,,,02-351-7944,서울특별시 은평구청,2026-02-26
역촌동,1,연서로3길 38,68-34,37.6029270000,126.9118940000,,,02-351-7944,서울특별시 은평구청,2026-02-26
역촌동,1,연서로5길 27-17,67-36,37.6033750000,126.9116390000,,,02-351-7944,서울특별시 은평구청,2026-02-26
역촌동,1,연서로5길 27-17,67-36,37.6033750000,126.9116390000,2013,,02-351-7944,서울특별시 은평구청,2026-02-26
역촌동,1,연서로5길 35,67-63,37.6036440000,126.9115210000,,,02-351-7944,서울특별시 은평구청,2026-02-26
역촌동,1,연서로5길 27-13,May-67,37.6034140000,126.9120000000,1999,,02-351-7944,서울특별시 은평구청,2026-02-26
역촌동,1,연서로3나길 11-12,67-30,37.6034450000,126.9124420000,,,02-351-7944,서울특별시 은평구청,2026-02-26
역촌동,1,연서로3나길 11-30(2등용),Sep-67,37.6029840000,126.9112930000,2015,,02-351-7944,서울특별시 은평구청,2026-02-26
역촌동,1,연서로3나길 11-30,Sep-67,37.6033710000,126.9112650000,,,02-351-7944,서울특별시 은평구청,2026-02-26
역촌동,1,연서로5길 37-10,69-23,37.6034020000,126.9106530000,,,02-351-7944,서울특별시 은평구청,2026-02-26
역촌동,1,연서로5길 37,67-66,37.6036240000,126.9112840000,,,02-351-7944,서울특별시 은평구청,2026-02-26
역촌동,1,연서로5길 37,67-66,37.6036801300,126.9112725000,2019,,02-351-7944,서울특별시 은평구청,2026-02-26
역촌동,1,갈현로 66,69-14,37.6036350000,126.9105820000,1999,,02-351-7944,서울특별시 은평구청,2026-02-26
역촌동,1,갈현로 66,69-14,37.6036350000,126.9105820000,,,02-351-7944,서울특별시 은평구청,2026-02-26
역촌동,1,연서로5길 39,Jan-69,37.6036490000,126.9110570000,,,02-351-7944,서울특별시 은평구청,2026-02-26
역촌동,1,갈현로 70-2,55-33,37.6040150000,126.9107570000,,,02-351-7944,서울특별시 은평구청,2026-02-26
역촌동,1,갈현로 74-1,55-60,37.6043872700,126.9107672000,,,02-351-7944,서울특별시 은평구청,2026-02-26
역촌동,1,갈현로 78,Feb-55,37.6046810000,126.9106000000,2018,,02-351-7944,서울특별시 은평구청,2026-02-26
역촌동,1,역말로 100,10월 14일,37.6048360000,126.9108130000,,,02-351-7944,서울특별시 은평구청,2026-02-26
역촌동,1,연서로 71-1,62-52,37.6053970000,126.9150070000,2017,,02-351-7944,서울특별시 은평구청,2026-02-26
역촌동,1,연서로 63-2,62-24,37.6046400000,126.9149950000,1999,,02-351-7944,서울특별시 은평구청,2026-02-26
역촌동,1,연서로 79,45-22,37.6062080000,126.9150400000,2018,,02-351-7944,서울특별시 은평구청,2026-02-26
역촌동,1,연서로 77-1,45-26,37.6059900000,126.9148510000,,,02-351-7944,서울특별시 은평구청,2026-02-26
역촌동,1,역말로 33-1,48-20,37.6059640000,126.9139230000,1999,,02-351-7944,서울특별시 은평구청,2026-02-26
역촌동,1,역말로 17-1,Aug-51,37.6058420000,126.9124070000,,,02-351-7944,서울특별시 은평구청,2026-02-26
역촌동,1,연서로5길 35,67-63,37.6036440000,126.9115210000,2001,,02-351-7944,서울특별시 은평구청,2026-02-26
역촌동,1,연서로5길 31-1,67-59,37.6036650000,126.9118380000,,,02-351-7944,서울특별시 은평구청,2026-02-26
역촌동,1,연서로5길 29,67-42,37.6037030000,126.9121090000,1999,,02-351-7944,서울특별시 은평구청,2026-02-26
역촌동,1,연서로5길 27,67-45,37.6037050000,126.9122450000,,,02-351-7944,서울특별시 은평구청,2026-02-26
역촌동,1,연서로5길 27-1,67-46,37.6037150000,126.9124380000,1999,,02-351-7944,서울특별시 은평구청,2026-02-26
역촌동,1,연서로5길 23,Jan-67,37.6037270000,126.9127660000,,,02-351-7944,서울특별시 은평구청,2026-02-26
역촌동,1,연서로5길 23,Jan-67,37.6038328700,126.9128032000,2019,,02-351-7944,서울특별시 은평구청,2026-02-26
역촌동,1,연서로5길 19,64-15,37.6037420000,126.9133890000,,,02-351-7944,서울특별시 은평구청,2026-02-26
역촌동,1,연서로5길 19,64-15,37.6038923200,126.9134162000,2019,,02-351-7944,서울특별시 은평구청,2026-02-26
역촌동,1,연서로5길 20,61-44,37.6039750000,126.9132380000,2003,,02-351-7944,서울특별시 은평구청,2026-02-26
역촌동,1,연서로5길 20-3,61-42,37.6041280000,126.9132240000,,,02-351-7944,서울특별시 은평구청,2026-02-26
역촌동,1,연서로5길 16,61-24,37.6040340000,126.9137350000,,,02-351-7944,서울특별시 은평구청,2026-02-26
역촌동,1,연서로5길 15-1,64-49,37.6036910000,126.9137060000,,,02-351-7944,서울특별시 은평구청,2026-02-26
역촌동,1,연서로5길 16-3,61-27,37.6041580000,126.9135520000,,,02-351-7944,서울특별시 은평구청,2026-02-26
역촌동,1,연서로5길 13-1,Nov-64,37.6038630000,126.9138400000,2003,,02-351-7944,서울특별시 은평구청,2026-02-26
역촌동,1,연서로5길 13-2,Dec-64,37.6037640000,126.9138410000,1999,,02-351-7944,서울특별시 은평구청,2026-02-26
역촌동,1,연서로5길 12-1,61-17,37.6042700000,126.9140040000,2002,,02-351-7944,서울특별시 은평구청,2026-02-26
역촌동,1,연서로5길 10,Oct-61,37.6046060000,126.9142140000,,,02-351-7944,서울특별시 은평구청,2026-02-26
역촌동,1,연서로3가길 6,63-61,37.6028020000,126.9149540000,,,02-351-7944,서울특별시 은평구청,2026-02-26
역촌동,1,연서로3가길 4,63-63,37.6026390000,126.9149670000,2016,,02-351-7944,서울특별시 은평구청,2026-02-26
역촌동,1,연서로3가길 2,63-37,37.6024230000,126.9149930000,,,02-351-7944,서울특별시 은평구청,2026-02-26
역촌동,1,연서로3가길 5-3,66-39,37.6028678500,126.9146184000,,,02-351-7944,서울특별시 은평구청,2026-02-26
역촌동,1,연서로3가길 12-7,,37.6030660000,126.9133760000,,,02-351-7944,서울특별시 은평구청,2026-02-26
역촌동,1,연서로3길 12-5,Jun-66,37.6026391600,126.9143680000,2020,,02-351-7944,서울특별시 은평구청,2026-02-26
역촌동,1,연서로3길 14-7,Oct-66,37.6027110000,126.9139130000,,,02-351-7944,서울특별시 은평구청,2026-02-26
역촌동,1,연서로3길 14-5,Nov-66,37.6026120000,126.9139150000,2004,,02-351-7944,서울특별시 은평구청,2026-02-26
역촌동,1,연서로3나길 6-8,66-17,37.6026800000,126.9135290000,,,02-351-7944,서울특별시 은평구청,2026-02-26
역촌동,1,연서로3나길 6-10,66-18,37.6026483100,126.9135715000,2020,,02-351-7944,서울특별시 은평구청,2026-02-26
역촌동,1,연서로3나길 6-4,66-22,37.6026500000,126.9132010000,,,02-351-7944,서울특별시 은평구청,2026-02-26
역촌동,1,연서로3나길 5-1,Nov-68,37.6027380000,126.9129390000,,,02-351-7944,서울특별시 은평구청,2026-02-26
역촌동,1,연서로3나길 5-2,68-42,37.6026729100,126.9127923000,,,02-351-7944,서울특별시 은평구청,2026-02-26
역촌동,1,연서로3나길 5-7,68-38,37.6027522900,126.9125099000,,,02-351-7944,서울특별시 은평구청,2026-02-26
역촌동,1,연서로3나길 4,66-25,37.6025240000,126.9131570000,,,02-351-7944,서울특별시 은평구청,2026-02-26
역촌동,1,연서로3나길 2-2,66-27,37.6024900000,126.9133620000,2018,,02-351-7944,서울특별시 은평구청,2026-02-26
역촌동,1,연서로3나길 2-4,66-29,37.6024650000,126.9136220000,2017,,02-351-7944,서울특별시 은평구청,2026-02-26
역촌동,1,연서로3나길 2,66-32,37.6022720000,126.9132290000,,,02-351-7944,서울특별시 은평구청,2026-02-26
역촌동,1,연서로3길 41,Jan-80,37.6028404500,126.9112158000,,,02-351-7944,서울특별시 은평구청,2026-02-26
역촌동,1,연서로3길 41,Jan-80,37.6027400000,126.9112510000,,,02-351-7944,서울특별시 은평구청,2026-02-26
역촌동,1,연서로3길 33,Jul-80,37.6024670000,126.9119010000,,,02-351-7944,서울특별시 은평구청,2026-02-26
역촌동,1,연서로3길 35-1,Jun-80,37.6026000000,126.9116730000,,,02-351-7944,서울특별시 은평구청,2026-02-26
역촌동,1,연서로3길 33-6,80-17,37.6023480000,126.9117100000,2002,,02-351-7944,서울특별시 은평구청,2026-02-26
역촌동,1,연서로3길 31,Aug-80,37.6024600000,126.9120820000,,,02-351-7944,서울특별시 은평구청,2026-02-26
역촌동,1,연서로3길 27,Mar-81,37.6022220000,126.9126630000,,,02-351-7944,서울특별시 은평구청,2026-02-26
역촌동,1,연서로3길 27,Mar-81,37.6022667200,126.9126344000,2018,,02-351-7944,서울특별시 은평구청,2026-02-26
역촌동,1,연서로3길 21,Apr-82,37.6020650000,126.9132320000,,,02-351-7944,서울특별시 은평구청,2026-02-26
역촌동,1,연서로3길 17,Feb-82,37.6020230000,126.9136060000,,,02-351-7944,서울특별시 은평구청,2026-02-26
역촌동,1,연서로3길 17,Feb-82,37.6021741400,126.9136294000,,,02-351-7944,서울특별시 은평구청,2026-02-26
역촌동,1,은평로3길 25,Jan-82,37.6016430000,126.9143360000,,,02-351-7944,서울특별시 은평구청,2026-02-26
역촌동,1,은평로3길 25,Jan-82,37.6016430000,126.9143360000,,,02-351-7944,서울특별시 은평구청,2026-02-26
역촌동,1,은평로3길 25,Jan-82,37.6011796300,126.9149736000,,,02-351-7944,서울특별시 은평구청,2026-02-26
역촌동,1,연서로3길 6,63-33,37.6024160000,126.9151630000,,,02-351-7944,서울특별시 은평구청,2026-02-26
역촌동,1,연서로 35,Jan-83,37.6021940000,126.9155400000,,,02-351-7944,서울특별시 은평구청,2026-02-26
역촌동,1,연서로3길 3-1,Aug-83,37.6021020000,126.9153380000,2012,,02-351-7944,서울특별시 은평구청,2026-02-26
역촌동,1,연서로 37,63-60,37.6025180000,126.9155020000,,,02-351-7944,서울특별시 은평구청,2026-02-26
역촌동,1,은평로3길 25,Jan-82,37.6016430000,126.9143360000,,,02-351-7944,서울특별시 은평구청,2026-02-26
역촌동,1,은평로3길 25,Jan-82,37.6011796300,126.9149736000,,,02-351-7944,서울특별시 은평구청,2026-02-26
역촌동,1,은평로3길 36-2,Oct-83,37.6020290000,126.9152140000,,,02-351-7944,서울특별시 은평구청,2026-02-26
역촌동,1,은평로3길 25,Jan-82,37.6011796300,126.9149736000,,,02-351-7944,서울특별시 은평구청,2026-02-26
역촌동,1,은평로3길 25,Jan-82,37.6016430000,126.9143360000,,,02-351-7944,서울특별시 은평구청,2026-02-26
역촌동,1,은평로3길 34-2,83-15,37.6018570000,126.9150810000,2001,,02-351-7944,서울특별시 은평구청,2026-02-26
역촌동,1,은평로3길 30-1,83-23,37.6015790000,126.9152770000,2016,,02-351-7944,서울특별시 은평구청,2026-02-26
역촌동,1,은평로3길 28,83-61,37.6013520000,126.9151220000,,,02-351-7944,서울특별시 은평구청,2026-02-26
역촌동,1,은평로3길 28,83-61,37.6013520000,126.9151220000,2001,,02-351-7944,서울특별시 은평구청,2026-02-26
역촌동,1,은평로3길 26-1,83-50,37.6012370000,126.9153050000,2018,,02-351-7944,서울특별시 은평구청,2026-02-26
역촌동,1,연서로 23-1,83-46,37.6013057700,126.9157365000,,,02-351-7944,서울특별시 은평구청,2026-02-26
역촌동,1,연서로 21,83-70,37.6009970000,126.9156930000,2001,,02-351-7944,서울특별시 은평구청,2026-02-26
역촌동,1,은평로3길 26,83-69,37.6012355000,126.9151106000,,,02-351-7944,서울특별시 은평구청,2026-02-26
역촌동,1,은평로3길 26,83-69,37.6012000000,126.9151580000,2019,,02-351-7944,서울특별시 은평구청,2026-02-26
역촌동,1,은평로3길 23-1,Mar-84,37.6016430000,126.9143360000,,,02-351-7944,서울특별시 은평구청,2026-02-26
역촌동,1,은평로3길 23-5,May-84,37.6016430000,126.9143360000,,,02-351-7944,서울특별시 은평구청,2026-02-26
역촌동,1,은평로3길 22-1,83-31,37.6009940000,126.9153420000,2003,,02-351-7944,서울특별시 은평구청,2026-02-26
역촌동,1,은평로3길 19-8,Oct-84,37.6007790000,126.9145300000,2001,,02-351-7944,서울특별시 은평구청,2026-02-26
역촌동,1,은평로3길 19,Dec-84,37.6006210000,126.9149740000,2018,,02-351-7944,서울특별시 은평구청,2026-02-26
역촌동,1,은평로3길 20,Jul-85,37.6005780000,126.9152130000,,,02-351-7944,서울특별시 은평구청,2026-02-26
역촌동,1,은평로3길 18,Nov-85,37.6003980000,126.9151700000,,,02-351-7944,서울특별시 은평구청,2026-02-26
역촌동,1,은평로3길 18,Nov-85,37.6004087800,126.9151234000,2018,,02-351-7944,서울특별시 은평구청,2026-02-26
역촌동,1,은평로3길 20-6,Mar-85,37.6005720000,126.9155520000,,,02-351-7944,서울특별시 은평구청,2026-02-26
역촌동,1,연서로 19,83-39,37.6008260000,126.9157070000,2003,,02-351-7944,서울특별시 은평구청,2026-02-26
역촌동,1,은평로3길 15-3,84-24,37.6003120000,126.9146280000,1998,,02-351-7944,서울특별시 은평구청,2026-02-26
역촌동,1,은평로3길 16,85-15,37.6002260000,126.9151380000,,,02-351-7944,서울특별시 은평구청,2026-02-26
역촌동,1,,85-17,37.6000000000,126.9150510000,,,02-351-7944,서울특별시 은평구청,2026-02-26
역촌동,1,은평로3길 10,85-38,37.5997040000,126.9151230000,,,02-351-7944,서울특별시 은평구청,2026-02-26
역촌동,1,연서로 47-2,Feb-63,37.6034890000,126.9152160000,2003,,02-351-7944,서울특별시 은평구청,2026-02-26
역촌동,1,연서로 45-1,63-15,37.6031370000,126.9152090000,2019,,02-351-7944,서울특별시 은평구청,2026-02-26
역촌동,1,연서로 41,63-24,37.6028150000,126.9154520000,,,02-351-7944,서울특별시 은평구청,2026-02-26
역촌동,1,연서로 31,83-17,37.6019060000,126.9155900000,,,02-351-7944,서울특별시 은평구청,2026-02-26
역촌동,1,갈현로4길 43,84-36,37.6001480000,126.9144600000,2017,,02-351-7944,서울특별시 은평구청,2026-02-26
역촌동,1,갈현로4길 43,84-36,37.6001480000,126.9144600000,2017,,02-351-7944,서울특별시 은평구청,2026-02-26
역촌동,1,은평로3길 10,85-38,37.5997040000,126.9151230000,,,02-351-7944,서울특별시 은평구청,2026-02-26
역촌동,1,은평로3길 10,85-38,37.6051370000,126.9180910000,,,02-351-7944,서울특별시 은평구청,2026-02-26
역촌동,1,은평로3길 10,85-38,37.5997040000,126.9151230000,1996,,02-351-7944,서울특별시 은평구청,2026-02-26
역촌동,1,은평로3길 10,85-38,37.5992730000,126.9153450000,2013,,02-351-7944,서울특별시 은평구청,2026-02-26
역촌동,1,연서로 3-1,85-41,37.5995570500,126.9154160000,2021,,02-351-7944,서울특별시 은평구청,2026-02-26
역촌동,1,연서로 5-2,85-28,37.5997430000,126.9154850000,,,02-351-7944,서울특별시 은평구청,2026-02-26
역촌동,1,은평로 65-1,85-49,37.5991350000,126.9149730000,1996,,02-351-7944,서울특별시 은평구청,2026-02-26
역촌동,1,은평로 63,85-47,37.5990430000,126.9148160000,,,02-351-7944,서울특별시 은평구청,2026-02-26
역촌동,1,갈현로4길 43,84-36,37.6002650000,126.9144470000,,,02-351-7944,서울특별시 은평구청,2026-02-26
역촌동,1,갈현로4길 43-12,84-34,37.6005800000,126.9143970000,2001,,02-351-7944,서울특별시 은평구청,2026-02-26
역촌동,1,은평로3길 23-7,84-27,37.6009310000,126.9143690000,,,02-351-7944,서울특별시 은평구청,2026-02-26
역촌동,1,은평로3길 25,Jan-82,37.6016430000,126.9143360000,,,02-351-7944,서울특별시 은평구청,2026-02-26
역촌동,1,갈현로4길 37,84-49,37.6005680000,126.9140460000,,,02-351-7944,서울특별시 은평구청,2026-02-26
역촌동,1,갈현로4길 33,84-52,37.6007460000,126.9138290000,,,02-351-7944,서울특별시 은평구청,2026-02-26
역촌동,1,갈현로4길 35-1,84-47,37.6007660000,126.9140210000,1998,,02-351-7944,서울특별시 은평구청,2026-02-26
역촌동,1,갈현로4길 31-2,84-46,37.6008920000,126.9140190000,,,02-351-7944,서울특별시 은평구청,2026-02-26
역촌동,1,갈현로4길 31-2,84-46,37.6009310000,126.9143690000,2012,,02-351-7944,서울특별시 은평구청,2026-02-26
역촌동,1,갈현로4길 31,84-51,37.6008900000,126.9137920000,,,02-351-7944,서울특별시 은평구청,2026-02-26
역촌동,1,갈현로4길 27,82-29,37.6011470000,126.9133810000,,,02-351-7944,서울특별시 은평구청,2026-02-26
역촌동,1,갈현로4길 27,82-29,37.6011470000,126.9133810000,2015,,02-351-7944,서울특별시 은평구청,2026-02-26
역촌동,1,갈현로4길 25-16,82-15,37.6014980000,126.9133080000,,,02-351-7944,서울특별시 은평구청,2026-02-26
역촌동,1,갈현로4길 25-16,82-15,37.6014980000,126.9133080000,,,02-351-7944,서울특별시 은평구청,2026-02-26
역촌동,1,갈현로4길 25-16,82-15,37.6014980000,126.9133080000,,,02-351-7944,서울특별시 은평구청,2026-02-26
역촌동,1,연서로3길 23-5,May-82,37.6018670000,126.9132910000,,,02-351-7944,서울특별시 은평구청,2026-02-26
역촌동,1,연서로3길 23-5,May-82,37.6020062100,126.9132385000,,,02-351-7944,서울특별시 은평구청,2026-02-26
역촌동,1,갈현로4길 25-8,82-19,37.6013370000,126.9134460000,,,02-351-7944,서울특별시 은평구청,2026-02-26
역촌동,1,갈현로4길 25-12,Dec-82,37.6015830000,126.9137260000,,,02-351-7944,서울특별시 은평구청,2026-02-26
역촌동,1,갈현로4길 25-14,82-13,37.6015090000,126.9134890000,2016,,02-351-7944,서울특별시 은평구청,2026-02-26
역촌동,1,갈현로4길 25-24,82-33,37.6016540000,126.9136000000,2004,,02-351-7944,서울특별시 은평구청,2026-02-26
역촌동,1,연서로3길 23-12,Oct-81,37.6017200000,126.9129880000,1999,,02-351-7944,서울특별시 은평구청,2026-02-26
역촌동,1,갈현로4길 21,81-29,37.6013470000,126.9126190000,,,02-351-7944,서울특별시 은평구청,2026-02-26
역촌동,1,갈현로4길 21,81-29,37.6013736400,126.9126304000,2019,,02-351-7944,서울특별시 은평구청,2026-02-26
역촌동,1,갈현로4길 23,81-21,37.6013670000,126.9127660000,,,02-351-7944,서울특별시 은평구청,2026-02-26
역촌동,1,갈현로4길 23-3,81-19,37.6014490000,126.9129350000,,,02-351-7944,서울특별시 은평구청,2026-02-26
역촌동,1,갈현로4길 21-8,81-25,37.6016450000,126.9126490000,2019,,02-351-7944,서울특별시 은평구청,2026-02-26
역촌동,1,연서로3길 27-10,81-53,37.6019590000,126.9124630000,2018,,02-351-7944,서울특별시 은평구청,2026-02-26
역촌동,1,연서로3길 27-10,81-53,37.6019590000,126.9124630000,2018,,02-351-7944,서울특별시 은평구청,2026-02-26
역촌동,1,갈현로4길 17,81-38,37.6014970000,126.9122770000,,,02-351-7944,서울특별시 은평구청,2026-02-26
역촌동,1,갈현로4길 17,81-38,37.6014970000,126.9122770000,,,02-351-7944,서울특별시 은평구청,2026-02-26
역촌동,1,갈현로4길 17-7,80-32,37.6017300000,126.9120480000,,,02-351-7944,서울특별시 은평구청,2026-02-26
역촌동,1,갈현로4길 17-11,80-33,37.6017280000,126.9119120000,2019,,02-351-7944,서울특별시 은평구청,2026-02-26
역촌동,1,연서로3길 33-16,80-30,37.6020450000,126.9120540000,,,02-351-7944,서울특별시 은평구청,2026-02-26
역촌동,1,연서로3길 33-14,80-29,37.6020980000,126.9119180000,2018,,02-351-7944,서울특별시 은평구청,2026-02-26
역촌동,1,갈현로4길 15,80-34,37.6015390000,126.9119030000,,,02-351-7944,서울특별시 은평구청,2026-02-26
역촌동,1,갈현로4길 11,80-40,37.6017070000,126.9115270000,,,02-351-7944,서울특별시 은평구청,2026-02-26
역촌동,1,갈현로4길 9-1,80-42,37.6017070000,126.9115270000,,,02-351-7944,서울특별시 은평구청,2026-02-26
역촌동,1,갈현로4길 7,80-47,37.6018570000,126.9112300000,,,02-351-7944,서울특별시 은평구청,2026-02-26
역촌동,1,갈현로4길 5-10,80-23,37.6019950000,126.9115450000,2016,,02-351-7944,서울특별시 은평구청,2026-02-26
역촌동,1,갈현로4길 5-11,79-22,37.6021420000,126.9107960000,2001,,02-351-7944,서울특별시 은평구청,2026-02-26
역촌동,1,갈현로4길 3-1,79-47,37.6018710000,126.9108110000,,,02-351-7944,서울특별시 은평구청,2026-02-26
역촌동,1,갈현로4길 5-16,80-21,37.6021270000,126.9112150000,,,02-351-7944,서울특별시 은평구청,2026-02-26
역촌동,1,갈현로4길 5-12,80-23,37.6021030000,126.9115440000,2016,,02-351-7944,서울특별시 은평구청,2026-02-26
역촌동,1,갈현로4길 5-30,80-58,37.6023920000,126.9115620000,2004,,02-351-7944,서울특별시 은평구청,2026-02-26
역촌동,1,갈현로4길 5-19,79-20,37.6022240000,126.9109760000,2001,,02-351-7944,서울특별시 은평구청,2026-02-26
역촌동,1,연서로3길 41-3,Feb-80,37.6025600000,126.9112310000,,,02-351-7944,서울특별시 은평구청,2026-02-26
역촌동,1,연서로3길 41-3,Feb-80,37.6025600000,126.9112310000,,,02-351-7944,서울특별시 은평구청,2026-02-26
역촌동,1,갈현로4길 5-27,79-18,37.6024590000,126.9110180000,2001,,02-351-7944,서울특별시 은평구청,2026-02-26
역촌동,1,연서로3길 47,79-50,37.6029250000,126.9107050000,,,02-351-7944,서울특별시 은평구청,2026-02-26
역촌동,1,갈현로 60,Apr-79,37.6031454900,126.9105178000,,,02-351-7944,서울특별시 은평구청,2026-02-26
역촌동,1,갈현로 60,Apr-79,37.6031454900,126.9105178000,,,02-351-7944,서울특별시 은평구청,2026-02-26
역촌동,1,갈현로 52-1,79-52,37.6027420000,126.9104700000,1999,,02-351-7944,서울특별시 은평구청,2026-02-26
역촌동,1,갈현로 48,79-33,37.6021210000,126.9104900000,2018,,02-351-7944,서울특별시 은평구청,2026-02-26
역촌동,1,갈현로7길 6-5,72-18,37.6037790000,126.9095720000,,,02-351-7944,서울특별시 은평구청,2026-02-26
역촌동,1,갈현로9길 5-18,72-28,37.6041840000,126.9095320000,,,02-351-7944,서울특별시 은평구청,2026-02-26
역촌동,1,갈현로7길 6-17,Jun-72,37.6041640000,126.9093280000,,,02-351-7944,서울특별시 은평구청,2026-02-26
역촌동,1,갈현로9길 5-14,Mar-72,37.6044010000,126.9096300000,,,02-351-7944,서울특별시 은평구청,2026-02-26
역촌동,1,갈현로9길 7,72-41,37.6047070000,126.9095810000,,,02-351-7944,서울특별시 은평구청,2026-02-26
역촌동,1,갈현로9길 9,Jan-72,37.6048293500,126.9092677000,2020,,02-351-7944,서울특별시 은평구청,2026-02-26
역촌동,1,갈현로9길 7,72-41,37.6048171500,126.9096313000,2022,,02-351-7944,서울특별시 은평구청,2026-02-26
역촌동,1,갈현로9길 9,Jan-72,37.6047130000,126.9091950000,,,02-351-7944,서울특별시 은평구청,2026-02-26
역촌동,1,갈현로9길 9,Jan-72,37.6047130000,126.9091950000,,,02-351-7944,서울특별시 은평구청,2026-02-26
역촌동,1,갈현로9길 3,May-70,37.6046830000,126.9099320000,2018,,02-351-7944,서울특별시 은평구청,2026-02-26
역촌동,1,갈현로 79,Oct-54,37.6049840000,126.9102450000,1999,,02-351-7944,서울특별시 은평구청,2026-02-26
역촌동,1,갈현로9길 4-2,54-28,37.6051260000,126.9100280000,,,02-351-7944,서울특별시 은평구청,2026-02-26
역촌동,1,갈현로11길 3,54-13,37.6052790000,126.9100250000,2018,,02-351-7944,서울특별시 은평구청,2026-02-26
역촌동,1,갈현로11길 7,Jan-71,37.6050940000,126.9095640000,2000,,02-351-7944,서울특별시 은평구청,2026-02-26
역촌동,1,갈현로9길 6-1,54-19,37.6051070000,126.9099030000,,,02-351-7944,서울특별시 은평구청,2026-02-26
역촌동,1,갈현로11길 4,Mar-54,37.6055040000,126.9099770000,,,02-351-7944,서울특별시 은평구청,2026-02-26
역촌동,1,갈현로11길 6-7,Oct-53,37.6015020000,126.9166940000,,,02-351-7944,서울특별시 은평구청,2026-02-26
역촌동,1,갈현로 89-8,52-27,37.6060970000,126.9098430000,1999,,02-351-7944,서울특별시 은평구청,2026-02-26
역촌동,1,갈현로11길 6-13,Feb-53,37.6059870000,126.9095960000,1999,,02-351-7944,서울특별시 은평구청,2026-02-26
역촌동,1,갈현로 89-4,52-26,37.6060640000,126.9101720000,2004,,02-351-7944,서울특별시 은평구청,2026-02-26
역촌동,1,갈현로 89-6,52-56,37.6061260000,126.9100130000,,,02-351-7944,서울특별시 은평구청,2026-02-26
역촌동,1,갈현로 89-8,52-27,37.6060970000,126.9098430000,,,02-351-7944,서울특별시 은평구청,2026-02-26
역촌동,1,갈현로15길 7-35,52-66,37.6064960000,126.9100750000,2014,,02-351-7944,서울특별시 은평구청,2026-02-26
역촌동,1,갈현로 89-8,52-27,37.6061058500,126.9098314000,,,02-351-7944,서울특별시 은평구청,2026-02-26
역촌동,1,갈현로15길 7-17,52-31,37.6067560000,126.9099130000,2003,,02-351-7944,서울특별시 은평구청,2026-02-26
역촌동,1,갈현로15길 7-39,52-65,37.6068300000,126.9101270000,1999,,02-351-7944,서울특별시 은평구청,2026-02-26
역촌동,1,갈현로15길 7-25,52-36,37.6064040000,126.9098500000,,,02-351-7944,서울특별시 은평구청,2026-02-26
역촌동,1,갈현로15길 7-7,52-33,37.6070800000,126.9099650000,2016,,02-351-7944,서울특별시 은평구청,2026-02-26
역촌동,1,갈현로15길 7-47,52-32,37.6060970000,126.9098430000,,,02-351-7944,서울특별시 은평구청,2026-02-26
역촌동,1,갈현로15길 9,Jan-53,37.6074210000,126.9097680000,,,02-351-7944,서울특별시 은평구청,2026-02-26
역촌동,1,갈현로15길 7,Apr-52,37.6074780000,126.9100390000,2016,,02-351-7944,서울특별시 은평구청,2026-02-26
역촌동,1,갈현로 103-1,52-55,37.6071400000,126.9105080000,,,02-351-7944,서울특별시 은평구청,2026-02-26
역촌동,1,갈현로15길 5,Feb-52,37.6073530000,126.9101650000,,,02-351-7944,서울특별시 은평구청,2026-02-26
역촌동,1,갈현로 101-1,Jul-52,37.6071035800,126.9103864000,2018,,02-351-7944,서울특별시 은평구청,2026-02-26
역촌동,1,갈현로 93-5,52-13,37.6065260000,126.9104490000,2018,,02-351-7944,서울특별시 은평구청,2026-02-26
역촌동,1,갈현로 93,52-24,37.6062110000,126.9104080000,1999,,02-351-7944,서울특별시 은평구청,2026-02-26
역촌동,1,갈현로 73-1,70-14,37.6045050000,126.9100930000,2016,,02-351-7944,서울특별시 은평구청,2026-02-26
역촌동,1,갈현로 63-1,70-33,37.6036750000,126.9100600000,2000,,02-351-7944,서울특별시 은평구청,2026-02-26
역촌동,1,갈현로7길 3,78-40,37.6032960000,126.9098960000,,,02-351-7944,서울특별시 은평구청,2026-02-26
역촌동,1,갈현로7길 1-1,78-38,37.6030970000,126.9098870000,,,02-351-7944,서울특별시 은평구청,2026-02-26
역촌동,1,갈현로7길 5,76-24,37.6033650000,126.9095660000,,,02-351-7944,서울특별시 은평구청,2026-02-26
역촌동,1,갈현로7길 7,Feb-76,37.6033450000,126.9094190000,,,02-351-7944,서울특별시 은평구청,2026-02-26
역촌동,1,갈현로7길 5-10,76-26,37.6033450000,126.9094190000,,,02-351-7944,서울특별시 은평구청,2026-02-26
역촌동,1,갈현로7길 14-11,Feb-73,37.6042410000,126.9088850000,2017,,02-351-7944,서울특별시 은평구청,2026-02-26
역촌동,1,갈현로9길 9-4,73-21,37.6045210000,126.9089490000,2017,,02-351-7944,서울특별시 은평구청,2026-02-26
역촌동,1,갈현로7길 14,Nov-72,37.6039143100,126.9090989000,2019,,02-351-7944,서울특별시 은평구청,2026-02-26
역촌동,1,갈현로9길 15,Jan-73,37.6047700000,126.9086170000,,,02-351-7944,서울특별시 은평구청,2026-02-26
역촌동,1,갈현로9길 15,Jan-73,37.6048888500,126.9086825000,2020,,02-351-7944,서울특별시 은평구청,2026-02-26
역촌동,1,갈현로9길 17,May-73,37.6048172300,126.9084715000,2022,,02-351-7944,서울특별시 은평구청,2026-02-26
역촌동,1,갈현로9길 17,May-73,37.6048172300,126.9084715000,2022,,02-351-7944,서울특별시 은평구청,2026-02-26
역촌동,1,갈현로9길 13-5,73-32,37.6045200000,126.9088020000,,,02-351-7944,서울특별시 은평구청,2026-02-26
역촌동,1,갈현로9길 9-8,73-23,37.6043940000,126.9087920000,2018,,02-351-7944,서울특별시 은평구청,2026-02-26
역촌동,1,역촌동 71-4,Apr-71,,,,,02-351-7944,서울특별시 은평구청,2026-02-26
역촌동,1,갈현로9길 17-7,74-38,37.6045600000,126.9082580000,,,02-351-7944,서울특별시 은평구청,2026-02-26
역촌동,1,갈현로7길 20-3,74-14,37.6043530000,126.9082610000,2018,,02-351-7944,서울특별시 은평구청,2026-02-26
역촌동,1,갈현로11길 25,May-74,37.6048800000,126.9077660000,2015,,02-351-7944,서울특별시 은평구청,2026-02-26
역촌동,1,갈현로7길 40,219-6,37.6046590000,126.9063420000,,,02-351-7944,서울특별시 은평구청,2026-02-26
역촌동,1,갈현로7길 40,219-6,37.6046590000,126.9063420000,,,02-351-7944,서울특별시 은평구청,2026-02-26
역촌동,1,갈현로7길 40,219-6,37.6046590000,126.9063420000,,,02-351-7944,서울특별시 은평구청,2026-02-26
역촌동,1,갈현로11길 37,234,37.6048950000,126.9064860000,,,02-351-7944,서울특별시 은평구청,2026-02-26
역촌동,1,갈현로7길 40,219-6,37.6046590000,126.9063420000,,,02-351-7944,서울특별시 은평구청,2026-02-26
역촌동,1,갈현로11길 43,219,37.6037420000,126.9055180000,,,02-351-7944,서울특별시 은평구청,2026-02-26
역촌동,1,갈현로11길 43,219,37.6037420000,126.9055180000,,,02-351-7944,서울특별시 은평구청,2026-02-26
역촌동,1,쉼터,219-26,37.6046700000,126.9055150000,,,02-351-7944,서울특별시 은평구청,2026-02-26
역촌동,1,갈현로11길 43,219,37.6046700000,126.9055150000,2015,,02-351-7944,서울특별시 은평구청,2026-02-26
역촌동,1,쉼터,219-26,37.6046700000,126.9055150000,,,02-351-7944,서울특별시 은평구청,2026-02-26
역촌동,1,갈현로3나길 43,226-5,37.6043730000,126.9065500000,,,02-351-7944,서울특별시 은평구청,2026-02-26
역촌동,1,갈현로3나길 43,226-5,37.6043730000,126.9065500000,,,02-351-7944,서울특별시 은평구청,2026-02-26
역촌동,1,갈현로3나길 39 건너편,226-15,37.6042026300,126.9065855000,2022,,02-351-7944,서울특별시 은평구청,2026-02-26
역촌동,1,갈현로3가길 22,184-19,37.6025040000,126.9080950000,,,02-351-7944,서울특별시 은평구청,2026-02-26
역촌동,1,갈현로7가길 6,75-32,37.6033770000,126.9089210000,2017,,02-351-7944,서울특별시 은평구청,2026-02-26
역촌동,1,갈현로7가길 10,190-1,37.6030870000,126.9087440000,,,02-351-7944,서울특별시 은평구청,2026-02-26
역촌동,1,갈현로7가길 10,190-1,37.6030870000,126.9087440000,,,02-351-7944,서울특별시 은평구청,2026-02-26
역촌동,1,갈현로7가길 16-7,189-32,37.6031910000,126.9083570000,2017,,02-351-7944,서울특별시 은평구청,2026-02-26
역촌동,1,갈현로7가길 10,190-1,37.6033300000,126.9087170000,,,02-351-7944,서울특별시 은평구청,2026-02-26
역촌동,1,갈현로7가길 9,76-38,37.6030010000,126.9092090000,2014,,02-351-7944,서울특별시 은평구청,2026-02-26
역촌동,1,갈현로7가길 15-1,184-4,37.6025540000,126.9086270000,2019,,02-351-7944,서울특별시 은평구청,2026-02-26
역촌동,1,갈현로7가길 17,184-5,37.6025710000,126.9084680000,2019,,02-351-7944,서울특별시 은평구청,2026-02-26
역촌동,1,갈현로7가길 19,184-8,37.6025770000,126.9081620000,2019,,02-351-7944,서울특별시 은평구청,2026-02-26
역촌동,1,갈현로7가길 23,184-10,37.6025740000,126.9078560000,2019,,02-351-7944,서울특별시 은평구청,2026-02-26
역촌동,1,갈현로7가길 23,184-10,37.6026260600,126.9078266000,2020,,02-351-7944,서울특별시 은평구청,2026-02-26
역촌동,1,갈현로7가길 23-1,184-11,37.6024480000,126.9078700000,,,02-351-7944,서울특별시 은평구청,2026-02-26
역촌동,1,갈현로3가길 24,184-15,37.6025880000,126.9074820000,2019,,02-351-7944,서울특별시 은평구청,2026-02-26
역촌동,1,갈현로3가길 24,184-15,37.6025880000,126.9074820000,2019,,02-351-7944,서울특별시 은평구청,2026-02-26
역촌동,1,갈현로3가길 20,184-22,37.6023012600,126.9074699000,2018,,02-351-7944,서울특별시 은평구청,2026-02-26
역촌동,1,갈현로3가길 22,184-19,37.6023810000,126.9074850000,2019,,02-351-7944,서울특별시 은평구청,2026-02-26
역촌동,1,갈현로3가길 15,187-37,37.6016120000,126.9070780000,,,02-351-7944,서울특별시 은평구청,2026-02-26
역촌동,1,갈현로5길 22-1,77-42,37.6016170000,126.9076210000,,,02-351-7944,서울특별시 은평구청,2026-02-26
역촌동,1,갈현로5길 24,77-43,37.6015280000,126.9077580000,,,02-351-7944,서울특별시 은평구청,2026-02-26
역촌동,1,갈현로5길 20,77-36,37.6018280000,126.9081050000,,,02-351-7944,서울특별시 은평구청,2026-02-26
역촌동,1,갈현로5길 20,77-36,37.6018280000,126.9081050000,2018,,02-351-7944,서울특별시 은평구청,2026-02-26
역촌동,1,갈현로5길 18,Nov-77,37.6021080000,126.9081460000,,,02-351-7944,서울특별시 은평구청,2026-02-26
역촌동,1,갈현로5길 16,Sep-77,37.6020760000,126.9085660000,2018,,02-351-7944,서울특별시 은평구청,2026-02-26
역촌동,1,갈현로5길 14,77-19,37.6020500000,126.9087360000,2018,,02-351-7944,서울특별시 은평구청,2026-02-26
역촌동,1,갈현로5길 10-5,77-21,37.6022590000,126.9089140000,2018,,02-351-7944,서울특별시 은평구청,2026-02-26
역촌동,1,갈현로5길 10-5,77-21,37.6022590000,126.9089140000,,,02-351-7944,서울특별시 은평구청,2026-02-26
역촌동,1,갈현로5길 10-8,77-33,37.6022790000,126.9091060000,,,02-351-7944,서울특별시 은평구청,2026-02-26
역촌동,1,갈현로5길 10-15,77-26,37.6024734500,126.9094604000,2020,,02-351-7944,서울특별시 은평구청,2026-02-26
역촌동,1,갈현로5길 6-9,77-25,37.6024090000,126.9095240000,,,02-351-7944,서울특별시 은평구청,2026-02-26
역촌동,1,갈현로5길 8,Mar-77,37.6020840000,126.9094600000,,,02-351-7944,서울특별시 은평구청,2026-02-26
역촌동,1,갈현로5길 10,May-77,37.6020630000,126.9090870000,,,02-351-7944,서울특별시 은평구청,2026-02-26
역촌동,1,갈현로7가길 11-7,Nov-76,37.6027150000,126.9095300000,2018,,02-351-7944,서울특별시 은평구청,2026-02-26
역촌동,1,갈현로7가길 11-7,Nov-76,37.6027513700,126.9095487000,2018,,02-351-7944,서울특별시 은평구청,2026-02-26
역촌동,1,갈현로7가길 11-3,Dec-76,37.6027589400,126.9092330000,2022,,02-351-7944,서울특별시 은평구청,2026-02-26
역촌동,1,갈현로7가길 11-2,77-16,37.6025760000,126.9091130000,2018,,02-351-7944,서울특별시 은평구청,2026-02-26
역촌동,1,갈현로7가길 11-2,77-16,37.6025760000,126.9091130000,,,02-351-7944,서울특별시 은평구청,2026-02-26
역촌동,1,갈현로7가길 9-2,76-28,37.6028570000,126.9092450000,,,02-351-7944,서울특별시 은평구청,2026-02-26
역촌동,1,갈현로7길 5-8,76-27,37.6031300000,126.9095470000,,,02-351-7944,서울특별시 은평구청,2026-02-26
역촌동,1,갈현로 55-2,Aug-78,37.6028380000,126.9101060000,,,02-351-7944,서울특별시 은평구청,2026-02-26
역촌동,1,갈현로 51,78-75,37.6023790000,126.9101700000,,,02-351-7944,서울특별시 은평구청,2026-02-26
역촌동,1,갈현로 47,78-33,37.6020820000,126.9101630000,,,02-351-7944,서울특별시 은평구청,2026-02-26
역촌동,1,갈현로5길 2,78-19,37.6021430000,126.9099690000,,,02-351-7944,서울특별시 은평구청,2026-02-26
역촌동,1,진흥로1나길 3-1,34-45,37.6029310000,126.9182480000,1999,,02-351-7944,서울특별시 은평구청,2026-02-26
역촌동,1,연서로3길 31-6,Nov-80,37.6021890000,126.9120640000,,,02-351-7944,서울특별시 은평구청,2026-02-26
역촌동,1,서오릉로 129,01월 10일,37.6104170000,126.9180820000,2016,,02-351-7944,서울특별시 은평구청,2026-02-26
역촌동,1,역말로 52-18,22-15,37.6051450000,126.9160750000,2017,,02-351-7944,서울특별시 은평구청,2026-02-26
역촌동,1,역말로 52-24,22-26,37.6048670000,126.9161580000,,,02-351-7944,서울특별시 은평구청,2026-02-26
역촌동,1,연서로2길 8-4,43-40,37.6005666600,126.9170471000,2022,,02-351-7944,서울특별시 은평구청,2026-02-26
역촌동,1,서오릉로 93,04월 14일,37.6082369700,126.9209676000,2022,,02-351-7944,서울특별시 은평구청,2026-02-26
역촌동,1,갈현로14길 4-5,50-27,37.6067008700,126.9113504000,2022,,02-351-7944,서울특별시 은평구청,2026-02-26
역촌동,1,연서로14길 1,07월 24일,37.6090485800,126.9164823000,2022,,02-351-7944,서울특별시 은평구청,2026-02-26
역촌동,1,,50-19,,,2023,,02-351-7944,서울특별시 은평구청,2026-02-26
역촌동,1,,18-41,,,2023,,02-351-7944,서울특별시 은평구청,2026-02-26
역촌동,1,,62-56,,,2023,,02-351-7944,서울특별시 은평구청,2026-02-26
역촌동,1,,Jul-63,,,2023,,02-351-7944,서울특별시 은평구청,2026-02-26
역촌동,1,서오릉로7길 15,17-41,37.6061187100,126.9210822000,2023,,02-351-7944,서울특별시 은평구청,2026-02-26
역촌동,1,연서로 1,85-41,37.5993656900,126.9155036000,2023,,02-351-7944,서울특별시 은평구청,2026-02-26
역촌동,1,역말로 71,13-54,37.6063633200,126.9181817000,2023,,02-351-7944,서울특별시 은평구청,2026-02-26
역촌동,1,연서로2길 17-2,39-33,37.6010130200,126.9181787000,2024,,02-351-7944,서울특별시 은평구청,2026-02-26
역촌동,1,연서로2길 13-1,39-49,37.6010694100,126.9177399000,2024,,02-351-7944,서울특별시 은평구청,2026-02-26
역촌동,1,연서로2길 11,Dec-39,37.6009482200,126.9174727000,2024,,02-351-7944,서울특별시 은평구청,2026-02-26
역촌동,1,진흥로1가길 3,Nov-38,37.6020211700,126.9183103000,2024,,02-351-7944,서울특별시 은평구청,2026-02-26
역촌동,1,진흥로1가길 5-1,38-18,37.6019969100,126.9180434000,2024,,02-351-7944,서울특별시 은평구청,2026-02-26
역촌동,1,진흥로1가길 11,38-31,37.6019494400,126.9173963000,2024,,02-351-7944,서울특별시 은평구청,2026-02-26
역촌동,1,진흥로1가길 13-1,38-20,37.6019294200,126.9171130000,2024,,02-351-7944,서울특별시 은평구청,2026-02-26
역촌동,1,역말로 83-29,01월 13일,37.6075536900,126.9189289000,2024,,02-351-7944,서울특별시 은평구청,2026-02-26
역촌동,1,역말로 83-5,13-33,37.6072913900,126.9189463000,2024,,02-351-7944,서울특별시 은평구청,2026-02-26
역촌동,1,-,4-45,,,2024,,02-351-7944,서울특별시 은평구청,2026-02-26
역촌동,1,-,4-45,,,2024,,02-351-7944,서울특별시 은평구청,2026-02-26
역촌동,1,역말로 83-33,10월 13일,,,2024,,02-351-7944,서울특별시 은평구청,2026-02-26
역촌동,1,갈현로7길 5-21,Jul-78,37.6028571400,126.9097571000,2024,,02-351-7944,서울특별시 은평구청,2026-02-26
역촌동,1,연서로10길 7,8-50,37.6075065900,126.9161680000,2024,,02-351-7944,서울특별시 은평구청,2026-02-26
역촌동,1,연서로8길 7,11-58,37.6068601300,126.9163028000,2024,,02-351-7944,서울특별시 은평구청,2026-02-26
역촌동,1,진흥로1길 55-21,21-33,37.6053254900,126.9172171000,2024,,02-351-7944,서울특별시 은평구청,2026-02-26
역촌동,1,역말로 60-2,20-32,37.6057190500,126.9170275000,2024,,02-351-7944,서울특별시 은평구청,2026-02-26
역촌동,1,역말로 60-3,20-25,37.6056266200,126.9171474000,2024,,02-351-7944,서울특별시 은평구청,2026-02-26
역촌동,1,서오릉로9길 13-14,02월 18일,37.6065651400,126.9209926000,2024,,02-351-7944,서울특별시 은평구청,2026-02-26
역촌동,1,서오릉로 115-8,02월 16일,37.6095416900,126.9189834000,2024,,02-351-7944,서울특별시 은평구청,2026-02-26
역촌동,1,서오릉로 115,2-136,37.6097625000,126.9193063000,2024,,02-351-7944,서울특별시 은평구청,2026-02-26
역촌동,1,갈현로7가길 15,184-3,37.6026815800,126.9088447000,2024,,02-351-7944,서울특별시 은평구청,2026-02-26
역촌동,1,갈현로7가길 10,190-1,37.6030459100,126.9089404000,2024,,02-351-7944,서울특별시 은평구청,2026-02-26
역촌동,1,갈현로3가길16,187-35,37.6016929500,126.9074132000,2024,,02-351-7944,서울특별시 은평구청,2026-02-26
역촌동,1,갈현로3가길16,187-35,37.6016929500,126.9074132000,2024,,02-351-7944,서울특별시 은평구청,2026-02-26
역촌동,1,연서로16길 24-1,04월 02일,37.6088373100,126.9189849000,2024,,02-351-7944,서울특별시 은평구청,2026-02-26
역촌동,1,연서로14길 15-10,5-42,37.6087222200,126.9180851000,2024,,02-351-7944,서울특별시 은평구청,2026-02-26
역촌동,1,연서로16길 11-9,1-73,37.6100443100,126.9183121000,,,02-351-7944,서울특별시 은평구청,2026-02-26
역촌동,1,갈현로11길 6-13,Feb-53,37.6060956400,126.9096323000,2023,,02-351-7944,서울특별시 은평구청,2026-02-26
역촌동,1,갈현로4길 31-2,84-46,37.6009911900,126.9140582000,,,02-351-7944,서울특별시 은평구청,2026-02-26
역촌동,1,갈현로11길 6-12,Feb-54,37.6059271500,126.9097917000,2023,,02-351-7944,서울특별시 은평구청,2026-02-26
역촌동,1,연서로 34-1,36-28,37.6021465800,126.9162156000,2023,,02-351-7944,서울특별시 은평구청,2026-02-26
역촌동,1,연서로5길 8,Sep-61,37.6040984600,126.9145494000,2023,,02-351-7944,서울특별시 은평구청,2026-02-26
역촌동,1,역말로7길 3-9,10-101,37.6064821400,126.9175478000,2023,,02-351-7944,서울특별시 은평구청,2026-02-26
역촌동,1,역말로6길 12-5,61-59,37.6044962000,126.9142243000,2024,,02-351-7944,서울특별시 은평구청,2026-02-26
역촌동,1,진흥로7길 20-10,25-111,37.6048200100,126.9192797000,2024,,02-351-7944,서울특별시 은평구청,2026-02-26
역촌동,1,연서로6길 5-3,22-57,37.6044821300,126.9163178000,2024,,02-351-7944,서울특별시 은평구청,2026-02-26
역촌동,1,진흥로99,17-16,37.6057112900,126.9223226000,2024,,02-351-7944,서울특별시 은평구청,2026-02-26
역촌동,1,진흥로9길 2,17-17,37.6054528100,126.9220312000,2024,,02-351-7944,서울특별시 은평구청,2026-02-26
역촌동,1,연서로3나길 11-13,Dec-68,37.6029182200,126.9125333000,2023,,02-351-7944,서울특별시 은평구청,2026-02-26
역촌동,1,연서로3길 41,Jan-80,37.6028404500,126.9112158000,2024,,02-351-7944,서울특별시 은평구청,2026-02-26
역촌동,1,갈현로5길 12,77-23,37.6020881300,126.9089744000,2024,,02-351-7944,서울특별시 은평구청,2026-02-26
역촌동,1,진흥로7나길 16,25-71,37.6058225700,126.9190094000,2024,,02-351-7944,서울특별시 은평구청,2026-02-26
역촌동,1,서오릉로9길 15,10월 18일,37.6066815300,126.9203195000,2024,,02-351-7944,서울특별시 은평구청,2026-02-26
역촌동,1,연서로6길 8-10,35-52,37.6037489500,126.9165316000,2024,,02-351-7944,서울특별시 은평구청,2026-02-26
역촌동,1,갈현로3나길 32-3,189-94,37.6035910000,126.9067880000,2023,,02-351-7944,서울특별시 은평구청,2026-02-26
응암1동,1,은평로6길 16,114-1,37.5983720000,126.9183140000,2015,,02-351-7944,서울특별시 은평구청,2026-02-26
응암1동,1,은평로6길 16,114-1,37.5983340300,126.9191717000,,,02-351-7944,서울특별시 은평구청,2026-02-26
응암1동,1,은평로4길 20-4,113-15,37.5977440000,126.9166470000,2004,,02-351-7944,서울특별시 은평구청,2026-02-26
응암1동,1,은평로4길 20-1,113-13,37.5975480000,126.9168310000,2007,,02-351-7944,서울특별시 은평구청,2026-02-26
응암1동,1,은평로4길 22,113-4,37.5973490000,126.9167320000,2015,,02-351-7944,서울특별시 은평구청,2026-02-26
응암1동,1,은평로4길 22-2,113-22,37.5973920000,126.9165840000,2006,,02-351-7944,서울특별시 은평구청,2026-02-26
응암1동,1,은평로4길 26,113-18,37.5971500000,126.9166780000,2009,,02-351-7944,서울특별시 은평구청,2026-02-26
응암1동,1,불광천길 5,113-26,37.5972550000,126.9163710000,2004,,02-351-7944,서울특별시 은평구청,2026-02-26
응암1동,1,응암로29길 20-8,118-71,37.5972840200,126.9171297000,2019,,02-351-7944,서울특별시 은평구청,2026-02-26
응암1동,1,은평로4길 21-8,118-40,37.5971340000,126.9169270000,2019,,02-351-7944,서울특별시 은평구청,2026-02-26
응암1동,1,은평로4길 27,118-80,37.5969629300,126.9168385000,2023,,02-351-7944,서울특별시 은평구청,2026-02-26
응암1동,1,은평로4길 27,118-80,37.5969540000,126.9168850000,2015,,02-351-7944,서울특별시 은평구청,2026-02-26
응암1동,1,은평로4길 28,113-19,37.5970106100,126.9166775000,,,02-351-7944,서울특별시 은평구청,2026-02-26
응암1동,1,은평로4길 28,113-19,37.5969880000,126.9166580000,2015,,02-351-7944,서울특별시 은평구청,2026-02-26
응암1동,1,응암로29길 26,113-20,37.5969680000,126.9164540000,2015,,02-351-7944,서울특별시 은평구청,2026-02-26
응암1동,1,은평로4길 22-1,113-21,37.5971660000,126.9165190000,2005,,02-351-7944,서울특별시 은평구청,2026-02-26
응암1동,1,응암로29길 18-5,118-37,37.5971850000,126.9175150000,2016,,02-351-7944,서울특별시 은평구청,2026-02-26
응암1동,1,응암로29길 16,118-34,37.5967860000,126.9174782000,,,02-351-7944,서울특별시 은평구청,2026-02-26
응암1동,1,진흥로 52,Apr-89,37.6014770000,126.9208050000,2010,,02-351-7944,서울특별시 은평구청,2026-02-26
응암1동,1,응암로29길 14-1,118-32,37.5967980000,126.9175780000,2015,,02-351-7944,서울특별시 은평구청,2026-02-26
응암1동,1,은평로4길 21-8,118-40,37.5973290000,126.9175470000,2019,,02-351-7944,서울특별시 은평구청,2026-02-26
응암1동,1,은평로6길 16,114-1,37.5983720000,126.9183140000,2016,,02-351-7944,서울특별시 은평구청,2026-02-26
응암1동,1,은평로6길 16,114-1,37.5983720000,126.9183140000,2015,,02-351-7944,서울특별시 은평구청,2026-02-26
응암1동,1,은평로6길 16,114-1,37.5983720000,126.9183140000,2016,,02-351-7944,서울특별시 은평구청,2026-02-26
응암1동,1,은평로6길 16,114-1,37.5983720000,126.9183140000,2015,,02-351-7944,서울특별시 은평구청,2026-02-26
응암1동,1,응암로29길 10,118-12,37.5965410000,126.9180800000,2007,,02-351-7944,서울특별시 은평구청,2026-02-26
응암1동,1,,118-12,,,2023,,02-351-7944,서울특별시 은평구청,2026-02-26
응암1동,1,응암로29길 12-6,118-58,37.5967770800,126.9180683000,2023,,02-351-7944,서울특별시 은평구청,2026-02-26
응암1동,1,응암로29길 12-8,118-70,37.5969030000,126.9182440000,2017,,02-351-7944,서울특별시 은평구청,2026-02-26
응암1동,1,은평로8길 47,117-41,37.5963020000,126.9184910000,2004,,02-351-7944,서울특별시 은평구청,2026-02-26
응암1동,1,응암로 275-3,117-30,37.5965466400,126.9188238000,,,02-351-7944,서울특별시 은평구청,2026-02-26
응암1동,1,은평로8길 44-3,118-7,37.5967410000,126.9183030000,2009,,02-351-7944,서울특별시 은평구청,2026-02-26
응암1동,1,은평로8길 44-3,118-7,37.5967410000,126.9183030000,2016,,02-351-7944,서울특별시 은평구청,2026-02-26
응암1동,1,응암로 275-1,117-32,37.5965690000,126.9191210000,2005,,02-351-7944,서울특별시 은평구청,2026-02-26
응암1동,1,은평로8길 41,117-42,37.5967730000,126.9188240000,2013,,02-351-7944,서울특별시 은평구청,2026-02-26
응암1동,1,은평로8길 39,117-22,37.5968470000,126.9190040000,2011,,02-351-7944,서울특별시 은평구청,2026-02-26
응암1동,1,은평로8길 39,117-22,37.5969570500,126.9189364000,2023,,02-351-7944,서울특별시 은평구청,2026-02-26
응암1동,1,은평로8길 37-1,117-19,37.5969760000,126.9193420000,2007,,02-351-7944,서울특별시 은평구청,2026-02-26
응암1동,1,은평로8길 35-2,117-16,37.5971550000,126.9191690000,2011,,02-351-7944,서울특별시 은평구청,2026-02-26
응암1동,1,응암로8길 35-4,117-17,37.5970840000,126.9193290000,2007,,02-351-7944,서울특별시 은평구청,2026-02-26
응암1동,1,은평로8길 31,117-2,37.5974270000,126.9193460000,,,02-351-7944,서울특별시 은평구청,2026-02-26
응암1동,1,은평로8길 31-1,117-7,37.5974200000,126.9195840000,2019,,02-351-7944,서울특별시 은평구청,2026-02-26
응암1동,1,은평로8길 29,115-25,37.5981300000,126.9194150000,2008,,02-351-7944,서울특별시 은평구청,2026-02-26
응암1동,1,은평로8길 29,115-25,37.5981300000,126.9194150000,2007,,02-351-7944,서울특별시 은평구청,2026-02-26
응암1동,1,은평로8길 25,116-21,37.5980800000,126.9198350000,2018,,02-351-7944,서울특별시 은평구청,2026-02-26
응암1동,1,은평로8길 24-1,115-10,37.5982310000,126.9196290000,2008,,02-351-7944,서울특별시 은평구청,2026-02-26
응암1동,1,은평로8길 24-1,115-10,37.5982310000,126.9196290000,2017,,02-351-7944,서울특별시 은평구청,2026-02-26
응암1동,1,은평로8길 22,115-30,37.5984760000,126.9197500000,2009,,02-351-7944,서울특별시 은평구청,2026-02-26
응암1동,1,은평로8길 22,115-30,37.5984760000,126.9197500000,2011,,02-351-7944,서울특별시 은평구청,2026-02-26
응암1동,1,은평로8길 18,115-3,37.5988290000,126.9200280000,2011,,02-351-7944,서울특별시 은평구청,2026-02-26
응암1동,1,은평로8길 15-2,116-6,37.5986700000,126.9203590000,2016,,02-351-7944,서울특별시 은평구청,2026-02-26
응암1동,1,은평로8길 15-2,116-6,37.5986700000,126.9203590000,2008,,02-351-7944,서울특별시 은평구청,2026-02-26
응암1동,1,응암로 305,109-23,37.5987370000,126.9208000000,2016,,02-351-7944,서울특별시 은평구청,2026-02-26
응암1동,1,은평로8길 16-7,115-1,37.5989620000,126.9197090000,2016,,02-351-7944,서울특별시 은평구청,2026-02-26
응암1동,1,은평로8길 16-7,115-1,37.5989620000,126.9197090000,2016,,02-351-7944,서울특별시 은평구청,2026-02-26
응암1동,1,은평로6길 7-1,115-34,37.5988670000,126.9191900000,2010,,02-351-7944,서울특별시 은평구청,2026-02-26
응암1동,1,은평로8길 14,110-30,37.5990380000,126.9201380000,2007,,02-351-7944,서울특별시 은평구청,2026-02-26
응암1동,1,은평로8길 12,110-25,37.5993010000,126.9203500000,2007,,02-351-7944,서울특별시 은평구청,2026-02-26
응암1동,1,은평로8길 10-4,110-22,37.5994540000,126.9203250000,2006,,02-351-7944,서울특별시 은평구청,2026-02-26
응암1동,1,응암로 307-1,109-20,37.5990350000,126.9208630000,2005,,02-351-7944,서울특별시 은평구청,2026-02-26
응암1동,1,은평로 116,110-1,37.5998990000,126.9206920000,2010,,02-351-7944,서울특별시 은평구청,2026-02-26
응암1동,1,은평로4길 10,112-12,37.5985590000,126.9170650000,,,02-351-7944,서울특별시 은평구청,2026-02-26
응암1동,1,은평로4길 7-3,111-26,37.5986980000,126.9174590000,2015,,02-351-7944,서울특별시 은평구청,2026-02-26
응암1동,1,은평로4길 3-1,111-17,37.5990050000,126.9175460000,2016,,02-351-7944,서울특별시 은평구청,2026-02-26
응암1동,1,은평로4길 8,112-8,37.5986580000,126.9170410000,2007,,02-351-7944,서울특별시 은평구청,2026-02-26
응암1동,1,은평로4길 6-2,112-4,37.5987830000,126.9168920000,2015,,02-351-7944,서울특별시 은평구청,2026-02-26
응암1동,1,은평로4길 5,112-1,37.5991150000,126.9177480000,2015,,02-351-7944,서울특별시 은평구청,2026-02-26
응암1동,1,은평로4길7-12,111-35,37.5988160600,126.9179136000,2021,,02-351-7944,서울특별시 은평구청,2026-02-26
응암1동,1,은평로4길 7-19,111-18,37.5989200000,126.9180900000,2008,,02-351-7944,서울특별시 은평구청,2026-02-26
응암1동,1,은평로4길 7-19,111-18,37.5989200000,126.9180900000,2015,,02-351-7944,서울특별시 은평구청,2026-02-26
응암1동,1,은평로6길 16,114-1,37.5983720000,126.9183140000,2007,,02-351-7944,서울특별시 은평구청,2026-02-26
응암1동,1,은평로6길 16,114-1,37.5983720000,126.9183140000,2015,,02-351-7944,서울특별시 은평구청,2026-02-26
응암1동,1,은평로6길 8-10,111-11,37.5990410000,126.9185190000,2016,,02-351-7944,서울특별시 은평구청,2026-02-26
응암1동,1,은평로 92-2,111-38,37.5991990000,126.9181200000,2016,,02-351-7944,서울특별시 은평구청,2026-02-26
응암1동,1,은평로 94-1,111-37,37.5992280000,126.9182450000,2017,,02-351-7944,서울특별시 은평구청,2026-02-26
응암1동,1,은평로 98-3,111-4,37.5990960000,126.9186430000,2010,,02-351-7944,서울특별시 은평구청,2026-02-26
응암1동,1,은평로6길 6-1,111-5,37.5991970000,126.9188000000,2001,,02-351-7944,서울특별시 은평구청,2026-02-26
응암1동,1,은평로 102,111-1,37.5994400000,126.9187740000,2007,,02-351-7944,서울특별시 은평구청,2026-02-26
응암1동,1,은평로6길 5,110-13,37.5992540000,126.9191160000,2007,,02-351-7944,서울특별시 은평구청,2026-02-26
응암1동,1,은평로6길 5-3,110-14,37.5992910000,126.9192630000,2016,,02-351-7944,서울특별시 은평구청,2026-02-26
응암1동,1,은평로8길 16-8,110-34,37.5992160000,126.9198870000,2016,,02-351-7944,서울특별시 은평구청,2026-02-26
응암1동,1,응암로34가길 6-14,102-73,37.5989348600,126.9231297000,2022,,02-351-7944,서울특별시 은평구청,2026-02-26
응암1동,1,은평로8길 8-1,110-7,37.5995980000,126.9203230000,2006,,02-351-7944,서울특별시 은평구청,2026-02-26
응암1동,1,응암로32길 5-4,105-20,37.5974800000,126.9212930000,2016,,02-351-7944,서울특별시 은평구청,2026-02-26
응암1동,1,응암로32길 3-3,104-50,37.5977100000,126.9207800000,2008,,02-351-7944,서울특별시 은평구청,2026-02-26
응암1동,1,응암로32길 508,105-16,37.5975370000,126.9215870000,2016,,02-351-7944,서울특별시 은평구청,2026-02-26
응암1동,1,응암로32길 5-15,104-26,37.5979750000,126.9211730000,2017,,02-351-7944,서울특별시 은평구청,2026-02-26
응암1동,1,응암로34길 10-10,104-14,37.5980940000,126.9213980000,2009,,02-351-7944,서울특별시 은평구청,2026-02-26
응암1동,1,응암로34길 12-3,197-7,37.5978100000,126.9218100000,2016,,02-351-7944,서울특별시 은평구청,2026-02-26
응암1동,1,응암로32길 10,104-1,37.5980710000,126.9218060000,2019,,02-351-7944,서울특별시 은평구청,2026-02-26
응암1동,1,응암로34길 10,104-1,37.5980710000,126.9218060000,2017,,02-351-7944,서울특별시 은평구청,2026-02-26
응암1동,1,은평로4길 18,113-32,37.5978180000,126.9168610000,2015,,02-351-7944,서울특별시 은평구청,2026-02-26
응암1동,1,은평로4길 18,113-32,37.5978180000,126.9168610000,2015,,02-351-7944,서울특별시 은평구청,2026-02-26
응암1동,1,은평로4길 16,113-8,37.5980080000,126.9169260000,2015,,02-351-7944,서울특별시 은평구청,2026-02-26
응암1동,1,은평로4길 12,112-14,37.5983690000,126.9170230000,2015,,02-351-7944,서울특별시 은평구청,2026-02-26
응암1동,1,은평로4길 12,112-14,37.5983690000,126.9170230000,2008,,02-351-7944,서울특별시 은평구청,2026-02-26
응암1동,1,은평로4길 12-4,112-16,37.5984850000,126.9168510000,2007,,02-351-7944,서울특별시 은평구청,2026-02-26
응암1동,1,불광천길 548,113-2,37.5982210000,126.9165260000,2007,,02-351-7944,서울특별시 은평구청,2026-02-26
응암1동,1,불광천길 558-2,112-19,37.5985470000,126.9167370000,2007,,02-351-7944,서울특별시 은평구청,2026-02-26
응암1동,1,불광천길 558-1,112-21,37.5987000000,126.9167460000,2007,,02-351-7944,서울특별시 은평구청,2026-02-26
응암1동,1,은평로6길 16,114-1,37.5983720000,126.9183140000,2007,,02-351-7944,서울특별시 은평구청,2026-02-26
응암1동,1,은평로6길 11,115-20,37.5986780000,126.9192600000,2011,,02-351-7944,서울특별시 은평구청,2026-02-26
응암1동,1,은평로6길 13-1,115-22,37.5984890000,126.9192740000,2008,,02-351-7944,서울특별시 은평구청,2026-02-26
응암1동,1,은평로8길 29,115-25,37.5981300000,126.9194150000,2009,,02-351-7944,서울특별시 은평구청,2026-02-26
응암1동,1,은평로8길 29,115-25,37.5981300000,126.9194150000,2007,,02-351-7944,서울특별시 은평구청,2026-02-26
응암1동,1,은평로6길 9-11,115-12,37.5983550000,126.9194120000,2006,,02-351-7944,서울특별시 은평구청,2026-02-26
응암1동,1,은평로6길 9-5,115-16,37.5988070000,126.9195190000,2018,,02-351-7944,서울특별시 은평구청,2026-02-26
응암1동,1,응암로34길 13-6,197-24,37.5972540000,126.9221230000,2007,,02-351-7944,서울특별시 은평구청,2026-02-26
응암1동,1,응암로32길 13-8,197-23,37.5972810000,126.9221570000,2016,,02-351-7944,서울특별시 은평구청,2026-02-26
응암1동,1,응암로34길 16-8,197-16,37.5976271600,126.9222408000,,,02-351-7944,서울특별시 은평구청,2026-02-26
응암1동,1,응암로34길 16,197-14,37.5979140000,126.9223520000,2016,,02-351-7944,서울특별시 은평구청,2026-02-26
응암1동,1,응암로34길 16,197-14,37.5979140000,126.9223520000,2019,,02-351-7944,서울특별시 은평구청,2026-02-26
응암1동,1,응암로34길 14,197-9,37.5979120000,126.9221820000,2019,,02-351-7944,서울특별시 은평구청,2026-02-26
응암1동,1,응암로32길 6,104-57,37.5982580000,126.9216220000,2019,,02-351-7944,서울특별시 은평구청,2026-02-26
응암1동,1,응암로32길 4,104-5,37.5983380000,126.9214400000,2019,,02-351-7944,서울특별시 은평구청,2026-02-26
응암1동,1,응암로32길 4-3,104-12,37.5980930000,126.9212390000,2017,,02-351-7944,서울특별시 은평구청,2026-02-26
응암1동,1,응암로34길 12,105-13,37.5980640000,126.9220550000,2019,,02-351-7944,서울특별시 은평구청,2026-02-26
응암1동,1,응암로34길 12-7,197-11,37.5977490000,126.9220600000,2016,,02-351-7944,서울특별시 은평구청,2026-02-26
응암1동,1,응암로34길 12-9,197-12,37.5975590000,126.9219490000,2010,,02-351-7944,서울특별시 은평구청,2026-02-26
응암1동,1,응암로34길 12-5,197-10,37.5977940000,126.9221270000,2007,,02-351-7944,서울특별시 은평구청,2026-02-26
응암1동,1,응암로34가길 4,102-57,37.5983698300,126.9222923000,,,02-351-7944,서울특별시 은평구청,2026-02-26
응암1동,1,응암로34길 3,103-45,37.5985100000,126.9215280000,2016,,02-351-7944,서울특별시 은평구청,2026-02-26
응암1동,1,응암로 318,739,37.5989210000,126.9221450000,2019,,02-351-7944,서울특별시 은평구청,2026-02-26
응암1동,1,응암로 318,739,37.5989210000,126.9221450000,2019,,02-351-7944,서울특별시 은평구청,2026-02-26
응암1동,1,응암로 312-10,103-21,37.5989210000,126.9221450000,2019,,02-351-7944,서울특별시 은평구청,2026-02-26
응암1동,1,응암로34가길 6-1,102-47,37.5986000000,126.9225340000,2019,,02-351-7944,서울특별시 은평구청,2026-02-26
응암1동,1,응암로34가길 10-1,102-80,37.5987910000,126.9227240000,2016,,02-351-7944,서울특별시 은평구청,2026-02-26
응암1동,1,응암로34가길 12-1,102-28,37.5991080000,126.9229010000,2006,,02-351-7944,서울특별시 은평구청,2026-02-26
응암1동,1,응암로34가길 16,102-24,37.5992440000,126.9230340000,2016,,02-351-7944,서울특별시 은평구청,2026-02-26
응암1동,1,응암로34길 18,102-3,37.5993720000,126.9231570000,2016,,02-351-7944,서울특별시 은평구청,2026-02-26
응암1동,1,응암로 322-11,103-10,37.5995490000,126.9228040000,2016,,02-351-7944,서울특별시 은평구청,2026-02-26
응암1동,1,응암로 322-4,103-14,37.5997073200,126.9223361000,2022,,02-351-7944,서울특별시 은평구청,2026-02-26
응암1동,1,은평로10길 7,98-61,37.5997870000,126.9232760000,2004,,02-351-7944,서울특별시 은평구청,2026-02-26
응암1동,1,응암로34가길 16-1,102-26,37.5991100000,126.9231040000,2006,,02-351-7944,서울특별시 은평구청,2026-02-26
응암1동,1,은평로10길 10,103-7,37.5996870000,126.9231750000,2011,,02-351-7944,서울특별시 은평구청,2026-02-26
응암1동,1,은평로10길 5,98-68,37.5999020000,126.9230700000,2008,,02-351-7944,서울특별시 은평구청,2026-02-26
응암1동,1,응암로 326-2,103-33,37.5996720000,126.9225530000,2007,,02-351-7944,서울특별시 은평구청,2026-02-26
응암1동,1,응암로 326-2,103-3,37.6000320000,126.9224680000,2005,,02-351-7944,서울특별시 은평구청,2026-02-26
응암1동,1,은평로10길 5-2,98-74,37.5999950000,126.9233860000,2004,,02-351-7944,서울특별시 은평구청,2026-02-26
응암1동,1,은평로10길 7-5,98-58,37.5998610000,126.9234670000,2004,,02-351-7944,서울특별시 은평구청,2026-02-26
응암1동,1,은평로10길 13-15,Jan-99,37.5998480000,126.9240340000,2016,,02-351-7944,서울특별시 은평구청,2026-02-26
응암1동,1,응암로34나길 5-7,102-40,37.5983950000,126.9227980000,2016,,02-351-7944,서울특별시 은평구청,2026-02-26
응암1동,1,응암로34나길 7,102-33,37.5982630000,126.9230830000,2016,,02-351-7944,서울특별시 은평구청,2026-02-26
응암1동,1,응암로34나길 5-8,102-34,37.5983160000,126.9229460000,2008,,02-351-7944,서울특별시 은평구청,2026-02-26
응암1동,1,응암로34나길 165-12,102-36,37.5984880000,126.9230790000,2009,,02-351-7944,서울특별시 은평구청,2026-02-26
응암1동,1,응암로34나길 6-7,102-44,37.5986470000,126.9227710000,2016,,02-351-7944,서울특별시 은평구청,2026-02-26
응암1동,1,응암로34나길 14-6,101-30,37.5986300000,126.9238130000,2004,,02-351-7944,서울특별시 은평구청,2026-02-26
응암1동,1,응암로34나길 14-10,101-28,37.5985792100,126.9241321000,2022,,02-351-7944,서울특별시 은평구청,2026-02-26
응암1동,1,응암로34길 21,101-77,37.5976950000,126.9230790000,2010,,02-351-7944,서울특별시 은평구청,2026-02-26
응암1동,1,응암로34길 21-5,101-73,37.5978580000,126.9232130000,2016,,02-351-7944,서울특별시 은평구청,2026-02-26
응암1동,1,응암로34길 21-16,101-20,37.5979000000,126.9238010000,2016,,02-351-7944,서울특별시 은평구청,2026-02-26
응암1동,1,응암로34길 21-27,101-38,37.5982920000,126.9242940000,2019,,02-351-7944,서울특별시 은평구청,2026-02-26
응암1동,1,응암로34길 21-27,101-38,37.5983530000,126.9240890000,2018,,02-351-7944,서울특별시 은평구청,2026-02-26
응암1동,1,은평로10길 28-8,101-9,37.5983370000,126.9243610000,2016,,02-351-7944,서울특별시 은평구청,2026-02-26
응암1동,1,은평로10길 26-1,101-93,37.5984930000,126.9246310000,2016,,02-351-7944,서울특별시 은평구청,2026-02-26
응암1동,1,은평로10길 22,101-4,37.5988310000,126.9241840000,2016,,02-351-7944,서울특별시 은평구청,2026-02-26
응암1동,1,응암로34나길 1,102-94,37.5979810000,126.9228600000,2016,,02-351-7944,서울특별시 은평구청,2026-02-26
응암1동,1,응암로34나길 6-1,101-65,37.5981380000,126.9232320000,2016,,02-351-7944,서울특별시 은평구청,2026-02-26
응암1동,1,응암로34나길 9-1,102-68,37.5985080000,126.9232830000,2007,,02-351-7944,서울특별시 은평구청,2026-02-26
응암1동,1,응암로34나길 12-1,101-32,37.5986190000,126.9236210000,2016,,02-351-7944,서울특별시 은평구청,2026-02-26
응암1동,1,응암로34가길 14-7,102-19,37.5988690000,126.9234020000,2006,,02-351-7944,서울특별시 은평구청,2026-02-26
응암1동,1,응암로34가길 14-5,102-66,37.5989140000,126.9233110000,2016,,02-351-7944,서울특별시 은평구청,2026-02-26
응암1동,1,응암로34가길 6-14,102-73,37.5989348600,126.9231297000,,,02-351-7944,서울특별시 은평구청,2026-02-26
응암1동,1,응암로34나길 15,102-17,37.5989070000,126.9235720000,2016,,02-351-7944,서울특별시 은평구청,2026-02-26
응암1동,1,응암로34나길 15,102-17,37.5989178200,126.9236144000,2023,,02-351-7944,서울특별시 은평구청,2026-02-26
응암1동,1,응암로34나길 15-5,102-21,37.5990770000,126.9234110000,2005,,02-351-7944,서울특별시 은평구청,2026-02-26
응암1동,1,은평로10길 16,102-12,37.5992545800,126.9238048000,,,02-351-7944,서울특별시 은평구청,2026-02-26
응암1동,1,은평로10길 17,99-45,37.5993530000,126.9240410000,2008,,02-351-7944,서울특별시 은평구청,2026-02-26
응암1동,1,은평로10길 13,Sep-99,37.5994760000,126.9236880000,2016,,02-351-7944,서울특별시 은평구청,2026-02-26
응암1동,1,은평로10길 14-3,102-8,37.5993120000,126.9235540000,2005,,02-351-7944,서울특별시 은평구청,2026-02-26
응암1동,1,은평로10길 13-10,99-39,37.5996240000,126.9241270000,2008,,02-351-7944,서울특별시 은평구청,2026-02-26
응암1동,1,은평로10길 13-12,99-38,37.5997240000,126.9241940000,2005,,02-351-7944,서울특별시 은평구청,2026-02-26
응암1동,1,은평로10길 7-11,98-42,37.5999820000,126.9238620000,2019,,02-351-7944,서울특별시 은평구청,2026-02-26
응암1동,1,은평로12길 8-10,98-20,37.6001420000,126.9246410000,2004,,02-351-7944,서울특별시 은평구청,2026-02-26
응암1동,1,은평로 152-1,98-24,37.6006000000,126.9244870000,2002,,02-351-7944,서울특별시 은평구청,2026-02-26
응암1동,1,은평로12길 8,Aug-98,37.6002630000,126.9251150000,2006,,02-351-7944,서울특별시 은평구청,2026-02-26
응암1동,1,은평로12길 4-1,May-98,37.6004780000,126.9248850000,2019,,02-351-7944,서울특별시 은평구청,2026-02-26
응암1동,1,은평로12길 5,96-33,37.6005827900,126.9253073000,2022,,02-351-7944,서울특별시 은평구청,2026-02-26
응암1동,1,은평로12길 7-7,96-35,37.6004027400,126.9256368000,,,02-351-7944,서울특별시 은평구청,2026-02-26
응암1동,1,은평로12길 7-7,96-35,37.6003580000,126.9255440000,2019,,02-351-7944,서울특별시 은평구청,2026-02-26
응암1동,1,은평로12길 8-14,98-30,37.6005540000,126.9243860000,2011,,02-351-7944,서울특별시 은평구청,2026-02-26
응암1동,1,은평로12길 8-14,98-30,37.6005540000,126.9243860000,2019,,02-351-7944,서울특별시 은평구청,2026-02-26
응암1동,1,은평로12길 8-5,99-21,37.5999020000,126.9249950000,2006,,02-351-7944,서울특별시 은평구청,2026-02-26
응암1동,1,은평로12길 10,99-23,37.6000560000,126.9251070000,2019,,02-351-7944,서울특별시 은평구청,2026-02-26
응암1동,1,은평로12길 12,99-25,37.5998040000,126.9251440000,2019,,02-351-7944,서울특별시 은평구청,2026-02-26
응암1동,1,은평로12길 14,99-55,37.5996600000,126.9251240000,2019,,02-351-7944,서울특별시 은평구청,2026-02-26
응암1동,1,은평로12길 15-1,97-56,37.5994920000,126.9255340000,2019,,02-351-7944,서울특별시 은평구청,2026-02-26
응암1동,1,은평로12길 19,157-6,37.5992760000,126.9255030000,2016,,02-351-7944,서울특별시 은평구청,2026-02-26
응암1동,1,백련산로 177-25,97-19,37.6002620000,126.9259420000,2011,,02-351-7944,서울특별시 은평구청,2026-02-26
응암1동,1,백련산로 177-12,96-40,37.6002740000,126.9262470000,2019,,02-351-7944,서울특별시 은평구청,2026-02-26
응암1동,1,은평로12길 7-9,96-41,37.6004320000,126.9258150000,2019,,02-351-7944,서울특별시 은평구청,2026-02-26
응암1동,1,은평로 166-3,96-17,37.6006520000,126.9262080000,2016,,02-351-7944,서울특별시 은평구청,2026-02-26
응암1동,1,은평로 166-1,96-15,37.6009400000,126.9261360000,2016,,02-351-7944,서울특별시 은평구청,2026-02-26
응암1동,1,은평로4길 7-13,111-32,37.5989363600,126.9177810000,2024,,02-351-7944,서울특별시 은평구청,2026-02-26
응암1동,1,은평로4길 7-17,111-29,37.5990022200,126.9179995000,2024,,02-351-7944,서울특별시 은평구청,2026-02-26
응암1동,1,서오릉로 9-5,84-27,37.6021644400,126.9261017000,2024,,02-351-7944,서울특별시 은평구청,2026-02-26
응암1동,1,은평로8길 16-3,115-2,37.5988550000,126.9198810000,2018,,02-351-7944,서울특별시 은평구청,2026-02-26
응암1동,1,은평로18길 6-20,74-15,37.6008622500,126.9306279000,2024,,02-351-7944,서울특별시 은평구청,2026-02-26
응암1동,1,은평로 116,110-1,37.5999686400,126.9207041000,2024,,02-351-7944,서울특별시 은평구청,2026-02-26
응암1동,1,은평로8길 3,109-9,37.5997740900,126.9210425000,2024,,02-351-7944,서울특별시 은평구청,2026-02-26
응암1동,1,은평로 111,Jan-90,37.6001886900,126.9203123000,2024,,02-351-7944,서울특별시 은평구청,2026-02-26
응암1동,1,은평로 111,Jan-90,37.6001886900,126.9203123000,2024,,02-351-7944,서울특별시 은평구청,2026-02-26
응암1동,1,은평로 121,89-19,37.6003760000,126.9211521000,2024,,02-351-7944,서울특별시 은평구청,2026-02-26
응암1동,1,은평로 107,90-13,37.6000499300,126.9196146000,2024,,02-351-7944,서울특별시 은평구청,2026-02-26
응암1동,1,은평로8길 43,117-28,37.5967189900,126.9187260000,2024,,02-351-7944,서울특별시 은평구청,2026-02-26
응암1동,1,은평로8길 44,118-3,37.5967412400,126.9185528000,2024,,02-351-7944,서울특별시 은평구청,2026-02-26
응암1동,1,응암로29길 16,118-34,37.5967780000,126.9173970000,2015,,02-351-7944,서울특별시 은평구청,2026-02-26
응암1동,1,은평로16길 22-15,42-39,37.5993780000,126.9287970000,2006,,02-351-7944,서울특별시 은평구청,2026-02-26
응암1동,1,통일로 579-24,31-33,37.5979870000,126.9363930000,2008,,02-351-7944,서울특별시 은평구청,2026-02-26
응암1동,1,응암로34길 24-8,197-57,37.5969990000,126.9228740000,2019,,02-351-7944,서울특별시 은평구청,2026-02-26
응암1동,1,백련산로14길 7-15,94-33,37.5997780000,126.9281570000,2010,,02-351-7944,서울특별시 은평구청,2026-02-26
응암1동,1,백련산로 166-9,98-33,37.6001650000,126.9242220000,2016,,02-351-7944,서울특별시 은평구청,2026-02-26
응암1동,1,은평로 104,110-53,37.5996530000,126.9194050000,2008,,02-351-7944,서울특별시 은평구청,2026-02-26
응암1동,1,백련산로 134-5,195-20,37.5974240000,126.9249970000,2019,,02-351-7944,서울특별시 은평구청,2026-02-26
응암1동,1,은평로16나길 4,42-45,37.5991020000,126.9291970000,2010,,02-351-7944,서울특별시 은평구청,2026-02-26
응암1동,1,응암로29길 14-9,118-27,37.5970790000,126.9177770000,2015,,02-351-7944,서울특별시 은평구청,2026-02-26
응암1동,1,은평로9길 111,89-21,37.6008260000,126.9206000000,2005,,02-351-7944,서울특별시 은평구청,2026-02-26
응암1동,1,진흥로 50-9,Aug-89,37.6009540000,126.9208240000,2009,,02-351-7944,서울특별시 은평구청,2026-02-26
응암1동,1,진흥로 50-7,Jul-89,37.6011440000,126.9208890000,2019,,02-351-7944,서울특별시 은평구청,2026-02-26
응암1동,1,은평로9길 3-4,89-30,37.6007580000,126.9210310000,2005,,02-351-7944,서울특별시 은평구청,2026-02-26
응암1동,1,은평로9길 8,88-29,37.6009250000,126.9215490000,2009,,02-351-7944,서울특별시 은평구청,2026-02-26
응암1동,1,진흥로 52-2,Feb-89,37.6015050000,126.9209750000,2010,,02-351-7944,서울특별시 은평구청,2026-02-26
응암1동,1,은평로9길 13,Jan-89,37.6013720000,126.9212260000,2006,,02-351-7944,서울특별시 은평구청,2026-02-26
응암1동,1,백련산로 127,197-78,37.5968970000,126.9234990000,2016,,02-351-7944,서울특별시 은평구청,2026-02-26
응암1동,1,응암로 331-5,Jun-88,37.6006560000,126.9216890000,2010,,02-351-7944,서울특별시 은평구청,2026-02-26
응암1동,1,응암로 334-6,Jun-87,37.6011170000,126.9228830000,2005,,02-351-7944,서울특별시 은평구청,2026-02-26
응암1동,1,은평로11길 9,Jan-87,37.6015060000,126.9230810000,2005,,02-351-7944,서울특별시 은평구청,2026-02-26
응암1동,1,은평로11길 10,85-41,37.6016460000,126.9235770000,2005,,02-351-7944,서울특별시 은평구청,2026-02-26
응암1동,1,은평로11길 6,85-56,37.6014020000,126.9235130000,2010,,02-351-7944,서울특별시 은평구청,2026-02-26
응암1동,1,은평로11길 4,86-28,37.6011330000,126.9236530000,2010,,02-351-7944,서울특별시 은평구청,2026-02-26
응암1동,1,은평로11길 6-9,85-53,37.6013970000,126.9239090000,2010,,02-351-7944,서울특별시 은평구청,2026-02-26
응암1동,1,은평로 147,86-31,37.6010110000,126.9240740000,2010,,02-351-7944,서울특별시 은평구청,2026-02-26
응암1동,1,은평로11길 12-16,85-46,37.6016160000,126.9241890000,2005,,02-351-7944,서울특별시 은평구청,2026-02-26
응암1동,1,은평로11길 12-18,85-40,37.6017680000,126.9241420000,2005,,02-351-7944,서울특별시 은평구청,2026-02-26
응암1동,1,은평로11길 10,85-41,37.6016460000,126.9235770000,2005,,02-351-7944,서울특별시 은평구청,2026-02-26
응암1동,1,은평로11길 12-26,85-26,37.6018900000,126.9245930000,2005,,02-351-7944,서울특별시 은평구청,2026-02-26
응암1동,1,은평로13길 11-9,Apr-85,37.6020290000,126.9250440000,2005,,02-351-7944,서울특별시 은평구청,2026-02-26
응암1동,1,은평로13길 11-13,Jun-85,37.6018640000,126.9247860000,2006,,02-351-7944,서울특별시 은평구청,2026-02-26
응암1동,1,은평로13길 5-13,86-18,37.6014330000,126.9249390000,2008,,02-351-7944,서울특별시 은평구청,2026-02-26
응암1동,1,은평로 157-9,86-21,37.6014000000,126.9252460000,2004,,02-351-7944,서울특별시 은평구청,2026-02-26
응암1동,1,은평로13길 5-9,86-16,37.6014990000,126.9252100000,2011,,02-351-7944,서울특별시 은평구청,2026-02-26
응암1동,1,은평로13길 4-1,84-37,37.6015410000,126.9259340000,2006,,02-351-7944,서울특별시 은평구청,2026-02-26
응암1동,1,은평로13길 5-13,86-19,37.6013890000,126.9249970000,2018,,02-351-7944,서울특별시 은평구청,2026-02-26
응암1동,1,은평로13길 6,84-35,37.6016750000,126.9257400000,2006,,02-351-7944,서울특별시 은평구청,2026-02-26
응암1동,1,은평로13길 12-12,Apr-84,37.6018750000,126.9259860000,2005,,02-351-7944,서울특별시 은평구청,2026-02-26
응암1동,1,은평로13길 7-5,85-16,37.6017600000,126.9252180000,2006,,02-351-7944,서울특별시 은평구청,2026-02-26
응암1동,1,은평로13길 9-1,Jan-85,37.6020500000,126.9254060000,2005,,02-351-7944,서울특별시 은평구청,2026-02-26
응암1동,1,은평로13길 10,Feb-84,37.6021520000,126.9256540000,2005,,02-351-7944,서울특별시 은평구청,2026-02-26
응암1동,1,은평로13길 10,Feb-84,37.6021520000,126.9256540000,2005,,02-351-7944,서울특별시 은평구청,2026-02-26
응암1동,1,서오릉로 9-13,84-29,37.6021720000,126.9259250000,2008,,02-351-7944,서울특별시 은평구청,2026-02-26
응암1동,1,서오릉로 9-11,84-30,37.6020550000,126.9259720000,2007,,02-351-7944,서울특별시 은평구청,2026-02-26
응암1동,1,서오릉로 9-9,84-25,37.6019040000,126.9261330000,2005,,02-351-7944,서울특별시 은평구청,2026-02-26
응암1동,1,응암로34나길 5-14,102-69,37.5985970000,126.9231680000,2018,,02-351-7944,서울특별시 은평구청,2026-02-26
응암1동,1,응암로34길 12-10,197-13,37.5974320000,126.9218600000,2004,,02-351-7944,서울특별시 은평구청,2026-02-26
응암1동,1,응암로34길 20,105-4,37.5976210000,126.9228540000,2019,,02-351-7944,서울특별시 은평구청,2026-02-26
응암1동,1,응암로34길 24,105-1,37.5974350000,126.9232080000,2009,,02-351-7944,서울특별시 은평구청,2026-02-26
응암1동,1,응암로34길 18-14,197-66,37.5972830000,126.9223380000,2016,,02-351-7944,서울특별시 은평구청,2026-02-26
응암1동,1,응암로32길 21-6,197-65,37.5971060000,126.9227600000,2019,,02-351-7944,서울특별시 은평구청,2026-02-26
응암1동,1,응암로32길 21-12,197-37,37.5973600000,126.9229140000,2016,,02-351-7944,서울특별시 은평구청,2026-02-26
응암1동,1,응암로34길 24-2,197-54,37.5974800000,126.9231840000,2019,,02-351-7944,서울특별시 은평구청,2026-02-26
응암1동,1,응암로34길 29-1,195-65,37.5973070000,126.9239570000,2016,,02-351-7944,서울특별시 은평구청,2026-02-26
응암1동,1,백련산로 135,195-70,37.5974000000,126.9243180000,2019,,02-351-7944,서울특별시 은평구청,2026-02-26
응암1동,1,은평로14길 5-4,81-53,37.6007690000,126.9291280000,2019,,02-351-7944,서울특별시 은평구청,2026-02-26
응암1동,1,응암로34길 32-12,195-54,37.5976490000,126.9239070000,2010,,02-351-7944,서울특별시 은평구청,2026-02-26
응암1동,1,응암로34길 23-15,101-18,37.5978760000,126.9241870000,2019,,02-351-7944,서울특별시 은평구청,2026-02-26
응암1동,1,응암로34길 23-22,195-52,37.5978500000,126.9242440000,2019,,02-351-7944,서울특별시 은평구청,2026-02-26
응암1동,1,응암로34길 23-30,194-12,37.5977620000,126.9245170000,2007,,02-351-7944,서울특별시 은평구청,2026-02-26
응암1동,1,은평로10길 28-7,194-20,37.5983130000,126.9246330000,2017,,02-351-7944,서울특별시 은평구청,2026-02-26
응암1동,1,은평로10길 32-9,194-29,37.5981130000,126.9244780000,2018,,02-351-7944,서울특별시 은평구청,2026-02-26
응암1동,1,은평로10길 32-5,194-32,37.5980170000,126.9247730000,2010,,02-351-7944,서울특별시 은평구청,2026-02-26
응암1동,1,은평로10길 32,194-19,37.5982430000,126.9248720000,2005,,02-351-7944,서울특별시 은평구청,2026-02-26
응암1동,1,은평로10길 30,194-2,37.5983050000,126.9247690000,2008,,02-351-7944,서울특별시 은평구청,2026-02-26
응암1동,1,응암로32길 23,197-59,37.5968000000,126.9227640000,2019,,02-351-7944,서울특별시 은평구청,2026-02-26
응암1동,1,응암로34나길 14-10,101-28,37.5984790000,126.9240530000,2016,,02-351-7944,서울특별시 은평구청,2026-02-26
응암1동,1,응암로34나길 14-1,101-2,37.5989460000,126.9239110000,2008,,02-351-7944,서울특별시 은평구청,2026-02-26
응암1동,1,은평로10길 20,101-1,37.5990270000,126.9239440000,2016,,02-351-7944,서울특별시 은평구청,2026-02-26
응암1동,1,응암로34가길 14-3,102-22,37.5990300000,126.9232410000,2006,,02-351-7944,서울특별시 은평구청,2026-02-26
응암1동,1,은평로9길 7-3,89-40,37.6010110000,126.9210950000,2018,,02-351-7944,서울특별시 은평구청,2026-02-26
응암1동,1,응암로34가길 4-2,102-57,37.5982740000,126.9223010000,2019,,02-351-7944,서울특별시 은평구청,2026-02-26
응암1동,1,응암로34가길 4-10,102-52,37.5980800000,126.9228020000,2016,,02-351-7944,서울특별시 은평구청,2026-02-26
응암1동,1,백련산로 169-6,97-67,37.6001760000,126.9264070000,2008,,02-351-7944,서울특별시 은평구청,2026-02-26
응암1동,1,은평로10길 7-11,98-42,37.6000232700,126.9239212000,,,02-351-7944,서울특별시 은평구청,2026-02-26
응암1동,1,은평로10길 8-10,98-20,37.6001420000,126.9246410000,2019,,02-351-7944,서울특별시 은평구청,2026-02-26
응암1동,1,백련산로 177-21,97-16,37.6001100000,126.9260230000,2016,,02-351-7944,서울특별시 은평구청,2026-02-26
응암1동,1,은평로12길 13-4,97-54,37.5996200000,126.9256680000,2016,,02-351-7944,서울특별시 은평구청,2026-02-26
응암1동,1,은평로12길 13-14,97-48,37.5997130000,126.9260630000,2008,,02-351-7944,서울특별시 은평구청,2026-02-26
응암1동,1,백련산로 169-3,Jul-97,37.5999500000,126.9263540000,2005,,02-351-7944,서울특별시 은평구청,2026-02-26
응암1동,1,백련산로 169-1,164-20,37.5997250000,126.9263000000,2004,,02-351-7944,서울특별시 은평구청,2026-02-26
응암1동,1,백련산로 161,159-13,37.5993440000,126.9260570000,2007,,02-351-7944,서울특별시 은평구청,2026-02-26
응암1동,1,백련산로 157,167-1,37.5990350000,126.9257890000,2016,,02-351-7944,서울특별시 은평구청,2026-02-26
응암1동,1,은평로12길 12-5,99-54,37.5995600000,126.9250120000,2019,,02-351-7944,서울특별시 은평구청,2026-02-26
응암1동,1,은평로12길 12-13,99-50,37.5996280000,126.9246260000,2019,,02-351-7944,서울특별시 은평구청,2026-02-26
응암1동,1,은평로12길 12-26,99-40,37.5995440000,126.9242420000,2018,,02-351-7944,서울특별시 은평구청,2026-02-26
응암1동,1,은평로12길 18-6,99-60,37.5994950000,126.9248650000,2016,,02-351-7944,서울특별시 은평구청,2026-02-26
응암1동,1,은평로10길 17-17,100-9,37.5990640000,126.9250190000,2007,,02-351-7944,서울특별시 은평구청,2026-02-26
응암1동,1,은평로10길 17-12,100-29,37.5988230000,126.9252150000,2016,,02-351-7944,서울특별시 은평구청,2026-02-26
응암1동,1,은평로10길 17-18,100-30,37.5988720000,126.9247270000,2007,,02-351-7944,서울특별시 은평구청,2026-02-26
응암1동,1,은평로10길 17-25,100-23,37.5988860000,126.9252590000,2018,,02-351-7944,서울특별시 은평구청,2026-02-26
응암1동,1,은평로10길 27-13,100-19,37.5987620000,126.9254310000,2007,,02-351-7944,서울특별시 은평구청,2026-02-26
응암1동,1,은평로10길 17-29,100-21,37.5986970000,126.9252960000,2016,,02-351-7944,서울특별시 은평구청,2026-02-26
응암1동,1,은평로10길 25-1,100-45,37.5987810000,126.9246380000,2002,,02-351-7944,서울특별시 은평구청,2026-02-26
응암1동,1,백련산로 134-2,195-29,37.5970320000,126.9244480000,2019,,02-351-7944,서울특별시 은평구청,2026-02-26
응암1동,1,백련산로 134-4,195-22,37.5973240000,126.9248740000,2016,,02-351-7944,서울특별시 은평구청,2026-02-26
응암1동,1,은평로10길 30,194-2,37.5983050000,126.9247690000,2008,,02-351-7944,서울특별시 은평구청,2026-02-26
응암1동,1,은평로10길 17-6,100-26,37.5990860000,126.9243960000,2016,,02-351-7944,서울특별시 은평구청,2026-02-26
응암1동,1,은평로9길 6-1,May-88,37.6006730000,126.9215760000,2011,,02-351-7944,서울특별시 은평구청,2026-02-26
응암1동,1,통일로 575-6,34-25,37.5984090000,126.9371910000,2015,,02-351-7944,서울특별시 은평구청,2026-02-26
응암1동,1,은평로16길 4,Oct-72,37.6008470000,126.9297840000,2019,,02-351-7944,서울특별시 은평구청,2026-02-26
응암1동,1,통일로 575,Mar-32,37.5983650000,126.9373500000,2004,,02-351-7944,서울특별시 은평구청,2026-02-26
응암1동,1,은평로12길 5,96-32,37.6006350000,126.9253470000,2010,,02-351-7944,서울특별시 은평구청,2026-02-26
응암1동,1,은평로4길 12-3,113-2,37.5982210000,126.9165260000,2007,,02-351-7944,서울특별시 은평구청,2026-02-26
응암1동,1,백련산로 159-2,159-6,37.5993230000,126.9256950000,2005,,02-351-7944,서울특별시 은평구청,2026-02-26
응암1동,1,은평로20길 6-6,4-38,37.6003701300,126.9331985000,,,02-351-7944,서울특별시 은평구청,2026-02-26
응암1동,1,통일로 579-5,Apr-34,37.5984880000,126.9370200000,2009,,02-351-7944,서울특별시 은평구청,2026-02-26
응암1동,1,통일로 579-20,10월 31일,37.5981367800,126.9365125000,,,02-351-7944,서울특별시 은평구청,2026-02-26
응암1동,1,통일로 579-33,34-19,37.5977820000,126.9366220000,2015,,02-351-7944,서울특별시 은평구청,2026-02-26
응암1동,1,통일로 33,34-16,37.5977620000,126.9364070000,2004,,02-351-7944,서울특별시 은평구청,2026-02-26
응암1동,1,응암로 285-6,117-48,37.5970360000,126.9190350000,2008,,02-351-7944,서울특별시 은평구청,2026-02-26
응암1동,1,백련산로14길 20-11,45-,37.5990120000,126.9272280000,2009,,02-351-7944,서울특별시 은평구청,2026-02-26
응암1동,1,백련산로14길 20-11,45-,37.5990120000,126.9272280000,2006,,02-351-7944,서울특별시 은평구청,2026-02-26
응암1동,1,백련산로14길 20-6,Jan-46,37.5994290000,126.9274260000,2016,,02-351-7944,서울특별시 은평구청,2026-02-26
응암1동,1,백련산로 166-3,149-18,37.5996040000,126.9269480000,2006,,02-351-7944,서울특별시 은평구청,2026-02-26
응암1동,1,백련산로14길 20-6,Jan-46,37.5994290000,126.9274260000,2007,,02-351-7944,서울특별시 은평구청,2026-02-26
응암1동,1,백련산로 166-19,149-5,37.5997070000,126.9273760000,2018,,02-351-7944,서울특별시 은평구청,2026-02-26
응암1동,1,백련산로 166-25,149-1,37.5998420000,126.9272610000,2019,,02-351-7944,서울특별시 은평구청,2026-02-26
응암1동,1,백련산로14길 20-3,Feb-41,37.5991960000,126.9276670000,2016,,02-351-7944,서울특별시 은평구청,2026-02-26
응암1동,1,백련산로14길 20,95-15,37.5998960000,126.9272720000,2005,,02-351-7944,서울특별시 은평구청,2026-02-26
응암1동,1,백련산로14길 17,Feb-94,37.5995770000,126.9279450000,2019,,02-351-7944,서울특별시 은평구청,2026-02-26
응암1동,1,백련산로14길 13-1,94-22,37.5998920000,126.9278380000,2019,,02-351-7944,서울특별시 은평구청,2026-02-26
응암1동,1,백련산로14길 13-1,94-20,37.6000170000,126.9277340000,2019,,02-351-7944,서울특별시 은평구청,2026-02-26
응암1동,1,백련산로14길 9,94-19,37.6001250000,126.9277100000,2019,,02-351-7944,서울특별시 은평구청,2026-02-26
응암1동,1,백련산로14길 7,94-34,37.6005120000,126.9276590000,2019,,02-351-7944,서울특별시 은평구청,2026-02-26
응암1동,1,백련산로14길 5,Jul-93,37.6008450000,126.9276320000,2019,,02-351-7944,서울특별시 은평구청,2026-02-26
응암1동,1,은평로 182-16,Jan-94,37.6007230000,126.9280750000,2019,,02-351-7944,서울특별시 은평구청,2026-02-26
응암1동,1,은평로 182-8,Jun-93,37.6007810000,126.9275200000,2008,,02-351-7944,서울특별시 은평구청,2026-02-26
응암1동,1,은평로 182-3,Jul-92,37.6011020000,126.9280930000,2019,,02-351-7944,서울특별시 은평구청,2026-02-26
응암1동,1,백련산로14길 7-3,94-15,37.6004960000,126.9278970000,2007,,02-351-7944,서울특별시 은평구청,2026-02-26
응암1동,1,백련산로14길 7-13,94-32,37.5999580000,126.9281320000,2007,,02-351-7944,서울특별시 은평구청,2026-02-26
응암1동,1,백련산로14길 7-9,94-31,37.6000380000,126.9280400000,2008,,02-351-7944,서울특별시 은평구청,2026-02-26
응암1동,1,백련산로14길 22-1,42-89,37.5992540000,126.9280280000,2019,,02-351-7944,서울특별시 은평구청,2026-02-26
응암1동,1,백련산로14길 22-1,42-89,37.5992540000,126.9280280000,2004,,02-351-7944,서울특별시 은평구청,2026-02-26
응암1동,1,은평로16나길 10-5,42-19,37.5992280000,126.9281990000,2019,,02-351-7944,서울특별시 은평구청,2026-02-26
응암1동,1,백련산로14길 23,May-94,37.5995000000,126.9283080000,2019,,02-351-7944,서울특별시 은평구청,2026-02-26
응암1동,1,은평로14길 22,81-148,37.5995020000,126.9285230000,2019,,02-351-7944,서울특별시 은평구청,2026-02-26
응암1동,1,은평로16나길 9,42-60,37.5989430000,126.9285650000,2008,,02-351-7944,서울특별시 은평구청,2026-02-26
응암1동,1,은평로16나길 12,42-52,37.5991120000,126.9282680000,2009,,02-351-7944,서울특별시 은평구청,2026-02-26
응암1동,1,은평로16나길 3-15,42-75,37.5987440000,126.9284550000,2007,,02-351-7944,서울특별시 은평구청,2026-02-26
응암1동,1,은평로16나길 3-5,42-80,37.5987230000,126.9290670000,2006,,02-351-7944,서울특별시 은평구청,2026-02-26
응암1동,1,은평로16나길 3-1,42-64,37.5989480000,126.9290630000,2019,,02-351-7944,서울특별시 은평구청,2026-02-26
응암1동,1,은평로16나길 2,Feb-42,37.5991320000,126.9294680000,2019,,02-351-7944,서울특별시 은평구청,2026-02-26
응암1동,1,백련산로 127,197-78,37.5968970000,126.9234990000,2010,,02-351-7944,서울특별시 은평구청,2026-02-26
응암1동,1,은평로16길 22-13,42-13,37.5993371100,126.9289575000,,,02-351-7944,서울특별시 은평구청,2026-02-26
응암1동,1,응암로34나길 6-1,101-65,37.5981380000,126.9232320000,2005,,02-351-7944,서울특별시 은평구청,2026-02-26
응암1동,1,은평로16길 22-7,May-48,37.5992380000,126.9292520000,2016,,02-351-7944,서울특별시 은평구청,2026-02-26
응암1동,1,은평로14길 17,81-175,37.5997840000,126.9288250000,2019,,02-351-7944,서울특별시 은평구청,2026-02-26
응암1동,1,은평로14길 18-2,81-152,37.5998060000,126.9283260000,2008,,02-351-7944,서울특별시 은평구청,2026-02-26
응암1동,1,은평로14길 17-3,81-125,37.5998050000,126.9291420000,2004,,02-351-7944,서울특별시 은평구청,2026-02-26
응암1동,1,은평로14길 16,81-117,37.5998720000,126.9285860000,2019,,02-351-7944,서울특별시 은평구청,2026-02-26
응암1동,1,은평로14길 14-6,81-129,37.5999680000,126.9283130000,2006,,02-351-7944,서울특별시 은평구청,2026-02-26
응암1동,1,은평로14길 13-4,81-131,37.5998760000,126.9290500000,2019,,02-351-7944,서울특별시 은평구청,2026-02-26
응암1동,1,은평로14길 13-9,81-134,37.6002200000,126.9292600000,2005,,02-351-7944,서울특별시 은평구청,2026-02-26
응암1동,1,은평로14길 13-10,81-183,37.6001400000,126.9293970000,2019,,02-351-7944,서울특별시 은평구청,2026-02-26
응암1동,1,은평로14길 10-7,81-127,37.6003740000,126.9283070000,2019,,02-351-7944,서울특별시 은평구청,2026-02-26
응암1동,1,은평로14길 9-6,81-115,37.6003000000,126.9291570000,2006,,02-351-7944,서울특별시 은평구청,2026-02-26
응암1동,1,은평로14길 8,81-67,37.6006830000,126.9286870000,2019,,02-351-7944,서울특별시 은평구청,2026-02-26
응암1동,1,은평로14길 5-4,81-54,37.6006220000,126.9288580000,2019,,02-351-7944,서울특별시 은평구청,2026-02-26
응암1동,1,은평로14길 5-8,81-51,37.6005900000,126.9292890000,2019,,02-351-7944,서울특별시 은평구청,2026-02-26
응암1동,1,은평로14길 6-5,81-69,37.6006990000,126.9284380000,2019,,02-351-7944,서울특별시 은평구청,2026-02-26
응암1동,1,은평로14길 4-5,81-213,37.6009150000,126.9283900000,2008,,02-351-7944,서울특별시 은평구청,2026-02-26
응암1동,1,은평로14길 3-1,May-81,37.6009120000,126.9290350000,2007,,02-351-7944,서울특별시 은평구청,2026-02-26
응암1동,1,은평로14길 14,81-209,37.6010710000,126.9286820000,2019,,02-351-7944,서울특별시 은평구청,2026-02-26
응암1동,1,은평로 194-3,81-16,37.6011060000,126.9295530000,2019,,02-351-7944,서울특별시 은평구청,2026-02-26
응암1동,1,은평로 94-11,81-32,37.6006280000,126.9294810000,2019,,02-351-7944,서울특별시 은평구청,2026-02-26
응암1동,1,은평로16길 6,Aug-72,37.6007750000,126.9297960000,2019,,02-351-7944,서울특별시 은평구청,2026-02-26
응암1동,1,은평로16길 10,Apr-72,37.6004690000,126.9298460000,2019,,02-351-7944,서울특별시 은평구청,2026-02-26
응암1동,1,은평로16길 12,Jun-72,37.6002530000,126.9298830000,2019,,02-351-7944,서울특별시 은평구청,2026-02-26
응암1동,1,은평로16길 11,Jan-68,37.5999300000,126.9300680000,2019,,02-351-7944,서울특별시 은평구청,2026-02-26
응암1동,1,은평로16길 11,Jan-68,37.5999300000,126.9300680000,2019,,02-351-7944,서울특별시 은평구청,2026-02-26
응암1동,1,은평로13길 7-10,Aug-85,37.6018570000,126.9249900000,2018,,02-351-7944,서울특별시 은평구청,2026-02-26
응암1동,1,은평로18길 12-16,73-25,37.6004298600,126.9304520000,,,02-351-7944,서울특별시 은평구청,2026-02-26
응암1동,1,은평로18길 12-10,64-33,37.6003889900,126.9309154000,,,02-351-7944,서울특별시 은평구청,2026-02-26
응암1동,1,은평로18길 12-8,Nov-64,37.6004098000,126.9311226000,,,02-351-7944,서울특별시 은평구청,2026-02-26
응암1동,1,은평로18길 12-4,Jul-64,37.6005890000,126.9312250000,2006,,02-351-7944,서울특별시 은평구청,2026-02-26
응암1동,1,은평로18길 6,64-25,37.6006270000,126.9314400000,2017,,02-351-7944,서울특별시 은평구청,2026-02-26
응암1동,1,은평로18길 6-7,64-30,37.6006700000,126.9312020000,2006,,02-351-7944,서울특별시 은평구청,2026-02-26
응암1동,1,은평로18길 6-15,Oct-74,37.6006550000,126.9305450000,2010,,02-351-7944,서울특별시 은평구청,2026-02-26
응암1동,1,은평로18길 6-20,74-15,37.6008360000,126.9305540000,2007,,02-351-7944,서울특별시 은평구청,2026-02-26
응암1동,1,은평로20길 4-11,04월 21일,37.6003860000,126.9326100000,2019,,02-351-7944,서울특별시 은평구청,2026-02-26
응암1동,1,은평로20길 4-10,04월 11일,37.6007840000,126.9328650000,2005,,02-351-7944,서울특별시 은평구청,2026-02-26
응암1동,1,은평로20길 4-5,04월 18일,37.6004980000,126.9330840000,2004,,02-351-7944,서울특별시 은평구청,2026-02-26
응암1동,1,은평로20길 6-5,04월 07일,37.6004730000,126.9332770000,2016,,02-351-7944,서울특별시 은평구청,2026-02-26
응암1동,1,은평로20길 6-12,4-40,37.6002513000,126.9327899000,,,02-351-7944,서울특별시 은평구청,2026-02-26
응암1동,1,응암로34길 29,195-113,37.5973070000,126.9239570000,2019,,02-351-7944,서울특별시 은평구청,2026-02-26
응암1동,1,응암로34나길 8-2,101-62,37.5980400000,126.9234140000,2005,,02-351-7944,서울특별시 은평구청,2026-02-26
응암1동,1,통일로 589,04월 27일,37.5993020000,126.9363850000,2010,,02-351-7944,서울특별시 은평구청,2026-02-26
응암1동,1,통일로 575-9,Aug-34,37.5981930000,126.9372500000,2015,,02-351-7944,서울특별시 은평구청,2026-02-26
응암1동,1,통일로 579-10,05월 31일,37.5984310000,126.9367260000,2015,,02-351-7944,서울특별시 은평구청,2026-02-26
응암1동,1,통일로 579-19,34-39,37.5981270000,126.9369000000,2015,,02-351-7944,서울특별시 은평구청,2026-02-26
응암1동,1,은평로 123,Aug-88,37.6005550000,126.9215660000,2008,,02-351-7944,서울특별시 은평구청,2026-02-26
응암1동,1,은평16나길 2,Feb-42,,,,,02-351-7944,서울특별시 은평구청,2026-02-26
응암1동,1,통일로 575-13,산1-97,37.5979870000,126.9373890000,2015,,02-351-7944,서울특별시 은평구청,2026-02-26
응암1동,1,백련산로10길,179-3,37.5976630000,126.9265110000,2006,,02-351-7944,서울특별시 은평구청,2026-02-26
응암1동,1,은평로13길 4-1,84-37,37.6015410000,126.9259340000,2007,,02-351-7944,서울특별시 은평구청,2026-02-26
응암1동,1,은평로12길 7-4,97-31,37.5999620000,126.9256060000,2010,,02-351-7944,서울특별시 은평구청,2026-02-26
응암1동,1,은평로4길 20-1,113-13,37.5975480000,126.9168310000,2015,,02-351-7944,서울특별시 은평구청,2026-02-26
응암1동,1,응암로 338-1,87-16,37.6012590000,126.9225750000,2007,,02-351-7944,서울특별시 은평구청,2026-02-26
응암1동,1,응암로34나길 12-5,101-36,37.5984500000,126.9238730000,2005,,02-351-7944,서울특별시 은평구청,2026-02-26
응암1동,1,은평로 106,110-54,37.5994550000,126.9194300000,2018,,02-351-7944,서울특별시 은평구청,2026-02-26
응암1동,1,은평로13길 8-1,Mar-84,37.6019530000,126.9256570000,2008,,02-351-7944,서울특별시 은평구청,2026-02-26
응암1동,1,은평로11길 12-20,85-29,37.6018520000,126.9244580000,2008,,02-351-7944,서울특별시 은평구청,2026-02-26
응암1동,1,백련산로 134-2,195-26,37.5971960000,126.9247290000,2019,,02-351-7944,서울특별시 은평구청,2026-02-26
응암1동,1,은평로 165,84-13,37.6014150000,126.9259020000,2008,,02-351-7944,서울특별시 은평구청,2026-02-26
응암1동,1,은평로8길 5-1,109-29,37.5995680000,126.9210250000,2016,,02-351-7944,서울특별시 은평구청,2026-02-26
응암1동,1,은평로11길 6-11,85-49,37.6014430000,126.9240330000,2010,,02-351-7944,서울특별시 은평구청,2026-02-26
응암1동,1,은평로16길 22-6,70-13,37.5995010000,126.9294630000,2019,,02-351-7944,서울특별시 은평구청,2026-02-26
응암1동,1,은평로9길 14,88-32,37.6013220000,126.9215890000,2009,,02-351-7944,서울특별시 은평구청,2026-02-26
응암1동,1,은평로9길 10,88-30,37.6010600000,126.9215470000,2009,,02-351-7944,서울특별시 은평구청,2026-02-26
응암1동,1,응암로34길 25,196-10,37.5975120000,126.9237050000,2019,,02-351-7944,서울특별시 은평구청,2026-02-26
응암1동,1,은평로11길 6-19,85-38,37.6014910000,126.9243950000,2010,,02-351-7944,서울특별시 은평구청,2026-02-26
응암1동,1,백련산로 159-3,159-5,37.5994868800,126.9256742000,,,02-351-7944,서울특별시 은평구청,2026-02-26
응암1동,1,은평로11길 6-21,85-37,37.6015200000,126.9245420000,2010,,02-351-7944,서울특별시 은평구청,2026-02-26
응암1동,1,통일로 579-21,34-41,37.5981710000,126.9367980000,2015,,02-351-7944,서울특별시 은평구청,2026-02-26
응암1동,1,응암로34길 23-9,101-88,37.5978370000,126.9237800000,2004,,02-351-7944,서울특별시 은평구청,2026-02-26
응암1동,1,응암로 331-13,Mar-88,37.6013140000,126.9217250000,2010,,02-351-7944,서울특별시 은평구청,2026-02-26
응암1동,1,응암로 331-8,88-17,37.6009910000,126.9219110000,2010,,02-351-7944,서울특별시 은평구청,2026-02-26
응암1동,1,은평로 182-11,Feb-92,37.6008230000,126.9282320000,2019,,02-351-7944,서울특별시 은평구청,2026-02-26
응암1동,1,응암로34가길 4-6,102-92,37.5981140000,126.9225530000,2010,,02-351-7944,서울특별시 은평구청,2026-02-26
응암1동,1,은평로14길 12,81-92,37.6003950000,126.9286580000,2019,,02-351-7944,서울특별시 은평구청,2026-02-26
응암1동,1,은평로14길 13,81-228,37.6000990000,126.9288540000,2019,,02-351-7944,서울특별시 은평구청,2026-02-26
응암1동,1,은평로14길 3,Apr-81,37.6009290000,126.9288990000,2019,,02-351-7944,서울특별시 은평구청,2026-02-26
응암1동,1,은평로16길 11,Jan-68,37.5999300000,126.9300680000,2019,,02-351-7944,서울특별시 은평구청,2026-02-26
응암1동,1,응암로32길 19,197-63,37.5969860000,126.9224100000,2010,,02-351-7944,서울특별시 은평구청,2026-02-26
응암1동,1,응암로 331-6,88-16,37.6008740000,126.9218900000,2010,,02-351-7944,서울특별시 은평구청,2026-02-26
응암1동,1,은평로18길 6,64-25,37.6006270000,126.9314400000,2019,,02-351-7944,서울특별시 은평구청,2026-02-26
응암1동,1,응암로34길 18-10,197-27,37.5974640000,126.9224940000,2016,,02-351-7944,서울특별시 은평구청,2026-02-26
응암1동,1,은평로16나길 9-5,42-74,37.5988500000,126.9282610000,2010,,02-351-7944,서울특별시 은평구청,2026-02-26
응암1동,1,백련산로 17-1,Apr-94,37.5996430000,126.9282270000,2011,,02-351-7944,서울특별시 은평구청,2026-02-26
응암1동,1,은평로12길 7-14,97-24,37.6000080000,126.9257190000,2011,,02-351-7944,서울특별시 은평구청,2026-02-26
응암1동,1,은평로14길 10-9,81-156,37.6003900000,126.9281590000,2019,,02-351-7944,서울특별시 은평구청,2026-02-26
응암1동,1,백련산로 134-6,226-13,37.5965350000,126.9252700000,2015,,02-351-7944,서울특별시 은평구청,2026-02-26
응암1동,1,은평로16길 5,Sep-74,37.6007500000,126.9300910000,2015,,02-351-7944,서울특별시 은평구청,2026-02-26
응암1동,1,은평로10길 17-22,100-32,37.5987750000,126.9248870000,2015,,02-351-7944,서울특별시 은평구청,2026-02-26
응암1동,1,응암로32길 21,214-17,37.5968530000,126.9226050000,2017,,02-351-7944,서울특별시 은평구청,2026-02-26
응암1동,1,은평로10길 32-8,194-21,37.5982510000,126.9247250000,2017,,02-351-7944,서울특별시 은평구청,2026-02-26
응암1동,1,백련산로 132,195-32,37.5969040000,126.9242910000,2017,,02-351-7944,서울특별시 은평구청,2026-02-26
응암1동,1,은평로12길 16,99-56,37.5995520000,126.9251480000,2011,,02-351-7944,서울특별시 은평구청,2026-02-26
응암1동,1,은평로12길 21-1,158-4,37.5991340500,126.9256125000,2018,,02-351-7944,서울특별시 은평구청,2026-02-26
응암1동,1,백련산로 140,195-19,37.5975892400,126.9248100000,2018,,02-351-7944,서울특별시 은평구청,2026-02-26
응암1동,1,백련산로 166-25,149-1,37.5998671300,126.9273565000,2018,,02-351-7944,서울특별시 은평구청,2026-02-26
응암1동,1,응암로34길 18-5,105-5,37.5975919100,126.9227369000,,,02-351-7944,서울특별시 은평구청,2026-02-26
응암1동,1,은평로16나길 9,42-60,37.5990468400,126.9285895000,,,02-351-7944,서울특별시 은평구청,2026-02-26
응암1동,1,은평로16길 28,42-67,37.5989145800,126.9293085000,,,02-351-7944,서울특별시 은평구청,2026-02-26
응암1동,1,응암로 331-12,88-19,37.6012452100,126.9219508000,2019,,02-351-7944,서울특별시 은평구청,2026-02-26
응암1동,1,응암로34길 23-18,195-76,37.5978163000,126.9242265000,,,02-351-7944,서울특별시 은평구청,2026-02-26
응암1동,1,진흥로 50-8,89-15,37.6010920200,126.9207297000,2019,,02-351-7944,서울특별시 은평구청,2026-02-26
응암1동,1,은평로10길 27-4,185-1,37.5984820800,126.9250869000,2020,,02-351-7944,서울특별시 은평구청,2026-02-26
응암1동,1,,769-7,,,,,02-351-7944,서울특별시 은평구청,2026-02-26
응암1동,1,은평로 156,Jan-98,37.6008731500,126.9249568000,,,02-351-7944,서울특별시 은평구청,2026-02-26
응암1동,1,백련산로 134-4,195-22,37.5973487500,126.9249446000,2020,,02-351-7944,서울특별시 은평구청,2026-02-26
응암1동,1,은평로12길 18,99-57,37.5995057200,126.9252228000,2021,,02-351-7944,서울특별시 은평구청,2026-02-26
응암1동,1,백련산로 169-3,Jul-97,37.5999336200,126.9264144000,,,02-351-7944,서울특별시 은평구청,2026-02-26
응암1동,1,은평로13길 11-13,Jun-85,37.6020057300,126.9247781000,,,02-351-7944,서울특별시 은평구청,2026-02-26
응암1동,1,백련산로 145,194-23,37.5982023500,126.9251169000,,,02-351-7944,서울특별시 은평구청,2026-02-26
응암1동,1,은평로10길 27,100-40,37.5985652500,126.9248580000,,,02-351-7944,서울특별시 은평구청,2026-02-26
응암1동,1,은평로14길 14-5,81-129,37.6000772800,126.9283352000,,,02-351-7944,서울특별시 은평구청,2026-02-26
응암1동,1,은평로12길 13-4,97-54,37.5997113000,126.9256671000,,,02-351-7944,서울특별시 은평구청,2026-02-26
응암1동,1,백련산로14길 1,Aug-93,37.6007398400,126.9272178000,2021,,02-351-7944,서울특별시 은평구청,2026-02-26
응암1동,1,,81-121,,,2021,,02-351-7944,서울특별시 은평구청,2026-02-26
응암1동,1,은평로 220,42-91,,,2022,,02-351-7944,서울특별시 은평구청,2026-02-26
응암1동,1,은평로 220,42-91,,,2022,,02-351-7944,서울특별시 은평구청,2026-02-26
응암1동,1,은평로 220,42-91,,,2022,,02-351-7944,서울특별시 은평구청,2026-02-26
응암1동,1,응암로34길 23-1,196-9,37.5975454100,126.9234495000,2022,,02-351-7944,서울특별시 은평구청,2026-02-26
응암1동,1,은평로14길 13-15,81-186,37.5998561500,126.9293923000,2022,,02-351-7944,서울특별시 은평구청,2026-02-26
응암1동,1,은평로6길 7-9,110-38,37.5991776000,126.9195929000,,,02-351-7944,서울특별시 은평구청,2026-02-26
응암1동,1,,Sep-99,,,2022,,02-351-7944,서울특별시 은평구청,2026-02-26
응암1동,1,,197-55,,,2023,,02-351-7944,서울특별시 은평구청,2026-02-26
응암1동,1,은평로12길 12-26,99-40,37.5995616800,126.9242890000,2023,,02-351-7944,서울특별시 은평구청,2026-02-26
응암1동,1,은평로12길 18-11,100-4,37.5993167900,126.9247396000,2023,,02-351-7944,서울특별시 은평구청,2026-02-26
응암1동,1,,Jan-89,,,2023,,02-351-7944,서울특별시 은평구청,2026-02-26
응암1동,1,은평로11길 12-18,85-40,37.6017763000,126.9241587000,2023,,02-351-7944,서울특별시 은평구청,2026-02-26
응암1동,1,은평로14길 22,81-148,37.5995159500,126.9285494000,2023,,02-351-7944,서울특별시 은평구청,2026-02-26
응암1동,1,,Jan-95,,,2023,,02-351-7944,서울특별시 은평구청,2026-02-26
응암1동,1,응암로29길 17,121-5,37.5967361700,126.9172215000,2024,,02-351-7944,서울특별시 은평구청,2026-02-26
응암1동,1,은평로14길 12,81-92,37.6004315100,126.9286182000,2024,,02-351-7944,서울특별시 은평구청,2026-02-26
응암1동,1,통일로 581,Apr-31,37.5987922100,126.9370978000,2024,,02-351-7944,서울특별시 은평구청,2026-02-26
응암1동,1,통일로 579-21,34-41,37.5982650700,126.9367575000,2024,,02-351-7944,서울특별시 은평구청,2026-02-26
응암1동,1,은평로9길 6-2,Jun-88,37.6006817200,126.9216839000,2024,,02-351-7944,서울특별시 은평구청,2026-02-26
응암1동,1,응암로 331,88-14,37.6008254400,126.9221471000,2024,,02-351-7944,서울특별시 은평구청,2026-02-26
응암1동,1,응암로34길 18-5,105-5,37.5975919100,126.9227369000,,,02-351-7944,서울특별시 은평구청,2026-02-26
응암1동,1,응암로34나길 14-10,101-28,37.5985792100,126.9241321000,,,02-351-7944,서울특별시 은평구청,2026-02-26
응암2동,1,응암로24길 28,409-11,37.5939110000,126.9211410000,2019,,02-351-7944,서울특별시 은평구청,2026-02-26
응암2동,1,응암로24길 18-1,409-16,37.5939530000,126.9208570000,2004,,02-351-7944,서울특별시 은평구청,2026-02-26
응암2동,1,응암로20길 21-14,419-154,37.5939860000,126.9205170000,2007,,02-351-7944,서울특별시 은평구청,2026-02-26
응암2동,1,응암로24길 20,419-117,37.5941190000,126.9202770000,2019,,02-351-7944,서울특별시 은평구청,2026-02-26
응암2동,1,응암로22길 21-6,409-29,37.5937750900,126.9207127000,2018,,02-351-7944,서울특별시 은평구청,2026-02-26
응암2동,1,응암로22길 17-6,419-109,37.5938140000,126.9203500000,2019,,02-351-7944,서울특별시 은평구청,2026-02-26
응암2동,1,응암로22길 15-6,419-120,37.5938210000,126.9201120000,2019,,02-351-7944,서울특별시 은평구청,2026-02-26
응암2동,1,응암로22길 13-9,419-135,37.5940970000,126.9198020000,2015,,02-351-7944,서울특별시 은평구청,2026-02-26
응암2동,1,응암로22길 15-1,419-133,37.5937830000,126.9199200000,2018,,02-351-7944,서울특별시 은평구청,2026-02-26
응암2동,1,응암로22길 11-7,427-76,37.5942570000,126.9195280000,2019,,02-351-7944,서울특별시 은평구청,2026-02-26
응암2동,1,응암로22길 11-3,427-81,37.5938960000,126.9194990000,2019,,02-351-7944,서울특별시 은평구청,2026-02-26
응암2동,1,응암로22길 11-3,427-81,37.5938960000,126.9194990000,2019,,02-351-7944,서울특별시 은평구청,2026-02-26
응암2동,1,응암로24길 10,427-89,37.5943450000,126.9193230000,2006,,02-351-7944,서울특별시 은평구청,2026-02-26
응암2동,1,응암로22길 9-3,427-94,37.5939390000,126.9192380000,2005,,02-351-7944,서울특별시 은평구청,2026-02-26
응암2동,1,응암로24길 8-1,427-100,37.5944309600,126.9192302000,,,02-351-7944,서울특별시 은평구청,2026-02-26
응암2동,1,응암로22길 7-4,427-144,37.5939190000,126.9191030000,2019,,02-351-7944,서울특별시 은평구청,2026-02-26
응암2동,1,응암로20길 30-8,402-106,37.5920260000,126.9208970000,2006,,02-351-7944,서울특별시 은평구청,2026-02-26
응암2동,1,응암로20길 30-8,402-106,37.5920260000,126.9208970000,2005,,02-351-7944,서울특별시 은평구청,2026-02-26
응암2동,1,응암로20길 30-18,402-102,37.5917640000,126.9208100000,2008,,02-351-7944,서울특별시 은평구청,2026-02-26
응암2동,1,응암로16길 29-3,403-21,37.5917000000,126.9207200000,2008,,02-351-7944,서울특별시 은평구청,2026-02-26
응암2동,1,응암로16길 23-3,345-20,37.5906100000,126.9207920000,2009,,02-351-7944,서울특별시 은평구청,2026-02-26
응암2동,1,응암로16길 23,403-33,37.5914160000,126.9202370000,2005,,02-351-7944,서울특별시 은평구청,2026-02-26
응암2동,1,응암로20길 22-21,402-120,37.5917790000,126.9205040000,2016,,02-351-7944,서울특별시 은평구청,2026-02-26
응암2동,1,응암로20길 22-17,402-112,37.5921050000,126.9206920000,2011,,02-351-7944,서울특별시 은평구청,2026-02-26
응암2동,1,응암로16길 22,397-209,37.5912860000,126.9197860000,2009,,02-351-7944,서울특별시 은평구청,2026-02-26
응암2동,1,응암로18길 18-9,397-143,37.5911900000,126.9192330000,2018,,02-351-7944,서울특별시 은평구청,2026-02-26
응암2동,1,응암로16길 17-6,397-128,37.5917790000,126.9194960000,2007,,02-351-7944,서울특별시 은평구청,2026-02-26
응암2동,1,응암로18길 18-12,397-126,37.5918690000,126.9195060000,2008,,02-351-7944,서울특별시 은평구청,2026-02-26
응암2동,1,응암로18길 18-16,397-127,37.5919220000,126.9193810000,2006,,02-351-7944,서울특별시 은평구청,2026-02-26
응암2동,1,응암로16길 18-4,397-275,37.5919420000,126.9196750000,2007,,02-351-7944,서울특별시 은평구청,2026-02-26
응암2동,1,응암로18길 10,397-266,37.5921240000,126.9188230000,2004,,02-351-7944,서울특별시 은평구청,2026-02-26
응암2동,1,응암로18길 13,397-249,37.5923022700,126.9193356000,,,02-351-7944,서울특별시 은평구청,2026-02-26
응암2동,1,응암로18길 6,365-6,37.5922270000,126.9183010000,2006,,02-351-7944,서울특별시 은평구청,2026-02-26
응암2동,1,응암로18길 6-6,365-11,37.5921879100,126.9183593000,,,02-351-7944,서울특별시 은평구청,2026-02-26
응암2동,1,응암로18길 6-10,365-47,37.5919650000,126.9182590000,2007,,02-351-7944,서울특별시 은평구청,2026-02-26
응암2동,1,응암로20길 4-7,397-116,37.5926600000,126.9183620000,2006,,02-351-7944,서울특별시 은평구청,2026-02-26
응암2동,1,응암로16길 3,365-48,37.5919640000,126.9181120000,2008,,02-351-7944,서울특별시 은평구청,2026-02-26
응암2동,1,응암로16길 7-19,365-51,37.5919260000,126.9188260000,2011,,02-351-7944,서울특별시 은평구청,2026-02-26
응암2동,1,응암로16길 16,376-6,37.591675,126.918025,2014.1,,02-351-7944,서울특별시 은평구청,2026-02-26
응암2동,1,응암로16길 8,376-63,37.5915680000,126.9181970000,2008,,02-351-7944,서울특별시 은평구청,2026-02-26
응암2동,1,응암로16길 7-10,365-28,37.5917070000,126.9186020000,2010,,02-351-7944,서울특별시 은평구청,2026-02-26
응암2동,1,응암로16길 8-13,360-15,37.5910240000,126.9187600000,2007,,02-351-7944,서울특별시 은평구청,2026-02-26
응암2동,1,응암로16길 8-13,360-15,37.5910571800,126.9187033000,,,02-351-7944,서울특별시 은평구청,2026-02-26
응암2동,1,응암로16길 8-15,359-2,37.5908600000,126.9186150000,2018,,02-351-7944,서울특별시 은평구청,2026-02-26
응암2동,1,응암로16길 8-17,358-1,37.5908800000,126.9187840000,2006,,02-351-7944,서울특별시 은평구청,2026-02-26
응암2동,1,응암로14길 9-12,352-2,37.5905430000,126.9193780000,2007,,02-351-7944,서울특별시 은평구청,2026-02-26
응암2동,1,응암로 214-24,368-6,37.5907020000,126.9180740000,2007,,02-351-7944,서울특별시 은평구청,2026-02-26
응암2동,1,응암로 214-10,376-42,37.5907730000,126.9178910000,2007,,02-351-7944,서울특별시 은평구청,2026-02-26
응암2동,1,응암로20길 2,397-89,37.5928950000,126.9184380000,2005,,02-351-7944,서울특별시 은평구청,2026-02-26
응암2동,1,응암로22길 6-18,397-90,37.5929760000,126.9184600000,2007,,02-351-7944,서울특별시 은평구청,2026-02-26
응암2동,1,응암로 218-8,376-27,37.5912179500,126.9182634000,,,02-351-7944,서울특별시 은평구청,2026-02-26
응암2동,1,응암로22길 8,397-82,37.5936100000,126.9187900000,2009,,02-351-7944,서울특별시 은평구청,2026-02-26
응암2동,1,응암로22길 8-11,397-69,37.5931970000,126.9189430000,2018,,02-351-7944,서울특별시 은평구청,2026-02-26
응암2동,1,응암로22길 10-5,397-50,37.5935070000,126.9193120000,2018,,02-351-7944,서울특별시 은평구청,2026-02-26
응암2동,1,응암로22길 10-7,397-50,37.5933710000,126.9192580000,2010,,02-351-7944,서울특별시 은평구청,2026-02-26
응암2동,1,응암로22길 12-9,397-32,37.5931660000,126.9195100000,2010,,02-351-7944,서울특별시 은평구청,2026-02-26
응암2동,1,응암로22길 12-17,397-35,37.5929040000,126.9194460000,2011,,02-351-7944,서울특별시 은평구청,2026-02-26
응암2동,1,응암로20길 12,397-108,37.5926750000,126.9189620000,2018,,02-351-7944,서울특별시 은평구청,2026-02-26
응암2동,1,응암로22길 10-15,397-54,37.5930920000,126.9192170000,2018,,02-351-7944,서울특별시 은평구청,2026-02-26
응암2동,1,응암로 218-31,376-31,37.5913220000,126.9178380000,2019,,02-351-7944,서울특별시 은평구청,2026-02-26
응암2동,1,응암로 214-13,376-33,37.5909263700,126.9179628000,,,02-351-7944,서울특별시 은평구청,2026-02-26
응암2동,1,응암로16길 8-26,368-7,37.5907300000,126.9181980000,2017,,02-351-7944,서울특별시 은평구청,2026-02-26
응암2동,1,응암로 214-10,354-3,37.5903960000,126.9180210000,2019,,02-351-7944,서울특별시 은평구청,2026-02-26
응암2동,1,응암로14길 9-11,353-1,37.5903620000,126.9182710000,2005,,02-351-7944,서울특별시 은평구청,2026-02-26
응암2동,1,응암로14길 3,354-5,37.5903230000,126.9179660000,2007,,02-351-7944,서울특별시 은평구청,2026-02-26
응암2동,1,응암로 206,576-44,37.5957720000,126.9206730000,2006,,02-351-7944,서울특별시 은평구청,2026-02-26
응암2동,1,응암로14길 8,323-1,37.5938710000,126.9167930000,2019,,02-351-7944,서울특별시 은평구청,2026-02-26
응암2동,1,응암로14길 15,334-9,37.5901031500,126.9190352000,,,02-351-7944,서울특별시 은평구청,2026-02-26
응암2동,1,응암로14길 9-12,352-1,37.5905470000,126.9187780000,2007,,02-351-7944,서울특별시 은평구청,2026-02-26
응암2동,1,응암로14길 9-12,335-14,37.5906105700,126.9187470000,2020,,02-351-7944,서울특별시 은평구청,2026-02-26
응암2동,1,응암로16길 20-34,351-7,37.5905120000,126.9189370000,2008,,02-351-7944,서울특별시 은평구청,2026-02-26
응암2동,1,응암로14길 15-13,351-36,37.5904160000,126.9192210000,2006,,02-351-7944,서울특별시 은평구청,2026-02-26
응암2동,1,응암로14길 17-1,599-67,37.5893600000,126.9190440000,2017,,02-351-7944,서울특별시 은평구청,2026-02-26
응암2동,1,응암로14길 15-22,335-28,37.5901750000,126.9195080000,2016,,02-351-7944,서울특별시 은평구청,2026-02-26
응암2동,1,응암로14길 15-22,#N/A,37.5902641400,126.9195319000,,,02-351-7944,서울특별시 은평구청,2026-02-26
응암2동,1,응암로14길 17,335-31,37.5899740000,126.9192280000,2016,,02-351-7944,서울특별시 은평구청,2026-02-26
응암2동,1,응암로14길 18,334-18,37.5901160000,126.9189540000,2016,,02-351-7944,서울특별시 은평구청,2026-02-26
응암2동,1,응암로14길 15-31,351-28,37.5902850000,126.9197550000,2016,,02-351-7944,서울특별시 은평구청,2026-02-26
응암2동,1,응암로14길 19-3,335-25,37.5899860000,126.9195450000,2008,,02-351-7944,서울특별시 은평구청,2026-02-26
응암2동,1,응암로14길 21,335-19,37.5898880000,126.9197040000,2016,,02-351-7944,서울특별시 은평구청,2026-02-26
응암2동,1,응암로14길 15-33,351-19,37.5903750000,126.9197090000,2010,,02-351-7944,서울특별시 은평구청,2026-02-26
응암2동,1,응암로14길 15-37,351-17,37.5905450000,126.9196380000,2010,,02-351-7944,서울특별시 은평구청,2026-02-26
응암2동,1,응암로14길 15-39,351-4,37.5903497900,126.9199811000,2019,,02-351-7944,서울특별시 은평구청,2026-02-26
응암2동,1,응암로14길 23-7,335-16,37.5900260600,126.9200003000,,,02-351-7944,서울특별시 은평구청,2026-02-26
응암2동,1,응암로14길 23-7,#N/A,37.5900260600,126.9200003000,,,02-351-7944,서울특별시 은평구청,2026-02-26
응암2동,1,응암로14길 19-1,335-26,37.5899535600,126.9195830000,,,02-351-7944,서울특별시 은평구청,2026-02-26
응암2동,1,응암로14길 15-28,337-39,37.5902520000,126.9200960000,2016,,02-351-7944,서울특별시 은평구청,2026-02-26
응암2동,1,응암로16가길 12-6,349-18,37.5903810000,126.9203990000,2016,,02-351-7944,서울특별시 은평구청,2026-02-26
응암2동,1,응암로16가길 12-16,349-23,37.5906520000,126.9204070000,2006,,02-351-7944,서울특별시 은평구청,2026-02-26
응암2동,1,응암로16가길 12-18,349-10,37.5907510000,126.9203940000,2006,,02-351-7944,서울특별시 은평구청,2026-02-26
응암2동,1,응암로16가길 2,348-7,37.5911500000,126.9207170000,2011,,02-351-7944,서울특별시 은평구청,2026-02-26
응암2동,1,응암로16길 26-1,348-27,37.5911200000,126.9203890000,2009,,02-351-7944,서울특별시 은평구청,2026-02-26
응암2동,1,응암로16길 22-15,348-32,37.5911610000,126.9199920000,2016,,02-351-7944,서울특별시 은평구청,2026-02-26
응암2동,1,응암로16길 22-8,357-2,37.5911310000,126.9196300000,2018,,02-351-7944,서울특별시 은평구청,2026-02-26
응암2동,1,응암로16길 20-13,351-8,37.5907320000,126.9193410000,2006,,02-351-7944,서울특별시 은평구청,2026-02-26
응암2동,1,응암로20길 14,397-252,37.5926340000,126.9194040000,2017,,02-351-7944,서울특별시 은평구청,2026-02-26
응암2동,1,응암로20길 14,397-252,37.5926340000,126.9194040000,2005,,02-351-7944,서울특별시 은평구청,2026-02-26
응암2동,1,응암로18길 15-3,397-242,37.5923660000,126.9196690000,2018,,02-351-7944,서울특별시 은평구청,2026-02-26
응암2동,1,응암로20길 16,397-245,37.5925960000,126.9196115000,2018,,02-351-7944,서울특별시 은평구청,2026-02-26
응암2동,1,응암로20길 16,397-245,37.5925720000,126.9195410000,2004,,02-351-7944,서울특별시 은평구청,2026-02-26
응암2동,1,응암로22길 16-16,397-22,37.5929060000,126.9195700000,2008,,02-351-7944,서울특별시 은평구청,2026-02-26
응암2동,1,응암로2길 20,419-220,37.5933700000,126.9201520000,2009,,02-351-7944,서울특별시 은평구청,2026-02-26
응암2동,1,응암로22길 18-9,402-14,37.5930810000,126.9200770000,2006,,02-351-7944,서울특별시 은평구청,2026-02-26
응암2동,1,응암로20길 18,397-280,37.5925660000,126.9198700000,2010,,02-351-7944,서울특별시 은평구청,2026-02-26
응암2동,1,응암로20길 20,402-42,37.5924780000,126.9201200000,2009,,02-351-7944,서울특별시 은평구청,2026-02-26
응암2동,1,응암로20길 20,402-42,37.5924780000,126.9201200000,2005,,02-351-7944,서울특별시 은평구청,2026-02-26
응암2동,1,응암로20길 19-1,402-54,37.5927320000,126.9202520000,2018,,02-351-7944,서울특별시 은평구청,2026-02-26
응암2동,1,응암로22길 22,402-6,37.5932830000,126.9204370000,2006,,02-351-7944,서울특별시 은평구청,2026-02-26
응암2동,1,응암로22길 20-27,402-168,37.5928400000,126.9203070000,2008,,02-351-7944,서울특별시 은평구청,2026-02-26
응암2동,1,응암로20길 22-7,402-69,37.5923990000,126.9203250000,2007,,02-351-7944,서울특별시 은평구청,2026-02-26
응암2동,1,응암로20길 22,402-67,37.5924440000,126.9203700000,2007,,02-351-7944,서울특별시 은평구청,2026-02-26
응암2동,1,백련산로 90,240-36,37.5927190000,126.9208070000,2007,,02-351-7944,서울특별시 은평구청,2026-02-26
응암2동,1,응암로22길 23,240-36,37.5927190000,126.9208070000,2007,,02-351-7944,서울특별시 은평구청,2026-02-26
응암2동,1,응암로22길 28-28,405-6,37.5928570000,126.9211110000,2007,,02-351-7944,서울특별시 은평구청,2026-02-26
응암2동,1,응암로22길 28-6,402-74,37.5932160000,126.9210380000,2010,,02-351-7944,서울특별시 은평구청,2026-02-26
응암2동,1,응암로22길 28-6,402-74,37.5932160000,126.9210380000,2010,,02-351-7944,서울특별시 은평구청,2026-02-26
응암2동,1,응암로22길 33,239-2,37.5933590000,126.9218620000,2019,,02-351-7944,서울특별시 은평구청,2026-02-26
응암2동,1,응암로22길 31-6,237-5,37.5936570000,126.9219370000,2019,,02-351-7944,서울특별시 은평구청,2026-02-26
응암2동,1,백련산로 90,236-44,37.5936410000,126.9240780000,2005,,02-351-7944,서울특별시 은평구청,2026-02-26
응암2동,1,백련산로 90,241-65,37.5933790000,126.9240700000,2004,,02-351-7944,서울특별시 은평구청,2026-02-26
응암2동,1,응암로22길 13-9,419-135,37.5941169300,126.9198524000,,,02-351-7944,서울특별시 은평구청,2026-02-26
응암2동,1,백련산로 90,236-1,37.5932150000,126.9229060000,2007,,02-351-7944,서울특별시 은평구청,2026-02-26
응암2동,1,백련산로 90,232-3,37.5939097100,126.9232505000,2020,,02-351-7944,서울특별시 은평구청,2026-02-26
응암2동,1,백련산로 85-1,241-45,37.5932230000,126.9227250000,2019,,02-351-7944,서울특별시 은평구청,2026-02-26
응암2동,1,백련산로 39-19,241-46,37.5932120000,126.9225210000,2007,,02-351-7944,서울특별시 은평구청,2026-02-26
응암2동,1,백련산로 91-14,237-24,37.5937870000,126.9224000000,2006,,02-351-7944,서울특별시 은평구청,2026-02-26
응암2동,1,백련산로 31-8,235-1,37.5935780000,126.9221540000,2007,,02-351-7944,서울특별시 은평구청,2026-02-26
응암2동,1,백련산로 91-14,237-26,37.5935800000,126.9223910000,2008,,02-351-7944,서울특별시 은평구청,2026-02-26
응암2동,1,응암로28길 42,237-21,37.5938880000,126.9225680000,2019,,02-351-7944,서울특별시 은평구청,2026-02-26
응암2동,1,응암로16길 22-20,351-2,37.5906540000,126.9197270000,2016,,02-351-7944,서울특별시 은평구청,2026-02-26
응암2동,1,응암로16길 22-37,350-17,37.5908370000,126.9200080000,2018,,02-351-7944,서울특별시 은평구청,2026-02-26
응암2동,1,응암로16가길 22-57,349-9,37.5908320000,126.9203930000,2007,,02-351-7944,서울특별시 은평구청,2026-02-26
응암2동,1,응암로14길 15-25,#N/A,37.5904648700,126.9195107000,,,02-351-7944,서울특별시 은평구청,2026-02-26
응암2동,1,백련산로4길 11-14,227-88,37.5952650000,126.9244170000,2018,,02-351-7944,서울특별시 은평구청,2026-02-26
응암2동,1,응암로22길 18-17,402-18,37.5928582400,126.9199839000,,,02-351-7944,서울특별시 은평구청,2026-02-26
응암2동,1,응암로14길 15-22,335-28,37.5902641400,126.9195319000,,,02-351-7944,서울특별시 은평구청,2026-02-26
응암2동,1,백련산로4길 11-26,227-83,37.5957730000,126.9247150000,2008,,02-351-7944,서울특별시 은평구청,2026-02-26
응암2동,1,백련산로4길 11-30,227-17,37.5958810000,126.9247700000,2004,,02-351-7944,서울특별시 은평구청,2026-02-26
응암2동,1,백련산로4길 11-30,227-15,37.5958570000,126.9250080000,2015,,02-351-7944,서울특별시 은평구청,2026-02-26
응암2동,1,백련산로4길 11-30,227-17,37.5958810000,126.9247700000,2006,,02-351-7944,서울특별시 은평구청,2026-02-26
응암2동,1,백련산로4길 13-12,227-71,37.5954770000,126.9248670000,2008,,02-351-7944,서울특별시 은평구청,2026-02-26
응암2동,1,백련산로4길 13-8,227-73,37.5952780000,126.9247900000,2008,,02-351-7944,서울특별시 은평구청,2026-02-26
응암2동,1,백련산로4길 17-5,227-65,37.5951249200,126.9249040000,,,02-351-7944,서울특별시 은평구청,2026-02-26
응암2동,1,백련산로4길 17-11,227-62,37.5953733600,126.9250456000,,,02-351-7944,서울특별시 은평구청,2026-02-26
응암2동,1,백련산로4길 17-12,227-51,37.5954530000,126.9252520000,2005,,02-351-7944,서울특별시 은평구청,2026-02-26
응암2동,1,백련산로4길 17-15,227-60,37.5955960000,126.9250910000,2005,,02-351-7944,서울특별시 은평구청,2026-02-26
응암2동,1,백련산로 100,229-13,37.5943477800,126.9231689000,,,02-351-7944,서울특별시 은평구청,2026-02-26
응암2동,1,백련산로4길 17-20,227-13,37.5957430000,126.9253610000,2006,,02-351-7944,서울특별시 은평구청,2026-02-26
응암2동,1,백련산로4길 21-17,227-12,37.5957530000,126.9254740000,2005,,02-351-7944,서울특별시 은평구청,2026-02-26
응암2동,1,백련산로4길 21-13,227-41,37.5955450000,126.9254210000,2006,,02-351-7944,서울특별시 은평구청,2026-02-26
응암2동,1,백련산로4길 21-5,227-44,37.5950930000,126.9252800000,2007,,02-351-7944,서울특별시 은평구청,2026-02-26
응암2동,1,백련산로4길 21,227-39,37.5947610000,126.9253750000,2005,,02-351-7944,서울특별시 은평구청,2026-02-26
응암2동,1,백련산로4길 23,227-30,37.5947800000,126.9255560000,2011,,02-351-7944,서울특별시 은평구청,2026-02-26
응암2동,1,백련산로4길 25-2,227-7,37.5950800300,126.9259210000,,,02-351-7944,서울특별시 은평구청,2026-02-26
응암2동,1,백련사로4길 23-7,227-28,37.5950870000,126.9256540000,2010,,02-351-7944,서울특별시 은평구청,2026-02-26
응암2동,1,,227-104,37.5953770000,126.9257850000,2005,,02-351-7944,서울특별시 은평구청,2026-02-26
응암2동,1,백련산로4길 25,227-24,37.5947100000,126.9257160000,2019,,02-351-7944,서울특별시 은평구청,2026-02-26
응암2동,1,백련산로4길 23-18,227-1,37.5955500000,126.9260320000,2018,,02-351-7944,서울특별시 은평구청,2026-02-26
응암2동,1,백련산로4길 16,산6-46,37.5942420000,126.9248730000,2010,,02-351-7944,서울특별시 은평구청,2026-02-26
응암2동,1,백련산로4길 25-1,227-23,37.5949080000,126.9257690000,2018,,02-351-7944,서울특별시 은평구청,2026-02-26
응암2동,1,백련산로4길 19,227-54,37.5942420000,126.9248730000,2004,,02-351-7944,서울특별시 은평구청,2026-02-26
응암2동,1,백련산로4길 14,227-22,37.5946160000,126.9243920000,2011,,02-351-7944,서울특별시 은평구청,2026-02-26
응암2동,1,백련산로4길 14,227-22,37.5945870000,126.9241320000,2011,,02-351-7944,서울특별시 은평구청,2026-02-26
응암2동,1,백련산로4길 10,228-3,37.5945870000,126.9241320000,2007,,02-351-7944,서울특별시 은평구청,2026-02-26
응암2동,1,백련산로4길 10,228-3,37.5946312200,126.9240840000,,,02-351-7944,서울특별시 은평구청,2026-02-26
응암2동,1,백련산로 90,228-4,37.5946150000,126.9232480000,2004,,02-351-7944,서울특별시 은평구청,2026-02-26
응암2동,1,백련산로 90,228-4,37.5946150000,126.9232480000,2007,,02-351-7944,서울특별시 은평구청,2026-02-26
응암2동,1,백련산로 100(주민센터),229-5,37.5946150000,126.9232480000,2006,,02-351-7944,서울특별시 은평구청,2026-02-26
응암2동,1,백련산로 93,237-1,37.5939739400,126.9228341000,,,02-351-7944,서울특별시 은평구청,2026-02-26
응암2동,1,응암로22길 19-2,419-103,37.5937510000,126.9204300000,2009,,02-351-7944,서울특별시 은평구청,2026-02-26
응암2동,1,응암로24길 26-4,409-13,37.5936830000,126.9208730000,2018,,02-351-7944,서울특별시 은평구청,2026-02-26
응암2동,1,응암로22길 6-8,397-93,37.5934820000,126.9185990000,2011,,02-351-7944,서울특별시 은평구청,2026-02-26
응암2동,1,응암로22길 18-17,402-18,37.5928582400,126.9199839000,,,02-351-7944,서울특별시 은평구청,2026-02-26
응암2동,1,응암로16길 10,365-36,37.5914460000,126.9185720000,2006,,02-351-7944,서울특별시 은평구청,2026-02-26
응암2동,1,응암로16길 14,362-17,37.5913880000,126.9191050000,2016,,02-351-7944,서울특별시 은평구청,2026-02-26
응암2동,1,응암로16길 17-1,362-8,37.5915080000,126.9195110000,2007,,02-351-7944,서울특별시 은평구청,2026-02-26
응암2동,1,응암로16길 20-4,397-190,37.5913450000,126.9193320000,2011,,02-351-7944,서울특별시 은평구청,2026-02-26
응암2동,1,응암로16길 20-14,397-195,37.5910550000,126.9192460000,2006,,02-351-7944,서울특별시 은평구청,2026-02-26
응암2동,1,응암로16길 20-30,351-5,37.5908300000,126.9191810000,2007,,02-351-7944,서울특별시 은평구청,2026-02-26
응암2동,1,응암로14길11,334-5,37.5901850000,126.9186700000,2007,,02-351-7944,서울특별시 은평구청,2026-02-26
응암2동,1,응암로20길 3-2,576-14,37.5930280000,126.9182210000,2007,,02-351-7944,서울특별시 은평구청,2026-02-26
응암2동,1,응암로20길 2,576-16,37.5928550000,126.9180200000,2006,,02-351-7944,서울특별시 은평구청,2026-02-26
응암2동,1,응암로222,576-28,37.5917360000,126.9177750000,2006,,02-351-7944,서울특별시 은평구청,2026-02-26
응암2동,1,,687,,,,,02-351-7944,서울특별시 은평구청,2026-02-26
응암2동,1,응암동 687,669-1,37.5864340000,126.9233320000,2016,,02-351-7944,서울특별시 은평구청,2026-02-26
응암2동,1,응암동 687,669-1,37.5864340000,126.9233320000,2016,,02-351-7944,서울특별시 은평구청,2026-02-26
응암2동,1,응암동 687,669-1,37.5864340000,126.9233320000,2016,,02-351-7944,서울특별시 은평구청,2026-02-26
응암2동,1,응암동 687,669-1,37.5864340000,126.9233320000,2016,,02-351-7944,서울특별시 은평구청,2026-02-26
응암2동,1,응암동 693,669-1,37.5864340000,126.9233320000,2016,,02-351-7944,서울특별시 은평구청,2026-02-26
응암2동,1,응암동 693,669-1,37.5864340000,126.9233320000,2016,,02-351-7944,서울특별시 은평구청,2026-02-26
응암2동,1,응암동 693,669-1,37.5864340000,126.9233320000,2017,,02-351-7944,서울특별시 은평구청,2026-02-26
응암2동,1,응암동 693,761-2,,,2021,,02-351-7944,서울특별시 은평구청,2026-02-26
응암2동,1,백련산로 6,669-3,37.5869528900,126.9232755000,,,02-351-7944,서울특별시 은평구청,2026-02-26
응암2동,1,,691-1,,,,,02-351-7944,서울특별시 은평구청,2026-02-26
응암2동,1,응암로262,427-42,37.5951109800,126.9186754000,2020,,02-351-7944,서울특별시 은평구청,2026-02-26
응암2동,1,응암로262(뒤편),427-43,37.5951109800,126.9186754000,,,02-351-7944,서울특별시 은평구청,2026-02-26
응암2동,1,백련산로121,765,37.5964521500,126.9235920000,,,02-351-7944,서울특별시 은평구청,2026-02-26
응암2동,1,응암로30길 5-1,107-18,37.5962530000,126.9200310000,2019,,02-351-7944,서울특별시 은평구청,2026-02-26
응암2동,1,응암로30길 5-9,0,37.5964767500,126.9202657000,,,02-351-7944,서울특별시 은평구청,2026-02-26
응암2동,1,응암로30길 5-9,107-23,37.5965150000,126.9201640000,2019,,02-351-7944,서울특별시 은평구청,2026-02-26
응암2동,1,응암로30길 5-15,107-9,37.596768,126.920284,2013.11,,02-351-7944,서울특별시 은평구청,2026-02-26
응암2동,1,응암로30길 5-17,107-7,37.5968150000,126.9204080000,2019,,02-351-7944,서울특별시 은평구청,2026-02-26
응암2동,1,응암로32길 6-10,107-33,37.5969690000,126.9205870000,2019,,02-351-7944,서울특별시 은평구청,2026-02-26
응암2동,1,응암로32길 6-8,107-6,37.5969860000,126.9204510000,2019,,02-351-7944,서울특별시 은평구청,2026-02-26
응암2동,1,응암로32길 6,107-27,37.5973140000,126.9208090000,2009,,02-351-7944,서울특별시 은평구청,2026-02-26
응암2동,1,응암로20길 29 앞,240-35,37.5925934900,126.9211993000,,,02-351-7944,서울특별시 은평구청,2026-02-26
응암2동,1,백련산로4길 13-4,227-75,37.5951240000,126.9247470000,2018,,02-351-7944,서울특별시 은평구청,2026-02-26
응암2동,1,백련산로4길 11-4,227-91,37.5950210000,126.9243300000,2004,,02-351-7944,서울특별시 은평구청,2026-02-26
응암2동,1,응암로28길 38-1,237-28,37.5937770000,126.9222070000,2018,,02-351-7944,서울특별시 은평구청,2026-02-26
응암2동,1,음암로24길 28-5,409-34,37.5936230000,126.9211900000,2006,,02-351-7944,서울특별시 은평구청,2026-02-26
응암2동,1,응암로22길 29,239-7,37.5934270000,126.9213860000,2007,,02-351-7944,서울특별시 은평구청,2026-02-26
응암2동,1,응암로284-6,107-37,37.5967580000,126.9201260000,2018,,02-351-7944,서울특별시 은평구청,2026-02-26
응암2동,1,음암로24길 18,419-118,37.5941730000,126.9201970000,2005,,02-351-7944,서울특별시 은평구청,2026-02-26
응암2동,1,음암로20길 7,397-73,37.5928620000,126.9186990000,2015,,02-351-7944,서울특별시 은평구청,2026-02-26
응암2동,1,음암로22길 8-7,397-68,37.5934770000,126.9189730000,2004,,02-351-7944,서울특별시 은평구청,2026-02-26
응암2동,1,응암로22길 16-6,397-27,37.5933210000,126.9196660000,2018,,02-351-7944,서울특별시 은평구청,2026-02-26
응암2동,1,응암로22길 28-18,405-10,37.5929610000,126.9206790000,2008,,02-351-7944,서울특별시 은평구청,2026-02-26
응암2동,1,응암로22길 20-15,402-46,37.5928150000,126.9204550000,2005,,02-351-7944,서울특별시 은평구청,2026-02-26
응암2동,1,응암로22길 18-13,402-16,37.5929280000,126.9200460000,2017,,02-351-7944,서울특별시 은평구청,2026-02-26
응암2동,1,응암로18길 3,397-277,37.5923790000,126.9181510000,2006,,02-351-7944,서울특별시 은평구청,2026-02-26
응암2동,1,응암로18길 6-8,362-13,37.5916400000,126.9191130000,2010,,02-351-7944,서울특별시 은평구청,2026-02-26
응암2동,1,응암로16길 20-8,397-198,37.5910350000,126.9189860000,2005,,02-351-7944,서울특별시 은평구청,2026-02-26
응암2동,1,응암로14길 9-33,397-171,37.5907450000,126.9188320000,2005,,02-351-7944,서울특별시 은평구청,2026-02-26
응암2동,1,응암로16길 22-25,350-15,37.5910248000,126.9198229000,,,02-351-7944,서울특별시 은평구청,2026-02-26
응암2동,1,응암로20길 30-10,402-98,37.5919440000,126.9208520000,2006,,02-351-7944,서울특별시 은평구청,2026-02-26
응암2동,1,응암로20길 30-18,402-103,37.5917720000,126.9206960000,2005,,02-351-7944,서울특별시 은평구청,2026-02-26
응암2동,1,응암로16길 17-12,397-149,37.5917040000,126.9191910000,2007,,02-351-7944,서울특별시 은평구청,2026-02-26
응암2동,1,응암로16길 17-10,397-130,37.5916970000,126.9194070000,2007,,02-351-7944,서울특별시 은평구청,2026-02-26
응암2동,1,응암로14길 9-18,351-6,37.5906290000,126.9189460000,2007,,02-351-7944,서울특별시 은평구청,2026-02-26
응암2동,1,응암로16길 20-28,397-202,37.5908660000,126.9191690000,2005,,02-351-7944,서울특별시 은평구청,2026-02-26
응암2동,1,응암로14길 9-23,355-3,37.5905070000,126.9184390000,2016,,02-351-7944,서울특별시 은평구청,2026-02-26
응암2동,1,응암로14길 15,335-14,37.5902480000,126.9186240000,2007,,02-351-7944,서울특별시 은평구청,2026-02-26
응암2동,1,응암로14길 15-21,351-20,37.5905710000,126.9194680000,2006,,02-351-7944,서울특별시 은평구청,2026-02-26
응암2동,1,응암로16길 22-9,348-30,37.5910910000,126.9201740000,2019,,02-351-7944,서울특별시 은평구청,2026-02-26
응암2동,1,응암로16길 22-51,350-33,37.5910290000,126.9203110000,2006,,02-351-7944,서울특별시 은평구청,2026-02-26
응암2동,1,응암로16길 22-53,350-1,37.5910163800,126.9204544000,2022,,02-351-7944,서울특별시 은평구청,2026-02-26
응암2동,1,응암로20길 22-7,402-87,37.5923460000,126.9204390000,2006,,02-351-7944,서울특별시 은평구청,2026-02-26
응암2동,1,응암로22길 31-10,237,37.5937718900,126.9220459000,2022,,02-351-7944,서울특별시 은평구청,2026-02-26
응암2동,1,응암로16길 22-14,351-1,37.5909160600,126.9196075000,2022,,02-351-7944,서울특별시 은평구청,2026-02-26
응암2동,1,응암로16길 22-14,351-1,37.5909160600,126.9196075000,2022,,02-351-7944,서울특별시 은평구청,2026-02-26
응암2동,1,응암로20길 22-10,402-38,37.5922280000,126.9203610000,2008,,02-351-7944,서울특별시 은평구청,2026-02-26
응암2동,1,응암로14길 3,354-9,37.5902580000,126.9178200000,2007,,02-351-7944,서울특별시 은평구청,2026-02-26
응암2동,1,응암로22길 31-8,397-180,37.5927130000,126.9182600000,2006,,02-351-7944,서울특별시 은평구청,2026-02-26
응암2동,1,응암로22길 13-1,427-69,37.5937118700,126.9197334000,,,02-351-7944,서울특별시 은평구청,2026-02-26
응암2동,1,응암로22길 3-8,427-137,37.5940500000,126.9185910000,2006,,02-351-7944,서울특별시 은평구청,2026-02-26
응암2동,1,응암로206,354-11,37.5903230000,126.9179430000,2008,,02-351-7944,서울특별시 은평구청,2026-02-26
응암2동,1,응암로16길 20-12,397-193,37.5912710000,126.9192090000,2005,,02-351-7944,서울특별시 은평구청,2026-02-26
응암2동,1,응암로22길 10-8,397-52,37.5932090000,126.9192150000,2011,,02-351-7944,서울특별시 은평구청,2026-02-26
응암2동,1,응암로24길 6,427-112,37.5944973100,126.9189877000,,,02-351-7944,서울특별시 은평구청,2026-02-26
응암2동,1,응암로22길 5-14,427-111,37.5944075000,126.9189270000,,,02-351-7944,서울특별시 은평구청,2026-02-26
응암2동,1,응암로22길 5-10,427-110,37.5943075100,126.9188862000,,,02-351-7944,서울특별시 은평구청,2026-02-26
응암2동,1,응암로22길 5-8,427-109,37.5942306300,126.9188645000,,,02-351-7944,서울특별시 은평구청,2026-02-26
응암2동,1,응암로22길 5-6,427-108,37.5941217900,126.9188375000,,,02-351-7944,서울특별시 은평구청,2026-02-26
응암2동,1,응암로22길 5-4,427-107,37.5940063900,126.9188221000,,,02-351-7944,서울특별시 은평구청,2026-02-26
응암2동,1,응암로22길 5,427-106,37.5938449200,126.9188487000,,,02-351-7944,서울특별시 은평구청,2026-02-26
응암2동,1,응암로254,427-169,37.5941870000,126.9187590000,2018,,02-351-7944,서울특별시 은평구청,2026-02-26
응암2동,1,응암로14길 23-7,335-16,37.5900260600,126.9200003000,,,02-351-7944,서울특별시 은평구청,2026-02-26
응암2동,1,응암로16길 10,365-36,37.5914460000,126.9185720000,2008,,02-351-7944,서울특별시 은평구청,2026-02-26
응암2동,1,,349-3,,,2016,,02-351-7944,서울특별시 은평구청,2026-02-26
응암2동,1,응암로 220-4,376-17,37.5915375200,126.9179882000,2016,,02-351-7944,서울특별시 은평구청,2026-02-26
응암2동,1,응암로22길 9-9,427-90,37.5942400600,126.9193438000,2016,,02-351-7944,서울특별시 은평구청,2026-02-26
응암2동,1,응암로22길 11-10,427-74,37.5941780200,126.9196832000,2010,,02-351-7944,서울특별시 은평구청,2026-02-26
응암2동,1,응암로20길 7,397-73,37.5929379300,126.9187834000,2016,,02-351-7944,서울특별시 은평구청,2026-02-26
응암2동,1,백련산로 6,669-1,37.5869528900,126.9232755000,2016,,02-351-7944,서울특별시 은평구청,2026-02-26
응암2동,1,백련산로 6,669-1,37.5869528900,126.9232755000,2007,,02-351-7944,서울특별시 은평구청,2026-02-26
응암2동,1,응암로16길 8-23,356-1,37.5906884700,126.9183820000,2016,,02-351-7944,서울특별시 은평구청,2026-02-26
응암2동,1,,576-37,,,2018,,02-351-7944,서울특별시 은평구청,2026-02-26
응암2동,1,응암로16길 16-1,362-23,37.5914521500,126.9193226000,2016,,02-351-7944,서울특별시 은평구청,2026-02-26
응암2동,1,응암로14길 15-3,335-48,37.5902529500,126.9187443000,2016,,02-351-7944,서울특별시 은평구청,2026-02-26
응암3동,1,응암로5길 2,594-39,37.5842400000,126.9188580000,2016,,02-351-7944,서울특별시 은평구청,2026-02-26
응암3동,1,응암로5길 4,594-52,37.5861620000,126.9152750000,2016,,02-351-7944,서울특별시 은평구청,2026-02-26
응암3동,1,응암로5길 6,594-54,37.5862250000,126.9151720000,2016,,02-351-7944,서울특별시 은평구청,2026-02-26
응암3동,1,응암로7길 3-2,594-57,37.5864240000,126.9153160000,2016,,02-351-7944,서울특별시 은평구청,2026-02-26
응암3동,1,응암로5길 8,594-64,37.5863490000,126.9150000000,2016,,02-351-7944,서울특별시 은평구청,2026-02-26
응암3동,1,응암로7길 9-7,594-22,37.5864930000,126.9149750000,2016,,02-351-7944,서울특별시 은평구청,2026-02-26
응암3동,1,응암로7길 9-3,594-24,37.5860400000,126.9166920000,2016,,02-351-7944,서울특별시 은평구청,2026-02-26
응암3동,1,응암로5길 12,594-69,37.5864890000,126.9145450000,2007,,02-351-7944,서울특별시 은평구청,2026-02-26
응암3동,1,응암로5길 14-1,594-72,,,2005,,02-351-7944,서울특별시 은평구청,2026-02-26
응암3동,1,응암로5길 14,594-72,37.5866760000,126.9142590000,2010,,02-351-7944,서울특별시 은평구청,2026-02-26
응암3동,1,응암로5길 16,593-14,37.5867450000,126.9139870000,2016,,02-351-7944,서울특별시 은평구청,2026-02-26
응암3동,1,응암로9길 19-16,593-12,37.5869980000,126.9140620000,2016,,02-351-7944,서울특별시 은평구청,2026-02-26
응암3동,1,응암로9길 19-13(앞),594-74,37.5836620000,126.9207000000,2011,,02-351-7944,서울특별시 은평구청,2026-02-26
응암3동,1,응암로7길 15,594-9,37.5868570000,126.9143360000,2018,,02-351-7944,서울특별시 은평구청,2026-02-26
응암3동,1,응암로7길 11,594-18,37.5867800000,126.9147790000,2010,,02-351-7944,서울특별시 은평구청,2026-02-26
응암3동,1,응암로7길 8-1,594-8,37.5867730000,126.9150170000,2016,,02-351-7944,서울특별시 은평구청,2026-02-26
응암3동,1,응암로7길 8,594-6,37.5868030000,126.9153110000,2016,,02-351-7944,서울특별시 은평구청,2026-02-26
응암3동,1,응암로7길 5,594-29,37.5865600000,126.9153370000,2016,,02-351-7944,서울특별시 은평구청,2026-02-26
응암3동,1,응암로5길 18,593-38,37.5880300000,126.9194940000,2008,,02-351-7944,서울특별시 은평구청,2026-02-26
응암3동,1,불광천길 294-1,593-21,37.5870130000,126.9137340000,2018,,02-351-7944,서울특별시 은평구청,2026-02-26
응암3동,1,응암로9길 21-2,593-34,37.5874450000,126.9145990000,2016,,02-351-7944,서울특별시 은평구청,2026-02-26
응암3동,1,응암로9길 17,593-2,37.5874140000,126.9141470000,2016,,02-351-7944,서울특별시 은평구청,2026-02-26
응암3동,1,응암로9길 19-13,594-74,37.5870090000,126.9142550000,2008,,02-351-7944,서울특별시 은평구청,2026-02-26
응암3동,1,응암로 163-38,595-39,37.5854290000,126.9178100000,2016,,02-351-7944,서울특별시 은평구청,2026-02-26
응암3동,1,응암로 163-32,595-67,37.5872563900,126.9146785000,2016,,02-351-7944,서울특별시 은평구청,2026-02-26
응암3동,1,응암로9길 15,595-34,37.5922670000,126.9157180000,2016,,02-351-7944,서울특별시 은평구청,2026-02-26
응암3동,1,응암로7길 14,594-78,37.5869680000,126.9146400000,2007,,02-351-7944,서울특별시 은평구청,2026-02-26
응암3동,1,응암로 163-23,594-80,37.5869070000,126.9149470000,2016,,02-351-7944,서울특별시 은평구청,2026-02-26
응암3동,1,응암로 163-26,595-25,37.5838540000,126.9199390000,2018,,02-351-7944,서울특별시 은평구청,2026-02-26
응암3동,1,응암로 163-24,595-23,37.5866240000,126.9145550000,2016,,02-351-7944,서울특별시 은평구청,2026-02-26
응암3동,1,응암로 163-15,594-85,37.5906390000,126.9151300000,2019,,02-351-7944,서울특별시 은평구청,2026-02-26
응암3동,1,응암로 163-9,594-88,37.5868230000,126.9155930000,2007,,02-351-7944,서울특별시 은평구청,2026-02-26
응암3동,1,응암로9길 7-4,595-11,37.5871020000,126.9154990000,,,02-351-7944,서울특별시 은평구청,2026-02-26
응암3동,1,응암로9길 4,598-13,37.5887790000,126.9176370000,2011,,02-351-7944,서울특별시 은평구청,2026-02-26
응암3동,1,응암로9길 6-12,598-4,37.5885660000,126.9159640000,2019,,02-351-7944,서울특별시 은평구청,2026-02-26
응암3동,1,응암로 163-18,595-13,37.5870190000,126.9153410000,2016,,02-351-7944,서울특별시 은평구청,2026-02-26
응암3동,1,응암로9길 11,595-56,37.5873970000,126.9152340000,2007,,02-351-7944,서울특별시 은평구청,2026-02-26
응암3동,1,응암로 163-19,594-96,37.5871870000,126.9149990000,2007,,02-351-7944,서울특별시 은평구청,2026-02-26
응암3동,1,응암로 163-5,594-90,37.5866890000,126.9156860000,2016,,02-351-7944,서울특별시 은평구청,2026-02-26
응암3동,1,응암로9길 6-11,596-1,37.5878710000,126.9158950000,2016,,02-351-7944,서울특별시 은평구청,2026-02-26
응암3동,1,응암로9길 6-11,596-1,37.5875660000,126.9160580000,,,02-351-7944,서울특별시 은평구청,2026-02-26
응암3동,1,응암로9길 10-10,596-23,37.5867170000,126.9187880000,2007,,02-351-7944,서울특별시 은평구청,2026-02-26
응암3동,1,응암로11길 5,597-1,37.5883870000,126.9151860000,2005,,02-351-7944,서울특별시 은평구청,2026-02-26
응암3동,1,응암로 181,598-1,37.5882324200,126.9165871000,,,02-351-7944,서울특별시 은평구청,2026-02-26
응암3동,1,응암로 181,598-1,37.5881470000,126.9164910000,2008,,02-351-7944,서울특별시 은평구청,2026-02-26
응암3동,1,응암로9길 10-21,596-9,37.5878330000,126.9186250000,2010,,02-351-7944,서울특별시 은평구청,2026-02-26
응암3동,1,응암로9길 10-11,596-30,37.5878540000,126.9149670000,2011,,02-351-7944,서울특별시 은평구청,2026-02-26
응암3동,1,응암로9길 16-12,596-20,37.5879750000,126.9154630000,2016,,02-351-7944,서울특별시 은평구청,2026-02-26
응암3동,1,응암로9길 10-20,597-6,37.5881580000,126.9157550000,2021,,02-351-7944,서울특별시 은평구청,2026-02-26
응암3동,1,응암로9길 10-27,596-20,37.5880540000,126.9152020000,2016,,02-351-7944,서울특별시 은평구청,2026-02-26
응암3동,1,응암로9길 16-13,592-83,37.5881310000,126.9147250000,2016,,02-351-7944,서울특별시 은평구청,2026-02-26
응암3동,1,응암로9길 16-13,592-83,37.5882229900,126.9148439000,,,02-351-7944,서울특별시 은평구청,2026-02-26
응암3동,1,응암로11길 9,597-9,37.5883730000,126.9155940000,2011,,02-351-7944,서울특별시 은평구청,2026-02-26
응암3동,1,응암로11길 7,597-7,37.5882750000,126.9157650000,2012,,02-351-7944,서울특별시 은평구청,2026-02-26
응암3동,1,응암로11길 9,597-9,37.5884968400,126.9156379000,2011,,02-351-7944,서울특별시 은평구청,2026-02-26
응암3동,1,응암로9길 10-51,597-38,37.5949910000,126.9170720000,2008,,02-351-7944,서울특별시 은평구청,2026-02-26
응암3동,1,응암로11길 11-4,592-7,37.5839240000,126.9217150000,2007,,02-351-7944,서울특별시 은평구청,2026-02-26
응암3동,1,응암로11길 11,597-26,37.5885060000,126.9153770000,2006,,02-351-7944,서울특별시 은평구청,2026-02-26
응암3동,1,응암로9길 16-9,592-31,37.5880040000,126.9147160000,2016,,02-351-7944,서울특별시 은평구청,2026-02-26
응암3동,1,응암로9길 20-6,592-38,37.5879487900,126.9144987000,2016,,02-351-7944,서울특별시 은평구청,2026-02-26
응암3동,1,응암로9길 20-12,592-42,37.5882110000,126.9146110000,2005,,02-351-7944,서울특별시 은평구청,2026-02-26
응암3동,1,응암로9길 20-4,592-37,37.5878130000,126.9144810000,,,02-351-7944,서울특별시 은평구청,2026-02-26
응암3동,1,응암로9길 20,592-57,37.5877659100,126.9142670000,2020,,02-351-7944,서울특별시 은평구청,2026-02-26
응암3동,1,응암로11길 15,592-2,37.5888180000,126.9150210000,2018,,02-351-7944,서울특별시 은평구청,2026-02-26
응암3동,1,응암로11길 12,599-57,37.5849010000,126.9201500000,2007,,02-351-7944,서울특별시 은평구청,2026-02-26
응암3동,1,응암로11길 10-4,599-40,37.5889520000,126.9159020000,2010,,02-351-7944,서울특별시 은평구청,2026-02-26
응암3동,1,응암로11길 10-16,599-46,37.5891970000,126.9159890000,2016,,02-351-7944,서울특별시 은평구청,2026-02-26
응암3동,1,불광천길 316-7,592-49,37.5880540000,126.9142060000,2018,,02-351-7944,서울특별시 은평구청,2026-02-26
응암3동,1,불광천길 316-5,592-50,37.5881340000,126.9141250000,2016,,02-351-7944,서울특별시 은평구청,2026-02-26
응암3동,1,응암로11길 11-20,592-18,37.5883890000,126.9143480000,2016,,02-351-7944,서울특별시 은평구청,2026-02-26
응암3동,1,응암로11길 11-16,592-15,37.5885080000,126.9145500000,2016,,02-351-7944,서울특별시 은평구청,2026-02-26
응암3동,1,응암로11길 11-13,592-29,37.5883830000,126.9147780000,2016,,02-351-7944,서울특별시 은평구청,2026-02-26
응암3동,1,불광천길 334,591-18,37.5889425100,126.9140260000,2016,,02-351-7944,서울특별시 은평구청,2026-02-26
응암3동,1,가좌로9길 25-1,591-21,37.5892118100,126.9142298000,2016,,02-351-7944,서울특별시 은평구청,2026-02-26
응암3동,1,가좌로9길 21,591-28,37.5892630000,126.9143920000,2018,,02-351-7944,서울특별시 은평구청,2026-02-26
응암3동,1,응암로13길 25,592-76,37.5877990000,126.9197800000,2006,,02-351-7944,서울특별시 은평구청,2026-02-26
응암3동,1,응암로13길 26-2,591-14,37.5837700000,126.9206530000,2020,,02-351-7944,서울특별시 은평구청,2026-02-26
응암3동,1,가좌로9길 23-4,591-26,37.5867830000,126.9181300000,2016,,02-351-7944,서울특별시 은평구청,2026-02-26
응암3동,1,가좌로9길 17-1,591-35,37.5893860000,126.9150010000,2018,,02-351-7944,서울특별시 은평구청,2026-02-26
응암3동,1,가좌로9길 15-2,591-2,37.5902290000,126.9165740000,2017,,02-351-7944,서울특별시 은평구청,2026-02-26
응암3동,1,가좌로9길 15,590-31,37.5896150000,126.9154620000,2004,,02-351-7944,서울특별시 은평구청,2026-02-26
응암3동,1,가좌로9길 16-8,588-29,37.5903570000,126.9148630000,2016,,02-351-7944,서울특별시 은평구청,2026-02-26
응암3동,1,불광천길 368-10,588-31,37.5904500000,126.9150770000,2018,,02-351-7944,서울특별시 은평구청,2026-02-26
응암3동,1,불광천길 368-28,588-1,37.5902150000,126.9159860000,2007,,02-351-7944,서울특별시 은평구청,2026-02-26
응암3동,1,불광천길 388-13,585-37,37.5891730000,126.9163860000,2018,,02-351-7944,서울특별시 은평구청,2026-02-26
응암3동,1,가좌로 241-18,585-24,37.5908440000,126.9148100000,2017,,02-351-7944,서울특별시 은평구청,2026-02-26
응암3동,1,가좌로 241-13,585-30,37.5862530000,126.9212060000,2012,,02-351-7944,서울특별시 은평구청,2026-02-26
응암3동,1,가좌로 241-7,585-32,37.5908269300,126.9155745000,2018,,02-351-7944,서울특별시 은평구청,2026-02-26
응암3동,1,불광천길 388-21,585-33,37.5903980000,126.9153490000,2018,,02-351-7944,서울특별시 은평구청,2026-02-26
응암3동,1,가좌로9길 24-3,587-26,37.5896505500,126.9144191000,2017,,02-351-7944,서울특별시 은평구청,2026-02-26
응암3동,1,가좌로9길 2-47,587-24,37.5889020000,126.9173300000,2017,,02-351-7944,서울특별시 은평구청,2026-02-26
응암3동,1,가좌로9길 24-12,587-3,37.5883050000,126.9199310000,2017,,02-351-7944,서울특별시 은평구청,2026-02-26
응암3동,1,가좌로9길 16-11,587-1,37.5897580000,126.9143730000,2007,,02-351-7944,서울특별시 은평구청,2026-02-26
응암3동,1,불광천길 388-19,585-34,37.5907831400,126.9153044000,2016,,02-351-7944,서울특별시 은평구청,2026-02-26
응암3동,1,가좌로9길 12-13,588-11,37.5899570000,126.9154460000,2007,,02-351-7944,서울특별시 은평구청,2026-02-26
응암3동,1,가좌로9길 11-8,590-22,37.5898980000,126.9158770000,2016,,02-351-7944,서울특별시 은평구청,2026-02-26
응암3동,1,응암로13길 11-7,600-9,37.5888490000,126.9164360000,2007,,02-351-7944,서울특별시 은평구청,2026-02-26
응암3동,1,응암로13길 11-7,600-9,37.5911800000,126.9151570000,,,02-351-7944,서울특별시 은평구청,2026-02-26
응암3동,1,가좌로9길 12-3,588-15,37.5900640000,126.9153200000,2016,,02-351-7944,서울특별시 은평구청,2026-02-26
응암3동,1,가좌로9길 11,590-33,37.5896080000,126.9156660000,2011,,02-351-7944,서울특별시 은평구청,2026-02-26
응암3동,1,가좌로9길 19,591-30,37.5896490000,126.9152470000,2018,,02-351-7944,서울특별시 은평구청,2026-02-26
응암3동,1,가좌로 241-7,585-32,37.5863530000,126.9164380000,2007,,02-351-7944,서울특별시 은평구청,2026-02-26
응암3동,1,가좌로 241-4,585-19,37.5898970000,126.9177340000,2009,,02-351-7944,서울특별시 은평구청,2026-02-26
응암3동,1,불광천길 388-26,586-26,37.5910130000,126.9146720000,2007,,02-351-7944,서울특별시 은평구청,2026-02-26
응암3동,1,불광천길 388-8,586-20,37.5908440000,126.9148100000,2005,,02-351-7944,서울특별시 은평구청,2026-02-26
응암3동,1,불광천길 390-1,585-43,37.5904260000,126.9164020000,2007,,02-351-7944,서울특별시 은평구청,2026-02-26
응암3동,1,불광천길 374-1,586-13,37.5846830000,126.9160890000,2016,,02-351-7944,서울특별시 은평구청,2026-02-26
응암3동,1,불광천길 374,586-14,37.5851220000,126.9177470000,2011,,02-351-7944,서울특별시 은평구청,2026-02-26
응암3동,1,불광천길 368-5,586-11,37.5904051900,126.9145774000,2006,,02-351-7944,서울특별시 은평구청,2026-02-26
응암3동,1,가좌로9길 8,589-6,37.5861380000,126.9214680000,2006,,02-351-7944,서울특별시 은평구청,2026-02-26
응암3동,1,가좌로 239-10,589-16,37.5891990000,126.9201900000,2009,,02-351-7944,서울특별시 은평구청,2026-02-26
응암3동,1,가좌로 239-4,589-13,37.5922670000,126.9157180000,2011,,02-351-7944,서울특별시 은평구청,2026-02-26
응암3동,1,가좌로 239,589-12,37.5902840000,126.9157240000,2018,,02-351-7944,서울특별시 은평구청,2026-02-26
응암3동,1,가좌로9길 231,590-1,37.5908000000,126.9159550000,2022,,02-351-7944,서울특별시 은평구청,2026-02-26
응암3동,1,가좌로9길 231,590-1,37.5842610000,126.9162420000,2007,,02-351-7944,서울특별시 은평구청,2026-02-26
응암3동,1,가좌로9길 5,590-57,37.5899120000,126.9163530000,2018,,02-351-7944,서울특별시 은평구청,2026-02-26
응암3동,1,응암로29길 9,120-51,37.5963340000,126.9180600000,2018,,02-351-7944,서울특별시 은평구청,2026-02-26
응암3동,1,응암로 269,119-1,37.5961020000,126.9183460000,,,02-351-7944,서울특별시 은평구청,2026-02-26
응암3동,1,응암로21가길 28-1,119-4,37.5959020000,126.9182020000,2007,,02-351-7944,서울특별시 은평구청,2026-02-26
응암3동,1,가좌로9길 14-6,588-36,37.5901420000,126.9149220000,2016,,02-351-7944,서울특별시 은평구청,2026-02-26
응암3동,1,가좌로9길 14-8,588-18,37.5850620000,126.9180530000,,,02-351-7944,서울특별시 은평구청,2026-02-26
응암3동,1,응암로21가길 28-1,119-4,37.5961020000,126.9183460000,2007,,02-351-7944,서울특별시 은평구청,2026-02-26
응암3동,1,응암로21가길 26-1,119-9,37.5957340000,126.9184650000,2008,,02-351-7944,서울특별시 은평구청,2026-02-26
응암3동,1,가좌로9길 5-3,590-56,37.5960070000,126.9168300000,2008,,02-351-7944,서울특별시 은평구청,2026-02-26
응암3동,1,,590-48,,,,,02-351-7944,서울특별시 은평구청,2026-02-26
응암3동,1,가좌로9길 5,590-57,37.5840360000,126.9211140000,2016,,02-351-7944,서울특별시 은평구청,2026-02-26
응암3동,1,가좌로 253,585-4,37.5834940000,126.9210200000,2016,,02-351-7944,서울특별시 은평구청,2026-02-26
응암3동,1,가좌로 233,589-1,37.5870730000,126.9202320000,2016,,02-351-7944,서울특별시 은평구청,2026-02-26
응암3동,1,응암로21가길 24,119-14,37.5922670000,126.9157180000,2008,,02-351-7944,서울특별시 은평구청,2026-02-26
응암3동,1,가좌로9길 7-2,590-40,37.5900820000,126.9162820000,2010,,02-351-7944,서울특별시 은평구청,2026-02-26
응암3동,1,응암로 265-1,119-11,37.5952070000,126.9180540000,2016,,02-351-7944,서울특별시 은평구청,2026-02-26
응암3동,1,응암로21가길 22,119-15,37.5956670000,126.9180580000,2005,,02-351-7944,서울특별시 은평구청,2026-02-26
응암3동,1,응암로25길 3,124-33,37.5952410000,126.9177930000,2005,,02-351-7944,서울특별시 은평구청,2026-02-26
응암3동,1,응암로25길 3,119-29,37.5922670000,126.9157180000,2008,,02-351-7944,서울특별시 은평구청,2026-02-26
응암3동,1,응암로21가길 12,124-29,37.5946060000,126.9173600000,2019,,02-351-7944,서울특별시 은평구청,2026-02-26
응암3동,1,응암로25길 5,124-6,37.5951099600,126.9176741000,2019,,02-351-7944,서울특별시 은평구청,2026-02-26
응암3동,1,응암로25길 11,123-40,37.5951770000,126.9167520000,2007,,02-351-7944,서울특별시 은평구청,2026-02-26
응암3동,1,응암로25길 13,123-44,37.5948880000,126.9166770000,2019,,02-351-7944,서울특별시 은평구청,2026-02-26
응암3동,1,응암로21가길 11-9,123-47,37.5942930000,126.9175460000,2008,,02-351-7944,서울특별시 은평구청,2026-02-26
응암3동,1,응암로25길 15,123-2,37.5922670000,126.9157180000,2018,,02-351-7944,서울특별시 은평구청,2026-02-26
응암3동,1,응암로29길 11-5,120-2,37.5848270000,126.9179550000,2018,,02-351-7944,서울특별시 은평구청,2026-02-26
응암3동,1,응암로29길 11-11,120-7,37.5957000000,126.9177520000,2015,,02-351-7944,서울특별시 은평구청,2026-02-26
응암3동,1,응암로29길 11-15,120-11,37.5953990000,126.9173490000,2007,,02-351-7944,서울특별시 은평구청,2026-02-26
응암3동,1,응암로29길 11-20,120-46,37.5922670000,126.9157180000,2008,,02-351-7944,서울특별시 은평구청,2026-02-26
응암3동,1,응암로25길 12-8,120-31,37.5954810000,126.9174830000,2008,,02-351-7944,서울특별시 은평구청,2026-02-26
응암3동,1,응암로25길 8,120-22,37.5956360000,126.9166770000,2004,,02-351-7944,서울특별시 은평구청,2026-02-26
응암3동,1,응암로25길 12-4,120-33,37.5957500000,126.9173100000,,,02-351-7944,서울특별시 은평구청,2026-02-26
응암3동,1,응암로25길 16-11,121-15,37.5956850000,126.9170500000,2008,,02-351-7944,서울특별시 은평구청,2026-02-26
응암3동,1,응암로25길 16-5,121-25,37.5956800000,126.9165410000,,,02-351-7944,서울특별시 은평구청,2026-02-26
응암3동,1,응암로29길 15-16,121-56,37.5957560000,126.9159960000,2017,,02-351-7944,서울특별시 은평구청,2026-02-26
응암3동,1,불광천길 410-14,584-52,37.5919320000,126.9155420000,2017,,02-351-7944,서울특별시 은평구청,2026-02-26
응암3동,1,불광천길 410-22,584-60,37.5880150000,126.9188480000,2006,,02-351-7944,서울특별시 은평구청,2026-02-26
응암3동,1,응암로25길 15-5,123-4,37.5951049500,126.9165521000,2016,,02-351-7944,서울특별시 은평구청,2026-02-26
응암3동,1,응암로21가길 9-7,126-1,37.5945990000,126.9166130000,2009,,02-351-7944,서울특별시 은평구청,2026-02-26
응암3동,1,응암로21가길 9-7,126-1,37.5945600000,126.9162170000,2017,,02-351-7944,서울특별시 은평구청,2026-02-26
응암3동,1,응암로21가길 12,124-29,37.5947240000,126.9174150000,,,02-351-7944,서울특별시 은평구청,2026-02-26
응암3동,1,응암로21가길 10-1,124-30,37.5949440000,126.9178200000,2016,,02-351-7944,서울특별시 은평구청,2026-02-26
응암3동,1,응암로21가길 7,126-45,37.5945879700,126.9169227000,2016,,02-351-7944,서울특별시 은평구청,2026-02-26
응암3동,1,응암로21가길 9-14,123-12,37.5922670000,126.9157180000,2007,,02-351-7944,서울특별시 은평구청,2026-02-26
응암3동,1,응암로21가길 9-14,123-12,37.5948443600,126.9163259000,2006,,02-351-7944,서울특별시 은평구청,2026-02-26
응암3동,1,응암로25길 17-3,123-9,37.5890120000,126.9155500000,2016,,02-351-7944,서울특별시 은평구청,2026-02-26
응암3동,1,응암로25길 21-4,123-23,37.5951690000,126.9158010000,2009,,02-351-7944,서울특별시 은평구청,2026-02-26
응암3동,1,응암로29길 15-10,121-54,37.5959830000,126.9171360000,2009,,02-351-7944,서울특별시 은평구청,2026-02-26
응암3동,1,응암로29길 19-11,121-12,37.5954770000,126.9179820000,2022,,02-351-7944,서울특별시 은평구청,2026-02-26
응암3동,1,응암로29길 19-7,121-49,37.5894500000,126.9151360000,2022,,02-351-7944,서울특별시 은평구청,2026-02-26
응암3동,1,응암로11길 14-2,599-67,37.5893600000,126.9190440000,2015,,02-351-7944,서울특별시 은평구청,2026-02-26
응암3동,1,응암로29길 19-5,121-48,37.5965021600,126.9169217000,2016,,02-351-7944,서울특별시 은평구청,2026-02-26
응암3동,1,은평로4길 34,122-41,37.5961020000,126.9164210000,2011,,02-351-7944,서울특별시 은평구청,2026-02-26
응암3동,1,은평로4길 38,122-43,37.5954520000,126.9162610000,2022,,02-351-7944,서울특별시 은평구청,2026-02-26
응암3동,1,은평로4길 41,121-26,37.5922670000,126.9157180000,2019,,02-351-7944,서울특별시 은평구청,2026-02-26
응암3동,1,응암로25길 18,121-34,37.5922670000,126.9157180000,,,02-351-7944,서울특별시 은평구청,2026-02-26
응암3동,1,응암로25길 17-1,123-14,37.5949560000,126.9161550000,2011,,02-351-7944,서울특별시 은평구청,2026-02-26
응암3동,1,은평로4길 42,122-48,37.5922670000,126.9157180000,2019,,02-351-7944,서울특별시 은평구청,2026-02-26
응암3동,1,응암로29길 23-6,122-56,37.5852320000,126.9208810000,2010,,02-351-7944,서울특별시 은평구청,2026-02-26
응암3동,1,은평로4길 32,122-18,37.5966592300,126.9166300000,2016,,02-351-7944,서울특별시 은평구청,2026-02-26
응암3동,1,,122-4,,,2009,,02-351-7944,서울특별시 은평구청,2026-02-26
응암3동,1,응암로25길 22-6,122-23,37.5959710000,126.9158570000,2016,,02-351-7944,서울특별시 은평구청,2026-02-26
응암3동,1,불광천길 496,122-28,37.5963550000,126.9164970000,2014,,02-351-7944,서울특별시 은평구청,2026-02-26
응암3동,1,응암로25길 3-15,124-14,37.5940910000,126.9171530000,2007,,02-351-7944,서울특별시 은평구청,2026-02-26
응암3동,1,응암로21가길 8,125-1,37.5944641900,126.9170223000,2016,,02-351-7944,서울특별시 은평구청,2026-02-26
응암3동,1,가좌로 244-16,584-26,37.5914300000,126.9158890000,2018,,02-351-7944,서울특별시 은평구청,2026-02-26
응암3동,1,불광천길 486,122-32,37.5956309200,126.9157089000,2018,,02-351-7944,서울특별시 은평구청,2026-02-26
응암3동,1,불광천길 482,123-25,37.5953570000,126.9156730000,,,02-351-7944,서울특별시 은평구청,2026-02-26
응암3동,1,불광천길 482,123-45,37.5922670000,126.9157180000,2004,,02-351-7944,서울특별시 은평구청,2026-02-26
응암3동,1,불광천길 470-1,123-31,37.5922670000,126.9157180000,2023,,02-351-7944,서울특별시 은평구청,2026-02-26
응암3동,1,불광천길 470-5,123-29,37.5951080000,126.9171040000,2019,,02-351-7944,서울특별시 은평구청,2026-02-26
응암3동,1,응암로21가길 1-7,126-12,37.5875720000,126.9156500000,2023,,02-351-7944,서울특별시 은평구청,2026-02-26
응암3동,1,불광천길 462-14,126-34,37.5942950000,126.9158470000,2023,,02-351-7944,서울특별시 은평구청,2026-02-26
응암3동,1,불광천길 462-13,126-13,37.5868220000,126.9154350000,2016,,02-351-7944,서울특별시 은평구청,2026-02-26
응암3동,1,응암로21길 18-1,126-37,37.5944370000,126.9166150000,2005,,02-351-7944,서울특별시 은평구청,2026-02-26
응암3동,1,불광천길 442-5,579-24,37.5939190000,126.9161130000,,,02-351-7944,서울특별시 은평구청,2026-02-26
응암3동,1,응암로21길 8,124-20,37.5941126200,126.9171593000,2016,,02-351-7944,서울특별시 은평구청,2026-02-26
응암3동,1,응암로21길 8,124-20,37.5947240000,126.9174150000,2008,,02-351-7944,서울특별시 은평구청,2026-02-26
응암3동,1,응암로21가길 4,125-11,37.5943104000,126.9167299000,2004,,02-351-7944,서울특별시 은평구청,2026-02-26
응암3동,1,응암로21길 12,125-12,37.5945990000,126.9166130000,2016,,02-351-7944,서울특별시 은평구청,2026-02-26
응암3동,1,불광천길 462,126-26,37.5945679400,126.9154925000,2016,,02-351-7944,서울특별시 은평구청,2026-02-26
응암3동,1,불광천길 450-8,579-22,37.5939017600,126.9155029000,2016,,02-351-7944,서울특별시 은평구청,2026-02-26
응암3동,1,불광천길 442-12,580-1,37.5935611000,126.9157123000,2019,,02-351-7944,서울특별시 은평구청,2026-02-26
응암3동,1,가좌로10길 29-18,579-15,37.5935929500,126.9159723000,2007,,02-351-7944,서울특별시 은평구청,2026-02-26
응암3동,1,가좌로10길 29-18,579-15,37.5922670000,126.9157180000,2016,,02-351-7944,서울특별시 은평구청,2026-02-26
응암3동,1,응암로21길 11-22,579-50,37.5938380000,126.9161030000,2011,,02-351-7944,서울특별시 은평구청,2026-02-26
응암3동,1,불광천길 442-5,579-24,37.5937007900,126.9154131000,2022,,02-351-7944,서울특별시 은평구청,2026-02-26
응암3동,1,가좌로10길 29-12,579-12,37.5935660000,126.9159490000,2016,,02-351-7944,서울특별시 은평구청,2026-02-26
응암3동,1,가좌로10길 29-35,581-18,37.5865930000,126.9150420000,2018,,02-351-7944,서울특별시 은평구청,2026-02-26
응암3동,1,가좌로10길 29-29,581-22,37.5930130000,126.9165110000,2008,,02-351-7944,서울특별시 은평구청,2026-02-26
응암3동,1,가좌로10길 29,579-7,37.5935700000,126.9164010000,2016,,02-351-7944,서울특별시 은평구청,2026-02-26
응암3동,1,가좌로10길 29-3,581-1,37.5931620000,126.9161360000,,,02-351-7944,서울특별시 은평구청,2026-02-26
응암3동,1,가좌로10길 30,578-81,37.5935590000,126.9170920000,2008,,02-351-7944,서울특별시 은평구청,2026-02-26
응암3동,1,가좌로10길 32-1,578-87,37.5936530000,126.9175100000,2007,,02-351-7944,서울특별시 은평구청,2026-02-26
응암3동,1,가좌로10길 25,581-4,37.5858120000,126.9173630000,2019,,02-351-7944,서울특별시 은평구청,2026-02-26
응암3동,1,가좌로10길 21-1,582-1,37.5925510000,126.9162460000,2016,,02-351-7944,서울특별시 은평구청,2026-02-26
응암3동,1,응암로21길 11-20,579-47,37.5938520000,126.9157290000,2016,,02-351-7944,서울특별시 은평구청,2026-02-26
응암3동,1,응암로21길 11-14,579-39,37.5939525800,126.9161855000,2016,,02-351-7944,서울특별시 은평구청,2026-02-26
응암3동,1,응암로21길 11-14,579-39,37.5938730000,126.9159890000,2011,,02-351-7944,서울특별시 은평구청,2026-02-26
응암3동,1,응암로21길 11-9,579-57,37.5938330000,126.9165560000,2016,,02-351-7944,서울특별시 은평구청,2026-02-26
응암3동,1,응암로21길 11-5,579-60,37.5930550000,126.9152540000,2016,,02-351-7944,서울특별시 은평구청,2026-02-26
응암3동,1,응암로21길 9,579-62,37.5899170000,126.9179260000,2016,,02-351-7944,서울특별시 은평구청,2026-02-26
응암3동,1,응암로21길 5-1,578-90,37.5939171400,126.9172296000,2008,,02-351-7944,서울특별시 은평구청,2026-02-26
응암3동,1,응암로21길 1-5,578-93,37.5934390000,126.9168340000,2016,,02-351-7944,서울특별시 은평구청,2026-02-26
응암3동,1,응암로 235-14,578-9,37.5928210000,126.9172620000,2019,,02-351-7944,서울특별시 은평구청,2026-02-26
응암3동,1,가좌로10길 21-35,582-29,37.5922470000,126.9165560000,2006,,02-351-7944,서울특별시 은평구청,2026-02-26
응암3동,1,가좌로10길 21-45,582-27,37.5928390000,126.9162310000,2018,,02-351-7944,서울특별시 은평구청,2026-02-26
응암3동,1,가좌로10길 21-25,582-25,37.5929180000,126.9159810000,2010,,02-351-7944,서울특별시 은평구청,2026-02-26
응암3동,1,가좌로10길 21-13,582-22,37.5930320000,126.9156960000,2007,,02-351-7944,서울특별시 은평구청,2026-02-26
응암3동,1,가좌로10길 21-19,582-20,37.5926940000,126.9161540000,2019,,02-351-7944,서울특별시 은평구청,2026-02-26
응암3동,1,불광천길 442-35,582-17,37.5929860000,126.9155490000,2016,,02-351-7944,서울특별시 은평구청,2026-02-26
응암3동,1,불광천길 442-35,582-17,37.5949960000,126.9175920000,2016,,02-351-7944,서울특별시 은평구청,2026-02-26
응암3동,1,불광천길 420-13,582-11,37.5927450000,126.9158470000,2016,,02-351-7944,서울특별시 은평구청,2026-02-26
응암3동,1,불광천길 420-6,583-38,37.5924420000,126.9152510000,2006,,02-351-7944,서울특별시 은평구청,2026-02-26
응암3동,1,불광천길 420-8,583-39,37.5923920000,126.9156480000,2016,,02-351-7944,서울특별시 은평구청,2026-02-26
응암3동,1,응암로 231-1(윤스빌),578-20,37.5930920000,126.9173370000,2016,,02-351-7944,서울특별시 은평구청,2026-02-26
응암3동,1,응암로 235-8,578-6,37.5925520000,126.9174010000,2007,,02-351-7944,서울특별시 은평구청,2026-02-26
응암3동,1,가좌로10길 23,581-5,37.5871860000,126.9198000000,2016,,02-351-7944,서울특별시 은평구청,2026-02-26
응암3동,1,응암로 229-2,578-23,37.5924240000,126.9171880000,2007,,02-351-7944,서울특별시 은평구청,2026-02-26
응암3동,1,응암로 229-3,578-32,37.5923340000,126.9171330000,2019,,02-351-7944,서울특별시 은평구청,2026-02-26
응암3동,1,가좌로10길 20,578-63,37.5922670000,126.9157180000,,,02-351-7944,서울특별시 은평구청,2026-02-26
응암3동,1,가좌로10길 18-1,578-61,37.5924750000,126.9168020000,2019,,02-351-7944,서울특별시 은평구청,2026-02-26
응암3동,1,가좌로10길 17-4,582-5,37.5870090000,126.9142550000,2019,,02-351-7944,서울특별시 은평구청,2026-02-26
응암3동,1,가좌로10길 17-7,583-50,37.5923630000,126.9154560000,2006,,02-351-7944,서울특별시 은평구청,2026-02-26
응암3동,1,가좌로10길 10-20,583-11,37.5923360000,126.9154230000,2017,,02-351-7944,서울특별시 은평구청,2026-02-26
응암3동,1,가좌로10길 11-14,583-10,37.5921830000,126.9164220000,2006,,02-351-7944,서울특별시 은평구청,2026-02-26
응암3동,1,가좌로10길 17-10,582-7,37.5926260000,126.9155880000,2007,,02-351-7944,서울특별시 은평구청,2026-02-26
응암3동,1,불광천길 420-12,583-55,37.5918320000,126.9164720000,2019,,02-351-7944,서울특별시 은평구청,2026-02-26
응암3동,1,불광천길 420-14,583-40,37.5923990000,126.9163730000,2019,,02-351-7944,서울특별시 은평구청,2026-02-26
응암3동,1,불광천길 442-39,582-15,37.5927960000,126.9154840000,2019,,02-351-7944,서울특별시 은평구청,2026-02-26
응암3동,1,가좌로 244-18,584-57,37.5919160000,126.9158030000,2019,,02-351-7944,서울특별시 은평구청,2026-02-26
응암3동,1,가좌로 244-18,584-57,37.5918982400,126.9161784000,2019,,02-351-7944,서울특별시 은평구청,2026-02-26
응암3동,1,가좌로 244-10,584-21,37.5918020000,126.9161890000,2019,,02-351-7944,서울특별시 은평구청,2026-02-26
응암3동,1,가좌로 244-10,584-36,37.5900820000,126.9162820000,2016,,02-351-7944,서울특별시 은평구청,2026-02-26
응암3동,1,가좌로 244-3,584-36,37.5915820000,126.9157170000,2006,,02-351-7944,서울특별시 은평구청,2026-02-26
응암3동,1,응암로 211-2,577-37,37.5850350000,126.9161060000,2016,,02-351-7944,서울특별시 은평구청,2026-02-26
응암3동,1,응암로 209-1,577-34,37.5909970000,126.9167560000,2007,,02-351-7944,서울특별시 은평구청,2026-02-26
응암3동,1,가좌로10길 15-1,583-2,37.5922670000,126.9157180000,2005,,02-351-7944,서울특별시 은평구청,2026-02-26
응암3동,1,응암로 225-5,578-45,37.5920640000,126.9172610000,2016,,02-351-7944,서울특별시 은평구청,2026-02-26
응암3동,1,응암로 225-1,578-47,37.5919190000,126.9171610000,2016,,02-351-7944,서울특별시 은평구청,2026-02-26
응암3동,1,가좌로10길 11-1,584-1,37.5915820000,126.9167020000,2011,,02-351-7944,서울특별시 은평구청,2026-02-26
응암3동,1,응암로 221-9,577-71,37.5928210000,126.9172620000,,,02-351-7944,서울특별시 은평구청,2026-02-26
응암3동,1,응암로 221-2,578-51,37.5922400000,126.9168060000,2016,,02-351-7944,서울특별시 은평구청,2026-02-26
응암3동,1,가좌로10길 10,577-57,37.5916500000,126.9163270000,2020,,02-351-7944,서울특별시 은평구청,2026-02-26
응암3동,1,가좌로10길 7,584-5,37.5912620000,126.9162420000,2011,,02-351-7944,서울특별시 은평구청,2026-02-26
응암3동,1,가좌로10길 5,584-8,37.5914860000,126.9160920000,,,02-351-7944,서울특별시 은평구청,2026-02-26
응암3동,1,가좌로 256,584-50,37.5919750000,126.9153830000,,,02-351-7944,서울특별시 은평구청,2026-02-26
응암3동,1,,577-24,37.5909140000,126.9165640000,,,02-351-7944,서울특별시 은평구청,2026-02-26
응암3동,1,응암로 213-1,577-38,37.5917730000,126.9169140000,,,02-351-7944,서울특별시 은평구청,2026-02-26
응암3동,1,가좌로 212-5,325-2,37.5899400000,126.9185150000,2006,,02-351-7944,서울특별시 은평구청,2026-02-26
응암3동,1,가좌로 212-5,325-2,37.5896510000,126.9184400000,2016,,02-351-7944,서울특별시 은평구청,2026-02-26
응암3동,1,가좌로 212-5,325-2,37.5895740000,126.9188150000,2018,,02-351-7944,서울특별시 은평구청,2026-02-26
응암3동,1,가좌로 212-5,326-10,37.5896033000,126.9183311000,2016,,02-351-7944,서울특별시 은평구청,2026-02-26
응암3동,1,가좌로 210-1(문화예술정보학교),335-3,37.5892490000,126.9197140000,2016,,02-351-7944,서울특별시 은평구청,2026-02-26
응암3동,1,가좌로 210-3,335-14,37.5895236000,126.9187006000,,,02-351-7944,서울특별시 은평구청,2026-02-26
응암3동,1,가좌로 222-2,323-13,37.5899400000,126.9185150000,2016,,02-351-7944,서울특별시 은평구청,2026-02-26
응암3동,1,응암로14길 26,337-70,37.5896272700,126.9199723000,2016,,02-351-7944,서울특별시 은평구청,2026-02-26
응암3동,1,응암로14길 14,334-32,37.5899765500,126.9189907000,2020,,02-351-7944,서울특별시 은평구청,2026-02-26
응암3동,1,응암로14길 22-2,334-13,37.5897191500,126.9195022000,2004,,02-351-7944,서울특별시 은평구청,2026-02-26
응암3동,1,응암로14길 26,337-70,37.5896272700,126.9199723000,2008,,02-351-7944,서울특별시 은평구청,2026-02-26
응암3동,1,응암로14길 24-17,337-78,37.5851570000,126.9205650000,2008,,02-351-7944,서울특별시 은평구청,2026-02-26
응암3동,1,가좌로 208,334-12,37.5922670000,126.9157180000,,,02-351-7944,서울특별시 은평구청,2026-02-26
응암3동,1,응암로14길 24-19,337-8,37.5878710000,126.9158950000,,,02-351-7944,서울특별시 은평구청,2026-02-26
응암3동,1,가좌로 208,592-83,37.5896870000,126.9193450000,,,02-351-7944,서울특별시 은평구청,2026-02-26
응암3동,1,가좌로 208,334-12,37.5922670000,126.9157180000,2016,,02-351-7944,서울특별시 은평구청,2026-02-26
응암3동,1,가좌로 204,338-78,37.5888341700,126.9190399000,,,02-351-7944,서울특별시 은평구청,2026-02-26
응암3동,1,가좌로 202-17,337-55,37.5885800000,126.9185680000,2016,,02-351-7944,서울특별시 은평구청,2026-02-26
응암3동,1,응암로14길 28-19,338-72,37.5888400000,126.9203080000,2016,,02-351-7944,서울특별시 은평구청,2026-02-26
응암3동,1,응암로14길 28-19,338-72,37.5892481600,126.9201807000,2016,,02-351-7944,서울특별시 은평구청,2026-02-26
응암3동,1,응암로14길 28-21,338-73,37.5908240000,126.9156370000,2007,,02-351-7944,서울특별시 은평구청,2026-02-26
응암3동,1,응암로14길 24-7,337-74,37.5922670000,126.9157180000,2018,,02-351-7944,서울특별시 은평구청,2026-02-26
응암3동,1,응암로14길 24-3,337-72,37.5892050000,126.9198960000,2016,,02-351-7944,서울특별시 은평구청,2026-02-26
응암3동,1,가좌로6길 31,339-5,37.5889954200,126.9207217000,2016,,02-351-7944,서울특별시 은평구청,2026-02-26
응암3동,1,가좌로6길 29,339-10,37.5888302600,126.9207062000,2016,,02-351-7944,서울특별시 은평구청,2026-02-26
응암3동,1,가좌로6길 27-1,339-11,37.5887206400,126.9206532000,2022,,02-351-7944,서울특별시 은평구청,2026-02-26
응암3동,1,가좌로6길 27,339-12,37.5882370000,126.9204640000,,,02-351-7944,서울특별시 은평구청,2026-02-26
응암3동,1,가좌로6길 23,287-36,37.5882825900,126.9205293000,,,02-351-7944,서울특별시 은평구청,2026-02-26
응암3동,1,가좌로6길 21-1,285-1,37.5878140000,126.9205160000,,,02-351-7944,서울특별시 은평구청,2026-02-26
응암3동,1,가좌로 188-8,285-93,37.5883320000,126.9199760000,,,02-351-7944,서울특별시 은평구청,2026-02-26
응암3동,1,가좌로 188-4,285-7,37.5922670000,126.9157180000,2018,,02-351-7944,서울특별시 은평구청,2026-02-26
응암3동,1,가좌로 188-2,748-1,37.5878670000,126.9204130000,,,02-351-7944,서울특별시 은평구청,2026-02-26
응암3동,1,가좌로6길 17-3,673-5,37.5873790000,126.9212350000,2008,,02-351-7944,서울특별시 은평구청,2026-02-26
응암3동,1,응암로14길 28-25,338-43,37.5892740000,126.9204830000,2008,,02-351-7944,서울특별시 은평구청,2026-02-26
응암3동,1,가좌로 202-37,338-82,37.5883780000,126.9200890000,2018,,02-351-7944,서울특별시 은평구청,2026-02-26
응암3동,1,가좌로 202-27,338-36,37.5890730000,126.9202140000,2016,,02-351-7944,서울특별시 은평구청,2026-02-26
응암3동,1,가좌로 202-25,337-88,37.5889290300,126.9200215000,2000,,02-351-7944,서울특별시 은평구청,2026-02-26
응암3동,1,가좌로6길 25-3,339-18,37.5886061800,126.9204102000,2004,,02-351-7944,서울특별시 은평구청,2026-02-26
응암3동,1,가좌로 202-24,337-49,37.5888885700,126.9197162000,2015,,02-351-7944,서울특별시 은평구청,2026-02-26
응암3동,1,가좌로6길 25-5,339-17,37.5887008900,126.9204931000,2016,,02-351-7944,서울특별시 은평구청,2026-02-26
응암3동,1,가좌로6길 25-9,339-15,37.5889372300,126.9205321000,2015,,02-351-7944,서울특별시 은평구청,2026-02-26
응암3동,1,가좌로 196-1,287-18,37.5882790000,126.9200670000,2022,,02-351-7944,서울특별시 은평구청,2026-02-26
응암3동,1,가좌로6길 25-15,339-6,37.5891649700,126.9206026000,2007,,02-351-7944,서울특별시 은평구청,2026-02-26
응암3동,1,가좌로6길 23-11,287-24,37.5882370000,126.9204640000,2016,,02-351-7944,서울특별시 은평구청,2026-02-26
응암3동,1,가좌로6길 23,287-36,37.5900360000,126.9181510000,2016,,02-351-7944,서울특별시 은평구청,2026-02-26
응암3동,1,가좌로6길 9-3,674-4,37.5873790000,126.9212350000,2016,,02-351-7944,서울특별시 은평구청,2026-02-26
응암3동,1,가좌로 176-2,674-14,37.5877700000,126.9216150000,2016,,02-351-7944,서울특별시 은평구청,2026-02-26
응암3동,1,가좌로 178,674-12,37.5870210000,126.9214670000,,,02-351-7944,서울특별시 은평구청,2026-02-26
응암3동,1,가좌로 176-1,674-17,37.5869680000,126.9215920000,,,02-351-7944,서울특별시 은평구청,2026-02-26
응암3동,1,가좌로6길 9-3,674-4,37.5846700000,126.9204930000,2016,,02-351-7944,서울특별시 은평구청,2026-02-26
응암3동,1,가좌로6길 9-3,674-4,37.5870550000,126.9212290000,2016,,02-351-7944,서울특별시 은평구청,2026-02-26
응암3동,1,가좌로6길 12-7,244-219,37.5922670000,126.9157180000,2018,,02-351-7944,서울특별시 은평구청,2026-02-26
응암3동,1,가좌로6길 12-13,244-216,37.5878976400,126.9222131000,,,02-351-7944,서울특별시 은평구청,2026-02-26
응암3동,1,가좌로 202-38,338-90,37.5909030000,126.9173460000,,,02-351-7944,서울특별시 은평구청,2026-02-26
응암3동,1,가좌로6길 19(응암초교 정문),673-1,37.5893570000,126.9187270000,2004,,02-351-7944,서울특별시 은평구청,2026-02-26
응암3동,1,가좌로6길 17-1,673-4,37.5878050000,126.9214440000,2016,,02-351-7944,서울특별시 은평구청,2026-02-26
응암3동,1,가좌로6길 14,281-17,37.5873790000,126.9212350000,2016,,02-351-7944,서울특별시 은평구청,2026-02-26
응암3동,1,가좌로6길 14-2(응암초교),281-27,37.5878430000,126.9207300000,2016,,02-351-7944,서울특별시 은평구청,2026-02-26
응암3동,1,가좌로6길 12,244-221,37.5876809700,126.9216800000,2016,,02-351-7944,서울특별시 은평구청,2026-02-26
응암3동,1,가좌로6길 12,244-221,37.5876809700,126.9216800000,2016,,02-351-7944,서울특별시 은평구청,2026-02-26
응암3동,1,가좌로6길 9,674-7,37.5862460000,126.9224070000,2016,,02-351-7944,서울특별시 은평구청,2026-02-26
응암3동,1,가좌로6길 8,675-1,37.5922670000,126.9157180000,2016,,02-351-7944,서울특별시 은평구청,2026-02-26
응암3동,1,가좌로6길 8,675-1,37.5872732500,126.9217457000,2016,,02-351-7944,서울특별시 은평구청,2026-02-26
응암3동,1,가좌로6길 8-7,672-6,37.5874590800,126.9220407000,2016,,02-351-7944,서울특별시 은평구청,2026-02-26
응암3동,1,백련산로 19-8,672-16,37.5873738100,126.9222831000,2016,,02-351-7944,서울특별시 은평구청,2026-02-26
응암3동,1,백련산로 19-11,676-5,37.5869740000,126.9222600000,2016,,02-351-7944,서울특별시 은평구청,2026-02-26
응암3동,1,백련산로 9-10,676-19,37.5864900000,126.9225500000,2006,,02-351-7944,서울특별시 은평구청,2026-02-26
응암3동,1,백련산로 9,676-20,37.5878130000,126.9154090000,2022,,02-351-7944,서울특별시 은평구청,2026-02-26
응암3동,1,가좌로5길 8,678-6,37.5862640000,126.9155000000,2006,,02-351-7944,서울특별시 은평구청,2026-02-26
응암3동,1,가좌로5길 8,678-6,37.5885090000,126.9176520000,2011,,02-351-7944,서울특별시 은평구청,2026-02-26
응암3동,1,가좌로5길 10,678-2,37.5866760000,126.9202040000,2016,,02-351-7944,서울특별시 은평구청,2026-02-26
응암3동,1,가좌로5길 12-1,747-16,37.5922670000,126.9157180000,2016,,02-351-7944,서울특별시 은평구청,2026-02-26
응암3동,1,가좌로 169-1,747-15,37.5867200000,126.9190600000,2016,,02-351-7944,서울특별시 은평구청,2026-02-26
응암3동,1,가좌로5길 12-1,747-18,37.5862270000,126.9213310000,,,02-351-7944,서울특별시 은평구청,2026-02-26
응암3동,1,가좌로5길 12-1,747-18,37.5884910000,126.9176070000,2017,,02-351-7944,서울특별시 은평구청,2026-02-26
응암3동,1,가좌로5길 16-1,747-8,37.5894550000,126.9156340000,2017,,02-351-7944,서울특별시 은평구청,2026-02-26
응암3동,1,가좌로5길 18,747-26,37.5922670000,126.9157180000,2016,,02-351-7944,서울특별시 은평구청,2026-02-26
응암3동,1,가좌로5길 20,747-27,37.5922670000,126.9157180000,2016,,02-351-7944,서울특별시 은평구청,2026-02-26
응암3동,1,가좌로 187-4,745-5,37.5873967200,126.9202084000,2009,,02-351-7944,서울특별시 은평구청,2026-02-26
응암3동,1,가좌로7길 6-2,745-13,37.5847300000,126.9201530000,2016,,02-351-7944,서울특별시 은평구청,2026-02-26
응암3동,1,가좌로7길 6-2,745-13,37.5930410000,126.9167030000,2016,,02-351-7944,서울특별시 은평구청,2026-02-26
응암3동,1,가좌로6길 7,674-15,37.5899400000,126.9185150000,2016,,02-351-7944,서울특별시 은평구청,2026-02-26
응암3동,1,가좌로6길 3-1,674-18,37.5871770000,126.9217590000,2016,,02-351-7944,서울특별시 은평구청,2026-02-26
응암3동,1,가좌로6길 2,675-10,37.5871560000,126.9214080000,2006,,02-351-7944,서울특별시 은평구청,2026-02-26
응암3동,1,백련산로 9-35,675-2,37.5871785700,126.9219638000,2008,,02-351-7944,서울특별시 은평구청,2026-02-26
응암3동,1,백련산로 9-18,676-13,37.5867670000,126.9222970000,2005,,02-351-7944,서울특별시 은평구청,2026-02-26
응암3동,1,백련산로 9-19,675-13,37.5871320000,126.9178310000,2010,,02-351-7944,서울특별시 은평구청,2026-02-26
응암3동,1,가좌로 164,677-1,37.5867460000,126.9219460000,2022,,02-351-7944,서울특별시 은평구청,2026-02-26
응암3동,1,가좌로5길 5,272-113,37.5849660000,126.9214290000,2016,,02-351-7944,서울특별시 은평구청,2026-02-26
응암3동,1,,678-5,37.5865460000,126.9167750000,2016,,02-351-7944,서울특별시 은평구청,2026-02-26
응암3동,1,가좌로5길 5,272-113,37.5849660000,126.9214290000,2016,,02-351-7944,서울특별시 은평구청,2026-02-26
응암3동,1,가좌로5길 5,272-113,37.5849660000,126.9214290000,2008,,02-351-7944,서울특별시 은평구청,2026-02-26
응암3동,1,가좌로5길 5,272-113,37.5874760000,126.9189470000,2008,,02-351-7944,서울특별시 은평구청,2026-02-26
응암3동,1,가좌로5길 5,272-113,37.5849660000,126.9214290000,2011,,02-351-7944,서울특별시 은평구청,2026-02-26
응암3동,1,가좌로7길 3-7,747-3,37.5871870000,126.9198790000,2007,,02-351-7944,서울특별시 은평구청,2026-02-26
응암3동,1,가좌로7길 36,747-2,37.5880540000,126.9152020000,2007,,02-351-7944,서울특별시 은평구청,2026-02-26
응암3동,1,가좌로 179,747-2,37.5864590000,126.9190750000,2011,,02-351-7944,서울특별시 은평구청,2026-02-26
응암3동,1,응암로12길 29,745-12,37.5882780000,126.9151080000,2018,,02-351-7944,서울특별시 은평구청,2026-02-26
응암3동,1,응암로12길 23-9,749-64,37.5873939500,126.9195066000,2018,,02-351-7944,서울특별시 은평구청,2026-02-26
응암3동,1,응암로12길 23-9,749-65,37.5838990000,126.9180360000,2011,,02-351-7944,서울특별시 은평구청,2026-02-26
응암3동,1,가좌로 189-10,749-15,37.5876510000,126.9194080000,2006,,02-351-7944,서울특별시 은평구청,2026-02-26
응암3동,1,가좌로 187-3,745-8,37.5870920000,126.9183860000,2021,,02-351-7944,서울특별시 은평구청,2026-02-26
응암3동,1,가좌로 189-11,749-24,37.5878020000,126.9191910000,2022,,02-351-7944,서울특별시 은평구청,2026-02-26
응암3동,1,가좌로 189-15,749-28,37.5878920000,126.9190990000,2005,,02-351-7944,서울특별시 은평구청,2026-02-26
응암3동,1,가좌로 189-14,749-29,37.5871870000,126.9198790000,2019,,02-351-7944,서울특별시 은평구청,2026-02-26
응암3동,1,가좌로 191-15,749-39,37.5878360000,126.9209000000,2005,,02-351-7944,서울특별시 은평구청,2026-02-26
응암3동,1,가좌로 191-17,749-40,37.5880770000,126.9186780000,2016,,02-351-7944,서울특별시 은평구청,2026-02-26
응암3동,1,가좌로 191-21,749-44,37.5891500000,126.9197490000,2004,,02-351-7944,서울특별시 은평구청,2026-02-26
응암3동,1,응암로12길 11-14,749-42,37.5834710000,126.9195250000,2018,,02-351-7944,서울특별시 은평구청,2026-02-26
응암3동,1,가좌로 205-1,719-6,37.5882540000,126.9183350000,2016,,02-351-7944,서울특별시 은평구청,2026-02-26
응암3동,1,가좌로 203,749-70,37.5868580000,126.9203710000,2007,,02-351-7944,서울특별시 은평구청,2026-02-26
응암3동,1,응암로12길 11-11,719-11,37.5881810000,126.9182800000,2006,,02-351-7944,서울특별시 은평구청,2026-02-26
응암3동,1,응암로12길 23-22,749-33,37.5876767500,126.9191023000,2006,,02-351-7944,서울특별시 은평구청,2026-02-26
응암3동,1,응암로12길 23-19,749-59,37.5876210900,126.9190796000,2016,,02-351-7944,서울특별시 은평구청,2026-02-26
응암3동,1,응암로12길 23-24,749-34,37.5922670000,126.9157180000,2016,,02-351-7944,서울특별시 은평구청,2026-02-26
응암3동,1,응암로12길 15-1,749-54,37.5849930000,126.9164690000,2018,,02-351-7944,서울특별시 은평구청,2026-02-26
응암3동,1,응암로12길 15-2,749-37,37.5868540000,126.9199750000,2018,,02-351-7944,서울특별시 은평구청,2026-02-26
응암3동,1,응암로12길 19,749-60,37.5862900000,126.9183300000,2010,,02-351-7944,서울특별시 은평구청,2026-02-26
응암3동,1,응암로12길 15,749-55,37.5878710000,126.9188170000,2016,,02-351-7944,서울특별시 은평구청,2026-02-26
응암3동,1,응암로12길 13-4,749-47,37.5893070000,126.9191920000,2016,,02-351-7944,서울특별시 은평구청,2026-02-26
응암3동,1,응암로12길 11-1,719-23,37.5877060000,126.9184910000,2004,,02-351-7944,서울특별시 은평구청,2026-02-26
응암3동,1,,751-23,37.5869870000,126.9187500000,2018,,02-351-7944,서울특별시 은평구청,2026-02-26
응암3동,1,응암로12길 22-10,751-7,37.5862020000,126.9166550000,2010,,02-351-7944,서울특별시 은평구청,2026-02-26
응암3동,1,응암로12길 22-16,751-19,37.5882500000,126.9159690000,2008,,02-351-7944,서울특별시 은평구청,2026-02-26
응암3동,1,응암로12길 22-16,751-20,37.5868300000,126.9183450000,2007,,02-351-7944,서울특별시 은평구청,2026-02-26
응암3동,1,응암로4길 18-44,753-8,37.5871920000,126.9155200000,2006,,02-351-7944,서울특별시 은평구청,2026-02-26
응암3동,1,응암로12길 12-61,754-17,37.5870310000,126.9186470000,2018,,02-351-7944,서울특별시 은평구청,2026-02-26
응암3동,1,응암로12길 12-57,751-8,37.5869660000,126.9183990000,2008,,02-351-7944,서울특별시 은평구청,2026-02-26
응암3동,1,응암로12길 12-55,751-12,37.5863990000,126.9194040000,2008,,02-351-7944,서울특별시 은평구청,2026-02-26
응암3동,1,응암로12길 11-9,719-17,37.5883440000,126.9183680000,2008,,02-351-7944,서울특별시 은평구청,2026-02-26
응암3동,1,응암로12길 23-17,749-62,37.5863910000,126.9195510000,2007,,02-351-7944,서울특별시 은평구청,2026-02-26
응암3동,1,응암로12길 11-13,719-10,37.5884770000,126.9181400000,2006,,02-351-7944,서울특별시 은평구청,2026-02-26
응암3동,1,응암로12길 6-12,602-27,37.5876930000,126.9171430000,2018,,02-351-7944,서울특별시 은평구청,2026-02-26
응암3동,1,응암로 190-20,719-8,37.5883780000,126.9181410000,2010,,02-351-7944,서울특별시 은평구청,2026-02-26
응암3동,1,응암로 110-11,601-8,37.5877210000,126.9162140000,2004,,02-351-7944,서울특별시 은평구청,2026-02-26
응암3동,1,응암로12길 1-14,601-39,37.5863000000,126.9213980000,2010,,02-351-7944,서울특별시 은평구청,2026-02-26
응암3동,1,응암로12길 1-12,601-38,37.5884040000,126.9180160000,2010,,02-351-7944,서울특별시 은평구청,2026-02-26
응암3동,1,응암로12길 1-11,601-30,37.5883260000,126.9173150000,2007,,02-351-7944,서울특별시 은평구청,2026-02-26
응암3동,1,응암로12길 1-8,601-35,37.5882530000,126.9172600000,2011,,02-351-7944,서울특별시 은평구청,2026-02-26
응암3동,1,응암로 190-5,601-23,37.5888970000,126.9177030000,2019,,02-351-7944,서울특별시 은평구청,2026-02-26
응암3동,1,가좌로 219-11,601-9,37.5890220000,126.9176000000,2007,,02-351-7944,서울특별시 은평구청,2026-02-26
응암3동,1,가좌로 219-9,601-10,37.5835700000,126.9214600000,2006,,02-351-7944,서울특별시 은평구청,2026-02-26
응암3동,1,응암로12길 6-15,602-18,37.5876120000,126.9171110000,2020,,02-351-7944,서울특별시 은평구청,2026-02-26
응암3동,1,가좌로 215-1,601-79,37.5887640000,126.9179090000,2011,,02-351-7944,서울특별시 은평구청,2026-02-26
응암3동,1,가좌로 213-4,601-6,37.5884880000,126.9173470000,,,02-351-7944,서울특별시 은평구청,2026-02-26
응암3동,1,응암로12길 9-22,719-13,37.5878820000,126.9180920000,2007,,02-351-7944,서울특별시 은평구청,2026-02-26
응암3동,1,응암로12길 9-24,719-14,37.5889090000,126.9180090000,2008,,02-351-7944,서울특별시 은평구청,2026-02-26
응암3동,1,응암로12길 5-4,601-54,37.5863960000,126.9181470000,2007,,02-351-7944,서울특별시 은평구청,2026-02-26
응암3동,1,응암로12길 9-11,601-54,37.5879220000,126.9175250000,2016,,02-351-7944,서울특별시 은평구청,2026-02-26
응암3동,1,응암로12길 5-1,601-58,37.5883550000,126.9175980000,2017,,02-351-7944,서울특별시 은평구청,2026-02-26
응암3동,1,응암로 180,602-45,37.5872970000,126.9171720000,,,02-351-7944,서울특별시 은평구청,2026-02-26
응암3동,1,응암로12길 6-8,602-26,37.5875250000,126.9174180000,2007,,02-351-7944,서울특별시 은평구청,2026-02-26
응암3동,1,응암로4길 27-2,602-16,37.5874510000,126.9172260000,2018,,02-351-7944,서울특별시 은평구청,2026-02-26
응암3동,1,응암로12길 6-8,602-26,37.5877720800,126.9172363000,2006,,02-351-7944,서울특별시 은평구청,2026-02-26
응암3동,1,응암로4길 33-1,602-1,37.5880620000,126.9170250000,2007,,02-351-7944,서울특별시 은평구청,2026-02-26
응암3동,1,응암로12길 12,750-2,37.5878216100,126.9179030000,2006,,02-351-7944,서울특별시 은평구청,2026-02-26
응암3동,1,응암로12길 14,721-1,37.5874950000,126.9181310000,2011,,02-351-7944,서울특별시 은평구청,2026-02-26
응암3동,1,응암로12길 12-15,721-4,37.5871320000,126.9178310000,2005,,02-351-7944,서울특별시 은평구청,2026-02-26
응암3동,1,응암로4길 26-4,750-13,37.5873130000,126.9179300000,2017,,02-351-7944,서울특별시 은평구청,2026-02-26
응암3동,1,응암로12길 12-28,754-8,37.5865670000,126.9181450000,2015,,02-351-7944,서울특별시 은평구청,2026-02-26
응암3동,1,응암로4길 18-35,754-13,37.5951380000,126.9164010000,2018,,02-351-7944,서울특별시 은평구청,2026-02-26
응암3동,1,응암로4길 18-22,695-10,37.5862682600,126.9180983000,2018,,02-351-7944,서울특별시 은평구청,2026-02-26
응암3동,1,응암로4길 18-33,754-9,37.5894550000,126.9156340000,2005,,02-351-7944,서울특별시 은평구청,2026-02-26
응암3동,1,응암로4길 18-33,754-9,37.5871320000,126.9178310000,2020,,02-351-7944,서울특별시 은평구청,2026-02-26
응암3동,1,응암로4길 18-12,695-5,37.5862640000,126.9174580000,2016,,02-351-7944,서울특별시 은평구청,2026-02-26
응암3동,1,응암로4길 18-8,695-3,37.5863070000,126.9172990000,2016,,02-351-7944,서울특별시 은평구청,2026-02-26
응암3동,1,응암로4길 17-1,603-29,37.5863560000,126.9167780000,2016,,02-351-7944,서울특별시 은평구청,2026-02-26
응암3동,1,응암로4길 13,603-31,37.5863460000,126.9166420000,2004,,02-351-7944,서울특별시 은평구청,2026-02-26
응암3동,1,응암로4길 13,603-47,37.5868160000,126.9187070000,2006,,02-351-7944,서울특별시 은평구청,2026-02-26
응암3동,1,응암로4길 18-35,750-13,37.5922670000,126.9157180000,2007,,02-351-7944,서울특별시 은평구청,2026-02-26
응암3동,1,응암로12길 12-14,750-10,37.5860820000,126.9183100000,2010,,02-351-7944,서울특별시 은평구청,2026-02-26
응암3동,1,응암로4길 26-4,750-13,37.5868550000,126.9191030000,2004,,02-351-7944,서울특별시 은평구청,2026-02-26
응암3동,1,응암로12길 12-49,751-1,37.5854210000,126.9179800000,2016,,02-351-7944,서울특별시 은평구청,2026-02-26
응암3동,1,응암로12길 12-47,751-3,37.5874440000,126.9184940000,2005,,02-351-7944,서울특별시 은평구청,2026-02-26
응암3동,1,응암로12길 26-12,751-33,37.5867872300,126.9191646000,2005,,02-351-7944,서울특별시 은평구청,2026-02-26
응암3동,1,응암로12길 26-10,751-33,37.5871190000,126.9193370000,2016,,02-351-7944,서울특별시 은평구청,2026-02-26
응암3동,1,응암로12길 26-14,751-35,37.5843160000,126.9192530000,2016,,02-351-7944,서울특별시 은평구청,2026-02-26
응암3동,1,응암로4길 18-24,753-1,37.5866210000,126.9220280000,2016,,02-351-7944,서울특별시 은평구청,2026-02-26
응암3동,1,응암로4길 18-39,754-18,37.5851570000,126.9205650000,2008,,02-351-7944,서울특별시 은평구청,2026-02-26
응암3동,1,응암로4길 18-52,753-12,37.5854000000,126.9185580000,2009,,02-351-7944,서울특별시 은평구청,2026-02-26
응암3동,1,가좌로7길 14-11,752-24,37.5862980000,126.9191900000,2020,,02-351-7944,서울특별시 은평구청,2026-02-26
응암3동,1,가좌로7길 14-7,752-32,37.5871390000,126.9186350000,2007,,02-351-7944,서울특별시 은평구청,2026-02-26
응암3동,1,가좌로7길 14,752-33,37.5866040000,126.9192420000,2016,,02-351-7944,서울특별시 은평구청,2026-02-26
응암3동,1,응암로12길 26-5,752-10,37.5878320000,126.9155790000,2011,,02-351-7944,서울특별시 은평구청,2026-02-26
응암3동,1,응암로12길 26-10,751-25,37.5872070000,126.9191320000,2005,,02-351-7944,서울특별시 은평구청,2026-02-26
응암3동,1,응암로12길 30,752-2,37.5865670000,126.9181450000,2016,,02-351-7944,서울특별시 은평구청,2026-02-26
응암3동,1,응암로12길 32-1,752-5,37.5874860000,126.9191390000,2016,,02-351-7944,서울특별시 은평구청,2026-02-26
응암3동,1,가좌로7길 9(문화예술정보학교),746-1,37.5855950000,126.9201520000,2009,,02-351-7944,서울특별시 은평구청,2026-02-26
응암3동,1,가좌로7길 9-10,730-20,37.5873790000,126.9212350000,2009,,02-351-7944,서울특별시 은평구청,2026-02-26
응암3동,1,응암로 164-1,603-34,37.5849680000,126.9196280000,2016,,02-351-7944,서울특별시 은평구청,2026-02-26
응암3동,1,응암로 164,603-45,37.5855070000,126.9204810000,2010,,02-351-7944,서울특별시 은평구청,2026-02-26
응암3동,1,응암로 164,603-60,37.5865774800,126.9162733000,2016,,02-351-7944,서울특별시 은평구청,2026-02-26
응암3동,1,북가좌동 8-36(응암로4길 6),736-1,37.5917740000,126.9170280000,2017,,02-351-7944,서울특별시 은평구청,2026-02-26
응암3동,1,북가좌동 8-36,736-1,37.5959890000,126.9188120000,2010,,02-351-7944,서울특별시 은평구청,2026-02-26
응암3동,1,응암로4길 8,756-27,37.5858260000,126.9198420000,2005,,02-351-7944,서울특별시 은평구청,2026-02-26
응암3동,1,응암로4길 10-1,756-15,37.5860400000,126.9166920000,2016,,02-351-7944,서울특별시 은평구청,2026-02-26
응암3동,1,응암로4길 14,756-9,37.5868600000,126.9137250000,2018,,02-351-7944,서울특별시 은평구청,2026-02-26
응암3동,1,응암로4길 14,756-9,37.5839310000,126.9165980000,2016,,02-351-7944,서울특별시 은평구청,2026-02-26
응암3동,1,가좌로7길 36-1,695-18,37.5963140000,126.9169050000,2016,,02-351-7944,서울특별시 은평구청,2026-02-26
응암3동,1,가좌로7라길 11,696-1,37.5875130000,126.9141910000,2016,,02-351-7944,서울특별시 은평구청,2026-02-26
응암3동,1,응암로4길 9,603-103,37.5845990000,126.9166790000,2009,,02-351-7944,서울특별시 은평구청,2026-02-26
응암3동,1,가좌로7라길 4-1,756-11,37.5906900000,126.9167830000,2016,,02-351-7944,서울특별시 은평구청,2026-02-26
응암3동,1,가좌로7라길 5,696-4,37.5852850000,126.9168050000,2016,,02-351-7944,서울특별시 은평구청,2026-02-26
응암3동,1,가좌로7라길 6-3,756-18,37.5868510000,126.9206430000,2008,,02-351-7944,서울특별시 은평구청,2026-02-26
응암3동,1,응암로12길 18,721-12,37.5876480000,126.9181180000,2016,,02-351-7944,서울특별시 은평구청,2026-02-26
응암3동,1,응암로12길 14,721-1,37.5876480000,126.9181180000,2016,,02-351-7944,서울특별시 은평구청,2026-02-26
응암3동,1,가좌로5길 22-1,747-30,37.5869950000,126.9205280000,2019,,02-351-7944,서울특별시 은평구청,2026-02-26
응암3동,1,가좌로7가길 9-15,746-15,37.5861670000,126.9216720000,2004,,02-351-7944,서울특별시 은평구청,2026-02-26
응암3동,1,가좌로7가길 9-11,746-16,37.5861770000,126.9207660000,2004,,02-351-7944,서울특별시 은평구청,2026-02-26
응암3동,1,가좌로7가길 9-16,730-23,37.5852960000,126.9209710000,2007,,02-351-7944,서울특별시 은평구청,2026-02-26
응암3동,1,가좌로7가길 9-20,730-24,37.5859210000,126.9203390000,2016,,02-351-7944,서울특별시 은평구청,2026-02-26
응암3동,1,가좌로7길 9-24,730-27,37.5922670000,126.9157180000,2005,,02-351-7944,서울특별시 은평구청,2026-02-26
응암3동,1,가좌로7가길 17-11,746-20,37.5861670000,126.9216720000,2005,,02-351-7944,서울특별시 은평구청,2026-02-26
응암3동,1,가좌로7가길 17-12,746-26,37.5863960000,126.9181470000,2004,,02-351-7944,서울특별시 은평구청,2026-02-26
응암3동,1,가좌로7가길 13,730-29,37.5922670000,126.9157180000,2009,,02-351-7944,서울특별시 은평구청,2026-02-26
응암3동,1,가좌로7길 11-23,730-26,37.5854520000,126.9164060000,2009,,02-351-7944,서울특별시 은평구청,2026-02-26
응암3동,1,가좌로7길 11-22(문화예술정보학교),730-10,37.5834740000,126.9208270000,2016,,02-351-7944,서울특별시 은평구청,2026-02-26
응암3동,1,가좌로7길 11-17,730-24,37.5857650000,126.9201260000,2019,,02-351-7944,서울특별시 은평구청,2026-02-26
응암3동,1,가좌로7길 11-14,730-12,37.5860690000,126.9198620000,2016,,02-351-7944,서울특별시 은평구청,2026-02-26
응암3동,1,가좌로7길 2,732-27,37.5833830000,126.9187800000,2016,,02-351-7944,서울특별시 은평구청,2026-02-26
응암3동,1,응암로12길 26-33,752-29,37.5864590000,126.9190750000,2006,,02-351-7944,서울특별시 은평구청,2026-02-26
응암3동,1,응암로12길 26-35,752-27,37.5868540000,126.9199750000,2016,,02-351-7944,서울특별시 은평구청,2026-02-26
응암3동,1,가좌로7길 17,730-1,37.5860380000,126.9193860000,2008,,02-351-7944,서울특별시 은평구청,2026-02-26
응암3동,1,가좌로7길 15,730-3,37.5869960000,126.9167340000,2009,,02-351-7944,서울특별시 은평구청,2026-02-26
응암3동,1,가좌로7길 17,730-1,37.5858960000,126.9196600000,2009,,02-351-7944,서울특별시 은평구청,2026-02-26
응암3동,1,가좌로7가길 7,730-4,37.5855310000,126.9200840000,,,02-351-7944,서울특별시 은평구청,2026-02-26
응암3동,1,가좌로7가길 8-1,731-11,37.5847790000,126.9196990000,2016,,02-351-7944,서울특별시 은평구청,2026-02-26
응암3동,1,가좌로7가길 8-8,731-48,37.5852370000,126.9195000000,2016,,02-351-7944,서울특별시 은평구청,2026-02-26
응암3동,1,가좌로7가길 8-13,731-19,37.5853010000,126.9196120000,2005,,02-351-7944,서울특별시 은평구청,2026-02-26
응암3동,1,가좌로7가길 8-19,731-25,37.5851050000,126.9198190000,2021,,02-351-7944,서울특별시 은평구청,2026-02-26
응암3동,1,가좌로7가길 18(맞은편),731-24,37.5905890000,126.9145990000,2005,,02-351-7944,서울특별시 은평구청,2026-02-26
응암3동,1,가좌로7가길 15,746-19,37.5860310000,126.9205750000,2005,,02-351-7944,서울특별시 은평구청,2026-02-26
응암3동,1,가좌로7가길 17-8,746-28,37.5849650000,126.9203080000,2010,,02-351-7944,서울특별시 은평구청,2026-02-26
응암3동,1,가좌로7가길 15,746-24,37.5888290000,126.9201270000,2016,,02-351-7944,서울특별시 은평구청,2026-02-26
응암3동,1,가좌로7가길 13,730-29,37.5857860000,126.9204540000,2004,,02-351-7944,서울특별시 은평구청,2026-02-26
응암3동,1,가좌로7가길 9-1,730-9,37.5853810000,126.9204040000,2016,,02-351-7944,서울특별시 은평구청,2026-02-26
응암3동,1,가좌로7길 11,730-17,37.5863923900,126.9199211000,2016,,02-351-7944,서울특별시 은평구청,2026-02-26
응암3동,1,가좌로7길 11-10,730-14,37.5858960000,126.9196600000,2005,,02-351-7944,서울특별시 은평구청,2026-02-26
응암3동,1,가좌로7가길 2,731-1,37.5849660000,126.9214290000,2005,,02-351-7944,서울특별시 은평구청,2026-02-26
응암3동,1,가좌로7길 23,732-25,37.5841260000,126.9191880000,2018,,02-351-7944,서울특별시 은평구청,2026-02-26
응암3동,1,가좌로7길 23,732-25,37.5858908800,126.9187417000,,,02-351-7944,서울특별시 은평구청,2026-02-26
응암3동,1,가좌로7다길 2,696-50,37.5873330000,126.9200470000,2008,,02-351-7944,서울특별시 은평구청,2026-02-26
응암3동,1,가좌로7다길 4,696-54,37.5857200000,126.9181000000,2007,,02-351-7944,서울특별시 은평구청,2026-02-26
응암3동,1,가좌로7다길 8,699-51,37.5922670000,126.9157180000,2010,,02-351-7944,서울특별시 은평구청,2026-02-26
응암3동,1,가좌로7나길 14-1,732-10,37.5853040000,126.9189220000,2008,,02-351-7944,서울특별시 은평구청,2026-02-26
응암3동,1,가좌로7다길 14-2,697-,37.5848880000,126.9187120000,2018,,02-351-7944,서울특별시 은평구청,2026-02-26
응암3동,1,가좌로7나길 10-1,732-15,37.5843670000,126.9170100000,2019,,02-351-7944,서울특별시 은평구청,2026-02-26
응암3동,1,응암로9길 6-5,596-2,37.5850600000,126.9208730000,2010,,02-351-7944,서울특별시 은평구청,2026-02-26
응암3동,1,가좌로7나길 7-2,731-50,37.5854560000,126.9197910000,2019,,02-351-7944,서울특별시 은평구청,2026-02-26
응암3동,1,가좌로7나길 4,732-21,37.5853960000,126.9191810000,2017,,02-351-7944,서울특별시 은평구청,2026-02-26
응암3동,1,가좌로7나길 4,732-21,37.5857690700,126.9191253000,2011,,02-351-7944,서울특별시 은평구청,2026-02-26
응암3동,1,가좌로7나길 4,732-21,37.5857690700,126.9191253000,2008,,02-351-7944,서울특별시 은평구청,2026-02-26
응암3동,1,가좌로7나길 4-7,732-16,37.5886240000,126.9164390000,2009,,02-351-7944,서울특별시 은평구청,2026-02-26
응암3동,1,가좌로7나길 4-11,732-11,37.5862830000,126.9185450000,2009,,02-351-7944,서울특별시 은평구청,2026-02-26
응암3동,1,가좌로7나길 4-1,732-19,37.5860380000,126.9193860000,2021,,02-351-7944,서울특별시 은평구청,2026-02-26
응암3동,1,가좌로7나길 7-1,731-49,37.5852180000,126.9193420000,2016,,02-351-7944,서울특별시 은평구청,2026-02-26
응암3동,1,가좌로7나길 7-5,731-44,37.5859190000,126.9162630000,2016,,02-351-7944,서울특별시 은평구청,2026-02-26
응암3동,1,가좌로7나길 7-10,731-55,37.5849750000,126.9194250000,2016,,02-351-7944,서울특별시 은평구청,2026-02-26
응암3동,1,가좌로7나길 7-9,731-40,37.5847510000,126.9194960000,2016,,02-351-7944,서울특별시 은평구청,2026-02-26
응암3동,1,가좌로7나길 9-5,731-52,37.5843310000,126.9199090000,2007,,02-351-7944,서울특별시 은평구청,2026-02-26
응암3동,1,가좌로7나길 9-18,733-27,37.5842200000,126.9196390000,2016,,02-351-7944,서울특별시 은평구청,2026-02-26
응암3동,1,가좌로7나길 25-23,733-33,37.5858070000,126.9187670000,2016,,02-351-7944,서울특별시 은평구청,2026-02-26
응암3동,1,가좌로7나길 25,733-23,37.5855880000,126.9165280000,2016,,02-351-7944,서울특별시 은평구청,2026-02-26
응암3동,1,가좌로7가길 23-1,755-3,37.5883550000,126.9175980000,2011,,02-351-7944,서울특별시 은평구청,2026-02-26
응암3동,1,가좌로7가길 21,755-1,37.5845700000,126.9204490000,2005,,02-351-7944,서울특별시 은평구청,2026-02-26
응암3동,1,가좌로7가길 19-4,755-10,37.5847592400,126.9206117000,2016,,02-351-7944,서울특별시 은평구청,2026-02-26
응암3동,1,가좌로7가길 19-12,755-19,37.5857860000,126.9204540000,2016,,02-351-7944,서울특별시 은평구청,2026-02-26
응암3동,1,가좌로7가길 19-14,755-20,37.5922670000,126.9157180000,2016,,02-351-7944,서울특별시 은평구청,2026-02-26
응암3동,1,가좌로7가길 19-20,755-27,37.5845490000,126.9210610000,2016,,02-351-7944,서울특별시 은평구청,2026-02-26
응암3동,1,가좌로7가길 26-11,733-29,37.5843530000,126.9194220000,2016,,02-351-7944,서울특별시 은평구청,2026-02-26
응암3동,1,가좌로7가길 26-3,733-36,37.5844810000,126.9195790000,2016,,02-351-7944,서울특별시 은평구청,2026-02-26
응암3동,1,가좌로7가길 27,733-55,37.5841830000,126.9205460000,2010,,02-351-7944,서울특별시 은평구청,2026-02-26
응암3동,1,가좌로7가길 25-8(문화예술정보학교),733-59,37.5852370000,126.9185490000,2000,,02-351-7944,서울특별시 은평구청,2026-02-26
응암3동,1,가좌로7가길 25-8,733-59,37.5841830000,126.9205460000,2016,,02-351-7944,서울특별시 은평구청,2026-02-26
응암3동,1,가좌로7가길 25-8,733-59,37.5844450000,126.9205530000,2016,,02-351-7944,서울특별시 은평구청,2026-02-26
응암3동,1,가좌로7가길 25-11,755-7,37.5885660000,126.9150130000,2008,,02-351-7944,서울특별시 은평구청,2026-02-26
응암3동,1,가좌로7가길 29-8,270-11,37.5839650000,126.9203450000,2011,,02-351-7944,서울특별시 은평구청,2026-02-26
응암3동,1,가좌로7가길 25-26,247-152,37.5841070000,126.9210220000,2018,,02-351-7944,서울특별시 은평구청,2026-02-26
응암3동,1,가좌로7가길 25-20,733-60,37.5841050000,126.9208300000,2005,,02-351-7944,서울특별시 은평구청,2026-02-26
응암3동,1,가좌로7가길 25-30,733-67,37.5839830000,126.9213300000,2021,,02-351-7944,서울특별시 은평구청,2026-02-26
응암3동,1,가좌로7가길 19-47,247-133,37.5844740000,126.9218090000,2021,,02-351-7944,서울특별시 은평구청,2026-02-26
응암3동,1,가좌로7가길 19-53,247-103,37.5841230000,126.9218140000,2016,,02-351-7944,서울특별시 은평구청,2026-02-26
응암3동,1,가좌로7길 19-20,755-27,37.5877100000,126.9189660000,2016,,02-351-7944,서울특별시 은평구청,2026-02-26
응암3동,1,가좌로7가길 25-39,755-25,37.5834710000,126.9204990000,2016,,02-351-7944,서울특별시 은평구청,2026-02-26
응암3동,1,가좌로7가길 29-8,270-66,37.5890730000,126.9142810000,2017,,02-351-7944,서울특별시 은평구청,2026-02-26
응암3동,1,가좌로7가길 33,270-77,37.5837600000,126.9195780000,2008,,02-351-7944,서울특별시 은평구청,2026-02-26
응암3동,1,가좌로7가길 31-6,270-73,37.5837140000,126.9204160000,2016,,02-351-7944,서울특별시 은평구청,2026-02-26
응암3동,1,가좌로7가길 31-10,270-69,37.5848300000,126.9163700000,2016,,02-351-7944,서울특별시 은평구청,2026-02-26
응암3동,1,가좌로7나길 31-12,270-46,37.5833360000,126.9205350000,2016,,02-351-7944,서울특별시 은평구청,2026-02-26
응암3동,1,가좌로7나길 31-6,733-53,37.5844150000,126.9212670000,2010,,02-351-7944,서울특별시 은평구청,2026-02-26
응암3동,1,,247-104,,,2007,,02-351-7944,서울특별시 은평구청,2026-02-26
응암3동,1,,247-183,,,2011,,02-351-7944,서울특별시 은평구청,2026-02-26
응암3동,1,가좌로7가길 35-19,247-183,37.5839400000,126.9215340000,2011,,02-351-7944,서울특별시 은평구청,2026-02-26
응암3동,1,가좌로7가길 35-22,247-143,37.5890790000,126.9178710000,,,02-351-7944,서울특별시 은평구청,2026-02-26
응암3동,1,가좌로7가길 35-12,270-78,37.5836410000,126.9212890000,2007,,02-351-7944,서울특별시 은평구청,2026-02-26
응암3동,1,가좌로7가길 35-5,270-72,37.5876810000,126.9158410000,2019,,02-351-7944,서울특별시 은평구청,2026-02-26
응암3동,1,가좌로7가길 35,270-87,37.5835840000,126.9209960000,2020,,02-351-7944,서울특별시 은평구청,2026-02-26
응암3동,1,가좌로7가길 37,250-43,37.5844230000,126.9211310000,2007,,02-351-7944,서울특별시 은평구청,2026-02-26
응암3동,1,가좌로7가길 41,270-83,37.5841830000,126.9205460000,2019,,02-351-7944,서울특별시 은평구청,2026-02-26
응암3동,1,가좌로7가길 19-49,247-101,37.5901120000,126.9146740000,2011,,02-351-7944,서울특별시 은평구청,2026-02-26
응암3동,1,가좌로7나길 27-10,270-23,37.5842170000,126.9202510000,2016,,02-351-7944,서울특별시 은평구청,2026-02-26
응암3동,1,가좌로7나길 27-6,270-27,37.5838250000,126.9198150000,2011,,02-351-7944,서울특별시 은평구청,2026-02-26
응암3동,1,가좌로7나길 30,694-1,37.5835010000,126.9187780000,2006,,02-351-7944,서울특별시 은평구청,2026-02-26
응암3동,1,가좌로7라길 51-2,744-22,37.5835740000,126.9198980000,2018,,02-351-7944,서울특별시 은평구청,2026-02-26
응암3동,1,가좌로7라길 51,744-14,37.5833698800,126.9185372000,,,02-351-7944,서울특별시 은평구청,2026-02-26
응암3동,1,가좌로7라길 51-1,744-16,37.5869330000,126.9196910000,2004,,02-351-7944,서울특별시 은평구청,2026-02-26
응암3동,1,가좌로7라길 43,744-7,37.5894280000,126.9147520000,2016,,02-351-7944,서울특별시 은평구청,2026-02-26
응암3동,1,가좌로7라길 43,744-7,37.5833312200,126.9175679000,2020,,02-351-7944,서울특별시 은평구청,2026-02-26
응암3동,1,가좌로7라길 35-4,744-1,37.5837830000,126.9171210000,2011,,02-351-7944,서울특별시 은평구청,2026-02-26
응암3동,1,가좌로7다길 16,697-5,37.5845460000,126.9187850000,2016,,02-351-7944,서울특별시 은평구청,2026-02-26
응암3동,1,가좌로7다길 20,697-14,37.5873450000,126.9194020000,2010,,02-351-7944,서울특별시 은평구청,2026-02-26
응암3동,1,가좌로7다길 13-21,697-19,37.5864960000,126.9181910000,2018,,02-351-7944,서울특별시 은평구청,2026-02-26
응암3동,1,가좌로7나길 30,694-1,37.5848640000,126.9171730000,2006,,02-351-7944,서울특별시 은평구청,2026-02-26
응암3동,1,가좌로7다길 13-19,697-20,37.5848370000,126.9181580000,2008,,02-351-7944,서울특별시 은평구청,2026-02-26
응암3동,1,가좌로7다길 13-13,697-22,37.5842390000,126.9186990000,2018,,02-351-7944,서울특별시 은평구청,2026-02-26
응암3동,1,가좌로7다길 13-6,698-3,37.5845663700,126.9184509000,2009,,02-351-7944,서울특별시 은평구청,2026-02-26
응암3동,1,가좌로7다길 13-8,698-3,37.5841830000,126.9185420000,2005,,02-351-7944,서울특별시 은평구청,2026-02-26
응암3동,1,가좌로7다길 13-1,397-8,37.5874460000,126.9215630000,2009,,02-351-7944,서울특별시 은평구청,2026-02-26
응암3동,1,가좌로7다길 12-1,699-31,37.5848681600,126.9182091000,2011,,02-351-7944,서울특별시 은평구청,2026-02-26
응암3동,1,가좌로7다길 12-1,699-31,37.5846620000,126.9176850000,2008,,02-351-7944,서울특별시 은평구청,2026-02-26
응암3동,1,가좌로7다길 16,699-36,37.5893600000,126.9190440000,2019,,02-351-7944,서울특별시 은평구청,2026-02-26
응암3동,1,가좌로7다길 18,699-37,37.5844260000,126.9184590000,2008,,02-351-7944,서울특별시 은평구청,2026-02-26
응암3동,1,가좌로7다길 16-1,699-39,37.5845770000,126.9172450000,2007,,02-351-7944,서울특별시 은평구청,2026-02-26
응암3동,1,가좌로7다길 20-1,699-19,37.5844660000,126.9170090000,2008,,02-351-7944,서울특별시 은평구청,2026-02-26
응암3동,1,가좌로7다길 8-1,699-1,37.5849450000,126.9180550000,2008,,02-351-7944,서울특별시 은평구청,2026-02-26
응암3동,1,가좌로7다길 8-3,699-28,37.5851530000,126.9181760000,2016,,02-351-7944,서울특별시 은평구청,2026-02-26
응암3동,1,가좌로7다길 8-11,699-3,37.5848600000,126.9176260000,2008,,02-351-7944,서울특별시 은평구청,2026-02-26
응암3동,1,가좌로7다길 33-13,696-26,37.5855040000,126.9181150000,2006,,02-351-7944,서울특별시 은평구청,2026-02-26
응암3동,1,가좌로7다길 8-8,696-39,37.5853620000,126.9173920000,2016,,02-351-7944,서울특별시 은평구청,2026-02-26
응암3동,1,가좌로7라길 35-6,744-2,37.5839790000,126.9169480000,2016,,02-351-7944,서울특별시 은평구청,2026-02-26
응암3동,1,가좌로7라길 36,742-24,37.5852020000,126.9166930000,2006,,02-351-7944,서울특별시 은평구청,2026-02-26
응암3동,1,가좌로7라길 33-9,700-21,37.5836690000,126.9165450000,2007,,02-351-7944,서울특별시 은평구청,2026-02-26
응암3동,1,가좌로7다길 26,699-14,37.5930640000,126.9171900000,2006,,02-351-7944,서울특별시 은평구청,2026-02-26
응암3동,1,가좌로7라길 35-9,743-3,37.5842680000,126.9169780000,2007,,02-351-7944,서울특별시 은평구청,2026-02-26
응암3동,1,가좌로7다길 22,699-18,37.5851160000,126.9210530000,2005,,02-351-7944,서울특별시 은평구청,2026-02-26
응암3동,1,가좌로7라길 13-22,700-13,37.5840160000,126.9160190000,2016,,02-351-7944,서울특별시 은평구청,2026-02-26
응암3동,1,가좌로7라길 13-21,699-13,37.5846280000,126.9179240000,2018,,02-351-7944,서울특별시 은평구청,2026-02-26
응암3동,1,가좌로7라길 13-19,699-12,37.5838990000,126.9180360000,2004,,02-351-7944,서울특별시 은평구청,2026-02-26
응암3동,1,가좌로7라길 13-17,699-16,37.5922670000,126.9157180000,2016,,02-351-7944,서울특별시 은평구청,2026-02-26
응암3동,1,가좌로7라길 11,696-11,37.5837370000,126.9170190000,2008,,02-351-7944,서울특별시 은평구청,2026-02-26
응암3동,1,가좌로7라길 9,696-10,37.5845580000,126.9162150000,2005,,02-351-7944,서울특별시 은평구청,2026-02-26
응암3동,1,가좌로7라길 7-4,696-13,37.5858510000,126.9176570000,2004,,02-351-7944,서울특별시 은평구청,2026-02-26
응암3동,1,가좌로7라길 8-3,756-17,37.5856520000,126.9165610000,,,02-351-7944,서울특별시 은평구청,2026-02-26
응암3동,1,가좌로7라길 10-3,756-25,37.5856310000,126.9162790000,2011,,02-351-7944,서울특별시 은평구청,2026-02-26
응암3동,1,가좌로7라길 12,701-25,37.5852620000,126.9162730000,2018,,02-351-7944,서울특별시 은평구청,2026-02-26
응암3동,1,가좌로7라길 12-6,736-5,37.5849930000,126.9164690000,2005,,02-351-7944,서울특별시 은평구청,2026-02-26
응암3동,1,가좌로7라길 12-5,701-24,37.5922670000,126.9157180000,2006,,02-351-7944,서울특별시 은평구청,2026-02-26
응암3동,1,가좌로7라길 12-28,736-13,37.5892490000,126.9197140000,2009,,02-351-7944,서울특별시 은평구청,2026-02-26
응암3동,1,가좌로7라길 12-34,736-15,37.5847000000,126.9159410000,2008,,02-351-7944,서울특별시 은평구청,2026-02-26
응암3동,1,응암로25길 13,123-44,37.5840970000,126.9219280000,2007,,02-351-7944,서울특별시 은평구청,2026-02-26
응암3동,1,가좌로7길 29-4,696-41,37.5852930000,126.9177670000,2016,,02-351-7944,서울특별시 은평구청,2026-02-26
응암3동,1,가좌로7길 33,696-32,37.5858510000,126.9176570000,2020,,02-351-7944,서울특별시 은평구청,2026-02-26
응암3동,1,가좌로7다길 8-19,699-24,37.5900730000,126.9152860000,2016,,02-351-7944,서울특별시 은평구청,2026-02-26
응암3동,1,가좌로7다길 8-21,699-23,37.5849582600,126.9175416000,2007,,02-351-7944,서울특별시 은평구청,2026-02-26
응암3동,1,가좌로7다길 8-29,699-6,37.5853780000,126.9171430000,2016,,02-351-7944,서울특별시 은평구청,2026-02-26
응암3동,1,가좌로7길 33-16,696-15,37.5854690000,126.9172210000,2019,,02-351-7944,서울특별시 은평구청,2026-02-26
응암3동,1,가좌로7길 33-14,696-16,37.5855670000,126.9171290000,2008,,02-351-7944,서울특별시 은평구청,2026-02-26
응암3동,1,가좌로7라길 7-11,696-5,37.5851770000,126.9169190000,2008,,02-351-7944,서울특별시 은평구청,2026-02-26
응암3동,1,가좌로7라길 13-5,699-8,37.5847680000,126.9174570000,2008,,02-351-7944,서울특별시 은평구청,2026-02-26
응암3동,1,가좌로7다길 8-39,699-22,37.5905970000,126.9144400000,2007,,02-351-7944,서울특별시 은평구청,2026-02-26
응암3동,1,가좌로7라길 13-5,699-8,37.5848640000,126.9171730000,2016,,02-351-7944,서울특별시 은평구청,2026-02-26
응암3동,1,가좌로7라길 4,701-,37.5834880000,126.9174310000,2020,,02-351-7944,서울특별시 은평구청,2026-02-26
응암3동,1,가좌로7라길 14,701,37.5850961100,126.9166966000,2007,,02-351-7944,서울특별시 은평구청,2026-02-26
응암3동,1,가좌로7라길 18,701-3,37.5858320000,126.9165590000,2017,,02-351-7944,서울특별시 은평구청,2026-02-26
응암3동,1,가좌로7라길 17-1,700-8,37.5959890000,126.9188120000,2017,,02-351-7944,서울특별시 은평구청,2026-02-26
응암3동,1,가좌로7라길 22,701-7,37.5847770000,126.9165180000,2019,,02-351-7944,서울특별시 은평구청,2026-02-26
응암3동,1,가좌로7라길 24-1,701-10,37.5889990000,126.9161170000,2011,,02-351-7944,서울특별시 은평구청,2026-02-26
응암3동,1,가좌로7라길 25-1,700-22,37.5834420000,126.9163560000,2007,,02-351-7944,서울특별시 은평구청,2026-02-26
응암3동,1,가좌로7라길 29,700-24,37.5842650000,126.9167060000,2004,,02-351-7944,서울특별시 은평구청,2026-02-26
응암3동,1,가좌로7라길 34-2,742-27,37.5834370000,126.9167520000,2020,,02-351-7944,서울특별시 은평구청,2026-02-26
응암3동,1,응암로 14-44,736-21,37.5880300000,126.9194940000,2018,,02-351-7944,서울특별시 은평구청,2026-02-26
응암3동,1,가좌로7라길 12-40,736-22,37.5841120000,126.9156780000,2005,,02-351-7944,서울특별시 은평구청,2026-02-26
응암3동,1,응암로 142-38,701-15,37.5845428700,126.9159041000,2011,,02-351-7944,서울특별시 은평구청,2026-02-26
응암3동,1,가좌로7라길 12-44,701-15,37.5844690000,126.9163520000,2010,,02-351-7944,서울특별시 은평구청,2026-02-26
응암3동,1,응암로 142-25,702-6,37.5844750000,126.9159670000,2018,,02-351-7944,서울특별시 은평구청,2026-02-26
응암3동,1,응암로 146-17,702-2,37.5844910000,126.9157400000,2008,,02-351-7944,서울특별시 은평구청,2026-02-26
응암3동,1,응암로 146-24,736-12,37.5848330000,126.9157580000,2006,,02-351-7944,서울특별시 은평구청,2026-02-26
응암3동,1,응암로 142-34,742-2,37.5839450000,126.9161670000,2007,,02-351-7944,서울특별시 은평구청,2026-02-26
응암3동,1,응암로 142-30,741-4,37.5866170000,126.9196500000,2016,,02-351-7944,서울특별시 은평구청,2026-02-26
응암3동,1,가좌로7라길 24-3,701-12,37.5922670000,126.9157180000,2008,,02-351-7944,서울특별시 은평구청,2026-02-26
응암3동,1,가좌로7라길 32-1,742-16,37.5835469100,126.9164250000,,,02-351-7944,서울특별시 은평구청,2026-02-26
응암3동,1,가좌로7라길 32-1,742-16,37.5833100000,126.9166290000,2009,,02-351-7944,서울특별시 은평구청,2026-02-26
응암3동,1,응암로 172,603-74,37.5868440000,126.9169070000,2008,,02-351-7944,서울특별시 은평구청,2026-02-26
응암3동,1,응암로4길 25-1,603-77,37.5872120000,126.9166970000,2006,,02-351-7944,서울특별시 은평구청,2026-02-26
응암3동,1,응암로 170-3,603-72,37.5922670000,126.9157180000,2010,,02-351-7944,서울특별시 은평구청,2026-02-26
응암3동,1,응암로 175-3,598-7,37.5879200000,126.9163360000,2005,,02-351-7944,서울특별시 은평구청,2026-02-26
응암3동,1,응암로 189-17,599-13,37.5887600000,126.9165620000,,,02-351-7944,서울특별시 은평구청,2026-02-26
응암3동,1,응암로 17-8,603-66,37.5859820000,126.9221500000,2016,,02-351-7944,서울특별시 은평구청,2026-02-26
응암3동,1,응암로12길 32-1,752-5,37.5858540000,126.9190040000,2011,,02-351-7944,서울특별시 은평구청,2026-02-26
응암3동,1,응암로4길 18-26,753-4,37.5845560000,126.9208680000,2007,,02-351-7944,서울특별시 은평구청,2026-02-26
응암3동,1,응암로 189-7,599-20,37.5850130000,126.9166390000,2018,,02-351-7944,서울특별시 은평구청,2026-02-26
응암3동,1,응암로11길 6,599-36,37.5884337200,126.9161547000,2018,,02-351-7944,서울특별시 은평구청,2026-02-26
응암3동,1,응암로 189-27,599-10,37.5951770000,126.9167520000,2008,,02-351-7944,서울특별시 은평구청,2026-02-26
응암3동,1,가좌로7가길 7-2,730-5,37.5963990000,126.9163150000,2008,,02-351-7944,서울특별시 은평구청,2026-02-26
응암3동,1,가좌로7다길 8,699,37.5922670000,126.9157180000,2016,,02-351-7944,서울특별시 은평구청,2026-02-26
응암3동,1,가좌로7다길 14-1,699-32,37.5959250000,126.9177150000,2006,,02-351-7944,서울특별시 은평구청,2026-02-26
응암3동,1,가좌로7나길 27-12,270-20,37.5876730000,126.9207780000,2006,,02-351-7944,서울특별시 은평구청,2026-02-26
응암3동,1,가좌로7나길 19-1,733-13,37.5846711000,126.9191753000,,,02-351-7944,서울특별시 은평구청,2026-02-26
응암3동,1,가좌로7가길 35-18,247-146,37.5838040000,126.9213890000,,,02-351-7944,서울특별시 은평구청,2026-02-26
응암3동,1,백련산로 9-12,676-15,37.5866700000,126.9224340000,,,02-351-7944,서울특별시 은평구청,2026-02-26
응암3동,1,가좌로 201-1,749-1,37.5933980000,126.9162570000,2008,,02-351-7944,서울특별시 은평구청,2026-02-26
응암3동,1,응암로29길 15-8,121-53,37.5961180000,126.9171910000,,,02-351-7944,서울특별시 은평구청,2026-02-26
응암3동,1,응암로29길 17-2,121-8,37.5958640000,126.9169340000,2011,,02-351-7944,서울특별시 은평구청,2026-02-26
응암3동,1,응암로29길 17-1,121-7,37.5963700000,126.9170740000,,,02-351-7944,서울특별시 은평구청,2026-02-26
응암3동,1,응암로25길 17-4,123-17,37.5953570000,126.9156730000,2024,,02-351-7944,서울특별시 은평구청,2026-02-26
응암3동,1,가좌로10길 28-4,578-79,37.5933330000,126.9170280000,2007,,02-351-7944,서울특별시 은평구청,2026-02-26
응암3동,1,가좌로 248-4,584-41,37.5920160000,126.9149750000,2018,,02-351-7944,서울특별시 은평구청,2026-02-26
응암3동,1,응암로14길 28-11,338-63,37.5891990000,126.9201900000,2007,,02-351-7944,서울특별시 은평구청,2026-02-26
응암3동,1,응암로 192,601-69,37.5890099200,126.9171457000,2018,,02-351-7944,서울특별시 은평구청,2026-02-26
응암3동,1,가좌로 217,601-76,37.5894376300,126.9178475000,2023,,02-351-7944,서울특별시 은평구청,2026-02-26
응암3동,1,응암로 190-5,601-23,37.5889269000,126.9173415000,2023,,02-351-7944,서울특별시 은평구청,2026-02-26
응암3동,1,응암로21가길 11-5,123-49,37.5861530000,126.9201090000,2016,,02-351-7944,서울특별시 은평구청,2026-02-26
응암3동,1,가좌로7나길 9-19,733-32,37.5843420600,126.9195840000,,,02-351-7944,서울특별시 은평구청,2026-02-26
응암3동,1,응암로29길 23-12,122-62,37.5952120000,126.9166040000,2007,,02-351-7944,서울특별시 은평구청,2026-02-26
응암3동,1,가좌로 215-4,601-83,37.5889804400,126.9178997000,2018,,02-351-7944,서울특별시 은평구청,2026-02-26
응암3동,1,응암로21가길 23,120-10,37.5957929300,126.9178230000,2004,,02-351-7944,서울특별시 은평구청,2026-02-26
응암3동,1,가좌로7가길 25-29,755-18,37.5928790000,126.9167060000,,,02-351-7944,서울특별시 은평구청,2026-02-26
응암3동,1,가좌로7길 29-4,696-43,37.5854560000,126.9188510000,,,02-351-7944,서울특별시 은평구청,2026-02-26
응암3동,1,응암로4길 18-6,695-2,37.5863780000,126.9171960000,,,02-351-7944,서울특별시 은평구청,2026-02-26
응암3동,1,가좌로 207-2,719-4,37.5874660000,126.9140220000,2024,,02-351-7944,서울특별시 은평구청,2026-02-26
응암3동,1,가좌로6길 12-14,672-10,37.5876414600,126.9223489000,,,02-351-7944,서울특별시 은평구청,2026-02-26
응암3동,1,백련산로 21-1,244-179,37.5876534400,126.9225927000,,,02-351-7944,서울특별시 은평구청,2026-02-26
응암3동,1,가좌로7라길 12-9,701-22,37.5890660000,126.9145300000,2024,,02-351-7944,서울특별시 은평구청,2026-02-26
응암3동,1,가좌로7길 33-2,696-1,37.5859296400,126.9174488000,2024,,02-351-7944,서울특별시 은평구청,2026-02-26
응암3동,1,응암로13길 23-6,592-14,37.5885270000,126.9146630000,2024,,02-351-7944,서울특별시 은평구청,2026-02-26
응암3동,1,가좌로7길 34,695-16,37.5866440000,126.9206120000,2024,,02-351-7944,서울특별시 은평구청,2026-02-26
응암3동,1,응암로4길 18-30,753-4,37.5906010000,126.9158780000,2024,,02-351-7944,서울특별시 은평구청,2026-02-26
응암3동,1,가좌로7길 10-2,752-17,37.5867718300,126.9197838000,,,02-351-7944,서울특별시 은평구청,2026-02-26
응암3동,1,가좌로 195,749-13,37.5880521000,126.9195336000,2018,,02-351-7944,서울특별시 은평구청,2026-02-26
응암3동,1,가좌로 195,793-13,37.5880521000,126.9195336000,2005,,02-351-7944,서울특별시 은평구청,2026-02-26
응암3동,1,가좌로 202-17,337-55,37.5891842000,126.9197152000,2006,,02-351-7944,서울특별시 은평구청,2026-02-26
응암3동,1,가좌로 220,576-55,37.5898306900,126.9177752000,2006,,02-351-7944,서울특별시 은평구청,2026-02-26
응암3동,1,가좌로7가길 33,270-77,37.5837620500,126.9204104000,2011,,02-351-7944,서울특별시 은평구청,2026-02-26
응암3동,1,응암로25길 5,124-6,37.5951099600,126.9176741000,2019,,02-351-7944,서울특별시 은평구청,2026-02-26
응암3동,1,응암로25길 8,120-22,37.5952885500,126.9173617000,,,02-351-7944,서울특별시 은평구청,2026-02-26
응암3동,1,응암로25길 8,120-22,37.5952885500,126.9173617000,2024,,02-351-7944,서울특별시 은평구청,2026-02-26
응암3동,1,응암로29길 11,120-13,37.5964680200,126.9178003000,2024,,02-351-7944,서울특별시 은평구청,2026-02-26
응암3동,1,응암로29길 11,120-13,37.5964680200,126.9178003000,2024,,02-351-7944,서울특별시 은평구청,2026-02-26
응암3동,1,응암로12길 28,752-1,37.5871014800,126.9195246000,2024,,02-351-7944,서울특별시 은평구청,2026-02-26
응암3동,1,응암로9길 10-26,597-12,37.5893910000,126.9175490000,2024,,02-351-7944,서울특별시 은평구청,2026-02-26
응암3동,1,불광천길 430-1,580-15,37.5933030000,126.9167110000,2019,,02-351-7944,서울특별시 은평구청,2026-02-26
응암3동,1,가좌로10길 29-21,581-25,37.5927430000,126.9165950000,2011,,02-351-7944,서울특별시 은평구청,2026-02-26
응암3동,1,불광천길 442-29,582-18,37.5927910000,126.9158690000,2007,,02-351-7944,서울특별시 은평구청,2026-02-26
응암3동,1,불광천길 410-5,583-37,37.5925310000,126.9151370000,2011,,02-351-7944,서울특별시 은평구청,2026-02-26
응암3동,1,가좌로7라길 12-5,701-24,37.5861730000,126.9173920000,2024,,02-351-7944,서울특별시 은평구청,2026-02-26
응암3동,1,가좌로7가길 8-24,731-29,37.5847495100,126.9201265000,2007,,02-351-7944,서울특별시 은평구청,2026-02-26
응암3동,1,가좌로 208,334-12,37.5890311200,126.9187819000,2008,,02-351-7944,서울특별시 은평구청,2026-02-26
응암3동,1,가좌로 236,577-30,37.5909477100,126.9164101000,2007,,02-351-7944,서울특별시 은평구청,2026-02-26
응암3동,1,가좌로10길 11-1,584-1,37.5919202800,126.9165020000,2024,,02-351-7944,서울특별시 은평구청,2026-02-26
응암3동,1,불광천길 436,580-4,37.5934518600,126.9151421000,2023,,02-351-7944,서울특별시 은평구청,2026-02-26
응암3동,1,응암로29길 15,118-20,37.5966112500,126.9174914000,2015,,02-351-7944,서울특별시 은평구청,2026-02-26
응암3동,1,응암로5길 2-3,594-44,37.5863900000,126.9154750000,2007,,02-351-7944,서울특별시 은평구청,2026-02-26
응암3동,1,응암로7길 13-1,594-70,37.5944320000,126.9160380000,2023,,02-351-7944,서울특별시 은평구청,2026-02-26
응암3동,1,응암로7길 11,594-18,37.5867800000,126.9147790000,2023,,02-351-7944,서울특별시 은평구청,2026-02-26
응암3동,1,응암로7길 11-4,594-14,37.5871320000,126.9148420000,,,02-351-7944,서울특별시 은평구청,2026-02-26
응암3동,1,응암로7길 7-1,594-19,37.5868220200,126.9150710000,2011,,02-351-7944,서울특별시 은평구청,2026-02-26
응암3동,1,응암로7길 3-2,594-57,37.5864240000,126.9153160000,2018,,02-351-7944,서울특별시 은평구청,2026-02-26
응암3동,1,응암로9길 7-2,595-10,37.5871150000,126.9159400000,2024,,02-351-7944,서울특별시 은평구청,2026-02-26
응암3동,1,가좌로7길 29,696-49,37.5844140000,126.9171340000,2016,,02-351-7944,서울특별시 은평구청,2026-02-26
응암3동,1,가좌로7길 31-6,696-33,37.5857543900,126.9176092000,2018,,02-351-7944,서울특별시 은평구청,2026-02-26
응암3동,1,가좌로7길 33-1,696-31,37.5859352900,126.9175853000,2006,,02-351-7944,서울특별시 은평구청,2026-02-26
응암3동,1,가좌로7길 37-1,756-2,37.5877370000,126.9219550000,2011,,02-351-7944,서울특별시 은평구청,2026-02-26
응암3동,1,가좌로7라길 18,701-3,37.5849660000,126.9174430000,2024,,02-351-7944,서울특별시 은평구청,2026-02-26
응암3동,1,가좌로7라길 25,700-19,37.5841564400,126.9163596000,,,02-351-7944,서울특별시 은평구청,2026-02-26
응암3동,1,가좌로7라길 25-1,700,37.5840475600,126.9163521000,,,02-351-7944,서울특별시 은평구청,2026-02-26
응암3동,1,응암로4길 5 월편,603-108,,,2011,,02-351-7944,서울특별시 은평구청,2026-02-26
응암3동,1,가좌로7나길 30,694-1,37.5838990000,126.9180360000,2006,,02-351-7944,서울특별시 은평구청,2026-02-26
응암3동,1,가좌로7가길 25-20,733-61,37.5849530000,126.9160620000,2006,,02-351-7944,서울특별시 은평구청,2026-02-26
응암3동,1,가좌로7가길 35,270-87,37.5835458200,126.9204664000,2024,,02-351-7944,서울특별시 은평구청,2026-02-26
응암3동,1,응암로 142-28,741-3,37.5871840000,126.9215780000,2004,,02-351-7944,서울특별시 은평구청,2026-02-26
응암3동,1,응암로12길 3,601-61,37.5880840000,126.9174770000,2007,,02-351-7944,서울특별시 은평구청,2026-02-26
응암3동,1,가좌로 213-1,601-2,37.5865630000,126.9206810000,2007,,02-351-7944,서울특별시 은평구청,2026-02-26
응암3동,1,응암로4길 25,603-1,37.5871080000,126.9171970000,2007,,02-351-7944,서울특별시 은평구청,2026-02-26
응암3동,1,백련산로 9-33,675-4,37.5870700900,126.9219977000,2007,,02-351-7944,서울특별시 은평구청,2026-02-26
응암3동,1,가좌로6길 11,673-20,37.5877105600,126.9214722000,2019,,02-351-7944,서울특별시 은평구청,2026-02-26
응암3동,1,가좌로6길 11,673-20,37.5877105600,126.9214722000,2019,,02-351-7944,서울특별시 은평구청,2026-02-26
응암3동,1,응암로4길 17-2,603-27,37.5865740000,126.9169100000,2019,,02-351-7944,서울특별시 은평구청,2026-02-26
응암3동,1,응암로4길 21-1,603-15,37.5857370000,126.9180100000,2019,,02-351-7944,서울특별시 은평구청,2026-02-26
응암3동,1,응암로4길 18-4,695-1,37.5861120000,126.9175960000,,,02-351-7944,서울특별시 은평구청,2026-02-26
응암3동,1,가좌로9길 16-11,587-1,37.5901970700,126.9147639000,,,02-351-7944,서울특별시 은평구청,2026-02-26
응암3동,1,가좌로 244-15,584-29,37.5962420000,126.9178460000,2019,,02-351-7944,서울특별시 은평구청,2026-02-26
응암3동,1,,와산교-1,,,2019,,02-351-7944,서울특별시 은평구청,2026-02-26
응암3동,1,,와산교-2,,,2019,,02-351-7944,서울특별시 은평구청,2026-02-26
응암3동,1,,와산교-3,,,2019,,02-351-7944,서울특별시 은평구청,2026-02-26
응암3동,1,,와산교-4,,,2019,,02-351-7944,서울특별시 은평구청,2026-02-26
응암3동,1,,와산교-5,,,2019,,02-351-7944,서울특별시 은평구청,2026-02-26
응암3동,1,,와산교-6,,,2019,,02-351-7944,서울특별시 은평구청,2026-02-26
응암3동,1,,와산교-7,,,2019,,02-351-7944,서울특별시 은평구청,2026-02-26
응암3동,1,,와산교-8,,,2019,,02-351-7944,서울특별시 은평구청,2026-02-26
응암3동,1,응암로9길 10-17,596-10,37.5878968000,126.9153286000,2019,,02-351-7944,서울특별시 은평구청,2026-02-26
응암3동,1,응암로13길 22,591,37.5890930700,126.9149612000,,,02-351-7944,서울특별시 은평구청,2026-02-26
응암3동,1,,신응교-1,,,,,02-351-7944,서울특별시 은평구청,2026-02-26
응암3동,1,,신응교-2,,,,,02-351-7944,서울특별시 은평구청,2026-02-26
응암3동,1,,신응교-3,,,,,02-351-7944,서울특별시 은평구청,2026-02-26
응암3동,1,,신응교-4,,,,,02-351-7944,서울특별시 은평구청,2026-02-26
응암3동,1,,신응교-5,,,2024,,02-351-7944,서울특별시 은평구청,2026-02-26
응암3동,1,,신응교-6,,,2024,,02-351-7944,서울특별시 은평구청,2026-02-26
응암3동,1,,신응교-7,,,2024,,02-351-7944,서울특별시 은평구청,2026-02-26
응암3동,1,,신응교-8,,,2024,,02-351-7944,서울특별시 은평구청,2026-02-26
응암3동,1,,신응교-9,,,2024,,02-351-7944,서울특별시 은평구청,2026-02-26
응암3동,1,,신응교-10,,,,,02-351-7944,서울특별시 은평구청,2026-02-26
응암3동,1,신흥상가교,122-32,,,,,02-351-7944,서울특별시 은평구청,2026-02-26
응암3동,1,신흥상가교,122-32,,,,,02-351-7944,서울특별시 은평구청,2026-02-26
응암3동,1,가좌로5길 5,,37.5859699100,126.9218541000,,,02-351-7944,서울특별시 은평구청,2026-02-26
응암3동,1,가좌로5길 5,,37.5859699100,126.9218541000,,,02-351-7944,서울특별시 은평구청,2026-02-26
응암3동,1,,,,,,,02-351-7944,서울특별시 은평구청,2026-02-26
응암3동,1,가좌로10길 2,577-28,37.5910005800,126.9165170000,,,02-351-7944,서울특별시 은평구청,2026-02-26
응암3동,1,가좌로 236,577-30,37.5909477100,126.9164101000,,,02-351-7944,서울특별시 은평구청,2026-02-26
응암3동,1,응암로25길 3-16,124-12,37.5943116200,126.9173413000,,,02-351-7944,서울특별시 은평구청,2026-02-26
응암3동,1,불광천길 420,583-34,37.5926659200,126.9149692000,,,02-351-7944,서울특별시 은평구청,2026-02-26
응암3동,1,불광천길 436,580-4,37.5934518600,126.9151421000,,,02-351-7944,서울특별시 은평구청,2026-02-26
증산동,1,증산서길 20,221-1,37.5788900000,126.9015450000,2007,,02-351-7944,서울특별시 은평구청,2026-02-26
증산동,1,증산서길 14-11,221-5,37.5788140000,126.9020670000,2007,,02-351-7944,서울특별시 은평구청,2026-02-26
증산동,1,증산서길 14-15,221-8,37.5786450000,126.9023190000,2007,,02-351-7944,서울특별시 은평구청,2026-02-26
증산동,1,증산서길 14-15,221-8,37.5786450000,126.9023190000,2007,,02-351-7944,서울특별시 은평구청,2026-02-26
증산동,1,증산서길 20-22,221-9,37.5786590000,126.9028620000,2016,,02-351-7944,서울특별시 은평구청,2026-02-26
증산동,1,증산서길 20-22,221-9,37.5786590000,126.9028620000,2016,,02-351-7944,서울특별시 은평구청,2026-02-26
증산동,1,증산서길 20-19,219-8,37.5790730000,126.9027540000,2016,,02-351-7944,서울특별시 은평구청,2026-02-26
증산동,1,증산서길 20-6,221-3,37.5790690000,126.9023240000,2016,,02-351-7944,서울특별시 은평구청,2026-02-26
증산동,1,증산로 221,220-1,37.5787470000,126.9035630000,2013,,02-351-7944,서울특별시 은평구청,2026-02-26
증산동,1,증산로 221,220-1,37.5787470000,126.9035630000,2019,,02-351-7944,서울특별시 은평구청,2026-02-26
증산동,1,증산로1길 6-10,179-6,37.5792830000,126.9040190000,2018,,02-351-7944,서울특별시 은평구청,2026-02-26
증산동,1,증산로 237-1,179-9,37.5796560000,126.9044780000,2018,,02-351-7944,서울특별시 은평구청,2026-02-26
증산동,1,증산로1길 6-20,179-8,37.5795740000,126.9043660000,2013,,02-351-7944,서울특별시 은평구청,2026-02-26
증산동,1,증산로3길 5-7,178-12,37.5804020000,126.9052140000,2018,,02-351-7944,서울특별시 은평구청,2026-02-26
증산동,1,증산로3길 5-15,178-9,37.5801560000,126.9049460000,2018,,02-351-7944,서울특별시 은평구청,2026-02-26
증산동,1,증산서길 69-2,209-24,37.5829200000,126.9056410000,2005,,02-351-7944,서울특별시 은평구청,2026-02-26
증산동,1,증산로 249,178-1,37.5804320000,126.9055420000,2019,,02-351-7944,서울특별시 은평구청,2026-02-26
증산동,1,증산로13가길 29,131-138,37.5882410000,126.9081560000,2007,,02-351-7944,서울특별시 은평구청,2026-02-26
증산동,1,증산로7길 10-9,171-10,37.5843510000,126.9084170000,2008,,02-351-7944,서울특별시 은평구청,2026-02-26
증산동,1,증산로13길 44-5,254-,37.5850980000,126.9034130000,2019,,02-351-7944,서울특별시 은평구청,2026-02-26
증산동,1,,산18-2,,,,,02-351-7944,서울특별시 은평구청,2026-02-26
증산동,1,증산서길 153,158-17,37.5882300000,126.9118480000,2013,,02-351-7944,서울특별시 은평구청,2026-02-26
증산동,1,증산로1길 24-3,217,37.5804370000,126.9031640000,2018,,02-351-7944,서울특별시 은평구청,2026-02-26
증산동,1,증산로1길 24-3,217,37.5804370000,126.9031640000,2018,,02-351-7944,서울특별시 은평구청,2026-02-26
증산동,1,증산로1길 24-3,217,37.5804370000,126.9031640000,2018,,02-351-7944,서울특별시 은평구청,2026-02-26
증산동,1,증산로1길 24-3,217,37.5804370000,126.9031640000,2018,,02-351-7944,서울특별시 은평구청,2026-02-26
증산동,1,증산로3길 26-1,244,37.5818490000,126.9029060000,2018,,02-351-7944,서울특별시 은평구청,2026-02-26
증산동,1,증산로3길 26-1,244,37.5818490000,126.9029060000,2018,,02-351-7944,서울특별시 은평구청,2026-02-26
증산동,1,증산로3길 26-1,244,37.5818490000,126.9029060000,2018,,02-351-7944,서울특별시 은평구청,2026-02-26
증산동,1,증산로3길 26-1,244,37.5818490000,126.9029060000,2018,,02-351-7944,서울특별시 은평구청,2026-02-26
증산동,1,증산로3길 26-1,244,37.5818490000,126.9029060000,2018,,02-351-7944,서울특별시 은평구청,2026-02-26
증산동,1,증산로3길 26-1,244,37.5818490000,126.9029060000,2018,,02-351-7944,서울특별시 은평구청,2026-02-26
증산동,1,증산로3길 26-1,244,37.5818490000,126.9029060000,2018,,02-351-7944,서울특별시 은평구청,2026-02-26
증산동,1,증산로3길 26-1,244,37.5818490000,126.9029060000,2018,,02-351-7944,서울특별시 은평구청,2026-02-26
증산동,1,증산로3길 26,211-14,37.5818300000,126.9037330000,2016,,02-351-7944,서울특별시 은평구청,2026-02-26
증산동,1,증산로3길 26-7,213-2,37.5822080000,126.9037160000,2016,,02-351-7944,서울특별시 은평구청,2026-02-26
증산동,1,증산서길 61,212,37.5823860000,126.9044600000,2008,,02-351-7944,서울특별시 은평구청,2026-02-26
증산동,1,증산서길 61,212,37.5823860000,126.9044600000,2016,,02-351-7944,서울특별시 은평구청,2026-02-26
증산동,1,증산서길 61,212,37.5823860000,126.9044600000,2016,,02-351-7944,서울특별시 은평구청,2026-02-26
증산동,1,증산로3길 20,210-11,37.5816020000,126.9044150000,2007,,02-351-7944,서울특별시 은평구청,2026-02-26
증산동,1,증산서길 61,212,37.5823860000,126.9044600000,2013,,02-351-7944,서울특별시 은평구청,2026-02-26
증산동,1,증산서길 61,212,37.5823860000,126.9044600000,2013,,02-351-7944,서울특별시 은평구청,2026-02-26
증산동,1,증산서길 61,212,37.5823860000,126.9044600000,2013,,02-351-7944,서울특별시 은평구청,2026-02-26
증산동,1,증산서길 61,212,37.5823860000,126.9044600000,2019,,02-351-7944,서울특별시 은평구청,2026-02-26
증산동,1,증산서길 61,212,37.5823860000,126.9044600000,2016,,02-351-7944,서울특별시 은평구청,2026-02-26
증산동,1,증산서길 61,212,37.5823860000,126.9044600000,2016,,02-351-7944,서울특별시 은평구청,2026-02-26
증산동,1,증산서길 61,212,37.5823860000,126.9044600000,2016,,02-351-7944,서울특별시 은평구청,2026-02-26
증산동,1,증산로5길 27-30,207-11,37.5833890000,126.9047510000,2007,,02-351-7944,서울특별시 은평구청,2026-02-26
증산동,1,증산로5길 27-19,208-15,37.5833660000,126.9051370000,2007,,02-351-7944,서울특별시 은평구청,2026-02-26
증산동,1,증산로5길 27-30,207-11,37.5833890000,126.9047510000,2008,,02-351-7944,서울특별시 은평구청,2026-02-26
증산동,1,증산로5길 27-6,207-8,37.5839260000,126.9053440000,2007,,02-351-7944,서울특별시 은평구청,2026-02-26
증산동,1,증산로5길 32,203-32,37.5843950000,126.9053370000,2016,,02-351-7944,서울특별시 은평구청,2026-02-26
증산동,1,증산로5길 33-7,207-17,37.5839410000,126.9050150000,2016,,02-351-7944,서울특별시 은평구청,2026-02-26
증산동,1,증산로5길 35-9,206-1,37.5844780000,126.9046110000,2016,,02-351-7944,서울특별시 은평구청,2026-02-26
증산동,1,증산로5길 37-9,73-14,37.5847920000,126.9044140000,2011,,02-351-7944,서울특별시 은평구청,2026-02-26
증산동,1,,산18-2,37.5850980000,126.9034130000,2007,,02-351-7944,서울특별시 은평구청,2026-02-26
증산동,1,증산서길 61,212,37.5823860000,126.9044600000,2016,,02-351-7944,서울특별시 은평구청,2026-02-26
증산동,1,,산18-2,37.5850980000,126.9034130000,2007,,02-351-7944,서울특별시 은평구청,2026-02-26
증산동,1,,산21,37.5848800000,126.9041640000,2008,,02-351-7944,서울특별시 은평구청,2026-02-26
증산동,1,,산21,37.5848800000,126.9041640000,2008,,02-351-7944,서울특별시 은평구청,2026-02-26
증산동,1,,산21,37.5848800000,126.9041640000,2007,,02-351-7944,서울특별시 은평구청,2026-02-26
증산동,1,,산20,37.5843980000,126.9018500000,2010,,02-351-7944,서울특별시 은평구청,2026-02-26
증산동,1,,산18-5,37.5846580000,126.9036120000,2019,,02-351-7944,서울특별시 은평구청,2026-02-26
증산동,1,,산18-5,37.5846580000,126.9036120000,2019,,02-351-7944,서울특별시 은평구청,2026-02-26
증산동,1,,산18-6,37.5843280000,126.9030280000,2019,,02-351-7944,서울특별시 은평구청,2026-02-26
증산동,1,증산로5길 38,204-51,37.5847080000,126.9051060000,2016,,02-351-7944,서울특별시 은평구청,2026-02-26
증산동,1,증산로5길 35-10,Dec-73,37.5846500000,126.9046540000,2005,,02-351-7944,서울특별시 은평구청,2026-02-26
증산동,1,증산로5길 37-11,Jan-73,37.5848820000,126.9044240000,2007,,02-351-7944,서울특별시 은평구청,2026-02-26
증산동,1,증산로5길 37-11,Jan-78,37.5853180000,126.9048250000,2006,,02-351-7944,서울특별시 은평구청,2026-02-26
증산동,1,증산로5길 42,76,37.5850760000,126.9049420000,2006,,02-351-7944,서울특별시 은평구청,2026-02-26
증산동,1,증산로5길 46,79,37.5852670000,126.9050980000,2008,,02-351-7944,서울특별시 은평구청,2026-02-26
증산동,1,증산로5길 40,Mar-75,37.5848700000,126.9050920000,2006,,02-351-7944,서울특별시 은평구청,2026-02-26
증산동,1,증산로5길 36-11,204-46,37.5849560000,126.9055660000,2016,,02-351-7944,서울특별시 은평구청,2026-02-26
증산동,1,증산로5길 46-10,Jan-75,37.5849430000,126.9051820000,2005,,02-351-7944,서울특별시 은평구청,2026-02-26
증산동,1,증산로5길 36-30,203-21,37.5849130000,126.9058160000,2016,,02-351-7944,서울특별시 은평구청,2026-02-26
증산동,1,증산로5길 31-4,204-36,37.5851750000,126.9058910000,2016,,02-351-7944,서울특별시 은평구청,2026-02-26
증산동,1,,92-137,37.5856630000,126.9060430000,2007,,02-351-7944,서울특별시 은평구청,2026-02-26
증산동,1,증산로7길 31-10,Apr-81,37.5853250000,126.9055380000,2019,,02-351-7944,서울특별시 은평구청,2026-02-26
증산동,1,증산로7길 31-15,81-13,37.5853840000,126.9051070000,2006,,02-351-7944,서울특별시 은평구청,2026-02-26
증산동,1,증산로5길 36-24,203-17,37.5849420000,126.9060760000,2007,,02-351-7944,서울특별시 은평구청,2026-02-26
증산동,1,증산로5길 28-13,203-25,37.5846150000,126.9057410000,2016,,02-351-7944,서울특별시 은평구청,2026-02-26
증산동,1,증산로5길 32,203-32,37.5843950000,126.9053370000,2006,,02-351-7944,서울특별시 은평구청,2026-02-26
증산동,1,증산로7길 27-12,203-9,37.5845630000,126.9060360000,2016,,02-351-7944,서울특별시 은평구청,2026-02-26
증산동,1,증산로7길 27-10,203-8,37.5847180000,126.9061700000,2019,,02-351-7944,서울특별시 은평구청,2026-02-26
증산동,1,증산로7길 31,203-1,37.5851410000,126.9061070000,2005,,02-351-7944,서울특별시 은평구청,2026-02-26
증산동,1,증산로9길 32-13,93-14,37.5870850000,126.9078790000,2010,,02-351-7944,서울특별시 은평구청,2026-02-26
증산동,1,증산로7길 25-2,187-1,37.5846940000,126.9064760000,2018,,02-351-7944,서울특별시 은평구청,2026-02-26
증산동,1,증산로7길 25-1,187-7,37.5847660000,126.9065320000,2006,,02-351-7944,서울특별시 은평구청,2026-02-26
증산동,1,증산로7길 23,187-14,37.5845620000,126.9068850000,2006,,02-351-7944,서울특별시 은평구청,2026-02-26
증산동,1,증산로7길 23,187-14,37.5845620000,126.9068850000,2006,,02-351-7944,서울특별시 은평구청,2026-02-26
증산동,1,증산서길 103,189-18,37.5853020000,126.9079390000,2011,,02-351-7944,서울특별시 은평구청,2026-02-26
증산동,1,증산서길 91,187-18,37.5843670000,126.9071490000,2013,,02-351-7944,서울특별시 은평구청,2026-02-26
증산동,1,증산서길 87,187-25,37.5843820000,126.9068650000,2013,,02-351-7944,서울특별시 은평구청,2026-02-26
증산동,1,증산서길 87,187-25,37.5843820000,126.9068650000,2013,,02-351-7944,서울특별시 은평구청,2026-02-26
증산동,1,증산서길 87,187-25,37.5843820000,126.9068650000,2016,,02-351-7944,서울특별시 은평구청,2026-02-26
증산동,1,증산로5길 19,209-3,37.5834450000,126.9059280000,2016,,02-351-7944,서울특별시 은평구청,2026-02-26
증산동,1,증산로5길 19,209-4,37.5833200000,126.9059980000,2000,,02-351-7944,서울특별시 은평구청,2026-02-26
증산동,1,증산서길 75,209-5,37.5832130000,126.9061240000,2013,,02-351-7944,서울특별시 은평구청,2026-02-26
증산동,1,증산서길 71-1,209-28,37.5830220000,126.9059120000,2013,,02-351-7944,서울특별시 은평구청,2026-02-26
증산동,1,증산로5길 23-12,208-36,37.5837050000,126.9057660000,2016,,02-351-7944,서울특별시 은평구청,2026-02-26
증산동,1,증산로5길 23-15,209-10,37.5831000000,126.9055820000,2016,,02-351-7944,서울특별시 은평구청,2026-02-26
증산동,1,증산서길 63-10,208-25,37.5828950000,126.9049290000,2016,,02-351-7944,서울특별시 은평구청,2026-02-26
증산동,1,증산서길 69,209-22,37.5827400000,126.9056780000,2013,,02-351-7944,서울특별시 은평구청,2026-02-26
증산동,1,증산서길 71,209-26,37.5829030000,126.9058000000,2018,,02-351-7944,서울특별시 은평구청,2026-02-26
증산동,1,증산로13길 23-2,243-17,37.5879140000,126.9097920000,2005,,02-351-7944,서울특별시 은평구청,2026-02-26
증산동,1,증산로9길 32-23,Feb-93,37.5867580000,126.9075210000,2010,,02-351-7944,서울특별시 은평구청,2026-02-26
증산동,1,증산로3길 8,176-17,37.5811690000,126.9053500000,2006,,02-351-7944,서울특별시 은평구청,2026-02-26
증산동,1,증산로3길 12-19,184-6,37.5816940000,126.9055690000,2016,,02-351-7944,서울특별시 은평구청,2026-02-26
증산동,1,증산로3길 12-25,184-2,37.5818120000,126.9056920000,2016,,02-351-7944,서울특별시 은평구청,2026-02-26
증산동,1,증산서길 64-8,184-1,37.5819570000,126.9057800000,2016,,02-351-7944,서울특별시 은평구청,2026-02-26
증산동,1,증산로9길 32-8,202-9,37.5863550000,126.9077880000,2016,,02-351-7944,서울특별시 은평구청,2026-02-26
증산동,1,증산서길 64-13,175-7,37.5820780000,126.9061750000,2016,,02-351-7944,서울특별시 은평구청,2026-02-26
증산동,1,증산로5길 11-13,175-15,37.5823700000,126.9065440000,2016,,02-351-7944,서울특별시 은평구청,2026-02-26
증산동,1,증산로5길 13,185-1,37.5828560000,126.9064920000,2016,,02-351-7944,서울특별시 은평구청,2026-02-26
증산동,1,증산로5길 13,185-1,37.5828560000,126.9064920000,2016,,02-351-7944,서울특별시 은평구청,2026-02-26
증산동,1,증산로3길 3,178-14,37.5805570000,126.9053700000,2019,,02-351-7944,서울특별시 은평구청,2026-02-26
증산동,1,증산로7길 11-12,186-4,37.5834650000,126.9070830000,2016,,02-351-7944,서울특별시 은평구청,2026-02-26
증산동,1,증산로7길 11-12,186-4,37.5834650000,126.9070830000,2016,,02-351-7944,서울특별시 은평구청,2026-02-26
증산동,1,증산로7길 11-5,172-40,37.5838230000,126.9077790000,2016,,02-351-7944,서울특별시 은평구청,2026-02-26
증산동,1,증산로9길 20-22,192-51,37.5865900000,126.9088260000,2008,,02-351-7944,서울특별시 은평구청,2026-02-26
증산동,1,증산로7길 13,186-23,37.5840380000,126.9076860000,2011,,02-351-7944,서울특별시 은평구청,2026-02-26
증산동,1,증산로7길 9,172-42,37.5838430000,126.9079720000,2010,,02-351-7944,서울특별시 은평구청,2026-02-26
증산동,1,증산로7길 9-12,172-22,37.5835520000,126.9077150000,2007,,02-351-7944,서울특별시 은평구청,2026-02-26
증산동,1,증산로7길 9-19,172-7,37.5831720000,126.9075510000,2006,,02-351-7944,서울특별시 은평구청,2026-02-26
증산동,1,증산로 291,173-1,37.5833980000,126.9085670000,2010,,02-351-7944,서울특별시 은평구청,2026-02-26
증산동,1,증산로7길 7-8,172-3,37.5835010000,126.9080450000,2009,,02-351-7944,서울특별시 은평구청,2026-02-26
증산동,1,증산로7길 7-20,172-35,37.5831000000,126.9076200000,2009,,02-351-7944,서울특별시 은평구청,2026-02-26
증산동,1,증산로7길 7-24,172-9,37.5829450000,126.9074070000,2009,,02-351-7944,서울특별시 은평구청,2026-02-26
증산동,1,증산로5길 7,175-22,37.5825550000,126.9070960000,2018,,02-351-7944,서울특별시 은평구청,2026-02-26
증산동,1,증산로5길 3,174-15,37.5823060000,126.9074390000,2016,,02-351-7944,서울특별시 은평구청,2026-02-26
증산동,1,증산로5길 5-12,175-3,37.5823440000,126.9067250000,2013,,02-351-7944,서울특별시 은평구청,2026-02-26
증산동,1,증산로9길 31-24,,37.5859394500,126.9074830000,,,02-351-7944,서울특별시 은평구청,2026-02-26
증산동,1,증산로5길 5-24,175-6,37.5820350000,126.9063680000,2013,,02-351-7944,서울특별시 은평구청,2026-02-26
증산동,1,증산로5길 5-16,175-14,37.5821990000,126.9065690000,2013,,02-351-7944,서울특별시 은평구청,2026-02-26
증산동,1,증산로3길 8-25,,37.5816922500,126.9061766000,,,02-351-7944,서울특별시 은평구청,2026-02-26
증산동,1,증산로9길 31-20,205-12,37.5858290000,126.9074560000,2006,,02-351-7944,서울특별시 은평구청,2026-02-26
증산동,1,증산로 265,174-7,37.5815790000,126.9068160000,2006,,02-351-7944,서울특별시 은평구청,2026-02-26
증산동,1,증산서길 64-18,176-1,37.5817360000,126.9061800000,2013,,02-351-7944,서울특별시 은평구청,2026-02-26
증산동,1,증산서길 121-8,191-32,37.5862740000,126.9097250000,2016,,02-351-7944,서울특별시 은평구청,2026-02-26
증산동,1,증산로3길 8-19,176-4,37.5814350000,126.9058670000,2013,,02-351-7944,서울특별시 은평구청,2026-02-26
증산동,1,증산로13길 38-15,131-97,37.5879280000,126.9084100000,2006,,02-351-7944,서울특별시 은평구청,2026-02-26
증산동,1,증산로3길 8-15,176-6,37.5813160000,126.9056760000,2013,,02-351-7944,서울특별시 은평구청,2026-02-26
증산동,1,증산로 253,177-6,37.5808770000,126.9058980000,2013,,02-351-7944,서울특별시 은평구청,2026-02-26
증산동,1,증산로7길 6-2,169-27,37.5838310000,126.9086850000,2009,,02-351-7944,서울특별시 은평구청,2026-02-26
증산동,1,증산로7길 6-10,169-24,37.5839950000,126.9088530000,2009,,02-351-7944,서울특별시 은평구청,2026-02-26
증산동,1,증산로7길 6-18,169-20,37.5841590000,126.9090650000,2009,,02-351-7944,서울특별시 은평구청,2026-02-26
증산동,1,증산로 303,249,37.5841800000,126.9094270000,2009,,02-351-7944,서울특별시 은평구청,2026-02-26
증산동,1,증산로 303,249,37.5841800000,126.9094270000,2016,,02-351-7944,서울특별시 은평구청,2026-02-26
증산동,1,증산로 303,249,37.5841800000,126.9094270000,2016,,02-351-7944,서울특별시 은평구청,2026-02-26
증산동,1,증산로13길 24,134-5,37.5882520000,126.9102400000,2007,,02-351-7944,서울특별시 은평구청,2026-02-26
증산동,1,증산로11길 38,201-13,37.5871670000,126.9088630000,2006,,02-351-7944,서울특별시 은평구청,2026-02-26
증산동,1,증산로9길 5,168-4,37.5847960000,126.9097010000,2016,,02-351-7944,서울특별시 은평구청,2026-02-26
증산동,1,증산로 307,168-1,37.5845010000,126.9099660000,2011,,02-351-7944,서울특별시 은평구청,2026-02-26
증산동,1,증산로9길 9,167-3,37.5850080000,126.9092570000,2011,,02-351-7944,서울특별시 은평구청,2026-02-26
증산동,1,증산로9길 11,167-2,37.5852300000,126.9089360000,2011,,02-351-7944,서울특별시 은평구청,2026-02-26
증산동,1,증산서길 106,167-17,37.5851980000,126.9084160000,2006,,02-351-7944,서울특별시 은평구청,2026-02-26
증산동,1,증산서길 106-9,167-18,37.5850110000,126.9086230000,2016,,02-351-7944,서울특별시 은평구청,2026-02-26
증산동,1,증산서길 106-17,167-12,37.5847890000,126.9090220000,2016,,02-351-7944,서울특별시 은평구청,2026-02-26
증산동,1,증산로7길 12-17,188-6,37.5847380000,126.9083320000,2016,,02-351-7944,서울특별시 은평구청,2026-02-26
증산동,1,증산로7길 12-9,188-21,37.5844470000,126.9080650000,2016,,02-351-7944,서울특별시 은평구청,2026-02-26
증산동,1,증산로7길 10-13,170-2,37.5843180000,126.9087690000,2016,,02-351-7944,서울특별시 은평구청,2026-02-26
증산동,1,증산로7길 14,188-25,37.5842110000,126.9078640000,2016,,02-351-7944,서울특별시 은평구청,2026-02-26
증산동,1,증산서길 95,189-18,37.5846760000,126.9074840000,2013,,02-351-7944,서울특별시 은평구청,2026-02-26
증산동,1,증산서길 97,189-27,37.5848490000,126.9076290000,2013,,02-351-7944,서울특별시 은평구청,2026-02-26
증산동,1,증산서길 99,189-26,37.5849670000,126.9077290000,2018,,02-351-7944,서울특별시 은평구청,2026-02-26
증산동,1,증산서길 103,189-18,37.5853020000,126.9079390000,2013,,02-351-7944,서울특별시 은평구청,2026-02-26
증산동,1,증산서길 107,189-3,37.5854420000,126.9085030000,2013,,02-351-7944,서울특별시 은평구청,2026-02-26
증산동,1,증산로9길 19,189-1,37.5856490000,126.9084210000,2019,,02-351-7944,서울특별시 은평구청,2026-02-26
증산동,1,증산로9길 21-8,189-12,37.5855910000,126.9080590000,2008,,02-351-7944,서울특별시 은평구청,2026-02-26
증산동,1,증산로9길 25-5,189-63,37.5856530000,126.9078890000,2019,,02-351-7944,서울특별시 은평구청,2026-02-26
증산동,1,증산로9길 24,190-8,37.5859450000,126.9083030000,2016,,02-351-7944,서울특별시 은평구청,2026-02-26
증산동,1,증산로9길 26,190-9,37.5860250000,126.9081320000,2016,,02-351-7944,서울특별시 은평구청,2026-02-26
증산동,1,증산로9길 26-3,202-16,37.5860770000,126.9079620000,2016,,02-351-7944,서울특별시 은평구청,2026-02-26
증산동,1,증산로9길 25-11,189-61,37.5854610000,126.9075520000,2016,,02-351-7944,서울특별시 은평구청,2026-02-26
증산동,1,증산로7길 28-15,205-42,37.5854760000,126.9072570000,2006,,02-351-7944,서울특별시 은평구청,2026-02-26
증산동,1,증산로7길 28-13,205-33,37.5853920000,126.9069410000,2016,,02-351-7944,서울특별시 은평구청,2026-02-26
증산동,1,증산로7길 22-14,189-35,37.5850000000,126.9074110000,2019,,02-351-7944,서울특별시 은평구청,2026-02-26
증산동,1,증산서길 101-12,189-23,37.5851520000,126.9073640000,2008,,02-351-7944,서울특별시 은평구청,2026-02-26
증산동,1,증산로7길 21,187-16,37.5844370000,126.9070120000,2008,,02-351-7944,서울특별시 은평구청,2026-02-26
증산동,1,증산로7길 22,189-40,37.5846100000,126.9071450000,2006,,02-351-7944,서울특별시 은평구청,2026-02-26
증산동,1,증산로7길 26,189-44,37.5848130000,126.9067010000,2006,,02-351-7944,서울특별시 은평구청,2026-02-26
증산동,1,,193-14,37.5872490000,126.9109220000,2010,,02-351-7944,서울특별시 은평구청,2026-02-26
증산동,1,증산로7길 28-20,189-57,37.5849860000,126.9069470000,2019,,02-351-7944,서울특별시 은평구청,2026-02-26
증산동,1,증산로7길 31,203-1,37.5851410000,126.9061070000,2016,,02-351-7944,서울특별시 은평구청,2026-02-26
증산동,1,증산로7길 32-13,204-28,37.5854740000,126.9060680000,2007,,02-351-7944,서울특별시 은평구청,2026-02-26
증산동,1,증산로7길 32-13,204-28,37.5854740000,126.9060680000,2007,,02-351-7944,서울특별시 은평구청,2026-02-26
증산동,1,증산로7길 32-23,204-25,37.5854940000,126.9062830000,2016,,02-351-7944,서울특별시 은평구청,2026-02-26
증산동,1,,92-37,37.5857890000,126.9060180000,2006,,02-351-7944,서울특별시 은평구청,2026-02-26
증산동,1,증산로9길 50-4,92-38,37.5858600000,126.9059380000,2007,,02-351-7944,서울특별시 은평구청,2026-02-26
증산동,1,,92-42,37.5859920000,126.9055630000,2010,,02-351-7944,서울특별시 은평구청,2026-02-26
증산동,1,증산로7길 32-31,204-19,37.5856760000,126.9065070000,2006,,02-351-7944,서울특별시 은평구청,2026-02-26
증산동,1,증산로7길 32-18,205-22,37.5856420000,126.9067340000,2016,,02-351-7944,서울특별시 은평구청,2026-02-26
증산동,1,증산로7길 32-35,204-16,37.5858490000,126.9066860000,2016,,02-351-7944,서울특별시 은평구청,2026-02-26
증산동,1,증산로9길 31-16,205-25,37.5856340000,126.9068700000,2008,,02-351-7944,서울특별시 은평구청,2026-02-26
증산동,1,증산로9길 41-7,204-8,37.5859770000,126.9068760000,2008,,02-351-7944,서울특별시 은평구청,2026-02-26
증산동,1,증산로9길 32,202-11,37.5862620000,126.9075290000,2016,,02-351-7944,서울특별시 은평구청,2026-02-26
증산동,1,증산로5길 11-24,185-4,37.5825810000,126.9059970000,2016,,02-351-7944,서울특별시 은평구청,2026-02-26
증산동,1,,200-31,37.5864230000,126.9073450000,2008,,02-351-7944,서울특별시 은평구청,2026-02-26
증산동,1,증산동 92-125,92-125,37.5863990000,126.9067230000,2016,,02-351-7944,서울특별시 은평구청,2026-02-26
증산동,1,증산로9길 40,92-81,37.5862720000,126.9065890000,1999,,02-351-7944,서울특별시 은평구청,2026-02-26
증산동,1,증산로9길 41,204-10,37.5861010000,126.9066820000,2016,,02-351-7944,서울특별시 은평구청,2026-02-26
증산동,1,증산로9길 45,92-136,37.5858000000,126.9063130000,2016,,02-351-7944,서울특별시 은평구청,2026-02-26
증산동,1,증산로9길 46-8,92-14,37.5861500000,126.9060700000,2016,,02-351-7944,서울특별시 은평구청,2026-02-26
증산동,1,증산로9길 46-16,92-17,37.5863640000,126.9058290000,2008,,02-351-7944,서울특별시 은평구청,2026-02-26
증산동,1,증산로9길 46-22,92-20,37.5867120000,126.9055520000,2006,,02-351-7944,서울특별시 은평구청,2026-02-26
증산동,1,증산로9길 46-25,92-25,37.5867550000,126.9052460000,2006,,02-351-7944,서울특별시 은평구청,2026-02-26
증산동,1,증산로9길 46-28,92-139,37.5869270000,126.9053450000,2006,,02-351-7944,서울특별시 은평구청,2026-02-26
증산동,1,증산로9길 44-29,Feb-92,37.5870540000,126.9054220000,2005,,02-351-7944,서울특별시 은평구청,2026-02-26
증산동,1,증산로9길 44-24,92-115,37.5869490000,126.9057860000,2016,,02-351-7944,서울특별시 은평구청,2026-02-26
증산동,1,증산로9길 44-14,92-112,37.5865730000,126.9060750000,2016,,02-351-7944,서울특별시 은평구청,2026-02-26
증산동,1,증산로9길 44-12,92-143,37.5864750000,126.9062120000,2007,,02-351-7944,서울특별시 은평구청,2026-02-26
증산동,1,증산로9길 44-5,Oct-92,37.5861150000,126.9062510000,2016,,02-351-7944,서울특별시 은평구청,2026-02-26
증산동,1,증산로9길 36-10,92-126,37.5867340000,126.9069100000,2019,,02-351-7944,서울특별시 은평구청,2026-02-26
증산동,1,증산로9길 32-17,92-117,37.5868360000,126.9071690000,2019,,02-351-7944,서울특별시 은평구청,2026-02-26
증산동,1,증산서길 159,158-1,37.5886670000,126.9122600000,2013,,02-351-7944,서울특별시 은평구청,2026-02-26
증산동,1,증산로7길 17,186-1,37.5842250000,126.9073770000,2011,,02-351-7944,서울특별시 은평구청,2026-02-26
증산동,1,증산로9길 32-8,202-7,37.5864270000,126.9078550000,2016,,02-351-7944,서울특별시 은평구청,2026-02-26
증산동,1,증산로9길 32-24,202-3,37.5870000000,126.9083440000,2005,,02-351-7944,서울특별시 은평구청,2026-02-26
증산동,1,증산로9길 32-49,200-20,37.5872330000,126.9082500000,2005,,02-351-7944,서울특별시 은평구청,2026-02-26
증산동,1,증산로11길 35,193-23,37.5871330000,126.9091580000,2016,,02-351-7944,서울특별시 은평구청,2026-02-26
증산동,1,증산로9길 26-30,192-41,37.5867160000,126.9088470000,2016,,02-351-7944,서울특별시 은평구청,2026-02-26
증산동,1,증산로9길 26-21,202-25,37.5867390000,126.9084050000,2005,,02-351-7944,서울특별시 은평구청,2026-02-26
증산동,1,증산로9길 26-18,190-17,37.5864240000,126.9084890000,2016,,02-351-7944,서울특별시 은평구청,2026-02-26
증산동,1,증산로9길 20-6,191-19,37.5858950000,126.9087000000,2016,,02-351-7944,서울특별시 은평구청,2026-02-26
증산동,1,증산로9길 20-14,192-35,37.5862040000,126.9089900000,2005,,02-351-7944,서울특별시 은평구청,2026-02-26
증산동,1,증산서길 125-39,192-11,37.5859150000,126.9089150000,2006,,02-351-7944,서울특별시 은평구청,2026-02-26
증산동,1,증산서길 125-79,192-19,37.5862150000,126.9092390000,2016,,02-351-7944,서울특별시 은평구청,2026-02-26
증산동,1,증산서길 125-73,192-23,37.5864610000,126.9094960000,2016,,02-351-7944,서울특별시 은평구청,2026-02-26
증산동,1,증산로9길 26-54,192-28,37.5867810000,126.9090500000,2007,,02-351-7944,서울특별시 은평구청,2026-02-26
증산동,1,증산서길 125-115,192-45,37.5867560000,126.9092420000,2016,,02-351-7944,서울특별시 은평구청,2026-02-26
증산동,1,증산서길 125-105,192-47,37.5866130000,126.9094480000,2016,,02-351-7944,서울특별시 은평구청,2026-02-26
증산동,1,증산서길 125-63,192-1,37.5864440000,126.9096770000,2016,,02-351-7944,서울특별시 은평구청,2026-02-26
증산동,1,증산로7길 6-6,169-30,37.5838330000,126.9088890000,2008,,02-351-7944,서울특별시 은평구청,2026-02-26
증산동,1,증산서길 121-7,191-31,37.5861550000,126.9095680000,2016,,02-351-7944,서울특별시 은평구청,2026-02-26
증산동,1,증산서길 125-31,191-25,37.5858000000,126.9091550000,2016,,02-351-7944,서울특별시 은평구청,2026-02-26
증산동,1,증산서길 123,191-2,37.5859960000,126.9099330000,2013,,02-351-7944,서울특별시 은평구청,2026-02-26
증산동,1,증산서길 125,191-1,37.5861060000,126.9101120000,2013,,02-351-7944,서울특별시 은평구청,2026-02-26
증산동,1,증산서길 121-5,191-40,37.5860750000,126.9096830000,2008,,02-351-7944,서울특별시 은평구청,2026-02-26
증산동,1,증산서길 117-1,191-8,37.5858480000,126.9095500000,2019,,02-351-7944,서울특별시 은평구청,2026-02-26
증산동,1,증산서길 117,191-10,37.5858290000,126.9094480000,2013,,02-351-7944,서울특별시 은평구청,2026-02-26
증산동,1,증산서길 113,191-14,37.5856540000,126.9089640000,2013,,02-351-7944,서울특별시 은평구청,2026-02-26
증산동,1,증산서길 111,191-15,37.5855810000,126.9088520000,2013,,02-351-7944,서울특별시 은평구청,2026-02-26
증산동,1,증산로7길 28-30,189-60,37.5852790000,126.9073730000,2008,,02-351-7944,서울특별시 은평구청,2026-02-26
증산동,1,증산로 333,250,37.5862270000,126.9115030000,,,02-351-7944,서울특별시 은평구청,2026-02-26
증산동,1,증산로9길 6-24,164-17,37.5855970000,126.9106070000,2016,,02-351-7944,서울특별시 은평구청,2026-02-26
증산동,1,증산로9길 6-14,164-12,37.5853230000,126.9102480000,2016,,02-351-7944,서울특별시 은평구청,2026-02-26
증산동,1,증산로9길 4,164-9,37.5848890000,126.9100960000,2016,,02-351-7944,서울특별시 은평구청,2026-02-26
증산동,1,증산서길 103-5,189-15,37.5854920000,126.9080610000,2007,,02-351-7944,서울특별시 은평구청,2026-02-26
증산동,1,증산로 333,250,37.5861460000,126.9115270000,2006,,02-351-7944,서울특별시 은평구청,2026-02-26
증산동,1,증산로13가길 36,131-83,37.5881830000,126.9077380000,2010,,02-351-7944,서울특별시 은평구청,2026-02-26
증산동,1,,131-50,37.5883570000,126.9080190000,2000,,02-351-7944,서울특별시 은평구청,2026-02-26
증산동,1,증산로9길 9,167-8,37.5850156500,126.9092855000,,,02-351-7944,서울특별시 은평구청,2026-02-26
증산동,1,증산로13길 32,131-32,37.5881630000,126.9094030000,2019,,02-351-7944,서울특별시 은평구청,2026-02-26
증산동,1,증산로7길 5-8,167-8,37.5849260000,126.9091790000,2010,,02-351-7944,서울특별시 은평구청,2026-02-26
증산동,1,증산로 237,179-1,37.5795420000,126.9047170000,2017,,02-351-7944,서울특별시 은평구청,2026-02-26
증산동,1,증산로15길 17-12,157-20,37.5886020000,126.9111290000,2007,,02-351-7944,서울특별시 은평구청,2026-02-26
증산동,1,증산로13가길 35-5,131-88,37.5879240000,126.9079570000,2008,,02-351-7944,서울특별시 은평구청,2026-02-26
증산동,1,증산로9길 31-17,205-18,37.5858090000,126.9072300000,2009,,02-351-7944,서울특별시 은평구청,2026-02-26
증산동,1,증산로13가길 35-10,131-95,37.5877740000,126.9083100000,2006,,02-351-7944,서울특별시 은평구청,2026-02-26
증산동,1,,산10-49,37.5870030000,126.9077560000,2019,,02-351-7944,서울특별시 은평구청,2026-02-26
증산동,1,증산로13길 44-5,254-,37.5875520000,126.9076800000,2005,,02-351-7944,서울특별시 은평구청,2026-02-26
증산동,1,증산로3길 22,,37.5817086800,126.9039706000,,,02-351-7944,서울특별시 은평구청,2026-02-26
증산동,1,증산로5길 32,203-32,37.5843950000,126.9053370000,2007,,02-351-7944,서울특별시 은평구청,2026-02-26
증산동,1,,196-1,37.5887690000,126.9116140000,2005,,02-351-7944,서울특별시 은평구청,2026-02-26
증산동,1,증산로9길 5-7,168-12,37.5846410000,126.9095680000,2008,,02-351-7944,서울특별시 은평구청,2026-02-26
증산동,1,증산로 291,173-1,37.5833980000,126.9085670000,2006,,02-351-7944,서울특별시 은평구청,2026-02-26
증산동,1,증산로7길 11-28,186-18,37.5831750000,126.9069170000,2016,,02-351-7944,서울특별시 은평구청,2026-02-26
증산동,1,증산서길 101,189-25,37.5850490000,126.9078180000,2007,,02-351-7944,서울특별시 은평구청,2026-02-26
증산동,1,,211-17,37.5817150000,126.9039380000,,,02-351-7944,서울특별시 은평구청,2026-02-26
증산동,1,증산서길 87,187-24,37.5842810000,126.9067080000,,,02-351-7944,서울특별시 은평구청,2026-02-26
증산동,1,증산로 291,,37.5833325800,126.9087546000,,,02-351-7944,서울특별시 은평구청,2026-02-26
증산동,1,증산로9길 34,200-31,37.5864230000,126.9073450000,2007,,02-351-7944,서울특별시 은평구청,2026-02-26
증산동,1,,산10-6,,,,,02-351-7944,서울특별시 은평구청,2026-02-26
증산동,1,증산로9길 32-16,202-6,37.5866370000,126.9080780000,2007,,02-351-7944,서울특별시 은평구청,2026-02-26
증산동,1,증산로3길 12-19,184-6,37.5816940000,126.9055690000,2016,,02-351-7944,서울특별시 은평구청,2026-02-26
증산동,1,증산로 327-1,163-13,37.5859530000,126.9111220000,2007,,02-351-7944,서울특별시 은평구청,2026-02-26
증산동,1,증산서길 137-1,173-1,37.5833980000,126.9085670000,2007,,02-351-7944,서울특별시 은평구청,2026-02-26
증산동,1,증산로3길 5-5,178-13,37.5804570000,126.9052930000,2018,,02-351-7944,서울특별시 은평구청,2026-02-26
증산동,1,증산로7길 9,172-42,37.5838430000,126.9079720000,2008,,02-351-7944,서울특별시 은평구청,2026-02-26
증산동,1,,산10-6,37.5870690000,126.9051500000,2005,,02-351-7944,서울특별시 은평구청,2026-02-26
증산동,1,증산로5길 27-30,207-11,37.5833890000,126.9047510000,2008,,02-351-7944,서울특별시 은평구청,2026-02-26
증산동,1,증산로5길 28,,37.5842446800,126.9056605000,,,02-351-7944,서울특별시 은평구청,2026-02-26
증산동,1,증산로5길 36-32,203-19,37.5849230000,126.9059630000,2008,,02-351-7944,서울특별시 은평구청,2026-02-26
증산동,1,증산서길 73,,37.5831189500,126.9060586000,,,02-351-7944,서울특별시 은평구청,2026-02-26
증산동,1,증산로9길 20-23,190-1,37.5864880000,126.9086010000,2009,,02-351-7944,서울특별시 은평구청,2026-02-26
증산동,1,증산로5길 10,172-12,37.5829060000,126.9070800000,2019,,02-351-7944,서울특별시 은평구청,2026-02-26
증산동,1,증산로5길 39-1,73-17,37.5849368800,126.9049291000,,,02-351-7944,서울특별시 은평구청,2026-02-26
증산동,1,증산로5길 23-13,209-29,37.5832180000,126.9056710000,2009,,02-351-7944,서울특별시 은평구청,2026-02-26
증산동,1,증산로1길 12-21,181-20,37.5801730000,126.9038700000,2009,,02-351-7944,서울특별시 은평구청,2026-02-26
증산동,1,증산로7길 28,189-45,37.5849030000,126.9066880000,2019,,02-351-7944,서울특별시 은평구청,2026-02-26
증산동,1,증산로7길 7-6,172-2,37.5836010000,126.9081560000,2009,,02-351-7944,서울특별시 은평구청,2026-02-26
증산동,1,,169-249,37.5838780000,126.9088770000,2009,,02-351-7944,서울특별시 은평구청,2026-02-26
증산동,1,증산로9길 25-12,205-10,37.5857400000,126.9075250000,2010,,02-351-7944,서울특별시 은평구청,2026-02-26
증산동,1,증산로5길 28,203-36,37.5842260000,126.9056340000,2010,,02-351-7944,서울특별시 은평구청,2026-02-26
증산동,1,증산서길 73,209-6,37.5831400000,126.9060120000,2011,,02-351-7944,서울특별시 은평구청,2026-02-26
증산동,1,,산18-10,37.5849920000,126.9036180000,2011,,02-351-7944,서울특별시 은평구청,2026-02-26
증산동,1,,산18-16,,,,,02-351-7944,서울특별시 은평구청,2026-02-26
증산동,1,증산로5길 39-1,73-17,37.5848320000,126.9049110000,2005,,02-351-7944,서울특별시 은평구청,2026-02-26
증산동,1,증산로9길 49,204-29,37.5855360000,126.9059990000,2005,,02-351-7944,서울특별시 은평구청,2026-02-26
증산동,1,증산로7길 12-22,170-9,37.5845240000,126.9085620000,2011,,02-351-7944,서울특별시 은평구청,2026-02-26
증산동,1,증산로7길 22-7,189-39,37.5848000000,126.9072100000,2011,,02-351-7944,서울특별시 은평구청,2026-02-26
증산동,1,증산로3길 12-23,184-3,37.5818740000,126.9055890000,2015,,02-351-7944,서울특별시 은평구청,2026-02-26
증산동,1,증산로1길 6-11,180-19,37.5794880000,126.9037670000,2015,,02-351-7944,서울특별시 은평구청,2026-02-26
증산동,1,증산로1길 6-19,180-22,37.5797150000,126.9040240000,2015,,02-351-7944,서울특별시 은평구청,2026-02-26
증산동,1,증산로3길 5-21,251,37.5801150000,126.9044140000,2018,,02-351-7944,서울특별시 은평구청,2026-02-26
증산동,1,수색로 212,217-34,37.5796000000,126.9003800000,2013,,02-351-7944,서울특별시 은평구청,2026-02-26
증산동,1,증산서길 61,212-,37.5823860000,126.9044600000,2013,,02-351-7944,서울특별시 은평구청,2026-02-26
증산동,1,증산서길 61,212-,37.5823860000,126.9044600000,2013,,02-351-7944,서울특별시 은평구청,2026-02-26
증산동,1,증산서길 63,209-17,37.5824130000,126.9053540000,2013,,02-351-7944,서울특별시 은평구청,2026-02-26
증산동,1,증산로1길 6-7,179-5,37.5791100000,126.9038410000,2013,,02-351-7944,서울특별시 은평구청,2026-02-26
증산동,1,증산로3길 5-11,178-11,37.5802660000,126.9050920000,2018,,02-351-7944,서울특별시 은평구청,2026-02-26
증산동,1,증산로3길 8-23,176-2,37.5816350000,126.9060000000,2013,,02-351-7944,서울특별시 은평구청,2026-02-26
증산동,1,증산로5길 5-12,175-3,37.5823440000,126.9067250000,2013,,02-351-7944,서울특별시 은평구청,2026-02-26
증산동,1,증산로5길 5-6,175-22,37.5825550000,126.9070960000,2013,,02-351-7944,서울특별시 은평구청,2026-02-26
증산동,1,증산로5길 5-14,163-35,37.5866810000,126.9119270000,,,02-351-7944,서울특별시 은평구청,2026-02-26
증산동,1,증산로7길 16,188-11,37.5843700000,126.9075680000,,,02-351-7944,서울특별시 은평구청,2026-02-26
증산동,1,증산교하부등1,증산교,37.5841660000,126.9059520000,2019,,02-351-7944,서울특별시 은평구청,2026-02-26
증산동,1,증산교하부등2,증산교,37.5841660000,126.9059520000,2019,,02-351-7944,서울특별시 은평구청,2026-02-26
증산동,1,증산교하부등3,증산교,37.5841660000,126.9059520000,2019,,02-351-7944,서울특별시 은평구청,2026-02-26
증산동,1,증산교하부등4,증산교,37.5841660000,126.9059520000,2019,,02-351-7944,서울특별시 은평구청,2026-02-26
증산동,1,증산교하부등5,증산교,37.5841660000,126.9059520000,2019,,02-351-7944,서울특별시 은평구청,2026-02-26
증산동,1,증산교하부등6,증산교,37.5841660000,126.9059520000,2019,,02-351-7944,서울특별시 은평구청,2026-02-26
증산동,1,증산교하부등7,증산교,37.5841660000,126.9059520000,2019,,02-351-7944,서울특별시 은평구청,2026-02-26
증산동,1,불광천길 한전주,179-3,37.5790860000,126.9041470000,2015,,02-351-7944,서울특별시 은평구청,2026-02-26
증산동,1,불광천길 한전주,179-3,37.5790860000,126.9041470000,2015,,02-351-7944,서울특별시 은평구청,2026-02-26
증산동,1,불광천길 한전주,179-2,37.5794500000,126.9045370000,2015,,02-351-7944,서울특별시 은평구청,2026-02-26
증산동,1,불광천길 한전주,179-1,37.5795420000,126.9047170000,2015,,02-351-7944,서울특별시 은평구청,2026-02-26
증산동,1,증산로7길 10-9,171-10,37.5843497100,126.9084782000,,,02-351-7944,서울특별시 은평구청,2026-02-26
증산동,1,증산로5길 23-34,208-18,37.5831330000,126.9053330000,2016,,02-351-7944,서울특별시 은평구청,2026-02-26
증산동,1,증산서길 125-35,191-21,37.5857430000,126.9088840000,2016,,02-351-7944,서울특별시 은평구청,2026-02-26
증산동,1,증산로13가길 35,131-151,37.5879770000,126.9078550000,2016,,02-351-7944,서울특별시 은평구청,2026-02-26
증산동,1,증산로5길 33-3,207-17,37.5839410000,126.9050150000,2017,,02-351-7944,서울특별시 은평구청,2026-02-26
증산동,1,수색로 175,223-26,37.5771830000,126.9020120000,2017,,02-351-7944,서울특별시 은평구청,2026-02-26
증산동,1,수색로 175,223-26,37.5771830000,126.9020120000,2017,,02-351-7944,서울특별시 은평구청,2026-02-26
증산동,1,수색로 175,223-26,37.5771830000,126.9020120000,2017,,02-351-7944,서울특별시 은평구청,2026-02-26
증산동,1,증산로3길 8,176-17,37.5811690000,126.9053500000,2017,,02-351-7944,서울특별시 은평구청,2026-02-26
증산동,1,증산로3길 8,176-17,37.5811690000,126.9053500000,2017,,02-351-7944,서울특별시 은평구청,2026-02-26
증산동,1,증산로3길 8,176-17,37.5811690000,126.9053500000,2017,,02-351-7944,서울특별시 은평구청,2026-02-26
증산동,1,증산로3길 12,184-9,37.5814190000,126.9050410000,2017,,02-351-7944,서울특별시 은평구청,2026-02-26
증산동,1,증산로3길 12,184-9,37.5814190000,126.9050410000,2017,,02-351-7944,서울특별시 은평구청,2026-02-26
증산동,1,증산로3길 12,184-9,37.5814190000,126.9050410000,2017,,02-351-7944,서울특별시 은평구청,2026-02-26
증산동,1,증산서길 61라인,181-24,37.5799810000,126.9035790000,2017,,02-351-7944,서울특별시 은평구청,2026-02-26
증산동,1,증산서길 61라인,215-8,37.5807030000,126.9036810000,2017,,02-351-7944,서울특별시 은평구청,2026-02-26
증산동,1,증산로3길 5-5,178-13,37.5805697500,126.9052548000,2018,,02-351-7944,서울특별시 은평구청,2026-02-26
증산동,1,증산로3길 5-11,178-11,37.5803818900,126.9050471000,2018,,02-351-7944,서울특별시 은평구청,2026-02-26
증산동,1,증산로3길 5-15,178-8,37.5801890000,126.9048609000,2018,,02-351-7944,서울특별시 은평구청,2026-02-26
증산동,1,증산로 237-1,179-9,37.5798367700,126.9044750000,2018,,02-351-7944,서울특별시 은평구청,2026-02-26
증산동,1,증산로1길 6-12,179-13,37.5794501100,126.9040596000,2018,,02-351-7944,서울특별시 은평구청,2026-02-26
증산동,1,증산로 221,220-4,37.5786720600,126.9033185000,2018,,02-351-7944,서울특별시 은평구청,2026-02-26
증산동,1,증산로3길 26-1,244-,37.5819022000,126.9035458000,2018,,02-351-7944,서울특별시 은평구청,2026-02-26
증산동,1,,202-20,,,2018,,02-351-7944,서울특별시 은평구청,2026-02-26
증산동,1,,200-31,,,2018,,02-351-7944,서울특별시 은평구청,2026-02-26
증산동,1,증산로7길 6-14,169-28,37.5840633200,126.9090243000,2018,,02-351-7944,서울특별시 은평구청,2026-02-26
증산동,1,증산로5길 28맞은편,187-28,,,,,02-351-7944,서울특별시 은평구청,2026-02-26
증산동,1,서울특별시 은평구 증산로5길 13,185-1,37.5830568200,126.9065904000,,,02-351-7944,서울특별시 은평구청,2026-02-26
증산동,1,서울특별시 은평구 증산서길 82,186-11,37.5836538200,126.9067408000,,,02-351-7944,서울특별시 은평구청,2026-02-26
증산동,1,서울특별시 은평구 증산로5길 19,209-2,37.5834276800,126.9061907000,,,02-351-7944,서울특별시 은평구청,2026-02-26
증산동,1,증산로7길 11-12,186-3,37.5837074200,126.9074193000,2020,,02-351-7944,서울특별시 은평구청,2026-02-26
증산동,1,증산로7길 9-5,172-20,37.5837036400,126.9079900000,2020,,02-351-7944,서울특별시 은평구청,2026-02-26
증산동,1,증산로9길 46-11,92-32,37.5862491200,126.9058586000,2021,,02-351-7944,서울특별시 은평구청,2026-02-26
증산동,1,증산로7길 28-12,189-50,37.5848836700,126.9070465000,2021,,02-351-7944,서울특별시 은평구청,2026-02-26
증산동,1,증산서길 125-27,191-27,37.5859464900,126.9093708000,2021,,02-351-7944,서울특별시 은평구청,2026-02-26
증산동,1,증산로5길,06월 18일,,,2021,,02-351-7944,서울특별시 은평구청,2026-02-26
증산동,1,증산로5길 42,77,37.5850412200,126.9049302000,,,02-351-7944,서울특별시 은평구청,2026-02-26
증산동,1,증산로7길,203-5,,,2021,,02-351-7944,서울특별시 은평구청,2026-02-26
증산동,1,증산로 291,173-1,37.5833325800,126.9087546000,2021,,02-351-7944,서울특별시 은평구청,2026-02-26
증산동,1,증산로5길 37,Nov-73,37.5847070700,126.9049199000,2021,,02-351-7944,서울특별시 은평구청,2026-02-26
증산동,1,증산로9길 27-3,205-11,37.5859229300,126.9076654000,,,02-351-7944,서울특별시 은평구청,2026-02-26
증산동,1,증산로7길 32-25,204-21,37.5856170000,126.9064417000,,,02-351-7944,서울특별시 은평구청,2026-02-26
증산동,1,증산로7길 9-15,172-6,37.5833633200,126.9076247000,,,02-351-7944,서울특별시 은평구청,2026-02-26
증산동,1,증산로5길 23-38,208-22,37.5830122400,126.9052751000,,,02-351-7944,서울특별시 은평구청,2026-02-26
증산동,1,증산로7길 27,187-6,37.5848905100,126.9065543000,,,02-351-7944,서울특별시 은평구청,2026-02-26
증산동,1,증산로9길 32-49,200-20,37.5873324900,126.9083678000,,,02-351-7944,서울특별시 은평구청,2026-02-26
증산동,1,증산로13가길 24,131-136,37.5889161100,126.9087221000,,,02-351-7944,서울특별시 은평구청,2026-02-26
증산동,1,증산로9길 6-39,165-4,37.5857967800,126.9105461000,,,02-351-7944,서울특별시 은평구청,2026-02-26
증산동,1,증산로7길 7-12,172-5,37.5833889100,126.9079355000,,,02-351-7944,서울특별시 은평구청,2026-02-26
증산동,1,증산로13길 44-5,254,37.5875615200,126.9081218000,,,02-351-7944,서울특별시 은평구청,2026-02-26
증산동,1,증산서길 91,187-18,,9차,,,02-351-7944,서울특별시 은평구청,2026-02-26
증산동,1,증산서길 139,193-15,37.5871707700,126.9110796000,,,02-351-7944,서울특별시 은평구청,2026-02-26
증산동,1,증산로9길 36-5,산10-22,37.5867769300,126.9068559000,,,02-351-7944,서울특별시 은평구청,2026-02-26
증산동,1,증산로9길 36-5,산10-22,37.5867769300,126.9068559000,,,02-351-7944,서울특별시 은평구청,2026-02-26
증산동,1,증산로9길 35,92-134,37.5864865200,126.9070959000,,,02-351-7944,서울특별시 은평구청,2026-02-26
증산동,1,증산로7길 32-35,204-16,37.5858760500,126.9067538000,,,02-351-7944,서울특별시 은평구청,2026-02-26
증산동,1,증산로13길 16,157-34,37.5883218500,126.9112746000,,,02-351-7944,서울특별시 은평구청,2026-02-26
증산동,1,증산로13가길 1,02월 07일,37.5883539000,126.9105906000,,,02-351-7944,서울특별시 은평구청,2026-02-26
증산동,1,증산로13길 17-4,195-12,37.5880650000,126.9105729000,,,02-351-7944,서울특별시 은평구청,2026-02-26
증산동,1,증산서길 64-8,184-1,37.5821054000,126.9057529000,,,02-351-7944,서울특별시 은평구청,2026-02-26
증산동,1,증산로 291,173-1,37.5833325800,126.9087546000,,,02-351-7944,서울특별시 은평구청,2026-02-26
증산동,1,,197-31,,,,,02-351-7944,서울특별시 은평구청,2026-02-26
증산동,1,증산로5길 5,174-14,37.5825246500,126.9073374000,,,02-351-7944,서울특별시 은평구청,2026-02-26
증산동,1,증산로3길 8-25,176-1,37.5816922500,126.9061766000,,,02-351-7944,서울특별시 은평구청,2026-02-26
증산동,1,증산로5길 32,203-32,37.5843739400,126.9053948000,,,02-351-7944,서울특별시 은평구청,2026-02-26
증산동,1,증산로5길 32,203-32,37.5843739400,126.9053948000,,,02-351-7944,서울특별시 은평구청,2026-02-26
증산동,1,증산서길 106,167-17,37.5852881000,126.9084250000,,,02-351-7944,서울특별시 은평구청,2026-02-26
증산동,1,증산로13길 4,159-6,37.5878939700,126.9123027000,,,02-351-7944,서울특별시 은평구청,2026-02-26
증산동,1,,Jan-78,,,,,02-351-7944,서울특별시 은평구청,2026-02-26
증산동,1,증산로5길 36-11,204-46,37.5849776600,126.9056201000,,,02-351-7944,서울특별시 은평구청,2026-02-26
증산동,1,증산로5길 36-30,203-21,37.5849797200,126.9057964000,,,02-351-7944,서울특별시 은평구청,2026-02-26
증산동,1,증산로5길 28-13,203-25,37.5846324300,126.9057766000,,,02-351-7944,서울특별시 은평구청,2026-02-26
증산동,1,증산로7길 31,203-1,37.5851471900,126.9061631000,,,02-351-7944,서울특별시 은평구청,2026-02-26
증산동,1,증산로7길 32-23,204-25,37.5855311400,126.9062877000,,,02-351-7944,서울특별시 은평구청,2026-02-26
증산동,1,증산로13길 32,131-32,37.5881601200,126.9094465000,,,02-351-7944,서울특별시 은평구청,2026-02-26
증산동,1,증산로7길 27-12,203-9,37.5846225600,126.9061113000,,,02-351-7944,서울특별시 은평구청,2026-02-26
증산동,1,증산로7길 22-14,189-35,37.5850349300,126.9073802000,,,02-351-7944,서울특별시 은평구청,2026-02-26
증산동,1,증산로9길 25-11,189-61,37.5855645400,126.9075606000,,,02-351-7944,서울특별시 은평구청,2026-02-26
증산동,1,증산로9길 25-5,189-63,37.5857589000,126.9079423000,,,02-351-7944,서울특별시 은평구청,2026-02-26
증산동,1,증산로9길 26,190-9,37.5860679700,126.9080922000,,,02-351-7944,서울특별시 은평구청,2026-02-26
증산동,1,증산로9길 26-18,190-17,37.5864819300,126.9084581000,,,02-351-7944,서울특별시 은평구청,2026-02-26
증산동,1,증산로11길 21-1,193-36,37.5877792800,126.9101353000,,,02-351-7944,서울특별시 은평구청,2026-02-26
증산동,1,증산서길 125,191-1,37.5861888600,126.9101971000,,,02-351-7944,서울특별시 은평구청,2026-02-26
증산동,1,증산로13가길 4,01월 02일,37.5884728200,126.9106047000,,,02-351-7944,서울특별시 은평구청,2026-02-26
증산동,1,증산로5길 13,185-1,37.5830568200,126.9065904000,,,02-351-7944,서울특별시 은평구청,2026-02-26
증산동,1,증산로7길 11,172-31,37.5839969500,126.9078652000,,,02-351-7944,서울특별시 은평구청,2026-02-26
증산동,1,증산로13가길 8,01월 23일,37.5886964200,126.9102750000,,,02-351-7944,서울특별시 은평구청,2026-02-26
증산동,1,증산로13길 28,131-3,37.5883607000,126.9098856000,,,02-351-7944,서울특별시 은평구청,2026-02-26
증산동,1,증산로9길 32-24,202-3,37.5870642100,126.9082781000,,,02-351-7944,서울특별시 은평구청,2026-02-26
증산동,1,증산로5길 11-15,175-16,37.5823820800,126.9063832000,,,02-351-7944,서울특별시 은평구청,2026-02-26
증산동,1,증산로9길 36-10,92-126,37.5867661500,126.9069093000,,,02-351-7944,서울특별시 은평구청,2026-02-26
증산동,1,증산로9길 34,200-31,37.5864536100,126.9074119000,,,02-351-7944,서울특별시 은평구청,2026-02-26
증산동,1,증산로 333,250,37.5862367400,126.9118262000,,,02-351-7944,서울특별시 은평구청,2026-02-26
증산동,1,증산로11길 4-1,160-4,37.5870066200,126.9119421000,,,02-351-7944,서울특별시 은평구청,2026-02-26
증산동,1,증산로9길 25,189-68,37.5859522900,126.9080015000,,,02-351-7944,서울특별시 은평구청,2026-02-26
증산동,1,증산로7길 28,189-45,37.5849694600,126.9066166000,,,02-351-7944,서울특별시 은평구청,2026-02-26
증산동,1,증산로13가길 29-2,131-51,37.5883096600,126.9083068000,,,02-351-7944,서울특별시 은평구청,2026-02-26
증산동,1,증산로7길 28-30,189-60,37.5853977300,126.9073979000,,,02-351-7944,서울특별시 은평구청,2026-02-26
증산동,1,증산로13길 30,131-27,37.5883006100,126.9096616000,,,02-351-7944,서울특별시 은평구청,2026-02-26
증산동,1,증산로3길 8-16,177-20,37.5812637300,126.9060094000,,,02-351-7944,서울특별시 은평구청,2026-02-26
증산동,1,증산로 261-6,174-8,37.5817643300,126.9065744000,,,02-351-7944,서울특별시 은평구청,2026-02-26
증산동,1,증산로 221,220-1,37.5786720600,126.9033185000,,,02-351-7944,서울특별시 은평구청,2026-02-26
증산동,1,증산서길 14,222-8,37.5789976500,126.9015814000,2024,,02-351-7944,서울특별시 은평구청,2026-02-26
증산동,1,증산로11길 14-1,194-10,37.5876260400,126.9111454000,2024,,02-351-7944,서울특별시 은평구청,2026-02-26
증산동,1,증산로 325,164-1,37.5856977700,126.9112874000,2024,,02-351-7944,서울특별시 은평구청,2026-02-26
증산동,1,증산로 325,164-1,37.5856977700,126.9112874000,2024,,02-351-7944,서울특별시 은평구청,2026-02-26
증산동,1,증산로9길 13,167-1,37.5853752200,126.9089568000,2024,,02-351-7944,서울특별시 은평구청,2026-02-26
증산동,1,증산로9길 6-9,166-26,37.5852040400,126.9098559000,2024,,02-351-7944,서울특별시 은평구청,2026-02-26
증산동,1,증산로9길 6-21,166-23,37.5854463100,126.9100670000,2024,,02-351-7944,서울특별시 은평구청,2026-02-26
증산동,1,증산로9길 6-25,165-13,37.5855655700,126.9102688000,2024,,02-351-7944,서울특별시 은평구청,2026-02-26
증산동,1,증산로7길 12-11,188-9,37.5845815300,126.9082409000,2024,,02-351-7944,서울특별시 은평구청,2026-02-26
증산동,1,증산로7길 12-11,188-9,37.5845815300,126.9082409000,2024,,02-351-7944,서울특별시 은평구청,2026-02-26
증산동,1,증산로9길 31-14,205-20,37.5859053000,126.9070153000,2024,,02-351-7944,서울특별시 은평구청,2026-02-26
진관동,1,연서로54길 30,347,37.6433240000,126.9421490000,2019,,02-351-7944,서울특별시 은평구청,2026-02-26
진관동,1,,산30-2,,,2019,,02-351-7944,서울특별시 은평구청,2026-02-26
진관동,1,대서문길,259,37.6530430000,126.9528560000,2019,,02-351-7944,서울특별시 은평구청,2026-02-26
진관동,1,,산28-3,,,2019,,02-351-7944,서울특별시 은평구청,2026-02-26
진관동,1,삼천사길,346-2,37.6530430000,126.9528560000,2019,,02-351-7944,서울특별시 은평구청,2026-02-26
진관동,1,삼천사길,346-2,37.6440000000,126.9411300000,2019,,02-351-7944,서울특별시 은평구청,2026-02-26
진관동,1,삼천사길,345-5,37.6444560000,126.9408070000,2019,,02-351-7944,서울특별시 은평구청,2026-02-26
진관동,1,진관동 346-1,346-1,,,2019,,02-351-7944,서울특별시 은평구청,2026-02-26
진관동,1,대서문길 42,277-16,37.6551900000,126.9491200000,2006,,02-351-7944,서울특별시 은평구청,2026-02-26
진관동,1,대서문길 42-2,270-5,37.6549530000,126.9487950000,2005,,02-351-7944,서울특별시 은평구청,2026-02-26
진관동,1,,산30,,,2019,,02-351-7944,서울특별시 은평구청,2026-02-26
진관동,1,,347,37.6433240000,126.9421490000,2019,,02-351-7944,서울특별시 은평구청,2026-02-26
진관동,1,대서문길 42-8,270-2,37.6545760000,126.9490150000,2003,,02-351-7944,서울특별시 은평구청,2026-02-26
진관동,1,대서문길 42-8,270-2,37.6545760000,126.9490150000,2004,,02-351-7944,서울특별시 은평구청,2026-02-26
진관동,1,대서문길 34,277,37.6556890000,126.9485240000,2019,,02-351-7944,서울특별시 은평구청,2026-02-26
진관동,1,대서문길 25,279-3,37.6566030000,126.9479100000,2006,,02-351-7944,서울특별시 은평구청,2026-02-26
진관동,1,대서문길 25-8,279-23,37.6566000000,126.9485560000,2006,,02-351-7944,서울특별시 은평구청,2026-02-26
진관동,1,대서문길,279-6,37.6570750000,126.9473590000,2006,,02-351-7944,서울특별시 은평구청,2026-02-26
진관동,1,대서문길,279-12,37.6578550000,126.9468720000,2006,,02-351-7944,서울특별시 은평구청,2026-02-26
진관동,1,대서문길 24,277-1,37.6562430000,126.9479490000,2005,,02-351-7944,서울특별시 은평구청,2026-02-26
진관동,1,대서문길 24,277-1,37.6562430000,126.9479490000,2007,,02-351-7944,서울특별시 은평구청,2026-02-26
진관동,1,대서문길 45,266-1,37.6550400000,126.9494960000,2006,,02-351-7944,서울특별시 은평구청,2026-02-26
진관동,1,,319-2,,,,,02-351-7944,서울특별시 은평구청,2026-02-26
진관동,1,의상봉길 70-7,318-2,37.6503520000,126.9451430000,2019,,02-351-7944,서울특별시 은평구청,2026-02-26
진관동,1,의상봉길 54,298-14,37.6518220000,126.9442380000,2006,,02-351-7944,서울특별시 은평구청,2026-02-26
진관동,1,의상봉길 77,290-25,37.6504650000,126.9456510000,2006,,02-351-7944,서울특별시 은평구청,2026-02-26
진관동,1,연서로44길 51,산109-14,37.6272213600,126.9376301000,2024,,02-351-7944,서울특별시 은평구청,2026-02-26
진관동,1,의상봉길 8,302-3,37.6531865000,126.9397178000,2018,,02-351-7944,서울특별시 은평구청,2026-02-26
진관동,1,의상봉길 8-1,325-1,37.6524480000,126.9397410000,2006,,02-351-7944,서울특별시 은평구청,2026-02-26
진관동,1,의상봉길 8-1,325-1,37.6524480000,126.9397410000,2006,,02-351-7944,서울특별시 은평구청,2026-02-26
진관동,1,북한산로 256-2,324,37.6526290000,126.9387980000,2006,,02-351-7944,서울특별시 은평구청,2026-02-26
진관동,1,진관로 36삼천사입구,산34,,,,,02-351-7944,서울특별시 은평구청,2026-02-26
진관동,1,진관로 36삼천사입구,산34,,,,,02-351-7944,서울특별시 은평구청,2026-02-26
진관동,1,대서문길 64,264-4,37.6542680000,126.9507990000,2002,,02-351-7944,서울특별시 은평구청,2026-02-26
진관동,1,대서문길 64,264-3,37.6542510000,126.9509580000,2002,,02-351-7944,서울특별시 은평구청,2026-02-26
진관동,1,대서문길 64,264-2,37.6541510000,126.9508570000,2006,,02-351-7944,서울특별시 은평구청,2026-02-26
진관동,1,대서문길,265,37.6546220000,126.9520750000,2005,,02-351-7944,서울특별시 은평구청,2026-02-26
진관동,1,대서문길,279-7,37.6572900000,126.9472090000,2006,,02-351-7944,서울특별시 은평구청,2026-02-26
진관동,1,대서문길 42-15,273,37.6537760000,126.9481650000,2006,,02-351-7944,서울특별시 은평구청,2026-02-26
진관동,1,대서문길 42-15,273,37.6541530000,126.9480130000,2007,,02-351-7944,서울특별시 은평구청,2026-02-26
진관동,1,대서문길,272,37.6546210000,126.9480060000,2006,,02-351-7944,서울특별시 은평구청,2026-02-26
진관동,1,대서문길 42-12,269-4,37.6540169300,126.9484668000,2018,,02-351-7944,서울특별시 은평구청,2026-02-26
진관동,1,대서문길,270-5,37.6548080000,126.9477310000,2007,,02-351-7944,서울특별시 은평구청,2026-02-26
진관동,1,북한산로 348,285-9,37.6579510000,126.9454880000,2015,,02-351-7944,서울특별시 은평구청,2026-02-26
진관동,1,북한산로 348,285-9,37.6579510000,126.9454880000,2015,,02-351-7944,서울특별시 은평구청,2026-02-26
진관동,1,,285-8,37.6580640000,126.9460190000,2015,,02-351-7944,서울특별시 은평구청,2026-02-26
진관동,1,북한산로 256,323,37.6527340000,126.9384790000,2006,,02-351-7944,서울특별시 은평구청,2026-02-26
진관동,1,북한산로 248-3,326-6,37.6515590000,126.9381110000,2006,,02-351-7944,서울특별시 은평구청,2026-02-26
진관동,1,북한산로 248-5,323-15,37.6522480000,126.9385430000,2018,,02-351-7944,서울특별시 은평구청,2026-02-26
진관동,1,북한산로 246-1,326-8,37.6521156900,126.9380185000,2018,,02-351-7944,서울특별시 은평구청,2026-02-26
진관동,1,북한산로 256-4,324-1,37.6523670000,126.9387910000,2006,,02-351-7944,서울특별시 은평구청,2026-02-26
진관동,1,연서로54길 127,산 34,37.6422506200,126.9524841000,,,02-351-7944,서울특별시 은평구청,2026-02-26
진관동,1,진관길 (진관사가는길),352-2,37.6378180000,126.9430540000,2006,,02-351-7944,서울특별시 은평구청,2026-02-26
진관동,1,연서로54길 127,산 34,37.6422506200,126.9524841000,,,02-351-7944,서울특별시 은평구청,2026-02-26
진관동,1,진관길 (진관사가는길),352-2,37.6378180000,126.9430540000,2006,,02-351-7944,서울특별시 은평구청,2026-02-26
진관동,1,진관길 36,산 34,37.6378692500,126.9434310000,,,02-351-7944,서울특별시 은평구청,2026-02-26
진관동,1,대서문길 24-16,275-2,37.6556010000,126.9467570000,2005,,02-351-7944,서울특별시 은평구청,2026-02-26
진관동,1,통일로,Jan-74,37.6444770000,126.9123420000,2005,,02-351-7944,서울특별시 은평구청,2026-02-26
진관동,1,통일로,Jan-74,37.6444770000,126.9123420000,2005,,02-351-7944,서울특별시 은평구청,2026-02-26
진관동,1,북한산로 246-1,326-8,37.6521156900,126.9380185000,2018,,02-351-7944,서울특별시 은평구청,2026-02-26
진관동,1,의상봉길 6-31,325-4,37.6512270000,126.9411980000,2006,,02-351-7944,서울특별시 은평구청,2026-02-26
진관동,1,의상봉길 6-31,325-4,37.6512270000,126.9411980000,2006,,02-351-7944,서울특별시 은평구청,2026-02-26
진관동,1,의상봉길 8-1,325-1,37.6524480000,126.9397410000,2006,,02-351-7944,서울특별시 은평구청,2026-02-26
진관동,1,의상봉길 6-25,산20,37.6520560000,126.9412090000,2018,,02-351-7944,서울특별시 은평구청,2026-02-26
진관동,1,진관길 (진관사가는길),352-2,37.6378180000,126.9430540000,2006,,02-351-7944,서울특별시 은평구청,2026-02-26
진관동,1,진관길 34 옆,351-2,,,,,02-351-7944,서울특별시 은평구청,2026-02-26
진관동,1,진관길 (진관사가는길),352-2,37.6378180000,126.9430540000,2006,,02-351-7944,서울특별시 은평구청,2026-02-26
진관동,1,진관길 (진관사가는길),352-2,37.6378180000,126.9430540000,2006,,02-351-7944,서울특별시 은평구청,2026-02-26
진관동,1,삼천사길,344-13,37.6448700000,126.9407100000,2019,,02-351-7944,서울특별시 은평구청,2026-02-26
진관동,1,사천사길,산28-1,37.6451710000,126.9410800000,2019,,02-351-7944,서울특별시 은평구청,2026-02-26
진관동,1,삼천사길,335-10,37.6473000000,126.9393730000,2006,,02-351-7944,서울특별시 은평구청,2026-02-26
진관동,1,연서로,335-10,37.6473000000,126.9393730000,2006,,02-351-7944,서울특별시 은평구청,2026-02-26
진관동,1,,330-11,,,,,02-351-7944,서울특별시 은평구청,2026-02-26
진관동,1,,330-11,,,,,02-351-7944,서울특별시 은평구청,2026-02-26
진관동,1,캠핑장,334-10,,,2018,,02-351-7944,서울특별시 은평구청,2026-02-26
진관동,1,연서로,335-10,37.6473000000,126.9393730000,2006,,02-351-7944,서울특별시 은평구청,2026-02-26
진관동,1,,335-6,37.6470980000,126.9389900000,2015,,02-351-7944,서울특별시 은평구청,2026-02-26
진관동,1,진관길 (진관사가는길),352-3,37.6376030000,126.9432150000,2007,,02-351-7944,서울특별시 은평구청,2026-02-26
진관동,1,진관길 (진관사가는길),352-3,37.6376030000,126.9432150000,2006,,02-351-7944,서울특별시 은평구청,2026-02-26
진관동,1,진관길 (진관사가는길),352-3,37.6376030000,126.9432150000,2006,,02-351-7944,서울특별시 은평구청,2026-02-26
진관동,1,진관길 (진관사가는길),352-2,37.6378180000,126.9430540000,2018,,02-351-7944,서울특별시 은평구청,2026-02-26
진관동,1,연서로48길 50-49,356-4,37.6354550000,126.9407530000,2008,,02-351-7944,서울특별시 은평구청,2026-02-26
진관동,1,연서로48길 50-49,356-4,37.6354550000,126.9407530000,2007,,02-351-7944,서울특별시 은평구청,2026-02-26
진관동,1,삼화사근처,산51,37.6265700000,126.9376850000,2010,,02-351-7944,서울특별시 은평구청,2026-02-26
진관동,1,연서로48길 50-49,356-4,37.6354550000,126.9407530000,2005,,02-351-7944,서울특별시 은평구청,2026-02-26
진관동,1,연서로48길 33-7,166-1,,,2020,,02-351-7944,서울특별시 은평구청,2026-02-26
진관동,1,북한산로 271,297-3,37.6543490000,126.9386720000,2006,,02-351-7944,서울특별시 은평구청,2026-02-26
진관동,1,,330-11,,,,,02-351-7944,서울특별시 은평구청,2026-02-26
진관동,1,,334-7,,,,,02-351-7944,서울특별시 은평구청,2026-02-26
진관동,1,캠핑장,331-2,,,2018,,02-351-7944,서울특별시 은평구청,2026-02-26
진관동,1,북한산로 228-32,330-9,37.6491480000,126.9385190000,2006,,02-351-7944,서울특별시 은평구청,2026-02-26
진관동,1,북한산로,331,37.6495990000,126.9374930000,2006,,02-351-7944,서울특별시 은평구청,2026-02-26
진관동,1,,335-11,,,,,02-351-7944,서울특별시 은평구청,2026-02-26
진관동,1,,330-11,,,,,02-351-7944,서울특별시 은평구청,2026-02-26
진관동,1,캠핑장,330-17,,,2018,,02-351-7944,서울특별시 은평구청,2026-02-26
진관동,1,,334-7,,,,,02-351-7944,서울특별시 은평구청,2026-02-26
진관동,1,북한산로 228-17,332-2,37.6484460000,126.9375430000,2006,,02-351-7944,서울특별시 은평구청,2026-02-26
진관동,1,연서로48길 22,144,37.6372920000,126.9376910000,2016,,02-351-7944,서울특별시 은평구청,2026-02-26
진관동,1,,330-11,,,2019,,02-351-7944,서울특별시 은평구청,2026-02-26
진관동,1,북한산로 281-15,296-1,37.6558740000,126.9399650000,2006,,02-351-7944,서울특별시 은평구청,2026-02-26
진관동,1,북한산로 277,295,37.6547620000,126.9395160000,2006,,02-351-7944,서울특별시 은평구청,2026-02-26
진관동,1,통일로 1079-26,산96-16,37.6482730000,126.9334210000,2006,,02-351-7944,서울특별시 은평구청,2026-02-26
진관동,1,북한산로 248-6,324-3,37.6522690000,126.9388710000,2006,,02-351-7944,서울특별시 은평구청,2026-02-26
진관동,1,캠핑장,329-2,37.6509540000,126.9379040000,2018,,02-351-7944,서울특별시 은평구청,2026-02-26
진관동,1,,334-7,,,,,02-351-7944,서울특별시 은평구청,2026-02-26
진관동,1,,334-7,,,,,02-351-7944,서울특별시 은평구청,2026-02-26
진관동,1,캠핑장,,,,2017,,02-351-7944,서울특별시 은평구청,2026-02-26
진관동,1,북한산로 281-3,296-8,37.6551650000,126.9392950000,2006,,02-351-7944,서울특별시 은평구청,2026-02-26
진관동,1,북한산로 281-3,296-9,37.6550390000,126.9393080000,2006,,02-351-7944,서울특별시 은평구청,2026-02-26
진관동,1,북한산로 281-15,296-1,37.6558740000,126.9399650000,2009,,02-351-7944,서울특별시 은평구청,2026-02-26
진관동,1,북한산로 311-1,290,37.6574700000,126.9421180000,2006,,02-351-7944,서울특별시 은평구청,2026-02-26
진관동,1,북한산로 311-4,293-5,37.6566210000,126.9408380000,2019,,02-351-7944,서울특별시 은평구청,2026-02-26
진관동,1,,311-1,37.6358010000,126.9193460000,2008,,02-351-7944,서울특별시 은평구청,2026-02-26
진관동,1,북한산로 281-16,294-3,37.6561890000,126.9409010000,2006,,02-351-7944,서울특별시 은평구청,2026-02-26
진관동,1,,294-4,37.6559160000,126.9406550000,2006,,02-351-7944,서울특별시 은평구청,2026-02-26
진관동,1,통일로,산96-16,37.6482730000,126.9334210000,2006,,02-351-7944,서울특별시 은평구청,2026-02-26
진관동,1,통일로 1079-37,388-5,37.6372000000,126.9136830000,2006,,02-351-7944,서울특별시 은평구청,2026-02-26
진관동,1,통일로 1079-31,388-3,37.6374010000,126.9139410000,2004,,02-351-7944,서울특별시 은평구청,2026-02-26
진관동,1,통일로 1079-31,388-3,37.6374010000,126.9139410000,2006,,02-351-7944,서울특별시 은평구청,2026-02-26
진관동,1,통일로 1079-31,388-3,37.6374010000,126.9139410000,2005,,02-351-7944,서울특별시 은평구청,2026-02-26
진관동,1,신도고옆길,56,,,,,02-351-7944,서울특별시 은평구청,2026-02-26
진관동,1,통일로10-31-41,120-20,37.6346000000,126.9122030000,2003,,02-351-7944,서울특별시 은평구청,2026-02-26
진관동,1,신도고옆길,56,,,,,02-351-7944,서울특별시 은평구청,2026-02-26
진관동,1,신도고옆길,56,,,,,02-351-7944,서울특별시 은평구청,2026-02-26
진관동,1,신도고옆길,56,,,,,02-351-7944,서울특별시 은평구청,2026-02-26
진관동,1,신도고옆길,56,,,,,02-351-7944,서울특별시 은평구청,2026-02-26
진관동,1,신도고옆길,56,,,,,02-351-7944,서울특별시 은평구청,2026-02-26
진관동,1,신도고옆길,56,,,,,02-351-7944,서울특별시 은평구청,2026-02-26
진관동,1,신도고옆길,56,,,,,02-351-7944,서울특별시 은평구청,2026-02-26
진관동,1,신도고옆길,Mar-57,,,,,02-351-7944,서울특별시 은평구청,2026-02-26
진관동,1,,75-41,,,,,02-351-7944,서울특별시 은평구청,2026-02-26
진관동,1,신도고옆길,56,,,,,02-351-7944,서울특별시 은평구청,2026-02-26
진관동,1,신도고옆길,56,,,,,02-351-7944,서울특별시 은평구청,2026-02-26
진관동,1,신도고옆길,56,,,,,02-351-7944,서울특별시 은평구청,2026-02-26
진관동,1,신도고옆길,56,,,,,02-351-7944,서울특별시 은평구청,2026-02-26
진관동,1,연서로48길 33-1,167-2,37.6358010000,126.9193460000,2017,,02-351-7944,서울특별시 은평구청,2026-02-26
진관동,1,진관2로 117,Jan-90,37.6345160000,126.9305360000,2018,,02-351-7944,서울특별시 은평구청,2026-02-26
진관동,1,진관2로 117,Jan-90,37.6345160000,126.9305360000,2018,,02-351-7944,서울특별시 은평구청,2026-02-26
진관동,1,의상봉길 6-21,산20,37.6520560000,126.9412090000,2018,,02-351-7944,서울특별시 은평구청,2026-02-26
진관동,1,연서로48길 50-49,356-4,37.6354550000,126.9407530000,2018,,02-351-7944,서울특별시 은평구청,2026-02-26
진관동,1,연서로48길 50-55,357-2,37.6291790000,126.9193850000,2006,,02-351-7944,서울특별시 은평구청,2026-02-26
진관동,1,연서로44길 51,산109-14,37.6272213600,126.9376301000,2024,,02-351-7944,서울특별시 은평구청,2026-02-26
진관동,1,연서로44길 51,산109-14,37.6272213600,126.9376301000,2024,,02-351-7944,서울특별시 은평구청,2026-02-26
진관동,1,,333-10,,,2024,,02-351-7944,서울특별시 은평구청,2026-02-26
진관동,1,북한산로 311-1(흥국사입구),290,37.6574700000,126.9421180000,2017,,02-351-7944,서울특별시 은평구청,2026-02-26
진관동,1,메뚜기 다리 밑,Apr-99,,,,,02-351-7944,서울특별시 은평구청,2026-02-26
진관동,1,408동 버스정류장 옆,140-3,,,,,02-351-7944,서울특별시 은평구청,2026-02-26
진관동,1,연서로48길 50-49,356-4,37.6354550000,126.9407530000,2006,,02-351-7944,서울특별시 은평구청,2026-02-26
진관동,1,북한산로 252-1,323-14,37.6524380000,126.9386080000,2006,,02-351-7944,서울특별시 은평구청,2026-02-26
진관동,1,의상봉길 70-7,318-2,37.6503520000,126.9451430000,2006,,02-351-7944,서울특별시 은평구청,2026-02-26
진관동,1,대서문길,265-1,37.6548680000,126.9534650000,2006,,02-351-7944,서울특별시 은평구청,2026-02-26
진관동,1,진관4로 18-19,산80-4,37.6358010000,126.9193460000,2006,,02-351-7944,서울특별시 은평구청,2026-02-26
진관동,1,진관2로,395-7,37.6358010000,126.9193460000,2003,,02-351-7944,서울특별시 은평구청,2026-02-26
진관동,1,연서로48길 50-49,356-4,37.6354550000,126.9407530000,2018,,02-351-7944,서울특별시 은평구청,2026-02-26
진관동,1,진관4로 78-47,산91-6,37.6441220000,126.9327100000,2005,,02-351-7944,서울특별시 은평구청,2026-02-26
진관동,1,,350-3,37.6389680000,126.9407150000,2013,,02-351-7944,서울특별시 은평구청,2026-02-26
진관동,1,연서로48길 33-1,167-2,37.6382976400,126.9384282000,2018,,02-351-7944,서울특별시 은평구청,2026-02-26
진관동,1,의상봉길 6-21,산20,37.6504570000,126.9418320000,2018,,02-351-7944,서울특별시 은평구청,2026-02-26
진관동,1,의상봉길 6-40,산19,37.6520560000,126.9412090000,2018,,02-351-7944,서울특별시 은평구청,2026-02-26
진관동,1,의상봉길 8,302-3,37.6531865000,126.9397178000,,,02-351-7944,서울특별시 은평구청,2026-02-26
진관동,1,통일로 961(신도교 뒤편),248-11,37.6287918800,126.9186387000,2020,,02-351-7944,서울특별시 은평구청,2026-02-26
진관동,1,통일로 961(신도교 뒤편),248-15,37.6287918800,126.9186387000,2020,,02-351-7944,서울특별시 은평구청,2026-02-26
진관동,1,진관4로 93,05월 04일,37.6480060300,126.9298881000,,,02-351-7944,서울특별시 은평구청,2026-02-26
진관동,1,,330-11,,,,,02-351-7944,서울특별시 은평구청,2026-02-26
진관동,1,,331-1,,,,,02-351-7944,서울특별시 은평구청,2026-02-26
진관동,1,,335-10,,,,,02-351-7944,서울특별시 은평구청,2026-02-26
