보안등표찰명,소재지지번주소,경도,위도,설치형태,관리기관전화번호,관리기관명,데이터기준일자
충현동9029,서울특별시 서대문구 미근동26,126.9668246,37.5635302,한전주,02-330-1562~3,서울특별시 서대문구청,2025-01-01
충현동9030,서울특별시 서대문구 미근동35,126.9667018,37.5634029,한전주,02-330-1562~3,서울특별시 서대문구청,2025-01-01
신촌동1300,서울특별시 서대문구 창천동67-28,126.9329272,37.5577504,건축물,02-330-1562~3,서울특별시 서대문구청,2025-01-01
충현동9041,서울특별시 서대문구 미근동71,126.9669358,37.5628554,건축물,02-330-1562~3,서울특별시 서대문구청,2025-01-01
충현동9046,서울특별시 서대문구 미근동95-3,126.9674617,37.5624725,통신주,02-330-1562~3,서울특별시 서대문구청,2025-01-01
충현동9019,서울특별시 서대문구 미근동91,126.9678367,37.5623677,건축물,02-330-1562~3,서울특별시 서대문구청,2025-01-01
충현동9042,서울특별시 서대문구 미근동103,126.9668129,37.5627371,건축물,02-330-1562~3,서울특별시 서대문구청,2025-01-01
충현동8838,서울특별시 서대문구 미근동103,126.9668129,37.5627371,건축물,02-330-1562~3,서울특별시 서대문구청,2025-01-01
충현동10235,서울특별시 서대문구 미근동190,126.9674258,37.5642562,통신주,02-330-1562~3,서울특별시 서대문구청,2025-01-01
충현동9024,서울특별시 서대문구 미근동80,126.967436,37.5626975,통신주,02-330-1562~3,서울특별시 서대문구청,2025-01-01
충현동9020,서울특별시 서대문구 미근동215,126.968461,37.5630579,건축물,02-330-1562~3,서울특별시 서대문구청,2025-01-01
충현동2230,서울특별시 서대문구 미근동215,126.968461,37.5630579,전용주,02-330-1562~3,서울특별시 서대문구청,2025-01-01
충현동9018,서울특별시 서대문구 미근동235,126.9681641,37.5624246,한전주,02-330-1562~3,서울특별시 서대문구청,2025-01-01
충현동9436,서울특별시 서대문구 미근동31-2,126.9671628,37.5644432,한전주,02-330-1562~3,서울특별시 서대문구청,2025-01-01
충현동9977,서울특별시 서대문구 미근동31-6,126.9671091,37.5642355,한전주,02-330-1562~3,서울특별시 서대문구청,2025-01-01
충현동9040,서울특별시 서대문구 미근동60-1,126.9666516,37.562943,한전주,02-330-1562~3,서울특별시 서대문구청,2025-01-01
충현동9051,서울특별시 서대문구 미근동60-3,126.9664374,37.562878,건축물,02-330-1562~3,서울특별시 서대문구청,2025-01-01
충현동9044,서울특별시 서대문구 미근동65-6,126.9666531,37.5628349,통신주,02-330-1562~3,서울특별시 서대문구청,2025-01-01
충현동9039,서울특별시 서대문구 미근동66-5,126.9667516,37.563079,건축물,02-330-1562~3,서울특별시 서대문구청,2025-01-01
충현동6006,서울특별시 서대문구 미근동67-1,126.9668104,37.5629173,건축물,02-330-1562~3,서울특별시 서대문구청,2025-01-01
충현동6038,서울특별시 서대문구 미근동67-1,126.9668104,37.5629173,건축물,02-330-1562~3,서울특별시 서대문구청,2025-01-01
충현동9045,서울특별시 서대문구 미근동67-1,126.9668104,37.5629173,건축물,02-330-1562~3,서울특별시 서대문구청,2025-01-01
충현동9038,서울특별시 서대문구 미근동67-1,126.9668104,37.5629173,건축물,02-330-1562~3,서울특별시 서대문구청,2025-01-01
충현동9037,서울특별시 서대문구 미근동72-1,126.9670085,37.5633245,건축물,02-330-1562~3,서울특별시 서대문구청,2025-01-01
충현동9028,서울특별시 서대문구 미근동72-1,126.9670085,37.5633245,한전주,02-330-1562~3,서울특별시 서대문구청,2025-01-01
충현동9040-1,서울특별시 서대문구 미근동72-2,126.9670329,37.5631986,한전주,02-330-1562~3,서울특별시 서대문구청,2025-01-01
충현동9027,서울특별시 서대문구 미근동72-4,126.9670456,37.5630996,한전주,02-330-1562~3,서울특별시 서대문구청,2025-01-01
충현동9026,서울특별시 서대문구 미근동72-5,126.9671821,37.5630467,통신주,02-330-1562~3,서울특별시 서대문구청,2025-01-01
충현동10224,서울특별시 서대문구 미근동72-6,126.9670245,37.5629823,건축물,02-330-1562~3,서울특별시 서대문구청,2025-01-01
충현동9025,서울특별시 서대문구 미근동74-1,126.9672178,37.5629209,한전주,02-330-1562~3,서울특별시 서대문구청,2025-01-01
충현동10222,서울특별시 서대문구 미근동74-4,126.9670939,37.5628748,건축물,02-330-1562~3,서울특별시 서대문구청,2025-01-01
충현동10073,서울특별시 서대문구 미근동74-4,126.9670939,37.5628748,건축물,02-330-1562~3,서울특별시 서대문구청,2025-01-01
충현동9047,서울특별시 서대문구 미근동76-1,126.9671971,37.5627856,건축물,02-330-1562~3,서울특별시 서대문구청,2025-01-01
충현동9023,서울특별시 서대문구 미근동82-1,126.9675041,37.5626801,한전주,02-330-1562~3,서울특별시 서대문구청,2025-01-01
충현동9021,서울특별시 서대문구 미근동90-5,126.9678009,37.5625025,한전주,02-330-1562~3,서울특별시 서대문구청,2025-01-01
충현동9048,서울특별시 서대문구 미근동99-1,126.9670767,37.5624872,건축물,02-330-1562~3,서울특별시 서대문구청,2025-01-01
충현동9032,서울특별시 서대문구 미근동22-1,126.9667319,37.5636825,한전주,02-330-1562~3,서울특별시 서대문구청,2025-01-01
충현동9031,서울특별시 서대문구 미근동23-1,126.9667557,37.5636016,건축물,02-330-1562~3,서울특별시 서대문구청,2025-01-01
충현동9035,서울특별시 서대문구 미근동31-12,126.9669718,37.5643424,건축물,02-330-1562~3,서울특별시 서대문구청,2025-01-01
충현동9043,서울특별시 서대문구 미근동102-1,126.9668028,37.562647,건축물,02-330-1562~3,서울특별시 서대문구청,2025-01-01
충현동10084,서울특별시 서대문구 미근동106-6,126.9658329,37.5623952,전용주,02-330-1562~3,서울특별시 서대문구청,2025-01-01
충현동10080,서울특별시 서대문구 미근동106-6,126.9658329,37.5623952,전용주,02-330-1562~3,서울특별시 서대문구청,2025-01-01
충현동9435,서울특별시 서대문구 미근동31-13,126.9669932,37.5644327,한전주,02-330-1562~3,서울특별시 서대문구청,2025-01-01
충현동9034,서울특별시 서대문구 미근동31-14,126.9668691,37.5644046,한전주,02-330-1562~3,서울특별시 서대문구청,2025-01-01
충현동9052,서울특별시 서대문구 미근동60-20,126.9663838,37.5626613,통신주,02-330-1562~3,서울특별시 서대문구청,2025-01-01
충현동9050,서울특별시 서대문구 미근동60-20,126.9663838,37.5626613,건축물,02-330-1562~3,서울특별시 서대문구청,2025-01-01
충현동9049,서울특별시 서대문구 미근동60-24,126.9663506,37.562607,건축물,02-330-1562~3,서울특별시 서대문구청,2025-01-01
충현동9022,서울특별시 서대문구 미근동90-14,126.9676313,37.562483,한전주,02-330-1562~3,서울특별시 서대문구청,2025-01-01
충현동6062,서울특별시 서대문구 북아현동1009,126.9500105,37.5590659,한전주,02-330-1562~3,서울특별시 서대문구청,2025-01-01
충현동5012,서울특별시 서대문구 북아현동2-8,126.9569133,37.5632268,건축물,02-330-1562~3,서울특별시 서대문구청,2025-01-01
충현동5091,서울특별시 서대문구 북아현동113-22,126.9594438,37.5611407,한전주,02-330-1562~3,서울특별시 서대문구청,2025-01-01
충현동10172,서울특별시 서대문구 북아현동118-42,126.9560444,37.561417,한전주,02-330-1562~3,서울특별시 서대문구청,2025-01-01
충현동10097,서울특별시 서대문구 북아현동125-38,126.9572508,37.5584993,건축물,02-330-1562~3,서울특별시 서대문구청,2025-01-01
충현동4012,서울특별시 서대문구 북아현동127-3,126.9568264,37.5605319,건축물,02-330-1562~3,서울특별시 서대문구청,2025-01-01
충현동4022,서울특별시 서대문구 북아현동1-317,126.9571696,37.5651392,건축물,02-330-1562~3,서울특별시 서대문구청,2025-01-01
충현동4004,서울특별시 서대문구 북아현동1-420,126.9568355,37.5655597,한전주,02-330-1562~3,서울특별시 서대문구청,2025-01-01
충현동4173,서울특별시 서대문구 북아현동1-49,126.957339,37.5643568,건축물,02-330-1562~3,서울특별시 서대문구청,2025-01-01
충현동348,서울특별시 서대문구 북아현동1-703,126.9589083,37.5654609,한전주,02-330-1562~3,서울특별시 서대문구청,2025-01-01
충현동4018,서울특별시 서대문구 북아현동4-87,126.9565317,37.5605563,건축물,02-330-1562~3,서울특별시 서대문구청,2025-01-01
북아현동5005,서울특별시 서대문구 북아현동303,126.960536,37.5607358,건축물,02-330-1562~3,서울특별시 서대문구청,2025-01-01
충현동5434,서울특별시 서대문구 북아현동348,126.9606112,37.5602139,건축물,02-330-1562~3,서울특별시 서대문구청,2025-01-01
충현동5035,서울특별시 서대문구 북아현동547,126.9600901,37.5602453,통신주,02-330-1562~3,서울특별시 서대문구청,2025-01-01
충현동6063,서울특별시 서대문구 북아현동1009,126.9500105,37.5590659,한전주,02-330-1562~3,서울특별시 서대문구청,2025-01-01
충현동5021,서울특별시 서대문구 북아현동1-15,126.9558205,37.5628567,건축물,02-330-1562~3,서울특별시 서대문구청,2025-01-01
충현동4013,서울특별시 서대문구 북아현동1-17,126.9588767,37.5644785,한전주,02-330-1562~3,서울특별시 서대문구청,2025-01-01
충현동4031,서울특별시 서대문구 북아현동1-18,126.9586949,37.564531,건축물,02-330-1562~3,서울특별시 서대문구청,2025-01-01
충현동4032,서울특별시 서대문구 북아현동1-21,126.9585739,37.5642776,한전주,02-330-1562~3,서울특별시 서대문구청,2025-01-01
충현동8812,서울특별시 서대문구 북아현동1-30,126.9578549,37.5638838,한전주,02-330-1562~3,서울특별시 서대문구청,2025-01-01
충현동6003,서울특별시 서대문구 북아현동1-30,126.9578549,37.5638838,한전주,02-330-1562~3,서울특별시 서대문구청,2025-01-01
충현동5010,서울특별시 서대문구 북아현동2-2,126.956673,37.5634138,건축물,02-330-1562~3,서울특별시 서대문구청,2025-01-01
충현동5017,서울특별시 서대문구 북아현동2-19,126.9564732,37.5631328,건축물,02-330-1562~3,서울특별시 서대문구청,2025-01-01
충현동5014,서울특별시 서대문구 북아현동3-2,126.9570867,37.562967,한전주,02-330-1562~3,서울특별시 서대문구청,2025-01-01
충현동6050,서울특별시 서대문구 북아현동3-9,126.956536,37.5626828,전용주,02-330-1562~3,서울특별시 서대문구청,2025-01-01
충현동5016,서울특별시 서대문구 북아현동3-10,126.9565127,37.5627367,건축물,02-330-1562~3,서울특별시 서대문구청,2025-01-01
충현동6025,서울특별시 서대문구 북아현동3-24,126.9561673,37.5623371,건축물,02-330-1562~3,서울특별시 서대문구청,2025-01-01
충현동8809,서울특별시 서대문구 북아현동3-31,126.9558826,37.5624608,건축물,02-330-1562~3,서울특별시 서대문구청,2025-01-01
충현동3052,서울특별시 서대문구 북아현동9-1,126.9575769,37.5586554,한전주,02-330-1562~3,서울특별시 서대문구청,2025-01-01
충현동4053,서울특별시 서대문구 북아현동1-102,126.9535522,37.5648009,한전주,02-330-1562~3,서울특별시 서대문구청,2025-01-01
충현동1088,서울특별시 서대문구 북아현동1-1058,126.951793,37.5611,한전주,02-330-1562~3,서울특별시 서대문구청,2025-01-01
충현동4067,서울특별시 서대문구 북아현동1-106,126.9540104,37.5644085,통신주,02-330-1562~3,서울특별시 서대문구청,2025-01-01
충현동1055,서울특별시 서대문구 북아현동1-1088,126.9514226,37.5608715,한전주,02-330-1562~3,서울특별시 서대문구청,2025-01-01
충현동1056,서울특별시 서대문구 북아현동1-1107,126.9511884,37.5606261,한전주,02-330-1562~3,서울특별시 서대문구청,2025-01-01
충현동4077,서울특별시 서대문구 북아현동1-111,126.9545431,37.5643591,건축물,02-330-1562~3,서울특별시 서대문구청,2025-01-01
충현동3025,서울특별시 서대문구 북아현동1-1121,126.9517013,37.5668298,건축물,02-330-1562~3,서울특별시 서대문구청,2025-01-01
충현동3022,서울특별시 서대문구 북아현동1-1122,126.9516922,37.5666765,건축물,02-330-1562~3,서울특별시 서대문구청,2025-01-01
충현동3016,서울특별시 서대문구 북아현동1-1130,126.9518093,37.5655873,건축물,02-330-1562~3,서울특별시 서대문구청,2025-01-01
충현동3059,서울특별시 서대문구 북아현동1-1142,126.9530392,37.5666795,한전주,02-330-1562~3,서울특별시 서대문구청,2025-01-01
충현동4039,서울특별시 서대문구 북아현동1-1144,126.9568058,37.5644422,한전주,02-330-1562~3,서울특별시 서대문구청,2025-01-01
충현동2215,서울특별시 서대문구 북아현동1-1163,126.9511636,37.5648157,한전주,02-330-1562~3,서울특별시 서대문구청,2025-01-01
충현동8432,서울특별시 서대문구 충정로2가86-1,126.9622878,37.5601115,건축물,02-330-1562~3,서울특별시 서대문구청,2025-01-01
충현동3060,서울특별시 서대문구 북아현동1-1183,126.9531589,37.5670229,한전주,02-330-1562~3,서울특별시 서대문구청,2025-01-01
충현동2112,서울특별시 서대문구 북아현동1-1193,126.9514974,37.5644222,건축물,02-330-1562~3,서울특별시 서대문구청,2025-01-01
충현동4172,서울특별시 서대문구 북아현동1-1198,126.9578024,37.5652169,통신주,02-330-1562~3,서울특별시 서대문구청,2025-01-01
충현동4036,서울특별시 서대문구 북아현동1-1211,126.9578825,37.5643436,한전주,02-330-1562~3,서울특별시 서대문구청,2025-01-01
충현동3063,서울특별시 서대문구 북아현동1-1245,126.9536036,37.5667926,한전주,02-330-1562~3,서울특별시 서대문구청,2025-01-01
충현동3062,서울특별시 서대문구 북아현동1-1275,126.9537133,37.5670368,건축물,02-330-1562~3,서울특별시 서대문구청,2025-01-01
충현동5075,서울특별시 서대문구 북아현동113-61,126.9586749,37.5618998,한전주,02-330-1562~3,서울특별시 서대문구청,2025-01-01
충현동5073,서울특별시 서대문구 북아현동113-61,126.9586749,37.5618998,한전주,02-330-1562~3,서울특별시 서대문구청,2025-01-01
충현동5086,서울특별시 서대문구 북아현동113-61,126.9586749,37.5618998,건축물,02-330-1562~3,서울특별시 서대문구청,2025-01-01
충현동5079,서울특별시 서대문구 북아현동113-61,126.9586749,37.5618998,한전주,02-330-1562~3,서울특별시 서대문구청,2025-01-01
충현동5078,서울특별시 서대문구 북아현동113-63,126.9589816,37.5618214,건축물,02-330-1562~3,서울특별시 서대문구청,2025-01-01
충현동5088,서울특별시 서대문구 북아현동113-67,126.9592745,37.5619231,한전주,02-330-1562~3,서울특별시 서대문구청,2025-01-01
충현동3058,서울특별시 서대문구 북아현동1-1377,126.9534931,37.5665934,건축물,02-330-1562~3,서울특별시 서대문구청,2025-01-01
충현동4056,서울특별시 서대문구 북아현동114-1,126.9588341,37.5610362,건축물,02-330-1562~3,서울특별시 서대문구청,2025-01-01
충현동4059,서울특별시 서대문구 북아현동114-1,126.9588341,37.5610362,건축물,02-330-1562~3,서울특별시 서대문구청,2025-01-01
충현동5013,서울특별시 서대문구 북아현동1-149,126.9570051,37.5631375,건축물,02-330-1562~3,서울특별시 서대문구청,2025-01-01
충현동4106,서울특별시 서대문구 북아현동1-153,126.9571969,37.5639951,한전주,02-330-1562~3,서울특별시 서대문구청,2025-01-01
충현동4118,서울특별시 서대문구 북아현동1-154,126.9570308,37.5637324,건축물,02-330-1562~3,서울특별시 서대문구청,2025-01-01
충현동1060,서울특별시 서대문구 북아현동1-1566,126.9505812,37.5603414,한전주,02-330-1562~3,서울특별시 서대문구청,2025-01-01
충현동3105,서울특별시 서대문구 북아현동1-1594,126.9560904,37.565418,한전주,02-330-1562~3,서울특별시 서대문구청,2025-01-01
충현동4108,서울특별시 서대문구 북아현동1-160,126.9575687,37.5641156,건축물,02-330-1562~3,서울특별시 서대문구청,2025-01-01
충현동3032,서울특별시 서대문구 북아현동1-1616,126.9520207,37.5674633,전용주,02-330-1562~3,서울특별시 서대문구청,2025-01-01
충현동3061,서울특별시 서대문구 북아현동1-1620,126.9517133,37.5675958,한전주,02-330-1562~3,서울특별시 서대문구청,2025-01-01
충현동3086,서울특별시 서대문구 북아현동1-1621,126.9556831,37.5662163,건축물,02-330-1562~3,서울특별시 서대문구청,2025-01-01
충현동3088,서울특별시 서대문구 북아현동1-1621,126.9556831,37.5662163,건축물,02-330-1562~3,서울특별시 서대문구청,2025-01-01
충현동3401,서울특별시 서대문구 북아현동1-1621,126.9556831,37.5662163,한전주,02-330-1562~3,서울특별시 서대문구청,2025-01-01
충현동4016,서울특별시 서대문구 북아현동1-1625,126.9580781,37.564931,건축물,02-330-1562~3,서울특별시 서대문구청,2025-01-01
충현동5023,서울특별시 서대문구 북아현동1-165,126.955942,37.563074,건축물,02-330-1562~3,서울특별시 서대문구청,2025-01-01
충현동3096,서울특별시 서대문구 북아현동1-1654,126.9542322,37.5655457,한전주,02-330-1562~3,서울특별시 서대문구청,2025-01-01
충현동3114,서울특별시 서대문구 북아현동1-1657,126.956254,37.56505,건축물,02-330-1562~3,서울특별시 서대문구청,2025-01-01
충현동5024,서울특별시 서대문구 북아현동1-166,126.9558405,37.5630461,건축물,02-330-1562~3,서울특별시 서대문구청,2025-01-01
충현동4011,서울특별시 서대문구 북아현동1-1667,126.9584063,37.5649339,한전주,02-330-1562~3,서울특별시 서대문구청,2025-01-01
충현동3108,서울특별시 서대문구 북아현동1-1671,126.9559565,37.5652817,건축물,02-330-1562~3,서울특별시 서대문구청,2025-01-01
충현동3106,서울특별시 서대문구 북아현동1-1672,126.95607,37.5652556,건축물,02-330-1562~3,서울특별시 서대문구청,2025-01-01
충현동2,서울특별시 서대문구 북아현동1-1672,126.95607,37.5652556,전용주,02-330-1562~3,서울특별시 서대문구청,2025-01-01
충현동3116,서울특별시 서대문구 북아현동1-1765,126.9569909,37.5649664,건축물,02-330-1562~3,서울특별시 서대문구청,2025-01-01
충현동8808,서울특별시 서대문구 북아현동1-1765,126.9569909,37.5649664,건축물,02-330-1562~3,서울특별시 서대문구청,2025-01-01
충현동8801,서울특별시 서대문구 북아현동1-1767,126.9583208,37.5645727,건축물,02-330-1562~3,서울특별시 서대문구청,2025-01-01
충현동4037,서울특별시 서대문구 북아현동1-1819,126.9576213,37.5644044,통신주,02-330-1562~3,서울특별시 서대문구청,2025-01-01
충현동5041,서울특별시 서대문구 북아현동118-2,126.956943,37.5619115,건축물,02-330-1562~3,서울특별시 서대문구청,2025-01-01
충현동4086,서울특별시 서대문구 북아현동1-1821,126.9556889,37.56418,한전주,02-330-1562~3,서울특별시 서대문구청,2025-01-01
충현동3305,서울특별시 서대문구 북아현동1-1829,126.9562007,37.5656262,한전주,02-330-1562~3,서울특별시 서대문구청,2025-01-01
충현동4017,서울특별시 서대문구 북아현동118-36,126.956407,37.5613842,한전주,02-330-1562~3,서울특별시 서대문구청,2025-01-01
충현동4096,서울특별시 서대문구 북아현동1-1836,126.9556202,37.5634226,한전주,02-330-1562~3,서울특별시 서대문구청,2025-01-01
충현동1058,서울특별시 서대문구 북아현동1-1840,126.9510085,37.5605434,한전주,02-330-1562~3,서울특별시 서대문구청,2025-01-01
충현동5039,서울특별시 서대문구 북아현동118-72,126.9567392,37.5619097,전용주,02-330-1562~3,서울특별시 서대문구청,2025-01-01
충현동5040,서울특별시 서대문구 북아현동118-73,126.9567513,37.5618557,건축물,02-330-1562~3,서울특별시 서대문구청,2025-01-01
충현동5037,서울특별시 서대문구 북아현동118-74,126.9566492,37.5618729,한전주,02-330-1562~3,서울특별시 서대문구청,2025-01-01
충현동5033,서울특별시 서대문구 북아현동118-78,126.9564466,37.56179,건축물,02-330-1562~3,서울특별시 서대문구청,2025-01-01
충현동5036,서울특별시 서대문구 북아현동118-81,126.9563333,37.561798,건축물,02-330-1562~3,서울특별시 서대문구청,2025-01-01
충현동5034,서울특별시 서대문구 북아현동118-84,126.9561184,37.5617871,건축물,02-330-1562~3,서울특별시 서대문구청,2025-01-01
충현동5031,서울특별시 서대문구 북아현동118-84,126.9561184,37.5617871,건축물,02-330-1562~3,서울특별시 서대문구청,2025-01-01
충현동5032,서울특별시 서대문구 북아현동118-84,126.9561184,37.5617871,건축물,02-330-1562~3,서울특별시 서대문구청,2025-01-01
충현동5030,서울특별시 서대문구 북아현동118-85,126.9560055,37.5617681,한전주,02-330-1562~3,서울특별시 서대문구청,2025-01-01
충현동3404,서울특별시 서대문구 북아현동1-209,126.9542695,37.5653118,건축물,02-330-1562~3,서울특별시 서대문구청,2025-01-01
충현동4044,서울특별시 서대문구 북아현동1-218,126.9558633,37.5646591,건축물,02-330-1562~3,서울특별시 서대문구청,2025-01-01
충현동4083,서울특별시 서대문구 북아현동1-218,126.9558633,37.5646591,건축물,02-330-1562~3,서울특별시 서대문구청,2025-01-01
충현동4043,서울특별시 서대문구 북아현동1-74,126.9559993,37.5646423,건축물,02-330-1562~3,서울특별시 서대문구청,2025-01-01
충현동4076,서울특별시 서대문구 북아현동1-224,126.9548203,37.5639651,건축물,02-330-1562~3,서울특별시 서대문구청,2025-01-01
충현동4097,서울특별시 서대문구 북아현동1-225,126.9558655,37.563686,통신주,02-330-1562~3,서울특별시 서대문구청,2025-01-01
충현동4109,서울특별시 서대문구 북아현동1-228,126.9575259,37.563944,건축물,02-330-1562~3,서울특별시 서대문구청,2025-01-01
충현동5029,서울특별시 서대문구 북아현동1-232,126.9552496,37.563212,건축물,02-330-1562~3,서울특별시 서대문구청,2025-01-01
충현동8107,서울특별시 서대문구 충정로3가250-55,126.9622878,37.5601115,건축물,02-330-1562~3,서울특별시 서대문구청,2025-01-01
충현동5006,서울특별시 서대문구 북아현동1-236,126.955903,37.5634341,건축물,02-330-1562~3,서울특별시 서대문구청,2025-01-01
충현동4070,서울특별시 서대문구 북아현동1-239,126.9542103,37.5638786,통신주,02-330-1562~3,서울특별시 서대문구청,2025-01-01
충현동5001,서울특별시 서대문구 북아현동1-244,126.9562617,37.5636895,건축물,02-330-1562~3,서울특별시 서대문구청,2025-01-01
충현동5005,서울특별시 서대문구 북아현동1-245,126.9562402,37.5636083,건축물,02-330-1562~3,서울특별시 서대문구청,2025-01-01
충현동4116,서울특별시 서대문구 북아현동1-250,126.9566909,37.5637564,한전주,02-330-1562~3,서울특별시 서대문구청,2025-01-01
충현동3057,서울특별시 서대문구 북아현동125-1,126.9578625,37.5592796,건축물,02-330-1562~3,서울특별시 서대문구청,2025-01-01
충현동4120,서울특별시 서대문구 북아현동1-251,126.956566,37.5637823,건축물,02-330-1562~3,서울특별시 서대문구청,2025-01-01
충현동10052,서울특별시 서대문구 북아현동1-252,126.9565759,37.5638815,건축물,02-330-1562~3,서울특별시 서대문구청,2025-01-01
충현동4069,서울특별시 서대문구 북아현동1-253,126.9539009,37.5641462,한전주,02-330-1562~3,서울특별시 서대문구청,2025-01-01
충현동4112,서울특별시 서대문구 북아현동1-257,126.9573863,37.5634021,건축물,02-330-1562~3,서울특별시 서대문구청,2025-01-01
충현동4113,서울특별시 서대문구 북아현동1-257,126.9573863,37.5634021,한전주,02-330-1562~3,서울특별시 서대문구청,2025-01-01
충현동5227,서울특별시 서대문구 북아현동1-259,126.9557287,37.562946,건축물,02-330-1562~3,서울특별시 서대문구청,2025-01-01
충현동3112,서울특별시 서대문구 북아현동1-260,126.955926,37.5650291,건축물,02-330-1562~3,서울특별시 서대문구청,2025-01-01
충현동4073,서울특별시 서대문구 북아현동1-263,126.9545836,37.5638909,건축물,02-330-1562~3,서울특별시 서대문구청,2025-01-01
충현동4072,서울특별시 서대문구 북아현동1-265,126.9544809,37.5639531,건축물,02-330-1562~3,서울특별시 서대문구청,2025-01-01
충현동4100,서울특별시 서대문구 북아현동1-268,126.9560652,37.5639761,건축물,02-330-1562~3,서울특별시 서대문구청,2025-01-01
충현동4034,서울특별시 서대문구 북아현동1-270,126.9583241,37.5643295,한전주,02-330-1562~3,서울특별시 서대문구청,2025-01-01
충현동4033,서울특별시 서대문구 북아현동1-270,126.9583241,37.5643295,전용주,02-330-1562~3,서울특별시 서대문구청,2025-01-01
충현동10213,서울특별시 서대문구 북아현동1-271,126.9583258,37.5642123,통신주,02-330-1562~3,서울특별시 서대문구청,2025-01-01
충현동4059-1,서울특별시 서대문구 북아현동1-278,126.9538023,37.564722,건축물,02-330-1562~3,서울특별시 서대문구청,2025-01-01
충현동4060,서울특별시 서대문구 북아현동1-281,126.9539164,37.5646599,건축물,02-330-1562~3,서울특별시 서대문구청,2025-01-01
충현동1005,서울특별시 서대문구 북아현동1-286,126.9577415,37.5639008,건축물,02-330-1562~3,서울특별시 서대문구청,2025-01-01
충현동4111,서울특별시 서대문구 북아현동1-289,126.9572123,37.5636979,건축물,02-330-1562~3,서울특별시 서대문구청,2025-01-01
충현동4061,서울특별시 서대문구 북아현동1-290,126.9537262,37.564496,건축물,02-330-1562~3,서울특별시 서대문구청,2025-01-01
충현동4058,서울특별시 서대문구 북아현동1-290,126.9537262,37.564496,한전주,02-330-1562~3,서울특별시 서대문구청,2025-01-01
충현동4066,서울특별시 서대문구 북아현동1-292,126.9543155,37.5644472,한전주,02-330-1562~3,서울특별시 서대문구청,2025-01-01
충현동5028,서울특별시 서대문구 북아현동1-300,126.9555821,37.5629086,건축물,02-330-1562~3,서울특별시 서대문구청,2025-01-01
충현동4084,서울특별시 서대문구 북아현동1-305,126.9561608,37.5644275,건축물,02-330-1562~3,서울특별시 서대문구청,2025-01-01
충현동4075,서울특별시 서대문구 북아현동1-312,126.9547841,37.564127,한전주,02-330-1562~3,서울특별시 서대문구청,2025-01-01
충현동4005,서울특별시 서대문구 북아현동1-316,126.957247,37.5652751,한전주,02-330-1562~3,서울특별시 서대문구청,2025-01-01
충현동3120,서울특별시 서대문구 북아현동1-317,126.9571696,37.5651392,통신주,02-330-1562~3,서울특별시 서대문구청,2025-01-01
충현동4023,서울특별시 서대문구 북아현동1-317,126.9571696,37.5651392,건축물,02-330-1562~3,서울특별시 서대문구청,2025-01-01
충현동10127,서울특별시 서대문구 북아현동1-318,126.9569971,37.5653359,건축물,02-330-1562~3,서울특별시 서대문구청,2025-01-01
충현동3113,서울특별시 서대문구 북아현동1-325,126.9561519,37.5650671,한전주,02-330-1562~3,서울특별시 서대문구청,2025-01-01
충현동3107,서울특별시 서대문구 북아현동1-325,126.9561519,37.5650671,전용주,02-330-1562~3,서울특별시 서대문구청,2025-01-01
충현동3115,서울특별시 서대문구 북아현동1-326,126.9564015,37.5650243,한전주,02-330-1562~3,서울특별시 서대문구청,2025-01-01
충현동3104,서울특별시 서대문구 북아현동1-329,126.9556923,37.5655587,한전주,02-330-1562~3,서울특별시 서대문구청,2025-01-01
충현동3100,서울특별시 서대문구 북아현동1-330,126.9556829,37.5654144,건축물,02-330-1562~3,서울특별시 서대문구청,2025-01-01
충현동3099,서울특별시 서대문구 북아현동1-377,126.9554441,37.5654934,통신주,02-330-1562~3,서울특별시 서대문구청,2025-01-01
충현동3110,서울특별시 서대문구 북아현동1-336,126.9555624,37.565134,건축물,02-330-1562~3,서울특별시 서대문구청,2025-01-01
충현동3095,서울특별시 서대문구 북아현동1-338,126.9547063,37.56564,한전주,02-330-1562~3,서울특별시 서대문구청,2025-01-01
충현동3097,서울특별시 서대문구 북아현동1-341,126.9552335,37.5651762,한전주,02-330-1562~3,서울특별시 서대문구청,2025-01-01
충현동3111,서울특별시 서대문구 북아현동1-342,126.9551567,37.5650043,건축물,02-330-1562~3,서울특별시 서대문구청,2025-01-01
충현동4048,서울특별시 서대문구 북아현동1-343,126.9547823,37.565064,건축물,02-330-1562~3,서울특별시 서대문구청,2025-01-01
충현동3093,서울특별시 서대문구 북아현동1-344,126.9548366,37.5652267,한전주,02-330-1562~3,서울특별시 서대문구청,2025-01-01
충현동3071,서울특별시 서대문구 북아현동1-349,126.9540879,37.5653462,한전주,02-330-1562~3,서울특별시 서대문구청,2025-01-01
충현동3070,서울특별시 서대문구 북아현동1-351,126.9536148,37.5651798,한전주,02-330-1562~3,서울특별시 서대문구청,2025-01-01
충현동3270,서울특별시 서대문구 북아현동1-354,126.9536794,37.5654147,한전주,02-330-1562~3,서울특별시 서대문구청,2025-01-01
충현동3069,서울특별시 서대문구 북아현동1-356,126.9534616,37.565611,한전주,02-330-1562~3,서울특별시 서대문구청,2025-01-01
충현동3073,서울특별시 서대문구 북아현동1-357,126.9538327,37.5657855,한전주,02-330-1562~3,서울특별시 서대문구청,2025-01-01
충현동3067,서울특별시 서대문구 북아현동1-358,126.9534019,37.5658357,한전주,02-330-1562~3,서울특별시 서대문구청,2025-01-01
충현동3045,서울특별시 서대문구 북아현동1-360,126.9528403,37.5655244,건축물,02-330-1562~3,서울특별시 서대문구청,2025-01-01
충현동6027,서울특별시 서대문구 북아현동1-364,126.9579175,37.5650827,건축물,02-330-1562~3,서울특별시 서대문구청,2025-01-01
충현동4017-1,서울특별시 서대문구 북아현동1-365,126.9579078,37.5649655,건축물,02-330-1562~3,서울특별시 서대문구청,2025-01-01
충현동4020,서울특별시 서대문구 북아현동1-366,126.9577151,37.5649818,건축물,02-330-1562~3,서울특별시 서대문구청,2025-01-01
충현동4170,서울특별시 서대문구 북아현동1-368,126.9576999,37.565261,통신주,02-330-1562~3,서울특별시 서대문구청,2025-01-01
충현동4001,서울특별시 서대문구 북아현동1-372,126.9566823,37.56518,건축물,02-330-1562~3,서울특별시 서대문구청,2025-01-01
충현동4002,서울특별시 서대문구 북아현동1-375,126.9566111,37.5654136,한전주,02-330-1562~3,서울특별시 서대문구청,2025-01-01
충현동3102,서울특별시 서대문구 북아현동1-376,126.9554876,37.5656199,통신주,02-330-1562~3,서울특별시 서대문구청,2025-01-01
충현동3101,서울특별시 서대문구 북아현동1-376,126.9554876,37.5656199,통신주,02-330-1562~3,서울특별시 서대문구청,2025-01-01
충현동3098,서울특별시 서대문구 북아현동1-378,126.9553896,37.5653487,한전주,02-330-1562~3,서울특별시 서대문구청,2025-01-01
충현동3089,서울특별시 서대문구 북아현동1-383,126.9551114,37.5658148,한전주,02-330-1562~3,서울특별시 서대문구청,2025-01-01
충현동3090,서울특별시 서대문구 북아현동1-384,126.9550334,37.565724,건축물,02-330-1562~3,서울특별시 서대문구청,2025-01-01
충현동3085,서울특별시 서대문구 북아현동1-388,126.9544415,37.5659621,한전주,02-330-1562~3,서울특별시 서대문구청,2025-01-01
충현동3084,서울특별시 서대문구 북아현동1-388,126.9544415,37.5659621,한전주,02-330-1562~3,서울특별시 서대문구청,2025-01-01
충현동3037,서울특별시 서대문구 북아현동1-390,126.954366,37.5656911,건축물,02-330-1562~3,서울특별시 서대문구청,2025-01-01
충현동3074,서울특별시 서대문구 북아현동1-390,126.954366,37.5656911,건축물,02-330-1562~3,서울특별시 서대문구청,2025-01-01
충현동3075,서울특별시 서대문구 북아현동1-396,126.9537738,37.5659471,건축물,02-330-1562~3,서울특별시 서대문구청,2025-01-01
충현동3076,서울특별시 서대문구 북아현동1-396,126.9537738,37.5659471,건축물,02-330-1562~3,서울특별시 서대문구청,2025-01-01
충현동3121,서울특별시 서대문구 북아현동1-398,126.9536581,37.5661263,전용주,02-330-1562~3,서울특별시 서대문구청,2025-01-01
충현동3056,서울특별시 서대문구 북아현동1-399,126.9534883,37.5661338,한전주,02-330-1562~3,서울특별시 서대문구청,2025-01-01
충현동4114,서울특별시 서대문구 북아현동1-40,126.9571009,37.5635708,한전주,02-330-1562~3,서울특별시 서대문구청,2025-01-01
충현동3054,서울특별시 서대문구 북아현동1-400,126.9530689,37.5661752,한전주,02-330-1562~3,서울특별시 서대문구청,2025-01-01
충현동3047,서울특별시 서대문구 북아현동1-405,126.9528903,37.5659934,건축물,02-330-1562~3,서울특별시 서대문구청,2025-01-01
충현동4074,서울특별시 서대문구 북아현동1-412,126.9544097,37.5641867,한전주,02-330-1562~3,서울특별시 서대문구청,2025-01-01
충현동4003,서울특별시 서대문구 북아현동1-419,126.9568445,37.565722,한전주,02-330-1562~3,서울특별시 서대문구청,2025-01-01
충현동4302,서울특별시 서대문구 북아현동1-422,126.9561548,37.5656709,통신주,02-330-1562~3,서울특별시 서대문구청,2025-01-01
충현동4082,서울특별시 서대문구 북아현동1-425,126.9554591,37.5644213,전용주,02-330-1562~3,서울특별시 서대문구청,2025-01-01
충현동4099,서울특별시 서대문구 북아현동1-426,126.9555212,37.5640254,한전주,02-330-1562~3,서울특별시 서대문구청,2025-01-01
충현동4080,서울특별시 서대문구 북아현동1-428,126.9545858,37.5645487,건축물,02-330-1562~3,서울특별시 서대문구청,2025-01-01
충현동4110,서울특별시 서대문구 북아현동1-43,126.9572336,37.5637972,한전주,02-330-1562~3,서울특별시 서대문구청,2025-01-01
충현동4064,서울특별시 서대문구 북아현동1-431,126.9544027,37.5646913,건축물,02-330-1562~3,서울특별시 서대문구청,2025-01-01
충현동4078,서울특별시 서대문구 북아현동1-435,126.9550054,37.5644894,건축물,02-330-1562~3,서울특별시 서대문구청,2025-01-01
충현동6002,서울특별시 서대문구 북아현동1-447,126.9581676,37.5641929,한전주,02-330-1562~3,서울특별시 서대문구청,2025-01-01
충현동4079,서울특별시 서대문구 북아현동1-449,126.9548259,37.5643706,한전주,02-330-1562~3,서울특별시 서대문구청,2025-01-01
충현동4107,서울특별시 서대문구 북아현동1-45,126.9573331,37.5639693,한전주,02-330-1562~3,서울특별시 서대문구청,2025-01-01
충현동4052,서울특별시 서대문구 북아현동1-458,126.9534176,37.5647096,한전주,02-330-1562~3,서울특별시 서대문구청,2025-01-01
충현동4068,서울특별시 서대문구 북아현동1-459,126.9538877,37.5642812,한전주,02-330-1562~3,서울특별시 서대문구청,2025-01-01
충현동4161,서울특별시 서대문구 북아현동1-460,126.95445,37.5637366,건축물,02-330-1562~3,서울특별시 서대문구청,2025-01-01
충현동4092,서울특별시 서대문구 북아현동1-463,126.9547306,37.5639012,건축물,02-330-1562~3,서울특별시 서대문구청,2025-01-01
충현동4088,서울특별시 서대문구 북아현동1-467,126.9552936,37.5641135,통신주,02-330-1562~3,서울특별시 서대문구청,2025-01-01
충현동5009,서울특별시 서대문구 북아현동1-472,126.956344,37.563465,한전주,02-330-1562~3,서울특별시 서대문구청,2025-01-01
충현동5025,서울특별시 서대문구 북아현동1-474,126.9561648,37.5633283,한전주,02-330-1562~3,서울특별시 서대문구청,2025-01-01
충현동5008,서울특별시 서대문구 북아현동1-478,126.9563581,37.5632669,한전주,02-330-1562~3,서울특별시 서대문구청,2025-01-01
충현동5019,서울특별시 서대문구 북아현동1-483,126.9561353,37.5630126,건축물,02-330-1562~3,서울특별시 서대문구청,2025-01-01
충현동5022,서울특별시 서대문구 북아현동1-161,126.9560313,37.5631649,건축물,02-330-1562~3,서울특별시 서대문구청,2025-01-01
충현동4090,서울특별시 서대문구 북아현동1-486,126.955206,37.5639055,통신주,02-330-1562~3,서울특별시 서대문구청,2025-01-01
충현동4038,서울특별시 서대문구 북아현동1-49,126.957339,37.5643568,한전주,02-330-1562~3,서울특별시 서대문구청,2025-01-01
충현동4094,서울특별시 서대문구 북아현동1-493,126.9552818,37.5633385,건축물,02-330-1562~3,서울특별시 서대문구청,2025-01-01
충현동5026,서울특별시 서대문구 북아현동1-495,126.9554772,37.563124,건축물,02-330-1562~3,서울특별시 서대문구청,2025-01-01
충현동4046,서울특별시 서대문구 북아현동1-496,126.9551025,37.5648326,한전주,02-330-1562~3,서울특별시 서대문구청,2025-01-01
충현동4104,서울특별시 서대문구 북아현동1-50,126.9570557,37.5643813,한전주,02-330-1562~3,서울특별시 서대문구청,2025-01-01
충현동4115,서울특별시 서대문구 북아현동1-508,126.9567625,37.5634867,건축물,02-330-1562~3,서울특별시 서대문구청,2025-01-01
충현동558,서울특별시 서대문구 북아현동1-51,126.9573569,37.5646994,건축물,02-330-1562~3,서울특별시 서대문구청,2025-01-01
충현동3117,서울특별시 서대문구 북아현동1-52,126.9571408,37.5647695,건축물,02-330-1562~3,서울특별시 서대문구청,2025-01-01
충현동3119,서울특별시 서대문구 북아현동1-317,126.9571696,37.5651392,전용주,02-330-1562~3,서울특별시 서대문구청,2025-01-01
충현동3049,서울특별시 서대문구 북아현동1-526,126.9526168,37.5661261,건축물,02-330-1562~3,서울특별시 서대문구청,2025-01-01
충현동3048,서울특별시 서대문구 북아현동1-526,126.9526168,37.5661261,건축물,02-330-1562~3,서울특별시 서대문구청,2025-01-01
충현동9997,서울특별시 서대문구 북아현동1-528,126.9525974,37.5658916,전용주,02-330-1562~3,서울특별시 서대문구청,2025-01-01
충현동3043,서울특별시 서대문구 북아현동1-532,126.9522898,37.5652222,한전주,02-330-1562~3,서울특별시 서대문구청,2025-01-01
충현동3039,서울특별시 서대문구 북아현동1-540,126.9521527,37.566122,통신주,02-330-1562~3,서울특별시 서대문구청,2025-01-01
충현동3014,서울특별시 서대문구 북아현동1-546,126.9518046,37.5651187,한전주,02-330-1562~3,서울특별시 서대문구청,2025-01-01
충현동3015,서울특별시 서대문구 북아현동1-548,126.9518678,37.5654527,한전주,02-330-1562~3,서울특별시 서대문구청,2025-01-01
충현동10037,서울특별시 서대문구 북아현동1-551,126.9519167,37.5660027,건축물,02-330-1562~3,서울특별시 서대문구청,2025-01-01
충현동3017,서울특별시 서대문구 북아현동1-551,126.9519167,37.5660027,한전주,02-330-1562~3,서울특별시 서대문구청,2025-01-01
충현동3018,서울특별시 서대문구 북아현동1-553,126.9518792,37.5662547,한전주,02-330-1562~3,서울특별시 서대문구청,2025-01-01
충현동3035,서울특별시 서대문구 북아현동1-555,126.952259,37.5666185,건축물,02-330-1562~3,서울특별시 서대문구청,2025-01-01
충현동3029,서울특별시 서대문구 북아현동1-556,126.9522226,37.5667894,건축물,02-330-1562~3,서울특별시 서대문구청,2025-01-01
충현동3020,서울특별시 서대문구 북아현동1-559,126.9519213,37.5664803,한전주,02-330-1562~3,서울특별시 서대문구청,2025-01-01
충현동3019,서울특별시 서대문구 북아현동1-559,126.9519213,37.5664803,한전주,02-330-1562~3,서울특별시 서대문구청,2025-01-01
충현동3023,서울특별시 서대문구 북아현동1-562,126.9518033,37.5668217,한전주,02-330-1562~3,서울특별시 서대문구청,2025-01-01
충현동3021,서울특별시 서대문구 북아현동1-565,126.9515361,37.5665039,한전주,02-330-1562~3,서울특별시 서대문구청,2025-01-01
충현동3053,서울특별시 서대문구 북아현동1-525,126.9528788,37.5668132,건축물,02-330-1562~3,서울특별시 서대문구청,2025-01-01
충현동5007,서울특별시 서대문구 북아현동1-570,126.9560869,37.5632375,한전주,02-330-1562~3,서울특별시 서대문구청,2025-01-01
충현동3077,서울특별시 서대문구 북아현동1-574,126.9540496,37.5664632,건축물,02-330-1562~3,서울특별시 서대문구청,2025-01-01
충현동2120,서울특별시 서대문구 북아현동1-577,126.951613,37.5658649,건축물,02-330-1562~3,서울특별시 서대문구청,2025-01-01
충현동4040,서울특별시 서대문구 북아현동1-58,126.9564202,37.5644929,한전주,02-330-1562~3,서울특별시 서대문구청,2025-01-01
충현동2118,서울특별시 서대문구 북아현동1-587,126.9513463,37.5655111,한전주,02-330-1562~3,서울특별시 서대문구청,2025-01-01
충현동2119,서울특별시 서대문구 북아현동1-589,126.9513976,37.56589,한전주,02-330-1562~3,서울특별시 서대문구청,2025-01-01
충현동3,서울특별시 서대문구 북아현동1-589,126.9513976,37.56589,한전주,02-330-1562~3,서울특별시 서대문구청,2025-01-01
충현동4041,서울특별시 서대문구 북아현동1-59,126.9562599,37.5646266,건축물,02-330-1562~3,서울특별시 서대문구청,2025-01-01
충현동181,서울특별시 서대문구 북아현동1-599,126.9532089,37.5650681,한전주,02-330-1562~3,서울특별시 서대문구청,2025-01-01
충현동4055,서울특별시 서대문구 북아현동1-601,126.9533464,37.5649432,건축물,02-330-1562~3,서울특별시 서대문구청,2025-01-01
충현동4051,서울특별시 서대문구 북아현동1-609,126.9528575,37.565101,한전주,02-330-1562~3,서울특별시 서대문구청,2025-01-01
충현동4085,서울특별시 서대문구 북아현동1-61,126.9562335,37.5640857,건축물,02-330-1562~3,서울특별시 서대문구청,2025-01-01
충현동3083,서울특별시 서대문구 북아현동1-616,126.9546043,37.5664591,건축물,02-330-1562~3,서울특별시 서대문구청,2025-01-01
충현동4101,서울특별시 서대문구 북아현동1-62,126.9564036,37.5640602,한전주,02-330-1562~3,서울특별시 서대문구청,2025-01-01
충현동3081,서울특별시 서대문구 북아현동1-620,126.9543674,37.5664029,건축물,02-330-1562~3,서울특별시 서대문구청,2025-01-01
충현동3082,서울특별시 서대문구 북아현동1-620,126.9543674,37.5664029,건축물,02-330-1562~3,서울특별시 서대문구청,2025-01-01
충현동3055,서울특별시 서대문구 북아현동1-626,126.953386,37.5661599,한전주,02-330-1562~3,서울특별시 서대문구청,2025-01-01
충현동3094,서울특별시 서대문구 북아현동1-628,126.9546066,37.565486,한전주,02-330-1562~3,서울특별시 서대문구청,2025-01-01
충현동4102,서울특별시 서대문구 북아현동1-63,126.9566531,37.5640264,건축물,02-330-1562~3,서울특별시 서대문구청,2025-01-01
충현동8811,서울특별시 서대문구 북아현동1-63,126.9566531,37.5640264,한전주,02-330-1562~3,서울특별시 서대문구청,2025-01-01
충현동4103,서울특별시 서대문구 북아현동1-63,126.9566531,37.5640264,한전주,02-330-1562~3,서울특별시 서대문구청,2025-01-01
충현동4047,서울특별시 서대문구 북아현동1-51,126.9573569,37.5646994,한전주,02-330-1562~3,서울특별시 서대문구청,2025-01-01
충현동8013,서울특별시 서대문구 충정로2가31,126.9622878,37.5601115,건축물,02-330-1562~3,서울특별시 서대문구청,2025-01-01
충현동3118,서울특별시 서대문구 북아현동1-636,126.9573996,37.5648799,건축물,02-330-1562~3,서울특별시 서대문구청,2025-01-01
충현동8086,서울특별시 서대문구 북아현동1-636,126.9573996,37.5648799,통신주,02-330-1562~3,서울특별시 서대문구청,2025-01-01
충현동4018-1,서울특별시 서대문구 북아현동1-636,126.9573996,37.5648799,한전주,02-330-1562~3,서울특별시 서대문구청,2025-01-01
충현동5002,서울특별시 서대문구 북아현동1-65,126.956451,37.5639075,건축물,02-330-1562~3,서울특별시 서대문구청,2025-01-01
충현동4117,서울특별시 서대문구 북아현동1-64,126.9567007,37.5638646,건축물,02-330-1562~3,서울특별시 서대문구청,2025-01-01
충현동4035,서울특별시 서대문구 북아현동1-64,126.9567007,37.5638646,건축물,02-330-1562~3,서울특별시 서대문구청,2025-01-01
충현동4105,서울특별시 서대문구 북아현동1-644,126.9565676,37.5644761,건축물,02-330-1562~3,서울특별시 서대문구청,2025-01-01
충현동4021,서울특별시 서대문구 북아현동1-646,126.9577588,37.5650994,건축물,02-330-1562~3,서울특별시 서대문구청,2025-01-01
충현동5003,서울특별시 서대문구 북아현동1-65,126.956451,37.5639075,건축물,02-330-1562~3,서울특별시 서대문구청,2025-01-01
충현동4024,서울특별시 서대문구 북아현동1-657,126.95848,37.565331,건축물,02-330-1562~3,서울특별시 서대문구청,2025-01-01
충현동5004,서울특별시 서대문구 북아현동1-66,126.9561909,37.5638961,한전주,02-330-1562~3,서울특별시 서대문구청,2025-01-01
충현동4009,서울특별시 서대문구 북아현동1-660,126.9583739,37.5656364,건축물,02-330-1562~3,서울특별시 서대문구청,2025-01-01
충현동4098,서울특별시 서대문구 북아현동1-67,126.9558162,37.5639739,한전주,02-330-1562~3,서울특별시 서대문구청,2025-01-01
충현동4030,서울특별시 서대문구 북아현동1-670,126.9589292,37.5647763,한전주,02-330-1562~3,서울특별시 서대문구청,2025-01-01
충현동6029,서울특별시 서대문구 북아현동1-670,126.9589292,37.5647763,건축물,02-330-1562~3,서울특별시 서대문구청,2025-01-01
충현동4028,서울특별시 서대문구 북아현동1-685,126.9589152,37.5649654,건축물,02-330-1562~3,서울특별시 서대문구청,2025-01-01
충현동4027,서울특별시 서대문구 북아현동1-685,126.9589152,37.5649654,한전주,02-330-1562~3,서울특별시 서대문구청,2025-01-01
충현동4025,서울특별시 서대문구 북아현동1-701,126.9588201,37.5652889,한전주,02-330-1562~3,서울특별시 서대문구청,2025-01-01
충현동4026,서울특별시 서대문구 북아현동1-709,126.9587614,37.5654416,건축물,02-330-1562~3,서울특별시 서대문구청,2025-01-01
충현동4087,서울특별시 서대문구 북아현동1-71,126.9555641,37.564197,건축물,02-330-1562~3,서울특별시 서대문구청,2025-01-01
충현동9979,서울특별시 서대문구 북아현동1-719,126.9585558,37.5655749,전용주,02-330-1562~3,서울특별시 서대문구청,2025-01-01
충현동4171,서울특별시 서대문구 북아현동1-72,126.9558477,37.5641544,건축물,02-330-1562~3,서울특별시 서대문구청,2025-01-01
충현동349,서울특별시 서대문구 북아현동1-726,126.9587013,37.5656934,한전주,02-330-1562~3,서울특별시 서대문구청,2025-01-01
충현동4042,서울특별시 서대문구 북아현동1-74,126.9559993,37.5646423,한전주,02-330-1562~3,서울특별시 서대문구청,2025-01-01
충현동4065,서울특별시 서대문구 북아현동1-742,126.9542198,37.5648158,통신주,02-330-1562~3,서울특별시 서대문구청,2025-01-01
충현동4062,서울특별시 서대문구 북아현동1-743,126.9541168,37.564896,한전주,02-330-1562~3,서울특별시 서대문구청,2025-01-01
충현동4007,서울특별시 서대문구 북아현동1-744,126.9579949,37.5652096,한전주,02-330-1562~3,서울특별시 서대문구청,2025-01-01
충현동3024,서울특별시 서대문구 북아현동1-746,126.9517213,37.5670192,한전주,02-330-1562~3,서울특별시 서대문구청,2025-01-01
충현동3087,서울특별시 서대문구 북아현동1-748,126.9545841,37.5662877,건축물,02-330-1562~3,서울특별시 서대문구청,2025-01-01
충현동3078,서울특별시 서대문구 북아현동1-753,126.9542334,37.5662756,건축물,02-330-1562~3,서울특별시 서대문구청,2025-01-01
충현동3403,서울특별시 서대문구 북아현동1-753,126.9542334,37.5662756,한전주,02-330-1562~3,서울특별시 서대문구청,2025-01-01
충현동4012-1,서울특별시 서대문구 북아현동1-757,126.9584985,37.5648176,한전주,02-330-1562~3,서울특별시 서대문구청,2025-01-01
충현동4015,서울특별시 서대문구 북아현동1-758,126.9585672,37.5647551,전용주,02-330-1562~3,서울특별시 서대문구청,2025-01-01
충현동4014,서울특별시 서대문구 북아현동1-758,126.9585672,37.5647551,전용주,02-330-1562~3,서울특별시 서대문구청,2025-01-01
충현동1085,서울특별시 서대문구 북아현동176-212,126.9522095,37.5612569,한전주,02-330-1562~3,서울특별시 서대문구청,2025-01-01
충현동1066,서울특별시 서대문구 북아현동176-52,126.955397,37.5623844,건축물,02-330-1562~3,서울특별시 서대문구청,2025-01-01
충현동1065,서울특별시 서대문구 북아현동176-53,126.9553735,37.5624473,한전주,02-330-1562~3,서울특별시 서대문구청,2025-01-01
충현동1067,서울특별시 서대문구 북아현동176-87,126.9554439,37.5622677,한전주,02-330-1562~3,서울특별시 서대문구청,2025-01-01
충현동3040,서울특별시 서대문구 북아현동1-773,126.9523845,37.5657366,한전주,02-330-1562~3,서울특별시 서대문구청,2025-01-01
충현동2094,서울특별시 서대문구 북아현동177-5,126.9549633,37.5626419,한전주,02-330-1562~3,서울특별시 서대문구청,2025-01-01
충현동3041,서울특별시 서대문구 북아현동1-775,126.9523643,37.5655652,한전주,02-330-1562~3,서울특별시 서대문구청,2025-01-01
충현동3042,서울특별시 서대문구 북아현동1-776,126.95231,37.5654025,건축물,02-330-1562~3,서울특별시 서대문구청,2025-01-01
충현동3044,서울특별시 서대문구 북아현동1-779,126.9525591,37.5653957,건축물,02-330-1562~3,서울특별시 서대문구청,2025-01-01
충현동3046,서울특별시 서대문구 북아현동1-782,126.9525431,37.565729,한전주,02-330-1562~3,서울특별시 서대문구청,2025-01-01
충현동3034,서울특별시 서대문구 북아현동1-789,126.952449,37.5667914,한전주,02-330-1562~3,서울특별시 서대문구청,2025-01-01
충현동3052-1,서울특별시 서대문구 북아현동1-792,126.9528133,37.5666414,건축물,02-330-1562~3,서울특별시 서대문구청,2025-01-01
충현동3038,서울특별시 서대문구 북아현동1-793,126.9526209,37.5666397,건축물,02-330-1562~3,서울특별시 서대문구청,2025-01-01
충현동3036,서울특별시 서대문구 북아현동1-797,126.9524204,37.5664037,한전주,02-330-1562~3,서울특별시 서대문구청,2025-01-01
충현동4045,서울특별시 서대문구 북아현동1-80,126.9553527,37.5647447,한전주,02-330-1562~3,서울특별시 서대문구청,2025-01-01
충현동2096,서울특별시 서대문구 북아현동180-12,126.9544823,37.5630431,한전주,02-330-1562~3,서울특별시 서대문구청,2025-01-01
충현동3005,서울특별시 서대문구 북아현동180-16,126.9547516,37.5632076,한전주,02-330-1562~3,서울특별시 서대문구청,2025-01-01
충현동2095,서울특별시 서대문구 북아현동180-22,126.9547787,37.5628925,한전주,02-330-1562~3,서울특별시 서대문구청,2025-01-01
충현동8816,서울특별시 서대문구 북아현동180-22,126.9547787,37.5628925,한전주,02-330-1562~3,서울특별시 서대문구청,2025-01-01
충현동3003,서울특별시 서대문구 북아현동180-24,126.9548329,37.5630642,한전주,02-330-1562~3,서울특별시 서대문구청,2025-01-01
충현동3002,서울특별시 서대문구 북아현동180-27,126.9549704,37.5629393,한전주,02-330-1562~3,서울특별시 서대문구청,2025-01-01
충현동10013,서울특별시 서대문구 북아현동180-3,126.9544004,37.5632316,전용주,02-330-1562~3,서울특별시 서대문구청,2025-01-01
충현동3050,서울특별시 서대문구 북아현동1-803,126.9527244,37.5665235,한전주,02-330-1562~3,서울특별시 서대문구청,2025-01-01
충현동7103,서울특별시 서대문구 충정로2가68-3,126.9622878,37.5601115,건축물,02-330-1562~3,서울특별시 서대문구청,2025-01-01
충현동2097,서울특별시 서대문구 북아현동180-4,126.9543222,37.5631588,한전주,02-330-1562~3,서울특별시 서대문구청,2025-01-01
충현동3065,서울특별시 서대문구 북아현동1-804,126.9538495,37.567011,건축물,02-330-1562~3,서울특별시 서대문구청,2025-01-01
충현동3064,서울특별시 서대문구 북아현동1-805,126.9536357,37.566919,한전주,02-330-1562~3,서울특별시 서대문구청,2025-01-01
충현동3080,서울특별시 서대문구 북아현동1-811,126.9542648,37.5664561,건축물,02-330-1562~3,서울특별시 서대문구청,2025-01-01
충현동3027,서울특별시 서대문구 북아현동1-814,126.9517193,37.5671633,한전주,02-330-1562~3,서울특별시 서대문구청,2025-01-01
충현동3402,서울특별시 서대문구 북아현동1-817,126.9516035,37.5673515,건축물,02-330-1562~3,서울특별시 서대문구청,2025-01-01
충현동3031,서울특별시 서대문구 북아현동1-818,126.9519022,37.5670388,건축물,02-330-1562~3,서울특별시 서대문구청,2025-01-01
충현동3031-1,서울특별시 서대문구 북아현동1-818,126.9519022,37.5670388,건축물,02-330-1562~3,서울특별시 서대문구청,2025-01-01
충현동8833,서울특별시 서대문구 북아현동1-818,126.9519022,37.5670388,건축물,02-330-1562~3,서울특별시 서대문구청,2025-01-01
충현동8833,서울특별시 서대문구 북아현동183-1,126.9535525,37.5639719,한전주,02-330-1562~3,서울특별시 서대문구청,2025-01-01
충현동2101,서울특별시 서대문구 북아현동183-13,126.9534273,37.5640158,통신주,02-330-1562~3,서울특별시 서대문구청,2025-01-01
충현동2102,서울특별시 서대문구 북아현동183-13,126.9534273,37.5640158,한전주,02-330-1562~3,서울특별시 서대문구청,2025-01-01
충현동2100,서울특별시 서대문구 북아현동183-15,126.9535995,37.5638462,한전주,02-330-1562~3,서울특별시 서대문구청,2025-01-01
충현동2099,서울특별시 서대문구 북아현동183-24,126.9538749,37.5635783,한전주,02-330-1562~3,서울특별시 서대문구청,2025-01-01
충현동2098,서울특별시 서대문구 북아현동183-8,126.9542615,37.5634556,한전주,02-330-1562~3,서울특별시 서대문구청,2025-01-01
충현동4081,서울특별시 서대문구 북아현동1-84,126.9552118,37.564302,한전주,02-330-1562~3,서울특별시 서대문구청,2025-01-01
충현동4089,서울특별시 서대문구 북아현동1-85,126.9551013,37.5641028,한전주,02-330-1562~3,서울특별시 서대문구청,2025-01-01
충현동4,서울특별시 서대문구 북아현동187-11,126.9528643,37.5646145,한전주,02-330-1562~3,서울특별시 서대문구청,2025-01-01
충현동3008,서울특별시 서대문구 북아현동187-15,126.9528921,37.5642454,한전주,02-330-1562~3,서울특별시 서대문구청,2025-01-01
충현동3007,서울특별시 서대문구 북아현동187-16,126.952995,37.5641742,한전주,02-330-1562~3,서울특별시 서대문구청,2025-01-01
충현동3009,서울특별시 서대문구 북아현동187-19,126.9525592,37.5645758,한전주,02-330-1562~3,서울특별시 서대문구청,2025-01-01
충현동3011,서울특별시 서대문구 북아현동187-4,126.9522601,37.5649245,한전주,02-330-1562~3,서울특별시 서대문구청,2025-01-01
충현동3010,서울특별시 서대문구 북아현동187-5,126.952375,37.5647994,한전주,02-330-1562~3,서울특별시 서대문구청,2025-01-01
충현동3013,서울특별시 서대문구 북아현동189-13,126.952556,37.5639991,한전주,02-330-1562~3,서울특별시 서대문구청,2025-01-01
충현동2113,서울특별시 서대문구 북아현동189-2,126.9517408,37.5648208,한전주,02-330-1562~3,서울특별시 서대문구청,2025-01-01
충현동2110,서울특별시 서대문구 북아현동189-32,126.9520209,37.5642196,한전주,02-330-1562~3,서울특별시 서대문구청,2025-01-01
충현동2109,서울특별시 서대문구 북아현동189-37,126.9522841,37.5640147,한전주,02-330-1562~3,서울특별시 서대문구청,2025-01-01
충현동2108,서울특별시 서대문구 북아현동189-38,126.9521379,37.5639503,한전주,02-330-1562~3,서울특별시 서대문구청,2025-01-01
충현동2107,서울특별시 서대문구 북아현동189-38,126.9521379,37.5639503,한전주,02-330-1562~3,서울특별시 서대문구청,2025-01-01
충현동2111,서울특별시 서대문구 북아현동189-54,126.9519139,37.5645881,한전주,02-330-1562~3,서울특별시 서대문구청,2025-01-01
충현동3012,서울특별시 서대문구 북아현동189-55,126.9521446,37.5642748,한전주,02-330-1562~3,서울특별시 서대문구청,2025-01-01
충현동4050,서울특별시 서대문구 북아현동1-90,126.9547182,37.5647932,한전주,02-330-1562~3,서울특별시 서대문구청,2025-01-01
충현동1075,서울특별시 서대문구 북아현동176-54,126.955182,37.5623825,전용주,02-330-1562~3,서울특별시 서대문구청,2025-01-01
충현동4063,서울특별시 서대문구 북아현동1-93,126.9544684,37.564845,한전주,02-330-1562~3,서울특별시 서대문구청,2025-01-01
충현동2082,서울특별시 서대문구 북아현동196-4,126.9514165,37.5621148,한전주,02-330-1562~3,서울특별시 서대문구청,2025-01-01
충현동4054,서울특별시 서대문구 북아현동1-98,126.9535386,37.5649629,한전주,02-330-1562~3,서울특별시 서대문구청,2025-01-01
충현동4057,서울특별시 서대문구 북아현동1-99,126.9531991,37.5649599,건축물,02-330-1562~3,서울특별시 서대문구청,2025-01-01
충현동5108,서울특별시 서대문구 북아현동3-206,126.9580457,37.5631917,건축물,02-330-1562~3,서울특별시 서대문구청,2025-01-01
충현동5043,서울특별시 서대문구 북아현동3-103,126.9560002,37.5621465,건축물,02-330-1562~3,서울특별시 서대문구청,2025-01-01
충현동6018,서울특별시 서대문구 북아현동3-110,126.9575492,37.5630792,한전주,02-330-1562~3,서울특별시 서대문구청,2025-01-01
충현동6021,서울특별시 서대문구 북아현동3-116,126.9570011,37.5626148,한전주,02-330-1562~3,서울특별시 서대문구청,2025-01-01
충현동6020,서울특별시 서대문구 북아현동3-118,126.9568889,37.5625418,건축물,02-330-1562~3,서울특별시 서대문구청,2025-01-01
충현동6026,서울특별시 서대문구 북아현동3-148,126.9560208,37.5622908,건축물,02-330-1562~3,서울특별시 서대문구청,2025-01-01
충현동6022,서울특별시 서대문구 북아현동3-134,126.9566382,37.5626657,건축물,02-330-1562~3,서울특별시 서대문구청,2025-01-01
충현동6012,서울특별시 서대문구 북아현동3-135,126.9579718,37.5636235,한전주,02-330-1562~3,서울특별시 서대문구청,2025-01-01
충현동5044,서울특별시 서대문구 북아현동3-143,126.9562168,37.5620402,한전주,02-330-1562~3,서울특별시 서대문구청,2025-01-01
충현동5020,서울특별시 서대문구 북아현동3-158,126.9560276,37.5626152,한전주,02-330-1562~3,서울특별시 서대문구청,2025-01-01
충현동5018,서울특별시 서대문구 북아현동3-161,126.9562186,37.562716,한전주,02-330-1562~3,서울특별시 서대문구청,2025-01-01
충현동5038,서울특별시 서대문구 북아현동3-176,126.9566135,37.5619987,한전주,02-330-1562~3,서울특별시 서대문구청,2025-01-01
충현동5042,서울특별시 서대문구 북아현동3-182,126.9564888,37.5620156,건축물,02-330-1562~3,서울특별시 서대문구청,2025-01-01
충현동5108-1,서울특별시 서대문구 북아현동3-190,126.9580327,37.5633087,한전주,02-330-1562~3,서울특별시 서대문구청,2025-01-01
충현동8810,서울특별시 서대문구 북아현동3-191,126.9578626,37.5633343,한전주,02-330-1562~3,서울특별시 서대문구청,2025-01-01
충현동6014,서울특별시 서대문구 북아현동3-191,126.9578626,37.5633343,한전주,02-330-1562~3,서울특별시 서대문구청,2025-01-01
충현동6007,서울특별시 서대문구 북아현동3-205,126.9579346,37.5630375,한전주,02-330-1562~3,서울특별시 서대문구청,2025-01-01
충현동6016,서울특별시 서대문구 북아현동3-210,126.9574983,37.5626733,건축물,02-330-1562~3,서울특별시 서대문구청,2025-01-01
충현동6017,서울특별시 서대문구 북아현동3-211,126.9573173,37.5626627,한전주,02-330-1562~3,서울특별시 서대문구청,2025-01-01
충현동5113,서울특별시 서대문구 북아현동3-406,126.9585834,37.5635929,건축물,02-330-1562~3,서울특별시 서대문구청,2025-01-01
충현동5050,서울특별시 서대문구 북아현동3-221,126.9571328,37.5620934,건축물,02-330-1562~3,서울특별시 서대문구청,2025-01-01
충현동5098,서울특별시 서대문구 북아현동3-238,126.9581196,37.5627599,건축물,02-330-1562~3,서울특별시 서대문구청,2025-01-01
충현동5059,서울특별시 서대문구 북아현동3-258,126.95792,37.5624608,건축물,02-330-1562~3,서울특별시 서대문구청,2025-01-01
충현동5060,서울특별시 서대문구 북아현동3-258,126.95792,37.5624608,건축물,02-330-1562~3,서울특별시 서대문구청,2025-01-01
충현동5058,서울특별시 서대문구 북아현동3-260,126.9577507,37.5624322,건축물,02-330-1562~3,서울특별시 서대문구청,2025-01-01
충현동5057,서울특별시 서대문구 북아현동3-265,126.9575793,37.5625479,건축물,02-330-1562~3,서울특별시 서대문구청,2025-01-01
충현동5597,서울특별시 서대문구 북아현동3-266,126.9576263,37.5624221,건축물,02-330-1562~3,서울특별시 서대문구청,2025-01-01
충현동5056,서울특별시 서대문구 북아현동3-268,126.9574787,37.5624569,건축물,02-330-1562~3,서울특별시 서대문구청,2025-01-01
충현동5048,서울특별시 서대문구 북아현동3-272,126.9571725,37.5624992,한전주,02-330-1562~3,서울특별시 서대문구청,2025-01-01
충현동5055,서울특별시 서대문구 북아현동3-273,126.9572536,37.5623648,건축물,02-330-1562~3,서울특별시 서대문구청,2025-01-01
충현동5049,서울특별시 서대문구 북아현동3-274,126.957163,37.562364,한전주,02-330-1562~3,서울특별시 서대문구청,2025-01-01
충현동610,서울특별시 서대문구 북아현동3-284,126.9576058,37.5622688,건축물,02-330-1562~3,서울특별시 서대문구청,2025-01-01
충현동9,서울특별시 서대문구 북아현동3-284,126.9576058,37.5622688,건축물,02-330-1562~3,서울특별시 서대문구청,2025-01-01
충현동10,서울특별시 서대문구 북아현동3-284,126.9576058,37.5622688,건축물,02-330-1562~3,서울특별시 서대문구청,2025-01-01
충현동5061,서울특별시 서대문구 북아현동3-289,126.9575931,37.5623678,건축물,02-330-1562~3,서울특별시 서대문구청,2025-01-01
충현동5097,서울특별시 서대문구 북아현동3-292,126.9582703,37.5625089,건축물,02-330-1562~3,서울특별시 서대문구청,2025-01-01
충현동5064,서울특별시 서대문구 북아현동3-294,126.9580714,37.5621557,건축물,02-330-1562~3,서울특별시 서대문구청,2025-01-01
충현동5069,서울특별시 서대문구 북아현동3-294,126.9580714,37.5621557,건축물,02-330-1562~3,서울특별시 서대문구청,2025-01-01
충현동5077,서울특별시 서대문구 북아현동3-314,126.9582167,37.5622922,건축물,02-330-1562~3,서울특별시 서대문구청,2025-01-01
충현동5071,서울특별시 서대문구 북아현동3-324,126.9584342,37.5621139,건축물,02-330-1562~3,서울특별시 서대문구청,2025-01-01
충현동5072,서울특별시 서대문구 북아현동3-325,126.9582643,37.5621214,건축물,02-330-1562~3,서울특별시 서대문구청,2025-01-01
충현동5067,서울특별시 서대문구 북아현동3-329,126.9579926,37.562128,건축물,02-330-1562~3,서울특별시 서대문구청,2025-01-01
충현동5066,서울특별시 서대문구 북아현동3-331,126.9580164,37.5620471,건축물,02-330-1562~3,서울특별시 서대문구청,2025-01-01
충현동5062,서울특별시 서대문구 북아현동3-337,126.9578095,37.5622706,건축물,02-330-1562~3,서울특별시 서대문구청,2025-01-01
충현동5063,서울특별시 서대문구 북아현동3-343,126.9577559,37.5620538,건축물,02-330-1562~3,서울특별시 서대문구청,2025-01-01
충현동5053,서울특별시 서대문구 북아현동3-344,126.9576544,37.5620259,건축물,02-330-1562~3,서울특별시 서대문구청,2025-01-01
충현동5119,서울특별시 서대문구 북아현동3-373,126.9586212,37.5641339,건축물,02-330-1562~3,서울특별시 서대문구청,2025-01-01
충현동5118,서울특별시 서대문구 북아현동3-378,126.9584316,37.5639249,건축물,02-330-1562~3,서울특별시 서대문구청,2025-01-01
충현동5116,서울특별시 서대문구 북아현동3-379,126.9586015,37.5639174,한전주,02-330-1562~3,서울특별시 서대문구청,2025-01-01
충현동5115,서울특별시 서대문구 북아현동3-386,126.9584227,37.5637537,건축물,02-330-1562~3,서울특별시 서대문구청,2025-01-01
충현동5111,서울특별시 서대문구 북아현동3-389,126.9582649,37.5637072,건축물,02-330-1562~3,서울특별시 서대문구청,2025-01-01
충현동6005,서울특별시 서대문구 북아현동3-391,126.9582727,37.5639596,건축물,02-330-1562~3,서울특별시 서대문구청,2025-01-01
충현동6004,서울특별시 서대문구 북아현동3-391,126.9582727,37.5639596,건축물,02-330-1562~3,서울특별시 서대문구청,2025-01-01
충현동6011,서울특별시 서대문구 북아현동3-398,126.9581535,37.5635801,건축물,02-330-1562~3,서울특별시 서대문구청,2025-01-01
충현동5117,서울특별시 서대문구 북아현동3-403,126.9587402,37.5637114,건축물,02-330-1562~3,서울특별시 서대문구청,2025-01-01
충현동5052,서울특별시 서대문구 북아현동3-220,126.9572355,37.5620402,통신주,02-330-1562~3,서울특별시 서대문구청,2025-01-01
충현동5121,서울특별시 서대문구 북아현동3-410,126.9585622,37.5634936,건축물,02-330-1562~3,서울특별시 서대문구청,2025-01-01
충현동5112,서울특별시 서대문구 북아현동3-413,126.9584489,37.5635016,건축물,02-330-1562~3,서울특별시 서대문구청,2025-01-01
충현동5106,서울특별시 서대문구 북아현동3-421,126.9584973,37.5632768,건축물,02-330-1562~3,서울특별시 서대문구청,2025-01-01
충현동5105,서울특별시 서대문구 북아현동3-425,126.9586905,37.5632154,한전주,02-330-1562~3,서울특별시 서대문구청,2025-01-01
충현동5107,서울특별시 서대문구 북아현동3-437,126.9582972,37.5630137,한전주,02-330-1562~3,서울특별시 서대문구청,2025-01-01
충현동8099,서울특별시 서대문구 북아현동3-441,126.9584122,37.5628796,건축물,02-330-1562~3,서울특별시 서대문구청,2025-01-01
충현동5102,서울특별시 서대문구 북아현동3-445,126.9586143,37.5629985,한전주,02-330-1562~3,서울특별시 서대문구청,2025-01-01
충현동5015,서울특별시 서대문구 북아현동3-45,126.9565677,37.5628453,한전주,02-330-1562~3,서울특별시 서대문구청,2025-01-01
충현동5101,서울특별시 서대문구 북아현동3-452,126.9584482,37.5627357,건축물,02-330-1562~3,서울특별시 서대문구청,2025-01-01
충현동5100,서울특별시 서대문구 북아현동3-453,126.958345,37.5628339,통신주,02-330-1562~3,서울특별시 서대문구청,2025-01-01
충현동5099,서울특별시 서대문구 북아현동3-453,126.958345,37.5628339,한전주,02-330-1562~3,서울특별시 서대문구청,2025-01-01
충현동5094,서울특별시 서대문구 북아현동3-465,126.9586768,37.5625756,건축물,02-330-1562~3,서울특별시 서대문구청,2025-01-01
충현동5083,서울특별시 서대문구 북아현동3-467,126.9585197,37.5624751,건축물,02-330-1562~3,서울특별시 서대문구청,2025-01-01
충현동5082,서울특별시 서대문구 북아현동3-470,126.9584418,37.5623843,건축물,02-330-1562~3,서울특별시 서대문구청,2025-01-01
충현동5084,서울특별시 서대문구 북아현동3-478,126.9587237,37.5624588,건축물,02-330-1562~3,서울특별시 서대문구청,2025-01-01
충현동5602,서울특별시 서대문구 북아현동3-490,126.95874,37.5620986,건축물,02-330-1562~3,서울특별시 서대문구청,2025-01-01
충현동5085,서울특별시 서대문구 북아현동3-493,126.9588053,37.5622884,건축물,02-330-1562~3,서울특별시 서대문구청,2025-01-01
충현동8805,서울특별시 서대문구 북아현동3-499,126.9586935,37.5621883,건축물,02-330-1562~3,서울특별시 서대문구청,2025-01-01
충현동5075-1,서울특별시 서대문구 북아현동3-502,126.9586049,37.5620523,한전주,02-330-1562~3,서울특별시 서대문구청,2025-01-01
충현동5080,서울특별시 서대문구 북아현동3-503,126.9586044,37.5620884,건축물,02-330-1562~3,서울특별시 서대문구청,2025-01-01
충현동8805-1,서울특별시 서대문구 북아현동3-505,126.9586144,37.5621786,건축물,02-330-1562~3,서울특별시 서대문구청,2025-01-01
충현동5081,서울특별시 서대문구 북아현동3-507,126.9585112,37.5622768,한전주,02-330-1562~3,서울특별시 서대문구청,2025-01-01
충현동6023,서울특별시 서대문구 북아현동3-55,126.9566522,37.5624676,건축물,02-330-1562~3,서울특별시 서대문구청,2025-01-01
충현동5114,서울특별시 서대문구 북아현동3-553,126.9588918,37.5633974,건축물,02-330-1562~3,서울특별시 서대문구청,2025-01-01
충현동5104,서울특별시 서대문구 북아현동3-561,126.958818,37.5630003,건축물,02-330-1562~3,서울특별시 서대문구청,2025-01-01
충현동5093,서울특별시 서대문구 북아현동3-569,126.9588686,37.5626223,건축물,02-330-1562~3,서울특별시 서대문구청,2025-01-01
충현동6019,서울특별시 서대문구 북아현동3-69,126.9575143,37.563151,한전주,02-330-1562~3,서울특별시 서대문구청,2025-01-01
충현동6009,서울특별시 서대문구 북아현동3-70,126.9575732,37.5629803,건축물,02-330-1562~3,서울특별시 서대문구청,2025-01-01
충현동6010,서울특별시 서대문구 북아현동3-71,126.9574829,37.5629615,한전주,02-330-1562~3,서울특별시 서대문구청,2025-01-01
충현동5047,서울특별시 서대문구 북아현동3-79,126.9568898,37.5624787,건축물,02-330-1562~3,서울특별시 서대문구청,2025-01-01
충현동5046,서울특별시 서대문구 북아현동3-80,126.9568001,37.5624148,건축물,02-330-1562~3,서울특별시 서대문구청,2025-01-01
충현동6024,서울특별시 서대문구 북아현동3-92,126.9563927,37.5624112,한전주,02-330-1562~3,서울특별시 서대문구청,2025-01-01
충현동5045,서울특별시 서대문구 북아현동3-94,126.9565545,37.5621694,한전주,02-330-1562~3,서울특별시 서대문구청,2025-01-01
충현동5066-1,서울특별시 서대문구 북아현동759-3,126.9602563,37.5588772,건축물,02-330-1562~3,서울특별시 서대문구청,2025-01-01
충현동5063-1,서울특별시 서대문구 북아현동770-7,126.9604439,37.5592213,건축물,02-330-1562~3,서울특별시 서대문구청,2025-01-01
충현동5600,서울특별시 서대문구 북아현동산1-198,126.9577532,37.562252,건축물,02-330-1562~3,서울특별시 서대문구청,2025-01-01
충현동6045,서울특별시 서대문구 충정로3가3-198,126.9622878,37.5601115,한전주,02-330-1562~3,서울특별시 서대문구청,2025-01-01
충현동 표찰무,서울특별시 서대문구 충현동1-363,126.9581425,37.5651838,한전주,02-330-1562~3,서울특별시 서대문구청,2025-01-01
충현동12,서울특별시 서대문구 북아현동3-437,126.9582972,37.5630137,건축물,02-330-1562~3,서울특별시 서대문구청,2025-01-01
충현동13,서울특별시 서대문구 북아현동1-797,126.9524204,37.5664037,한전주,02-330-1562~3,서울특별시 서대문구청,2025-01-01
충현동15,서울특별시 서대문구 북아현동1-82,126.9552292,37.5646715,전용주,02-330-1562~3,서울특별시 서대문구청,2025-01-01
충현동16,서울특별시 서대문구 북아현동1-233,126.9551244,37.563265,건축물,02-330-1562~3,서울특별시 서대문구청,2025-01-01
충현동3084-1,서울특별시 서대문구 북아현동1-388,126.9544415,37.5659621,한전주,02-330-1562~3,서울특별시 서대문구청,2025-01-01
충현동5051,서울특별시 서대문구 북아현동3-229,126.9573472,37.5621403,한전주,02-330-1562~3,서울특별시 서대문구청,2025-01-01
충현동7096-1,서울특별시 서대문구 충현동1-1836,126.9556202,37.5634226,건축물,02-330-1562~3,서울특별시 서대문구청,2025-01-01
충현동8810-1,서울특별시 서대문구 북아현동3-191,126.9578626,37.5633343,한전주,02-330-1562~3,서울특별시 서대문구청,2025-01-01
충현동6006-1,서울특별시 서대문구 북아현동3-239,126.9579476,37.5629205,한전주,02-330-1562~3,서울특별시 서대문구청,2025-01-01
충현동9013,서울특별시 서대문구 충정로2가12,126.9622878,37.5601115,건축물,02-330-1562~3,서울특별시 서대문구청,2025-01-01
충현동8011,서울특별시 서대문구 충정로2가18,126.9622878,37.5601115,건축물,02-330-1562~3,서울특별시 서대문구청,2025-01-01
충현동8007,서울특별시 서대문구 충정로2가22,126.9622878,37.5601115,한전주,02-330-1562~3,서울특별시 서대문구청,2025-01-01
충현동9016,서울특별시 서대문구 충정로2가27,126.9622878,37.5601115,건축물,02-330-1562~3,서울특별시 서대문구청,2025-01-01
충현동4095,서울특별시 서대문구 북아현동1-233,126.9551244,37.563265,한전주,02-330-1562~3,서울특별시 서대문구청,2025-01-01
충현동8014,서울특별시 서대문구 충정로2가31,126.9622878,37.5601115,한전주,02-330-1562~3,서울특별시 서대문구청,2025-01-01
충현동8017,서울특별시 서대문구 충정로2가36,126.9622878,37.5601115,한전주,02-330-1562~3,서울특별시 서대문구청,2025-01-01
충현동7117,서울특별시 서대문구 충정로2가50,126.9622878,37.5601115,건축물,02-330-1562~3,서울특별시 서대문구청,2025-01-01
충현동7113,서울특별시 서대문구 충정로2가61,126.9622878,37.5601115,한전주,02-330-1562~3,서울특별시 서대문구청,2025-01-01
충현동7112,서울특별시 서대문구 충정로2가63,126.9622878,37.5601115,한전주,02-330-1562~3,서울특별시 서대문구청,2025-01-01
충현동3025-1,서울특별시 서대문구 충정로2가74,126.9622878,37.5601115,한전주,02-330-1562~3,서울특별시 서대문구청,2025-01-01
충현동8020,서울특별시 서대문구 충정로2가76,126.9622878,37.5601115,건축물,02-330-1562~3,서울특별시 서대문구청,2025-01-01
충현동8032,서울특별시 서대문구 충정로2가89,126.9622878,37.5601115,한전주,02-330-1562~3,서울특별시 서대문구청,2025-01-01
충현동6,서울특별시 서대문구 충정로2가157,126.9622878,37.5601115,한전주,02-330-1562~3,서울특별시 서대문구청,2025-01-01
충현동9002,서울특별시 서대문구 충정로2가31-9,126.9622878,37.5601115,한전주,02-330-1562~3,서울특별시 서대문구청,2025-01-01
충현동3030,서울특별시 서대문구 충정로2가34-1,126.9622878,37.5601115,통신주,02-330-1562~3,서울특별시 서대문구청,2025-01-01
충현동8023,서울특별시 서대문구 충정로2가37-2,126.9622878,37.5601115,한전주,02-330-1562~3,서울특별시 서대문구청,2025-01-01
충현동7114,서울특별시 서대문구 충정로2가56-3,126.9622878,37.5601115,건축물,02-330-1562~3,서울특별시 서대문구청,2025-01-01
충현동7115,서울특별시 서대문구 충정로2가57-1,126.9622878,37.5601115,건축물,02-330-1562~3,서울특별시 서대문구청,2025-01-01
충현동7511,서울특별시 서대문구 충정로2가65-5,126.9622878,37.5601115,한전주,02-330-1562~3,서울특별시 서대문구청,2025-01-01
충현동8001,서울특별시 서대문구 충정로2가65-7,126.9622878,37.5601115,한전주,02-330-1562~3,서울특별시 서대문구청,2025-01-01
충현동8002,서울특별시 서대문구 충정로2가65-8,126.9622878,37.5601115,건축물,02-330-1562~3,서울특별시 서대문구청,2025-01-01
충현동8912,서울특별시 서대문구 충정로2가65-8,126.9622878,37.5601115,건축물,02-330-1562~3,서울특별시 서대문구청,2025-01-01
충현동6859,서울특별시 서대문구 충정로2가67-9,126.9622878,37.5601115,전용주,02-330-1562~3,서울특별시 서대문구청,2025-01-01
충현동4091,서울특별시 서대문구 북아현동1-118,126.9548334,37.5638391,한전주,02-330-1562~3,서울특별시 서대문구청,2025-01-01
충현동7106,서울특별시 서대문구 충정로2가70-2,126.9622878,37.5601115,건축물,02-330-1562~3,서울특별시 서대문구청,2025-01-01
충현동7107,서울특별시 서대문구 충정로2가70-2,126.9622878,37.5601115,건축물,02-330-1562~3,서울특별시 서대문구청,2025-01-01
충현동7108,서울특별시 서대문구 충정로2가70-2,126.9622878,37.5601115,건축물,02-330-1562~3,서울특별시 서대문구청,2025-01-01
충현동7104,서울특별시 서대문구 충정로2가70-2,126.9622878,37.5601115,한전주,02-330-1562~3,서울특별시 서대문구청,2025-01-01
충현동6260,서울특별시 서대문구 충정로2가70-2,126.9622878,37.5601115,전용주,02-330-1562~3,서울특별시 서대문구청,2025-01-01
충현동6261,서울특별시 서대문구 충정로2가70-2,126.9622878,37.5601115,전용주,02-330-1562~3,서울특별시 서대문구청,2025-01-01
충현동6256,서울특별시 서대문구 충정로2가70-2,126.9622878,37.5601115,전용주,02-330-1562~3,서울특별시 서대문구청,2025-01-01
충현동4019,서울특별시 서대문구 북아현동1-635,126.9575584,37.5648543,건축물,02-330-1562~3,서울특별시 서대문구청,2025-01-01
충현동17,서울특별시 서대문구 충정로2가98,126.9622878,37.5601115,건축물,02-330-1562~3,서울특별시 서대문구청,2025-01-01
충현동8031,서울특별시 서대문구 충정로2가96-2,126.9622878,37.5601115,건축물,02-330-1562~3,서울특별시 서대문구청,2025-01-01
충현동8025,서울특별시 서대문구 충정로2가99-13,126.9622878,37.5601115,한전주,02-330-1562~3,서울특별시 서대문구청,2025-01-01
충현동8819,서울특별시 서대문구 충정로2가99-13,126.9622878,37.5601115,한전주,02-330-1562~3,서울특별시 서대문구청,2025-01-01
충현동10117,서울특별시 서대문구 충정로2가99-6,126.9622878,37.5601115,통신주,02-330-1562~3,서울특별시 서대문구청,2025-01-01
충현동8028,서울특별시 서대문구 충정로2가99-12,126.9622878,37.5601115,한전주,02-330-1562~3,서울특별시 서대문구청,2025-01-01
충현동8012,서울특별시 서대문구 충정로2가19-1,126.9622878,37.5601115,한전주,02-330-1562~3,서울특별시 서대문구청,2025-01-01
충현동8008,서울특별시 서대문구 충정로2가25,126.9622878,37.5601115,한전주,02-330-1562~3,서울특별시 서대문구청,2025-01-01
충현동9008,서울특별시 서대문구 충정로2가27-1,126.9622878,37.5601115,한전주,02-330-1562~3,서울특별시 서대문구청,2025-01-01
충현동9009,서울특별시 서대문구 충정로2가27-1,126.9622878,37.5601115,한전주,02-330-1562~3,서울특별시 서대문구청,2025-01-01
충현동8006,서울특별시 서대문구 충정로2가5-15,126.9622878,37.5601115,한전주,02-330-1562~3,서울특별시 서대문구청,2025-01-01
충현동7008,서울특별시 서대문구 충정로3가8-1,126.9622878,37.5601115,건축물,02-330-1562~3,서울특별시 서대문구청,2025-01-01
충현동8004,서울특별시 서대문구 충정로2가16-12,126.9622878,37.5601115,한전주,02-330-1562~3,서울특별시 서대문구청,2025-01-01
충현동8010,서울특별시 서대문구 충정로2가130-1,126.9622878,37.5601115,한전주,02-330-1562~3,서울특별시 서대문구청,2025-01-01
충현동8003,서울특별시 서대문구 충정로2가16-13,126.9622878,37.5601115,한전주,02-330-1562~3,서울특별시 서대문구청,2025-01-01
충현동8005,서울특별시 서대문구 충정로2가16-20,126.9622878,37.5601115,건축물,02-330-1562~3,서울특별시 서대문구청,2025-01-01
충현동8033,서울특별시 서대문구 충정로2가182-10,126.9622878,37.5601115,건축물,02-330-1562~3,서울특별시 서대문구청,2025-01-01
충현동8034,서울특별시 서대문구 충정로2가182-11,126.9622878,37.5601115,한전주,02-330-1562~3,서울특별시 서대문구청,2025-01-01
충현동8043,서울특별시 서대문구 충정로3가189-8,126.9622878,37.5601115,한전주,02-330-1562~3,서울특별시 서대문구청,2025-01-01
충현동8038,서울특별시 서대문구 충정로2가185-15,126.9622878,37.5601115,한전주,02-330-1562~3,서울특별시 서대문구청,2025-01-01
충현동8039,서울특별시 서대문구 충정로2가185-15,126.9622878,37.5601115,한전주,02-330-1562~3,서울특별시 서대문구청,2025-01-01
충현동8040,서울특별시 서대문구 충정로2가185-15,126.9622878,37.5601115,한전주,02-330-1562~3,서울특별시 서대문구청,2025-01-01
충현동8041,서울특별시 서대문구 충정로2가185-15,126.9622878,37.5601115,한전주,02-330-1562~3,서울특별시 서대문구청,2025-01-01
충현동8037,서울특별시 서대문구 충정로2가188-2,126.9622878,37.5601115,한전주,02-330-1562~3,서울특별시 서대문구청,2025-01-01
충현동9006,서울특별시 서대문구 충정로3가226-1,126.9622878,37.5601115,한전주,02-330-1562~3,서울특별시 서대문구청,2025-01-01
충현동8018,서울특별시 서대문구 충정로2가37-14,126.9622878,37.5601115,한전주,02-330-1562~3,서울특별시 서대문구청,2025-01-01
충현동7116,서울특별시 서대문구 충정로2가51,126.9622878,37.5601115,한전주,02-330-1562~3,서울특별시 서대문구청,2025-01-01
충현동6262,서울특별시 서대문구 충정로2가65-20,126.9622878,37.5601115,전용주,02-330-1562~3,서울특별시 서대문구청,2025-01-01
충현동6054,서울특별시 서대문구 충정로2가67-102,126.9622878,37.5601115,한전주,02-330-1562~3,서울특별시 서대문구청,2025-01-01
충현동6053,서울특별시 서대문구 충정로2가67-104,126.9622878,37.5601115,한전주,02-330-1562~3,서울특별시 서대문구청,2025-01-01
충현동6056,서울특별시 서대문구 충정로2가67-104,126.9622878,37.5601115,통신주,02-330-1562~3,서울특별시 서대문구청,2025-01-01
충현동6857,서울특별시 서대문구 충정로2가67-153,126.9622878,37.5601115,전용주,02-330-1562~3,서울특별시 서대문구청,2025-01-01
충현동6858,서울특별시 서대문구 충정로2가67-153,126.9622878,37.5601115,전용주,02-330-1562~3,서울특별시 서대문구청,2025-01-01
충현동6856,서울특별시 서대문구 충정로2가67-66,126.9622878,37.5601115,전용주,02-330-1562~3,서울특별시 서대문구청,2025-01-01
충현동7105,서울특별시 서대문구 충정로2가68-35,126.9622878,37.5601115,건축물,02-330-1562~3,서울특별시 서대문구청,2025-01-01
충현동7102,서울특별시 서대문구 충정로2가69-23,126.9622878,37.5601115,한전주,02-330-1562~3,서울특별시 서대문구청,2025-01-01
충현동7101,서울특별시 서대문구 충정로2가69-18,126.9622878,37.5601115,한전주,02-330-1562~3,서울특별시 서대문구청,2025-01-01
충현동8016,서울특별시 서대문구 충정로2가78-14,126.9622878,37.5601115,건축물,02-330-1562~3,서울특별시 서대문구청,2025-01-01
충현동1006,서울특별시 서대문구 충정로2가78-17,126.9622878,37.5601115,건축물,02-330-1562~3,서울특별시 서대문구청,2025-01-01
충현동8027,서울특별시 서대문구 충정로2가99-14,126.9622878,37.5601115,건축물,02-330-1562~3,서울특별시 서대문구청,2025-01-01
충현동8026,서울특별시 서대문구 충정로2가99-16,126.9622878,37.5601115,한전주,02-330-1562~3,서울특별시 서대문구청,2025-01-01
충현동7098,서울특별시 서대문구 충정로3가1-3,126.9622878,37.5601115,건축물,02-330-1562~3,서울특별시 서대문구청,2025-01-01
충현동7062,서울특별시 서대문구 충정로3가23-7,126.9622878,37.5601115,통신주,02-330-1562~3,서울특별시 서대문구청,2025-01-01
충현동7061,서울특별시 서대문구 충정로3가3-298,126.9622878,37.5601115,한전주,02-330-1562~3,서울특별시 서대문구청,2025-01-01
충현동10220,서울특별시 서대문구 충정로3가26,126.9622878,37.5601115,통신주,02-330-1562~3,서울특별시 서대문구청,2025-01-01
충현동8077,서울특별시 서대문구 충정로3가112,126.9622878,37.5601115,건축물,02-330-1562~3,서울특별시 서대문구청,2025-01-01
충현동8078,서울특별시 서대문구 충정로3가117,126.9622878,37.5601115,건축물,02-330-1562~3,서울특별시 서대문구청,2025-01-01
충현동8029,서울특별시 서대문구 충정로3가117,126.9622878,37.5601115,건축물,02-330-1562~3,서울특별시 서대문구청,2025-01-01
충현동8374,서울특별시 서대문구 충정로3가139,126.9622878,37.5601115,통신주,02-330-1562~3,서울특별시 서대문구청,2025-01-01
충현동8101,서울특별시 서대문구 충정로3가257,126.9622878,37.5601115,한전주,02-330-1562~3,서울특별시 서대문구청,2025-01-01
충현동8597,서울특별시 서대문구 충정로3가268,126.9622878,37.5601115,한전주,02-330-1562~3,서울특별시 서대문구청,2025-01-01
충현동8098,서울특별시 서대문구 충정로3가272,126.9622878,37.5601115,건축물,02-330-1562~3,서울특별시 서대문구청,2025-01-01
충현동8089,서울특별시 서대문구 충정로3가283,126.9622878,37.5601115,건축물,02-330-1562~3,서울특별시 서대문구청,2025-01-01
충현동8087,서울특별시 서대문구 충정로3가284,126.9622878,37.5601115,건축물,02-330-1562~3,서울특별시 서대문구청,2025-01-01
충현동8082,서울특별시 서대문구 충정로3가336,126.9622878,37.5601115,한전주,02-330-1562~3,서울특별시 서대문구청,2025-01-01
충현동8,서울특별시 서대문구 충정로3가336,126.9622878,37.5601115,전용주,02-330-1562~3,서울특별시 서대문구청,2025-01-01
충현동8083,서울특별시 서대문구 충정로3가339,126.9622878,37.5601115,한전주,02-330-1562~3,서울특별시 서대문구청,2025-01-01
충현동8086-1,서울특별시 서대문구 충정로3가345,126.9622878,37.5601115,한전주,02-330-1562~3,서울특별시 서대문구청,2025-01-01
충현동8081,서울특별시 서대문구 충정로3가363,126.9622878,37.5601115,한전주,02-330-1562~3,서울특별시 서대문구청,2025-01-01
충현동8071,서울특별시 서대문구 충정로3가466,126.9622878,37.5601115,한전주,02-330-1562~3,서울특별시 서대문구청,2025-01-01
충현동11,서울특별시 서대문구 충정로3가470,126.9622878,37.5601115,한전주,02-330-1562~3,서울특별시 서대문구청,2025-01-01
충현동9987,서울특별시 서대문구 충정로3가477,126.9622878,37.5601115,한전주,02-330-1562~3,서울특별시 서대문구청,2025-01-01
충현동7023,서울특별시 서대문구 충정로3가31-4,126.9622878,37.5601115,한전주,02-330-1562~3,서울특별시 서대문구청,2025-01-01
충현동7021,서울특별시 서대문구 충정로3가31-9,126.9622878,37.5601115,한전주,02-330-1562~3,서울특별시 서대문구청,2025-01-01
충현동7047,서울특별시 서대문구 충정로3가32-9,126.9622878,37.5601115,건축물,02-330-1562~3,서울특별시 서대문구청,2025-01-01
충현동7041,서울특별시 서대문구 충정로3가33-10,126.9622878,37.5601115,한전주,02-330-1562~3,서울특별시 서대문구청,2025-01-01
충현동7042,서울특별시 서대문구 충정로3가33-10,126.9622878,37.5601115,한전주,02-330-1562~3,서울특별시 서대문구청,2025-01-01
충현동7041-1,서울특별시 서대문구 충정로3가33-10,126.9622878,37.5601115,한전주,02-330-1562~3,서울특별시 서대문구청,2025-01-01
충현동7120,서울특별시 서대문구 충정로3가65-6,126.9622878,37.5601115,건축물,02-330-1562~3,서울특별시 서대문구청,2025-01-01
충현동7100,서울특별시 서대문구 충정로3가1-6,126.9622878,37.5601115,한전주,02-330-1562~3,서울특별시 서대문구청,2025-01-01
충현동7094,서울특별시 서대문구 충정로3가1-9,126.9622878,37.5601115,건축물,02-330-1562~3,서울특별시 서대문구청,2025-01-01
충현동7096,서울특별시 서대문구 충정로3가1-11,126.9622878,37.5601115,건축물,02-330-1562~3,서울특별시 서대문구청,2025-01-01
충현동7095,서울특별시 서대문구 충정로3가1-14,126.9622878,37.5601115,건축물,02-330-1562~3,서울특별시 서대문구청,2025-01-01
충현동7066,서울특별시 서대문구 충정로3가21-1,126.9622878,37.5601115,건축물,02-330-1562~3,서울특별시 서대문구청,2025-01-01
충현동7060,서울특별시 서대문구 충정로3가28-1,126.9622878,37.5601115,건축물,02-330-1562~3,서울특별시 서대문구청,2025-01-01
충현동7056,서울특별시 서대문구 충정로3가26-2,126.9622878,37.5601115,한전주,02-330-1562~3,서울특별시 서대문구청,2025-01-01
충현동7121,서울특별시 서대문구 충정로3가7-1,126.9622878,37.5601115,건축물,02-330-1562~3,서울특별시 서대문구청,2025-01-01
충현동6417,서울특별시 서대문구 충정로3가3-1,126.9622878,37.5601115,건축물,02-330-1562~3,서울특별시 서대문구청,2025-01-01
충현동6117,서울특별시 서대문구 충정로3가3-185,126.9622878,37.5601115,건축물,02-330-1562~3,서울특별시 서대문구청,2025-01-01
충현동6116,서울특별시 서대문구 충정로3가3-1,126.9622878,37.5601115,건축물,02-330-1562~3,서울특별시 서대문구청,2025-01-01
충현동6118,서울특별시 서대문구 충정로3가3-1,126.9622878,37.5601115,건축물,02-330-1562~3,서울특별시 서대문구청,2025-01-01
충현동7084,서울특별시 서대문구 충정로3가3-5,126.9622878,37.5601115,한전주,02-330-1562~3,서울특별시 서대문구청,2025-01-01
충현동7088,서울특별시 서대문구 충정로3가3-10,126.9622878,37.5601115,건축물,02-330-1562~3,서울특별시 서대문구청,2025-01-01
충현동7090,서울특별시 서대문구 충정로3가3-11,126.9622878,37.5601115,한전주,02-330-1562~3,서울특별시 서대문구청,2025-01-01
충현동7091,서울특별시 서대문구 충정로3가3-11,126.9622878,37.5601115,건축물,02-330-1562~3,서울특별시 서대문구청,2025-01-01
충현동7092,서울특별시 서대문구 충정로3가3-13,126.9622878,37.5601115,건축물,02-330-1562~3,서울특별시 서대문구청,2025-01-01
충현동6084,서울특별시 서대문구 충정로3가7-18,126.9622878,37.5601115,한전주,02-330-1562~3,서울특별시 서대문구청,2025-01-01
충현동7083,서울특별시 서대문구 충정로3가3-18,126.9622878,37.5601115,한전주,02-330-1562~3,서울특별시 서대문구청,2025-01-01
충현동7289,서울특별시 서대문구 충정로3가3-20,126.9622878,37.5601115,한전주,02-330-1562~3,서울특별시 서대문구청,2025-01-01
충현동7081,서울특별시 서대문구 충정로3가3-19,126.9622878,37.5601115,통신주,02-330-1562~3,서울특별시 서대문구청,2025-01-01
충현동7086,서울특별시 서대문구 충정로3가3-19,126.9622878,37.5601115,건축물,02-330-1562~3,서울특별시 서대문구청,2025-01-01
충현동7064,서울특별시 서대문구 충정로3가19-3,126.9622878,37.5601115,한전주,02-330-1562~3,서울특별시 서대문구청,2025-01-01
충현동7089,서울특별시 서대문구 충정로3가3-21,126.9622878,37.5601115,건축물,02-330-1562~3,서울특별시 서대문구청,2025-01-01
충현동7065,서울특별시 서대문구 충정로3가3-26,126.9622878,37.5601115,한전주,02-330-1562~3,서울특별시 서대문구청,2025-01-01
충현동7082,서울특별시 서대문구 충정로3가3-28,126.9622878,37.5601115,한전주,02-330-1562~3,서울특별시 서대문구청,2025-01-01
충현동7099,서울특별시 서대문구 충정로3가1-6,126.9622878,37.5601115,한전주,02-330-1562~3,서울특별시 서대문구청,2025-01-01
충현동6001,서울특별시 서대문구 충정로3가7-1,126.9622878,37.5601115,한전주,02-330-1562~3,서울특별시 서대문구청,2025-01-01
충현동7076,서울특별시 서대문구 충정로3가7-1,126.9622878,37.5601115,건축물,02-330-1562~3,서울특별시 서대문구청,2025-01-01
충현동7073,서울특별시 서대문구 충정로3가7-1,126.9622878,37.5601115,한전주,02-330-1562~3,서울특별시 서대문구청,2025-01-01
충현동7074,서울특별시 서대문구 충정로3가7-1,126.9622878,37.5601115,한전주,02-330-1562~3,서울특별시 서대문구청,2025-01-01
충현동7077,서울특별시 서대문구 충정로3가7-1,126.9622878,37.5601115,건축물,02-330-1562~3,서울특별시 서대문구청,2025-01-01
충현동7078,서울특별시 서대문구 충정로3가7-1,126.9622878,37.5601115,건축물,02-330-1562~3,서울특별시 서대문구청,2025-01-01
충현동7075,서울특별시 서대문구 충정로3가7-1,126.9622878,37.5601115,건축물,02-330-1562~3,서울특별시 서대문구청,2025-01-01
충현동7079,서울특별시 서대문구 충정로3가7-1,126.9622878,37.5601115,건축물,02-330-1562~3,서울특별시 서대문구청,2025-01-01
충현동7072,서울특별시 서대문구 충정로3가7-1,126.9622878,37.5601115,건축물,02-330-1562~3,서울특별시 서대문구청,2025-01-01
충현동7071,서울특별시 서대문구 충정로3가7-1,126.9622878,37.5601115,건축물,02-330-1562~3,서울특별시 서대문구청,2025-01-01
충현동7070,서울특별시 서대문구 충정로3가7-1,126.9622878,37.5601115,건축물,02-330-1562~3,서울특별시 서대문구청,2025-01-01
충현동7069,서울특별시 서대문구 충정로3가7-1,126.9622878,37.5601115,한전주,02-330-1562~3,서울특별시 서대문구청,2025-01-01
충현동10087,서울특별시 서대문구 충정로3가7-1,126.9622878,37.5601115,건축물,02-330-1562~3,서울특별시 서대문구청,2025-01-01
충현동6078,서울특별시 서대문구 충정로3가7-3,126.9622878,37.5601115,건축물,02-330-1562~3,서울특별시 서대문구청,2025-01-01
충현동6077,서울특별시 서대문구 충정로3가7-6,126.9622878,37.5601115,한전주,02-330-1562~3,서울특별시 서대문구청,2025-01-01
충현동6081,서울특별시 서대문구 충정로3가7-10,126.9622878,37.5601115,건축물,02-330-1562~3,서울특별시 서대문구청,2025-01-01
충현동6082,서울특별시 서대문구 충정로3가7-10,126.9622878,37.5601115,건축물,02-330-1562~3,서울특별시 서대문구청,2025-01-01
충현동442,서울특별시 서대문구 충정로3가7-15,126.9622878,37.5601115,건축물,02-330-1562~3,서울특별시 서대문구청,2025-01-01
충현동6603,서울특별시 서대문구 충정로3가7-19,126.9622878,37.5601115,건축물,02-330-1562~3,서울특별시 서대문구청,2025-01-01
충현동6092,서울특별시 서대문구 충정로3가7-20,126.9622878,37.5601115,건축물,02-330-1562~3,서울특별시 서대문구청,2025-01-01
충현동6091,서울특별시 서대문구 충정로3가7-27,126.9622878,37.5601115,건축물,02-330-1562~3,서울특별시 서대문구청,2025-01-01
충현동6090,서울특별시 서대문구 충정로3가8-1,126.9622878,37.5601115,건축물,02-330-1562~3,서울특별시 서대문구청,2025-01-01
충현동7011,서울특별시 서대문구 충정로3가8-1,126.9622878,37.5601115,한전주,02-330-1562~3,서울특별시 서대문구청,2025-01-01
충현동7002,서울특별시 서대문구 충정로3가8-1,126.9622878,37.5601115,건축물,02-330-1562~3,서울특별시 서대문구청,2025-01-01
충현동7006,서울특별시 서대문구 충정로3가8-1,126.9622878,37.5601115,한전주,02-330-1562~3,서울특별시 서대문구청,2025-01-01
충현동7007,서울특별시 서대문구 충정로3가8-1,126.9622878,37.5601115,건축물,02-330-1562~3,서울특별시 서대문구청,2025-01-01
충현동7004,서울특별시 서대문구 충정로3가8-1,126.9622878,37.5601115,한전주,02-330-1562~3,서울특별시 서대문구청,2025-01-01
충현동7005,서울특별시 서대문구 충정로3가8-1,126.9622878,37.5601115,한전주,02-330-1562~3,서울특별시 서대문구청,2025-01-01
충현동7001,서울특별시 서대문구 충정로3가8-1,126.9622878,37.5601115,한전주,02-330-1562~3,서울특별시 서대문구청,2025-01-01
충현동7010,서울특별시 서대문구 충정로3가8-2,126.9622878,37.5601115,건축물,02-330-1562~3,서울특별시 서대문구청,2025-01-01
충현동7009,서울특별시 서대문구 충정로3가8-2,126.9622878,37.5601115,건축물,02-330-1562~3,서울특별시 서대문구청,2025-01-01
충현동7003,서울특별시 서대문구 충정로3가8-3,126.9622878,37.5601115,건축물,02-330-1562~3,서울특별시 서대문구청,2025-01-01
충현동7058,서울특별시 서대문구 충정로3가8-5,126.9622878,37.5601115,한전주,02-330-1562~3,서울특별시 서대문구청,2025-01-01
충현동6088,서울특별시 서대문구 충정로3가8-14,126.9622878,37.5601115,건축물,02-330-1562~3,서울특별시 서대문구청,2025-01-01
충현동6089,서울특별시 서대문구 충정로3가8-14,126.9622878,37.5601115,건축물,02-330-1562~3,서울특별시 서대문구청,2025-01-01
충현동7600,서울특별시 서대문구 충정로3가8-23,126.9622878,37.5601115,전용주,02-330-1562~3,서울특별시 서대문구청,2025-01-01
충현동1006-1,서울특별시 서대문구 충정로3가8-28,126.9622878,37.5601115,건축물,02-330-1562~3,서울특별시 서대문구청,2025-01-01
충현동7022,서울특별시 서대문구 충정로3가31-8,126.9622878,37.5601115,한전주,02-330-1562~3,서울특별시 서대문구청,2025-01-01
충현동7059,서울특별시 서대문구 충정로3가9-6,126.9622878,37.5601115,한전주,02-330-1562~3,서울특별시 서대문구청,2025-01-01
충현동3038-1,서울특별시 서대문구 충정로3가10-1,126.9622878,37.5601115,한전주,02-330-1562~3,서울특별시 서대문구청,2025-01-01
충현동7020,서울특별시 서대문구 충정로3가31-12,126.9622878,37.5601115,건축물,02-330-1562~3,서울특별시 서대문구청,2025-01-01
충현동8072,서울특별시 서대문구 충정로3가120-1,126.9622878,37.5601115,한전주,02-330-1562~3,서울특별시 서대문구청,2025-01-01
충현동8073,서울특별시 서대문구 충정로3가139,126.9622878,37.5601115,한전주,02-330-1562~3,서울특별시 서대문구청,2025-01-01
충현동8070,서울특별시 서대문구 충정로3가120-46,126.9622878,37.5601115,한전주,02-330-1562~3,서울특별시 서대문구청,2025-01-01
충현동9986,서울특별시 서대문구 충정로3가128-9,126.9622878,37.5601115,전용주,02-330-1562~3,서울특별시 서대문구청,2025-01-01
충현동8068,서울특별시 서대문구 충정로3가128-9,126.9622878,37.5601115,건축물,02-330-1562~3,서울특별시 서대문구청,2025-01-01
충현동6066,서울특별시 서대문구 충정로3가1-37,126.9622878,37.5601115,한전주,02-330-1562~3,서울특별시 서대문구청,2025-01-01
충현동6602,서울특별시 서대문구 충정로3가1-37,126.9622878,37.5601115,통신주,02-330-1562~3,서울특별시 서대문구청,2025-01-01
충현동8074,서울특별시 서대문구 충정로3가139,126.9622878,37.5601115,한전주,02-330-1562~3,서울특별시 서대문구청,2025-01-01
충현동8055,서울특별시 서대문구 충정로3가162-6,126.9622878,37.5601115,건축물,02-330-1562~3,서울특별시 서대문구청,2025-01-01
충현동8049,서울특별시 서대문구 충정로3가163-5,126.9622878,37.5601115,통신주,02-330-1562~3,서울특별시 서대문구청,2025-01-01
충현동8050,서울특별시 서대문구 충정로3가26-5,126.9622878,37.5601115,건축물,02-330-1562~3,서울특별시 서대문구청,2025-01-01
충현동8052,서울특별시 서대문구 충정로3가162-7,126.9622878,37.5601115,한전주,02-330-1562~3,서울특별시 서대문구청,2025-01-01
충현동8044,서울특별시 서대문구 충정로3가171-1,126.9622878,37.5601115,한전주,02-330-1562~3,서울특별시 서대문구청,2025-01-01
충현동8046,서울특별시 서대문구 충정로3가172-2,126.9622878,37.5601115,건축물,02-330-1562~3,서울특별시 서대문구청,2025-01-01
충현동8047,서울특별시 서대문구 충정로3가175-2,126.9622878,37.5601115,건축물,02-330-1562~3,서울특별시 서대문구청,2025-01-01
충현동8060,서울특별시 서대문구 충정로3가179-1,126.9622878,37.5601115,한전주,02-330-1562~3,서울특별시 서대문구청,2025-01-01
충현동8061,서울특별시 서대문구 충정로3가180-16,126.9622878,37.5601115,통신주,02-330-1562~3,서울특별시 서대문구청,2025-01-01
충현동8062,서울특별시 서대문구 충정로3가180-16,126.9622878,37.5601115,건축물,02-330-1562~3,서울특별시 서대문구청,2025-01-01
충현동8063,서울특별시 서대문구 충정로3가180-19,126.9622878,37.5601115,건축물,02-330-1562~3,서울특별시 서대문구청,2025-01-01
충현동8064,서울특별시 서대문구 충정로3가180-4,126.9622878,37.5601115,한전주,02-330-1562~3,서울특별시 서대문구청,2025-01-01
충현동8065,서울특별시 서대문구 충정로3가183-1,126.9622878,37.5601115,한전주,02-330-1562~3,서울특별시 서대문구청,2025-01-01
충현동8042,서울특별시 서대문구 충정로3가185-10,126.9622878,37.5601115,한전주,02-330-1562~3,서울특별시 서대문구청,2025-01-01
충현동8036,서울특별시 서대문구 충정로3가187-1,126.9622878,37.5601115,한전주,02-330-1562~3,서울특별시 서대문구청,2025-01-01
충현동8058,서울특별시 서대문구 충정로3가190-10,126.9622878,37.5601115,통신주,02-330-1562~3,서울특별시 서대문구청,2025-01-01
충현동8054,서울특별시 서대문구 충정로3가190-24,126.9622878,37.5601115,건축물,02-330-1562~3,서울특별시 서대문구청,2025-01-01
충현동7093,서울특별시 서대문구 충정로3가1-9,126.9622878,37.5601115,한전주,02-330-1562~3,서울특별시 서대문구청,2025-01-01
충현동8059,서울특별시 서대문구 충정로3가190-36,126.9622878,37.5601115,건축물,02-330-1562~3,서울특별시 서대문구청,2025-01-01
충현동8057,서울특별시 서대문구 충정로3가190-6,126.9622878,37.5601115,건축물,02-330-1562~3,서울특별시 서대문구청,2025-01-01
충현동8056,서울특별시 서대문구 충정로3가190-9,126.9622878,37.5601115,건축물,02-330-1562~3,서울특별시 서대문구청,2025-01-01
충현동8824,서울특별시 서대문구 충정로3가226-1,126.9622878,37.5601115,전용주,02-330-1562~3,서울특별시 서대문구청,2025-01-01
충현동8823,서울특별시 서대문구 충정로3가226-1,126.9622878,37.5601115,전용주,02-330-1562~3,서울특별시 서대문구청,2025-01-01
충현동462,서울특별시 서대문구 충정로3가240-41,126.9622878,37.5601115,건축물,02-330-1562~3,서울특별시 서대문구청,2025-01-01
충현동8100,서울특별시 서대문구 충정로3가250-11,126.9622878,37.5601115,통신주,02-330-1562~3,서울특별시 서대문구청,2025-01-01
충현동8102,서울특별시 서대문구 충정로3가250-22,126.9622878,37.5601115,한전주,02-330-1562~3,서울특별시 서대문구청,2025-01-01
충현동8109,서울특별시 서대문구 충정로3가250-31,126.9622878,37.5601115,건축물,02-330-1562~3,서울특별시 서대문구청,2025-01-01
충현동1,서울특별시 서대문구 충정로3가250-39,126.9622878,37.5601115,건축물,02-330-1562~3,서울특별시 서대문구청,2025-01-01
충현동8105,서울특별시 서대문구 충정로3가250-4,126.9622878,37.5601115,통신주,02-330-1562~3,서울특별시 서대문구청,2025-01-01
충현동8106,서울특별시 서대문구 충정로3가250-37,126.9622878,37.5601115,건축물,02-330-1562~3,서울특별시 서대문구청,2025-01-01
충현동3051,서울특별시 서대문구 북아현동1-803,126.9527244,37.5665235,건축물,02-330-1562~3,서울특별시 서대문구청,2025-01-01
충현동8108,서울특별시 서대문구 충정로3가250-51,126.9622878,37.5601115,건축물,02-330-1562~3,서울특별시 서대문구청,2025-01-01
충현동8602,서울특별시 서대문구 충정로3가250-58,126.9622878,37.5601115,한전주,02-330-1562~3,서울특별시 서대문구청,2025-01-01
충현동8103,서울특별시 서대문구 충정로3가250-65,126.9622878,37.5601115,건축물,02-330-1562~3,서울특별시 서대문구청,2025-01-01
충현동8104,서울특별시 서대문구 충정로3가250-9,126.9622878,37.5601115,한전주,02-330-1562~3,서울특별시 서대문구청,2025-01-01
충현동8096,서울특별시 서대문구 충정로3가278-2,126.9622878,37.5601115,건축물,02-330-1562~3,서울특별시 서대문구청,2025-01-01
충현동8095,서울특별시 서대문구 충정로3가278-2,126.9622878,37.5601115,한전주,02-330-1562~3,서울특별시 서대문구청,2025-01-01
충현동8095-1,서울특별시 서대문구 충정로3가278-2,126.9622878,37.5601115,한전주,02-330-1562~3,서울특별시 서대문구청,2025-01-01
충현동8111,서울특별시 서대문구 충정로3가281-11,126.9622878,37.5601115,한전주,02-330-1562~3,서울특별시 서대문구청,2025-01-01
충현동8112,서울특별시 서대문구 충정로3가281-13,126.9622878,37.5601115,건축물,02-330-1562~3,서울특별시 서대문구청,2025-01-01
충현동8110,서울특별시 서대문구 충정로3가281-17,126.9622878,37.5601115,건축물,02-330-1562~3,서울특별시 서대문구청,2025-01-01
충현동8604,서울특별시 서대문구 충정로3가281-24,126.9622878,37.5601115,건축물,02-330-1562~3,서울특별시 서대문구청,2025-01-01
충현동8605,서울특별시 서대문구 충정로3가281-24,126.9622878,37.5601115,건축물,02-330-1562~3,서울특별시 서대문구청,2025-01-01
충현동8113,서울특별시 서대문구 충정로3가281-26,126.9622878,37.5601115,건축물,02-330-1562~3,서울특별시 서대문구청,2025-01-01
충현동8114,서울특별시 서대문구 충정로3가281-29,126.9622878,37.5601115,한전주,02-330-1562~3,서울특별시 서대문구청,2025-01-01
충현동8116,서울특별시 서대문구 충정로3가281-32,126.9622878,37.5601115,건축물,02-330-1562~3,서울특별시 서대문구청,2025-01-01
충현동8117,서울특별시 서대문구 충정로3가281-40,126.9622878,37.5601115,한전주,02-330-1562~3,서울특별시 서대문구청,2025-01-01
충현동8115,서울특별시 서대문구 충정로3가281-65,126.9622878,37.5601115,건축물,02-330-1562~3,서울특별시 서대문구청,2025-01-01
충현동8088,서울특별시 서대문구 충정로3가282-2,126.9622878,37.5601115,한전주,02-330-1562~3,서울특별시 서대문구청,2025-01-01
충현동6103,서울특별시 서대문구 충정로3가3-102,126.9622878,37.5601115,한전주,02-330-1562~3,서울특별시 서대문구청,2025-01-01
충현동6100,서울특별시 서대문구 충정로3가3-106,126.9622878,37.5601115,한전주,02-330-1562~3,서울특별시 서대문구청,2025-01-01
충현동7012,서울특별시 서대문구 충정로3가31-13,126.9622878,37.5601115,건축물,02-330-1562~3,서울특별시 서대문구청,2025-01-01
충현동7117-1,서울특별시 서대문구 충정로3가31-13,126.9622878,37.5601115,건축물,02-330-1562~3,서울특별시 서대문구청,2025-01-01
충현동7018,서울특별시 서대문구 충정로3가31-14,126.9622878,37.5601115,건축물,02-330-1562~3,서울특별시 서대문구청,2025-01-01
충현동7017,서울특별시 서대문구 충정로3가31-15,126.9622878,37.5601115,한전주,02-330-1562~3,서울특별시 서대문구청,2025-01-01
충현동7016,서울특별시 서대문구 충정로3가31-19,126.9622878,37.5601115,건축물,02-330-1562~3,서울특별시 서대문구청,2025-01-01
충현동6096,서울특별시 서대문구 충정로3가3-121,126.9622878,37.5601115,한전주,02-330-1562~3,서울특별시 서대문구청,2025-01-01
충현동7019,서울특별시 서대문구 충정로3가31-23,126.9622878,37.5601115,건축물,02-330-1562~3,서울특별시 서대문구청,2025-01-01
충현동6093,서울특별시 서대문구 충정로3가3-123,126.9622878,37.5601115,건축물,02-330-1562~3,서울특별시 서대문구청,2025-01-01
충현동6094,서울특별시 서대문구 충정로3가3-123,126.9622878,37.5601115,건축물,02-330-1562~3,서울특별시 서대문구청,2025-01-01
충현동6095,서울특별시 서대문구 충정로3가3-123,126.9622878,37.5601115,건축물,02-330-1562~3,서울특별시 서대문구청,2025-01-01
충현동7026,서울특별시 서대문구 충정로3가31-31,126.9622878,37.5601115,한전주,02-330-1562~3,서울특별시 서대문구청,2025-01-01
충현동7025,서울특별시 서대문구 충정로3가31-31,126.9622878,37.5601115,한전주,02-330-1562~3,서울특별시 서대문구청,2025-01-01
충현동7024,서울특별시 서대문구 충정로3가31-31,126.9622878,37.5601115,한전주,02-330-1562~3,서울특별시 서대문구청,2025-01-01
충현동7050,서울특별시 서대문구 충정로3가31-35,126.9622878,37.5601115,건축물,02-330-1562~3,서울특별시 서대문구청,2025-01-01
충현동9949,서울특별시 서대문구 충정로3가31-35,126.9622878,37.5601115,한전주,02-330-1562~3,서울특별시 서대문구청,2025-01-01
충현동7032,서울특별시 서대문구 충정로3가31-36,126.9622878,37.5601115,건축물,02-330-1562~3,서울특별시 서대문구청,2025-01-01
충현동7051,서울특별시 서대문구 충정로3가31-36,126.9622878,37.5601115,건축물,02-330-1562~3,서울특별시 서대문구청,2025-01-01
충현동7028,서울특별시 서대문구 충정로3가31-38,126.9622878,37.5601115,건축물,02-330-1562~3,서울특별시 서대문구청,2025-01-01
충현동7029,서울특별시 서대문구 충정로3가31-41,126.9622878,37.5601115,한전주,02-330-1562~3,서울특별시 서대문구청,2025-01-01
충현동7033,서울특별시 서대문구 충정로3가31-50,126.9622878,37.5601115,건축물,02-330-1562~3,서울특별시 서대문구청,2025-01-01
충현동1033,서울특별시 서대문구 충정로3가31-56,126.9622878,37.5601115,건축물,02-330-1562~3,서울특별시 서대문구청,2025-01-01
충현동7034,서울특별시 서대문구 충정로3가31-58,126.9622878,37.5601115,건축물,02-330-1562~3,서울특별시 서대문구청,2025-01-01
충현동7601,서울특별시 서대문구 충정로3가31-58,126.9622878,37.5601115,건축물,02-330-1562~3,서울특별시 서대문구청,2025-01-01
충현동7054,서울특별시 서대문구 충정로3가31-62,126.9622878,37.5601115,통신주,02-330-1562~3,서울특별시 서대문구청,2025-01-01
충현동7049,서울특별시 서대문구 충정로3가31-1,126.9622878,37.5601115,통신주,02-330-1562~3,서울특별시 서대문구청,2025-01-01
충현동6097,서울특별시 서대문구 충정로3가3-166,126.9622878,37.5601115,건축물,02-330-1562~3,서울특별시 서대문구청,2025-01-01
충현동7052,서울특별시 서대문구 충정로3가31-67,126.9622878,37.5601115,전용주,02-330-1562~3,서울특별시 서대문구청,2025-01-01
충현동7055,서울특별시 서대문구 충정로3가31-67,126.9622878,37.5601115,건축물,02-330-1562~3,서울특별시 서대문구청,2025-01-01
충현동7027,서울특별시 서대문구 충정로3가31-69,126.9622878,37.5601115,건축물,02-330-1562~3,서울특별시 서대문구청,2025-01-01
충현동7014,서울특별시 서대문구 충정로3가31-77,126.9622878,37.5601115,건축물,02-330-1562~3,서울특별시 서대문구청,2025-01-01
충현동7602,서울특별시 서대문구 충정로3가31-81,126.9622878,37.5601115,전용주,02-330-1562~3,서울특별시 서대문구청,2025-01-01
충현동6064,서울특별시 서대문구 충정로3가3-181,126.9622878,37.5601115,건축물,02-330-1562~3,서울특별시 서대문구청,2025-01-01
충현동7013,서울특별시 서대문구 충정로3가31-82,126.9622878,37.5601115,건축물,02-330-1562~3,서울특별시 서대문구청,2025-01-01
충현동7015,서울특별시 서대문구 충정로3가31-82,126.9622878,37.5601115,건축물,02-330-1562~3,서울특별시 서대문구청,2025-01-01
충현동6119,서울특별시 서대문구 충정로3가3-183,126.9622878,37.5601115,건축물,02-330-1562~3,서울특별시 서대문구청,2025-01-01
충현동7085,서울특별시 서대문구 충정로3가3-183,126.9622878,37.5601115,한전주,02-330-1562~3,서울특별시 서대문구청,2025-01-01
충현동7038,서울특별시 서대문구 충정로3가32-21,126.9622878,37.5601115,건축물,02-330-1562~3,서울특별시 서대문구청,2025-01-01
충현동7035,서울특별시 서대문구 충정로3가32-23,126.9622878,37.5601115,건축물,02-330-1562~3,서울특별시 서대문구청,2025-01-01
충현동7046,서울특별시 서대문구 충정로3가32-27,126.9622878,37.5601115,건축물,02-330-1562~3,서울특별시 서대문구청,2025-01-01
충현동7053,서울특별시 서대문구 충정로3가31-33,126.9622878,37.5601115,건축물,02-330-1562~3,서울특별시 서대문구청,2025-01-01
충현동7044,서울특별시 서대문구 충정로3가32-35,126.9622878,37.5601115,한전주,02-330-1562~3,서울특별시 서대문구청,2025-01-01
충현동7030,서울특별시 서대문구 충정로3가32-36,126.9622878,37.5601115,건축물,02-330-1562~3,서울특별시 서대문구청,2025-01-01
충현동7031,서울특별시 서대문구 충정로3가32-36,126.9622878,37.5601115,건축물,02-330-1562~3,서울특별시 서대문구청,2025-01-01
충현동8831,서울특별시 서대문구 충정로3가32-43,126.9622878,37.5601115,한전주,02-330-1562~3,서울특별시 서대문구청,2025-01-01
충현동7037,서울특별시 서대문구 충정로3가32-52,126.9622878,37.5601115,건축물,02-330-1562~3,서울특별시 서대문구청,2025-01-01
충현동7039,서울특별시 서대문구 충정로3가32-52,126.9622878,37.5601115,건축물,02-330-1562~3,서울특별시 서대문구청,2025-01-01
충현동7040,서울특별시 서대문구 충정로3가32-52,126.9622878,37.5601115,건축물,02-330-1562~3,서울특별시 서대문구청,2025-01-01
충현동7,서울특별시 서대문구 충정로3가32-52,126.9622878,37.5601115,건축물,02-330-1562~3,서울특별시 서대문구청,2025-01-01
충현동7036,서울특별시 서대문구 충정로3가32-53,126.9622878,37.5601115,건축물,02-330-1562~3,서울특별시 서대문구청,2025-01-01
충현동7048,서울특별시 서대문구 충정로3가32-54,126.9622878,37.5601115,건축물,02-330-1562~3,서울특별시 서대문구청,2025-01-01
충현동7045,서울특별시 서대문구 충정로3가32-57,126.9622878,37.5601115,건축물,02-330-1562~3,서울특별시 서대문구청,2025-01-01
충현동6069,서울특별시 서대문구 충정로3가3-259,126.9622878,37.5601115,건축물,02-330-1562~3,서울특별시 서대문구청,2025-01-01
충현동6061,서울특별시 서대문구 충정로3가3-282,126.9622878,37.5601115,건축물,02-330-1562~3,서울특별시 서대문구청,2025-01-01
충현동6065,서울특별시 서대문구 충정로3가3-305,126.9622878,37.5601115,한전주,02-330-1562~3,서울특별시 서대문구청,2025-01-01
충현동5554,서울특별시 서대문구 충정로3가33-15,126.9622878,37.5601115,건축물,02-330-1562~3,서울특별시 서대문구청,2025-01-01
충현동6037,서울특별시 서대문구 충정로3가3-317,126.9622878,37.5601115,한전주,02-330-1562~3,서울특별시 서대문구청,2025-01-01
충현동6062-1,서울특별시 서대문구 충정로3가3-321,126.9622878,37.5601115,한전주,02-330-1562~3,서울특별시 서대문구청,2025-01-01
충현동345,서울특별시 서대문구 충정로3가3-324,126.9622878,37.5601115,한전주,02-330-1562~3,서울특별시 서대문구청,2025-01-01
충현동346,서울특별시 서대문구 충정로3가3-326,126.9622878,37.5601115,한전주,02-330-1562~3,서울특별시 서대문구청,2025-01-01
충현동6043,서울특별시 서대문구 충정로3가3-327,126.9622878,37.5601115,한전주,02-330-1562~3,서울특별시 서대문구청,2025-01-01
충현동6044,서울특별시 서대문구 충정로3가3-331,126.9622878,37.5601115,건축물,02-330-1562~3,서울특별시 서대문구청,2025-01-01
충현동6042,서울특별시 서대문구 충정로3가3-332,126.9622878,37.5601115,건축물,02-330-1562~3,서울특별시 서대문구청,2025-01-01
충현동6058,서울특별시 서대문구 충정로3가3-334,126.9622878,37.5601115,건축물,02-330-1562~3,서울특별시 서대문구청,2025-01-01
충현동6057,서울특별시 서대문구 충정로3가3-343,126.9622878,37.5601115,건축물,02-330-1562~3,서울특별시 서대문구청,2025-01-01
충현동6047,서울특별시 서대문구 충정로3가3-347,126.9622878,37.5601115,한전주,02-330-1562~3,서울특별시 서대문구청,2025-01-01
충현동6049,서울특별시 서대문구 충정로3가3-347,126.9622878,37.5601115,씨피주,02-330-1562~3,서울특별시 서대문구청,2025-01-01
충현동6060,서울특별시 서대문구 충정로3가3-348,126.9622878,37.5601115,한전주,02-330-1562~3,서울특별시 서대문구청,2025-01-01
충현동6041,서울특별시 서대문구 충정로3가3-356,126.9622878,37.5601115,건축물,02-330-1562~3,서울특별시 서대문구청,2025-01-01
충현동6059,서울특별시 서대문구 충정로3가3-358,126.9622878,37.5601115,한전주,02-330-1562~3,서울특별시 서대문구청,2025-01-01
충현동7080,서울특별시 서대문구 충정로3가3-36,126.9622878,37.5601115,한전주,02-330-1562~3,서울특별시 서대문구청,2025-01-01
충현동10038,서울특별시 서대문구 충정로3가3-365,126.9622878,37.5601115,건축물,02-330-1562~3,서울특별시 서대문구청,2025-01-01
충현동6605,서울특별시 서대문구 충정로3가3-370,126.9622878,37.5601115,건축물,02-330-1562~3,서울특별시 서대문구청,2025-01-01
충현동9976,서울특별시 서대문구 충정로3가3-371,126.9622878,37.5601115,전용주,02-330-1562~3,서울특별시 서대문구청,2025-01-01
충현동6035,서울특별시 서대문구 충정로3가3-372,126.9622878,37.5601115,한전주,02-330-1562~3,서울특별시 서대문구청,2025-01-01
충현동347,서울특별시 서대문구 충정로3가3-378,126.9622878,37.5601115,한전주,02-330-1562~3,서울특별시 서대문구청,2025-01-01
충현동7068,서울특별시 서대문구 충정로3가3-38,126.9622878,37.5601115,한전주,02-330-1562~3,서울특별시 서대문구청,2025-01-01
충현동6034,서울특별시 서대문구 충정로3가3-383,126.9622878,37.5601115,건축물,02-330-1562~3,서울특별시 서대문구청,2025-01-01
충현동6033,서울특별시 서대문구 충정로3가3-387,126.9622878,37.5601115,건축물,02-330-1562~3,서울특별시 서대문구청,2025-01-01
충현동6032,서울특별시 서대문구 충정로3가3-387,126.9622878,37.5601115,통신주,02-330-1562~3,서울특별시 서대문구청,2025-01-01
충현동6030,서울특별시 서대문구 충정로3가3-385,126.9622878,37.5601115,한전주,02-330-1562~3,서울특별시 서대문구청,2025-01-01
충현동6070,서울특별시 서대문구 충정로3가3-396,126.9622878,37.5601115,건축물,02-330-1562~3,서울특별시 서대문구청,2025-01-01
충현동6036,서울특별시 서대문구 충정로3가3-399,126.9622878,37.5601115,건축물,02-330-1562~3,서울특별시 서대문구청,2025-01-01
충현동6038-1,서울특별시 서대문구 충정로3가3-401,126.9622878,37.5601115,건축물,02-330-1562~3,서울특별시 서대문구청,2025-01-01
충현동6039,서울특별시 서대문구 충정로3가3-405,126.9622878,37.5601115,건축물,02-330-1562~3,서울특별시 서대문구청,2025-01-01
충현동7063,서울특별시 서대문구 충정로3가3-41,126.9622878,37.5601115,한전주,02-330-1562~3,서울특별시 서대문구청,2025-01-01
충현동8085,서울특별시 서대문구 충정로3가341-2,126.9622878,37.5601115,한전주,02-330-1562~3,서울특별시 서대문구청,2025-01-01
충현동6046,서울특별시 서대문구 충정로3가3-436,126.9622878,37.5601115,한전주,02-330-1562~3,서울특별시 서대문구청,2025-01-01
충현동7057,서울특별시 서대문구 충정로3가3-44,126.9622878,37.5601115,한전주,02-330-1562~3,서울특별시 서대문구청,2025-01-01
충현동7067,서울특별시 서대문구 충정로3가3-45,126.9622878,37.5601115,건축물,02-330-1562~3,서울특별시 서대문구청,2025-01-01
충현동8092,서울특별시 서대문구 충정로3가347-1,126.9622878,37.5601115,건축물,02-330-1562~3,서울특별시 서대문구청,2025-01-01
충현동8090,서울특별시 서대문구 충정로3가347-1,126.9622878,37.5601115,건축물,02-330-1562~3,서울특별시 서대문구청,2025-01-01
충현동8091,서울특별시 서대문구 충정로3가347-5,126.9622878,37.5601115,통신주,02-330-1562~3,서울특별시 서대문구청,2025-01-01
충현동8093,서울특별시 서대문구 충정로3가360-15,126.9622878,37.5601115,건축물,02-330-1562~3,서울특별시 서대문구청,2025-01-01
충현동8094,서울특별시 서대문구 충정로3가360-17,126.9622878,37.5601115,건축물,02-330-1562~3,서울특별시 서대문구청,2025-01-01
충현동8097,서울특별시 서대문구 충정로3가360-6,126.9622878,37.5601115,한전주,02-330-1562~3,서울특별시 서대문구청,2025-01-01
충현동6109,서울특별시 서대문구 충정로3가3-63,126.9622878,37.5601115,한전주,02-330-1562~3,서울특별시 서대문구청,2025-01-01
충현동6104,서울특별시 서대문구 충정로3가3-66,126.9622878,37.5601115,한전주,02-330-1562~3,서울특별시 서대문구청,2025-01-01
충현동6098,서울특별시 서대문구 충정로3가3-68,126.9622878,37.5601115,한전주,02-330-1562~3,서울특별시 서대문구청,2025-01-01
충현동6108,서울특별시 서대문구 충정로3가3-71,126.9622878,37.5601115,한전주,02-330-1562~3,서울특별시 서대문구청,2025-01-01
충현동6102,서울특별시 서대문구 충정로3가3-73,126.9622878,37.5601115,한전주,02-330-1562~3,서울특별시 서대문구청,2025-01-01
충현동6101,서울특별시 서대문구 충정로3가3-73,126.9622878,37.5601115,한전주,02-330-1562~3,서울특별시 서대문구청,2025-01-01
충현동6099,서울특별시 서대문구 충정로3가3-74,126.9622878,37.5601115,한전주,02-330-1562~3,서울특별시 서대문구청,2025-01-01
충현동6114,서울특별시 서대문구 충정로3가3-75,126.9622878,37.5601115,전용주,02-330-1562~3,서울특별시 서대문구청,2025-01-01
충현동6113,서울특별시 서대문구 충정로3가3-75,126.9622878,37.5601115,건축물,02-330-1562~3,서울특별시 서대문구청,2025-01-01
충현동6112,서울특별시 서대문구 충정로3가3-75,126.9622878,37.5601115,한전주,02-330-1562~3,서울특별시 서대문구청,2025-01-01
충현동6111,서울특별시 서대문구 충정로3가3-77,126.9622878,37.5601115,건축물,02-330-1562~3,서울특별시 서대문구청,2025-01-01
충현동6110,서울특별시 서대문구 충정로3가3-77,126.9622878,37.5601115,한전주,02-330-1562~3,서울특별시 서대문구청,2025-01-01
충현동6106,서울특별시 서대문구 충정로3가3-91,126.9622878,37.5601115,한전주,02-330-1562~3,서울특별시 서대문구청,2025-01-01
충현동6107,서울특별시 서대문구 충정로3가3-97,126.9622878,37.5601115,건축물,02-330-1562~3,서울특별시 서대문구청,2025-01-01
충현동7111,서울특별시 서대문구 충정로3가65-20,126.9622878,37.5601115,한전주,02-330-1562~3,서울특별시 서대문구청,2025-01-01
충현동6052,서울특별시 서대문구 충정로3가67-104,126.9622878,37.5601115,한전주,02-330-1562~3,서울특별시 서대문구청,2025-01-01
충현동6055,서울특별시 서대문구 충정로3가67-104,126.9622878,37.5601115,한전주,02-330-1562~3,서울특별시 서대문구청,2025-01-01
충현동5120,서울특별시 서대문구 충정로3가7-35,126.9622878,37.5601115,한전주,02-330-1562~3,서울특별시 서대문구청,2025-01-01
충현동6071,서울특별시 서대문구 충정로3가7-35,126.9622878,37.5601115,한전주,02-330-1562~3,서울특별시 서대문구청,2025-01-01
충현동6072,서울특별시 서대문구 충정로3가7-37,126.9622878,37.5601115,건축물,02-330-1562~3,서울특별시 서대문구청,2025-01-01
충현동6075,서울특별시 서대문구 충정로3가7-40,126.9622878,37.5601115,건축물,02-330-1562~3,서울특별시 서대문구청,2025-01-01
충현동6074,서울특별시 서대문구 충정로3가7-43,126.9622878,37.5601115,건축물,02-330-1562~3,서울특별시 서대문구청,2025-01-01
충현동6013,서울특별시 서대문구 충정로3가7-54,126.9622878,37.5601115,건축물,02-330-1562~3,서울특별시 서대문구청,2025-01-01
충현동6604,서울특별시 서대문구 충정로3가7-58,126.9622878,37.5601115,한전주,02-330-1562~3,서울특별시 서대문구청,2025-01-01
충현동6079,서울특별시 서대문구 충정로3가7-59,126.9622878,37.5601115,한전주,02-330-1562~3,서울특별시 서대문구청,2025-01-01
충현동6577,서울특별시 서대문구 충정로3가7-59,126.9622878,37.5601115,건축물,02-330-1562~3,서울특별시 서대문구청,2025-01-01
충현동6080,서울특별시 서대문구 충정로3가7-60,126.9622878,37.5601115,한전주,02-330-1562~3,서울특별시 서대문구청,2025-01-01
충현동5,서울특별시 서대문구 충정로3가7-60,126.9622878,37.5601115,한전주,02-330-1562~3,서울특별시 서대문구청,2025-01-01
충현동6083,서울특별시 서대문구 충정로3가7-62,126.9622878,37.5601115,건축물,02-330-1562~3,서울특별시 서대문구청,2025-01-01
충현동5092-1,서울특별시 서대문구 북아현동3-572,126.9589376,37.5625418,건축물,02-330-1562~3,서울특별시 서대문구청,2025-01-01
충현동5089,서울특별시 서대문구 충정로3가7-68,126.9622878,37.5601115,한전주,02-330-1562~3,서울특별시 서대문구청,2025-01-01
충현동5090,서울특별시 서대문구 충정로3가7-69,126.9622878,37.5601115,건축물,02-330-1562~3,서울특별시 서대문구청,2025-01-01
충현동6086,서울특별시 서대문구 충정로3가7-69,126.9622878,37.5601115,한전주,02-330-1562~3,서울특별시 서대문구청,2025-01-01
충현동8090-1,서울특별시 서대문구 충정로3가7-69,126.9622878,37.5601115,건축물,02-330-1562~3,서울특별시 서대문구청,2025-01-01
충현동6085,서울특별시 서대문구 충정로3가7-74,126.9622878,37.5601115,건축물,02-330-1562~3,서울특별시 서대문구청,2025-01-01
충현동6076,서울특별시 서대문구 충정로3가7-78,126.9622878,37.5601115,건축물,02-330-1562~3,서울특별시 서대문구청,2025-01-01
충현동8021,서울특별시 서대문구 충정로3가78-21,126.9622878,37.5601115,건축물,02-330-1562~3,서울특별시 서대문구청,2025-01-01
충현동4070,서울특별시 서대문구 충정로3가8-32,126.9622878,37.5601115,한전주,02-330-1562~3,서울특별시 서대문구청,2025-01-01
충현동7097,서울특별시 서대문구 충청로3가1-3,126.9367873,37.5792117,건축물,02-330-1562~3,서울특별시 서대문구청,2025-01-01
충현동9007,서울특별시 서대문구 충정로3가226-1,126.9622878,37.5601115,건축물,02-330-1562~3,서울특별시 서대문구청,2025-01-01
충현동6257,서울특별시 서대문구 충정로2가67-9,126.9622878,37.5601115,전용주,02-330-1562~3,서울특별시 서대문구청,2025-01-01
충현동6258,서울특별시 서대문구 충정로2가67-9,126.9622878,37.5601115,전용주,02-330-1562~3,서울특별시 서대문구청,2025-01-01
충현동6259,서울특별시 서대문구 충정로2가67-9,126.9622878,37.5601115,전용주,02-330-1562~3,서울특별시 서대문구청,2025-01-01
충현동14,서울특별시 서대문구 충정로3가3-183,126.9622878,37.5601115,전용주,02-330-1562~3,서울특별시 서대문구청,2025-01-01
충현동6045-1,서울특별시 서대문구 충정로3가3-324,126.9622878,37.5601115,한전주,02-330-1562~3,서울특별시 서대문구청,2025-01-01
충현동6063-1,서울특별시 서대문구 충정로3가3-303,126.9622878,37.5601115,건축물,02-330-1562~3,서울특별시 서대문구청,2025-01-01
충현동6068,서울특별시 서대문구 충정로3가3-92,126.9622878,37.5601115,한전주,02-330-1562~3,서울특별시 서대문구청,2025-01-01
충현동8013-1,서울특별시 서대문구 충정로3가180-16,126.9622878,37.5601115,건축물,02-330-1562~3,서울특별시 서대문구청,2025-01-01
충현동10079,서울특별시 서대문구 합동118,126.9367873,37.5792117,전용주,02-330-1562~3,서울특별시 서대문구청,2025-01-01
충현동9004,서울특별시 서대문구 합동28-43,126.9367873,37.5792117,한전주,02-330-1562~3,서울특별시 서대문구청,2025-01-01
충현동10081,서울특별시 서대문구 합동118,126.9367873,37.5792117,전용주,02-330-1562~3,서울특별시 서대문구청,2025-01-01
충현동9017,서울특별시 서대문구 합동27-1,126.9367873,37.5792117,한전주,02-330-1562~3,서울특별시 서대문구청,2025-01-01
충현동9014,서울특별시 서대문구 합동14-2,126.9367873,37.5792117,통신주,02-330-1562~3,서울특별시 서대문구청,2025-01-01
충현동355,서울특별시 서대문구 합동14-3,126.9367873,37.5792117,전용주,02-330-1562~3,서울특별시 서대문구청,2025-01-01
충현동9010,서울특별시 서대문구 합동4-7,126.9367873,37.5792117,전용주,02-330-1562~3,서울특별시 서대문구청,2025-01-01
충현동9011,서울특별시 서대문구 합동4-9,126.9367873,37.5792117,건축물,02-330-1562~3,서울특별시 서대문구청,2025-01-01
충현동9015,서울특별시 서대문구 합동21-7,126.9367873,37.5792117,건축물,02-330-1562~3,서울특별시 서대문구청,2025-01-01
충현동9931,서울특별시 서대문구 합동21-27,126.9367873,37.5792117,건축물,02-330-1562~3,서울특별시 서대문구청,2025-01-01
충현동9003,서울특별시 서대문구 합동28-43,126.9367873,37.5792117,한전주,02-330-1562~3,서울특별시 서대문구청,2025-01-01
충현동9005,서울특별시 서대문구 합동28-43,126.9367873,37.5792117,한전주,02-330-1562~3,서울특별시 서대문구청,2025-01-01
충현동9003-1,서울특별시 서대문구 합동28-43,126.9367873,37.5792117,한전주,02-330-1562~3,서울특별시 서대문구청,2025-01-01
충현동9001,서울특별시 서대문구 합동31-23,126.9367873,37.5792117,한전주,02-330-1562~3,서울특별시 서대문구청,2025-01-01
천연동1015,서울특별시 서대문구 냉천동12,126.9641535,37.5675975,한전주,02-330-1562~3,서울특별시 서대문구청,2025-01-01
천연동2,서울특별시 서대문구 냉천동23,126.964157,37.5673452,전용주,02-330-1562~3,서울특별시 서대문구청,2025-01-01
천연동2607,서울특별시 서대문구 냉천동68,126.9616601,37.5670079,한전주,02-330-1562~3,서울특별시 서대문구청,2025-01-01
천연동1010,서울특별시 서대문구 냉천동144,126.964537,37.56688,한전주,02-330-1562~3,서울특별시 서대문구청,2025-01-01
천연동1009,서울특별시 서대문구 냉천동147,126.9644449,37.5669963,한전주,02-330-1562~3,서울특별시 서대문구청,2025-01-01
천연동1002,서울특별시 서대문구 냉천동173,126.9651972,37.5666155,건축물,02-330-1562~3,서울특별시 서대문구청,2025-01-01
천연동1001,서울특별시 서대문구 냉천동175,126.9651416,37.5665429,한전주,02-330-1562~3,서울특별시 서대문구청,2025-01-01
천연동6031,서울특별시 서대문구 냉천동203,126.9639278,37.5683704,건축물,02-330-1562~3,서울특별시 서대문구청,2025-01-01
천연동1-11,서울특별시 서대문구 냉천동211,126.9639773,37.5680644,건축물,02-330-1562~3,서울특별시 서대문구청,2025-01-01
천연동1020,서울특별시 서대문구 냉천동213,126.9640907,37.5680474,건축물,02-330-1562~3,서울특별시 서대문구청,2025-01-01
천연동1013,서울특별시 서대문구 냉천동226,126.964504,37.5676276,전용주,02-330-1562~3,서울특별시 서대문구청,2025-01-01
천연동1014,서울특별시 서대문구 냉천동231,126.9645836,37.5676012,건축물,02-330-1562~3,서울특별시 서대문구청,2025-01-01
천연동1053,서울특별시 서대문구 냉천동232,126.9646302,37.5675115,건축물,02-330-1562~3,서울특별시 서대문구청,2025-01-01
천연동1412,서울특별시 서대문구 냉천동234,126.964633,37.5673043,통신주,02-330-1562~3,서울특별시 서대문구청,2025-01-01
천연동1011,서울특별시 서대문구 냉천동242,126.96494,37.5672079,건축물,02-330-1562~3,서울특별시 서대문구청,2025-01-01
천연동2606,서울특별시 서대문구 냉천동242,126.96494,37.5672079,한전주,02-330-1562~3,서울특별시 서대문구청,2025-01-01
천연동1024,서울특별시 서대문구 냉천동33-3,126.9636839,37.5671789,건축물,02-330-1562~3,서울특별시 서대문구청,2025-01-01
천연동1037,서울특별시 서대문구 냉천동69-3,126.9613321,37.566987,건축물,02-330-1562~3,서울특별시 서대문구청,2025-01-01
천연동1012,서울특별시 서대문구 냉천동13-1,126.9643144,37.5674277,건축물,02-330-1562~3,서울특별시 서대문구청,2025-01-01
천연동1022,서울특별시 서대문구 냉천동27-2,126.9634198,37.5674468,한전주,02-330-1562~3,서울특별시 서대문구청,2025-01-01
천연동1021,서울특별시 서대문구 냉천동3-1,126.9636913,37.5682782,건축물,02-330-1562~3,서울특별시 서대문구청,2025-01-01
천연동8931,서울특별시 서대문구 냉천동3-1,126.9636913,37.5682782,한전주,02-330-1562~3,서울특별시 서대문구청,2025-01-01
천연동1019,서울특별시 서대문구 냉천동3-3,126.9637372,37.5682335,건축물,02-330-1562~3,서울특별시 서대문구청,2025-01-01
천연동1036,서울특별시 서대문구 냉천동105-2,126.9643057,37.5664184,한전주,02-330-1562~3,서울특별시 서대문구청,2025-01-01
천연동1016,서울특별시 서대문구 냉천동153-2,126.9645956,37.5667363,건축물,02-330-1562~3,서울특별시 서대문구청,2025-01-01
천연동1005,서울특별시 서대문구 냉천동181-3,126.9648139,37.566504,건축물,02-330-1562~3,서울특별시 서대문구청,2025-01-01
천연동1004,서울특별시 서대문구 냉천동184-26,126.9647929,37.5663867,건축물,02-330-1562~3,서울특별시 서대문구청,2025-01-01
천연동4031,서울특별시 서대문구 영천동82,126.9605719,37.5703772,한전주,02-330-1562~3,서울특별시 서대문구청,2025-01-01
천연동4030,서울특별시 서대문구 영천동87,126.9603783,37.5704566,한전주,02-330-1562~3,서울특별시 서대문구청,2025-01-01
천연동4001,서울특별시 서대문구 영천동100,126.9584711,37.5700343,한전주,02-330-1562~3,서울특별시 서대문구청,2025-01-01
천연동3049,서울특별시 서대문구 영천동97,126.9598585,37.5703889,한전주,02-330-1562~3,서울특별시 서대문구청,2025-01-01
천연동4033,서울특별시 서대문구 영천동178,126.9608126,37.5701631,건축물,02-330-1562~3,서울특별시 서대문구청,2025-01-01
천연동4032,서울특별시 서대문구 영천동180,126.9609007,37.570335,건축물,02-330-1562~3,서울특별시 서대문구청,2025-01-01
천연동4035,서울특별시 서대문구 영천동183,126.9610586,37.5703815,한전주,02-330-1562~3,서울특별시 서대문구청,2025-01-01
천연동4036,서울특별시 서대문구 영천동183,126.9610586,37.5703815,건축물,02-330-1562~3,서울특별시 서대문구청,2025-01-01
천연동4048,서울특별시 서대문구 영천동189,126.9615476,37.5702146,한전주,02-330-1562~3,서울특별시 서대문구청,2025-01-01
천연동4037,서울특별시 서대문구 영천동192,126.9613892,37.5702132,한전주,02-330-1562~3,서울특별시 서대문구청,2025-01-01
천연동4038,서울특별시 서대문구 영천동194,126.9611477,37.5704814,통신주,02-330-1562~3,서울특별시 서대문구청,2025-01-01
천연동4040,서울특별시 서대문구 영천동282,126.9611624,37.5710582,건축물,02-330-1562~3,서울특별시 서대문구청,2025-01-01
천연동4039,서울특별시 서대문구 영천동283,126.9610043,37.5710298,건축물,02-330-1562~3,서울특별시 서대문구청,2025-01-01
천연동4022,서울특별시 서대문구 영천동288,126.9607866,37.5712171,건축물,02-330-1562~3,서울특별시 서대문구청,2025-01-01
천연동4041,서울특별시 서대문구 영천동316,126.9615762,37.5706023,건축물,02-330-1562~3,서울특별시 서대문구청,2025-01-01
천연동244,서울특별시 서대문구 영천동323,126.9618517,37.5703254,건축물,02-330-1562~3,서울특별시 서대문구청,2025-01-01
천연동4043,서울특별시 서대문구 영천동327,126.9620235,37.5701827,건축물,02-330-1562~3,서울특별시 서대문구청,2025-01-01
천연동4044,서울특별시 서대문구 영천동331,126.9622524,37.5700045,건축물,02-330-1562~3,서울특별시 서대문구청,2025-01-01
천연동4024,서울특별시 서대문구 영천동70-1,126.9608491,37.5707941,한전주,02-330-1562~3,서울특별시 서대문구청,2025-01-01
천연동36,서울특별시 서대문구 영천동70-2,126.9609177,37.5707407,건축물,02-330-1562~3,서울특별시 서대문구청,2025-01-01
천연동38,서울특별시 서대문구 영천동94-3,126.9600961,37.5704,통신주,02-330-1562~3,서울특별시 서대문구청,2025-01-01
천연동2013,서울특별시 서대문구 영천동120-48,126.9583207,37.5710782,한전주,02-330-1562~3,서울특별시 서대문구청,2025-01-01
천연동1049,서울특별시 서대문구 영천동120-56,126.9583207,37.5710782,건축물,02-330-1562~3,서울특별시 서대문구청,2025-01-01
천연동4003,서울특별시 서대문구 영천동101,126.9590786,37.5711209,한전주,02-330-1562~3,서울특별시 서대문구청,2025-01-01
천연동5002,서울특별시 서대문구 영천동177-1,126.9606887,37.5701169,한전주,02-330-1562~3,서울특별시 서대문구청,2025-01-01
천연동5001,서울특별시 서대문구 영천동187-1,126.9611179,37.5701838,한전주,02-330-1562~3,서울특별시 서대문구청,2025-01-01
천연동4049,서울특별시 서대문구 영천동188-1,126.9614343,37.5702226,건축물,02-330-1562~3,서울특별시 서대문구청,2025-01-01
천연동4020,서울특별시 서대문구 영천동69-21,126.960346,37.5711501,한전주,02-330-1562~3,서울특별시 서대문구청,2025-01-01
천연동4021,서울특별시 서대문구 영천동290-1,126.9606842,37.5712522,한전주,02-330-1562~3,서울특별시 서대문구청,2025-01-01
천연동4019,서울특별시 서대문구 영천동69-38,126.9603937,37.5709793,건축물,02-330-1562~3,서울특별시 서대문구청,2025-01-01
천연동4025,서울특별시 서대문구 영천동69-58,126.9606125,37.5707109,한전주,02-330-1562~3,서울특별시 서대문구청,2025-01-01
천연동1052,서울특별시 서대문구 영천동69-65,126.9607122,37.570865,한전주,02-330-1562~3,서울특별시 서대문구청,2025-01-01
천연동1051,서울특별시 서대문구 영천동70-30,126.9606595,37.5705852,건축물,02-330-1562~3,서울특별시 서대문구청,2025-01-01
천연동2048,서울특별시 서대문구 영천동98-60,126.9583597,37.5699072,건축물,02-330-1562~3,서울특별시 서대문구청,2025-01-01
천연동10166,서울특별시 서대문구 영천동70-3,126.9609299,37.5706777,전용주,02-330-1562~3,서울특별시 서대문구청,2025-01-01
천연동4,서울특별시 서대문구 천연동70-25,126.9620487,37.5691828,건축물,02-330-1562~3,서울특별시 서대문구청,2025-01-01
천연동5029,서울특별시 서대문구 옥천동7-1,126.9624768,37.5693307,한전주,02-330-1562~3,서울특별시 서대문구청,2025-01-01
천연동5025,서울특별시 서대문구 옥천동9,126.9624078,37.5694112,건축물,02-330-1562~3,서울특별시 서대문구청,2025-01-01
천연동5024,서울특별시 서대문구 옥천동18,126.9623815,37.5696723,건축물,02-330-1562~3,서울특별시 서대문구청,2025-01-01
천연동5023,서울특별시 서대문구 옥천동18,126.9623815,37.5696723,한전주,02-330-1562~3,서울특별시 서대문구청,2025-01-01
천연동5020,서울특별시 서대문구 옥천동19,126.9622344,37.569671,건축물,02-330-1562~3,서울특별시 서대문구청,2025-01-01
천연동5018,서울특별시 서대문구 옥천동21,126.962301,37.5697617,건축물,02-330-1562~3,서울특별시 서대문구청,2025-01-01
천연동5012,서울특별시 서대문구 옥천동68,126.9620276,37.5698854,통신주,02-330-1562~3,서울특별시 서대문구청,2025-01-01
천연동5019,서울특별시 서대문구 옥천동31,126.9620202,37.569606,건축물,02-330-1562~3,서울특별시 서대문구청,2025-01-01
천연동5010,서울특별시 서대문구 옥천동28,126.9618953,37.569632,한전주,02-330-1562~3,서울특별시 서대문구청,2025-01-01
천연동5021,서울특별시 서대문구 옥천동35,126.9620222,37.5694619,한전주,02-330-1562~3,서울특별시 서대문구청,2025-01-01
천연동5226,서울특별시 서대문구 옥천동39,126.9619211,37.5694069,건축물,02-330-1562~3,서울특별시 서대문구청,2025-01-01
천연동3028,서울특별시 서대문구 옥천동55,126.9609216,37.5696504,한전주,02-330-1562~3,서울특별시 서대문구청,2025-01-01
천연동5008,서울특별시 서대문구 옥천동63,126.961599,37.5697735,전용주,02-330-1562~3,서울특별시 서대문구청,2025-01-01
천연동5013,서울특별시 서대문구 옥천동65,126.9617472,37.5697028,한전주,02-330-1562~3,서울특별시 서대문구청,2025-01-01
천연동4047,서울특별시 서대문구 옥천동74,126.9616509,37.5701164,건축물,02-330-1562~3,서울특별시 서대문구청,2025-01-01
천연동4045,서울특별시 서대문구 옥천동78,126.9618562,37.5700011,한전주,02-330-1562~3,서울특별시 서대문구청,2025-01-01
천연동5,서울특별시 서대문구 옥천동79,126.9618342,37.5699558,건축물,02-330-1562~3,서울특별시 서대문구청,2025-01-01
천연동5014,서울특별시 서대문구 옥천동82,126.9617234,37.5697836,건축물,02-330-1562~3,서울특별시 서대문구청,2025-01-01
천연동4046,서울특별시 서대문구 옥천동84,126.9617209,37.5699638,건축물,02-330-1562~3,서울특별시 서대문구청,2025-01-01
천연동5006,서울특별시 서대문구 옥천동90,126.961381,37.5699879,한전주,02-330-1562~3,서울특별시 서대문구청,2025-01-01
천연동4050,서울특별시 서대문구 옥천동94,126.9612776,37.5700951,건축물,02-330-1562~3,서울특별시 서대문구청,2025-01-01
천연동5004,서울특별시 서대문구 옥천동111,126.9611651,37.570049,건축물,02-330-1562~3,서울특별시 서대문구청,2025-01-01
천연동3029,서울특별시 서대문구 옥천동105,126.9608422,37.5696588,한전주,02-330-1562~3,서울특별시 서대문구청,2025-01-01
천연동5009,서울특별시 서대문구 옥천동42,126.9617831,37.5695589,한전주,02-330-1562~3,서울특별시 서대문구청,2025-01-01
천연동9625,서울특별시 서대문구 옥천동45-6,126.9613185,37.5695999,한전주,02-330-1562~3,서울특별시 서대문구청,2025-01-01
천연동5015,서울특별시 서대문구 옥천동45-7,126.9613996,37.5694654,한전주,02-330-1562~3,서울특별시 서대문구청,2025-01-01
천연동5007,서울특별시 서대문구 옥천동61-1,126.961486,37.5697635,한전주,02-330-1562~3,서울특별시 서대문구청,2025-01-01
천연동5011,서울특별시 서대문구 옥천동66-1,126.9618703,37.569803,건축물,02-330-1562~3,서울특별시 서대문구청,2025-01-01
천연동5027,서울특별시 서대문구 옥천동66-1,126.9618703,37.569803,건축물,02-330-1562~3,서울특별시 서대문구청,2025-01-01
천연동3006,서울특별시 서대문구 옥천동80-3,126.961812,37.5699286,한전주,02-330-1562~3,서울특별시 서대문구청,2025-01-01
천연동10074,서울특별시 서대문구 옥천동83-1,126.9616201,37.5698909,건축물,02-330-1562~3,서울특별시 서대문구청,2025-01-01
천연동3030,서울특별시 서대문구 옥천동106-5,126.9607889,37.569424,건축물,02-330-1562~3,서울특별시 서대문구청,2025-01-01
천연동5003,서울특별시 서대문구 옥천동113-2,126.960905,37.5700287,건축물,02-330-1562~3,서울특별시 서대문구청,2025-01-01
천연동3031,서울특별시 서대문구 옥천동119-2,126.960578,37.5699357,한전주,02-330-1562~3,서울특별시 서대문구청,2025-01-01
천연동3033,서울특별시 서대문구 옥천동123-2,126.9602941,37.5699963,건축물,02-330-1562~3,서울특별시 서대문구청,2025-01-01
천연동3036,서울특별시 서대문구 옥천동126-109,126.9602905,37.5694467,한전주,02-330-1562~3,서울특별시 서대문구청,2025-01-01
천연동3035,서울특별시 서대문구 옥천동126-112,126.9602866,37.5697259,한전주,02-330-1562~3,서울특별시 서대문구청,2025-01-01
천연동3045,서울특별시 서대문구 옥천동126-112,126.9602866,37.5697259,한전주,02-330-1562~3,서울특별시 서대문구청,2025-01-01
천연동3037,서울특별시 서대문구 옥천동126-119,126.9600187,37.5694533,건축물,02-330-1562~3,서울특별시 서대문구청,2025-01-01
천연동1,서울특별시 서대문구 옥천동126-121,126.9600161,37.5696425,통신주,02-330-1562~3,서울특별시 서대문구청,2025-01-01
천연동3041,서울특별시 서대문구 옥천동126-122,126.9598916,37.5696414,건축물,02-330-1562~3,서울특별시 서대문구청,2025-01-01
천연동3014,서울특별시 서대문구 옥천동126-128,126.9600446,37.5692192,건축물,02-330-1562~3,서울특별시 서대문구청,2025-01-01
천연동3015,서울특별시 서대문구 옥천동126-130,126.9597619,37.5691987,한전주,02-330-1562~3,서울특별시 서대문구청,2025-01-01
천연동3034,서울특별시 서대문구 옥천동126-133,126.9602853,37.569816,통신주,02-330-1562~3,서울특별시 서대문구청,2025-01-01
천연동3039,서울특별시 서대문구 옥천동126-134,126.9601721,37.569815,한전주,02-330-1562~3,서울특별시 서대문구청,2025-01-01
천연동3040,서울특별시 서대문구 옥천동126-143,126.9596841,37.5699099,한전주,02-330-1562~3,서울특별시 서대문구청,2025-01-01
천연동4323,서울특별시 서대문구 옥천동126-144,126.9596826,37.570018,건축물,02-330-1562~3,서울특별시 서대문구청,2025-01-01
천연동3046,서울특별시 서대문구 옥천동126-146,126.959569,37.570044,건축물,02-330-1562~3,서울특별시 서대문구청,2025-01-01
천연동9666,서울특별시 서대문구 천연동50-1,126.962165,37.5689586,건축물,02-330-1562~3,서울특별시 서대문구청,2025-01-01
천연동3042,서울특별시 서대문구 옥천동126-157,126.9594504,37.5696195,건축물,02-330-1562~3,서울특별시 서대문구청,2025-01-01
천연동3043,서울특별시 서대문구 옥천동126-161,126.9593851,37.5694297,한전주,02-330-1562~3,서울특별시 서대문구청,2025-01-01
천연동3044,서울특별시 서대문구 옥천동126-169,126.959712,37.5695317,한전주,02-330-1562~3,서울특별시 서대문구청,2025-01-01
천연동3318,서울특별시 서대문구 옥천동126-153,126.9595237,37.5692327,한전주,02-330-1562~3,서울특별시 서대문구청,2025-01-01
천연동3018,서울특별시 서대문구 옥천동126-173,126.9592958,37.5693388,한전주,02-330-1562~3,서울특별시 서대문구청,2025-01-01
천연동9,서울특별시 서대문구 옥천동6-2,126.9625208,37.5694212,건축물,02-330-1562~3,서울특별시 서대문구청,2025-01-01
천연동5031,서울특별시 서대문구 천연동5,126.9627511,37.5691439,건축물,02-330-1562~3,서울특별시 서대문구청,2025-01-01
천연동3003,서울특별시 서대문구 천연동44,126.9616648,37.5682964,한전주,02-330-1562~3,서울특별시 서대문구청,2025-01-01
천연동5028,서울특별시 서대문구 천연동61,126.9624007,37.5691048,통신주,02-330-1562~3,서울특별시 서대문구청,2025-01-01
천연동5040,서울특별시 서대문구 천연동61,126.9624007,37.5691048,통신주,02-330-1562~3,서울특별시 서대문구청,2025-01-01
천연동5022,서울특별시 서대문구 천연동65,126.962318,37.5693564,통신주,02-330-1562~3,서울특별시 서대문구청,2025-01-01
천연동5026,서울특별시 서대문구 천연동67,126.9621041,37.5692734,전용주,02-330-1562~3,서울특별시 서대문구청,2025-01-01
천연동5039,서울특별시 서대문구 천연동69,126.9621396,37.5691566,한전주,02-330-1562~3,서울특별시 서대문구청,2025-01-01
천연동2025,서울특별시 서대문구 천연동88,126.9601744,37.5688419,건축물,02-330-1562~3,서울특별시 서대문구청,2025-01-01
천연동9630,서울특별시 서대문구 천연동88,126.9601744,37.5688419,건축물,02-330-1562~3,서울특별시 서대문구청,2025-01-01
천연동3017,서울특별시 서대문구 천연동89,126.9597776,37.5688835,한전주,02-330-1562~3,서울특별시 서대문구청,2025-01-01
천연동2022,서울특별시 서대문구 천연동95,126.9596793,37.5686213,한전주,02-330-1562~3,서울특별시 서대문구청,2025-01-01
천연동3050,서울특별시 서대문구 영천동100,126.9584711,37.5700343,전용주,02-330-1562~3,서울특별시 서대문구청,2025-01-01
천연동2042,서울특별시 서대문구 천연동100,126.9614113,37.5686186,건축물,02-330-1562~3,서울특별시 서대문구청,2025-01-01
천연동2044,서울특별시 서대문구 천연동101,126.9614373,37.5683755,한전주,02-330-1562~3,서울특별시 서대문구청,2025-01-01
천연동3002,서울특별시 서대문구 천연동104,126.9615407,37.5682683,건축물,02-330-1562~3,서울특별시 서대문구청,2025-01-01
천연동2034,서울특별시 서대문구 천연동110,126.961067,37.568147,전용주,02-330-1562~3,서울특별시 서대문구청,2025-01-01
천연동2032,서울특별시 서대문구 천연동112,126.9608755,37.5680732,통신주,02-330-1562~3,서울특별시 서대문구청,2025-01-01
천연동2050,서울특별시 서대문구 천연동112,126.9608755,37.5680732,한전주,02-330-1562~3,서울특별시 서대문구청,2025-01-01
천연동2006,서울특별시 서대문구 천연동117,126.9598246,37.5679468,한전주,02-330-1562~3,서울특별시 서대문구청,2025-01-01
천연동2043,서울특별시 서대문구 천연동45-2,126.9615835,37.5684489,한전주,02-330-1562~3,서울특별시 서대문구청,2025-01-01
천연동5038,서울특별시 서대문구 천연동48-1,126.9619502,37.5689387,한전주,02-330-1562~3,서울특별시 서대문구청,2025-01-01
천연동3047,서울특별시 서대문구 옥천동126-148,126.9595933,37.5699271,건축물,02-330-1562~3,서울특별시 서대문구청,2025-01-01
천연동3005,서울특별시 서대문구 천연동80-2,126.9612776,37.5692841,건축물,02-330-1562~3,서울특별시 서대문구청,2025-01-01
천연동3004,서울특별시 서대문구 천연동80-4,126.9612113,37.5691664,한전주,02-330-1562~3,서울특별시 서대문구청,2025-01-01
천연동10083,서울특별시 서대문구 천연동80-10,126.9613154,37.5690052,건축물,02-330-1562~3,서울특별시 서대문구청,2025-01-01
천연동2037,서울특별시 서대문구 천연동83-1,126.9603339,37.5687623,한전주,02-330-1562~3,서울특별시 서대문구청,2025-01-01
천연동2023,서울특별시 서대문구 천연동87-2,126.9599052,37.5686594,건축물,02-330-1562~3,서울특별시 서대문구청,2025-01-01
천연동2024,서울특별시 서대문구 천연동87-2,126.9599052,37.5686594,한전주,02-330-1562~3,서울특별시 서대문구청,2025-01-01
천연동2026,서울특별시 서대문구 천연동89-6,126.9599258,37.5688037,건축물,02-330-1562~3,서울특별시 서대문구청,2025-01-01
천연동3026,서울특별시 서대문구 천연동90-9,126.9594823,37.568953,한전주,02-330-1562~3,서울특별시 서대문구청,2025-01-01
천연동2240,서울특별시 서대문구 천연동98-49,126.96124,37.5687252,한전주,02-330-1562~3,서울특별시 서대문구청,2025-01-01
천연동4042,서울특별시 서대문구 천연동98-7,126.9610756,37.5683363,건축물,02-330-1562~3,서울특별시 서대문구청,2025-01-01
천연동2045,서울특별시 서대문구 천연동108-7,126.9612362,37.5681845,한전주,02-330-1562~3,서울특별시 서대문구청,2025-01-01
천연동2035,서울특별시 서대문구 천연동98-12,126.96085,37.5682802,건축물,02-330-1562~3,서울특별시 서대문구청,2025-01-01
천연동2047,서울특별시 서대문구 천연동98-12,126.96085,37.5682802,통신주,02-330-1562~3,서울특별시 서대문구청,2025-01-01
천연동2046,서울특별시 서대문구 천연동98-12,126.96085,37.5682802,통신주,02-330-1562~3,서울특별시 서대문구청,2025-01-01
천연동5033,서울특별시 서대문구 천연동13-1,126.9629975,37.5685154,한전주,02-330-1562~3,서울특별시 서대문구청,2025-01-01
천연동1018,서울특별시 서대문구 천연동13-1,126.9629975,37.5685154,한전주,02-330-1562~3,서울특별시 서대문구청,2025-01-01
천연동1-21,서울특별시 서대문구 천연동1-21,126.9629411,37.5693168,전용주,02-330-1562~3,서울특별시 서대문구청,2025-01-01
천연동5035,서울특별시 서대문구 천연동31-1,126.9623524,37.5685097,한전주,02-330-1562~3,서울특별시 서대문구청,2025-01-01
천연동5034,서울특별시 서대문구 천연동31-1,126.9623524,37.5685097,한전주,02-330-1562~3,서울특별시 서대문구청,2025-01-01
천연동12,서울특별시 서대문구 천연동10-1,126.96267,37.5692784,건축물,02-330-1562~3,서울특별시 서대문구청,2025-01-01
천연동2027,서울특별시 서대문구 천연동117-23,126.9597308,37.5681803,한전주,02-330-1562~3,서울특별시 서대문구청,2025-01-01
천연동2008,서울특별시 서대문구 천연동117-6,126.9595193,37.5679171,한전주,02-330-1562~3,서울특별시 서대문구청,2025-01-01
천연동2007,서울특별시 서대문구 천연동117-6,126.9595193,37.5679171,한전주,02-330-1562~3,서울특별시 서대문구청,2025-01-01
천연동2011,서울특별시 서대문구 천연동120-10,126.9596584,37.5676841,한전주,02-330-1562~3,서울특별시 서대문구청,2025-01-01
천연동2014,서울특별시 서대문구 천연동120-106,126.9602969,37.5673563,한전주,02-330-1562~3,서울특별시 서대문구청,2025-01-01
천연동1044,서울특별시 서대문구 천연동120-107,126.9595297,37.5671693,한전주,02-330-1562~3,서울특별시 서대문구청,2025-01-01
천연동1048,서울특별시 서대문구 천연동120-108,126.9604905,37.5672679,한전주,02-330-1562~3,서울특별시 서대문구청,2025-01-01
천연동2009,서울특별시 서대문구 천연동120-11,126.9595107,37.5677278,한전주,02-330-1562~3,서울특별시 서대문구청,2025-01-01
천연동1041,서울특별시 서대문구 천연동120-113,126.9593662,37.5667174,한전주,02-330-1562~3,서울특별시 서대문구청,2025-01-01
천연동1043,서울특별시 서대문구 천연동120-113,126.9593662,37.5667174,전용주,02-330-1562~3,서울특별시 서대문구청,2025-01-01
천연동2017,서울특별시 서대문구 천연동120-115,126.9591317,37.567301,건축물,02-330-1562~3,서울특별시 서대문구청,2025-01-01
천연동2020,서울특별시 서대문구 천연동120-117,126.9591669,37.5672112,건축물,02-330-1562~3,서울특별시 서대문구청,2025-01-01
천연동2019,서울특별시 서대문구 천연동120-117,126.9591669,37.5672112,건축물,02-330-1562~3,서울특별시 서대문구청,2025-01-01
천연동2002,서울특별시 서대문구 천연동120-20,126.9606888,37.5676661,한전주,02-330-1562~3,서울특별시 서대문구청,2025-01-01
천연동1050,서울특별시 서대문구 천연동120-26,126.9606564,37.5675487,한전주,02-330-1562~3,서울특별시 서대문구청,2025-01-01
천연동2001,서울특별시 서대문구 천연동120-26,126.9606564,37.5675487,한전주,02-330-1562~3,서울특별시 서대문구청,2025-01-01
천연동1046,서울특별시 서대문구 천연동120-29,126.9601966,37.5672383,건축물,02-330-1562~3,서울특별시 서대문구청,2025-01-01
천연동1047,서울특별시 서대문구 천연동120-29,126.9601966,37.5672383,한전주,02-330-1562~3,서울특별시 서대문구청,2025-01-01
천연동8908,서울특별시 서대문구 천연동120-31,126.9599898,37.5674617,건축물,02-330-1562~3,서울특별시 서대문구청,2025-01-01
천연동2018,서울특별시 서대문구 천연동120-34,126.959276,37.5675095,건축물,02-330-1562~3,서울특별시 서대문구청,2025-01-01
천연동2010,서울특별시 서대문구 천연동120-43,126.9593877,37.5676186,한전주,02-330-1562~3,서울특별시 서대문구청,2025-01-01
천연동1038,서울특별시 서대문구 천연동120-56,126.9604264,37.566997,한전주,02-330-1562~3,서울특별시 서대문구청,2025-01-01
천연동2015,서울특별시 서대문구 천연동120-62,126.9598674,37.5673075,한전주,02-330-1562~3,서울특별시 서대문구청,2025-01-01
천연동3321,서울특별시 서대문구 천연동120-65,126.9597205,37.5672882,통신주,02-330-1562~3,서울특별시 서대문구청,2025-01-01
천연동1045,서울특별시 서대문구 천연동120-66,126.9597447,37.5671803,한전주,02-330-1562~3,서울특별시 서대문구청,2025-01-01
천연동2016,서울특별시 서대문구 천연동120-83,126.9593908,37.5673934,한전주,02-330-1562~3,서울특별시 서대문구청,2025-01-01
천연동2012,서울특별시 서대문구 천연동120-95,126.9600879,37.5677329,건축물,02-330-1562~3,서울특별시 서대문구청,2025-01-01
천연동2049,서울특별시 서대문구 천연동126,126.960981,37.5678129,한전주,02-330-1562~3,서울특별시 서대문구청,2025-01-01
천연동3320,서울특별시 서대문구 천연동130-2,126.9612504,37.5679774,통신주,02-330-1562~3,서울특별시 서대문구청,2025-01-01
천연동3001,서울특별시 서대문구 천연동131-1,126.961329,37.5680232,한전주,02-330-1562~3,서울특별시 서대문구청,2025-01-01
천연동1054,서울특별시 서대문구 천연동134-1,126.961543,37.5681061,건축물,02-330-1562~3,서울특별시 서대문구청,2025-01-01
천연동9051,서울특별시 서대문구 천연동139-2,126.9619947,37.5681822,건축물,02-330-1562~3,서울특별시 서대문구청,2025-01-01
천연동9951,서울특별시 서대문구 천연동141-2,126.9621089,37.5681111,건축물,02-330-1562~3,서울특별시 서대문구청,2025-01-01
천연동9950,서울특별시 서대문구 천연동141-2,126.9621089,37.5681111,건축물,02-330-1562~3,서울특별시 서대문구청,2025-01-01
천연동2041,서울특별시 서대문구 천연동80-13,126.9612378,37.5688873,한전주,02-330-1562~3,서울특별시 서대문구청,2025-01-01
천연동2038,서울특별시 서대문구 천연동80-15,126.9610346,37.5688495,한전주,02-330-1562~3,서울특별시 서대문구청,2025-01-01
천연동2039,서울특별시 서대문구 천연동80-15,126.9610346,37.5688495,한전주,02-330-1562~3,서울특별시 서대문구청,2025-01-01
천연동3012,서울특별시 서대문구 천연동80-23,126.9607461,37.5692434,한전주,02-330-1562~3,서울특별시 서대문구청,2025-01-01
천연동3007,서울특별시 서대문구 천연동80-25,126.9607262,37.569045,건축물,02-330-1562~3,서울특별시 서대문구청,2025-01-01
천연동3008,서울특별시 서대문구 천연동80-26,126.960729,37.5688468,통신주,02-330-1562~3,서울특별시 서대문구청,2025-01-01
천연동3009,서울특별시 서대문구 천연동80-30,126.9606027,37.5689719,건축물,02-330-1562~3,서울특별시 서대문구청,2025-01-01
천연동3010,서울특별시 서대문구 천연동80-31,126.9605787,37.5690708,한전주,02-330-1562~3,서울특별시 서대문구청,2025-01-01
천연동3011,서울특별시 서대문구 천연동80-33,126.9603737,37.5691591,한전주,02-330-1562~3,서울특별시 서대문구청,2025-01-01
천연동3323,서울특별시 서대문구 천연동80-33,126.9603737,37.5691591,건축물,02-330-1562~3,서울특별시 서대문구청,2025-01-01
천연동3013,서울특별시 서대문구 천연동80-36,126.9601156,37.5689946,한전주,02-330-1562~3,서울특별시 서대문구청,2025-01-01
천연동3016,서울특별시 서대문구 천연동89-15,126.9597644,37.5690185,한전주,02-330-1562~3,서울특별시 서대문구청,2025-01-01
천연동3022,서울특별시 서대문구 천연동90-15,126.9591756,37.5690314,건축물,02-330-1562~3,서울특별시 서대문구청,2025-01-01
천연동3027,서울특별시 서대문구 천연동90-17,126.9593129,37.5689245,한전주,02-330-1562~3,서울특별시 서대문구청,2025-01-01
천연동3025,서울특별시 서대문구 천연동90-21,126.9593502,37.5686815,통신주,02-330-1562~3,서울특별시 서대문구청,2025-01-01
천연동2021,서울특별시 서대문구 천연동117-3,126.9591212,37.5680578,한전주,02-330-1562~3,서울특별시 서대문구청,2025-01-01
천연동3023,서울특별시 서대문구 천연동90-36,126.9590996,37.5687964,건축물,02-330-1562~3,서울특별시 서대문구청,2025-01-01
천연동3024,서울특별시 서대문구 천연동90-43,126.9592031,37.5686802,건축물,02-330-1562~3,서울특별시 서대문구청,2025-01-01
천연동3020,서울특별시 서대문구 천연동90-47,126.9591052,37.569211,건축물,02-330-1562~3,서울특별시 서대문구청,2025-01-01
천연동3019,서울특별시 서대문구 천연동90-47,126.9591052,37.569211,건축물,02-330-1562~3,서울특별시 서대문구청,2025-01-01
천연동3322,서울특별시 서대문구 천연동90-47,126.9591052,37.569211,전용주,02-330-1562~3,서울특별시 서대문구청,2025-01-01
천연동3323-1,서울특별시 서대문구 천연동90-47,126.9591052,37.569211,건축물,02-330-1562~3,서울특별시 서대문구청,2025-01-01
천연동3021,서울특별시 서대문구 천연동90-55,126.959095,37.5691298,전용주,02-330-1562~3,서울특별시 서대문구청,2025-01-01
천연동2031,서울특별시 서대문구 천연동98-72,126.9604663,37.5681958,한전주,02-330-1562~3,서울특별시 서대문구청,2025-01-01
천연동2028,서울특별시 서대문구 천연동98-17,126.9600924,37.5682195,한전주,02-330-1562~3,서울특별시 서대문구청,2025-01-01
천연동2004,서울특별시 서대문구 천연동98-19,126.9602664,37.5679237,한전주,02-330-1562~3,서울특별시 서대문구청,2025-01-01
천연동2003,서울특별시 서대문구 천연동98-25,126.9606397,37.567936,한전주,02-330-1562~3,서울특별시 서대문구청,2025-01-01
천연동2033,서울특별시 서대문구 천연동98-25,126.9606397,37.567936,전용주,02-330-1562~3,서울특별시 서대문구청,2025-01-01
천연동2036,서울특별시 서대문구 천연동98-35,126.9607326,37.5685856,건축물,02-330-1562~3,서울특별시 서대문구청,2025-01-01
천연동2040,서울특별시 서대문구 천연동98-49,126.96124,37.5687252,한전주,02-330-1562~3,서울특별시 서대문구청,2025-01-01
천연동13,서울특별시 서대문구 천연동120-113,126.9593662,37.5667174,전용주,02-330-1562~3,서울특별시 서대문구청,2025-01-01
천연동1055,서울특별시 서대문구 천연동120-46,126.9604532,37.5675109,통신주,02-330-1562~3,서울특별시 서대문구청,2025-01-01
천연동1056,서울특별시 서대문구 천연동90-14,126.9592884,37.5690594,건축물,02-330-1562~3,서울특별시 서대문구청,2025-01-01
천연동6,서울특별시 서대문구 천연동98-14,126.9606122,37.5682872,건축물,02-330-1562~3,서울특별시 서대문구청,2025-01-01
천연동7,서울특별시 서대문구 현저동1-96,126.954111,37.5774563,건축물,02-330-1562~3,서울특별시 서대문구청,2025-01-01
천연동8,서울특별시 서대문구 천연동145-2,126.958984,37.5657139,전용주,02-330-1562~3,서울특별시 서대문구청,2025-01-01
천연동9952,서울특별시 서대문구 천연동120-45,126.9605548,37.5675298,한전주,02-330-1562~3,서울특별시 서대문구청,2025-01-01
천연동9001,서울특별시 서대문구 현저동101,126.9558245,37.5739214,씨피주,02-330-1562~3,서울특별시 서대문구청,2025-01-01
천연동9002,서울특별시 서대문구 현저동101,126.9558245,37.5739214,씨피주,02-330-1562~3,서울특별시 서대문구청,2025-01-01
천연동9004,서울특별시 서대문구 현저동101,126.9558245,37.5739214,씨피주,02-330-1562~3,서울특별시 서대문구청,2025-01-01
천연동10,서울특별시 서대문구 냉천동154-1,126.9646966,37.5668003,한전주,02-330-1562~3,서울특별시 서대문구청,2025-01-01
천연동6057,서울특별시 서대문구 현저동202,126.9543304,37.5730973,전용주,02-330-1562~3,서울특별시 서대문구청,2025-01-01
천연동6032,서울특별시 서대문구 현저동203,126.9541517,37.5721136,건축물,02-330-1562~3,서울특별시 서대문구청,2025-01-01
천연동6030,서울특별시 서대문구 현저동203,126.9541517,37.5721136,건축물,02-330-1562~3,서울특별시 서대문구청,2025-01-01
천연동6033,서울특별시 서대문구 현저동203,126.9541517,37.5721136,전용주,02-330-1562~3,서울특별시 서대문구청,2025-01-01
천연동6034,서울특별시 서대문구 현저동203,126.9541517,37.5721136,건축물,02-330-1562~3,서울특별시 서대문구청,2025-01-01
천연동9901,서울특별시 서대문구 현저동1019,126.9516341,37.5748574,전용주,02-330-1562~3,서울특별시 서대문구청,2025-01-01
천연동7012,서울특별시 서대문구 현저동1-357,126.9529877,37.5768247,한전주,02-330-1562~3,서울특별시 서대문구청,2025-01-01
천연동7008,서울특별시 서대문구 현저동1-4,126.955004,37.5767434,한전주,02-330-1562~3,서울특별시 서대문구청,2025-01-01
천연동9902,서울특별시 서대문구 현저동1-4,126.955004,37.5767434,전용주,02-330-1562~3,서울특별시 서대문구청,2025-01-01
천연동8015,서울특별시 서대문구 현저동1-131,126.9545483,37.5769466,한전주,02-330-1562~3,서울특별시 서대문구청,2025-01-01
천연동7001,서울특별시 서대문구 현저동산5-5,126.9546713,37.5762449,한전주,02-330-1562~3,서울특별시 서대문구청,2025-01-01
천연동6527,서울특별시 서대문구 현저동101-293,126.9537413,37.5731281,씨피주,02-330-1562~3,서울특별시 서대문구청,2025-01-01
천연동8027,서울특별시 서대문구 현저동101-367,126.9527451,37.575552,전용주,02-330-1562~3,서울특별시 서대문구청,2025-01-01
천연동8026,서울특별시 서대문구 현저동101-367,126.9527451,37.575552,한전주,02-330-1562~3,서울특별시 서대문구청,2025-01-01
천연동8023,서울특별시 서대문구 현저동산5-5,126.9546713,37.5762449,한전주,02-330-1562~3,서울특별시 서대문구청,2025-01-01
천연동8030,서울특별시 서대문구 현저동산5-47,126.9518975,37.5762563,한전주,02-330-1562~3,서울특별시 서대문구청,2025-01-01
천연동6528,서울특별시 서대문구 현저동107-479,126.953098,37.5729872,전용주,02-330-1562~3,서울특별시 서대문구청,2025-01-01
천연동6529,서울특별시 서대문구 현저동107-479,126.953098,37.5729872,전용주,02-330-1562~3,서울특별시 서대문구청,2025-01-01
천연동6530,서울특별시 서대문구 현저동107-479,126.953098,37.5729872,한전주,02-330-1562~3,서울특별시 서대문구청,2025-01-01
천연동7020,서울특별시 서대문구 현저동1-101,126.9539764,37.577365,건축물,02-330-1562~3,서울특별시 서대문구청,2025-01-01
천연동3,서울특별시 서대문구 현저동1-102,126.9539087,37.5773464,건축물,02-330-1562~3,서울특별시 서대문구청,2025-01-01
천연동7027,서울특별시 서대문구 현저동1-117,126.9537164,37.5773357,한전주,02-330-1562~3,서울특별시 서대문구청,2025-01-01
천연동7025,서울특별시 서대문구 현저동1-117,126.9537164,37.5773357,건축물,02-330-1562~3,서울특별시 서대문구청,2025-01-01
천연동7024,서울특별시 서대문구 현저동1-125,126.9537866,37.5771741,건축물,02-330-1562~3,서울특별시 서대문구청,2025-01-01
천연동8014,서울특별시 서대문구 현저동1-130,126.9545351,37.5770816,건축물,02-330-1562~3,서울특별시 서대문구청,2025-01-01
천연동8016,서울특별시 서대문구 현저동1-131,126.9545483,37.5769466,한전주,02-330-1562~3,서울특별시 서대문구청,2025-01-01
천연동7029,서울특별시 서대문구 현저동1-188,126.952915,37.5771664,건축물,02-330-1562~3,서울특별시 서대문구청,2025-01-01
천연동7028,서울특별시 서대문구 현저동1-188,126.952915,37.5771664,한전주,02-330-1562~3,서울특별시 서대문구청,2025-01-01
천연동8012,서울특별시 서대문구 현저동1-191,126.9543101,37.5769805,건축물,02-330-1562~3,서울특별시 서대문구청,2025-01-01
천연동8020,서울특별시 서대문구 현저동1-360,126.9539719,37.5768784,건축물,02-330-1562~3,서울특별시 서대문구청,2025-01-01
천연동8005,서울특별시 서대문구 현저동1-192,126.9541511,37.5770152,건축물,02-330-1562~3,서울특별시 서대문구청,2025-01-01
천연동8848,서울특별시 서대문구 현저동1-194,126.9543629,37.5772513,건축물,02-330-1562~3,서울특별시 서대문구청,2025-01-01
천연동8011,서울특별시 서대문구 현저동1-191,126.9543101,37.5769805,한전주,02-330-1562~3,서울특별시 서대문구청,2025-01-01
천연동8010,서울특별시 서대문구 현저동1-87,126.9544043,37.577531,한전주,02-330-1562~3,서울특별시 서대문구청,2025-01-01
천연동7026,서울특별시 서대문구 현저동1-400,126.9535738,37.5770101,한전주,02-330-1562~3,서울특별시 서대문구청,2025-01-01
천연동7010,서울특별시 서대문구 현저동1-357,126.9529877,37.5768247,한전주,02-330-1562~3,서울특별시 서대문구청,2025-01-01
천연동8001,서울특별시 서대문구 현저동1-359,126.953326,37.5769178,건축물,02-330-1562~3,서울특별시 서대문구청,2025-01-01
천연동7030,서울특별시 서대문구 현저동1-359,126.953326,37.5769178,한전주,02-330-1562~3,서울특별시 서대문구청,2025-01-01
천연동8218,서울특별시 서대문구 현저동1-359,126.953326,37.5769178,건축물,02-330-1562~3,서울특별시 서대문구청,2025-01-01
천연동8003,서울특별시 서대문구 현저동1-217,126.9542544,37.576917,건축물,02-330-1562~3,서울특별시 서대문구청,2025-01-01
천연동8006,서울특별시 서대문구 현저동1-362,126.9541663,37.576736,한전주,02-330-1562~3,서울특별시 서대문구청,2025-01-01
천연동8021,서울특별시 서대문구 현저동1-191,126.9543101,37.5769805,한전주,02-330-1562~3,서울특별시 서대문구청,2025-01-01
천연동7006,서울특별시 서대문구 현저동1-370,126.9543418,37.5763321,건축물,02-330-1562~3,서울특별시 서대문구청,2025-01-01
천연동452,서울특별시 서대문구 현저동1-388,126.9538802,37.5769587,건축물,02-330-1562~3,서울특별시 서대문구청,2025-01-01
천연동8017,서울특별시 서대문구 현저동1-388,126.9538802,37.5769587,통신주,02-330-1562~3,서울특별시 서대문구청,2025-01-01
천연동8002,서울특별시 서대문구 현저동1-400,126.9535738,37.5770101,건축물,02-330-1562~3,서울특별시 서대문구청,2025-01-01
천연동8018,서울특별시 서대문구 현저동1-401,126.9537232,37.5768492,건축물,02-330-1562~3,서울특별시 서대문구청,2025-01-01
천연동10165,서울특별시 서대문구 현저동1-401,126.9537232,37.5768492,건축물,02-330-1562~3,서울특별시 서대문구청,2025-01-01
천연동7017,서울특별시 서대문구 현저동1-97,126.9540087,37.5774824,한전주,02-330-1562~3,서울특별시 서대문구청,2025-01-01
천연동419,서울특별시 서대문구 현저동1-78,126.9537362,37.5775431,한전주,02-330-1562~3,서울특별시 서대문구청,2025-01-01
천연동7018,서울특별시 서대문구 현저동1-81,126.9539281,37.5775808,한전주,02-330-1562~3,서울특별시 서대문구청,2025-01-01
천연동7019,서울특별시 서대문구 현저동1-96,126.954111,37.5774563,한전주,02-330-1562~3,서울특별시 서대문구청,2025-01-01
천연동8008,서울특별시 서대문구 현저동1-97,126.9540087,37.5774824,건축물,02-330-1562~3,서울특별시 서대문구청,2025-01-01
천연동8009,서울특별시 서대문구 현저동1-95,126.9541234,37.5773753,한전주,02-330-1562~3,서울특별시 서대문구청,2025-01-01
천연동8013,서울특별시 서대문구 현저동1-87,126.9544043,37.577531,씨피주,02-330-1562~3,서울특별시 서대문구청,2025-01-01
천연동7021,서울특별시 서대문구 현저동1-79,126.9538148,37.5775889,건축물,02-330-1562~3,서울특별시 서대문구청,2025-01-01
천연동7023,서울특별시 서대문구 현저동1-98,126.9538956,37.5774724,건축물,02-330-1562~3,서울특별시 서대문구청,2025-01-01
천연동7022,서울특별시 서대문구 현저동1-99,126.9539415,37.5774278,전용주,02-330-1562~3,서울특별시 서대문구청,2025-01-01
천연동7016,서울특별시 서대문구 현저동산1-34,126.9534288,37.57281,한전주,02-330-1562~3,서울특별시 서대문구청,2025-01-01
천연동8029,서울특별시 서대문구 현저동산5-47,126.9518975,37.5762563,한전주,02-330-1562~3,서울특별시 서대문구청,2025-01-01
천연동7009,서울특별시 서대문구 현저동산5-2,126.9529198,37.5760131,한전주,02-330-1562~3,서울특별시 서대문구청,2025-01-01
천연동7007,서울특별시 서대문구 현저동산5-2,126.9529198,37.5760131,한전주,02-330-1562~3,서울특별시 서대문구청,2025-01-01
천연동8025,서울특별시 서대문구 현저동산5-2,126.9529198,37.5760131,한전주,02-330-1562~3,서울특별시 서대문구청,2025-01-01
천연동9904,서울특별시 서대문구 현저동산5-5,126.9546713,37.5762449,전용주,02-330-1562~3,서울특별시 서대문구청,2025-01-01
천연동8022,서울특별시 서대문구 현저동산5-5,126.9546713,37.5762449,한전주,02-330-1562~3,서울특별시 서대문구청,2025-01-01
천연동7002,서울특별시 서대문구 현저동산5-5,126.9546713,37.5762449,한전주,02-330-1562~3,서울특별시 서대문구청,2025-01-01
천연동8028,서울특별시 서대문구 현저동산5-79,126.9523919,37.5749092,한전주,02-330-1562~3,서울특별시 서대문구청,2025-01-01
천연동8024,서울특별시 서대문구 현저동산5-5,126.9546713,37.5762449,한전주,02-330-1562~3,서울특별시 서대문구청,2025-01-01
천연동9003,서울특별시 서대문구 현저동산5-63,126.9527779,37.5740206,씨피주,02-330-1562~3,서울특별시 서대문구청,2025-01-01
북아현동3027,서울특별시 서대문구 북아현동19,126.9581964,37.5588681,한전주,02-330-1562~3,서울특별시 서대문구청,2025-01-01
북아현동3031,서울특별시 서대문구 북아현동22,126.9581825,37.5590572,건축물,02-330-1562~3,서울특별시 서대문구청,2025-01-01
북아현동3029,서울특별시 서대문구 북아현동32,126.9586482,37.5589351,한전주,02-330-1562~3,서울특별시 서대문구청,2025-01-01
북아현동3030,서울특별시 서대문구 북아현동32,126.9586482,37.5589351,통신주,02-330-1562~3,서울특별시 서대문구청,2025-01-01
북아현동3017,서울특별시 서대문구 북아현동43,126.9587437,37.5585846,건축물,02-330-1562~3,서울특별시 서대문구청,2025-01-01
북아현동3014,서울특별시 서대문구 북아현동47,126.9591298,37.5584888,한전주,02-330-1562~3,서울특별시 서대문구청,2025-01-01
북아현동2062,서울특별시 서대문구 북아현동49,126.9592786,37.558373,한전주,02-330-1562~3,서울특별시 서대문구청,2025-01-01
북아현동3021,서울특별시 서대문구 북아현동55,126.9588245,37.5584681,건축물,02-330-1562~3,서울특별시 서대문구청,2025-01-01
북아현동3521,서울특별시 서대문구 북아현동56,126.9588035,37.5583508,통신주,02-330-1562~3,서울특별시 서대문구청,2025-01-01
북아현동3024,서울특별시 서대문구 북아현동65,126.9583374,37.5584999,한전주,02-330-1562~3,서울특별시 서대문구청,2025-01-01
북아현동3019,서울특별시 서대문구 북아현동67,126.9584473,37.5587351,한전주,02-330-1562~3,서울특별시 서대문구청,2025-01-01
북아현동3025,서울특별시 서대문구 북아현동74,126.9580751,37.5586417,한전주,02-330-1562~3,서울특별시 서대문구청,2025-01-01
북아현동3037,서울특별시 서대문구 북아현동81,126.957897,37.5584239,전용주,02-330-1562~3,서울특별시 서대문구청,2025-01-01
북아현동2048,서울특별시 서대문구 북아현동94,126.9579573,37.5581631,한전주,02-330-1562~3,서울특별시 서대문구청,2025-01-01
북아현동3044,서울특별시 서대문구 북아현동99,126.9576623,37.5582146,건축물,02-330-1562~3,서울특별시 서대문구청,2025-01-01
북아현동3043,서울특별시 서대문구 북아현동99,126.9576623,37.5582146,건축물,02-330-1562~3,서울특별시 서대문구청,2025-01-01
북아현동2047,서울특별시 서대문구 북아현동101,126.9575053,37.5581051,한전주,02-330-1562~3,서울특별시 서대문구청,2025-01-01
북아현동3036,서울특별시 서대문구 북아현동104,126.9575012,37.5584024,한전주,02-330-1562~3,서울특별시 서대문구청,2025-01-01
북아현동7012,서울특별시 서대문구 북아현동215,126.9515792,37.5593952,한전주,02-330-1562~3,서울특별시 서대문구청,2025-01-01
북아현동7014,서울특별시 서대문구 북아현동215,126.9515792,37.5593952,한전주,02-330-1562~3,서울특별시 서대문구청,2025-01-01
북아현동7011,서울특별시 서대문구 북아현동215,126.9515792,37.5593952,한전주,02-330-1562~3,서울특별시 서대문구청,2025-01-01
북아현동7013,서울특별시 서대문구 북아현동215,126.9515792,37.5593952,한전주,02-330-1562~3,서울특별시 서대문구청,2025-01-01
북아현동7010,서울특별시 서대문구 북아현동215,126.9515792,37.5593952,한전주,02-330-1562~3,서울특별시 서대문구청,2025-01-01
북아현동6059,서울특별시 서대문구 북아현동215,126.9515792,37.5593952,한전주,02-330-1562~3,서울특별시 서대문구청,2025-01-01
북아현동8025,서울특별시 서대문구 북아현동215-1,126.9529866,37.5591103,한전주,02-330-1562~3,서울특별시 서대문구청,2025-01-01
북아현동3012,서울특별시 서대문구 북아현동253,126.9512647,37.5592212,한전주,02-330-1562~3,서울특별시 서대문구청,2025-01-01
북아현동5004,서울특별시 서대문구 북아현동301,126.9606042,37.5607184,건축물,02-330-1562~3,서울특별시 서대문구청,2025-01-01
북아현동5008,서울특별시 서대문구 북아현동327,126.9605511,37.5604656,건축물,02-330-1562~3,서울특별시 서대문구청,2025-01-01
북아현동5007,서울특별시 서대문구 북아현동320,126.9603461,37.5605539,한전주,02-330-1562~3,서울특별시 서대문구청,2025-01-01
북아현동5015,서울특별시 서대문구 북아현동323,126.9603362,37.5604547,한전주,02-330-1562~3,서울특별시 서대문구청,2025-01-01
북아현동5009,서울특별시 서대문구 북아현동329,126.9606644,37.5604576,한전주,02-330-1562~3,서울특별시 서대문구청,2025-01-01
북아현동5016,서울특별시 서대문구 북아현동333,126.9604393,37.5603655,한전주,02-330-1562~3,서울특별시 서대문구청,2025-01-01
북아현동5034,서울특별시 서대문구 북아현동343,126.960486,37.5602668,건축물,02-330-1562~3,서울특별시 서대문구청,2025-01-01
북아현동5017,서울특별시 서대문구 북아현동353,126.9606914,37.5601425,통신주,02-330-1562~3,서울특별시 서대문구청,2025-01-01
북아현동5018,서울특별시 서대문구 북아현동354,126.9606811,37.5600703,한전주,02-330-1562~3,서울특별시 서대문구청,2025-01-01
북아현동5031,서울특별시 서대문구 북아현동368,126.9601833,37.5600569,한전주,02-330-1562~3,서울특별시 서대문구청,2025-01-01
북아현동5032,서울특별시 서대문구 북아현동369,126.9603084,37.560013,건축물,02-330-1562~3,서울특별시 서대문구청,2025-01-01
북아현동5033,서울특별시 서대문구 북아현동375,126.960614,37.5600157,건축물,02-330-1562~3,서울특별시 서대문구청,2025-01-01
북아현동5028,서울특별시 서대문구 북아현동387,126.9601503,37.5599846,건축물,02-330-1562~3,서울특별시 서대문구청,2025-01-01
북아현동5030,서울특별시 서대문구 북아현동387,126.9601503,37.5599846,건축물,02-330-1562~3,서울특별시 서대문구청,2025-01-01
북아현동5019,서울특별시 서대문구 북아현동391,126.9607064,37.5598813,한전주,02-330-1562~3,서울특별시 서대문구청,2025-01-01
북아현동5021,서울특별시 서대문구 북아현동392,126.9606155,37.5599076,건축물,02-330-1562~3,서울특별시 서대문구청,2025-01-01
북아현동5020,서울특별시 서대문구 북아현동392,126.9606155,37.5599076,한전주,02-330-1562~3,서울특별시 서대문구청,2025-01-01
북아현동5029,서울특별시 서대문구 북아현동403,126.9604134,37.5597886,건축물,02-330-1562~3,서울특별시 서대문구청,2025-01-01
북아현동5027,서울특별시 서대문구 북아현동407,126.9601064,37.5598851,한전주,02-330-1562~3,서울특별시 서대문구청,2025-01-01
북아현동5025,서울특별시 서대문구 북아현동419,126.9604271,37.5596176,건축물,02-330-1562~3,서울특별시 서대문구청,2025-01-01
북아현동5026,서울특별시 서대문구 북아현동421,126.960268,37.5596612,전용주,02-330-1562~3,서울특별시 서대문구청,2025-01-01
북아현동5055,서울특별시 서대문구 북아현동427,126.9601327,37.559624,한전주,02-330-1562~3,서울특별시 서대문구청,2025-01-01
북아현동5023,서울특별시 서대문구 북아현동432,126.9604624,37.5595188,통신주,02-330-1562~3,서울특별시 서대문구청,2025-01-01
북아현동5022,서울특별시 서대문구 북아현동453,126.9606086,37.5595831,통신주,02-330-1562~3,서울특별시 서대문구청,2025-01-01
북아현동10103,서울특별시 서대문구 북아현동459,126.9605543,37.5594205,건축물,02-330-1562~3,서울특별시 서대문구청,2025-01-01
북아현동5056,서울특별시 서대문구 북아현동467,126.9601229,37.5595158,한전주,02-330-1562~3,서울특별시 서대문구청,2025-01-01
북아현동5057,서울특별시 서대문구 북아현동470,126.960373,37.5594369,한전주,02-330-1562~3,서울특별시 서대문구청,2025-01-01
북아현동5054,서울특별시 서대문구 북아현동476,126.9599305,37.5595141,한전주,02-330-1562~3,서울특별시 서대문구청,2025-01-01
북아현동5058,서울특별시 서대문구 북아현동476,126.9599305,37.5595141,건축물,02-330-1562~3,서울특별시 서대문구청,2025-01-01
북아현동5059,서울특별시 서대문구 북아현동485,126.9601825,37.5593,건축물,02-330-1562~3,서울특별시 서대문구청,2025-01-01
북아현동5061,서울특별시 서대문구 북아현동487,126.960161,37.5592188,한전주,02-330-1562~3,서울특별시 서대문구청,2025-01-01
북아현동5060,서울특별시 서대문구 북아현동495,126.959764,37.5592783,건축물,02-330-1562~3,서울특별시 서대문구청,2025-01-01
북아현동5026-1,서울특별시 서대문구 북아현동495,126.959764,37.5592783,건축물,02-330-1562~3,서울특별시 서대문구청,2025-01-01
북아현동5067,서울특별시 서대문구 북아현동501,126.959982,37.559064,건축물,02-330-1562~3,서울특별시 서대문구청,2025-01-01
북아현동5068,서울특별시 서대문구 북아현동504,126.9597916,37.5589182,건축물,02-330-1562~3,서울특별시 서대문구청,2025-01-01
북아현동5069,서울특별시 서대문구 북아현동505,126.959768,37.55899,한전주,02-330-1562~3,서울특별시 서대문구청,2025-01-01
북아현동6600,서울특별시 서대문구 북아현동506,126.9597557,37.559062,통신주,02-330-1562~3,서울특별시 서대문구청,2025-01-01
북아현동6002,서울특별시 서대문구 북아현동512,126.9593096,37.5594005,한전주,02-330-1562~3,서울특별시 서대문구청,2025-01-01
북아현동5053,서울특별시 서대문구 북아현동517,126.9596819,37.5594849,통신주,02-330-1562~3,서울특별시 서대문구청,2025-01-01
북아현동5052,서울특별시 서대문구 북아현동520,126.9594315,37.5595818,건축물,02-330-1562~3,서울특별시 서대문구청,2025-01-01
북아현동5043,서울특별시 서대문구 북아현동522,126.959599,37.5597454,한전주,02-330-1562~3,서울특별시 서대문구청,2025-01-01
북아현동5042,서울특별시 서대문구 북아현동531,126.9596868,37.5599444,건축물,02-330-1562~3,서울특별시 서대문구청,2025-01-01
북아현동5041,서울특별시 서대문구 북아현동532,126.9597664,37.5599181,건축물,02-330-1562~3,서울특별시 서대문구청,2025-01-01
북아현동5040,서울특별시 서대문구 북아현동542,126.9598429,37.560117,한전주,02-330-1562~3,서울특별시 서대문구청,2025-01-01
북아현동5013,서울특별시 서대문구 북아현동551,126.9599864,37.5603796,통신주,02-330-1562~3,서울특별시 서대문구청,2025-01-01
북아현동5006,서울특별시 서대문구 북아현동564,126.9602432,37.5606341,한전주,02-330-1562~3,서울특별시 서대문구청,2025-01-01
북아현동5014,서울특별시 서대문구 북아현동587,126.9597588,37.5604677,건축물,02-330-1562~3,서울특별시 서대문구청,2025-01-01
북아현동5036,서울특별시 서대문구 북아현동590,126.9597942,37.5603598,통신주,02-330-1562~3,서울특별시 서대문구청,2025-01-01
북아현동5037,서울특별시 서대문구 북아현동594,126.9596491,37.5602144,한전주,02-330-1562~3,서울특별시 서대문구청,2025-01-01
북아현동10095,서울특별시 서대문구 북아현동595,126.95957,37.5602047,한전주,02-330-1562~3,서울특별시 서대문구청,2025-01-01
북아현동5045,서울특별시 서대문구 북아현동604,126.9590436,37.5598036,건축물,02-330-1562~3,서울특별시 서대문구청,2025-01-01
북아현동5050,서울특별시 서대문구 북아현동614,126.9589328,37.5596314,한전주,02-330-1562~3,서울특별시 서대문구청,2025-01-01
북아현동5051,서울특별시 서대문구 북아현동615,126.9590011,37.559605,건축물,02-330-1562~3,서울특별시 서대문구청,2025-01-01
북아현동6003,서울특별시 서대문구 북아현동621,126.9590934,37.5594797,건축물,02-330-1562~3,서울특별시 서대문구청,2025-01-01
북아현동6004,서울특별시 서대문구 북아현동623,126.9589683,37.5595236,건축물,02-330-1562~3,서울특별시 서대문구청,2025-01-01
연희동6101,서울특별시 서대문구 연희동78-18,126.9349293,37.5729418,통신주,02-330-1562~3,서울특별시 서대문구청,2025-01-01
북아현동6007,서울특별시 서대문구 북아현동633,126.9584598,37.5594651,건축물,02-330-1562~3,서울특별시 서대문구청,2025-01-01
북아현동6017,서울특별시 서대문구 북아현동641,126.9582695,37.5593102,건축물,02-330-1562~3,서울특별시 서대문구청,2025-01-01
북아현동6008,서울특별시 서대문구 북아현동643,126.9584408,37.5592036,한전주,02-330-1562~3,서울특별시 서대문구청,2025-01-01
연희동4032,서울특별시 서대문구 연희동118-2,126.9283386,37.5707287,건축물,02-330-1562~3,서울특별시 서대문구청,2025-01-01
북아현동6005,서울특별시 서대문구 북아현동655,126.9588003,37.559396,건축물,02-330-1562~3,서울특별시 서대문구청,2025-01-01
북아현동6015,서울특별시 서대문구 북아현동675,126.9590171,37.5592718,한전주,02-330-1562~3,서울특별시 서대문구청,2025-01-01
북아현동9656,서울특별시 서대문구 북아현동676,126.9590853,37.5592453,건축물,02-330-1562~3,서울특별시 서대문구청,2025-01-01
북아현동6010,서울특별시 서대문구 북아현동684,126.9588833,37.5591264,건축물,02-330-1562~3,서울특별시 서대문구청,2025-01-01
북아현동6013,서울특별시 서대문구 북아현동687,126.9591222,37.5590384,건축물,02-330-1562~3,서울특별시 서대문구청,2025-01-01
북아현동6011,서울특별시 서대문구 북아현동694,126.9590101,37.5589563,건축물,02-330-1562~3,서울특별시 서대문구청,2025-01-01
북아현동6012,서울특별시 서대문구 북아현동694,126.9590101,37.5589563,한전주,02-330-1562~3,서울특별시 서대문구청,2025-01-01
북아현동6016,서울특별시 서대문구 북아현동700,126.9592799,37.5590939,한전주,02-330-1562~3,서울특별시 서대문구청,2025-01-01
북아현동6014,서울특별시 서대문구 북아현동702,126.9592888,37.5592651,건축물,02-330-1562~3,서울특별시 서대문구청,2025-01-01
북아현동6001,서울특별시 서대문구 북아현동712,126.9595971,37.5590696,한전주,02-330-1562~3,서울특별시 서대문구청,2025-01-01
북아현동5092,서울특별시 서대문구 북아현동728,126.9596445,37.5589169,건축물,02-330-1562~3,서울특별시 서대문구청,2025-01-01
북아현동3010,서울특별시 서대문구 북아현동748,126.9598398,37.5587114,한전주,02-330-1562~3,서울특별시 서대문구청,2025-01-01
북아현동3002,서울특별시 서대문구 북아현동751,126.9598635,37.5586305,건축물,02-330-1562~3,서울특별시 서대문구청,2025-01-01
북아현동3001,서울특별시 서대문구 북아현동751,126.9598635,37.5586305,건축물,02-330-1562~3,서울특별시 서대문구청,2025-01-01
북아현동3004,서울특별시 서대문구 북아현동760,126.9601681,37.5587052,건축물,02-330-1562~3,서울특별시 서대문구청,2025-01-01
북아현동3005,서울특별시 서대문구 북아현동761,126.9601332,37.558777,건축물,02-330-1562~3,서울특별시 서대문구청,2025-01-01
북아현동8059,서울특별시 서대문구 북아현동763,126.9603147,37.5587426,건축물,02-330-1562~3,서울특별시 서대문구청,2025-01-01
북아현동3006,서울특별시 서대문구 북아현동763,126.9603147,37.5587426,전용주,02-330-1562~3,서울특별시 서대문구청,2025-01-01
북아현동3007,서울특별시 서대문구 북아현동768,126.9604715,37.5588611,건축물,02-330-1562~3,서울특별시 서대문구청,2025-01-01
북아현동3009,서울특별시 서대문구 북아현동780,126.9609699,37.5588384,전용주,02-330-1562~3,서울특별시 서대문구청,2025-01-01
북아현동3003,서울특별시 서대문구 북아현동786,126.9601927,37.5585613,건축물,02-330-1562~3,서울특별시 서대문구청,2025-01-01
북아현동828,서울특별시 서대문구 북아현동828,126.9605422,37.5586635,전용주,02-330-1562~3,서울특별시 서대문구청,2025-01-01
북아현동3602,서울특별시 서대문구 북아현동831,126.9602844,37.558481,건축물,02-330-1562~3,서울특별시 서대문구청,2025-01-01
북아현동2069,서울특별시 서대문구 북아현동839,126.9597764,37.5583864,건축물,02-330-1562~3,서울특별시 서대문구청,2025-01-01
북아현동2070,서울특별시 서대문구 북아현동841,126.9597289,37.5585482,건축물,02-330-1562~3,서울특별시 서대문구청,2025-01-01
북아현동3011,서울특별시 서대문구 북아현동846,126.959581,37.5586009,한전주,02-330-1562~3,서울특별시 서대문구청,2025-01-01
북아현동3015,서울특별시 서대문구 북아현동865,126.9594475,37.5584376,한전주,02-330-1562~3,서울특별시 서대문구청,2025-01-01
북아현동2065,서울특별시 서대문구 북아현동865,126.9594475,37.5584376,한전주,02-330-1562~3,서울특별시 서대문구청,2025-01-01
북아현동2066,서울특별시 서대문구 북아현동873,126.9596068,37.5583759,한전주,02-330-1562~3,서울특별시 서대문구청,2025-01-01
북아현동2068,서울특별시 서대문구 북아현동885,126.9598157,37.5579993,건축물,02-330-1562~3,서울특별시 서대문구청,2025-01-01
북아현동2064,서울특별시 서대문구 북아현동891,126.9594223,37.5578066,통신주,02-330-1562~3,서울특별시 서대문구청,2025-01-01
북아현동2067,서울특별시 서대문구 북아현동904,126.9599499,37.5581176,건축물,02-330-1562~3,서울특별시 서대문구청,2025-01-01
북아현동2063,서울특별시 서대문구 북아현동951,126.9593265,37.5581842,건축물,02-330-1562~3,서울특별시 서대문구청,2025-01-01
북아현동9933,서울특별시 서대문구 북아현동966,126.9586707,37.5581334,전용주,02-330-1562~3,서울특별시 서대문구청,2025-01-01
북아현동2059,서울특별시 서대문구 북아현동970,126.9585276,37.5578438,건축물,02-330-1562~3,서울특별시 서대문구청,2025-01-01
북아현동2061,서울특별시 서대문구 북아현동976,126.9583097,37.5580491,한전주,02-330-1562~3,서울특별시 서대문구청,2025-01-01
북아현동2051,서울특별시 서대문구 북아현동981,126.9583689,37.5578604,한전주,02-330-1562~3,서울특별시 서대문구청,2025-01-01
북아현동9946,서울특별시 서대문구 북아현동984,126.9581175,37.5580384,통신주,02-330-1562~3,서울특별시 서대문구청,2025-01-01
북아현동2055,서울특별시 서대문구 북아현동990,126.9583151,37.5576617,건축물,02-330-1562~3,서울특별시 서대문구청,2025-01-01
북아현동2654,서울특별시 서대문구 북아현동992,126.9581776,37.5577867,통신주,02-330-1562~3,서울특별시 서대문구청,2025-01-01
북아현동2050,서울특별시 서대문구 북아현동993,126.9580747,37.5578578,한전주,02-330-1562~3,서울특별시 서대문구청,2025-01-01
북아현동9641,서울특별시 서대문구 북아현동995,126.9580274,37.5580016,건축물,02-330-1562~3,서울특별시 서대문구청,2025-01-01
북아현동4019,서울특별시 서대문구 북아현동1006,126.956235,37.5607339,한전주,02-330-1562~3,서울특별시 서대문구청,2025-01-01
북아현동4021,서울특별시 서대문구 북아현동1006,126.956235,37.5607339,한전주,02-330-1562~3,서울특별시 서대문구청,2025-01-01
북아현동1061,서울특별시 서대문구 북아현동1009,126.9500105,37.5590659,한전주,02-330-1562~3,서울특별시 서대문구청,2025-01-01
북아현동6001-1,서울특별시 서대문구 북아현동1014,126.953847,37.558289,한전주,02-330-1562~3,서울특별시 서대문구청,2025-01-01
북아현동3020,서울특별시 서대문구 북아현동33-2,126.9587967,37.5588373,한전주,02-330-1562~3,서울특별시 서대문구청,2025-01-01
북아현동10074,서울특별시 서대문구 북아현동45-3,126.9589481,37.5585323,건축물,02-330-1562~3,서울특별시 서대문구청,2025-01-01
북아현동3016,서울특별시 서대문구 북아현동45-3,126.9589481,37.5585323,건축물,02-330-1562~3,서울특별시 서대문구청,2025-01-01
북아현동3013,서울특별시 서대문구 북아현동46-1,126.9590144,37.55865,한전주,02-330-1562~3,서울특별시 서대문구청,2025-01-01
북아현동3022,서울특별시 서대문구 북아현동63-2,126.9585874,37.55843,건축물,02-330-1562~3,서울특별시 서대문구청,2025-01-01
북아현동2060,서울특별시 서대문구 북아현동57-1,126.958702,37.5583229,건축물,02-330-1562~3,서울특별시 서대문구청,2025-01-01
북아현동2058,서울특별시 서대문구 북아현동59-1,126.9584201,37.5582483,한전주,02-330-1562~3,서울특별시 서대문구청,2025-01-01
북아현동10162,서울특별시 서대문구 북아현동66-1,126.958483,37.5586093,한전주,02-330-1562~3,서울특별시 서대문구청,2025-01-01
북아현동3018,서울특별시 서대문구 북아현동66-2,126.9585064,37.5585554,한전주,02-330-1562~3,서울특별시 서대문구청,2025-01-01
북아현동3034,서울특별시 서대문구 북아현동78-1,126.9578734,37.5584958,건축물,02-330-1562~3,서울특별시 서대문구청,2025-01-01
북아현동3035,서울특별시 서대문구 북아현동79-1,126.9577617,37.5583867,건축물,02-330-1562~3,서울특별시 서대문구청,2025-01-01
북아현동10211,서울특별시 서대문구 북아현동79-1,126.9577617,37.5583867,건축물,02-330-1562~3,서울특별시 서대문구청,2025-01-01
연희동3040,서울특별시 서대문구 연희동132-48,126.9298395,37.5678861,건축물,02-330-1562~3,서울특별시 서대문구청,2025-01-01
북아현동3026,서울특별시 서대문구 북아현동14-1,126.9579149,37.5587665,건축물,02-330-1562~3,서울특별시 서대문구청,2025-01-01
북아현동3032,서울특별시 서대문구 북아현동21-1,126.9582284,37.5590125,건축물,02-330-1562~3,서울특별시 서대문구청,2025-01-01
북아현동3603,서울특별시 서대문구 북아현동26-1,126.9584756,37.5591408,건축물,02-330-1562~3,서울특별시 서대문구청,2025-01-01
북아현동3028,서울특별시 서대문구 북아현동29-1,126.9585469,37.5588982,건축물,02-330-1562~3,서울특별시 서대문구청,2025-01-01
북아현동3033,서울특별시 서대문구 북아현동22-6,126.9580018,37.5590285,건축물,02-330-1562~3,서울특별시 서대문구청,2025-01-01
북아현동7002,서울특별시 서대문구 북아현동8-1,126.9572648,37.5583102,한전주,02-330-1562~3,서울특별시 서대문구청,2025-01-01
북아현동3038,서울특별시 서대문구 북아현동9-1,126.9575769,37.5586554,한전주,02-330-1562~3,서울특별시 서대문구청,2025-01-01
북아현동3040,서울특별시 서대문구 북아현동103-3,126.9574347,37.5583027,건축물,02-330-1562~3,서울특별시 서대문구청,2025-01-01
북아현동4039,서울특별시 서대문구 북아현동1-1144,126.9568058,37.5644422,한전주,02-330-1562~3,서울특별시 서대문구청,2025-01-01
북아현동2115,서울특별시 서대문구 북아현동1-1165,126.951223,37.564618,전용주,02-330-1562~3,서울특별시 서대문구청,2025-01-01
북아현동3059,서울특별시 서대문구 북아현동1-1212,126.9534653,37.5669626,한전주,02-330-1562~3,서울특별시 서대문구청,2025-01-01
충현동5027,서울특별시 서대문구 북아현동1-131,126.9553868,37.5631141,건축물,02-330-1562~3,서울특별시 서대문구청,2025-01-01
북아현동4065,서울특별시 서대문구 북아현동113-16,126.9591471,37.5613183,한전주,02-330-1562~3,서울특별시 서대문구청,2025-01-01
북아현동4066,서울특별시 서대문구 북아현동113-17,126.9591117,37.5614171,건축물,02-330-1562~3,서울특별시 서대문구청,2025-01-01
북아현동4068,서울특별시 서대문구 북아현동113-19,126.9589842,37.5616322,한전주,02-330-1562~3,서울특별시 서대문구청,2025-01-01
북아현동5012,서울특별시 서대문구 북아현동113-23,126.9595131,37.5610422,건축물,02-330-1562~3,서울특별시 서대문구청,2025-01-01
북아현동5011,서울특별시 서대문구 북아현동113-25,126.9596175,37.5608629,한전주,02-330-1562~3,서울특별시 서대문구청,2025-01-01
북아현동5010,서울특별시 서대문구 북아현동113-28,126.959813,37.5606393,한전주,02-330-1562~3,서울특별시 서대문구청,2025-01-01
북아현동4062,서울특별시 서대문구 북아현동113-38,126.9594164,37.5606719,건축물,02-330-1562~3,서울특별시 서대문구청,2025-01-01
북아현동4069,서울특별시 서대문구 북아현동113-4,126.9594726,37.5615103,한전주,02-330-1562~3,서울특별시 서대문구청,2025-01-01
북아현동4061,서울특별시 서대문구 북아현동113-40,126.9594148,37.560789,한전주,02-330-1562~3,서울특별시 서대문구청,2025-01-01
북아현동4063,서울특별시 서대문구 북아현동113-42,126.9593216,37.5609774,한전주,02-330-1562~3,서울특별시 서대문구청,2025-01-01
북아현동4046,서울특별시 서대문구 북아현동113-43,126.9592636,37.561076,한전주,02-330-1562~3,서울특별시 서대문구청,2025-01-01
북아현동4064,서울특별시 서대문구 북아현동113-43,126.9592636,37.561076,한전주,02-330-1562~3,서울특별시 서대문구청,2025-01-01
북아현동5001,서울특별시 서대문구 북아현동113-45,126.9597843,37.5610716,한전주,02-330-1562~3,서울특별시 서대문구청,2025-01-01
북아현동5002,서울특별시 서대문구 북아현동113-54,126.960047,37.5609027,한전주,02-330-1562~3,서울특별시 서대문구청,2025-01-01
북아현동4067,서울특별시 서대문구 북아현동113-56,126.9603308,37.5608421,건축물,02-330-1562~3,서울특별시 서대문구청,2025-01-01
북아현동5300,서울특별시 서대문구 북아현동113-56,126.9603308,37.5608421,통신주,02-330-1562~3,서울특별시 서대문구청,2025-01-01
북아현동5070,서울특별시 서대문구 북아현동113-61,126.9586749,37.5618998,건축물,02-330-1562~3,서울특별시 서대문구청,2025-01-01
북아현동9615,서울특별시 서대문구 북아현동113-61,126.9586749,37.5618998,건축물,02-330-1562~3,서울특별시 서대문구청,2025-01-01
북아현동5087,서울특별시 서대문구 북아현동113-63,126.9589816,37.5618214,한전주,02-330-1562~3,서울특별시 서대문구청,2025-01-01
북아현동5270,서울특별시 서대문구 북아현동113-66,126.9585304,37.5617093,한전주,02-330-1562~3,서울특별시 서대문구청,2025-01-01
북아현동4051,서울특별시 서대문구 북아현동113-66,126.9585304,37.5617093,한전주,02-330-1562~3,서울특별시 서대문구청,2025-01-01
북아현동5075,서울특별시 서대문구 북아현동113-66,126.9585304,37.5617093,한전주,02-330-1562~3,서울특별시 서대문구청,2025-01-01
북아현동5092-1,서울특별시 서대문구 북아현동113-67,126.9592745,37.5619231,한전주,02-330-1562~3,서울특별시 서대문구청,2025-01-01
북아현동4060,서울특별시 서대문구 북아현동113-36,126.9594183,37.5605367,전용주,02-330-1562~3,서울특별시 서대문구청,2025-01-01
북아현동5046,서울특별시 서대문구 북아현동115-15,126.9589251,37.56019,한전주,02-330-1562~3,서울특별시 서대문구청,2025-01-01
북아현동4057,서울특별시 서대문구 북아현동115-35,126.9589893,37.5604519,건축물,02-330-1562~3,서울특별시 서대문구청,2025-01-01
북아현동6023,서울특별시 서대문구 북아현동115-36,126.9588203,37.5603963,전용주,02-330-1562~3,서울특별시 서대문구청,2025-01-01
북아현동5039,서울특별시 서대문구 북아현동115-4,126.9589799,37.5603166,건축물,02-330-1562~3,서울특별시 서대문구청,2025-01-01
충현동4119,서울특별시 서대문구 북아현동1-157,126.956916,37.5638485,건축물,02-330-1562~3,서울특별시 서대문구청,2025-01-01
북아현동6022,서울특별시 서대문구 북아현동115-9,126.9586208,37.5600972,전용주,02-330-1562~3,서울특별시 서대문구청,2025-01-01
북아현동6028,서울특별시 서대문구 북아현동1-1665,126.9581329,37.5650576,건축물,02-330-1562~3,서울특별시 서대문구청,2025-01-01
북아현동5047,서울특별시 서대문구 북아현동117-11,126.9587151,37.5598277,한전주,02-330-1562~3,서울특별시 서대문구청,2025-01-01
북아현동5048,서울특별시 서대문구 북아현동117-11,126.9587151,37.5598277,한전주,02-330-1562~3,서울특별시 서대문구청,2025-01-01
북아현동5049,서울특별시 서대문구 북아현동117-12,126.9586824,37.5597373,건축물,02-330-1562~3,서울특별시 서대문구청,2025-01-01
북아현동6020,서울특별시 서대문구 북아현동117-13,126.9585586,37.5596822,한전주,02-330-1562~3,서울특별시 서대문구청,2025-01-01
북아현동6019,서울특별시 서대문구 북아현동117-18,126.9582898,37.5594816,한전주,02-330-1562~3,서울특별시 서대문구청,2025-01-01
북아현동5044,서울특별시 서대문구 북아현동604,126.9590436,37.5598036,한전주,02-330-1562~3,서울특별시 서대문구청,2025-01-01
북아현동6018,서울특별시 서대문구 북아현동117-29,126.9580651,37.5593625,한전주,02-330-1562~3,서울특별시 서대문구청,2025-01-01
북아현동5038,서울특별시 서대문구 북아현동117-5,126.9592209,37.5600755,한전주,02-330-1562~3,서울특별시 서대문구청,2025-01-01
북아현동4016,서울특별시 서대문구 북아현동118-36,126.956407,37.5613842,한전주,02-330-1562~3,서울특별시 서대문구청,2025-01-01
북아현동4020,서울특별시 서대문구 북아현동118-39,126.9562037,37.5613553,건축물,02-330-1562~3,서울특별시 서대문구청,2025-01-01
북아현동10063,서울특별시 서대문구 북아현동118-61,126.9563494,37.5614557,전용주,02-330-1562~3,서울특별시 서대문구청,2025-01-01
북아현동4022,서울특별시 서대문구 북아현동118-61,126.9563494,37.5614557,한전주,02-330-1562~3,서울특별시 서대문구청,2025-01-01
북아현동8827,서울특별시 서대문구 북아현동118-85,126.9560055,37.5617681,건축물,02-330-1562~3,서울특별시 서대문구청,2025-01-01
북아현동8827-1,서울특별시 서대문구 북아현동118-85,126.9560055,37.5617681,건축물,02-330-1562~3,서울특별시 서대문구청,2025-01-01
북아현동8827-2,서울특별시 서대문구 북아현동118-85,126.9560055,37.5617681,건축물,02-330-1562~3,서울특별시 서대문구청,2025-01-01
북아현동8827-3,서울특별시 서대문구 북아현동118-85,126.9560055,37.5617681,건축물,02-330-1562~3,서울특별시 서대문구청,2025-01-01
북아현동8827-4,서울특별시 서대문구 북아현동118-85,126.9560055,37.5617681,건축물,02-330-1562~3,서울특별시 서대문구청,2025-01-01
북아현동8827-5,서울특별시 서대문구 북아현동118-85,126.9560055,37.5617681,건축물,02-330-1562~3,서울특별시 서대문구청,2025-01-01
북아현동8828,서울특별시 서대문구 북아현동118-85,126.9560055,37.5617681,건축물,02-330-1562~3,서울특별시 서대문구청,2025-01-01
북아현동8828-1,서울특별시 서대문구 북아현동118-85,126.9560055,37.5617681,건축물,02-330-1562~3,서울특별시 서대문구청,2025-01-01
북아현동8828-2,서울특별시 서대문구 북아현동118-85,126.9560055,37.5617681,건축물,02-330-1562~3,서울특별시 서대문구청,2025-01-01
북아현동8828-3,서울특별시 서대문구 북아현동118-85,126.9560055,37.5617681,건축물,02-330-1562~3,서울특별시 서대문구청,2025-01-01
북아현동4050,서울특별시 서대문구 북아현동118-96,126.9571493,37.5617241,건축물,02-330-1562~3,서울특별시 서대문구청,2025-01-01
북아현동4026,서울특별시 서대문구 북아현동119-13,126.9574838,37.5612765,건축물,02-330-1562~3,서울특별시 서대문구청,2025-01-01
북아현동4023,서울특별시 서대문구 북아현동119-3,126.956714,37.5612878,건축물,02-330-1562~3,서울특별시 서대문구청,2025-01-01
북아현동6021,서울특별시 서대문구 북아현동121-14,126.9583411,37.5598605,한전주,02-330-1562~3,서울특별시 서대문구청,2025-01-01
북아현동4035,서울특별시 서대문구 북아현동121-18,126.958192,37.5600033,건축물,02-330-1562~3,서울특별시 서대문구청,2025-01-01
북아현동4036,서울특별시 서대문구 북아현동121-19,126.9580819,37.5597771,건축물,02-330-1562~3,서울특별시 서대문구청,2025-01-01
북아현동3060,서울특별시 서대문구 북아현동121-21,126.9579489,37.5595777,통신주,02-330-1562~3,서울특별시 서대문구청,2025-01-01
북아현동3056,서울특별시 서대문구 북아현동121-21,126.9579489,37.5595777,건축물,02-330-1562~3,서울특별시 서대문구청,2025-01-01
북아현동8804,서울특별시 서대문구 북아현동121-24,126.9578453,37.5597029,한전주,02-330-1562~3,서울특별시 서대문구청,2025-01-01
북아현동4019-1,서울특별시 서대문구 북아현동1-229,126.95755,37.5638361,건축물,02-330-1562~3,서울특별시 서대문구청,2025-01-01
북아현동4052,서울특별시 서대문구 북아현동123-1,126.9583682,37.5611672,한전주,02-330-1562~3,서울특별시 서대문구청,2025-01-01
북아현동4025,서울특별시 서대문구 북아현동123-13,126.9573857,37.5610054,한전주,02-330-1562~3,서울특별시 서대문구청,2025-01-01
북아현동4024,서울특별시 서대문구 북아현동123-17,126.957115,37.5609399,한전주,02-330-1562~3,서울특별시 서대문구청,2025-01-01
북아현동4047,서울특별시 서대문구 북아현동123-19,126.9571392,37.560823,건축물,02-330-1562~3,서울특별시 서대문구청,2025-01-01
북아현동4042,서울특별시 서대문구 북아현동123-24,126.957256,37.5605627,한전주,02-330-1562~3,서울특별시 서대문구청,2025-01-01
북아현동4048,서울특별시 서대문구 북아현동123-29,126.9576268,37.5607642,한전주,02-330-1562~3,서울특별시 서대문구청,2025-01-01
북아현동4044,서울특별시 서대문구 북아현동123-30,126.9576735,37.5606565,한전주,02-330-1562~3,서울특별시 서대문구청,2025-01-01
북아현동4040,서울특별시 서대문구 북아현동123-32,126.9579587,37.5604968,한전주,02-330-1562~3,서울특별시 서대문구청,2025-01-01
북아현동4043,서울특별시 서대문구 북아현동123-35,126.9575292,37.560457,통신주,02-330-1562~3,서울특별시 서대문구청,2025-01-01
북아현동4041,서울특별시 서대문구 북아현동123-39,126.9573149,37.5604011,통신주,02-330-1562~3,서울특별시 서대문구청,2025-01-01
북아현동4003,서울특별시 서대문구 북아현동123-41,126.9573392,37.5602841,한전주,02-330-1562~3,서울특별시 서대문구청,2025-01-01
북아현동4038,서울특별시 서대문구 북아현동123-43,126.957511,37.5601325,한전주,02-330-1562~3,서울특별시 서대문구청,2025-01-01
북아현동4027,서울특별시 서대문구 북아현동123-5,126.9578032,37.5610992,한전주,02-330-1562~3,서울특별시 서대문구청,2025-01-01
북아현동4015,서울특별시 서대문구 북아현동123-55,126.9568555,37.5608745,한전주,02-330-1562~3,서울특별시 서대문구청,2025-01-01
북아현동4049,서울특별시 서대문구 북아현동123-6,126.95785,37.5609914,건축물,02-330-1562~3,서울특별시 서대문구청,2025-01-01
북아현동4237,서울특별시 서대문구 북아현동123-63,126.9576033,37.5600071,한전주,02-330-1562~3,서울특별시 서대문구청,2025-01-01
북아현동4037,서울특별시 서대문구 북아현동123-63,126.9576033,37.5600071,한전주,02-330-1562~3,서울특별시 서대문구청,2025-01-01
북아현동4029,서울특별시 서대문구 북아현동123-64,126.9582101,37.5611388,건축물,02-330-1562~3,서울특별시 서대문구청,2025-01-01
북아현동4053,서울특별시 서대문구 북아현동123-66,126.9584383,37.5610057,전용주,02-330-1562~3,서울특별시 서대문구청,2025-01-01
북아현동4031,서울특별시 서대문구 북아현동123-68,126.9583625,37.5607617,한전주,02-330-1562~3,서울특별시 서대문구청,2025-01-01
북아현동4055,서울특별시 서대문구 북아현동123-69,126.958512,37.5605918,한전주,02-330-1562~3,서울특별시 서대문구청,2025-01-01
북아현동4028,서울특별시 서대문구 북아현동123-73,126.9579728,37.5611097,한전주,02-330-1562~3,서울특별시 서대문구청,2025-01-01
북아현동4030,서울특별시 서대문구 북아현동123-74,126.9580432,37.5609301,건축물,02-330-1562~3,서울특별시 서대문구청,2025-01-01
북아현동4032,서울특별시 서대문구 북아현동123-81,126.9582308,37.5604632,한전주,02-330-1562~3,서울특별시 서대문구청,2025-01-01
북아현동3057,서울특별시 서대문구 북아현동125-1,126.9578625,37.5592796,통신주,02-330-1562~3,서울특별시 서대문구청,2025-01-01
북아현동3055,서울특별시 서대문구 북아현동125-1,126.9578625,37.5592796,통신주,02-330-1562~3,서울특별시 서대문구청,2025-01-01
북아현동3052,서울특별시 서대문구 북아현동125-10,126.9573039,37.5587521,한전주,02-330-1562~3,서울특별시 서대문구청,2025-01-01
연희동2085,서울특별시 서대문구 연희동434-13,126.9263117,37.5676108,건축물,02-330-1562~3,서울특별시 서대문구청,2025-01-01
북아현동2049-1,서울특별시 서대문구 북아현동125-26,126.957083,37.5583627,한전주,02-330-1562~3,서울특별시 서대문구청,2025-01-01
북아현동3050,서울특별시 서대문구 북아현동125-27,126.9571379,37.5584803,통신주,02-330-1562~3,서울특별시 서대문구청,2025-01-01
북아현동8087,서울특별시 서대문구 북아현동125-27,126.9571379,37.5584803,전용주,02-330-1562~3,서울특별시 서대문구청,2025-01-01
북아현동8085,서울특별시 서대문구 북아현동125-30,126.9571904,37.5587781,건축물,02-330-1562~3,서울특별시 서대문구청,2025-01-01
북아현동8086,서울특별시 서대문구 북아현동125-33,126.9572328,37.5589857,한전주,02-330-1562~3,서울특별시 서대문구청,2025-01-01
북아현동3062,서울특별시 서대문구 북아현동125-35,126.9572543,37.559067,건축물,02-330-1562~3,서울특별시 서대문구청,2025-01-01
북아현동3058,서울특별시 서대문구 북아현동125-44,126.9577056,37.5591701,한전주,02-330-1562~3,서울특별시 서대문구청,2025-01-01
북아현동3061,서울특별시 서대문구 북아현동125-46,126.9575133,37.5591594,건축물,02-330-1562~3,서울특별시 서대문구청,2025-01-01
북아현동3053,서울특별시 서대문구 북아현동125-5,126.9574944,37.5588889,건축물,02-330-1562~3,서울특별시 서대문구청,2025-01-01
북아현동2054,서울특별시 서대문구 북아현동126-33,126.9581459,37.5576242,통신주,02-330-1562~3,서울특별시 서대문구청,2025-01-01
북아현동1001,서울특별시 서대문구 북아현동126-37,126.9580086,37.5577311,한전주,02-330-1562~3,서울특별시 서대문구청,2025-01-01
북아현동2056,서울특별시 서대문구 북아현동126-39,126.9578052,37.5577023,통신주,02-330-1562~3,서울특별시 서대문구청,2025-01-01
북아현동339,서울특별시 서대문구 북아현동126-40,126.9578062,37.5576302,건축물,02-330-1562~3,서울특별시 서대문구청,2025-01-01
북아현동2057,서울특별시 서대문구 북아현동126-44,126.9576822,37.5575931,한전주,02-330-1562~3,서울특별시 서대문구청,2025-01-01
북아현동4033,서울특별시 서대문구 북아현동1-270,126.9583241,37.5643295,한전주,02-330-1562~3,서울특별시 서대문구청,2025-01-01
북아현동4012,서울특별시 서대문구 북아현동127-2,126.9568022,37.5606398,건축물,02-330-1562~3,서울특별시 서대문구청,2025-01-01
북아현동4004,서울특별시 서대문구 북아현동127-4,126.9568838,37.5604693,한전주,02-330-1562~3,서울특별시 서대문구청,2025-01-01
북아현동4011,서울특별시 서대문구 북아현동127-4,126.9568838,37.5604693,한전주,02-330-1562~3,서울특별시 서대문구청,2025-01-01
북아현동4007,서울특별시 서대문구 북아현동129-11,126.9571283,37.5599849,건축물,02-330-1562~3,서울특별시 서대문구청,2025-01-01
북아현동4008,서울특별시 서대문구 북아현동129-15,126.956961,37.5598032,건축물,02-330-1562~3,서울특별시 서대문구청,2025-01-01
북아현동3069,서울특별시 서대문구 북아현동129-27,126.9573139,37.5596622,한전주,02-330-1562~3,서울특별시 서대문구청,2025-01-01
북아현동4006,서울특별시 서대문구 북아현동129-46,126.9569014,37.560019,통신주,02-330-1562~3,서울특별시 서대문구청,2025-01-01
북아현동4010,서울특별시 서대문구 북아현동129-55,126.9567056,37.5602605,통신주,02-330-1562~3,서울특별시 서대문구청,2025-01-01
북아현동3070,서울특별시 서대문구 북아현동129-72,126.9572017,37.5595891,한전주,02-330-1562~3,서울특별시 서대문구청,2025-01-01
북아현동4005,서울특별시 서대문구 북아현동129-76,126.9568858,37.5603252,한전주,02-330-1562~3,서울특별시 서대문구청,2025-01-01
북아현동2060-1,서울특별시 서대문구 북아현동129-80,126.9572291,37.5600579,건축물,02-330-1562~3,서울특별시 서대문구청,2025-01-01
북아현동9926,서울특별시 서대문구 북아현동129-81,126.9573208,37.5599776,건축물,02-330-1562~3,서울특별시 서대문구청,2025-01-01
북아현동4002,서울특별시 서대문구 북아현동129-75,126.9572889,37.5598332,한전주,02-330-1562~3,서울특별시 서대문구청,2025-01-01
북아현동3067,서울특별시 서대문구 북아현동124-20,126.957364,37.5593112,한전주,02-330-1562~3,서울특별시 서대문구청,2025-01-01
북아현동3066,서울특별시 서대문구 북아현동130-10,126.956875,37.5586672,건축물,02-330-1562~3,서울특별시 서대문구청,2025-01-01
북아현동3048,서울특별시 서대문구 북아현동130-11,126.9567852,37.5586123,건축물,02-330-1562~3,서울특별시 서대문구청,2025-01-01
북아현동3063,서울특별시 서대문구 북아현동130-3,126.956983,37.5590376,한전주,02-330-1562~3,서울특별시 서대문구청,2025-01-01
북아현동10154,서울특별시 서대문구 북아현동130-30,126.9569471,37.5591814,건축물,02-330-1562~3,서울특별시 서대문구청,2025-01-01
북아현동3051,서울특별시 서대문구 북아현동130-6,126.9569766,37.5586861,한전주,02-330-1562~3,서울특별시 서대문구청,2025-01-01
북아현동3103,서울특별시 서대문구 북아현동1-329,126.9556923,37.5655587,건축물,02-330-1562~3,서울특별시 서대문구청,2025-01-01
북아현동2046,서울특별시 서대문구 북아현동133-1,126.9572922,37.5579681,한전주,02-330-1562~3,서울특별시 서대문구청,2025-01-01
북아현동4045,서울특별시 서대문구 북아현동1-335,126.955508,37.5649713,한전주,02-330-1562~3,서울특별시 서대문구청,2025-01-01
북아현동3047,서울특별시 서대문구 북아현동134-11,126.9568007,37.5583151,통신주,02-330-1562~3,서울특별시 서대문구청,2025-01-01
북아현동3041,서울특별시 서대문구 북아현동134-11,126.9568007,37.5583151,통신주,02-330-1562~3,서울특별시 서대문구청,2025-01-01
북아현동3046,서울특별시 서대문구 북아현동134-6,126.9567926,37.5580808,통신주,02-330-1562~3,서울특별시 서대문구청,2025-01-01
북아현동2044,서울특별시 서대문구 북아현동134-7,126.9567823,37.5580086,한전주,02-330-1562~3,서울특별시 서대문구청,2025-01-01
북아현동3045,서울특별시 서대문구 북아현동134-8,126.9567492,37.5579452,건축물,02-330-1562~3,서울특별시 서대문구청,2025-01-01
북아현동2043,서울특별시 서대문구 북아현동134-8,126.9567492,37.5579452,한전주,02-330-1562~3,서울특별시 서대문구청,2025-01-01
북아현동4054,서울특별시 서대문구 북아현동123-67,126.9585202,37.5608172,한전주,02-330-1562~3,서울특별시 서대문구청,2025-01-01
북아현동2245,서울특별시 서대문구 북아현동135-12,126.9564901,37.5578619,건축물,02-330-1562~3,서울특별시 서대문구청,2025-01-01
북아현동2045,서울특별시 서대문구 북아현동135-4,126.9566958,37.5577195,한전주,02-330-1562~3,서울특별시 서대문구청,2025-01-01
북아현동4113,서울특별시 서대문구 북아현동1-37,126.9573655,37.5632668,한전주,02-330-1562~3,서울특별시 서대문구청,2025-01-01
북아현동1052,서울특별시 서대문구 북아현동1-393,126.9541594,37.5658965,한전주,02-330-1562~3,서울특별시 서대문구청,2025-01-01
북아현동1061-1,서울특별시 서대문구 북아현동1-395,126.9539186,37.5661196,건축물,02-330-1562~3,서울특별시 서대문구청,2025-01-01
북아현동4300,서울특별시 서대문구 북아현동1-460,126.95445,37.5637366,건축물,02-330-1562~3,서울특별시 서대문구청,2025-01-01
북아현동5011-1,서울특별시 서대문구 북아현동1-469,126.9566862,37.5632788,건축물,02-330-1562~3,서울특별시 서대문구청,2025-01-01
북아현동4049-1,서울특별시 서대문구 북아현동1-498,126.9549453,37.5647411,건축물,02-330-1562~3,서울특별시 서대문구청,2025-01-01
북아현동2018,서울특별시 서대문구 북아현동154-1,126.955178,37.5578052,한전주,02-330-1562~3,서울특별시 서대문구청,2025-01-01
북아현동1-1,서울특별시 서대문구 북아현동154-33,126.9549295,37.557767,한전주,02-330-1562~3,서울특별시 서대문구청,2025-01-01
북아현동2019,서울특별시 서대문구 북아현동154-9,126.955033,37.5576507,한전주,02-330-1562~3,서울특별시 서대문구청,2025-01-01
북아현동3016-1,서울특별시 서대문구 북아현동1-549,126.9519224,37.5655973,건축물,02-330-1562~3,서울특별시 서대문구청,2025-01-01
북아현동6036,서울특별시 서대문구 북아현동156-12,126.9532571,37.5575719,한전주,02-330-1562~3,서울특별시 서대문구청,2025-01-01
북아현동6063,서울특별시 서대문구 북아현동156-12,126.9532571,37.5575719,한전주,02-330-1562~3,서울특별시 서대문구청,2025-01-01
북아현동6032,서울특별시 서대문구 북아현동156-7,126.9535948,37.5577101,건축물,02-330-1562~3,서울특별시 서대문구청,2025-01-01
북아현동6038,서울특별시 서대문구 북아현동156-18,126.953608,37.557575,한전주,02-330-1562~3,서울특별시 서대문구청,2025-01-01
북아현동6433,서울특별시 서대문구 북아현동156-25,126.9540595,37.5576601,건축물,02-330-1562~3,서울특별시 서대문구청,2025-01-01
북아현동6033,서울특별시 서대문구 북아현동156-25,126.9540595,37.5576601,한전주,02-330-1562~3,서울특별시 서대문구청,2025-01-01
북아현동6034,서울특별시 서대문구 북아현동156-39,126.9543194,37.5576895,건축물,02-330-1562~3,서울특별시 서대문구청,2025-01-01
북아현동3400,서울특별시 서대문구 북아현동1-574,126.9540496,37.5664632,한전주,02-330-1562~3,서울특별시 서대문구청,2025-01-01
충현동3033,서울특별시 서대문구 북아현동1-788,126.9524595,37.5668455,건축물,02-330-1562~3,서울특별시 서대문구청,2025-01-01
북아현동3079,서울특별시 서대문구 북아현동1-811,126.9542648,37.5664561,건축물,02-330-1562~3,서울특별시 서대문구청,2025-01-01
충현동8806,서울특별시 서대문구 북아현동1-90,126.9547182,37.5647932,한전주,02-330-1562~3,서울특별시 서대문구청,2025-01-01
북아현동7321,서울특별시 서대문구 북아현동209-43,126.9511556,37.5597338,건축물,02-330-1562~3,서울특별시 서대문구청,2025-01-01
북아현동7020,서울특별시 서대문구 북아현동209-45,126.9512348,37.5597345,건축물,02-330-1562~3,서울특별시 서대문구청,2025-01-01
북아현동1000,서울특별시 서대문구 북아현동215-45,126.9513932,37.5597449,건축물,02-330-1562~3,서울특별시 서대문구청,2025-01-01
북아현동6046,서울특별시 서대문구 북아현동217-31,126.9523033,37.5577977,한전주,02-330-1562~3,서울특별시 서대문구청,2025-01-01
북아현동6041,서울특별시 서대문구 북아현동220-15,126.9522611,37.5575721,건축물,02-330-1562~3,서울특별시 서대문구청,2025-01-01
북아현동6040,서울특별시 서대문구 북아현동220-21,126.9525664,37.5575928,한전주,02-330-1562~3,서울특별시 서대문구청,2025-01-01
북아현동6039,서울특별시 서대문구 북아현동220-28,126.9529741,37.5575784,한전주,02-330-1562~3,서울특별시 서대문구청,2025-01-01
북아현동6037,서울특별시 서대문구 북아현동220-32,126.9531115,37.5574625,건축물,02-330-1562~3,서울특별시 서대문구청,2025-01-01
북아현동6044,서울특별시 서대문구 북아현동221-10,126.9510171,37.557507,한전주,02-330-1562~3,서울특별시 서대문구청,2025-01-01
북아현동6092,서울특별시 서대문구 북아현동221-3,126.9515139,37.5575925,한전주,02-330-1562~3,서울특별시 서대문구청,2025-01-01
북아현동8033,서울특별시 서대문구 북아현동222-61,126.9514554,37.5577271,건축물,02-330-1562~3,서울특별시 서대문구청,2025-01-01
북아현동7407,서울특별시 서대문구 북아현동229-2,126.9513497,37.5588074,건축물,02-330-1562~3,서울특별시 서대문구청,2025-01-01
북아현동7009,서울특별시 서대문구 북아현동229-49,126.951025,37.5585523,통신주,02-330-1562~3,서울특별시 서대문구청,2025-01-01
북아현동9668,서울특별시 서대문구 북아현동229-49,126.951025,37.5585523,전용주,02-330-1562~3,서울특별시 서대문구청,2025-01-01
북아현동8056,서울특별시 서대문구 북아현동229-49,126.951025,37.5585523,통신주,02-330-1562~3,서울특별시 서대문구청,2025-01-01
북아현동3054,서울특별시 서대문구 북아현동23-13,126.9577776,37.5588734,한전주,02-330-1562~3,서울특별시 서대문구청,2025-01-01
북아현동1004,서울특별시 서대문구 북아현동238-1,126.9505982,37.5575123,한전주,02-330-1562~3,서울특별시 서대문구청,2025-01-01
북아현동9030,서울특별시 서대문구 북아현동238-12,126.9499221,37.557299,전용주,02-330-1562~3,서울특별시 서대문구청,2025-01-01
북아현동9020,서울특별시 서대문구 북아현동238-16,126.9504196,37.5573395,건축물,02-330-1562~3,서울특별시 서대문구청,2025-01-01
북아현동6043,서울특별시 서대문구 북아현동238-21,126.9508156,37.557343,건축물,02-330-1562~3,서울특별시 서대문구청,2025-01-01
북아현동9015,서울특별시 서대문구 북아현동238-35,126.9498408,37.5574515,한전주,02-330-1562~3,서울특별시 서대문구청,2025-01-01
북아현동9019,서울특별시 서대문구 북아현동238-4,126.9501803,37.5574545,건축물,02-330-1562~3,서울특별시 서대문구청,2025-01-01
북아현동1005,서울특별시 서대문구 북아현동238-7,126.9500323,37.5575163,한전주,02-330-1562~3,서울특별시 서대문구청,2025-01-01
북아현동9018,서울특별시 서대문구 북아현동238-8,126.949988,37.5574438,건축물,02-330-1562~3,서울특별시 서대문구청,2025-01-01
북아현동1003,서울특별시 서대문구 북아현동251-1,126.9497496,37.5574957,한전주,02-330-1562~3,서울특별시 서대문구청,2025-01-01
북아현동9016,서울특별시 서대문구 북아현동251-28,126.9497521,37.5573155,건축물,02-330-1562~3,서울특별시 서대문구청,2025-01-01
북아현동9416,서울특별시 서대문구 북아현동251-34,126.9493791,37.5572852,한전주,02-330-1562~3,서울특별시 서대문구청,2025-01-01
북아현동9011,서울특별시 서대문구 북아현동251-4,126.9494105,37.5574657,한전주,02-330-1562~3,서울특별시 서대문구청,2025-01-01
북아현동9012,서울특별시 서대문구 북아현동251-6,126.9492411,37.5574371,건축물,02-330-1562~3,서울특별시 서대문구청,2025-01-01
북아현동1002,서울특별시 서대문구 북아현동251-9,126.9490145,37.5574531,한전주,02-330-1562~3,서울특별시 서대문구청,2025-01-01
북아현동6015-1,서울특별시 서대문구 북아현동3-107,126.9576506,37.5631161,건축물,02-330-1562~3,서울특별시 서대문구청,2025-01-01
북아현동1028,서울특별시 서대문구 북아현동3-129,126.9557121,37.5625133,한전주,02-330-1562~3,서울특별시 서대문구청,2025-01-01
북아현동5035,서울특별시 서대문구 북아현동3-142,126.9562633,37.5619506,통신주,02-330-1562~3,서울특별시 서대문구청,2025-01-01
북아현동5003,서울특별시 서대문구 북아현동31-55,126.9586042,37.5588446,한전주,02-330-1562~3,서울특별시 서대문구청,2025-01-01
북아현동6506,서울특별시 서대문구 북아현동3-256,126.9579842,37.5627316,건축물,02-330-1562~3,서울특별시 서대문구청,2025-01-01
북아현동5554,서울특별시 서대문구 북아현동3-266,126.9576263,37.5624221,건축물,02-330-1562~3,서울특별시 서대문구청,2025-01-01
북아현동5054-1,서울특별시 서대문구 북아현동3-281,126.9575151,37.562277,한전주,02-330-1562~3,서울특별시 서대문구청,2025-01-01
북아현동5065,서울특별시 서대문구 북아현동3-294,126.9580714,37.5621557,한전주,02-330-1562~3,서울특별시 서대문구청,2025-01-01
북아현동5096,서울특별시 서대문구 북아현동3-315,126.9582944,37.562401,건축물,02-330-1562~3,서울특별시 서대문구청,2025-01-01
북아현동5600,서울특별시 서대문구 북아현동3-330,126.9579027,37.5620822,통신주,02-330-1562~3,서울특별시 서대문구청,2025-01-01
북아현동6073,서울특별시 서대문구 북아현동3-384,126.9585358,37.5637637,한전주,02-330-1562~3,서울특별시 서대문구청,2025-01-01
충현동6031,서울특별시 서대문구 충정로3가3-385,126.9622878,37.5601115,건축물,02-330-1562~3,서울특별시 서대문구청,2025-01-01
북아현동10146,서울특별시 서대문구 북아현동3-387,126.9583439,37.5637259,건축물,02-330-1562~3,서울특별시 서대문구청,2025-01-01
북아현동5109,서울특별시 서대문구 북아현동3-397,126.9581884,37.5635083,한전주,02-330-1562~3,서울특별시 서대문구청,2025-01-01
북아현동5110,서울특별시 서대문구 북아현동3-416,126.958325,37.5634555,건축물,02-330-1562~3,서울특별시 서대문구청,2025-01-01
북아현동5103,서울특별시 서대문구 북아현동3-450,126.9587309,37.5627562,한전주,02-330-1562~3,서울특별시 서대문구청,2025-01-01
북아현동5095,서울특별시 서대문구 북아현동3-466,126.9585643,37.5625295,한전주,02-330-1562~3,서울특별시 서대문구청,2025-01-01
북아현동4014,서울특별시 서대문구 북아현동4-33,126.9563949,37.5606272,건축물,02-330-1562~3,서울특별시 서대문구청,2025-01-01
북아현동4013,서울특별시 서대문구 북아현동4-36,126.9566799,37.5604855,건축물,02-330-1562~3,서울특별시 서대문구청,2025-01-01
북아현동3039,서울특별시 서대문구 북아현동7-49,126.9572745,37.5584274,한전주,02-330-1562~3,서울특별시 서대문구청,2025-01-01
북아현동5065-1,서울특별시 서대문구 북아현동758-12,126.9600863,37.5588937,건축물,02-330-1562~3,서울특별시 서대문구청,2025-01-01
북아현동5064,서울특별시 서대문구 북아현동758-14,126.9600737,37.5589837,한전주,02-330-1562~3,서울특별시 서대문구청,2025-01-01
북아현동5062,서울특별시 서대문구 북아현동770-5,126.9603434,37.5591213,통신주,02-330-1562~3,서울특별시 서대문구청,2025-01-01
북아현동3008,서울특별시 서대문구 북아현동769-1,126.9606965,37.5589622,건축물,02-330-1562~3,서울특별시 서대문구청,2025-01-01
북아현동3600,서울특별시 서대문구 북아현동769-1,126.9606965,37.5589622,한전주,02-330-1562~3,서울특별시 서대문구청,2025-01-01
신촌동2021,서울특별시 서대문구 북아현동1-950,126.9509057,37.5622184,건축물,02-330-1562~3,서울특별시 서대문구청,2025-01-01
북아현동10212,서울특별시 서대문구 북아현동1-321,126.9564089,37.5653037,전용주,02-330-1562~3,서울특별시 서대문구청,2025-01-01
북아현동4043-1,서울특별시 서대문구 북아현동101,126.9575053,37.5581051,건축물,02-330-1562~3,서울특별시 서대문구청,2025-01-01
북아현동5602,서울특별시 서대문구 북아현동3-336,126.9579451,37.5622898,건축물,02-330-1562~3,서울특별시 서대문구청,2025-01-01
북아현동6559,서울특별시 서대문구 북아현동215-1,126.9529866,37.5591103,한전주,02-330-1562~3,서울특별시 서대문구청,2025-01-01
북아현동9021,서울특별시 서대문구 북아현동251-36,126.9491526,37.5572922,통신주,02-330-1562~3,서울특별시 서대문구청,2025-01-01
신촌동7003,서울특별시 서대문구 대신동22,126.9421452,37.5614014,한전주,02-330-1562~3,서울특별시 서대문구청,2025-01-01
신촌동8001,서울특별시 서대문구 봉원동23,126.9470896,37.5719877,전용주,02-330-1562~3,서울특별시 서대문구청,2025-01-01
신촌동8916,서울특별시 서대문구 대신동28,126.9417327,37.5617581,전용주,02-330-1562~3,서울특별시 서대문구청,2025-01-01
신촌동7025,서울특별시 서대문구 대신동83,126.9440158,37.5643916,한전주,02-330-1562~3,서울특별시 서대문구청,2025-01-01
신촌동21,서울특별시 서대문구 대신동83,126.9440158,37.5643916,전용주,02-330-1562~3,서울특별시 서대문구청,2025-01-01
신촌동22,서울특별시 서대문구 대신동83,126.9440158,37.5643916,전용주,02-330-1562~3,서울특별시 서대문구청,2025-01-01
신촌동7023,서울특별시 서대문구 대신동84,126.9442171,37.5645646,한전주,02-330-1562~3,서울특별시 서대문구청,2025-01-01
신촌동7027,서울특별시 서대문구 대신동92,126.9444857,37.5647832,한전주,02-330-1562~3,서울특별시 서대문구청,2025-01-01
신촌동7028,서울특별시 서대문구 대신동92,126.9444857,37.5647832,통신주,02-330-1562~3,서울특별시 서대문구청,2025-01-01
신촌동7039,서울특별시 서대문구 대신동115,126.9463638,37.5664579,한전주,02-330-1562~3,서울특별시 서대문구청,2025-01-01
신촌동7020,서울특별시 서대문구 대신동50-3,126.9435661,37.5633784,한전주,02-330-1562~3,서울특별시 서대문구청,2025-01-01
신촌동7009,서울특별시 서대문구 대신동50-5,126.9433659,37.5631243,한전주,02-330-1562~3,서울특별시 서대문구청,2025-01-01
신촌동7016,서울특별시 서대문구 대신동52-1,126.9434674,37.5639542,건축물,02-330-1562~3,서울특별시 서대문구청,2025-01-01
신촌동10068,서울특별시 서대문구 대신동52-1,126.9434674,37.5639542,한전주,02-330-1562~3,서울특별시 서대문구청,2025-01-01
신촌동7015,서울특별시 서대문구 대신동52-3,126.943277,37.5638083,건축물,02-330-1562~3,서울특별시 서대문구청,2025-01-01
신촌동7014,서울특별시 서대문구 대신동52-4,126.9432097,37.5637626,한전주,02-330-1562~3,서울특별시 서대문구청,2025-01-01
신촌동7013,서울특별시 서대문구 대신동52-5,126.9431654,37.5636992,한전주,02-330-1562~3,서울특별시 서대문구청,2025-01-01
신촌동7011,서울특별시 서대문구 대신동52-8,126.9431247,37.5633744,한전주,02-330-1562~3,서울특별시 서대문구청,2025-01-01
신촌동6098,서울특별시 서대문구 대신동67-1,126.9433899,37.5638273,건축물,02-330-1562~3,서울특별시 서대문구청,2025-01-01
신촌동360,서울특별시 서대문구 대신동84-7,126.9437808,37.5642002,한전주,02-330-1562~3,서울특별시 서대문구청,2025-01-01
신촌동7035,서울특별시 서대문구 대신동90-6,126.9448081,37.5643986,한전주,02-330-1562~3,서울특별시 서대문구청,2025-01-01
신촌동7033,서울특별시 서대문구 대신동91-1,126.945528,37.5655224,한전주,02-330-1562~3,서울특별시 서대문구청,2025-01-01
신촌동7034,서울특별시 서대문구 대신동91-3,126.9452256,37.5652944,한전주,02-330-1562~3,서울특별시 서대문구청,2025-01-01
신촌동7032,서울특별시 서대문구 대신동91-4,126.9453056,37.5652411,한전주,02-330-1562~3,서울특별시 서대문구청,2025-01-01
신촌동9622,서울특별시 서대문구 대신동118-1,126.9460105,37.5666259,전용주,02-330-1562~3,서울특별시 서대문구청,2025-01-01
신촌동7041,서울특별시 서대문구 대신동120-2,126.9457818,37.5667861,건축물,02-330-1562~3,서울특별시 서대문구청,2025-01-01
신촌동8915,서울특별시 서대문구 대신동123-1,126.9455602,37.5672526,건축물,02-330-1562~3,서울특별시 서대문구청,2025-01-01
신촌동7044,서울특별시 서대문구 대신동123-1,126.9455602,37.5672526,건축물,02-330-1562~3,서울특별시 서대문구청,2025-01-01
신촌동8021,서울특별시 서대문구 대신동124-9,126.9463757,37.5672149,한전주,02-330-1562~3,서울특별시 서대문구청,2025-01-01
신촌동8022,서울특별시 서대문구 대신동124-19,126.9464262,37.5668459,한전주,02-330-1562~3,서울특별시 서대문구청,2025-01-01
신촌동7043,서울특별시 서대문구 대신동124-6,126.9460578,37.5672841,한전주,02-330-1562~3,서울특별시 서대문구청,2025-01-01
신촌동9006,서울특별시 서대문구 대신동125-11,126.9468243,37.5675162,전용주,02-330-1562~3,서울특별시 서대문구청,2025-01-01
신촌동8422,서울특별시 서대문구 대신동125-17,126.9467617,37.5671372,한전주,02-330-1562~3,서울특별시 서대문구청,2025-01-01
신촌동1-10,서울특별시 서대문구 대신동126-11,126.9462698,37.5683042,한전주,02-330-1562~3,서울특별시 서대문구청,2025-01-01
신촌동9505,서울특별시 서대문구 대신동126-25,126.9464709,37.5676933,한전주,02-330-1562~3,서울특별시 서대문구청,2025-01-01
신촌동1-8,서울특별시 서대문구 대신동126-3,126.9461045,37.5687893,전용주,02-330-1562~3,서울특별시 서대문구청,2025-01-01
신촌동1-9,서울특별시 서대문구 대신동126-6,126.9461966,37.568682,전용주,02-330-1562~3,서울특별시 서대문구청,2025-01-01
신촌동8015,서울특별시 서대문구 대신동127-16,126.945861,37.5683996,건축물,02-330-1562~3,서울특별시 서대문구청,2025-01-01
신촌동8018,서울특별시 서대문구 대신동127-2,126.9459527,37.5683194,한전주,02-330-1562~3,서울특별시 서대문구청,2025-01-01
신촌동8027,서울특별시 서대문구 대신동127-18,126.9457269,37.5682723,한전주,02-330-1562~3,서울특별시 서대문구청,2025-01-01
신촌동8026,서울특별시 서대문구 대신동127-23,126.9458334,37.5679489,한전주,02-330-1562~3,서울특별시 서대문구청,2025-01-01
신촌동8524,서울특별시 서대문구 대신동127-27,126.9459186,37.5675261,한전주,02-330-1562~3,서울특별시 서대문구청,2025-01-01
신촌동8019,서울특별시 서대문구 대신동127-6,126.9460948,37.5678701,한전주,02-330-1562~3,서울특별시 서대문구청,2025-01-01
신촌동1-12,서울특별시 서대문구 대신동128-6,126.9454858,37.5677115,건축물,02-330-1562~3,서울특별시 서대문구청,2025-01-01
신촌동8025,서울특별시 서대문구 대신동128-9,126.9456803,37.5675691,통신주,02-330-1562~3,서울특별시 서대문구청,2025-01-01
신촌동7048,서울특별시 서대문구 대신동139-11,126.9452607,37.5684213,한전주,02-330-1562~3,서울특별시 서대문구청,2025-01-01
신촌동8012,서울특별시 서대문구 대신동141-8,126.9456332,37.5684967,한전주,02-330-1562~3,서울특별시 서대문구청,2025-01-01
신촌동7049,서울특별시 서대문구 대신동139-3,126.9451428,37.5687536,한전주,02-330-1562~3,서울특별시 서대문구청,2025-01-01
신촌동8011,서울특별시 서대문구 대신동139-5,126.9453251,37.5686742,한전주,02-330-1562~3,서울특별시 서대문구청,2025-01-01
신촌동8010,서울특별시 서대문구 대신동141-1,126.9454557,37.5690448,한전주,02-330-1562~3,서울특별시 서대문구청,2025-01-01
신촌동8014,서울특별시 서대문구 대신동142-5,126.9457755,37.5688404,한전주,02-330-1562~3,서울특별시 서대문구청,2025-01-01
신촌동7031,서울특별시 서대문구 대신동91-2,126.9453258,37.5654124,한전주,02-330-1562~3,서울특별시 서대문구청,2025-01-01
신촌동9004,서울특별시 서대문구 대신동143-9,126.9462123,37.5675648,한전주,02-330-1562~3,서울특별시 서대문구청,2025-01-01
신촌동10128,서울특별시 서대문구 대신동16-15,126.9413867,37.5606107,건축물,02-330-1562~3,서울특별시 서대문구청,2025-01-01
신촌동5225,서울특별시 서대문구 대신동16-15,126.9413867,37.5606107,전용주,02-330-1562~3,서울특별시 서대문구청,2025-01-01
신촌동7002,서울특별시 서대문구 대신동34-17,126.9431721,37.5616178,한전주,02-330-1562~3,서울특별시 서대문구청,2025-01-01
신촌동6106,서울특별시 서대문구 대신동45-17,126.9440287,37.5618778,건축물,02-330-1562~3,서울특별시 서대문구청,2025-01-01
신촌동7017,서울특별시 서대문구 대신동84-13,126.9437602,37.5640559,통신주,02-330-1562~3,서울특별시 서대문구청,2025-01-01
신촌동8013,서울특별시 서대문구 대신동139-11,126.9452607,37.5684213,건축물,02-330-1562~3,서울특별시 서대문구청,2025-01-01
신촌동8017,서울특별시 서대문구 대신동141-5,126.9455621,37.5687213,건축물,02-330-1562~3,서울특별시 서대문구청,2025-01-01
신촌동7062,서울특별시 서대문구 대신동140,126.9450721,37.5689512,한전주,02-330-1562~3,서울특별시 서대문구청,2025-01-01
신촌동9994,서울특별시 서대문구 대신동126-28,126.9467053,37.5679296,건축물,02-330-1562~3,서울특별시 서대문구청,2025-01-01
신촌동7040,서울특별시 서대문구 대신동118-1,126.9460105,37.5666259,한전주,02-330-1562~3,서울특별시 서대문구청,2025-01-01
신촌동7042,서울특별시 서대문구 대신동124-23,126.9460717,37.567104,한전주,02-330-1562~3,서울특별시 서대문구청,2025-01-01
신촌동9009,서울특별시 서대문구 대신동125-4,126.9469518,37.5673011,한전주,02-330-1562~3,서울특별시 서대문구청,2025-01-01
신촌동8420,서울특별시 서대문구 대신동126-36,126.9465036,37.5677837,한전주,02-330-1562~3,서울특별시 서대문구청,2025-01-01
신촌동9005,서울특별시 서대문구 대신동125-12,126.9467552,37.5675967,한전주,02-330-1562~3,서울특별시 서대문구청,2025-01-01
신촌동8020,서울특별시 서대문구 대신동127-8,126.9462224,37.567655,한전주,02-330-1562~3,서울특별시 서대문구청,2025-01-01
신촌동7045,서울특별시 서대문구 대신동128-2,126.9454498,37.5678553,한전주,02-330-1562~3,서울특별시 서대문구청,2025-01-01
신촌동7047,서울특별시 서대문구 대신동130-6,126.9453672,37.5680979,한전주,02-330-1562~3,서울특별시 서대문구청,2025-01-01
신촌동8009,서울특별시 서대문구 대신동142-2,126.9457278,37.5690112,건축물,02-330-1562~3,서울특별시 서대문구청,2025-01-01
신촌동8024,서울특별시 서대문구 대신동127-27,126.9459186,37.5675261,한전주,02-330-1562~3,서울특별시 서대문구청,2025-01-01
신촌동7249,서울특별시 서대문구 대신동138-2,126.9448697,37.5688593,건축물,02-330-1562~3,서울특별시 서대문구청,2025-01-01
신촌동7440,서울특별시 서대문구 대신동119-1,126.9459403,37.5667875,한전주,02-330-1562~3,서울특별시 서대문구청,2025-01-01
신촌동8100,서울특별시 서대문구 대신동141-1,126.9454557,37.5690448,한전주,02-330-1562~3,서울특별시 서대문구청,2025-01-01
신촌동8410,서울특별시 서대문구 대신동140-1,126.9451748,37.5688981,통신주,02-330-1562~3,서울특별시 서대문구청,2025-01-01
신촌동7068,서울특별시 서대문구 대신동142-1,126.9456929,37.5690829,한전주,02-330-1562~3,서울특별시 서대문구청,2025-01-01
신촌동7069,서울특별시 서대문구 대신동142-1,126.9456929,37.5690829,한전주,02-330-1562~3,서울특별시 서대문구청,2025-01-01
신촌동6065,서울특별시 서대문구 대현동144,126.9479678,37.5594531,한전주,02-330-1562~3,서울특별시 서대문구청,2025-01-01
신촌동6067,서울특별시 서대문구 대현동144,126.9479678,37.5594531,한전주,02-330-1562~3,서울특별시 서대문구청,2025-01-01
신촌동6012,서울특별시 서대문구 대현동37-2,126.9444678,37.5588362,한전주,02-330-1562~3,서울특별시 서대문구청,2025-01-01
신촌동6013,서울특별시 서대문구 대현동56-68,126.9447174,37.5587934,한전주,02-330-1562~3,서울특별시 서대문구청,2025-01-01
신촌동6017,서울특별시 서대문구 대현동37-46,126.9443815,37.5585291,한전주,02-330-1562~3,서울특별시 서대문구청,2025-01-01
신촌동6220,서울특별시 서대문구 대현동37-8,126.9438032,37.558605,건축물,02-330-1562~3,서울특별시 서대문구청,2025-01-01
신촌동6086,서울특별시 서대문구 대현동53-8,126.9464305,37.5585024,건축물,02-330-1562~3,서울특별시 서대문구청,2025-01-01
신촌동6054,서울특별시 서대문구 대현동53-9,126.9462489,37.5585368,한전주,02-330-1562~3,서울특별시 서대문구청,2025-01-01
신촌동6011,서울특별시 서대문구 대현동56-5,126.9449685,37.5586425,한전주,02-330-1562~3,서울특별시 서대문구청,2025-01-01
신촌동6056,서울특별시 서대문구 대현동62-1,126.9471305,37.5586257,한전주,02-330-1562~3,서울특별시 서대문구청,2025-01-01
신촌동6057,서울특별시 서대문구 대현동62-1,126.9471305,37.5586257,한전주,02-330-1562~3,서울특별시 서대문구청,2025-01-01
신촌동6084,서울특별시 서대문구 대현동62-1,126.9471305,37.5586257,건축물,02-330-1562~3,서울특별시 서대문구청,2025-01-01
신촌동6058,서울특별시 서대문구 대현동62-1,126.9471305,37.5586257,한전주,02-330-1562~3,서울특별시 서대문구청,2025-01-01
신촌동6542,서울특별시 서대문구 대현동62-1,126.9471305,37.5586257,전용주,02-330-1562~3,서울특별시 서대문구청,2025-01-01
신촌동6543,서울특별시 서대문구 대현동62-1,126.9471305,37.5586257,전용주,02-330-1562~3,서울특별시 서대문구청,2025-01-01
신촌동6085,서울특별시 서대문구 대현동62-3,126.9466674,37.5585585,건축물,02-330-1562~3,서울특별시 서대문구청,2025-01-01
신촌동6544,서울특별시 서대문구 대현동62-4,126.9467897,37.5587128,전용주,02-330-1562~3,서울특별시 서대문구청,2025-01-01
신촌동6080,서울특별시 서대문구 대현동62-11,126.9475842,37.5585577,한전주,02-330-1562~3,서울특별시 서대문구청,2025-01-01
신촌동6079,서울특별시 서대문구 대현동62-11,126.9475842,37.5585577,전용주,02-330-1562~3,서울특별시 서대문구청,2025-01-01
신촌동6059,서울특별시 서대문구 대현동62-12,126.9477978,37.5586587,한전주,02-330-1562~3,서울특별시 서대문구청,2025-01-01
신촌동6541,서울특별시 서대문구 대현동62-12,126.9477978,37.5586587,전용주,02-330-1562~3,서울특별시 서대문구청,2025-01-01
신촌동6063,서울특별시 서대문구 대현동144,126.9479678,37.5594531,한전주,02-330-1562~3,서울특별시 서대문구청,2025-01-01
신촌동6100,서울특별시 서대문구 대현동67-1,126.9474086,37.5581687,한전주,02-330-1562~3,서울특별시 서대문구청,2025-01-01
신촌동6099,서울특별시 서대문구 대현동67-1,126.9474086,37.5581687,한전주,02-330-1562~3,서울특별시 서대문구청,2025-01-01
신촌동6097,서울특별시 서대문구 대현동67-1,126.9474086,37.5581687,한전주,02-330-1562~3,서울특별시 서대문구청,2025-01-01
신촌동6442,서울특별시 서대문구 대현동90-7,126.9444834,37.5577281,한전주,02-330-1562~3,서울특별시 서대문구청,2025-01-01
신촌동6047,서울특별시 서대문구 대현동101-10,126.943392,37.5572678,한전주,02-330-1562~3,서울특별시 서대문구청,2025-01-01
신촌동6037,서울특별시 서대문구 대현동101-27,126.9432604,37.5577712,한전주,02-330-1562~3,서울특별시 서대문구청,2025-01-01
신촌동4066,서울특별시 서대문구 대현동104-14,126.9424719,37.5575029,건축물,02-330-1562~3,서울특별시 서대문구청,2025-01-01
신촌동4065,서울특별시 서대문구 대현동104-19,126.9423107,37.5576996,한전주,02-330-1562~3,서울특별시 서대문구청,2025-01-01
신촌동4086,서울특별시 서대문구 대현동104-25,126.9419289,37.557489,한전주,02-330-1562~3,서울특별시 서대문구청,2025-01-01
신촌동4061,서울특별시 서대문구 대현동104-25,126.9419289,37.557489,한전주,02-330-1562~3,서울특별시 서대문구청,2025-01-01
신촌동4084,서울특별시 서대문구 대현동104-25,126.9419289,37.557489,한전주,02-330-1562~3,서울특별시 서대문구청,2025-01-01
신촌동4062,서울특별시 서대문구 대현동104-25,126.9419289,37.557489,건축물,02-330-1562~3,서울특별시 서대문구청,2025-01-01
신촌동4087,서울특별시 서대문구 대현동104-25,126.9419289,37.557489,한전주,02-330-1562~3,서울특별시 서대문구청,2025-01-01
신촌동4046,서울특별시 서대문구 대현동104-25,126.9419289,37.557489,한전주,02-330-1562~3,서울특별시 서대문구청,2025-01-01
신촌동5100,서울특별시 서대문구 대현동104-26,126.9424674,37.5570253,한전주,02-330-1562~3,서울특별시 서대문구청,2025-01-01
신촌동5104,서울특별시 서대문구 대현동104-39,126.9413225,37.5571502,한전주,02-330-1562~3,서울특별시 서대문구청,2025-01-01
신촌동5109,서울특별시 서대문구 대현동104-40,126.9419923,37.557003,한전주,02-330-1562~3,서울특별시 서대문구청,2025-01-01
신촌동5098,서울특별시 서대문구 대현동104-46,126.9417205,37.5570186,한전주,02-330-1562~3,서울특별시 서대문구청,2025-01-01
신촌동5101,서울특별시 서대문구 대현동104-47,126.941791,37.55683,건축물,02-330-1562~3,서울특별시 서대문구청,2025-01-01
신촌동5097,서울특별시 서대문구 대현동104-62,126.9412684,37.5569695,한전주,02-330-1562~3,서울특별시 서대문구청,2025-01-01
신촌동5096,서울특별시 서대문구 대현동104-69,126.9410621,37.5571568,한전주,02-330-1562~3,서울특별시 서대문구청,2025-01-01
신촌동5041,서울특별시 서대문구 대현동104-73,126.9408922,37.5571643,건축물,02-330-1562~3,서울특별시 서대문구청,2025-01-01
신촌동5105,서울특별시 서대문구 대현동110-20,126.9424382,37.5582865,건축물,02-330-1562~3,서울특별시 서대문구청,2025-01-01
신촌동4071,서울특별시 서대문구 대현동110-15,126.9422087,37.5585097,한전주,02-330-1562~3,서울특별시 서대문구청,2025-01-01
신촌동4067,서울특별시 서대문구 대현동110-25,126.942522,37.5579628,한전주,02-330-1562~3,서울특별시 서대문구청,2025-01-01
신촌동4074,서울특별시 서대문구 대현동110-44,126.9418372,37.5583712,건축물,02-330-1562~3,서울특별시 서대문구청,2025-01-01
신촌동4079,서울특별시 서대문구 대현동110-45,126.9417106,37.5585142,한전주,02-330-1562~3,서울특별시 서대문구청,2025-01-01
신촌동4077,서울특별시 서대문구 대현동110-45,126.9417106,37.5585142,전용주,02-330-1562~3,서울특별시 서대문구청,2025-01-01
신촌동4081,서울특별시 서대문구 대현동110-46,126.9417028,37.5582708,건축물,02-330-1562~3,서울특별시 서대문구청,2025-01-01
신촌동4082,서울특별시 서대문구 대현동110-47,126.9418046,37.5582718,건축물,02-330-1562~3,서울특별시 서대문구청,2025-01-01
신촌동4269,서울특별시 서대문구 대현동110-49,126.9420421,37.5582829,한전주,02-330-1562~3,서울특별시 서대문구청,2025-01-01
신촌동4068,서울특별시 서대문구 대현동110-53,126.942047,37.5579406,한전주,02-330-1562~3,서울특별시 서대문구청,2025-01-01
신촌동4083,서울특별시 서대문구 대현동110-60,126.9417058,37.5580546,건축물,02-330-1562~3,서울특별시 서대문구청,2025-01-01
신촌동4085,서울특별시 서대문구 대현동110-61,126.9418075,37.5580646,건축물,02-330-1562~3,서울특별시 서대문구청,2025-01-01
신촌동4059,서울특별시 서대문구 대현동110-72,126.9417124,37.5583881,건축물,02-330-1562~3,서울특별시 서대문구청,2025-01-01
신촌동4078,서울특별시 서대문구 대현동110-77,126.9416963,37.5587303,한전주,02-330-1562~3,서울특별시 서대문구청,2025-01-01
신촌동5117,서울특별시 서대문구 대현동34-41,126.9444038,37.5593583,건축물,02-330-1562~3,서울특별시 서대문구청,2025-01-01
신촌동1124,서울특별시 서대문구 대현동142-17,126.9434995,37.5592781,한전주,02-330-1562~3,서울특별시 서대문구청,2025-01-01
신촌동5116,서울특별시 서대문구 대현동142-4,126.9436086,37.5595674,한전주,02-330-1562~3,서울특별시 서대문구청,2025-01-01
신촌동1036,서울특별시 서대문구 대현동142-4,126.9436086,37.5595674,한전주,02-330-1562~3,서울특별시 서대문구청,2025-01-01
신촌동6109,서울특별시 서대문구 대현동27-17,126.9432991,37.5582401,한전주,02-330-1562~3,서울특별시 서대문구청,2025-01-01
신촌동6035,서울특별시 서대문구 대현동27-23,126.943084,37.5582382,건축물,02-330-1562~3,서울특별시 서대문구청,2025-01-01
신촌동6019,서울특별시 서대문구 대현동27-39,126.9435403,37.5587919,한전주,02-330-1562~3,서울특별시 서대문구청,2025-01-01
신촌동1125,서울특별시 서대문구 대현동27-39,126.9435403,37.5587919,한전주,02-330-1562~3,서울특별시 서대문구청,2025-01-01
신촌동6004,서울특별시 서대문구 대현동33-14,126.9452418,37.5593297,한전주,02-330-1562~3,서울특별시 서대문구청,2025-01-01
신촌동1122,서울특별시 서대문구 대현동34-21,126.9449794,37.5594715,건축물,02-330-1562~3,서울특별시 서대문구청,2025-01-01
신촌동6016,서울특별시 서대문구 대현동34-22,126.9448551,37.5594614,건축물,02-330-1562~3,서울특별시 서대문구청,2025-01-01
신촌동1065,서울특별시 서대문구 대현동34-24,126.9445713,37.5595219,한전주,02-330-1562~3,서울특별시 서대문구청,2025-01-01
신촌동1121,서울특별시 서대문구 대현동34-36,126.943973,37.5594085,건축물,02-330-1562~3,서울특별시 서대문구청,2025-01-01
신촌동9932,서울특별시 서대문구 대현동34-40,126.9439479,37.5595794,건축물,02-330-1562~3,서울특별시 서대문구청,2025-01-01
신촌동1066,서울특별시 서대문구 대현동34-44,126.9439491,37.5594984,건축물,02-330-1562~3,서울특별시 서대문구청,2025-01-01
신촌동1109,서울특별시 서대문구 대현동34-50,126.9442667,37.5594471,건축물,02-330-1562~3,서울특별시 서대문구청,2025-01-01
신촌동10200,서울특별시 서대문구 대현동34-50,126.9442667,37.5594471,전용주,02-330-1562~3,서울특별시 서대문구청,2025-01-01
신촌동1123,서울특별시 서대문구 대현동34-52,126.9445399,37.5593414,건축물,02-330-1562~3,서울특별시 서대문구청,2025-01-01
신촌동6031,서울특별시 서대문구 대현동37-19,126.9445012,37.5580706,한전주,02-330-1562~3,서울특별시 서대문구청,2025-01-01
신촌동6537,서울특별시 서대문구 대현동37-48,126.944451,37.5584216,한전주,02-330-1562~3,서울특별시 서대문구청,2025-01-01
신촌동1126,서울특별시 서대문구 대현동37-61,126.9439048,37.558624,건축물,02-330-1562~3,서울특별시 서대문구청,2025-01-01
신촌동1127,서울특별시 서대문구 대현동37-61,126.9439048,37.558624,건축물,02-330-1562~3,서울특별시 서대문구청,2025-01-01
신촌동6020,서울특별시 서대문구 대현동37-62,126.9439738,37.5585525,건축물,02-330-1562~3,서울특별시 서대문구청,2025-01-01
신촌동6539,서울특별시 서대문구 대현동37-67,126.943965,37.5583722,한전주,02-330-1562~3,서울특별시 서대문구청,2025-01-01
신촌동6538,서울특별시 서대문구 대현동37-69,126.9440774,37.5584273,한전주,02-330-1562~3,서울특별시 서대문구청,2025-01-01
신촌동6452,서울특별시 서대문구 대현동40-26,126.945068,37.5572017,통신주,02-330-1562~3,서울특별시 서대문구청,2025-01-01
신촌동6052,서울특별시 서대문구 대현동40-33,126.9449672,37.5571287,건축물,02-330-1562~3,서울특별시 서대문구청,2025-01-01
신촌동6051,서울특별시 서대문구 대현동40-36,126.9447963,37.5572083,한전주,02-330-1562~3,서울특별시 서대문구청,2025-01-01
신촌동6109-2,서울특별시 서대문구 대현동45-29,126.9472637,37.5572033,한전주,02-330-1562~3,서울특별시 서대문구청,2025-01-01
신촌동1,서울특별시 서대문구 대현동45-41,126.9464817,37.5572774,한전주,02-330-1562~3,서울특별시 서대문구청,2025-01-01
신촌동2,서울특별시 서대문구 대현동45-41,126.9464817,37.5572774,한전주,02-330-1562~3,서울특별시 서대문구청,2025-01-01
신촌동6087,서울특별시 서대문구 대현동53-13,126.9464435,37.5583853,한전주,02-330-1562~3,서울특별시 서대문구청,2025-01-01
신촌동378,서울특별시 서대문구 대현동53-13,126.9464435,37.5583853,한전주,02-330-1562~3,서울특별시 서대문구청,2025-01-01
신촌동6088,서울특별시 서대문구 대현동53-19,126.9464571,37.5582233,한전주,02-330-1562~3,서울특별시 서대문구청,2025-01-01
신촌동6104,서울특별시 서대문구 대현동53-23,126.9462798,37.5579514,한전주,02-330-1562~3,서울특별시 서대문구청,2025-01-01
신촌동10137,서울특별시 서대문구 대현동53-37,126.9464581,37.5581512,한전주,02-330-1562~3,서울특별시 서대문구청,2025-01-01
신촌동6102,서울특별시 서대문구 대현동53-38,126.9463543,37.5574835,한전주,02-330-1562~3,서울특별시 서대문구청,2025-01-01
신촌동6103,서울특별시 서대문구 대현동53-54,126.9461941,37.5584101,한전주,02-330-1562~3,서울특별시 서대문구청,2025-01-01
신촌동6016-1,서울특별시 서대문구 대현동56-125,126.945485,37.5589354,건축물,02-330-1562~3,서울특별시 서대문구청,2025-01-01
신촌동6015,서울특별시 서대문구 대현동56-125,126.945485,37.5589354,건축물,02-330-1562~3,서울특별시 서대문구청,2025-01-01
신촌동6545,서울특별시 서대문구 대현동56-22,126.9453704,37.5582316,건축물,02-330-1562~3,서울특별시 서대문구청,2025-01-01
신촌동6028,서울특별시 서대문구 대현동56-23,126.9453694,37.5583037,건축물,02-330-1562~3,서울특별시 서대문구청,2025-01-01
신촌동6121,서울특별시 서대문구 대현동56-34,126.9449643,37.5581379,한전주,02-330-1562~3,서울특별시 서대문구청,2025-01-01
신촌동6548,서울특별시 서대문구 대현동56-34,126.9449643,37.5581379,한전주,02-330-1562~3,서울특별시 서대문구청,2025-01-01
신촌동6030,서울특별시 서대문구 대현동56-47,126.9447274,37.5580817,한전주,02-330-1562~3,서울특별시 서대문구청,2025-01-01
신촌동6014,서울특별시 서대문구 대현동56-63,126.944794,37.5589743,건축물,02-330-1562~3,서울특별시 서대문구청,2025-01-01
신촌동6026,서울특별시 서대문구 대현동56-75,126.9452659,37.5584199,한전주,02-330-1562~3,서울특별시 서대문구청,2025-01-01
신촌동6023,서울특별시 서대문구 대현동56-92,126.9446877,37.5584868,한전주,02-330-1562~3,서울특별시 서대문구청,2025-01-01
신촌동6547,서울특별시 서대문구 대현동60-51,126.9464031,37.5588445,한전주,02-330-1562~3,서울특별시 서대문구청,2025-01-01
신촌동6082,서울특별시 서대문구 대현동62-38,126.9476952,37.5587119,건축물,02-330-1562~3,서울특별시 서대문구청,2025-01-01
신촌동23,서울특별시 서대문구 대현동64-40,126.9484935,37.5582865,한전주,02-330-1562~3,서울특별시 서대문구청,2025-01-01
신촌동6068,서울특별시 서대문구 대현동65-46,126.9490979,37.5587694,한전주,02-330-1562~3,서울특별시 서대문구청,2025-01-01
신촌동6069,서울특별시 서대문구 대현동65-55,126.949133,37.5586886,한전주,02-330-1562~3,서울특별시 서대문구청,2025-01-01
신촌동6070,서울특별시 서대문구 대현동65-56,126.9491791,37.558626,한전주,02-330-1562~3,서울특별시 서대문구청,2025-01-01
신촌동6535,서울특별시 서대문구 대현동67-24,126.9475457,37.5572689,건축물,02-330-1562~3,서울특별시 서대문구청,2025-01-01
신촌동6083,서울특별시 서대문구 대현동67-31,126.9475291,37.5584491,건축물,02-330-1562~3,서울특별시 서대문구청,2025-01-01
신촌동6094,서울특별시 서대문구 대현동67-56,126.9485148,37.5575748,한전주,02-330-1562~3,서울특별시 서대문구청,2025-01-01
신촌동6092,서울특별시 서대문구 대현동67-57,126.9484571,37.5576554,통신주,02-330-1562~3,서울특별시 서대문구청,2025-01-01
신촌동6093,서울특별시 서대문구 대현동67-75,126.9482772,37.5575727,통신주,02-330-1562~3,서울특별시 서대문구청,2025-01-01
신촌동6096,서울특별시 서대문구 대현동67-80,126.9479724,37.557516,한전주,02-330-1562~3,서울특별시 서대문구청,2025-01-01
신촌동6090,서울특별시 서대문구 대현동67-85,126.9468913,37.5579298,한전주,02-330-1562~3,서울특별시 서대문구청,2025-01-01
신촌동6101,서울특별시 서대문구 대현동67-85,126.9468913,37.5579298,한전주,02-330-1562~3,서울특별시 서대문구청,2025-01-01
신촌동6043,서울특별시 서대문구 대현동90-105,126.9444872,37.5574578,한전주,02-330-1562~3,서울특별시 서대문구청,2025-01-01
신촌동6041,서울특별시 서대문구 대현동90-11,126.9443024,37.5577175,한전주,02-330-1562~3,서울특별시 서대문구청,2025-01-01
신촌동9651,서울특별시 서대문구 대현동90-17,126.9440423,37.5577061,한전주,02-330-1562~3,서울특별시 서대문구청,2025-01-01
신촌동9051,서울특별시 서대문구 대현동90-20,126.9439519,37.5576963,한전주,02-330-1562~3,서울특별시 서대문구청,2025-01-01
신촌동6534,서울특별시 서대문구 대현동90-25,126.9435761,37.5578551,한전주,02-330-1562~3,서울특별시 서대문구청,2025-01-01
신촌동6038,서울특별시 서대문구 대현동90-26,126.9436125,37.5576843,한전주,02-330-1562~3,서울특별시 서대문구청,2025-01-01
신촌동6039,서울특별시 서대문구 대현동90-26,126.9436125,37.5576843,한전주,02-330-1562~3,서울특별시 서대문구청,2025-01-01
신촌동6044,서울특별시 서대문구 대현동90-35,126.9443415,37.5573574,한전주,02-330-1562~3,서울특별시 서대문구청,2025-01-01
신촌동6536,서울특별시 서대문구 대현동90-41,126.9441356,37.5575087,건축물,02-330-1562~3,서울특별시 서대문구청,2025-01-01
신촌동6045,서울특별시 서대문구 대현동90-44,126.9440021,37.5573454,한전주,02-330-1562~3,서울특별시 서대문구청,2025-01-01
신촌동6049,서울특별시 서대문구 대현동90-69,126.9441979,37.5571038,한전주,02-330-1562~3,서울특별시 서대문구청,2025-01-01
신촌동30,서울특별시 서대문구 대현동62-1,126.9471305,37.5586257,건축물,02-330-1562~3,서울특별시 서대문구청,2025-01-01
신촌동29,서울특별시 서대문구 대현동67-81,126.9474313,37.557358,전용주,02-330-1562~3,서울특별시 서대문구청,2025-01-01
신촌동27,서울특별시 서대문구 대현동27-38,126.9432806,37.5587445,한전주,02-330-1562~3,서울특별시 서대문구청,2025-01-01
신촌동26,서울특별시 서대문구 대현동90-82,126.9436214,37.5570536,한전주,02-330-1562~3,서울특별시 서대문구청,2025-01-01
신촌동7085,서울특별시 서대문구 봉원동16,126.9456506,37.5712811,건축물,02-330-1562~3,서울특별시 서대문구청,2025-01-01
신촌동7121,서울특별시 서대문구 봉원동16,126.9456506,37.5712811,전용주,02-330-1562~3,서울특별시 서대문구청,2025-01-01
신촌동7088,서울특별시 서대문구 봉원동21,126.9466439,37.5706772,한전주,02-330-1562~3,서울특별시 서대문구청,2025-01-01
신촌동7088-1,서울특별시 서대문구 봉원동21,126.9466439,37.5706772,한전주,02-330-1562~3,서울특별시 서대문구청,2025-01-01
신촌동7120,서울특별시 서대문구 봉원동21,126.9466439,37.5706772,한전주,02-330-1562~3,서울특별시 서대문구청,2025-01-01
신촌동8920,서울특별시 서대문구 봉원동51,126.945699,37.5702543,전용주,02-330-1562~3,서울특별시 서대문구청,2025-01-01
신촌동7091,서울특별시 서대문구 봉원동22,126.9468184,37.5711473,한전주,02-330-1562~3,서울특별시 서대문구청,2025-01-01
신촌동7093,서울특별시 서대문구 봉원동23,126.9470896,37.5719877,건축물,02-330-1562~3,서울특별시 서대문구청,2025-01-01
신촌동8006,서울특별시 서대문구 봉원동23,126.9470896,37.5719877,씨피주,02-330-1562~3,서울특별시 서대문구청,2025-01-01
신촌동8002,서울특별시 서대문구 봉원동23,126.9470896,37.5719877,전용주,02-330-1562~3,서울특별시 서대문구청,2025-01-01
신촌동8003,서울특별시 서대문구 봉원동23,126.9470896,37.5719877,전용주,02-330-1562~3,서울특별시 서대문구청,2025-01-01
신촌동8031,서울특별시 서대문구 봉원동26,126.9476452,37.5719206,전용주,02-330-1562~3,서울특별시 서대문구청,2025-01-01
신촌동3572,서울특별시 서대문구 봉원동26,126.9476452,37.5719206,건축물,02-330-1562~3,서울특별시 서대문구청,2025-01-01
신촌동7122,서울특별시 서대문구 봉원동23,126.9470896,37.5719877,전용주,02-330-1562~3,서울특별시 서대문구청,2025-01-01
신촌동8005,서울특별시 서대문구 봉원동26,126.9476452,37.5719206,건축물,02-330-1562~3,서울특별시 서대문구청,2025-01-01
신촌동8004,서울특별시 서대문구 봉원동26,126.9476452,37.5719206,전용주,02-330-1562~3,서울특별시 서대문구청,2025-01-01
신촌동8029,서울특별시 서대문구 봉원동26,126.9476452,37.5719206,전용주,02-330-1562~3,서울특별시 서대문구청,2025-01-01
신촌동8032,서울특별시 서대문구 봉원동26,126.9476452,37.5719206,전용주,02-330-1562~3,서울특별시 서대문구청,2025-01-01
신촌동384,서울특별시 서대문구 봉원동26,126.9476452,37.5719206,전용주,02-330-1562~3,서울특별시 서대문구청,2025-01-01
신촌동7090,서울특별시 서대문구 봉원동30,126.9474285,37.5712339,통신주,02-330-1562~3,서울특별시 서대문구청,2025-01-01
신촌동7103,서울특별시 서대문구 봉원동34,126.9483108,37.5704758,한전주,02-330-1562~3,서울특별시 서대문구청,2025-01-01
신촌동7105,서울특별시 서대문구 봉원동35,126.9488279,37.5707327,건축물,02-330-1562~3,서울특별시 서대문구청,2025-01-01
신촌동7106,서울특별시 서대문구 봉원동41,126.9483103,37.568899,한전주,02-330-1562~3,서울특별시 서대문구청,2025-01-01
신촌동8072,서울특별시 서대문구 봉원동45,126.9476818,37.568515,건축물,02-330-1562~3,서울특별시 서대문구청,2025-01-01
신촌동7076,서울특별시 서대문구 봉원동51,126.945699,37.5702543,건축물,02-330-1562~3,서울특별시 서대문구청,2025-01-01
신촌동7074,서울특별시 서대문구 봉원동51,126.945699,37.5702543,전용주,02-330-1562~3,서울특별시 서대문구청,2025-01-01
신촌동7075,서울특별시 서대문구 봉원동51,126.945699,37.5702543,한전주,02-330-1562~3,서울특별시 서대문구청,2025-01-01
신촌동7084,서울특별시 서대문구 봉원동51,126.945699,37.5702543,전용주,02-330-1562~3,서울특별시 서대문구청,2025-01-01
신촌동7077,서울특별시 서대문구 봉원동51,126.945699,37.5702543,전용주,02-330-1562~3,서울특별시 서대문구청,2025-01-01
신촌동346,서울특별시 서대문구 봉원동51,126.945699,37.5702543,건축물,02-330-1562~3,서울특별시 서대문구청,2025-01-01
신촌동7100,서울특별시 서대문구 봉원동31-4,126.94784,37.5709492,한전주,02-330-1562~3,서울특별시 서대문구청,2025-01-01
신촌동8082,서울특별시 서대문구 봉원동41-6,126.947812,37.5697235,한전주,02-330-1562~3,서울특별시 서대문구청,2025-01-01
신촌동9012,서울특별시 서대문구 봉원동42-2,126.9470918,37.5686179,건축물,02-330-1562~3,서울특별시 서대문구청,2025-01-01
신촌동10125,서울특별시 서대문구 봉원동42-11,126.9475249,37.5684055,건축물,02-330-1562~3,서울특별시 서대문구청,2025-01-01
신촌동8080,서울특별시 서대문구 봉원동43-1,126.9478283,37.5693723,씨피주,02-330-1562~3,서울특별시 서대문구청,2025-01-01
신촌동8081,서울특별시 서대문구 봉원동43-1,126.9478283,37.5693723,한전주,02-330-1562~3,서울특별시 서대문구청,2025-01-01
신촌동8077,서울특별시 서대문구 봉원동43-3,126.9477738,37.5692186,건축물,02-330-1562~3,서울특별시 서대문구청,2025-01-01
신촌동8069,서울특별시 서대문구 봉원동40-9,126.9478615,37.5686157,한전주,02-330-1562~3,서울특별시 서대문구청,2025-01-01
신촌동8007,서울특별시 서대문구 봉원동51-5,126.9459519,37.5699773,한전주,02-330-1562~3,서울특별시 서대문구청,2025-01-01
신촌동7021,서울특별시 서대문구 봉원동51-5,126.9459519,37.5699773,한전주,02-330-1562~3,서울특별시 서대문구청,2025-01-01
신촌동7070,서울특별시 서대문구 봉원동51-9,126.9456634,37.5695692,한전주,02-330-1562~3,서울특별시 서대문구청,2025-01-01
신촌동8035,서울특별시 서대문구 봉원동2-10,126.9453009,37.5736026,한전주,02-330-1562~3,서울특별시 서대문구청,2025-01-01
신촌동7089,서울특별시 서대문구 봉원동18-3,126.9465032,37.5710274,한전주,02-330-1562~3,서울특별시 서대문구청,2025-01-01
신촌동7096,서울특별시 서대문구 봉원동26,126.9476452,37.5719206,전용주,02-330-1562~3,서울특별시 서대문구청,2025-01-01
신촌동7097,서울특별시 서대문구 봉원동26,126.9476452,37.5719206,전용주,02-330-1562~3,서울특별시 서대문구청,2025-01-01
신촌동7101,서울특별시 서대문구 봉원동3-13,126.9459106,37.5729143,한전주,02-330-1562~3,서울특별시 서대문구청,2025-01-01
신촌동8028,서울특별시 서대문구 봉원동18-3,126.9465032,37.5710274,씨피주,02-330-1562~3,서울특별시 서대문구청,2025-01-01
신촌동6036,서울특별시 서대문구 봉원동101-6,126.9455769,37.5692801,건축물,02-330-1562~3,서울특별시 서대문구청,2025-01-01
신촌동8023,서울특별시 서대문구 봉원동124-2,126.9455769,37.5692801,전용주,02-330-1562~3,서울특별시 서대문구청,2025-01-01
신촌동8076,서울특별시 서대문구 봉원동42-28,126.9472364,37.5687994,건축물,02-330-1562~3,서울특별시 서대문구청,2025-01-01
신촌동7112,서울특별시 서대문구 봉원동산3-1,126.9467879,37.5701019,건축물,02-330-1562~3,서울특별시 서대문구청,2025-01-01
신촌동7114,서울특별시 서대문구 봉원동산3-1,126.9467879,37.5701019,건축물,02-330-1562~3,서울특별시 서대문구청,2025-01-01
신촌동7113,서울특별시 서대문구 봉원동산3-1,126.9467879,37.5701019,건축물,02-330-1562~3,서울특별시 서대문구청,2025-01-01
신촌동7083,서울특별시 서대문구 봉원동산16,126.9472624,37.5701692,건축물,02-330-1562~3,서울특별시 서대문구청,2025-01-01
신촌동8036,서울특별시 서대문구 봉원동산2-10,126.9490867,37.5700412,한전주,02-330-1562~3,서울특별시 서대문구청,2025-01-01
신촌동8033,서울특별시 서대문구 봉원동산2-10,126.9490867,37.5700412,한전주,02-330-1562~3,서울특별시 서대문구청,2025-01-01
신촌동8034,서울특별시 서대문구 봉원동산2-18,126.9489019,37.569499,한전주,02-330-1562~3,서울특별시 서대문구청,2025-01-01
신촌동7111,서울특별시 서대문구 봉원동산3-10,126.9470628,37.570672,한전주,02-330-1562~3,서울특별시 서대문구청,2025-01-01
신촌동7102,서울특별시 서대문구 봉원동산3-13,126.9475727,37.5706405,한전주,02-330-1562~3,서울특별시 서대문구청,2025-01-01
신촌동7115,서울특별시 서대문구 봉원동산3-16,126.9468047,37.5705165,전용주,02-330-1562~3,서울특별시 서대문구청,2025-01-01
신촌동7116,서울특별시 서대문구 봉원동산3-16,126.9468047,37.5705165,전용주,02-330-1562~3,서울특별시 서대문구청,2025-01-01
신촌동7104,서울특별시 서대문구 봉원동산3-18,126.9467572,37.5690654,한전주,02-330-1562~3,서울특별시 서대문구청,2025-01-01
신촌동10227,서울특별시 서대문구 봉원동51,126.945699,37.5702543,전용주,02-330-1562~3,서울특별시 서대문구청,2025-01-01
신촌동10226,서울특별시 서대문구 봉원동51,126.945699,37.5702543,전용주,02-330-1562~3,서울특별시 서대문구청,2025-01-01
신촌동7071,서울특별시 서대문구 봉원동51-9,126.9456634,37.5695692,한전주,02-330-1562~3,서울특별시 서대문구청,2025-01-01
신촌동8073,서울특별시 서대문구 봉원동45,126.9476818,37.568515,한전주,02-330-1562~3,서울특별시 서대문구청,2025-01-01
신촌동8008,서울특별시 서대문구 봉원동50-10,126.9461129,37.5697985,한전주,02-330-1562~3,서울특별시 서대문구청,2025-01-01
신촌동8068,서울특별시 서대문구 봉원동40-9,126.9478615,37.5686157,건축물,02-330-1562~3,서울특별시 서대문구청,2025-01-01
신촌동8070,서울특별시 서대문구 봉원동40-9,126.9478615,37.5686157,건축물,02-330-1562~3,서울특별시 서대문구청,2025-01-01
신촌동9011,서울특별시 서대문구 봉원동42-12,126.9473565,37.5683049,한전주,02-330-1562~3,서울특별시 서대문구청,2025-01-01
신촌동8079,서울특별시 서대문구 봉원동43-1,126.9478283,37.5693723,통신주,02-330-1562~3,서울특별시 서대문구청,2025-01-01
신촌동7072,서울특별시 서대문구 봉원동50-7,126.9464703,37.5701441,한전주,02-330-1562~3,서울특별시 서대문구청,2025-01-01
신촌동7108,서울특별시 서대문구 봉원동산2-16,126.948493,37.5695945,씨피주,02-330-1562~3,서울특별시 서대문구청,2025-01-01
신촌동9995,서울특별시 서대문구 봉원동42-14,126.9470846,37.5683205,전용주,02-330-1562~3,서울특별시 서대문구청,2025-01-01
신촌동9010,서울특별시 서대문구 봉원동42-16,126.9469301,37.5680398,한전주,02-330-1562~3,서울특별시 서대문구청,2025-01-01
신촌동8074,서울특별시 서대문구 봉원동42-18,126.9475842,37.5690187,한전주,02-330-1562~3,서울특별시 서대문구청,2025-01-01
신촌동36,서울특별시 서대문구 봉원동26,126.9476452,37.5719206,전용주,02-330-1562~3,서울특별시 서대문구청,2025-01-01
신촌동7124,서울특별시 서대문구 봉원동산2-9,126.9487772,37.5695069,한전주,02-330-1562~3,서울특별시 서대문구청,2025-01-01
신촌동7081,서울특별시 서대문구 신촌동16,126.9469661,37.5678959,한전주,02-330-1562~3,서울특별시 서대문구청,2025-01-01
신촌동7078,서울특별시 서대문구 신촌동18,126.9469661,37.5678959,전용주,02-330-1562~3,서울특별시 서대문구청,2025-01-01
신촌동7079,서울특별시 서대문구 신촌동18,126.9469661,37.5678959,전용주,02-330-1562~3,서울특별시 서대문구청,2025-01-01
신촌동7080,서울특별시 서대문구 신촌동18,126.9469661,37.5678959,한전주,02-330-1562~3,서울특별시 서대문구청,2025-01-01
신촌동7007,서울특별시 서대문구 신촌동22,126.9469661,37.5678959,씨피주,02-330-1562~3,서울특별시 서대문구청,2025-01-01
신촌동7092,서울특별시 서대문구 신촌동23,126.9452128,37.569412,한전주,02-330-1562~3,서울특별시 서대문구청,2025-01-01
신촌동7094,서울특별시 서대문구 신촌동26,126.9450107,37.5692931,전용주,02-330-1562~3,서울특별시 서대문구청,2025-01-01
신촌동7117,서울특별시 서대문구 신촌동26,126.9450107,37.5692931,한전주,02-330-1562~3,서울특별시 서대문구청,2025-01-01
신촌동7118,서울특별시 서대문구 신촌동26,126.9450107,37.5692931,한전주,02-330-1562~3,서울특별시 서대문구청,2025-01-01
신촌동8030,서울특별시 서대문구 신촌동26,126.9450107,37.5692931,전용주,02-330-1562~3,서울특별시 서대문구청,2025-01-01
신촌동8850,서울특별시 서대문구 신촌동26,126.9450107,37.5692931,한전주,02-330-1562~3,서울특별시 서대문구청,2025-01-01
신촌동7119,서울특별시 서대문구 신촌동29,126.9461837,37.567988,한전주,02-330-1562~3,서울특별시 서대문구청,2025-01-01
신촌동1-7,서울특별시 서대문구 신촌동32,126.9461837,37.567988,건축물,02-330-1562~3,서울특별시 서대문구청,2025-01-01
신촌동7107,서울특별시 서대문구 신촌동38,126.9454185,37.5684678,한전주,02-330-1562~3,서울특별시 서대문구청,2025-01-01
신촌동7097-1,서울특별시 서대문구 신촌동38,126.9454185,37.5684678,전용주,02-330-1562~3,서울특별시 서대문구청,2025-01-01
신촌동9,서울특별시 서대문구 신촌동42,126.9454185,37.5684678,전용주,02-330-1562~3,서울특별시 서대문구청,2025-01-01
신촌동10202,서울특별시 서대문구 신촌동51,126.9454185,37.5684678,전용주,02-330-1562~3,서울특별시 서대문구청,2025-01-01
신촌동1037,서울특별시 서대문구 신촌동119,126.9388155,37.5599479,건축물,02-330-1562~3,서울특별시 서대문구청,2025-01-01
신촌동6064,서울특별시 서대문구 신촌동144,126.9421662,37.5639155,한전주,02-330-1562~3,서울특별시 서대문구청,2025-01-01
신촌동6066,서울특별시 서대문구 신촌동144,126.9421662,37.5639155,한전주,02-330-1562~3,서울특별시 서대문구청,2025-01-01
신촌동6089,서울특별시 서대문구 신촌동150,126.9421662,37.5639155,한전주,02-330-1562~3,서울특별시 서대문구청,2025-01-01
신촌동2022,서울특별시 서대문구 신촌동198,126.9421662,37.5639155,건축물,02-330-1562~3,서울특별시 서대문구청,2025-01-01
신촌동9003,서울특별시 서대문구 신촌동211,126.9421662,37.5639155,씨피주,02-330-1562~3,서울특별시 서대문구청,2025-01-01
신촌동2042,서울특별시 서대문구 신촌동255,126.9421662,37.5639155,한전주,02-330-1562~3,서울특별시 서대문구청,2025-01-01
신촌동2038,서울특별시 서대문구 신촌동263,126.9421662,37.5639155,한전주,02-330-1562~3,서울특별시 서대문구청,2025-01-01
신촌동2037,서울특별시 서대문구 신촌동264,126.9421662,37.5639155,건축물,02-330-1562~3,서울특별시 서대문구청,2025-01-01
신촌동2036,서울특별시 서대문구 신촌동265,126.9421662,37.5639155,건축물,02-330-1562~3,서울특별시 서대문구청,2025-01-01
신촌동2035,서울특별시 서대문구 신촌동266,126.9421662,37.5639155,전용주,02-330-1562~3,서울특별시 서대문구청,2025-01-01
신촌동2025,서울특별시 서대문구 신촌동274,126.9421662,37.5639155,한전주,02-330-1562~3,서울특별시 서대문구청,2025-01-01
신촌동2041,서울특별시 서대문구 신촌동285,126.9421662,37.5639155,한전주,02-330-1562~3,서울특별시 서대문구청,2025-01-01
신촌동2045,서울특별시 서대문구 신촌동287,126.9421662,37.5639155,한전주,02-330-1562~3,서울특별시 서대문구청,2025-01-01
신촌동2047,서울특별시 서대문구 신촌동291,126.9421662,37.5639155,한전주,02-330-1562~3,서울특별시 서대문구청,2025-01-01
신촌동2050,서울특별시 서대문구 신촌동297,126.9421662,37.5639155,건축물,02-330-1562~3,서울특별시 서대문구청,2025-01-01
신촌동2055,서울특별시 서대문구 신촌동311,126.9421662,37.5639155,전용주,02-330-1562~3,서울특별시 서대문구청,2025-01-01
신촌동2053,서울특별시 서대문구 창천동334,126.9294927,37.5604854,한전주,02-330-1562~3,서울특별시 서대문구청,2025-01-01
신촌동2067,서울특별시 서대문구 신촌동336,126.9421662,37.5639155,한전주,02-330-1562~3,서울특별시 서대문구청,2025-01-01
신촌동9970,서울특별시 서대문구 신촌동336,126.9421662,37.5639155,한전주,02-330-1562~3,서울특별시 서대문구청,2025-01-01
신촌동2066,서울특별시 서대문구 신촌동337,126.9421662,37.5639155,통신주,02-330-1562~3,서울특별시 서대문구청,2025-01-01
신촌동2065,서울특별시 서대문구 신촌동338,126.9421662,37.5639155,한전주,02-330-1562~3,서울특별시 서대문구청,2025-01-01
신촌동2060,서울특별시 서대문구 신촌동344,126.9421662,37.5639155,건축물,02-330-1562~3,서울특별시 서대문구청,2025-01-01
신촌동2058,서울특별시 서대문구 신촌동346,126.9421662,37.5639155,통신주,02-330-1562~3,서울특별시 서대문구청,2025-01-01
신촌동2054,서울특별시 서대문구 신촌동349,126.9421662,37.5639155,건축물,02-330-1562~3,서울특별시 서대문구청,2025-01-01
신촌동2063,서울특별시 서대문구 신촌동366,126.9421662,37.5639155,한전주,02-330-1562~3,서울특별시 서대문구청,2025-01-01
신촌동2071,서울특별시 서대문구 신촌동368,126.9421662,37.5639155,한전주,02-330-1562~3,서울특별시 서대문구청,2025-01-01
신촌동2091,서울특별시 서대문구 신촌동376,126.9421662,37.5639155,한전주,02-330-1562~3,서울특별시 서대문구청,2025-01-01
신촌동2029,서울특별시 서대문구 신촌동376,126.9421662,37.5639155,한전주,02-330-1562~3,서울특별시 서대문구청,2025-01-01
신촌동2092,서울특별시 서대문구 신촌동380,126.9421662,37.5639155,한전주,02-330-1562~3,서울특별시 서대문구청,2025-01-01
신촌동2072,서울특별시 서대문구 신촌동381,126.9421662,37.5639155,한전주,02-330-1562~3,서울특별시 서대문구청,2025-01-01
신촌동2076,서울특별시 서대문구 신촌동388,126.9421662,37.5639155,한전주,02-330-1562~3,서울특별시 서대문구청,2025-01-01
신촌동2011-1,서울특별시 서대문구 신촌동396,126.9421662,37.5639155,한전주,02-330-1562~3,서울특별시 서대문구청,2025-01-01
연희동1452,서울특별시 서대문구 연희동519-127,126.9235397,37.5722438,통신주,02-330-1562~3,서울특별시 서대문구청,2025-01-01
신촌동2086,서울특별시 서대문구 신촌동417,126.9421662,37.5639155,한전주,02-330-1562~3,서울특별시 서대문구청,2025-01-01
신촌동2084,서울특별시 서대문구 신촌동421,126.9421662,37.5639155,건축물,02-330-1562~3,서울특별시 서대문구청,2025-01-01
신촌동2006,서울특별시 서대문구 신촌동428,126.9421662,37.5639155,한전주,02-330-1562~3,서울특별시 서대문구청,2025-01-01
신촌동2005,서울특별시 서대문구 신촌동428,126.9421662,37.5639155,한전주,02-330-1562~3,서울특별시 서대문구청,2025-01-01
신촌동1133,서울특별시 서대문구 신촌동432,126.9421662,37.5639155,전용주,02-330-1562~3,서울특별시 서대문구청,2025-01-01
신촌동2433,서울특별시 서대문구 신촌동470,126.9421662,37.5639155,전용주,02-330-1562~3,서울특별시 서대문구청,2025-01-01
신촌동8830,서울특별시 서대문구 신촌동477,126.9421662,37.5639155,한전주,02-330-1562~3,서울특별시 서대문구청,2025-01-01
신촌동2081,서울특별시 서대문구 신촌동477,126.9421662,37.5639155,한전주,02-330-1562~3,서울특별시 서대문구청,2025-01-01
신촌동2007,서울특별시 서대문구 신촌동493,126.9421662,37.5639155,한전주,02-330-1562~3,서울특별시 서대문구청,2025-01-01
신촌동7008,서울특별시 서대문구 신촌동31-2,126.9461837,37.567988,한전주,02-330-1562~3,서울특별시 서대문구청,2025-01-01
신촌동9013,서울특별시 서대문구 신촌동40-11,126.9454185,37.5684678,건축물,02-330-1562~3,서울특별시 서대문구청,2025-01-01
신촌동4049,서울특별시 서대문구 신촌동41-1,126.9454185,37.5684678,전용주,02-330-1562~3,서울특별시 서대문구청,2025-01-01
신촌동8570,서울특별시 서대문구 신촌동45-1,126.9454185,37.5684678,한전주,02-330-1562~3,서울특별시 서대문구청,2025-01-01
신촌동8571,서울특별시 서대문구 신촌동45-6,126.9454185,37.5684678,건축물,02-330-1562~3,서울특별시 서대문구청,2025-01-01
신촌동4045,서울특별시 서대문구 신촌동45-9,126.9454185,37.5684678,한전주,02-330-1562~3,서울특별시 서대문구청,2025-01-01
신촌동1-14,서울특별시 서대문구 신촌동47-2,126.9454185,37.5684678,전용주,02-330-1562~3,서울특별시 서대문구청,2025-01-01
신촌동4034,서울특별시 서대문구 신촌동50-3,126.9454185,37.5684678,한전주,02-330-1562~3,서울특별시 서대문구청,2025-01-01
신촌동7019,서울특별시 서대문구 신촌동50-1,126.9454185,37.5684678,한전주,02-330-1562~3,서울특별시 서대문구청,2025-01-01
신촌동4050,서울특별시 서대문구 신촌동50-5,126.9454185,37.5684678,건축물,02-330-1562~3,서울특별시 서대문구청,2025-01-01
신촌동7073,서울특별시 서대문구 신촌동51-6,126.9454185,37.5684678,씨피주,02-330-1562~3,서울특별시 서대문구청,2025-01-01
신촌동7050,서울특별시 서대문구 신촌동52-1,126.9434683,37.5702974,통신주,02-330-1562~3,서울특별시 서대문구청,2025-01-01
신촌동8825,서울특별시 서대문구 신촌동52-3,126.9439381,37.5698962,한전주,02-330-1562~3,서울특별시 서대문구청,2025-01-01
신촌동7053,서울특별시 서대문구 신촌동52-1,126.9434683,37.5702974,한전주,02-330-1562~3,서울특별시 서대문구청,2025-01-01
신촌동7278,서울특별시 서대문구 신촌동52-1,126.9434683,37.5702974,씨피주,02-330-1562~3,서울특별시 서대문구청,2025-01-01
신촌동7130,서울특별시 서대문구 신촌동52-1,126.9434683,37.5702974,한전주,02-330-1562~3,서울특별시 서대문구청,2025-01-01
신촌동7055,서울특별시 서대문구 신촌동52-4,126.9440998,37.5696724,한전주,02-330-1562~3,서울특별시 서대문구청,2025-01-01
신촌동7012,서울특별시 서대문구 신촌동52-5,126.9436399,37.5701728,건축물,02-330-1562~3,서울특별시 서대문구청,2025-01-01
신촌동7051,서울특별시 서대문구 신촌동52-5,126.9436399,37.5701728,한전주,02-330-1562~3,서울특별시 서대문구청,2025-01-01
신촌동7054,서울특별시 서대문구 신촌동52-8,126.9440071,37.5698247,한전주,02-330-1562~3,서울특별시 서대문구청,2025-01-01
신촌동7056,서울특별시 서대문구 신촌동52-4,126.9440998,37.5696724,한전주,02-330-1562~3,서울특별시 서대문구청,2025-01-01
신촌동6055,서울특별시 서대문구 신촌동53-9,126.9437012,37.56984,한전주,02-330-1562~3,서울특별시 서대문구청,2025-01-01
신촌동6024,서울특별시 서대문구 대현동56-10,126.9448452,37.5585603,한전주,02-330-1562~3,서울특별시 서대문구청,2025-01-01
신촌동6546,서울특별시 서대문구 신촌동56-10,126.9437012,37.56984,한전주,02-330-1562~3,서울특별시 서대문구청,2025-01-01
신촌동4018,서울특별시 서대문구 신촌동57-3,126.9437012,37.56984,한전주,02-330-1562~3,서울특별시 서대문구청,2025-01-01
신촌동6005,서울특별시 서대문구 신촌동58-7,126.9437012,37.56984,통신주,02-330-1562~3,서울특별시 서대문구청,2025-01-01
신촌동1109-1,서울특별시 서대문구 신촌동67-6,126.9437012,37.56984,건축물,02-330-1562~3,서울특별시 서대문구청,2025-01-01
신촌동1135,서울특별시 서대문구 신촌동68-3,126.9437012,37.56984,건축물,02-330-1562~3,서울특별시 서대문구청,2025-01-01
신촌동3048,서울특별시 서대문구 신촌동72-1,126.9437012,37.56984,한전주,02-330-1562~3,서울특별시 서대문구청,2025-01-01
신촌동5224,서울특별시 서대문구 신촌동74-12,126.9421001,37.5597881,전용주,02-330-1562~3,서울특별시 서대문구청,2025-01-01
신촌동5224공용,서울특별시 서대문구 신촌동74-12,126.9421001,37.5597881,전용주,02-330-1562~3,서울특별시 서대문구청,2025-01-01
신촌동5225-1,서울특별시 서대문구 신촌동74-12,126.9421001,37.5597881,전용주,02-330-1562~3,서울특별시 서대문구청,2025-01-01
신촌동5226,서울특별시 서대문구 신촌동74-12,126.9421001,37.5597881,전용주,02-330-1562~3,서울특별시 서대문구청,2025-01-01
신촌동5227,서울특별시 서대문구 신촌동74-12,126.9421001,37.5597881,전용주,02-330-1562~3,서울특별시 서대문구청,2025-01-01
신촌동7022,서울특별시 서대문구 신촌동84-5,126.9416084,37.5601442,한전주,02-330-1562~3,서울특별시 서대문구청,2025-01-01
신촌동7021-1,서울특별시 서대문구 신촌동84-6,126.9416084,37.5601442,한전주,02-330-1562~3,서울특별시 서대문구청,2025-01-01
신촌동8803,서울특별시 서대문구 대신동84-8,126.9438414,37.5639215,한전주,02-330-1562~3,서울특별시 서대문구청,2025-01-01
신촌동7018,서울특별시 서대문구 신촌동84-8,126.9416084,37.5601442,한전주,02-330-1562~3,서울특별시 서대문구청,2025-01-01
신촌동6042,서울특별시 서대문구 신촌동90-6,126.9409417,37.5600661,한전주,02-330-1562~3,서울특별시 서대문구청,2025-01-01
신촌동6441,서울특별시 서대문구 신촌동90-7,126.9409417,37.5600661,건축물,02-330-1562~3,서울특별시 서대문구청,2025-01-01
신촌동1035,서울특별시 서대문구 신촌동91-6,126.9409417,37.5600661,통신주,02-330-1562~3,서울특별시 서대문구청,2025-01-01
신촌동7030,서울특별시 서대문구 신촌동93,126.9410876,37.5601485,한전주,02-330-1562~3,서울특별시 서대문구청,2025-01-01
신촌동10,서울특별시 서대문구 신촌동91-6,126.9409417,37.5600661,건축물,02-330-1562~3,서울특별시 서대문구청,2025-01-01
신촌동7029,서울특별시 서대문구 신촌동91-7,126.9409417,37.5600661,한전주,02-330-1562~3,서울특별시 서대문구청,2025-01-01
신촌동7029,서울특별시 서대문구 창천동98-3,126.932046,37.5608149,한전주,02-330-1562~3,서울특별시 서대문구청,2025-01-01
신촌동1014,서울특별시 서대문구 신촌동98-3,126.9410876,37.5601485,한전주,02-330-1562~3,서울특별시 서대문구청,2025-01-01
신촌동9007,서울특별시 서대문구 신촌동1-18,126.9471579,37.5679427,건축물,02-330-1562~3,서울특별시 서대문구청,2025-01-01
신촌동9008,서울특별시 서대문구 신촌동1-20,126.9471607,37.5677445,건축물,02-330-1562~3,서울특별시 서대문구청,2025-01-01
신촌동8918,서울특별시 서대문구 신촌동1-20,126.9471607,37.5677445,건축물,02-330-1562~3,서울특별시 서대문구청,2025-01-01
신촌동7063,서울특별시 서대문구 신촌동22-1,126.9452235,37.5694572,건축물,02-330-1562~3,서울특별시 서대문구청,2025-01-01
신촌동7095,서울특별시 서대문구 봉원동26,126.9476452,37.5719206,전용주,02-330-1562~3,서울특별시 서대문구청,2025-01-01
신촌동7065,서울특별시 서대문구 신촌동24-1,126.9452202,37.5696914,건축물,02-330-1562~3,서울특별시 서대문구청,2025-01-01
신촌동1022,서울특별시 서대문구 신촌동27-1,126.9441706,37.5694658,한전주,02-330-1562~3,서울특별시 서대문구청,2025-01-01
신촌동7066,서울특별시 서대문구 신촌동22-3,126.9453518,37.569188,건축물,02-330-1562~3,서울특별시 서대문구청,2025-01-01
신촌동7067,서울특별시 서대문구 신촌동22-3,126.9453518,37.569188,건축물,02-330-1562~3,서울특별시 서대문구청,2025-01-01
신촌동7059,서울특별시 서대문구 신촌동24-3,126.9450257,37.5698338,한전주,02-330-1562~3,서울특별시 서대문구청,2025-01-01
신촌동4094,서울특별시 서대문구 신촌동4-16,126.9482625,37.567475,건축물,02-330-1562~3,서울특별시 서대문구청,2025-01-01
신촌동4423,서울특별시 서대문구 신촌동4-17,126.9482625,37.567475,통신주,02-330-1562~3,서울특별시 서대문구청,2025-01-01
신촌동327,서울특별시 서대문구 신촌동24-4,126.9450622,37.5696539,건축물,02-330-1562~3,서울특별시 서대문구청,2025-01-01
신촌동7064,서울특별시 서대문구 신촌동24-4,126.9450622,37.5696539,건축물,02-330-1562~3,서울특별시 서대문구청,2025-01-01
신촌동4112,서울특별시 서대문구 신촌동4-26,126.9482625,37.567475,건축물,02-330-1562~3,서울특별시 서대문구청,2025-01-01
신촌동4111,서울특별시 서대문구 신촌동4-26,126.9482625,37.567475,건축물,02-330-1562~3,서울특별시 서대문구청,2025-01-01
신촌동4399,서울특별시 서대문구 신촌동4-27,126.9482625,37.567475,건축물,02-330-1562~3,서울특별시 서대문구청,2025-01-01
신촌동538,서울특별시 서대문구 신촌동4-27,126.9482625,37.567475,전용주,02-330-1562~3,서울특별시 서대문구청,2025-01-01
신촌동5002,서울특별시 서대문구 신촌동5-7,126.9482625,37.567475,씨피주,02-330-1562~3,서울특별시 서대문구청,2025-01-01
신촌동5004,서울특별시 서대문구 신촌동5-17,126.9482625,37.567475,건축물,02-330-1562~3,서울특별시 서대문구청,2025-01-01
신촌동5007,서울특별시 서대문구 신촌동5-24,126.9482625,37.567475,한전주,02-330-1562~3,서울특별시 서대문구청,2025-01-01
신촌동7061,서울특별시 서대문구 신촌동24-6,126.9450072,37.5695453,한전주,02-330-1562~3,서울특별시 서대문구청,2025-01-01
신촌동7098,서울특별시 서대문구 신촌동30-6,126.9461837,37.567988,건축물,02-330-1562~3,서울특별시 서대문구청,2025-01-01
신촌동7099,서울특별시 서대문구 신촌동31-7,126.9461837,37.567988,한전주,02-330-1562~3,서울특별시 서대문구청,2025-01-01
신촌동4037,서울특별시 서대문구 신촌동31-8,126.9461837,37.567988,통신주,02-330-1562~3,서울특별시 서대문구청,2025-01-01
신촌동4024,서울특별시 서대문구 창천동9-19,126.9398101,37.559245,한전주,02-330-1562~3,서울특별시 서대문구청,2025-01-01
신촌동1072,서울특별시 서대문구 신촌동100-112,126.9392749,37.5602764,한전주,02-330-1562~3,서울특별시 서대문구청,2025-01-01
신촌동9911,서울특별시 서대문구 신촌동100-114,126.9392749,37.5602764,전용주,02-330-1562~3,서울특별시 서대문구청,2025-01-01
신촌동1041,서울특별시 서대문구 신촌동100-83,126.9392749,37.5602764,한전주,02-330-1562~3,서울특별시 서대문구청,2025-01-01
신촌동6048,서울특별시 서대문구 신촌동101-15,126.9392749,37.5602764,한전주,02-330-1562~3,서울특별시 서대문구청,2025-01-01
신촌동5099,서울특별시 서대문구 신촌동104-25,126.9392749,37.5602764,한전주,02-330-1562~3,서울특별시 서대문구청,2025-01-01
신촌동4064,서울특별시 서대문구 신촌동104-25,126.9392749,37.5602764,한전주,02-330-1562~3,서울특별시 서대문구청,2025-01-01
신촌동4063,서울특별시 서대문구 신촌동104-25,126.9392749,37.5602764,건축물,02-330-1562~3,서울특별시 서대문구청,2025-01-01
신촌동5102,서울특별시 서대문구 신촌동104-5,126.9392749,37.5602764,한전주,02-330-1562~3,서울특별시 서대문구청,2025-01-01
신촌동4069,서울특별시 서대문구 신촌동110-20,126.938777,37.5602629,한전주,02-330-1562~3,서울특별시 서대문구청,2025-01-01
신촌동4070,서울특별시 서대문구 신촌동110-20,126.938777,37.5602629,한전주,02-330-1562~3,서울특별시 서대문구청,2025-01-01
신촌동4072,서울특별시 서대문구 신촌동110-38,126.938777,37.5602629,한전주,02-330-1562~3,서울특별시 서대문구청,2025-01-01
신촌동20,서울특별시 서대문구 신촌동111-10,126.938777,37.5602629,건축물,02-330-1562~3,서울특별시 서대문구청,2025-01-01
신촌동9947,서울특별시 서대문구 신촌동112-26,126.938777,37.5602629,한전주,02-330-1562~3,서울특별시 서대문구청,2025-01-01
신촌동1088,서울특별시 서대문구 신촌동112-27,126.938777,37.5602629,한전주,02-330-1562~3,서울특별시 서대문구청,2025-01-01
신촌동7125,서울특별시 서대문구 신촌동115-7,126.938777,37.5602629,한전주,02-330-1562~3,서울특별시 서대문구청,2025-01-01
신촌동7038,서울특별시 서대문구 신촌동115-9,126.938777,37.5602629,씨피주,02-330-1562~3,서울특별시 서대문구청,2025-01-01
신촌동5021,서울특별시 서대문구 신촌동13-57,126.9469661,37.5678959,한전주,02-330-1562~3,서울특별시 서대문구청,2025-01-01
신촌동9917,서울특별시 서대문구 신촌동137-2,126.9421662,37.5639155,건축물,02-330-1562~3,서울특별시 서대문구청,2025-01-01
신촌동5079,서울특별시 서대문구 신촌동13-83,126.9469661,37.5678959,한전주,02-330-1562~3,서울특별시 서대문구청,2025-01-01
신촌동5056,서울특별시 서대문구 창천동13-98,126.9393102,37.5569879,한전주,02-330-1562~3,서울특별시 서대문구청,2025-01-01
신촌동8,서울특별시 서대문구 신촌동13-99,126.9469661,37.5678959,건축물,02-330-1562~3,서울특별시 서대문구청,2025-01-01
신촌동8016,서울특별시 서대문구 신촌동127-16,126.9395695,37.5618468,건축물,02-330-1562~3,서울특별시 서대문구청,2025-01-01
신촌동5119,서울특별시 서대문구 신촌동142-9,126.9421662,37.5639155,건축물,02-330-1562~3,서울특별시 서대문구청,2025-01-01
신촌동7036,서울특별시 서대문구 신촌동143-4,126.9421662,37.5639155,한전주,02-330-1562~3,서울특별시 서대문구청,2025-01-01
신촌동8041,서울특별시 서대문구 신촌동1-69,126.9490438,37.5682568,건축물,02-330-1562~3,서울특별시 서대문구청,2025-01-01
신촌동9657,서울특별시 서대문구 신촌동1-70,126.949045,37.5681757,건축물,02-330-1562~3,서울특별시 서대문구청,2025-01-01
신촌동9993,서울특별시 서대문구 신촌동1-71,126.9490017,37.5680312,전용주,02-330-1562~3,서울특별시 서대문구청,2025-01-01
신촌동8039,서울특별시 서대문구 신촌동1-81,126.9492042,37.5681231,통신주,02-330-1562~3,서울특별시 서대문구청,2025-01-01
신촌동8042,서울특별시 서대문구 신촌동1-82,126.9489645,37.5682651,전용주,02-330-1562~3,서울특별시 서대문구청,2025-01-01
신촌동5086,서울특별시 서대문구 신촌동18-36,126.9469661,37.5678959,한전주,02-330-1562~3,서울특별시 서대문구청,2025-01-01
신촌동8037,서울특별시 서대문구 신촌동1-99,126.9492032,37.5681952,건축물,02-330-1562~3,서울특별시 서대문구청,2025-01-01
신촌동8038,서울특별시 서대문구 신촌동1-99,126.9492032,37.5681952,건축물,02-330-1562~3,서울특별시 서대문구청,2025-01-01
신촌동10137-1,서울특별시 서대문구 신촌동1-99,126.9492032,37.5681952,건축물,02-330-1562~3,서울특별시 서대문구청,2025-01-01
신촌동9003-1,서울특별시 서대문구 신촌동2-231,126.9500725,37.5683561,씨피주,02-330-1562~3,서울특별시 서대문구청,2025-01-01
신촌동8921,서울특별시 서대문구 신촌동1-99,126.9492032,37.5681952,전용주,02-330-1562~3,서울특별시 서대문구청,2025-01-01
신촌동5043,서울특별시 서대문구 신촌동20-108,126.9469661,37.5678959,전용주,02-330-1562~3,서울특별시 서대문구청,2025-01-01
신촌동5035,서울특별시 서대문구 신촌동20-20,126.9469661,37.5678959,한전주,02-330-1562~3,서울특별시 서대문구청,2025-01-01
신촌동8919,서울특별시 서대문구 신촌동2-119,126.9484533,37.5675848,건축물,02-330-1562~3,서울특별시 서대문구청,2025-01-01
신촌동8050,서울특별시 서대문구 신촌동2-125,126.9483118,37.567989,한전주,02-330-1562~3,서울특별시 서대문구청,2025-01-01
신촌동124,서울특별시 서대문구 신촌동2-136,126.9484022,37.5679988,건축물,02-330-1562~3,서울특별시 서대문구청,2025-01-01
신촌동10202-1,서울특별시 서대문구 신촌동2-135,126.948614,37.568235,전용주,02-330-1562~3,서울특별시 서대문구청,2025-01-01
신촌동8046,서울특별시 서대문구 신촌동2-135,126.948614,37.568235,한전주,02-330-1562~3,서울특별시 서대문구청,2025-01-01
신촌동8045,서울특별시 서대문구 신촌동2-135,126.948614,37.568235,한전주,02-330-1562~3,서울특별시 서대문구청,2025-01-01
신촌동8051,서울특별시 서대문구 신촌동2-135,126.948614,37.568235,한전주,02-330-1562~3,서울특별시 서대문구청,2025-01-01
신촌동8052,서울특별시 서대문구 신촌동2-135,126.948614,37.568235,한전주,02-330-1562~3,서울특별시 서대문구청,2025-01-01
신촌동8057,서울특별시 서대문구 신촌동2-142,126.9488911,37.56785,한전주,02-330-1562~3,서울특별시 서대문구청,2025-01-01
신촌동8058,서울특별시 서대문구 신촌동2-162,126.948688,37.5678031,한전주,02-330-1562~3,서울특별시 서대문구청,2025-01-01
신촌동8059,서울특별시 서대문구 신촌동2-156,126.9482364,37.567718,한전주,02-330-1562~3,서울특별시 서대문구청,2025-01-01
신촌동8053,서울특별시 서대문구 신촌동2-167,126.9489581,37.5679137,건축물,02-330-1562~3,서울특별시 서대문구청,2025-01-01
신촌동8048,서울특별시 서대문구 신촌동2-208,126.9485145,37.5680629,건축물,02-330-1562~3,서울특별시 서대문구청,2025-01-01
신촌동9002,서울특별시 서대문구 신촌동2-213,126.9495742,37.5691806,건축물,02-330-1562~3,서울특별시 서대문구청,2025-01-01
신촌동9001,서울특별시 서대문구 신촌동2-213,126.9495742,37.5691806,건축물,02-330-1562~3,서울특별시 서대문구청,2025-01-01
신촌동9004-1,서울특별시 서대문구 신촌동2-213,126.9495742,37.5691806,건축물,02-330-1562~3,서울특별시 서대문구청,2025-01-01
신촌동9005-1,서울특별시 서대문구 신촌동2-213,126.9495742,37.5691806,건축물,02-330-1562~3,서울특별시 서대문구청,2025-01-01
신촌동8904,서울특별시 서대문구 신촌동2-33,126.9488415,37.5681559,전용주,02-330-1562~3,서울특별시 서대문구청,2025-01-01
신촌동4028,서울특별시 서대문구 신촌동2-39,126.9488415,37.5681559,전용주,02-330-1562~3,서울특별시 서대문구청,2025-01-01
신촌동4029,서울특별시 서대문구 신촌동2-42,126.9488415,37.5681559,한전주,02-330-1562~3,서울특별시 서대문구청,2025-01-01
신촌동8909,서울특별시 서대문구 신촌동2-46,126.9488415,37.5681559,전용주,02-330-1562~3,서울특별시 서대문구청,2025-01-01
신촌동8065,서울특별시 서대문구 신촌동2-76,126.9480482,37.567419,한전주,02-330-1562~3,서울특별시 서대문구청,2025-01-01
신촌동8060,서울특별시 서대문구 신촌동2-75,126.948126,37.5675188,한전주,02-330-1562~3,서울특별시 서대문구청,2025-01-01
신촌동8062,서울특별시 서대문구 신촌동2-75,126.948126,37.5675188,한전주,02-330-1562~3,서울특별시 서대문구청,2025-01-01
신촌동4027,서울특별시 서대문구 창천동2-77,126.9391197,37.5592478,한전주,02-330-1562~3,서울특별시 서대문구청,2025-01-01
신촌동1-2,서울특별시 서대문구 신촌동2-93,126.9480853,37.5671941,전용주,02-330-1562~3,서울특별시 서대문구청,2025-01-01
신촌동4026,서울특별시 서대문구 창천동2-78,126.9392217,37.5592397,한전주,02-330-1562~3,서울특별시 서대문구청,2025-01-01
신촌동4025,서울특별시 서대문구 신촌동2-79,126.9483756,37.567476,건축물,02-330-1562~3,서울특별시 서대문구청,2025-01-01
신촌동8464,서울특별시 서대문구 신촌동2-82,126.9488149,37.5676331,건축물,02-330-1562~3,서울특별시 서대문구청,2025-01-01
신촌동8063,서울특별시 서대문구 신촌동2-84,126.9485117,37.5674592,한전주,02-330-1562~3,서울특별시 서대문구청,2025-01-01
신촌동8917,서울특별시 서대문구 신촌동2-85,126.9483539,37.5674127,건축물,02-330-1562~3,서울특별시 서대문구청,2025-01-01
신촌동8064,서울특별시 서대문구 신촌동2-88,126.9486834,37.5673255,건축물,02-330-1562~3,서울특별시 서대문구청,2025-01-01
신촌동5093,서울특별시 서대문구 신촌동29-24,126.9461837,37.567988,한전주,02-330-1562~3,서울특별시 서대문구청,2025-01-01
신촌동5094,서울특별시 서대문구 신촌동29-25,126.9461837,37.567988,한전주,02-330-1562~3,서울특별시 서대문구청,2025-01-01
신촌동5082,서울특별시 서대문구 신촌동29-30,126.9461837,37.567988,한전주,02-330-1562~3,서울특별시 서대문구청,2025-01-01
신촌동5083,서울특별시 서대문구 신촌동29-45,126.9461837,37.567988,한전주,02-330-1562~3,서울특별시 서대문구청,2025-01-01
신촌동5085,서울특별시 서대문구 신촌동29-64,126.9461837,37.567988,한전주,02-330-1562~3,서울특별시 서대문구청,2025-01-01
신촌동5090,서울특별시 서대문구 신촌동29-68,126.9461837,37.567988,한전주,02-330-1562~3,서울특별시 서대문구청,2025-01-01
신촌동5084,서울특별시 서대문구 신촌동29-70,126.9461837,37.567988,한전주,02-330-1562~3,서울특별시 서대문구청,2025-01-01
신촌동5050,서울특별시 서대문구 신촌동29-74,126.9461837,37.567988,한전주,02-330-1562~3,서울특별시 서대문구청,2025-01-01
신촌동5087,서울특별시 서대문구 신촌동29-88,126.9461837,37.567988,건축물,02-330-1562~3,서울특별시 서대문구청,2025-01-01
신촌동11,서울특별시 서대문구 신촌동29-90,126.9461837,37.567988,한전주,02-330-1562~3,서울특별시 서대문구청,2025-01-01
신촌동4003,서울특별시 서대문구 창천동31-55,126.9364103,37.5571601,한전주,02-330-1562~3,서울특별시 서대문구청,2025-01-01
신촌동4020,서울특별시 서대문구 신촌동33-47,126.9461837,37.567988,건축물,02-330-1562~3,서울특별시 서대문구청,2025-01-01
신촌동6009,서울특별시 서대문구 신촌동34-15,126.9454185,37.5684678,건축물,02-330-1562~3,서울특별시 서대문구청,2025-01-01
신촌동6008,서울특별시 서대문구 신촌동34-15,126.9454185,37.5684678,건축물,02-330-1562~3,서울특별시 서대문구청,2025-01-01
신촌동6007,서울특별시 서대문구 신촌동34-15,126.9454185,37.5684678,건축물,02-330-1562~3,서울특별시 서대문구청,2025-01-01
신촌동6006,서울특별시 서대문구 신촌동34-15,126.9454185,37.5684678,건축물,02-330-1562~3,서울특별시 서대문구청,2025-01-01
신촌동6003,서울특별시 서대문구 신촌동34-19,126.9454185,37.5684678,한전주,02-330-1562~3,서울특별시 서대문구청,2025-01-01
신촌동9919,서울특별시 서대문구 신촌동34-19,126.9454185,37.5684678,한전주,02-330-1562~3,서울특별시 서대문구청,2025-01-01
신촌동6002,서울특별시 서대문구 대현동34-23,126.9447306,37.5594603,한전주,02-330-1562~3,서울특별시 서대문구청,2025-01-01
신촌동6001,서울특별시 서대문구 신촌동34-24,126.9454185,37.5684678,한전주,02-330-1562~3,서울특별시 서대문구청,2025-01-01
신촌동9914,서울특별시 서대문구 대현동34-24,126.9445713,37.5595219,한전주,02-330-1562~3,서울특별시 서대문구청,2025-01-01
신촌동6001-1,서울특별시 서대문구 신촌동34-24,126.9454185,37.5684678,한전주,02-330-1562~3,서울특별시 서대문구청,2025-01-01
신촌동5118,서울특별시 서대문구 신촌동34-36,126.9454185,37.5684678,통신주,02-330-1562~3,서울특별시 서대문구청,2025-01-01
신촌동9916,서울특별시 서대문구 대현동34-38,126.9438371,37.5594163,건축물,02-330-1562~3,서울특별시 서대문구청,2025-01-01
신촌동9915,서울특별시 서대문구 대현동34-40,126.9439479,37.5595794,건축물,02-330-1562~3,서울특별시 서대문구청,2025-01-01
신촌동9925,서울특별시 서대문구 신촌동34-41,126.9454185,37.5684678,건축물,02-330-1562~3,서울특별시 서대문구청,2025-01-01
신촌동9924,서울특별시 서대문구 신촌동34-49,126.9454185,37.5684678,건축물,02-330-1562~3,서울특별시 서대문구청,2025-01-01
신촌동5120,서울특별시 서대문구 대현동34-51,126.9441425,37.559428,한전주,02-330-1562~3,서울특별시 서대문구청,2025-01-01
신촌동1134,서울특별시 서대문구 신촌동37-15,126.9454185,37.5684678,한전주,02-330-1562~3,서울특별시 서대문구청,2025-01-01
신촌동6032,서울특별시 서대문구 신촌동37-25,126.9454185,37.5684678,한전주,02-330-1562~3,서울특별시 서대문구청,2025-01-01
신촌동1135-1,서울특별시 서대문구 신촌동37-32,126.9454185,37.5684678,통신주,02-330-1562~3,서울특별시 서대문구청,2025-01-01
신촌동6022,서울특별시 서대문구 대현동37-49,126.9443482,37.5584838,한전주,02-330-1562~3,서울특별시 서대문구청,2025-01-01
신촌동6018,서울특별시 서대문구 신촌동37-60,126.9454185,37.5684678,한전주,02-330-1562~3,서울특별시 서대문구청,2025-01-01
신촌동19-1,서울특별시 서대문구 신촌동37-64,126.9454185,37.5684678,건축물,02-330-1562~3,서울특별시 서대문구청,2025-01-01
신촌동6021,서울특별시 서대문구 신촌동37-69,126.9454185,37.5684678,한전주,02-330-1562~3,서울특별시 서대문구청,2025-01-01
신촌동5034,서울특별시 서대문구 신촌동4-103,126.9482625,37.567475,통신주,02-330-1562~3,서울특별시 서대문구청,2025-01-01
신촌동9904,서울특별시 서대문구 신촌동4-109,126.9482625,37.567475,건축물,02-330-1562~3,서울특별시 서대문구청,2025-01-01
신촌동5070,서울특별시 서대문구 신촌동4-113,126.9482625,37.567475,건축물,02-330-1562~3,서울특별시 서대문구청,2025-01-01
신촌동4048,서울특별시 서대문구 신촌동41-18,126.9454185,37.5684678,건축물,02-330-1562~3,서울특별시 서대문구청,2025-01-01
신촌동4092,서울특별시 서대문구 신촌동4-119,126.9482625,37.567475,한전주,02-330-1562~3,서울특별시 서대문구청,2025-01-01
신촌동4098,서울특별시 서대문구 신촌동4-133,126.9482625,37.567475,한전주,02-330-1562~3,서울특별시 서대문구청,2025-01-01
신촌동4352,서울특별시 서대문구 신촌동4-136,126.9482625,37.567475,건축물,02-330-1562~3,서울특별시 서대문구청,2025-01-01
신촌동8075,서울특별시 서대문구 신촌동42-19,126.9454185,37.5684678,건축물,02-330-1562~3,서울특별시 서대문구청,2025-01-01
신촌동4055,서울특별시 서대문구 신촌동4-37,126.9482625,37.567475,한전주,02-330-1562~3,서울특별시 서대문구청,2025-01-01
신촌동4057,서울특별시 서대문구 신촌동4-38,126.9482625,37.567475,한전주,02-330-1562~3,서울특별시 서대문구청,2025-01-01
신촌동5028,서울특별시 서대문구 신촌동4-46,126.9482625,37.567475,한전주,02-330-1562~3,서울특별시 서대문구청,2025-01-01
신촌동9991,서울특별시 서대문구 신촌동4-47,126.9482625,37.567475,건축물,02-330-1562~3,서울특별시 서대문구청,2025-01-01
신촌동6107,서울특별시 서대문구 신촌동45-47,126.9454185,37.5684678,건축물,02-330-1562~3,서울특별시 서대문구청,2025-01-01
신촌동5001,서울특별시 서대문구 창천동4-53,126.9403983,37.5584754,한전주,02-330-1562~3,서울특별시 서대문구청,2025-01-01
신촌동6108,서울특별시 서대문구 대현동67-73,126.9474101,37.5572586,건축물,02-330-1562~3,서울특별시 서대문구청,2025-01-01
신촌동5020,서울특별시 서대문구 신촌동4-62,126.9482625,37.567475,건축물,02-330-1562~3,서울특별시 서대문구청,2025-01-01
신촌동1-15,서울특별시 서대문구 신촌동47-20,126.9454185,37.5684678,전용주,02-330-1562~3,서울특별시 서대문구청,2025-01-01
신촌동8905,서울특별시 서대문구 신촌동47-20,126.9454185,37.5684678,전용주,02-330-1562~3,서울특별시 서대문구청,2025-01-01
신촌동4032,서울특별시 서대문구 신촌동47-39,126.9454185,37.5684678,전용주,02-330-1562~3,서울특별시 서대문구청,2025-01-01
신촌동4033,서울특별시 서대문구 신촌동47-39,126.9454185,37.5684678,전용주,02-330-1562~3,서울특별시 서대문구청,2025-01-01
신촌동4030,서울특별시 서대문구 신촌동47-39,126.9454185,37.5684678,전용주,02-330-1562~3,서울특별시 서대문구청,2025-01-01
신촌동4031,서울특별시 서대문구 신촌동47-39,126.9454185,37.5684678,전용주,02-330-1562~3,서울특별시 서대문구청,2025-01-01
신촌동4120,서울특별시 서대문구 신촌동4-84,126.9482625,37.567475,건축물,02-330-1562~3,서울특별시 서대문구청,2025-01-01
신촌동4117,서울특별시 서대문구 신촌동4-86,126.9482625,37.567475,전용주,02-330-1562~3,서울특별시 서대문구청,2025-01-01
신촌동3,서울특별시 서대문구 신촌동49-31,126.9454185,37.5684678,건축물,02-330-1562~3,서울특별시 서대문구청,2025-01-01
신촌동4118,서울특별시 서대문구 신촌동4-97,126.9482625,37.567475,건축물,02-330-1562~3,서울특별시 서대문구청,2025-01-01
신촌동3018,서울특별시 서대문구 신촌동500-10,126.9421662,37.5639155,한전주,02-330-1562~3,서울특별시 서대문구청,2025-01-01
신촌동3020,서울특별시 서대문구 신촌동500-15,126.9421662,37.5639155,한전주,02-330-1562~3,서울특별시 서대문구청,2025-01-01
신촌동3024,서울특별시 서대문구 신촌동500-18,126.9421662,37.5639155,한전주,02-330-1562~3,서울특별시 서대문구청,2025-01-01
신촌동3031,서울특별시 서대문구 신촌동501-20,126.9421662,37.5639155,한전주,02-330-1562~3,서울특별시 서대문구청,2025-01-01
신촌동2115,서울특별시 서대문구 신촌동501-25,126.9421662,37.5639155,한전주,02-330-1562~3,서울특별시 서대문구청,2025-01-01
신촌동3017,서울특별시 서대문구 신촌동501-28,126.9421662,37.5639155,건축물,02-330-1562~3,서울특별시 서대문구청,2025-01-01
신촌동3016,서울특별시 서대문구 신촌동501-7,126.9421662,37.5639155,건축물,02-330-1562~3,서울특별시 서대문구청,2025-01-01
신촌동3026,서울특별시 서대문구 신촌동502-26,126.9421662,37.5639155,한전주,02-330-1562~3,서울특별시 서대문구청,2025-01-01
신촌동9941,서울특별시 서대문구 신촌동502-8,126.9421662,37.5639155,전용주,02-330-1562~3,서울특별시 서대문구청,2025-01-01
신촌동2118,서울특별시 서대문구 신촌동503-17,126.9421662,37.5639155,한전주,02-330-1562~3,서울특별시 서대문구청,2025-01-01
신촌동2117,서울특별시 서대문구 신촌동503-19,126.9421662,37.5639155,건축물,02-330-1562~3,서울특별시 서대문구청,2025-01-01
신촌동2431,서울특별시 서대문구 신촌동503-20,126.9421662,37.5639155,통신주,02-330-1562~3,서울특별시 서대문구청,2025-01-01
신촌동2069,서울특별시 서대문구 신촌동506-1,126.9421662,37.5639155,한전주,02-330-1562~3,서울특별시 서대문구청,2025-01-01
신촌동2098,서울특별시 서대문구 신촌동506-26,126.9421662,37.5639155,한전주,02-330-1562~3,서울특별시 서대문구청,2025-01-01
신촌동2502,서울특별시 서대문구 신촌동508-2,126.9421662,37.5639155,건축물,02-330-1562~3,서울특별시 서대문구청,2025-01-01
신촌동2103,서울특별시 서대문구 신촌동510-10,126.9421662,37.5639155,건축물,02-330-1562~3,서울특별시 서대문구청,2025-01-01
신촌동2104,서울특별시 서대문구 신촌동510-12,126.9421662,37.5639155,건축물,02-330-1562~3,서울특별시 서대문구청,2025-01-01
신촌동7128,서울특별시 서대문구 신촌동52-19,126.943769,37.5698496,전용주,02-330-1562~3,서울특별시 서대문구청,2025-01-01
신촌동7129,서울특별시 서대문구 신촌동52-19,126.943769,37.5698496,전용주,02-330-1562~3,서울특별시 서대문구청,2025-01-01
신촌동7129공용,서울특별시 서대문구 신촌동52-19,126.943769,37.5698496,전용주,02-330-1562~3,서울특별시 서대문구청,2025-01-01
신촌동3115,서울특별시 서대문구 신촌동52-22,126.9439258,37.5699682,한전주,02-330-1562~3,서울특별시 서대문구청,2025-01-01
신촌동3104,서울특별시 서대문구 창천동52-35,126.9357298,37.5588479,한전주,02-330-1562~3,서울특별시 서대문구청,2025-01-01
신촌동7126,서울특별시 서대문구 신촌동52-36,126.944024,37.5694284,전용주,02-330-1562~3,서울특별시 서대문구청,2025-01-01
신촌동7127,서울특별시 서대문구 신촌동52-39,126.9438731,37.5696884,전용주,02-330-1562~3,서울특별시 서대문구청,2025-01-01
신촌동4313,서울특별시 서대문구 신촌동52-62,126.9437012,37.56984,건축물,02-330-1562~3,서울특별시 서대문구청,2025-01-01
신촌동4011,서울특별시 서대문구 신촌동52-74,126.9437012,37.56984,건축물,02-330-1562~3,서울특별시 서대문구청,2025-01-01
신촌동3080,서울특별시 서대문구 신촌동52-76,126.9437012,37.56984,한전주,02-330-1562~3,서울특별시 서대문구청,2025-01-01
신촌동9918,서울특별시 서대문구 대현동137-2,126.9437245,37.5593702,건축물,02-330-1562~3,서울특별시 서대문구청,2025-01-01
신촌동3070,서울특별시 서대문구 창천동67-69,126.9329517,37.5576244,한전주,02-330-1562~3,서울특별시 서대문구청,2025-01-01
신촌동3571,서울특별시 서대문구 신촌동53-38,126.9437012,37.56984,한전주,02-330-1562~3,서울특별시 서대문구청,2025-01-01
신촌동3071,서울특별시 서대문구 신촌동53-37,126.9437012,37.56984,전용주,02-330-1562~3,서울특별시 서대문구청,2025-01-01
신촌동3072,서울특별시 서대문구 신촌동53-30,126.9437012,37.56984,한전주,02-330-1562~3,서울특별시 서대문구청,2025-01-01
신촌동3067,서울특별시 서대문구 신촌동53-38,126.9437012,37.56984,한전주,02-330-1562~3,서울특별시 서대문구청,2025-01-01
신촌동9981,서울특별시 서대문구 신촌동53-23,126.9437012,37.56984,한전주,02-330-1562~3,서울특별시 서대문구청,2025-01-01
신촌동3064,서울특별시 서대문구 신촌동53-38,126.9437012,37.56984,한전주,02-330-1562~3,서울특별시 서대문구청,2025-01-01
신촌동3073,서울특별시 서대문구 신촌동53-26,126.9437012,37.56984,전용주,02-330-1562~3,서울특별시 서대문구청,2025-01-01
신촌동3074,서울특별시 서대문구 신촌동53-51,126.9437012,37.56984,전용주,02-330-1562~3,서울특별시 서대문구청,2025-01-01
신촌동3075,서울특별시 서대문구 신촌동53-15,126.9437012,37.56984,한전주,02-330-1562~3,서울특별시 서대문구청,2025-01-01
신촌동10208,서울특별시 서대문구 신촌동53-73,126.9437012,37.56984,건축물,02-330-1562~3,서울특별시 서대문구청,2025-01-01
신촌동5018,서울특별시 서대문구 신촌동5-58,126.9482625,37.567475,한전주,02-330-1562~3,서울특별시 서대문구청,2025-01-01
신촌동10089,서울특별시 서대문구 신촌동56-110,126.9437012,37.56984,한전주,02-330-1562~3,서울특별시 서대문구청,2025-01-01
신촌동6010,서울특별시 서대문구 대현동56-129,126.9451924,37.5588157,한전주,02-330-1562~3,서울특별시 서대문구청,2025-01-01
신촌동6029,서울특별시 서대문구 신촌동56-25,126.9437012,37.56984,건축물,02-330-1562~3,서울특별시 서대문구청,2025-01-01
신촌동6027,서울특별시 서대문구 신촌동56-79,126.9437012,37.56984,건축물,02-330-1562~3,서울특별시 서대문구청,2025-01-01
신촌동3054,서울특별시 서대문구 신촌동57-18,126.9437012,37.56984,한전주,02-330-1562~3,서울특별시 서대문구청,2025-01-01
신촌동공원1,서울특별시 서대문구 신촌동57-18,126.9437012,37.56984,전용주,02-330-1562~3,서울특별시 서대문구청,2025-01-01
신촌동공원2,서울특별시 서대문구 신촌동57-18,126.9437012,37.56984,전용주,02-330-1562~3,서울특별시 서대문구청,2025-01-01
신촌동9982,서울특별시 서대문구 신촌동57-36,126.9437012,37.56984,한전주,02-330-1562~3,서울특별시 서대문구청,2025-01-01
신촌동4007,서울특별시 서대문구 신촌동57-39,126.9437012,37.56984,한전주,02-330-1562~3,서울특별시 서대문구청,2025-01-01
신촌동4009,서울특별시 서대문구 신촌동57-41,126.9437012,37.56984,한전주,02-330-1562~3,서울특별시 서대문구청,2025-01-01
신촌동5010,서울특별시 서대문구 신촌동5-76,126.9482625,37.567475,건축물,02-330-1562~3,서울특별시 서대문구청,2025-01-01
신촌동5009,서울특별시 서대문구 신촌동5-77,126.9482625,37.567475,건축물,02-330-1562~3,서울특별시 서대문구청,2025-01-01
신촌동5014,서울특별시 서대문구 창천동5-85,126.9393735,37.5581058,통신주,02-330-1562~3,서울특별시 서대문구청,2025-01-01
신촌동6356,서울특별시 서대문구 신촌동60-51,126.9437012,37.56984,건축물,02-330-1562~3,서울특별시 서대문구청,2025-01-01
신촌동3058,서울특별시 서대문구 신촌동62-18,126.9437012,37.56984,한전주,02-330-1562~3,서울특별시 서대문구청,2025-01-01
신촌동6078,서울특별시 서대문구 신촌동62-26,126.9437012,37.56984,한전주,02-330-1562~3,서울특별시 서대문구청,2025-01-01
신촌동6081,서울특별시 서대문구 신촌동62-37,126.9437012,37.56984,건축물,02-330-1562~3,서울특별시 서대문구청,2025-01-01
신촌동3069,서울특별시 서대문구 신촌동62-50,126.9437012,37.56984,한전주,02-330-1562~3,서울특별시 서대문구청,2025-01-01
신촌동1106,서울특별시 서대문구 신촌동67-14,126.9437012,37.56984,전용주,02-330-1562~3,서울특별시 서대문구청,2025-01-01
신촌동1098,서울특별시 서대문구 신촌동67-42,126.9437012,37.56984,한전주,02-330-1562~3,서울특별시 서대문구청,2025-01-01
신촌동1091,서울특별시 서대문구 신촌동67-43,126.9437012,37.56984,건축물,02-330-1562~3,서울특별시 서대문구청,2025-01-01
신촌동3035,서울특별시 서대문구 신촌동72-22,126.9437012,37.56984,건축물,02-330-1562~3,서울특별시 서대문구청,2025-01-01
신촌동3041,서울특별시 서대문구 신촌동72-22,126.9437012,37.56984,건축물,02-330-1562~3,서울특별시 서대문구청,2025-01-01
신촌동3040,서울특별시 서대문구 신촌동72-22,126.9437012,37.56984,건축물,02-330-1562~3,서울특별시 서대문구청,2025-01-01
신촌동3033,서울특별시 서대문구 신촌동72-23,126.9437012,37.56984,건축물,02-330-1562~3,서울특별시 서대문구청,2025-01-01
신촌동3034,서울특별시 서대문구 신촌동72-28,126.9437012,37.56984,건축물,02-330-1562~3,서울특별시 서대문구청,2025-01-01
신촌동10108,서울특별시 서대문구 신촌동78-17,126.9419424,37.5597327,건축물,02-330-1562~3,서울특별시 서대문구청,2025-01-01
신촌동10109,서울특별시 서대문구 신촌동78-17,126.9419424,37.5597327,건축물,02-330-1562~3,서울특별시 서대문구청,2025-01-01
신촌동10110,서울특별시 서대문구 신촌동78-17,126.9419424,37.5597327,건축물,02-330-1562~3,서울특별시 서대문구청,2025-01-01
신촌동10111,서울특별시 서대문구 신촌동78-17,126.9419424,37.5597327,건축물,02-330-1562~3,서울특별시 서대문구청,2025-01-01
신촌동10112,서울특별시 서대문구 신촌동78-17,126.9419424,37.5597327,건축물,02-330-1562~3,서울특별시 서대문구청,2025-01-01
신촌동10113,서울특별시 서대문구 신촌동78-17,126.9419424,37.5597327,건축물,02-330-1562~3,서울특별시 서대문구청,2025-01-01
신촌동10114,서울특별시 서대문구 신촌동78-17,126.9419424,37.5597327,건축물,02-330-1562~3,서울특별시 서대문구청,2025-01-01
신촌동10107,서울특별시 서대문구 신촌동78-17,126.9419424,37.5597327,건축물,02-330-1562~3,서울특별시 서대문구청,2025-01-01
신촌동10100,서울특별시 서대문구 신촌동78-17,126.9419424,37.5597327,건축물,02-330-1562~3,서울특별시 서대문구청,2025-01-01
신촌동1-4,서울특별시 서대문구 신촌동78-17,126.9419424,37.5597327,건축물,02-330-1562~3,서울특별시 서대문구청,2025-01-01
신촌동10102,서울특별시 서대문구 신촌동78-17,126.9419424,37.5597327,건축물,02-330-1562~3,서울특별시 서대문구청,2025-01-01
신촌동10103,서울특별시 서대문구 신촌동78-17,126.9419424,37.5597327,건축물,02-330-1562~3,서울특별시 서대문구청,2025-01-01
신촌동10104,서울특별시 서대문구 신촌동78-17,126.9419424,37.5597327,건축물,02-330-1562~3,서울특별시 서대문구청,2025-01-01
신촌동10105,서울특별시 서대문구 신촌동78-17,126.9419424,37.5597327,건축물,02-330-1562~3,서울특별시 서대문구청,2025-01-01
신촌동10107-1,서울특별시 서대문구 신촌동78-17,126.9419424,37.5597327,건축물,02-330-1562~3,서울특별시 서대문구청,2025-01-01
신촌동10099,서울특별시 서대문구 신촌동78-17,126.9419424,37.5597327,건축물,02-330-1562~3,서울특별시 서대문구청,2025-01-01
신촌동10106,서울특별시 서대문구 신촌동78-17,126.9419424,37.5597327,건축물,02-330-1562~3,서울특별시 서대문구청,2025-01-01
신촌동3098,서울특별시 서대문구 신촌동78-23,126.9419424,37.5597327,한전주,02-330-1562~3,서울특별시 서대문구청,2025-01-01
신촌동1136,서울특별시 서대문구 신촌동84-88,126.9416084,37.5601442,건축물,02-330-1562~3,서울특별시 서대문구청,2025-01-01
신촌동1136-1,서울특별시 서대문구 신촌동84-88,126.9416084,37.5601442,건축물,02-330-1562~3,서울특별시 서대문구청,2025-01-01
신촌동1136-2,서울특별시 서대문구 신촌동84-88,126.9416084,37.5601442,건축물,02-330-1562~3,서울특별시 서대문구청,2025-01-01
신촌동1136-3,서울특별시 서대문구 신촌동84-88,126.9416084,37.5601442,건축물,02-330-1562~3,서울특별시 서대문구청,2025-01-01
신촌동1136-4,서울특별시 서대문구 신촌동84-88,126.9416084,37.5601442,건축물,02-330-1562~3,서울특별시 서대문구청,2025-01-01
신촌동1136-5,서울특별시 서대문구 신촌동84-88,126.9416084,37.5601442,건축물,02-330-1562~3,서울특별시 서대문구청,2025-01-01
신촌동1136-6,서울특별시 서대문구 신촌동84-88,126.9416084,37.5601442,건축물,02-330-1562~3,서울특별시 서대문구청,2025-01-01
신촌동1136-7,서울특별시 서대문구 신촌동84-88,126.9416084,37.5601442,건축물,02-330-1562~3,서울특별시 서대문구청,2025-01-01
신촌동1136-8,서울특별시 서대문구 신촌동84-88,126.9416084,37.5601442,건축물,02-330-1562~3,서울특별시 서대문구청,2025-01-01
신촌동1136-9,서울특별시 서대문구 신촌동84-88,126.9416084,37.5601442,건축물,02-330-1562~3,서울특별시 서대문구청,2025-01-01
신촌동1136-10,서울특별시 서대문구 신촌동84-88,126.9416084,37.5601442,건축물,02-330-1562~3,서울특별시 서대문구청,2025-01-01
신촌동1136-11,서울특별시 서대문구 신촌동84-88,126.9416084,37.5601442,건축물,02-330-1562~3,서울특별시 서대문구청,2025-01-01
신촌동1136-12,서울특별시 서대문구 신촌동84-88,126.9416084,37.5601442,건축물,02-330-1562~3,서울특별시 서대문구청,2025-01-01
신촌동1136-13,서울특별시 서대문구 신촌동84-88,126.9416084,37.5601442,건축물,02-330-1562~3,서울특별시 서대문구청,2025-01-01
신촌동1136-14,서울특별시 서대문구 신촌동84-88,126.9416084,37.5601442,건축물,02-330-1562~3,서울특별시 서대문구청,2025-01-01
신촌동1029,서울특별시 서대문구 신촌동89-27,126.9409417,37.5600661,건축물,02-330-1562~3,서울특별시 서대문구청,2025-01-01
신촌동1026,서울특별시 서대문구 신촌동89-27,126.9409417,37.5600661,한전주,02-330-1562~3,서울특별시 서대문구청,2025-01-01
신촌동1031,서울특별시 서대문구 신촌동89-32,126.9409417,37.5600661,건축물,02-330-1562~3,서울특별시 서대문구청,2025-01-01
신촌동1024,서울특별시 서대문구 신촌동89-36,126.9409417,37.5600661,한전주,02-330-1562~3,서울특별시 서대문구청,2025-01-01
신촌동1025,서울특별시 서대문구 신촌동89-40,126.9409417,37.5600661,한전주,02-330-1562~3,서울특별시 서대문구청,2025-01-01
신촌동1034,서울특별시 서대문구 신촌동89-41,126.9409417,37.5600661,건축물,02-330-1562~3,서울특별시 서대문구청,2025-01-01
신촌동6040,서울특별시 서대문구 신촌동90-15,126.9409417,37.5600661,한전주,02-330-1562~3,서울특별시 서대문구청,2025-01-01
신촌동1060,서울특별시 서대문구 신촌동90-36,126.9409417,37.5600661,한전주,02-330-1562~3,서울특별시 서대문구청,2025-01-01
신촌동6046,서울특별시 서대문구 신촌동90-58,126.9409417,37.5600661,한전주,02-330-1562~3,서울특별시 서대문구청,2025-01-01
신촌동4023,서울특별시 서대문구 창천동9-34,126.9401041,37.5592657,한전주,02-330-1562~3,서울특별시 서대문구청,2025-01-01
신촌동8907,서울특별시 서대문구 신촌동9-34,126.9482625,37.567475,한전주,02-330-1562~3,서울특별시 서대문구청,2025-01-01
신촌동1003,서울특별시 서대문구 신촌동97-112,126.9410876,37.5601485,한전주,02-330-1562~3,서울특별시 서대문구청,2025-01-01
신촌동1004,서울특별시 서대문구 신촌동97-186,126.9410876,37.5601485,한전주,02-330-1562~3,서울특별시 서대문구청,2025-01-01
신촌동1001,서울특별시 서대문구 신촌동97-82,126.9410876,37.5601485,건축물,02-330-1562~3,서울특별시 서대문구청,2025-01-01
신촌동8823,서울특별시 서대문구 신촌동산8-1,126.9442285,37.5701781,통신주,02-330-1562~3,서울특별시 서대문구청,2025-01-01
신촌동7109,서울특별시 서대문구 신촌동 산3-1,126.9489857,37.5691754,건축물,02-330-1562~3,서울특별시 서대문구청,2025-01-01
신촌동7110,서울특별시 서대문구 봉원동30-8,126.9475239,37.5708923,한전주,02-330-1562~3,서울특별시 서대문구청,2025-01-01
신촌동9108,서울특별시 서대문구 신촌동산3-20,126.9489857,37.5691754,건축물,02-330-1562~3,서울특별시 서대문구청,2025-01-01
신촌동10203,서울특별시 서대문구 신촌동산34-18,126.9404019,37.5646115,전용주,02-330-1562~3,서울특별시 서대문구청,2025-01-01
신촌동7058,서울특별시 서대문구 신촌동산8-1,126.9442285,37.5701781,한전주,02-330-1562~3,서울특별시 서대문구청,2025-01-01
신촌동10044,서울특별시 서대문구 신촌동산8-1,126.9442285,37.5701781,전용주,02-330-1562~3,서울특별시 서대문구청,2025-01-01
신촌동7060,서울특별시 서대문구 신촌동산8-5,126.94475,37.5693178,한전주,02-330-1562~3,서울특별시 서대문구청,2025-01-01
신촌동9928,서울특별시 서대문구 신촌동473,126.9421662,37.5639155,전용주,02-330-1562~3,서울특별시 서대문구청,2025-01-01
신촌동8367,서울특별시 서대문구 신촌동34-6,126.9475601,37.5667118,한전주,02-330-1562~3,서울특별시 서대문구청,2025-01-01
신촌동8067,서울특별시 서대문구 신촌동2-202,126.9475903,37.5669734,전용주,02-330-1562~3,서울특별시 서대문구청,2025-01-01
신촌동8061,서울특별시 서대문구 신촌동2-66,126.9481743,37.567303,한전주,02-330-1562~3,서울특별시 서대문구청,2025-01-01
신촌동8066,서울특별시 서대문구 신촌동2-97,126.947702,37.5670825,전용주,02-330-1562~3,서울특별시 서대문구청,2025-01-01
신촌동9970-1,서울특별시 서대문구 신촌동336,126.9421662,37.5639155,한전주,02-330-1562~3,서울특별시 서대문구청,2025-01-01
신촌동33,서울특별시 서대문구 신촌동2-202,126.9475903,37.5669734,전용주,02-330-1562~3,서울특별시 서대문구청,2025-01-01
신촌동7052,서울특별시 서대문구 신촌동52-5,126.9436399,37.5701728,통신주,02-330-1562~3,서울특별시 서대문구청,2025-01-01
신촌동7025-1,서울특별시 서대문구 신촌동52-3,126.9439381,37.5698962,한전주,02-330-1562~3,서울특별시 서대문구청,2025-01-01
신촌동7068-1,서울특별시 서대문구 신촌동 126-1,126.9397313,37.5600192,한전주,02-330-1562~3,서울특별시 서대문구청,2025-01-01
신촌동2031,서울특별시 서대문구 창천동132,126.9307938,37.5597313,한전주,02-330-1562~3,서울특별시 서대문구청,2025-01-01
신촌동3010,서울특별시 서대문구 창천동152,126.9305524,37.5591976,한전주,02-330-1562~3,서울특별시 서대문구청,2025-01-01
신촌동3001,서울특별시 서대문구 창천동163,126.930261,37.5589967,한전주,02-330-1562~3,서울특별시 서대문구청,2025-01-01
신촌동2950,서울특별시 서대문구 창천동163,126.930261,37.5589967,한전주,02-330-1562~3,서울특별시 서대문구청,2025-01-01
신촌동2027,서울특별시 서대문구 창천동193,126.9306711,37.560397,한전주,02-330-1562~3,서울특별시 서대문구청,2025-01-01
신촌동2023,서울특별시 서대문구 창천동193,126.9306711,37.560397,건축물,02-330-1562~3,서울특별시 서대문구청,2025-01-01
신촌동2427,서울특별시 서대문구 창천동193,126.9306711,37.560397,통신주,02-330-1562~3,서울특별시 서대문구청,2025-01-01
신촌동1040,서울특별시 서대문구 창천동195,126.9309185,37.5605074,한전주,02-330-1562~3,서울특별시 서대문구청,2025-01-01
신촌동9061,서울특별시 서대문구 창천동198,126.9307465,37.560659,전용주,02-330-1562~3,서울특별시 서대문구청,2025-01-01
신촌동2019,서울특별시 서대문구 창천동210,126.9304282,37.5607552,한전주,02-330-1562~3,서울특별시 서대문구청,2025-01-01
신촌동2020,서울특별시 서대문구 창천동201,126.9307108,37.5607848,전용주,02-330-1562~3,서울특별시 서대문구청,2025-01-01
신촌동2034,서울특별시 서대문구 창천동219,126.9306017,37.5604955,전용주,02-330-1562~3,서울특별시 서대문구청,2025-01-01
신촌동2430,서울특별시 서대문구 창천동219,126.9306017,37.5604955,건축물,02-330-1562~3,서울특별시 서대문구청,2025-01-01
신촌동2028,서울특별시 서대문구 창천동226,126.9304492,37.5600796,한전주,02-330-1562~3,서울특별시 서대문구청,2025-01-01
신촌동2030,서울특별시 서대문구 창천동231,126.9304454,37.559557,전용주,02-330-1562~3,서울특별시 서대문구청,2025-01-01
신촌동2111,서울특별시 서대문구 창천동255,126.9296141,37.559117,건축물,02-330-1562~3,서울특별시 서대문구청,2025-01-01
신촌동2043,서울특별시 서대문구 창천동255,126.9296141,37.559117,통신주,02-330-1562~3,서울특별시 서대문구청,2025-01-01
신촌동2024,서울특별시 서대문구 창천동267,126.9303062,37.5605829,건축물,02-330-1562~3,서울특별시 서대문구청,2025-01-01
신촌동1010,서울특별시 서대문구 창천동267,126.9303062,37.5605829,건축물,02-330-1562~3,서울특별시 서대문구청,2025-01-01
신촌동2018,서울특별시 서대문구 창천동272,126.9301795,37.5607349,한전주,02-330-1562~3,서울특별시 서대문구청,2025-01-01
신촌동2039,서울특별시 서대문구 창천동279,126.9299523,37.560003,한전주,02-330-1562~3,서울특별시 서대문구청,2025-01-01
신촌동2040,서울특별시 서대문구 창천동281,126.9297854,37.5598033,한전주,02-330-1562~3,서울특별시 서대문구청,2025-01-01
신촌동2026,서울특별시 서대문구 창천동275-3,126.9302176,37.560447,한전주,02-330-1562~3,서울특별시 서대문구청,2025-01-01
신촌동2051,서울특별시 서대문구 창천동312,126.9297886,37.560371,건축물,02-330-1562~3,서울특별시 서대문구청,2025-01-01
신촌동2049,서울특별시 서대문구 창천동315,126.9294982,37.560098,한전주,02-330-1562~3,서울특별시 서대문구청,2025-01-01
신촌동2048,서울특별시 서대문구 창천동316,126.9293979,37.559989,한전주,02-330-1562~3,서울특별시 서대문구청,2025-01-01
신촌동2052,서울특별시 서대문구 창천동323,126.9296406,37.5604327,건축물,02-330-1562~3,서울특별시 서대문구청,2025-01-01
신촌동2017,서울특별시 서대문구 창천동326,126.9297385,37.5607039,한전주,02-330-1562~3,서울특별시 서대문구청,2025-01-01
신촌동2016,서울특별시 서대문구 창천동333,126.9295019,37.5606297,건축물,02-330-1562~3,서울특별시 서대문구청,2025-01-01
신촌동10130,서울특별시 서대문구 창천동340,126.9289015,37.5598764,통신주,02-330-1562~3,서울특별시 서대문구청,2025-01-01
신촌동2062,서울특별시 서대문구 창천동342,126.9287209,37.5598387,한전주,02-330-1562~3,서울특별시 서대문구청,2025-01-01
신촌동2057,서울특별시 서대문구 창천동346,126.9289285,37.5603632,한전주,02-330-1562~3,서울특별시 서대문구청,2025-01-01
신촌동2057-1,서울특별시 서대문구 창천동346,126.9289285,37.5603632,한전주,02-330-1562~3,서울특별시 서대문구청,2025-01-01
신촌동2015,서울특별시 서대문구 창천동351,126.9292627,37.5607356,한전주,02-330-1562~3,서울특별시 서대문구청,2025-01-01
신촌동2059,서울특별시 서대문구 창천동362,126.9284783,37.5601879,한전주,02-330-1562~3,서울특별시 서대문구청,2025-01-01
신촌동2061,서울특별시 서대문구 창천동364,126.9284599,37.5598904,건축물,02-330-1562~3,서울특별시 서대문구청,2025-01-01
신촌동2096,서울특별시 서대문구 창천동369,126.9282424,37.5592667,한전주,02-330-1562~3,서울특별시 서대문구청,2025-01-01
신촌동2093,서울특별시 서대문구 창천동373,126.927705,37.5588564,건축물,02-330-1562~3,서울특별시 서대문구청,2025-01-01
신촌동2094,서울특별시 서대문구 창천동373,126.927705,37.5588564,건축물,02-330-1562~3,서울특별시 서대문구청,2025-01-01
신촌동2095,서울특별시 서대문구 창천동377,126.9278703,37.5591732,한전주,02-330-1562~3,서울특별시 서대문구청,2025-01-01
신촌동381,서울특별시 서대문구 창천동381,126.9282726,37.5595283,전용주,02-330-1562~3,서울특별시 서대문구청,2025-01-01
신촌동2482,서울특별시 서대문구 창천동382,126.9282702,37.5596995,한전주,02-330-1562~3,서울특별시 서대문구청,2025-01-01
신촌동10050,서울특별시 서대문구 창천동389,126.9282798,37.5606096,건축물,02-330-1562~3,서울특별시 서대문구청,2025-01-01
신촌동2004,서울특별시 서대문구 창천동403,126.9281599,37.561077,한전주,02-330-1562~3,서울특별시 서대문구청,2025-01-01
신촌동2080,서울특별시 서대문구 창천동409,126.9279068,37.5605702,건축물,02-330-1562~3,서울특별시 서대문구청,2025-01-01
신촌동2074,서울특별시 서대문구 창천동414,126.9280271,37.5600757,건축물,02-330-1562~3,서울특별시 서대문구청,2025-01-01
신촌동2090,서울특별시 서대문구 창천동417,126.927861,37.5598219,한전주,02-330-1562~3,서울특별시 서대문구청,2025-01-01
신촌동1-3,서울특별시 서대문구 창천동420,126.9278658,37.5602724,전용주,02-330-1562~3,서울특별시 서대문구청,2025-01-01
신촌동2083,서울특별시 서대문구 창천동421,126.927796,37.560407,건축물,02-330-1562~3,서울특별시 서대문구청,2025-01-01
신촌동2003,서울특별시 서대문구 창천동434,126.927692,37.5613431,한전주,02-330-1562~3,서울특별시 서대문구청,2025-01-01
신촌동2002,서울특별시 서대문구 창천동437,126.927668,37.561442,건축물,02-330-1562~3,서울특별시 서대문구청,2025-01-01
신촌동2001,서울특별시 서대문구 창천동441,126.9277671,37.5616321,한전주,02-330-1562~3,서울특별시 서대문구청,2025-01-01
신촌동2079,서울특별시 서대문구 창천동461,126.9276342,37.5606398,한전주,02-330-1562~3,서울특별시 서대문구청,2025-01-01
신촌동2078,서울특별시 서대문구 창천동465,126.9274902,37.5604222,한전주,02-330-1562~3,서울특별시 서대문구청,2025-01-01
신촌동1137,서울특별시 서대문구 창천동467,126.927426,37.5601603,전용주,02-330-1562~3,서울특별시 서대문구청,2025-01-01
신촌동10173,서울특별시 서대문구 창천동480,126.9270691,37.5605806,한전주,02-330-1562~3,서울특별시 서대문구청,2025-01-01
신촌동2077,서울특별시 서대문구 창천동483,126.9272249,37.5607712,한전주,02-330-1562~3,서울특별시 서대문구청,2025-01-01
신촌동4040,서울특별시 서대문구 창천동41-21,126.9375049,37.5581881,한전주,02-330-1562~3,서울특별시 서대문구청,2025-01-01
신촌동4046-1,서울특별시 서대문구 창천동50-6,126.9377369,37.5585866,한전주,02-330-1562~3,서울특별시 서대문구청,2025-01-01
신촌동3101,서울특별시 서대문구 창천동52-5,126.936553,37.5590625,한전주,02-330-1562~3,서울특별시 서대문구청,2025-01-01
신촌동18-1,서울특별시 서대문구 창천동53-7,126.9343862,37.5586195,한전주,02-330-1562~3,서울특별시 서대문구청,2025-01-01
신촌동4005,서울특별시 서대문구 창천동57-3,126.9361558,37.5575452,한전주,02-330-1562~3,서울특별시 서대문구청,2025-01-01
신촌동3076,서울특별시 서대문구 창천동57-6,126.9349127,37.5574169,한전주,02-330-1562~3,서울특별시 서대문구청,2025-01-01
신촌동4004,서울특별시 서대문구 창천동57-7,126.9361835,37.5571941,한전주,02-330-1562~3,서울특별시 서대문구청,2025-01-01
신촌동1104,서울특별시 서대문구 창천동67-8,126.9333597,37.558376,한전주,02-330-1562~3,서울특별시 서대문구청,2025-01-01
신촌동1079,서울특별시 서대문구 창천동67-11,126.9331436,37.5584551,한전주,02-330-1562~3,서울특별시 서대문구청,2025-01-01
신촌동1107,서울특별시 서대문구 창천동67-11,126.9331436,37.5584551,건축물,02-330-1562~3,서울특별시 서대문구청,2025-01-01
신촌동1112,서울특별시 서대문구 창천동69-9,126.9335461,37.5588011,한전주,02-330-1562~3,서울특별시 서대문구청,2025-01-01
신촌동3047,서울특별시 서대문구 창천동72-5,126.9350202,37.5562195,한전주,02-330-1562~3,서울특별시 서대문구청,2025-01-01
신촌동3046,서울특별시 서대문구 창천동72-10,126.9349287,37.5562907,한전주,02-330-1562~3,서울특별시 서대문구청,2025-01-01
신촌동3095,서울특별시 서대문구 창천동76-5,126.9348756,37.5592276,한전주,02-330-1562~3,서울특별시 서대문구청,2025-01-01
신촌동3096,서울특별시 서대문구 창천동52-106,126.935364,37.5591059,한전주,02-330-1562~3,서울특별시 서대문구청,2025-01-01
신촌동1118,서울특별시 서대문구 창천동90-2,126.9334235,37.5594578,한전주,02-330-1562~3,서울특별시 서대문구청,2025-01-01
신촌동1116,서울특별시 서대문구 창천동90-4,126.9331045,37.5596081,통신주,02-330-1562~3,서울특별시 서대문구청,2025-01-01
신촌동1023,서울특별시 서대문구 창천동91-7,126.9328815,37.5601647,한전주,02-330-1562~3,서울특별시 서대문구청,2025-01-01
신촌동1115,서울특별시 서대문구 창천동91-9,126.9324889,37.5599179,건축물,02-330-1562~3,서울특별시 서대문구청,2025-01-01
신촌동1315,서울특별시 서대문구 창천동91-9,126.9324889,37.5599179,건축물,02-330-1562~3,서울특별시 서대문구청,2025-01-01
신촌동1015,서울특별시 서대문구 창천동99-10,126.9326589,37.5606943,한전주,02-330-1562~3,서울특별시 서대문구청,2025-01-01
신촌동5058,서울특별시 서대문구 창천동29-1,126.9386461,37.5567297,전용주,02-330-1562~3,서울특별시 서대문구청,2025-01-01
신촌동5061,서울특별시 서대문구 창천동29-3,126.938534,37.5566476,한전주,02-330-1562~3,서울특별시 서대문구청,2025-01-01
신촌동4116,서울특별시 서대문구 창천동4-89,126.9411307,37.5587072,건축물,02-330-1562~3,서울특별시 서대문구청,2025-01-01
신촌동5019,서울특별시 서대문구 창천동13-4,126.9387524,37.5580101,한전주,02-330-1562~3,서울특별시 서대문구청,2025-01-01
신촌동4095,서울특별시 서대문구 창천동4-14,126.9412992,37.5579969,한전주,02-330-1562~3,서울특별시 서대문구청,2025-01-01
신촌동4093,서울특별시 서대문구 창천동4-15,126.9412682,37.5577894,건축물,02-330-1562~3,서울특별시 서대문구청,2025-01-01
신촌동4052,서울특별시 서대문구 창천동4-17,126.9414619,37.5584939,한전주,02-330-1562~3,서울특별시 서대문구청,2025-01-01
신촌동5080,서울특별시 서대문구 창천동18-4,126.9377221,37.557235,한전주,02-330-1562~3,서울특별시 서대문구청,2025-01-01
신촌동4058,서울특별시 서대문구 창천동4-19,126.9414997,37.558224,한전주,02-330-1562~3,서울특별시 서대문구청,2025-01-01
신촌동4054,서울특별시 서대문구 창천동4-21,126.9412861,37.5581229,한전주,02-330-1562~3,서울특별시 서대문구청,2025-01-01
신촌동4053,서울특별시 서대문구 창천동4-22,126.9412497,37.5582938,한전주,02-330-1562~3,서울특별시 서대문구청,2025-01-01
신촌동4096,서울특별시 서대문구 창천동4-29,126.941025,37.5581747,건축물,02-330-1562~3,서울특별시 서대문구청,2025-01-01
신촌동4097,서울특별시 서대문구 창천동4-29,126.941025,37.5581747,한전주,02-330-1562~3,서울특별시 서대문구청,2025-01-01
신촌동4420,서울특별시 서대문구 창천동4-83,126.9406668,37.5586941,한전주,02-330-1562~3,서울특별시 서대문구청,2025-01-01
신촌동9613,서울특별시 서대문구 창천동5-15,126.9400671,37.5586797,한전주,02-330-1562~3,서울특별시 서대문구청,2025-01-01
신촌동5003,서울특별시 서대문구 창천동5-23,126.9396798,37.5588564,씨피주,02-330-1562~3,서울특별시 서대문구청,2025-01-01
신촌동4036,서울특별시 서대문구 창천동31-8,126.9373757,37.5585203,한전주,02-330-1562~3,서울특별시 서대문구청,2025-01-01
신촌동8817,서울특별시 서대문구 창천동29-11,126.9383208,37.5565195,한전주,02-330-1562~3,서울특별시 서대문구청,2025-01-01
신촌동5091,서울특별시 서대문구 창천동29-11,126.9383208,37.5565195,한전주,02-330-1562~3,서울특별시 서대문구청,2025-01-01
신촌동6911,서울특별시 서대문구 창천동100-114,126.9312473,37.5604653,전용주,02-330-1562~3,서울특별시 서대문구청,2025-01-01
신촌동1042,서울특별시 서대문구 창천동100-118,126.9316927,37.56019,건축물,02-330-1562~3,서울특별시 서대문구청,2025-01-01
신촌동1061,서울특별시 서대문구 창천동100-126,126.9328816,37.5593628,한전주,02-330-1562~3,서울특별시 서대문구청,2025-01-01
신촌동10036,서울특별시 서대문구 창천동100-131,126.9324598,37.5595752,건축물,02-330-1562~3,서울특별시 서대문구청,2025-01-01
신촌동1056,서울특별시 서대문구 창천동100-135,126.9322918,37.5594476,한전주,02-330-1562~3,서울특별시 서대문구청,2025-01-01
신촌동1057,서울특별시 서대문구 창천동100-137,126.9326792,37.5592709,한전주,02-330-1562~3,서울특별시 서대문구청,2025-01-01
신촌동1045,서울특별시 서대문구 창천동100-146,126.9311626,37.5600591,건축물,02-330-1562~3,서울특별시 서대문구청,2025-01-01
신촌동10056,서울특별시 서대문구 창천동100-23,126.9311446,37.5605274,한전주,02-330-1562~3,서울특별시 서대문구청,2025-01-01
신촌동1051,서울특별시 서대문구 창천동100-28,126.9315579,37.5593238,한전주,02-330-1562~3,서울특별시 서대문구청,2025-01-01
신촌동1053,서울특별시 서대문구 창천동100-33,126.9321506,37.5590318,한전주,02-330-1562~3,서울특별시 서대문구청,2025-01-01
신촌동1054,서울특별시 서대문구 창천동100-4,126.9324017,37.5588899,한전주,02-330-1562~3,서울특별시 서대문구청,2025-01-01
신촌동1078,서울특별시 서대문구 창천동100-4,126.9324017,37.5588899,건축물,02-330-1562~3,서울특별시 서대문구청,2025-01-01
신촌동1052,서울특별시 서대문구 창천동100-70,126.9315044,37.5591071,통신주,02-330-1562~3,서울특별시 서대문구청,2025-01-01
신촌동1047,서울특별시 서대문구 창천동100-71,126.9311781,37.5597619,건축물,02-330-1562~3,서울특별시 서대문구청,2025-01-01
신촌동1048,서울특별시 서대문구 창천동100-72,126.9313491,37.5596823,건축물,02-330-1562~3,서울특별시 서대문구청,2025-01-01
신촌동1050,서울특별시 서대문구 창천동100-73,126.9315088,37.5595937,건축물,02-330-1562~3,서울특별시 서대문구청,2025-01-01
신촌동1046,서울특별시 서대문구 창천동100-76,126.931311,37.5599703,한전주,02-330-1562~3,서울특별시 서대문구청,2025-01-01
신촌동2032,서울특별시 서대문구 창천동100-95,126.9312154,37.5595279,한전주,02-330-1562~3,서울특별시 서대문구청,2025-01-01
신촌동1083,서울특별시 서대문구 창천동111-19,126.9325562,37.5575758,건축물,02-330-1562~3,서울특별시 서대문구청,2025-01-01
신촌동1090,서울특별시 서대문구 창천동111-2,126.932638,37.5573963,한전주,02-330-1562~3,서울특별시 서대문구청,2025-01-01
신촌동1000,서울특별시 서대문구 창천동111-23,126.9328632,37.5574795,한전주,02-330-1562~3,서울특별시 서대문구청,2025-01-01
신촌동9992,서울특별시 서대문구 창천동112-17,126.9321864,37.5573202,전용주,02-330-1562~3,서울특별시 서대문구청,2025-01-01
신촌동1096,서울특별시 서대문구 창천동112-2,126.9327781,37.5571003,한전주,02-330-1562~3,서울특별시 서대문구청,2025-01-01
신촌동16,서울특별시 서대문구 창천동112-2,126.9327781,37.5571003,한전주,02-330-1562~3,서울특별시 서대문구청,2025-01-01
신촌동1097,서울특별시 서대문구 창천동112-24,126.9323709,37.5570786,건축물,02-330-1562~3,서울특별시 서대문구청,2025-01-01
신촌동1074,서울특별시 서대문구 창천동113-10,126.9315745,37.5573687,한전주,02-330-1562~3,서울특별시 서대문구청,2025-01-01
신촌동1087,서울특별시 서대문구 창천동114-14,126.9317612,37.5577668,건축물,02-330-1562~3,서울특별시 서대문구청,2025-01-01
신촌동1086,서울특별시 서대문구 창천동114-15,126.9317292,37.5576314,전용주,02-330-1562~3,서울특별시 서대문구청,2025-01-01
신촌동1085,서울특별시 서대문구 창천동114-2,126.9319779,37.5576517,한전주,02-330-1562~3,서울특별시 서대문구청,2025-01-01
신촌동1129,서울특별시 서대문구 창천동114-5,126.9315815,37.5576751,전용주,02-330-1562~3,서울특별시 서대문구청,2025-01-01
신촌동1076,서울특별시 서대문구 창천동114-9,126.9316905,37.5579644,한전주,02-330-1562~3,서울특별시 서대문구청,2025-01-01
신촌동1077,서울특별시 서대문구 창천동114-9,126.9316905,37.5579644,한전주,02-330-1562~3,서울특별시 서대문구청,2025-01-01
신촌동1082,서울특별시 서대문구 창천동116-11,126.9323845,37.5577094,한전주,02-330-1562~3,서울특별시 서대문구청,2025-01-01
신촌동1084,서울특별시 서대문구 창천동116-12,126.9322406,37.5574828,한전주,02-330-1562~3,서울특별시 서대문구청,2025-01-01
신촌동1039,서울특별시 서대문구 창천동122-1,126.9309364,37.5608409,한전주,02-330-1562~3,서울특별시 서대문구청,2025-01-01
신촌동1038,서울특별시 서대문구 창천동122-1,126.9309364,37.5608409,한전주,02-330-1562~3,서울특별시 서대문구청,2025-01-01
신촌동5057,서울특별시 서대문구 창천동13-101,126.9390959,37.5569319,전용주,02-330-1562~3,서울특별시 서대문구청,2025-01-01
신촌동5074,서울특별시 서대문구 창천동13-107,126.9388271,37.5575332,한전주,02-330-1562~3,서울특별시 서대문구청,2025-01-01
신촌동5077,서울특별시 서대문구 창천동13-13,126.9384161,37.5577818,한전주,02-330-1562~3,서울특별시 서대문구청,2025-01-01
신촌동5078,서울특별시 서대문구 창천동13-21,126.9382034,37.5576177,한전주,02-330-1562~3,서울특별시 서대문구청,2025-01-01
신촌동5075,서울특별시 서대문구 창천동13-47,126.9384351,37.5572414,한전주,02-330-1562~3,서울특별시 서대문구청,2025-01-01
신촌동5073,서울특별시 서대문구 창천동13-58,126.9391447,37.557482,한전주,02-330-1562~3,서울특별시 서대문구청,2025-01-01
신촌동5063,서울특별시 서대문구 창천동13-61,126.938911,37.5572006,한전주,02-330-1562~3,서울특별시 서대문구청,2025-01-01
신촌동5062,서울특별시 서대문구 창천동13-64,126.9386991,37.5569824,한전주,02-330-1562~3,서울특별시 서대문구청,2025-01-01
신촌동5076,서울특별시 서대문구 창천동13-68,126.9383935,37.5569797,한전주,02-330-1562~3,서울특별시 서대문구청,2025-01-01
신촌동5065,서울특별시 서대문구 창천동13-88,126.939037,37.5570936,건축물,02-330-1562~3,서울특별시 서대문구청,2025-01-01
신촌동10110-1,서울특별시 서대문구 창천동13-89,126.9389258,37.5569574,건축물,02-330-1562~3,서울특별시 서대문구청,2025-01-01
신촌동34,서울특별시 서대문구 창천동13-89,126.9389258,37.5569574,건축물,02-330-1562~3,서울특별시 서대문구청,2025-01-01
신촌동5044,서울특별시 서대문구 창천동20-108,126.9404572,37.5567099,한전주,02-330-1562~3,서울특별시 서대문구청,2025-01-01
신촌동5042,서울특별시 서대문구 창천동20-21,126.940797,37.5566949,한전주,02-330-1562~3,서울특별시 서대문구청,2025-01-01
신촌동5060,서울특별시 서대문구 창천동20-36,126.9390219,37.5565619,전용주,02-330-1562~3,서울특별시 서대문구청,2025-01-01
신촌동5059,서울특별시 서대문구 창천동20-36,126.9390219,37.5565619,전용주,02-330-1562~3,서울특별시 서대문구청,2025-01-01
신촌동5046,서울특별시 서대문구 창천동20-37,126.9396452,37.5565044,한전주,02-330-1562~3,서울특별시 서대문구청,2025-01-01
신촌동5048,서울특별시 서대문구 창천동20-40,126.9393866,37.5563849,한전주,02-330-1562~3,서울특별시 서대문구청,2025-01-01
신촌동5047,서울특별시 서대문구 창천동20-40,126.9393866,37.5563849,한전주,02-330-1562~3,서울특별시 서대문구청,2025-01-01
신촌동5095,서울특별시 서대문구 창천동20-45,126.9388602,37.5559927,한전주,02-330-1562~3,서울특별시 서대문구청,2025-01-01
신촌동5049,서울특별시 서대문구 창천동20-49,126.9387552,37.5562171,한전주,02-330-1562~3,서울특별시 서대문구청,2025-01-01
신촌동5045,서울특별시 서대문구 창천동20-56,126.9398112,37.5567762,한전주,02-330-1562~3,서울특별시 서대문구청,2025-01-01
신촌동5053,서울특별시 서대문구 창천동20-67,126.9394052,37.5566734,한전주,02-330-1562~3,서울특별시 서대문구청,2025-01-01
신촌동5055,서울특별시 서대문구 창천동20-77,126.9395169,37.5567735,건축물,02-330-1562~3,서울특별시 서대문구청,2025-01-01
신촌동5054,서울특별시 서대문구 창천동20-79,126.9395519,37.5567018,한전주,02-330-1562~3,서울특별시 서대문구청,2025-01-01
신촌동5454,서울특별시 서대문구 창천동20-79,126.9395519,37.5567018,건축물,02-330-1562~3,서울특별시 서대문구청,2025-01-01
신촌동5107,서울특별시 서대문구 창천동29-20,126.9383355,37.5562854,전용주,02-330-1562~3,서울특별시 서대문구청,2025-01-01
신촌동5081,서울특별시 서대문구 창천동29-26,126.937928,37.5570836,한전주,02-330-1562~3,서울특별시 서대문구청,2025-01-01
신촌동5106,서울특별시 서대문구 창천동29-58,126.9380295,37.5563097,한전주,02-330-1562~3,서울특별시 서대문구청,2025-01-01
신촌동5088,서울특별시 서대문구 창천동29-88,126.9377974,37.5559201,한전주,02-330-1562~3,서울특별시 서대문구청,2025-01-01
신촌동4001,서울특별시 서대문구 창천동30-25,126.9363542,37.5563306,건축물,02-330-1562~3,서울특별시 서대문구청,2025-01-01
신촌동4002,서울특별시 서대문구 창천동30-25,126.9363542,37.5563306,건축물,02-330-1562~3,서울특별시 서대문구청,2025-01-01
신촌동4038,서울특별시 서대문구 창천동31-21,126.9373341,37.5582586,한전주,02-330-1562~3,서울특별시 서대문구청,2025-01-01
신촌동4039,서울특별시 서대문구 창천동31-24,126.9373013,37.5581773,한전주,02-330-1562~3,서울특별시 서대문구청,2025-01-01
신촌동4041,서울특별시 서대문구 창천동31-26,126.9373503,37.5579164,한전주,02-330-1562~3,서울특별시 서대문구청,2025-01-01
신촌동4042,서울특별시 서대문구 창천동31-26,126.9373503,37.5579164,한전주,02-330-1562~3,서울특별시 서대문구청,2025-01-01
신촌동4043,서울특별시 서대문구 창천동31-36,126.9371707,37.5578067,전용주,02-330-1562~3,서울특별시 서대문구청,2025-01-01
신촌동4047,서울특별시 서대문구 창천동31-80,126.9379247,37.5581108,한전주,02-330-1562~3,서울특별시 서대문구청,2025-01-01
신촌동15,서울특별시 서대문구 창천동33-18,126.9364617,37.5583229,한전주,02-330-1562~3,서울특별시 서대문구청,2025-01-01
신촌동4021,서울특별시 서대문구 창천동33-25,126.936464,37.5581607,건축물,02-330-1562~3,서울특별시 서대문구청,2025-01-01
신촌동4022,서울특별시 서대문구 창천동33-25,126.936464,37.5581607,건축물,02-330-1562~3,서울특별시 서대문구청,2025-01-01
신촌동4320,서울특별시 서대문구 창천동33-47,126.9364018,37.5577547,건축물,02-330-1562~3,서울특별시 서대문구청,2025-01-01
신촌동2013,서울특별시 서대문구 창천동357-1,126.9290672,37.5609501,한전주,02-330-1562~3,서울특별시 서대문구청,2025-01-01
신촌동5037,서울특별시 서대문구 창천동4-101,126.9400095,37.5571564,한전주,02-330-1562~3,서울특별시 서대문구청,2025-01-01
신촌동4089,서울특별시 서대문구 창천동4-110,126.9411462,37.5576081,한전주,02-330-1562~3,서울특별시 서대문구청,2025-01-01
신촌동10059,서울특별시 서대문구 창천동4-113,126.939626,37.5578648,전용주,02-330-1562~3,서울특별시 서대문구청,2025-01-01
신촌동5038,서울특별시 서대문구 창천동4-114,126.940111,37.5571843,한전주,02-330-1562~3,서울특별시 서대문구청,2025-01-01
신촌동5036,서울특별시 서대문구 창천동4-115,126.9398967,37.5571284,전용주,02-330-1562~3,서울특별시 서대문구청,2025-01-01
신촌동5538,서울특별시 서대문구 창천동4-116,126.9404146,37.5573222,건축물,02-330-1562~3,서울특별시 서대문구청,2025-01-01
신촌동5108,서울특별시 서대문구 창천동4-117,126.9405611,37.5573686,전용주,02-330-1562~3,서울특별시 서대문구청,2025-01-01
신촌동4421,서울특별시 서대문구 창천동4-119,126.9405358,37.5575576,통신주,02-330-1562~3,서울특별시 서대문구청,2025-01-01
신촌동4090,서울특별시 서대문구 창천동4-120,126.9413733,37.5575561,한전주,02-330-1562~3,서울특별시 서대문구청,2025-01-01
신촌동5067,서울특별시 서대문구 창천동4-122,126.9395099,37.557269,건축물,02-330-1562~3,서울특별시 서대문구청,2025-01-01
신촌동5033,서울특별시 서대문구 창천동4-122,126.9395099,37.557269,한전주,02-330-1562~3,서울특별시 서대문구청,2025-01-01
신촌동5031,서울특별시 서대문구 창천동4-123,126.9395868,37.5574319,한전주,02-330-1562~3,서울특별시 서대문구청,2025-01-01
신촌동5030,서울특별시 서대문구 창천동4-128,126.9397917,37.5573527,한전주,02-330-1562~3,서울특별시 서대문구청,2025-01-01
신촌동5029,서울특별시 서대문구 창천동4-131,126.9400171,37.5574178,한전주,02-330-1562~3,서울특별시 서대문구청,2025-01-01
신촌동4099,서울특별시 서대문구 창천동4-133,126.9408855,37.5584347,한전주,02-330-1562~3,서울특별시 서대문구청,2025-01-01
신촌동4100,서울특별시 서대문구 창천동4-34,126.9404563,37.5583768,전용주,02-330-1562~3,서울특별시 서대문구청,2025-01-01
신촌동4088,서울특별시 서대문구 창천동4-37,126.9415178,37.5577466,한전주,02-330-1562~3,서울특별시 서대문구청,2025-01-01
신촌동4056,서울특별시 서대문구 창천동4-37,126.9415178,37.5577466,건축물,02-330-1562~3,서울특별시 서대문구청,2025-01-01
신촌동4060,서울특별시 서대문구 창천동4-38,126.9415313,37.5575935,한전주,02-330-1562~3,서울특별시 서대문구청,2025-01-01
신촌동4091,서울특별시 서대문구 창천동4-44,126.9409088,37.557588,한전주,02-330-1562~3,서울특별시 서대문구청,2025-01-01
신촌동2301,서울특별시 서대문구 창천동444-1,126.927381,37.5617187,한전주,02-330-1562~3,서울특별시 서대문구청,2025-01-01
신촌동5026,서울특별시 서대문구 창천동4-47,126.9400151,37.5575619,한전주,02-330-1562~3,서울특별시 서대문구청,2025-01-01
신촌동5024,서울특별시 서대문구 창천동4-61,126.9399625,37.558075,한전주,02-330-1562~3,서울특별시 서대문구청,2025-01-01
신촌동5023,서울특별시 서대문구 창천동4-61,126.9399625,37.558075,한전주,02-330-1562~3,서울특별시 서대문구청,2025-01-01
신촌동5025,서울특별시 서대문구 창천동4-61,126.9399625,37.558075,한전주,02-330-1562~3,서울특별시 서대문구청,2025-01-01
신촌동5022,서울특별시 서대문구 창천동4-63,126.9396074,37.5575763,건축물,02-330-1562~3,서울특별시 서대문구청,2025-01-01
신촌동5103,서울특별시 서대문구 창천동4-65,126.9415216,37.5574763,한전주,02-330-1562~3,서울특별시 서대문구청,2025-01-01
신촌동5032,서울특별시 서대문구 창천동4-67,126.9398573,37.5575154,건축물,02-330-1562~3,서울특별시 서대문구청,2025-01-01
신촌동5039,서울특별시 서대문구 창천동4-69,126.9407078,37.5573969,한전주,02-330-1562~3,서울특별시 서대문구청,2025-01-01
신촌동5040,서울특별시 서대문구 창천동4-69,126.9407078,37.5573969,한전주,02-330-1562~3,서울특별시 서대문구청,2025-01-01
신촌동5068,서울특별시 서대문구 창천동4-72,126.9394629,37.5573948,한전주,02-330-1562~3,서울특별시 서대문구청,2025-01-01
신촌동5,서울특별시 서대문구 창천동4-82,126.9407913,37.5586952,건축물,02-330-1562~3,서울특별시 서대문구청,2025-01-01
신촌동4051,서울특별시 서대문구 창천동4-92,126.9414797,37.5588365,건축물,02-330-1562~3,서울특별시 서대문구청,2025-01-01
신촌동4119,서울특별시 서대문구 창천동4-96,126.9410368,37.5589407,건축물,02-330-1562~3,서울특별시 서대문구청,2025-01-01
신촌동2113,서울특별시 서대문구 창천동500-3,126.9302286,37.5588883,한전주,02-330-1562~3,서울특별시 서대문구청,2025-01-01
신촌동8822,서울특별시 서대문구 창천동500-3,126.9302286,37.5588883,한전주,02-330-1562~3,서울특별시 서대문구청,2025-01-01
신촌동3014,서울특별시 서대문구 창천동500-4,126.9303651,37.5588354,한전주,02-330-1562~3,서울특별시 서대문구청,2025-01-01
신촌동3015,서울특별시 서대문구 창천동500-4,126.9303651,37.5588354,건축물,02-330-1562~3,서울특별시 서대문구청,2025-01-01
신촌동3025,서울특별시 서대문구 창천동502-1,126.9308307,37.5579386,한전주,02-330-1562~3,서울특별시 서대문구청,2025-01-01
신촌동3030,서울특별시 서대문구 창천동501-20,126.9301702,37.558221,한전주,02-330-1562~3,서울특별시 서대문구청,2025-01-01
신촌동4422,서울특별시 서대문구 창천동50-18,126.9375422,37.5587471,건축물,02-330-1562~3,서울특별시 서대문구청,2025-01-01
신촌동3023,서울특별시 서대문구 창천동502-6,126.9311058,37.5576978,건축물,02-330-1562~3,서울특별시 서대문구청,2025-01-01
신촌동3027,서울특별시 서대문구 창천동502-26,126.9306171,37.5578376,전용주,02-330-1562~3,서울특별시 서대문구청,2025-01-01
신촌동3022,서울특별시 서대문구 창천동502-7,126.931186,37.5576265,한전주,02-330-1562~3,서울특별시 서대문구청,2025-01-01
신촌동3028,서울특별시 서대문구 창천동502-27,126.9304925,37.5578455,건축물,02-330-1562~3,서울특별시 서대문구청,2025-01-01
신촌동2109,서울특별시 서대문구 창천동503-16,126.9290816,37.5583643,통신주,02-330-1562~3,서울특별시 서대문구청,2025-01-01
신촌동2118-1,서울특별시 서대문구 창천동503-17,126.9292405,37.5583297,한전주,02-330-1562~3,서울특별시 서대문구청,2025-01-01
신촌동3572-1,서울특별시 서대문구 창천동503-2,126.9302445,37.5577711,건축물,02-330-1562~3,서울특별시 서대문구청,2025-01-01
신촌동2116,서울특별시 서대문구 창천동503-21,126.929604,37.5582429,한전주,02-330-1562~3,서울특별시 서대문구청,2025-01-01
신촌동2429,서울특별시 서대문구 창천동503-6,126.9297303,37.5581179,건축물,02-330-1562~3,서울특별시 서대문구청,2025-01-01
신촌동2112,서울특별시 서대문구 창천동504-1,126.9297768,37.5588211,한전주,02-330-1562~3,서울특별시 서대문구청,2025-01-01
신촌동2110,서울특별시 서대문구 창천동504-10,126.9295611,37.5588642,통신주,02-330-1562~3,서울특별시 서대문구청,2025-01-01
신촌동2418,서울특별시 서대문구 창천동504-12,126.9294514,37.5586199,건축물,02-330-1562~3,서울특별시 서대문구청,2025-01-01
신촌동7,서울특별시 서대문구 창천동504-12,126.9294514,37.5586199,건축물,02-330-1562~3,서울특별시 서대문구청,2025-01-01
신촌동2070,서울특별시 서대문구 창천동506-1,126.9287983,37.5591816,한전주,02-330-1562~3,서울특별시 서대문구청,2025-01-01
신촌동2107,서울특별시 서대문구 창천동506-10,126.9290845,37.55895,한전주,02-330-1562~3,서울특별시 서대문구청,2025-01-01
신촌동10225,서울특별시 서대문구 창천동506-11,126.9289403,37.5587504,한전주,02-330-1562~3,서울특별시 서대문구청,2025-01-01
신촌동2105,서울특별시 서대문구 창천동506-16,126.9288439,37.5583621,한전주,02-330-1562~3,서울특별시 서대문구청,2025-01-01
신촌동1-1,서울특별시 서대문구 창천동506-2,126.9289459,37.5591469,전용주,02-330-1562~3,서울특별시 서대문구청,2025-01-01
신촌동2102,서울특별시 서대문구 창천동506-22,126.9282991,37.5584743,건축물,02-330-1562~3,서울특별시 서대문구청,2025-01-01
신촌동2100,서울특별시 서대문구 창천동506-26,126.928464,37.5588092,건축물,02-330-1562~3,서울특별시 서대문구청,2025-01-01
신촌동2108,서울특별시 서대문구 창천동506-8,126.929423,37.5590251,한전주,02-330-1562~3,서울특별시 서대문구청,2025-01-01
신촌동3002,서울특별시 서대문구 창천동506-9,126.9293104,37.5589881,전용주,02-330-1562~3,서울특별시 서대문구청,2025-01-01
신촌동2097,서울특별시 서대문구 창천동510-15,126.928573,37.5591075,한전주,02-330-1562~3,서울특별시 서대문구청,2025-01-01
신촌동2044,서울특별시 서대문구 창천동511-5,126.9290106,37.5593728,한전주,02-330-1562~3,서울특별시 서대문구청,2025-01-01
신촌동2088,서울특별시 서대문구 창천동512-4,126.927081,37.5597517,한전주,02-330-1562~3,서울특별시 서대문구청,2025-01-01
신촌동2087,서울특별시 서대문구 창천동512-5,126.9270895,37.55995,한전주,02-330-1562~3,서울특별시 서대문구청,2025-01-01
신촌동2089,서울특별시 서대문구 창천동515-3,126.9268691,37.5595336,건축물,02-330-1562~3,서울특별시 서대문구청,2025-01-01
신촌동10221,서울특별시 서대문구 창천동52-121,126.9350768,37.5586077,한전주,02-330-1562~3,서울특별시 서대문구청,2025-01-01
신촌동4019,서울특별시 서대문구 창천동52-122,126.9361921,37.5581763,한전주,02-330-1562~3,서울특별시 서대문구청,2025-01-01
신촌동13,서울특별시 서대문구 창천동52-128,126.9358714,37.5584437,한전주,02-330-1562~3,서울특별시 서대문구청,2025-01-01
신촌동3110,서울특별시 서대문구 창천동52-134,126.9355345,37.5582604,한전주,02-330-1562~3,서울특별시 서대문구청,2025-01-01
신촌동3108,서울특별시 서대문구 창천동52-46,126.9353852,37.5584123,건축물,02-330-1562~3,서울특별시 서대문구청,2025-01-01
신촌동3107,서울특별시 서대문구 창천동52-148,126.935079,37.5584546,한전주,02-330-1562~3,서울특별시 서대문구청,2025-01-01
신촌동3105,서울특별시 서대문구 창천동52-151,126.9352998,37.558844,한전주,02-330-1562~3,서울특별시 서대문구청,2025-01-01
신촌동3106,서울특별시 서대문구 창천동52-152,126.9351301,37.5588425,한전주,02-330-1562~3,서울특별시 서대문구청,2025-01-01
신촌동3102,서울특별시 서대문구 창천동52-18,126.9362275,37.5588704,한전주,02-330-1562~3,서울특별시 서대문구청,2025-01-01
신촌동3103,서울특별시 서대문구 창천동52-25,126.9360246,37.5588145,한전주,02-330-1562~3,서울특별시 서대문구청,2025-01-01
신촌동3113,서울특별시 서대문구 창천동52-44,126.9356795,37.5584059,한전주,02-330-1562~3,서울특별시 서대문구청,2025-01-01
신촌동4016,서울특별시 서대문구 창천동52-49,126.9361969,37.5578429,한전주,02-330-1562~3,서울특별시 서대문구청,2025-01-01
신촌동4017,서울특별시 서대문구 창천동52-49,126.9361969,37.5578429,한전주,02-330-1562~3,서울특별시 서대문구청,2025-01-01
신촌동4414,서울특별시 서대문구 창천동52-51,126.9360617,37.5577967,통신주,02-330-1562~3,서울특별시 서대문구청,2025-01-01
신촌동4015,서울특별시 서대문구 창천동52-57,126.9358786,37.5579392,한전주,02-330-1562~3,서울특별시 서대문구청,2025-01-01
신촌동4014,서울특별시 서대문구 창천동52-58,126.9358806,37.557795,한전주,02-330-1562~3,서울특별시 서대문구청,2025-01-01
신촌동4013,서울특별시 서대문구 창천동52-62,126.9357428,37.557938,건축물,02-330-1562~3,서울특별시 서대문구청,2025-01-01
신촌동4012,서울특별시 서대문구 창천동52-66,126.9355635,37.5578102,한전주,02-330-1562~3,서울특별시 서대문구청,2025-01-01
신촌동4010,서울특별시 서대문구 창천동52-72,126.9351906,37.5577708,한전주,02-330-1562~3,서울특별시 서대문구청,2025-01-01
신촌동9614,서울특별시 서대문구 창천동52-74,126.9351993,37.5579511,건축물,02-330-1562~3,서울특별시 서대문구청,2025-01-01
신촌동3109,서울특별시 서대문구 창천동52-75,126.935198,37.5580412,한전주,02-330-1562~3,서울특별시 서대문구청,2025-01-01
신촌동3114,서울특별시 서대문구 창천동52-83,126.9360638,37.5584454,한전주,02-330-1562~3,서울특별시 서대문구청,2025-01-01
신촌동14,서울특별시 서대문구 창천동52-85,126.9362009,37.5583566,한전주,02-330-1562~3,서울특별시 서대문구청,2025-01-01
신촌동3111,서울특별시 서대문구 창천동52-94,126.9358639,37.5581733,건축물,02-330-1562~3,서울특별시 서대문구청,2025-01-01
신촌동3099,서울특별시 서대문구 창천동52-98,126.9362917,37.5591323,한전주,02-330-1562~3,서울특별시 서대문구청,2025-01-01
신촌동3081,서울특별시 서대문구 창천동53-21,126.9345401,37.5581434,한전주,02-330-1562~3,서울특별시 서대문구청,2025-01-01
신촌동3082,서울특별시 서대문구 창천동53-29,126.9341639,37.5583382,한전주,02-330-1562~3,서울특별시 서대문구청,2025-01-01
신촌동3083,서울특별시 서대문구 창천동53-35,126.9336641,37.5584598,한전주,02-330-1562~3,서울특별시 서대문구청,2025-01-01
신촌동3084,서울특별시 서대문구 창천동53-56,126.9339769,37.558751,한전주,02-330-1562~3,서울특별시 서대문구청,2025-01-01
신촌동5008,서울특별시 서대문구 창천동5-36,126.939298,37.5586457,건축물,02-330-1562~3,서울특별시 서대문구청,2025-01-01
신촌동10204,서울특별시 서대문구 창천동53-61,126.9339519,37.5589129,통신주,02-330-1562~3,서울특별시 서대문구청,2025-01-01
신촌동1111,서울특별시 서대문구 창천동53-63,126.9337386,37.5587939,건축물,02-330-1562~3,서울특별시 서대문구청,2025-01-01
신촌동1132,서울특별시 서대문구 창천동53-64,126.9336718,37.5587122,건축물,02-330-1562~3,서울특별시 서대문구청,2025-01-01
신촌동3087,서울특별시 서대문구 창천동53-67,126.9343011,37.5590332,한전주,02-330-1562~3,서울특별시 서대문구청,2025-01-01
신촌동3086,서울특별시 서대문구 창천동53-81,126.9347244,37.5587127,한전주,02-330-1562~3,서울특별시 서대문구청,2025-01-01
신촌동3085,서울특별시 서대문구 창천동53-84,126.9342839,37.5586546,한전주,02-330-1562~3,서울특별시 서대문구청,2025-01-01
신촌동5006,서울특별시 서대문구 창천동5-70,126.9397641,37.5584967,한전주,02-330-1562~3,서울특별시 서대문구청,2025-01-01
신촌동3056,서울특별시 서대문구 창천동57-18,126.9351129,37.5568691,한전주,02-330-1562~3,서울특별시 서대문구청,2025-01-01
신촌동3079,서울특별시 서대문구 창천동57-36,126.935001,37.5575709,한전주,02-330-1562~3,서울특별시 서대문구청,2025-01-01
신촌동5005,서울특별시 서대문구 창천동5-74,126.9396989,37.5583069,건축물,02-330-1562~3,서울특별시 서대문구청,2025-01-01
신촌동3077,서울특별시 서대문구 창천동57-41,126.9347913,37.5571995,한전주,02-330-1562~3,서울특별시 서대문구청,2025-01-01
신촌동4008,서울특별시 서대문구 창천동57-59,126.9351193,37.5572115,한전주,02-330-1562~3,서울특별시 서대문구청,2025-01-01
신촌동4006,서울특별시 서대문구 창천동57-64,126.9359683,37.5572011,한전주,02-330-1562~3,서울특별시 서대문구청,2025-01-01
신촌동3061,서울특별시 서대문구 창천동57-66,126.9347254,37.5570548,건축물,02-330-1562~3,서울특별시 서대문구청,2025-01-01
신촌동3078,서울특별시 서대문구 창천동57-66,126.9347254,37.5570548,한전주,02-330-1562~3,서울특별시 서대문구청,2025-01-01
신촌동5012,서울특별시 서대문구 창천동5-86,126.9393495,37.5582047,한전주,02-330-1562~3,서울특별시 서대문구청,2025-01-01
신촌동5013,서울특별시 서대문구 창천동5-90,126.9394214,37.557926,건축물,02-330-1562~3,서울특별시 서대문구청,2025-01-01
신촌동5017,서울특별시 서대문구 창천동5-92,126.9392974,37.5578888,건축물,02-330-1562~3,서울특별시 서대문구청,2025-01-01
신촌동5016,서울특별시 서대문구 창천동5-92,126.9392974,37.5578888,건축물,02-330-1562~3,서울특별시 서대문구청,2025-01-01
신촌동5015,서울특별시 서대문구 창천동5-95,126.9390358,37.5579766,한전주,02-330-1562~3,서울특별시 서대문구청,2025-01-01
신촌동5069,서울특별시 서대문구 창천동5-97,126.9392078,37.557825,한전주,02-330-1562~3,서울특별시 서대문구청,2025-01-01
신촌동3060,서울특별시 서대문구 창천동62-18,126.9345928,37.5568283,한전주,02-330-1562~3,서울특별시 서대문구청,2025-01-01
신촌동3059,서울특별시 서대문구 창천동62-20,126.9345266,37.5567106,한전주,02-330-1562~3,서울특별시 서대문구청,2025-01-01
신촌동3042,서울특별시 서대문구 창천동62-23,126.9341411,37.5567612,한전주,02-330-1562~3,서울특별시 서대문구청,2025-01-01
신촌동3063,서울특별시 서대문구 창천동62-25,126.9342293,37.5569242,건축물,02-330-1562~3,서울특별시 서대문구청,2025-01-01
신촌동3068,서울특별시 서대문구 창천동62-42,126.9336704,37.5572255,건축물,02-330-1562~3,서울특별시 서대문구청,2025-01-01
신촌동3066,서울특별시 서대문구 창천동62-45,126.9338086,37.5570555,건축물,02-330-1562~3,서울특별시 서대문구청,2025-01-01
신촌동3573,서울특별시 서대문구 창천동62-50,126.9333303,37.5572674,전용주,02-330-1562~3,서울특별시 서대문구청,2025-01-01
신촌동1081,서울특별시 서대문구 창천동67-17,126.9329305,37.558318,한전주,02-330-1562~3,서울특별시 서대문구청,2025-01-01
신촌동10157,서울특별시 서대문구 창천동67-18,126.9328863,37.5582365,건축물,02-330-1562~3,서울특별시 서대문구청,2025-01-01
신촌동37,서울특별시 서대문구 창천동67-19,126.9330224,37.5582198,통신주,02-330-1562~3,서울특별시 서대문구청,2025-01-01
신촌동1105,서울특별시 서대문구 창천동67-22,126.9331052,37.5579682,한전주,02-330-1562~3,서울특별시 서대문구청,2025-01-01
신촌동1101,서울특별시 서대문구 창천동67-25,126.9329352,37.5579847,건축물,02-330-1562~3,서울특별시 서대문구청,2025-01-01
신촌동1099,서울특별시 서대문구 창천동67-29,126.932861,37.5576326,건축물,02-330-1562~3,서울특별시 서대문구청,2025-01-01
신촌동1381,서울특별시 서대문구 창천동67-34,126.9327196,37.5580278,한전주,02-330-1562~3,서울특별시 서대문구청,2025-01-01
신촌동1093,서울특별시 서대문구 창천동67-37,126.9326439,37.5577748,통신주,02-330-1562~3,서울특별시 서대문구청,2025-01-01
신촌동3574,서울특별시 서대문구 창천동67-44,126.9329847,37.5576878,건축물,02-330-1562~3,서울특별시 서대문구청,2025-01-01
신촌동1108,서울특별시 서대문구 창천동67-46,126.9333782,37.5586645,한전주,02-330-1562~3,서울특별시 서대문구청,2025-01-01
신촌동1100,서울특별시 서대문구 창천동67-61,126.9329029,37.5578673,건축물,02-330-1562~3,서울특별시 서대문구청,2025-01-01
신촌동35,서울특별시 서대문구 창천동67-85,126.9335369,37.5586479,한전주,02-330-1562~3,서울특별시 서대문구청,2025-01-01
신촌동1470,서울특별시 서대문구 창천동68-15,126.9330849,37.5585988,통신주,02-330-1562~3,서울특별시 서대문구청,2025-01-01
신촌동1071,서울특별시 서대문구 창천동68-19,126.932732,37.5587397,한전주,02-330-1562~3,서울특별시 서대문구청,2025-01-01
신촌동1067,서울특별시 서대문구 창천동68-20,126.9332639,37.5587445,씨피주,02-330-1562~3,서울특별시 서대문구청,2025-01-01
신촌동1068,서울특별시 서대문구 창천동68-21,126.9331856,37.5586808,통신주,02-330-1562~3,서울특별시 서대문구청,2025-01-01
신촌동1073,서울특별시 서대문구 창천동68-34,126.9322867,37.5582221,한전주,02-330-1562~3,서울특별시 서대문구청,2025-01-01
신촌동1064,서울특별시 서대문구 창천동68-44,126.9332942,37.5590061,건축물,02-330-1562~3,서울특별시 서대문구청,2025-01-01
신촌동1063,서울특별시 서대문구 창천동68-49,126.9332275,37.5589154,한전주,02-330-1562~3,서울특별시 서대문구청,2025-01-01
신촌동1062,서울특별시 서대문구 창천동68-51,126.9330103,37.5590666,한전주,02-330-1562~3,서울특별시 서대문구청,2025-01-01
신촌동1113,서울특별시 서대문구 창천동68-61,126.9335661,37.5589815,건축물,02-330-1562~3,서울특별시 서대문구청,2025-01-01
신촌동1070,서울특별시 서대문구 창천동68-70,126.9328803,37.55866,한전주,02-330-1562~3,서울특별시 서대문구청,2025-01-01
신촌동1119,서울특별시 서대문구 창천동70-30,126.9337187,37.5593974,한전주,02-330-1562~3,서울특별시 서대문구청,2025-01-01
신촌동10205,서울특별시 서대문구 창천동70-39,126.9342749,37.5592853,한전주,02-330-1562~3,서울특별시 서대문구청,2025-01-01
신촌동3091,서울특별시 서대문구 창천동70-40,126.9341614,37.5593023,한전주,02-330-1562~3,서울특별시 서대문구청,2025-01-01
신촌동1120,서울특별시 서대문구 창천동70-44,126.9340474,37.5593643,통신주,02-330-1562~3,서울특별시 서대문구청,2025-01-01
신촌동3093,서울특별시 서대문구 창천동70-38,126.9342401,37.559339,한전주,02-330-1562~3,서울특별시 서대문구청,2025-01-01
신촌동3089,서울특별시 서대문구 창천동70-46,126.9346963,37.5590999,한전주,02-330-1562~3,서울특별시 서대문구청,2025-01-01
신촌동3092,서울특별시 서대문구 창천동70-60,126.9337462,37.5590552,한전주,02-330-1562~3,서울특별시 서대문구청,2025-01-01
신촌동3044,서울특별시 서대문구 창천동72-14,126.9345437,37.5563053,한전주,02-330-1562~3,서울특별시 서대문구청,2025-01-01
신촌동3045,서울특별시 서대문구 창천동72-14,126.9345437,37.5563053,전용주,02-330-1562~3,서울특별시 서대문구청,2025-01-01
신촌동3043,서울특별시 서대문구 창천동72-19,126.9348846,37.5562092,한전주,02-330-1562~3,서울특별시 서대문구청,2025-01-01
신촌동3037,서울특별시 서대문구 창천동72-23,126.9335518,37.5568099,한전주,02-330-1562~3,서울특별시 서대문구청,2025-01-01
신촌동3032,서울특별시 서대문구 창천동72-29,126.9333709,37.5567993,한전주,02-330-1562~3,서울특별시 서대문구청,2025-01-01
신촌동12,서울특별시 서대문구 창천동72-31,126.9332564,37.5568883,한전주,02-330-1562~3,서울특별시 서대문구청,2025-01-01
신촌동3100,서울특별시 서대문구 창천동78-14,126.9367655,37.5592447,전용주,02-330-1562~3,서울특별시 서대문구청,2025-01-01
신촌동9809,서울특별시 서대문구 창천동78-17,126.9365283,37.5592065,건축물,02-330-1562~3,서울특별시 서대문구청,2025-01-01
신촌동3097,서울특별시 서대문구 창천동52-101,126.9358505,37.5591193,한전주,02-330-1562~3,서울특별시 서대문구청,2025-01-01
신촌동6,서울특별시 서대문구 창천동83-58,126.9366247,37.5595948,전용주,02-330-1562~3,서울특별시 서대문구청,2025-01-01
신촌동3493,서울특별시 서대문구 창천동70-38,126.9342401,37.559339,건축물,02-330-1562~3,서울특별시 서대문구청,2025-01-01
신촌동1033,서울특별시 서대문구 창천동89-26,126.9336627,37.5601447,한전주,02-330-1562~3,서울특별시 서대문구청,2025-01-01
신촌동1028,서울특별시 서대문구 창천동89-27,126.9340398,37.5598959,건축물,02-330-1562~3,서울특별시 서대문구청,2025-01-01
신촌동1130,서울특별시 서대문구 창천동89-37,126.9334496,37.5600077,전용주,02-330-1562~3,서울특별시 서대문구청,2025-01-01
신촌동1131,서울특별시 서대문구 창천동89-37,126.9334496,37.5600077,전용주,02-330-1562~3,서울특별시 서대문구청,2025-01-01
신촌동1117,서울특별시 서대문구 창천동90-15,126.9332409,37.5595643,한전주,02-330-1562~3,서울특별시 서대문구청,2025-01-01
신촌동1114,서울특별시 서대문구 창천동90-22,126.9334487,37.5592778,한전주,02-330-1562~3,서울특별시 서대문구청,2025-01-01
신촌동1049,서울특별시 서대문구 창천동90-24,126.9318696,37.559687,한전주,02-330-1562~3,서울특별시 서대문구청,2025-01-01
신촌동1055,서울특별시 서대문구 창천동90-24,126.9318696,37.559687,한전주,02-330-1562~3,서울특별시 서대문구청,2025-01-01
신촌동1059,서울특별시 서대문구 창천동90-40,126.9326945,37.5597846,건축물,02-330-1562~3,서울특별시 서대문구청,2025-01-01
신촌동1058,서울특별시 서대문구 창천동90-43,126.932558,37.5598284,건축물,02-330-1562~3,서울특별시 서대문구청,2025-01-01
신촌동1043,서울특별시 서대문구 창천동90-46,126.9321361,37.5600498,한전주,02-330-1562~3,서울특별시 서대문구청,2025-01-01
신촌동1044,서울특별시 서대문구 창천동90-55,126.9322619,37.5599609,한전주,02-330-1562~3,서울특별시 서대문구청,2025-01-01
신촌동1011,서울특별시 서대문구 창천동98-3,126.932046,37.5608149,한전주,02-330-1562~3,서울특별시 서대문구청,2025-01-01
신촌동1009,서울특별시 서대문구 창천동97-117,126.9316668,37.5612079,한전주,02-330-1562~3,서울특별시 서대문구청,2025-01-01
신촌동1007,서울특별시 서대문구 창천동97-129,126.9314085,37.5610704,한전주,02-330-1562~3,서울특별시 서대문구청,2025-01-01
신촌동1016,서울특별시 서대문구 창천동99-19,126.9327066,37.5605235,한전주,02-330-1562~3,서울특별시 서대문구청,2025-01-01
신촌동1020,서울특별시 서대문구 창천동99-23,126.9326316,37.5602255,건축물,02-330-1562~3,서울특별시 서대문구청,2025-01-01
신촌동1302,서울특별시 서대문구 창천동99-23,126.9326316,37.5602255,건축물,02-330-1562~3,서울특별시 서대문구청,2025-01-01
신촌동1018,서울특별시 서대문구 창천동99-25,126.9324586,37.5604492,한전주,02-330-1562~3,서울특별시 서대문구청,2025-01-01
신촌동1017,서울특별시 서대문구 창천동99-25,126.9324586,37.5604492,건축물,02-330-1562~3,서울특별시 서대문구청,2025-01-01
신촌동1019,서울특별시 서대문구 창천동99-26,126.9323122,37.5604028,건축물,02-330-1562~3,서울특별시 서대문구청,2025-01-01
신촌동1549,서울특별시 서대문구 창천동99-43,126.9317983,37.5599297,건축물,02-330-1562~3,서울특별시 서대문구청,2025-01-01
신촌동5577,서울특별시 서대문구 창천동13-38,126.9386686,37.5575318,건축물,02-330-1562~3,서울특별시 서대문구청,2025-01-01
신촌동5229,서울특별시 서대문구 창천동5-43,126.9393575,37.558439,통신주,02-330-1562~3,서울특별시 서대문구청,2025-01-01
신촌동5107-1,서울특별시 서대문구 창천동29-18,126.9385048,37.5563139,전용주,02-330-1562~3,서울특별시 서대문구청,2025-01-01
연희동1156,서울특별시 서대문구 연희동537-45,126.9220427,37.5700767,건축물,02-330-1562~3,서울특별시 서대문구청,2025-01-01
신촌동4113,서울특별시 서대문구 창천동4-53,126.9403983,37.5584754,한전주,02-330-1562~3,서울특별시 서대문구청,2025-01-01
신촌동32,서울특별시 서대문구 창천동13-67,126.9384735,37.5569263,전용주,02-330-1562~3,서울특별시 서대문구청,2025-01-01
신촌동31,서울특별시 서대문구 신촌동44-1,126.9454185,37.5684678,전용주,02-330-1562~3,서울특별시 서대문구청,2025-01-01
신촌동28,서울특별시 서대문구 창천동163,126.930261,37.5589967,건축물,02-330-1562~3,서울특별시 서대문구청,2025-01-01
신촌동25,서울특별시 서대문구 창천동18-81,126.9373424,37.5560782,한전주,02-330-1562~3,서울특별시 서대문구청,2025-01-01
신촌동24,서울특별시 서대문구 창천동13-76,126.9392709,37.557366,전용주,02-330-1562~3,서울특별시 서대문구청,2025-01-01
신촌동2108-1,서울특별시 서대문구 창천동506-8,126.929423,37.5590251,한전주,02-330-1562~3,서울특별시 서대문구청,2025-01-01
신촌동2010,서울특별시 서대문구 창천동404,126.9280037,37.5609224,한전주,02-330-1562~3,서울특별시 서대문구청,2025-01-01
신촌동2009,서울특별시 서대문구 창천동425,126.9278114,37.5609117,한전주,02-330-1562~3,서울특별시 서대문구청,2025-01-01
신촌동10026,서울특별시 서대문구 창천동434,126.927692,37.5613431,한전주,02-330-1562~3,서울특별시 서대문구청,2025-01-01
신촌동2075,서울특별시 서대문구 신촌동386,126.9421662,37.5639155,한전주,02-330-1562~3,서울특별시 서대문구청,2025-01-01
신촌동3065,서울특별시 서대문구 창천동62-33,126.9339784,37.557057,한전주,02-330-1562~3,서울특별시 서대문구청,2025-01-01
신촌동2059-1,서울특별시 서대문구 창천동186,126.930623,37.5598019,건축물,02-330-1562~3,서울특별시 서대문구청,2025-01-01
연희동7118,서울특별시 서대문구 연희동29,126.9329502,37.5640758,한전주,02-330-1562~3,서울특별시 서대문구청,2025-01-01
연희동7115,서울특별시 서대문구 연희동30,126.9334047,37.5639538,한전주,02-330-1562~3,서울특별시 서대문구청,2025-01-01
연희동7110,서울특별시 서대문구 연희동30,126.9334047,37.5639538,한전주,02-330-1562~3,서울특별시 서대문구청,2025-01-01
연희동8038,서울특별시 서대문구 연희동44,126.9334162,37.5663236,건축물,02-330-1562~3,서울특별시 서대문구청,2025-01-01
연희동10093,서울특별시 서대문구 연희동48-63,126.933661,37.5674161,통신주,02-330-1562~3,서울특별시 서대문구청,2025-01-01
연희동9012,서울특별시 서대문구 연희동69,126.9377468,37.5746251,한전주,02-330-1562~3,서울특별시 서대문구청,2025-01-01
연희동9017,서울특별시 서대문구 연희동74,126.9372736,37.5744677,한전주,02-330-1562~3,서울특별시 서대문구청,2025-01-01
연희동9133,서울특별시 서대문구 연희동141,126.9383294,37.5774506,한전주,02-330-1562~3,서울특별시 서대문구청,2025-01-01
연희동9134,서울특별시 서대문구 연희동141,126.9383294,37.5774506,한전주,02-330-1562~3,서울특별시 서대문구청,2025-01-01
연희동9434,서울특별시 서대문구 연희동168-19,126.9377971,37.5782567,전용주,02-330-1562~3,서울특별시 서대문구청,2025-01-01
연희동9135,서울특별시 서대문구 연희동141,126.9383294,37.5774506,한전주,02-330-1562~3,서울특별시 서대문구청,2025-01-01
연희동9141,서울특별시 서대문구 연희동168,126.9374068,37.5786407,한전주,02-330-1562~3,서울특별시 서대문구청,2025-01-01
연희동6039,서울특별시 서대문구 연희동196,126.9296984,37.5730026,건축물,02-330-1562~3,서울특별시 서대문구청,2025-01-01
연희동6011,서울특별시 서대문구 연희동199,126.9301602,37.5723761,건축물,02-330-1562~3,서울특별시 서대문구청,2025-01-01
연희동1007,서울특별시 서대문구 연희동616,126.926674,37.5747052,건축물,02-330-1562~3,서울특별시 서대문구청,2025-01-01
연희동1207,서울특별시 서대문구 연희동608,126.926775,37.5747692,한전주,02-330-1562~3,서울특별시 서대문구청,2025-01-01
연희동1008,서울특별시 서대문구 연희동618,126.9262898,37.5746566,한전주,02-330-1562~3,서울특별시 서대문구청,2025-01-01
연희동1006,서울특별시 서대문구 연희동609,126.9268441,37.5746887,건축물,02-330-1562~3,서울특별시 서대문구청,2025-01-01
연희동1009,서울특별시 서대문구 연희동624,126.9266676,37.5743627,통신주,02-330-1562~3,서울특별시 서대문구청,2025-01-01
연희동1010,서울특별시 서대문구 연희동624,126.9266676,37.5743627,한전주,02-330-1562~3,서울특별시 서대문구청,2025-01-01
연희동1013,서울특별시 서대문구 연희동629,126.9262703,37.5744402,한전주,02-330-1562~3,서울특별시 서대문구청,2025-01-01
연희동1187,서울특별시 서대문구 연희동633,126.9262946,37.5743233,통신주,02-330-1562~3,서울특별시 서대문구청,2025-01-01
연희동1017,서울특별시 서대문구 연희동637,126.92632,37.5741343,건축물,02-330-1562~3,서울특별시 서대문구청,2025-01-01
연희동1014,서울특별시 서대문구 연희동642,126.9260124,37.5742667,한전주,02-330-1562~3,서울특별시 서대문구청,2025-01-01
연희동1015,서울특별시 서대문구 연희동653,126.9257996,37.5741115,전용주,02-330-1562~3,서울특별시 서대문구청,2025-01-01
연희동1018,서울특별시 서대문구 연희동655,126.9259719,37.5739329,한전주,02-330-1562~3,서울특별시 서대문구청,2025-01-01
연희동1024,서울특별시 서대문구 연희동662,126.9256316,37.5739839,한전주,02-330-1562~3,서울특별시 서대문구청,2025-01-01
연희동669,서울특별시 서대문구 연희동669,126.9253483,37.5739993,전용주,02-330-1562~3,서울특별시 서대문구청,2025-01-01
연희동1023,서울특별시 서대문구 연희동669,126.9253483,37.5739993,전용주,02-330-1562~3,서울특별시 서대문구청,2025-01-01
연희동1025,서울특별시 서대문구 연희동679,126.9251132,37.573817,한전주,02-330-1562~3,서울특별시 서대문구청,2025-01-01
연희동1026,서울특별시 서대문구 연희동684,126.924856,37.5735984,한전주,02-330-1562~3,서울특별시 서대문구청,2025-01-01
연희동9056,서울특별시 서대문구 연희동699,126.9377614,37.5751929,한전주,02-330-1562~3,서울특별시 서대문구청,2025-01-01
연희동4119,서울특별시 서대문구 연희동702,126.9269509,37.5751312,한전주,02-330-1562~3,서울특별시 서대문구청,2025-01-01
연희동4111,서울특별시 서대문구 연희동705,126.9282618,37.5745033,건축물,02-330-1562~3,서울특별시 서대문구청,2025-01-01
연희동4109,서울특별시 서대문구 연희동705,126.9282618,37.5745033,건축물,02-330-1562~3,서울특별시 서대문구청,2025-01-01
연희동4468,서울특별시 서대문구 연희동736,126.9293535,37.5765316,한전주,02-330-1562~3,서울특별시 서대문구청,2025-01-01
연희동4469,서울특별시 서대문구 연희동736,126.9293535,37.5765316,한전주,02-330-1562~3,서울특별시 서대문구청,2025-01-01
연희동4470,서울특별시 서대문구 연희동736,126.9293535,37.5765316,한전주,02-330-1562~3,서울특별시 서대문구청,2025-01-01
연희동4471,서울특별시 서대문구 연희동736,126.9293535,37.5765316,한전주,02-330-1562~3,서울특별시 서대문구청,2025-01-01
연희동4472,서울특별시 서대문구 연희동736,126.9293535,37.5765316,한전주,02-330-1562~3,서울특별시 서대문구청,2025-01-01
연희동4473,서울특별시 서대문구 연희동736,126.9293535,37.5765316,한전주,02-330-1562~3,서울특별시 서대문구청,2025-01-01
연희동4474,서울특별시 서대문구 연희동736,126.9293535,37.5765316,한전주,02-330-1562~3,서울특별시 서대문구청,2025-01-01
연희동4475,서울특별시 서대문구 연희동736,126.9293535,37.5765316,한전주,02-330-1562~3,서울특별시 서대문구청,2025-01-01
연희동2,서울특별시 서대문구 연희동711,126.928266,37.5757919,한전주,02-330-1562~3,서울특별시 서대문구청,2025-01-01
연희동4145,서울특별시 서대문구 연희동712,126.9290968,37.575484,한전주,02-330-1562~3,서울특별시 서대문구청,2025-01-01
연희동4178,서울특별시 서대문구 연희동715,126.930546,37.5762721,한전주,02-330-1562~3,서울특별시 서대문구청,2025-01-01
연희동5059,서울특별시 서대문구 연희동721,126.9313898,37.5766401,한전주,02-330-1562~3,서울특별시 서대문구청,2025-01-01
연희동5059-1,서울특별시 서대문구 연희동721,126.9313898,37.5766401,한전주,02-330-1562~3,서울특별시 서대문구청,2025-01-01
연희동5050,서울특별시 서대문구 연희동723,126.9316791,37.5762012,한전주,02-330-1562~3,서울특별시 서대문구청,2025-01-01
연희동5051,서울특별시 서대문구 연희동723,126.9316791,37.5762012,한전주,02-330-1562~3,서울특별시 서대문구청,2025-01-01
연희동5267,서울특별시 서대문구 연희동729,126.9324458,37.5780012,건축물,02-330-1562~3,서울특별시 서대문구청,2025-01-01
연희동2154,서울특별시 서대문구 연희동738,126.9270705,37.5652209,한전주,02-330-1562~3,서울특별시 서대문구청,2025-01-01
연희동2151,서울특별시 서대문구 연희동738,126.9270705,37.5652209,전용주,02-330-1562~3,서울특별시 서대문구청,2025-01-01
연희동16,서울특별시 서대문구 연희동738,126.9270705,37.5652209,한전주,02-330-1562~3,서울특별시 서대문구청,2025-01-01
연희동8855,서울특별시 서대문구 연희동739,126.9294431,37.5615752,한전주,02-330-1562~3,서울특별시 서대문구청,2025-01-01
연희동11,서울특별시 서대문구 연희동739,126.9294431,37.5615752,전용주,02-330-1562~3,서울특별시 서대문구청,2025-01-01
연희동12,서울특별시 서대문구 연희동739,126.9294431,37.5615752,전용주,02-330-1562~3,서울특별시 서대문구청,2025-01-01
연희동2157,서울특별시 서대문구 연희동745,126.9280389,37.5639953,한전주,02-330-1562~3,서울특별시 서대문구청,2025-01-01
연희동2158,서울특별시 서대문구 연희동745,126.9280389,37.5639953,한전주,02-330-1562~3,서울특별시 서대문구청,2025-01-01
연희동2143,서울특별시 서대문구 연희동746,126.9265182,37.5658466,한전주,02-330-1562~3,서울특별시 서대문구청,2025-01-01
연희동7119,서울특별시 서대문구 연희동31-2,126.9330038,37.5642835,한전주,02-330-1562~3,서울특별시 서대문구청,2025-01-01
연희동7166,서울특별시 서대문구 연희동32-1,126.9331004,37.5646538,건축물,02-330-1562~3,서울특별시 서대문구청,2025-01-01
연희동7167,서울특별시 서대문구 연희동34-3,126.93304,37.5649236,건축물,02-330-1562~3,서울특별시 서대문구청,2025-01-01
연희동7168,서울특별시 서대문구 연희동34-6,126.9328017,37.5649665,한전주,02-330-1562~3,서울특별시 서대문구청,2025-01-01
연희동7169,서울특별시 서대문구 연희동35-1,126.9328336,37.565111,한전주,02-330-1562~3,서울특별시 서대문구청,2025-01-01
연희동10022,서울특별시 서대문구 연희동43-2,126.9329546,37.5653553,전용주,02-330-1562~3,서울특별시 서대문구청,2025-01-01
연희동7170,서울특별시 서대문구 연희동43-9,126.9332023,37.5654477,한전주,02-330-1562~3,서울특별시 서대문구청,2025-01-01
연희동8039,서울특별시 서대문구 연희동44-3,126.933133,37.5663391,한전주,02-330-1562~3,서울특별시 서대문구청,2025-01-01
연희동8053,서울특별시 서대문구 연희동47-5,126.9334619,37.5670899,한전주,02-330-1562~3,서울특별시 서대문구청,2025-01-01
연희동8074,서울특별시 서대문구 연희동50-9,126.9345735,37.5677216,한전주,02-330-1562~3,서울특별시 서대문구청,2025-01-01
연희동8071,서울특별시 서대문구 연희동51-5,126.9355371,37.5676222,한전주,02-330-1562~3,서울특별시 서대문구청,2025-01-01
연희동8070,서울특별시 서대문구 연희동51-12,126.9355497,37.5675322,한전주,02-330-1562~3,서울특별시 서대문구청,2025-01-01
연희동8120,서울특별시 서대문구 연희동66-5,126.9343213,37.5687375,한전주,02-330-1562~3,서울특별시 서대문구청,2025-01-01
연희동10209,서울특별시 서대문구 연희동66-5,126.9343213,37.5687375,건축물,02-330-1562~3,서울특별시 서대문구청,2025-01-01
연희동8121,서울특별시 서대문구 연희동66-7,126.934615,37.5687852,한전주,02-330-1562~3,서울특별시 서대문구청,2025-01-01
연희동8123,서울특별시 서대문구 연희동66-8,126.9346391,37.5686773,한전주,02-330-1562~3,서울특별시 서대문구청,2025-01-01
연희동8802,서울특별시 서대문구 연희동67-1,126.9351761,37.5691237,건축물,02-330-1562~3,서울특별시 서대문구청,2025-01-01
연희동8124,서울특별시 서대문구 연희동67-5,126.9347464,37.5690928,한전주,02-330-1562~3,서울특별시 서대문구청,2025-01-01
연희동8096,서울특별시 서대문구 연희동69-1,126.9328567,37.5682468,한전주,02-330-1562~3,서울특별시 서대문구청,2025-01-01
연희동8101,서울특별시 서대문구 연희동69-6,126.9330727,37.5681856,건축물,02-330-1562~3,서울특별시 서대문구청,2025-01-01
연희동8102,서울특별시 서대문구 연희동69-7,126.932995,37.5680768,건축물,02-330-1562~3,서울특별시 서대문구청,2025-01-01
연희동8089,서울특별시 서대문구 연희동69-12,126.9328272,37.5679401,통신주,02-330-1562~3,서울특별시 서대문구청,2025-01-01
연희동9035,서울특별시 서대문구 연희동70-1,126.9382885,37.5731523,한전주,02-330-1562~3,서울특별시 서대문구청,2025-01-01
연희동9031,서울특별시 서대문구 연희동70-3,126.9363562,37.5713148,한전주,02-330-1562~3,서울특별시 서대문구청,2025-01-01
연희동9034,서울특별시 서대문구 연희동70-4,126.9380747,37.5730603,건축물,02-330-1562~3,서울특별시 서대문구청,2025-01-01
연희동9033,서울특별시 서대문구 연희동70-6,126.9383151,37.5728732,건축물,02-330-1562~3,서울특별시 서대문구청,2025-01-01
연희동9030,서울특별시 서대문구 연희동71-3,126.937948,37.5724194,건축물,02-330-1562~3,서울특별시 서대문구청,2025-01-01
연희동9023,서울특별시 서대문구 연희동71-4,126.9376801,37.5729486,한전주,02-330-1562~3,서울특별시 서대문구청,2025-01-01
연희동9021,서울특별시 서대문구 연희동71-4,126.9376801,37.5729486,통신주,02-330-1562~3,서울특별시 서대문구청,2025-01-01
연희동9032,서울특별시 서대문구 연희동71-9,126.9378864,37.5727703,한전주,02-330-1562~3,서울특별시 서대문구청,2025-01-01
연희동9629,서울특별시 서대문구 연희동73-5,126.9374153,37.5740545,건축물,02-330-1562~3,서울특별시 서대문구청,2025-01-01
연희동9015,서울특별시 서대문구 연희동73-12,126.9373501,37.5738647,전용주,02-330-1562~3,서울특별시 서대문구청,2025-01-01
연희동9061,서울특별시 서대문구 연희동74-1,126.9370573,37.5745558,한전주,02-330-1562~3,서울특별시 서대문구청,2025-01-01
연희동9009,서울특별시 서대문구 연희동74-4,126.936631,37.5742817,한전주,02-330-1562~3,서울특별시 서대문구청,2025-01-01
연희동9007,서울특별시 서대문구 연희동74-6,126.9365762,37.5741551,한전주,02-330-1562~3,서울특별시 서대문구청,2025-01-01
연희동9064,서울특별시 서대문구 연희동74-9,126.936345,37.5744864,한전주,02-330-1562~3,서울특별시 서대문구청,2025-01-01
연희동9016,서울특별시 서대문구 연희동75-1,126.9367639,37.5736882,한전주,02-330-1562~3,서울특별시 서대문구청,2025-01-01
연희동9024,서울특별시 서대문구 연희동75-8,126.9369053,37.573302,한전주,02-330-1562~3,서울특별시 서대문구청,2025-01-01
연희동19002,서울특별시 서대문구 연희동76-2,126.9360981,37.57434,전용주,02-330-1562~3,서울특별시 서대문구청,2025-01-01
연희동9005,서울특별시 서대문구 연희동76-9,126.9362227,37.5735392,통신주,02-330-1562~3,서울특별시 서대문구청,2025-01-01
연희동9003,서울특별시 서대문구 연희동76-12,126.9360347,37.5732221,통신주,02-330-1562~3,서울특별시 서대문구청,2025-01-01
연희동9060,서울특별시 서대문구 연희동77-2,126.935045,37.5743575,건축물,02-330-1562~3,서울특별시 서대문구청,2025-01-01
연희동6090,서울특별시 서대문구 연희동77-6,126.9350244,37.5742131,한전주,02-330-1562~3,서울특별시 서대문구청,2025-01-01
연희동6098,서울특별시 서대문구 연희동77-9,126.9352215,37.5738906,한전주,02-330-1562~3,서울특별시 서대문구청,2025-01-01
연희동6092,서울특별시 서대문구 연희동77-9,126.9352215,37.5738906,건축물,02-330-1562~3,서울특별시 서대문구청,2025-01-01
연희동6099,서울특별시 서대문구 연희동77-12,126.9347841,37.5735983,한전주,02-330-1562~3,서울특별시 서대문구청,2025-01-01
연희동6100,서울특별시 서대문구 연희동78-7,126.9346193,37.5732454,건축물,02-330-1562~3,서울특별시 서대문구청,2025-01-01
연희동9028,서울특별시 서대문구 연희동79-1,126.9376209,37.5723354,전용주,02-330-1562~3,서울특별시 서대문구청,2025-01-01
연희동9029,서울특별시 서대문구 연희동79-1,126.9376209,37.5723354,한전주,02-330-1562~3,서울특별시 서대문구청,2025-01-01
연희동9026,서울특별시 서대문구 연희동79-2,126.9371865,37.5726288,한전주,02-330-1562~3,서울특별시 서대문구청,2025-01-01
연희동9027,서울특별시 서대문구 연희동79-2,126.9371865,37.5726288,한전주,02-330-1562~3,서울특별시 서대문구청,2025-01-01
연희동9025,서울특별시 서대문구 연희동79-3,126.937061,37.5726997,한전주,02-330-1562~3,서울특별시 서대문구청,2025-01-01
연희동9002,서울특별시 서대문구 연희동79-7,126.9363686,37.5728287,한전주,02-330-1562~3,서울특별시 서대문구청,2025-01-01
연희동9001,서울특별시 서대문구 연희동79-8,126.9361873,37.5728451,한전주,02-330-1562~3,서울특별시 서대문구청,2025-01-01
연희동8138,서울특별시 서대문구 연희동80-1,126.9350075,37.5714288,한전주,02-330-1562~3,서울특별시 서대문구청,2025-01-01
연희동6114,서울특별시 서대문구 연희동83-2,126.9336437,37.5725968,한전주,02-330-1562~3,서울특별시 서대문구청,2025-01-01
연희동6124,서울특별시 서대문구 연희동83-4,126.9334317,37.5723787,한전주,02-330-1562~3,서울특별시 서대문구청,2025-01-01
연희동6125,서울특별시 서대문구 연희동83-5,126.9331864,37.5721152,한전주,02-330-1562~3,서울특별시 서대문구청,2025-01-01
연희동6126,서울특별시 서대문구 연희동83-9,126.9330071,37.5719874,한전주,02-330-1562~3,서울특별시 서대문구청,2025-01-01
연희동6129,서울특별시 서대문구 연희동83-11,126.9325323,37.5719471,한전주,02-330-1562~3,서울특별시 서대문구청,2025-01-01
연희동6157,서울특별시 서대문구 연희동84-2,126.9327067,37.5716243,전용주,02-330-1562~3,서울특별시 서대문구청,2025-01-01
연희동6141,서울특별시 서대문구 연희동84-11,126.9323006,37.5715215,전용주,02-330-1562~3,서울특별시 서대문구청,2025-01-01
연희동6140,서울특별시 서대문구 연희동84-11,126.9323006,37.5715215,전용주,02-330-1562~3,서울특별시 서대문구청,2025-01-01
연희동6133,서울특별시 서대문구 연희동84-11,126.9323006,37.5715215,건축물,02-330-1562~3,서울특별시 서대문구청,2025-01-01
연희동8136,서울특별시 서대문구 연희동87-1,126.9343259,37.5708009,전용주,02-330-1562~3,서울특별시 서대문구청,2025-01-01
연희동1-9,서울특별시 서대문구 연희동87-10,126.9348438,37.5702019,한전주,02-330-1562~3,서울특별시 서대문구청,2025-01-01
연희동8129,서울특별시 서대문구 연희동87-12,126.9346664,37.569939,한전주,02-330-1562~3,서울특별시 서대문구청,2025-01-01
연희동8112,서울특별시 서대문구 연희동88-1,126.9338614,37.569238,건축물,02-330-1562~3,서울특별시 서대문구청,2025-01-01
연희동8111,서울특별시 서대문구 연희동88-1,126.9338614,37.569238,건축물,02-330-1562~3,서울특별시 서대문구청,2025-01-01
연희동8135,서울특별시 서대문구 연희동88-1,126.9338614,37.569238,건축물,02-330-1562~3,서울특별시 서대문구청,2025-01-01
연희동8110,서울특별시 서대문구 연희동88-1,126.9338614,37.569238,전용주,02-330-1562~3,서울특별시 서대문구청,2025-01-01
연희동8108,서울특별시 서대문구 연희동88-1,126.9338614,37.569238,건축물,02-330-1562~3,서울특별시 서대문구청,2025-01-01
연희동8113,서울특별시 서대문구 연희동88-2,126.9333063,37.569269,건축물,02-330-1562~3,서울특별시 서대문구청,2025-01-01
연희동8413,서울특별시 서대문구 연희동88-3,126.9331723,37.5691416,건축물,02-330-1562~3,서울특별시 서대문구청,2025-01-01
연희동8159,서울특별시 서대문구 연희동88-7,126.933056,37.5685639,건축물,02-330-1562~3,서울특별시 서대문구청,2025-01-01
연희동6462,서울특별시 서대문구 연희동89-8,126.9324096,37.5694411,건축물,02-330-1562~3,서울특별시 서대문구청,2025-01-01
연희동6149,서울특별시 서대문구 연희동90-3,126.9318934,37.569914,전용주,02-330-1562~3,서울특별시 서대문구청,2025-01-01
연희동6151,서울특별시 서대문구 연희동90-10,126.9319931,37.570068,전용주,02-330-1562~3,서울특별시 서대문구청,2025-01-01
연희동8153,서울특별시 서대문구 연희동91-3,126.9360997,37.5718351,한전주,02-330-1562~3,서울특별시 서대문구청,2025-01-01
연희동8148,서울특별시 서대문구 연희동91-8,126.9362057,37.5715477,한전주,02-330-1562~3,서울특별시 서대문구청,2025-01-01
연희동1-5,서울특별시 서대문구 연희동92-1,126.9319364,37.5708694,전용주,02-330-1562~3,서울특별시 서대문구청,2025-01-01
연희동6144,서울특별시 서대문구 연희동92-1,126.9319364,37.5708694,전용주,02-330-1562~3,서울특별시 서대문구청,2025-01-01
연희동1-4,서울특별시 서대문구 연희동92-1,126.9319364,37.5708694,전용주,02-330-1562~3,서울특별시 서대문구청,2025-01-01
연희동6152,서울특별시 서대문구 연희동92-4,126.9320197,37.5705819,전용주,02-330-1562~3,서울특별시 서대문구청,2025-01-01
연희동6250,서울특별시 서대문구 연희동92-10,126.9313419,37.5704856,건축물,02-330-1562~3,서울특별시 서대문구청,2025-01-01
연희동8139,서울특별시 서대문구 연희동93-3,126.9355645,37.5712626,건축물,02-330-1562~3,서울특별시 서대문구청,2025-01-01
연희동8140,서울특별시 서대문구 연희동93-3,126.9355645,37.5712626,한전주,02-330-1562~3,서울특별시 서대문구청,2025-01-01
연희동1199,서울특별시 서대문구 연희동93-3,126.9355645,37.5712626,건축물,02-330-1562~3,서울특별시 서대문구청,2025-01-01
연희동9960,서울특별시 서대문구 연희동95-7,126.9314413,37.5714506,건축물,02-330-1562~3,서울특별시 서대문구청,2025-01-01
연희동6146,서울특별시 서대문구 연희동95-12,126.9314466,37.5710813,건축물,02-330-1562~3,서울특별시 서대문구청,2025-01-01
연희동8443,서울특별시 서대문구 연희동96-1,126.936291,37.571125,통신주,02-330-1562~3,서울특별시 서대문구청,2025-01-01
연희동8143,서울특별시 서대문구 연희동96-2,126.9361384,37.5707092,한전주,02-330-1562~3,서울특별시 서대문구청,2025-01-01
연희동8144,서울특별시 서대문구 연희동96-3,126.9365874,37.5709745,한전주,02-330-1562~3,서울특별시 서대문구청,2025-01-01
연희동8141,서울특별시 서대문구 연희동96-12,126.9360753,37.5711681,한전주,02-330-1562~3,서울특별시 서대문구청,2025-01-01
연희동8147,서울특별시 서대문구 연희동91-4,126.9358569,37.5714004,한전주,02-330-1562~3,서울특별시 서대문구청,2025-01-01
연희동9096,서울특별시 서대문구 연희동1-6,126.9390244,37.5835208,전용주,02-330-1562~3,서울특별시 서대문구청,2025-01-01
연희동9092,서울특별시 서대문구 연희동1-12,126.9386904,37.5831213,한전주,02-330-1562~3,서울특별시 서대문구청,2025-01-01
연희동9085,서울특별시 서대문구 연희동1-24,126.93801,37.5824034,한전주,02-330-1562~3,서울특별시 서대문구청,2025-01-01
연희동7108,서울특별시 서대문구 연희동28-1,126.933589,37.5637302,건축물,02-330-1562~3,서울특별시 서대문구청,2025-01-01
연희동9139,서울특별시 서대문구 연희동3-10,126.9388769,37.5779601,한전주,02-330-1562~3,서울특별시 서대문구청,2025-01-01
연희동9136,서울특별시 서대문구 연희동3-10,126.9388769,37.5779601,한전주,02-330-1562~3,서울특별시 서대문구청,2025-01-01
연희동9138,서울특별시 서대문구 연희동3-10,126.9388769,37.5779601,통신주,02-330-1562~3,서울특별시 서대문구청,2025-01-01
연희동9137,서울특별시 서대문구 연희동3-10,126.9388769,37.5779601,한전주,02-330-1562~3,서울특별시 서대문구청,2025-01-01
연희동9052,서울특별시 서대문구 연희동6-19,126.9388471,37.5752747,한전주,02-330-1562~3,서울특별시 서대문구청,2025-01-01
연희동9053,서울특별시 서대문구 연희동6-20,126.9388139,37.5752204,한전주,02-330-1562~3,서울특별시 서대문구청,2025-01-01
연희동9044,서울특별시 서대문구 연희동6-21,126.9392001,37.5751247,건축물,02-330-1562~3,서울특별시 서대문구청,2025-01-01
연희동9045,서울특별시 서대문구 연희동6-21,126.9392001,37.5751247,건축물,02-330-1562~3,서울특별시 서대문구청,2025-01-01
연희동9046,서울특별시 서대문구 연희동6-21,126.9392001,37.5751247,건축물,02-330-1562~3,서울특별시 서대문구청,2025-01-01
연희동9047,서울특별시 서대문구 연희동6-21,126.9392001,37.5751247,건축물,02-330-1562~3,서울특별시 서대문구청,2025-01-01
연희동9048,서울특별시 서대문구 연희동6-21,126.9392001,37.5751247,건축물,02-330-1562~3,서울특별시 서대문구청,2025-01-01
연희동9049,서울특별시 서대문구 연희동6-21,126.9392001,37.5751247,건축물,02-330-1562~3,서울특별시 서대문구청,2025-01-01
연희동6034,서울특별시 서대문구 연희동100-1,126.9296404,37.5723083,건축물,02-330-1562~3,서울특별시 서대문구청,2025-01-01
연희동6008,서울특별시 서대문구 연희동100-12,126.9300682,37.5716815,한전주,02-330-1562~3,서울특별시 서대문구청,2025-01-01
연희동8829,서울특별시 서대문구 연희동101-5,126.9300734,37.572114,한전주,02-330-1562~3,서울특별시 서대문구청,2025-01-01
연희동6048,서울특별시 서대문구 연희동103-1,126.9288874,37.572716,한전주,02-330-1562~3,서울특별시 서대문구청,2025-01-01
연희동6037,서울특별시 서대문구 연희동103-4,126.9295686,37.572578,한전주,02-330-1562~3,서울특별시 서대문구청,2025-01-01
연희동6036,서울특별시 서대문구 연희동103-4,126.9295686,37.572578,한전주,02-330-1562~3,서울특별시 서대문구청,2025-01-01
연희동6035,서울특별시 서대문구 연희동103-5,126.9294113,37.5724955,한전주,02-330-1562~3,서울특별시 서대문구청,2025-01-01
연희동6335,서울특별시 서대문구 연희동103-6,126.9292203,37.5723946,한전주,02-330-1562~3,서울특별시 서대문구청,2025-01-01
연희동9969,서울특별시 서대문구 연희동104-1,126.9285988,37.5731098,전용주,02-330-1562~3,서울특별시 서대문구청,2025-01-01
연희동8826,서울특별시 서대문구 연희동104-2,126.9286563,37.5730473,전용주,02-330-1562~3,서울특별시 서대문구청,2025-01-01
연희동6049,서울특별시 서대문구 연희동104-3,126.9287265,37.5728857,한전주,02-330-1562~3,서울특별시 서대문구청,2025-01-01
연희동10122,서울특별시 서대문구 연희동104-3,126.9287265,37.5728857,전용주,02-330-1562~3,서울특별시 서대문구청,2025-01-01
연희동4060,서울특별시 서대문구 연희동105-10,126.9278044,37.57167,한전주,02-330-1562~3,서울특별시 서대문구청,2025-01-01
연희동4087,서울특별시 서대문구 연희동105-4,126.9277009,37.57257,건축물,02-330-1562~3,서울특별시 서대문구청,2025-01-01
연희동4090,서울특별시 서대문구 연희동105-19,126.9277095,37.5727593,한전주,02-330-1562~3,서울특별시 서대문구청,2025-01-01
연희동4088,서울특별시 서대문구 연희동105-12,126.927688,37.5726781,건축물,02-330-1562~3,서울특별시 서대문구청,2025-01-01
연희동4086,서울특별시 서대문구 연희동105-16,126.9280051,37.5726719,한전주,02-330-1562~3,서울특별시 서대문구청,2025-01-01
연희동4082,서울특별시 서대문구 연희동105-17,126.9276185,37.5720016,한전주,02-330-1562~3,서울특별시 서대문구청,2025-01-01
연희동4083,서울특별시 서대문구 연희동105-4,126.9277009,37.57257,한전주,02-330-1562~3,서울특별시 서대문구청,2025-01-01
연희동4083-1,서울특별시 서대문구 연희동105-4,126.9277009,37.57257,한전주,02-330-1562~3,서울특별시 서대문구청,2025-01-01
연희동4081,서울특별시 서대문구 연희동105-9,126.9276885,37.5718581,통신주,02-330-1562~3,서울특별시 서대문구청,2025-01-01
연희동4065,서울특별시 서대문구 연희동106-11,126.9281972,37.5719078,한전주,02-330-1562~3,서울특별시 서대문구청,2025-01-01
연희동4066,서울특별시 서대문구 연희동106-14,126.9286121,37.5721819,한전주,02-330-1562~3,서울특별시 서대문구청,2025-01-01
연희동4084,서울특별시 서대문구 연희동115-16,126.9274796,37.569054,건축물,02-330-1562~3,서울특별시 서대문구청,2025-01-01
연희동4382,서울특별시 서대문구 연희동106-8,126.9280562,37.5722669,건축물,02-330-1562~3,서울특별시 서대문구청,2025-01-01
연희동15,서울특별시 서대문구 연희동106-8,126.9280562,37.5722669,한전주,02-330-1562~3,서울특별시 서대문구청,2025-01-01
연희동4064,서울특별시 서대문구 연희동106-9,126.9283317,37.5719991,건축물,02-330-1562~3,서울특별시 서대문구청,2025-01-01
연희동4067,서울특별시 서대문구 연희동107-1,126.9289762,37.57205,한전주,02-330-1562~3,서울특별시 서대문구청,2025-01-01
연희동4072,서울특별시 서대문구 연희동107-14,126.9292701,37.5712868,건축물,02-330-1562~3,서울특별시 서대문구청,2025-01-01
연희동4070,서울특별시 서대문구 연희동107-16,126.9291088,37.5714836,건축물,02-330-1562~3,서울특별시 서대문구청,2025-01-01
연희동4055,서울특별시 서대문구 연희동107-17,126.928867,37.5717697,건축물,02-330-1562~3,서울특별시 서대문구청,2025-01-01
연희동4068,서울특별시 서대문구 연희동107-17,126.928867,37.5717697,건축물,02-330-1562~3,서울특별시 서대문구청,2025-01-01
연희동4069,서울특별시 서대문구 연희동107-19,126.9290283,37.5715729,건축물,02-330-1562~3,서울특별시 서대문구청,2025-01-01
연희동4470-1,서울특별시 서대문구 연희동107-8,126.9287635,37.5718859,건축물,02-330-1562~3,서울특별시 서대문구청,2025-01-01
연희동4059,서울특별시 서대문구 연희동108-13,126.9285013,37.5712258,한전주,02-330-1562~3,서울특별시 서대문구청,2025-01-01
연희동4056,서울특별시 서대문구 연희동108-13,126.9285013,37.5712258,한전주,02-330-1562~3,서울특별시 서대문구청,2025-01-01
연희동4071,서울특별시 서대문구 연희동108-14,126.9286472,37.5713082,한전주,02-330-1562~3,서울특별시 서대문구청,2025-01-01
연희동4073,서울특별시 서대문구 연희동108-2,126.9291158,37.5709971,건축물,02-330-1562~3,서울특별시 서대문구청,2025-01-01
연희동4074,서울특별시 서대문구 연희동108-5,126.9289355,37.5709414,한전주,02-330-1562~3,서울특별시 서대문구청,2025-01-01
연희동3160,서울특별시 서대문구 연희동109-12,126.9271902,37.5710787,한전주,02-330-1562~3,서울특별시 서대문구청,2025-01-01
연희동4058,서울특별시 서대문구 연희동109-3,126.9281613,37.5712497,한전주,02-330-1562~3,서울특별시 서대문구청,2025-01-01
연희동4031,서울특별시 서대문구 연희동109-4,126.9280728,37.5711047,한전주,02-330-1562~3,서울특별시 서대문구청,2025-01-01
연희동4030,서울특별시 서대문구 연희동109-7,126.9278144,37.5709672,한전주,02-330-1562~3,서울특별시 서대문구청,2025-01-01
연희동4028,서울특별시 서대문구 연희동109-9,126.9274776,37.570775,건축물,02-330-1562~3,서울특별시 서대문구청,2025-01-01
연희동4027,서울특별시 서대문구 연희동109-9,126.9274776,37.570775,통신주,02-330-1562~3,서울특별시 서대문구청,2025-01-01
연희동9084,서울특별시 서대문구 연희동1-100,126.9380476,37.5821424,한전주,02-330-1562~3,서울특별시 서대문구청,2025-01-01
연희동3159,서울특별시 서대문구 연희동110-1,126.9270305,37.5711674,한전주,02-330-1562~3,서울특별시 서대문구청,2025-01-01
연희동9083,서울특별시 서대문구 연희동1-103,126.9379406,37.5825019,한전주,02-330-1562~3,서울특별시 서대문구청,2025-01-01
연희동9082,서울특별시 서대문구 연희동1-105,126.9385226,37.5821827,건축물,02-330-1562~3,서울특별시 서대문구청,2025-01-01
연희동9100,서울특별시 서대문구 연희동1-105,126.9385226,37.5821827,건축물,02-330-1562~3,서울특별시 서대문구청,2025-01-01
연희동9400,서울특별시 서대문구 연희동1-66,126.9386147,37.5820754,건축물,02-330-1562~3,서울특별시 서대문구청,2025-01-01
연희동1190,서울특별시 서대문구 연희동1-107,126.9394339,37.5825874,전용주,02-330-1562~3,서울특별시 서대문구청,2025-01-01
연희동3167,서울특별시 서대문구 연희동110-9,126.9262576,37.5705927,한전주,02-330-1562~3,서울특별시 서대문구청,2025-01-01
연희동1189,서울특별시 서대문구 연희동1-116,126.9408387,37.5833208,통신주,02-330-1562~3,서울특별시 서대문구청,2025-01-01
연희동1188,서울특별시 서대문구 연희동1-116,126.9408387,37.5833208,통신주,02-330-1562~3,서울특별시 서대문구청,2025-01-01
연희동4024,서울특별시 서대문구 연희동112-10,126.9267789,37.5705524,건축물,02-330-1562~3,서울특별시 서대문구청,2025-01-01
연희동4025,서울특별시 서대문구 연희동112-11,126.9266655,37.5705694,건축물,02-330-1562~3,서울특별시 서대문구청,2025-01-01
연희동1-25,서울특별시 서대문구 연희동112-13,126.9265995,37.5704336,한전주,02-330-1562~3,서울특별시 서대문구청,2025-01-01
연희동4026,서울특별시 서대문구 연희동112-19,126.9272677,37.5704126,한전주,02-330-1562~3,서울특별시 서대문구청,2025-01-01
연희동4023,서울특별시 서대문구 연희동112-19,126.9272677,37.5704126,한전주,02-330-1562~3,서울특별시 서대문구청,2025-01-01
연희동4018,서울특별시 서대문구 연희동112-26,126.9274537,37.5700719,한전주,02-330-1562~3,서울특별시 서대문구청,2025-01-01
연희동4022,서울특별시 서대문구 연희동112-29,126.9270202,37.5703023,한전주,02-330-1562~3,서울특별시 서대문구청,2025-01-01
연희동3176,서울특별시 서대문구 연희동112-31,126.9263769,37.5701703,한전주,02-330-1562~3,서울특별시 서대문구청,2025-01-01
연희동3168,서울특별시 서대문구 연희동112-31,126.9263769,37.5701703,한전주,02-330-1562~3,서울특별시 서대문구청,2025-01-01
연희동3569,서울특별시 서대문구 연희동112-31,126.9263769,37.5701703,건축물,02-330-1562~3,서울특별시 서대문구청,2025-01-01
연희동4469-1,서울특별시 서대문구 연희동112-39,126.926873,37.5703099,건축물,02-330-1562~3,서울특별시 서대문구청,2025-01-01
연희동4020,서울특별시 서대문구 연희동112-41,126.9266125,37.5703166,한전주,02-330-1562~3,서울특별시 서대문구청,2025-01-01
연희동4021,서울특별시 서대문구 연희동112-45,126.927022,37.5701761,한전주,02-330-1562~3,서울특별시 서대문구청,2025-01-01
연희동3161,서울특별시 서대문구 연희동112-6,126.9268999,37.5707967,한전주,02-330-1562~3,서울특별시 서대문구청,2025-01-01
연희동3179,서울특별시 서대문구 연희동113-1,126.9260997,37.5697623,한전주,02-330-1562~3,서울특별시 서대문구청,2025-01-01
연희동3180,서울특별시 서대문구 연희동113-1,126.9260997,37.5697623,한전주,02-330-1562~3,서울특별시 서대문구청,2025-01-01
연희동3099,서울특별시 서대문구 연희동113-2,126.9259885,37.5696261,전용주,02-330-1562~3,서울특별시 서대문구청,2025-01-01
연희동3100,서울특별시 서대문구 연희동113-6,126.9257616,37.5696601,통신주,02-330-1562~3,서울특별시 서대문구청,2025-01-01
연희동3175,서울특별시 서대문구 연희동113-9,126.9260421,37.5698338,한전주,02-330-1562~3,서울특별시 서대문구청,2025-01-01
연희동4005,서울특별시 서대문구 연희동114-1,126.9265634,37.5697935,한전주,02-330-1562~3,서울특별시 서대문구청,2025-01-01
연희동4003,서울특별시 서대문구 연희동114-1,126.9265634,37.5697935,한전주,02-330-1562~3,서울특별시 서대문구청,2025-01-01
연희동8849,서울특별시 서대문구 연희동115-1,126.9284185,37.5690986,한전주,02-330-1562~3,서울특별시 서대문구청,2025-01-01
연희동4010,서울특별시 서대문구 연희동115-16,126.9274796,37.569054,전용주,02-330-1562~3,서울특별시 서대문구청,2025-01-01
연희동4008,서울특별시 서대문구 연희동115-20,126.9272956,37.5692596,건축물,02-330-1562~3,서울특별시 서대문구청,2025-01-01
연희동4009,서울특별시 서대문구 연희동115-20,126.9272956,37.5692596,전용주,02-330-1562~3,서울특별시 서대문구청,2025-01-01
연희동4002,서울특별시 서대문구 연희동115-25,126.9265249,37.5693247,한전주,02-330-1562~3,서울특별시 서대문구청,2025-01-01
연희동3086,서울특별시 서대문구 연희동115-26,126.9264923,37.5692252,한전주,02-330-1562~3,서울특별시 서대문구청,2025-01-01
연희동4001,서울특별시 서대문구 연희동115-27,126.9263213,37.5693138,한전주,02-330-1562~3,서울특별시 서대문구청,2025-01-01
연희동4006,서울특별시 서대문구 연희동115-33,126.9268312,37.5692734,건축물,02-330-1562~3,서울특별시 서대문구청,2025-01-01
연희동9913,서울특별시 서대문구 연희동115-34,126.9269894,37.5692928,건축물,02-330-1562~3,서울특별시 서대문구청,2025-01-01
연희동3085,서울특별시 서대문구 연희동115-37,126.926879,37.5691026,한전주,02-330-1562~3,서울특별시 서대문구청,2025-01-01
연희동8836,서울특별시 서대문구 연희동115-4,126.9276472,37.5692087,전용주,02-330-1562~3,서울특별시 서대문구청,2025-01-01
연희동4011,서울특별시 서대문구 연희동115-44,126.9278628,37.5691746,건축물,02-330-1562~3,서울특별시 서대문구청,2025-01-01
연희동4013,서울특별시 서대문구 연희동115-45,126.9280777,37.5691856,건축물,02-330-1562~3,서울특별시 서대문구청,2025-01-01
연희동3079,서울특별시 서대문구 연희동115-7,126.927956,37.5689863,한전주,02-330-1562~3,서울특별시 서대문구청,2025-01-01
연희동3077,서울특별시 서대문구 연희동115-7,126.927956,37.5689863,한전주,02-330-1562~3,서울특별시 서대문구청,2025-01-01
연희동3078,서울특별시 서대문구 연희동115-9,126.9278651,37.5690125,한전주,02-330-1562~3,서울특별시 서대문구청,2025-01-01
연희동4007,서울특별시 서대문구 연희동116-11,126.9274933,37.5696758,한전주,02-330-1562~3,서울특별시 서대문구청,2025-01-01
연희동4019,서울특별시 서대문구 연희동116-16,126.9272297,37.5699077,한전주,02-330-1562~3,서울특별시 서대문구청,2025-01-01
연희동4004,서울특별시 서대문구 연희동116-25,126.9268704,37.5696972,건축물,02-330-1562~3,서울특별시 서대문구청,2025-01-01
연희동4015,서울특별시 서대문구 연희동116-28,126.9279679,37.5697342,한전주,02-330-1562~3,서울특별시 서대문구청,2025-01-01
연희동4012,서울특별시 서대문구 연희동116-30,126.9278788,37.5696343,건축물,02-330-1562~3,서울특별시 서대문구청,2025-01-01
연희동4014,서울특별시 서대문구 연희동116-34,126.9282557,37.5694034,한전주,02-330-1562~3,서울특별시 서대문구청,2025-01-01
연희동1-7,서울특별시 서대문구 연희동116-36,126.9280752,37.5693568,전용주,02-330-1562~3,서울특별시 서대문구청,2025-01-01
연희동10021,서울특별시 서대문구 연희동116-41,126.9270289,37.5696987,건축물,02-330-1562~3,서울특별시 서대문구청,2025-01-01
연희동4017,서울특별시 서대문구 연희동116-8,126.9274784,37.569928,한전주,02-330-1562~3,서울특별시 서대문구청,2025-01-01
연희동4041,서울특별시 서대문구 연희동117-12,126.9287047,37.5696688,한전주,02-330-1562~3,서울특별시 서대문구청,2025-01-01
연희동4042,서울특별시 서대문구 연희동117-15,126.9286617,37.5695062,건축물,02-330-1562~3,서울특별시 서대문구청,2025-01-01
연희동4037,서울특별시 서대문구 연희동117-25,126.9280892,37.5699606,전용주,02-330-1562~3,서울특별시 서대문구청,2025-01-01
연희동3076,서울특별시 서대문구 연희동117-19,126.9288228,37.5693275,건축물,02-330-1562~3,서울특별시 서대문구청,2025-01-01
연희동9637,서울특별시 서대문구 연희동117-28,126.9283654,37.5696477,건축물,02-330-1562~3,서울특별시 서대문구청,2025-01-01
연희동4016,서울특별시 서대문구 연희동117-5,126.9278955,37.5700489,한전주,02-330-1562~3,서울특별시 서대문구청,2025-01-01
연희동4466,서울특별시 서대문구 연희동117-5,126.9278955,37.5700489,통신주,02-330-1562~3,서울특별시 서대문구청,2025-01-01
연희동4040,서울특별시 서대문구 연희동117-8,126.9283832,37.5699813,한전주,02-330-1562~3,서울특별시 서대문구청,2025-01-01
연희동4053,서울특별시 서대문구 연희동118-11,126.9285201,37.5707033,한전주,02-330-1562~3,서울특별시 서대문구청,2025-01-01
연희동4029,서울특별시 서대문구 연희동118-15,126.92782,37.5705798,건축물,02-330-1562~3,서울특별시 서대문구청,2025-01-01
연희동4033,서울특별시 서대문구 연희동118-6,126.9280491,37.5703927,건축물,02-330-1562~3,서울특별시 서대문구청,2025-01-01
연희동1144,서울특별시 서대문구 연희동523-30,126.9230342,37.5719689,건축물,02-330-1562~3,서울특별시 서대문구청,2025-01-01
연희동4054,서울특별시 서대문구 연희동118-3,126.928453,37.5706397,한전주,02-330-1562~3,서울특별시 서대문구청,2025-01-01
연희동4035,서울특별시 서대문구 연희동118-6,126.9280491,37.5703927,한전주,02-330-1562~3,서울특별시 서대문구청,2025-01-01
연희동4034,서울특별시 서대문구 연희동118-9,126.9277682,37.570246,건축물,02-330-1562~3,서울특별시 서대문구청,2025-01-01
연희동4038,서울특별시 서대문구 연희동119-11,126.9286167,37.5702807,건축물,02-330-1562~3,서울특별시 서대문구청,2025-01-01
연희동10135,서울특별시 서대문구 연희동119-13,126.9290127,37.5702933,건축물,02-330-1562~3,서울특별시 서대문구청,2025-01-01
연희동4048,서울특별시 서대문구 연희동119-17,126.9287431,37.5701467,한전주,02-330-1562~3,서울특별시 서대문구청,2025-01-01
연희동4043,서울특별시 서대문구 연희동119-26,126.9289265,37.5699862,건축물,02-330-1562~3,서울특별시 서대문구청,2025-01-01
연희동4047,서울특별시 서대문구 연희동119-29,126.9292543,37.5700252,한전주,02-330-1562~3,서울특별시 서대문구청,2025-01-01
연희동3065,서울특별시 서대문구 연희동119-31,126.9294507,37.5697477,한전주,02-330-1562~3,서울특별시 서대문구청,2025-01-01
연희동4046,서울특별시 서대문구 연희동119-33,126.9289866,37.5697435,건축물,02-330-1562~3,서울특별시 서대문구청,2025-01-01
연희동4045,서울특별시 서대문구 연희동119-33,126.9289866,37.5697435,건축물,02-330-1562~3,서울특별시 서대문구청,2025-01-01
연희동3075,서울특별시 서대문구 연희동119-40,126.9290917,37.5695192,한전주,02-330-1562~3,서울특별시 서대문구청,2025-01-01
연희동4044,서울특별시 서대문구 연희동119-41,126.9292009,37.5697995,건축물,02-330-1562~3,서울특별시 서대문구청,2025-01-01
연희동4039,서울특별시 서대문구 연희동119-5,126.9287506,37.5704171,건축물,02-330-1562~3,서울특별시 서대문구청,2025-01-01
연희동10083,서울특별시 서대문구 연희동119-6,126.9286367,37.5704611,건축물,02-330-1562~3,서울특별시 서대문구청,2025-01-01
연희동4049,서울특별시 서대문구 연희동120-10,126.9295914,37.5701995,한전주,02-330-1562~3,서울특별시 서대문구청,2025-01-01
연희동3063,서울특별시 서대문구 연희동120-12,126.9294797,37.5700903,한전주,02-330-1562~3,서울특별시 서대문구청,2025-01-01
연희동3061,서울특별시 서대문구 연희동120-13,126.9298188,37.5701294,건축물,02-330-1562~3,서울특별시 서대문구청,2025-01-01
연희동3062,서울특별시 서대문구 연희동120-15,126.9299677,37.5700047,한전주,02-330-1562~3,서울특별시 서대문구청,2025-01-01
연희동4052,서울특별시 서대문구 연희동120-19,126.9291891,37.5706193,한전주,02-330-1562~3,서울특별시 서대문구청,2025-01-01
연희동3563,서울특별시 서대문구 연희동120-23,126.9295941,37.5700103,건축물,02-330-1562~3,서울특별시 서대문구청,2025-01-01
연희동4051,서울특별시 서대문구 연희동120-4,126.9293186,37.5702781,한전주,02-330-1562~3,서울특별시 서대문구청,2025-01-01
연희동4050,서울특별시 서대문구 연희동120-4,126.9293186,37.5702781,한전주,02-330-1562~3,서울특별시 서대문구청,2025-01-01
연희동4077,서울특별시 서대문구 연희동121-14,126.9304264,37.5703872,한전주,02-330-1562~3,서울특별시 서대문구청,2025-01-01
연희동4078,서울특별시 서대문구 연희동121-19,126.9302348,37.5703224,한전주,02-330-1562~3,서울특별시 서대문구청,2025-01-01
연희동4075,서울특별시 서대문구 연희동121-2,126.9296367,37.5709838,한전주,02-330-1562~3,서울특별시 서대문구청,2025-01-01
연희동4080,서울특별시 서대문구 연희동121-20,126.9299856,37.5703382,한전주,02-330-1562~3,서울특별시 서대문구청,2025-01-01
연희동4076,서울특별시 서대문구 연희동121-27,126.9297198,37.5707142,한전주,02-330-1562~3,서울특별시 서대문구청,2025-01-01
연희동4079,서울특별시 서대문구 연희동121-30,126.9299802,37.5707166,건축물,02-330-1562~3,서울특별시 서대문구청,2025-01-01
연희동3060,서울특별시 서대문구 연희동121-8,126.9301076,37.5705105,한전주,02-330-1562~3,서울특별시 서대문구청,2025-01-01
연희동1118,서울특별시 서대문구 연희동121-8,126.9301076,37.5705105,건축물,02-330-1562~3,서울특별시 서대문구청,2025-01-01
연희동3572,서울특별시 서대문구 연희동122-16,126.9308948,37.5692922,건축물,02-330-1562~3,서울특별시 서대문구청,2025-01-01
연희동3566,서울특별시 서대문구 연희동122-18,126.9310636,37.5693658,전용주,02-330-1562~3,서울특별시 서대문구청,2025-01-01
연희동9922,서울특별시 서대문구 연희동123-1,126.9301185,37.5697537,통신주,02-330-1562~3,서울특별시 서대문구청,2025-01-01
연희동3573,서울특별시 서대문구 연희동123-1,126.9301185,37.5697537,통신주,02-330-1562~3,서울특별시 서대문구청,2025-01-01
연희동3058,서울특별시 서대문구 연희동123-11,126.930441,37.5693602,한전주,02-330-1562~3,서울특별시 서대문구청,2025-01-01
연희동3066,서울특별시 서대문구 연희동123-14,126.9299284,37.5695898,한전주,02-330-1562~3,서울특별시 서대문구청,2025-01-01
연희동3059,서울특별시 서대문구 연희동123-15,126.9302565,37.5696018,한전주,02-330-1562~3,서울특별시 서대문구청,2025-01-01
연희동3067,서울특별시 서대문구 연희동123-9,126.9300205,37.5694825,건축물,02-330-1562~3,서울특별시 서대문구청,2025-01-01
연희동3072,서울특별시 서대문구 연희동124-12,126.9294831,37.5690632,한전주,02-330-1562~3,서울특별시 서대문구청,2025-01-01
연희동3071,서울특별시 서대문구 연희동124-25,126.9298398,37.568661,한전주,02-330-1562~3,서울특별시 서대문구청,2025-01-01
연희동1-3,서울특별시 서대문구 연희동124-26,126.929955,37.5685178,전용주,02-330-1562~3,서울특별시 서대문구청,2025-01-01
연희동9610,서울특별시 서대문구 연희동124-32,126.9297888,37.5690569,건축물,02-330-1562~3,서울특별시 서대문구청,2025-01-01
연희동3068,서울특별시 서대문구 연희동124-43,126.9300392,37.5689601,한전주,02-330-1562~3,서울특별시 서대문구청,2025-01-01
연희동3070,서울특별시 서대문구 연희동124-47,126.9300191,37.5687887,전용주,02-330-1562~3,서울특별시 서대문구청,2025-01-01
연희동3069,서울특별시 서대문구 연희동124-7,126.9297414,37.5692097,건축물,02-330-1562~3,서울특별시 서대문구청,2025-01-01
연희동3073,서울특별시 서대문구 연희동125-1,126.9290619,37.5692306,건축물,02-330-1562~3,서울특별시 서대문구청,2025-01-01
연희동3034,서울특별시 서대문구 연희동125-12,126.9294704,37.5683693,한전주,02-330-1562~3,서울특별시 서대문구청,2025-01-01
연희동3027,서울특별시 서대문구 연희동125-3,126.9287806,37.5691109,한전주,02-330-1562~3,서울특별시 서대문구청,2025-01-01
연희동3026,서울특별시 서대문구 연희동126-1,126.9285788,37.5689739,한전주,02-330-1562~3,서울특별시 서대문구청,2025-01-01
연희동3033,서울특별시 서대문구 연희동126-10,126.9290276,37.5684644,한전주,02-330-1562~3,서울특별시 서대문구청,2025-01-01
연희동3031,서울특별시 서대문구 연희동126-13,126.9286779,37.5683801,한전주,02-330-1562~3,서울특별시 서대문구청,2025-01-01
연희동3568,서울특별시 서대문구 연희동126-13,126.9286779,37.5683801,건축물,02-330-1562~3,서울특별시 서대문구청,2025-01-01
연희동3022,서울특별시 서대문구 연희동126-18,126.9283858,37.5682243,한전주,02-330-1562~3,서울특별시 서대문구청,2025-01-01
연희동3024,서울특별시 서대문구 연희동126-24,126.9284232,37.5687742,한전주,02-330-1562~3,서울특별시 서대문구청,2025-01-01
연희동3025,서울특별시 서대문구 연희동126-4,126.9283873,37.5689091,한전주,02-330-1562~3,서울특별시 서대문구청,2025-01-01
연희동3023,서울특별시 서대문구 연희동126-6,126.928462,37.5684322,한전주,02-330-1562~3,서울특별시 서대문구청,2025-01-01
연희동3029,서울특별시 서대문구 연희동126-7,126.9288434,37.5686789,건축물,02-330-1562~3,서울특별시 서대문구청,2025-01-01
연희동3028,서울특별시 서대문구 연희동126-7,126.9288434,37.5686789,한전주,02-330-1562~3,서울특별시 서대문구청,2025-01-01
연희동3570,서울특별시 서대문구 연희동126-7,126.9288434,37.5686789,한전주,02-330-1562~3,서울특별시 서대문구청,2025-01-01
연희동3030,서울특별시 서대문구 연희동126-8,126.9287316,37.5685788,건축물,02-330-1562~3,서울특별시 서대문구청,2025-01-01
연희동3032,서울특별시 서대문구 연희동126-9,126.9289128,37.5685715,한전주,02-330-1562~3,서울특별시 서대문구청,2025-01-01
연희동3013,서울특별시 서대문구 연희동128-12,126.9280308,37.5677165,한전주,02-330-1562~3,서울특별시 서대문구청,2025-01-01
연희동3012,서울특별시 서대문구 연희동128-14,126.9278852,37.567607,한전주,02-330-1562~3,서울특별시 서대문구청,2025-01-01
연희동2173,서울특별시 서대문구 연희동128-21,126.927866,37.5673726,건축물,02-330-1562~3,서울특별시 서대문구청,2025-01-01
연희동9966,서울특별시 서대문구 연희동128-25,126.9283513,37.5674671,건축물,02-330-1562~3,서울특별시 서대문구청,2025-01-01
연희동2172,서울특별시 서대문구 연희동128-26,126.9282281,37.5673759,건축물,02-330-1562~3,서울특별시 서대문구청,2025-01-01
연희동20,서울특별시 서대문구 연희동128-26,126.9282281,37.5673759,한전주,02-330-1562~3,서울특별시 서대문구청,2025-01-01
연희동2171,서울특별시 서대문구 연희동128-28,126.9279708,37.5671663,한전주,02-330-1562~3,서울특별시 서대문구청,2025-01-01
연희동3020,서울특별시 서대문구 연희동129-14,126.9287881,37.5677954,건축물,02-330-1562~3,서울특별시 서대문구청,2025-01-01
연희동3017,서울특별시 서대문구 연희동129-15,126.9289112,37.5678957,건축물,02-330-1562~3,서울특별시 서대문구청,2025-01-01
연희동3021,서울특별시 서대문구 연희동129-18,126.9286738,37.5678755,한전주,02-330-1562~3,서울특별시 서대문구청,2025-01-01
연희동3014,서울특별시 서대문구 연희동129-20,126.9284388,37.5676841,한전주,02-330-1562~3,서울특별시 서대문구청,2025-01-01
연희동3019,서울특별시 서대문구 연희동129-6,126.928976,37.5681125,한전주,02-330-1562~3,서울특별시 서대문구청,2025-01-01
연희동3016,서울특별시 서대문구 연희동129-8,126.9290374,37.5677797,한전주,02-330-1562~3,서울특별시 서대문구청,2025-01-01
연희동2556,서울특별시 서대문구 연희동130-10,126.9291026,37.5671766,통신주,02-330-1562~3,서울특별시 서대문구청,2025-01-01
연희동2166,서울특별시 서대문구 연희동130-13,126.9288737,37.5673547,한전주,02-330-1562~3,서울특별시 서대문구청,2025-01-01
연희동3037,서울특별시 서대문구 연희동130-3,126.9294341,37.5677382,한전주,02-330-1562~3,서울특별시 서대문구청,2025-01-01
연희동6097,서울특별시 서대문구 연희동132-11,126.934293,37.5739002,한전주,02-330-1562~3,서울특별시 서대문구청,2025-01-01
연희동6095,서울특별시 서대문구 연희동132-13,126.9347248,37.573787,건축물,02-330-1562~3,서울특별시 서대문구청,2025-01-01
연희동6094,서울특별시 서대문구 연희동132-15,126.9343525,37.5737025,건축물,02-330-1562~3,서울특별시 서대문구청,2025-01-01
연희동3041,서울특별시 서대문구 연희동132-18,126.930162,37.5675015,한전주,02-330-1562~3,서울특별시 서대문구청,2025-01-01
연희동3038,서울특별시 서대문구 연희동132-23,126.9302133,37.5678714,건축물,02-330-1562~3,서울특별시 서대문구청,2025-01-01
연희동3039,서울특별시 서대문구 연희동132-25,126.9299662,37.567734,한전주,02-330-1562~3,서울특별시 서대문구청,2025-01-01
연희동3047,서울특별시 서대문구 연희동132-27,126.930464,37.5685495,전용주,02-330-1562~3,서울특별시 서대문구청,2025-01-01
연희동3048,서울특별시 서대문구 연희동132-28,126.9305688,37.5683432,한전주,02-330-1562~3,서울특별시 서대문구청,2025-01-01
연희동1-2,서울특별시 서대문구 연희동132-28,126.9305688,37.5683432,전용주,02-330-1562~3,서울특별시 서대문구청,2025-01-01
연희동3044,서울특별시 서대문구 연희동132-33,126.9300718,37.5682666,한전주,02-330-1562~3,서울특별시 서대문구청,2025-01-01
연희동3043,서울특별시 서대문구 연희동132-35,126.9301984,37.5681236,건축물,02-330-1562~3,서울특별시 서대문구청,2025-01-01
연희동3042,서울특별시 서대문구 연희동132-35,126.9301984,37.5681236,건축물,02-330-1562~3,서울특별시 서대문구청,2025-01-01
연희동3035,서울특별시 서대문구 연희동132-37,126.9298143,37.568066,한전주,02-330-1562~3,서울특별시 서대문구청,2025-01-01
연희동3036,서울특별시 서대문구 연희동132-38,126.9296806,37.5679207,한전주,02-330-1562~3,서울특별시 서대문구청,2025-01-01
신촌동5092,서울특별시 서대문구 창천동29-14,126.9385585,37.5565216,한전주,02-330-1562~3,서울특별시 서대문구청,2025-01-01
연희동1-5-1,서울특별시 서대문구 연희동132-5,126.9347712,37.5745082,건축물,02-330-1562~3,서울특별시 서대문구청,2025-01-01
연희동6096,서울특별시 서대문구 연희동132-6,126.9345576,37.5743982,한전주,02-330-1562~3,서울특별시 서대문구청,2025-01-01
연희동6073,서울특별시 서대문구 연희동132-60,126.9340579,37.5745108,건축물,02-330-1562~3,서울특별시 서대문구청,2025-01-01
연희동6076,서울특별시 서대문구 연희동132-63,126.9340546,37.5739521,전용주,02-330-1562~3,서울특별시 서대문구청,2025-01-01
연희동6085,서울특별시 서대문구 연희동132-65,126.9337533,37.5744359,한전주,02-330-1562~3,서울특별시 서대문구청,2025-01-01
연희동6274,서울특별시 서대문구 연희동132-65,126.9337533,37.5744359,한전주,02-330-1562~3,서울특별시 서대문구청,2025-01-01
연희동6074,서울특별시 서대문구 연희동132-65,126.9337533,37.5744359,한전주,02-330-1562~3,서울특별시 서대문구청,2025-01-01
연희동6075,서울특별시 서대문구 연희동132-66,126.9338346,37.5742925,한전주,02-330-1562~3,서울특별시 서대문구청,2025-01-01
연희동6285,서울특별시 서대문구 연희동132-68,126.9334832,37.5743254,한전주,02-330-1562~3,서울특별시 서대문구청,2025-01-01
연희동6077,서울특별시 서대문구 연희동132-70,126.9336583,37.5739575,한전주,02-330-1562~3,서울특별시 서대문구청,2025-01-01
연희동6078,서울특별시 서대문구 연희동132-72,126.9336953,37.5737416,한전주,02-330-1562~3,서울특별시 서대문구청,2025-01-01
연희동3045,서울특별시 서대문구 연희동132-75,126.9303972,37.5684678,한전주,02-330-1562~3,서울특별시 서대문구청,2025-01-01
연희동6286,서울특별시 서대문구 연희동132-77,126.9344531,37.5745864,한전주,02-330-1562~3,서울특별시 서대문구청,2025-01-01
연희동6086,서울특별시 서대문구 연희동132-77,126.9344531,37.5745864,한전주,02-330-1562~3,서울특별시 서대문구청,2025-01-01
연희동6087,서울특별시 서대문구 연희동132-79,126.9347573,37.5746883,한전주,02-330-1562~3,서울특별시 서대문구청,2025-01-01
연희동6088,서울특별시 서대문구 연희동132-80,126.9349494,37.574708,전용주,02-330-1562~3,서울특별시 서대문구청,2025-01-01
연희동10043,서울특별시 서대문구 연희동133-11,126.9308344,37.5687691,건축물,02-330-1562~3,서울특별시 서대문구청,2025-01-01
연희동1043,서울특별시 서대문구 연희동133-12,126.9306983,37.5687859,건축물,02-330-1562~3,서울특별시 서대문구청,2025-01-01
연희동3057,서울특별시 서대문구 연희동133-12,126.9306983,37.5687859,한전주,02-330-1562~3,서울특별시 서대문구청,2025-01-01
연희동3046,서울특별시 서대문구 연희동133-13,126.930609,37.568695,한전주,02-330-1562~3,서울특별시 서대문구청,2025-01-01
연희동3053,서울특별시 서대문구 연희동133-25,126.9309052,37.5685625,건축물,02-330-1562~3,서울특별시 서대문구청,2025-01-01
연희동3050,서울특별시 서대문구 연희동133-28,126.9309083,37.5683463,건축물,02-330-1562~3,서울특별시 서대문구청,2025-01-01
연희동3055,서울특별시 서대문구 연희동133-30,126.9310899,37.5691048,한전주,02-330-1562~3,서울특별시 서대문구청,2025-01-01
연희동3056,서울특별시 서대문구 연희동133-6,126.9309904,37.5689417,한전주,02-330-1562~3,서울특별시 서대문구청,2025-01-01
연희동9650,서울특별시 서대문구 연희동1-34,126.9378795,37.5828167,한전주,02-330-1562~3,서울특별시 서대문구청,2025-01-01
연희동3051,서울특별시 서대문구 연희동134-1,126.9317341,37.5683898,한전주,02-330-1562~3,서울특별시 서대문구청,2025-01-01
연희동3052,서울특별시 서대문구 연희동134-37,126.9318337,37.5685439,건축물,02-330-1562~3,서울특별시 서대문구청,2025-01-01
연희동8928,서울특별시 서대문구 연희동135-5,126.9322903,37.5682777,한전주,02-330-1562~3,서울특별시 서대문구청,2025-01-01
연희동9649,서울특별시 서대문구 연희동1-36,126.9381188,37.5827107,건축물,02-330-1562~3,서울특별시 서대문구청,2025-01-01
연희동8028,서울특별시 서대문구 연희동136-13,126.9321194,37.5667714,한전주,02-330-1562~3,서울특별시 서대문구청,2025-01-01
연희동8029,서울특별시 서대문구 연희동136-13,126.9321194,37.5667714,한전주,02-330-1562~3,서울특별시 서대문구청,2025-01-01
연희동8047,서울특별시 서대문구 연희동136-23,126.9322704,37.5672954,한전주,02-330-1562~3,서울특별시 서대문구청,2025-01-01
연희동8048,서울특별시 서대문구 연희동136-26,126.9317931,37.5674262,한전주,02-330-1562~3,서울특별시 서대문구청,2025-01-01
연희동8049,서울특별시 서대문구 연희동136-3,126.9324624,37.5673241,한전주,02-330-1562~3,서울특별시 서대문구청,2025-01-01
연희동8247,서울특별시 서대문구 연희동136-31,126.93174,37.5671824,한전주,02-330-1562~3,서울특별시 서대문구청,2025-01-01
연희동9081,서울특별시 서대문구 연희동1-37,126.9379728,37.5826283,건축물,02-330-1562~3,서울특별시 서대문구청,2025-01-01
연희동9225,서울특별시 서대문구 연희동138-15,126.9368946,37.5748517,한전주,02-330-1562~3,서울특별시 서대문구청,2025-01-01
연희동9059,서울특별시 서대문구 연희동138-20,126.937179,37.5747552,한전주,02-330-1562~3,서울특별시 서대문구청,2025-01-01
연희동9063,서울특별시 서대문구 연희동138-38,126.9364069,37.5749104,한전주,02-330-1562~3,서울특별시 서대문구청,2025-01-01
연희동9069,서울특별시 서대문구 연희동138-2,126.936295,37.5748193,한전주,02-330-1562~3,서울특별시 서대문구청,2025-01-01
연희동9068,서울특별시 서대문구 연희동138-45,126.9360487,37.5746278,한전주,02-330-1562~3,서울특별시 서대문구청,2025-01-01
연희동9067,서울특별시 서대문구 연희동138-51,126.9357525,37.5747603,한전주,02-330-1562~3,서울특별시 서대문구청,2025-01-01
연희동9060-1,서울특별시 서대문구 연희동138-54,126.9369347,37.5752125,건축물,02-330-1562~3,서울특별시 서대문구청,2025-01-01
연희동6089,서울특별시 서대문구 연희동138-66,126.9350846,37.5747543,한전주,02-330-1562~3,서울특별시 서대문구청,2025-01-01
연희동10076,서울특별시 서대문구 연희동138-70,126.9366448,37.5749035,건축물,02-330-1562~3,서울특별시 서대문구청,2025-01-01
연희동9043,서울특별시 서대문구 연희동140-10,126.9384527,37.5751451,한전주,02-330-1562~3,서울특별시 서대문구청,2025-01-01
연희동9054,서울특별시 서대문구 연희동140-12,126.9381787,37.5753048,건축물,02-330-1562~3,서울특별시 서대문구청,2025-01-01
연희동9057,서울특별시 서대문구 연희동140-13,126.9380229,37.5751142,통신주,02-330-1562~3,서울특별시 서대문구청,2025-01-01
연희동9058,서울특별시 서대문구 연희동140-17,126.9377995,37.5749049,한전주,02-330-1562~3,서울특별시 서대문구청,2025-01-01
연희동9144,서울특별시 서대문구 연희동141-34,126.9366647,37.5774807,한전주,02-330-1562~3,서울특별시 서대문구청,2025-01-01
연희동4116,서울특별시 서대문구 연희동141-52,126.9374686,37.576677,전용주,02-330-1562~3,서울특별시 서대문구청,2025-01-01
연희동5110,서울특별시 서대문구 연희동142-12,126.9352372,37.5775579,한전주,02-330-1562~3,서울특별시 서대문구청,2025-01-01
연희동5111,서울특별시 서대문구 연희동142-13,126.9350543,37.5776824,한전주,02-330-1562~3,서울특별시 서대문구청,2025-01-01
연희동5108,서울특별시 서대문구 연희동142-21,126.9352988,37.578,한전주,02-330-1562~3,서울특별시 서대문구청,2025-01-01
연희동5109,서울특별시 서대문구 연희동142-30,126.9353617,37.577559,한전주,02-330-1562~3,서울특별시 서대문구청,2025-01-01
연희동5129,서울특별시 서대문구 연희동142-9,126.9353191,37.5773694,통신주,02-330-1562~3,서울특별시 서대문구청,2025-01-01
연희동5132,서울특별시 서대문구 연희동148-9,126.9350969,37.5762772,한전주,02-330-1562~3,서울특별시 서대문구청,2025-01-01
연희동1-12,서울특별시 서대문구 연희동149-1,126.9362949,37.5764231,건축물,02-330-1562~3,서울특별시 서대문구청,2025-01-01
연희동9070,서울특별시 서대문구 연희동149-24,126.9357414,37.576337,건축물,02-330-1562~3,서울특별시 서대문구청,2025-01-01
연희동1-11,서울특별시 서대문구 연희동149-26,126.9363412,37.5763515,건축물,02-330-1562~3,서울특별시 서대문구청,2025-01-01
연희동1-10,서울특별시 서대문구 연희동149-3,126.9357616,37.5765084,건축물,02-330-1562~3,서울특별시 서대문구청,2025-01-01
연희동9074,서울특별시 서대문구 연희동149-31,126.9363899,37.5769015,건축물,02-330-1562~3,서울특별시 서대문구청,2025-01-01
연희동9077,서울특별시 서대문구 연희동149-33,126.9358381,37.5766983,한전주,02-330-1562~3,서울특별시 서대문구청,2025-01-01
연희동8903,서울특별시 서대문구 연희동149-35,126.9366526,37.5767417,건축물,02-330-1562~3,서울특별시 서대문구청,2025-01-01
연희동9076,서울특별시 서대문구 연희동149-40,126.9360498,37.5769345,전용주,02-330-1562~3,서울특별시 서대문구청,2025-01-01
연희동9075,서울특별시 서대문구 연희동149-40,126.9360498,37.5769345,한전주,02-330-1562~3,서울특별시 서대문구청,2025-01-01
연희동9073,서울특별시 서대문구 연희동149-44,126.9366323,37.5765793,건축물,02-330-1562~3,서울특별시 서대문구청,2025-01-01
연희동5566,서울특별시 서대문구 연희동151-100,126.9330218,37.5757178,전용주,02-330-1562~3,서울특별시 서대문구청,2025-01-01
연희동5152,서울특별시 서대문구 연희동151-102,126.9329736,37.5759246,건축물,02-330-1562~3,서울특별시 서대문구청,2025-01-01
연희동5156,서울특별시 서대문구 연희동151-103,126.9327812,37.5759229,통신주,02-330-1562~3,서울특별시 서대문구청,2025-01-01
연희동5150,서울특별시 서대문구 연희동151-114,126.9330837,37.5753489,씨피주,02-330-1562~3,서울특별시 서대문구청,2025-01-01
연희동8910,서울특별시 서대문구 연희동151-14,126.934466,37.5768571,한전주,02-330-1562~3,서울특별시 서대문구청,2025-01-01
연희동5146,서울특별시 서대문구 연희동151-148,126.9337426,37.5759856,한전주,02-330-1562~3,서울특별시 서대문구청,2025-01-01
연희동5035,서울특별시 서대문구 연희동151-151,126.9327661,37.5753911,건축물,02-330-1562~3,서울특별시 서대문구청,2025-01-01
연희동357,서울특별시 서대문구 연희동151-151,126.9327661,37.5753911,건축물,02-330-1562~3,서울특별시 서대문구청,2025-01-01
연희동5125,서울특별시 서대문구 연희동151-165,126.9349162,37.5770414,전용주,02-330-1562~3,서울특별시 서대문구청,2025-01-01
연희동8927,서울특별시 서대문구 연희동151-17,126.9344958,37.5771457,한전주,02-330-1562~3,서울특별시 서대문구청,2025-01-01
연희동5121,서울특별시 서대문구 연희동151-22,126.934075,37.5772861,한전주,02-330-1562~3,서울특별시 서대문구청,2025-01-01
연희동297,서울특별시 서대문구 연희동151-22,126.934075,37.5772861,건축물,02-330-1562~3,서울특별시 서대문구청,2025-01-01
연희동5122,서울특별시 서대문구 연희동151-25,126.9342234,37.5771973,건축물,02-330-1562~3,서울특별시 서대문구청,2025-01-01
연희동5123,서울특별시 서대문구 연희동151-28,126.9341358,37.5769893,한전주,02-330-1562~3,서울특별시 서대문구청,2025-01-01
연희동5124,서울특별시 서대문구 연희동151-32,126.9343206,37.5767297,한전주,02-330-1562~3,서울특별시 서대문구청,2025-01-01
연희동5133,서울특별시 서대문구 연희동151-38,126.934953,37.5760506,한전주,02-330-1562~3,서울특별시 서대문구청,2025-01-01
연희동5564,서울특별시 서대문구 연희동151-38,126.934953,37.5760506,통신주,02-330-1562~3,서울특별시 서대문구청,2025-01-01
연희동5139,서울특별시 서대문구 연희동151-41,126.9347379,37.5760487,건축물,02-330-1562~3,서울특별시 서대문구청,2025-01-01
연희동5136,서울특별시 서대문구 연희동151-44,126.9346549,37.5763092,건축물,02-330-1562~3,서울특별시 서대문구청,2025-01-01
연희동5141,서울특별시 서대문구 연희동151-49,126.9344204,37.5760818,한전주,02-330-1562~3,서울특별시 서대문구청,2025-01-01
연희동5135,서울특별시 서대문구 연희동151-49,126.9344204,37.5760818,한전주,02-330-1562~3,서울특별시 서대문구청,2025-01-01
연희동5142,서울특별시 서대문구 연희동151-53,126.9343461,37.5765317,한전주,02-330-1562~3,서울특별시 서대문구청,2025-01-01
연희동10115,서울특별시 서대문구 연희동151-56,126.9341214,37.5764125,건축물,02-330-1562~3,서울특별시 서대문구청,2025-01-01
연희동5140,서울특별시 서대문구 연희동151-61,126.93398,37.5760058,한전주,02-330-1562~3,서울특별시 서대문구청,2025-01-01
연희동5145,서울특별시 서대문구 연희동151-63,126.9339772,37.576204,건축물,02-330-1562~3,서울특별시 서대문구청,2025-01-01
연희동5131,서울특별시 서대문구 연희동151-7,126.9348061,37.5768242,한전주,02-330-1562~3,서울특별시 서대문구청,2025-01-01
연희동5143,서울특별시 서대문구 연희동151-70,126.9337905,37.5765897,건축물,02-330-1562~3,서울특별시 서대문구청,2025-01-01
연희동5144,서울특별시 서대문구 연희동151-71,126.9337813,37.5764455,건축물,02-330-1562~3,서울특별시 서대문구청,2025-01-01
연희동5134,서울특별시 서대문구 연희동151-80,126.9346731,37.5758318,통신주,02-330-1562~3,서울특별시 서대문구청,2025-01-01
연희동5334,서울특별시 서대문구 연희동151-81,126.9346749,37.5757057,건축물,02-330-1562~3,서울특별시 서대문구청,2025-01-01
연희동5138,서울특별시 서대문구 연희동151-84,126.9343448,37.5758289,통신주,02-330-1562~3,서울특별시 서대문구청,2025-01-01
연희동5137,서울특별시 서대문구 연희동151-85,126.9343465,37.5757118,건축물,02-330-1562~3,서울특별시 서대문구청,2025-01-01
연희동9098,서울특별시 서대문구 연희동1-53,126.9382177,37.5829188,한전주,02-330-1562~3,서울특별시 서대문구청,2025-01-01
연희동9101,서울특별시 서대문구 연희동1-54,126.9384226,37.5820467,건축물,02-330-1562~3,서울특별시 서대문구청,2025-01-01
연희동5118,서울특별시 서대문구 연희동156-9,126.9339721,37.5773573,한전주,02-330-1562~3,서울특별시 서대문구청,2025-01-01
연희동5117,서울특별시 서대문구 연희동156-9,126.9339721,37.5773573,한전주,02-330-1562~3,서울특별시 서대문구청,2025-01-01
연희동5126,서울특별시 서대문구 연희동157-9,126.9347431,37.5772741,건축물,02-330-1562~3,서울특별시 서대문구청,2025-01-01
연희동5128,서울특별시 서대문구 연희동158-2,126.9349127,37.5772847,한전주,02-330-1562~3,서울특별시 서대문구청,2025-01-01
연희동5130,서울특별시 서대문구 연희동158-3,126.9348702,37.5770951,한전주,02-330-1562~3,서울특별시 서대문구청,2025-01-01
연희동5115,서울특별시 서대문구 연희동159-1,126.9345939,37.5774169,전용주,02-330-1562~3,서울특별시 서대문구청,2025-01-01
연희동9094,서울특별시 서대문구 연희동1-60,126.9390276,37.5832956,한전주,02-330-1562~3,서울특별시 서대문구청,2025-01-01
연희동5127,서울특별시 서대문구 연희동160-4,126.9347844,37.5775538,한전주,02-330-1562~3,서울특별시 서대문구청,2025-01-01
연희동9091,서울특별시 서대문구 연희동1-62,126.9385013,37.5828854,건축물,02-330-1562~3,서울특별시 서대문구청,2025-01-01
연희동5114,서울특별시 서대문구 연희동170-175,126.9343623,37.5777753,한전주,02-330-1562~3,서울특별시 서대문구청,2025-01-01
연희동5114-1,서울특별시 서대문구 연희동170-175,126.9343623,37.5777753,한전주,02-330-1562~3,서울특별시 서대문구청,2025-01-01
연희동5112,서울특별시 서대문구 연희동162-5,126.9345958,37.5780747,한전주,02-330-1562~3,서울특별시 서대문구청,2025-01-01
연희동9089,서울특별시 서대문구 연희동1-63,126.9383217,37.5827756,건축물,02-330-1562~3,서울특별시 서대문구청,2025-01-01
연희동5100,서울특별시 서대문구 연희동163-18,126.9356037,37.5788497,한전주,02-330-1562~3,서울특별시 서대문구청,2025-01-01
연희동5102,서울특별시 서대문구 연희동163-23,126.9355166,37.5786056,한전주,02-330-1562~3,서울특별시 서대문구청,2025-01-01
연희동5563,서울특별시 서대문구 연희동163-24,126.9356876,37.5785261,한전주,02-330-1562~3,서울특별시 서대문구청,2025-01-01
연희동5101,서울특별시 서대문구 연희동163-39,126.9354839,37.5785152,한전주,02-330-1562~3,서울특별시 서대문구청,2025-01-01
연희동9088,서울특별시 서대문구 연희동1-64,126.9381343,37.5824135,건축물,02-330-1562~3,서울특별시 서대문구청,2025-01-01
연희동9099,서울특별시 서대문구 연희동1-64,126.9381343,37.5824135,한전주,02-330-1562~3,서울특별시 서대문구청,2025-01-01
연희동9087,서울특별시 서대문구 연희동1-64,126.9381343,37.5824135,건축물,02-330-1562~3,서울특별시 서대문구청,2025-01-01
연희동5094,서울특별시 서대문구 연희동164-2,126.9354671,37.5789025,건축물,02-330-1562~3,서울특별시 서대문구청,2025-01-01
연희동8813,서울특별시 서대문구 연희동164-6,126.9351774,37.5785755,한전주,02-330-1562~3,서울특별시 서대문구청,2025-01-01
연희동5103,서울특별시 서대문구 연희동164-6,126.9351774,37.5785755,한전주,02-330-1562~3,서울특별시 서대문구청,2025-01-01
연희동5104,서울특별시 서대문구 연희동164-7,126.9351659,37.5785844,한전주,02-330-1562~3,서울특별시 서대문구청,2025-01-01
연희동9086,서울특별시 서대문구 연희동1-65,126.9384305,37.58229,한전주,02-330-1562~3,서울특별시 서대문구청,2025-01-01
연희동9102,서울특별시 서대문구 연희동1-66,126.9386147,37.5820754,한전주,02-330-1562~3,서울특별시 서대문구청,2025-01-01
연희동9532,서울특별시 서대문구 연희동167-4,126.9378912,37.5788072,전용주,02-330-1562~3,서울특별시 서대문구청,2025-01-01
연희동9145,서울특별시 서대문구 연희동168-11,126.9371713,37.5792783,한전주,02-330-1562~3,서울특별시 서대문구청,2025-01-01
연희동9149,서울특별시 서대문구 연희동168-11,126.9371713,37.5792783,건축물,02-330-1562~3,서울특별시 서대문구청,2025-01-01
연희동9147,서울특별시 서대문구 연희동168-14,126.9371058,37.5791065,한전주,02-330-1562~3,서울특별시 서대문구청,2025-01-01
연희동9132,서울특별시 서대문구 연희동168-17,126.9379055,37.5786001,한전주,02-330-1562~3,서울특별시 서대문구청,2025-01-01
연희동9140,서울특별시 서대문구 연희동168-18,126.9378513,37.5784284,한전주,02-330-1562~3,서울특별시 서대문구청,2025-01-01
연희동9440,서울특별시 서대문구 연희동168-19,126.9377971,37.5782567,전용주,02-330-1562~3,서울특별시 서대문구청,2025-01-01
연희동10170,서울특별시 서대문구 연희동169-16,126.9357919,37.5791487,한전주,02-330-1562~3,서울특별시 서대문구청,2025-01-01
연희동5095,서울특별시 서대문구 연희동169-21,126.9352282,37.5789814,한전주,02-330-1562~3,서울특별시 서대문구청,2025-01-01
연희동5098,서울특별시 서대문구 연희동169-19,126.9354869,37.5791009,건축물,02-330-1562~3,서울특별시 서대문구청,2025-01-01
연희동5079,서울특별시 서대문구 연희동170-106,126.9339877,37.5786459,한전주,02-330-1562~3,서울특별시 서대문구청,2025-01-01
연희동5077,서울특별시 서대문구 연희동170-108,126.9338079,37.5785451,한전주,02-330-1562~3,서울특별시 서대문구청,2025-01-01
연희동5075,서울특별시 서대문구 연희동170-113,126.933278,37.5783962,한전주,02-330-1562~3,서울특별시 서대문구청,2025-01-01
연희동5076,서울특별시 서대문구 연희동170-96,126.9333155,37.5781442,한전주,02-330-1562~3,서울특별시 서대문구청,2025-01-01
연희동5068,서울특별시 서대문구 연희동170-122,126.9327227,37.5776433,한전주,02-330-1562~3,서울특별시 서대문구청,2025-01-01
연희동5072,서울특별시 서대문구 연희동170-127,126.9333778,37.5777483,한전주,02-330-1562~3,서울특별시 서대문구청,2025-01-01
연희동5073,서울특별시 서대문구 연희동170-129,126.9331387,37.5778453,한전주,02-330-1562~3,서울특별시 서대문구청,2025-01-01
연희동5074,서울특별시 서대문구 연희동170-132,126.9327861,37.5779592,한전주,02-330-1562~3,서울특별시 서대문구청,2025-01-01
연희동5067,서울특별시 서대문구 연희동170-134,126.9325948,37.5778764,한전주,02-330-1562~3,서울특별시 서대문구청,2025-01-01
연희동5368,서울특별시 서대문구 연희동170-138,126.9330613,37.5777094,건축물,02-330-1562~3,서울특별시 서대문구청,2025-01-01
연희동5469,서울특별시 서대문구 연희동170-139,126.9331751,37.5776744,통신주,02-330-1562~3,서울특별시 서대문구청,2025-01-01
연희동5070,서울특별시 서대문구 연희동170-146,126.933542,37.5773444,전용주,02-330-1562~3,서울특별시 서대문구청,2025-01-01
연희동5119,서울특별시 서대문구 연희동170-147,126.9336444,37.5773092,한전주,02-330-1562~3,서울특별시 서대문구청,2025-01-01
연희동5565,서울특별시 서대문구 연희동170-15,126.9333394,37.5772614,통신주,02-330-1562~3,서울특별시 서대문구청,2025-01-01
연희동5071,서울특별시 서대문구 연희동170-151,126.9335053,37.5775423,한전주,02-330-1562~3,서울특별시 서대문구청,2025-01-01
연희동5069,서울특별시 서대문구 연희동170-155,126.9334168,37.5773973,한전주,02-330-1562~3,서울특별시 서대문구청,2025-01-01
연희동5097,서울특별시 서대문구 연희동170-160,126.9348132,37.5787074,통신주,02-330-1562~3,서울특별시 서대문구청,2025-01-01
연희동5093,서울특별시 서대문구 연희동170-160,126.9348132,37.5787074,한전주,02-330-1562~3,서울특별시 서대문구청,2025-01-01
연희동5091,서울특별시 서대문구 연희동170-162,126.9345776,37.5785611,한전주,02-330-1562~3,서울특별시 서대문구청,2025-01-01
연희동5082,서울특별시 서대문구 연희동170-167,126.9338046,37.5779865,한전주,02-330-1562~3,서울특별시 서대문구청,2025-01-01
연희동8085,서울특별시 서대문구 연희동170-175,126.9343623,37.5777753,건축물,02-330-1562~3,서울특별시 서대문구청,2025-01-01
연희동5085,서울특별시 서대문구 연희동170-176,126.93426,37.5778104,건축물,02-330-1562~3,서울특별시 서대문구청,2025-01-01
연희동5083,서울특별시 서대문구 연희동170-178,126.9337964,37.5777701,건축물,02-330-1562~3,서울특별시 서대문구청,2025-01-01
연희동5084,서울특별시 서대문구 연희동170-180,126.9339413,37.5779246,한전주,02-330-1562~3,서울특별시 서대문구청,2025-01-01
연희동5096,서울특별시 서대문구 연희동170-189,126.9349216,37.5790508,한전주,02-330-1562~3,서울특별시 서대문구청,2025-01-01
연희동5105,서울특별시 서대문구 연희동170-2,126.9347506,37.5783374,건축물,02-330-1562~3,서울특별시 서대문구청,2025-01-01
연희동5120,서울특별시 서대문구 연희동170-208,126.9334761,37.5772086,한전주,02-330-1562~3,서울특별시 서대문구청,2025-01-01
연희동5116,서울특별시 서대문구 연희동170-34,126.9341147,37.5776739,한전주,02-330-1562~3,서울특별시 서대문구청,2025-01-01
연희동5562,서울특별시 서대문구 연희동170-93,126.9340576,37.5785023,전용주,02-330-1562~3,서울특별시 서대문구청,2025-01-01
연희동5092,서울특별시 서대문구 연희동170-49,126.9349734,37.5785917,통신주,02-330-1562~3,서울특별시 서대문구청,2025-01-01
연희동5106,서울특별시 서대문구 연희동170-55,126.9348869,37.5783026,한전주,02-330-1562~3,서울특별시 서대문구청,2025-01-01
연희동5107,서울특별시 서대문구 연희동170-59,126.9348109,37.5780766,한전주,02-330-1562~3,서울특별시 서대문구청,2025-01-01
연희동5080,서울특별시 서대문구 연희동170-73,126.9344307,37.5785418,건축물,02-330-1562~3,서울특별시 서대문구청,2025-01-01
연희동5086,서울특별시 서대문구 연희동170-76,126.9341854,37.5782782,건축물,02-330-1562~3,서울특별시 서대문구청,2025-01-01
연희동1-17,서울특별시 서대문구 연희동170-78,126.9339838,37.5781232,건축물,02-330-1562~3,서울특별시 서대문구청,2025-01-01
연희동5088,서울특별시 서대문구 연희동170-81,126.9345252,37.5782633,한전주,02-330-1562~3,서울특별시 서대문구청,2025-01-01
연희동5089,서울특별시 서대문구 연희동170-81,126.9345252,37.5782633,건축물,02-330-1562~3,서울특별시 서대문구청,2025-01-01
연희동5090,서울특별시 서대문구 연희동170-87,126.9345109,37.5784704,건축물,02-330-1562~3,서울특별시 서대문구청,2025-01-01
연희동5087,서울특별시 서대문구 연희동170-89,126.9345038,37.578173,건축물,02-330-1562~3,서울특별시 서대문구청,2025-01-01
연희동5081,서울특별시 서대문구 연희동170-93,126.9340576,37.5785023,건축물,02-330-1562~3,서울특별시 서대문구청,2025-01-01
연희동9478,서울특별시 서대문구 연희동171-1,126.9377147,37.5824638,전용주,02-330-1562~3,서울특별시 서대문구청,2025-01-01
연희동9078,서울특별시 서대문구 연희동171-1,126.9377147,37.5824638,한전주,02-330-1562~3,서울특별시 서대문구청,2025-01-01
연희동9079,서울특별시 서대문구 연희동171-1,126.9377147,37.5824638,한전주,02-330-1562~3,서울특별시 서대문구청,2025-01-01
연희동9080,서울특별시 서대문구 연희동171-1,126.9377147,37.5824638,한전주,02-330-1562~3,서울특별시 서대문구청,2025-01-01
연희동5063,서울특별시 서대문구 연희동172-19,126.9378332,37.5828884,한전주,02-330-1562~3,서울특별시 서대문구청,2025-01-01
연희동6112,서울특별시 서대문구 연희동172-76,126.9342649,37.5734945,한전주,02-330-1562~3,서울특별시 서대문구청,2025-01-01
연희동6113,서울특별시 서대문구 연희동172-78,126.9338457,37.5735177,한전주,02-330-1562~3,서울특별시 서대문구청,2025-01-01
연희동6111,서울특별시 서대문구 연희동172-81,126.9337934,37.5732109,한전주,02-330-1562~3,서울특별시 서대문구청,2025-01-01
연희동6110,서울특별시 서대문구 연희동172-83,126.9336168,37.5728939,한전주,02-330-1562~3,서울특별시 서대문구청,2025-01-01
연희동9093,서울특별시 서대문구 연희동1-75,126.9388252,37.5831946,한전주,02-330-1562~3,서울특별시 서대문구청,2025-01-01
연희동5011,서울특별시 서대문구 연희동177-10,126.9310507,37.5758081,건축물,02-330-1562~3,서울특별시 서대문구청,2025-01-01
연희동5021,서울특별시 서대문구 연희동177-14,126.9311249,37.5753673,건축물,02-330-1562~3,서울특별시 서대문구청,2025-01-01
연희동5022,서울특별시 서대문구 연희동177-14,126.9311249,37.5753673,건축물,02-330-1562~3,서울특별시 서대문구청,2025-01-01
연희동5010,서울특별시 서대문구 연희동177-17,126.9309509,37.575663,한전주,02-330-1562~3,서울특별시 서대문구청,2025-01-01
연희동1,서울특별시 서대문구 연희동177-18,126.9309154,37.5757708,건축물,02-330-1562~3,서울특별시 서대문구청,2025-01-01
연희동5007,서울특별시 서대문구 연희동177-19,126.9307576,37.5757244,건축물,02-330-1562~3,서울특별시 서대문구청,2025-01-01
연희동5008,서울특별시 서대문구 연희동177-19,126.9307576,37.5757244,건축물,02-330-1562~3,서울특별시 서대문구청,2025-01-01
연희동5040,서울특별시 서대문구 연희동177-2,126.9316955,37.575841,한전주,02-330-1562~3,서울특별시 서대문구청,2025-01-01
연희동5409,서울특별시 서대문구 연희동177-19,126.9307576,37.5757244,씨피주,02-330-1562~3,서울특별시 서대문구청,2025-01-01
연희동5311,서울특별시 서대문구 연희동177-22,126.9307268,37.5754988,건축물,02-330-1562~3,서울특별시 서대문구청,2025-01-01
연희동5009,서울특별시 서대문구 연희동177-22,126.9307268,37.5754988,한전주,02-330-1562~3,서울특별시 서대문구청,2025-01-01
연희동5041,서울특별시 서대문구 연희동177-3,126.9316527,37.5756694,건축물,02-330-1562~3,서울특별시 서대문구청,2025-01-01
연희동5042,서울특별시 서대문구 연희동177-3,126.9316527,37.5756694,한전주,02-330-1562~3,서울특별시 서대문구청,2025-01-01
연희동5023,서울특별시 서대문구 연희동177-35,126.9316001,37.5753896,통신주,02-330-1562~3,서울특별시 서대문구청,2025-01-01
연희동5014,서울특별시 서대문구 연희동177-39,126.9306848,37.5752732,건축물,02-330-1562~3,서울특별시 서대문구청,2025-01-01
연희동5013,서울특별시 서대문구 연희동177-39,126.9306848,37.5752732,건축물,02-330-1562~3,서울특별시 서대문구청,2025-01-01
연희동5012,서울특별시 서대문구 연희동177-39,126.9306848,37.5752732,건축물,02-330-1562~3,서울특별시 서대문구청,2025-01-01
연희동5044,서울특별시 서대문구 연희동177-43,126.9312883,37.5758193,한전주,02-330-1562~3,서울특별시 서대문구청,2025-01-01
연희동1181,서울특별시 서대문구 연희동177-45,126.9315151,37.5757943,통신주,02-330-1562~3,서울특별시 서대문구청,2025-01-01
연희동5043,서울특별시 서대문구 연희동177-1,126.9311993,37.5757103,한전주,02-330-1562~3,서울특별시 서대문구청,2025-01-01
연희동9110,서울특별시 서대문구 연희동1-78,126.9391565,37.5821884,전용주,02-330-1562~3,서울특별시 서대문구청,2025-01-01
연희동9109,서울특별시 서대문구 연희동1-78,126.9391565,37.5821884,전용주,02-330-1562~3,서울특별시 서대문구청,2025-01-01
연희동8834,서울특별시 서대문구 연희동1-78,126.9391565,37.5821884,전용주,02-330-1562~3,서울특별시 서대문구청,2025-01-01
연희동9108,서울특별시 서대문구 연희동1-78,126.9391565,37.5821884,한전주,02-330-1562~3,서울특별시 서대문구청,2025-01-01
연희동9107,서울특별시 서대문구 연희동1-78,126.9391565,37.5821884,전용주,02-330-1562~3,서울특별시 서대문구청,2025-01-01
연희동9106,서울특별시 서대문구 연희동1-78,126.9391565,37.5821884,전용주,02-330-1562~3,서울특별시 서대문구청,2025-01-01
연희동10179,서울특별시 서대문구 연희동179-12,126.932258,37.5760893,건축물,02-330-1562~3,서울특별시 서대문구청,2025-01-01
연희동5046,서울특별시 서대문구 연희동179-123,126.9315126,37.5759655,건축물,02-330-1562~3,서울특별시 서대문구청,2025-01-01
연희동5024,서울특별시 서대문구 연희동179-153,126.9318499,37.5753378,한전주,02-330-1562~3,서울특별시 서대문구청,2025-01-01
연희동5159,서울특별시 서대문구 연희동179-20,126.9324646,37.575893,건축물,02-330-1562~3,서울특별시 서대문구청,2025-01-01
연희동5157,서울특별시 서대문구 연희동179-24,126.9325006,37.5757491,한전주,02-330-1562~3,서울특별시 서대문구청,2025-01-01
연희동5036,서울특별시 서대문구 연희동179-25,126.9326249,37.5757683,한전주,02-330-1562~3,서울특별시 서대문구청,2025-01-01
연희동5036-1,서울특별시 서대문구 연희동179-25,126.9326249,37.5757683,한전주,02-330-1562~3,서울특별시 서대문구청,2025-01-01
연희동5034,서울특별시 서대문구 연희동179-27,126.9324918,37.5755779,한전주,02-330-1562~3,서울특별시 서대문구청,2025-01-01
연희동5031,서울특별시 서대문구 연희동179-28,126.9324721,37.5753704,한전주,02-330-1562~3,서울특별시 서대문구청,2025-01-01
연희동5030,서울특별시 서대문구 연희동179-29,126.9324955,37.5753166,건축물,02-330-1562~3,서울특별시 서대문구청,2025-01-01
연희동5033,서울특별시 서대문구 연희동179-31,126.9323595,37.5753244,건축물,02-330-1562~3,서울특별시 서대문구청,2025-01-01
연희동5028,서울특별시 서대문구 연희동179-32,126.9322465,37.5753143,건축물,02-330-1562~3,서울특별시 서대문구청,2025-01-01
연희동5037,서울특별시 서대문구 연희동179-33,126.9321448,37.5752954,건축물,02-330-1562~3,서울특별시 서대문구청,2025-01-01
연희동5038,서울특별시 서대문구 연희동179-39,126.9322984,37.5756392,건축물,02-330-1562~3,서울특별시 서대문구청,2025-01-01
연희동5158,서울특별시 서대문구 연희동179-42,126.932262,37.5758101,한전주,02-330-1562~3,서울특별시 서대문구청,2025-01-01
연희동5160,서울특별시 서대문구 연희동179-43,126.9321706,37.5758723,건축물,02-330-1562~3,서울특별시 서대문구청,2025-01-01
연희동5039,서울특별시 서대문구 연희동179-44,126.9321263,37.5757998,한전주,02-330-1562~3,서울특별시 서대문구청,2025-01-01
연희동5025,서울특별시 서대문구 연희동179-56,126.9320633,37.5754569,건축물,02-330-1562~3,서울특별시 서대문구청,2025-01-01
연희동5027,서울특별시 서대문구 연희동179-61,126.9319635,37.5753118,한전주,02-330-1562~3,서울특별시 서대문구청,2025-01-01
연희동5047,서울특별시 서대문구 연희동179-62,126.9317277,37.5759674,한전주,02-330-1562~3,서울특별시 서대문구청,2025-01-01
연희동5005,서울특별시 서대문구 연희동179-69,126.9313301,37.5760629,건축물,02-330-1562~3,서울특별시 서대문구청,2025-01-01
연희동5045,서울특별시 서대문구 연희동179-69,126.9313301,37.5760629,건축물,02-330-1562~3,서울특별시 서대문구청,2025-01-01
연희동5177,서울특별시 서대문구 연희동179-84,126.9311065,37.5758627,건축물,02-330-1562~3,서울특별시 서대문구청,2025-01-01
연희동5161,서울특별시 서대문구 연희동179-9,126.9321219,37.5761061,건축물,02-330-1562~3,서울특별시 서대문구청,2025-01-01
연희동4102,서울특별시 서대문구 연희동705-6,126.9284176,37.5739011,건축물,02-330-1562~3,서울특별시 서대문구청,2025-01-01
연희동4101,서울특별시 서대문구 연희동705-7,126.9284753,37.5738295,건축물,02-330-1562~3,서울특별시 서대문구청,2025-01-01
연희동9103,서울특별시 서대문구 연희동1-86,126.9389978,37.582205,통신주,02-330-1562~3,서울특별시 서대문구청,2025-01-01
연희동9104,서울특별시 서대문구 연희동1-86,126.9389978,37.582205,한전주,02-330-1562~3,서울특별시 서대문구청,2025-01-01
연희동9105,서울특별시 서대문구 연희동1-86,126.9389978,37.582205,한전주,02-330-1562~3,서울특별시 서대문구청,2025-01-01
연희동9305,서울특별시 서대문구 연희동1-86,126.9389978,37.582205,건축물,02-330-1562~3,서울특별시 서대문구청,2025-01-01
연희동1002,서울특별시 서대문구 연희동186-4,126.9273789,37.5737114,건축물,02-330-1562~3,서울특별시 서대문구청,2025-01-01
연희동1003,서울특별시 서대문구 연희동186-4,126.9273789,37.5737114,한전주,02-330-1562~3,서울특별시 서대문구청,2025-01-01
연희동1001,서울특별시 서대문구 연희동186-4,126.9273789,37.5737114,한전주,02-330-1562~3,서울특별시 서대문구청,2025-01-01
연희동8023,서울특별시 서대문구 연희동187-1,126.9318294,37.5664714,건축물,02-330-1562~3,서울특별시 서대문구청,2025-01-01
연희동8027,서울특별시 서대문구 연희동187-1,126.9318294,37.5664714,통신주,02-330-1562~3,서울특별시 서대문구청,2025-01-01
연희동8025,서울특별시 서대문구 연희동187-1,126.9318294,37.5664714,한전주,02-330-1562~3,서울특별시 서대문구청,2025-01-01
연희동3162,서울특별시 서대문구 연희동187-104,126.9265196,37.5712708,한전주,02-330-1562~3,서울특별시 서대문구청,2025-01-01
연희동3147,서울특별시 서대문구 연희동187-109,126.926993,37.5722032,한전주,02-330-1562~3,서울특별시 서대문구청,2025-01-01
연희동8013,서울특별시 서대문구 연희동187-113,126.9310931,37.5665098,통신주,02-330-1562~3,서울특별시 서대문구청,2025-01-01
연희동3146,서울특별시 서대문구 연희동187-118,126.9266308,37.5721999,한전주,02-330-1562~3,서울특별시 서대문구청,2025-01-01
연희동3158,서울특별시 서대문구 연희동187-12,126.9272319,37.5713314,한전주,02-330-1562~3,서울특별시 서대문구청,2025-01-01
연희동3143,서울특별시 서대문구 연희동187-120,126.9271114,37.5726278,한전주,02-330-1562~3,서울특별시 서대문구청,2025-01-01
연희동3141,서울특별시 서대문구 연희동187-121,126.9268526,37.5725173,한전주,02-330-1562~3,서울특별시 서대문구청,2025-01-01
연희동3144,서울특별시 서대문구 연희동187-121,126.9268526,37.5725173,한전주,02-330-1562~3,서울특별시 서대문구청,2025-01-01
연희동4,서울특별시 서대문구 연희동187-121,126.9268526,37.5725173,한전주,02-330-1562~3,서울특별시 서대문구청,2025-01-01
연희동10041,서울특별시 서대문구 연희동187-121,126.9268526,37.5725173,전용주,02-330-1562~3,서울특별시 서대문구청,2025-01-01
연희동3145,서울특별시 서대문구 연희동187-124,126.9273867,37.572378,건축물,02-330-1562~3,서울특별시 서대문구청,2025-01-01
연희동10079,서울특별시 서대문구 연희동187-131,126.9274387,37.5726938,한전주,02-330-1562~3,서울특별시 서대문구청,2025-01-01
연희동2557,서울특별시 서대문구 연희동187-136,126.9262614,37.5711153,건축물,02-330-1562~3,서울특별시 서대문구청,2025-01-01
연희동3149,서울특별시 서대문구 연희동187-21,126.9271394,37.5714657,한전주,02-330-1562~3,서울특별시 서대문구청,2025-01-01
연희동3149-1,서울특별시 서대문구 연희동187-21,126.9271394,37.5714657,한전주,02-330-1562~3,서울특별시 서대문구청,2025-01-01
연희동3157,서울특별시 서대문구 연희동187-22,126.9269635,37.5718876,한전주,02-330-1562~3,서울특별시 서대문구청,2025-01-01
연희동3156,서울특별시 서대문구 연희동187-23,126.9266938,37.57175,건축물,02-330-1562~3,서울특별시 서대문구청,2025-01-01
연희동8011,서울특별시 서대문구 연희동187-3,126.9316067,37.5662081,한전주,02-330-1562~3,서울특별시 서대문구청,2025-01-01
연희동8011-1,서울특별시 서대문구 연희동187-3,126.9316067,37.5662081,한전주,02-330-1562~3,서울특별시 서대문구청,2025-01-01
연희동3151,서울특별시 서대문구 연희동187-35,126.9265623,37.5714514,건축물,02-330-1562~3,서울특별시 서대문구청,2025-01-01
연희동3150,서울특별시 서대문구 연희동187-36,126.9266882,37.5713535,통신주,02-330-1562~3,서울특별시 서대문구청,2025-01-01
연희동8024,서울특별시 서대문구 연희동187-45,126.9313979,37.5665667,한전주,02-330-1562~3,서울특별시 서대문구청,2025-01-01
연희동8022,서울특별시 서대문구 연희동187-5,126.9315244,37.5664236,건축물,02-330-1562~3,서울특별시 서대문구청,2025-01-01
연희동8012,서울특별시 서대문구 연희동187-55,126.9312788,37.5661871,한전주,02-330-1562~3,서울특별시 서대문구청,2025-01-01
연희동3148,서울특별시 서대문구 연희동187-7,126.9272563,37.5719984,건축물,02-330-1562~3,서울특별시 서대문구청,2025-01-01
연희동3134,서울특별시 서대문구 연희동187-70,126.925682,37.5712632,한전주,02-330-1562~3,서울특별시 서대문구청,2025-01-01
연희동3166,서울특별시 서대문구 연희동187-71,126.9256053,37.5710823,한전주,02-330-1562~3,서울특별시 서대문구청,2025-01-01
연희동3569-1,서울특별시 서대문구 연희동187-71,126.9256053,37.5710823,한전주,02-330-1562~3,서울특별시 서대문구청,2025-01-01
연희동3165,서울특별시 서대문구 연희동187-75,126.9259826,37.5708244,건축물,02-330-1562~3,서울특별시 서대문구청,2025-01-01
연희동3164,서울특별시 서대문구 연희동187-75,126.9259826,37.5708244,통신주,02-330-1562~3,서울특별시 서대문구청,2025-01-01
연희동3563-1,서울특별시 서대문구 연희동187-82,126.926387,37.5710444,통신주,02-330-1562~3,서울특별시 서대문구청,2025-01-01
연희동3154,서울특별시 서대문구 연희동187-84,126.9261085,37.5715194,건축물,02-330-1562~3,서울특별시 서대문구청,2025-01-01
연희동3153,서울특별시 서대문구 연희동188-39,126.9264555,37.5717928,건축물,02-330-1562~3,서울특별시 서대문구청,2025-01-01
연희동3152,서울특별시 서대문구 연희동187-84,126.9261085,37.5715194,건축물,02-330-1562~3,서울특별시 서대문구청,2025-01-01
연희동8014,서울특별시 서대문구 연희동187-91,126.9309593,37.5663645,한전주,02-330-1562~3,서울특별시 서대문구청,2025-01-01
연희동7146,서울특별시 서대문구 연희동187-93,126.9308372,37.5661922,한전주,02-330-1562~3,서울특별시 서대문구청,2025-01-01
연희동3137,서울특별시 서대문구 연희동188-19,126.9257437,37.5716963,한전주,02-330-1562~3,서울특별시 서대문구청,2025-01-01
연희동3139,서울특별시 서대문구 연희동188-25,126.924376,37.5699809,한전주,02-330-1562~3,서울특별시 서대문구청,2025-01-01
연희동10238,서울특별시 서대문구 연희동188-37,126.9262501,37.5719081,건축물,02-330-1562~3,서울특별시 서대문구청,2025-01-01
연희동9657,서울특별시 서대문구 연희동188-37,126.9262501,37.5719081,건축물,02-330-1562~3,서울특별시 서대문구청,2025-01-01
연희동3155,서울특별시 서대문구 연희동188-39,126.9264555,37.5717928,건축물,02-330-1562~3,서울특별시 서대문구청,2025-01-01
연희동10206,서울특별시 서대문구 연희동188-39,126.9264555,37.5717928,전용주,02-330-1562~3,서울특별시 서대문구청,2025-01-01
연희동4093,서울특별시 서대문구 연희동188-41,126.9280804,37.5729429,건축물,02-330-1562~3,서울특별시 서대문구청,2025-01-01
연희동4097,서울특별시 서대문구 연희동188-41,126.9280804,37.5729429,한전주,02-330-1562~3,서울특별시 서대문구청,2025-01-01
연희동4094,서울특별시 서대문구 연희동188-41,126.9280804,37.5729429,건축물,02-330-1562~3,서울특별시 서대문구청,2025-01-01
연희동5,서울특별시 서대문구 연희동188-41,126.9280804,37.5729429,건축물,02-330-1562~3,서울특별시 서대문구청,2025-01-01
연희동6,서울특별시 서대문구 연희동188-41,126.9280804,37.5729429,건축물,02-330-1562~3,서울특별시 서대문구청,2025-01-01
연희동4092,서울특별시 서대문구 연희동188-43,126.9272552,37.5728633,건축물,02-330-1562~3,서울특별시 서대문구청,2025-01-01
연희동4480,서울특별시 서대문구 연희동188-43,126.9272552,37.5728633,한전주,02-330-1562~3,서울특별시 서대문구청,2025-01-01
연희동4464,서울특별시 서대문구 연희동188-44,126.9271152,37.5731504,한전주,02-330-1562~3,서울특별시 서대문구청,2025-01-01
연희동2114,서울특별시 서대문구 연희동188-50,126.9304749,37.5669908,한전주,02-330-1562~3,서울특별시 서대문구청,2025-01-01
연희동2116,서울특별시 서대문구 연희동188-58,126.9301045,37.5667712,통신주,02-330-1562~3,서울특별시 서대문구청,2025-01-01
연희동2119,서울특별시 서대문구 연희동188-6,126.9296883,37.5665872,한전주,02-330-1562~3,서울특별시 서대문구청,2025-01-01
연희동2115,서울특별시 서대문구 연희동188-71,126.9303749,37.5668637,건축물,02-330-1562~3,서울특별시 서대문구청,2025-01-01
연희동2120,서울특별시 서대문구 연희동188-80,126.9299961,37.5664368,한전주,02-330-1562~3,서울특별시 서대문구청,2025-01-01
연희동2552,서울특별시 서대문구 연희동189-16,126.9290627,37.5667978,전용주,02-330-1562~3,서울특별시 서대문구청,2025-01-01
연희동2113,서울특별시 서대문구 연희동189-2,126.9292791,37.5667096,한전주,02-330-1562~3,서울특별시 서대문구청,2025-01-01
연희동2111,서울특별시 서대문구 연희동189-3,126.9289509,37.5667067,건축물,02-330-1562~3,서울특별시 서대문구청,2025-01-01
연희동2110,서울특별시 서대문구 연희동189-4,126.9288166,37.5665973,한전주,02-330-1562~3,서울특별시 서대문구청,2025-01-01
연희동2553,서울특별시 서대문구 연희동189-5,126.928671,37.5664879,건축물,02-330-1562~3,서울특별시 서대문구청,2025-01-01
연희동2112,서울특별시 서대문구 연희동190-1,126.9289241,37.5669947,한전주,02-330-1562~3,서울특별시 서대문구청,2025-01-01
연희동2168,서울특별시 서대문구 연희동190-13,126.928191,37.5668079,건축물,02-330-1562~3,서울특별시 서대문구청,2025-01-01
연희동2170,서울특별시 서대문구 연희동190-14,126.928079,37.5667258,한전주,02-330-1562~3,서울특별시 서대문구청,2025-01-01
연희동2169,서울특별시 서대문구 연희동190-21,126.9284305,37.5666839,한전주,02-330-1562~3,서울특별시 서대문구청,2025-01-01
연희동2167,서울특별시 서대문구 연희동190-5,126.9284932,37.5670449,한전주,02-330-1562~3,서울특별시 서대문구청,2025-01-01
연희동2123,서울특별시 서대문구 연희동192-10,126.9284951,37.5661259,한전주,02-330-1562~3,서울특별시 서대문구청,2025-01-01
연희동2107,서울특별시 서대문구 연희동192-14,126.9281482,37.5658434,한전주,02-330-1562~3,서울특별시 서대문구청,2025-01-01
연희동8924,서울특별시 서대문구 연희동192-14,126.9281482,37.5658434,건축물,02-330-1562~3,서울특별시 서대문구청,2025-01-01
연희동2106,서울특별시 서대문구 연희동192-16,126.9277207,37.5664522,한전주,02-330-1562~3,서울특별시 서대문구청,2025-01-01
연희동2104,서울특별시 서대문구 연희동192-29,126.9274632,37.5662516,건축물,02-330-1562~3,서울특별시 서대문구청,2025-01-01
연희동2105,서울특별시 서대문구 연희동192-34,126.9278238,37.566363,건축물,02-330-1562~3,서울특별시 서대문구청,2025-01-01
연희동2126,서울특별시 서대문구 연희동192-40,126.9278523,37.5659578,건축물,02-330-1562~3,서울특별시 서대문구청,2025-01-01
연희동2125,서울특별시 서대문구 연희동192-40,126.9278523,37.5659578,건축물,02-330-1562~3,서울특별시 서대문구청,2025-01-01
연희동50,서울특별시 서대문구 연희동192-40,126.9278523,37.5659578,건축물,02-330-1562~3,서울특별시 서대문구청,2025-01-01
연희동2109,서울특별시 서대문구 연희동192-8,126.9282431,37.5663308,한전주,02-330-1562~3,서울특별시 서대문구청,2025-01-01
연희동2164,서울특별시 서대문구 연희동193-11,126.9284788,37.5656842,한전주,02-330-1562~3,서울특별시 서대문구청,2025-01-01
연희동2121,서울특별시 서대문구 연희동193-2,126.9294425,37.5655758,한전주,02-330-1562~3,서울특별시 서대문구청,2025-01-01
연희동2122,서울특별시 서대문구 연희동193-20,126.9291232,37.5657351,한전주,02-330-1562~3,서울특별시 서대문구청,2025-01-01
연희동10116,서울특별시 서대문구 연희동193-21,126.9290232,37.5656081,건축물,02-330-1562~3,서울특별시 서대문구청,2025-01-01
연희동2165,서울특별시 서대문구 연희동193-9,126.9287297,37.5655513,한전주,02-330-1562~3,서울특별시 서대문구청,2025-01-01
연희동7154공용,서울특별시 서대문구 연희동194-10,126.9316248,37.5649468,한전주,02-330-1562~3,서울특별시 서대문구청,2025-01-01
연희동7155,서울특별시 서대문구 연희동194-14,126.9319567,37.5646885,건축물,02-330-1562~3,서울특별시 서대문구청,2025-01-01
연희동1-20,서울특별시 서대문구 연희동194-17,126.9318092,37.5647142,통신주,02-330-1562~3,서울특별시 서대문구청,2025-01-01
연희동7156,서울특별시 서대문구 연희동194-21,126.9313987,37.5649268,건축물,02-330-1562~3,서울특별시 서대문구청,2025-01-01
연희동7180,서울특별시 서대문구 연희동194-24,126.931294,37.5651241,한전주,02-330-1562~3,서울특별시 서대문구청,2025-01-01
연희동7153,서울특별시 서대문구 연희동194-3,126.9319635,37.565004,한전주,02-330-1562~3,서울특별시 서대문구청,2025-01-01
연희동7142,서울특별시 서대문구 연희동194-33,126.9301884,37.5648618,통신주,02-330-1562~3,서울특별시 서대문구청,2025-01-01
연희동7143,서울특별시 서대문구 연희동194-30,126.9301485,37.5652759,한전주,02-330-1562~3,서울특별시 서대문구청,2025-01-01
연희동7151,서울특별시 서대문구 연희동194-41,126.9312731,37.5649977,통신주,02-330-1562~3,서울특별시 서대문구청,2025-01-01
연희동7181,서울특별시 서대문구 연희동194-45,126.9311046,37.5649061,건축물,02-330-1562~3,서울특별시 서대문구청,2025-01-01
연희동7552,서울특별시 서대문구 연희동194-45,126.9311046,37.5649061,한전주,02-330-1562~3,서울특별시 서대문구청,2025-01-01
연희동7154,서울특별시 서대문구 연희동194-5,126.9316795,37.5650735,한전주,02-330-1562~3,서울특별시 서대문구청,2025-01-01
연희동7570,서울특별시 서대문구 연희동194-60,126.9306378,37.5651001,건축물,02-330-1562~3,서울특별시 서대문구청,2025-01-01
연희동7148,서울특별시 서대문구 연희동194-30,126.9301485,37.5652759,한전주,02-330-1562~3,서울특별시 서대문구청,2025-01-01
연희동6045,서울특별시 서대문구 연희동195-11,126.9291096,37.5730153,건축물,02-330-1562~3,서울특별시 서대문구청,2025-01-01
연희동6051,서울특별시 서대문구 연희동195-12,126.9289844,37.5730592,통신주,02-330-1562~3,서울특별시 서대문구청,2025-01-01
연희동6047,서울특별시 서대문구 연희동195-12,126.9289844,37.5730592,한전주,02-330-1562~3,서울특별시 서대문구청,2025-01-01
연희동6046,서울특별시 서대문구 연희동195-12,126.9289844,37.5730592,건축물,02-330-1562~3,서울특별시 서대문구청,2025-01-01
연희동6044,서울특별시 서대문구 연희동195-16,126.9292692,37.5729357,건축물,02-330-1562~3,서울특별시 서대문구청,2025-01-01
연희동6043,서울특별시 서대문구 연희동195-16,126.9292692,37.5729357,한전주,02-330-1562~3,서울특별시 서대문구청,2025-01-01
연희동6042,서울특별시 서대문구 연희동195-2,126.9295992,37.5728125,한전주,02-330-1562~3,서울특별시 서대문구청,2025-01-01
연희동6053,서울특별시 서대문구 연희동196-1,126.9295963,37.5730197,한전주,02-330-1562~3,서울특별시 서대문구청,2025-01-01
연희동6054,서울특별시 서대문구 연희동196-1,126.9295963,37.5730197,한전주,02-330-1562~3,서울특별시 서대문구청,2025-01-01
연희동6055,서울특별시 서대문구 연희동196-1,126.9295963,37.5730197,전용주,02-330-1562~3,서울특별시 서대문구청,2025-01-01
연희동9959,서울특별시 서대문구 연희동196-14,126.9297979,37.5739586,한전주,02-330-1562~3,서울특별시 서대문구청,2025-01-01
연희동6050,서울특별시 서대문구 연희동196-19,126.9287154,37.5736605,한전주,02-330-1562~3,서울특별시 서대문구청,2025-01-01
연희동6057,서울특별시 서대문구 연희동196-25,126.9300189,37.5735462,한전주,02-330-1562~3,서울특별시 서대문구청,2025-01-01
연희동6052,서울특별시 서대문구 연희동196-29,126.9289017,37.5733018,한전주,02-330-1562~3,서울특별시 서대문구청,2025-01-01
연희동6024,서울특별시 서대문구 연희동200-100,126.930611,37.5733083,건축물,02-330-1562~3,서울특별시 서대문구청,2025-01-01
연희동271,서울특별시 서대문구 연희동200-100,126.930611,37.5733083,건축물,02-330-1562~3,서울특별시 서대문구청,2025-01-01
연희동6023,서울특별시 서대문구 연희동200-102,126.9309979,37.5731676,한전주,02-330-1562~3,서울특별시 서대문구청,2025-01-01
연희동1161,서울특별시 서대문구 연희동200-108,126.9316948,37.5727234,건축물,02-330-1562~3,서울특별시 서대문구청,2025-01-01
연희동6084,서울특별시 서대문구 연희동200-109,126.9332697,37.5742153,한전주,02-330-1562~3,서울특별시 서대문구청,2025-01-01
연희동6084공용,서울특별시 서대문구 연희동200-109,126.9332697,37.5742153,한전주,02-330-1562~3,서울특별시 서대문구청,2025-01-01
연희동6082,서울특별시 서대문구 연희동200-116,126.9329906,37.5739425,한전주,02-330-1562~3,서울특별시 서대문구청,2025-01-01
연희동6081,서울특별시 서대문구 연희동200-114,126.9332769,37.5737108,한전주,02-330-1562~3,서울특별시 서대문구청,2025-01-01
연희동6083,서울특별시 서대문구 연희동200-115,126.9329883,37.5741047,한전주,02-330-1562~3,서울특별시 서대문구청,2025-01-01
연희동6080,서울특별시 서대문구 연희동200-120,126.9330761,37.5735018,건축물,02-330-1562~3,서울특별시 서대문구청,2025-01-01
연희동6028,서울특별시 서대문구 연희동200-132,126.9313847,37.5730359,한전주,02-330-1562~3,서울특별시 서대문구청,2025-01-01
연희동6029,서울특별시 서대문구 연희동200-132,126.9313847,37.5730359,한전주,02-330-1562~3,서울특별시 서대문구청,2025-01-01
연희동6012,서울특별시 서대문구 연희동200-14,126.9308838,37.5724367,한전주,02-330-1562~3,서울특별시 서대문구청,2025-01-01
연희동6020,서울특별시 서대문구 연희동200-14,126.9308838,37.5724367,한전주,02-330-1562~3,서울특별시 서대문구청,2025-01-01
연희동6138,서울특별시 서대문구 연희동200-22,126.9321557,37.5729528,건축물,02-330-1562~3,서울특별시 서대문구청,2025-01-01
연희동6018,서울특별시 서대문구 연희동200-22,126.9321557,37.5729528,한전주,02-330-1562~3,서울특별시 서대문구청,2025-01-01
연희동6139,서울특별시 서대문구 연희동200-22,126.9321557,37.5729528,한전주,02-330-1562~3,서울특별시 서대문구청,2025-01-01
연희동6123,서울특별시 서대문구 연희동200-25,126.9328545,37.5723735,한전주,02-330-1562~3,서울특별시 서대문구청,2025-01-01
연희동6017,서울특별시 서대문구 연희동200-3,126.9318626,37.5728601,한전주,02-330-1562~3,서울특별시 서대문구청,2025-01-01
연희동6122,서울특별시 서대문구 연희동200-33,126.9327388,37.5725436,통신주,02-330-1562~3,서울특별시 서대문구청,2025-01-01
연희동6318,서울특별시 서대문구 연희동200-38,126.9305518,37.572695,씨피주,02-330-1562~3,서울특별시 서대문구청,2025-01-01
연희동6010,서울특별시 서대문구 연희동200-42,126.9303656,37.5722608,한전주,02-330-1562~3,서울특별시 서대문구청,2025-01-01
연희동6038,서울특별시 서대문구 연희동200-43,126.930049,37.5730238,전용주,02-330-1562~3,서울특별시 서대문구청,2025-01-01
연희동6059,서울특별시 서대문구 연희동200-49,126.9308816,37.5733828,한전주,02-330-1562~3,서울특별시 서대문구청,2025-01-01
연희동9958,서울특별시 서대문구 연희동200-49,126.9308816,37.5733828,한전주,02-330-1562~3,서울특별시 서대문구청,2025-01-01
연희동6060,서울특별시 서대문구 연희동200-49,126.9308816,37.5733828,전용주,02-330-1562~3,서울특별시 서대문구청,2025-01-01
연희동6061,서울특별시 서대문구 연희동200-49,126.9308816,37.5733828,전용주,02-330-1562~3,서울특별시 서대문구청,2025-01-01
연희동6030,서울특별시 서대문구 연희동200-49,126.9308816,37.5733828,통신주,02-330-1562~3,서울특별시 서대문구청,2025-01-01
연희동6063,서울특별시 서대문구 연희동200-49,126.9308816,37.5733828,전용주,02-330-1562~3,서울특별시 서대문구청,2025-01-01
연희동6064,서울특별시 서대문구 연희동200-49,126.9308816,37.5733828,전용주,02-330-1562~3,서울특별시 서대문구청,2025-01-01
연희동6065,서울특별시 서대문구 연희동200-49,126.9308816,37.5733828,전용주,02-330-1562~3,서울특별시 서대문구청,2025-01-01
연희동6066,서울특별시 서대문구 연희동200-49,126.9308816,37.5733828,씨피주,02-330-1562~3,서울특별시 서대문구청,2025-01-01
연희동6070,서울특별시 서대문구 연희동200-49,126.9308816,37.5733828,전용주,02-330-1562~3,서울특별시 서대문구청,2025-01-01
연희동6072,서울특별시 서대문구 연희동200-49,126.9308816,37.5733828,씨피주,02-330-1562~3,서울특별시 서대문구청,2025-01-01
연희동1119,서울특별시 서대문구 연희동200-49,126.9308816,37.5733828,건축물,02-330-1562~3,서울특별시 서대문구청,2025-01-01
연희동1179,서울특별시 서대문구 연희동200-49,126.9308816,37.5733828,건축물,02-330-1562~3,서울특별시 서대문구청,2025-01-01
연희동1180,서울특별시 서대문구 연희동200-49,126.9308816,37.5733828,건축물,02-330-1562~3,서울특별시 서대문구청,2025-01-01
연희동6425,서울특별시 서대문구 연희동200-49,126.9308816,37.5733828,전용주,02-330-1562~3,서울특별시 서대문구청,2025-01-01
연희동6014,서울특별시 서대문구 연희동200-5,126.931211,37.5725118,한전주,02-330-1562~3,서울특별시 서대문구청,2025-01-01
연희동6015,서울특별시 서대문구 연희동200-5,126.931211,37.5725118,한전주,02-330-1562~3,서울특별시 서대문구청,2025-01-01
연희동6427,서울특별시 서대문구 연희동200-5,126.931211,37.5725118,건축물,02-330-1562~3,서울특별시 서대문구청,2025-01-01
연희동6025,서울특별시 서대문구 연희동200-50,126.9301348,37.573358,건축물,02-330-1562~3,서울특별시 서대문구청,2025-01-01
연희동6423,서울특별시 서대문구 연희동200-53,126.9308222,37.5727876,건축물,02-330-1562~3,서울특별시 서대문구청,2025-01-01
연희동6323,서울특별시 서대문구 연희동200-53,126.9308222,37.5727876,한전주,02-330-1562~3,서울특별시 서대문구청,2025-01-01
연희동6320,서울특별시 서대문구 연희동200-57,126.9302445,37.5728094,한전주,02-330-1562~3,서울특별시 서대문구청,2025-01-01
연희동6019,서울특별시 서대문구 연희동200-57,126.9302445,37.5728094,한전주,02-330-1562~3,서울특별시 서대문구청,2025-01-01
연희동6118,서울특별시 서대문구 연희동200-62,126.9332935,37.5733415,전용주,02-330-1562~3,서울특별시 서대문구청,2025-01-01
연희동6116,서울특별시 서대문구 연희동200-64,126.9334334,37.5730545,한전주,02-330-1562~3,서울특별시 서대문구청,2025-01-01
연희동6115,서울특별시 서대문구 연희동200-66,126.9334266,37.572739,한전주,02-330-1562~3,서울특별시 서대문구청,2025-01-01
연희동6079,서울특별시 서대문구 연희동200-68,126.9333701,37.5735224,건축물,02-330-1562~3,서울특별시 서대문구청,2025-01-01
연희동6117,서울특별시 서대문구 연희동200-72,126.9330244,37.5731589,한전주,02-330-1562~3,서울특별시 서대문구청,2025-01-01
연희동6119,서울특별시 서대문구 연희동200-74,126.9324944,37.5730099,건축물,02-330-1562~3,서울특별시 서대문구청,2025-01-01
연희동6120,서울특별시 서대문구 연희동200-74,126.9324944,37.5730099,통신주,02-330-1562~3,서울특별시 서대문구청,2025-01-01
연희동6121,서울특별시 서대문구 연희동200-75,126.9325759,37.5728575,한전주,02-330-1562~3,서울특별시 서대문구청,2025-01-01
연희동6312,서울특별시 서대문구 연희동200-78,126.930797,37.5721746,통신주,02-330-1562~3,서울특별시 서대문구청,2025-01-01
연희동6022,서울특별시 서대문구 연희동200-79,126.930307,37.5731884,건축물,02-330-1562~3,서울특별시 서대문구청,2025-01-01
연희동6021,서울특별시 서대문구 연희동200-92,126.9304808,37.5729106,한전주,02-330-1562~3,서울특별시 서대문구청,2025-01-01
연희동9090-1,서울특별시 서대문구 연희동203-1,126.9309514,37.5716715,건축물,02-330-1562~3,서울특별시 서대문구청,2025-01-01
연희동8818,서울특별시 서대문구 연희동203-1,126.9309514,37.5716715,한전주,02-330-1562~3,서울특별시 서대문구청,2025-01-01
연희동6007,서울특별시 서대문구 연희동206-3,126.9303641,37.571576,한전주,02-330-1562~3,서울특별시 서대문구청,2025-01-01
연희동6137,서울특별시 서대문구 연희동214-10,126.9318813,37.5723466,한전주,02-330-1562~3,서울특별시 서대문구청,2025-01-01
연희동6136,서울특별시 서대문구 연희동214-10,126.9318813,37.5723466,한전주,02-330-1562~3,서울특별시 서대문구청,2025-01-01
연희동6128,서울특별시 서대문구 연희동215-3,126.9326211,37.572065,한전주,02-330-1562~3,서울특별시 서대문구청,2025-01-01
연희동6135,서울특별시 서대문구 연희동216-24,126.9325089,37.5720009,한전주,02-330-1562~3,서울특별시 서대문구청,2025-01-01
연희동6134,서울특별시 서대문구 연희동216-4,126.9321936,37.5718809,한전주,02-330-1562~3,서울특별시 서대문구청,2025-01-01
연희동6127,서울특별시 서대문구 연희동217-1,126.9328232,37.572184,건축물,02-330-1562~3,서울특별시 서대문구청,2025-01-01
연희동2159,서울특별시 서대문구 연희동218-11,126.9281997,37.5646185,한전주,02-330-1562~3,서울특별시 서대문구청,2025-01-01
연희동2160,서울특별시 서대문구 연희동218-11,126.9281997,37.5646185,한전주,02-330-1562~3,서울특별시 서대문구청,2025-01-01
연희동18,서울특별시 서대문구 연희동218-11,126.9281997,37.5646185,한전주,02-330-1562~3,서울특별시 서대문구청,2025-01-01
연희동17,서울특별시 서대문구 연희동218-12,126.9280348,37.5650675,한전주,02-330-1562~3,서울특별시 서대문구청,2025-01-01
연희동2156,서울특별시 서대문구 연희동218-15,126.9275923,37.5643516,한전주,02-330-1562~3,서울특별시 서대문구청,2025-01-01
연희동2155,서울특별시 서대문구 연희동218-16,126.9272944,37.5646012,한전주,02-330-1562~3,서울특별시 서대문구청,2025-01-01
연희동14,서울특별시 서대문구 연희동218-16,126.9272944,37.5646012,한전주,02-330-1562~3,서울특별시 서대문구청,2025-01-01
연희동10080,서울특별시 서대문구 연희동218-25,126.9278109,37.5648942,한전주,02-330-1562~3,서울특별시 서대문구청,2025-01-01
연희동2162,서울특별시 서대문구 연희동218-27,126.9281272,37.5649422,한전주,02-330-1562~3,서울특별시 서대문구청,2025-01-01
연희동2161,서울특별시 서대문구 연희동218-31,126.9281856,37.5648166,한전주,02-330-1562~3,서울특별시 서대문구청,2025-01-01
연희동2163,서울특별시 서대문구 연희동218-32,126.9280734,37.5647435,건축물,02-330-1562~3,서울특별시 서대문구청,2025-01-01
연희동2149,서울특별시 서대문구 연희동219-10,126.9269064,37.5656159,한전주,02-330-1562~3,서울특별시 서대문구청,2025-01-01
연희동1-23,서울특별시 서대문구 연희동219-13,126.9265164,37.5651798,전용주,02-330-1562~3,서울특별시 서대문구청,2025-01-01
연희동2147,서울특별시 서대문구 연희동219-13,126.9265164,37.5651798,한전주,02-330-1562~3,서울특별시 서대문구청,2025-01-01
연희동2148,서울특별시 서대문구 연희동219-15,126.9266949,37.5653617,한전주,02-330-1562~3,서울특별시 서대문구청,2025-01-01
연희동2144,서울특별시 서대문구 연희동219-16,126.9265461,37.5654774,한전주,02-330-1562~3,서울특별시 서대문구청,2025-01-01
연희동2146,서울특별시 서대문구 연희동219-20,126.9264249,37.5652511,한전주,02-330-1562~3,서울특별시 서대문구청,2025-01-01
연희동2145,서울특별시 서대문구 연희동219-21,126.9263218,37.5653312,한전주,02-330-1562~3,서울특별시 서대문구청,2025-01-01
연희동2150,서울특별시 서대문구 연희동219-6,126.9270076,37.5656618,씨피주,02-330-1562~3,서울특별시 서대문구청,2025-01-01
연희동10088,서울특별시 서대문구 연희동219-6,126.9270076,37.5656618,전용주,02-330-1562~3,서울특별시 서대문구청,2025-01-01
연희동2136,서울특별시 서대문구 연희동220-10,126.9259119,37.5654987,한전주,02-330-1562~3,서울특별시 서대문구청,2025-01-01
연희동2134,서울특별시 서대문구 연희동220-21,126.9254984,37.5659184,한전주,02-330-1562~3,서울특별시 서대문구청,2025-01-01
연희동2135,서울특별시 서대문구 연희동220-22,126.9255361,37.5656575,한전주,02-330-1562~3,서울특별시 서대문구청,2025-01-01
연희동13,서울특별시 서대문구 연희동220-23,126.925377,37.5657011,한전주,02-330-1562~3,서울특별시 서대문구청,2025-01-01
연희동8852,서울특별시 서대문구 연희동220-30,126.9245126,37.5659905,한전주,02-330-1562~3,서울특별시 서대문구청,2025-01-01
연희동2129,서울특별시 서대문구 연희동220-31,126.9243876,37.5660254,한전주,02-330-1562~3,서울특별시 서대문구청,2025-01-01
연희동2128,서울특별시 서대문구 연희동220-37,126.9239217,37.5661473,한전주,02-330-1562~3,서울특별시 서대문구청,2025-01-01
연희동2127,서울특별시 서대문구 연희동220-39,126.9260943,37.5654103,전용주,02-330-1562~3,서울특별시 서대문구청,2025-01-01
연희동1-16,서울특별시 서대문구 연희동220-4,126.9261317,37.5659602,한전주,02-330-1562~3,서울특별시 서대문구청,2025-01-01
연희동2132,서울특별시 서대문구 연희동220-42,126.9252495,37.5659071,한전주,02-330-1562~3,서울특별시 서대문구청,2025-01-01
연희동2131,서울특별시 서대문구 연희동220-45,126.9250354,37.5658421,한전주,02-330-1562~3,서울특별시 서대문구청,2025-01-01
연희동2137,서울특별시 서대문구 연희동220-48,126.9261245,37.5656718,건축물,02-330-1562~3,서울특별시 서대문구청,2025-01-01
연희동2138,서울특별시 서대문구 연희동220-51,126.9258506,37.5658315,한전주,02-330-1562~3,서울특별시 서대문구청,2025-01-01
연희동2133,서울특별시 서대문구 연희동220-52,126.9256585,37.5658027,한전주,02-330-1562~3,서울특별시 서대문구청,2025-01-01
연희동1192,서울특별시 서대문구 연희동220-52,126.9256585,37.5658027,전용주,02-330-1562~3,서울특별시 서대문구청,2025-01-01
연희동2130,서울특별시 서대문구 연희동220-55,126.9249415,37.5660755,한전주,02-330-1562~3,서울특별시 서대문구청,2025-01-01
연희동8094,서울특별시 서대문구 연희동231-3,126.9321932,37.5679434,통신주,02-330-1562~3,서울특별시 서대문구청,2025-01-01
연희동8046,서울특별시 서대문구 연희동235-1,126.9326674,37.5672359,한전주,02-330-1562~3,서울특별시 서대문구청,2025-01-01
연희동22,서울특별시 서대문구 연희동236-1,126.9325793,37.5670639,건축물,02-330-1562~3,서울특별시 서대문구청,2025-01-01
연희동8043,서울특별시 서대문구 연희동236-3,126.9325239,37.5669823,한전주,02-330-1562~3,서울특별시 서대문구청,2025-01-01
연희동8045,서울특별시 서대문구 연희동237-10,126.932853,37.5669222,한전주,02-330-1562~3,서울특별시 서대문구청,2025-01-01
연희동8042,서울특별시 서대문구 연희동237-14,126.9328668,37.5667511,한전주,02-330-1562~3,서울특별시 서대문구청,2025-01-01
연희동8041,서울특별시 서대문구 연희동237-2,126.9330481,37.5667348,한전주,02-330-1562~3,서울특별시 서대문구청,2025-01-01
연희동8040,서울특별시 서대문구 연희동237-2,126.9330481,37.5667348,건축물,02-330-1562~3,서울특별시 서대문구청,2025-01-01
연희동8030,서울특별시 서대문구 연희동237-5,126.9324358,37.5668103,통신주,02-330-1562~3,서울특별시 서대문구청,2025-01-01
연희동8009,서울특별시 서대문구 연희동292-7,126.9318764,37.5655528,건축물,02-330-1562~3,서울특별시 서대문구청,2025-01-01
연희동8031,서울특별시 서대문구 연희동273-11,126.9275478,37.5666669,건축물,02-330-1562~3,서울특별시 서대문구청,2025-01-01
연희동2178,서울특별시 서대문구 연희동274-1,126.9273793,37.5665753,한전주,02-330-1562~3,서울특별시 서대문구청,2025-01-01
연희동7114,서울특별시 서대문구 연희동28-13,126.933432,37.5636297,전용주,02-330-1562~3,서울특별시 서대문구청,2025-01-01
연희동7109,서울특별시 서대문구 연희동28-19,126.933714,37.5636953,건축물,02-330-1562~3,서울특별시 서대문구청,2025-01-01
연희동7569,서울특별시 서대문구 연희동28-19,126.933714,37.5636953,한전주,02-330-1562~3,서울특별시 서대문구청,2025-01-01
연희동7145,서울특별시 서대문구 연희동287-10,126.9308881,37.5658052,한전주,02-330-1562~3,서울특별시 서대문구청,2025-01-01
연희동1-19,서울특별시 서대문구 연희동287-5,126.9303914,37.5657106,건축물,02-330-1562~3,서울특별시 서대문구청,2025-01-01
연희동8302,서울특별시 서대문구 연희동287-8,126.9308902,37.565652,건축물,02-330-1562~3,서울특별시 서대문구청,2025-01-01
연희동8004,서울특별시 서대문구 연희동289-11,126.9312883,37.5655205,한전주,02-330-1562~3,서울특별시 서대문구청,2025-01-01
연희동8001,서울특별시 서대문구 연희동289-11,126.9312883,37.5655205,건축물,02-330-1562~3,서울특별시 서대문구청,2025-01-01
연희동10200,서울특별시 서대문구 연희동289-3,126.9310497,37.5655814,통신주,02-330-1562~3,서울특별시 서대문구청,2025-01-01
연희동7147,서울특별시 서대문구 연희동290-4,126.9312542,37.5655292,한전주,02-330-1562~3,서울특별시 서대문구청,2025-01-01
연희동8002,서울특별시 서대문구 연희동290-8,126.9311872,37.5654655,건축물,02-330-1562~3,서울특별시 서대문구청,2025-01-01
연희동8003,서울특별시 서대문구 연희동290-8,126.9311872,37.5654655,건축물,02-330-1562~3,서울특별시 서대문구청,2025-01-01
연희동7178,서울특별시 서대문구 연희동291-4,126.9316624,37.5654788,한전주,02-330-1562~3,서울특별시 서대문구청,2025-01-01
연희동7175,서울특별시 서대문구 연희동292-1,126.9323776,37.5653321,건축물,02-330-1562~3,서울특별시 서대문구청,2025-01-01
연희동7177,서울특별시 서대문구 연희동292-10,126.932129,37.5653028,한전주,02-330-1562~3,서울특별시 서대문구청,2025-01-01
연희동8015,서울특별시 서대문구 연희동292-6,126.9320106,37.5656712,한전주,02-330-1562~3,서울특별시 서대문구청,2025-01-01
연희동8010,서울특별시 서대문구 연희동293-1,126.9319405,37.5658237,한전주,02-330-1562~3,서울특별시 서대문구청,2025-01-01
연희동8008,서울특별시 서대문구 연희동295-7,126.9316457,37.5658571,한전주,02-330-1562~3,서울특별시 서대문구청,2025-01-01
연희동8005,서울특별시 서대문구 연희동296-3,126.9313309,37.5657101,통신주,02-330-1562~3,서울특별시 서대문구청,2025-01-01
연희동8007,서울특별시 서대문구 연희동297-2,126.9310898,37.5659421,건축물,02-330-1562~3,서울특별시 서대문구청,2025-01-01
연희동412,서울특별시 서대문구 연희동297-2,126.9310898,37.5659421,건축물,02-330-1562~3,서울특별시 서대문구청,2025-01-01
연희동8006,서울특별시 서대문구 연희동298-2,126.9313158,37.5659712,건축물,02-330-1562~3,서울특별시 서대문구청,2025-01-01
연희동1-13,서울특별시 서대문구 연희동298-1,126.9314609,37.5661167,건축물,02-330-1562~3,서울특별시 서대문구청,2025-01-01
연희동7113,서울특별시 서대문구 연희동30-19,126.9332924,37.5646826,한전주,02-330-1562~3,서울특별시 서대문구청,2025-01-01
연희동8033,서울특별시 서대문구 연희동302-5,126.9326665,37.566506,건축물,02-330-1562~3,서울특별시 서대문구청,2025-01-01
연희동8032,서울특별시 서대문구 연희동302-5,126.9326665,37.566506,한전주,02-330-1562~3,서울특별시 서대문구청,2025-01-01
연희동7111,서울특별시 서대문구 연희동30-26,126.9334791,37.5642968,한전주,02-330-1562~3,서울특별시 서대문구청,2025-01-01
연희동8421,서울특별시 서대문구 연희동302-7,126.9328414,37.5661472,통신주,02-330-1562~3,서울특별시 서대문구청,2025-01-01
연희동8037,서울특별시 서대문구 연희동302-7,126.9328414,37.5661472,한전주,02-330-1562~3,서울특별시 서대문구청,2025-01-01
연희동8036,서울특별시 서대문구 연희동302-8,126.9327057,37.566137,한전주,02-330-1562~3,서울특별시 서대문구청,2025-01-01
연희동8035,서울특별시 서대문구 연희동302-9,126.932559,37.5661086,한전주,02-330-1562~3,서울특별시 서대문구청,2025-01-01
연희동8020,서울특별시 서대문구 연희동305-2,126.9326187,37.5658929,한전주,02-330-1562~3,서울특별시 서대문구청,2025-01-01
연희동8021,서울특별시 서대문구 연희동305-23,126.932936,37.5658687,한전주,02-330-1562~3,서울특별시 서대문구청,2025-01-01
연희동8019,서울특별시 서대문구 연희동305-4,126.932383,37.5657466,건축물,02-330-1562~3,서울특별시 서대문구청,2025-01-01
연희동8016,서울특별시 서대문구 연희동305-5,126.9322258,37.5656641,한전주,02-330-1562~3,서울특별시 서대문구청,2025-01-01
연희동8017,서울특별시 서대문구 연희동305-6,126.9323972,37.5655485,한전주,02-330-1562~3,서울특별시 서대문구청,2025-01-01
연희동8018,서울특별시 서대문구 연희동305-7,126.932554,37.5656671,한전주,02-330-1562~3,서울특별시 서대문구청,2025-01-01
연희동7159,서울특별시 서대문구 연희동309-10,126.9320952,37.5645006,한전주,02-330-1562~3,서울특별시 서대문구청,2025-01-01
연희동7162,서울특별시 서대문구 연희동309-18,126.9323424,37.564629,한전주,02-330-1562~3,서울특별시 서대문구청,2025-01-01
연희동7565,서울특별시 서대문구 연희동309-21,126.9326704,37.56465,건축물,02-330-1562~3,서울특별시 서대문구청,2025-01-01
연희동7126,서울특별시 서대문구 연희동309-22,126.9325685,37.564649,한전주,02-330-1562~3,서울특별시 서대문구청,2025-01-01
연희동7120,서울특별시 서대문구 연희동310-10,126.9327561,37.5641912,한전주,02-330-1562~3,서울특별시 서대문구청,2025-01-01
연희동7165,서울특별시 서대문구 연희동310-2,126.9327636,37.5644616,한전주,02-330-1562~3,서울특별시 서대문구청,2025-01-01
연희동7176,서울특별시 서대문구 연희동315-1,126.9322681,37.5650788,건축물,02-330-1562~3,서울특별시 서대문구청,2025-01-01
연희동7179,서울특별시 서대문구 연희동316-2,126.9316098,37.565199,한전주,02-330-1562~3,서울특별시 서대문구청,2025-01-01
연희동7144,서울특별시 서대문구 연희동287-16,126.930631,37.5655776,한전주,02-330-1562~3,서울특별시 서대문구청,2025-01-01
연희동7042,서울특별시 서대문구 연희동334-22,126.9296342,37.5632529,한전주,02-330-1562~3,서울특별시 서대문구청,2025-01-01
연희동7040,서울특별시 서대문구 연희동334-23,126.9298165,37.5631644,전용주,02-330-1562~3,서울특별시 서대문구청,2025-01-01
연희동7045,서울특별시 서대문구 연희동334-30,126.9291627,37.5637712,한전주,02-330-1562~3,서울특별시 서대문구청,2025-01-01
연희동7030,서울특별시 서대문구 연희동334-34,126.9291053,37.5630318,건축물,02-330-1562~3,서울특별시 서대문구청,2025-01-01
연희동7041,서울특별시 서대문구 연희동334-35,126.9293438,37.5629799,한전주,02-330-1562~3,서울특별시 서대문구청,2025-01-01
연희동7046,서울특별시 서대문구 연희동334-37,126.9295295,37.5634502,한전주,02-330-1562~3,서울특별시 서대문구청,2025-01-01
연희동7035,서울특별시 서대문구 연희동334-42,126.9302456,37.5632404,건축물,02-330-1562~3,서울특별시 서대문구청,2025-01-01
연희동7037,서울특별시 서대문구 연희동334-43,126.9301555,37.5632036,통신주,02-330-1562~3,서울특별시 서대문구청,2025-01-01
연희동7039,서울특별시 서대문구 연희동334-44,126.9300542,37.5631666,한전주,02-330-1562~3,서울특별시 서대문구청,2025-01-01
연희동7038,서울특별시 서대문구 연희동334-38,126.9299265,37.5633907,건축물,02-330-1562~3,서울특별시 서대문구청,2025-01-01
연희동7026,서울특별시 서대문구 연희동334-6,126.9287043,37.5633706,전용주,02-330-1562~3,서울특별시 서대문구청,2025-01-01
연희동7029,서울특별시 서대문구 연희동334-69,126.9288548,37.5631377,한전주,02-330-1562~3,서울특별시 서대문구청,2025-01-01
연희동7028,서울특별시 서대문구 연희동334-69,126.9288548,37.5631377,건축물,02-330-1562~3,서울특별시 서대문구청,2025-01-01
연희동7027,서울특별시 서대문구 연희동334-70,126.9287738,37.5632631,한전주,02-330-1562~3,서울특별시 서대문구청,2025-01-01
연희동7044,서울특별시 서대문구 연희동334-74,126.928839,37.5634529,한전주,02-330-1562~3,서울특별시 서대문구청,2025-01-01
연희동7043,서울특별시 서대문구 연희동334-80,126.9290135,37.5631211,한전주,02-330-1562~3,서울특별시 서대문구청,2025-01-01
연희동7031,서울특별시 서대문구 연희동334-81,126.9292316,37.5629068,한전주,02-330-1562~3,서울특별시 서대문구청,2025-01-01
연희동7437,서울특별시 서대문구 연희동337-19,126.9306042,37.5642799,건축물,02-330-1562~3,서울특별시 서대문구청,2025-01-01
연희동7121,서울특별시 서대문구 연희동339-21,126.9324653,37.5639453,한전주,02-330-1562~3,서울특별시 서대문구청,2025-01-01
연희동7122,서울특별시 서대문구 연희동339-22,126.9323505,37.5640614,한전주,02-330-1562~3,서울특별시 서대문구청,2025-01-01
연희동7163,서울특별시 서대문구 연희동339-24,126.9324484,37.5643416,통신주,02-330-1562~3,서울특별시 서대문구청,2025-01-01
연희동7161,서울특별시 서대문구 연희동339-26,126.9322004,37.5642673,한전주,02-330-1562~3,서울특별시 서대문구청,2025-01-01
연희동7106,서울특별시 서대문구 연희동339-3,126.9331265,37.5636179,건축물,02-330-1562~3,서울특별시 서대문구청,2025-01-01
연희동7124,서울특별시 서대문구 연희동339-38,126.9319182,37.5642107,한전주,02-330-1562~3,서울특별시 서대문구청,2025-01-01
연희동7107,서울특별시 서대문구 연희동339-4,126.9332825,37.5637905,한전주,02-330-1562~3,서울특별시 서대문구청,2025-01-01
연희동7104,서울특별시 서대문구 연희동339-49,126.9330831,37.5634913,건축물,02-330-1562~3,서울특별시 서대문구청,2025-01-01
연희동7105,서울특별시 서대문구 연희동339-49,126.9330831,37.5634913,건축물,02-330-1562~3,서울특별시 서대문구청,2025-01-01
연희동7103,서울특별시 서대문구 연희동339-57,126.9327655,37.5635335,한전주,02-330-1562~3,서울특별시 서대문구청,2025-01-01
연희동7102,서울특별시 서대문구 연희동339-57,126.9327655,37.5635335,통신주,02-330-1562~3,서울특별시 서대문구청,2025-01-01
연희동7116,서울특별시 서대문구 연희동339-6,126.9331457,37.5638613,통신주,02-330-1562~3,서울특별시 서대문구청,2025-01-01
연희동7164,서울특별시 서대문구 연희동339-62,126.9325744,37.5642346,건축물,02-330-1562~3,서울특별시 서대문구청,2025-01-01
연희동7117,서울특별시 서대문구 연희동339-71,126.932956,37.5636704,건축물,02-330-1562~3,서울특별시 서대문구청,2025-01-01
연희동7129,서울특별시 서대문구 연희동340-1,126.9318143,37.5643539,건축물,02-330-1562~3,서울특별시 서대문구청,2025-01-01
연희동1-21,서울특별시 서대문구 연희동340-15,126.9322654,37.5636822,건축물,02-330-1562~3,서울특별시 서대문구청,2025-01-01
연희동7097,서울특별시 서대문구 연희동340-16,126.932293,37.563331,한전주,02-330-1562~3,서울특별시 서대문구청,2025-01-01
연희동7100,서울특별시 서대문구 연희동340-16,126.932293,37.563331,건축물,02-330-1562~3,서울특별시 서대문구청,2025-01-01
연희동7098,서울특별시 서대문구 연희동340-17,126.9324524,37.5632694,한전주,02-330-1562~3,서울특별시 서대문구청,2025-01-01
연희동7129-1,서울특별시 서대문구 연희동340-18,126.93212,37.5635547,전용주,02-330-1562~3,서울특별시 서대문구청,2025-01-01
연희동7131,서울특별시 서대문구 연희동340-29,126.9314425,37.5642334,전용주,02-330-1562~3,서울특별시 서대문구청,2025-01-01
연희동7137,서울특별시 서대문구 연희동340-34,126.9304066,37.5638546,한전주,02-330-1562~3,서울특별시 서대문구청,2025-01-01
연희동7130,서울특별시 서대문구 연희동340-40,126.9316421,37.5645235,전용주,02-330-1562~3,서울특별시 서대문구청,2025-01-01
연희동7133,서울특별시 서대문구 연희동340-41,126.9313718,37.564431,전용주,02-330-1562~3,서울특별시 서대문구청,2025-01-01
연희동7132,서울특별시 서대문구 연희동340-41,126.9313718,37.564431,전용주,02-330-1562~3,서울특별시 서대문구청,2025-01-01
연희동7157,서울특별시 서대문구 연희동340-42,126.9313803,37.5646293,통신주,02-330-1562~3,서울특별시 서대문구청,2025-01-01
연희동6424,서울특별시 서대문구 연희동340-42,126.9313803,37.5646293,전용주,02-330-1562~3,서울특별시 서대문구청,2025-01-01
연희동7152,서울특별시 서대문구 연희동340-43,126.9311201,37.5646179,한전주,02-330-1562~3,서울특별시 서대문구청,2025-01-01
연희동7150,서울특별시 서대문구 연희동340-44,126.9308935,37.5646339,통신주,02-330-1562~3,서울특별시 서대문구청,2025-01-01
연희동7149,서울특별시 서대문구 연희동340-45,126.9307011,37.5646321,한전주,02-330-1562~3,서울특별시 서대문구청,2025-01-01
연희동8851,서울특별시 서대문구 연희동340-45,126.9307011,37.5646321,한전주,02-330-1562~3,서울특별시 서대문구청,2025-01-01
연희동7136,서울특별시 서대문구 연희동340-47,126.9307156,37.564407,한전주,02-330-1562~3,서울특별시 서대문구청,2025-01-01
연희동7135,서울특별시 서대문구 연희동340-48,126.9309308,37.5643999,전용주,02-330-1562~3,서울특별시 서대문구청,2025-01-01
연희동7134,서울특별시 서대문구 연희동340-49,126.9311229,37.5644197,한전주,02-330-1562~3,서울특별시 서대문구청,2025-01-01
연희동9644,서울특별시 서대문구 연희동340-50,126.931216,37.5642403,전용주,02-330-1562~3,서울특별시 서대문구청,2025-01-01
연희동7138,서울특별시 서대문구 연희동340-52,126.9308539,37.5642371,한전주,02-330-1562~3,서울특별시 서대문구청,2025-01-01
연희동7128,서울특별시 서대문구 연희동340-58,126.9318049,37.5642186,건축물,02-330-1562~3,서울특별시 서대문구청,2025-01-01
연희동6027,서울특별시 서대문구 연희동340-59,126.9323574,37.5635749,한전주,02-330-1562~3,서울특별시 서대문구청,2025-01-01
연희동7101,서울특별시 서대문구 연희동340-61,126.9304778,37.5644139,한전주,02-330-1562~3,서울특별시 서대문구청,2025-01-01
연희동7127,서울특별시 서대문구 연희동340-6,126.9318516,37.5641199,한전주,02-330-1562~3,서울특별시 서대문구청,2025-01-01
연희동7528,서울특별시 서대문구 연희동340-6,126.9318516,37.5641199,한전주,02-330-1562~3,서울특별시 서대문구청,2025-01-01
연희동7123,서울특별시 서대문구 연희동340-8,126.9319662,37.5640219,한전주,02-330-1562~3,서울특별시 서대문구청,2025-01-01
연희동7125,서울특별시 서대문구 연희동340-9,126.9322504,37.5639343,건축물,02-330-1562~3,서울특별시 서대문구청,2025-01-01
연희동7089,서울특별시 서대문구 연희동341-1,126.9310724,37.5632029,건축물,02-330-1562~3,서울특별시 서대문구청,2025-01-01
연희동7070,서울특별시 서대문구 연희동342-51,126.931267,37.5622585,건축물,02-330-1562~3,서울특별시 서대문구청,2025-01-01
연희동7068,서울특별시 서대문구 연희동342-54,126.9313025,37.5621507,건축물,02-330-1562~3,서울특별시 서대문구청,2025-01-01
연희동7055,서울특별시 서대문구 연희동344-106,126.9302227,37.5624653,건축물,02-330-1562~3,서울특별시 서대문구청,2025-01-01
연희동7056,서울특별시 서대문구 연희동344-107,126.9301212,37.5624374,건축물,02-330-1562~3,서울특별시 서대문구청,2025-01-01
연희동7049,서울특별시 서대문구 연희동344-110,126.9304998,37.5628733,한전주,02-330-1562~3,서울특별시 서대문구청,2025-01-01
연희동7072,서울특별시 서대문구 연희동344-130,126.9308373,37.5622276,한전주,02-330-1562~3,서울특별시 서대문구청,2025-01-01
연희동7071,서울특별시 서대문구 연희동344-130,126.9308373,37.5622276,한전주,02-330-1562~3,서울특별시 서대문구청,2025-01-01
연희동7073,서울특별시 서대문구 연희동344-132,126.9305011,37.5619903,한전주,02-330-1562~3,서울특별시 서대문구청,2025-01-01
연희동7085,서울특별시 서대문구 연희동344-135,126.9311789,37.5620865,건축물,02-330-1562~3,서울특별시 서대문구청,2025-01-01
연희동7084,서울특별시 서대문구 연희동344-136,126.931271,37.5619792,한전주,02-330-1562~3,서울특별시 서대문구청,2025-01-01
연희동7076,서울특별시 서대문구 연희동344-141,126.9309111,37.5618138,한전주,02-330-1562~3,서울특별시 서대문구청,2025-01-01
연희동7078,서울특별시 서대문구 연희동344-147,126.9312215,37.5614832,한전주,02-330-1562~3,서울특별시 서대문구청,2025-01-01
연희동7082,서울특별시 서대문구 연희동344-147,126.9312215,37.5614832,건축물,02-330-1562~3,서울특별시 서대문구청,2025-01-01
연희동7081,서울특별시 서대문구 연희동344-149,126.9312028,37.5612037,건축물,02-330-1562~3,서울특별시 서대문구청,2025-01-01
연희동7090,서울특별시 서대문구 연희동344-15,126.9309119,37.5633456,한전주,02-330-1562~3,서울특별시 서대문구청,2025-01-01
연희동7075,서울특별시 서대문구 연희동344-154,126.9306066,37.561739,건축물,02-330-1562~3,서울특별시 서대문구청,2025-01-01
연희동7077,서울특별시 서대문구 연희동344-157,126.9309501,37.5614627,건축물,02-330-1562~3,서울특별시 서대문구청,2025-01-01
연희동10014,서울특별시 서대문구 연희동344-157,126.9309501,37.5614627,한전주,02-330-1562~3,서울특별시 서대문구청,2025-01-01
연희동7074,서울특별시 서대문구 연희동344-133,126.9301608,37.5620413,건축물,02-330-1562~3,서울특별시 서대문구청,2025-01-01
연희동10015,서울특별시 서대문구 연희동344-17,126.9306692,37.5636948,한전주,02-330-1562~3,서울특별시 서대문구청,2025-01-01
연희동7093,서울특별시 서대문구 연희동344-19,126.9313809,37.5637913,한전주,02-330-1562~3,서울특별시 서대문구청,2025-01-01
연희동7088,서울특별시 서대문구 연희동344-223,126.9313089,37.5632861,한전주,02-330-1562~3,서울특별시 서대문구청,2025-01-01
연희동7096,서울특별시 서대문구 연희동344-23,126.9317042,37.5633437,한전주,02-330-1562~3,서울특별시 서대문구청,2025-01-01
연희동7086,서울특별시 서대문구 연희동344-25,126.9314036,37.5629986,한전주,02-330-1562~3,서울특별시 서대문구청,2025-01-01
연희동7087,서울특별시 서대문구 연희동344-25,126.9314036,37.5629986,한전주,02-330-1562~3,서울특별시 서대문구청,2025-01-01
연희동7094,서울특별시 서대문구 연희동344-29,126.9314203,37.5634132,한전주,02-330-1562~3,서울특별시 서대문구청,2025-01-01
연희동10013,서울특별시 서대문구 연희동344-29,126.9314203,37.5634132,한전주,02-330-1562~3,서울특별시 서대문구청,2025-01-01
연희동7092,서울특별시 서대문구 연희동344-31,126.931067,37.5635812,한전주,02-330-1562~3,서울특별시 서대문구청,2025-01-01
연희동7051,서울특별시 서대문구 연희동344-46,126.9302713,37.5630244,건축물,02-330-1562~3,서울특별시 서대문구청,2025-01-01
연희동7047,서울특별시 서대문구 연희동344-41,126.9305205,37.5630086,건축물,02-330-1562~3,서울특별시 서대문구청,2025-01-01
연희동7052,서울특별시 서대문구 연희동344-46,126.9302713,37.5630244,건축물,02-330-1562~3,서울특별시 서대문구청,2025-01-01
연희동7065,서울특별시 서대문구 연희동344-74,126.9305171,37.562459,한전주,02-330-1562~3,서울특별시 서대문구청,2025-01-01
연희동7065-1,서울특별시 서대문구 연희동344-74,126.9305171,37.562459,한전주,02-330-1562~3,서울특별시 서대문구청,2025-01-01
연희동7066,서울특별시 서대문구 연희동344-80,126.9302137,37.562303,한전주,02-330-1562~3,서울특별시 서대문구청,2025-01-01
연희동7067,서울특별시 서대문구 연희동344-82,126.9303525,37.5620971,건축물,02-330-1562~3,서울특별시 서대문구청,2025-01-01
연희동7062,서울특별시 서대문구 연희동344-90,126.9299881,37.5622469,건축물,02-330-1562~3,서울특별시 서대문구청,2025-01-01
연희동7050,서울특별시 서대문구 연희동344-94,126.930335,37.5625294,건축물,02-330-1562~3,서울특별시 서대문구청,2025-01-01
연희동7048,서울특별시 서대문구 연희동344-98,126.9306576,37.5629198,건축물,02-330-1562~3,서울특별시 서대문구청,2025-01-01
연희동7064,서울특별시 서대문구 연희동344-99,126.9308646,37.5626964,건축물,02-330-1562~3,서울특별시 서대문구청,2025-01-01
연희동7057,서울특별시 서대문구 연희동345-16,126.9298926,37.5625975,건축물,02-330-1562~3,서울특별시 서대문구청,2025-01-01
연희동7059,서울특별시 서대문구 연희동345-19,126.929666,37.5626134,통신주,02-330-1562~3,서울특별시 서대문구청,2025-01-01
연희동7032,서울특별시 서대문구 연희동345-25,126.9294827,37.562765,통신주,02-330-1562~3,서울특별시 서대문구청,2025-01-01
연희동7060,서울특별시 서대문구 연희동345-26,126.9295983,37.5625948,한전주,02-330-1562~3,서울특별시 서대문구청,2025-01-01
연희동7054,서울특별시 서대문구 연희동345-39,126.9302321,37.5626006,건축물,02-330-1562~3,서울특별시 서대문구청,2025-01-01
연희동7061,서울특별시 서대문구 연희동345-4,126.9298266,37.5624617,한전주,02-330-1562~3,서울특별시 서대문구청,2025-01-01
연희동7010,서울특별시 서대문구 연희동350-14,126.9284395,37.5613138,전용주,02-330-1562~3,서울특별시 서대문구청,2025-01-01
연희동7014,서울특별시 서대문구 연희동350-3,126.9288007,37.5613802,건축물,02-330-1562~3,서울특별시 서대문구청,2025-01-01
연희동7013,서울특별시 서대문구 연희동350-5,126.9285874,37.5612611,한전주,02-330-1562~3,서울특별시 서대문구청,2025-01-01
연희동25,서울특별시 서대문구 연희동350-5,126.9285874,37.5612611,건축물,02-330-1562~3,서울특별시 서대문구청,2025-01-01
연희동7567,서울특별시 서대문구 연희동350-6,126.9284863,37.5612061,건축물,02-330-1562~3,서울특별시 서대문구청,2025-01-01
연희동7012,서울특별시 서대문구 연희동350-7,126.928374,37.5611421,한전주,02-330-1562~3,서울특별시 서대문구청,2025-01-01
연희동7007,서울특별시 서대문구 연희동351-10,126.9287286,37.5616769,건축물,02-330-1562~3,서울특별시 서대문구청,2025-01-01
연희동7009,서울특별시 서대문구 연희동351-18,126.928493,37.5615306,한전주,02-330-1562~3,서울특별시 서대문구청,2025-01-01
연희동7005,서울특별시 서대문구 연희동351-19,126.9284122,37.561638,한전주,02-330-1562~3,서울특별시 서대문구청,2025-01-01
연희동7003,서울특별시 서대문구 연희동351-24,126.9280751,37.5614637,한전주,02-330-1562~3,서울특별시 서대문구청,2025-01-01
연희동7011,서울특별시 서대문구 연희동351-25,126.928156,37.5613473,한전주,02-330-1562~3,서울특별시 서대문구청,2025-01-01
연희동7006,서울특별시 서대문구 연희동351-5,126.9285478,37.5616572,한전주,02-330-1562~3,서울특별시 서대문구청,2025-01-01
연희동7004,서울특별시 서대문구 연희동351-8,126.9280949,37.5616621,건축물,02-330-1562~3,서울특별시 서대문구청,2025-01-01
연희동7017,서울특별시 서대문구 연희동353-100,126.9278925,37.5623631,통신주,02-330-1562~3,서울특별시 서대문구청,2025-01-01
연희동7023,서울특별시 서대문구 연희동353-107,126.9282283,37.5626274,건축물,02-330-1562~3,서울특별시 서대문구청,2025-01-01
연희동7022,서울특별시 서대문구 연희동353-108,126.9282601,37.5627719,건축물,02-330-1562~3,서울특별시 서대문구청,2025-01-01
연희동8840,서울특별시 서대문구 연희동353-109,126.9288548,37.5623448,한전주,02-330-1562~3,서울특별시 서대문구청,2025-01-01
연희동7020,서울특별시 서대문구 연희동353-109,126.9288548,37.5623448,한전주,02-330-1562~3,서울특별시 서대문구청,2025-01-01
연희동8844,서울특별시 서대문구 연희동353-115,126.9288076,37.5624795,전용주,02-330-1562~3,서울특별시 서대문구청,2025-01-01
연희동7018,서울특별시 서대문구 연희동353-139,126.9283205,37.5625111,한전주,02-330-1562~3,서울특별시 서대문구청,2025-01-01
연희동8845,서울특별시 서대문구 연희동353-19,126.9286816,37.5625865,전용주,02-330-1562~3,서울특별시 서대문구청,2025-01-01
연희동7034,서울특별시 서대문구 연희동353-40,126.9299216,37.5629401,한전주,02-330-1562~3,서울특별시 서대문구청,2025-01-01
연희동7033,서울특별시 서대문구 연희동353-42,126.9298316,37.5629033,건축물,02-330-1562~3,서울특별시 서대문구청,2025-01-01
연희동7053,서울특별시 서대문구 연희동353-49,126.9300716,37.5627433,한전주,02-330-1562~3,서울특별시 서대문구청,2025-01-01
연희동7058,서울특별시 서대문구 연희동353-51,126.9298573,37.5626873,한전주,02-330-1562~3,서울특별시 서대문구청,2025-01-01
연희동7025,서울특별시 서대문구 연희동353-77,126.928372,37.562863,건축물,02-330-1562~3,서울특별시 서대문구청,2025-01-01
연희동7024,서울특별시 서대문구 연희동353-77,126.928372,37.562863,통신주,02-330-1562~3,서울특별시 서대문구청,2025-01-01
연희동1-7-1,서울특별시 서대문구 연희동353-84,126.9277936,37.562155,전용주,02-330-1562~3,서울특별시 서대문구청,2025-01-01
연희동7015,서울특별시 서대문구 연희동353-86,126.9280442,37.5620401,건축물,02-330-1562~3,서울특별시 서대문구청,2025-01-01
연희동7001,서울특별시 서대문구 연희동353-93,126.9277085,37.5617757,한전주,02-330-1562~3,서울특별시 서대문구청,2025-01-01
연희동8846,서울특별시 서대문구 연희동354-6,126.9282687,37.5629612,전용주,02-330-1562~3,서울특별시 서대문구청,2025-01-01
연희동7016,서울특별시 서대문구 연희동356-1,126.9279807,37.5625261,한전주,02-330-1562~3,서울특별시 서대문구청,2025-01-01
연희동2039,서울특별시 서대문구 연희동410-26,126.9242193,37.5667087,한전주,02-330-1562~3,서울특별시 서대문구청,2025-01-01
연희동2042,서울특별시 서대문구 연희동410-33,126.9238922,37.5666246,한전주,02-330-1562~3,서울특별시 서대문구청,2025-01-01
연희동2044,서울특별시 서대문구 연희동410-44,126.9237999,37.5667499,한전주,02-330-1562~3,서울특별시 서대문구청,2025-01-01
연희동2043,서울특별시 서대문구 연희동410-25,126.9240816,37.5668336,건축물,02-330-1562~3,서울특별시 서대문구청,2025-01-01
연희동2023,서울특별시 서대문구 연희동413-105,126.9235404,37.5674774,씨피주,02-330-1562~3,서울특별시 서대문구청,2025-01-01
연희동2183,서울특별시 서대문구 연희동413-106,126.9233589,37.5675028,건축물,02-330-1562~3,서울특별시 서대문구청,2025-01-01
연희동2326,서울특별시 서대문구 연희동413-106,126.9233589,37.5675028,건축물,02-330-1562~3,서울특별시 서대문구청,2025-01-01
연희동2028,서울특별시 서대문구 연희동413-108,126.9231193,37.5676357,한전주,02-330-1562~3,서울특별시 서대문구청,2025-01-01
연희동2027,서울특별시 서대문구 연희동413-109,126.9229832,37.5676525,통신주,02-330-1562~3,서울특별시 서대문구청,2025-01-01
연희동2025,서울특별시 서대문구 연희동413-110,126.9228584,37.5676694,건축물,02-330-1562~3,서울특별시 서대문구청,2025-01-01
연희동2427,서울특별시 서대문구 연희동413-110,126.9228584,37.5676694,씨피주,02-330-1562~3,서울특별시 서대문구청,2025-01-01
연희동9623,서울특별시 서대문구 연희동413-113,126.9224964,37.5676571,전용주,02-330-1562~3,서울특별시 서대문구청,2025-01-01
연희동9624,서울특별시 서대문구 연희동413-113,126.9224964,37.5676571,전용주,02-330-1562~3,서울특별시 서대문구청,2025-01-01
연희동2026,서울특별시 서대문구 연희동413-114,126.9223267,37.5676465,건축물,02-330-1562~3,서울특별시 서대문구청,2025-01-01
연희동2020,서울특별시 서대문구 연희동413-116,126.9224421,37.5674944,건축물,02-330-1562~3,서울특별시 서대문구청,2025-01-01
연희동2181,서울특별시 서대문구 연희동413-118,126.9226232,37.5674961,한전주,02-330-1562~3,서울특별시 서대문구청,2025-01-01
연희동2182,서울특별시 서대문구 연희동413-119,126.9228384,37.567489,건축물,02-330-1562~3,서울특별시 서대문구청,2025-01-01
연희동2024,서울특별시 서대문구 연희동413-120,126.9230647,37.5674911,건축물,02-330-1562~3,서울특별시 서대문구청,2025-01-01
연희동2029,서울특별시 서대문구 연희동413-137,126.9237563,37.5674163,씨피주,02-330-1562~3,서울특별시 서대문구청,2025-01-01
연희동2046,서울특별시 서대문구 연희동413-138,126.9228835,37.5667145,건축물,02-330-1562~3,서울특별시 서대문구청,2025-01-01
연희동2041,서울특별시 서대문구 연희동413-3,126.924435,37.5666656,한전주,02-330-1562~3,서울특별시 서대문구청,2025-01-01
연희동2551,서울특별시 서대문구 연희동413-42,126.9240071,37.5672924,건축물,02-330-1562~3,서울특별시 서대문구청,2025-01-01
연희동2049,서울특별시 서대문구 연희동413-43,126.9238601,37.5672821,한전주,02-330-1562~3,서울특별시 서대문구청,2025-01-01
연희동2035,서울특별시 서대문구 연희동413-43,126.9238601,37.5672821,건축물,02-330-1562~3,서울특별시 서대문구청,2025-01-01
연희동2030,서울특별시 서대문구 연희동413-44,126.9241657,37.5672849,통신주,02-330-1562~3,서울특별시 서대문구청,2025-01-01
연희동2034,서울특별시 서대문구 연희동413-45,126.9243471,37.5672685,한전주,02-330-1562~3,서울특별시 서대문구청,2025-01-01
연희동2031,서울특별시 서대문구 연희동413-46,126.9245283,37.5672611,통신주,02-330-1562~3,서울특별시 서대문구청,2025-01-01
연희동1139,서울특별시 서대문구 연희동413-47,126.9247095,37.5672538,통신주,02-330-1562~3,서울특별시 서대문구청,2025-01-01
연희동2038,서울특별시 서대문구 연희동413-57,126.9249171,37.5669854,건축물,02-330-1562~3,서울특별시 서대문구청,2025-01-01
연희동2036,서울특별시 서대문구 연희동413-59,126.9244982,37.5669906,건축물,02-330-1562~3,서울특별시 서대문구청,2025-01-01
연희동2037,서울특별시 서대문구 연희동413-59,126.9244982,37.5669906,씨피주,02-330-1562~3,서울특별시 서대문구청,2025-01-01
연희동2033,서울특별시 서대문구 연희동413-61,126.9246437,37.567109,건축물,02-330-1562~3,서울특별시 서대문구청,2025-01-01
연희동1138,서울특별시 서대문구 연희동413-61,126.9246437,37.567109,건축물,02-330-1562~3,서울특별시 서대문구청,2025-01-01
연희동2078,서울특별시 서대문구 연희동413-62,126.9248249,37.5671017,한전주,02-330-1562~3,서울특별시 서대문구청,2025-01-01
연희동2548,서울특별시 서대문구 연희동413-83,126.9235431,37.5672882,통신주,02-330-1562~3,서울특별시 서대문구청,2025-01-01
연희동9618,서울특별시 서대문구 연희동413-86,126.9228073,37.5672905,건축물,02-330-1562~3,서울특별시 서대문구청,2025-01-01
연희동2050,서울특별시 서대문구 연희동413-87,126.9226147,37.5672978,한전주,02-330-1562~3,서울특별시 서대문구청,2025-01-01
연희동2021,서울특별시 서대문구 연희동413-88,126.9224338,37.5672871,통신주,02-330-1562~3,서울특별시 서대문구청,2025-01-01
연희동2019,서울특별시 서대문구 연희동413-89,126.9222751,37.5673037,건축물,02-330-1562~3,서울특별시 서대문구청,2025-01-01
연희동2048,서울특별시 서대문구 연희동413-92,126.9233535,37.5670882,한전주,02-330-1562~3,서울특별시 서대문구청,2025-01-01
연희동2045,서울특별시 서대문구 연희동413-135,126.9233023,37.5667184,한전주,02-330-1562~3,서울특별시 서대문구청,2025-01-01
연희동2052,서울특별시 서대문구 연희동413-98,126.922813,37.5668941,건축물,02-330-1562~3,서울특별시 서대문구청,2025-01-01
연희동2075,서울특별시 서대문구 연희동420-1,126.9255003,37.5665762,한전주,02-330-1562~3,서울특별시 서대문구청,2025-01-01
연희동2095,서울특별시 서대문구 연희동421-12,126.9264719,37.5667022,한전주,02-330-1562~3,서울특별시 서대문구청,2025-01-01
연희동2093,서울특별시 서대문구 연희동421-17,126.926482,37.5667924,한전주,02-330-1562~3,서울특별시 서대문구청,2025-01-01
연희동2101,서울특별시 서대문구 연희동421-23,126.9266754,37.566722,건축물,02-330-1562~3,서울특별시 서대문구청,2025-01-01
연희동2098,서울특별시 서대문구 연희동421-23,126.9266754,37.566722,한전주,02-330-1562~3,서울특별시 서대문구청,2025-01-01
연희동2091,서울특별시 서대문구 연희동421-29,126.9264562,37.5670084,한전주,02-330-1562~3,서울특별시 서대문구청,2025-01-01
연희동2092,서울특별시 서대문구 연희동421-36,126.9262308,37.5669433,한전주,02-330-1562~3,서울특별시 서대문구청,2025-01-01
연희동10018,서울특별시 서대문구 연희동421-43,126.926036,37.5671037,건축물,02-330-1562~3,서울특별시 서대문구청,2025-01-01
연희동7566,서울특별시 서대문구 연희동42-15,126.9338092,37.5657505,건축물,02-330-1562~3,서울특별시 서대문구청,2025-01-01
연희동7171,서울특별시 서대문구 연희동42-16,126.9338797,37.5655709,한전주,02-330-1562~3,서울특별시 서대문구청,2025-01-01
연희동2176,서울특별시 서대문구 연희동421-65,126.9268147,37.5672729,건축물,02-330-1562~3,서울특별시 서대문구청,2025-01-01
연희동2089,서울특별시 서대문구 연희동421-67,126.9262374,37.5672677,건축물,02-330-1562~3,서울특별시 서대문구청,2025-01-01
연희동2094,서울특별시 서대문구 연희동421-68,126.9257553,37.5669479,한전주,02-330-1562~3,서울특별시 서대문구청,2025-01-01
연희동2102,서울특별시 서대문구 연희동421-8,126.9267644,37.566831,건축물,02-330-1562~3,서울특별시 서대문구청,2025-01-01
연희동7174,서울특별시 서대문구 연희동42-18,126.93362,37.5655235,한전주,02-330-1562~3,서울특별시 서대문구청,2025-01-01
연희동2090,서울특별시 서대문구 연희동421-84,126.9265335,37.5671442,통신주,02-330-1562~3,서울특별시 서대문구청,2025-01-01
연희동2097,서울특별시 서대문구 연희동421-9,126.9268447,37.5667596,건축물,02-330-1562~3,서울특별시 서대문구청,2025-01-01
연희동7173,서울특별시 서대문구 연희동42-19,126.9334826,37.5656394,한전주,02-330-1562~3,서울특별시 서대문구청,2025-01-01
연희동7172,서울특별시 서대문구 연희동42-31,126.933606,37.5657126,한전주,02-330-1562~3,서울특별시 서대문구청,2025-01-01
연희동2103,서울특별시 서대문구 연희동431-3,126.9270668,37.5662661,건축물,02-330-1562~3,서울특별시 서대문구청,2025-01-01
연희동2179,서울특별시 서대문구 연희동433-1,126.9270623,37.5665814,건축물,02-330-1562~3,서울특별시 서대문구청,2025-01-01
연희동2177,서울특별시 서대문구 연희동433-11,126.9270578,37.5668967,한전주,02-330-1562~3,서울특별시 서대문구청,2025-01-01
연희동2174,서울특별시 서대문구 연희동433-2,126.9274057,37.5671071,한전주,02-330-1562~3,서울특별시 서대문구청,2025-01-01
연희동3011,서울특별시 서대문구 연희동433-22,126.9273322,37.5674939,한전주,02-330-1562~3,서울특별시 서대문구청,2025-01-01
연희동2175,서울특별시 서대문구 연희동433-27,126.9271311,37.5673118,통신주,02-330-1562~3,서울특별시 서대문구청,2025-01-01
연희동10157,서울특별시 서대문구 연희동433-29,126.9268456,37.5674805,건축물,02-330-1562~3,서울특별시 서대문구청,2025-01-01
연희동3009,서울특별시 서대문구 연희동433-41,126.9271712,37.5676726,건축물,02-330-1562~3,서울특별시 서대문구청,2025-01-01
연희동3571,서울특별시 서대문구 연희동433-45,126.926705,37.5678126,전용주,02-330-1562~3,서울특별시 서대문구청,2025-01-01
연희동3007,서울특별시 서대문구 연희동433-46,126.9268764,37.567706,한전주,02-330-1562~3,서울특별시 서대문구청,2025-01-01
연희동3006,서울특별시 서대문구 연희동433-49,126.9272821,37.5678268,한전주,02-330-1562~3,서울특별시 서대문구청,2025-01-01
연희동381,서울특별시 서대문구 연희동433-52,126.9266136,37.5678748,건축물,02-330-1562~3,서울특별시 서대문구청,2025-01-01
연희동3004,서울특별시 서대문구 연희동433-54,126.9269412,37.5679228,전용주,02-330-1562~3,서울특별시 서대문구청,2025-01-01
연희동9998,서울특별시 서대문구 연희동433-55,126.9270668,37.5678429,전용주,02-330-1562~3,서울특별시 서대문구청,2025-01-01
연희동2086,서울특별시 서대문구 연희동434-12,126.9259377,37.5676434,한전주,02-330-1562~3,서울특별시 서대문구청,2025-01-01
연희동2084,서울특별시 서대문구 연희동434-13,126.9263117,37.5676108,전용주,02-330-1562~3,서울특별시 서대문구청,2025-01-01
신촌동2012,서울특별시 서대문구 신촌동396,126.9421662,37.5639155,통신주,02-330-1562~3,서울특별시 서대문구청,2025-01-01
연희동2088,서울특별시 서대문구 연희동434-13,126.9263117,37.5676108,한전주,02-330-1562~3,서울특별시 서대문구청,2025-01-01
연희동2087,서울특별시 서대문구 연희동434-23,126.9257845,37.5672816,한전주,02-330-1562~3,서울특별시 서대문구청,2025-01-01
연희동9938,서울특별시 서대문구 연희동434-23,126.9257845,37.5672816,통신주,02-330-1562~3,서울특별시 서대문구청,2025-01-01
연희동2076,서울특별시 서대문구 연희동434-26,126.9254943,37.5669906,한전주,02-330-1562~3,서울특별시 서대문구청,2025-01-01
연희동2080,서울특별시 서대문구 연희동434-28,126.9254051,37.5676836,한전주,02-330-1562~3,서울특별시 서대문구청,2025-01-01
연희동2081,서울특별시 서대문구 연희동434-33,126.9255467,37.5680723,한전주,02-330-1562~3,서울특별시 서대문구청,2025-01-01
연희동2082,서울특별시 서대문구 연희동434-33,126.9255467,37.5680723,한전주,02-330-1562~3,서울특별시 서대문구청,2025-01-01
연희동2077,서울특별시 서대문구 연희동436-1,126.9251432,37.5670054,한전주,02-330-1562~3,서울특별시 서대문구청,2025-01-01
연희동2079,서울특별시 서대문구 연희동436-9,126.9250596,37.567311,한전주,02-330-1562~3,서울특별시 서대문구청,2025-01-01
연희동3083,서울특별시 서대문구 연희동437-13,126.9270862,37.5688612,한전주,02-330-1562~3,서울특별시 서대문구청,2025-01-01
연희동3084,서울특별시 서대문구 연희동437-15,126.9270656,37.5687169,건축물,02-330-1562~3,서울특별시 서대문구청,2025-01-01
연희동3089,서울특별시 서대문구 연희동437-17,126.9268623,37.568688,한전주,02-330-1562~3,서울특별시 서대문구청,2025-01-01
연희동3088,서울특별시 서대문구 연희동437-17,126.9268623,37.568688,한전주,02-330-1562~3,서울특별시 서대문구청,2025-01-01
연희동3087,서울특별시 서대문구 연희동437-23,126.9266794,37.5688125,한전주,02-330-1562~3,서울특별시 서대문구청,2025-01-01
연희동3090,서울특별시 서대문구 연희동437-25,126.9264651,37.5687565,한전주,02-330-1562~3,서울특별시 서대문구청,2025-01-01
연희동3091,서울특별시 서대문구 연희동437-31,126.9263158,37.5689083,건축물,02-330-1562~3,서울특별시 서대문구청,2025-01-01
연희동3567,서울특별시 서대문구 연희동437-36,126.9262553,37.569178,통신주,02-330-1562~3,서울특별시 서대문구청,2025-01-01
연희동3564,서울특별시 서대문구 연희동437-39,126.9260303,37.5690769,건축물,02-330-1562~3,서울특별시 서대문구청,2025-01-01
연희동3080,서울특별시 서대문구 연희동437-4,126.9279358,37.5688149,건축물,02-330-1562~3,서울특별시 서대문구청,2025-01-01
연희동10150,서울특별시 서대문구 연희동437-40,126.9259866,37.5689684,건축물,02-330-1562~3,서울특별시 서대문구청,2025-01-01
연희동3095,서울특별시 서대문구 연희동437-41,126.9258391,37.568994,건축물,02-330-1562~3,서울특별시 서대문구청,2025-01-01
연희동3096,서울특별시 서대문구 연희동437-41,126.9258391,37.568994,한전주,02-330-1562~3,서울특별시 서대문구청,2025-01-01
연희동10171,서울특별시 서대문구 연희동437-43,126.9259942,37.5692297,건축물,02-330-1562~3,서울특별시 서대문구청,2025-01-01
연희동8835,서울특별시 서대문구 연희동437-5,126.9277661,37.5688133,전용주,02-330-1562~3,서울특별시 서대문구청,2025-01-01
연희동3103,서울특별시 서대문구 연희동437-51,126.9255987,37.5691811,건축물,02-330-1562~3,서울특별시 서대문구청,2025-01-01
연희동3102,서울특별시 서대문구 연희동437-52,126.9256086,37.5692803,한전주,02-330-1562~3,서울특별시 서대문구청,2025-01-01
연희동3104,서울특별시 서대문구 연희동437-57,126.9254087,37.5690081,건축물,02-330-1562~3,서울특별시 서대문구청,2025-01-01
연희동3105,서울특별시 서대문구 연희동437-58,126.9252725,37.5690339,한전주,02-330-1562~3,서울특별시 서대문구청,2025-01-01
연희동3106,서울특별시 서대문구 연희동437-60,126.9252814,37.5692052,한전주,02-330-1562~3,서울특별시 서대문구청,2025-01-01
연희동3107,서울특별시 서대문구 연희동437-60,126.9252814,37.5692052,한전주,02-330-1562~3,서울특별시 서대문구청,2025-01-01
연희동8,서울특별시 서대문구 연희동437-67,126.924987,37.5692115,건축물,02-330-1562~3,서울특별시 서대문구청,2025-01-01
연희동3081,서울특별시 서대문구 연희동437-7,126.9276207,37.5686859,건축물,02-330-1562~3,서울특별시 서대문구청,2025-01-01
연희동3117,서울특별시 서대문구 연희동437-72,126.9248069,37.5691378,한전주,02-330-1562~3,서울특별시 서대문구청,2025-01-01
연희동3093,서울특별시 서대문구 연희동437-85,126.9260627,37.5691853,건축물,02-330-1562~3,서울특별시 서대문구청,2025-01-01
연희동3092,서울특별시 서대문구 연희동437-86,126.9259652,37.5688871,건축물,02-330-1562~3,서울특별시 서대문구청,2025-01-01
연희동3094,서울특별시 서대문구 연희동437-86,126.9259652,37.5688871,한전주,02-330-1562~3,서울특별시 서대문구청,2025-01-01
연희동3118,서울특별시 서대문구 연희동437-77,126.9243612,37.5694311,한전주,02-330-1562~3,서울특별시 서대문구청,2025-01-01
연희동3082,서울특별시 서대문구 연희동437-9,126.9274383,37.5687743,한전주,02-330-1562~3,서울특별시 서대문구청,2025-01-01
연희동3121,서울특별시 서대문구 연희동440-60,126.9258293,37.5688858,건축물,02-330-1562~3,서울특별시 서대문구청,2025-01-01
연희동3171,서울특별시 서대문구 연희동444-100,126.9254198,37.5706031,건축물,02-330-1562~3,서울특별시 서대문구청,2025-01-01
연희동3178,서울특별시 서대문구 연희동444-105,126.9259553,37.5703647,건축물,02-330-1562~3,서울특별시 서대문구청,2025-01-01
연희동3177,서울특별시 서대문구 연희동444-108,126.9258553,37.5702286,건축물,02-330-1562~3,서울특별시 서대문구청,2025-01-01
연희동1-2-1,서울특별시 서대문구 연희동444-109,126.9260947,37.5701136,전용주,02-330-1562~3,서울특별시 서대문구청,2025-01-01
연희동1-6,서울특별시 서대문구 연희동444-109,126.9260947,37.5701136,전용주,02-330-1562~3,서울특별시 서대문구청,2025-01-01
연희동3174,서울특별시 서대문구 연희동444-111,126.926017,37.5700048,통신주,02-330-1562~3,서울특별시 서대문구청,2025-01-01
연희동3172,서울특별시 서대문구 연희동444-115,126.9251417,37.5702581,건축물,02-330-1562~3,서울특별시 서대문구청,2025-01-01
연희동3173,서울특별시 서대문구 연희동444-116,126.9253357,37.5701518,한전주,02-330-1562~3,서울특별시 서대문구청,2025-01-01
연희동1-18,서울특별시 서대문구 연희동444-16,126.9263115,37.5707824,한전주,02-330-1562~3,서울특별시 서대문구청,2025-01-01
연희동3163,서울특별시 서대문구 연희동444-16,126.9263115,37.5707824,통신주,02-330-1562~3,서울특별시 서대문구청,2025-01-01
연희동1-11-1,서울특별시 서대문구 연희동444-16,126.9263115,37.5707824,한전주,02-330-1562~3,서울특별시 서대문구청,2025-01-01
연희동3111,서울특별시 서대문구 연희동444-53,126.9252582,37.570034,건축물,02-330-1562~3,서울특별시 서대문구청,2025-01-01
연희동3110,서울특별시 서대문구 연희동444-56,126.9253185,37.5697732,한전주,02-330-1562~3,서울특별시 서대문구청,2025-01-01
연희동3108,서울특별시 서대문구 연희동444-57,126.9256022,37.5697217,전용주,02-330-1562~3,서울특별시 서대문구청,2025-01-01
연희동3113,서울특별시 서대문구 연희동444-60,126.9249023,37.5695892,건축물,02-330-1562~3,서울특별시 서대문구청,2025-01-01
연희동6425-1,서울특별시 서대문구 연희동444-67,126.9254122,37.5695578,통신주,02-330-1562~3,서울특별시 서대문구청,2025-01-01
연희동3122,서울특별시 서대문구 연희동444-70,126.9247157,37.5699749,한전주,02-330-1562~3,서울특별시 서대문구청,2025-01-01
연희동3120,서울특별시 서대문구 연희동444-78,126.9247549,37.5696059,통신주,02-330-1562~3,서울특별시 서대문구청,2025-01-01
연희동3119,서울특별시 서대문구 연희동444-79,126.924619,37.5696137,한전주,02-330-1562~3,서울특별시 서대문구청,2025-01-01
연희동19,서울특별시 서대문구 연희동444-81,126.9243942,37.5695035,한전주,02-330-1562~3,서울특별시 서대문구청,2025-01-01
연희동3115,서울특별시 서대문구 연희동444-83,126.9247004,37.5694612,건축물,02-330-1562~3,서울특별시 서대문구청,2025-01-01
연희동3109,서울특별시 서대문구 연희동444-88,126.925714,37.5698219,건축물,02-330-1562~3,서울특별시 서대문구청,2025-01-01
연희동3101,서울특별시 서대문구 연희동444-89,126.9257188,37.5694885,전용주,02-330-1562~3,서울특별시 서대문구청,2025-01-01
연희동3098,서울특별시 서대문구 연희동444-90,126.9259808,37.5693738,건축물,02-330-1562~3,서울특별시 서대문구청,2025-01-01
연희동3112,서울특별시 서대문구 연희동444-93,126.9250457,37.5698518,건축물,02-330-1562~3,서울특별시 서대문구청,2025-01-01
연희동3169,서울특별시 서대문구 연희동444-96,126.9259735,37.5706712,한전주,02-330-1562~3,서울특별시 서대문구청,2025-01-01
연희동3170,서울특별시 서대문구 연희동444-99,126.9254973,37.5707209,건축물,02-330-1562~3,서울특별시 서대문구청,2025-01-01
연희동191,서울특별시 서대문구 연희동444-99,126.9254973,37.5707209,건축물,02-330-1562~3,서울특별시 서대문구청,2025-01-01
연희동2003,서울특별시 서대문구 연희동446-111,126.9192249,37.5684471,건축물,02-330-1562~3,서울특별시 서대문구청,2025-01-01
연희동2268,서울특별시 서대문구 연희동446-114,126.9197675,37.5677132,건축물,02-330-1562~3,서울특별시 서대문구청,2025-01-01
연희동2001,서울특별시 서대문구 연희동446-125,126.9191585,37.5683384,한전주,02-330-1562~3,서울특별시 서대문구청,2025-01-01
연희동2007,서울특별시 서대문구 연희동446-141,126.9192946,37.5683216,한전주,02-330-1562~3,서울특별시 서대문구청,2025-01-01
연희동2010,서울특별시 서대문구 연희동446-145,126.9205558,37.5679998,한전주,02-330-1562~3,서울특별시 서대문구청,2025-01-01
연희동7,서울특별시 서대문구 연희동446-149,126.9198894,37.5678946,건축물,02-330-1562~3,서울특별시 서대문구청,2025-01-01
연희동2550,서울특별시 서대문구 연희동446-151,126.9195483,37.5679996,건축물,02-330-1562~3,서울특별시 서대문구청,2025-01-01
연희동2369,서울특별시 서대문구 연희동446-154,126.9191644,37.567933,전용주,02-330-1562~3,서울특별시 서대문구청,2025-01-01
연희동2373,서울특별시 서대문구 연희동446-156,126.919048,37.5681572,전용주,02-330-1562~3,서울특별시 서대문구청,2025-01-01
연희동2372,서울특별시 서대문구 연희동446-156,126.919048,37.5681572,전용주,02-330-1562~3,서울특별시 서대문구청,2025-01-01
연희동2016,서울특별시 서대문구 연희동446-162,126.9214347,37.5674942,건축물,02-330-1562~3,서울특별시 서대문구청,2025-01-01
연희동2064,서울특별시 서대문구 연희동446-165,126.9206308,37.5675049,건축물,02-330-1562~3,서울특별시 서대문구청,2025-01-01
연희동2061,서울특별시 서대문구 연희동446-166,126.9208239,37.5674616,통신주,02-330-1562~3,서울특별시 서대문구청,2025-01-01
연희동2017,서울특별시 서대문구 연희동446-171,126.921772,37.5676505,한전주,02-330-1562~3,서울특별시 서대문구청,2025-01-01
연희동2018,서울특별시 서대문구 연희동446-172,126.922056,37.567581,건축물,02-330-1562~3,서울특별시 서대문구청,2025-01-01
연희동2056,서울특별시 서대문구 연희동446-175,126.9217023,37.5669921,한전주,02-330-1562~3,서울특별시 서대문구청,2025-01-01
연희동2014,서울특별시 서대문구 연희동446-162,126.9214347,37.5674942,한전주,02-330-1562~3,서울특별시 서대문구청,2025-01-01
연희동2015,서울특별시 서대문구 연희동446-182,126.9214989,37.5677471,한전주,02-330-1562~3,서울특별시 서대문구청,2025-01-01
연희동2059,서울특별시 서대문구 연희동446-183,126.9213687,37.5673585,건축물,02-330-1562~3,서울특별시 서대문구청,2025-01-01
연희동2063,서울특별시 서대문구 연희동446-119,126.9202262,37.567303,건축물,02-330-1562~3,서울특별시 서대문구청,2025-01-01
연희동2057,서울특별시 서대문구 연희동446-196,126.9215964,37.5672704,한전주,02-330-1562~3,서울특별시 서대문구청,2025-01-01
연희동2062,서울특별시 서대문구 연희동446-212,126.9207033,37.5671902,한전주,02-330-1562~3,서울특별시 서대문구청,2025-01-01
연희동2008,서울특별시 서대문구 연희동446-225,126.9198966,37.568183,한전주,02-330-1562~3,서울특별시 서대문구청,2025-01-01
연희동2054,서울특별시 서대문구 연희동446-228,126.9224024,37.5671066,건축물,02-330-1562~3,서울특별시 서대문구청,2025-01-01
연희동2066,서울특별시 서대문구 연희동446-246,126.9200103,37.5673641,한전주,02-330-1562~3,서울특별시 서대문구청,2025-01-01
연희동2067,서울특별시 서대문구 연희동446-247,126.9197372,37.5674607,한전주,02-330-1562~3,서울특별시 서대문구청,2025-01-01
연희동2070,서울특별시 서대문구 연희동446-248,126.9192711,37.5676006,한전주,02-330-1562~3,서울특별시 서대문구청,2025-01-01
연희동2055,서울특별시 서대문구 연희동446-252,126.9220393,37.5671664,건축물,02-330-1562~3,서울특별시 서대문구청,2025-01-01
연희동2011,서울특별시 서대문구 연희동446-255,126.920761,37.5678935,건축물,02-330-1562~3,서울특별시 서대문구청,2025-01-01
연희동2053,서울특별시 서대문구 연희동446-260,126.92244,37.5668546,한전주,02-330-1562~3,서울특별시 서대문구청,2025-01-01
연희동2180,서울특별시 서대문구 연희동446-268,126.9201733,37.5678341,건축물,02-330-1562~3,서울특별시 서대문구청,2025-01-01
연희동2009,서울특별시 서대문구 연희동446-268,126.9201733,37.5678341,한전주,02-330-1562~3,서울특별시 서대문구청,2025-01-01
연희동2071,서울특별시 서대문구 연희동446-274,126.9188576,37.5680113,한전주,02-330-1562~3,서울특별시 서대문구청,2025-01-01
연희동2012,서울특별시 서대문구 연희동446-279,126.9212269,37.5677716,건축물,02-330-1562~3,서울특별시 서대문구청,2025-01-01
연희동2060,서울특별시 서대문구 연희동446-282,126.9209986,37.5671208,한전주,02-330-1562~3,서울특별시 서대문구청,2025-01-01
연희동1190-1,서울특별시 서대문구 연희동446-285,126.9185884,37.5678466,건축물,02-330-1562~3,서울특별시 서대문구청,2025-01-01
연희동2266,서울특별시 서대문구 연희동446-305,126.9200742,37.567644,건축물,02-330-1562~3,서울특별시 서대문구청,2025-01-01
연희동2068,서울특별시 서대문구 연희동446-317,126.9195968,37.5677747,건축물,02-330-1562~3,서울특별시 서대문구청,2025-01-01
연희동2051,서울특별시 서대문구 연희동446-321,126.9213164,37.5670606,통신주,02-330-1562~3,서울특별시 서대문구청,2025-01-01
연희동2013,서울특별시 서대문구 연희동446-163,126.9211733,37.5675639,한전주,02-330-1562~3,서울특별시 서대문구청,2025-01-01
연희동2005,서울특별시 서대문구 연희동446-57,126.9194691,37.5687827,건축물,02-330-1562~3,서울특별시 서대문구청,2025-01-01
연희동1172,서울특별시 서대문구 연희동446-58,126.9194476,37.5687014,건축물,02-330-1562~3,서울특별시 서대문구청,2025-01-01
연희동1171,서울특별시 서대문구 연희동446-59,126.9192781,37.5686819,한전주,02-330-1562~3,서울특별시 서대문구청,2025-01-01
연희동2004,서울특별시 서대문구 연희동446-63,126.9193823,37.5685206,건축물,02-330-1562~3,서울특별시 서대문구청,2025-01-01
연희동2002,서울특별시 서대문구 연희동446-112,126.9192802,37.5685377,건축물,02-330-1562~3,서울특별시 서대문구청,2025-01-01
연희동2069,서울특별시 서대문구 연희동446-76,126.9189071,37.5677234,한전주,02-330-1562~3,서울특별시 서대문구청,2025-01-01
연희동2072,서울특별시 서대문구 연희동446-88,126.9186054,37.5682342,건축물,02-330-1562~3,서울특별시 서대문구청,2025-01-01
연희동1182,서울특별시 서대문구 연희동446-88,126.9186054,37.5682342,건축물,02-330-1562~3,서울특별시 서대문구청,2025-01-01
연희동8054,서울특별시 서대문구 연희동45-20,126.9341853,37.5671595,한전주,02-330-1562~3,서울특별시 서대문구청,2025-01-01
연희동8055,서울특별시 서대문구 연희동45-20,126.9341853,37.5671595,한전주,02-330-1562~3,서울특별시 서대문구청,2025-01-01
연희동8052,서울특별시 서대문구 연희동48-13,126.9331976,37.5673668,한전주,02-330-1562~3,서울특별시 서대문구청,2025-01-01
연희동8051,서울특별시 서대문구 연희동48-13,126.9331976,37.5673668,한전주,02-330-1562~3,서울특별시 서대문구청,2025-01-01
연희동8085-1,서울특별시 서대문구 연희동48-14,126.933115,37.5676003,한전주,02-330-1562~3,서울특별시 서대문구청,2025-01-01
연희동8091,서울특별시 서대문구 연희동48-16,126.9325819,37.5676766,한전주,02-330-1562~3,서울특별시 서대문구청,2025-01-01
연희동8050,서울특별시 서대문구 연희동48-18,126.93288,37.567409,한전주,02-330-1562~3,서울특별시 서대문구청,2025-01-01
연희동8086,서울특별시 서대문구 연희동48-57,126.9333959,37.5677471,건축물,02-330-1562~3,서울특별시 서대문구청,2025-01-01
연희동8084,서울특별시 서대문구 연희동48-62,126.9331511,37.5674475,통신주,02-330-1562~3,서울특별시 서대문구청,2025-01-01
연희동8078,서울특별시 서대문구 연희동51-103,126.9342286,37.568097,한전주,02-330-1562~3,서울특별시 서대문구청,2025-01-01
연희동8078-1,서울특별시 서대문구 연희동51-103,126.9342286,37.568097,한전주,02-330-1562~3,서울특별시 서대문구청,2025-01-01
연희동8063,서울특별시 서대문구 연희동51-116,126.9354537,37.5671169,건축물,02-330-1562~3,서울특별시 서대문구청,2025-01-01
연희동10128,서울특별시 서대문구 연희동51-116,126.9354537,37.5671169,건축물,02-330-1562~3,서울특별시 서대문구청,2025-01-01
연희동8062,서울특별시 서대문구 연희동51-122,126.9352505,37.567079,건축물,02-330-1562~3,서울특별시 서대문구청,2025-01-01
연희동8059,서울특별시 서대문구 연희동51-124,126.9352081,37.5668804,건축물,02-330-1562~3,서울특별시 서대문구청,2025-01-01
연희동8060,서울특별시 서대문구 연희동51-129,126.9350081,37.5666173,한전주,02-330-1562~3,서울특별시 서대문구청,2025-01-01
연희동8072,서울특별시 서대문구 연희동51-132,126.9350356,37.567861,한전주,02-330-1562~3,서울특별시 서대문구청,2025-01-01
연희동8106,서울특별시 서대문구 연희동51-137,126.9340042,37.5687527,전용주,02-330-1562~3,서울특별시 서대문구청,2025-01-01
연희동8119,서울특별시 서대문구 연희동51-137,126.9340042,37.5687527,건축물,02-330-1562~3,서울특별시 서대문구청,2025-01-01
연희동8079,서울특별시 서대문구 연희동51-138,126.9338494,37.56849,한전주,02-330-1562~3,서울특별시 서대문구청,2025-01-01
연희동10094,서울특별시 서대문구 연희동51-138,126.9338494,37.56849,전용주,02-330-1562~3,서울특별시 서대문구청,2025-01-01
연희동8068,서울특별시 서대문구 연희동51-14,126.9356308,37.5673978,건축물,02-330-1562~3,서울특별시 서대문구청,2025-01-01
연희동8075,서울특별시 서대문구 연희동51-150,126.9344344,37.5679547,통신주,02-330-1562~3,서울특별시 서대문구청,2025-01-01
연희동8073,서울특별시 서대문구 연희동51-151,126.9347298,37.5678762,건축물,02-330-1562~3,서울특별시 서대문구청,2025-01-01
연희동8105,서울특별시 서대문구 연희동69-44,126.9334224,37.5682699,건축물,02-330-1562~3,서울특별시 서대문구청,2025-01-01
연희동8104,서울특별시 서대문구 연희동51-159,126.9337389,37.5682998,한전주,02-330-1562~3,서울특별시 서대문구청,2025-01-01
연희동8118,서울특별시 서대문구 연희동51-162,126.9338488,37.568535,한전주,02-330-1562~3,서울특별시 서대문구청,2025-01-01
연희동8117,서울특별시 서대문구 연희동51-162,126.9338488,37.568535,한전주,02-330-1562~3,서울특별시 서대문구청,2025-01-01
연희동8061-1,서울특별시 서대문구 연희동51-168,126.9347494,37.5664978,한전주,02-330-1562~3,서울특별시 서대문구청,2025-01-01
연희동8067-1,서울특별시 서대문구 연희동51-169,126.9352823,37.5672325,건축물,02-330-1562~3,서울특별시 서대문구청,2025-01-01
연희동9667,서울특별시 서대문구 연희동51-185,126.9343453,37.5678457,건축물,02-330-1562~3,서울특별시 서대문구청,2025-01-01
연희동10131,서울특별시 서대문구 연희동51-185,126.9343453,37.5678457,한전주,02-330-1562~3,서울특별시 서대문구청,2025-01-01
연희동8066-1,서울특별시 서대문구 연희동51-26,126.9352454,37.5674394,건축물,02-330-1562~3,서울특별시 서대문구청,2025-01-01
연희동8065,서울특별시 서대문구 연희동51-26,126.9352454,37.5674394,한전주,02-330-1562~3,서울특별시 서대문구청,2025-01-01
연희동8064,서울특별시 서대문구 연희동51-28,126.934917,37.5674454,한전주,02-330-1562~3,서울특별시 서대문구청,2025-01-01
연희동8077,서울특별시 서대문구 연희동51-44,126.9342138,37.5675472,건축물,02-330-1562~3,서울특별시 서대문구청,2025-01-01
연희동3,서울특별시 서대문구 연희동51-54,126.9347113,37.5675877,한전주,02-330-1562~3,서울특별시 서대문구청,2025-01-01
연희동8057,서울특별시 서대문구 연희동51-63,126.9346179,37.5669922,건축물,02-330-1562~3,서울특별시 서대문구청,2025-01-01
연희동8056,서울특별시 서대문구 연희동51-71,126.934819,37.5671742,한전주,02-330-1562~3,서울특별시 서대문구청,2025-01-01
연희동8058,서울특별시 서대문구 연희동51-74,126.9348908,37.5669046,한전주,02-330-1562~3,서울특별시 서대문구청,2025-01-01
연희동1045,서울특별시 서대문구 연희동519-117,126.9237952,37.5725796,건축물,02-330-1562~3,서울특별시 서대문구청,2025-01-01
북아현동6009,서울특별시 서대문구 북아현동647,126.9587471,37.5591522,건축물,02-330-1562~3,서울특별시 서대문구청,2025-01-01
연희동1197,서울특별시 서대문구 연희동519-127,126.9235397,37.5722438,건축물,02-330-1562~3,서울특별시 서대문구청,2025-01-01
연희동1053,서울특별시 서대문구 연희동519-130,126.9234252,37.5723329,한전주,02-330-1562~3,서울특별시 서대문구청,2025-01-01
연희동1051,서울특별시 서대문구 연희동519-130,126.9234252,37.5723329,건축물,02-330-1562~3,서울특별시 서대문구청,2025-01-01
연희동1039,서울특별시 서대문구 연희동519-43,126.9241864,37.5729255,통신주,02-330-1562~3,서울특별시 서대문구청,2025-01-01
연희동1046,서울특별시 서대문구 연희동519-147,126.9238052,37.5726697,통신주,02-330-1562~3,서울특별시 서대문구청,2025-01-01
연희동1120,서울특별시 서대문구 연희동519-175,126.9226304,37.5717129,건축물,02-330-1562~3,서울특별시 서대문구청,2025-01-01
연희동9643,서울특별시 서대문구 연희동519-33,126.9242119,37.5727275,건축물,02-330-1562~3,서울특별시 서대문구청,2025-01-01
연희동1042,서울특별시 서대문구 연희동519-35,126.9241236,37.5725735,한전주,02-330-1562~3,서울특별시 서대문구청,2025-01-01
연희동1243,서울특별시 서대문구 연희동519-40,126.9239865,37.5726624,한전주,02-330-1562~3,서울특별시 서대문구청,2025-01-01
연희동1028,서울특별시 서대문구 연희동519-64,126.9252872,37.5735302,한전주,02-330-1562~3,서울특별시 서대문구청,2025-01-01
연희동1029,서울특별시 서대문구 연희동519-66,126.9252878,37.5734852,건축물,02-330-1562~3,서울특별시 서대문구청,2025-01-01
연희동8080,서울특별시 서대문구 연희동48-53,126.9339372,37.5678871,한전주,02-330-1562~3,서울특별시 서대문구청,2025-01-01
연희동1033,서울특별시 서대문구 연희동519-78,126.9249828,37.5734373,한전주,02-330-1562~3,서울특별시 서대문구청,2025-01-01
연희동1032,서울특별시 서대문구 연희동519-83,126.9247928,37.5732734,건축물,02-330-1562~3,서울특별시 서대문구청,2025-01-01
연희동1034,서울특별시 서대문구 연희동519-85,126.9247377,37.5731648,건축물,02-330-1562~3,서울특별시 서대문구청,2025-01-01
연희동1037,서울특별시 서대문구 연희동519-93,126.9244779,37.5731264,건축물,02-330-1562~3,서울특별시 서대문구청,2025-01-01
연희동1193,서울특별시 서대문구 연희동519-99,126.9237175,37.5724707,통신주,02-330-1562~3,서울특별시 서대문구청,2025-01-01
연희동1063,서울특별시 서대문구 연희동520-111,126.9235253,37.5708832,한전주,02-330-1562~3,서울특별시 서대문구청,2025-01-01
연희동1062,서울특별시 서대문구 연희동520-120,126.9236437,37.5713077,한전주,02-330-1562~3,서울특별시 서대문구청,2025-01-01
연희동1-15,서울특별시 서대문구 연희동520-120,126.9236437,37.5713077,전용주,02-330-1562~3,서울특별시 서대문구청,2025-01-01
연희동1056,서울특별시 서대문구 연희동520-129,126.9239329,37.5716618,건축물,02-330-1562~3,서울특별시 서대문구청,2025-01-01
연희동1041,서울특별시 서대문구 연희동520-14,126.9244075,37.5725131,건축물,02-330-1562~3,서울특별시 서대문구청,2025-01-01
연희동1050,서울특별시 서대문구 연희동520-142,126.9242156,37.5724753,건축물,02-330-1562~3,서울특별시 서대문구청,2025-01-01
연희동1054,서울특별시 서대문구 연희동520-144,126.9239389,37.5720312,건축물,02-330-1562~3,서울특별시 서대문구청,2025-01-01
연희동1127,서울특별시 서대문구 연희동520-158,126.922823,37.5709128,한전주,02-330-1562~3,서울특별시 서대문구청,2025-01-01
연희동1030,서울특별시 서대문구 연희동520-166,126.9250973,37.5733483,한전주,02-330-1562~3,서울특별시 서대문구청,2025-01-01
연희동1429,서울특별시 서대문구 연희동520-168,126.9255817,37.5735149,건축물,02-330-1562~3,서울특별시 서대문구청,2025-01-01
연희동1048,서울특별시 서대문구 연희동520-19,126.9240047,37.572185,한전주,02-330-1562~3,서울특별시 서대문구청,2025-01-01
연희동1064,서울특별시 서대문구 연희동520-248,126.9233161,37.5704758,한전주,02-330-1562~3,서울특별시 서대문구청,2025-01-01
연희동1055,서울특별시 서대문구 연희동520-29,126.923816,37.571922,건축물,02-330-1562~3,서울특별시 서대문구청,2025-01-01
연희동1049,서울특별시 서대문구 연희동520-299,126.9241728,37.5723037,한전주,02-330-1562~3,서울특별시 서대문구청,2025-01-01
연희동1058,서울특별시 서대문구 연희동520-37,126.9234664,37.5718287,건축물,02-330-1562~3,서울특별시 서대문구청,2025-01-01
연희동1052,서울특별시 서대문구 연희동520-37,126.9234664,37.5718287,한전주,02-330-1562~3,서울특별시 서대문구청,2025-01-01
연희동1137,서울특별시 서대문구 연희동520-38,126.9233893,37.5716838,건축물,02-330-1562~3,서울특별시 서대문구청,2025-01-01
연희동1059,서울특별시 서대문구 연희동520-38,126.9233893,37.5716838,건축물,02-330-1562~3,서울특별시 서대문구청,2025-01-01
연희동1128,서울특별시 서대문구 연희동520-45,126.9231742,37.570898,건축물,02-330-1562~3,서울특별시 서대문구청,2025-01-01
연희동9,서울특별시 서대문구 연희동520-45,126.9231742,37.570898,건축물,02-330-1562~3,서울특별시 서대문구청,2025-01-01
연희동1057,서울특별시 서대문구 연희동520-50,126.9237384,37.5718041,한전주,02-330-1562~3,서울특별시 서대문구청,2025-01-01
연희동10,서울특별시 서대문구 연희동520-55,126.9232444,37.5707364,건축물,02-330-1562~3,서울특별시 서대문구청,2025-01-01
연희동9642,서울특별시 서대문구 연희동520-60,126.9251229,37.5731413,건축물,02-330-1562~3,서울특별시 서대문구청,2025-01-01
연희동1560,서울특별시 서대문구 연희동520-69,126.9237658,37.57148,건축물,02-330-1562~3,서울특별시 서대문구청,2025-01-01
연희동1035,서울특별시 서대문구 연희동520-7,126.9248185,37.5730574,한전주,02-330-1562~3,서울특별시 서대문구청,2025-01-01
연희동1199-1,서울특별시 서대문구 연희동520-77,126.9233254,37.5714039,전용주,02-330-1562~3,서울특별시 서대문구청,2025-01-01
연희동1060,서울특별시 서대문구 연희동520-78,126.923393,37.5714226,한전주,02-330-1562~3,서울특별시 서대문구청,2025-01-01
연희동1463,서울특별시 서대문구 연희동520-82,126.9233438,37.5709085,전용주,02-330-1562~3,서울특별시 서대문구청,2025-01-01
연희동1148,서울특별시 서대문구 연희동520-86,126.9230089,37.5705811,한전주,02-330-1562~3,서울특별시 서대문구청,2025-01-01
연희동1160,서울특별시 서대문구 연희동537-5,126.9217571,37.5702543,한전주,02-330-1562~3,서울특별시 서대문구청,2025-01-01
연희동1040,서울특별시 서대문구 연희동520-88,126.924326,37.5726655,건축물,02-330-1562~3,서울특별시 서대문구청,2025-01-01
연희동1036,서울특별시 서대문구 연희동520-9,126.9246513,37.5728757,한전주,02-330-1562~3,서울특별시 서대문구청,2025-01-01
연희동1126,서울특별시 서대문구 연희동522-14,126.9227883,37.5709665,건축물,02-330-1562~3,서울특별시 서대문구청,2025-01-01
연희동1125,서울특별시 서대문구 연희동522-18,126.9225807,37.5712349,건축물,02-330-1562~3,서울특별시 서대문구청,2025-01-01
연희동1116,서울특별시 서대문구 연희동523-10,126.9223219,37.5711245,한전주,02-330-1562~3,서울특별시 서대문구청,2025-01-01
연희동1323,서울특별시 서대문구 연희동523-17,126.922625,37.5712984,건축물,02-330-1562~3,서울특별시 서대문구청,2025-01-01
연희동1123,서울특별시 서대문구 연희동523-19,126.9224991,37.5713964,건축물,02-330-1562~3,서울특별시 서대문구청,2025-01-01
연희동1136,서울특별시 서대문구 연희동523-24,126.923163,37.5716728,한전주,02-330-1562~3,서울특별시 서대문구청,2025-01-01
연희동1340,서울특별시 서대문구 연희동523-25,126.9230373,37.5717527,건축물,02-330-1562~3,서울특별시 서대문구청,2025-01-01
연희동1139-1,서울특별시 서대문구 연희동523-26,126.9230931,37.5718073,건축물,02-330-1562~3,서울특별시 서대문구청,2025-01-01
연희동3100-1,서울특별시 서대문구 연희동523-30,126.9230342,37.5719689,한전주,02-330-1562~3,서울특별시 서대문구청,2025-01-01
연희동1320,서울특별시 서대문구 연희동523-34,126.9227886,37.5717324,건축물,02-330-1562~3,서울특별시 서대문구청,2025-01-01
연희동1133,서울특별시 서대문구 연희동523-37,126.9226435,37.5715869,건축물,02-330-1562~3,서울특별시 서대문구청,2025-01-01
연희동1132,서울특별시 서대문구 연희동523-38,126.9225881,37.5715053,건축물,02-330-1562~3,서울특별시 서대문구청,2025-01-01
연희동1130,서울특별시 서대문구 연희동523-41,126.9229533,37.5713014,건축물,02-330-1562~3,서울특별시 서대문구청,2025-01-01
연희동1191,서울특별시 서대문구 연희동523-41,126.9229533,37.5713014,한전주,02-330-1562~3,서울특별시 서대문구청,2025-01-01
연희동1131,서울특별시 서대문구 연희동523-45,126.9230505,37.5716267,한전주,02-330-1562~3,서울특별시 서대문구청,2025-01-01
연희동1140,서울특별시 서대문구 연희동523-46,126.9229478,37.5716798,한전주,02-330-1562~3,서울특별시 서대문구청,2025-01-01
연희동1194,서울특별시 서대문구 연희동523-46,126.9229478,37.5716798,건축물,02-330-1562~3,서울특별시 서대문구청,2025-01-01
연희동1135,서울특별시 서대문구 연희동523-49,126.9231086,37.5715191,건축물,02-330-1562~3,서울특별시 서대문구청,2025-01-01
연희동1134,서울특별시 서대문구 연희동523-56,126.9230428,37.5713743,건축물,02-330-1562~3,서울특별시 서대문구청,2025-01-01
연희동1124,서울특별시 서대문구 연희동523-58,126.9225778,37.5714331,건축물,02-330-1562~3,서울특별시 서대문구청,2025-01-01
연희동1122,서울특별시 서대문구 연희동524-11,126.9223294,37.5713858,한전주,02-330-1562~3,서울특별시 서대문구청,2025-01-01
연희동1194-1,서울특별시 서대문구 연희동524-3,126.9224374,37.5717472,한전주,02-330-1562~3,서울특별시 서대문구청,2025-01-01
연희동1321,서울특별시 서대문구 연희동525-3,126.9223045,37.5715478,건축물,02-330-1562~3,서울특별시 서대문구청,2025-01-01
연희동1121,서울특별시 서대문구 연희동525-6,126.9222277,37.5713759,건축물,02-330-1562~3,서울특별시 서대문구청,2025-01-01
연희동1022,서울특별시 서대문구 연희동527-15,126.9256698,37.5736869,한전주,02-330-1562~3,서울특별시 서대문구청,2025-01-01
연희동1021,서울특별시 서대문구 연희동527-17,126.925974,37.5737888,한전주,02-330-1562~3,서울특별시 서대문구청,2025-01-01
연희동1019,서울특별시 서대문구 연희동527-17,126.925974,37.5737888,한전주,02-330-1562~3,서울특별시 서대문구청,2025-01-01
연희동1117,서울특별시 서대문구 연희동529-18,126.92208,37.5714106,한전주,02-330-1562~3,서울특별시 서대문구청,2025-01-01
연희동1111,서울특별시 서대문구 연희동533-103,126.9212406,37.5707452,한전주,02-330-1562~3,서울특별시 서대문구청,2025-01-01
연희동1108,서울특별시 서대문구 연희동533-112,126.9211416,37.570546,건축물,02-330-1562~3,서울특별시 서대문구청,2025-01-01
연희동1195,서울특별시 서대문구 연희동533-113,126.9212104,37.5704836,건축물,02-330-1562~3,서울특별시 서대문구청,2025-01-01
연희동1109,서울특별시 서대문구 연희동533-114,126.9212679,37.570421,한전주,02-330-1562~3,서울특별시 서대문구청,2025-01-01
연희동1107,서울특별시 서대문구 연희동533-120,126.9209626,37.5704002,한전주,02-330-1562~3,서울특별시 서대문구청,2025-01-01
연희동1106,서울특별시 서대문구 연희동533-120,126.9209626,37.5704002,한전주,02-330-1562~3,서울특별시 서대문구청,2025-01-01
연희동1104,서울특별시 서대문구 연희동533-124,126.9211594,37.5700957,한전주,02-330-1562~3,서울특별시 서대문구청,2025-01-01
연희동10151,서울특별시 서대문구 연희동533-129,126.9220881,37.570852,건축물,02-330-1562~3,서울특별시 서대문구청,2025-01-01
연희동1101,서울특별시 서대문구 연희동533-13,126.9208875,37.5701112,건축물,02-330-1562~3,서울특별시 서대문구청,2025-01-01
연희동1184,서울특별시 서대문구 연희동533-191,126.9212943,37.57016,한전주,02-330-1562~3,서울특별시 서대문구청,2025-01-01
연희동1093,서울특별시 서대문구 연희동533-26,126.9207862,37.5700742,건축물,02-330-1562~3,서울특별시 서대문구청,2025-01-01
연희동1094,서울특별시 서대문구 연희동533-28,126.9207086,37.5699564,한전주,02-330-1562~3,서울특별시 서대문구청,2025-01-01
연희동1092,서울특별시 서대문구 연희동533-32,126.9205118,37.570261,한전주,02-330-1562~3,서울특별시 서대문구청,2025-01-01
연희동1590,서울특별시 서대문구 연희동533-42,126.9204944,37.5699004,건축물,02-330-1562~3,서울특별시 서대문구청,2025-01-01
연희동1090,서울특별시 서대문구 연희동533-42,126.9204944,37.5699004,한전주,02-330-1562~3,서울특별시 서대문구청,2025-01-01
연희동1091,서울특별시 서대문구 연희동533-45,126.9203211,37.5701421,건축물,02-330-1562~3,서울특별시 서대문구청,2025-01-01
연희동1085,서울특별시 서대문구 연희동533-54,126.9202692,37.5698172,한전주,02-330-1562~3,서울특별시 서대문구청,2025-01-01
연희동1085공용,서울특별시 서대문구 연희동533-54,126.9202692,37.5698172,한전주,02-330-1562~3,서울특별시 서대문구청,2025-01-01
연희동1089,서울특별시 서대문구 연희동533-56,126.9201764,37.5699696,건축물,02-330-1562~3,서울특별시 서대문구청,2025-01-01
연희동1088,서울특별시 서대문구 연희동533-61,126.9200769,37.5698065,한전주,02-330-1562~3,서울특별시 서대문구청,2025-01-01
연희동1087,서울특별시 서대문구 연희동533-62,126.9201211,37.5698789,건축물,02-330-1562~3,서울특별시 서대문구청,2025-01-01
연희동9655,서울특별시 서대문구 연희동533-63,126.920179,37.5697894,건축물,02-330-1562~3,서울특별시 서대문구청,2025-01-01
연희동1102,서울특별시 서대문구 연희동533-7,126.9208497,37.5703812,한전주,02-330-1562~3,서울특별시 서대문구청,2025-01-01
연희동1115,서울특별시 서대문구 연희동533-75,126.9220055,37.5710855,건축물,02-330-1562~3,서울특별시 서대문구청,2025-01-01
연희동1113,서울특별시 서대문구 연희동533-83,126.921895,37.5708953,한전주,02-330-1562~3,서울특별시 서대문구청,2025-01-01
연희동1114,서울특별시 서대문구 연희동533-85,126.9216313,37.5711272,한전주,02-330-1562~3,서울특별시 서대문구청,2025-01-01
연희동1112,서울특별시 서대문구 연희동533-96,126.9214887,37.5708105,한전주,02-330-1562~3,서울특별시 서대문구청,2025-01-01
연희동1110,서울특별시 서대문구 연희동533-99,126.9215592,37.5706309,한전주,02-330-1562~3,서울특별시 서대문구청,2025-01-01
연희동1147,서울특별시 서대문구 연희동537-1,126.9225884,37.5706944,한전주,02-330-1562~3,서울특별시 서대문구청,2025-01-01
연희동1158,서울특별시 서대문구 연희동537-11,126.922367,37.57035,건축물,02-330-1562~3,서울특별시 서대문구청,2025-01-01
연희동1072,서울특별시 서대문구 연희동537-110,126.9222852,37.5697455,한전주,02-330-1562~3,서울특별시 서대문구청,2025-01-01
연희동1070,서울특별시 서대문구 연희동537-110,126.9222852,37.5697455,한전주,02-330-1562~3,서울특별시 서대문구청,2025-01-01
연희동1071,서울특별시 서대문구 연희동537-115,126.9227719,37.56975,한전주,02-330-1562~3,서울특별시 서대문구청,2025-01-01
연희동1159,서울특별시 서대문구 연희동537-12,126.9221085,37.5702215,한전주,02-330-1562~3,서울특별시 서대문구청,2025-01-01
연희동1073,서울특별시 서대문구 연희동537-128,126.9223221,37.5695386,한전주,02-330-1562~3,서울특별시 서대문구청,2025-01-01
북아현동6006,서울특별시 서대문구 북아현동629,126.9586517,37.5595028,건축물,02-330-1562~3,서울특별시 서대문구청,2025-01-01
연희동1103,서울특별시 서대문구 연희동537-131,126.9211171,37.5698881,건축물,02-330-1562~3,서울특별시 서대문구청,2025-01-01
연희동10129,서울특별시 서대문구 연희동537-149,126.920621,37.5697574,건축물,02-330-1562~3,서울특별시 서대문구청,2025-01-01
연희동10136,서울특별시 서대문구 연희동537-212,126.9210517,37.5697163,건축물,02-330-1562~3,서울특별시 서대문구청,2025-01-01
연희동1157,서울특별시 서대문구 연희동537-26,126.9227538,37.5702184,건축물,02-330-1562~3,서울특별시 서대문구청,2025-01-01
연희동1154,서울특별시 서대문구 연희동537-13,126.9222467,37.5700606,한전주,02-330-1562~3,서울특별시 서대문구청,2025-01-01
연희동8821,서울특별시 서대문구 연희동537-18,126.9225272,37.5702343,한전주,02-330-1562~3,서울특별시 서대문구청,2025-01-01
연희동1153,서울특별시 서대문구 연희동537-18,126.9225272,37.5702343,한전주,02-330-1562~3,서울특별시 서대문구청,2025-01-01
연희동1178,서울특별시 서대문구 연희동537-20,126.92257,37.5704059,건축물,02-330-1562~3,서울특별시 서대문구청,2025-01-01
연희동1152,서울특별시 서대문구 연희동537-21,126.9226275,37.5703434,한전주,02-330-1562~3,서울특별시 서대문구청,2025-01-01
연희동1098,서울특별시 서대문구 연희동537-212,126.9210517,37.5697163,한전주,02-330-1562~3,서울특별시 서대문구청,2025-01-01
연희동1099,서울특별시 서대문구 연희동537-214,126.9213699,37.5696291,건축물,02-330-1562~3,서울특별시 서대문구청,2025-01-01
연희동1150,서울특별시 서대문구 연희동537-24,126.922887,37.5703998,건축물,02-330-1562~3,서울특별시 서대문구청,2025-01-01
연희동1151,서울특별시 서대문구 연희동537-3,126.9222858,37.5704844,한전주,02-330-1562~3,서울특별시 서대문구청,2025-01-01
연희동1065,서울특별시 서대문구 연희동537-30,126.9231601,37.5703032,한전주,02-330-1562~3,서울특별시 서대문구청,2025-01-01
연희동1067,서울특별시 서대문구 연희동537-34,126.9230044,37.5701125,한전주,02-330-1562~3,서울특별시 서대문구청,2025-01-01
연희동1-22,서울특별시 서대문구 연희동537-35,126.9229606,37.570004,한전주,02-330-1562~3,서울특별시 서대문구청,2025-01-01
연희동1068,서울특별시 서대문구 연희동537-35,126.9229606,37.570004,한전주,02-330-1562~3,서울특별시 서대문구청,2025-01-01
연희동1069,서울특별시 서대문구 연희동537-36,126.9228043,37.5698584,한전주,02-330-1562~3,서울특별시 서대문구청,2025-01-01
연희동1155,서울특별시 서대문구 연희동537-41,126.922247,37.5700335,건축물,02-330-1562~3,서울특별시 서대문구청,2025-01-01
연희동1083,서울특별시 서대문구 연희동537-43,126.9204408,37.5696927,건축물,02-330-1562~3,서울특별시 서대문구청,2025-01-01
연희동10230,서울특별시 서대문구 연희동537-48,126.9217035,37.5700466,전용주,02-330-1562~3,서울특별시 서대문구청,2025-01-01
연희동1162,서울특별시 서대문구 연희동537-50,126.9215031,37.5698105,건축물,02-330-1562~3,서울특별시 서대문구청,2025-01-01
연희동1163,서울특별시 서대문구 연희동537-51,126.9217537,37.5697047,건축물,02-330-1562~3,서울특별시 서대문구청,2025-01-01
연희동1142,서울특별시 서대문구 연희동537-62,126.922079,37.5706988,한전주,02-330-1562~3,서울특별시 서대문구청,2025-01-01
연희동1143,서울특별시 서대문구 연희동537-64,126.9219454,37.5705444,건축물,02-330-1562~3,서울특별시 서대문구청,2025-01-01
연희동1146,서울특별시 서대문구 연희동537-73,126.9223717,37.5708096,건축물,02-330-1562~3,서울특별시 서대문구청,2025-01-01
연희동1145,서울특별시 서대문구 연희동537-77,126.922092,37.5705817,전용주,02-330-1562~3,서울특별시 서대문구청,2025-01-01
북아현동3042,서울특별시 서대문구 북아현동125-18,126.9571424,37.5581559,건축물,02-330-1562~3,서울특별시 서대문구청,2025-01-01
연희동1460,서울특별시 서대문구 연희동537-88,126.9216107,37.5701989,한전주,02-330-1562~3,서울특별시 서대문구청,2025-01-01
연희동1077,서울특별시 서대문구 연희동541-133,126.9207421,37.5692089,한전주,02-330-1562~3,서울특별시 서대문구청,2025-01-01
연희동1079,서울특별시 서대문구 연희동541-14,126.9204576,37.5693144,한전주,02-330-1562~3,서울특별시 서대문구청,2025-01-01
연희동1100,서울특별시 서대문구 연희동541-14,126.9204576,37.5693144,건축물,02-330-1562~3,서울특별시 서대문구청,2025-01-01
연희동1082,서울특별시 서대문구 연희동541-15,126.9201393,37.5694016,한전주,02-330-1562~3,서울특별시 서대문구청,2025-01-01
연희동1164,서울특별시 서대문구 연희동541-18,126.9199022,37.5693634,건축물,02-330-1562~3,서울특별시 서대문구청,2025-01-01
연희동1165,서울특별시 서대문구 연희동541-18,126.9199022,37.5693634,건축물,02-330-1562~3,서울특별시 서대문구청,2025-01-01
연희동1080,서울특별시 서대문구 연희동541-19,126.9202425,37.5693124,건축물,02-330-1562~3,서울특별시 서대문구청,2025-01-01
연희동9633,서울특별시 서대문구 연희동541-43,126.9200017,37.5695265,건축물,02-330-1562~3,서울특별시 서대문구청,2025-01-01
연희동1081,서울특별시 서대문구 연희동541-44,126.9200265,37.5693735,건축물,02-330-1562~3,서울특별시 서대문구청,2025-01-01
연희동1084,서울특별시 서대문구 연희동541-5,126.9204539,37.5695666,건축물,02-330-1562~3,서울특별시 서대문구청,2025-01-01
연희동1176,서울특별시 서대문구 연희동541-68,126.919656,37.5691629,건축물,02-330-1562~3,서울특별시 서대문구청,2025-01-01
연희동8815,서울특별시 서대문구 연희동541-7,126.9205797,37.5694777,건축물,02-330-1562~3,서울특별시 서대문구청,2025-01-01
연희동589,서울특별시 서대문구 연희동541-7,126.9205797,37.5694777,건축물,02-330-1562~3,서울특별시 서대문구청,2025-01-01
연희동1096,서울특별시 서대문구 연희동541-8,126.9207363,37.5696053,건축물,02-330-1562~3,서울특별시 서대문구청,2025-01-01
연희동1185,서울특별시 서대문구 연희동541-8,126.9207363,37.5696053,한전주,02-330-1562~3,서울특별시 서대문구청,2025-01-01
연희동1078,서울특별시 서대문구 연희동541-9,126.9206172,37.5692347,한전주,02-330-1562~3,서울특별시 서대문구청,2025-01-01
연희동1183,서울특별시 서대문구 연희동542-11,126.9194035,37.5694038,한전주,02-330-1562~3,서울특별시 서대문구청,2025-01-01
연희동1168,서울특별시 서대문구 연희동542-15,126.9190898,37.5691757,한전주,02-330-1562~3,서울특별시 서대문구청,2025-01-01
연희동1068-1,서울특별시 서대문구 연희동542-15,126.9190898,37.5691757,한전주,02-330-1562~3,서울특별시 서대문구청,2025-01-01
연희동1167,서울특별시 서대문구 연희동542-16,126.9193251,37.5693491,한전주,02-330-1562~3,서울특별시 서대문구청,2025-01-01
연희동1086,서울특별시 서대문구 연희동542-3,126.919886,37.5696966,한전주,02-330-1562~3,서울특별시 서대문구청,2025-01-01
연희동1169,서울특별시 서대문구 연희동541-41,126.9197542,37.5694161,한전주,02-330-1562~3,서울특별시 서대문구청,2025-01-01
연희동1174,서울특별시 서대문구 연희동542-50,126.9192624,37.5689881,한전주,02-330-1562~3,서울특별시 서대문구청,2025-01-01
연희동1175,서울특별시 서대문구 연희동542-52,126.9195106,37.5690444,건축물,02-330-1562~3,서울특별시 서대문구청,2025-01-01
연희동1173,서울특별시 서대문구 연희동542-53,126.9194208,37.5689895,건축물,02-330-1562~3,서울특별시 서대문구청,2025-01-01
연희동1170,서울특별시 서대문구 연희동542-57,126.9191527,37.5687438,한전주,02-330-1562~3,서울특별시 서대문구청,2025-01-01
연희동1166,서울특별시 서대문구 연희동542-7,126.9196956,37.5695597,한전주,02-330-1562~3,서울특별시 서대문구청,2025-01-01
연희동1020,서울특별시 서대문구 연희동613-2,126.9263118,37.573918,한전주,02-330-1562~3,서울특별시 서대문구청,2025-01-01
연희동10107,서울특별시 서대문구 연희동613-2,126.9263118,37.573918,건축물,02-330-1562~3,서울특별시 서대문구청,2025-01-01
연희동1210,서울특별시 서대문구 연희동613-4,126.9270421,37.574303,한전주,02-330-1562~3,서울특별시 서대문구청,2025-01-01
연희동1005,서울특별시 서대문구 연희동613-8,126.9269183,37.5742479,한전주,02-330-1562~3,서울특별시 서대문구청,2025-01-01
연희동9050,서울특별시 서대문구 연희동6-56,126.93957,37.5753894,건축물,02-330-1562~3,서울특별시 서대문구청,2025-01-01
연희동9051,서울특별시 서대문구 연희동6-56,126.93957,37.5753894,한전주,02-330-1562~3,서울특별시 서대문구청,2025-01-01
연희동9226,서울특별시 서대문구 연희동6-56,126.93957,37.5753894,건축물,02-330-1562~3,서울특별시 서대문구청,2025-01-01
연희동1027,서울특별시 서대문구 연희동676,126.9252731,37.5737193,통신주,02-330-1562~3,서울특별시 서대문구청,2025-01-01
연희동8095,서울특별시 서대문구 연희동69-16,126.9325212,37.5679644,한전주,02-330-1562~3,서울특별시 서대문구청,2025-01-01
연희동8092,서울특별시 서대문구 연희동69-20,126.9322775,37.5675928,건축물,02-330-1562~3,서울특별시 서대문구청,2025-01-01
연희동8093,서울특별시 서대문구 연희동69-21,126.9320735,37.567609,한전주,02-330-1562~3,서울특별시 서대문구청,2025-01-01
연희동10104,서울특별시 서대문구 연희동69-22,126.9318245,37.5676067,한전주,02-330-1562~3,서울특별시 서대문구청,2025-01-01
연희동8088,서울특별시 서대문구 연희동69-34,126.9330902,37.5677533,한전주,02-330-1562~3,서울특별시 서대문구청,2025-01-01
연희동8087,서울특별시 서대문구 연희동69-34,126.9330902,37.5677533,한전주,02-330-1562~3,서울특별시 서대문구청,2025-01-01
연희동8090,서울특별시 서대문구 연희동69-35,126.9328529,37.5677241,한전주,02-330-1562~3,서울특별시 서대문구청,2025-01-01
연희동8103,서울특별시 서대문구 연희동69-43,126.9335702,37.5682262,전용주,02-330-1562~3,서울특별시 서대문구청,2025-01-01
연희동8929,서울특별시 서대문구 연희동69-46,126.9381754,37.5739442,통신주,02-330-1562~3,서울특별시 서대문구청,2025-01-01
연희동10222,서울특별시 서대문구 연희동69-47,126.9382115,37.5737913,통신주,02-330-1562~3,서울특별시 서대문구청,2025-01-01
연희동9227,서울특별시 서대문구 연희동69-51,126.9380596,37.5733304,통신주,02-330-1562~3,서울특별시 서대문구청,2025-01-01
연희동9020,서울특별시 서대문구 연희동69-52,126.938035,37.5734654,한전주,02-330-1562~3,서울특별시 서대문구청,2025-01-01
연희동9019,서울특별시 서대문구 연희동69-54,126.9379518,37.573744,한전주,02-330-1562~3,서울특별시 서대문구청,2025-01-01
연희동9037,서울특별시 서대문구 연희동69-54,126.9379518,37.573744,건축물,02-330-1562~3,서울특별시 서대문구청,2025-01-01
연희동9013,서울특별시 서대문구 연희동69-59,126.9377718,37.5744632,한전주,02-330-1562~3,서울특별시 서대문구청,2025-01-01
연희동9014,서울특별시 서대문구 연희동69-61,126.9378322,37.5741934,한전주,02-330-1562~3,서울특별시 서대문구청,2025-01-01
연희동9038,서울특별시 서대문구 연희동69-62,126.9381144,37.57425,한전주,02-330-1562~3,서울특별시 서대문구청,2025-01-01
연희동9438,서울특별시 서대문구 연희동69-62,126.9381144,37.57425,한전주,02-330-1562~3,서울특별시 서대문구청,2025-01-01
연희동9039,서울특별시 서대문구 연희동69-64,126.9380874,37.5745561,한전주,02-330-1562~3,서울특별시 서대문구청,2025-01-01
연희동9040,서울특별시 서대문구 연희동69-65,126.9380396,37.5747359,한전주,02-330-1562~3,서울특별시 서대문구청,2025-01-01
연희동9041,서울특별시 서대문구 연희동69-65,126.9380396,37.5747359,한전주,02-330-1562~3,서울특별시 서대문구청,2025-01-01
연희동9042,서울특별시 서대문구 연희동69-65,126.9380396,37.5747359,통신주,02-330-1562~3,서울특별시 서대문구청,2025-01-01
연희동9036,서울특별시 서대문구 연희동69-71,126.9382845,37.5734316,통신주,02-330-1562~3,서울특별시 서대문구청,2025-01-01
연희동4118,서울특별시 서대문구 연희동702-13,126.9270891,37.5749702,건축물,02-330-1562~3,서울특별시 서대문구청,2025-01-01
연희동4122,서울특별시 서대문구 연희동702-2,126.9273553,37.5753511,한전주,02-330-1562~3,서울특별시 서대문구청,2025-01-01
연희동4123,서울특별시 서대문구 연희동702-3,126.9273573,37.575216,한전주,02-330-1562~3,서울특별시 서대문구청,2025-01-01
연희동4115,서울특별시 서대문구 연희동702-7,126.9278431,37.5752834,한전주,02-330-1562~3,서울특별시 서대문구청,2025-01-01
연희동4124,서울특별시 서대문구 연희동702-7,126.9278431,37.5752834,한전주,02-330-1562~3,서울특별시 서대문구청,2025-01-01
연희동4128,서울특별시 서대문구 연희동702-7,126.9278431,37.5752834,씨피주,02-330-1562~3,서울특별시 서대문구청,2025-01-01
연희동4129,서울특별시 서대문구 연희동702-7,126.9278431,37.5752834,씨피주,02-330-1562~3,서울특별시 서대문구청,2025-01-01
연희동9633-1,서울특별시 서대문구 연희동702-8,126.9281599,37.5752953,전용주,02-330-1562~3,서울특별시 서대문구청,2025-01-01
연희동4107,서울특별시 서대문구 연희동703-10,126.927683,37.5746062,한전주,02-330-1562~3,서울특별시 서대문구청,2025-01-01
연희동4106,서울특별시 서대문구 연희동703-14,126.9279259,37.574248,건축물,02-330-1562~3,서울특별시 서대문구청,2025-01-01
연희동4105,서울특별시 서대문구 연희동703-19,126.9280526,37.574096,건축물,02-330-1562~3,서울특별시 서대문구청,2025-01-01
연희동4110,서울특별시 서대문구 연희동703-20,126.928165,37.5741511,건축물,02-330-1562~3,서울특별시 서대문구청,2025-01-01
연희동4103,서울특별시 서대문구 연희동703-22,126.9282567,37.5740708,한전주,02-330-1562~3,서울특별시 서대문구청,2025-01-01
연희동4104,서울특별시 서대문구 연희동703-23,126.9281444,37.5740067,한전주,02-330-1562~3,서울특별시 서대문구청,2025-01-01
연희동8847,서울특별시 서대문구 연희동703-26,126.9275378,37.5744697,건축물,02-330-1562~3,서울특별시 서대문구청,2025-01-01
연희동4112,서울특별시 서대문구 연희동703-6,126.9278766,37.5745269,한전주,02-330-1562~3,서울특별시 서대문구청,2025-01-01
연희동4108,서울특별시 서대문구 연희동703-8,126.9278896,37.5744099,한전주,02-330-1562~3,서울특별시 서대문구청,2025-01-01
연희동21,서울특별시 서대문구 연희동703-8,126.9278896,37.5744099,한전주,02-330-1562~3,서울특별시 서대문구청,2025-01-01
연희동4100,서울특별시 서대문구 연희동705-13,126.9283191,37.5736659,건축물,02-330-1562~3,서울특별시 서대문구청,2025-01-01
연희동4099,서울특별시 서대문구 연희동705-13,126.9283191,37.5736659,한전주,02-330-1562~3,서울특별시 서대문구청,2025-01-01
연희동4135,서울특별시 서대문구 연희동706-1,126.9281369,37.5745292,건축물,02-330-1562~3,서울특별시 서대문구청,2025-01-01
연희동4137,서울특별시 서대문구 연희동706-15,126.9286107,37.5746507,건축물,02-330-1562~3,서울특별시 서대문구청,2025-01-01
연희동4138,서울특별시 서대문구 연희동706-15,126.9286107,37.5746507,한전주,02-330-1562~3,서울특별시 서대문구청,2025-01-01
연희동4139,서울특별시 서대문구 연희동706-17,126.9287799,37.5746883,건축물,02-330-1562~3,서울특별시 서대문구청,2025-01-01
연희동4140,서울특별시 서대문구 연희동706-21,126.9290275,37.5747896,한전주,02-330-1562~3,서울특별시 서대문구청,2025-01-01
연희동4142,서울특별시 서대문구 연희동706-24,126.9292852,37.5749812,건축물,02-330-1562~3,서울특별시 서대문구청,2025-01-01
연희동4136,서울특별시 서대문구 연희동708-13,126.9285708,37.5750648,한전주,02-330-1562~3,서울특별시 서대문구청,2025-01-01
연희동4143,서울특별시 서대문구 연희동708-15,126.9289783,37.5750685,한전주,02-330-1562~3,서울특별시 서대문구청,2025-01-01
연희동8839,서울특별시 서대문구 연희동711-30,126.9292836,37.5758822,한전주,02-330-1562~3,서울특별시 서대문구청,2025-01-01
연희동4144,서울특별시 서대문구 연희동711-32,126.9285747,37.5755784,한전주,02-330-1562~3,서울특별시 서대문구청,2025-01-01
연희동4463,서울특별시 서대문구 연희동711-8,126.9292707,37.5759902,건축물,02-330-1562~3,서울특별시 서대문구청,2025-01-01
연희동4451,서울특별시 서대문구 연희동712-16,126.9295809,37.5756776,건축물,02-330-1562~3,서울특별시 서대문구청,2025-01-01
연희동4151,서울특별시 서대문구 연희동712-17,126.9295231,37.5757582,한전주,02-330-1562~3,서울특별시 서대문구청,2025-01-01
연희동8814,서울특별시 서대문구 연희동712-19,126.9297045,37.5757418,건축물,02-330-1562~3,서울특별시 서대문구청,2025-01-01
연희동4152,서울특별시 서대문구 연희동712-20,126.9297594,37.5758595,한전주,02-330-1562~3,서울특별시 서대문구청,2025-01-01
연희동4153,서울특별시 서대문구 연희동712-25,126.9300529,37.5759162,한전주,02-330-1562~3,서울특별시 서대문구청,2025-01-01
연희동4154,서울특별시 서대문구 연희동712-28,126.9302674,37.5759632,건축물,02-330-1562~3,서울특별시 서대문구청,2025-01-01
연희동9939,서울특별시 서대문구 연희동712-30,126.9302538,37.5761162,건축물,02-330-1562~3,서울특별시 서대문구청,2025-01-01
연희동4179,서울특별시 서대문구 연희동712-30,126.9302538,37.5761162,건축물,02-330-1562~3,서울특별시 서대문구청,2025-01-01
연희동5001,서울특별시 서대문구 연희동712-32,126.930413,37.5760726,한전주,02-330-1562~3,서울특별시 서대문구청,2025-01-01
연희동5401,서울특별시 서대문구 연희동712-33,126.9304708,37.5759831,건축물,02-330-1562~3,서울특별시 서대문구청,2025-01-01
연희동4148,서울특별시 서대문구 연희동712-4,126.9294164,37.5753067,건축물,02-330-1562~3,서울특별시 서대문구청,2025-01-01
연희동4149,서울특별시 서대문구 연희동712-7,126.9291866,37.5755389,한전주,02-330-1562~3,서울특별시 서대문구청,2025-01-01
연희동5049,서울특별시 서대문구 연희동713-1,126.9314419,37.576163,한전주,02-330-1562~3,서울특별시 서대문구청,2025-01-01
연희동4177,서울특별시 서대문구 연희동715-1,126.930704,37.5763005,한전주,02-330-1562~3,서울특별시 서대문구청,2025-01-01
연희동5058,서울특별시 서대문구 연희동715-4,126.9311311,37.5765206,한전주,02-330-1562~3,서울특별시 서대문구청,2025-01-01
연희동5004,서울특별시 서대문구 연희동715-5,126.9313144,37.5763691,한전주,02-330-1562~3,서울특별시 서대문구청,2025-01-01
연희동5003,서울특별시 서대문구 연희동715-7,126.9308309,37.5761395,한전주,02-330-1562~3,서울특별시 서대문구청,2025-01-01
연희동5006,서울특별시 서대문구 연희동715-8,126.9306512,37.5760387,건축물,02-330-1562~3,서울특별시 서대문구청,2025-01-01
연희동5002,서울특별시 서대문구 연희동715-8,126.9306512,37.5760387,한전주,02-330-1562~3,서울특별시 서대문구청,2025-01-01
연희동4468-1,서울특별시 서대문구 연희동717-24,126.930588,37.5764977,건축물,02-330-1562~3,서울특별시 서대문구청,2025-01-01
연희동4176,서울특별시 서대문구 연희동717-31,126.9309113,37.576852,한전주,02-330-1562~3,서울특별시 서대문구청,2025-01-01
연희동4467,서울특별시 서대문구 연희동717-14,126.9301583,37.5764668,통신주,02-330-1562~3,서울특별시 서대문구청,2025-01-01
연희동5062,서울특별시 서대문구 연희동719-11,126.9316987,37.5772016,건축물,02-330-1562~3,서울특별시 서대문구청,2025-01-01
연희동5065,서울특별시 서대문구 연희동719-4,126.9311088,37.5772863,한전주,02-330-1562~3,서울특별시 서대문구청,2025-01-01
연희동5066,서울특별시 서대문구 연희동719-5,126.9313805,37.5772888,한전주,02-330-1562~3,서울특별시 서대문구청,2025-01-01
연희동5064,서울특별시 서대문구 연희동719-8,126.9318564,37.577257,한전주,02-330-1562~3,서울특별시 서대문구청,2025-01-01
연희동5053,서울특별시 서대문구 연희동721-1,126.9317752,37.5766076,한전주,02-330-1562~3,서울특별시 서대문구청,2025-01-01
연희동5052,서울특별시 서대문구 연희동721-1,126.9317752,37.5766076,건축물,02-330-1562~3,서울특별시 서대문구청,2025-01-01
연희동5054,서울특별시 서대문구 연희동721-1,126.9317752,37.5766076,한전주,02-330-1562~3,서울특별시 서대문구청,2025-01-01
연희동5055,서울특별시 서대문구 연희동721-1,126.9317752,37.5766076,건축물,02-330-1562~3,서울특별시 서대문구청,2025-01-01
연희동5056,서울특별시 서대문구 연희동721-1,126.9317752,37.5766076,건축물,02-330-1562~3,서울특별시 서대문구청,2025-01-01
연희동5173,서울특별시 서대문구 연희동721-1,126.9317752,37.5766076,한전주,02-330-1562~3,서울특별시 서대문구청,2025-01-01
연희동5060,서울특별시 서대문구 연희동721-2,126.9314901,37.5767491,한전주,02-330-1562~3,서울특별시 서대문구청,2025-01-01
연희동5061,서울특별시 서대문구 연희동721-5,126.9317935,37.5769051,한전주,02-330-1562~3,서울특별시 서대문구청,2025-01-01
연희동5061-1,서울특별시 서대문구 연희동721-5,126.9317935,37.5769051,한전주,02-330-1562~3,서울특별시 서대문구청,2025-01-01
연희동5176,서울특별시 서대문구 연희동723-1,126.9317683,37.5762921,한전주,02-330-1562~3,서울특별시 서대문구청,2025-01-01
연희동5172,서울특별시 서대문구 연희동723-10,126.9325219,37.5766414,한전주,02-330-1562~3,서울특별시 서대문구청,2025-01-01
연희동5169,서울특별시 서대문구 연희동723-11,126.9325696,37.5764706,씨피주,02-330-1562~3,서울특별시 서대문구청,2025-01-01
연희동5168,서울특별시 서대문구 연희동723-12,126.9327269,37.5765531,한전주,02-330-1562~3,서울특별시 서대문구청,2025-01-01
연희동5167,서울특별시 서대문구 연희동723-13,126.9328191,37.5764368,한전주,02-330-1562~3,서울특별시 서대문구청,2025-01-01
연희동5165,서울특별시 서대문구 연희동723-16,126.9327773,37.5761931,한전주,02-330-1562~3,서울특별시 서대문구청,2025-01-01
연희동5166,서울특별시 서대문구 연희동723-23,126.9330253,37.5762675,건축물,02-330-1562~3,서울특별시 서대문구청,2025-01-01
연희동5048,서울특별시 서대문구 연희동723-27,126.9317474,37.5761748,통신주,02-330-1562~3,서울특별시 서대문구청,2025-01-01
연희동5162,서울특별시 서대문구 연희동723-27,126.9317474,37.5761748,건축물,02-330-1562~3,서울특별시 서대문구청,2025-01-01
연희동5175,서울특별시 서대문구 연희동723-8,126.9320951,37.5764032,한전주,02-330-1562~3,서울특별시 서대문구청,2025-01-01
연희동5174,서울특별시 서대문구 연희동723-9,126.9322641,37.5764588,건축물,02-330-1562~3,서울특별시 서대문구청,2025-01-01
연희동5170,서울특별시 서대문구 연희동724-16,126.9330871,37.5767005,건축물,02-330-1562~3,서울특별시 서대문구청,2025-01-01
연희동5151,서울특별시 서대문구 연희동151-101,126.9329865,37.5758166,건축물,02-330-1562~3,서울특별시 서대문구청,2025-01-01
연희동5148,서울특별시 서대문구 연희동724-27,126.9333147,37.5758196,한전주,02-330-1562~3,서울특별시 서대문구청,2025-01-01
연희동5171,서울특별시 서대문구 연희동724-3,126.9331522,37.5768993,한전주,02-330-1562~3,서울특별시 서대문구청,2025-01-01
연희동10236,서울특별시 서대문구 연희동724-34,126.9336663,37.5757777,건축물,02-330-1562~3,서울특별시 서대문구청,2025-01-01
연희동5147,서울특별시 서대문구 연희동723-9,126.9322641,37.5764588,전용주,02-330-1562~3,서울특별시 서대문구청,2025-01-01
연희동5149,서울특별시 서대문구 연희동724-39,126.933227,37.5756205,한전주,02-330-1562~3,서울특별시 서대문구청,2025-01-01
연희동5153,서울특별시 서대문구 연희동724-9,126.9334543,37.5763524,통신주,02-330-1562~3,서울특별시 서대문구청,2025-01-01
연희동5155,서울특별시 서대문구 연희동724-9,126.9334543,37.5763524,한전주,02-330-1562~3,서울특별시 서대문구청,2025-01-01
연희동5154,서울특별시 서대문구 연희동724-9,126.9334543,37.5763524,한전주,02-330-1562~3,서울특별시 서대문구청,2025-01-01
연희동1-14,서울특별시 서대문구 연희동73-15,126.9377169,37.5735436,통신주,02-330-1562~3,서울특별시 서대문구청,2025-01-01
연희동9018,서울특별시 서대문구 연희동73-22,126.9372961,37.573684,한전주,02-330-1562~3,서울특별시 서대문구청,2025-01-01
연희동9011,서울특별시 서대문구 연희동73-32,126.9373427,37.5743872,한전주,02-330-1562~3,서울특별시 서대문구청,2025-01-01
연희동9062,서울특별시 서대문구 연희동74-14,126.9368104,37.5744004,한전주,02-330-1562~3,서울특별시 서대문구청,2025-01-01
연희동9010,서울특별시 서대문구 연희동74-14,126.9368104,37.5744004,한전주,02-330-1562~3,서울특별시 서대문구청,2025-01-01
연희동9055,서울특별시 서대문구 연희동742-1,126.9387506,37.5756884,한전주,02-330-1562~3,서울특별시 서대문구청,2025-01-01
연희동9004,서울특별시 서대문구 연희동75-17,126.9366941,37.5730298,한전주,02-330-1562~3,서울특별시 서대문구청,2025-01-01
연희동9366,서울특별시 서대문구 연희동76-15,126.93578,37.5744182,한전주,02-330-1562~3,서울특별시 서대문구청,2025-01-01
연희동9066,서울특별시 서대문구 연희동76-15,126.93578,37.5744182,한전주,02-330-1562~3,서울특별시 서대문구청,2025-01-01
연희동19001,서울특별시 서대문구 연희동76-17,126.9361154,37.5739166,전용주,02-330-1562~3,서울특별시 서대문구청,2025-01-01
연희동9006,서울특별시 서대문구 연희동76-19,126.936164,37.5736828,한전주,02-330-1562~3,서울특별시 서대문구청,2025-01-01
연희동6106,서울특별시 서대문구 연희동77-14,126.9345036,37.5734246,한전주,02-330-1562~3,서울특별시 서대문구청,2025-01-01
연희동6107,서울특별시 서대문구 연희동77-17,126.9341559,37.5731962,한전주,02-330-1562~3,서울특별시 서대문구청,2025-01-01
연희동6109,서울특별시 서대문구 연희동77-19,126.933844,37.5728419,한전주,02-330-1562~3,서울특별시 서대문구청,2025-01-01
연희동6093,서울특별시 서대문구 연희동77-25,126.9349607,37.5739152,한전주,02-330-1562~3,서울특별시 서대문구청,2025-01-01
연희동6108,서울특별시 서대문구 연희동78-16,126.9340943,37.5727541,통신주,02-330-1562~3,서울특별시 서대문구청,2025-01-01
북아현동3023,서울특별시 서대문구 북아현동85-2,126.9582824,37.5583823,건축물,02-330-1562~3,서울특별시 서대문구청,2025-01-01
연희동6104,서울특별시 서대문구 연희동78-24,126.9343888,37.5727387,건축물,02-330-1562~3,서울특별시 서대문구청,2025-01-01
연희동6105,서울특별시 서대문구 연희동78-27,126.9342774,37.5726116,한전주,02-330-1562~3,서울특별시 서대문구청,2025-01-01
연희동6102,서울특별시 서대문구 연희동78-32,126.9350523,37.5730511,한전주,02-330-1562~3,서울특별시 서대문구청,2025-01-01
연희동6103,서울특별시 서대문구 연희동78-33,126.9344987,37.572974,한전주,02-330-1562~3,서울특별시 서대문구청,2025-01-01
연희동8154,서울특별시 서대문구 연희동79-16,126.9357565,37.5720933,한전주,02-330-1562~3,서울특별시 서대문구청,2025-01-01
연희동8155,서울특별시 서대문구 연희동79-24,126.9355827,37.5723711,한전주,02-330-1562~3,서울특별시 서대문구청,2025-01-01
연희동8151,서울특별시 서대문구 연희동79-22,126.9355838,37.5714971,한전주,02-330-1562~3,서울특별시 서대문구청,2025-01-01
연희동6131,서울특별시 서대문구 연희동81-28,126.9341,37.5715558,건축물,02-330-1562~3,서울특별시 서대문구청,2025-01-01
연희동9985,서울특별시 서대문구 연희동82-17,126.9332958,37.5715936,전용주,02-330-1562~3,서울특별시 서대문구청,2025-01-01
연희동6156,서울특별시 서대문구 연희동84-13,126.9322805,37.5713411,건축물,02-330-1562~3,서울특별시 서대문구청,2025-01-01
연희동6154,서울특별시 서대문구 연희동84-15,126.932203,37.5712233,건축물,02-330-1562~3,서울특별시 서대문구청,2025-01-01
연희동6155,서울특별시 서대문구 연희동84-16,126.9321248,37.5711505,건축물,02-330-1562~3,서울특별시 서대문구청,2025-01-01
연희동6158,서울특별시 서대문구 연희동84-20,126.9325973,37.571353,한전주,02-330-1562~3,서울특별시 서대문구청,2025-01-01
연희동6153,서울특별시 서대문구 연희동84-21,126.9323211,37.5708819,전용주,02-330-1562~3,서울특별시 서대문구청,2025-01-01
연희동8128,서울특별시 서대문구 연희동87-13,126.9347156,37.5696692,한전주,02-330-1562~3,서울특별시 서대문구청,2025-01-01
연희동8127,서울특별시 서대문구 연희동87-14,126.9344672,37.5696219,한전주,02-330-1562~3,서울특별시 서대문구청,2025-01-01
연희동8109,서울특별시 서대문구 연희동87-14,126.9344672,37.5696219,전용주,02-330-1562~3,서울특별시 서대문구청,2025-01-01
연희동8125,서울특별시 서대문구 연희동87-19,126.934696,37.5694527,한전주,02-330-1562~3,서울특별시 서대문구청,2025-01-01
연희동8130,서울특별시 서대문구 연희동87-29,126.9347931,37.569787,건축물,02-330-1562~3,서울특별시 서대문구청,2025-01-01
연희동8132,서울특별시 서대문구 연희동87-32,126.9348111,37.5701115,한전주,02-330-1562~3,서울특별시 서대문구청,2025-01-01
연희동8134,서울특별시 서대문구 연희동87-33,126.9341812,37.5698355,한전주,02-330-1562~3,서울특별시 서대문구청,2025-01-01
연희동8133,서울특별시 서대문구 연희동87-33,126.9341812,37.5698355,한전주,02-330-1562~3,서울특별시 서대문구청,2025-01-01
연희동8114,서울특별시 서대문구 연희동88-23,126.9330498,37.5689964,한전주,02-330-1562~3,서울특별시 서대문구청,2025-01-01
연희동8116,서울특별시 서대문구 연희동88-24,126.933304,37.5686382,한전주,02-330-1562~3,서울특별시 서대문구청,2025-01-01
연희동8099,서울특별시 서대문구 연희동88-25,126.9332039,37.5685112,전용주,02-330-1562~3,서울특별시 서대문구청,2025-01-01
연희동8107,서울특별시 서대문구 연희동88-26,126.9334866,37.5685318,전용주,02-330-1562~3,서울특별시 서대문구청,2025-01-01
연희동8098,서울특별시 서대문구 연희동88-28,126.9332524,37.5682864,한전주,02-330-1562~3,서울특별시 서대문구청,2025-01-01
연희동8097,서울특별시 서대문구 연희동88-31,126.932842,37.5684899,한전주,02-330-1562~3,서울특별시 서대문구청,2025-01-01
연희동6162,서울특별시 서대문구 연희동89-24,126.9327321,37.5698405,전용주,02-330-1562~3,서울특별시 서대문구청,2025-01-01
연희동8146,서울특별시 서대문구 연희동89-36,126.9367306,37.5712551,한전주,02-330-1562~3,서울특별시 서대문구청,2025-01-01
연희동8925,서울특별시 서대문구 연희동89-36,126.9367306,37.5712551,한전주,02-330-1562~3,서울특별시 서대문구청,2025-01-01
연희동8149,서울특별시 서대문구 연희동89-37,126.9365109,37.5715775,한전주,02-330-1562~3,서울특별시 서대문구청,2025-01-01
연희동8926,서울특별시 서대문구 연희동89-45,126.9366823,37.5714709,한전주,02-330-1562~3,서울특별시 서대문구청,2025-01-01
연희동8152,서울특별시 서대문구 연희동91-17,126.9359684,37.5715186,한전주,02-330-1562~3,서울특별시 서대문구청,2025-01-01
연희동10165,서울특별시 서대문구 연희동92-21,126.9314434,37.5697207,건축물,02-330-1562~3,서울특별시 서대문구청,2025-01-01
연희동9608,서울특별시 서대문구 연희동93-18,126.9352336,37.570656,전용주,02-330-1562~3,서울특별시 서대문구청,2025-01-01
연희동8137,서울특별시 서대문구 연희동93-19,126.9351456,37.570475,한전주,02-330-1562~3,서울특별시 서대문구청,2025-01-01
연희동6142,서울특별시 서대문구 연희동95-13,126.9316383,37.5711281,전용주,02-330-1562~3,서울특별시 서대문구청,2025-01-01
연희동8803,서울특별시 서대문구 연희동95-15,126.93163,37.5709207,전용주,02-330-1562~3,서울특별시 서대문구청,2025-01-01
연희동6145,서울특별시 서대문구 연희동95-15,126.93163,37.5709207,전용주,02-330-1562~3,서울특별시 서대문구청,2025-01-01
연희동6147,서울특별시 서대문구 연희동95-18,126.9312931,37.5707285,한전주,02-330-1562~3,서울특별시 서대문구청,2025-01-01
연희동6001,서울특별시 서대문구 연희동95-21,126.9309397,37.5709055,한전주,02-330-1562~3,서울특별시 서대문구청,2025-01-01
연희동6004,서울특별시 서대문구 연희동95-31,126.9304501,37.5710993,건축물,02-330-1562~3,서울특별시 서대문구청,2025-01-01
연희동6003,서울특별시 서대문구 연희동95-31,126.9304501,37.5710993,건축물,02-330-1562~3,서울특별시 서대문구청,2025-01-01
연희동6002,서울특별시 서대문구 연희동95-34,126.9307251,37.5708675,한전주,02-330-1562~3,서울특별시 서대문구청,2025-01-01
연희동6148,서울특별시 서대문구 연희동95-38,126.9308678,37.5703912,건축물,02-330-1562~3,서울특별시 서대문구청,2025-01-01
연희동614,서울특별시 서대문구 연희동95-48,126.9310797,37.5706094,전용주,02-330-1562~3,서울특별시 서대문구청,2025-01-01
연희동6143,서울특별시 서대문구 연희동95-54,126.9311404,37.5711145,전용주,02-330-1562~3,서울특별시 서대문구청,2025-01-01
연희동2083,서울특별시 서대문구 연희동산100-1,126.9262063,37.5678621,전용주,02-330-1562~3,서울특별시 서대문구청,2025-01-01
연희동10125,서울특별시 서대문구 연희동산100-1,126.9262063,37.5678621,전용주,02-330-1562~3,서울특별시 서대문구청,2025-01-01
연희동9115,서울특별시 서대문구 연희동산10-10,126.940105,37.5751779,한전주,02-330-1562~3,서울특별시 서대문구청,2025-01-01
연희동2329,서울특별시 서대문구 연희동산115-4,126.9217993,37.5681102,한전주,02-330-1562~3,서울특별시 서대문구청,2025-01-01
연희동2328,서울특별시 서대문구 연희동산115-4,126.9217993,37.5681102,한전주,02-330-1562~3,서울특별시 서대문구청,2025-01-01
연희동2330,서울특별시 서대문구 연희동산115-4,126.9217993,37.5681102,한전주,02-330-1562~3,서울특별시 서대문구청,2025-01-01
연희동2327,서울특별시 서대문구 연희동산115-4,126.9217993,37.5681102,한전주,02-330-1562~3,서울특별시 서대문구청,2025-01-01
연희동1075,서울특별시 서대문구 연희동산118-51,126.9213967,37.569341,한전주,02-330-1562~3,서울특별시 서대문구청,2025-01-01
연희동1074,서울특별시 서대문구 연희동산118-51(537-158),126.9213967,37.569341,한전주,02-330-1562~3,서울특별시 서대문구청,2025-01-01
연희동1076,서울특별시 서대문구 연희동산118-57,126.9209867,37.5695174,한전주,02-330-1562~3,서울특별시 서대문구청,2025-01-01
연희동9532-1,서울특별시 서대문구 연희동산2-13,126.9406251,37.5776244,한전주,02-330-1562~3,서울특별시 서대문구청,2025-01-01
연희동9533,서울특별시 서대문구 연희동산2-13,126.9406251,37.5776244,한전주,02-330-1562~3,서울특별시 서대문구청,2025-01-01
연희동9534,서울특별시 서대문구 연희동산2-13,126.9406251,37.5776244,한전주,02-330-1562~3,서울특별시 서대문구청,2025-01-01
연희동9224,서울특별시 서대문구 연희동산2-13,126.9406251,37.5776244,한전주,02-330-1562~3,서울특별시 서대문구청,2025-01-01
연희동9125,서울특별시 서대문구 연희동산2-13,126.9406251,37.5776244,전용주,02-330-1562~3,서울특별시 서대문구청,2025-01-01
연희동9124,서울특별시 서대문구 연희동산2-13,126.9406251,37.5776244,씨피주,02-330-1562~3,서울특별시 서대문구청,2025-01-01
연희동9123,서울특별시 서대문구 연희동산2-13,126.9406251,37.5776244,한전주,02-330-1562~3,서울특별시 서대문구청,2025-01-01
연희동9122,서울특별시 서대문구 연희동산2-13,126.9406251,37.5776244,한전주,02-330-1562~3,서울특별시 서대문구청,2025-01-01
연희동9119,서울특별시 서대문구 연희동산2-16,126.942183,37.5731332,한전주,02-330-1562~3,서울특별시 서대문구청,2025-01-01
연희동9118,서울특별시 서대문구 연희동산2-16,126.942183,37.5731332,한전주,02-330-1562~3,서울특별시 서대문구청,2025-01-01
연희동9128,서울특별시 서대문구 연희동산2-13,126.9406251,37.5776244,전용주,02-330-1562~3,서울특별시 서대문구청,2025-01-01
연희동9131,서울특별시 서대문구 연희동산2-13,126.9406251,37.5776244,건축물,02-330-1562~3,서울특별시 서대문구청,2025-01-01
연희동9129,서울특별시 서대문구 연희동산2-13,126.9406251,37.5776244,건축물,02-330-1562~3,서울특별시 서대문구청,2025-01-01
연희동9121,서울특별시 서대문구 연희동산2-14,126.9422876,37.5761436,한전주,02-330-1562~3,서울특별시 서대문구청,2025-01-01
연희동9120,서울특별시 서대문구 연희동산2-14,126.9422876,37.5761436,한전주,02-330-1562~3,서울특별시 서대문구청,2025-01-01
연희동9116,서울특별시 서대문구 연희동산2-14,126.9422876,37.5761436,한전주,02-330-1562~3,서울특별시 서대문구청,2025-01-01
연희동9114,서울특별시 서대문구 연희동산2-14,126.9422876,37.5761436,한전주,02-330-1562~3,서울특별시 서대문구청,2025-01-01
연희동9113,서울특별시 서대문구 연희동산2-14,126.9422876,37.5761436,한전주,02-330-1562~3,서울특별시 서대문구청,2025-01-01
연희동9117,서울특별시 서대문구 연희동산2-15,126.9419018,37.5746084,한전주,02-330-1562~3,서울특별시 서대문구청,2025-01-01
연희동9112,서울특별시 서대문구 연희동산2-15,126.9419018,37.5746084,한전주,02-330-1562~3,서울특별시 서대문구청,2025-01-01
연희동9111,서울특별시 서대문구 연희동산2-16,126.942183,37.5731332,한전주,02-330-1562~3,서울특별시 서대문구청,2025-01-01
연희동9126,서울특별시 서대문구 연희동산2-17,126.9422731,37.5715662,한전주,02-330-1562~3,서울특별시 서대문구청,2025-01-01
연희동9130,서울특별시 서대문구 연희동산2-17,126.9422731,37.5715662,한전주,02-330-1562~3,서울특별시 서대문구청,2025-01-01
연희동8940,서울특별시 서대문구 연희동산2-17,126.9422731,37.5715662,한전주,02-330-1562~3,서울특별시 서대문구청,2025-01-01
연희동8941,서울특별시 서대문구 연희동산2-17,126.9422731,37.5715662,한전주,02-330-1562~3,서울특별시 서대문구청,2025-01-01
연희동9131-1,서울특별시 서대문구 연희동산2-17,126.9422731,37.5715662,전용주,02-330-1562~3,서울특별시 서대문구청,2025-01-01
연희동8145,서울특별시 서대문구 연희동산22-10,126.9364566,37.5706219,한전주,02-330-1562~3,서울특별시 서대문구청,2025-01-01
연희동9127,서울특별시 서대문구 연희동산2-64,126.9391039,37.5795119,한전주,02-330-1562~3,서울특별시 서대문구청,2025-01-01
연희동9097,서울특별시 서대문구 연희동1-60,126.9390276,37.5832956,건축물,02-330-1562~3,서울특별시 서대문구청,2025-01-01
연희동5018,서울특별시 서대문구 연희동산66-15,126.9317572,37.5746972,건축물,02-330-1562~3,서울특별시 서대문구청,2025-01-01
연희동5026,서울특별시 서대문구 연희동산66-15,126.9317572,37.5746972,건축물,02-330-1562~3,서울특별시 서대문구청,2025-01-01
연희동5029,서울특별시 서대문구 연희동산66-15,126.9317572,37.5746972,건축물,02-330-1562~3,서울특별시 서대문구청,2025-01-01
연희동6071,서울특별시 서대문구 연희동산66-15,126.9317572,37.5746972,전용주,02-330-1562~3,서울특별시 서대문구청,2025-01-01
연희동6041,서울특별시 서대문구 연희동산66-48,126.9300138,37.5731136,건축물,02-330-1562~3,서울특별시 서대문구청,2025-01-01
연희동6062,서울특별시 서대문구 연희동산66-88,126.9309915,37.5736181,씨피주,02-330-1562~3,서울특별시 서대문구청,2025-01-01
연희동6033,서울특별시 서대문구 연희동200-49,126.9308816,37.5733828,전용주,02-330-1562~3,서울특별시 서대문구청,2025-01-01
연희동6067,서울특별시 서대문구 연희동산76-1,126.9315063,37.5740282,전용주,02-330-1562~3,서울특별시 서대문구청,2025-01-01
연희동6068,서울특별시 서대문구 연희동산76-1,126.9315063,37.5740282,전용주,02-330-1562~3,서울특별시 서대문구청,2025-01-01
연희동6069,서울특별시 서대문구 연희동산76-1,126.9315063,37.5740282,씨피주,02-330-1562~3,서울특별시 서대문구청,2025-01-01
연희동3540,서울특별시 서대문구 연희동188-47,126.9263084,37.5725754,건축물,02-330-1562~3,서울특별시 서대문구청,2025-01-01
연희동4098,서울특별시 서대문구 연희동산82-4,126.9291922,37.5719889,한전주,02-330-1562~3,서울특별시 서대문구청,2025-01-01
연희동3003,서울특별시 서대문구 연희동산89-1,126.9261105,37.5674377,건축물,02-330-1562~3,서울특별시 서대문구청,2025-01-01
연희동6016,서울특별시 서대문구 연희동200-18,126.9325359,37.5724877,한전주,02-330-1562~3,서울특별시 서대문구청,2025-01-01
연희동10027,서울특별시 서대문구 연희동51-103,126.9342286,37.568097,한전주,02-330-1562~3,서울특별시 서대문구청,2025-01-01
연희동10129-1,서울특별시 서대문구 연희동537-149,126.920621,37.5697574,전용주,02-330-1562~3,서울특별시 서대문구청,2025-01-01
연희동10178,서울특별시 서대문구 연희동151-73,126.9337392,37.5762199,건축물,02-330-1562~3,서울특별시 서대문구청,2025-01-01
연희동10221,서울특별시 서대문구 연희동170-139,126.9331751,37.5776744,통신주,02-330-1562~3,서울특별시 서대문구청,2025-01-01
연희동10223,서울특별시 서대문구 연희동84-11,126.9323006,37.5715215,한전주,02-330-1562~3,서울특별시 서대문구청,2025-01-01
연희동1-10-1,서울특별시 서대문구 연희동670,126.9252244,37.5739621,전용주,02-330-1562~3,서울특별시 서대문구청,2025-01-01
연희동2032,서울특별시 서대문구 연희동413-47,126.9247095,37.5672538,전용주,02-330-1562~3,서울특별시 서대문구청,2025-01-01
연희동23,서울특별시 서대문구 연희동520-11,126.9245177,37.5727213,한전주,02-330-1562~3,서울특별시 서대문구청,2025-01-01
연희동24,서울특별시 서대문구 연희동533-79,126.9217441,37.5711552,건축물,02-330-1562~3,서울특별시 서대문구청,2025-01-01
연희동26,서울특별시 서대문구 연희동75-1,126.9367639,37.5736882,한전주,02-330-1562~3,서울특별시 서대문구청,2025-01-01
연희동27,서울특별시 서대문구 연희동75-1,126.9367639,37.5736882,한전주,02-330-1562~3,서울특별시 서대문구청,2025-01-01
연희동28,서울특별시 서대문구 연희동537-110,126.9222852,37.5697455,건축물,02-330-1562~3,서울특별시 서대문구청,2025-01-01
연희동29,서울특별시 서대문구 연희동537-110,126.9222852,37.5697455,건축물,02-330-1562~3,서울특별시 서대문구청,2025-01-01
연희동30,서울특별시 서대문구 연희동541-9,126.9206172,37.5692347,건축물,02-330-1562~3,서울특별시 서대문구청,2025-01-01
연희동3057-1,서울특별시 서대문구 연희동133-12,126.9306983,37.5687859,한전주,02-330-1562~3,서울특별시 서대문구청,2025-01-01
연희동31,서울특별시 서대문구 연희동541-9,126.9206172,37.5692347,건축물,02-330-1562~3,서울특별시 서대문구청,2025-01-01
연희동32,서울특별시 서대문구 연희동533-135,126.9217742,37.5706419,통신주,02-330-1562~3,서울특별시 서대문구청,2025-01-01
연희동33,서울특별시 서대문구 연희동533-148,126.9217574,37.5710202,통신주,02-330-1562~3,서울특별시 서대문구청,2025-01-01
연희동34,서울특별시 서대문구 연희동723-26,126.9330401,37.5760243,건축물,02-330-1562~3,서울특별시 서대문구청,2025-01-01
연희동35,서울특별시 서대문구 연희동446-338,126.9209375,37.5674356,건축물,02-330-1562~3,서울특별시 서대문구청,2025-01-01
연희동36,서울특별시 서대문구 연희동519-22,126.9226054,37.5718749,한전주,02-330-1562~3,서울특별시 서대문구청,2025-01-01
연희동37,서울특별시 서대문구 연희동537-35,126.9229606,37.570004,한전주,02-330-1562~3,서울특별시 서대문구청,2025-01-01
연희동38,서울특별시 서대문구 연희동537-35,126.9229606,37.570004,한전주,02-330-1562~3,서울특별시 서대문구청,2025-01-01
연희동39,서울특별시 서대문구 연희동187-25,126.9265379,37.5723612,전용주,02-330-1562~3,서울특별시 서대문구청,2025-01-01
연희동40,서울특별시 서대문구 연희동187-25,126.9265379,37.5723612,한전주,02-330-1562~3,서울특별시 서대문구청,2025-01-01
연희동41,서울특별시 서대문구 연희동187-121,126.9268526,37.5725173,전용주,02-330-1562~3,서울특별시 서대문구청,2025-01-01
연희동42,서울특별시 서대문구 연희동188-93,126.9276471,37.5731642,전용주,02-330-1562~3,서울특별시 서대문구청,2025-01-01
연희동43,서울특별시 서대문구 연희동188-93,126.9276471,37.5731642,전용주,02-330-1562~3,서울특별시 서대문구청,2025-01-01
연희동44,서울특별시 서대문구 연희동산82-14,126.9284721,37.5732618,전용주,02-330-1562~3,서울특별시 서대문구청,2025-01-01
연희동4417,서울특별시 서대문구 연희동116-9,126.9275254,37.5698113,건축물,02-330-1562~3,서울특별시 서대문구청,2025-01-01
연희동45,서울특별시 서대문구 연희동339-30,126.9320308,37.5642567,건축물,02-330-1562~3,서울특별시 서대문구청,2025-01-01
연희동46,서울특별시 서대문구 연희동353-116,126.9286835,37.5624514,건축물,02-330-1562~3,서울특별시 서대문구청,2025-01-01
연희동47,서울특별시 서대문구 연희동86-12,126.9329063,37.5703286,전용주,02-330-1562~3,서울특별시 서대문구청,2025-01-01
연희동48,서울특별시 서대문구 연희동86-12,126.9329063,37.5703286,전용주,02-330-1562~3,서울특별시 서대문구청,2025-01-01
연희동49,서울특별시 서대문구 연희동117-16,126.9288658,37.5694811,건축물,02-330-1562~3,서울특별시 서대문구청,2025-01-01
연희동5042-1,서울특별시 서대문구 연희동177-3,126.9316527,37.5756694,한전주,02-330-1562~3,서울특별시 서대문구청,2025-01-01
연희동5180,서울특별시 서대문구 연희동721-10,126.9326645,37.576958,통신주,02-330-1562~3,서울특별시 서대문구청,2025-01-01
연희동6126-1,서울특별시 서대문구 연희동83-9,126.9330071,37.5719874,한전주,02-330-1562~3,서울특별시 서대문구청,2025-01-01
연희동6150,서울특별시 서대문구 연희동92-14,126.9315038,37.5702438,건축물,02-330-1562~3,서울특별시 서대문구청,2025-01-01
연희동7074-1,서울특별시 서대문구 연희동344-132,126.9305011,37.5619903,한전주,02-330-1562~3,서울특별시 서대문구청,2025-01-01
연희동7126-1,서울특별시 서대문구 연희동340-14,126.9321621,37.5637804,한전주,02-330-1562~3,서울특별시 서대문구청,2025-01-01
연희동7158,서울특별시 서대문구 연희동194-15,126.9319581,37.5645894,한전주,02-330-1562~3,서울특별시 서대문구청,2025-01-01
연희동7459,서울특별시 서대문구 연희동309-10,126.9320952,37.5645006,건축물,02-330-1562~3,서울특별시 서대문구청,2025-01-01
연희동8854,서울특별시 서대문구 연희동353-109,126.9288548,37.5623448,한전주,02-330-1562~3,서울특별시 서대문구청,2025-01-01
연희동8937,서울특별시 서대문구 연희동산2-17,126.9422731,37.5715662,한전주,02-330-1562~3,서울특별시 서대문구청,2025-01-01
연희동8938,서울특별시 서대문구 연희동산2-17,126.9422731,37.5715662,한전주,02-330-1562~3,서울특별시 서대문구청,2025-01-01
연희동8939,서울특별시 서대문구 연희동산2-17,126.9422731,37.5715662,한전주,02-330-1562~3,서울특별시 서대문구청,2025-01-01
연희동9134-1,서울특별시 서대문구 연희동141,126.9383294,37.5774506,한전주,02-330-1562~3,서울특별시 서대문구청,2025-01-01
홍제1동5003,서울특별시 서대문구 홍제동82,126.9469659,37.5831864,한전주,02-330-1562~3,서울특별시 서대문구청,2025-01-01
홍제1동7001,서울특별시 서대문구 홍제동82,126.9469659,37.5831864,한전주,02-330-1562~3,서울특별시 서대문구청,2025-01-01
홍제1동7002,서울특별시 서대문구 홍제동82,126.9469659,37.5831864,건축물,02-330-1562~3,서울특별시 서대문구청,2025-01-01
홍제1동7329,서울특별시 서대문구 홍제동82,126.9469659,37.5831864,전용주,02-330-1562~3,서울특별시 서대문구청,2025-01-01
홍제1동7328,서울특별시 서대문구 홍제동82,126.9469659,37.5831864,전용주,02-330-1562~3,서울특별시 서대문구청,2025-01-01
홍제1동1198,서울특별시 서대문구 홍제동320,126.9438883,37.5846456,한전주,02-330-1562~3,서울특별시 서대문구청,2025-01-01
홍제1동2098,서울특별시 서대문구 홍제동331,126.9411883,37.5890185,한전주,02-330-1562~3,서울특별시 서대문구청,2025-01-01
홍제1동2538,서울특별시 서대문구 홍제동331,126.9411883,37.5890185,건축물,02-330-1562~3,서울특별시 서대문구청,2025-01-01
홍제1동2537,서울특별시 서대문구 홍제동331,126.9411883,37.5890185,건축물,02-330-1562~3,서울특별시 서대문구청,2025-01-01
홍제1동1069,서울특별시 서대문구 홍제동342,126.936655,37.5869234,한전주,02-330-1562~3,서울특별시 서대문구청,2025-01-01
홍제1동1070,서울특별시 서대문구 홍제동342,126.936655,37.5869234,건축물,02-330-1562~3,서울특별시 서대문구청,2025-01-01
홍제3동1051,서울특별시 서대문구 홍제동342,126.936655,37.5869234,건축물,02-330-1562~3,서울특별시 서대문구청,2025-01-01
홍제1동1093,서울특별시 서대문구 홍제동355,126.9386984,37.5849505,한전주,02-330-1562~3,서울특별시 서대문구청,2025-01-01
홍제1동1006,서울특별시 서대문구 홍제동456,126.9429282,37.583682,건축물,02-330-1562~3,서울특별시 서대문구청,2025-01-01
홍제1동1196,서울특별시 서대문구 홍제동456,126.9429282,37.583682,한전주,02-330-1562~3,서울특별시 서대문구청,2025-01-01
홍제1동9028,서울특별시 서대문구 홍제동461,126.9512919,37.5782693,전용주,02-330-1562~3,서울특별시 서대문구청,2025-01-01
홍제1동9029,서울특별시 서대문구 홍제동461,126.9512919,37.5782693,전용주,02-330-1562~3,서울특별시 서대문구청,2025-01-01
홍제1동9441,서울특별시 서대문구 홍제동469,126.9473681,37.5851723,전용주,02-330-1562~3,서울특별시 서대문구청,2025-01-01
홍제1동1024,서울특별시 서대문구 홍제동471,126.9409112,37.5846009,한전주,02-330-1562~3,서울특별시 서대문구청,2025-01-01
홍제1동1025,서울특별시 서대문구 홍제동471,126.9409112,37.5846009,한전주,02-330-1562~3,서울특별시 서대문구청,2025-01-01
홍제1동2000,서울특별시 서대문구 홍제동471,126.9409112,37.5846009,한전주,02-330-1562~3,서울특별시 서대문구청,2025-01-01
홍제1동9042,서울특별시 서대문구 홍제동47-2,126.9516854,37.5800838,한전주,02-330-1562~3,서울특별시 서대문구청,2025-01-01
홍제1동10057,서울특별시 서대문구 홍제동47-6,126.9518788,37.5800135,건축물,02-330-1562~3,서울특별시 서대문구청,2025-01-01
홍제1동9035,서울특별시 서대문구 홍제동51-9,126.95113,37.580124,건축물,02-330-1562~3,서울특별시 서대문구청,2025-01-01
홍제1동9049,서울특별시 서대문구 홍제동61-4,126.9509801,37.5803209,건축물,02-330-1562~3,서울특별시 서대문구청,2025-01-01
홍제1동8019,서울특별시 서대문구 홍제동64-4,126.9491157,37.5808629,건축물,02-330-1562~3,서울특별시 서대문구청,2025-01-01
홍제1동7022,서울특별시 서대문구 홍제동85-1,126.9484267,37.5831634,한전주 ,02-330-1562~3,서울특별시 서대문구청,2025-01-01
홍제1동9438,서울특별시 서대문구 홍제동90-4,126.948671,37.583508,건축물,02-330-1562~3,서울특별시 서대문구청,2025-01-01
홍제1동7422,서울특별시 서대문구 홍제동90-4,126.948671,37.583508,건축물,02-330-1562~3,서울특별시 서대문구청,2025-01-01
홍제1동7026,서울특별시 서대문구 홍제동90-6,126.9491183,37.5830975,전용주,02-330-1562~3,서울특별시 서대문구청,2025-01-01
홍제1동7030,서울특별시 서대문구 홍제동90-6,126.9491183,37.5830975,한전주,02-330-1562~3,서울특별시 서대문구청,2025-01-01
홍제1동7029,서울특별시 서대문구 홍제동90-12,126.9493485,37.5828292,한전주,02-330-1562~3,서울특별시 서대문구청,2025-01-01
홍제1동9034,서울특별시 서대문구 홍제동91-9,126.9490048,37.5839254,한전주,02-330-1562~3,서울특별시 서대문구청,2025-01-01
홍제1동5004,서울특별시 서대문구 홍제동156-137,126.9456294,37.5840215,건축물,02-330-1562~3,서울특별시 서대문구청,2025-01-01
홍제1동5006,서울특별시 서대문구 홍제동156-147,126.9454447,37.5842721,통신주,02-330-1562~3,서울특별시 서대문구청,2025-01-01
홍제1동9649,서울특별시 서대문구 홍제동156-157,126.9453717,37.5846319,건축물,02-330-1562~3,서울특별시 서대문구청,2025-01-01
홍제1동9671,서울특별시 서대문구 홍제동156-205,126.9442698,37.5840904,한전주,02-330-1562~3,서울특별시 서대문구청,2025-01-01
홍제1동5041,서울특별시 서대문구 홍제동156-206,126.944564,37.5841021,통신주,02-330-1562~3,서울특별시 서대문구청,2025-01-01
홍제1동6001,서울특별시 서대문구 홍제동156-212,126.9443797,37.5835237,한전주,02-330-1562~3,서울특별시 서대문구청,2025-01-01
홍제1동5040,서울특별시 서대문구 홍제동156-243,126.9446647,37.584184,건축물,02-330-1562~3,서울특별시 서대문구청,2025-01-01
홍제1동5044,서울특별시 서대문구 홍제동156-245,126.9447002,37.5840762,건축물,02-330-1562~3,서울특별시 서대문구청,2025-01-01
홍제1동6002,서울특별시 서대문구 홍제동156-293,126.9439974,37.5833311,한전주,02-330-1562~3,서울특별시 서대문구청,2025-01-01
홍제1동5032,서울특별시 서대문구 홍제동156-32,126.9462208,37.5854414,한전주,02-330-1562~3,서울특별시 서대문구청,2025-01-01
홍제1동4034,서울특별시 서대문구 홍제동156-32,126.9462208,37.5854414,한전주,02-330-1562~3,서울특별시 서대문구청,2025-01-01
홍제1동6434,서울특별시 서대문구 홍제동156-333,126.9443199,37.5829466,건축물,02-330-1562~3,서울특별시 서대문구청,2025-01-01
홍제1동5036,서울특별시 서대문구 홍제동156-337,126.9451055,37.584242,통신주,02-330-1562~3,서울특별시 서대문구청,2025-01-01
홍제1동5039,서울특별시 서대문구 홍제동156-337,126.9451055,37.584242,한전주,02-330-1562~3,서울특별시 서대문구청,2025-01-01
홍제1동5112,서울특별시 서대문구 홍제동156-337,126.9451055,37.584242,전용주,02-330-1562~3,서울특별시 서대문구청,2025-01-01
홍제1동5005,서울특별시 서대문구 홍제동156-337,126.9451055,37.584242,한전주,02-330-1562~3,서울특별시 서대문구청,2025-01-01
홍제1동5053,서울특별시 서대문구 홍제동156-339,126.9449947,37.5840699,한전주,02-330-1562~3,서울특별시 서대문구청,2025-01-01
홍제1동5054,서울특별시 서대문구 홍제동156-340,126.9449058,37.5839519,한전주,02-330-1562~3,서울특별시 서대문구청,2025-01-01
홍제1동5056,서울특별시 서대문구 홍제동156-341,126.9450547,37.5838271,건축물 ,02-330-1562~3,서울특별시 서대문구청,2025-01-01
홍제1동1-14,서울특별시 서대문구 홍제동156-342,126.9448964,37.5838167,건축물,02-330-1562~3,서울특별시 서대문구청,2025-01-01
홍제1동5057,서울특별시 서대문구 홍제동156-343,126.9448419,37.583663,한전주,02-330-1562~3,서울특별시 서대문구청,2025-01-01
홍제1동1-13,서울특별시 서대문구 홍제동156-343,126.9448419,37.583663,통신주,02-330-1562~3,서울특별시 서대문구청,2025-01-01
홍제1동1-14-1,서울특별시 서대문구 홍제동156-343,126.9448419,37.583663,씨피주,02-330-1562~3,서울특별시 서대문구청,2025-01-01
홍제1동6,서울특별시 서대문구 홍제동156-344,126.9449444,37.5836189,건축물,02-330-1562~3,서울특별시 서대문구청,2025-01-01
홍제1동60351,서울특별시 서대문구 홍제동156-345,126.9448106,37.5834735,건축물,02-330-1562~3,서울특별시 서대문구청,2025-01-01
홍제1동6032,서울특별시 서대문구 홍제동156-358,126.9438317,37.5830413,한전주,02-330-1562~3,서울특별시 서대문구청,2025-01-01
홍제1동3,서울특별시 서대문구 홍제동156-358,126.9438317,37.5830413,건축물,02-330-1562~3,서울특별시 서대문구청,2025-01-01
홍제1동6004,서울특별시 서대문구 홍제동156-359,126.9438418,37.5831315,한전주,02-330-1562~3,서울특별시 서대문구청,2025-01-01
홍제1동6034,서울특별시 서대문구 홍제동156-365,126.9444211,37.5829925,한전주,02-330-1562~3,서울특별시 서대문구청,2025-01-01
홍제1동6534,서울특별시 서대문구 홍제동156-365,126.9444211,37.5829925,건축물,02-330-1562~3,서울특별시 서대문구청,2025-01-01
홍제1동6033,서울특별시 서대문구 홍제동156-368,126.94405,37.582818,한전주,02-330-1562~3,서울특별시 서대문구청,2025-01-01
홍제1동6037,서울특별시 서대문구 홍제동156-372,126.9437067,37.5822743,한전주,02-330-1562~3,서울특별시 서대문구청,2025-01-01
홍제1동6038,서울특별시 서대문구 홍제동156-375,126.9435291,37.5820204,건축물,02-330-1562~3,서울특별시 서대문구청,2025-01-01
홍제1동6036,서울특별시 서대문구 홍제동156-380,126.943702,37.5826076,한전주,02-330-1562~3,서울특별시 서대문구청,2025-01-01
홍제1동6031,서울특별시 서대문구 홍제동156-381,126.9435659,37.5826244,한전주,02-330-1562~3,서울특별시 서대문구청,2025-01-01
홍제1동6040,서울특별시 서대문구 홍제동156-388,126.9433231,37.5821808,전용주,02-330-1562~3,서울특별시 서대문구청,2025-01-01
홍제1동6039,서울특별시 서대문구 홍제동156-390,126.9433486,37.5819738,건축물 ,02-330-1562~3,서울특별시 서대문구청,2025-01-01
홍제1동5049,서울특별시 서대문구 홍제동156-402,126.9445776,37.58394,한전주,02-330-1562~3,서울특별시 서대문구청,2025-01-01
홍제1동5059,서울특별시 서대문구 홍제동156-402,126.9445776,37.58394,건축물,02-330-1562~3,서울특별시 서대문구청,2025-01-01
홍제1동5111,서울특별시 서대문구 홍제동156-403,126.9446132,37.5838232,통신주,02-330-1562~3,서울특별시 서대문구청,2025-01-01
홍제1동5058,서울특별시 서대문구 홍제동156-407,126.9444912,37.5836419,건축물,02-330-1562~3,서울특별시 서대문구청,2025-01-01
홍제1동6029,서울특별시 서대문구 홍제동156-476,126.9432381,37.5825855,한전주,02-330-1562~3,서울특별시 서대문구청,2025-01-01
홍제1동6013,서울특별시 서대문구 홍제동156-482,126.9427659,37.5831489,전용주,02-330-1562~3,서울특별시 서대문구청,2025-01-01
홍제1동6011,서울특별시 서대문구 홍제동156-485,126.9430152,37.5831331,한전주,02-330-1562~3,서울특별시 서대문구청,2025-01-01
홍제1동6012,서울특별시 서대문구 홍제동156-487,126.943075,37.5829084,건축물 ,02-330-1562~3,서울특별시 서대문구청,2025-01-01
홍제1동6010,서울특별시 서대문구 홍제동156-489,126.9432003,37.5828554,건축물 ,02-330-1562~3,서울특별시 서대문구청,2025-01-01
홍제1동6009,서울특별시 서대문구 홍제동156-491,126.9433217,37.5830818,건축물 ,02-330-1562~3,서울특별시 서대문구청,2025-01-01
홍제1동6008,서울특별시 서대문구 홍제동156-494,126.9434786,37.5831913,한전주,02-330-1562~3,서울특별시 서대문구청,2025-01-01
홍제1동6035,서울특별시 서대문구 홍제동156-504,126.9447355,37.5831845,한전주,02-330-1562~3,서울특별시 서대문구청,2025-01-01
홍제1동4022,서울특별시 서대문구 홍제동156-561,126.9467034,37.585743,한전주,02-330-1562~3,서울특별시 서대문구청,2025-01-01
홍제1동4006,서울특별시 서대문구 홍제동157-7,126.9454769,37.5860024,한전주,02-330-1562~3,서울특별시 서대문구청,2025-01-01
홍제1동4010,서울특별시 서대문구 홍제동157-92,126.9454452,37.5858399,건축물,02-330-1562~3,서울특별시 서대문구청,2025-01-01
홍제1동4009,서울특별시 서대문구 홍제동157-92,126.9454452,37.5858399,건축물,02-330-1562~3,서울특별시 서대문구청,2025-01-01
홍제1동4013,서울특별시 서대문구 홍제동158-12,126.9455697,37.586652,한전주,02-330-1562~3,서울특별시 서대문구청,2025-01-01
홍제1동4003,서울특별시 서대문구 홍제동158-15,126.9452973,37.5866946,한전주,02-330-1562~3,서울특별시 서대문구청,2025-01-01
홍제1동4005,서울특별시 서대문구 홍제동158-19,126.9451704,37.5860627,건축물,02-330-1562~3,서울특별시 서대문구청,2025-01-01
홍제1동4004,서울특별시 서대문구 홍제동158-22,126.9454044,37.5863261,한전주,02-330-1562~3,서울특별시 서대문구청,2025-01-01
홍제1동4011,서울특별시 서대문구 홍제동158-42,126.9457804,37.5861583,건축물,02-330-1562~3,서울특별시 서대문구청,2025-01-01
홍제1동4015,서울특별시 서대문구 홍제동158-28,126.9460497,37.5863319,한전주,02-330-1562~3,서울특별시 서대문구청,2025-01-01
홍제1동4016,서울특별시 서대문구 홍제동158-28,126.9460497,37.5863319,건축물,02-330-1562~3,서울특별시 서대문구청,2025-01-01
홍제1동4008,서울특별시 서대문구 홍제동158-3,126.9459306,37.5859434,한전주,02-330-1562~3,서울특별시 서대문구청,2025-01-01
홍제1동4021,서울특별시 서대문구 홍제동158-37,126.9461353,37.5858821,한전주,02-330-1562~3,서울특별시 서대문구청,2025-01-01
홍제1동4020,서울특별시 서대문구 홍제동158-38,126.946066,37.5859806,건축물,02-330-1562~3,서울특별시 서대문구청,2025-01-01
홍제1동4014,서울특별시 서대문구 홍제동158-40,126.945927,37.5862046,한전주,02-330-1562~3,서울특별시 서대문구청,2025-01-01
홍제1동4017,서울특별시 서대문구 홍제동158-30,126.9461824,37.5865583,통신주,02-330-1562~3,서울특별시 서대문구청,2025-01-01
홍제1동10116,서울특별시 서대문구 홍제동158-50,126.9462031,37.5866936,통신주,02-330-1562~3,서울특별시 서대문구청,2025-01-01
홍제1동4018,서울특별시 서대문구 홍제동158-2,126.9458045,37.5868613,전용주,02-330-1562~3,서울특별시 서대문구청,2025-01-01
홍제1동4214,서울특별시 서대문구 홍제동159-5,126.9458562,37.5864022,한전주,02-330-1562~3,서울특별시 서대문구청,2025-01-01
홍제1동4012,서울특별시 서대문구 홍제동159-5,126.9458562,37.5864022,한전주,02-330-1562~3,서울특별시 서대문구청,2025-01-01
홍제1동3055,서울특별시 서대문구 홍제동166-3,126.9454744,37.5869845,한전주,02-330-1562~3,서울특별시 서대문구청,2025-01-01
홍제1동4001,서울특별시 서대문구 홍제동166-3,126.9454744,37.5869845,한전주,02-330-1562~3,서울특별시 서대문구청,2025-01-01
홍제1동4002,서울특별시 서대문구 홍제동166-3,126.9454744,37.5869845,한전주,02-330-1562~3,서울특별시 서대문구청,2025-01-01
홍제1동3041,서울특별시 서대문구 홍제동167-16,126.9449509,37.587169,한전주,02-330-1562~3,서울특별시 서대문구청,2025-01-01
홍제1동3053,서울특별시 서대문구 홍제동167-16,126.9449509,37.587169,건축물,02-330-1562~3,서울특별시 서대문구청,2025-01-01
홍제1동3047,서울특별시 서대문구 홍제동167-26,126.9449625,37.5863492,전용주,02-330-1562~3,서울특별시 서대문구청,2025-01-01
홍제1동3049,서울특별시 서대문구 홍제동167-26,126.9449625,37.5863492,건축물,02-330-1562~3,서울특별시 서대문구청,2025-01-01
홍제1동3039,서울특별시 서대문구 홍제동167-30,126.9445969,37.5873821,한전주,02-330-1562~3,서울특별시 서대문구청,2025-01-01
홍제1동3040,서울특별시 서대문구 홍제동167-30,126.9445969,37.5873821,전용주,02-330-1562~3,서울특별시 서대문구청,2025-01-01
홍제1동4,서울특별시 서대문구 홍제동167-33,126.9442191,37.5868741,한전주,02-330-1562~3,서울특별시 서대문구청,2025-01-01
홍제1동3050,서울특별시 서대문구 홍제동167-38,126.944725,37.586329,건축물,02-330-1562~3,서울특별시 서대문구청,2025-01-01
홍제1동3031,서울특별시 서대문구 홍제동167-41,126.9441119,37.5864497,한전주,02-330-1562~3,서울특별시 서대문구청,2025-01-01
홍제1동3033,서울특별시 서대문구 홍제동167-53,126.9441661,37.5866214,한전주,02-330-1562~3,서울특별시 서대문구청,2025-01-01
홍제1동4019,서울특별시 서대문구 홍제동169-14,126.9453002,37.5872893,건축물,02-330-1562~3,서울특별시 서대문구청,2025-01-01
홍제1동1-10,서울특별시 서대문구 홍제동172-5,126.944772,37.5878162,건축물,02-330-1562~3,서울특별시 서대문구청,2025-01-01
홍제1동2143,서울특별시 서대문구 홍제동172-5,126.944772,37.5878162,건축물,02-330-1562~3,서울특별시 서대문구청,2025-01-01
홍제1동3052,서울특별시 서대문구 홍제동173-16,126.945126,37.5876031,전용주,02-330-1562~3,서울특별시 서대문구청,2025-01-01
홍제1동3051,서울특별시 서대문구 홍제동173-23,126.9447648,37.5875188,건축물,02-330-1562~3,서울특별시 서대문구청,2025-01-01
홍제1동2140,서울특별시 서대문구 홍제동173-3,126.9443737,37.5879568,한전주,02-330-1562~3,서울특별시 서대문구청,2025-01-01
홍제1동2141,서울특별시 서대문구 홍제동173-6,126.9444347,37.587642,한전주,02-330-1562~3,서울특별시 서대문구청,2025-01-01
홍제1동1089,서울특별시 서대문구 홍제동346-2,126.9379348,37.585304,한전주,02-330-1562~3,서울특별시 서대문구청,2025-01-01
홍제3동5347,서울특별시 서대문구 홍제동253-12,126.9448044,37.5887265,통신주,02-330-1562~3,서울특별시 서대문구청,2025-01-01
홍제1동1177,서울특별시 서대문구 홍제동256-65,126.944725,37.5895367,전용주,02-330-1562~3,서울특별시 서대문구청,2025-01-01
홍제1동2126,서울특별시 서대문구 홍제동294-50,126.9415937,37.5907701,건축물,02-330-1562~3,서울특별시 서대문구청,2025-01-01
홍제1동2124,서울특별시 서대문구 홍제동294-59,126.941462,37.5904806,건축물,02-330-1562~3,서울특별시 서대문구청,2025-01-01
홍제1동2122,서울특별시 서대문구 홍제동294-67,126.9416306,37.5905632,건축물,02-330-1562~3,서울특별시 서대문구청,2025-01-01
홍제1동4007,서울특별시 서대문구 홍제동302-7,126.9434778,37.5896607,한전주,02-330-1562~3,서울특별시 서대문구청,2025-01-01
홍제1동5037,서울특별시 서대문구 홍제동304-9,126.9441956,37.5893428,건축물,02-330-1562~3,서울특별시 서대문구청,2025-01-01
홍제1동308,서울특별시 서대문구 홍제동306-17,126.9440889,37.5880804,한전주,02-330-1562~3,서울특별시 서대문구청,2025-01-01
홍제1동2142,서울특별시 서대문구 홍제동306-19,126.9440927,37.5878101,건축물,02-330-1562~3,서울특별시 서대문구청,2025-01-01
홍제1동1037,서울특별시 서대문구 홍제동306-2,126.9436132,37.5880851,건축물,02-330-1562~3,서울특별시 서대문구청,2025-01-01
홍제1동2138,서울특별시 서대문구 홍제동306-2,126.9436132,37.5880851,건축물,02-330-1562~3,서울특별시 서대문구청,2025-01-01
홍제1동2042,서울특별시 서대문구 홍제동307-21,126.941457,37.5868314,건축물,02-330-1562~3,서울특별시 서대문구청,2025-01-01
홍제1동2137,서울특별시 서대문구 홍제동307-28,126.9435444,37.5881476,건축물,02-330-1562~3,서울특별시 서대문구청,2025-01-01
홍제1동2144,서울특별시 서대문구 홍제동307-35,126.9413901,37.5867587,한전주,02-330-1562~3,서울특별시 서대문구청,2025-01-01
홍제1동9975,서울특별시 서대문구 홍제동307-5,126.9434506,37.5875791,건축물,02-330-1562~3,서울특별시 서대문구청,2025-01-01
홍제1동3004,서울특별시 서대문구 홍제동307-5,126.9434506,37.5875791,한전주,02-330-1562~3,서울특별시 서대문구청,2025-01-01
홍제1동3005,서울특별시 서대문구 홍제동307-5,126.9434506,37.5875791,건축물,02-330-1562~3,서울특별시 서대문구청,2025-01-01
홍제1동3006,서울특별시 서대문구 홍제동307-9,126.9433492,37.5875421,한전주,02-330-1562~3,서울특별시 서대문구청,2025-01-01
홍제1동2078,서울특별시 서대문구 홍제동308-100,126.9422444,37.5880008,건축물,02-330-1562~3,서울특별시 서대문구청,2025-01-01
홍제1동2077,서울특별시 서대문구 홍제동308-106,126.9419503,37.5879801,건축물,02-330-1562~3,서울특별시 서대문구청,2025-01-01
홍제1동2069,서울특별시 서대문구 홍제동308-112,126.9418609,37.5870963,한전주,02-330-1562~3,서울특별시 서대문구청,2025-01-01
홍제1동2534,서울특별시 서대문구 홍제동308-125,126.9425302,37.5878051,건축물,02-330-1562~3,서울특별시 서대문구청,2025-01-01
홍제1동2036,서울특별시 서대문구 홍제동308-179,126.9407327,37.5876088,전용주,02-330-1562~3,서울특별시 서대문구청,2025-01-01
홍제1동2032,서울특별시 서대문구 홍제동308-198,126.9406698,37.5872568,건축물,02-330-1562~3,서울특별시 서대문구청,2025-01-01
홍제1동1202,서울특별시 서대문구 홍제동308-207,126.942402,37.5880653,한전주,02-330-1562~3,서울특별시 서대문구청,2025-01-01
홍제1동2082,서울특별시 서대문구 홍제동308-207,126.942402,37.5880653,건축물,02-330-1562~3,서울특별시 서대문구청,2025-01-01
홍제1동2080,서울특별시 서대문구 홍제동308-213,126.9428568,37.5879342,한전주,02-330-1562~3,서울특별시 서대문구청,2025-01-01
홍제1동2037,서울특별시 서대문구 홍제동308-214,126.9405738,37.5876344,한전주,02-330-1562~3,서울특별시 서대문구청,2025-01-01
홍제1동2081,서울특별시 서대문구 홍제동308-217,126.9427432,37.5879602,건축물,02-330-1562~3,서울특별시 서대문구청,2025-01-01
홍제1동2524,서울특별시 서대문구 홍제동308-218,126.9401686,37.5866666,건축물,02-330-1562~3,서울특별시 서대문구청,2025-01-01
홍제1동2084,서울특별시 서대문구 홍제동308-220,126.9427295,37.5881223,건축물,02-330-1562~3,서울특별시 서대문구청,2025-01-01
홍제1동2083,서울특별시 서대문구 홍제동308-223,126.9428213,37.588042,건축물,02-330-1562~3,서울특별시 서대문구청,2025-01-01
홍제1동2024,서울특별시 서대문구 홍제동308-243,126.9421977,37.5872976,한전주,02-330-1562~3,서울특별시 서대문구청,2025-01-01
홍제1동2076,서울특별시 서대문구 홍제동308-47,126.9418497,37.5878891,한전주,02-330-1562~3,서울특별시 서대문구청,2025-01-01
홍제1동2071,서울특별시 서대문구 홍제동308-5,126.9426083,37.5878869,한전주,02-330-1562~3,서울특별시 서대문구청,2025-01-01
홍제1동2074,서울특별시 서대문구 홍제동308-6,126.9423182,37.587587,한전주,02-330-1562~3,서울특별시 서대문구청,2025-01-01
홍제1동2067,서울특별시 서대문구 홍제동308-64,126.9422187,37.5874149,건축물,02-330-1562~3,서울특별시 서대문구청,2025-01-01
홍제1동2068,서울특별시 서대문구 홍제동308-65,126.9419848,37.5871425,한전주,02-330-1562~3,서울특별시 서대문구청,2025-01-01
홍제1동2073,서울특별시 서대문구 홍제동308-75,126.9415829,37.5875353,통신주,02-330-1562~3,서울특별시 서대문구청,2025-01-01
홍제1동2086,서울특별시 서대문구 홍제동308-8,126.9430804,37.5881344,한전주,02-330-1562~3,서울특별시 서대문구청,2025-01-01
홍제1동2079,서울특별시 서대문구 홍제동308-86,126.9425998,37.5876886,한전주,02-330-1562~3,서울특별시 서대문구청,2025-01-01
홍제1동10017,서울특별시 서대문구 홍제동308-9,126.9429447,37.5881242,건축물,02-330-1562~3,서울특별시 서대문구청,2025-01-01
홍제1동2066,서울특별시 서대문구 홍제동309-2,126.9423432,37.587416,한전주,02-330-1562~3,서울특별시 서대문구청,2025-01-01
홍제1동2070,서울특별시 서대문구 홍제동311-5,126.9417739,37.5868432,한전주,02-330-1562~3,서울특별시 서대문구청,2025-01-01
홍제1동2062,서울특별시 서대문구 홍제동312-109,126.9424296,37.5869122,건축물,02-330-1562~3,서울특별시 서대문구청,2025-01-01
홍제1동3018,서울특별시 서대문구 홍제동313-42,126.9432745,37.5864152,한전주,02-330-1562~3,서울특별시 서대문구청,2025-01-01
홍제1동3016,서울특별시 서대문구 홍제동312-11,126.942712,37.5861579,건축물,02-330-1562~3,서울특별시 서대문구청,2025-01-01
홍제1동2063,서울특별시 서대문구 홍제동312-115,126.9428016,37.5870327,통신주,02-330-1562~3,서울특별시 서대문구청,2025-01-01
홍제1동2061,서울특별시 서대문구 홍제동312-121,126.9423091,37.5866318,건축물,02-330-1562~3,서울특별시 서대문구청,2025-01-01
홍제1동2053,서울특별시 서대문구 홍제동312-121,126.9423091,37.5866318,한전주,02-330-1562~3,서울특별시 서대문구청,2025-01-01
홍제1동2,서울특별시 서대문구 홍제동312-121,126.9423091,37.5866318,건축물,02-330-1562~3,서울특별시 서대문구청,2025-01-01
홍제1동9933,서울특별시 서대문구 홍제동312-123,126.9425411,37.5870393,건축물,02-330-1562~3,서울특별시 서대문구청,2025-01-01
홍제1동2034,서울특별시 서대문구 홍제동312-171,126.9405017,37.5871292,한전주,02-330-1562~3,서울특별시 서대문구청,2025-01-01
홍제1동2033,서울특별시 서대문구 홍제동312-171,126.9405017,37.5871292,건축물,02-330-1562~3,서울특별시 서대문구청,2025-01-01
홍제1동2539,서울특별시 서대문구 홍제동312-174,126.9404015,37.5870111,한전주,02-330-1562~3,서울특별시 서대문구청,2025-01-01
홍제1동2029,서울특별시 서대문구 홍제동312-175,126.9403468,37.5868755,건축물,02-330-1562~3,서울특별시 서대문구청,2025-01-01
홍제1동2050,서울특별시 서대문구 홍제동312-178,126.9421231,37.5861706,전용주,02-330-1562~3,서울특별시 서대문구청,2025-01-01
홍제1동2052,서울특별시 서대문구 홍제동312-181,126.9422947,37.586046,건축물,02-330-1562~3,서울특별시 서대문구청,2025-01-01
홍제1동1200,서울특별시 서대문구 홍제동312-189,126.942813,37.584627,전용주,02-330-1562~3,서울특별시 서대문구청,2025-01-01
홍제1동3015,서울특별시 서대문구 홍제동312-19,126.9415538,37.5871927,한전주,02-330-1562~3,서울특별시 서대문구청,2025-01-01
홍제1동2065,서울특별시 서대문구 홍제동312-2,126.9426829,37.587419,한전주,02-330-1562~3,서울특별시 서대문구청,2025-01-01
홍제1동2057,서울특별시 서대문구 홍제동312-207,126.941302,37.5865867,건축물,02-330-1562~3,서울특별시 서대문구청,2025-01-01
홍제1동2040,서울특별시 서대문구 홍제동312-21,126.9413142,37.5873257,한전주,02-330-1562~3,서울특별시 서대문구청,2025-01-01
홍제1동2011,서울특별시 서대문구 홍제동312-212,126.9410817,37.5861522,건축물,02-330-1562~3,서울특별시 서대문구청,2025-01-01
홍제1동2012,서울특별시 서대문구 홍제동312-212,126.9410817,37.5861522,통신주,02-330-1562~3,서울특별시 서대문구청,2025-01-01
홍제1동2047,서울특별시 서대문구 홍제동312-214,126.9410459,37.5862781,건축물,02-330-1562~3,서울특별시 서대문구청,2025-01-01
홍제1동2013,서울특별시 서대문구 홍제동312-214,126.9410459,37.5862781,건축물,02-330-1562~3,서울특별시 서대문구청,2025-01-01
홍제1동2014,서울특별시 서대문구 홍제동312-214,126.9410459,37.5862781,한전주,02-330-1562~3,서울특별시 서대문구청,2025-01-01
홍제1동2048,서울특별시 서대문구 홍제동312-221,126.9418717,37.5863305,전용주,02-330-1562~3,서울특별시 서대문구청,2025-01-01
홍제1동2049,서울특별시 서대문구 홍제동312-221,126.9418717,37.5863305,한전주,02-330-1562~3,서울특별시 서대문구청,2025-01-01
홍제1동2041,서울특별시 서대문구 홍제동312-23,126.9413975,37.5870381,한전주,02-330-1562~3,서울특별시 서대문구청,2025-01-01
홍제1동2023,서울특별시 서대문구 홍제동312-235,126.9404019,37.5861822,한전주,02-330-1562~3,서울특별시 서대문구청,2025-01-01
홍제1동2021,서울특별시 서대문구 홍제동312-237,126.9404501,37.5859754,전용주,02-330-1562~3,서울특별시 서대문구청,2025-01-01
홍제1동2019,서울특별시 서대문구 홍제동312-237,126.9404501,37.5859754,통신주,02-330-1562~3,서울특별시 서대문구청,2025-01-01
홍제1동2020,서울특별시 서대문구 홍제동312-237,126.9404501,37.5859754,전용주,02-330-1562~3,서울특별시 서대문구청,2025-01-01
홍제1동2018,서울특별시 서대문구 홍제동312-237,126.9404501,37.5859754,한전주,02-330-1562~3,서울특별시 서대문구청,2025-01-01
홍제1동2017,서울특별시 서대문구 홍제동312-240,126.9407227,37.5859148,한전주,02-330-1562~3,서울특별시 서대문구청,2025-01-01
홍제1동2016,서울특별시 서대문구 홍제동312-240,126.9407227,37.5859148,통신주,02-330-1562~3,서울특별시 서대문구청,2025-01-01
홍제1동2005,서울특별시 서대문구 홍제동312-240,126.9407227,37.5859148,한전주,02-330-1562~3,서울특별시 서대문구청,2025-01-01
홍제1동2009,서울특별시 서대문구 홍제동312-242,126.9417733,37.5860864,건축물 ,02-330-1562~3,서울특별시 서대문구청,2025-01-01
홍제1동2308,서울특별시 서대문구 홍제동312-242,126.9417733,37.5860864,건축물 ,02-330-1562~3,서울특별시 서대문구청,2025-01-01
홍제1동2308-1,서울특별시 서대문구 홍제동312-242,126.9417733,37.5860864,건축물,02-330-1562~3,서울특별시 서대문구청,2025-01-01
홍제1동2006,서울특별시 서대문구 홍제동312-243,126.9415277,37.5858409,씨피주,02-330-1562~3,서울특별시 서대문구청,2025-01-01
홍제1동2007,서울특별시 서대문구 홍제동312-248,126.9412884,37.5859469,한전주,02-330-1562~3,서울특별시 서대문구청,2025-01-01
홍제1동2008,서울특별시 서대문구 홍제동312-248,126.9412884,37.5859469,한전주,02-330-1562~3,서울특별시 서대문구청,2025-01-01
홍제1동3008,서울특별시 서대문구 홍제동312-254,126.9428999,37.5872858,한전주,02-330-1562~3,서울특별시 서대문구청,2025-01-01
홍제1동3007,서울특별시 서대문구 홍제동312-254,126.9428999,37.5872858,한전주,02-330-1562~3,서울특별시 서대문구청,2025-01-01
홍제1동2043,서울특별시 서대문구 홍제동312-27,126.9412076,37.5868562,건축물,02-330-1562~3,서울특별시 서대문구청,2025-01-01
홍제1동2010,서울특별시 서대문구 홍제동312-275,126.9416328,37.5864095,전용주,02-330-1562~3,서울특별시 서대문구청,2025-01-01
홍제1동2039,서울특별시 서대문구 홍제동312-29,126.9409767,37.5871695,한전주,02-330-1562~3,서울특별시 서대문구청,2025-01-01
홍제1동2075,서울특별시 서대문구 홍제동312-35,126.9419923,37.5874128,한전주,02-330-1562~3,서울특별시 서대문구청,2025-01-01
홍제1동2054,서울특별시 서대문구 홍제동312-44,126.9425056,37.5863452,전용주,02-330-1562~3,서울특별시 서대문구청,2025-01-01
홍제1동2030,서울특별시 서대문구 홍제동312-47,126.9409589,37.5868269,한전주,02-330-1562~3,서울특별시 서대문구청,2025-01-01
홍제1동1-14-2,서울특별시 서대문구 홍제동312-49,126.9409844,37.5866289,한전주,02-330-1562~3,서울특별시 서대문구청,2025-01-01
홍제1동2027,서울특별시 서대문구 홍제동312-51,126.9407693,37.586627,건축물,02-330-1562~3,서울특별시 서대문구청,2025-01-01
홍제1동2022,서울특별시 서대문구 홍제동312-53,126.9408056,37.5864561,한전주,02-330-1562~3,서울특별시 서대문구청,2025-01-01
홍제1동2046,서울특별시 서대문구 홍제동312-53,126.9408056,37.5864561,한전주,02-330-1562~3,서울특별시 서대문구청,2025-01-01
홍제1동2025,서울특별시 서대문구 홍제동312-54,126.9406686,37.586536,한전주,02-330-1562~3,서울특별시 서대문구청,2025-01-01
홍제1동2026,서울특별시 서대문구 홍제동312-54,126.9406686,37.586536,건축물,02-330-1562~3,서울특별시 서대문구청,2025-01-01
홍제1동2060,서울특별시 서대문구 홍제동312-61,126.9420033,37.5866381,한전주,02-330-1562~3,서울특별시 서대문구청,2025-01-01
홍제1동2055,서울특별시 서대문구 홍제동312-62,126.9419706,37.5865477,전용주,02-330-1562~3,서울특별시 서대문구청,2025-01-01
홍제1동2056,서울특별시 서대문구 홍제동312-62,126.9419706,37.5865477,한전주,02-330-1562~3,서울특별시 서대문구청,2025-01-01
홍제1동2058,서울특별시 서대문구 홍제동312-65,126.941562,37.5866161,한전주,02-330-1562~3,서울특별시 서대문구청,2025-01-01
홍제1동2038,서울특별시 서대문구 홍제동312-67,126.9407743,37.5870685,한전주,02-330-1562~3,서울특별시 서대문구청,2025-01-01
홍제1동2045,서울특별시 서대문구 홍제동312-75,126.9410439,37.5864222,한전주,02-330-1562~3,서울특별시 서대문구청,2025-01-01
홍제1동2015,서울특별시 서대문구 홍제동312-78,126.9409692,37.5860972,한전주,02-330-1562~3,서울특별시 서대문구청,2025-01-01
홍제1동2044,서울특별시 서대문구 홍제동312-79,126.941289,37.5867037,한전주,02-330-1562~3,서울특별시 서대문구청,2025-01-01
홍제1동2031,서울특별시 서대문구 홍제동312-94,126.940742,37.5869511,건축물,02-330-1562~3,서울특별시 서대문구청,2025-01-01
홍제1동2028,서울특별시 서대문구 홍제동312-95,126.9405161,37.586913,건축물,02-330-1562~3,서울특별시 서대문구청,2025-01-01
홍제1동2059,서울특별시 서대문구 홍제동312-99,126.9418113,37.5866003,한전주,02-330-1562~3,서울특별시 서대문구청,2025-01-01
홍제1동3019,서울특별시 서대문구 홍제동313-20,126.9432647,37.586307,한전주,02-330-1562~3,서울특별시 서대문구청,2025-01-01
홍제1동3042,서울특별시 서대문구 홍제동313-26,126.9445798,37.5869945,한전주,02-330-1562~3,서울특별시 서대문구청,2025-01-01
홍제1동3045,서울특별시 서대문구 홍제동313-29,126.9447977,37.5867982,한전주,02-330-1562~3,서울특별시 서대문구청,2025-01-01
홍제1동3043,서울특별시 서대문구 홍제동313-30,126.94456,37.5867871,씨피주,02-330-1562~3,서울특별시 서대문구청,2025-01-01
홍제1동3044,서울특별시 서대문구 홍제동313-30,126.94456,37.5867871,건축물,02-330-1562~3,서울특별시 서대문구청,2025-01-01
홍제1동3046,서울특별시 서대문구 홍제동313-34,126.9447337,37.5865183,씨피주,02-330-1562~3,서울특별시 서대문구청,2025-01-01
홍제1동3036,서울특별시 서대문구 홍제동313-44,126.9433248,37.5868661,한전주,02-330-1562~3,서울특별시 서대문구청,2025-01-01
홍제1동3054,서울특별시 서대문구 홍제동313-59,126.9450212,37.5870075,전용주,02-330-1562~3,서울특별시 서대문구청,2025-01-01
홍제1동3013,서울특별시 서대문구 홍제동313-8,126.9430547,37.5867466,한전주,02-330-1562~3,서울특별시 서대문구청,2025-01-01
홍제1동3014,서울특별시 서대문구 홍제동313-8,126.9430547,37.5867466,한전주,02-330-1562~3,서울특별시 서대문구청,2025-01-01
홍제1동3048,서울특별시 서대문구 홍제동314-1,126.9433216,37.5870914,전용주,02-330-1562~3,서울특별시 서대문구청,2025-01-01
홍제1동3009,서울특별시 서대문구 홍제동314-2,126.942928,37.5868986,한전주,02-330-1562~3,서울특별시 서대문구청,2025-01-01
홍제1동3010,서울특별시 서대문구 홍제동314-5,126.9427373,37.5867708,한전주,02-330-1562~3,서울특별시 서대문구청,2025-01-01
홍제1동3012,서울특별시 서대문구 홍제동314-5,126.9427373,37.5867708,한전주,02-330-1562~3,서울특별시 서대문구청,2025-01-01
홍제1동3003,서울특별시 서대문구 홍제동314-6,126.9431753,37.587027,씨피주,02-330-1562~3,서울특별시 서대문구청,2025-01-01
홍제1동3001,서울특별시 서대문구 홍제동315-1,126.9442681,37.5874152,한전주,02-330-1562~3,서울특별시 서대문구청,2025-01-01
홍제1동2144-1,서울특별시 서대문구 홍제동315-1,126.9442681,37.5874152,한전주,02-330-1562~3,서울특별시 서대문구청,2025-01-01
홍제1동3017,서울특별시 서대문구 홍제동315-10,126.9437019,37.5866172,한전주,02-330-1562~3,서울특별시 서대문구청,2025-01-01
홍제1동3038,서울특별시 서대문구 홍제동315-11,126.9443823,37.5873441,통신주,02-330-1562~3,서울특별시 서대문구청,2025-01-01
홍제1동3034,서울특별시 서대문구 홍제동315-41,126.9438659,37.5870332,한전주,02-330-1562~3,서울특별시 서대문구청,2025-01-01
홍제1동10145,서울특별시 서대문구 홍제동315-41,126.9438659,37.5870332,건축물,02-330-1562~3,서울특별시 서대문구청,2025-01-01
홍제1동3035,서울특별시 서대문구 홍제동315-42,126.9440893,37.5872514,건축물,02-330-1562~3,서울특별시 서대문구청,2025-01-01
홍제1동3002,서울특별시 서대문구 홍제동315-55,126.9438632,37.5872224,한전주,02-330-1562~3,서울특별시 서대문구청,2025-01-01
홍제1동3032,서울특별시 서대문구 홍제동316-1,126.9437835,37.5864558,건축물,02-330-1562~3,서울특별시 서대문구청,2025-01-01
홍제1동3030,서울특별시 서대문구 홍제동317-12,126.9436424,37.586022,건축물,02-330-1562~3,서울특별시 서대문구청,2025-01-01
홍제1동3037,서울특별시 서대문구 홍제동317-3,126.9438911,37.5860513,한전주,02-330-1562~3,서울특별시 서대문구청,2025-01-01
홍제1동3024,서울특별시 서대문구 홍제동318-13,126.9435674,37.585724,한전주,02-330-1562~3,서울특별시 서대문구청,2025-01-01
홍제1동3624,서울특별시 서대문구 홍제동318-13,126.9435674,37.585724,건축물,02-330-1562~3,서울특별시 서대문구청,2025-01-01
홍제1동3020,서울특별시 서대문구 홍제동318-23,126.943101,37.585873,건축물,02-330-1562~3,서울특별시 서대문구청,2025-01-01
홍제1동3021,서울특별시 서대문구 홍제동318-23,126.943101,37.585873,건축물,02-330-1562~3,서울특별시 서대문구청,2025-01-01
홍제1동3022,서울특별시 서대문구 홍제동318-26,126.9434414,37.585822,한전주,02-330-1562~3,서울특별시 서대문구청,2025-01-01
홍제1동3023,서울특별시 서대문구 홍제동318-28,126.9434572,37.5855068,한전주,02-330-1562~3,서울특별시 서대문구청,2025-01-01
홍제1동3025,서울특별시 서대문구 홍제동319-1,126.9443151,37.5856947,한전주,02-330-1562~3,서울특별시 서대문구청,2025-01-01
홍제1동3029,서울특별시 서대문구 홍제동319-1,126.9443151,37.5856947,한전주,02-330-1562~3,서울특별시 서대문구청,2025-01-01
홍제1동3026,서울특별시 서대문구 홍제동319-1,126.9443151,37.5856947,한전주,02-330-1562~3,서울특별시 서대문구청,2025-01-01
홍제1동3027,서울특별시 서대문구 홍제동319-1,126.9443151,37.5856947,한전주,02-330-1562~3,서울특별시 서대문구청,2025-01-01
홍제1동3028,서울특별시 서대문구 홍제동319-1,126.9443151,37.5856947,한전주,02-330-1562~3,서울특별시 서대문구청,2025-01-01
홍제1동5043,서울특별시 서대문구 홍제동321-1,126.9439756,37.5840788,한전주,02-330-1562~3,서울특별시 서대문구청,2025-01-01
홍제1동5046,서울특별시 서대문구 홍제동321-3,126.9441047,37.5837556,한전주,02-330-1562~3,서울특별시 서대문구청,2025-01-01
홍제1동5045,서울특별시 서대문구 홍제동321-3,126.9441047,37.5837556,한전주,02-330-1562~3,서울특별시 서대문구청,2025-01-01
홍제1동6005,서울특별시 서대문구 홍제동321-44,126.9439276,37.5834656,건축물 ,02-330-1562~3,서울특별시 서대문구청,2025-01-01
홍제1동6006,서울특별시 서대문구 홍제동321-44,126.9439276,37.5834656,한전주,02-330-1562~3,서울특별시 서대문구청,2025-01-01
홍제1동6026,서울특별시 서대문구 홍제동322-112,126.9423185,37.5827664,한전주,02-330-1562~3,서울특별시 서대문구청,2025-01-01
홍제1동6007,서울특별시 서대문구 홍제동322-50,126.9434967,37.5835158,건축물 ,02-330-1562~3,서울특별시 서대문구청,2025-01-01
홍제1동6307,서울특별시 서대문구 홍제동322-53,126.943589,37.5833905,건축물,02-330-1562~3,서울특별시 서대문구청,2025-01-01
홍제1동1-2,서울특별시 서대문구 홍제동322-54,126.943579,37.5833003,전용주,02-330-1562~3,서울특별시 서대문구청,2025-01-01
홍제1동1-3,서울특별시 서대문구 홍제동322-54,126.943579,37.5833003,전용주,02-330-1562~3,서울특별시 서대문구청,2025-01-01
홍제1동6023,서울특별시 서대문구 홍제동322-62,126.9419422,37.5837542,전용주,02-330-1562~3,서울특별시 서대문구청,2025-01-01
홍제1동6021,서울특별시 서대문구 홍제동322-62,126.9419422,37.5837542,전용주,02-330-1562~3,서울특별시 서대문구청,2025-01-01
홍제1동6020,서울특별시 서대문구 홍제동322-64,126.9418669,37.5834742,건축물 ,02-330-1562~3,서울특별시 서대문구청,2025-01-01
홍제1동6019,서울특별시 서대문구 홍제동322-67,126.9420396,37.5832685,건축물,02-330-1562~3,서울특별시 서대문구청,2025-01-01
홍제1동20,서울특별시 서대문구 홍제동322-67,126.9420396,37.5832685,건축물,02-330-1562~3,서울특별시 서대문구청,2025-01-01
홍제1동6018,서울특별시 서대문구 홍제동322-67,126.9420396,37.5832685,건축물,02-330-1562~3,서울특별시 서대문구청,2025-01-01
홍제1동6017,서울특별시 서대문구 홍제동322-75,126.9422205,37.5832882,한전주,02-330-1562~3,서울특별시 서대문구청,2025-01-01
홍제1동6016,서울특별시 서대문구 홍제동322-75,126.9422205,37.5832882,전용주,02-330-1562~3,서울특별시 서대문구청,2025-01-01
홍제1동6015,서울특별시 서대문구 홍제동322-79,126.942221,37.5832521,통신주,02-330-1562~3,서울특별시 서대문구청,2025-01-01
홍제1동6024,서울특별시 서대문구 홍제동322-79,126.942221,37.5832521,한전주,02-330-1562~3,서울특별시 서대문구청,2025-01-01
홍제1동9984,서울특별시 서대문구 홍제동322-79,126.942221,37.5832521,전용주,02-330-1562~3,서울특별시 서대문구청,2025-01-01
홍제1동6014,서울특별시 서대문구 홍제동322-79,126.942221,37.5832521,한전주,02-330-1562~3,서울특별시 서대문구청,2025-01-01
홍제1동9980,서울특별시 서대문구 홍제동322-79,126.942221,37.5832521,전용주,02-330-1562~3,서울특별시 서대문구청,2025-01-01
홍제1동6027,서울특별시 서대문구 홍제동322-85,126.9427934,37.5828067,한전주,02-330-1562~3,서울특별시 서대문구청,2025-01-01
홍제1동1,서울특별시 서대문구 홍제동322-87,126.9429109,37.5825014,한전주,02-330-1562~3,서울특별시 서대문구청,2025-01-01
홍제1동6030,서울특별시 서대문구 홍제동322-87,126.9429109,37.5825014,한전주,02-330-1562~3,서울특별시 서대문구청,2025-01-01
홍제1동6041,서울특별시 서대문구 홍제동322-95,126.9428402,37.5818971,한전주,02-330-1562~3,서울특별시 서대문구청,2025-01-01
홍제1동1208,서울특별시 서대문구 홍제동322-95,126.9428402,37.5818971,한전주,02-330-1562~3,서울특별시 서대문구청,2025-01-01
홍제1동2125,서울특별시 서대문구 홍제동323-12,126.9413019,37.5905873,한전주,02-330-1562~3,서울특별시 서대문구청,2025-01-01
홍제1동2094,서울특별시 서대문구 홍제동323-336,126.9416744,37.5906717,한전주,02-330-1562~3,서울특별시 서대문구청,2025-01-01
홍제1동2120,서울특별시 서대문구 홍제동326-10,126.9418142,37.5903937,건축물,02-330-1562~3,서울특별시 서대문구청,2025-01-01
홍제1동9901,서울특별시 서대문구 홍제동326-16,126.9418835,37.5902952,건축물,02-330-1562~3,서울특별시 서대문구청,2025-01-01
홍제1동3101,서울특별시 서대문구 홍제동326-20,126.9419857,37.5902781,전용주,02-330-1562~3,서울특별시 서대문구청,2025-01-01
홍제1동2117,서울특별시 서대문구 홍제동326-25,126.9414293,37.5903902,한전주,02-330-1562~3,서울특별시 서대문구청,2025-01-01
홍제1동2121,서울특별시 서대문구 홍제동326-3,126.9418014,37.5905017,건축물,02-330-1562~3,서울특별시 서대문구청,2025-01-01
홍제1동2123,서울특별시 서대문구 홍제동326-5,126.9415982,37.5904548,건축물,02-330-1562~3,서울특별시 서대문구청,2025-01-01
홍제1동2118,서울특별시 서대문구 홍제동326-6,126.9415543,37.5903553,건축물,02-330-1562~3,서울특별시 서대문구청,2025-01-01
홍제1동2119,서울특별시 서대문구 홍제동326-7,126.9416332,37.590383,건축물,02-330-1562~3,서울특별시 서대문구청,2025-01-01
홍제1동2108,서울특별시 서대문구 홍제동330-103,126.9432651,37.5886857,한전주,02-330-1562~3,서울특별시 서대문구청,2025-01-01
홍제1동2109,서울특별시 서대문구 홍제동330-105,126.942887,37.5889977,한전주,02-330-1562~3,서울특별시 서대문구청,2025-01-01
홍제1동2110,서울특별시 서대문구 홍제동330-113,126.9426349,37.5892117,한전주,02-330-1562~3,서울특별시 서대문구청,2025-01-01
홍제1동2106,서울특별시 서대문구 홍제동330-154,126.9431867,37.5886219,건축물,02-330-1562~3,서울특별시 서대문구청,2025-01-01
홍제1동2104,서울특별시 서대문구 홍제동330-156,126.9424563,37.5890298,한전주,02-330-1562~3,서울특별시 서대문구청,2025-01-01
홍제1동2097,서울특별시 서대문구 홍제동330-169,126.9415059,37.5897782,한전주,02-330-1562~3,서울특별시 서대문구청,2025-01-01
홍제1동2136,서울특별시 서대문구 홍제동330-210,126.9433833,37.5883353,한전주,02-330-1562~3,서울특별시 서대문구청,2025-01-01
홍제1동10164,서울특별시 서대문구 홍제동330-210,126.9433833,37.5883353,건축물,02-330-1562~3,서울특별시 서대문구청,2025-01-01
홍제1동1183,서울특별시 서대문구 홍제동330-23,126.9420913,37.5900177,건축물,02-330-1562~3,서울특별시 서대문구청,2025-01-01
홍제1동2107,서울특별시 서대문구 홍제동330-238,126.9434494,37.5884621,한전주,02-330-1562~3,서울특별시 서대문구청,2025-01-01
홍제1동2135,서울특별시 서대문구 홍제동330-241,126.943621,37.5883375,한전주,02-330-1562~3,서울특별시 서대문구청,2025-01-01
홍제1동2088,서울특별시 서대문구 홍제동330-247,126.9432137,37.5883158,한전주,02-330-1562~3,서울특별시 서대문구청,2025-01-01
홍제1동2112,서울특별시 서대문구 홍제동330-281,126.9422993,37.5897222,건축물,02-330-1562~3,서울특별시 서대문구청,2025-01-01
홍제1동2129,서울특별시 서대문구 홍제동330-283,126.942435,37.5897325,건축물,02-330-1562~3,서울특별시 서대문구청,2025-01-01
홍제1동2543,서울특별시 서대문구 홍제동330-287,126.9430474,37.5888639,통신주,02-330-1562~3,서울특별시 서대문구청,2025-01-01
홍제1동2115,서울특별시 서대문구 홍제동330-294,126.9418098,37.5899071,한전주,02-330-1562~3,서울특별시 서대문구청,2025-01-01
홍제1동2114,서울특별시 서대문구 홍제동330-294,126.9418098,37.5899071,한전주,02-330-1562~3,서울특별시 서대문구청,2025-01-01
홍제1동2113,서울특별시 서대문구 홍제동330-299,126.9420505,37.589702,한전주,02-330-1562~3,서울특별시 서대문구청,2025-01-01
홍제1동2111,서울특별시 서대문구 홍제동330-306,126.9422567,37.5895326,한전주,02-330-1562~3,서울특별시 서대문구청,2025-01-01
홍제1동2103,서울특별시 서대문구 홍제동330-309,126.9422928,37.5893798,한전주,02-330-1562~3,서울특별시 서대문구청,2025-01-01
홍제1동2099,서울특별시 서대문구 홍제동330-326,126.9416875,37.5897438,건축물,02-330-1562~3,서울특별시 서대문구청,2025-01-01
홍제1동2100,서울특별시 서대문구 홍제동330-326,126.9416875,37.5897438,건축물,02-330-1562~3,서울특별시 서대문구청,2025-01-01
홍제1동2089,서울특별시 서대문구 홍제동330-326,126.9416875,37.5897438,통신주,02-330-1562~3,서울특별시 서대문구청,2025-01-01
홍제1동2101,서울특별시 서대문구 홍제동330-329,126.941802,37.5896547,한전주,02-330-1562~3,서울특별시 서대문구청,2025-01-01
홍제1동2102,서울특별시 서대문구 홍제동330-334,126.9421001,37.5893961,건축물,02-330-1562~3,서울특별시 서대문구청,2025-01-01
홍제1동1187,서울특별시 서대문구 홍제동330-337,126.9422033,37.5893069,건축물,02-330-1562~3,서울특별시 서대문구청,2025-01-01
홍제1동2091,서울특별시 서대문구 홍제동330-341,126.9426519,37.5888063,건축물,02-330-1562~3,서울특별시 서대문구청,2025-01-01
홍제1동2090,서울특별시 서대문구 홍제동330-342,126.9427663,37.5887263,건축물,02-330-1562~3,서울특별시 서대문구청,2025-01-01
홍제1동2105,서울특별시 서대문구 홍제동330-343,126.942845,37.588763,한전주,02-330-1562~3,서울특별시 서대문구청,2025-01-01
홍제1동2908,서울특별시 서대문구 홍제동330-350,126.94155,37.5898597,한전주,02-330-1562~3,서울특별시 서대문구청,2025-01-01
홍제1동2096,서울특별시 서대문구 홍제동330-353,126.9416205,37.5896801,한전주,02-330-1562~3,서울특별시 서대문구청,2025-01-01
홍제1동2095,서울특별시 서대문구 홍제동330-355,126.9419299,37.5894216,한전주,02-330-1562~3,서울특별시 서대문구청,2025-01-01
홍제1동2130,서울특별시 서대문구 홍제동330-37,126.942607,37.5895808,건축물,02-330-1562~3,서울특별시 서대문구청,2025-01-01
홍제1동2128,서울특별시 서대문구 홍제동330-48,126.9422843,37.5899834,건축물,02-330-1562~3,서울특별시 서대문구청,2025-01-01
홍제1동2536,서울특별시 서대문구 홍제동330-54,126.9427421,37.5896361,전용주,02-330-1562~3,서울특별시 서대문구청,2025-01-01
홍제1동3100,서울특별시 서대문구 홍제동330-57,126.943017,37.5894133,전용주,02-330-1562~3,서울특별시 서대문구청,2025-01-01
홍제1동2132,서울특별시 서대문구 홍제동330-61,126.9435211,37.5889943,씨피주,02-330-1562~3,서울특별시 서대문구청,2025-01-01
홍제1동2533,서울특별시 서대문구 홍제동330-61,126.9435211,37.5889943,통신주,02-330-1562~3,서울특별시 서대문구청,2025-01-01
홍제1동2133,서울특별시 서대문구 홍제동330-61,126.9435211,37.5889943,전용주,02-330-1562~3,서울특별시 서대문구청,2025-01-01
홍제1동2435,서울특별시 서대문구 홍제동330-70,126.943879,37.588511,건축물,02-330-1562~3,서울특별시 서대문구청,2025-01-01
홍제1동9664,서울특별시 서대문구 홍제동330-73,126.943799,37.5885643,건축물,02-330-1562~3,서울특별시 서대문구청,2025-01-01
홍제1동2134,서울특별시 서대문구 홍제동330-76,126.943651,37.5886171,건축물,02-330-1562~3,서울특별시 서대문구청,2025-01-01
홍제1동2131,서울특별시 서대문구 홍제동330-87,126.9429852,37.5892598,한전주,02-330-1562~3,서울특별시 서대문구청,2025-01-01
홍제1동2093,서울특별시 서대문구 홍제동332-12,126.9422538,37.5889379,한전주,02-330-1562~3,서울특별시 서대문구청,2025-01-01
홍제1동2092,서울특별시 서대문구 홍제동332-12,126.9422538,37.5889379,한전주,02-330-1562~3,서울특별시 서대문구청,2025-01-01
홍제1동4111,서울특별시 서대문구 홍제동332-16,126.9421303,37.5888647,전용주,02-330-1562~3,서울특별시 서대문구청,2025-01-01
홍제1동3012-1,서울특별시 서대문구 홍제동332-16,126.9421303,37.5888647,전용주,02-330-1562~3,서울특별시 서대문구청,2025-01-01
홍제1동2087,서울특별시 서대문구 홍제동332-2,126.9430444,37.5882783,건축물,02-330-1562~3,서울특별시 서대문구청,2025-01-01
홍제1동1051,서울특별시 서대문구 홍제동334-107,126.936458,37.587237,전용주,02-330-1562~3,서울특별시 서대문구청,2025-01-01
홍제1동1049,서울특별시 서대문구 홍제동334-107,126.936458,37.587237,건축물,02-330-1562~3,서울특별시 서대문구청,2025-01-01
홍제1동1050,서울특별시 서대문구 홍제동334-110,126.936659,37.587437,건축물,02-330-1562~3,서울특별시 서대문구청,2025-01-01
홍제1동1043,서울특별시 서대문구 홍제동334-150,126.93792,37.5879349,한전주,02-330-1562~3,서울특별시 서대문구청,2025-01-01
홍제1동1046,서울특별시 서대문구 홍제동334-152,126.9379559,37.5878001,한전주,02-330-1562~3,서울특별시 서대문구청,2025-01-01
홍제1동1032,서울특별시 서대문구 홍제동334-16,126.9373776,37.5886599,한전주,02-330-1562~3,서울특별시 서대문구청,2025-01-01
홍제1동1-16,서울특별시 서대문구 홍제동334-28,126.9375025,37.588634,건축물,02-330-1562~3,서울특별시 서대문구청,2025-01-01
홍제1동1033,서울특별시 서대문구 홍제동334-36,126.936967,37.5880705,건축물,02-330-1562~3,서울특별시 서대문구청,2025-01-01
홍제1동1038,서울특별시 서대문구 홍제동334-38,126.9374635,37.5881921,한전주,02-330-1562~3,서울특별시 서대문구청,2025-01-01
홍제1동2142-1,서울특별시 서대문구 홍제동334-39,126.9373401,37.5881099,건축물,02-330-1562~3,서울특별시 서대문구청,2025-01-01
홍제1동1031,서울특별시 서대문구 홍제동334-42,126.9369814,37.5878544,한전주,02-330-1562~3,서울특별시 서대문구청,2025-01-01
홍제1동1036,서울특별시 서대문구 홍제동334-42,126.9369814,37.5878544,한전주,02-330-1562~3,서울특별시 서대문구청,2025-01-01
홍제1동1044,서울특별시 서대문구 홍제동334-50,126.9377155,37.5879871,한전주,02-330-1562~3,서울특별시 서대문구청,2025-01-01
홍제1동1042,서울특별시 서대문구 홍제동334-53,126.9373452,37.5877495,한전주,02-330-1562~3,서울특별시 서대문구청,2025-01-01
홍제1동1045,서울특별시 서대문구 홍제동334-57,126.9378437,37.587727,한전주,02-330-1562~3,서울특별시 서대문구청,2025-01-01
홍제1동1047,서울특별시 서대문구 홍제동334-58,126.9377204,37.5876448,한전주,02-330-1562~3,서울특별시 서대문구청,2025-01-01
홍제1동1041,서울특별시 서대문구 홍제동334-67,126.9371579,37.5873874,건축물,02-330-1562~3,서울특별시 서대문구청,2025-01-01
홍제1동1039,서울특별시 서대문구 홍제동334-70,126.9370323,37.5874584,한전주,02-330-1562~3,서울특별시 서대문구청,2025-01-01
홍제1동1186,서울특별시 서대문구 홍제동334-73,126.9368381,37.5875828,전용주,02-330-1562~3,서울특별시 서대문구청,2025-01-01
홍제1동1453,서울특별시 서대문구 홍제동334-76,126.9367637,37.5872397,통신주,02-330-1562~3,서울특별시 서대문구청,2025-01-01
홍제1동1029,서울특별시 서대문구 홍제동334-97,126.9364854,37.5876967,한전주,02-330-1562~3,서울특별시 서대문구청,2025-01-01
홍제1동1028,서울특별시 서대문구 홍제동334-87,126.9365181,37.5877871,전용주,02-330-1562~3,서울특별시 서대문구청,2025-01-01
홍제1동1048,서울특별시 서대문구 홍제동334-87,126.9365181,37.5877871,통신주,02-330-1562~3,서울특별시 서대문구청,2025-01-01
홍제1동1035,서울특별시 서대문구 홍제동334-9,126.9374047,37.5883447,씨피주,02-330-1562~3,서울특별시 서대문구청,2025-01-01
홍제1동1056,서울특별시 서대문구 홍제동335-10,126.9370738,37.5869272,한전주,02-330-1562~3,서울특별시 서대문구청,2025-01-01
홍제1동1054,서울특별시 서대문구 홍제동335-12,126.9373861,37.5872633,건축물,02-330-1562~3,서울특별시 서대문구청,2025-01-01
홍제1동1058,서울특별시 서대문구 홍제동335-9,126.9371998,37.5868292,한전주,02-330-1562~3,서울특별시 서대문구청,2025-01-01
홍제1동1086,서울특별시 서대문구 홍제동339-7,126.9376994,37.5859326,건축물,02-330-1562~3,서울특별시 서대문구청,2025-01-01
홍제1동1061,서울특별시 서대문구 홍제동340-1,126.937287,37.5862713,한전주,02-330-1562~3,서울특별시 서대문구청,2025-01-01
홍제1동1083,서울특별시 서대문구 홍제동340-2,126.9372789,37.586046,한전주,02-330-1562~3,서울특별시 서대문구청,2025-01-01
홍제1동1052,서울특별시 서대문구 홍제동341-2,126.9372152,37.586541,한전주,02-330-1562~3,서울특별시 서대문구청,2025-01-01
홍제1동1059,서울특별시 서대문구 홍제동341-2,126.9372152,37.586541,건축물,02-330-1562~3,서울특별시 서대문구청,2025-01-01
홍제1동1060,서울특별시 서대문구 홍제동341-2,126.9372152,37.586541,한전주,02-330-1562~3,서울특별시 서대문구청,2025-01-01
홍제1동1062,서울특별시 서대문구 홍제동341-24,126.9369013,37.5863219,한전주,02-330-1562~3,서울특별시 서대문구청,2025-01-01
홍제1동1206,서울특별시 서대문구 홍제동341-24,126.9369013,37.5863219,전용주,02-330-1562~3,서울특별시 서대문구청,2025-01-01
홍제1동1064,서울특별시 서대문구 홍제동341-4,126.93678,37.5860956,한전주,02-330-1562~3,서울특별시 서대문구청,2025-01-01
홍제1동1063,서울특별시 서대문구 홍제동341-4,126.93678,37.5860956,한전주,02-330-1562~3,서울특별시 서대문구청,2025-01-01
홍제1동1065,서울특별시 서대문구 홍제동341-6,126.9364069,37.5860562,한전주,02-330-1562~3,서울특별시 서대문구청,2025-01-01
홍제1동1074,서울특별시 서대문구 홍제동341-7,126.9364323,37.5858582,한전주,02-330-1562~3,서울특별시 서대문구청,2025-01-01
홍제1동1055,서울특별시 서대문구 홍제동342-1,126.9370474,37.5871972,통신주,02-330-1562~3,서울특별시 서대문구청,2025-01-01
홍제1동1053,서울특별시 서대문구 홍제동342-2,126.9369353,37.5871151,한전주,02-330-1562~3,서울특별시 서대문구청,2025-01-01
홍제1동1067,서울특별시 서대문구 홍제동342-8,126.9365177,37.5862283,통신주,02-330-1562~3,서울특별시 서대문구청,2025-01-01
홍제1동1080,서울특별시 서대문구 홍제동344-3,126.9369212,37.5857184,한전주,02-330-1562~3,서울특별시 서대문구청,2025-01-01
홍제1동1081,서울특별시 서대문구 홍제동344-8,126.9365929,37.5857154,통신주,02-330-1562~3,서울특별시 서대문구청,2025-01-01
홍제1동1-1,서울특별시 서대문구 홍제동345-5,126.9373161,37.5858121,전용주,02-330-1562~3,서울특별시 서대문구청,2025-01-01
홍제1동1085,서울특별시 서대문구 홍제동346-4,126.937659,37.5855899,한전주,02-330-1562~3,서울특별시 서대문구청,2025-01-01
홍제1동1489,서울특별시 서대문구 홍제동349-1,126.9379947,37.5850703,한전주,02-330-1562~3,서울특별시 서대문구청,2025-01-01
홍제1동1195,서울특별시 서대문구 홍제동350-2,126.9379175,37.5849254,전용주,02-330-1562~3,서울특별시 서대문구청,2025-01-01
홍제1동1101,서울특별시 서대문구 홍제동353-2,126.9380088,37.5848722,한전주,02-330-1562~3,서울특별시 서대문구청,2025-01-01
홍제1동1092,서울특별시 서대문구 홍제동354-1,126.9386063,37.5850578,한전주,02-330-1562~3,서울특별시 서대문구청,2025-01-01
홍제1동11,서울특별시 서대문구 홍제동354-4,126.9385075,37.5848407,전용주,02-330-1562~3,서울특별시 서대문구청,2025-01-01
홍제1동1099,서울특별시 서대문구 홍제동354-6,126.9383231,37.5850643,한전주,02-330-1562~3,서울특별시 서대문구청,2025-01-01
홍제1동1090,서울특별시 서대문구 홍제동354-6,126.9383231,37.5850643,한전주,02-330-1562~3,서울특별시 서대문구청,2025-01-01
홍제1동1163,서울특별시 서대문구 홍제동356-102,126.9391168,37.5849903,건축물,02-330-1562~3,서울특별시 서대문구청,2025-01-01
홍제1동1160,서울특별시 서대문구 홍제동356-106,126.9393165,37.5844785,한전주,02-330-1562~3,서울특별시 서대문구청,2025-01-01
홍제1동1170,서울특별시 서대문구 홍제동356-107,126.9393034,37.5846045,한전주,02-330-1562~3,서울특별시 서대문구청,2025-01-01
홍제1동1167,서울특별시 서대문구 홍제동356-127,126.939619,37.5847065,건축물,02-330-1562~3,서울특별시 서대문구청,2025-01-01
홍제1동1156,서울특별시 서대문구 홍제동356-13,126.9390575,37.5843771,한전주,02-330-1562~3,서울특별시 서대문구청,2025-01-01
홍제1동1155,서울특별시 서대문구 홍제동356-13,126.9390575,37.5843771,전용주,02-330-1562~3,서울특별시 서대문구청,2025-01-01
홍제1동1153,서울특별시 서대문구 홍제동356-167,126.938891,37.5841413,한전주,02-330-1562~3,서울특별시 서대문구청,2025-01-01
홍제1동1095,서울특별시 서대문구 홍제동356-168,126.9388708,37.5847718,한전주,02-330-1562~3,서울특별시 서대문구청,2025-01-01
홍제1동1151,서울특별시 서대문구 홍제동356-18,126.9384719,37.5841555,한전주,02-330-1562~3,서울특별시 서대문구청,2025-01-01
홍제1동1151-1,서울특별시 서대문구 홍제동356-18,126.9384719,37.5841555,한전주,02-330-1562~3,서울특별시 서대문구청,2025-01-01
홍제1동9652,서울특별시 서대문구 홍제동356-18,126.9384719,37.5841555,통신주,02-330-1562~3,서울특별시 서대문구청,2025-01-01
홍제1동1096,서울특별시 서대문구 홍제동356-26,126.9383943,37.5848396,건축물,02-330-1562~3,서울특별시 서대문구청,2025-01-01
홍제1동1496,서울특별시 서대문구 홍제동356-27,126.9383157,37.5847939,건축물,02-330-1562~3,서울특별시 서대문구청,2025-01-01
홍제1동1098,서울특별시 서대문구 홍제동356-30,126.9382841,37.5846224,한전주,02-330-1562~3,서울특별시 서대문구청,2025-01-01
홍제1동1009,서울특별시 서대문구 홍제동356-33,126.9382484,37.5847482,한전주,02-330-1562~3,서울특별시 서대문구청,2025-01-01
홍제1동1097,서울특별시 서대문구 홍제동356-41,126.9384896,37.5845071,한전주,02-330-1562~3,서울특별시 서대문구청,2025-01-01
홍제1동1169,서울특별시 서대문구 홍제동356-43,126.9399891,37.5849531,건축물 ,02-330-1562~3,서울특별시 서대문구청,2025-01-01
홍제1동1172,서울특별시 서대문구 홍제동356-50,126.9398797,37.5846818,한전주,02-330-1562~3,서울특별시 서대문구청,2025-01-01
홍제1동1173,서울특별시 서대문구 홍제동356-58,126.9400282,37.584593,한전주,02-330-1562~3,서울특별시 서대문구청,2025-01-01
홍제1동1154,서울특별시 서대문구 홍제동356-6,126.9387058,37.584428,한전주,02-330-1562~3,서울특별시 서대문구청,2025-01-01
홍제1동1175,서울특별시 서대문구 홍제동356-65,126.9398167,37.5843388,전용주,02-330-1562~3,서울특별시 서대문구청,2025-01-01
홍제1동1161,서울특별시 서대문구 홍제동356-74,126.9391328,37.5846571,한전주,02-330-1562~3,서울특별시 서대문구청,2025-01-01
홍제1동1171,서울특별시 서대문구 홍제동356-75,126.9396884,37.584599,한전주,02-330-1562~3,서울특별시 서대문구청,2025-01-01
홍제1동1166,서울특별시 서대문구 홍제동356-80,126.9397075,37.5848514,건축물,02-330-1562~3,서울특별시 서대문구청,2025-01-01
홍제1동1168,서울특별시 서대문구 홍제동356-81,126.9398424,37.5849157,건축물,02-330-1562~3,서울특별시 서대문구청,2025-01-01
홍제1동1197,서울특별시 서대문구 홍제동356-84,126.939456,37.5850204,건축물 ,02-330-1562~3,서울특별시 서대문구청,2025-01-01
홍제1동1164,서울특별시 서대문구 홍제동356-86,126.9394605,37.5847051,한전주,02-330-1562~3,서울특별시 서대문구청,2025-01-01
홍제1동765,서울특별시 서대문구 홍제동356-91,126.9395364,37.58494,한전주,02-330-1562~3,서울특별시 서대문구청,2025-01-01
홍제1동1165,서울특별시 서대문구 홍제동356-92,126.9395377,37.5848499,한전주 ,02-330-1562~3,서울특별시 서대문구청,2025-01-01
홍제1동1162,서울특별시 서대문구 홍제동356-97,126.9392768,37.5848836,한전주,02-330-1562~3,서울특별시 서대문구청,2025-01-01
홍제1동1149,서울특별시 서대문구 홍제동357-20,126.9380776,37.5840168,전용주,02-330-1562~3,서울특별시 서대문구청,2025-01-01
홍제1동1142,서울특별시 서대문구 홍제동357-21,126.9378422,37.5838525,전용주,02-330-1562~3,서울특별시 서대문구청,2025-01-01
홍제1동1150,서울특별시 서대문구 홍제동357-19,126.9382128,37.5840631,건축물,02-330-1562~3,서울특별시 서대문구청,2025-01-01
홍제1동1124,서울특별시 서대문구 홍제동358-4,126.9378883,37.5845918,건축물,02-330-1562~3,서울특별시 서대문구청,2025-01-01
홍제1동1125,서울특별시 서대문구 홍제동358-6,126.937798,37.584573,건축물,02-330-1562~3,서울특별시 서대문구청,2025-01-01
홍제1동1104,서울특별시 서대문구 홍제동359-10,126.9376821,37.5847611,한전주,02-330-1562~3,서울특별시 서대문구청,2025-01-01
홍제1동1102,서울특별시 서대문구 홍제동359-10,126.9376821,37.5847611,한전주,02-330-1562~3,서울특별시 서대문구청,2025-01-01
홍제1동9603,서울특별시 서대문구 홍제동359-9,126.9375476,37.5846608,전용주,02-330-1562~3,서울특별시 서대문구청,2025-01-01
홍제1동1134,서울특별시 서대문구 홍제동360-10,126.9373869,37.5832267,한전주,02-330-1562~3,서울특별시 서대문구청,2025-01-01
홍제1동1121,서울특별시 서대문구 홍제동360-102,126.9373054,37.5841811,한전주,02-330-1562~3,서울특별시 서대문구청,2025-01-01
홍제1동1119,서울특별시 서대문구 홍제동360-105,126.9375996,37.5841928,한전주,02-330-1562~3,서울특별시 서대문구청,2025-01-01
홍제1동1122,서울특별시 서대문구 홍제동360-2,126.9374504,37.5843356,한전주,02-330-1562~3,서울특별시 서대문구청,2025-01-01
홍제1동10140,서울특별시 서대문구 홍제동360-32,126.9372815,37.5834691,전용주,02-330-1562~3,서울특별시 서대문구청,2025-01-01
홍제1동1082,서울특별시 서대문구 홍제동360-36,126.9372267,37.5857302,전용주,02-330-1562~3,서울특별시 서대문구청,2025-01-01
홍제1동1105,서울특별시 서대문구 홍제동360-45,126.93745,37.5851555,한전주,02-330-1562~3,서울특별시 서대문구청,2025-01-01
홍제1동1106,서울특별시 서대문구 홍제동360-50,126.9369722,37.5853134,한전주,02-330-1562~3,서울특별시 서대문구청,2025-01-01
홍제1동1087,서울특별시 서대문구 홍제동360-54,126.937133,37.5851527,한전주,02-330-1562~3,서울특별시 서대문구청,2025-01-01
홍제1동1107,서울특별시 서대문구 홍제동360-57,126.9370584,37.5848276,한전주,02-330-1562~3,서울특별시 서대문구청,2025-01-01
홍제1동1110,서울특별시 서대문구 홍제동360-6,126.9368063,37.5850416,한전주,02-330-1562~3,서울특별시 서대문구청,2025-01-01
홍제1동1078,서울특별시 서대문구 홍제동360-6,126.9368063,37.5850416,한전주,02-330-1562~3,서울특별시 서대문구청,2025-01-01
홍제1동1079,서울특별시 서대문구 홍제동360-6,126.9368063,37.5850416,건축물,02-330-1562~3,서울특별시 서대문구청,2025-01-01
홍제1동1108,서울특별시 서대문구 홍제동360-62,126.9371517,37.5846392,한전주,02-330-1562~3,서울특별시 서대문구청,2025-01-01
홍제1동1120,서울특별시 서대문구 홍제동360-65,126.9373579,37.5844699,한전주,02-330-1562~3,서울특별시 서대문구청,2025-01-01
홍제1동1113,서울특별시 서대문구 홍제동360-78,126.9368603,37.5844294,전용주,02-330-1562~3,서울특별시 서대문구청,2025-01-01
홍제1동1114,서울특별시 서대문구 홍제동360-80,126.9370644,37.5844042,건축물,02-330-1562~3,서울특별시 서대문구청,2025-01-01
홍제1동1203,서울특별시 서대문구 홍제동360-85,126.9372508,37.5840364,통신주,02-330-1562~3,서울특별시 서대문구청,2025-01-01
홍제1동1118,서울특별시 서대문구 홍제동360-88,126.9374892,37.5839935,건축물 ,02-330-1562~3,서울특별시 서대문구청,2025-01-01
홍제1동9605,서울특별시 서대문구 홍제동360-89,126.9373092,37.5839108,건축물,02-330-1562~3,서울특별시 서대문구청,2025-01-01
홍제1동1130,서울특별시 서대문구 홍제동360-96,126.937615,37.5839046,건축물 ,02-330-1562~3,서울특별시 서대문구청,2025-01-01
홍제1동1073,서울특별시 서대문구 홍제동361-1,126.9358415,37.586006,건축물,02-330-1562~3,서울특별시 서대문구청,2025-01-01
홍제1동1-13-1,서울특별시 서대문구 홍제동361-10,126.9361833,37.5866488,통신주,02-330-1562~3,서울특별시 서대문구청,2025-01-01
홍제1동1075,서울특별시 서대문구 홍제동361-105,126.9362432,37.5856222,통신주,02-330-1562~3,서울특별시 서대문구청,2025-01-01
홍제1동1519,서울특별시 서대문구 홍제동361-11,126.9359721,37.5863766,한전주,02-330-1562~3,서울특별시 서대문구청,2025-01-01
홍제1동1016,서울특별시 서대문구 홍제동361-111,126.9360627,37.5855755,건축물,02-330-1562~3,서울특별시 서대문구청,2025-01-01
홍제1동1015,서울특별시 서대문구 홍제동361-112,126.9358929,37.585574,전용주,02-330-1562~3,서울특별시 서대문구청,2025-01-01
홍제1동1015-1,서울특별시 서대문구 홍제동361-112,126.9358929,37.585574,전용주,02-330-1562~3,서울특별시 서대문구청,2025-01-01
홍제1동1016-1,서울특별시 서대문구 홍제동361-118,126.9360509,37.5856114,건축물,02-330-1562~3,서울특별시 서대문구청,2025-01-01
홍제1동1019,서울특별시 서대문구 홍제동361-127,126.9358149,37.5862851,전용주,02-330-1562~3,서울특별시 서대문구청,2025-01-01
홍제1동1019-1,서울특별시 서대문구 홍제동361-127,126.9358149,37.5862851,전용주,02-330-1562~3,서울특별시 서대문구청,2025-01-01
홍제1동1066,서울특별시 서대문구 홍제동361-128,126.9361567,37.586135,전용주,02-330-1562~3,서울특별시 서대문구청,2025-01-01
홍제1동1017,서울특별시 서대문구 홍제동361-14,126.9358438,37.5858438,전용주,02-330-1562~3,서울특별시 서대문구청,2025-01-01
홍제1동1017-1,서울특별시 서대문구 홍제동361-14,126.9358438,37.5858438,전용주,02-330-1562~3,서울특별시 서대문구청,2025-01-01
홍제1동1013,서울특별시 서대문구 홍제동361-144,126.9360026,37.5850253,한전주,02-330-1562~3,서울특별시 서대문구청,2025-01-01
홍제1동1014,서울특별시 서대문구 홍제동361-16,126.9359745,37.5854125,전용주,02-330-1562~3,서울특별시 서대문구청,2025-01-01
홍제1동1014-1,서울특별시 서대문구 홍제동361-16,126.9359745,37.5854125,전용주,02-330-1562~3,서울특별시 서대문구청,2025-01-01
홍제1동1010,서울특별시 서대문구 홍제동361-166,126.93634,37.5843886,한전주,02-330-1562~3,서울특별시 서대문구청,2025-01-01
홍제1동1071,서울특별시 서대문구 홍제동361-17,126.9361788,37.5869641,한전주,02-330-1562~3,서울특별시 서대문구청,2025-01-01
홍제1동1068,서울특별시 서대문구 홍제동361-19,126.9361742,37.5864956,한전주,02-330-1562~3,서울특별시 서대문구청,2025-01-01
홍제1동1004,서울특별시 서대문구 홍제동361-197,126.9368839,37.5835646,전용주,02-330-1562~3,서울특별시 서대문구청,2025-01-01
홍제1동1005,서울특별시 서대문구 홍제동361-197,126.9368839,37.5835646,건축물,02-330-1562~3,서울특별시 서대문구청,2025-01-01
홍제1동1025-1,서울특별시 서대문구 홍제동361-21,126.9362966,37.5874427,한전주,02-330-1562~3,서울특별시 서대문구청,2025-01-01
홍제1동1025-2,서울특별시 서대문구 홍제동361-21,126.9362966,37.5874427,한전주,02-330-1562~3,서울특별시 서대문구청,2025-01-01
홍제1동1024-1,서울특별시 서대문구 홍제동361-22,126.9362191,37.5873159,전용주,02-330-1562~3,서울특별시 서대문구청,2025-01-01
홍제1동1026,서울특별시 서대문구 홍제동361-22,126.9362191,37.5873159,전용주,02-330-1562~3,서울특별시 서대문구청,2025-01-01
홍제1동1026-1,서울특별시 서대문구 홍제동361-22,126.9362191,37.5873159,전용주,02-330-1562~3,서울특별시 서대문구청,2025-01-01
홍제1동1007,서울특별시 서대문구 홍제동361-26,126.9367647,37.583987,전용주,02-330-1562~3,서울특별시 서대문구청,2025-01-01
홍제1동316,서울특별시 서대문구 홍제동361-26,126.9367647,37.583987,전용주,02-330-1562~3,서울특별시 서대문구청,2025-01-01
홍제1동1344,서울특별시 서대문구 홍제동361-263,126.9380575,37.5838365,전용주,02-330-1562~3,서울특별시 서대문구청,2025-01-01
홍제1동1006-1,서울특별시 서대문구 홍제동361-27,126.9368237,37.5838163,한전주,02-330-1562~3,서울특별시 서대문구청,2025-01-01
홍제1동1002,서울특별시 서대문구 홍제동361-30,126.9372307,37.5830631,전용주,02-330-1562~3,서울특별시 서대문구청,2025-01-01
홍제1동1135,서울특별시 서대문구 홍제동361-30,126.9372307,37.5830631,건축물 ,02-330-1562~3,서울특별시 서대문구청,2025-01-01
홍제1동1001,서울특별시 서대문구 홍제동361-32,126.937312,37.5829197,전용주,02-330-1562~3,서울특별시 서대문구청,2025-01-01
홍제1동1136,서울특별시 서대문구 홍제동361-32,126.937312,37.5829197,한전주,02-330-1562~3,서울특별시 서대문구청,2025-01-01
홍제1동1023,서울특별시 서대문구 홍제동361-34,126.9360854,37.5871615,전용주,02-330-1562~3,서울특별시 서대문구청,2025-01-01
홍제1동1023-1,서울특별시 서대문구 홍제동361-34,126.9360854,37.5871615,전용주,02-330-1562~3,서울특별시 서대문구청,2025-01-01
홍제1동1027,서울특별시 서대문구 홍제동361-34,126.9360854,37.5871615,전용주,02-330-1562~3,서울특별시 서대문구청,2025-01-01
홍제1동1027-1,서울특별시 서대문구 홍제동361-34,126.9360854,37.5871615,전용주,02-330-1562~3,서울특별시 서대문구청,2025-01-01
홍제1동1021,서울특별시 서대문구 홍제동361-35,126.9359093,37.5868085,통신주,02-330-1562~3,서울특별시 서대문구청,2025-01-01
홍제1동1133,서울특별시 서대문구 홍제동361-38,126.9370446,37.5834129,한전주,02-330-1562~3,서울특별시 서대문구청,2025-01-01
홍제1동1018,서울특별시 서대문구 홍제동361-40,126.9358733,37.5861595,전용주,02-330-1562~3,서울특별시 서대문구청,2025-01-01
홍제1동1018-1,서울특별시 서대문구 홍제동361-40,126.9358733,37.5861595,전용주,02-330-1562~3,서울특별시 서대문구청,2025-01-01
홍제1동1003,서울특별시 서대문구 홍제동361-45,126.9371264,37.5832334,한전주,02-330-1562~3,서울특별시 서대문구청,2025-01-01
홍제1동1022,서울특별시 서대문구 홍제동361-47,126.9359639,37.5869532,한전주,02-330-1562~3,서울특별시 서대문구청,2025-01-01
홍제1동1022-1,서울특별시 서대문구 홍제동361-47,126.9359639,37.5869532,한전주,02-330-1562~3,서울특별시 서대문구청,2025-01-01
홍제1동1012,서울특별시 서대문구 홍제동361-49,126.9362208,37.5848111,한전주,02-330-1562~3,서울특별시 서대문구청,2025-01-01
홍제1동1012-1,서울특별시 서대문구 홍제동361-49,126.9362208,37.5848111,한전주,02-330-1562~3,서울특별시 서대문구청,2025-01-01
홍제1동1192,서울특별시 서대문구 홍제동361-49,126.9362208,37.5848111,전용주,02-330-1562~3,서울특별시 서대문구청,2025-01-01
홍제1동1011,서울특별시 서대문구 홍제동361-50,126.9362559,37.5847303,한전주,02-330-1562~3,서울특별시 서대문구청,2025-01-01
홍제1동1011-1,서울특별시 서대문구 홍제동361-50,126.9362559,37.5847303,한전주,02-330-1562~3,서울특별시 서대문구청,2025-01-01
홍제1동1076,서울특별시 서대문구 홍제동361-52,126.9362813,37.5853342,한전주,02-330-1562~3,서울특별시 서대문구청,2025-01-01
홍제1동1077,서울특별시 서대문구 홍제동361-52,126.9362813,37.5853342,통신주,02-330-1562~3,서울특별시 서대문구청,2025-01-01
홍제1동1111,서울특별시 서대문구 홍제동361-59,126.9364616,37.584597,한전주,02-330-1562~3,서울특별시 서대문구청,2025-01-01
홍제1동1115,서울특별시 서대문구 홍제동361-62,126.9367517,37.584104,한전주,02-330-1562~3,서울특별시 서대문구청,2025-01-01
홍제1동1008,서울특별시 서대문구 홍제동361-63,126.9365933,37.5840936,한전주,02-330-1562~3,서울특별시 서대문구청,2025-01-01
홍제1동1009-1,서울특별시 서대문구 홍제동361-64,126.9364545,37.5842996,전용주,02-330-1562~3,서울특별시 서대문구청,2025-01-01
홍제1동1112,서울특별시 서대문구 홍제동361-69,126.9366008,37.584364,통신주,02-330-1562~3,서울특별시 서대문구청,2025-01-01
홍제1동1020,서울특별시 서대문구 홍제동361-72,126.9358331,37.5865916,전용주,02-330-1562~3,서울특별시 서대문구청,2025-01-01
홍제1동1020-1,서울특별시 서대문구 홍제동361-72,126.9358331,37.5865916,전용주,02-330-1562~3,서울특별시 서대문구청,2025-01-01
홍제1동1072,서울특별시 서대문구 홍제동361-94,126.9361244,37.5860176,전용주,02-330-1562~3,서울특별시 서대문구청,2025-01-01
홍제1동1140,서울특별시 서대문구 홍제동362-2,126.9376188,37.5836343,전용주,02-330-1562~3,서울특별시 서대문구청,2025-01-01
홍제1동1138,서울특별시 서대문구 홍제동362-3,126.9375416,37.5834894,전용주 ,02-330-1562~3,서울특별시 서대문구청,2025-01-01
홍제1동1139,서울특별시 서대문구 홍제동362-3,126.9375416,37.5834894,건축물,02-330-1562~3,서울특별시 서대문구청,2025-01-01
홍제1동1-9,서울특별시 서대문구 홍제동362-6,126.937739,37.5839417,전용주,02-330-1562~3,서울특별시 서대문구청,2025-01-01
홍제1동1142-1,서울특별시 서대문구 홍제동362-7,126.937695,37.5838512,건축물 ,02-330-1562~3,서울특별시 서대문구청,2025-01-01
홍제1동1129,서울특별시 서대문구 홍제동363-10,126.9378479,37.584249,전용주,02-330-1562~3,서울특별시 서대문구청,2025-01-01
홍제1동1123,서울특별시 서대문구 홍제동363-5,126.9379009,37.5845018,한전주,02-330-1562~3,서울특별시 서대문구청,2025-01-01
홍제1동1-8,서울특별시 서대문구 홍제동363-89,126.9379721,37.5842682,전용주,02-330-1562~3,서울특별시 서대문구청,2025-01-01
홍제1동1126,서울특별시 서대문구 홍제동363-9,126.9378687,37.5843754,건축물 ,02-330-1562~3,서울특별시 서대문구청,2025-01-01
홍제1동1127,서울특별시 서대문구 홍제동364-1,126.9380601,37.5844492,한전주,02-330-1562~3,서울특별시 서대문구청,2025-01-01
홍제1동1152,서울특별시 서대문구 홍제동364-12,126.9382227,37.5841623,건축물 ,02-330-1562~3,서울특별시 서대문구청,2025-01-01
홍제1동1128,서울특별시 서대문구 홍제동364-14,126.9379711,37.5843403,한전주,02-330-1562~3,서울특별시 서대문구청,2025-01-01
홍제1동1084,서울특별시 서대문구 홍제동364-4,126.9380404,37.5842418,한전주,02-330-1562~3,서울특별시 서대문구청,2025-01-01
홍제1동1144,서울특별시 서대문구 홍제동365-2,126.9381478,37.5838553,한전주,02-330-1562~3,서울특별시 서대문구청,2025-01-01
홍제1동1145,서울특별시 서대문구 홍제동365-5,126.9379802,37.5837006,건축물 ,02-330-1562~3,서울특별시 서대문구청,2025-01-01
홍제1동1143,서울특별시 서대문구 홍제동365-5,126.9379802,37.5837006,전용주,02-330-1562~3,서울특별시 서대문구청,2025-01-01
홍제1동1147,서울특별시 서대문구 홍제동366-1,126.9379066,37.5833035,건축물,02-330-1562~3,서울특별시 서대문구청,2025-01-01
홍제1동10155,서울특별시 서대문구 홍제동366-13,126.9379599,37.5835382,건축물,02-330-1562~3,서울특별시 서대문구청,2025-01-01
홍제1동1137,서울특별시 서대문구 홍제동366-2,126.937603,37.5831566,전용주,02-330-1562~3,서울특별시 서대문구청,2025-01-01
홍제1동1146,서울특별시 서대문구 홍제동366-24,126.9377168,37.5831126,건축물 ,02-330-1562~3,서울특별시 서대문구청,2025-01-01
홍제1동1132,서울특별시 서대문구 홍제동361-28,126.9368934,37.5836908,한전주,02-330-1562~3,서울특별시 서대문구청,2025-01-01
홍제1동1148,서울특별시 서대문구 홍제동367-16,126.9383977,37.5838035,건축물,02-330-1562~3,서울특별시 서대문구청,2025-01-01
홍제1동1176,서울특별시 서대문구 홍제동369-2,126.9400326,37.5842777,건축물 ,02-330-1562~3,서울특별시 서대문구청,2025-01-01
홍제1동1178,서울특별시 서대문구 홍제동369-86,126.9400338,37.5841966,한전주,02-330-1562~3,서울특별시 서대문구청,2025-01-01
홍제1동1157,서울특별시 서대문구 홍제동369-93,126.9395236,37.5842461,한전주,02-330-1562~3,서울특별시 서대문구청,2025-01-01
홍제1동1159,서울특별시 서대문구 홍제동369-93,126.9395236,37.5842461,한전주,02-330-1562~3,서울특별시 서대문구청,2025-01-01
홍제1동1158,서울특별시 서대문구 홍제동369-93,126.9395236,37.5842461,한전주,02-330-1562~3,서울특별시 서대문구청,2025-01-01
홍제1동1201,서울특별시 서대문구 홍제동426-3,126.945792,37.5925647,건축물,02-330-1562~3,서울특별시 서대문구청,2025-01-01
홍제1동9025,서울특별시 서대문구 홍제동44-186,126.9500553,37.5776456,한전주,02-330-1562~3,서울특별시 서대문구청,2025-01-01
홍제1동9024,서울특별시 서대문구 홍제동44-201,126.9499731,37.578663,전용주,02-330-1562~3,서울특별시 서대문구청,2025-01-01
홍제1동8048,서울특별시 서대문구 홍제동44-238,126.9493641,37.5801083,한전주,02-330-1562~3,서울특별시 서대문구청,2025-01-01
홍제1동8049,서울특별시 서대문구 홍제동44-498,126.9495359,37.5799656,전용주,02-330-1562~3,서울특별시 서대문구청,2025-01-01
홍제1동9033,서울특별시 서대문구 홍제동44-280,126.9484455,37.5794153,한전주,02-330-1562~3,서울특별시 서대문구청,2025-01-01
홍제1동351,서울특별시 서대문구 홍제동44-351,126.9507138,37.5791291,건축물,02-330-1562~3,서울특별시 서대문구청,2025-01-01
홍제1동9032,서울특별시 서대문구 홍제동44-352,126.9505894,37.579119,한전주,02-330-1562~3,서울특별시 서대문구청,2025-01-01
홍제1동8050,서울특별시 서대문구 홍제동44-498,126.9495359,37.5799656,건축물,02-330-1562~3,서울특별시 서대문구청,2025-01-01
홍제1동8051,서울특별시 서대문구 홍제동44-498,126.9495359,37.5799656,한전주,02-330-1562~3,서울특별시 서대문구청,2025-01-01
홍제1동9017,서울특별시 서대문구 홍제동44-569,126.9505562,37.5790647,씨피주,02-330-1562~3,서울특별시 서대문구청,2025-01-01
홍제1동2542,서울특별시 서대문구 홍제동449-1,126.9411111,37.585675,전용주,02-330-1562~3,서울특별시 서대문구청,2025-01-01
홍제1동1184,서울특별시 서대문구 홍제동449-2,126.9413971,37.5846684,한전주,02-330-1562~3,서울특별시 서대문구청,2025-01-01
홍제1동1179,서울특별시 서대문구 홍제동449-3,126.9412212,37.5842974,한전주,02-330-1562~3,서울특별시 서대문구청,2025-01-01
홍제1동1181,서울특별시 서대문구 홍제동449-6,126.9411009,37.583999,한전주,02-330-1562~3,서울특별시 서대문구청,2025-01-01
홍제1동1182,서울특별시 서대문구 홍제동449-7,126.9412937,37.5839737,한전주,02-330-1562~3,서울특별시 서대문구청,2025-01-01
홍제1동1188,서울특별시 서대문구 홍제동451-13,126.9405516,37.5844085,한전주,02-330-1562~3,서울특별시 서대문구청,2025-01-01
홍제1동1189,서울특별시 서대문구 홍제동451-13,126.9405516,37.5844085,한전주,02-330-1562~3,서울특별시 서대문구청,2025-01-01
홍제1동1180,서울특별시 서대문구 홍제동451-29,126.9405104,37.5841198,한전주,02-330-1562~3,서울특별시 서대문구청,2025-01-01
홍제1동1174,서울특별시 서대문구 홍제동451-8,126.9401616,37.5847654,건축물,02-330-1562~3,서울특별시 서대문구청,2025-01-01
홍제2동1005,서울특별시 서대문구 홍제동459-9,126.948306,37.5885235,건축물,02-330-1562~3,서울특별시 서대문구청,2025-01-01
홍제1동9027,서울특별시 서대문구 홍제동461-1,126.9522709,37.5786924,전용주,02-330-1562~3,서울특별시 서대문구청,2025-01-01
홍제1동9030,서울특별시 서대문구 홍제동461-1,126.9522709,37.5786924,전용주,02-330-1562~3,서울특별시 서대문구청,2025-01-01
홍제1동9026,서울특별시 서대문구 홍제동461-1,126.9522709,37.5786924,한전주,02-330-1562~3,서울특별시 서대문구청,2025-01-01
홍제1동8926,서울특별시 서대문구 홍제동461-5,126.9502079,37.5780704,한전주,02-330-1562~3,서울특별시 서대문구청,2025-01-01
홍제1동9525,서울특별시 서대문구 홍제동461-5,126.9502079,37.5780704,통신주,02-330-1562~3,서울특별시 서대문구청,2025-01-01
홍제1동8925,서울특별시 서대문구 홍제동461-5,126.9502079,37.5780704,한전주,02-330-1562~3,서울특별시 서대문구청,2025-01-01
홍제1동9043,서울특별시 서대문구 홍제동47-6,126.9518788,37.5800135,한전주,02-330-1562~3,서울특별시 서대문구청,2025-01-01
홍제1동9045,서울특별시 서대문구 홍제동47-18,126.9520382,37.5799518,전용주,02-330-1562~3,서울특별시 서대문구청,2025-01-01
홍제1동9044,서울특별시 서대문구 홍제동47-18,126.9520382,37.5799518,건축물,02-330-1562~3,서울특별시 서대문구청,2025-01-01
홍제1동9046,서울특별시 서대문구 홍제동47-19,126.9522095,37.5798452,건축물,02-330-1562~3,서울특별시 서대문구청,2025-01-01
홍제1동9048,서울특별시 서대문구 홍제동47-24,126.9513408,37.5804322,건축물,02-330-1562~3,서울특별시 서대문구청,2025-01-01
홍제1동9040,서울특별시 서대문구 홍제동47-25,126.9512075,37.5802508,건축물,02-330-1562~3,서울특별시 서대문구청,2025-01-01
홍제1동9041,서울특별시 서대문구 홍제동47-26,126.95132,37.5803059,건축물,02-330-1562~3,서울특별시 서대문구청,2025-01-01
홍제1동7111,서울특별시 서대문구 홍제동90-13,126.949281,37.5828016,건축물,02-330-1562~3,서울특별시 서대문구청,2025-01-01
홍제1동267,서울특별시 서대문구 홍제동79-116,126.9460161,37.5822949,건축물,02-330-1562~3,서울특별시 서대문구청,2025-01-01
홍제1동9956,서울특별시 서대문구 홍제동82-107,126.947625,37.583814,건축물,02-330-1562~3,서울특별시 서대문구청,2025-01-01
홍제1동7012,서울특별시 서대문구 홍제동82-81,126.9480812,37.5843857,한전주,02-330-1562~3,서울특별시 서대문구청,2025-01-01
홍제1동7013,서울특별시 서대문구 홍제동82-81,126.9480812,37.5843857,한전주,02-330-1562~3,서울특별시 서대문구청,2025-01-01
홍제1동7031,서울특별시 서대문구 홍제동90-15,126.949709,37.5829586,건축물,02-330-1562~3,서울특별시 서대문구청,2025-01-01
홍제1동7028,서울특별시 서대문구 홍제동90-17,126.9495875,37.5827413,한전주,02-330-1562~3,서울특별시 서대문구청,2025-01-01
홍제1동7024,서울특별시 서대문구 홍제동90-19,126.9490788,37.5834936,건축물,02-330-1562~3,서울특별시 서대문구청,2025-01-01
홍제1동7922,서울특별시 서대문구 홍제동90-21,126.9487538,37.5832564,한전주,02-330-1562~3,서울특별시 서대문구청,2025-01-01
홍제1동7025,서울특별시 서대문구 홍제동90-67,126.9493048,37.5835226,건축물,02-330-1562~3,서울특별시 서대문구청,2025-01-01
홍제1동7023,서울특별시 서대문구 홍제동90-68,126.9495729,37.5829754,건축물,02-330-1562~3,서울특별시 서대문구청,2025-01-01
홍제1동7032,서울특별시 서대문구 홍제동90-98,126.9495012,37.5832451,건축물,02-330-1562~3,서울특별시 서대문구청,2025-01-01
홍제1동9022,서울특별시 서대문구 홍제동산33-88,126.9497637,37.5774538,전용주,02-330-1562~3,서울특별시 서대문구청,2025-01-01
홍제1동9023,서울특별시 서대문구 홍제동산33-88,126.9497637,37.5774538,한전주,02-330-1562~3,서울특별시 서대문구청,2025-01-01
홍제1동1088,서울특별시 서대문구 홍제동산41-31,126.9384436,37.5853537,한전주,02-330-1562~3,서울특별시 서대문구청,2025-01-01
홍제1동10135,서울특별시 서대문구 홍제동산41-31,126.9384436,37.5853537,건축물,02-330-1562~3,서울특별시 서대문구청,2025-01-01
홍제1동1591,서울특별시 서대문구 홍제동산41-31,126.9384436,37.5853537,한전주,02-330-1562~3,서울특별시 서대문구청,2025-01-01
홍제1동1185,서울특별시 서대문구 홍제동105-5,126.9523789,37.5847213,한전주,02-330-1562~3,서울특별시 서대문구청,2025-01-01
홍제1동2004,서울특별시 서대문구 홍제동105-5,126.9523789,37.5847213,한전주,02-330-1562~3,서울특별시 서대문구청,2025-01-01
홍제1동2003,서울특별시 서대문구 홍제동449-1,126.9411111,37.585675,한전주,02-330-1562~3,서울특별시 서대문구청,2025-01-01
홍제1동2001,서울특별시 서대문구 홍제동105-5,126.9523789,37.5847213,한전주,02-330-1562~3,서울특별시 서대문구청,2025-01-01
홍제1동2002,서울특별시 서대문구 홍제동105-5,126.9523789,37.5847213,한전주,02-330-1562~3,서울특별시 서대문구청,2025-01-01
홍제1동1199,서울특별시 서대문구 홍제동320-4,126.9429417,37.5843308,통신주,02-330-1562~3,서울특별시 서대문구청,2025-01-01
홍제1동5008,서울특별시 서대문구 홍제동산2-75,126.9517473,37.5934287,건축물,02-330-1562~3,서울특별시 서대문구청,2025-01-01
홍제1동5009,서울특별시 서대문구 홍제동산2-75,126.9517473,37.5934287,건축물,02-330-1562~3,서울특별시 서대문구청,2025-01-01
홍제1동1060,서울특별시 서대문구 홍제동361-128,126.9361567,37.586135,전용주,02-330-1562~3,서울특별시 서대문구청,2025-01-01
홍제1동10,서울특별시 서대문구 홍제동156-338,126.9449929,37.584196,전용주,02-330-1562~3,서울특별시 서대문구청,2025-01-01
홍제1동3034-1,서울특별시 서대문구 홍제동313-30,126.94456,37.5867871,CP주,02-330-1562~3,서울특별시 서대문구청,2025-01-01
홍제1동10161,서울특별시 서대문구 홍제동312-177,126.9421788,37.5862342,건축물,02-330-1562~3,서울특별시 서대문구청,2025-01-01
홍제1동2535,서울특별시 서대문구 홍제동294-84,126.9406785,37.5906358,전용주,02-330-1562~3,서울특별시 서대문구청,2025-01-01
홍제1동1037,서울특별시 서대문구 홍제동334-44,126.9373208,37.5878755,통신주,02-330-1562~3,서울특별시 서대문구청,2025-01-01
홍제1동9990,서울특별시 서대문구 홍제동306-2,126.9436132,37.5880851,건축물,02-330-1562~3,서울특별시 서대문구청,2025-01-01
홍제1동110,서울특별시 서대문구 홍제동167-10,126.9445421,37.5872555,건축물,02-330-1562~3,서울특별시 서대문구청,2025-01-01
홍제1동1-13-2,서울특별시 서대문구 홍제동334-150,126.93792,37.5879349,건축물,02-330-1562~3,서울특별시 서대문구청,2025-01-01
홍제1동8,서울특별시 서대문구 홍제동473-9,126.9486424,37.5839312,전용주,02-330-1562~3,서울특별시 서대문구청,2025-01-01
홍제1동9,서울특별시 서대문구 홍제동356-63,126.9400427,37.5843679,건축물,02-330-1562~3,서울특별시 서대문구청,2025-01-01
홍제1동16,서울특별시 서대문구 홍제동312-103,126.9428874,37.5865649,한전주,02-330-1562~3,서울특별시 서대문구청,2025-01-01
홍제1동4011-1,서울특별시 서대문구 홍제동334-42,126.9369814,37.5878544,한전주,02-330-1562~3,서울특별시 서대문구청,2025-01-01
홍제2동6008,서울특별시 서대문구 홍제동19,126.9498261,37.5842932,건축물,02-330-1562~3,서울특별시 서대문구청,2025-01-01
홍제2동6009,서울특별시 서대문구 홍제동19,126.9498261,37.5842932,건축물,02-330-1562~3,서울특별시 서대문구청,2025-01-01
홍제2동6009-1,서울특별시 서대문구 홍제동19,126.9498261,37.5842932,건축물,02-330-1562~3,서울특별시 서대문구청,2025-01-01
홍제1동7027,서울특별시 서대문구 홍제동85-1,126.9484267,37.5831634,건축물,02-330-1562~3,서울특별시 서대문구청,2025-01-01
홍제2동5014,서울특별시 서대문구 홍제동106,126.9494099,37.5857131,한전주,02-330-1562~3,서울특별시 서대문구청,2025-01-01
홍제2동5008,서울특별시 서대문구 홍제동120,126.9485271,37.5856872,건축물,02-330-1562~3,서울특별시 서대문구청,2025-01-01
홍제2동1003,서울특별시 서대문구 홍제동200,126.9478083,37.588492,건축물,02-330-1562~3,서울특별시 서대문구청,2025-01-01
홍제2동1026,서울특별시 서대문구 홍제동209,126.9465184,37.5884264,한전주,02-330-1562~3,서울특별시 서대문구청,2025-01-01
홍제2동2006,서울특별시 서대문구 홍제동210,126.9464164,37.5884345,한전주,02-330-1562~3,서울특별시 서대문구청,2025-01-01
홍제2동2004,서울특별시 서대문구 홍제동212,126.9463131,37.5885327,통신주,02-330-1562~3,서울특별시 서대문구청,2025-01-01
홍제2동1010,서울특별시 서대문구 홍제동455,126.949396,37.5891189,전용주,02-330-1562~3,서울특별시 서대문구청,2025-01-01
홍제2동9665,서울특별시 서대문구 홍제동459,126.9492348,37.5876938,건축물,02-330-1562~3,서울특별시 서대문구청,2025-01-01
홍제2동9620,서울특별시 서대문구 홍제동460,126.9508987,37.5853118,건축물,02-330-1562~3,서울특별시 서대문구청,2025-01-01
홍제2동9621,서울특별시 서대문구 홍제동460,126.9508987,37.5853118,건축물,02-330-1562~3,서울특별시 서대문구청,2025-01-01
홍제2동9001,서울특별시 서대문구 홍제동460(환희사길),126.9508987,37.5853118,한전주,02-330-1562~3,서울특별시 서대문구청,2025-01-01
홍제2동8032,서울특별시 서대문구 홍제동462,126.9529621,37.5802664,전용주,02-330-1562~3,서울특별시 서대문구청,2025-01-01
홍제2동8033,서울특별시 서대문구 홍제동462,126.9529621,37.5802664,전용주,02-330-1562~3,서울특별시 서대문구청,2025-01-01
홍제2동8034,서울특별시 서대문구 홍제동462,126.9529621,37.5802664,전용주,02-330-1562~3,서울특별시 서대문구청,2025-01-01
홍제2동7007,서울특별시 서대문구 홍제동467,126.9509322,37.5837353,한전주,02-330-1562~3,서울특별시 서대문구청,2025-01-01
홍제2동223,서울특별시 서대문구 홍제동35-1,126.9510034,37.5818889,건축물,02-330-1562~3,서울특별시 서대문구청,2025-01-01
홍제2동8029,서울특별시 서대문구 홍제동40-11,126.9533851,37.5799728,전용주 ,02-330-1562~3,서울특별시 서대문구청,2025-01-01
홍제2동8003,서울특별시 서대문구 홍제동40-11,126.9533851,37.5799728,건축물,02-330-1562~3,서울특별시 서대문구청,2025-01-01
홍제2동8030,서울특별시 서대문구 홍제동40-11,126.9533851,37.5799728,전용주,02-330-1562~3,서울특별시 서대문구청,2025-01-01
홍제2동8040,서울특별시 서대문구 홍제동40-11,126.9533851,37.5799728,전용주,02-330-1562~3,서울특별시 서대문구청,2025-01-01
홍제1동7014,서울특별시 서대문구 홍제동93-2,126.9488333,37.584041,건축물,02-330-1562~3,서울특별시 서대문구청,2025-01-01
홍제2동7016,서울특별시 서대문구 홍제동24-1,126.9502738,37.5830537,한전주,02-330-1562~3,서울특별시 서대문구청,2025-01-01
홍제2동6019,서울특별시 서대문구 홍제동19-6,126.9501316,37.5843049,한전주,02-330-1562~3,서울특별시 서대문구청,2025-01-01
홍제2동6017,서울특별시 서대문구 홍제동19-8,126.950373,37.5840457,한전주,02-330-1562~3,서울특별시 서대문구청,2025-01-01
홍제2동7003,서울특별시 서대문구 홍제동20-11,126.9506783,37.5832736,한전주,02-330-1562~3,서울특별시 서대문구청,2025-01-01
홍제2동9656,서울특별시 서대문구 홍제동19-12,126.9504031,37.5843253,건축물,02-330-1562~3,서울특별시 서대문구청,2025-01-01
홍제2동6012,서울특별시 서대문구 홍제동102-11,126.9498343,37.5837076,한전주,02-330-1562~3,서울특별시 서대문구청,2025-01-01
홍제2동6013,서울특별시 서대문구 홍제동102-17,126.9499567,37.5838618,건축물,02-330-1562~3,서울특별시 서대문구청,2025-01-01
홍제2동3012,서울특별시 서대문구 홍제동135-6,126.9476612,37.5876798,건축물,02-330-1562~3,서울특별시 서대문구청,2025-01-01
홍제2동6010,서울특별시 서대문구 홍제동102-6,126.9495698,37.5840025,건축물,02-330-1562~3,서울특별시 서대문구청,2025-01-01
홍제2동6411,서울특별시 서대문구 홍제동102-9,126.9496848,37.5838774,건축물,02-330-1562~3,서울특별시 서대문구청,2025-01-01
홍제2동6011,서울특별시 서대문구 홍제동102-9,126.9496848,37.5838774,건축물,02-330-1562~3,서울특별시 서대문구청,2025-01-01
홍제2동6001,서울특별시 서대문구 홍제동104-1,126.9492685,37.5852973,전용주,02-330-1562~3,서울특별시 서대문구청,2025-01-01
홍제2동6004,서울특별시 서대문구 홍제동104-11,126.9494106,37.5848571,한전주,02-330-1562~3,서울특별시 서대문구청,2025-01-01
홍제2동7,서울특별시 서대문구 홍제동104-19,126.9493325,37.5847753,건축물,02-330-1562~3,서울특별시 서대문구청,2025-01-01
홍제2동6006,서울특별시 서대문구 홍제동104-20,126.9491535,37.5846205,한전주,02-330-1562~3,서울특별시 서대문구청,2025-01-01
홍제2동6004-1,서울특별시 서대문구 홍제동104-20,126.9491535,37.5846205,한전주,02-330-1562~3,서울특별시 서대문구청,2025-01-01
홍제2동5318,서울특별시 서대문구 홍제동104-25,126.9504243,37.5852355,건축물,02-330-1562~3,서울특별시 서대문구청,2025-01-01
홍제2동5319,서울특별시 서대문구 홍제동104-25,126.9504243,37.5852355,건축물,02-330-1562~3,서울특별시 서대문구청,2025-01-01
홍제2동5019,서울특별시 서대문구 홍제동104-25,126.9504243,37.5852355,건축물,02-330-1562~3,서울특별시 서대문구청,2025-01-01
홍제2동5026,서울특별시 서대문구 홍제동104-32,126.9501209,37.5850707,통신주,02-330-1562~3,서울특별시 서대문구청,2025-01-01
홍제2동6005,서울특별시 서대문구 홍제동104-52,126.9491381,37.5849087,건축물,02-330-1562~3,서울특별시 서대문구청,2025-01-01
홍제2동6002,서울특별시 서대문구 홍제동104-7,126.9490672,37.5851244,한전주,02-330-1562~3,서울특별시 서대문구청,2025-01-01
홍제2동5022,서울특별시 서대문구 홍제동104-72,126.950292,37.5849821,한전주,02-330-1562~3,서울특별시 서대문구청,2025-01-01
홍제2동5024,서울특별시 서대문구 홍제동104-73,126.9503725,37.5848927,한전주,02-330-1562~3,서울특별시 서대문구청,2025-01-01
홍제2동5025,서울특별시 서대문구 홍제동104-77,126.9505322,37.584804,씨피주,02-330-1562~3,서울특별시 서대문구청,2025-01-01
홍제2동5023,서울특별시 서대문구 홍제동104-77,126.9505322,37.584804,건축물,02-330-1562~3,서울특별시 서대문구청,2025-01-01
홍제2동6023,서울특별시 서대문구 홍제동104-77,126.9505322,37.584804,한전주,02-330-1562~3,서울특별시 서대문구청,2025-01-01
홍제2동6007,서울특별시 서대문구 홍제동104-82,126.949493,37.5846326,건축물,02-330-1562~3,서울특별시 서대문구청,2025-01-01
홍제2동5018,서울특별시 서대문구 홍제동105-100,126.9496318,37.5852285,통신주,02-330-1562~3,서울특별시 서대문구청,2025-01-01
홍제2동6022,서울특별시 서대문구 홍제동105-46,126.9504458,37.5845059,한전주,02-330-1562~3,서울특별시 서대문구청,2025-01-01
홍제2동5020,서울특별시 서대문구 홍제동105-51,126.9505964,37.5850749,한전주,02-330-1562~3,서울특별시 서대문구청,2025-01-01
홍제2동5021,서울특별시 서대문구 홍제동105-51,126.9505964,37.5850749,한전주,02-330-1562~3,서울특별시 서대문구청,2025-01-01
홍제2동5015,서울특별시 서대문구 홍제동105-80,126.9494454,37.5856053,건축물,02-330-1562~3,서울특별시 서대문구청,2025-01-01
홍제2동6003,서울특별시 서대문구 홍제동105-88,126.9494923,37.5854886,씨피주,02-330-1562~3,서울특별시 서대문구청,2025-01-01
홍제2동6001-1,서울특별시 서대문구 홍제동105-88,126.9494923,37.5854886,건축물,02-330-1562~3,서울특별시 서대문구청,2025-01-01
홍제2동5016,서울특별시 서대문구 홍제동105-98,126.949743,37.5853737,한전주,02-330-1562~3,서울특별시 서대문구청,2025-01-01
홍제2동5017,서울특별시 서대문구 홍제동105-98,126.949743,37.5853737,통신주,02-330-1562~3,서울특별시 서대문구청,2025-01-01
홍제2동5006,서울특별시 서대문구 홍제동114-1,126.9485857,37.5855436,통신주,02-330-1562~3,서울특별시 서대문구청,2025-01-01
홍제2동5013,서울특별시 서대문구 홍제동117-3,126.9482358,37.5854684,씨피주,02-330-1562~3,서울특별시 서대문구청,2025-01-01
홍제2동5009,서울특별시 서대문구 홍제동119-2,126.9483921,37.5856229,한전주,02-330-1562~3,서울특별시 서대문구청,2025-01-01
홍제2동4016,서울특별시 서대문구 홍제동122-14,126.9482951,37.5860816,한전주,02-330-1562~3,서울특별시 서대문구청,2025-01-01
홍제2동4002,서울특별시 서대문구 홍제동122-16,126.9478935,37.5864564,한전주,02-330-1562~3,서울특별시 서대문구청,2025-01-01
홍제2동4013,서울특별시 서대문구 홍제동122-17,126.947986,37.5863221,한전주,02-330-1562~3,서울특별시 서대문구청,2025-01-01
홍제2동4019,서울특별시 서대문구 홍제동122-2,126.9483919,37.5864429,건축물,02-330-1562~3,서울특별시 서대문구청,2025-01-01
홍제2동9461,서울특별시 서대문구 홍제동122-20,126.9484784,37.58593,전용주,02-330-1562~3,서울특별시 서대문구청,2025-01-01
홍제2동4022,서울특별시 서대문구 홍제동122-22,126.9488094,37.5865457,한전주,02-330-1562~3,서울특별시 서대문구청,2025-01-01
홍제2동4023,서울특별시 서대문구 홍제동122-23,126.9489685,37.5865021,한전주,02-330-1562~3,서울특별시 서대문구청,2025-01-01
홍제2동4027,서울특별시 서대문구 홍제동122-24,126.9491056,37.5864132,한전주,02-330-1562~3,서울특별시 서대문구청,2025-01-01
홍제2동4018,서울특별시 서대문구 홍제동122-3,126.9484607,37.5863804,한전주,02-330-1562~3,서울특별시 서대문구청,2025-01-01
홍제2동4026,서울특별시 서대문구 홍제동122-32,126.9488502,37.5860595,한전주,02-330-1562~3,서울특별시 서대문구청,2025-01-01
홍제2동4024,서울특별시 서대문구 홍제동122-37,126.948976,37.5867724,한전주,02-330-1562~3,서울특별시 서대문구청,2025-01-01
홍제2동4025,서울특별시 서대문구 홍제동122-37,126.948976,37.5867724,건축물,02-330-1562~3,서울특별시 서대문구청,2025-01-01
홍제2동4017,서울특별시 서대문구 홍제동122-5,126.948554,37.586192,건축물,02-330-1562~3,서울특별시 서대문구청,2025-01-01
홍제2동5011,서울특별시 서대문구 홍제동123-11,126.9478302,37.5861315,한전주,02-330-1562~3,서울특별시 서대문구청,2025-01-01
홍제2동5012,서울특별시 서대문구 홍제동123-6,126.9480716,37.5858724,한전주,02-330-1562~3,서울특별시 서대문구청,2025-01-01
홍제2동5002,서울특별시 서대문구 홍제동127-55,126.9493562,37.5863073,한전주,02-330-1562~3,서울특별시 서대문구청,2025-01-01
홍제2동5001,서울특별시 서대문구 홍제동127-56,126.9492775,37.5862705,전용주,02-330-1562~3,서울특별시 서대문구청,2025-01-01
홍제2동4006,서울특별시 서대문구 홍제동130-1,126.9487587,37.5869327,건축물,02-330-1562~3,서울특별시 서대문구청,2025-01-01
홍제2동4003,서울특별시 서대문구 홍제동130-11,126.9479819,37.5866104,건축물,02-330-1562~3,서울특별시 서대문구청,2025-01-01
홍제2동4021,서울특별시 서대문구 홍제동130-21,126.9487938,37.5868519,건축물,02-330-1562~3,서울특별시 서대문구청,2025-01-01
홍제2동4020,서울특별시 서대문구 홍제동130-7,126.9484442,37.5867497,한전주,02-330-1562~3,서울특별시 서대문구청,2025-01-01
홍제2동4519,서울특별시 서대문구 홍제동130-8,126.9482752,37.5866941,통신주,02-330-1562~3,서울특별시 서대문구청,2025-01-01
홍제2동4014,서울특별시 서대문구 홍제동130-9,126.9481514,37.5866389,한전주,02-330-1562~3,서울특별시 서대문구청,2025-01-01
홍제2동4010,서울특별시 서대문구 홍제동131-13,126.9486887,37.5870762,전용주,02-330-1562~3,서울특별시 서대문구청,2025-01-01
홍제2동3028,서울특별시 서대문구 홍제동131-19,126.9481206,37.5872153,건축물,02-330-1562~3,서울특별시 서대문구청,2025-01-01
홍제2동3030,서울특별시 서대문구 홍제동131-2,126.947918,37.5871324,한전주,02-330-1562~3,서울특별시 서대문구청,2025-01-01
홍제2동3029,서울특별시 서대문구 홍제동131-2,126.947918,37.5871324,한전주,02-330-1562~3,서울특별시 서대문구청,2025-01-01
홍제2동3003,서울특별시 서대문구 홍제동131-2,126.947918,37.5871324,통신주,02-330-1562~3,서울특별시 서대문구청,2025-01-01
홍제2동4009,서울특별시 서대문구 홍제동131-7,126.9486198,37.5871477,전용주,02-330-1562~3,서울특별시 서대문구청,2025-01-01
홍제2동4004,서울특별시 서대문구 홍제동131-9,126.948216,37.5868738,건축물,02-330-1562~3,서울특별시 서대문구청,2025-01-01
홍제2동4008,서울특별시 서대문구 홍제동132-10,126.9489469,37.5872317,한전주,02-330-1562~3,서울특별시 서대문구청,2025-01-01
홍제2동3025,서울특별시 서대문구 홍제동132-15,126.9486131,37.5876252,한전주,02-330-1562~3,서울특별시 서대문구청,2025-01-01
홍제2동3026,서울특별시 서대문구 홍제동132-6,126.9487382,37.5875812,한전주,02-330-1562~3,서울특별시 서대문구청,2025-01-01
홍제3동3012,서울특별시 서대문구 홍제동133-2,126.9483402,37.5877038,건축물,02-330-1562~3,서울특별시 서대문구청,2025-01-01
홍제2동3015,서울특별시 서대문구 홍제동133-5,126.9484097,37.5875963,한전주,02-330-1562~3,서울특별시 서대문구청,2025-01-01
홍제2동3011-1,서울특별시 서대문구 홍제동134-2,126.9480152,37.5874667,한전주,02-330-1562~3,서울특별시 서대문구청,2025-01-01
홍제2동3010,서울특별시 서대문구 홍제동135-1,126.9479331,37.5876642,통신주,02-330-1562~3,서울특별시 서대문구청,2025-01-01
홍제2동3022,서울특별시 서대문구 홍제동135-18,126.9478525,37.5877626,건축물,02-330-1562~3,서울특별시 서대문구청,2025-01-01
홍제2동3011,서울특별시 서대문구 홍제동135-6,126.9476612,37.5876798,한전주,02-330-1562~3,서울특별시 서대문구청,2025-01-01
홍제2동3002,서울특별시 서대문구 홍제동136-11,126.9477387,37.5869957,건축물,02-330-1562~3,서울특별시 서대문구청,2025-01-01
홍제2동2031,서울특별시 서대문구 홍제동136-16,126.9472237,37.5873875,한전주,02-330-1562~3,서울특별시 서대문구청,2025-01-01
홍제2동9015,서울특별시 서대문구 홍제동13-62,126.9537784,37.5850401,한전주,02-330-1562~3,서울특별시 서대문구청,2025-01-01
홍제2동9017,서울특별시 서대문구 홍제동13-62,126.9537784,37.5850401,씨피주,02-330-1562~3,서울특별시 서대문구청,2025-01-01
홍제2동2032,서울특별시 서대문구 홍제동136-23,126.9468814,37.5875737,한전주,02-330-1562~3,서울특별시 서대문구청,2025-01-01
홍제2동3005,서울특별시 서대문구 홍제동136-24,126.9475767,37.5872465,건축물,02-330-1562~3,서울특별시 서대문구청,2025-01-01
홍제2동3004,서울특별시 서대문구 홍제동136-32,126.9475011,37.5869846,한전주,02-330-1562~3,서울특별시 서대문구청,2025-01-01
홍제2동3007,서울특별시 서대문구 홍제동136-34,126.9473914,37.5875422,건축물,02-330-1562~3,서울특별시 서대문구청,2025-01-01
홍제2동2021,서울특별시 서대문구 홍제동137-1,126.9467127,37.5874911,한전주,02-330-1562~3,서울특별시 서대문구청,2025-01-01
홍제2동2022,서울특별시 서대문구 홍제동137-10,126.94659,37.5873639,한전주,02-330-1562~3,서울특별시 서대문구청,2025-01-01
홍제2동1027,서울특별시 서대문구 홍제동137-18,126.9470606,37.5869085,전용주,02-330-1562~3,서울특별시 서대문구청,2025-01-01
홍제2동2026,서울특별시 서대문구 홍제동137-8,126.9468546,37.5870689,한전주,02-330-1562~3,서울특별시 서대문구청,2025-01-01
홍제2동2027,서울특별시 서대문구 홍제동137-8,126.9468546,37.5870689,건축물,02-330-1562~3,서울특별시 서대문구청,2025-01-01
홍제2동2028,서울특별시 서대문구 홍제동137-20,126.9471876,37.5867385,한전주,02-330-1562~3,서울특별시 서대문구청,2025-01-01
홍제2동2030,서울특별시 서대문구 홍제동137-20,126.9471876,37.5867385,한전주,02-330-1562~3,서울특별시 서대문구청,2025-01-01
홍제2동2605,서울특별시 서대문구 홍제동137-24,126.9468819,37.5867357,한전주,02-330-1562~3,서울특별시 서대문구청,2025-01-01
홍제2동2029,서울특별시 서대문구 홍제동137-46,126.9470189,37.5866559,건축물,02-330-1562~3,서울특별시 서대문구청,2025-01-01
홍제2동2024,서울특별시 서대문구 홍제동137-5,126.9468976,37.5872315,전용주,02-330-1562~3,서울특별시 서대문구청,2025-01-01
홍제2동2024-1,서울특별시 서대문구 홍제동403,126.9463408,37.5929931,전용주,02-330-1562~3,서울특별시 서대문구청,2025-01-01
홍제2동2025,서울특별시 서대문구 홍제동137-6,126.9469895,37.5871332,한전주,02-330-1562~3,서울특별시 서대문구청,2025-01-01
홍제2동2023,서울특별시 서대문구 홍제동137-9,126.9466704,37.5872835,한전주,02-330-1562~3,서울특별시 서대문구청,2025-01-01
홍제2동4012,서울특별시 서대문구 홍제동139-19,126.9475218,37.586318,한전주,02-330-1562~3,서울특별시 서대문구청,2025-01-01
홍제2동4011,서울특별시 서대문구 홍제동139-23,126.9474439,37.5862272,한전주,02-330-1562~3,서울특별시 서대문구청,2025-01-01
홍제1동5042,서울특별시 서대문구 홍제동156-255,126.9461107,37.5844132,한전주,02-330-1562~3,서울특별시 서대문구청,2025-01-01
홍제1동6028,서울특별시 서대문구 홍제동156-477,126.9431129,37.5826294,통신주,02-330-1562~3,서울특별시 서대문구청,2025-01-01
홍제2동2013,서울특별시 서대문구 홍제동174-1,126.9458834,37.5884929,건축물,02-330-1562~3,서울특별시 서대문구청,2025-01-01
홍제2동2018,서울특별시 서대문구 홍제동174-11,126.9460417,37.5877014,한전주,02-330-1562~3,서울특별시 서대문구청,2025-01-01
홍제2동107,서울특별시 서대문구 홍제동174-14,126.9457919,37.5877532,건축물,02-330-1562~3,서울특별시 서대문구청,2025-01-01
홍제2동2019,서울특별시 서대문구 홍제동174-18,126.9457661,37.5879782,건축물,02-330-1562~3,서울특별시 서대문구청,2025-01-01
홍제2동2008,서울특별시 서대문구 홍제동174-25,126.946022,37.5882959,한전주,02-330-1562~3,서울특별시 서대문구청,2025-01-01
홍제2동108,서울특별시 서대문구 홍제동174-17,126.945574,37.5879495,건축물,02-330-1562~3,서울특별시 서대문구청,2025-01-01
홍제2동2012,서울특별시 서대문구 홍제동174-34,126.945533,37.5884447,한전주,02-330-1562~3,서울특별시 서대문구청,2025-01-01
홍제2동2014,서울특별시 서대문구 홍제동174-40,126.9460823,37.5880351,통신주,02-330-1562~3,서울특별시 서대문구청,2025-01-01
홍제2동2007,서울특별시 서대문구 홍제동175-1,126.9461373,37.5881527,한전주,02-330-1562~3,서울특별시 서대문구청,2025-01-01
홍제2동2017,서울특별시 서대문구 홍제동175-11,126.9461198,37.5877832,한전주,02-330-1562~3,서울특별시 서대문구청,2025-01-01
홍제2동2061,서울특별시 서대문구 홍제동175-7,126.946232,37.5878562,한전주,02-330-1562~3,서울특별시 서대문구청,2025-01-01
홍제2동2016,서울특별시 서대문구 홍제동175-7,126.946232,37.5878562,한전주,02-330-1562~3,서울특별시 서대문구청,2025-01-01
홍제2동2020,서울특별시 서대문구 홍제동176-6,126.9462353,37.587622,한전주,02-330-1562~3,서울특별시 서대문구청,2025-01-01
홍제2동2221,서울특별시 서대문구 홍제동177-2,126.9467313,37.5877796,건축물,02-330-1562~3,서울특별시 서대문구청,2025-01-01
홍제2동2015,서울특별시 서대문구 홍제동178-1,126.9465826,37.5878864,한전주,02-330-1562~3,서울특별시 서대문구청,2025-01-01
홍제2동1024,서울특별시 서대문구 홍제동178-1,126.9465826,37.5878864,한전주,02-330-1562~3,서울특별시 서대문구청,2025-01-01
홍제2동1025,서울특별시 서대문구 홍제동184-2,126.946691,37.5882298,건축물,02-330-1562~3,서울특별시 서대문구청,2025-01-01
홍제2동1023,서울특별시 서대문구 홍제동186-2,126.9468079,37.5879695,한전주,02-330-1562~3,서울특별시 서대문구청,2025-01-01
홍제2동1020,서울특별시 서대문구 홍제동186-3,126.9469563,37.5878807,건축물,02-330-1562~3,서울특별시 서대문구청,2025-01-01
홍제2동1022,서울특별시 서대문구 홍제동191-1,126.9471785,37.5881891,건축물,02-330-1562~3,서울특별시 서대문구청,2025-01-01
홍제2동1021,서울특별시 서대문구 홍제동191-2,126.9469747,37.5881872,한전주,02-330-1562~3,서울특별시 서대문구청,2025-01-01
홍제2동6016,서울특별시 서대문구 홍제동19-17,126.9502627,37.5838375,한전주,02-330-1562~3,서울특별시 서대문구청,2025-01-01
홍제2동1013,서울특별시 서대문구 홍제동192-13,126.9481494,37.5883869,건축물,02-330-1562~3,서울특별시 서대문구청,2025-01-01
홍제2동8,서울특별시 서대문구 홍제동192-13,126.9481494,37.5883869,건축물,02-330-1562~3,서울특별시 서대문구청,2025-01-01
홍제2동1018,서울특별시 서대문구 홍제동192-17,126.9473848,37.5880107,한전주,02-330-1562~3,서울특별시 서대문구청,2025-01-01
홍제2동6014,서울특별시 서대문구 홍제동19-22,126.9501346,37.5840977,전용주,02-330-1562~3,서울특별시 서대문구청,2025-01-01
홍제2동1015,서울특별시 서대문구 홍제동192-21,126.9476991,37.5882027,한전주,02-330-1562~3,서울특별시 서대문구청,2025-01-01
홍제2동1019,서울특별시 서대문구 홍제동192-22,126.9471142,37.5879272,한전주,02-330-1562~3,서울특별시 서대문구청,2025-01-01
홍제2동1016,서울특별시 서대문구 홍제동192-27,126.9475518,37.5882104,건축물,02-330-1562~3,서울특별시 서대문구청,2025-01-01
홍제2동1012,서울특별시 서대문구 홍제동192-28,126.9482905,37.5880188,건축물,02-330-1562~3,서울특별시 서대문구청,2025-01-01
홍제2동3019,서울특별시 서대문구 홍제동192-28,126.9482905,37.5880188,건축물,02-330-1562~3,서울특별시 서대문구청,2025-01-01
홍제2동3019-1,서울특별시 서대문구 홍제동192-28,126.9482905,37.5880188,건축물,02-330-1562~3,서울특별시 서대문구청,2025-01-01
홍제2동3023,서울특별시 서대문구 홍제동192-30,126.9481205,37.5880263,건축물,02-330-1562~3,서울특별시 서대문구청,2025-01-01
홍제2동3021,서울특별시 서대문구 홍제동192-30,126.9481205,37.5880263,건축물,02-330-1562~3,서울특별시 서대문구청,2025-01-01
홍제2동3020,서울특별시 서대문구 홍제동192-30,126.9481205,37.5880263,건축물,02-330-1562~3,서울특별시 서대문구청,2025-01-01
홍제2동1011,서울특별시 서대문구 홍제동192-38,126.9479357,37.5882859,건축물,02-330-1562~3,서울특별시 서대문구청,2025-01-01
홍제2동1013-1,서울특별시 서대문구 홍제동192-42,126.9482531,37.5882617,한전주,02-330-1562~3,서울특별시 서대문구청,2025-01-01
홍제2동1014,서울특별시 서대문구 홍제동192-52,126.9477681,37.5881312,건축물,02-330-1562~3,서울특별시 서대문구청,2025-01-01
홍제2동3009,서울특별시 서대문구 홍제동195-4,126.947412,37.5876866,한전주,02-330-1562~3,서울특별시 서대문구청,2025-01-01
홍제2동3016,서울특별시 서대문구 홍제동196-45,126.9481457,37.5878463,건축물,02-330-1562~3,서울특별시 서대문구청,2025-01-01
홍제2동3024,서울특별시 서대문구 홍제동196-45,126.9481457,37.5878463,건축물,02-330-1562~3,서울특별시 서대문구청,2025-01-01
홍제2동1032,서울특별시 서대문구 홍제동201-21,126.9472077,37.5885227,한전주,02-330-1562~3,서울특별시 서대문구청,2025-01-01
홍제2동1035,서울특별시 서대문구 홍제동201-9,126.9473536,37.5886141,건축물,02-330-1562~3,서울특별시 서대문구청,2025-01-01
홍제2동1030,서울특별시 서대문구 홍제동202-1,126.9470273,37.588467,건축물,02-330-1562~3,서울특별시 서대문구청,2025-01-01
홍제2동1029,서울특별시 서대문구 홍제동202-1,126.9470273,37.588467,한전주,02-330-1562~3,서울특별시 서대문구청,2025-01-01
홍제2동6015,서울특별시 서대문구 홍제동20-25,126.950393,37.5834332,한전주,02-330-1562~3,서울특별시 서대문구청,2025-01-01
홍제2동7002,서울특별시 서대문구 홍제동20-25,126.950393,37.5834332,건축물,02-330-1562~3,서울특별시 서대문구청,2025-01-01
홍제2동7001,서울특별시 서대문구 홍제동20-26,126.950303,37.5833874,전용주,02-330-1562~3,서울특별시 서대문구청,2025-01-01
홍제2동7008,서울특별시 서대문구 홍제동20-28,126.9503608,37.5833068,한전주,02-330-1562~3,서울특별시 서대문구청,2025-01-01
홍제2동7013,서울특별시 서대문구 홍제동20-40,126.9504732,37.5833618,통신주,02-330-1562~3,서울특별시 서대문구청,2025-01-01
홍제2동7004,서울특별시 서대문구 홍제동20-40,126.9504732,37.5833618,한전주,02-330-1562~3,서울특별시 서대문구청,2025-01-01
홍제2동2001,서울특별시 서대문구 홍제동206-2,126.946777,37.5885549,건축물,02-330-1562~3,서울특별시 서대문구청,2025-01-01
홍제2동10165,서울특별시 서대문구 홍제동207-1,126.9466752,37.588545,통신주,02-330-1562~3,서울특별시 서대문구청,2025-01-01
홍제2동2005,서울특별시 서대문구 홍제동207-2,126.9465278,37.5885617,전용주,02-330-1562~3,서울특별시 서대문구청,2025-01-01
홍제2동7006,서울특별시 서대문구 홍제동21-20,126.9502649,37.5836844,통신주,02-330-1562~3,서울특별시 서대문구청,2025-01-01
홍제2동2011,서울특별시 서대문구 홍제동213-2,126.9459826,37.588683,한전주,02-330-1562~3,서울특별시 서대문구청,2025-01-01
홍제2동2010,서울특별시 서대문구 홍제동213-4,126.9460953,37.58872,한전주,02-330-1562~3,서울특별시 서대문구청,2025-01-01
홍제2동2003-1,서울특별시 서대문구 홍제동192-14,126.9476631,37.5883466,한전주,02-330-1562~3,서울특별시 서대문구청,2025-01-01
홍제2동7005,서울특별시 서대문구 홍제동24-16,126.9504216,37.58301,한전주,02-330-1562~3,서울특별시 서대문구청,2025-01-01
홍제2동7012,서울특별시 서대문구 홍제동24-16,126.9504216,37.58301,한전주,02-330-1562~3,서울특별시 서대문구청,2025-01-01
홍제2동2007-1,서울특별시 서대문구 홍제동356-70,126.9397583,37.5844644,한전주,02-330-1562~3,서울특별시 서대문구청,2025-01-01
홍제2동1185,서울특별시 서대문구 홍제동38-53,126.9511536,37.5832868,한전주,02-330-1562~3,서울특별시 서대문구청,2025-01-01
홍제2동1184,서울특별시 서대문구 홍제동38-53,126.9511536,37.5832868,한전주,02-330-1562~3,서울특별시 서대문구청,2025-01-01
홍제2동200,서울특별시 서대문구 홍제동38-53,126.9511536,37.5832868,한전주,02-330-1562~3,서울특별시 서대문구청,2025-01-01
홍제2동7009,서울특별시 서대문구 홍제동38-69,126.9523687,37.5830273,전용주,02-330-1562~3,서울특별시 서대문구청,2025-01-01
홍제2동7208,서울특별시 서대문구 홍제동38-69,126.9523687,37.5830273,한전주,02-330-1562~3,서울특별시 서대문구청,2025-01-01
홍제2동8004,서울특별시 서대문구 홍제동40-144,126.9536246,37.5798488,건축물,02-330-1562~3,서울특별시 서대문구청,2025-01-01
홍제2동8005,서울특별시 서대문구 홍제동40-222,126.9536914,37.5799304,전용주,02-330-1562~3,서울특별시 서대문구청,2025-01-01
홍제2동8017,서울특별시 서대문구 홍제동40-18,126.9546965,37.5809215,전용주,02-330-1562~3,서울특별시 서대문구청,2025-01-01
홍제2동8018,서울특별시 서대문구 홍제동40-18,126.9546965,37.5809215,건축물,02-330-1562~3,서울특별시 서대문구청,2025-01-01
홍제2동8919,서울특별시 서대문구 홍제동40-19,126.9547317,37.5808317,건축물,02-330-1562~3,서울특별시 서대문구청,2025-01-01
홍제2동8922,서울특별시 서대문구 홍제동40-22,126.9548135,37.5806522,건축물,02-330-1562~3,서울특별시 서대문구청,2025-01-01
홍제2동8022,서울특별시 서대문구 홍제동40-227,126.9544597,37.5808563,건축물,02-330-1562~3,서울특별시 서대문구청,2025-01-01
홍제2동8019,서울특별시 서대문구 홍제동40-24,126.9545374,37.5809651,한전주,02-330-1562~3,서울특별시 서대문구청,2025-01-01
홍제2동8007,서울특별시 서대문구 홍제동40-266,126.9547555,37.5807508,건축물,02-330-1562~3,서울특별시 서대문구청,2025-01-01
홍제2동8015,서울특별시 서대문구 홍제동40-30,126.9544127,37.580973,한전주,02-330-1562~3,서울특별시 서대문구청,2025-01-01
홍제2동8915,서울특별시 서대문구 홍제동40-30,126.9544127,37.580973,한전주,02-330-1562~3,서울특별시 서대문구청,2025-01-01
홍제2동8020,서울특별시 서대문구 홍제동40-32,126.9543131,37.58081,한전주,02-330-1562~3,서울특별시 서대문구청,2025-01-01
홍제2동8023,서울특별시 서대문구 홍제동40-33,126.9543945,37.5806575,한전주,02-330-1562~3,서울특별시 서대문구청,2025-01-01
홍제2동8021,서울특별시 서대문구 홍제동40-33,126.9543945,37.5806575,건축물,02-330-1562~3,서울특별시 서대문구청,2025-01-01
홍제2동8008,서울특별시 서대문구 홍제동40-37,126.9539442,37.5804733,전용주,02-330-1562~3,서울특별시 서대문구청,2025-01-01
홍제2동8010,서울특별시 서대문구 홍제동40-37,126.9539442,37.5804733,한전주,02-330-1562~3,서울특별시 서대문구청,2025-01-01
홍제2동8014,서울특별시 서대문구 홍제동40-46,126.9541634,37.5809888,통신주,02-330-1562~3,서울특별시 서대문구청,2025-01-01
홍제2동8011,서울특별시 서대문구 홍제동40-51,126.9539077,37.5806532,통신주,02-330-1562~3,서울특별시 서대문구청,2025-01-01
홍제2동8013,서울특별시 서대문구 홍제동40-52,126.9538715,37.5808151,통신주,02-330-1562~3,서울특별시 서대문구청,2025-01-01
홍제2동8009,서울특별시 서대문구 홍제동40-63,126.9536812,37.5806602,한전주,02-330-1562~3,서울특별시 서대문구청,2025-01-01
홍제2동8012,서울특별시 서대문구 홍제동40-63,126.9536812,37.5806602,한전주,02-330-1562~3,서울특별시 서대문구청,2025-01-01
홍제2동8002,서울특별시 서대문구 홍제동41-16,126.9529228,37.5798425,한전주,02-330-1562~3,서울특별시 서대문구청,2025-01-01
홍제2동8001,서울특별시 서대문구 홍제동41-16,126.9529228,37.5798425,한전주,02-330-1562~3,서울특별시 서대문구청,2025-01-01
홍제2동9905,서울특별시 서대문구 홍제동44-15,126.9505308,37.5800646,건축물,02-330-1562~3,서울특별시 서대문구청,2025-01-01
홍제2동1006,서울특별시 서대문구 홍제동459-9,126.948306,37.5885235,건축물,02-330-1562~3,서울특별시 서대문구청,2025-01-01
홍제2동1036,서울특별시 서대문구 홍제동459-9,126.948306,37.5885235,건축물,02-330-1562~3,서울특별시 서대문구청,2025-01-01
홍제2동7010,서울특별시 서대문구 홍제동460-2,126.951842,37.5834461,전용주,02-330-1562~3,서울특별시 서대문구청,2025-01-01
홍제2동7011,서울특별시 서대문구 홍제동460-2,126.951842,37.5834461,전용주,02-330-1562~3,서울특별시 서대문구청,2025-01-01
홍제2동9002,서울특별시 서대문구 홍제동460-5,126.9523366,37.5861265,한전주,02-330-1562~3,서울특별시 서대문구청,2025-01-01
홍제2동9014,서울특별시 서대문구 홍제동460-5,126.9523366,37.5861265,전용주,02-330-1562~3,서울특별시 서대문구청,2025-01-01
홍제1동237,서울특별시 서대문구 홍제동47-18,126.9520382,37.5799518,건축물,02-330-1562~3,서울특별시 서대문구청,2025-01-01
홍제3동8027,서울특별시 서대문구 홍제동산1-152,126.9536933,37.5814172,한전주,02-330-1562~3,서울특별시 서대문구청,2025-01-01
홍제2동9013,서울특별시 서대문구 홍제동산1-1,126.95544,37.5876678,한전주,02-330-1562~3,서울특별시 서대문구청,2025-01-01
홍제2동9009,서울특별시 서대문구 홍제동산1-1,126.95544,37.5876678,한전주,02-330-1562~3,서울특별시 서대문구청,2025-01-01
홍제2동9011,서울특별시 서대문구 홍제동산1-1,126.95544,37.5876678,전용주,02-330-1562~3,서울특별시 서대문구청,2025-01-01
홍제2동9012,서울특별시 서대문구 홍제동산1-1,126.95544,37.5876678,전용주,02-330-1562~3,서울특별시 서대문구청,2025-01-01
홍제2동9008,서울특별시 서대문구 홍제동산1-1,126.95544,37.5876678,전용주,02-330-1562~3,서울특별시 서대문구청,2025-01-01
홍제2동9007,서울특별시 서대문구 홍제동산1-1,126.95544,37.5876678,한전주,02-330-1562~3,서울특별시 서대문구청,2025-01-01
홍제2동9003,서울특별시 서대문구 홍제동산1-1,126.95544,37.5876678,전용주,02-330-1562~3,서울특별시 서대문구청,2025-01-01
홍제2동9005,서울특별시 서대문구 홍제동산1-1,126.95544,37.5876678,전용주,02-330-1562~3,서울특별시 서대문구청,2025-01-01
홍제2동9006,서울특별시 서대문구 홍제동산1-1,126.95544,37.5876678,한전주,02-330-1562~3,서울특별시 서대문구청,2025-01-01
홍제2동9010,서울특별시 서대문구 홍제동산1-100,126.9548352,37.5928614,전용주,02-330-1562~3,서울특별시 서대문구청,2025-01-01
홍제2동9004,서울특별시 서대문구 홍제동산1-100,126.9548352,37.5928614,한전주,02-330-1562~3,서울특별시 서대문구청,2025-01-01
홍제2동8031,서울특별시 서대문구 홍제동산1-106,126.9536902,37.5800205,전용주,02-330-1562~3,서울특별시 서대문구청,2025-01-01
홍제2동9016,서울특별시 서대문구 홍제동산1-52,126.9531068,37.5852954,한전주,02-330-1562~3,서울특별시 서대문구청,2025-01-01
홍제2동9021,서울특별시 서대문구 홍제동산1-52,126.9531068,37.5852954,전용주,02-330-1562~3,서울특별시 서대문구청,2025-01-01
홍제2동9020,서울특별시 서대문구 홍제동산1-52,126.9531068,37.5852954,전용주,02-330-1562~3,서울특별시 서대문구청,2025-01-01
홍제2동9022,서울특별시 서대문구 홍제동산1-52,126.9531068,37.5852954,전용주,02-330-1562~3,서울특별시 서대문구청,2025-01-01
홍제2동9024,서울특별시 서대문구 홍제동산1-52,126.9531068,37.5852954,전용주,02-330-1562~3,서울특별시 서대문구청,2025-01-01
홍제2동9018,서울특별시 서대문구 홍제동산1-52,126.9531068,37.5852954,한전주,02-330-1562~3,서울특별시 서대문구청,2025-01-01
홍제2동9023,서울특별시 서대문구 홍제동105-5,126.9523789,37.5847213,전용주,02-330-1562~3,서울특별시 서대문구청,2025-01-01
홍제2동9465,서울특별시 서대문구 홍제동산1-52,126.9531068,37.5852954,한전주,02-330-1562~3,서울특별시 서대문구청,2025-01-01
홍제2동10159,서울특별시 서대문구 홍제동123-5,126.9478285,37.5862486,한전주,02-330-1562~3,서울특별시 서대문구청,2025-01-01
홍제2동2221-1,서울특별시 서대문구 홍제동188,126.9468893,37.5878171,전용주,02-330-1562~3,서울특별시 서대문구청,2025-01-01
홍제2동1008,서울특별시 서대문구 홍제동192-47,126.9480174,37.5881154,한전주,02-330-1562~3,서울특별시 서대문구청,2025-01-01
홍제2동13,서울특별시 서대문구 홍제동174-17,126.945574,37.5879495,전용주,02-330-1562~3,서울특별시 서대문구청,2025-01-01
홍제2동9995,서울특별시 서대문구 홍제동135-10,126.9477934,37.5879422,건축물,02-330-1562~3,서울특별시 서대문구청,2025-01-01
홍제2동9,서울특별시 서대문구 홍제동192-14,126.9476631,37.5883466,전용주,02-330-1562~3,서울특별시 서대문구청,2025-01-01
홍제2동10,서울특별시 서대문구 홍제동192-14,126.9476631,37.5883466,전용주,02-330-1562~3,서울특별시 서대문구청,2025-01-01
홍제2동11,서울특별시 서대문구 홍제동133-2,126.9483402,37.5877038,건축물,02-330-1562~3,서울특별시 서대문구청,2025-01-01
홍제2동12,서울특별시 서대문구 홍제동116,126.9483167,37.5853519,한전주,02-330-1562~3,서울특별시 서대문구청,2025-01-01
홍제2동4005,서울특별시 서대문구 홍제동130-2,126.948613,37.5868233,한전주,02-330-1562~3,서울특별시 서대문구청,2025-01-01
홍제2동5004,서울특별시 서대문구 홍제동107-12,126.9487178,37.585815,한전주,02-330-1562~3,서울특별시 서대문구청,2025-01-01
홍제2동3008,서울특별시 서대문구 홍제동192-22,126.9471142,37.5879272,한전주,02-330-1562~3,서울특별시 서대문구청,2025-01-01
홍제2동1017,서울특별시 서대문구 홍제동192-26,126.9475089,37.5880388,한전주,02-330-1562~3,서울특별시 서대문구청,2025-01-01
홍제2동1026-1,서울특별시 서대문구 홍제동209,126.9465184,37.5884264,한전주,02-330-1562~3,서울특별시 서대문구청,2025-01-01
홍제2동8006,서울특별시 서대문구 홍제2동40-222,126.9536914,37.5799304,건축물,02-330-1562~3,서울특별시 서대문구청,2025-01-01
홍제3동7080,서울특별시 서대문구 홍제동251,126.9452799,37.5887307,한전주,02-330-1562~3,서울특별시 서대문구청,2025-01-01
홍제3동9060,서울특별시 서대문구 홍제동251,126.9452799,37.5887307,전용주,02-330-1562~3,서울특별시 서대문구청,2025-01-01
홍제3동10152,서울특별시 서대문구 홍제동373,126.9466064,37.5934279,전용주,02-330-1562~3,서울특별시 서대문구청,2025-01-01
홍제3동2019,서울특별시 서대문구 홍제동393,126.9465663,37.5930582,건축물,02-330-1562~3,서울특별시 서대문구청,2025-01-01
홍제3동2018,서울특별시 서대문구 홍제동394,126.9464869,37.5930665,한전주,02-330-1562~3,서울특별시 서대문구청,2025-01-01
홍제3동2026,서울특별시 서대문구 홍제동407,126.9462987,37.5927674,건축물,02-330-1562~3,서울특별시 서대문구청,2025-01-01
홍제3동2030,서울특별시 서대문구 홍제동420,126.9460059,37.5926477,한전주,02-330-1562~3,서울특별시 서대문구청,2025-01-01
홍제3동2031,서울특별시 서대문구 홍제동420,126.9460059,37.5926477,한전주,02-330-1562~3,서울특별시 서대문구청,2025-01-01
홍제3동2035,서울특별시 서대문구 홍제동428,126.9459173,37.5925118,건축물,02-330-1562~3,서울특별시 서대문구청,2025-01-01
홍제3동3002,서울특별시 서대문구 홍제동463,126.9494991,37.5922554,한전주,02-330-1562~3,서울특별시 서대문구청,2025-01-01
홍제3동3004,서울특별시 서대문구 홍제동463,126.9494991,37.5922554,한전주,02-330-1562~3,서울특별시 서대문구청,2025-01-01
홍제3동1080,서울특별시 서대문구 홍제동472,126.9472232,37.5962627,한전주,02-330-1562~3,서울특별시 서대문구청,2025-01-01
홍제3동3050,서울특별시 서대문구 홍제동5-1,126.9503591,37.5947138,한전주,02-330-1562~3,서울특별시 서대문구청,2025-01-01
홍제3동3048,서울특별시 서대문구 홍제동5-5,126.9499404,37.5946921,한전주,02-330-1562~3,서울특별시 서대문구청,2025-01-01
홍제3동5,서울특별시 서대문구 홍제동5-8,126.9498149,37.594763,전용주,02-330-1562~3,서울특별시 서대문구청,2025-01-01
홍제3동3049,서울특별시 서대문구 홍제동5-21,126.9501188,37.5948919,한전주,02-330-1562~3,서울특별시 서대문구청,2025-01-01
홍제3동9436,서울특별시 서대문구 홍제동5-21,126.9501188,37.5948919,전용주,02-330-1562~3,서울특별시 서대문구청,2025-01-01
홍제3동1-6,서울특별시 서대문구 홍제동5-23,126.9506273,37.5949685,전용주,02-330-1562~3,서울특별시 서대문구청,2025-01-01
홍제3동9435,서울특별시 서대문구 홍제동5-24,126.9505688,37.5951031,건축물,02-330-1562~3,서울특별시 서대문구청,2025-01-01
홍제3동3045,서울특별시 서대문구 홍제동6-1,126.9499207,37.5944847,한전주,02-330-1562~3,서울특별시 서대문구청,2025-01-01
홍제3동3047,서울특별시 서대문구 홍제동6-1,126.9499207,37.5944847,한전주,02-330-1562~3,서울특별시 서대문구청,2025-01-01
홍제3동3067,서울특별시 서대문구 홍제동6-3,126.9507279,37.5942576,한전주,02-330-1562~3,서울특별시 서대문구청,2025-01-01
홍제3동3067-1,서울특별시 서대문구 홍제동6-3,126.9507279,37.5942576,한전주,02-330-1562~3,서울특별시 서대문구청,2025-01-01
홍제3동3084,서울특별시 서대문구 홍제동6-6,126.9513661,37.5939659,전용주,02-330-1562~3,서울특별시 서대문구청,2025-01-01
홍제3동3066,서울특별시 서대문구 홍제동6-11,126.9508556,37.5940334,한전주,02-330-1562~3,서울특별시 서대문구청,2025-01-01
홍제3동3064,서울특별시 서대문구 홍제동6-13,126.9511532,37.5938018,통신주,02-330-1562~3,서울특별시 서대문구청,2025-01-01
홍제3동3089,서울특별시 서대문구 홍제동6-15,126.9514164,37.5936059,한전주,02-330-1562~3,서울특별시 서대문구청,2025-01-01
홍제3동3077,서울특별시 서대문구 홍제동6-18,126.9511615,37.5940181,한전주,02-330-1562~3,서울특별시 서대문구청,2025-01-01
홍제3동3068,서울특별시 서대문구 홍제동6-23,126.9504761,37.5944445,한전주,02-330-1562~3,서울특별시 서대문구청,2025-01-01
홍제3동3234,서울특별시 서대문구 홍제동7-1,126.9499907,37.5935302,전용주,02-330-1562~3,서울특별시 서대문구청,2025-01-01
홍제3동4045,서울특별시 서대문구 홍제동7-4,126.9502651,37.5933434,한전주,02-330-1562~3,서울특별시 서대문구청,2025-01-01
홍제3동3036,서울특별시 서대문구 홍제동7-4,126.9502651,37.5933434,한전주,02-330-1562~3,서울특별시 서대문구청,2025-01-01
홍제3동4037,서울특별시 서대문구 홍제동7-8,126.9502675,37.5923703,건축물,02-330-1562~3,서울특별시 서대문구청,2025-01-01
홍제3동3086,서울특별시 서대문구 홍제동7-13,126.949727,37.5937621,전용주,02-330-1562~3,서울특별시 서대문구청,2025-01-01
홍제3동4034,서울특별시 서대문구 홍제동7-31,126.9500587,37.5919179,건축물,02-330-1562~3,서울특별시 서대문구청,2025-01-01
홍제3동4036,서울특별시 서대문구 홍제동8-1,126.950426,37.5923717,한전주,02-330-1562~3,서울특별시 서대문구청,2025-01-01
홍제3동4044,서울특별시 서대문구 홍제동8-6,126.9502115,37.5931267,한전주,02-330-1562~3,서울특별시 서대문구청,2025-01-01
홍제3동3035,서울특별시 서대문구 홍제동8-7,126.9503237,37.5931998,한전주,02-330-1562~3,서울특별시 서대문구청,2025-01-01
홍제3동4043,서울특별시 서대문구 홍제동8-10,126.9503829,37.5930201,건축물,02-330-1562~3,서울특별시 서대문구청,2025-01-01
홍제3동4003,서울특별시 서대문구 홍제동8-14,126.950599,37.5929499,건축물,02-330-1562~3,서울특별시 서대문구청,2025-01-01
홍제3동4004,서울특별시 서대문구 홍제동8-18,126.9508164,37.5927897,한전주,02-330-1562~3,서울특별시 서대문구청,2025-01-01
홍제3동10136,서울특별시 서대문구 홍제동8-20,126.9507607,37.5927261,건축물,02-330-1562~3,서울특별시 서대문구청,2025-01-01
홍제3동4038,서울특별시 서대문구 홍제동8-22,126.9505797,37.5927155,건축물,02-330-1562~3,서울특별시 서대문구청,2025-01-01
홍제3동4042,서울특별시 서대문구 홍제동8-23,126.9505898,37.5927967,건축물,02-330-1562~3,서울특별시 서대문구청,2025-01-01
홍제3동4344,서울특별시 서대문구 홍제동8-26,126.9503629,37.5928307,건축물,02-330-1562~3,서울특별시 서대문구청,2025-01-01
홍제3동4041,서울특별시 서대문구 홍제동8-27,126.9503163,37.5929204,건축물,02-330-1562~3,서울특별시 서대문구청,2025-01-01
홍제3동4040,서울특별시 서대문구 홍제동8-30,126.9503422,37.5926954,한전주,02-330-1562~3,서울특별시 서대문구청,2025-01-01
홍제3동4006,서울특별시 서대문구 홍제동9-27,126.9517575,37.5926989,한전주,02-330-1562~3,서울특별시 서대문구청,2025-01-01
세검정로4길1,서울특별시 서대문구 홍제동9-27,126.9517575,37.5926989,전용주,02-330-1562~3,서울특별시 서대문구청,2025-01-01
세검정로4길2,서울특별시 서대문구 홍제동9-27,126.9517575,37.5926989,전용주,02-330-1562~3,서울특별시 서대문구청,2025-01-01
홍제3동3,서울특별시 서대문구 홍제동9-27,126.9517575,37.5926989,전용주,02-330-1562~3,서울특별시 서대문구청,2025-01-01
세검정로4길4,서울특별시 서대문구 홍제동9-27,126.9517575,37.5926989,전용주,02-330-1562~3,서울특별시 서대문구청,2025-01-01
세검정로4길5,서울특별시 서대문구 홍제동9-27,126.9517575,37.5926989,전용주,02-330-1562~3,서울특별시 서대문구청,2025-01-01
세검정로4길6,서울특별시 서대문구 홍제동9-27,126.9517575,37.5926989,전용주,02-330-1562~3,서울특별시 서대문구청,2025-01-01
홍제3동1,서울특별시 서대문구 홍제동10-9,126.9500333,37.591305,한전주,02-330-1562~3,서울특별시 서대문구청,2025-01-01
홍제3동4032,서울특별시 서대문구 홍제동10-9,126.9500333,37.591305,한전주 ,02-330-1562~3,서울특별시 서대문구청,2025-01-01
홍제3동4046,서울특별시 서대문구 홍제동10-11,126.9503152,37.5913886,통신주,02-330-1562~3,서울특별시 서대문구청,2025-01-01
홍제3동4030,서울특별시 서대문구 홍제동10-12,126.9500855,37.5916208,건축물,02-330-1562~3,서울특별시 서대문구청,2025-01-01
홍제3동4029,서울특별시 서대문구 홍제동10-17,126.950484,37.5914622,씨피주,02-330-1562~3,서울특별시 서대문구청,2025-01-01
홍제3동3011,서울특별시 서대문구 홍제동274-90,126.9490283,37.5935216,건축물,02-330-1562~3,서울특별시 서대문구청,2025-01-01
홍제3동2025,서울특별시 서대문구 홍제동137-6,126.9469895,37.5871332,한전주,02-330-1562~3,서울특별시 서대문구청,2025-01-01
홍제3동1023,서울특별시 서대문구 홍제동185-4,126.9466808,37.5881486,한전주,02-330-1562~3,서울특별시 서대문구청,2025-01-01
홍제3동1002,서울특별시 서대문구 홍제동197-9,126.9479898,37.5884666,전용주,02-330-1562~3,서울특별시 서대문구청,2025-01-01
홍제2동1033,서울특별시 서대문구 홍제동201-5,126.9472427,37.5884509,한전주,02-330-1562~3,서울특별시 서대문구청,2025-01-01
홍제3동2004,서울특별시 서대문구 홍제동266-193,126.9475067,37.5938234,한전주,02-330-1562~3,서울특별시 서대문구청,2025-01-01
홍제3동2003,서울특별시 서대문구 홍제동217-2,126.9467743,37.5887441,한전주,02-330-1562~3,서울특별시 서대문구청,2025-01-01
홍제3동2011,서울특별시 서대문구 홍제동233-3,126.9460136,37.5888905,한전주,02-330-1562~3,서울특별시 서대문구청,2025-01-01
홍제3동7072,서울특별시 서대문구 홍제동241-100,126.94599,37.5897643,한전주,02-330-1562~3,서울특별시 서대문구청,2025-01-01
홍제3동7056,서울특별시 서대문구 홍제동241-63,126.9464875,37.5906157,한전주,02-330-1562~3,서울특별시 서대문구청,2025-01-01
홍제3동2065,서울특별시 서대문구 홍제동245-1,126.9451439,37.5903424,한전주,02-330-1562~3,서울특별시 서대문구청,2025-01-01
홍제3동2066,서울특별시 서대문구 홍제동245-15,126.9460016,37.5905483,한전주,02-330-1562~3,서울특별시 서대문구청,2025-01-01
홍제3동2067,서울특별시 서대문구 홍제동245-16,126.9460465,37.5905757,건축물,02-330-1562~3,서울특별시 서대문구청,2025-01-01
홍제3동5059,서울특별시 서대문구 홍제동246-1,126.9458704,37.5902137,건축물,02-330-1562~3,서울특별시 서대문구청,2025-01-01
홍제3동5057,서울특별시 서대문구 홍제동246-11,126.9458292,37.589925,한전주,02-330-1562~3,서울특별시 서대문구청,2025-01-01
홍제3동5058,서울특별시 서대문구 홍제동246-2,126.9456787,37.5901579,건축물,02-330-1562~3,서울특별시 서대문구청,2025-01-01
홍제3동7067,서울특별시 서대문구 홍제동246-3,126.9459844,37.5901607,통신주,02-330-1562~3,서울특별시 서대문구청,2025-01-01
홍제3동5052,서울특별시 서대문구 홍제동249-1,126.9454729,37.5894983,건축물,02-330-1562~3,서울특별시 서대문구청,2025-01-01
홍제3동5056,서울특별시 서대문구 홍제동249-1,126.9454729,37.5894983,씨피주,02-330-1562~3,서울특별시 서대문구청,2025-01-01
홍제3동5072,서울특별시 서대문구 홍제동253-12,126.9448044,37.5887265,전용주,02-330-1562~3,서울특별시 서대문구청,2025-01-01
홍제3동5071,서울특별시 서대문구 홍제동253-13,126.9448254,37.5888438,전용주,02-330-1562~3,서울특별시 서대문구청,2025-01-01
홍제3동5047,서울특별시 서대문구 홍제동253-16,126.9452316,37.5889466,씨피주,02-330-1562~3,서울특별시 서대문구청,2025-01-01
홍제3동5048,서울특별시 서대문구 홍제동253-16,126.9452316,37.5889466,건축물,02-330-1562~3,서울특별시 서대문구청,2025-01-01
홍제3동5044,서울특별시 서대문구 홍제동253-4,126.9443024,37.5889923,한전주,02-330-1562~3,서울특별시 서대문구청,2025-01-01
홍제3동1014,서울특별시 서대문구 홍제동253-7,126.944485,37.5888948,한전주,02-330-1562~3,서울특별시 서대문구청,2025-01-01
홍제3동1014-1,서울특별시 서대문구 홍제동253-9,126.9447005,37.5888697,전용주,02-330-1562~3,서울특별시 서대문구청,2025-01-01
홍제3동5049,서울특별시 서대문구 홍제동254-1,126.9451397,37.5890358,한전주,02-330-1562~3,서울특별시 서대문구청,2025-01-01
홍제3동5045,서울특별시 서대문구 홍제동256-3,126.9446614,37.5892298,한전주,02-330-1562~3,서울특별시 서대문구청,2025-01-01
홍제3동5046,서울특별시 서대문구 홍제동256-6,126.9446963,37.589167,건축물,02-330-1562~3,서울특별시 서대문구청,2025-01-01
홍제3동5053,서울특별시 서대문구 홍제동257-13,126.9449176,37.5895294,한전주,02-330-1562~3,서울특별시 서대문구청,2025-01-01
홍제3동5050,서울특별시 서대문구 홍제동257-15,126.9448858,37.589376,건축물,02-330-1562~3,서울특별시 서대문구청,2025-01-01
홍제3동5054,서울특별시 서대문구 홍제동257-18,126.9448585,37.5897091,한전주,02-330-1562~3,서울특별시 서대문구청,2025-01-01
홍제3동5051,서울특별시 서대문구 홍제동258-2,126.9451939,37.5892075,한전주,02-330-1562~3,서울특별시 서대문구청,2025-01-01
홍제3동7079,서울특별시 서대문구 홍제동234-2,126.9458437,37.588898,한전주,02-330-1562~3,서울특별시 서대문구청,2025-01-01
홍제3동5055,서울특별시 서대문구 홍제동259-2,126.9453805,37.5896237,한전주,02-330-1562~3,서울특별시 서대문구청,2025-01-01
홍제3동2068,서울특별시 서대문구 홍제동260-23,126.9455995,37.5909591,한전주,02-330-1562~3,서울특별시 서대문구청,2025-01-01
홍제3동2069,서울특별시 서대문구 홍제동260-3,126.9455191,37.5910395,한전주,02-330-1562~3,서울특별시 서대문구청,2025-01-01
홍제3동2457,서울특별시 서대문구 홍제동260-34,126.9457635,37.5913751,건축물,02-330-1562~3,서울특별시 서대문구청,2025-01-01
홍제3동2070,서울특별시 서대문구 홍제동260-41,126.9456072,37.5912115,건축물,02-330-1562~3,서울특별시 서대문구청,2025-01-01
홍제3동5019,서울특별시 서대문구 홍제동260-5,126.9448066,37.5909791,한전주,02-330-1562~3,서울특별시 서대문구청,2025-01-01
홍제3동5021,서울특별시 서대문구 홍제동260-55,126.9443248,37.5906144,한전주,02-330-1562~3,서울특별시 서대문구청,2025-01-01
홍제3동2071,서울특별시 서대문구 홍제동261-1,126.9446983,37.5914286,건축물,02-330-1562~3,서울특별시 서대문구청,2025-01-01
홍제3동5002,서울특별시 서대문구 홍제동261-15,126.9446211,37.5912838,한전주,02-330-1562~3,서울특별시 서대문구청,2025-01-01
홍제3동5006,서울특별시 서대문구 홍제동261-17,126.9446247,37.5910315,전용주,02-330-1562~3,서울특별시 서대문구청,2025-01-01
홍제3동5003,서울특별시 서대문구 홍제동261-5,126.9447133,37.5911675,건축물,02-330-1562~3,서울특별시 서대문구청,2025-01-01
홍제3동2072,서울특별시 서대문구 홍제동262-1,126.9452413,37.5914695,한전주,02-330-1562~3,서울특별시 서대문구청,2025-01-01
홍제3동2073,서울특별시 서대문구 홍제동262-3,126.9449152,37.5913044,한전주,02-330-1562~3,서울특별시 서대문구청,2025-01-01
홍제3동5004,서울특별시 서대문구 홍제동264-4,126.9444389,37.5913542,한전주,02-330-1562~3,서울특별시 서대문구청,2025-01-01
홍제3동5004-1,서울특별시 서대문구 홍제동264-5,126.9443721,37.5912725,한전주,02-330-1562~3,서울특별시 서대문구청,2025-01-01
홍제3동5005,서울특별시 서대문구 홍제동264-6,126.9443166,37.5912,통신주,02-330-1562~3,서울특별시 서대문구청,2025-01-01
홍제3동5001,서울특별시 서대문구 홍제동264-7,126.9445603,37.5915806,건축물,02-330-1562~3,서울특별시 서대문구청,2025-01-01
홍제3동1-26,서울특별시 서대문구 홍제동266-106,126.946191,37.5907662,전용주,02-330-1562~3,서울특별시 서대문구청,2025-01-01
홍제3동2060,서울특별시 서대문구 홍제동266-110,126.9461265,37.5913243,건축물,02-330-1562~3,서울특별시 서대문구청,2025-01-01
홍제3동2345,서울특별시 서대문구 홍제동266-115,126.946005,37.5919088,건축물,02-330-1562~3,서울특별시 서대문구청,2025-01-01
홍제3동2052,서울특별시 서대문구 홍제동266-117,126.9457678,37.5918707,한전주,02-330-1562~3,서울특별시 서대문구청,2025-01-01
홍제3동2056,서울특별시 서대문구 홍제동266-119,126.9460792,37.591468,한전주,02-330-1562~3,서울특별시 서대문구청,2025-01-01
홍제3동2058,서울특별시 서대문구 홍제동266-126,126.9458467,37.5910965,한전주,02-330-1562~3,서울특별시 서대문구청,2025-01-01
홍제3동2573,서울특별시 서대문구 홍제동266-129,126.9450134,37.5915666,통신주,02-330-1562~3,서울특별시 서대문구청,2025-01-01
홍제3동2055,서울특별시 서대문구 홍제동266-141,126.9457837,37.5915465,한전주,02-330-1562~3,서울특별시 서대문구청,2025-01-01
홍제3동2057,서울특별시 서대문구 홍제동266-143,126.9458757,37.5914482,통신주,02-330-1562~3,서울특별시 서대문구청,2025-01-01
홍제3동6020,서울특별시 서대문구 홍제동266-145,126.9473875,37.592642,건축물,02-330-1562~3,서울특별시 서대문구청,2025-01-01
홍제3동2054,서울특별시 서대문구 홍제동266-166,126.9455345,37.5915532,건축물,02-330-1562~3,서울특별시 서대문구청,2025-01-01
홍제3동10078,서울특별시 서대문구 홍제동266-173,126.9470852,37.592396,건축물,02-330-1562~3,서울특별시 서대문구청,2025-01-01
홍제3동2014,서울특별시 서대문구 홍제동266-178,126.9470539,37.5930085,건축물,02-330-1562~3,서울특별시 서대문구청,2025-01-01
홍제3동2006,서울특별시 서대문구 홍제동266-185,126.9474156,37.5938587,한전주,02-330-1562~3,서울특별시 서대문구청,2025-01-01
홍제3동2010,서울특별시 서대문구 홍제동266-203,126.9471019,37.5936216,한전주,02-330-1562~3,서울특별시 서대문구청,2025-01-01
홍제3동2008,서울특별시 서대문구 홍제동266-279,126.9473308,37.5934524,건축물,02-330-1562~3,서울특별시 서대문구청,2025-01-01
홍제3동2009,서울특별시 서대문구 홍제동266-204,126.9472048,37.5935504,건축물,02-330-1562~3,서울특별시 서대문구청,2025-01-01
홍제3동2012,서울특별시 서대문구 홍제동266-213,126.9469912,37.5934404,건축물,02-330-1562~3,서울특별시 서대문구청,2025-01-01
홍제3동2015,서울특별시 서대문구 홍제동266-225,126.946826,37.5931145,건축물,02-330-1562~3,서울특별시 서대문구청,2025-01-01
홍제3동2016,서울특별시 서대문구 홍제동266-226,126.9467798,37.5931772,건축물,02-330-1562~3,서울특별시 서대문구청,2025-01-01
홍제3동2013,서울특별시 서대문구 홍제동266-227,126.946793,37.5930422,건축물,02-330-1562~3,서울특별시 서대문구청,2025-01-01
홍제3동2020,서울특별시 서대문구 홍제동266-227,126.946793,37.5930422,통신주,02-330-1562~3,서울특별시 서대문구청,2025-01-01
홍제3동2023,서울특별시 서대문구 홍제동266-229,126.9466591,37.5929058,건축물,02-330-1562~3,서울특별시 서대문구청,2025-01-01
홍제3동2028,서울특별시 서대문구 홍제동266-235,126.9465846,37.5925628,통신주,02-330-1562~3,서울특별시 서대문구청,2025-01-01
홍제3동2027,서울특별시 서대문구 홍제동266-242,126.9464246,37.5926695,한전주,02-330-1562~3,서울특별시 서대문구청,2025-01-01
홍제3동2029,서울특별시 서대문구 홍제동266-244,126.9462774,37.5926681,건축물,02-330-1562~3,서울특별시 서대문구청,2025-01-01
홍제3동2033,서울특별시 서대문구 홍제동266-247,126.9462118,37.5925054,한전주,02-330-1562~3,서울특별시 서대문구청,2025-01-01
홍제3동2032,서울특별시 서대문구 홍제동266-248,126.9460084,37.5924765,건축물,02-330-1562~3,서울특별시 서대문구청,2025-01-01
홍제3동2037,서울특별시 서대문구 홍제동266-251,126.9458306,37.5922317,한전주,02-330-1562~3,서울특별시 서대문구청,2025-01-01
홍제3동2038,서울특별시 서대문구 홍제동266-253,126.9456711,37.5923023,한전주,02-330-1562~3,서울특별시 서대문구청,2025-01-01
홍제3동2036,서울특별시 서대문구 홍제동266-254,126.9456931,37.5923476,건축물,02-330-1562~3,서울특별시 서대문구청,2025-01-01
홍제3동4030-1,서울특별시 서대문구 홍제동266-255,126.945535,37.5923191,한전주,02-330-1562~3,서울특별시 서대문구청,2025-01-01
홍제3동2074,서울특별시 서대문구 홍제동266-256,126.9454005,37.5922188,통신주,02-330-1562~3,서울특별시 서대문구청,2025-01-01
홍제3동2040,서울특별시 서대문구 홍제동266-263,126.9450523,37.5920175,한전주,02-330-1562~3,서울특별시 서대문구청,2025-01-01
홍제3동2042,서울특별시 서대문구 홍제동266-263,126.9450523,37.5920175,한전주,02-330-1562~3,서울특별시 서대문구청,2025-01-01
홍제3동2048,서울특별시 서대문구 홍제동266-28,126.9466584,37.591347,한전주,02-330-1562~3,서울특별시 서대문구청,2025-01-01
홍제3동2034,서울특별시 서대문구 홍제동266-281,126.9459755,37.5923951,통신주,02-330-1562~3,서울특별시 서대문구청,2025-01-01
홍제3동2041,서울특별시 서대문구 홍제동266-299,126.9453797,37.5920925,건축물,02-330-1562~3,서울특별시 서대문구청,2025-01-01
홍제3동2044,서울특별시 서대문구 홍제동266-3,126.946944,37.5919713,한전주,02-330-1562~3,서울특별시 서대문구청,2025-01-01
홍제3동2043,서울특별시 서대문구 홍제동266-3,126.946944,37.5919713,한전주,02-330-1562~3,서울특별시 서대문구청,2025-01-01
홍제3동2046,서울특별시 서대문구 홍제동266-3,126.946944,37.5919713,건축물 ,02-330-1562~3,서울특별시 서대문구청,2025-01-01
홍제3동1-4`,서울특별시 서대문구 홍제동266-30,126.9465158,37.5910214,통신주,02-330-1562~3,서울특별시 서대문구청,2025-01-01
홍제3동2021,서울특별시 서대문구 홍제동266-303,126.946818,37.5928802,한전주,02-330-1562~3,서울특별시 서대문구청,2025-01-01
홍제3동6026,서울특별시 서대문구 홍제동266-33,126.9469708,37.5916742,건축물,02-330-1562~3,서울특별시 서대문구청,2025-01-01
홍제3동6027,서울특별시 서대문구 홍제동266-33,126.9469708,37.5916742,통신주,02-330-1562~3,서울특별시 서대문구청,2025-01-01
홍제3동2039,서울특별시 서대문구 홍제동426,126.9458254,37.592601,한전주,02-330-1562~3,서울특별시 서대문구청,2025-01-01
홍제3동2045,서울특별시 서대문구 홍제동266-60,126.9463313,37.5920559,한전주,02-330-1562~3,서울특별시 서대문구청,2025-01-01
홍제3동2250,서울특별시 서대문구 홍제동266-62,126.9461073,37.5918827,건축물,02-330-1562~3,서울특별시 서대문구청,2025-01-01
홍제3동2050,서울특별시 서대문구 홍제동266-64,126.9460078,37.5917106,건축물,02-330-1562~3,서울특별시 서대문구청,2025-01-01
홍제3동2053,서울특별시 서대문구 홍제동266-141,126.9457837,37.5915465,건축물,02-330-1562~3,서울특별시 서대문구청,2025-01-01
홍제3동2059,서울특별시 서대문구 홍제동266-6,126.946544,37.5914271,한전주,02-330-1562~3,서울특별시 서대문구청,2025-01-01
홍제3동2047,서울특별시 서대문구 홍제동266-8,126.9468041,37.5914565,한전주,02-330-1562~3,서울특별시 서대문구청,2025-01-01
홍제3동2063,서울특별시 서대문구 홍제동266-81,126.9458501,37.5908533,통신주,02-330-1562~3,서울특별시 서대문구청,2025-01-01
홍제3동2062,서울특별시 서대문구 홍제동266-87,126.9462438,37.591037,건축물,02-330-1562~3,서울특별시 서대문구청,2025-01-01
홍제3동2061,서울특별시 서대문구 홍제동266-89,126.9461087,37.5909817,한전주,02-330-1562~3,서울특별시 서대문구청,2025-01-01
홍제3동1-25,서울특별시 서대문구 홍제동266-99,126.9457141,37.5908611,전용주,02-330-1562~3,서울특별시 서대문구청,2025-01-01
홍제3동6037,서울특별시 서대문구 홍제동267-1,126.9487045,37.5915905,건축물,02-330-1562~3,서울특별시 서대문구청,2025-01-01
홍제3동7025,서울특별시 서대문구 홍제동267-119,126.9486678,37.5901756,한전주,02-330-1562~3,서울특별시 서대문구청,2025-01-01
홍제3동6042,서울특별시 서대문구 홍제동267-12,126.948795,37.5907894,한전주,02-330-1562~3,서울특별시 서대문구청,2025-01-01
홍제3동6044,서울특별시 서대문구 홍제동267-43,126.9485607,37.5905441,건축물,02-330-1562~3,서울특별시 서대문구청,2025-01-01
홍제3동6034,서울특별시 서대문구 홍제동267-14,126.9482159,37.5917123,한전주,02-330-1562~3,서울특별시 서대문구청,2025-01-01
홍제3동6029,서울특별시 서대문구 홍제동267-150,126.947741,37.591663,건축물,02-330-1562~3,서울특별시 서대문구청,2025-01-01
홍제3동6031,서울특별시 서대문구 홍제동267-19,126.9480045,37.5914401,한전주,02-330-1562~3,서울특별시 서대문구청,2025-01-01
홍제3동10172,서울특별시 서대문구 홍제동267-28,126.947585,37.5914814,통신주,02-330-1562~3,서울특별시 서대문구청,2025-01-01
홍제3동6035,서울특별시 서대문구 홍제동267-3,126.9484076,37.5917681,건축물,02-330-1562~3,서울특별시 서대문구청,2025-01-01
홍제3동6030,서울특별시 서대문구 홍제동267-30,126.9478721,37.5911957,한전주,02-330-1562~3,서울특별시 서대문구청,2025-01-01
홍제3동6447,서울특별시 서대문구 홍제동267-34,126.9480142,37.5907554,건축물,02-330-1562~3,서울특별시 서대문구청,2025-01-01
홍제3동6046,서울특별시 서대문구 홍제동267-35,126.948375,37.5908668,한전주,02-330-1562~3,서울특별시 서대문구청,2025-01-01
홍제3동6048,서울특별시 서대문구 홍제동267-36,126.9484414,37.5909755,건축물,02-330-1562~3,서울특별시 서대문구청,2025-01-01
홍제3동6032,서울특별시 서대문구 홍제동267-37,126.9483937,37.5911463,한전주,02-330-1562~3,서울특별시 서대문구청,2025-01-01
홍제3동6036,서울특별시 서대문구 홍제동267-38,126.9485746,37.5911659,한전주,02-330-1562~3,서울특별시 서대문구청,2025-01-01
홍제3동6039,서울특별시 서대문구 홍제동267-39,126.9485319,37.5909763,한전주,02-330-1562~3,서울특별시 서대문구청,2025-01-01
홍제3동6043,서울특별시 서대문구 홍제동267-42,126.9487079,37.5905454,건축물,02-330-1562~3,서울특별시 서대문구청,2025-01-01
홍제3동6045,서울특별시 서대문구 홍제동267-46,126.9481518,37.5906305,한전주,02-330-1562~3,서울특별시 서대문구청,2025-01-01
홍제3동6047,서울특별시 서대문구 홍제동267-46,126.9481518,37.5906305,한전주,02-330-1562~3,서울특별시 서대문구청,2025-01-01
홍제3동7037,서울특별시 서대문구 홍제동267-48,126.9479478,37.5906467,한전주,02-330-1562~3,서울특별시 서대문구청,2025-01-01
홍제3동6033,서울특별시 서대문구 홍제동267-5,126.9484797,37.5914714,통신주,02-330-1562~3,서울특별시 서대문구청,2025-01-01
홍제3동6040,서울특별시 서대문구 홍제동267-51,126.949052,37.591035,전용주,02-330-1562~3,서울특별시 서대문구청,2025-01-01
홍제3동7083,서울특별시 서대문구 홍제동267-83,126.9485167,37.5904536,통신주,02-330-1562~3,서울특별시 서대문구청,2025-01-01
홍제3동6038,서울특별시 서대문구 홍제동267-9,126.9487899,37.5911498,건축물,02-330-1562~3,서울특별시 서대문구청,2025-01-01
홍제3동7436,서울특별시 서대문구 홍제동267-97,126.9486191,37.5904184,건축물,02-330-1562~3,서울특별시 서대문구청,2025-01-01
홍제3동6021-1,서울특별시 서대문구 홍제동268-14,126.9469778,37.5911787,한전주,02-330-1562~3,서울특별시 서대문구청,2025-01-01
홍제3동7074,서울특별시 서대문구 홍제동268-15,126.9468096,37.5910601,한전주,02-330-1562~3,서울특별시 서대문구청,2025-01-01
홍제3동7051,서울특별시 서대문구 홍제동268-36,126.9475969,37.5906346,한전주,02-330-1562~3,서울특별시 서대문구청,2025-01-01
홍제3동6028,서울특별시 서대문구 홍제동268-4,126.9474968,37.5913095,한전주,02-330-1562~3,서울특별시 서대문구청,2025-01-01
홍제3동6003,서울특별시 서대문구 홍제동268-54,126.9477151,37.5910861,건축물,02-330-1562~3,서울특별시 서대문구청,2025-01-01
홍제3동6005,서울특별시 서대문구 홍제동268-6,126.9471443,37.5914144,한전주,02-330-1562~3,서울특별시 서대문구청,2025-01-01
홍제3동7082,서울특별시 서대문구 홍제동268-66,126.9471034,37.5911077,건축물,02-330-1562~3,서울특별시 서대문구청,2025-01-01
홍제3동6002,서울특별시 서대문구 홍제동268-73,126.9474526,37.591237,한전주,02-330-1562~3,서울특별시 서대문구청,2025-01-01
홍제3동7053,서울특별시 서대문구 홍제동268-48,126.947195,37.5910365,한전주,02-330-1562~3,서울특별시 서대문구청,2025-01-01
홍제3동7011,서울특별시 서대문구 홍제동272-26,126.9491736,37.5896305,한전주,02-330-1562~3,서울특별시 서대문구청,2025-01-01
홍제3동9906,서울특별시 서대문구 홍제동272-26,126.9491736,37.5896305,한전주,02-330-1562~3,서울특별시 서대문구청,2025-01-01
홍제3동9942,서울특별시 서대문구 홍제동272-32,126.9488435,37.5897537,건축물,02-330-1562~3,서울특별시 서대문구청,2025-01-01
홍제3동7022,서울특별시 서대문구 홍제동272-47,126.9492103,37.5902435,한전주,02-330-1562~3,서울특별시 서대문구청,2025-01-01
홍제3동6010,서울특별시 서대문구 홍제동273-127,126.9477114,37.5921583,건축물,02-330-1562~3,서울특별시 서대문구청,2025-01-01
홍제3동6007,서울특별시 서대문구 홍제동273-14,126.947399,37.5918222,한전주,02-330-1562~3,서울특별시 서대문구청,2025-01-01
홍제3동6009,서울특별시 서대문구 홍제동273-148,126.947713,37.5920412,한전주,02-330-1562~3,서울특별시 서대문구청,2025-01-01
홍제3동3003,서울특별시 서대문구 홍제동273-169,126.9481946,37.5932259,한전주,02-330-1562~3,서울특별시 서대문구청,2025-01-01
홍제3동3008,서울특별시 서대문구 홍제동273-169,126.9481946,37.5932259,한전주,02-330-1562~3,서울특별시 서대문구청,2025-01-01
홍제3동6024-1,서울특별시 서대문구 홍제동273-17,126.9473961,37.5920294,한전주,02-330-1562~3,서울특별시 서대문구청,2025-01-01
홍제3동540,서울특별시 서대문구 홍제동273-192,126.9488791,37.5928625,한전주,02-330-1562~3,서울특별시 서대문구청,2025-01-01
홍제3동3001,서울특별시 서대문구 홍제동273-198,126.9491992,37.5934511,한전주,02-330-1562~3,서울특별시 서대문구청,2025-01-01
홍제3동6006,서울특별시 서대문구 홍제동273-2,126.9474476,37.5915883,건축물,02-330-1562~3,서울특별시 서대문구청,2025-01-01
홍제3동1-3,서울특별시 서대문구 홍제동273-25,126.9472899,37.5915329,전용주,02-330-1562~3,서울특별시 서대문구청,2025-01-01
홍제3동6025,서울특별시 서대문구 홍제동273-29,126.947341,37.5919208,한전주,02-330-1562~3,서울특별시 서대문구청,2025-01-01
홍제3동6016,서울특별시 서대문구 홍제동273-38,126.9482004,37.5928114,건축물,02-330-1562~3,서울특별시 서대문구청,2025-01-01
홍제3동3082,서울특별시 서대문구 홍제동273-40,126.9479739,37.5928094,한전주,02-330-1562~3,서울특별시 서대문구청,2025-01-01
홍제3동3085,서울특별시 서대문구 홍제동273-40,126.9479739,37.5928094,전용주,02-330-1562~3,서울특별시 서대문구청,2025-01-01
홍제3동6013,서울특별시 서대문구 홍제동273-43,126.9477394,37.5925821,건축물,02-330-1562~3,서울특별시 서대문구청,2025-01-01
홍제3동6014,서울특별시 서대문구 홍제동273-44,126.9478086,37.5924926,통신주,02-330-1562~3,서울특별시 서대문구청,2025-01-01
홍제3동6012,서울특별시 서대문구 홍제동273-45,126.9477756,37.5924202,한전주,02-330-1562~3,서울특별시 서대문구청,2025-01-01
홍제3동6011,서울특별시 서대문구 홍제동273-5,126.9475634,37.5922111,건축물,02-330-1562~3,서울특별시 서대문구청,2025-01-01
홍제3동5073,서울특별시 서대문구 홍제동273-51,126.9479425,37.5926289,전용주,02-330-1562~3,서울특별시 서대문구청,2025-01-01
홍제3동6015,서울특별시 서대문구 홍제동273-52,126.9480785,37.5926211,건축물,02-330-1562~3,서울특별시 서대문구청,2025-01-01
홍제3동6018,서울특별시 서대문구 홍제동273-53,126.9480799,37.592522,한전주,02-330-1562~3,서울특별시 서대문구청,2025-01-01
홍제3동6019,서울특별시 서대문구 홍제동273-57,126.9482476,37.5926767,한전주,02-330-1562~3,서울특별시 서대문구청,2025-01-01
홍제3동6022,서울특별시 서대문구 홍제동273-6,126.9474399,37.5921379,한전주,02-330-1562~3,서울특별시 서대문구청,2025-01-01
홍제3동6050,서울특별시 서대문구 홍제동273-6,126.9474399,37.5921379,한전주,02-330-1562~3,서울특별시 서대문구청,2025-01-01
홍제3동6008,서울특별시 서대문구 홍제동273-8,126.9476125,37.5919412,한전주,02-330-1562~3,서울특별시 서대문구청,2025-01-01
홍제3동3017,서울특별시 서대문구 홍제동274-19,126.9484008,37.5938584,한전주,02-330-1562~3,서울특별시 서대문구청,2025-01-01
홍제3동3018,서울특별시 서대문구 홍제동274-27,126.9481417,37.593766,건축물,02-330-1562~3,서울특별시 서대문구청,2025-01-01
홍제3동3020,서울특별시 서대문구 홍제동274-34,126.9482906,37.5936412,한전주,02-330-1562~3,서울특별시 서대문구청,2025-01-01
홍제3동3007,서울특별시 서대문구 홍제동274-49,126.9479885,37.5933862,전용주,02-330-1562~3,서울특별시 서대문구청,2025-01-01
홍제3동3006,서울특별시 서대문구 홍제동274-51,126.9477765,37.5931591,건축물,02-330-1562~3,서울특별시 서대문구청,2025-01-01
홍제3동177,서울특별시 서대문구 홍제동274-90,126.9490283,37.5935216,건축물,02-330-1562~3,서울특별시 서대문구청,2025-01-01
홍제3동553,서울특별시 서대문구 홍제동274-90,126.9490283,37.5935216,건축물,02-330-1562~3,서울특별시 서대문구청,2025-01-01
홍제3동3009,서울특별시 서대문구 홍제동274-90,126.9490283,37.5935216,한전주,02-330-1562~3,서울특별시 서대문구청,2025-01-01
홍제3동3010,서울특별시 서대문구 홍제동274-90,126.9490283,37.5935216,한전주,02-330-1562~3,서울특별시 서대문구청,2025-01-01
홍제3동3013,서울특별시 서대문구 홍제동274-90,126.9490283,37.5935216,건축물,02-330-1562~3,서울특별시 서대문구청,2025-01-01
홍제3동3014,서울특별시 서대문구 홍제동274-90,126.9490283,37.5935216,건축물 ,02-330-1562~3,서울특별시 서대문구청,2025-01-01
홍제3동3015,서울특별시 서대문구 홍제동274-90,126.9490283,37.5935216,한전주,02-330-1562~3,서울특별시 서대문구청,2025-01-01
홍제3동3032,서울특별시 서대문구 홍제동274-90,126.9490283,37.5935216,한전주,02-330-1562~3,서울특별시 서대문구청,2025-01-01
홍제3동3033,서울특별시 서대문구 홍제동274-90,126.9490283,37.5935216,한전주,02-330-1562~3,서울특별시 서대문구청,2025-01-01
홍제3동3034,서울특별시 서대문구 홍제동274-90,126.9490283,37.5935216,한전주,02-330-1562~3,서울특별시 서대문구청,2025-01-01
홍제3동3233,서울특별시 서대문구 홍제동274-90,126.9490283,37.5935216,전용주,02-330-1562~3,서울특별시 서대문구청,2025-01-01
홍제3동3021,서울특별시 서대문구 홍제동276-1,126.948749,37.5940598,한전주,02-330-1562~3,서울특별시 서대문구청,2025-01-01
홍제3동3016,서울특별시 서대문구 홍제동276-3,126.9487171,37.5939153,건축물,02-330-1562~3,서울특별시 서대문구청,2025-01-01
홍제3동3022,서울특별시 서대문구 홍제동276-5,126.9488305,37.5938983,건축물,02-330-1562~3,서울특별시 서대문구청,2025-01-01
홍제3동3026,서울특별시 서대문구 홍제동276-6,126.9486007,37.5941395,건축물,02-330-1562~3,서울특별시 서대문구청,2025-01-01
홍제3동4048,서울특별시 서대문구 홍제동276-6,126.9486007,37.5941395,한전주,02-330-1562~3,서울특별시 서대문구청,2025-01-01
홍제3동3023,서울특별시 서대문구 홍제동276-8,126.9490319,37.5940713,한전주,02-330-1562~3,서울특별시 서대문구청,2025-01-01
홍제3동2002,서울특별시 서대문구 홍제동277-3,126.9475572,37.5942564,한전주,02-330-1562~3,서울특별시 서대문구청,2025-01-01
홍제3동9469,서울특별시 서대문구 홍제동373,126.9466064,37.5934279,전용주,02-330-1562~3,서울특별시 서대문구청,2025-01-01
홍제3동1021,서울특별시 서대문구 홍제동277-7,126.9473691,37.5955522,통신주,02-330-1562~3,서울특별시 서대문구청,2025-01-01
홍제3동1040,서울특별시 서대문구 홍제동278-100,126.9479876,37.595864,한전주,02-330-1562~3,서울특별시 서대문구청,2025-01-01
홍제3동1044,서울특별시 서대문구 홍제동278-13,126.9480848,37.5945854,한전주,02-330-1562~3,서울특별시 서대문구청,2025-01-01
홍제3동1041,서울특별시 서대문구 홍제동278-18,126.9480977,37.5960813,건축물,02-330-1562~3,서울특별시 서대문구청,2025-01-01
홍제3동1019,서울특별시 서대문구 홍제동278-20,126.9476489,37.5957889,한전주,02-330-1562~3,서울특별시 서대문구청,2025-01-01
홍제3동1020,서울특별시 서대문구 홍제동278-20,126.9476489,37.5957889,한전주,02-330-1562~3,서울특별시 서대문구청,2025-01-01
홍제3동1026,서울특별시 서대문구 홍제동278-23,126.9478234,37.5954571,통신주,02-330-1562~3,서울특별시 서대문구청,2025-01-01
홍제3동1022,서울특별시 서대문구 홍제동278-25,126.9477115,37.595366,한전주,02-330-1562~3,서울특별시 서대문구청,2025-01-01
홍제3동1027,서울특별시 서대문구 홍제동278-39,126.9481606,37.5956403,한전주,02-330-1562~3,서울특별시 서대문구청,2025-01-01
홍제3동10149,서울특별시 서대문구 홍제동278-40,126.948246,37.5951996,한전주,02-330-1562~3,서울특별시 서대문구청,2025-01-01
홍제3동1031,서울특별시 서대문구 홍제동278-50,126.9479158,37.5945299,한전주,02-330-1562~3,서울특별시 서대문구청,2025-01-01
홍제3동1024,서울특별시 서대문구 홍제동278-56,126.9476907,37.5952307,한전주,02-330-1562~3,서울특별시 서대문구청,2025-01-01
홍제3동1086,서울특별시 서대문구 홍제동277-10,126.9474507,37.5953907,한전주,02-330-1562~3,서울특별시 서대문구청,2025-01-01
홍제3동1055,서울특별시 서대문구 홍제동279-22,126.9490853,37.5967208,건축물,02-330-1562~3,서울특별시 서대문구청,2025-01-01
홍제3동1055-1,서울특별시 서대문구 홍제동279-22,126.9490853,37.5967208,전용주,02-330-1562~3,서울특별시 서대문구청,2025-01-01
홍제3동1038,서울특별시 서대문구 홍제동279-25,126.9492568,37.5957943,한전주,02-330-1562~3,서울특별시 서대문구청,2025-01-01
홍제3동1039,서울특별시 서대문구 홍제동279-28,126.9491246,37.5955318,한전주,02-330-1562~3,서울특별시 서대문구청,2025-01-01
홍제3동2001,서울특별시 서대문구 홍제동279-38,126.947895,37.5943945,건축물,02-330-1562~3,서울특별시 서대문구청,2025-01-01
홍제3동1028,서울특별시 서대문구 홍제동279-43,126.9484449,37.5955528,한전주,02-330-1562~3,서울특별시 서대문구청,2025-01-01
홍제3동1028-1,서울특별시 서대문구 홍제동279-43,126.9484449,37.5955528,한전주,02-330-1562~3,서울특별시 서대문구청,2025-01-01
홍제3동1029,서울특별시 서대문구 홍제동279-44,126.9483787,37.595426,건축물,02-330-1562~3,서울특별시 서대문구청,2025-01-01
홍제3동1030,서울특별시 서대문구 홍제동279-45,126.9483239,37.5952994,한전주,02-330-1562~3,서울특별시 서대문구청,2025-01-01
홍제3동1031-1,서울특별시 서대문구 홍제동279-48,126.948944,37.596296,건축물,02-330-1562~3,서울특별시 서대문구청,2025-01-01
홍제3동1032,서울특별시 서대문구 홍제동279-54,126.9485328,37.5957428,한전주,02-330-1562~3,서울특별시 서대문구청,2025-01-01
홍제3동1034,서울특별시 서대문구 홍제동279-58,126.9488326,37.5961689,한전주,02-330-1562~3,서울특별시 서대문구청,2025-01-01
홍제3동1035,서울특별시 서대문구 홍제동279-59,126.9486377,37.5963384,건축물,02-330-1562~3,서울특별시 서대문구청,2025-01-01
홍제3동1018,서울특별시 서대문구 홍제동279-68,126.9483294,37.5957139,한전주,02-330-1562~3,서울특별시 서대문구청,2025-01-01
홍제3동1042,서울특별시 서대문구 홍제동279-73,126.9485232,37.5964274,건축물,02-330-1562~3,서울특별시 서대문구청,2025-01-01
홍제3동1034-1,서울특별시 서대문구 홍제동279-74,126.9485783,37.5965361,한전주,02-330-1562~3,서울특별시 서대문구청,2025-01-01
홍제3동1043,서울특별시 서대문구 홍제동279-76,126.9482976,37.5963624,한전주,02-330-1562~3,서울특별시 서대문구청,2025-01-01
홍제3동1084,서울특별시 서대문구 홍제동279-8,126.9490934,37.5953333,건축물,02-330-1562~3,서울특별시 서대문구청,2025-01-01
홍제3동3028,서울특별시 서대문구 홍제동280-10,126.9493167,37.5947586,한전주,02-330-1562~3,서울특별시 서대문구청,2025-01-01
홍제3동1-13,서울특별시 서대문구 홍제동280-10,126.9493167,37.5947586,건축물,02-330-1562~3,서울특별시 서대문구청,2025-01-01
홍제3동3027,서울특별시 서대문구 홍제동282-10,126.9488825,37.5942321,한전주,02-330-1562~3,서울특별시 서대문구청,2025-01-01
홍제3동3040,서울특별시 서대문구 홍제동282-17,126.9486091,37.5943468,한전주,02-330-1562~3,서울특별시 서대문구청,2025-01-01
홍제3동3029,서울특별시 서대문구 홍제동282-31,126.9493127,37.594236,한전주,02-330-1562~3,서울특별시 서대문구청,2025-01-01
홍제3동3031,서울특별시 서대문구 홍제동282-28,126.9494399,37.5940479,한전주,02-330-1562~3,서울특별시 서대문구청,2025-01-01
홍제3동3024,서울특별시 서대문구 홍제동282-31,126.9493127,37.594236,한전주,02-330-1562~3,서울특별시 서대문구청,2025-01-01
홍제3동3030,서울특별시 서대문구 홍제동282-32,126.9492332,37.5942533,한전주,02-330-1562~3,서울특별시 서대문구청,2025-01-01
홍제3동3025,서울특별시 서대문구 홍제동282-40,126.9488718,37.594187,한전주,02-330-1562~3,서울특별시 서대문구청,2025-01-01
홍제3동1-7,서울특별시 서대문구 홍제동282-7,126.9495659,37.5947518,전용주,02-330-1562~3,서울특별시 서대문구청,2025-01-01
홍제3동1037,서울특별시 서대문구 홍제동283-1,126.9495145,37.5959948,한전주,02-330-1562~3,서울특별시 서대문구청,2025-01-01
홍제3동1036,서울특별시 서대문구 홍제동283-4,126.949465,37.5962917,건축물,02-330-1562~3,서울특별시 서대문구청,2025-01-01
홍제3동9627,서울특별시 서대문구 홍제동283-4,126.949465,37.5962917,한전주,02-330-1562~3,서울특별시 서대문구청,2025-01-01
홍제3동1045,서울특별시 서대문구 홍제동285-15,126.9481083,37.5969373,한전주,02-330-1562~3,서울특별시 서대문구청,2025-01-01
홍제3동1056,서울특별시 서대문구 홍제동285-20,126.9486171,37.5969959,씨피주,02-330-1562~3,서울특별시 서대문구청,2025-01-01
홍제3동1046,서울특별시 서대문구 홍제동285-25,126.9484919,37.5970399,한전주,02-330-1562~3,서울특별시 서대문구청,2025-01-01
홍제3동1058,서울특별시 서대문구 홍제동285-27,126.948896,37.5972958,한전주,02-330-1562~3,서울특별시 서대문구청,2025-01-01
홍제3동1085,서울특별시 서대문구 홍제동285-29,126.9487812,37.5974029,건축물,02-330-1562~3,서울특별시 서대문구청,2025-01-01
홍제3동1047,서울특별시 서대문구 홍제동285-31,126.9486348,37.5973475,한전주,02-330-1562~3,서울특별시 서대문구청,2025-01-01
홍제3동1049,서울특별시 서대문구 홍제동285-32,126.9486898,37.5974651,건축물,02-330-1562~3,서울특별시 서대문구청,2025-01-01
홍제3동1059,서울특별시 서대문구 홍제동285-33,126.9487559,37.5975919,한전주,02-330-1562~3,서울특별시 서대문구청,2025-01-01
홍제3동1060,서울특별시 서대문구 홍제동285-33,126.9487559,37.5975919,한전주,02-330-1562~3,서울특별시 서대문구청,2025-01-01
홍제3동1057,서울특별시 서대문구 홍제동285-39,126.9487989,37.5969525,한전주,02-330-1562~3,서울특별시 서대문구청,2025-01-01
홍제3동1054,서울특별시 서대문구 홍제동285-41,126.9491495,37.5969827,한전주,02-330-1562~3,서울특별시 서대문구청,2025-01-01
홍제3동1053,서울특별시 서대문구 홍제동285-6,126.9489875,37.5972335,건축물,02-330-1562~3,서울특별시 서대문구청,2025-01-01
홍제3동1048,서울특별시 서대문구 홍제동286-11,126.9492624,37.5970107,건축물,02-330-1562~3,서울특별시 서대문구청,2025-01-01
홍제3동1006,서울특별시 서대문구 홍제동286-164,126.949015,37.5968823,건축물,02-330-1562~3,서울특별시 서대문구청,2025-01-01
홍제3동1003,서울특별시 서대문구 홍제동286-264,126.949015,37.5968823,전용주,02-330-1562~3,서울특별시 서대문구청,2025-01-01
홍제3동1061,서울특별시 서대문구 홍제동286-30,126.9492394,37.5978394,한전주,02-330-1562~3,서울특별시 서대문구청,2025-01-01
홍제3동10138,서울특별시 서대문구 홍제동286-30,126.9492394,37.5978394,전용주,02-330-1562~3,서울특별시 서대문구청,2025-01-01
홍제3동10139,서울특별시 서대문구 홍제동286-30,126.9492394,37.5978394,전용주,02-330-1562~3,서울특별시 서대문구청,2025-01-01
홍제3동10140,서울특별시 서대문구 홍제동286-30,126.9492394,37.5978394,전용주,02-330-1562~3,서울특별시 서대문구청,2025-01-01
홍제3동1051-1,서울특별시 서대문구 홍제동286-7,126.9490176,37.5975041,건축물,02-330-1562~3,서울특별시 서대문구청,2025-01-01
홍제3동1050,서울특별시 서대문구 홍제동286-8,126.9490644,37.5973964,건축물,02-330-1562~3,서울특별시 서대문구청,2025-01-01
홍제3동1052,서울특별시 서대문구 홍제동286-9,126.9491341,37.5972708,건축물,02-330-1562~3,서울특별시 서대문구청,2025-01-01
홍제3동1001,서울특별시 서대문구 홍제동287-100,126.9468,37.5965653,전용주,02-330-1562~3,서울특별시 서대문구청,2025-01-01
홍제3동1009,서울특별시 서대문구 홍제동287-108,126.9469168,37.5971159,한전주,02-330-1562~3,서울특별시 서대문구청,2025-01-01
홍제3동1065,서울특별시 서대문구 홍제동287-11,126.9478643,37.5981876,한전주,02-330-1562~3,서울특별시 서대문구청,2025-01-01
홍제3동1078,서울특별시 서대문구 홍제동287-121,126.9479107,37.597305,한전주,02-330-1562~3,서울특별시 서대문구청,2025-01-01
홍제3동1082,서울특별시 서대문구 홍제동287-121,126.9479107,37.597305,한전주,02-330-1562~3,서울특별시 서대문구청,2025-01-01
홍제3동1083,서울특별시 서대문구 홍제동287-121,126.9479107,37.597305,한전주,02-330-1562~3,서울특별시 서대문구청,2025-01-01
홍제3동1010,서울특별시 서대문구 홍제동287-131,126.9475241,37.5966078,한전주,02-330-1562~3,서울특별시 서대문구청,2025-01-01
홍제3동1011,서울특별시 서대문구 홍제동287-131,126.9475241,37.5966078,건축물,02-330-1562~3,서울특별시 서대문구청,2025-01-01
홍제3동1017,서울특별시 서대문구 홍제동287-140,126.9471503,37.5958115,한전주,02-330-1562~3,서울특별시 서대문구청,2025-01-01
홍제3동1069,서울특별시 서대문구 홍제동287-150,126.9473014,37.5979483,한전주,02-330-1562~3,서울특별시 서대문구청,2025-01-01
홍제3동1007,서울특별시 서대문구 홍제동287-157,126.9470362,37.5966755,한전주,02-330-1562~3,서울특별시 서대문구청,2025-01-01
홍제3동1004,서울특별시 서대문구 홍제동287-160,126.9469747,37.5970263,전용주,02-330-1562~3,서울특별시 서대문구청,2025-01-01
홍제3동1004-1,서울특별시 서대문구 홍제동287-162,126.9468748,37.5968813,건축물,02-330-1562~3,서울특별시 서대문구청,2025-01-01
홍제3동1007-1,서울특별시 서대문구 홍제동287-166,126.9468099,37.5966645,한전주,02-330-1562~3,서울특별시 서대문구청,2025-01-01
홍제3동1070,서울특별시 서대문구 홍제동287-176,126.9472467,37.5978127,통신주,02-330-1562~3,서울특별시 서대문구청,2025-01-01
홍제3동1066,서울특별시 서대문구 홍제동287-18,126.9476408,37.5979694,한전주,02-330-1562~3,서울특별시 서대문구청,2025-01-01
홍제3동1008,서울특별시 서대문구 홍제동287-180,126.9472491,37.5968396,한전주,02-330-1562~3,서울특별시 서대문구청,2025-01-01
홍제3동1005,서울특별시 서대문구 홍제동287-198,126.9475917,37.5974373,전용주,02-330-1562~3,서울특별시 서대문구청,2025-01-01
홍제3동1089,서울특별시 서대문구 홍제동287-200,126.9475742,37.5962658,전용주,02-330-1562~3,서울특별시 서대문구청,2025-01-01
홍제3동1015,서울특별시 서대문구 홍제동287-202,126.9482931,37.5982905,건축물,02-330-1562~3,서울특별시 서대문구청,2025-01-01
홍제3동1061-1,서울특별시 서대문구 홍제동287-205,126.9488496,37.5981784,한전주,02-330-1562~3,서울특별시 서대문구청,2025-01-01
홍제3동1067,서울특별시 서대문구 홍제동287-212,126.9471643,37.5980372,한전주,02-330-1562~3,서울특별시 서대문구청,2025-01-01
홍제3동1079,서울특별시 서대문구 홍제동287-243,126.9482907,37.5976598,통신주,02-330-1562~3,서울특별시 서대문구청,2025-01-01
홍제3동1077,서울특별시 서대문구 홍제동287-25,126.9483403,37.5981558,통신주,02-330-1562~3,서울특별시 서대문구청,2025-01-01
홍제3동1076,서울특별시 서대문구 홍제동287-29,126.9480953,37.5978653,통신주,02-330-1562~3,서울특별시 서대문구청,2025-01-01
홍제3동1073,서울특별시 서대문구 홍제동287-32,126.94787,37.5977822,한전주,02-330-1562~3,서울특별시 서대문구청,2025-01-01
홍제3동1063,서울특별시 서대문구 홍제동287-40,126.9485094,37.5982114,전용주,02-330-1562~3,서울특별시 서대문구청,2025-01-01
홍제3동1062,서울특별시 서대문구 홍제동287-41,126.9485664,37.5981848,전용주,02-330-1562~3,서울특별시 서대문구청,2025-01-01
홍제3동1016,서울특별시 서대문구 홍제동287-45,126.9473834,37.596147,한전주,02-330-1562~3,서울특별시 서대문구청,2025-01-01
홍제3동1009-1,서울특별시 서대문구 홍제동287-49,126.9473038,37.5969752,한전주,02-330-1562~3,서울특별시 서대문구청,2025-01-01
홍제3동1064,서울특별시 서대문구 홍제동287-64,126.9477043,37.5982853,건축물,02-330-1562~3,서울특별시 서대문구청,2025-01-01
홍제3동1068,서울특별시 서대문구 홍제동287-72,126.9474429,37.598355,한전주,02-330-1562~3,서울특별시 서대문구청,2025-01-01
홍제3동9463,서울특별시 서대문구 홍제동287-74,126.9472639,37.5982003,전용주,02-330-1562~3,서울특별시 서대문구청,2025-01-01
홍제3동1074,서울특별시 서대문구 홍제동287-79,126.9480594,37.5980001,한전주,02-330-1562~3,서울특별시 서대문구청,2025-01-01
홍제3동1008-1,서울특별시 서대문구 홍제동287-8,126.9470107,37.5968825,한전주,02-330-1562~3,서울특별시 서대문구청,2025-01-01
홍제3동1080-1,서울특별시 서대문구 홍제동287-81,126.9482876,37.597876,한전주,02-330-1562~3,서울특별시 서대문구청,2025-01-01
홍제3동1081,서울특별시 서대문구 홍제동287-84,126.9486026,37.598023,건축물,02-330-1562~3,서울특별시 서대문구청,2025-01-01
홍제3동1012,서울특별시 서대문구 홍제동287-85,126.9474213,37.5966699,건축물,02-330-1562~3,서울특별시 서대문구청,2025-01-01
홍제3동1072,서울특별시 서대문구 홍제동287-91,126.9470249,37.5974773,통신주,02-330-1562~3,서울특별시 서대문구청,2025-01-01
홍제3동1-1,서울특별시 서대문구 홍제동287-94,126.9471201,37.5979557,건축물,02-330-1562~3,서울특별시 서대문구청,2025-01-01
홍제3동9462,서울특별시 서대문구 홍제동287-97,126.9470884,37.5977932,전용주,02-330-1562~3,서울특별시 서대문구청,2025-01-01
홍제3동1071,서울특별시 서대문구 홍제동287-98,126.9470674,37.5976759,한전주,02-330-1562~3,서울특별시 서대문구청,2025-01-01
홍제3동1013,서울특별시 서대문구 홍제동291-12,126.947729,37.5965375,전용주,02-330-1562~3,서울특별시 서대문구청,2025-01-01
홍제3동1014-2,서울특별시 서대문구 홍제동291-12,126.947729,37.5965375,전용주,02-330-1562~3,서울특별시 서대문구청,2025-01-01
홍제3동5018,서울특별시 서대문구 홍제동294-20,126.9426769,37.5910411,건축물,02-330-1562~3,서울특별시 서대문구청,2025-01-01
홍제3동5012,서울특별시 서대문구 홍제동295-11,126.9437875,37.590979,건축물,02-330-1562~3,서울특별시 서대문구청,2025-01-01
홍제3동5007,서울특별시 서대문구 홍제동261-19,126.9444215,37.5909847,한전주,02-330-1562~3,서울특별시 서대문구청,2025-01-01
홍제3동5008,서울특별시 서대문구 홍제동295-23,126.9442247,37.5912892,건축물,02-330-1562~3,서울특별시 서대문구청,2025-01-01
홍제3동5011,서울특별시 서대문구 홍제동295-8,126.9438904,37.5909078,통신주,02-330-1562~3,서울특별시 서대문구청,2025-01-01
홍제3동5013,서울특별시 서대문구 홍제동296-3,126.9436183,37.5909324,한전주,02-330-1562~3,서울특별시 서대문구청,2025-01-01
홍제3동5010,서울특별시 서대문구 홍제동297-10,126.9439931,37.5908547,한전주,02-330-1562~3,서울특별시 서대문구청,2025-01-01
홍제3동5009,서울특별시 서대문구 홍제동297-9,126.9440598,37.5909364,건축물,02-330-1562~3,서울특별시 서대문구청,2025-01-01
홍제3동9320,서울특별시 서대문구 홍제동299-12,126.9429029,37.5902773,건축물,02-330-1562~3,서울특별시 서대문구청,2025-01-01
홍제3동9319,서울특별시 서대문구 홍제동299-21,126.9430586,37.5904769,건축물,02-330-1562~3,서울특별시 서대문구청,2025-01-01
홍제3동5016,서울특별시 서대문구 홍제동299-49,126.9433531,37.5904705,한전주,02-330-1562~3,서울특별시 서대문구청,2025-01-01
홍제3동5016-1,서울특별시 서대문구 홍제동299-49,126.9433531,37.5904705,한전주,02-330-1562~3,서울특별시 서대문구청,2025-01-01
홍제3동9989,서울특별시 서대문구 홍제동299-49,126.9433531,37.5904705,건축물,02-330-1562~3,서울특별시 서대문구청,2025-01-01
홍제3동5017,서울특별시 서대문구 홍제동300-10,126.9435364,37.590319,한전주,02-330-1562~3,서울특별시 서대문구청,2025-01-01
홍제3동5026,서울특별시 서대문구 홍제동300-12,126.944182,37.5903067,건축물,02-330-1562~3,서울특별시 서대문구청,2025-01-01
홍제3동5020,서울특별시 서대문구 홍제동300-13,126.9440693,37.5902697,한전주,02-330-1562~3,서울특별시 서대문구청,2025-01-01
홍제3동5025,서울특별시 서대문구 홍제동300-13,126.9440693,37.5902697,건축물,02-330-1562~3,서울특별시 서대문구청,2025-01-01
홍제3동5023,서울특별시 서대문구 홍제동300-16,126.9438189,37.5903576,한전주,02-330-1562~3,서울특별시 서대문구청,2025-01-01
홍제3동5022,서울특별시 서대문구 홍제동300-18,126.9441558,37.5905588,건축물,02-330-1562~3,서울특별시 서대문구청,2025-01-01
홍제3동5014,서울특별시 서대문구 홍제동300-2,126.9440411,37.5906569,한전주,02-330-1562~3,서울특별시 서대문구청,2025-01-01
홍제3동5015,서울특별시 서대문구 홍제동300-3,126.943963,37.5905751,한전주,02-330-1562~3,서울특별시 서대문구청,2025-01-01
홍제3동5027,서울특별시 서대문구 홍제동300-9,126.9442835,37.5903347,통신주,02-330-1562~3,서울특별시 서대문구청,2025-01-01
홍제3동5027-1,서울특별시 서대문구 홍제동300-9,126.9442835,37.5903347,한전주,02-330-1562~3,서울특별시 서대문구청,2025-01-01
홍제3동5028,서울특별시 서대문구 홍제동300-9,126.9442835,37.5903347,한전주,02-330-1562~3,서울특별시 서대문구청,2025-01-01
홍제3동5024,서울특별시 서대문구 홍제동301-6,126.9439592,37.5900434,한전주,02-330-1562~3,서울특별시 서대문구청,2025-01-01
홍제3동5030,서울특별시 서대문구 홍제동304-105,126.9442902,37.5898572,한전주,02-330-1562~3,서울특별시 서대문구청,2025-01-01
홍제3동9954,서울특별시 서대문구 홍제동304-110,126.9445962,37.5898419,전용주,02-330-1562~3,서울특별시 서대문구청,2025-01-01
홍제3동5031,서울특별시 서대문구 홍제동304-111,126.9444837,37.5897868,한전주,02-330-1562~3,서울특별시 서대문구청,2025-01-01
홍제3동2,서울특별시 서대문구 홍제동304-17,126.9444529,37.5895613,건축물,02-330-1562~3,서울특별시 서대문구청,2025-01-01
홍제3동5036,서울특별시 서대문구 홍제동304-46,126.9447615,37.5893568,전용주,02-330-1562~3,서울특별시 서대문구청,2025-01-01
홍제3동5029,서울특별시 서대문구 홍제동304-2,126.9444562,37.590129,건축물,02-330-1562~3,서울특별시 서대문구청,2025-01-01
홍제3동5041,서울특별시 서대문구 홍제동304-30,126.9438655,37.589466,건축물,02-330-1562~3,서울특별시 서대문구청,2025-01-01
홍제3동10101,서울특별시 서대문구 홍제동304-31,126.9439321,37.5895566,건축물,02-330-1562~3,서울특별시 서대문구청,2025-01-01
홍제3동5039,서울특별시 서대문구 홍제동304-34,126.9441286,37.5892791,한전주,02-330-1562~3,서울특별시 서대문구청,2025-01-01
홍제3동10161,서울특별시 서대문구 홍제동304-6,126.9442659,37.5891722,통신주,02-330-1562~3,서울특별시 서대문구청,2025-01-01
홍제3동10167,서울특별시 서대문구 홍제동304-6,126.9442659,37.5891722,통신주,02-330-1562~3,서울특별시 서대문구청,2025-01-01
홍제3동10168,서울특별시 서대문구 홍제동304-6,126.9442659,37.5891722,통신주,02-330-1562~3,서울특별시 서대문구청,2025-01-01
홍제3동5032,서울특별시 서대문구 홍제동304-65,126.9442145,37.5896042,건축물,02-330-1562~3,서울특별시 서대문구청,2025-01-01
홍제3동5033,서울특별시 서대문구 홍제동304-67,126.9439876,37.5896382,건축물,02-330-1562~3,서울특별시 서대문구청,2025-01-01
홍제3동5034,서울특별시 서대문구 홍제동304-69,126.9439629,37.5897822,건축물,02-330-1562~3,서울특별시 서대문구청,2025-01-01
홍제3동5042,서울특별시 서대문구 홍제동304-76,126.9438416,37.5895558,건축물,02-330-1562~3,서울특별시 서대문구청,2025-01-01
홍제3동5038,서울특별시 서대문구 홍제동304-89,126.9441717,37.5894326,건축물,02-330-1562~3,서울특별시 서대문구청,2025-01-01
홍제3동5037,서울특별시 서대문구 홍제동304-9,126.9441956,37.5893428,건축물,02-330-1562~3,서울특별시 서대문구청,2025-01-01
홍제3동5043,서울특별시 서대문구 홍제동304-93,126.9435569,37.5896704,건축물,02-330-1562~3,서울특별시 서대문구청,2025-01-01
홍제3동5035,서울특별시 서대문구 홍제동304-98,126.9445108,37.5894717,건축물,02-330-1562~3,서울특별시 서대문구청,2025-01-01
홍제3동5070,서울특별시 서대문구 홍제동305-2,126.9439017,37.5893041,건축물,02-330-1562~3,서울특별시 서대문구청,2025-01-01
홍제3동10136-1,서울특별시 서대문구 홍제동305-2,126.9439017,37.5893041,건축물,02-330-1562~3,서울특별시 서대문구청,2025-01-01
홍제3동5040,서울특별시 서대문구 홍제동305-3,126.9440049,37.5892149,건축물,02-330-1562~3,서울특별시 서대문구청,2025-01-01
홍제3동3070,서울특별시 서대문구 홍제동5-107,126.9509023,37.5947367,한전주,02-330-1562~3,서울특별시 서대문구청,2025-01-01
홍제3동10012,서울특별시 서대문구 홍제동5-107,126.9509023,37.5947367,한전주,02-330-1562~3,서울특별시 서대문구청,2025-01-01
홍제3동1-4,서울특별시 서대문구 홍제동5-108,126.9508125,37.5946818,건축물,02-330-1562~3,서울특별시 서대문구청,2025-01-01
홍제3동3080,서울특별시 서대문구 홍제동5-112,126.9517313,37.5937619,건축물,02-330-1562~3,서울특별시 서대문구청,2025-01-01
홍제3동3088,서울특별시 서대문구 홍제동5-113,126.9517893,37.5936633,한전주,02-330-1562~3,서울특별시 서대문구청,2025-01-01
홍제3동3078,서울특별시 서대문구 홍제동5-121,126.9516224,37.5934546,한전주,02-330-1562~3,서울특별시 서대문구청,2025-01-01
홍제3동3060,서울특별시 서대문구 홍제동5-122,126.9515801,37.593238,한전주,02-330-1562~3,서울특별시 서대문구청,2025-01-01
홍제3동3061,서울특별시 서대문구 홍제동5-122,126.9515801,37.593238,한전주,02-330-1562~3,서울특별시 서대문구청,2025-01-01
홍제3동3056,서울특별시 서대문구 홍제동5-126,126.9508513,37.5935288,건축물,02-330-1562~3,서울특별시 서대문구청,2025-01-01
홍제3동3359,서울특별시 서대문구 홍제동5-140,126.9505108,37.5952017,건축물,02-330-1562~3,서울특별시 서대문구청,2025-01-01
홍제3동3063,서울특별시 서대문구 홍제동5-150,126.9510186,37.5937105,한전주,02-330-1562~3,서울특별시 서대문구청,2025-01-01
홍제3동3065,서울특별시 서대문구 홍제동5-159,126.9509263,37.5938358,한전주,02-330-1562~3,서울특별시 서대문구청,2025-01-01
홍제3동3059,서울특별시 서대문구 홍제동5-169,126.9511948,37.5932616,한전주,02-330-1562~3,서울특별시 서대문구청,2025-01-01
홍제3동1-5,서울특별시 서대문구 홍제동5-44,126.9507755,37.5948977,전용주,02-330-1562~3,서울특별시 서대문구청,2025-01-01
홍제3동3069,서울특별시 서대문구 홍제동5-49,126.9507578,37.5945462,한전주,02-330-1562~3,서울특별시 서대문구청,2025-01-01
홍제3동3073,서울특별시 서대문구 홍제동5-53,126.951062,37.594657,한전주,02-330-1562~3,서울특별시 서대문구청,2025-01-01
홍제3동3071,서울특별시 서대문구 홍제동5-55,126.9509288,37.5944666,한전주,02-330-1562~3,서울특별시 서대문구청,2025-01-01
홍제3동3075,서울특별시 서대문구 홍제동5-71,126.9510226,37.5942332,전용주,02-330-1562~3,서울특별시 서대문구청,2025-01-01
홍제3동3057,서울특별시 서대문구 홍제동5-73,126.9509437,37.5934035,한전주,02-330-1562~3,서울특별시 서대문구청,2025-01-01
홍제3동3058,서울특별시 서대문구 홍제동5-73,126.9509437,37.5934035,한전주,02-330-1562~3,서울특별시 서대문구청,2025-01-01
홍제3동3081,서울특별시 서대문구 홍제동5-78,126.9512667,37.5937848,한전주,02-330-1562~3,서울특별시 서대문구청,2025-01-01
홍제3동3074,서울특별시 서대문구 홍제동5-86,126.9513005,37.594605,통신주,02-330-1562~3,서울특별시 서대문구청,2025-01-01
홍제3동3076,서울특별시 서대문구 홍제동5-88,126.9511336,37.5943963,한전주,02-330-1562~3,서울특별시 서대문구청,2025-01-01
홍제3동3079,서울특별시 서대문구 홍제동5-96,126.9516489,37.5939864,한전주,02-330-1562~3,서울특별시 서대문구청,2025-01-01
홍제3동3072,서울특별시 서대문구 홍제동5-87,126.9512225,37.5945143,전용주,02-330-1562~3,서울특별시 서대문구청,2025-01-01
홍제3동3041,서울특별시 서대문구 홍제동6-113,126.949881,37.5940878,건축물,02-330-1562~3,서울특별시 서대문구청,2025-01-01
홍제3동3044,서울특별시 서대문구 홍제동6-113,126.949881,37.5940878,건축물,02-330-1562~3,서울특별시 서대문구청,2025-01-01
홍제3동3043,서울특별시 서대문구 홍제동6-115,126.9499848,37.5939536,한전주,02-330-1562~3,서울특별시 서대문구청,2025-01-01
홍제3동3039,서울특별시 서대문구 홍제동6-120,126.9501921,37.5937032,건축물,02-330-1562~3,서울특별시 서대문구청,2025-01-01
홍제3동4039,서울특별시 서대문구 홍제동8-32,126.9505467,37.5926431,건축물,02-330-1562~3,서울특별시 서대문구청,2025-01-01
홍제3동3052,서울특별시 서대문구 홍제동6-121,126.9503046,37.5937582,건축물,02-330-1562~3,서울특별시 서대문구청,2025-01-01
홍제3동3037,서울특별시 서대문구 홍제동6-135,126.9505815,37.5933913,건축물,02-330-1562~3,서울특별시 서대문구청,2025-01-01
홍제3동3038,서울특별시 서대문구 홍제동6-140,126.9503527,37.5935604,한전주,02-330-1562~3,서울특별시 서대문구청,2025-01-01
홍제3동3042,서울특별시 서대문구 홍제동6-141,126.9497581,37.5939696,한전주,02-330-1562~3,서울특별시 서대문구청,2025-01-01
홍제3동3046,서울특별시 서대문구 홍제동6-38,126.9499903,37.5943681,건축물,02-330-1562~3,서울특별시 서대문구청,2025-01-01
홍제3동3051,서울특별시 서대문구 홍제동6-41,126.950332,37.594227,건축물,02-330-1562~3,서울특별시 서대문구청,2025-01-01
홍제3동10090,서울특별시 서대문구 홍제동6-41,126.950332,37.594227,건축물,02-330-1562~3,서울특별시 서대문구청,2025-01-01
홍제3동3054,서울특별시 서대문구 홍제동6-44,126.9504823,37.5940031,건축물,02-330-1562~3,서울특별시 서대문구청,2025-01-01
홍제3동3062,서울특별시 서대문구 홍제동6-46,126.9513045,37.5935148,한전주,02-330-1562~3,서울특별시 서대문구청,2025-01-01
홍제3동9645,서울특별시 서대문구 홍제동6-48,126.9506696,37.5943742,전용주,02-330-1562~3,서울특별시 서대문구청,2025-01-01
홍제3동3053,서울특별시 서대문구 홍제동6-57,126.9504285,37.5938044,건축물,02-330-1562~3,서울특별시 서대문구청,2025-01-01
홍제3동3055,서울특별시 서대문구 홍제동6-93,126.950544,37.5936432,건축물,02-330-1562~3,서울특별시 서대문구청,2025-01-01
홍제3동2076,서울특별시 서대문구 홍제동6-95,126.9499938,37.5941159,건축물,02-330-1562~3,서울특별시 서대문구청,2025-01-01
홍제3동4027,서울특별시 서대문구 홍제동8-142,126.9506315,37.5922474,한전주,02-330-1562~3,서울특별시 서대문구청,2025-01-01
홍제3동4033,서울특별시 서대문구 홍제동8-148,126.9502168,37.5919464,한전주,02-330-1562~3,서울특별시 서대문구청,2025-01-01
세검정로4길10,서울특별시 서대문구 홍제동8-158,126.9523045,37.5916496,전용주,02-330-1562~3,서울특별시 서대문구청,2025-01-01
세검정로4길11,서울특별시 서대문구 홍제동8-158,126.9523045,37.5916496,전용주,02-330-1562~3,서울특별시 서대문구청,2025-01-01
홍제3동4026,서울특별시 서대문구 홍제동8-41,126.950831,37.5925555,건축물,02-330-1562~3,서울특별시 서대문구청,2025-01-01
홍제3동4005,서울특별시 서대문구 홍제동8-45,126.9509197,37.5926915,한전주,02-330-1562~3,서울특별시 서대문구청,2025-01-01
홍제3동10121,서울특별시 서대문구 홍제동8-47,126.9510454,37.5926115,한전주,02-330-1562~3,서울특별시 서대문구청,2025-01-01
홍제3동4007,서울특별시 서대문구 홍제동8-49,126.95108,37.5925668,한전주,02-330-1562~3,서울특별시 서대문구청,2025-01-01
홍제3동4024,서울특별시 서대문구 홍제동8-51,126.9510246,37.5924762,건축물,02-330-1562~3,서울특별시 서대문구청,2025-01-01
홍제3동4025,서울특별시 서대문구 홍제동8-53,126.9508451,37.5923574,한전주,02-330-1562~3,서울특별시 서대문구청,2025-01-01
홍제3동4023,서울특별시 서대문구 홍제동8-56,126.951061,37.5923053,건축물,02-330-1562~3,서울특별시 서대문구청,2025-01-01
홍제3동4023-1,서울특별시 서대문구 홍제동8-56,126.951061,37.5923053,건축물,02-330-1562~3,서울특별시 서대문구청,2025-01-01
홍제3동4049,서울특별시 서대문구 홍제동8-59,126.9511619,37.5923783,건축물,02-330-1562~3,서울특별시 서대문구청,2025-01-01
홍제3동4015,서울특별시 서대문구 홍제동8-67,126.951301,37.5921452,한전주,02-330-1562~3,서울특별시 서대문구청,2025-01-01
홍제3동4014,서울특별시 서대문구 홍제동8-72,126.9514621,37.5919665,한전주,02-330-1562~3,서울특별시 서대문구청,2025-01-01
홍제3동4010,서울특별시 서대문구 홍제동8-78,126.951611,37.5918416,전용주,02-330-1562~3,서울특별시 서대문구청,2025-01-01
홍제3동9050,서울특별시 서대문구 홍제동8-78,126.951611,37.5918416,건축물,02-330-1562~3,서울특별시 서대문구청,2025-01-01
홍제3동4028,서울특별시 서대문구 홍제동8-80,126.9504193,37.5920383,한전주,02-330-1562~3,서울특별시 서대문구청,2025-01-01
홍제3동4035,서울특별시 서대문구 홍제동8-83,126.9502977,37.59183,건축물,02-330-1562~3,서울특별시 서대문구청,2025-01-01
홍제3동4017,서울특별시 서대문구 홍제동9-63,126.951184,37.5916126,한전주,02-330-1562~3,서울특별시 서대문구청,2025-01-01
홍제3동4018,서울특별시 서대문구 홍제동9-38,126.9508764,37.591745,한전주,02-330-1562~3,서울특별시 서대문구청,2025-01-01
홍제3동4022,서울특별시 서대문구 홍제동9-42,126.9509839,37.5921514,건축물,02-330-1562~3,서울특별시 서대문구청,2025-01-01
홍제3동4021,서울특별시 서대문구 홍제동9-48,126.9507167,37.5918247,건축물,02-330-1562~3,서울특별시 서대문구청,2025-01-01
홍제3동4318,서울특별시 서대문구 홍제동9-50,126.950663,37.591617,건축물,02-330-1562~3,서울특별시 서대문구청,2025-01-01
홍제3동4011,서울특별시 서대문구 홍제동9-52,126.9513404,37.5917581,한전주,02-330-1562~3,서울특별시 서대문구청,2025-01-01
홍제3동4009,서울특별시 서대문구 홍제동9-63,126.951184,37.5916126,건축물,02-330-1562~3,서울특별시 서대문구청,2025-01-01
홍제3동4013,서울특별시 서대문구 홍제동9-63,126.951184,37.5916126,한전주,02-330-1562~3,서울특별시 서대문구청,2025-01-01
홍제3동4047,서울특별시 서대문구 홍제동9-63,126.951184,37.5916126,전용주,02-330-1562~3,서울특별시 서대문구청,2025-01-01
홍제3동4016,서울특별시 서대문구 홍제동9-67,126.9511938,37.5917208,한전주,02-330-1562~3,서울특별시 서대문구청,2025-01-01
홍제3동4001,서울특별시 서대문구 홍제동9-72,126.9509733,37.5929082,한전주,02-330-1562~3,서울특별시 서대문구청,2025-01-01
홍제3동9048,서울특별시 서대문구 홍제동9-75,126.9521652,37.5918916,건축물,02-330-1562~3,서울특별시 서대문구청,2025-01-01
홍제3동10082,서울특별시 서대문구 홍제동9-75,126.9521652,37.5918916,건축물,02-330-1562~3,서울특별시 서대문구청,2025-01-01
세검정로4길7,서울특별시 서대문구 홍제동9-75,126.9521652,37.5918916,전용주,02-330-1562~3,서울특별시 서대문구청,2025-01-01
홍제3동368,서울특별시 서대문구 홍제동9-81,126.9526019,37.590625,전용주,02-330-1562~3,서울특별시 서대문구청,2025-01-01
홍제3동388,서울특별시 서대문구 홍제동9-81,126.9526019,37.590625,건축물,02-330-1562~3,서울특별시 서대문구청,2025-01-01
홍제3동389,서울특별시 서대문구 홍제동9-81,126.9526019,37.590625,전용주,02-330-1562~3,서울특별시 서대문구청,2025-01-01
홍제3동9002,서울특별시 서대문구 홍제동9-81,126.9526019,37.590625,건축물 ,02-330-1562~3,서울특별시 서대문구청,2025-01-01
홍제3동9003,서울특별시 서대문구 홍제동9-81,126.9526019,37.590625,한전주,02-330-1562~3,서울특별시 서대문구청,2025-01-01
홍제3동9009,서울특별시 서대문구 홍제동9-81,126.9526019,37.590625,한전주,02-330-1562~3,서울특별시 서대문구청,2025-01-01
홍제3동9024,서울특별시 서대문구 홍제동9-81,126.9526019,37.590625,한전주,02-330-1562~3,서울특별시 서대문구청,2025-01-01
홍제3동9025,서울특별시 서대문구 홍제동9-81,126.9526019,37.590625,건축물,02-330-1562~3,서울특별시 서대문구청,2025-01-01
홍제3동9028,서울특별시 서대문구 홍제동9-81,126.9526019,37.590625,한전주,02-330-1562~3,서울특별시 서대문구청,2025-01-01
홍제3동9029,서울특별시 서대문구 홍제동9-81,126.9526019,37.590625,전용주,02-330-1562~3,서울특별시 서대문구청,2025-01-01
홍제3동9030,서울특별시 서대문구 홍제동9-81,126.9526019,37.590625,건축물,02-330-1562~3,서울특별시 서대문구청,2025-01-01
홍제3동9031,서울특별시 서대문구 홍제동9-81,126.9526019,37.590625,통신주,02-330-1562~3,서울특별시 서대문구청,2025-01-01
홍제3동9032,서울특별시 서대문구 홍제동9-81,126.9526019,37.590625,건축물,02-330-1562~3,서울특별시 서대문구청,2025-01-01
홍제3동9033,서울특별시 서대문구 홍제동9-81,126.9526019,37.590625,건축물,02-330-1562~3,서울특별시 서대문구청,2025-01-01
홍제3동9034,서울특별시 서대문구 홍제동9-81,126.9526019,37.590625,전용주,02-330-1562~3,서울특별시 서대문구청,2025-01-01
홍제3동9035,서울특별시 서대문구 홍제동9-81,126.9526019,37.590625,한전주,02-330-1562~3,서울특별시 서대문구청,2025-01-01
홍제3동9036,서울특별시 서대문구 홍제동9-81,126.9526019,37.590625,건축물,02-330-1562~3,서울특별시 서대문구청,2025-01-01
홍제3동9038,서울특별시 서대문구 홍제동9-81,126.9526019,37.590625,건축물,02-330-1562~3,서울특별시 서대문구청,2025-01-01
홍제3동9039,서울특별시 서대문구 홍제동9-81,126.9526019,37.590625,건축물,02-330-1562~3,서울특별시 서대문구청,2025-01-01
홍제3동9040,서울특별시 서대문구 홍제동9-81,126.9526019,37.590625,씨피주,02-330-1562~3,서울특별시 서대문구청,2025-01-01
홍제3동9041,서울특별시 서대문구 홍제동9-81,126.9526019,37.590625,통신주,02-330-1562~3,서울특별시 서대문구청,2025-01-01
홍제3동9043,서울특별시 서대문구 홍제동9-81,126.9526019,37.590625,건축물 ,02-330-1562~3,서울특별시 서대문구청,2025-01-01
홍제3동9044,서울특별시 서대문구 홍제동9-81,126.9526019,37.590625,통신주,02-330-1562~3,서울특별시 서대문구청,2025-01-01
홍제3동9401,서울특별시 서대문구 홍제동9-81,126.9526019,37.590625,전용주,02-330-1562~3,서울특별시 서대문구청,2025-01-01
홍제3동9441,서울특별시 서대문구 홍제동9-81,126.9526019,37.590625,한전주,02-330-1562~3,서울특별시 서대문구청,2025-01-01
홍제3동9994,서울특별시 서대문구 홍제동9-81,126.9526019,37.590625,한전주,02-330-1562~3,서울특별시 서대문구청,2025-01-01
홍제3동1-7-1,서울특별시 서대문구 홍제동9-81,126.9526019,37.590625,건축물,02-330-1562~3,서울특별시 서대문구청,2025-01-01
세검정로4길8,서울특별시 서대문구 홍제동9-81,126.9526019,37.590625,전용주,02-330-1562~3,서울특별시 서대문구청,2025-01-01
세검정로4길9,서울특별시 서대문구 홍제동9-81,126.9526019,37.590625,전용주,02-330-1562~3,서울특별시 서대문구청,2025-01-01
세검정로4길12,서울특별시 서대문구 홍제동9-81,126.9526019,37.590625,전용주,02-330-1562~3,서울특별시 서대문구청,2025-01-01
세검정로4길20,서울특별시 서대문구 홍제동9-81,126.9526019,37.590625,전용주,02-330-1562~3,서울특별시 서대문구청,2025-01-01
세검정로4길23,서울특별시 서대문구 홍제동9-81,126.9526019,37.590625,전용주,02-330-1562~3,서울특별시 서대문구청,2025-01-01
세검정로4길13,서울특별시 서대문구 홍제동9-82,126.9530501,37.5909624,전용주,02-330-1562~3,서울특별시 서대문구청,2025-01-01
세검정로4길14,서울특별시 서대문구 홍제동9-82,126.9530501,37.5909624,전용주,02-330-1562~3,서울특별시 서대문구청,2025-01-01
세검정로4길15,서울특별시 서대문구 홍제동9-82,126.9530501,37.5909624,전용주,02-330-1562~3,서울특별시 서대문구청,2025-01-01
세검정로4길16,서울특별시 서대문구 홍제동9-82,126.9530501,37.5909624,전용주,02-330-1562~3,서울특별시 서대문구청,2025-01-01
홍제3동3087,서울특별시 서대문구 홍제동9-83,126.9541132,37.590242,한전주,02-330-1562~3,서울특별시 서대문구청,2025-01-01
홍제3동390,서울특별시 서대문구 홍제동9-83,126.9541132,37.590242,건축물,02-330-1562~3,서울특별시 서대문구청,2025-01-01
홍제3동9005,서울특별시 서대문구 홍제동9-83,126.9541132,37.590242,건축물,02-330-1562~3,서울특별시 서대문구청,2025-01-01
홍제3동9006,서울특별시 서대문구 홍제동9-83,126.9541132,37.590242,건축물,02-330-1562~3,서울특별시 서대문구청,2025-01-01
홍제3동9007,서울특별시 서대문구 홍제동9-83,126.9541132,37.590242,건축물,02-330-1562~3,서울특별시 서대문구청,2025-01-01
홍제3동9010,서울특별시 서대문구 홍제동9-83,126.9541132,37.590242,건축물,02-330-1562~3,서울특별시 서대문구청,2025-01-01
홍제3동9020,서울특별시 서대문구 홍제동9-83,126.9541132,37.590242,한전주,02-330-1562~3,서울특별시 서대문구청,2025-01-01
홍제3동9658,서울특별시 서대문구 홍제동9-83,126.9541132,37.590242,건축물,02-330-1562~3,서울특별시 서대문구청,2025-01-01
세검정로4길19,서울특별시 서대문구 홍제동9-83,126.9541132,37.590242,전용주,02-330-1562~3,서울특별시 서대문구청,2025-01-01
세검정로4길21,서울특별시 서대문구 홍제동9-83,126.9541132,37.590242,전용주,02-330-1562~3,서울특별시 서대문구청,2025-01-01
세검정로4길22,서울특별시 서대문구 홍제동9-83,126.9541132,37.590242,전용주,02-330-1562~3,서울특별시 서대문구청,2025-01-01
세검정로4길24,서울특별시 서대문구 홍제동9-83,126.9541132,37.590242,전용주,02-330-1562~3,서울특별시 서대문구청,2025-01-01
세검정로4길25,서울특별시 서대문구 홍제동9-83,126.9541132,37.590242,전용주,02-330-1562~3,서울특별시 서대문구청,2025-01-01
세검정로4길26,서울특별시 서대문구 홍제동9-83,126.9541132,37.590242,전용주,02-330-1562~3,서울특별시 서대문구청,2025-01-01
세검정로4길27,서울특별시 서대문구 홍제동9-83,126.9541132,37.590242,전용주,02-330-1562~3,서울특별시 서대문구청,2025-01-01
세검정로4길28,서울특별시 서대문구 홍제동9-83,126.9541132,37.590242,전용주,02-330-1562~3,서울특별시 서대문구청,2025-01-01
홍제3동9008,서울특별시 서대문구 홍제동9-83,126.9541132,37.590242,한전주,02-330-1562~3,서울특별시 서대문구청,2025-01-01
홍제3동4,서울특별시 서대문구 홍제동9-83,126.9541132,37.590242,한전주,02-330-1562~3,서울특별시 서대문구청,2025-01-01
세검정로4길17,서울특별시 서대문구 홍제동9-83,126.9541132,37.590242,전용주,02-330-1562~3,서울특별시 서대문구청,2025-01-01
세검정로4길18,서울특별시 서대문구 홍제동9-83,126.9541132,37.590242,전용주,02-330-1562~3,서울특별시 서대문구청,2025-01-01
홍제3동9027,서울특별시 서대문구 홍제동9-84,126.953248,37.5905767,전용주,02-330-1562~3,서울특별시 서대문구청,2025-01-01
홍제3동8932,서울특별시 서대문구 홍제동9-88,126.9503542,37.5918395,건축물,02-330-1562~3,서울특별시 서대문구청,2025-01-01
홍제3동9004,서울특별시 서대문구 홍제동9-83,126.9541132,37.590242,건축물,02-330-1562~3,서울특별시 서대문구청,2025-01-01
홍제3동9013,서울특별시 서대문구 홍제동산1-100,126.9548352,37.5928614,한전주,02-330-1562~3,서울특별시 서대문구청,2025-01-01
홍제3동9011,서울특별시 서대문구 홍제동산1-100,126.9548352,37.5928614,전용주,02-330-1562~3,서울특별시 서대문구청,2025-01-01
홍제3동9012,서울특별시 서대문구 홍제동산1-100,126.9548352,37.5928614,씨피주,02-330-1562~3,서울특별시 서대문구청,2025-01-01
홍제3동9014,서울특별시 서대문구 홍제동산1-100,126.9548352,37.5928614,전용주,02-330-1562~3,서울특별시 서대문구청,2025-01-01
홍제3동9017,서울특별시 서대문구 홍제동산1-100,126.9548352,37.5928614,전용주,02-330-1562~3,서울특별시 서대문구청,2025-01-01
홍제3동9023,서울특별시 서대문구 홍제동산1-100,126.9548352,37.5928614,건축물,02-330-1562~3,서울특별시 서대문구청,2025-01-01
홍제3동9037,서울특별시 서대문구 홍제동산1-100,126.9548352,37.5928614,건축물,02-330-1562~3,서울특별시 서대문구청,2025-01-01
홍제3동9211,서울특별시 서대문구 홍제동산1-100,126.9548352,37.5928614,전용주,02-330-1562~3,서울특별시 서대문구청,2025-01-01
홍제3동4008,서울특별시 서대문구 홍제동산1-167,126.950712,37.5913561,한전주,02-330-1562~3,서울특별시 서대문구청,2025-01-01
홍제3동9016,서울특별시 서대문구 홍제동산1-176,126.9532062,37.5870893,씨피주,02-330-1562~3,서울특별시 서대문구청,2025-01-01
홍제3동3223,서울특별시 서대문구 홍제동산5-18,126.9493748,37.5938491,건축물,02-330-1562~3,서울특별시 서대문구청,2025-01-01
홍제3동8047,서울특별시 서대문구 홍제동산5-78,126.9502599,37.5896852,전용주,02-330-1562~3,서울특별시 서대문구청,2025-01-01
홍제3동3005,서울특별시 서대문구 홍제동463,126.9494991,37.5922554,한전주,02-330-1562~3,서울특별시 서대문구청,2025-01-01
홍제3동9470,서울특별시 서대문구 홍제동432,126.9463662,37.593597,전용주,02-330-1562~3,서울특별시 서대문구청,2025-01-01
홍제3동9480,서울특별시 서대문구 홍제동287-109,126.9467598,37.5970064,전용주,02-330-1562~3,서울특별시 서대문구청,2025-01-01
홍제3동10135,서울특별시 서대문구 홍제동8-42,126.9508407,37.5926728,건축물,02-330-1562~3,서울특별시 서대문구청,2025-01-01
홍제3동2022,서울특별시 서대문구 홍제동266-238,126.9466386,37.5927525,건축물,02-330-1562~3,서울특별시 서대문구청,2025-01-01
홍제3동4,서울특별시 서대문구 홍제동277-6,126.9472887,37.5956325,전용주,02-330-1562~3,서울특별시 서대문구청,2025-01-01
홍제3동20,서울특별시 서대문구 홍제동286-5,126.9496969,37.5975191,한전주,02-330-1562~3,서울특별시 서대문구청,2025-01-01
홍제3동9468,서울특별시 서대문구 홍제동287-91,126.9470249,37.5974773,전용주,02-330-1562~3,서울특별시 서대문구청,2025-01-01
홍제3동646,서울특별시 서대문구 홍제동3-2,126.956082,37.5968279,한전주,02-330-1562~3,서울특별시 서대문구청,2025-01-01
홍제3동9510,서울특별시 서대문구 홍제동287-205,126.9488496,37.5981784,전용주,02-330-1562~3,서울특별시 서대문구청,2025-01-01
홍제3동9511,서울특별시 서대문구 홍제동287-205,126.9488496,37.5981784,전용주,02-330-1562~3,서울특별시 서대문구청,2025-01-01
홍제3동9996,서울특별시 서대문구 홍제동295-5,126.9439772,37.5911789,건축물,02-330-1562~3,서울특별시 서대문구청,2025-01-01
홍제3동9061,서울특별시 서대문구 홍제동455,126.949396,37.5891189,한전주,02-330-1562~3,서울특별시 서대문구청,2025-01-01
홍제3동4011-1,서울특별시 서대문구 홍제동9-52,126.9513404,37.5917581,한전주,02-330-1562~3,서울특별시 서대문구청,2025-01-01
홍제3동5007-1,서울특별시 서대문구 홍제동295-12,126.9441708,37.5910995,한전주,02-330-1562~3,서울특별시 서대문구청,2025-01-01
홍제3동3090,서울특별시 서대문구 홍제동274-1,126.9487417,37.5937714,전용주,02-330-1562~3,서울특별시 서대문구청,2025-01-01
홍제3동5237,서울특별시 서대문구 홍제동304-15,126.9444103,37.5893717,건축물,02-330-1562~3,서울특별시 서대문구청,2025-01-01
홍제3동3033-1,서울특별시 서대문구 홍제동7-13,126.949727,37.5937621,한전주,02-330-1562~3,서울특별시 서대문구청,2025-01-01
홍제3동6,서울특별시 서대문구 홍제동279-54,126.9485328,37.5957428,한전주,02-330-1562~3,서울특별시 서대문구청,2025-01-01
홍제3동9,서울특별시 서대문구 홍제동287-216,126.9470571,37.5959999,전용주,02-330-1562~3,서울특별시 서대문구청,2025-01-01
홍제3동2-1,서울특별시 서대문구 홍제동287-216,126.9470571,37.5959999,전용주,02-330-1562~3,서울특별시 서대문구청,2025-01-01
홍은1동6043,서울특별시 서대문구 홍은동4,126.9559952,37.5981787,전용주,02-330-1562~3,서울특별시 서대문구청,2025-01-01
홍은1동612,서울특별시 서대문구 홍은동6,126.9545334,37.596634,한전주,02-330-1562~3,서울특별시 서대문구청,2025-01-01
홍은1동704,서울특별시 서대문구 홍은동22,126.9448287,37.5974307,한전주,02-330-1562~3,서울특별시 서대문구청,2025-01-01
홍은1동9808,서울특별시 서대문구 홍은동22,126.9448287,37.5974307,건축물,02-330-1562~3,서울특별시 서대문구청,2025-01-01
홍은1동2082,서울특별시 서대문구 홍은동22,126.9448287,37.5974307,건축물,02-330-1562~3,서울특별시 서대문구청,2025-01-01
홍은1동1-2,서울특별시 서대문구 홍은동37,126.9461134,37.5954689,전용주,02-330-1562~3,서울특별시 서대문구청,2025-01-01
홍은1동2086,서울특별시 서대문구 홍은동355,126.924673,37.5831747,건축물,02-330-1562~3,서울특별시 서대문구청,2025-01-01
홍은1동1098,서울특별시 서대문구 홍은동445,126.9417277,37.5941051,한전주,02-330-1562~3,서울특별시 서대문구청,2025-01-01
홍은1동2077,서울특별시 서대문구 홍은동445,126.9417277,37.5941051,한전주,02-330-1562~3,서울특별시 서대문구청,2025-01-01
홍은1동2078,서울특별시 서대문구 홍은동445,126.9417277,37.5941051,한전주,02-330-1562~3,서울특별시 서대문구청,2025-01-01
홍은1동1105,서울특별시 서대문구 홍은동453,126.9428603,37.5940882,한전주,02-330-1562~3,서울특별시 서대문구청,2025-01-01
홍은1동1044,서울특별시 서대문구 홍은동453,126.9428603,37.5940882,한전주,02-330-1562~3,서울특별시 서대문구청,2025-01-01
홍은1동3071,서울특별시 서대문구 홍은동산1-112,126.9522934,37.6037413,전용주,02-330-1562~3,서울특별시 서대문구청,2025-01-01
홍은1동3070,서울특별시 서대문구 홍은동454,126.9508945,37.6025485,한전주,02-330-1562~3,서울특별시 서대문구청,2025-01-01
홍은1동3067,서울특별시 서대문구 홍은동454,126.9508945,37.6025485,전용주,02-330-1562~3,서울특별시 서대문구청,2025-01-01
홍은1동3072,서울특별시 서대문구 홍은동산1-112,126.9522934,37.6037413,전용주,02-330-1562~3,서울특별시 서대문구청,2025-01-01
홍은1동3077,서울특별시 서대문구 홍은동454,126.9508945,37.6025485,전용주,02-330-1562~3,서울특별시 서대문구청,2025-01-01
홍은1동3075,서울특별시 서대문구 홍은동454,126.9508945,37.6025485,전용주,02-330-1562~3,서울특별시 서대문구청,2025-01-01
홍은1동3068,서울특별시 서대문구 홍은동454,126.9508945,37.6025485,전용주,02-330-1562~3,서울특별시 서대문구청,2025-01-01
홍은1동3078,서울특별시 서대문구 홍은동454,126.9508945,37.6025485,전용주,02-330-1562~3,서울특별시 서대문구청,2025-01-01
홍은1동3076,서울특별시 서대문구 홍은동454,126.9508945,37.6025485,전용주,02-330-1562~3,서울특별시 서대문구청,2025-01-01
홍은1동3073,서울특별시 서대문구 홍은동454,126.9508945,37.6025485,전용주,02-330-1562~3,서울특별시 서대문구청,2025-01-01
홍은1동3559,서울특별시 서대문구 홍은동454,126.9508945,37.6025485,한전주,02-330-1562~3,서울특별시 서대문구청,2025-01-01
홍은1동22,서울특별시 서대문구 홍은동455,126.9450302,37.5951889,전용주,02-330-1562~3,서울특별시 서대문구청,2025-01-01
홍은1동38,서울특별시 서대문구 홍은동455,126.9450302,37.5951889,전용주,02-330-1562~3,서울특별시 서대문구청,2025-01-01
홍은1동2085,서울특별시 서대문구 홍은동455,126.9450302,37.5951889,건축물,02-330-1562~3,서울특별시 서대문구청,2025-01-01
홍은1동2075,서울특별시 서대문구 홍은동455,126.9450302,37.5951889,한전주,02-330-1562~3,서울특별시 서대문구청,2025-01-01
홍은1동2083,서울특별시 서대문구 홍은동455,126.9450302,37.5951889,건축물,02-330-1562~3,서울특별시 서대문구청,2025-01-01
홍은1동2087,서울특별시 서대문구 홍은동455,126.9450302,37.5951889,전용주,02-330-1562~3,서울특별시 서대문구청,2025-01-01
홍은1동2090,서울특별시 서대문구 홍은동455,126.9450302,37.5951889,전용주,02-330-1562~3,서울특별시 서대문구청,2025-01-01
홍은1동2088,서울특별시 서대문구 홍은동455,126.9450302,37.5951889,전용주,02-330-1562~3,서울특별시 서대문구청,2025-01-01
홍은1동2076,서울특별시 서대문구 홍은동455,126.9450302,37.5951889,한전주,02-330-1562~3,서울특별시 서대문구청,2025-01-01
홍은1동1302,서울특별시 서대문구 홍은동457,126.9466832,37.5984203,한전주,02-330-1562~3,서울특별시 서대문구청,2025-01-01
홍은1동4056,서울특별시 서대문구 홍은동460,126.9482409,37.6036061,한전주,02-330-1562~3,서울특별시 서대문구청,2025-01-01
홍은1동55,서울특별시 서대문구 홍은동463,126.9440248,37.5990273,전용주,02-330-1562~3,서울특별시 서대문구청,2025-01-01
홍은1동56,서울특별시 서대문구 홍은동463,126.9440248,37.5990273,전용주,02-330-1562~3,서울특별시 서대문구청,2025-01-01
홍은1동47,서울특별시 서대문구 홍은동463,126.9440248,37.5990273,전용주,02-330-1562~3,서울특별시 서대문구청,2025-01-01
홍은1동3074,서울특별시 서대문구 홍은동544,126.9325657,37.5886345,전용주,02-330-1562~3,서울특별시 서대문구청,2025-01-01
홍은1동1-9,서울특별시 서대문구 홍은동854,126.9327368,37.5885459,한전주,02-330-1562~3,서울특별시 서대문구청,2025-01-01
홍은1동2007,서울특별시 서대문구 홍은동36-2,126.9461064,37.5951625,한전주,02-330-1562~3,서울특별시 서대문구청,2025-01-01
홍은1동2914,서울특별시 서대문구 홍은동36-2,126.9461064,37.5951625,한전주,02-330-1562~3,서울특별시 서대문구청,2025-01-01
홍은1동2008,서울특별시 서대문구 홍은동36-6,126.9460857,37.5950181,한전주,02-330-1562~3,서울특별시 서대문구청,2025-01-01
홍은1동10132,서울특별시 서대문구 홍은동36-10,126.9460204,37.5948373,한전주,02-330-1562~3,서울특별시 서대문구청,2025-01-01
홍은1동2012,서울특별시 서대문구 홍은동36-10,126.9460204,37.5948373,한전주,02-330-1562~3,서울특별시 서대문구청,2025-01-01
홍은1동1-1,서울특별시 서대문구 홍은동37-3,126.9461373,37.595379,전용주,02-330-1562~3,서울특별시 서대문구청,2025-01-01
홍은1동2024,서울특별시 서대문구 홍은동40-2,126.9447692,37.5936278,한전주,02-330-1562~3,서울특별시 서대문구청,2025-01-01
홍은1동2025,서울특별시 서대문구 홍은동40-4,126.9445786,37.5934909,한전주,02-330-1562~3,서울특별시 서대문구청,2025-01-01
홍은1동2023,서울특별시 서대문구 홍은동42-1,126.9449395,37.5935933,한전주,02-330-1562~3,서울특별시 서대문구청,2025-01-01
홍은1동2015,서울특별시 서대문구 홍은동43-1,126.9457679,37.5942674,전용주,02-330-1562~3,서울특별시 서대문구청,2025-01-01
홍은1동2019,서울특별시 서대문구 홍은동43-1,126.9457679,37.5942674,한전주,02-330-1562~3,서울특별시 서대문구청,2025-01-01
홍은1동2014,서울특별시 서대문구 홍은동43-1,126.9457679,37.5942674,한전주,02-330-1562~3,서울특별시 서대문구청,2025-01-01
홍은1동2013,서울특별시 서대문구 홍은동43-1,126.9457679,37.5942674,한전주,02-330-1562~3,서울특별시 서대문구청,2025-01-01
홍은1동2020,서울특별시 서대문구 홍은동43-4,126.9453441,37.5938131,전용주,02-330-1562~3,서울특별시 서대문구청,2025-01-01
홍은1동2021,서울특별시 서대문구 홍은동43-5,126.9450853,37.5936937,전용주,02-330-1562~3,서울특별시 서대문구청,2025-01-01
홍은1동2022,서울특별시 서대문구 홍은동43-5,126.9450853,37.5936937,한전주,02-330-1562~3,서울특별시 서대문구청,2025-01-01
홍은1동2089,서울특별시 서대문구 홍은동43-6,126.9456669,37.5942035,한전주,02-330-1562~3,서울특별시 서대문구청,2025-01-01
홍은1동2016,서울특별시 서대문구 홍은동43-7,126.9456568,37.5941223,전용주,02-330-1562~3,서울특별시 서대문구청,2025-01-01
홍은1동2017,서울특별시 서대문구 홍은동44-6,126.9455233,37.5939499,한전주,02-330-1562~3,서울특별시 서대문구청,2025-01-01
홍은1동2003,서울특별시 서대문구 홍은동48-10,126.9465075,37.5956256,건축물,02-330-1562~3,서울특별시 서대문구청,2025-01-01
홍은1동2004,서울특별시 서대문구 홍은동48-12,126.946645,37.5955097,통신주,02-330-1562~3,서울특별시 서대문구청,2025-01-01
홍은1동2066,서울특별시 서대문구 홍은동50-1,126.9433166,37.5930471,한전주,02-330-1562~3,서울특별시 서대문구청,2025-01-01
홍은1동2036,서울특별시 서대문구 홍은동50-6,126.9431371,37.5929284,건축물,02-330-1562~3,서울특별시 서대문구청,2025-01-01
홍은1동2065,서울특별시 서대문구 홍은동50-8,126.9430356,37.5929005,한전주,02-330-1562~3,서울특별시 서대문구청,2025-01-01
홍은1동2063,서울특별시 서대문구 홍은동50-12,126.9426518,37.5928159,한전주,02-330-1562~3,서울특별시 서대문구청,2025-01-01
홍은1동49,서울특별시 서대문구 홍은동97-5,126.9405887,37.5929776,건축물,02-330-1562~3,서울특별시 서대문구청,2025-01-01
홍은1동10160,서울특별시 서대문구 홍은동11-6,126.9489784,37.6019008,한전주,02-330-1562~3,서울특별시 서대문구청,2025-01-01
홍은1동2202,서울특별시 서대문구 홍은동24-1,126.9458906,37.5968094,한전주,02-330-1562~3,서울특별시 서대문구청,2025-01-01
홍은1동1206,서울특별시 서대문구 홍은동25-1,126.9462414,37.5960287,한전주,02-330-1562~3,서울특별시 서대문구청,2025-01-01
홍은1동2001,서울특별시 서대문구 홍은동48-2,126.9464803,37.5959497,한전주,02-330-1562~3,서울특별시 서대문구청,2025-01-01
홍은1동6044,서울특별시 서대문구 홍은동2-3,126.9559623,37.5989173,전용주,02-330-1562~3,서울특별시 서대문구청,2025-01-01
홍은1동643,서울특별시 서대문구 홍은동2-4,126.9560433,37.5987918,한전주,02-330-1562~3,서울특별시 서대문구청,2025-01-01
홍은1동33,서울특별시 서대문구 홍은동2-6,126.9560001,37.5986383,건축물,02-330-1562~3,서울특별시 서대문구청,2025-01-01
홍은1동644,서울특별시 서대문구 홍은동2-8,126.9559631,37.5988542,한전주,02-330-1562~3,서울특별시 서대문구청,2025-01-01
홍은1동2081,서울특별시 서대문구 홍은동22-3,126.945354,37.59712,한전주,02-330-1562~3,서울특별시 서대문구청,2025-01-01
홍은1동645,서울특별시 서대문구 홍은동4-8,126.9557816,37.5980687,한전주,02-330-1562~3,서울특별시 서대문구청,2025-01-01
홍은1동641,서울특별시 서대문구 홍은동4-15,126.9560399,37.5974132,한전주,02-330-1562~3,서울특별시 서대문구청,2025-01-01
홍은1동6040,서울특별시 서대문구 홍은동4-9,126.9559405,37.5980431,전용주,02-330-1562~3,서울특별시 서대문구청,2025-01-01
홍은1동10113,서울특별시 서대문구 홍은동4-9,126.9559405,37.5980431,통신주,02-330-1562~3,서울특별시 서대문구청,2025-01-01
홍은1동6041,서울특별시 서대문구 홍은동4-12,126.9559538,37.597899,통신주,02-330-1562~3,서울특별시 서대문구청,2025-01-01
홍은1동639-1,서울특별시 서대문구 홍은동4-13,126.9560028,37.5976382,한전주,02-330-1562~3,서울특별시 서대문구청,2025-01-01
홍은1동706,서울특별시 서대문구 홍은동14-4,126.9450092,37.600685,한전주,02-330-1562~3,서울특별시 서대문구청,2025-01-01
홍은1동634,서울특별시 서대문구 홍은동5-4,126.9560216,37.5970977,한전주,02-330-1562~3,서울특별시 서대문구청,2025-01-01
홍은1동637,서울특별시 서대문구 홍은동5-5,126.9560307,37.59726,한전주,02-330-1562~3,서울특별시 서대문구청,2025-01-01
홍은1동625,서울특별시 서대문구 홍은동5-6,126.9559072,37.5971868,통신주,02-330-1562~3,서울특별시 서대문구청,2025-01-01
홍은1동1637,서울특별시 서대문구 홍은동5-6,126.9559072,37.5971868,한전주,02-330-1562~3,서울특별시 서대문구청,2025-01-01
홍은1동57,서울특별시 서대문구 홍은동5-14,126.9557241,37.5973203,건축물,02-330-1562~3,서울특별시 서대문구청,2025-01-01
홍은1동58,서울특별시 서대문구 홍은동5-16,126.9556236,37.5972203,건축물,02-330-1562~3,서울특별시 서대문구청,2025-01-01
홍은1동620,서울특별시 서대문구 홍은동5-17,126.9553505,37.597317,건축물,02-330-1562~3,서울특별시 서대문구청,2025-01-01
홍은1동623,서울특별시 서대문구 홍은동5-19,126.9554774,37.597147,건축물,02-330-1562~3,서울특별시 서대문구청,2025-01-01
홍은1동624,서울특별시 서대문구 홍은동5-22,126.9557845,37.5970506,한전주,02-330-1562~3,서울특별시 서대문구청,2025-01-01
홍은1동551,서울특별시 서대문구 홍은동5-25,126.9557883,37.5967803,전용주,02-330-1562~3,서울특별시 서대문구청,2025-01-01
홍은1동635,서울특별시 서대문구 홍은동5-26,126.9558655,37.5969251,한전주,02-330-1562~3,서울특별시 서대문구청,2025-01-01
홍은1동626,서울특별시 서대문구 홍은동5-28,126.9556846,37.5969055,건축물,02-330-1562~3,서울특별시 서대문구청,2025-01-01
홍은1동614,서울특별시 서대문구 홍은동6-3,126.9548622,37.5966009,한전주,02-330-1562~3,서울특별시 서대문구청,2025-01-01
홍은1동615,서울특별시 서대문구 홍은동6-4,126.9546692,37.5966352,한전주,02-330-1562~3,서울특별시 서대문구청,2025-01-01
홍은1동617,서울특별시 서대문구 홍은동7-3,126.9548458,37.5969612,건축물,02-330-1562~3,서울특별시 서대문구청,2025-01-01
홍은1동3016,서울특별시 서대문구 홍은동8-6,126.9503146,37.6051383,건축물,02-330-1562~3,서울특별시 서대문구청,2025-01-01
홍은1동303,서울특별시 서대문구 홍은동8-9,126.9501102,37.6051726,건축물,02-330-1562~3,서울특별시 서대문구청,2025-01-01
홍은1동3017,서울특별시 서대문구 홍은동8-13,126.950012,37.6049104,건축물,02-330-1562~3,서울특별시 서대문구청,2025-01-01
홍은1동699,서울특별시 서대문구 홍은동14-8,126.9450119,37.6004958,건축물,02-330-1562~3,서울특별시 서대문구청,2025-01-01
홍은1동10114,서울특별시 서대문구 홍은동8-20,126.9495158,37.6047618,건축물,02-330-1562~3,서울특별시 서대문구청,2025-01-01
홍은1동4011,서울특별시 서대문구 홍은동8-21,126.9494716,37.6046803,전용주,02-330-1562~3,서울특별시 서대문구청,2025-01-01
홍은1동4010,서울특별시 서대문구 홍은동8-21,126.9494716,37.6046803,전용주,02-330-1562~3,서울특별시 서대문구청,2025-01-01
홍은1동4014,서울특별시 서대문구 홍은동8-24,126.9495862,37.6045822,한전주,02-330-1562~3,서울특별시 서대문구청,2025-01-01
홍은1동4016,서울특별시 서대문구 홍은동8-25,126.9498152,37.6044041,한전주,02-330-1562~3,서울특별시 서대문구청,2025-01-01
홍은1동459,서울특별시 서대문구 홍은동9-29,126.9499262,37.6013415,한전주,02-330-1562~3,서울특별시 서대문구청,2025-01-01
홍은1동4039,서울특별시 서대문구 홍은동10-4,126.9483392,37.6014536,한전주,02-330-1562~3,서울특별시 서대문구청,2025-01-01
홍은1동650,서울특별시 서대문구 홍은동10-12,126.9482641,37.6027684,건축물,02-330-1562~3,서울특별시 서대문구청,2025-01-01
홍은1동4051,서울특별시 서대문구 홍은동10-15,126.9479721,37.6025946,건축물,02-330-1562~3,서울특별시 서대문구청,2025-01-01
홍은1동4049,서울특별시 서대문구 홍은동10-21,126.9484824,37.6025451,한전주,02-330-1562~3,서울특별시 서대문구청,2025-01-01
홍은1동4548,서울특별시 서대문구 홍은동10-25,126.9485301,37.6023743,건축물,02-330-1562~3,서울특별시 서대문구청,2025-01-01
홍은1동4047,서울특별시 서대문구 홍은동10-27,126.9484989,37.6021758,건축물,02-330-1562~3,서울특별시 서대문구청,2025-01-01
홍은1동403,서울특별시 서대문구 홍은동10-27,126.9484989,37.6021758,건축물,02-330-1562~3,서울특별시 서대문구청,2025-01-01
홍은1동2002,서울특별시 서대문구 홍은동27-10,126.9460886,37.5956218,한전주,02-330-1562~3,서울특별시 서대문구청,2025-01-01
홍은1동4036,서울특별시 서대문구 홍은동11-6,126.9489784,37.6019008,한전주,02-330-1562~3,서울특별시 서대문구청,2025-01-01
홍은1동50,서울특별시 서대문구 홍은동17-11,126.9443185,37.599075,한전주,02-330-1562~3,서울특별시 서대문구청,2025-01-01
홍은1동4345,서울특별시 서대문구 홍은동10-118,126.9482502,37.6021466,한전주,02-330-1562~3,서울특별시 서대문구청,2025-01-01
홍은1동4048,서울특별시 서대문구 홍은동10-122,126.9484196,37.6021751,건축물,02-330-1562~3,서울특별시 서대문구청,2025-01-01
홍은1동4050,서울특별시 서대문구 홍은동10-126,126.9483251,37.6024536,건축물,02-330-1562~3,서울특별시 서대문구청,2025-01-01
홍은1동4063,서울특별시 서대문구 홍은동10-183,126.9476989,37.6026913,건축물,02-330-1562~3,서울특별시 서대문구청,2025-01-01
홍은1동4062,서울특별시 서대문구 홍은동10-189,126.9477265,37.6023401,건축물,02-330-1562~3,서울특별시 서대문구청,2025-01-01
홍은1동4057,서울특별시 서대문구 홍은동10-199,126.947162,37.6022179,건축물,02-330-1562~3,서울특별시 서대문구청,2025-01-01
홍은1동4067,서울특별시 서대문구 홍은동10-199,126.947162,37.6022179,건축물,02-330-1562~3,서울특별시 서대문구청,2025-01-01
홍은1동10156,서울특별시 서대문구 홍은동10-200,126.9473888,37.6021929,건축물,02-330-1562~3,서울특별시 서대문구청,2025-01-01
홍은1동10109,서울특별시 서대문구 홍은동10-203,126.9472685,37.6026964,전용주,02-330-1562~3,서울특별시 서대문구청,2025-01-01
홍은1동4058,서울특별시 서대문구 홍은동10-204,126.9470559,37.6025143,한전주,02-330-1562~3,서울특별시 서대문구청,2025-01-01
홍은1동10099,서울특별시 서대문구 홍은동10-213,126.9473612,37.6025441,건축물,02-330-1562~3,서울특별시 서대문구청,2025-01-01
홍은1동10158,서울특별시 서대문구 홍은동10-215,126.9472968,37.6022912,건축물,02-330-1562~3,서울특별시 서대문구청,2025-01-01
홍은1동4059,서울특별시 서대문구 홍은동10-215,126.9472968,37.6022912,건축물,02-330-1562~3,서울특별시 서대문구청,2025-01-01
홍은1동4053,서울특별시 서대문구 홍은동10-236,126.9480119,37.6029824,건축물,02-330-1562~3,서울특별시 서대문구청,2025-01-01
홍은1동4052,서울특별시 서대문구 홍은동10-239,126.948026,37.6027843,한전주,02-330-1562~3,서울특별시 서대문구청,2025-01-01
홍은1동10028,서울특별시 서대문구 홍은동10-242,126.9478545,37.602098,건축물,02-330-1562~3,서울특별시 서대문구청,2025-01-01
홍은1동4043,서울특별시 서대문구 홍은동10-77,126.9483037,37.6015614,한전주,02-330-1562~3,서울특별시 서대문구청,2025-01-01
홍은1동4087,서울특별시 서대문구 홍은동11-137,126.9475234,37.6014823,한전주,02-330-1562~3,서울특별시 서대문구청,2025-01-01
홍은1동4489,서울특별시 서대문구 홍은동11-143,126.9473642,37.601526,통신주,02-330-1562~3,서울특별시 서대문구청,2025-01-01
홍은1동220,서울특별시 서대문구 홍은동11-265,126.9470474,37.5999013,한전주,02-330-1562~3,서울특별시 서대문구청,2025-01-01
홍은1동224,서울특별시 서대문구 홍은동11-276,126.9476529,37.5995282,한전주,02-330-1562~3,서울특별시 서대문구청,2025-01-01
홍은1동2024-1,서울특별시 서대문구 홍은동11-278,126.9473455,37.5996426,한전주,02-330-1562~3,서울특별시 서대문구청,2025-01-01
홍은1동9316,서울특별시 서대문구 홍은동11-282,126.9468146,37.5995478,한전주,02-330-1562~3,서울특별시 서대문구청,2025-01-01
홍은1동219,서울특별시 서대문구 홍은동11-288,126.9466753,37.5997898,건축물,02-330-1562~3,서울특별시 서대문구청,2025-01-01
홍은1동175,서울특별시 서대문구 홍은동11-290,126.946517,37.5997704,건축물,02-330-1562~3,서울특별시 서대문구청,2025-01-01
홍은1동182,서울특별시 서대문구 홍은동11-291,126.9465839,37.5998431,한전주,02-330-1562~3,서울특별시 서대문구청,2025-01-01
홍은1동14,서울특별시 서대문구 홍은동11-293,126.9464142,37.5998326,건축물,02-330-1562~3,서울특별시 서대문구청,2025-01-01
홍은1동216,서울특별시 서대문구 홍은동11-295,126.946537,37.5999598,건축물,02-330-1562~3,서울특별시 서대문구청,2025-01-01
홍은1동301,서울특별시 서대문구 홍은동11-303,126.9461169,37.6000371,건축물,02-330-1562~3,서울특별시 서대문구청,2025-01-01
홍은1동184,서울특별시 서대문구 홍은동11-304,126.9462528,37.6000383,건축물,02-330-1562~3,서울특별시 서대문구청,2025-01-01
홍은1동183,서울특별시 서대문구 홍은동11-304,126.9462528,37.6000383,건축물,02-330-1562~3,서울특별시 서대문구청,2025-01-01
홍은1동187,서울특별시 서대문구 홍은동11-318,126.9458086,37.6002146,한전주,02-330-1562~3,서울특별시 서대문구청,2025-01-01
홍은1동1023,서울특별시 서대문구 홍은동11-322,126.9457199,37.6000786,건축물,02-330-1562~3,서울특별시 서대문구청,2025-01-01
홍은1동240,서울특별시 서대문구 홍은동11-322,126.9457199,37.6000786,건축물,02-330-1562~3,서울특별시 서대문구청,2025-01-01
홍은1동4042,서울특별시 서대문구 홍은동11-34,126.9486391,37.6018707,건축물,02-330-1562~3,서울특별시 서대문구청,2025-01-01
홍은1동662,서울특별시 서대문구 홍은동11-350,126.9462585,37.5996329,한전주,02-330-1562~3,서울특별시 서대문구청,2025-01-01
홍은1동174,서울특별시 서대문구 홍은동11-351,126.9462908,37.5997504,한전주,02-330-1562~3,서울특별시 서대문구청,2025-01-01
홍은1동176,서울특별시 서대문구 홍은동11-355,126.9465102,37.599446,건축물,02-330-1562~3,서울특별시 서대문구청,2025-01-01
홍은1동169,서울특별시 서대문구 홍은동11-356,126.9465798,37.5993295,건축물,02-330-1562~3,서울특별시 서대문구청,2025-01-01
홍은1동165,서울특별시 서대문구 홍은동11-359,126.9466269,37.5992037,통신주,02-330-1562~3,서울특별시 서대문구청,2025-01-01
홍은1동4040,서울특별시 서대문구 홍은동11-36,126.9485851,37.601681,건축물,02-330-1562~3,서울특별시 서대문구청,2025-01-01
홍은1동170,서울특별시 서대문구 홍은동11-366,126.9463135,37.5989396,한전주,02-330-1562~3,서울특별시 서대문구청,2025-01-01
홍은1동161,서울특별시 서대문구 홍은동11-370,126.9462264,37.5986956,한전주,02-330-1562~3,서울특별시 서대문구청,2025-01-01
홍은1동743,서울특별시 서대문구 홍은동11-370,126.9462264,37.5986956,건축물,02-330-1562~3,서울특별시 서대문구청,2025-01-01
홍은1동156,서울특별시 서대문구 홍은동11-384,126.9460602,37.5984328,건축물,02-330-1562~3,서울특별시 서대문구청,2025-01-01
홍은1동121,서울특별시 서대문구 홍은동11-385,126.9461614,37.5984878,건축물,02-330-1562~3,서울특별시 서대문구청,2025-01-01
홍은1동160,서울특별시 서대문구 홍은동11-386,126.9462307,37.5983893,한전주,02-330-1562~3,서울특별시 서대문구청,2025-01-01
홍은1동4100,서울특별시 서대문구 홍은동11-397,126.9486207,37.6007623,한전주,02-330-1562~3,서울특별시 서대문구청,2025-01-01
홍은1동227,서울특별시 서대문구 홍은동11-410,126.9477399,37.5997813,한전주,02-330-1562~3,서울특별시 서대문구청,2025-01-01
홍은1동4443,서울특별시 서대문구 홍은동11-42,126.9481206,37.6016949,통신주,02-330-1562~3,서울특별시 서대문구청,2025-01-01
홍은1동166,서울특별시 서대문구 홍은동11-431,126.9468651,37.5991788,건축물,02-330-1562~3,서울특별시 서대문구청,2025-01-01
홍은1동617-1,서울특별시 서대문구 홍은동11-431,126.9468651,37.5991788,건축물,02-330-1562~3,서울특별시 서대문구청,2025-01-01
홍은1동1069,서울특별시 서대문구 홍은동11-465,126.9470307,37.6018924,건축물,02-330-1562~3,서울특별시 서대문구청,2025-01-01
홍은1동4069,서울특별시 서대문구 홍은동11-465,126.9470307,37.6018924,건축물,02-330-1562~3,서울특별시 서대문구청,2025-01-01
홍은1동4068,서울특별시 서대문구 홍은동11-467,126.9468604,37.6019179,전용주,02-330-1562~3,서울특별시 서대문구청,2025-01-01
홍은1동271,서울특별시 서대문구 홍은동11-468,126.9469994,37.6017029,전용주,02-330-1562~3,서울특별시 서대문구청,2025-01-01
홍은1동4092,서울특별시 서대문구 홍은동11-47,126.9479658,37.6014322,한전주,02-330-1562~3,서울특별시 서대문구청,2025-01-01
홍은1동4093,서울특별시 서대문구 홍은동11-47,126.9479658,37.6014322,한전주,02-330-1562~3,서울특별시 서대문구청,2025-01-01
홍은1동162,서울특별시 서대문구 홍은동11-476,126.9466889,37.5988259,한전주,02-330-1562~3,서울특별시 서대문구청,2025-01-01
홍은1동163,서울특별시 서대문구 홍은동11-476,126.9466889,37.5988259,건축물,02-330-1562~3,서울특별시 서대문구청,2025-01-01
홍은1동1140,서울특별시 서대문구 홍은동11-490,126.9480853,37.6017937,한전주,02-330-1562~3,서울특별시 서대문구청,2025-01-01
홍은1동222,서울특별시 서대문구 홍은동11-505,126.9472745,37.5998582,한전주,02-330-1562~3,서울특별시 서대문구청,2025-01-01
홍은1동4088,서울특별시 서대문구 홍은동11-511,126.9471592,37.6016142,건축물,02-330-1562~3,서울특별시 서대문구청,2025-01-01
홍은1동225,서울특별시 서대문구 홍은동11-512,126.9473026,37.5994711,건축물,02-330-1562~3,서울특별시 서대문구청,2025-01-01
홍은1동186,서울특별시 서대문구 홍은동11-517,126.9460917,37.6002171,건축물,02-330-1562~3,서울특별시 서대문구청,2025-01-01
홍은1동226,서울특별시 서대문구 홍은동11-523,126.9470345,37.5992074,건축물,02-330-1562~3,서울특별시 서대문구청,2025-01-01
홍은1동711,서울특별시 서대문구 홍은동11-534,126.9460404,37.6006401,건축물,02-330-1562~3,서울특별시 서대문구청,2025-01-01
홍은1동159,서울특별시 서대문구 홍은동11-536,126.9463348,37.598237,한전주,02-330-1562~3,서울특별시 서대문구청,2025-01-01
홍은1동4045,서울특별시 서대문구 홍은동11-546,126.94797,37.6019368,한전주,02-330-1562~3,서울특별시 서대문구청,2025-01-01
홍은1동1303,서울특별시 서대문구 홍은동11-547,126.9472202,37.5996956,건축물,02-330-1562~3,서울특별시 서대문구청,2025-01-01
홍은1동228,서울특별시 서대문구 홍은동11-556,126.947545,37.5999508,한전주,02-330-1562~3,서울특별시 서대문구청,2025-01-01
홍은1동178,서울특별시 서대문구 홍은동11-562,126.9469635,37.599423,건축물,02-330-1562~3,서울특별시 서대문구청,2025-01-01
홍은1동181,서울특별시 서대문구 홍은동11-566,126.9472018,37.5993891,한전주,02-330-1562~3,서울특별시 서대문구청,2025-01-01
홍은1동179,서울특별시 서대문구 홍은동11-833,126.9466993,37.5996909,한전주,02-330-1562~3,서울특별시 서대문구청,2025-01-01
홍은1동177,서울특별시 서대문구 홍은동11-707,126.9466931,37.5993305,한전주,02-330-1562~3,서울특별시 서대문구청,2025-01-01
홍은1동252,서울특별시 서대문구 홍은동9-320,126.9483702,37.6000572,한전주,02-330-1562~3,서울특별시 서대문구청,2025-01-01
홍은1동1065,서울특별시 서대문구 홍은동11-780,126.94664,37.5990777,통신주,02-330-1562~3,서울특별시 서대문구청,2025-01-01
홍은1동167,서울특별시 서대문구 홍은동11-798,126.9468292,37.5993137,건축물,02-330-1562~3,서울특별시 서대문구청,2025-01-01
홍은1동168,서울특별시 서대문구 홍은동11-800,126.9470216,37.5993244,건축물,02-330-1562~3,서울특별시 서대문구청,2025-01-01
홍은1동164,서울특별시 서대문구 홍은동11-810,126.9467556,37.5989075,건축물,02-330-1562~3,서울특별시 서대문구청,2025-01-01
홍은1동194,서울특별시 서대문구 홍은동11-812,126.9452367,37.6014169,건축물,02-330-1562~3,서울특별시 서대문구청,2025-01-01
홍은1동4096,서울특별시 서대문구 홍은동11-83,126.948762,37.601187,한전주,02-330-1562~3,서울특별시 서대문구청,2025-01-01
홍은1동1-10,서울특별시 서대문구 홍은동11-853,126.9471312,37.5987757,한전주,02-330-1562~3,서울특별시 서대문구청,2025-01-01
홍은1동215-1,서울특별시 서대문구 홍은동11-902,126.9465353,37.6000769,한전주,02-330-1562~3,서울특별시 서대문구청,2025-01-01
홍은1동4065,서울특별시 서대문구 홍은동11-978,126.9474742,37.6017612,한전주,02-330-1562~3,서울특별시 서대문구청,2025-01-01
홍은1동254,서울특별시 서대문구 홍은동11-978,126.9474742,37.6017612,한전주,02-330-1562~3,서울특별시 서대문구청,2025-01-01
홍은1동4064,서울특별시 서대문구 홍은동11-980,126.9476893,37.6017631,건축물,02-330-1562~3,서울특별시 서대문구청,2025-01-01
홍은1동4091,서울특별시 서대문구 홍은동11-980,126.9476893,37.6017631,건축물,02-330-1562~3,서울특별시 서대문구청,2025-01-01
홍은1동4061,서울특별시 서대문구 홍은동11-980,126.9476893,37.6017631,한전주,02-330-1562~3,서울특별시 서대문구청,2025-01-01
홍은1동1101,서울특별시 서대문구 홍은동128-7,126.9429793,37.5952787,한전주,02-330-1562~3,서울특별시 서대문구청,2025-01-01
홍은1동9805,서울특별시 서대문구 홍은동13-77,126.9440119,37.5999372,건축물,02-330-1562~3,서울특별시 서대문구청,2025-01-01
홍은1동669,서울특별시 서대문구 홍은동14-13,126.9450482,37.6003339,건축물,02-330-1562~3,서울특별시 서대문구청,2025-01-01
홍은1동188,서울특별시 서대문구 홍은동14-17,126.9452727,37.6004711,한전주,02-330-1562~3,서울특별시 서대문구청,2025-01-01
홍은1동115,서울특별시 서대문구 홍은동14-21,126.9452769,37.6001738,건축물,02-330-1562~3,서울특별시 서대문구청,2025-01-01
홍은1동116,서울특별시 서대문구 홍은동14-23,126.9453444,37.6002104,건축물,02-330-1562~3,서울특별시 서대문구청,2025-01-01
홍은1동1096,서울특별시 서대문구 홍은동147-2,126.9414661,37.5957877,한전주,02-330-1562~3,서울특별시 서대문구청,2025-01-01
홍은1동2084,서울특별시 서대문구 홍은동148-58,126.9434452,37.5967695,건축물,02-330-1562~3,서울특별시 서대문구청,2025-01-01
홍은1동2079,서울특별시 서대문구 홍은동148-58,126.9434452,37.5967695,한전주,02-330-1562~3,서울특별시 서대문구청,2025-01-01
홍은1동1092,서울특별시 서대문구 홍은동150-1,126.9411188,37.5971181,건축물,02-330-1562~3,서울특별시 서대문구청,2025-01-01
홍은1동591,서울특별시 서대문구 홍은동150-13,126.9410736,37.5971087,건축물,02-330-1562~3,서울특별시 서대문구청,2025-01-01
홍은1동1091,서울특별시 서대문구 홍은동150-8,126.9409952,37.5970539,한전주,02-330-1562~3,서울특별시 서대문구청,2025-01-01
홍은1동705,서울특별시 서대문구 홍은동15-16,126.9443148,37.5993362,한전주,02-330-1562~3,서울특별시 서대문구청,2025-01-01
홍은1동144,서울특별시 서대문구 홍은동15-16,126.9443148,37.5993362,한전주,02-330-1562~3,서울특별시 서대문구청,2025-01-01
홍은1동143,서울특별시 서대문구 홍은동16-16,126.9452473,37.5990653,한전주,02-330-1562~3,서울특별시 서대문구청,2025-01-01
홍은1동60,서울특별시 서대문구 홍은동17-51,126.9451558,37.5983256,건축물,02-330-1562~3,서울특별시 서대문구청,2025-01-01
홍은1동655,서울특별시 서대문구 홍은동17-62,126.9449882,37.5981619,한전주,02-330-1562~3,서울특별시 서대문구청,2025-01-01
홍은1동656,서울특별시 서대문구 홍은동17-62,126.9449882,37.5981619,한전주,02-330-1562~3,서울특별시 서대문구청,2025-01-01
홍은1동108,서울특별시 서대문구 홍은동186-25,126.9344969,37.5953376,한전주,02-330-1562~3,서울특별시 서대문구청,2025-01-01
홍은1동71,서울특별시 서대문구 홍은동188-29,126.9331268,37.5953342,한전주,02-330-1562~3,서울특별시 서대문구청,2025-01-01
홍은1동159-1,서울특별시 서대문구 홍은동209-9,126.9350216,37.5910984,한전주,02-330-1562~3,서울특별시 서대문구청,2025-01-01
홍은1동2,서울특별시 서대문구 홍은동23-49,126.9454947,37.5967789,한전주,02-330-1562~3,서울특별시 서대문구청,2025-01-01
홍은1동54,서울특별시 서대문구 홍은동23-82,126.945609,37.5975097,한전주,02-330-1562~3,서울특별시 서대문구청,2025-01-01
홍은1동3,서울특별시 서대문구 홍은동24-57,126.9457336,37.5966999,한전주,02-330-1562~3,서울특별시 서대문구청,2025-01-01
홍은1동4,서울특별시 서대문구 홍은동24-57,126.9457336,37.5966999,한전주,02-330-1562~3,서울특별시 서대문구청,2025-01-01
홍은1동5,서울특별시 서대문구 홍은동24-57,126.9457336,37.5966999,한전주,02-330-1562~3,서울특별시 서대문구청,2025-01-01
홍은1동2002-1,서울특별시 서대문구 홍은동25-19,126.9463987,37.5961112,한전주,02-330-1562~3,서울특별시 서대문구청,2025-01-01
홍은1동213,서울특별시 서대문구 홍은동265-200,126.9313157,37.5865778,한전주,02-330-1562~3,서울특별시 서대문구청,2025-01-01
홍은1동171,서울특별시 서대문구 홍은동265-411,126.9343197,37.5871186,건축물,02-330-1562~3,서울특별시 서대문구청,2025-01-01
홍은1동10161,서울특별시 서대문구 홍은동287-198,126.9313883,37.5799108,교각하부,02-330-1562~3,서울특별시 서대문구청,2025-01-01
홍은1동516,서울특별시 서대문구 홍은동407-19,126.927509,37.5788485,한전주,02-330-1562~3,서울특별시 서대문구청,2025-01-01
홍은1동59,서울특별시 서대문구 홍은동43-20,126.9452317,37.5937491,전용주,02-330-1562~3,서울특별시 서대문구청,2025-01-01
홍은1동1093,서울특별시 서대문구 홍은동435-12,126.9413491,37.596048,한전주,02-330-1562~3,서울특별시 서대문구청,2025-01-01
홍은1동1094,서울특별시 서대문구 홍은동435-13,126.9406878,37.5963664,건축물,02-330-1562~3,서울특별시 서대문구청,2025-01-01
홍은1동1090,서울특별시 서대문구 홍은동435-4,126.9408566,37.59644,한전주,02-330-1562~3,서울특별시 서대문구청,2025-01-01
홍은1동1088,서울특별시 서대문구 홍은동435-6,126.9407007,37.5962584,한전주,02-330-1562~3,서울특별시 서대문구청,2025-01-01
홍은1동1089,서울특별시 서대문구 홍은동435-6,126.9407007,37.5962584,한전주,02-330-1562~3,서울특별시 서대문구청,2025-01-01
홍은1동1087,서울특별시 서대문구 홍은동436-3,126.9408071,37.595944,한전주,02-330-1562~3,서울특별시 서대문구청,2025-01-01
홍은1동1585,서울특별시 서대문구 홍은동436-5,126.9408427,37.5958272,한전주,02-330-1562~3,서울특별시 서대문구청,2025-01-01
홍은1동1085,서울특별시 서대문구 홍은동436-5,126.9408427,37.5958272,한전주,02-330-1562~3,서울특별시 서대문구청,2025-01-01
홍은1동1078,서울특별시 서대문구 홍은동436-7,126.9406631,37.5957174,건축물,02-330-1562~3,서울특별시 서대문구청,2025-01-01
홍은1동1081,서울특별시 서대문구 홍은동437-4,126.9398556,37.5959625,전용주,02-330-1562~3,서울특별시 서대문구청,2025-01-01
홍은1동10094,서울특별시 서대문구 홍은동437-5,126.9399,37.5960259,건축물,02-330-1562~3,서울특별시 서대문구청,2025-01-01
홍은1동1083,서울특별시 서대문구 홍은동437-7,126.9402299,37.5959208,건축물,02-330-1562~3,서울특별시 서대문구청,2025-01-01
홍은1동1084,서울특별시 서대문구 홍은동437-8,126.9401745,37.5958302,건축물,02-330-1562~3,서울특별시 서대문구청,2025-01-01
홍은1동1079,서울특별시 서대문구 홍은동437-8,126.9401745,37.5958302,전용주,02-330-1562~3,서울특별시 서대문구청,2025-01-01
홍은1동1076,서울특별시 서대문구 홍은동452-3,126.9411824,37.5950283,한전주,02-330-1562~3,서울특별시 서대문구청,2025-01-01
홍은1동1077,서울특별시 서대문구 홍은동439-1,126.9406591,37.5951948,한전주,02-330-1562~3,서울특별시 서대문구청,2025-01-01
홍은1동137-1,서울특별시 서대문구 홍은동439-1,126.9406591,37.5951948,한전주,02-330-1562~3,서울특별시 서대문구청,2025-01-01
홍은1동1095,서울특별시 서대문구 홍은동440-1,126.9411513,37.5956227,한전주,02-330-1562~3,서울특별시 서대문구청,2025-01-01
홍은1동1086,서울특별시 서대문구 홍은동440-1,126.9411513,37.5956227,한전주,02-330-1562~3,서울특별시 서대문구청,2025-01-01
홍은1동1074,서울특별시 서대문구 홍은동440-2,126.9409768,37.5951526,한전주,02-330-1562~3,서울특별시 서대문구청,2025-01-01
홍은1동1062,서울특별시 서대문구 홍은동440-3,126.9420675,37.5949011,한전주,02-330-1562~3,서울특별시 서대문구청,2025-01-01
홍은1동1039,서울특별시 서대문구 홍은동440-3,126.9420675,37.5949011,한전주,02-330-1562~3,서울특별시 서대문구청,2025-01-01
홍은1동1073,서울특별시 서대문구 홍은동440-3,126.9420675,37.5949011,한전주,02-330-1562~3,서울특별시 서대문구청,2025-01-01
홍은1동1071,서울특별시 서대문구 홍은동452-3,126.9411824,37.5950283,한전주,02-330-1562~3,서울특별시 서대문구청,2025-01-01
홍은1동1100,서울특별시 서대문구 홍은동440-3,126.9420675,37.5949011,한전주,02-330-1562~3,서울특별시 서대문구청,2025-01-01
홍은1동1058,서울특별시 서대문구 홍은동440-3,126.9420675,37.5949011,한전주,02-330-1562~3,서울특별시 서대문구청,2025-01-01
홍은1동1103,서울특별시 서대문구 홍은동440-3,126.9420675,37.5949011,한전주,02-330-1562~3,서울특별시 서대문구청,2025-01-01
홍은1동237,서울특별시 서대문구 홍은동440-3,126.9420675,37.5949011,전용주,02-330-1562~3,서울특별시 서대문구청,2025-01-01
홍은1동1097,서울특별시 서대문구 홍은동440-4,126.9424485,37.5943819,한전주,02-330-1562~3,서울특별시 서대문구청,2025-01-01
홍은1동1104,서울특별시 서대문구 홍은동440-5,126.9427937,37.5947905,한전주,02-330-1562~3,서울특별시 서대문구청,2025-01-01
홍은1동1072,서울특별시 서대문구 홍은동441-14,126.9412762,37.5948039,한전주,02-330-1562~3,서울특별시 서대문구청,2025-01-01
홍은1동1059,서울특별시 서대문구 홍은동443-1,126.9419034,37.5944941,한전주,02-330-1562~3,서울특별시 서대문구청,2025-01-01
홍은1동1106,서울특별시 서대문구 홍은동445-7,126.9420151,37.5938014,씨피주,02-330-1562~3,서울특별시 서대문구청,2025-01-01
홍은1동1019,서울특별시 서대문구 홍은동450-6,126.9414038,37.592192,건축물,02-330-1562~3,서울특별시 서대문구청,2025-01-01
홍은1동1030,서울특별시 서대문구 홍은동451-11,126.9424359,37.5928681,한전주,02-330-1562~3,서울특별시 서대문구청,2025-01-01
홍은1동1011,서울특별시 서대문구 홍은동13-34,126.9442694,37.6009487,한전주,02-330-1562~3,서울특별시 서대문구청,2025-01-01
홍은1동9445,서울특별시 서대문구 홍은동453-2,126.9430972,37.5933515,건축물,02-330-1562~3,서울특별시 서대문구청,2025-01-01
홍은1동10166,서울특별시 서대문구 홍은동453-2,126.9430972,37.5933515,통신주,02-330-1562~3,서울특별시 서대문구청,2025-01-01
홍은1동9446,서울특별시 서대문구 홍은동453-2,126.9430972,37.5933515,건축물,02-330-1562~3,서울특별시 서대문구청,2025-01-01
홍은1동1031,서울특별시 서대문구 홍은동453-2,126.9430972,37.5933515,한전주,02-330-1562~3,서울특별시 서대문구청,2025-01-01
홍은1동1029,서울특별시 서대문구 홍은동453-2,126.9430972,37.5933515,한전주,02-330-1562~3,서울특별시 서대문구청,2025-01-01
홍은1동1042,서울특별시 서대문구 홍은동453-2,126.9430972,37.5933515,전용주,02-330-1562~3,서울특별시 서대문구청,2025-01-01
홍은1동1043,서울특별시 서대문구 홍은동453-2,126.9430972,37.5933515,전용주,02-330-1562~3,서울특별시 서대문구청,2025-01-01
홍은1동2074,서울특별시 서대문구 홍은동453-2,126.9430972,37.5933515,전용주,02-330-1562~3,서울특별시 서대문구청,2025-01-01
홍은1동2067,서울특별시 서대문구 홍은동453-2,126.9430972,37.5933515,한전주,02-330-1562~3,서울특별시 서대문구청,2025-01-01
홍은1동2073,서울특별시 서대문구 홍은동453-2,126.9430972,37.5933515,전용주,02-330-1562~3,서울특별시 서대문구청,2025-01-01
홍은1동2030,서울특별시 서대문구 홍은동453-2,126.9430972,37.5933515,건축물,02-330-1562~3,서울특별시 서대문구청,2025-01-01
홍은1동2072,서울특별시 서대문구 홍은동453-2,126.9430972,37.5933515,전용주,02-330-1562~3,서울특별시 서대문구청,2025-01-01
홍은1동2070,서울특별시 서대문구 홍은동453-2,126.9430972,37.5933515,전용주,02-330-1562~3,서울특별시 서대문구청,2025-01-01
홍은1동8913,서울특별시 서대문구 홍은동453-2,126.9430972,37.5933515,전용주,02-330-1562~3,서울특별시 서대문구청,2025-01-01
홍은1동8914,서울특별시 서대문구 홍은동453-2,126.9430972,37.5933515,전용주,02-330-1562~3,서울특별시 서대문구청,2025-01-01
홍은1동238,서울특별시 서대문구 홍은동453-2,126.9430972,37.5933515,전용주,02-330-1562~3,서울특별시 서대문구청,2025-01-01
홍은1동2080,서울특별시 서대문구 홍은동455-4,126.9434104,37.5944266,한전주,02-330-1562~3,서울특별시 서대문구청,2025-01-01
홍은1동1102,서울특별시 서대문구 홍은동455-4,126.9434104,37.5944266,한전주,02-330-1562~3,서울특별시 서대문구청,2025-01-01
홍은1동2018,서울특별시 서대문구 홍은동48-106,126.9457962,37.5938712,건축물,02-330-1562~3,서울특별시 서대문구청,2025-01-01
홍은1동298,서울특별시 서대문구 홍은동48-106,126.9457962,37.5938712,한전주,02-330-1562~3,서울특별시 서대문구청,2025-01-01
홍은1동2068-1,서울특별시 서대문구 홍은동48-124,126.9433529,37.5928853,건축물,02-330-1562~3,서울특별시 서대문구청,2025-01-01
홍은1동9934,서울특별시 서대문구 홍은동48-125,126.9433546,37.5927682,건축물,02-330-1562~3,서울특별시 서대문구청,2025-01-01
홍은1동2035,서울특별시 서대문구 홍은동48-125,126.9433546,37.5927682,한전주,02-330-1562~3,서울특별시 서대문구청,2025-01-01
홍은1동2034,서울특별시 서대문구 홍은동48-125,126.9433546,37.5927682,한전주,02-330-1562~3,서울특별시 서대문구청,2025-01-01
홍은1동2069,서울특별시 서대문구 홍은동48-125,126.9433546,37.5927682,건축물,02-330-1562~3,서울특별시 서대문구청,2025-01-01
홍은1동2033,서울특별시 서대문구 홍은동48-135,126.9432875,37.5927045,한전주,02-330-1562~3,서울특별시 서대문구청,2025-01-01
홍은1동2037,서울특별시 서대문구 홍은동48-136,126.9432314,37.5926679,건축물,02-330-1562~3,서울특별시 서대문구청,2025-01-01
홍은1동2040,서울특별시 서대문구 홍은동48-143,126.9429841,37.5925396,한전주,02-330-1562~3,서울특별시 서대문구청,2025-01-01
홍은1동2041,서울특별시 서대문구 홍은동48-145,126.9428802,37.5926828,건축물,02-330-1562~3,서울특별시 서대문구청,2025-01-01
홍은1동2045,서울특별시 서대문구 홍은동48-150,126.942951,37.5924762,한전주,02-330-1562~3,서울특별시 서대문구청,2025-01-01
홍은1동2047,서울특별시 서대문구 홍은동48-153,126.9427707,37.5924205,한전주,02-330-1562~3,서울특별시 서대문구청,2025-01-01
홍은1동2048,서울특별시 서대문구 홍은동48-154,126.942724,37.5925192,건축물,02-330-1562~3,서울특별시 서대문구청,2025-01-01
홍은1동2053,서울특별시 서대문구 홍은동48-156,126.9426232,37.5924372,건축물,02-330-1562~3,서울특별시 서대문구청,2025-01-01
홍은1동2051,서울특별시 서대문구 홍은동48-157,126.9426695,37.5923656,한전주,02-330-1562~3,서울특별시 서대문구청,2025-01-01
홍은1동2054,서울특별시 서대문구 홍은동48-164,126.9423087,37.5922542,건축물,02-330-1562~3,서울특별시 서대문구청,2025-01-01
홍은1동2055,서울특별시 서대문구 홍은동48-166,126.9422767,37.5921188,한전주,02-330-1562~3,서울특별시 서대문구청,2025-01-01
홍은1동2059,서울특별시 서대문구 홍은동48-167,126.9422072,37.5922263,한전주,02-330-1562~3,서울특별시 서대문구청,2025-01-01
홍은1동2056,서울특별시 서대문구 홍은동48-168,126.942152,37.5921267,한전주,02-330-1562~3,서울특별시 서대문구청,2025-01-01
홍은1동2058,서울특별시 서대문구 홍은동48-173,126.9420297,37.5919724,건축물,02-330-1562~3,서울특별시 서대문구청,2025-01-01
홍은1동2057,서울특별시 서대문구 홍은동48-173,126.9420297,37.5919724,한전주,02-330-1562~3,서울특별시 서대문구청,2025-01-01
홍은1동9653,서울특별시 서대문구 홍은동48-185,126.9426052,37.5921127,건축물,02-330-1562~3,서울특별시 서대문구청,2025-01-01
홍은1동2005,서울특별시 서대문구 홍은동48-19,126.9466379,37.5952123,통신주,02-330-1562~3,서울특별시 서대문구청,2025-01-01
홍은1동2052,서울특별시 서대문구 홍은동48-201,126.9427507,37.5922311,건축물,02-330-1562~3,서울특별시 서대문구청,2025-01-01
홍은1동2046,서울특별시 서대문구 홍은동48-214,126.9430685,37.5921799,건축물,02-330-1562~3,서울특별시 서대문구청,2025-01-01
홍은1동2044,서울특별시 서대문구 홍은동48-218,126.9431473,37.5922077,건축물,02-330-1562~3,서울특별시 서대문구청,2025-01-01
홍은1동2031,서울특별시 서대문구 홍은동48-233,126.9437349,37.592294,한전주,02-330-1562~3,서울특별시 서대문구청,2025-01-01
홍은1동2032,서울특별시 서대문구 홍은동48-243,126.9435753,37.5923737,한전주,02-330-1562~3,서울특별시 서대문구청,2025-01-01
홍은1동2039,서울특별시 서대문구 홍은동48-248,126.9434502,37.5924086,건축물,02-330-1562~3,서울특별시 서대문구청,2025-01-01
홍은1동596,서울특별시 서대문구 홍은동48-255,126.9433149,37.5923713,전용주,02-330-1562~3,서울특별시 서대문구청,2025-01-01
홍은1동2043,서울특별시 서대문구 홍은동48-262,126.9431328,37.5924328,건축물,02-330-1562~3,서울특별시 서대문구청,2025-01-01
홍은1동2028,서울특별시 서대문구 홍은동48-273,126.9436817,37.5928522,한전주,02-330-1562~3,서울특별시 서대문구청,2025-01-01
홍은1동67,서울특별시 서대문구 홍은동48-360,126.9443218,37.5932363,건축물,02-330-1562~3,서울특별시 서대문구청,2025-01-01
홍은1동10155,서울특별시 서대문구 홍은동48-360,126.9443218,37.5932363,건축물,02-330-1562~3,서울특별시 서대문구청,2025-01-01
홍은1동2009,서울특별시 서대문구 홍은동48-37,126.9463918,37.5949938,건축물,02-330-1562~3,서울특별시 서대문구청,2025-01-01
홍은1동2006,서울특별시 서대문구 홍은동48-461,126.9464222,37.5952464,한전주,02-330-1562~3,서울특별시 서대문구청,2025-01-01
홍은1동10091,서울특별시 서대문구 홍은동48-56,126.9463959,37.5947055,건축물,02-330-1562~3,서울특별시 서대문구청,2025-01-01
홍은1동2011,서울특별시 서대문구 홍은동48-82,126.9462626,37.5945241,건축물,02-330-1562~3,서울특별시 서대문구청,2025-01-01
홍은1동2010,서울특별시 서대문구 홍은동48-82,126.9462626,37.5945241,건축물,02-330-1562~3,서울특별시 서대문구청,2025-01-01
홍은1동2042,서울특별시 서대문구 홍은동50-14,126.9428116,37.5927273,한전주,02-330-1562~3,서울특별시 서대문구청,2025-01-01
홍은1동2062,서울특별시 서대문구 홍은동50-16,126.9426871,37.5927261,건축물,02-330-1562~3,서울특별시 서대문구청,2025-01-01
홍은1동9430,서울특별시 서대문구 홍은동50-18,126.9427221,37.5926544,건축물,02-330-1562~3,서울특별시 서대문구청,2025-01-01
홍은1동2050,서울특별시 서대문구 홍은동50-20,126.9425744,37.5926891,건축물,02-330-1562~3,서울특별시 서대문구청,2025-01-01
홍은1동2061,서울특별시 서대문구 홍은동50-22,126.9424965,37.5925893,한전주,02-330-1562~3,서울특별시 서대문구청,2025-01-01
홍은1동2049,서울특별시 서대문구 홍은동50-23,126.9425651,37.5925448,건축물,02-330-1562~3,서울특별시 서대문구청,2025-01-01
홍은1동2060,서울특별시 서대문구 홍은동50-27,126.9424082,37.5924263,건축물,02-330-1562~3,서울특별시 서대문구청,2025-01-01
홍은1동629,서울특별시 서대문구 홍은동5-32,126.9556187,37.5967608,건축물,02-330-1562~3,서울특별시 서대문구청,2025-01-01
홍은1동630,서울특별시 서대문구 홍은동5-42,126.9556122,37.5964183,한전주,02-330-1562~3,서울특별시 서대문구청,2025-01-01
홍은1동1637-1,서울특별시 서대문구 홍은동5-55,126.9551563,37.5966215,한전주,02-330-1562~3,서울특별시 서대문구청,2025-01-01
홍은1동713,서울특별시 서대문구 홍은동5-63,126.9554283,37.5966059,한전주,02-330-1562~3,서울특별시 서대문구청,2025-01-01
홍은1동628,서울특별시 서대문구 홍은동5-77,126.9552497,37.5964241,건축물,02-330-1562~3,서울특별시 서대문구청,2025-01-01
홍은1동618,서울특별시 서대문구 홍은동5-79,126.9548782,37.5970786,한전주,02-330-1562~3,서울특별시 서대문구청,2025-01-01
홍은1동2027,서울특별시 서대문구 홍은동71-547,126.9440606,37.5932881,전용주,02-330-1562~3,서울특별시 서대문구청,2025-01-01
홍은1동2026,서울특별시 서대문구 홍은동71-547,126.9440606,37.5932881,한전주,02-330-1562~3,서울특별시 서대문구청,2025-01-01
홍은1동2064,서울특별시 서대문구 홍은동71-749,126.9428886,37.5928901,한전주,02-330-1562~3,서울특별시 서대문구청,2025-01-01
홍은1동622,서울특별시 서대문구 홍은동8-1010,126.9497909,37.5996915,한전주,02-330-1562~3,서울특별시 서대문구청,2025-01-01
홍은1동3045,서울특별시 서대문구 홍은동8-104,126.9492542,37.6024258,건축물,02-330-1562~3,서울특별시 서대문구청,2025-01-01
홍은1동566,서울특별시 서대문구 홍은동8-1076,126.9511214,37.5984869,한전주,02-330-1562~3,서울특별시 서대문구청,2025-01-01
홍은1동385,서울특별시 서대문구 홍은동8-108,126.9494287,37.602094,건축물,02-330-1562~3,서울특별시 서대문구청,2025-01-01
홍은1동3028,서울특별시 서대문구 홍은동8-180,126.9500098,37.6026488,한전주,02-330-1562~3,서울특별시 서대문구청,2025-01-01
홍은1동3048,서울특별시 서대문구 홍은동8-110,126.949305,37.6020298,건축물,02-330-1562~3,서울특별시 서대문구청,2025-01-01
홍은1동9999,서울특별시 서대문구 홍은동8-1118,126.9511478,37.5998387,전용주,02-330-1562~3,서울특별시 서대문구청,2025-01-01
홍은1동4035,서울특별시 서대문구 홍은동8-114,126.9491129,37.6020011,건축물,02-330-1562~3,서울특별시 서대문구청,2025-01-01
홍은1동4008,서울특별시 서대문구 홍은동8-1234,126.948993,37.6048923,전용주,02-330-1562~3,서울특별시 서대문구청,2025-01-01
홍은1동4009,서울특별시 서대문구 홍은동8-1234,126.948993,37.6048923,전용주,02-330-1562~3,서울특별시 서대문구청,2025-01-01
홍은1동4021,서울특별시 서대문구 홍은동8-1236,126.9487371,37.6045656,건축물,02-330-1562~3,서울특별시 서대문구청,2025-01-01
홍은1동3042,서울특별시 서대문구 홍은동8-133,126.9494722,37.6022205,건축물,02-330-1562~3,서울특별시 서대문구청,2025-01-01
홍은1동26,서울특별시 서대문구 홍은동8-138,126.9496944,37.6025288,건축물,02-330-1562~3,서울특별시 서대문구청,2025-01-01
홍은1동3044,서울특별시 서대문구 홍은동8-138,126.9496944,37.6025288,건축물,02-330-1562~3,서울특별시 서대문구청,2025-01-01
홍은1동8,서울특별시 서대문구 홍은동8-1405,126.9509052,37.6017918,한전주,02-330-1562~3,서울특별시 서대문구청,2025-01-01
홍은1동9,서울특별시 서대문구 홍은동8-1405,126.9509052,37.6017918,한전주,02-330-1562~3,서울특별시 서대문구청,2025-01-01
홍은1동10,서울특별시 서대문구 홍은동8-1405,126.9509052,37.6017918,한전주,02-330-1562~3,서울특별시 서대문구청,2025-01-01
홍은1동11,서울특별시 서대문구 홍은동8-1405,126.9509052,37.6017918,한전주,02-330-1562~3,서울특별시 서대문구청,2025-01-01
홍은1동3037,서울특별시 서대문구 홍은동8-147,126.9498267,37.6019804,통신주,02-330-1562~3,서울특별시 서대문구청,2025-01-01
홍은1동3038,서울특별시 서대문구 홍은동8-148,126.9498162,37.6019172,한전주,02-330-1562~3,서울특별시 서대문구청,2025-01-01
홍은1동3039,서울특별시 서대문구 홍은동8-149,126.9498632,37.6018005,통신주,02-330-1562~3,서울특별시 서대문구청,2025-01-01
홍은1동3052,서울특별시 서대문구 홍은동8-149,126.9498632,37.6018005,한전주,02-330-1562~3,서울특별시 서대문구청,2025-01-01
홍은1동10167,서울특별시 서대문구 홍은동8-150,126.9499224,37.6016118,전용주,02-330-1562~3,서울특별시 서대문구청,2025-01-01
홍은1동4006,서울특별시 서대문구 홍은동8-1551,126.949257,37.6054443,전용주,02-330-1562~3,서울특별시 서대문구청,2025-01-01
홍은1동4007,서울특별시 서대문구 홍은동8-1557,126.9495657,37.6052398,건축물,02-330-1562~3,서울특별시 서대문구청,2025-01-01
홍은1동4513,서울특별시 서대문구 홍은동8-1558,126.9496911,37.6051778,한전주,02-330-1562~3,서울특별시 서대문구청,2025-01-01
홍은1동3530,서울특별시 서대문구 홍은동8-166,126.9499615,37.6020537,건축물,02-330-1562~3,서울특별시 서대문구청,2025-01-01
홍은1동3033,서울특별시 서대문구 홍은동8-171,126.9499928,37.6022432,한전주,02-330-1562~3,서울특별시 서대문구청,2025-01-01
홍은1동3031,서울특별시 서대문구 홍은동8-173,126.9500483,37.6023247,한전주,02-330-1562~3,서울특별시 서대문구청,2025-01-01
홍은1동167-1,서울특별시 서대문구 홍은동8-244,126.9508539,37.6006019,한전주,02-330-1562~3,서울특별시 서대문구청,2025-01-01
홍은1동445,서울특별시 서대문구 홍은동8-252,126.9503712,37.6003003,건축물,02-330-1562~3,서울특별시 서대문구청,2025-01-01
홍은1동3054,서울특별시 서대문구 홍은동8-272,126.9500494,37.6014418,건축물,02-330-1562~3,서울특별시 서대문구청,2025-01-01
홍은1동3095,서울특별시 서대문구 홍은동8-303,126.9502563,37.6004164,한전주,02-330-1562~3,서울특별시 서대문구청,2025-01-01
홍은1동446,서울특별시 서대문구 홍은동8-305,126.9502126,37.6003079,건축물,02-330-1562~3,서울특별시 서대문구청,2025-01-01
홍은1동3094,서울특별시 서대문구 홍은동8-306,126.9500981,37.600397,건축물,02-330-1562~3,서울특별시 서대문구청,2025-01-01
홍은1동447,서울특별시 서대문구 홍은동8-313,126.9499538,37.6001885,한전주,02-330-1562~3,서울특별시 서대문구청,2025-01-01
홍은1동4017,서울특별시 서대문구 홍은동8-32,126.9494359,37.6039952,한전주,02-330-1562~3,서울특별시 서대문구청,2025-01-01
홍은1동483,서울특별시 서대문구 홍은동8-321,126.9503302,37.5999936,건축물,02-330-1562~3,서울특별시 서대문구청,2025-01-01
홍은1동478,서울특별시 서대문구 홍은동8-326,126.9501721,37.5999652,건축물,02-330-1562~3,서울특별시 서대문구청,2025-01-01
홍은1동481,서울특별시 서대문구 홍은동8-334,126.9499481,37.599783,한전주,02-330-1562~3,서울특별시 서대문구청,2025-01-01
홍은1동482,서울특별시 서대문구 홍은동8-334,126.9499481,37.599783,한전주,02-330-1562~3,서울특별시 서대문구청,2025-01-01
홍은1동716,서울특별시 서대문구 홍은동8-339,126.9503784,37.5997868,통신주,02-330-1562~3,서울특별시 서대문구청,2025-01-01
홍은1동489,서울특별시 서대문구 홍은동8-344,126.9504081,37.6000934,한전주,02-330-1562~3,서울특별시 서대문구청,2025-01-01
홍은1동444,서울특별시 서대문구 홍은동8-346,126.9503953,37.6002014,한전주,02-330-1562~3,서울특별시 서대문구청,2025-01-01
홍은1동716-1,서울특별시 서대문구 홍은동8-349,126.9507132,37.6001412,건축물,02-330-1562~3,서울특별시 서대문구청,2025-01-01
홍은1동4018,서울특별시 서대문구 홍은동8-35,126.949065,37.6037937,한전주,02-330-1562~3,서울특별시 서대문구청,2025-01-01
홍은1동4022,서울특별시 서대문구 홍은동8-35,126.949065,37.6037937,한전주,02-330-1562~3,서울특별시 서대문구청,2025-01-01
홍은1동9632,서울특별시 서대문구 홍은동8-35,126.949065,37.6037937,한전주,02-330-1562~3,서울특별시 서대문구청,2025-01-01
홍은1동488,서울특별시 서대문구 홍은동8-355,126.9512112,37.6001636,건축물,02-330-1562~3,서울특별시 서대문구청,2025-01-01
홍은1동487,서울특별시 서대문구 홍은동8-357,126.9511673,37.6000641,건축물,02-330-1562~3,서울특별시 서대문구청,2025-01-01
홍은1동491,서울특별시 서대문구 홍은동8-362,126.9508389,37.6000612,건축물,02-330-1562~3,서울특별시 서대문구청,2025-01-01
홍은1동485,서울특별시 서대문구 홍은동8-364,126.9506918,37.6000509,건축물,02-330-1562~3,서울특별시 서대문구청,2025-01-01
홍은1동484,서울특별시 서대문구 홍은동8-367,126.9507503,37.5999162,건축물,02-330-1562~3,서울특별시 서대문구청,2025-01-01
홍은1동4086-1,서울특별시 서대문구 홍은동8-372,126.9509871,37.5999904,한전주,02-330-1562~3,서울특별시 서대문구청,2025-01-01
홍은1동498,서울특별시 서대문구 홍은동8-374,126.9510339,37.5998827,건축물,02-330-1562~3,서울특별시 서대문구청,2025-01-01
홍은1동496,서울특별시 서대문구 홍은동8-379,126.9510939,37.59964,한전주,02-330-1562~3,서울특별시 서대문구청,2025-01-01
홍은1동681,서울특별시 서대문구 홍은동8-380,126.9511065,37.59955,건축물,02-330-1562~3,서울특별시 서대문구청,2025-01-01
홍은1동505,서울특별시 서대문구 홍은동8-382,126.951561,37.5994459,한전주,02-330-1562~3,서울특별시 서대문구청,2025-01-01
홍은1동10123,서울특별시 서대문구 홍은동8-382,126.951561,37.5994459,건축물,02-330-1562~3,서울특별시 서대문구청,2025-01-01
홍은1동502,서울특별시 서대문구 홍은동8-387,126.9511535,37.5994333,건축물,02-330-1562~3,서울특별시 서대문구청,2025-01-01
홍은1동500,서울특별시 서대문구 홍은동8-387,126.9511535,37.5994333,건축물,02-330-1562~3,서울특별시 서대문구청,2025-01-01
홍은1동499,서울특별시 서대문구 홍은동8-388,126.951018,37.599405,통신주,02-330-1562~3,서울특별시 서대문구청,2025-01-01
홍은1동700,서울특별시 서대문구 홍은동8-393,126.9510776,37.5991893,건축물,02-330-1562~3,서울특별시 서대문구청,2025-01-01
홍은1동5015,서울특별시 서대문구 홍은동8-400,126.9503307,37.5991556,건축물,02-330-1562~3,서울특별시 서대문구청,2025-01-01
홍은1동678,서울특별시 서대문구 홍은동8-409,126.9509466,37.5996477,건축물,02-330-1562~3,서울특별시 서대문구청,2025-01-01
홍은1동494,서울특별시 서대문구 홍은동8-413,126.9504824,37.5996435,한전주,02-330-1562~3,서울특별시 서대문구청,2025-01-01
홍은1동663,서울특별시 서대문구 홍은동8-413,126.9504824,37.5996435,한전주,02-330-1562~3,서울특별시 서대문구청,2025-01-01
홍은1동517,서울특별시 서대문구 홍은동8-424,126.9500002,37.5993059,한전주,02-330-1562~3,서울특별시 서대문구청,2025-01-01
홍은1동25,서울특별시 서대문구 홍은동8-424,126.9500002,37.5993059,건축물,02-330-1562~3,서울특별시 서대문구청,2025-01-01
홍은1동3046,서울특별시 서대문구 홍은동8-43,126.9496725,37.6032765,건축물,02-330-1562~3,서울특별시 서대문구청,2025-01-01
홍은1동3018,서울특별시 서대문구 홍은동8-43,126.9496725,37.6032765,한전주,02-330-1562~3,서울특별시 서대문구청,2025-01-01
홍은1동3019,서울특별시 서대문구 홍은동8-43,126.9496725,37.6032765,한전주,02-330-1562~3,서울특별시 서대문구청,2025-01-01
홍은1동6,서울특별시 서대문구 홍은동8-43,126.9496725,37.6032765,건축물,02-330-1562~3,서울특별시 서대문구청,2025-01-01
홍은1동707,서울특별시 서대문구 홍은동8-433,126.9509327,37.5990258,건축물,02-330-1562~3,서울특별시 서대문구청,2025-01-01
홍은1동506,서울특별시 서대문구 홍은동8-435,126.9512164,37.5989833,건축물,02-330-1562~3,서울특별시 서대문구청,2025-01-01
홍은1동510,서울특별시 서대문구 홍은동8-439,126.9510607,37.5987837,건축물,02-330-1562~3,서울특별시 서대문구청,2025-01-01
홍은1동651,서울특별시 서대문구 홍은동8-440,126.9510028,37.5988733,건축물,02-330-1562~3,서울특별시 서대문구청,2025-01-01
홍은1동559,서울특별시 서대문구 홍은동8-441,126.950823,37.5987726,한전주,02-330-1562~3,서울특별시 서대문구청,2025-01-01
홍은1동1-7,서울특별시 서대문구 홍은동8-452,126.95131,37.5987679,건축물,02-330-1562~3,서울특별시 서대문구청,2025-01-01
홍은1동568,서울특별시 서대문구 홍은동8-454,126.9514611,37.5984899,건축물,02-330-1562~3,서울특별시 서대문구청,2025-01-01
홍은1동63,서울특별시 서대문구 홍은동8-456,126.9512569,37.5985151,건축물,02-330-1562~3,서울특별시 서대문구청,2025-01-01
홍은1동564,서울특별시 서대문구 홍은동8-459,126.9509753,37.5984135,한전주,02-330-1562~3,서울특별시 서대문구청,2025-01-01
홍은1동571,서울특별시 서대문구 홍은동8-463,126.9512195,37.5979562,한전주,02-330-1562~3,서울특별시 서대문구청,2025-01-01
홍은1동576,서울특별시 서대문구 홍은동8-469,126.9512705,37.5975511,통신주,02-330-1562~3,서울특별시 서대문구청,2025-01-01
홍은1동9923,서울특별시 서대문구 홍은동8-470,126.9510216,37.5975309,건축물,02-330-1562~3,서울특별시 서대문구청,2025-01-01
홍은1동5087,서울특별시 서대문구 홍은동8-475,126.9509484,37.5970978,건축물,02-330-1562~3,서울특별시 서대문구청,2025-01-01
홍은1동592,서울특별시 서대문구 홍은동8-481,126.9514502,37.5968499,건축물,02-330-1562~3,서울특별시 서대문구청,2025-01-01
홍은1동1300,서울특별시 서대문구 홍은동8-482,126.9515081,37.5967604,건축물,02-330-1562~3,서울특별시 서대문구청,2025-01-01
홍은1동596-1,서울특별시 서대문구 홍은동8-483,126.9516789,37.5966898,통신주,02-330-1562~3,서울특별시 서대문구청,2025-01-01
홍은1동597,서울특별시 서대문구 홍은동8-485,126.9519181,37.5965928,한전주,02-330-1562~3,서울특별시 서대문구청,2025-01-01
홍은1동599,서울특별시 서대문구 홍은동8-488,126.9520658,37.5965581,건축물,02-330-1562~3,서울특별시 서대문구청,2025-01-01
홍은1동590,서울특별시 서대문구 홍은동8-493,126.9514998,37.596544,한전주,02-330-1562~3,서울특별시 서대문구청,2025-01-01
홍은1동589,서울특별시 서대문구 홍은동8-499,126.9513303,37.5965155,건축물,02-330-1562~3,서울특별시 서대문구청,2025-01-01
홍은1동607,서울특별시 서대문구 홍은동8-500,126.9514001,37.596381,건축물,02-330-1562~3,서울특별시 서대문구청,2025-01-01
홍은1동609,서울특별시 서대문구 홍은동8-502,126.9512424,37.5963255,건축물,02-330-1562~3,서울특별시 서대문구청,2025-01-01
홍은1동610,서울특별시 서대문구 홍은동8-505,126.951126,37.5965497,한전주,02-330-1562~3,서울특별시 서대문구청,2025-01-01
홍은1동4024,서울특별시 서대문구 홍은동8-51,126.949393,37.6030217,건축물,02-330-1562~3,서울특별시 서대문구청,2025-01-01
홍은1동718,서울특별시 서대문구 홍은동8-511,126.9510114,37.5966478,한전주,02-330-1562~3,서울특별시 서대문구청,2025-01-01
홍은1동573,서울특별시 서대문구 홍은동8-515,126.9509059,37.5977101,한전주,02-330-1562~3,서울특별시 서대문구청,2025-01-01
홍은1동572,서울특별시 서대문구 홍은동8-518,126.9509612,37.5978007,한전주,02-330-1562~3,서울특별시 서대문구청,2025-01-01
홍은1동3047,서울특별시 서대문구 홍은동8-52,126.9494836,37.6030225,건축물,02-330-1562~3,서울특별시 서대문구청,2025-01-01
홍은1동563,서울특별시 서대문구 홍은동8-526,126.9507988,37.5980786,건축물,02-330-1562~3,서울특별시 서대문구청,2025-01-01
홍은1동565,서울특별시 서대문구 홍은동8-526,126.9507988,37.5980786,건축물,02-330-1562~3,서울특별시 서대문구청,2025-01-01
홍은1동10142,서울특별시 서대문구 홍은동8-528,126.9510262,37.5980085,건축물,02-330-1562~3,서울특별시 서대문구청,2025-01-01
홍은1동712,서울특별시 서대문구 홍은동8-530,126.9509331,37.5981879,건축물,02-330-1562~3,서울특별시 서대문구청,2025-01-01
홍은1동562,서울특별시 서대문구 홍은동8-531,126.9508425,37.5981871,건축물,02-330-1562~3,서울특별시 서대문구청,2025-01-01
홍은1동555,서울특별시 서대문구 홍은동8-538,126.9505095,37.5985175,건축물,02-330-1562~3,서울특별시 서대문구청,2025-01-01
홍은1동524,서울특별시 서대문구 홍은동8-548,126.949869,37.5989713,한전주,02-330-1562~3,서울특별시 서대문구청,2025-01-01
홍은1동521,서울특별시 서대문구 홍은동9-437,126.9496161,37.5992394,건축물,02-330-1562~3,서울특별시 서대문구청,2025-01-01
홍은1동666,서울특별시 서대문구 홍은동8-557,126.9495419,37.5996802,통신주,02-330-1562~3,서울특별시 서대문구청,2025-01-01
홍은1동529,서울특별시 서대문구 홍은동8-558,126.9495289,37.5997972,한전주,02-330-1562~3,서울특별시 서대문구청,2025-01-01
홍은1동480,서울특별시 서대문구 홍은동8-561,126.9497315,37.5998892,건축물,02-330-1562~3,서울특별시 서대문구청,2025-01-01
홍은1동476,서울특별시 서대문구 홍은동8-562,126.9497754,37.5999887,건축물,02-330-1562~3,서울특별시 서대문구청,2025-01-01
홍은1동448,서울특별시 서대문구 홍은동8-573,126.9497157,37.6002044,건축물,02-330-1562~3,서울특별시 서대문구청,2025-01-01
홍은1동3088,서울특별시 서대문구 홍은동8-596,126.9496617,37.6008256,한전주,02-330-1562~3,서울특별시 서대문구청,2025-01-01
홍은1동3057,서울특별시 서대문구 홍은동8-605,126.9496098,37.6012937,전용주,02-330-1562~3,서울특별시 서대문구청,2025-01-01
홍은1동458,서울특별시 서대문구 홍은동8-611,126.9493765,37.6009762,건축물,02-330-1562~3,서울특별시 서대문구청,2025-01-01
홍은1동3004,서울특별시 서대문구 홍은동8-629,126.9506186,37.6060691,건축물,02-330-1562~3,서울특별시 서대문구청,2025-01-01
홍은1동4024-1,서울특별시 서대문구 홍은동8-64,126.9491556,37.6029926,한전주,02-330-1562~3,서울특별시 서대문구청,2025-01-01
홍은1동4023,서울특별시 서대문구 홍은동8-64,126.9491556,37.6029926,한전주,02-330-1562~3,서울특별시 서대문구청,2025-01-01
홍은1동4025,서울특별시 서대문구 홍은동8-65,126.9491575,37.6028574,한전주,02-330-1562~3,서울특별시 서대문구청,2025-01-01
홍은1동1-8,서울특별시 서대문구 홍은동8-66,126.9490208,37.6029103,통신주,02-330-1562~3,서울특별시 서대문구청,2025-01-01
홍은1동4012,서울특별시 서대문구 홍은동8-668,126.9492755,37.6041289,한전주,02-330-1562~3,서울특별시 서대문구청,2025-01-01
홍은1동4001,서울특별시 서대문구 홍은동8-669,126.9500458,37.6057306,한전주,02-330-1562~3,서울특별시 서대문구청,2025-01-01
홍은1동9437,서울특별시 서대문구 홍은동8-68,126.9491525,37.6032088,건축물,02-330-1562~3,서울특별시 서대문구청,2025-01-01
홍은1동4003,서울특별시 서대문구 홍은동8-714,126.9496287,37.6055917,한전주,02-330-1562~3,서울특별시 서대문구청,2025-01-01
홍은1동570,서울특별시 서대문구 홍은동8-735,126.9511023,37.5982344,한전주,02-330-1562~3,서울특별시 서대문구청,2025-01-01
홍은1동4013,서울특별시 서대문구 홍은동8-737,126.9499753,37.6050993,한전주,02-330-1562~3,서울특별시 서대문구청,2025-01-01
홍은1동567,서울특별시 서대문구 홍은동8-738,126.9513678,37.5986873,건축물,02-330-1562~3,서울특별시 서대문구청,2025-01-01
홍은1동3049,서울특별시 서대문구 홍은동8-739,126.9491934,37.6019117,건축물,02-330-1562~3,서울특별시 서대문구청,2025-01-01
홍은1동3053,서울특별시 서대문구 홍은동8-753,126.9501908,37.6018575,건축물,02-330-1562~3,서울특별시 서대문구청,2025-01-01
홍은1동511,서울특별시 서대문구 홍은동8-757,126.9509409,37.5992512,건축물,02-330-1562~3,서울특별시 서대문구청,2025-01-01
홍은1동3087,서울특별시 서대문구 홍은동8-767,126.949523,37.6010226,한전주,02-330-1562~3,서울특별시 서대문구청,2025-01-01
홍은1동477,서울특별시 서대문구 홍은동8-769,126.9500458,37.6000902,건축물,02-330-1562~3,서울특별시 서대문구청,2025-01-01
홍은1동10174,서울특별시 서대문구 홍은동8-773,126.9501475,37.6001001,건축물,02-330-1562~3,서울특별시 서대문구청,2025-01-01
홍은1동556,서울특별시 서대문구 홍은동8-777,126.9502663,37.5989028,건축물,02-330-1562~3,서울특별시 서대문구청,2025-01-01
홍은1동3024,서울특별시 서대문구 홍은동8-786,126.950301,37.6028766,한전주,02-330-1562~3,서울특별시 서대문구청,2025-01-01
홍은1동512,서울특별시 서대문구 홍은동8-793,126.9507111,37.5994834,건축물,02-330-1562~3,서울특별시 서대문구청,2025-01-01
홍은1동513,서울특별시 서대문구 홍은동8-799,126.9507596,37.5992586,건축물,02-330-1562~3,서울특별시 서대문구청,2025-01-01
홍은1동520,서울특별시 서대문구 홍은동8-816,126.9501168,37.5990636,건축물,02-330-1562~3,서울특별시 서대문구청,2025-01-01
홍은1동3002,서울특별시 서대문구 홍은동8-823,126.9506328,37.605862,건축물,02-330-1562~3,서울특별시 서대문구청,2025-01-01
홍은1동4033,서울특별시 서대문구 홍은동8-83,126.9486339,37.603042,건축물,02-330-1562~3,서울특별시 서대문구청,2025-01-01
홍은1동10023,서울특별시 서대문구 홍은동8-831,126.9505372,37.6054106,한전주,02-330-1562~3,서울특별시 서대문구청,2025-01-01
홍은1동3010,서울특별시 서대문구 홍은동8-834,126.9510645,37.6057667,한전주,02-330-1562~3,서울특별시 서대문구청,2025-01-01
홍은1동4032,서울특별시 서대문구 홍은동8-84,126.9488629,37.6028638,통신주,02-330-1562~3,서울특별시 서대문구청,2025-01-01
홍은1동501,서울특별시 서대문구 홍은동8-843,126.9514243,37.5994987,건축물,02-330-1562~3,서울특별시 서대문구청,2025-01-01
홍은1동3005,서울특별시 서대문구 홍은동8-844,126.9503633,37.6056974,한전주,02-330-1562~3,서울특별시 서대문구청,2025-01-01
홍은1동1-11,서울특별시 서대문구 홍은동8-86,126.948705,37.6028174,건축물,02-330-1562~3,서울특별시 서대문구청,2025-01-01
홍은1동9648,서울특별시 서대문구 홍은동8-860,126.9514258,37.5969759,건축물,02-330-1562~3,서울특별시 서대문구청,2025-01-01
홍은1동4002,서울특별시 서대문구 홍은동8-876,126.9496525,37.6055109,건축물,02-330-1562~3,서울특별시 서대문구청,2025-01-01
홍은1동10144,서울특별시 서대문구 홍은동8-878,126.9515442,37.5966075,건축물,02-330-1562~3,서울특별시 서대문구청,2025-01-01
홍은1동4031,서울특별시 서대문구 홍은동8-88,126.9490235,37.6027211,건축물,02-330-1562~3,서울특별시 서대문구청,2025-01-01
홍은1동4026,서울특별시 서대문구 홍은동8-88,126.9490235,37.6027211,한전주,02-330-1562~3,서울특별시 서대문구청,2025-01-01
홍은1동3030,서울특별시 서대문구 홍은동8-893,126.9502033,37.6025784,한전주,02-330-1562~3,서울특별시 서대문구청,2025-01-01
홍은1동4029,서울특별시 서대문구 홍은동8-90,126.9489805,37.6025585,한전주,02-330-1562~3,서울특별시 서대문구청,2025-01-01
홍은1동4434,서울특별시 서대문구 홍은동8-92,126.9487893,37.6024667,건축물,02-330-1562~3,서울특별시 서대문구청,2025-01-01
홍은1동4034,서울특별시 서대문구 홍은동8-93,126.9488366,37.602323,한전주,02-330-1562~3,서울특별시 서대문구청,2025-01-01
홍은1동535,서울특별시 서대문구 홍은동9-104,126.948134,37.5991361,씨피주,02-330-1562~3,서울특별시 서대문구청,2025-01-01
홍은1동537,서울특별시 서대문구 홍은동9-113,126.9477871,37.5988447,한전주,02-330-1562~3,서울특별시 서대문구청,2025-01-01
홍은1동536,서울특별시 서대문구 홍은동9-115,126.9480592,37.5988201,한전주,02-330-1562~3,서울특별시 서대문구청,2025-01-01
홍은1동541,서울특별시 서대문구 홍은동9-126,126.9485707,37.5986804,건축물,02-330-1562~3,서울특별시 서대문구청,2025-01-01
홍은1동533,서울특별시 서대문구 홍은동9-135,126.9488733,37.5989084,한전주,02-330-1562~3,서울특별시 서대문구청,2025-01-01
홍은1동532,서울특별시 서대문구 홍은동9-136,126.9487794,37.5991418,한전주,02-330-1562~3,서울특별시 서대문구청,2025-01-01
홍은1동534,서울특별시 서대문구 홍은동9-138,126.9486692,37.5989246,한전주,02-330-1562~3,서울특별시 서대문구청,2025-01-01
홍은1동522,서울특별시 서대문구 홍은동9-152,126.9492568,37.5990199,한전주,02-330-1562~3,서울특별시 서대문구청,2025-01-01
홍은1동552,서울특별시 서대문구 홍은동9-152,126.9492568,37.5990199,한전주,02-330-1562~3,서울특별시 서대문구청,2025-01-01
홍은1동33-1,서울특별시 서대문구 홍은동9-154,126.9494171,37.5988952,통신주,02-330-1562~3,서울특별시 서대문구청,2025-01-01
홍은1동5048,서울특별시 서대문구 홍은동9-154,126.9494171,37.5988952,한전주,02-330-1562~3,서울특별시 서대문구청,2025-01-01
홍은1동546,서울특별시 서대문구 홍은동9-155,126.9493167,37.5987862,건축물,02-330-1562~3,서울특별시 서대문구청,2025-01-01
홍은1동8917,서울특별시 서대문구 홍은동9-159,126.9491581,37.5987848,건축물,02-330-1562~3,서울특별시 서대문구청,2025-01-01
홍은1동544,서울특별시 서대문구 홍은동9-162,126.949308,37.5985969,건축물,02-330-1562~3,서울특별시 서대문구청,2025-01-01
홍은1동547,서울특별시 서대문구 홍은동9-164,126.9495354,37.5985359,한전주,02-330-1562~3,서울특별시 서대문구청,2025-01-01
홍은1동9639,서울특별시 서대문구 홍은동9-174,126.9490814,37.5986039,건축물,02-330-1562~3,서울특별시 서대문구청,2025-01-01
홍은1동550,서울특별시 서대문구 홍은동9-187,126.949867,37.5983045,한전주,02-330-1562~3,서울특별시 서대문구청,2025-01-01
홍은1동552-1,서울특별시 서대문구 홍은동9-188,126.9498421,37.5984665,한전주,02-330-1562~3,서울특별시 서대문구청,2025-01-01
홍은1동61,서울특별시 서대문구 홍은동9-197,126.9496337,37.598789,한전주,02-330-1562~3,서울특별시 서대문구청,2025-01-01
홍은1동554,서울특별시 서대문구 홍은동9-206,126.9502834,37.5984885,건축물,02-330-1562~3,서울특별시 서대문구청,2025-01-01
홍은1동657,서울특별시 서대문구 홍은동9-209,126.9502622,37.5983892,한전주,02-330-1562~3,서울특별시 서대문구청,2025-01-01
홍은1동659,서울특별시 서대문구 홍은동9-209,126.9502622,37.5983892,한전주,02-330-1562~3,서울특별시 서대문구청,2025-01-01
홍은1동561,서울특별시 서대문구 홍은동9-213,126.9505684,37.5983558,한전주,02-330-1562~3,서울특별시 서대문구청,2025-01-01
홍은1동581,서울특별시 서대문구 홍은동9-213,126.9505684,37.5983558,한전주,02-330-1562~3,서울특별시 서대문구청,2025-01-01
홍은1동5084,서울특별시 서대문구 홍은동9-228,126.9502203,37.5981455,전용주,02-330-1562~3,서울특별시 서대문구청,2025-01-01
홍은1동582,서울특별시 서대문구 홍은동9-235,126.9504063,37.5978048,건축물,02-330-1562~3,서울특별시 서대문구청,2025-01-01
홍은1동583,서울특별시 서대문구 홍은동9-235,126.9504063,37.5978048,한전주,02-330-1562~3,서울특별시 서대문구청,2025-01-01
홍은1동601,서울특별시 서대문구 홍은동9-236,126.9516403,37.5962119,한전주,02-330-1562~3,서울특별시 서대문구청,2025-01-01
홍은1동602,서울특별시 서대문구 홍은동9-236,126.9516403,37.5962119,한전주,02-330-1562~3,서울특별시 서대문구청,2025-01-01
홍은1동608,서울특별시 서대문구 홍은동9-242,126.9512555,37.5961995,한전주,02-330-1562~3,서울특별시 서대문구청,2025-01-01
홍은1동719,서울특별시 서대문구 홍은동9-249,126.951359,37.5960833,한전주,02-330-1562~3,서울특별시 서대문구청,2025-01-01
홍은1동606,서울특별시 서대문구 홍은동9-250,126.9515169,37.5961297,한전주,02-330-1562~3,서울특별시 서대문구청,2025-01-01
홍은1동605,서울특별시 서대문구 홍은동9-250,126.9515169,37.5961297,한전주,02-330-1562~3,서울특별시 서대문구청,2025-01-01
홍은1동600,서울특별시 서대문구 홍은동9-254,126.9517631,37.5963391,한전주,02-330-1562~3,서울특별시 서대문구청,2025-01-01
홍은1동598,서울특별시 서대문구 홍은동9-258,126.951932,37.5964037,건축물,02-330-1562~3,서울특별시 서대문구청,2025-01-01
홍은1동603,서울특별시 서대문구 홍은동9-259,126.9520451,37.5964137,건축물,02-330-1562~3,서울특별시 서대문구청,2025-01-01
홍은1동311,서울특별시 서대문구 홍은동9-306,126.9488781,37.6009808,한전주,02-330-1562~3,서울특별시 서대문구청,2025-01-01
홍은1동251,서울특별시 서대문구 홍은동9-334,126.94832,37.5995973,한전주,02-330-1562~3,서울특별시 서대문구청,2025-01-01
홍은1동1157,서울특별시 서대문구 홍은동9-360,126.9463971,37.5978321,한전주,02-330-1562~3,서울특별시 서대문구청,2025-01-01
홍은1동696,서울특별시 서대문구 홍은동9-39,126.9494191,37.6011658,건축물,02-330-1562~3,서울특별시 서대문구청,2025-01-01
홍은1동466,서울특별시 서대문구 홍은동9-408,126.9492472,37.6005066,건축물,02-330-1562~3,서울특별시 서대문구청,2025-01-01
홍은1동702,서울특별시 서대문구 홍은동9-411,126.949238,37.6003533,통신주,02-330-1562~3,서울특별시 서대문구청,2025-01-01
홍은1동528,서울특별시 서대문구 홍은동9-428,126.9494857,37.5996527,씨피주,02-330-1562~3,서울특별시 서대문구청,2025-01-01
홍은1동527,서울특별시 서대문구 홍은동9-430,126.9494764,37.5995084,통신주,02-330-1562~3,서울특별시 서대문구청,2025-01-01
홍은1동4027,서울특별시 서대문구 홍은동9-44,126.9491627,37.6008752,한전주,02-330-1562~3,서울특별시 서대문구청,2025-01-01
홍은1동4022-1,서울특별시 서대문구 홍은동9-44,126.9491627,37.6008752,건축물,02-330-1562~3,서울특별시 서대문구청,2025-01-01
홍은1동616,서울특별시 서대문구 홍은동9-467,126.9542713,37.5967488,건축물,02-330-1562~3,서울특별시 서대문구청,2025-01-01
홍은1동579,서울특별시 서대문구 홍은동9-477,126.9506244,37.5975905,한전주,02-330-1562~3,서울특별시 서대문구청,2025-01-01
홍은1동580,서울특별시 서대문구 홍은동9-479,126.950569,37.5975089,건축물,02-330-1562~3,서울특별시 서대문구청,2025-01-01
홍은1동10149,서울특별시 서대문구 홍은동9-479,126.950569,37.5975089,건축물,02-330-1562~3,서울특별시 서대문구청,2025-01-01
홍은1동578,서울특별시 서대문구 홍은동9-484,126.9507193,37.597285,한전주,02-330-1562~3,서울특별시 서대문구청,2025-01-01
홍은1동540,서울특별시 서대문구 홍은동9-487,126.9484121,37.598688,한전주,02-330-1562~3,서울특별시 서대문구청,2025-01-01
홍은1동539,서울특별시 서대문구 홍은동9-489,126.9481172,37.5987215,건축물,02-330-1562~3,서울특별시 서대문구청,2025-01-01
홍은1동62,서울특별시 서대문구 홍은동9-493,126.9487178,37.5986908,통신주,02-330-1562~3,서울특별시 서대문구청,2025-01-01
홍은1동549,서울특별시 서대문구 홍은동9-504,126.9496861,37.5982849,한전주,02-330-1562~3,서울특별시 서대문구청,2025-01-01
홍은1동3021,서울특별시 서대문구 홍은동9-516,126.9501777,37.6035964,한전주,02-330-1562~3,서울특별시 서대문구청,2025-01-01
홍은1동3022,서울특별시 서대문구 홍은동9-516,126.9501777,37.6035964,한전주,02-330-1562~3,서울특별시 서대문구청,2025-01-01
홍은1동3020,서울특별시 서대문구 홍은동9-516,126.9501777,37.6035964,한전주,02-330-1562~3,서울특별시 서대문구청,2025-01-01
홍은1동526,서울특별시 서대문구 홍은동9-520,126.9493327,37.5992549,건축물,02-330-1562~3,서울특별시 서대문구청,2025-01-01
홍은1동3023,서울특별시 서대문구 홍은동9-534,126.9500808,37.6032351,한전주,02-330-1562~3,서울특별시 서대문구청,2025-01-01
홍은1동8902,서울특별시 서대문구 홍은동9-61,126.9490727,37.6000275,전용주,02-330-1562~3,서울특별시 서대문구청,2025-01-01
홍은1동469,서울특별시 서대문구 홍은동9-67,126.9489082,37.5996476,전용주,02-330-1562~3,서울특별시 서대문구청,2025-01-01
홍은1동4069-1,서울특별시 서대문구 홍은동9-67,126.9489082,37.5996476,건축물,02-330-1562~3,서울특별시 서대문구청,2025-01-01
홍제3동473,서울특별시 서대문구 홍은동9-67,126.9489082,37.5996476,건축물,02-330-1562~3,서울특별시 서대문구청,2025-01-01
홍은1동470,서울특별시 서대문구 홍은동9-68,126.9490218,37.5996215,건축물,02-330-1562~3,서울특별시 서대문구청,2025-01-01
홍은1동717,서울특별시 서대문구 홍은동9-69,126.9491016,37.5995862,건축물,02-330-1562~3,서울특별시 서대문구청,2025-01-01
홍은1동604,서울특별시 서대문구 홍은동9-698,126.9538668,37.59652,건축물,02-330-1562~3,서울특별시 서대문구청,2025-01-01
홍은1동587,서울특별시 서대문구 홍은동9-699,126.9504122,37.5973813,한전주,02-330-1562~3,서울특별시 서대문구청,2025-01-01
홍은1동474,서울특별시 서대문구 홍은동9-70,126.9490887,37.5996942,한전주,02-330-1562~3,서울특별시 서대문구청,2025-01-01
홍은1동3021-1,서울특별시 서대문구 홍은동9-709,126.9503946,37.6034721,통신주,02-330-1562~3,서울특별시 서대문구청,2025-01-01
홍은1동701,서울특별시 서대문구 홍은동9-716,126.949104,37.6002169,통신주,02-330-1562~3,서울특별시 서대문구청,2025-01-01
홍은1동475,서울특별시 서대문구 홍은동9-813,126.9493318,37.6001289,건축물,02-330-1562~3,서울특별시 서대문구청,2025-01-01
홍은1동10131,서울특별시 서대문구 홍은동9-92,126.9483489,37.599156,건축물,02-330-1562~3,서울특별시 서대문구청,2025-01-01
홍은1동10173,서울특별시 서대문구 홍은동9-99,126.9482837,37.5989572,통신주,02-330-1562~3,서울특별시 서대문구청,2025-01-01
홍은1동3069,서울특별시 서대문구 홍은동산11-217,126.9347591,37.5928351,전용주,02-330-1562~3,서울특별시 서대문구청,2025-01-01
홍은1동84,서울특별시 서대문구 홍은동산1-587,126.943566,37.6002396,전용주,02-330-1562~3,서울특별시 서대문구청,2025-01-01
홍은1동88,서울특별시 서대문구 홍은동산1-352,126.9436907,37.6010336,전용주,02-330-1562~3,서울특별시 서대문구청,2025-01-01
홍은1동3066,서울특별시 서대문구 홍은동산1-45,126.9522052,37.6003436,전용주,02-330-1562~3,서울특별시 서대문구청,2025-01-01
홍은1동3070-1,서울특별시 서대문구 홍은동산1-45,126.9522052,37.6003436,전용주,02-330-1562~3,서울특별시 서대문구청,2025-01-01
홍은1동569,서울특별시 서대문구 홍은동산1-45,126.9522052,37.6003436,한전주,02-330-1562~3,서울특별시 서대문구청,2025-01-01
홍은1동595,서울특별시 서대문구 홍은동산1-45,126.9522052,37.6003436,건축물,02-330-1562~3,서울특별시 서대문구청,2025-01-01
홍은1동1,서울특별시 서대문구 홍은동산1-461,126.9453905,37.5969401,한전주,02-330-1562~3,서울특별시 서대문구청,2025-01-01
홍은1동577,서울특별시 서대문구 홍은동산1-497,126.9513733,37.597489,한전주,02-330-1562~3,서울특별시 서대문구청,2025-01-01
홍은1동594,서울특별시 서대문구 홍은동산1-498,126.9515224,37.5973552,한전주,02-330-1562~3,서울특별시 서대문구청,2025-01-01
홍은1동619,서울특별시 서대문구 홍은동산1-500,126.9550802,37.5972065,전용주,02-330-1562~3,서울특별시 서대문구청,2025-01-01
홍은1동621,서울특별시 서대문구 홍은동5-17,126.9553505,37.597317,건축물,02-330-1562~3,서울특별시 서대문구청,2025-01-01
홍은1동89,서울특별시 서대문구 홍은동산1-508,126.9439561,37.5998827,전용주,02-330-1562~3,서울특별시 서대문구청,2025-01-01
홍은1동91,서울특별시 서대문구 홍은동산1-508,126.9439561,37.5998827,전용주,02-330-1562~3,서울특별시 서대문구청,2025-01-01
홍은1동82,서울특별시 서대문구 홍은동산1-508,126.9439561,37.5998827,건축물,02-330-1562~3,서울특별시 서대문구청,2025-01-01
홍은1동79,서울특별시 서대문구 홍은동산1-508,126.9439561,37.5998827,한전주,02-330-1562~3,서울특별시 서대문구청,2025-01-01
홍은1동1099,서울특별시 서대문구 홍은동산1-546,126.9425131,37.5954187,한전주,02-330-1562~3,서울특별시 서대문구청,2025-01-01
홍은1동497,서울특별시 서대문구 홍은동산1-81,126.95167,37.5997442,건축물,02-330-1562~3,서울특별시 서대문구청,2025-01-01
홍은1동86,서울특별시 서대문구 홍은동산1-85,126.9423742,37.6028329,전용주,02-330-1562~3,서울특별시 서대문구청,2025-01-01
홍은1동87,서울특별시 서대문구 홍은동산1-91,126.9432206,37.600642,전용주,02-330-1562~3,서울특별시 서대문구청,2025-01-01
홍은1동10131-1,서울특별시 서대문구 홍은동산1-98,126.9516465,37.5989961,건축물,02-330-1562~3,서울특별시 서대문구청,2025-01-01
홍은1동508,서울특별시 서대문구 홍은동산1-98,126.9516465,37.5989961,한전주,02-330-1562~3,서울특별시 서대문구청,2025-01-01
홍은1동645-1,서울특별시 서대문구 홍은동산4,126.9447123,37.5992587,한전주,02-330-1562~3,서울특별시 서대문구청,2025-01-01
홍은1동646,서울특별시 서대문구 홍은동산4,126.9447123,37.5992587,한전주,02-330-1562~3,서울특별시 서대문구청,2025-01-01
홍은1동1-7-1,서울특별시 서대문구 홍은동산4,126.9447123,37.5992587,전용주,02-330-1562~3,서울특별시 서대문구청,2025-01-01
홍은1동1-6,서울특별시 서대문구 홍은동산1-45,126.9522052,37.6003436,건축물,02-330-1562~3,서울특별시 서대문구청,2025-01-01
홍은1동6546,서울특별시 서대문구 홍은동1-3,126.9561793,37.598784,통신주,02-330-1562~3,서울특별시 서대문구청,2025-01-01
홍은1동9468,서울특별시 서대문구 홍은동287-198,126.9313883,37.5799108,전용주,02-330-1562~3,서울특별시 서대문구청,2025-01-01
홍은1동9467,서울특별시 서대문구 홍은동287-198,126.9313883,37.5799108,전용주,02-330-1562~3,서울특별시 서대문구청,2025-01-01
홍은1동9466,서울특별시 서대문구 홍은동287-198,126.9313883,37.5799108,전용주,02-330-1562~3,서울특별시 서대문구청,2025-01-01
홍은1동613,서울특별시 서대문구 홍은동6,126.9545334,37.596634,한전주,02-330-1562~3,서울특별시 서대문구청,2025-01-01
홍은1동189,서울특별시 서대문구 홍은동11-205,126.9458029,37.60062,한전주,02-330-1562~3,서울특별시 서대문구청,2025-01-01
홍은1동4041,서울특별시 서대문구 홍은동11-36,126.9485851,37.601681,건축물,02-330-1562~3,서울특별시 서대문구청,2025-01-01
홍은1동4094,서울특별시 서대문구 홍은동11-83,126.948762,37.601187,한전주,02-330-1562~3,서울특별시 서대문구청,2025-01-01
홍은1동627,서울특별시 서대문구 홍은동5-52,126.9549887,37.5964669,통신주,02-330-1562~3,서울특별시 서대문구청,2025-01-01
홍은1동3050,서울특별시 서대문구 홍은동8-166,126.9499615,37.6020537,건축물,02-330-1562~3,서울특별시 서대문구청,2025-01-01
홍은1동4020,서울특별시 서대문구 홍은동8-35,126.949065,37.6037937,건축물,02-330-1562~3,서울특별시 서대문구청,2025-01-01
홍은1동503,서울특별시 서대문구 홍은동8-390,126.951292,37.5992453,건축물,02-330-1562~3,서울특별시 서대문구청,2025-01-01
홍은1동574,서울특별시 서대문구 홍은동8-469,126.9512705,37.5975511,건축물,02-330-1562~3,서울특별시 서대문구청,2025-01-01
홍은1동588,서울특별시 서대문구 홍은동8-508,126.9512148,37.5966767,건축물,02-330-1562~3,서울특별시 서대문구청,2025-01-01
홍은1동507,서울특별시 서대문구 홍은동8-673,126.95152,37.5991392,건축물,02-330-1562~3,서울특별시 서대문구청,2025-01-01
홍은1동548,서울특별시 서대문구 홍은동9-184,126.9493444,37.598426,건축물,02-330-1562~3,서울특별시 서대문구청,2025-01-01
홍은1동467,서울특별시 서대문구 홍은동9-55,126.9492179,37.6001729,건축물,02-330-1562~3,서울특별시 서대문구청,2025-01-01
홍은1동468,서울특별시 서대문구 홍은동9-61,126.9490727,37.6000275,건축물,02-330-1562~3,서울특별시 서대문구청,2025-01-01
홍은1동471,서울특별시 서대문구 홍은동9-84,126.9486843,37.5994654,통신주,02-330-1562~3,서울특별시 서대문구청,2025-01-01
홍은1동9616,서울특별시 서대문구 홍은동산1-98,126.9516465,37.5989961,건축물,02-330-1562~3,서울특별시 서대문구청,2025-01-01
홍은1동2-1,서울특별시 서대문구 홍은동455,126.9450302,37.5951889,한전주,02-330-1562~3,서울특별시 서대문구청,2025-01-01
홍은1동38-1,서울특별시 서대문구 홍은동22-3,126.945354,37.59712,전용주,02-330-1562~3,서울특별시 서대문구청,2025-01-01
홍은1동670,서울특별시 서대문구 홍은동463,126.9440248,37.5990273,한전주,02-330-1562~3,서울특별시 서대문구청,2025-01-01
홍은1동18,서울특별시 서대문구 홍은동8-303,126.9502563,37.6004164,한전주,02-330-1562~3,서울특별시 서대문구청,2025-01-01
홍은1동12,서울특별시 서대문구 홍은동8-330,126.9499924,37.5998554,건축물,02-330-1562~3,서울특별시 서대문구청,2025-01-01
홍은1동1-6,서울특별시 서대문구 홍은동산1-45,126.9522052,37.6003436,건축물,02-330-1562~3,서울특별시 서대문구청,2025-01-01
홍은1동19,서울특별시 서대문구 홍은동9-86,126.94864,37.5993929,건축물,02-330-1562~3,서울특별시 서대문구청,2025-01-01
홍은1동3292,서울특별시 서대문구 홍은동8-589,126.9496649,37.6006004,한전주,02-330-1562~3,서울특별시 서대문구청,2025-01-01
홍은1동613,서울특별시 서대문구 홍은동6-3,126.9548622,37.5966009,한전주,02-330-1562~3,서울특별시 서대문구청,2025-01-01
홍은1동51,서울특별시 서대문구 홍은동463,126.9440248,37.5990273,한전주,02-330-1562~3,서울특별시 서대문구청,2025-01-01
홍은1동4030,서울특별시 서대문구 홍은동8-91,126.9489487,37.6024051,한전주,02-330-1562~3,서울특별시 서대문구청,2025-01-01
홍은1동659-1,서울특별시 서대문구 홍은동8-483,126.9516789,37.5966898,한전주,02-330-1562~3,서울특별시 서대문구청,2025-01-01
홍은1동3025,서울특별시 서대문구 홍은동9-442,126.949869,37.6029989,건축물,02-330-1562~3,서울특별시 서대문구청,2025-01-01
홍은1동3011,서울특별시 서대문구 홍은동8-834,126.9510645,37.6057667,건축물,02-330-1562~3,서울특별시 서대문구청,2025-01-01
홍은1동3008,서울특별시 서대문구 홍은동8-828,126.9504893,37.6055994,건축물,02-330-1562~3,서울특별시 서대문구청,2025-01-01
홍은1동9462,서울특별시 서대문구 홍은동9-497,126.9477654,37.5987724,전용주,02-330-1562~3,서울특별시 서대문구청,2025-01-01
홍은1동9463,서울특별시 서대문구 홍은동9-497,126.9477654,37.5987724,전용주,02-330-1562~3,서울특별시 서대문구청,2025-01-01
홍은1동16,서울특별시 서대문구 홍은동40-2,126.9447692,37.5936278,전용주,02-330-1562~3,서울특별시 서대문구청,2025-01-01
홍은1동17,서울특별시 서대문구 홍은동10-6,126.9475042,37.6028427,한전주,02-330-1562~3,서울특별시 서대문구청,2025-01-01
홍은1동7052,서울특별시 서대문구 홍은동48-69,126.9463207,37.5944165,건축물,02-330-1562~3,서울특별시 서대문구청,2025-01-01
홍은1동4055,서울특별시 서대문구 홍은동10-184,126.947496,37.6026264,전용주,02-330-1562~3,서울특별시 서대문구청,2025-01-01
홍은2동10078,서울특별시 서대문구 홍은동182,126.9353877,37.5924263,건축물,02-330-1562~3,서울특별시 서대문구청,2025-01-01
홍은2동132,서울특별시 서대문구 홍은동182,126.9353877,37.5924263,한전주,02-330-1562~3,서울특별시 서대문구청,2025-01-01
홍은2동118,서울특별시 서대문구 홍은동191,126.9340058,37.5932517,한전주,02-330-1562~3,서울특별시 서대문구청,2025-01-01
홍은2동135,서울특별시 서대문구 홍은동192-5,126.9346811,37.5919513,한전주,02-330-1562~3,서울특별시 서대문구청,2025-01-01
홍은2동525,서울특별시 서대문구 홍은동210,126.9349257,37.591476,통신주,02-330-1562~3,서울특별시 서대문구청,2025-01-01
홍은2동1-8,서울특별시 서대문구 홍은동281,126.9327274,37.5804816,전용주,02-330-1562~3,서울특별시 서대문구청,2025-01-01
홍은2동480,서울특별시 서대문구 홍은동305,126.9308863,37.5817624,건축물,02-330-1562~3,서울특별시 서대문구청,2025-01-01
홍은2동482,서울특별시 서대문구 홍은동305,126.9308863,37.5817624,한전주,02-330-1562~3,서울특별시 서대문구청,2025-01-01
홍은2동665,서울특별시 서대문구 홍은동305,126.9308863,37.5817624,한전주,02-330-1562~3,서울특별시 서대문구청,2025-01-01
홍은2동666,서울특별시 서대문구 홍은동305,126.9308863,37.5817624,한전주,02-330-1562~3,서울특별시 서대문구청,2025-01-01
홍은2동10143,서울특별시 서대문구 홍은동305,126.9308863,37.5817624,한전주,02-330-1562~3,서울특별시 서대문구청,2025-01-01
홍은2동1-7,서울특별시 서대문구 홍은동305,126.9308863,37.5817624,전용주,02-330-1562~3,서울특별시 서대문구청,2025-01-01
홍은2동1-8-1,서울특별시 서대문구 홍은동305,126.9308863,37.5817624,전용주,02-330-1562~3,서울특별시 서대문구청,2025-01-01
홍은2동710,서울특별시 서대문구 홍은동309,126.9293436,37.5835505,한전주,02-330-1562~3,서울특별시 서대문구청,2025-01-01
홍은2동660,서울특별시 서대문구 홍은동312,126.9293344,37.5841902,전용주,02-330-1562~3,서울특별시 서대문구청,2025-01-01
홍은2동636,서울특별시 서대문구 홍은동312,126.9293344,37.5841902,전용주,02-330-1562~3,서울특별시 서대문구청,2025-01-01
홍은2동888,서울특별시 서대문구 홍은동312,126.9293344,37.5841902,한전주,02-330-1562~3,서울특별시 서대문구청,2025-01-01
홍은2동9321,서울특별시 서대문구 홍은동312,126.9293344,37.5841902,한전주,02-330-1562~3,서울특별시 서대문구청,2025-01-01
홍은2동1312,서울특별시 서대문구 홍은동313,126.9289681,37.5844752,전용주,02-330-1562~3,서울특별시 서대문구청,2025-01-01
홍은2동470,서울특별시 서대문구 홍은동313,126.9289681,37.5844752,한전주,02-330-1562~3,서울특별시 서대문구청,2025-01-01
홍은2동468,서울특별시 서대문구 홍은동315,126.9287235,37.5849505,한전주,02-330-1562~3,서울특별시 서대문구청,2025-01-01
홍은2동399,서울특별시 서대문구 홍은동328,126.9261984,37.5857565,한전주,02-330-1562~3,서울특별시 서대문구청,2025-01-01
홍은2동455,서울특별시 서대문구 홍은동328,126.9261984,37.5857565,통신주,02-330-1562~3,서울특별시 서대문구청,2025-01-01
홍은2동404,서울특별시 서대문구 홍은동328,126.9261984,37.5857565,전용주,02-330-1562~3,서울특별시 서대문구청,2025-01-01
홍은2동816,서울특별시 서대문구 홍은동330,126.9270617,37.58635,전용주,02-330-1562~3,서울특별시 서대문구청,2025-01-01
홍은2동457,서울특별시 서대문구 홍은동331,126.9264988,37.5861196,한전주,02-330-1562~3,서울특별시 서대문구청,2025-01-01
홍은2동412,서울특별시 서대문구 홍은동336,126.9257448,37.5865903,건축물,02-330-1562~3,서울특별시 서대문구청,2025-01-01
홍은2동917,서울특별시 서대문구 홍은동355,126.924673,37.5831747,건축물,02-330-1562~3,서울특별시 서대문구청,2025-01-01
홍은2동704,서울특별시 서대문구 홍은동375,126.9265455,37.5828673,한전주,02-330-1562~3,서울특별시 서대문구청,2025-01-01
홍은2동348,서울특별시 서대문구 홍은동395,126.9305764,37.5788943,한전주,02-330-1562~3,서울특별시 서대문구청,2025-01-01
홍은2동499,서울특별시 서대문구 홍은동417,126.9286735,37.5789582,한전주,02-330-1562~3,서울특별시 서대문구청,2025-01-01
홍은2동701,서울특별시 서대문구 홍은동428,126.936971,37.5822138,건축물,02-330-1562~3,서울특별시 서대문구청,2025-01-01
홍은2동882,서울특별시 서대문구 홍은동428,126.936971,37.5822138,한전주,02-330-1562~3,서울특별시 서대문구청,2025-01-01
홍은2동685,서울특별시 서대문구 홍은동428,126.936971,37.5822138,교각하부,02-330-1562~3,서울특별시 서대문구청,2025-01-01
홍은2동9449,서울특별시 서대문구 홍은동429,126.9370187,37.5812502,건축물,02-330-1562~3,서울특별시 서대문구청,2025-01-01
홍은2동9450,서울특별시 서대문구 홍은동429,126.9370187,37.5812502,건축물,02-330-1562~3,서울특별시 서대문구청,2025-01-01
홍은2동799,서울특별시 서대문구 홍은동456,126.9314799,37.5790467,전용주,02-330-1562~3,서울특별시 서대문구청,2025-01-01
홍은2동458,서울특별시 서대문구 홍은동458,126.9326856,37.5953032,한전주,02-330-1562~3,서울특별시 서대문구청,2025-01-01
홍은2동747,서울특별시 서대문구 홍은동458,126.9326856,37.5953032,한전주,02-330-1562~3,서울특별시 서대문구청,2025-01-01
홍은2동627,서울특별시 서대문구 홍은동458,126.9326856,37.5953032,건축물,02-330-1562~3,서울특별시 서대문구청,2025-01-01
홍은2동6027,서울특별시 서대문구 홍은동458,126.9326856,37.5953032,한전주,02-330-1562~3,서울특별시 서대문구청,2025-01-01
홍은2동412-1,서울특별시 서대문구 홍은동466,126.933574,37.5909772,건축물,02-330-1562~3,서울특별시 서대문구청,2025-01-01
홍은2동53,서울특별시 서대문구 홍은동93-3,126.9408756,37.591908,건축물,02-330-1562~3,서울특별시 서대문구청,2025-01-01
홍은2동52,서울특별시 서대문구 홍은동17-5,126.9450007,37.5988829,한전주,02-330-1562~3,서울특별시 서대문구청,2025-01-01
홍은2동3059,서울특별시 서대문구 홍은동9-18,126.9504434,37.6016074,한전주,02-330-1562~3,서울특별시 서대문구청,2025-01-01
홍은2동153,서울특별시 서대문구 홍은동19-11,126.9457081,37.5985107,한전주,02-330-1562~3,서울특별시 서대문구청,2025-01-01
홍은1동4046,서울특별시 서대문구 홍은동10-27,126.9484989,37.6021758,건축물,02-330-1562~3,서울특별시 서대문구청,2025-01-01
홍은2동4060,서울특별시 서대문구 홍은동10-196,126.9474928,37.6020497,건축물,02-330-1562~3,서울특별시 서대문구청,2025-01-01
홍은2동1145,서울특별시 서대문구 홍은동103-18,126.9405664,37.5937523,건축물,02-330-1562~3,서울특별시 서대문구청,2025-01-01
홍은2동46,서울특별시 서대문구 홍은동103-8,126.9404081,37.5937329,건축물,02-330-1562~3,서울특별시 서대문구청,2025-01-01
홍은2동44,서울특별시 서대문구 홍은동104-19,126.940039,37.5942071,건축물,02-330-1562~3,서울특별시 서대문구청,2025-01-01
홍은2동9019,서울특별시 서대문구 홍은동104-19,126.940039,37.5942071,건축물,02-330-1562~3,서울특별시 서대문구청,2025-01-01
홍은2동4090,서울특별시 서대문구 홍은동10-980,126.9477313,37.6019978,건축물,02-330-1562~3,서울특별시 서대문구청,2025-01-01
홍은2동691,서울특별시 서대문구 홍은동11-102,126.9482061,37.6004522,한전주,02-330-1562~3,서울특별시 서대문구청,2025-01-01
홍은2동4089,서울특별시 서대문구 홍은동11-141,126.9474076,37.6016615,건축물,02-330-1562~3,서울특별시 서대문구청,2025-01-01
홍은2동190,서울특별시 서대문구 홍은동265-115,126.932756,37.5864106,건축물,02-330-1562~3,서울특별시 서대문구청,2025-01-01
홍은2동214,서울특별시 서대문구 홍은동11-212,126.9461931,37.6002541,한전주,02-330-1562~3,서울특별시 서대문구청,2025-01-01
홍은2동221,서울특별시 서대문구 홍은동11-287,126.9467664,37.5997546,건축물,02-330-1562~3,서울특별시 서대문구청,2025-01-01
홍은2동2014,서울특별시 서대문구 홍은동11-306,126.9462625,37.6001466,건축물,02-330-1562~3,서울특별시 서대문구청,2025-01-01
홍은2동726,서울특별시 서대문구 홍은동11-408,126.9481005,37.5999107,건축물,02-330-1562~3,서울특별시 서대문구청,2025-01-01
홍은2동180,서울특별시 서대문구 홍은동11-440,126.9471092,37.5995324,한전주,02-330-1562~3,서울특별시 서대문구청,2025-01-01
홍은2동210,서울특별시 서대문구 홍은동265-186,126.9315585,37.5878054,건축물,02-330-1562~3,서울특별시 서대문구청,2025-01-01
홍은1동4044,서울특별시 서대문구 홍은동11-492,126.9483007,37.6017776,건축물,02-330-1562~3,서울특별시 서대문구청,2025-01-01
홍은2동4095,서울특별시 서대문구 홍은동11-83,126.948762,37.601187,한전주,02-330-1562~3,서울특별시 서대문구청,2025-01-01
홍은2동114,서울특별시 서대문구 홍은동13-45,126.9447653,37.6003134,한전주,02-330-1562~3,서울특별시 서대문구청,2025-01-01
홍은2동45,서울특별시 서대문구 홍은동137-6,126.9406095,37.5939059,건축물,02-330-1562~3,서울특별시 서대문구청,2025-01-01
홍은2동117,서울특별시 서대문구 홍은동14-13,126.9450482,37.6003339,한전주,02-330-1562~3,서울특별시 서대문구청,2025-01-01
홍은2동675,서울특별시 서대문구 홍은동14-31,126.9445889,37.6007803,건축물,02-330-1562~3,서울특별시 서대문구청,2025-01-01
홍은2동113,서울특별시 서대문구 홍은동14-46,126.9447035,37.6006823,한전주,02-330-1562~3,서울특별시 서대문구청,2025-01-01
홍은2동1290,서울특별시 서대문구 홍은동150-13,126.9410736,37.5971087,건축물,02-330-1562~3,서울특별시 서대문구청,2025-01-01
홍은2동36,서울특별시 서대문구 홍은동162-20,126.9394313,37.59713,건축물,02-330-1562~3,서울특별시 서대문구청,2025-01-01
홍은2동6020,서울특별시 서대문구 홍은동171-1,126.9393899,37.5952645,건축물,02-330-1562~3,서울특별시 서대문구청,2025-01-01
홍은2동1-15,서울특별시 서대문구 홍은동171-32,126.9392996,37.5952457,건축물,02-330-1562~3,서울특별시 서대문구청,2025-01-01
홍은2동31,서울특별시 서대문구 홍은동171-46,126.9394929,37.5951843,한전주,02-330-1562~3,서울특별시 서대문구청,2025-01-01
홍은2동51,서울특별시 서대문구 홍은동17-15,126.9443759,37.5990214,한전주,02-330-1562~3,서울특별시 서대문구청,2025-01-01
홍은2동53-1,서울특별시 서대문구 홍은동17-29,126.9445477,37.5988878,한전주,02-330-1562~3,서울특별시 서대문구청,2025-01-01
홍은2동25,서울특별시 서대문구 홍은동173-13,126.9386542,37.5960328,건축물,02-330-1562~3,서울특별시 서대문구청,2025-01-01
홍은2동24,서울특별시 서대문구 홍은동173-13,126.9386542,37.5960328,건축물,02-330-1562~3,서울특별시 서대문구청,2025-01-01
홍은2동104,서울특별시 서대문구 홍은동186-1,126.9351681,37.5935325,한전주,02-330-1562~3,서울특별시 서대문구청,2025-01-01
홍은2동824,서울특별시 서대문구 홍은동186-22,126.9345182,37.594644,건축물,02-330-1562~3,서울특별시 서대문구청,2025-01-01
홍은2동825,서울특별시 서대문구 홍은동186-22,126.9345182,37.594644,건축물,02-330-1562~3,서울특별시 서대문구청,2025-01-01
홍은2동107,서울특별시 서대문구 홍은동186-25,126.9344969,37.5953376,한전주,02-330-1562~3,서울특별시 서대문구청,2025-01-01
홍은2동106,서울특별시 서대문구 홍은동186-25,126.9344969,37.5953376,건축물,02-330-1562~3,서울특별시 서대문구청,2025-01-01
홍은2동9673,서울특별시 서대문구 홍은동186-25,126.9344969,37.5953376,한전주,02-330-1562~3,서울특별시 서대문구청,2025-01-01
홍은2동90,서울특별시 서대문구 홍은동186-25,126.9344969,37.5953376,한전주,02-330-1562~3,서울특별시 서대문구청,2025-01-01
홍은2동73,서울특별시 서대문구 홍은동188-10,126.9333655,37.5952733,건축물,02-330-1562~3,서울특별시 서대문구청,2025-01-01
홍은2동885,서울특별시 서대문구 홍은동188-100,126.9338121,37.5949259,건축물,02-330-1562~3,서울특별시 서대문구청,2025-01-01
홍은2동74,서울특별시 서대문구 홍은동188-11,126.9333109,37.5951286,한전주,02-330-1562~3,서울특별시 서대문구청,2025-01-01
홍은2동75,서울특별시 서대문구 홍은동188-13,126.9331677,37.594848,한전주,02-330-1562~3,서울특별시 서대문구청,2025-01-01
홍은2동749,서울특별시 서대문구 홍은동188-29,126.9331268,37.5953342,한전주,02-330-1562~3,서울특별시 서대문구청,2025-01-01
홍은2동748,서울특별시 서대문구 홍은동188-29,126.9331268,37.5953342,한전주,02-330-1562~3,서울특별시 서대문구청,2025-01-01
홍은2동70,서울특별시 서대문구 홍은동188-29,126.9331268,37.5953342,건축물,02-330-1562~3,서울특별시 서대문구청,2025-01-01
홍은2동72,서울특별시 서대문구 홍은동188-9,126.9334657,37.5953913,한전주,02-330-1562~3,서울특별시 서대문구청,2025-01-01
홍은2동105,서울특별시 서대문구 홍은동189-15,126.9342162,37.5943799,한전주,02-330-1562~3,서울특별시 서대문구청,2025-01-01
홍은2동77,서울특별시 서대문구 홍은동189-16,126.9341503,37.5942352,한전주,02-330-1562~3,서울특별시 서대문구청,2025-01-01
홍은2동109,서울특별시 서대문구 홍은동189-2,126.9338405,37.5945207,한전주,02-330-1562~3,서울특별시 서대문구청,2025-01-01
홍은2동832,서울특별시 서대문구 홍은동189-2,126.9338405,37.5945207,건축물,02-330-1562~3,서울특별시 서대문구청,2025-01-01
홍은2동78,서울특별시 서대문구 홍은동189-22,126.933292,37.5940742,한전주,02-330-1562~3,서울특별시 서대문구청,2025-01-01
홍은2동10097,서울특별시 서대문구 홍은동189-28,126.9344283,37.5937962,한전주,02-330-1562~3,서울특별시 서대문구청,2025-01-01
홍은2동10162,서울특별시 서대문구 홍은동189-33,126.9341107,37.5946313,한전주,02-330-1562~3,서울특별시 서대문구청,2025-01-01
홍은2동103,서울특별시 서대문구 홍은동189-39,126.9333235,37.5942457,한전주,02-330-1562~3,서울특별시 서대문구청,2025-01-01
홍은2동100,서울특별시 서대문구 홍은동189-7,126.9337881,37.5942229,한전주,02-330-1562~3,서울특별시 서대문구청,2025-01-01
홍은2동831,서울특별시 서대문구 홍은동189-8,126.9335349,37.5945089,건축물,02-330-1562~3,서울특별시 서대문구청,2025-01-01
홍은2동102,서울특별시 서대문구 홍은동190-10,126.9342838,37.5936057,한전주,02-330-1562~3,서울특별시 서대문구청,2025-01-01
홍은2동97,서울특별시 서대문구 홍은동190-12,126.9339679,37.5935307,한전주,02-330-1562~3,서울특별시 서대문구청,2025-01-01
홍은2동98,서울특별시 서대문구 홍은동190-13,126.9339545,37.5936748,한전주,02-330-1562~3,서울특별시 서대문구청,2025-01-01
홍은2동866,서울특별시 서대문구 홍은동190-18,126.9335604,37.593518,전용주,02-330-1562~3,서울특별시 서대문구청,2025-01-01
홍은2동862,서울특별시 서대문구 홍은동190-19,126.9337306,37.5934925,전용주,02-330-1562~3,서울특별시 서대문구청,2025-01-01
홍은2동713,서울특별시 서대문구 홍은동190-24,126.9343569,37.5932459,한전주,02-330-1562~3,서울특별시 서대문구청,2025-01-01
홍은2동113-1,서울특별시 서대문구 홍은동190-26,126.9342919,37.5930381,건축물,02-330-1562~3,서울특별시 서대문구청,2025-01-01
홍은2동112,서울특별시 서대문구 홍은동190-27,126.9340335,37.5929006,건축물,02-330-1562~3,서울특별시 서대문구청,2025-01-01
홍은2동162,서울특별시 서대문구 홍은동190-30,126.9340358,37.5927384,전용주,02-330-1562~3,서울특별시 서대문구청,2025-01-01
홍은2동115,서울특별시 서대문구 홍은동190-33,126.9341023,37.5928381,건축물,02-330-1562~3,서울특별시 서대문구청,2025-01-01
홍은2동10098,서울특별시 서대문구 홍은동190-53,126.934556,37.5935811,한전주,02-330-1562~3,서울특별시 서대문구청,2025-01-01
홍은2동110,서울특별시 서대문구 홍은동190-54,126.9339515,37.5930891,한전주,02-330-1562~3,서울특별시 서대문구청,2025-01-01
홍은2동101,서울특별시 서대문구 홍은동190-9,126.9341803,37.5937219,한전주,02-330-1562~3,서울특별시 서대문구청,2025-01-01
홍은2동80,서울특별시 서대문구 홍은동191-105,126.9326264,37.593897,한전주,02-330-1562~3,서울특별시 서대문구청,2025-01-01
홍은2동111,서울특별시 서대문구 홍은동191-11,126.9336142,37.5929238,건축물,02-330-1562~3,서울특별시 서대문구청,2025-01-01
홍은2동1-11,서울특별시 서대문구 홍은동191-12,126.933595,37.5926804,통신주,02-330-1562~3,서울특별시 서대문구청,2025-01-01
홍은2동130,서울특별시 서대문구 홍은동191-13,126.9338014,37.592502,한전주,02-330-1562~3,서울특별시 서대문구청,2025-01-01
홍은2동84,서울특별시 서대문구 홍은동191-133,126.9321473,37.594145,건축물,02-330-1562~3,서울특별시 서대문구청,2025-01-01
홍은2동83,서울특별시 서대문구 홍은동191-139,126.9318846,37.5935119,한전주,02-330-1562~3,서울특별시 서대문구청,2025-01-01
홍은2동148-1,서울특별시 서대문구 홍은동191-14,126.9342495,37.5928395,전용주,02-330-1562~3,서울특별시 서대문구청,2025-01-01
홍은2동818,서울특별시 서대문구 홍은동191-149,126.93315,37.5929196,전용주,02-330-1562~3,서울특별시 서대문구청,2025-01-01
홍은2동817,서울특별시 서대문구 홍은동191-149,126.93315,37.5929196,전용주,02-330-1562~3,서울특별시 서대문구청,2025-01-01
홍은2동95,서울특별시 서대문구 홍은동191-149,126.93315,37.5929196,건축물,02-330-1562~3,서울특별시 서대문구청,2025-01-01
홍은2동91,서울특별시 서대문구 홍은동191-153,126.9329985,37.5932156,건축물,02-330-1562~3,서울특별시 서대문구청,2025-01-01
홍은2동10115,서울특별시 서대문구 홍은동191-17,126.9345854,37.5923109,건축물,02-330-1562~3,서울특별시 서대문구청,2025-01-01
홍은2동93,서울특별시 서대문구 홍은동191-199,126.9347434,37.5923484,한전주,02-330-1562~3,서울특별시 서대문구청,2025-01-01
홍은2동133,서울특별시 서대문구 홍은동191-199,126.9347434,37.5923484,한전주,02-330-1562~3,서울특별시 서대문구청,2025-01-01
홍은2동129,서울특별시 서대문구 홍은동191-21,126.933744,37.5925556,한전주,02-330-1562~3,서울특별시 서대문구청,2025-01-01
홍은2동9481,서울특별시 서대문구 홍은동191-219,126.9334582,37.5927422,전용주,02-330-1562~3,서울특별시 서대문구청,2025-01-01
홍은2동95-1,서울특별시 서대문구 홍은동191-22,126.9334432,37.5930034,통신주,02-330-1562~3,서울특별시 서대문구청,2025-01-01
홍은2동839,서울특별시 서대문구 홍은동191-222,126.9342221,37.5923797,한전주,02-330-1562~3,서울특별시 서대문구청,2025-01-01
홍은2동9604,서울특별시 서대문구 홍은동191-28,126.9332341,37.5933709,전용주,02-330-1562~3,서울특별시 서대문구청,2025-01-01
홍은2동1-4,서울특별시 서대문구 홍은동191-32,126.9346453,37.5920772,건축물,02-330-1562~3,서울특별시 서대문구청,2025-01-01
홍은2동131,서울특별시 서대문구 홍은동191-41,126.9343788,37.5925073,한전주,02-330-1562~3,서울특별시 서대문구청,2025-01-01
홍은2동92,서울특별시 서대문구 홍은동191-45,126.9331563,37.5932711,건축물,02-330-1562~3,서울특별시 서대문구청,2025-01-01
홍은2동115-1,서울특별시 서대문구 홍은동191-46,126.933961,37.5924224,한전주,02-330-1562~3,서울특별시 서대문구청,2025-01-01
홍은2동94,서울특별시 서대문구 홍은동191-48,126.9333343,37.593489,전용주,02-330-1562~3,서울특별시 서대문구청,2025-01-01
홍은2동526,서울특별시 서대문구 홍은동191-59,126.933089,37.5940183,통신주,02-330-1562~3,서울특별시 서대문구청,2025-01-01
홍은2동79,서울특별시 서대문구 홍은동191-61,126.9329649,37.5939812,한전주,02-330-1562~3,서울특별시 서대문구청,2025-01-01
홍은2동780,서울특별시 서대문구 홍은동191-65,126.9326567,37.5941586,한전주,02-330-1562~3,서울특별시 서대문구청,2025-01-01
홍은2동744,서울특별시 서대문구 홍은동191-68,126.9324996,37.5940581,한전주,02-330-1562~3,서울특별시 서대문구청,2025-01-01
홍은2동81,서울특별시 서대문구 홍은동191-73,126.9323357,37.5936421,한전주,02-330-1562~3,서울특별시 서대문구청,2025-01-01
홍은2동87,서울특별시 서대문구 홍은동191-80,126.9321247,37.5933519,한전주,02-330-1562~3,서울특별시 서대문구청,2025-01-01
홍은2동91-1,서울특별시 서대문구 홍은동191-81,126.9325669,37.5933108,건축물,02-330-1562~3,서울특별시 서대문구청,2025-01-01
홍은2동85,서울특별시 서대문구 홍은동191-86,126.9328656,37.5938001,한전주,02-330-1562~3,서울특별시 서대문구청,2025-01-01
홍은2동86,서울특별시 서대문구 홍은동191-88,126.9326985,37.5936093,한전주,02-330-1562~3,서울특별시 서대문구청,2025-01-01
홍은2동6086,서울특별시 서대문구 홍은동191-88,126.9326985,37.5936093,한전주,02-330-1562~3,서울특별시 서대문구청,2025-01-01
홍은2동9003,서울특별시 서대문구 홍은동191-89,126.9326318,37.5935186,건축물,02-330-1562~3,서울특별시 서대문구청,2025-01-01
홍은2동89,서울특별시 서대문구 홍은동191-98,126.93305,37.5935765,전용주,02-330-1562~3,서울특별시 서대문구청,2025-01-01
홍은2동134,서울특별시 서대문구 홍은동192-10,126.9347835,37.5919162,건축물,02-330-1562~3,서울특별시 서대문구청,2025-01-01
홍은2동116,서울특별시 서대문구 홍은동192-3,126.9341462,37.5921447,한전주,02-330-1562~3,서울특별시 서대문구청,2025-01-01
홍은2동136,서울특별시 서대문구 홍은동192-5,126.9346811,37.5919513,통신주,02-330-1562~3,서울특별시 서대문구청,2025-01-01
홍은2동1-3,서울특별시 서대문구 홍은동192-9,126.9347582,37.5921052,건축물,02-330-1562~3,서울특별시 서대문구청,2025-01-01
홍은2동731,서울특별시 서대문구 홍은동19-29,126.9456469,37.5980327,건축물,02-330-1562~3,서울특별시 서대문구청,2025-01-01
홍은2동127,서울특별시 서대문구 홍은동193-9,126.9337967,37.5920335,한전주,02-330-1562~3,서울특별시 서대문구청,2025-01-01
홍은2동1313,서울특별시 서대문구 홍은동197-18,126.9333145,37.5917047,통신주,02-330-1562~3,서울특별시 서대문구청,2025-01-01
홍은2동122,서울특별시 서대문구 홍은동195-18,126.9332831,37.5923172,한전주,02-330-1562~3,서울특별시 서대문구청,2025-01-01
홍은2동670,서울특별시 서대문구 홍은동195-35,126.9327815,37.5925559,건축물,02-330-1562~3,서울특별시 서대문구청,2025-01-01
홍은2동120,서울특별시 서대문구 홍은동195-35,126.9327815,37.5925559,통신주,02-330-1562~3,서울특별시 서대문구청,2025-01-01
홍은2동718,서울특별시 서대문구 홍은동195-48,126.9329225,37.5921968,건축물,02-330-1562~3,서울특별시 서대문구청,2025-01-01
홍은2동719,서울특별시 서대문구 홍은동195-48,126.9329225,37.5921968,건축물,02-330-1562~3,서울특별시 서대문구청,2025-01-01
홍은2동693,서울특별시 서대문구 홍은동195-8,126.9325218,37.5924995,건축물,02-330-1562~3,서울특별시 서대문구청,2025-01-01
홍은2동124,서울특별시 서대문구 홍은동196-12,126.9334138,37.5918858,한전주,02-330-1562~3,서울특별시 서대문구청,2025-01-01
홍은2동128,서울특별시 서대문구 홍은동196-16,126.9333218,37.5919841,한전주,02-330-1562~3,서울특별시 서대문구청,2025-01-01
홍은2동139,서울특별시 서대문구 홍은동196-5,126.9333878,37.591327,건축물,02-330-1562~3,서울특별시 서대문구청,2025-01-01
홍은2동1,서울특별시 서대문구 홍은동196-5,126.9333878,37.591327,건축물,02-330-1562~3,서울특별시 서대문구청,2025-01-01
홍은2동126-1,서울특별시 서대문구 홍은동197-18,126.9333145,37.5917047,건축물,02-330-1562~3,서울특별시 서대문구청,2025-01-01
홍은2동1050,서울특별시 서대문구 홍은동198-1,126.9345914,37.5903017,한전주,02-330-1562~3,서울특별시 서대문구청,2025-01-01
홍은2동146,서울특별시 서대문구 홍은동198-10,126.9334182,37.5907866,건축물,02-330-1562~3,서울특별시 서대문구청,2025-01-01
홍은2동1046,서울특별시 서대문구 홍은동198-17,126.9336008,37.5906892,건축물,02-330-1562~3,서울특별시 서대문구청,2025-01-01
홍은2동150,서울특별시 서대문구 홍은동198-2,126.9344666,37.5903185,한전주,02-330-1562~3,서울특별시 서대문구청,2025-01-01
홍은2동834,서울특별시 서대문구 홍은동198-4,126.9339071,37.5906469,한전주,02-330-1562~3,서울특별시 서대문구청,2025-01-01
홍은2동145,서울특별시 서대문구 홍은동466,126.933574,37.5909772,한전주,02-330-1562~3,서울특별시 서대문구청,2025-01-01
홍은2동1049,서울특별시 서대문구 홍은동199-2,126.9341727,37.5902799,건축물,02-330-1562~3,서울특별시 서대문구청,2025-01-01
홍은2동149,서울특별시 서대문구 홍은동199-24,126.933993,37.5901791,한전주,02-330-1562~3,서울특별시 서대문구청,2025-01-01
홍은2동166,서울특별시 서대문구 홍은동200-10,126.9345398,37.5899498,건축물,02-330-1562~3,서울특별시 서대문구청,2025-01-01
홍은2동165,서울특별시 서대문구 홍은동200-16,126.9345272,37.5900398,건축물,02-330-1562~3,서울특별시 서대문구청,2025-01-01
홍은2동167,서울특별시 서대문구 홍은동200-3,126.9345145,37.5901388,통신주,02-330-1562~3,서울특별시 서대문구청,2025-01-01
홍은2동1066,서울특별시 서대문구 홍은동200-5,126.9344266,37.5899488,건축물,02-330-1562~3,서울특별시 서대문구청,2025-01-01
홍은2동167-1,서울특별시 서대문구 홍은동200-8,126.9343897,37.5901557,건축물,02-330-1562~3,서울특별시 서대문구청,2025-01-01
홍은2동10122,서울특별시 서대문구 홍은동203-3,126.9353118,37.5898036,한전주,02-330-1562~3,서울특별시 서대문구청,2025-01-01
홍은2동164,서울특별시 서대문구 홍은동204-11,126.9350253,37.5900443,한전주,02-330-1562~3,서울특별시 서대문구청,2025-01-01
홍은2동144,서울특별시 서대문구 홍은동204-14,126.9352377,37.5902354,전용주,02-330-1562~3,서울특별시 서대문구청,2025-01-01
홍은2동847,서울특별시 서대문구 홍은동204-16,126.9347944,37.5903575,통신주,02-330-1562~3,서울특별시 서대문구청,2025-01-01
홍은2동735,서울특별시 서대문구 홍은동204-27,126.9351637,37.5906672,전용주,02-330-1562~3,서울특별시 서대문구청,2025-01-01
홍은2동736,서울특별시 서대문구 홍은동204-27,126.9351637,37.5906672,전용주,02-330-1562~3,서울특별시 서대문구청,2025-01-01
홍은2동71,서울특별시 서대문구 홍은동204-3,126.9349175,37.5904578,건축물,02-330-1562~3,서울특별시 서대문구청,2025-01-01
홍은2동162-1,서울특별시 서대문구 홍은동204-4,126.9352278,37.5901362,한전주,02-330-1562~3,서울특별시 서대문구청,2025-01-01
홍은2동160,서울특별시 서대문구 홍은동204-52,126.9350138,37.5908551,한전주,02-330-1562~3,서울특별시 서대문구청,2025-01-01
홍은2동734,서울특별시 서대문구 홍은동204-52,126.9350138,37.5908551,전용주,02-330-1562~3,서울특별시 서대문구청,2025-01-01
홍은2동161,서울특별시 서대문구 홍은동204-52,126.9350138,37.5908551,한전주,02-330-1562~3,서울특별시 서대문구청,2025-01-01
홍은2동527,서울특별시 서대문구 홍은동204-52,126.9350138,37.5908551,한전주,02-330-1562~3,서울특별시 서대문구청,2025-01-01
홍은2동848,서울특별시 서대문구 홍은동204-8,126.9351054,37.5899909,한전주,02-330-1562~3,서울특별시 서대문구청,2025-01-01
홍은2동156,서울특별시 서대문구 홍은동206-24,126.9342556,37.5908212,한전주,02-330-1562~3,서울특별시 서대문구청,2025-01-01
홍은2동1056,서울특별시 서대문구 홍은동206-34,126.9344269,37.5915166,한전주,02-330-1562~3,서울특별시 서대문구청,2025-01-01
홍은2동154,서울특별시 서대문구 홍은동206-29,126.9345339,37.5911571,한전주,02-330-1562~3,서울특별시 서대문구청,2025-01-01
홍은2동1-9,서울특별시 서대문구 홍은동206-36,126.9345372,37.5909229,한전주,02-330-1562~3,서울특별시 서대문구청,2025-01-01
홍은2동10105,서울특별시 서대문구 홍은동206-38,126.9342644,37.5910015,전용주,02-330-1562~3,서울특별시 서대문구청,2025-01-01
홍은2동153-1,서울특별시 서대문구 홍은동206-42,126.9344005,37.5909847,건축물,02-330-1562~3,서울특별시 서대문구청,2025-01-01
홍은2동152,서울특별시 서대문구 홍은동206-42,126.9344005,37.5909847,건축물,02-330-1562~3,서울특별시 서대문구청,2025-01-01
홍은2동628,서울특별시 서대문구 홍은동206-55,126.9348141,37.590565,건축물,02-330-1562~3,서울특별시 서대문구청,2025-01-01
홍은2동157,서울특별시 서대문구 홍은동206-60,126.9342112,37.5915507,한전주,02-330-1562~3,서울특별시 서대문구청,2025-01-01
홍은2동151,서울특별시 서대문구 홍은동206-76,126.934621,37.5906083,한전주,02-330-1562~3,서울특별시 서대문구청,2025-01-01
홍은2동155,서울특별시 서대문구 홍은동207-8,126.9341638,37.5909105,한전주,02-330-1562~3,서울특별시 서대문구청,2025-01-01
홍은2동630,서울특별시 서대문구 홍은동207-9,126.9342106,37.5908028,통신주,02-330-1562~3,서울특별시 서대문구청,2025-01-01
홍은2동138,서울특별시 서대문구 홍은동208-10,126.9341643,37.5916674,한전주,02-330-1562~3,서울특별시 서대문구청,2025-01-01
홍은2동123,서울특별시 서대문구 홍은동208-13,126.9339027,37.5917461,한전주,02-330-1562~3,서울특별시 서대문구청,2025-01-01
홍은2동126-2,서울특별시 서대문구 홍은동208-2,126.9337352,37.5915824,한전주,02-330-1562~3,서울특별시 서대문구청,2025-01-01
홍은2동125,서울특별시 서대문구 홍은동208-2,126.9337352,37.5915824,한전주,02-330-1562~3,서울특별시 서대문구청,2025-01-01
홍은2동137,서울특별시 서대문구 홍은동208-9,126.9342542,37.5917132,건축물,02-330-1562~3,서울특별시 서대문구청,2025-01-01
홍은2동158,서울특별시 서대문구 홍은동206-1,126.9345163,37.5915985,한전주,02-330-1562~3,서울특별시 서대문구청,2025-01-01
홍은2동733,서울특별시 서대문구 홍은동210,126.9349257,37.591476,전용주,02-330-1562~3,서울특별시 서대문구청,2025-01-01
홍은2동54,서울특별시 서대문구 홍은동217-22,126.9399343,37.5912147,한전주,02-330-1562~3,서울특별시 서대문구청,2025-01-01
홍은2동2535,서울특별시 서대문구 홍은동217-27,126.9402704,37.5906681,전용주,02-330-1562~3,서울특별시 서대문구청,2025-01-01
홍은2동737,서울특별시 서대문구 홍은동217-54,126.9396597,37.5914105,건축물,02-330-1562~3,서울특별시 서대문구청,2025-01-01
홍은2동55,서울특별시 서대문구 홍은동217-55,126.9397623,37.5913664,한전주,02-330-1562~3,서울특별시 서대문구청,2025-01-01
홍은2동712,서울특별시 서대문구 홍은동265-104,126.9329464,37.5873494,건축물,02-330-1562~3,서울특별시 서대문구청,2025-01-01
홍은2동664,서울특별시 서대문구 홍은동265-101,126.9328174,37.5876636,한전주,02-330-1562~3,서울특별시 서대문구청,2025-01-01
홍은2동179-1,서울특별시 서대문구 홍은동265-102,126.9328211,37.5874024,한전주,02-330-1562~3,서울특별시 서대문구청,2025-01-01
홍은2동179-2,서울특별시 서대문구 홍은동265-102,126.9328211,37.5874024,건축물,02-330-1562~3,서울특별시 서대문구청,2025-01-01
홍은2동192,서울특별시 서대문구 홍은동265-107,126.9327353,37.5870682,한전주,02-330-1562~3,서울특별시 서대문구청,2025-01-01
홍은2동191,서울특별시 서대문구 홍은동265-112,126.9326402,37.5865898,한전주,02-330-1562~3,서울특별시 서대문구청,2025-01-01
홍은2동183,서울특별시 서대문구 홍은동265-115,126.932756,37.5864106,한전주,02-330-1562~3,서울특별시 서대문구청,2025-01-01
홍은2동189,서울특별시 서대문구 홍은동265-118,126.932523,37.5860752,한전주,02-330-1562~3,서울특별시 서대문구청,2025-01-01
홍은2동10147,서울특별시 서대문구 홍은동265-122,126.9326069,37.5857515,건축물,02-330-1562~3,서울특별시 서대문구청,2025-01-01
홍은2동174,서울특별시 서대문구 홍은동265-133,126.9323177,37.5869743,한전주,02-330-1562~3,서울특별시 서대문구청,2025-01-01
홍은2동58,서울특별시 서대문구 홍은동265-138,126.9322005,37.5864597,건축물,02-330-1562~3,서울특별시 서대문구청,2025-01-01
홍은2동920,서울특별시 서대문구 홍은동265-143,126.9322855,37.586055,한전주,02-330-1562~3,서울특별시 서대문구청,2025-01-01
홍은2동10086,서울특별시 서대문구 홍은동265-146,126.9322504,37.5877216,건축물,02-330-1562~3,서울특별시 서대문구청,2025-01-01
홍은2동207,서울특별시 서대문구 홍은동265-147,126.9320811,37.587684,전용주,02-330-1562~3,서울특별시 서대문구청,2025-01-01
홍은2동307,서울특별시 서대문구 홍은동265-148,126.9320493,37.5875305,한전주,02-330-1562~3,서울특별시 서대문구청,2025-01-01
홍은2동10093,서울특별시 서대문구 홍은동265-151,126.9320293,37.5873501,통신주,02-330-1562~3,서울특별시 서대문구청,2025-01-01
홍은2동196,서울특별시 서대문구 홍은동265-154,126.9321357,37.5870358,한전주,02-330-1562~3,서울특별시 서대문구청,2025-01-01
홍은2동769,서울특별시 서대문구 홍은동265-158,126.9320621,37.5866386,한전주,02-330-1562~3,서울특별시 서대문구청,2025-01-01
홍은2동810,서울특별시 서대문구 홍은동265-160,126.9318718,37.5864837,한전주,02-330-1562~3,서울특별시 서대문구청,2025-01-01
홍은2동644,서울특별시 서대문구 홍은동265-163,126.931818,37.586285,통신주,02-330-1562~3,서울특별시 서대문구청,2025-01-01
홍은2동200,서울특별시 서대문구 홍은동265-165,126.9317866,37.5861045,한전주,02-330-1562~3,서울특별시 서대문구청,2025-01-01
홍은2동770,서울특별시 서대문구 홍은동265-166,126.9318534,37.587772,건축물,02-330-1562~3,서울특별시 서대문구청,2025-01-01
홍은2동863,서울특별시 서대문구 홍은동265-166,126.9318534,37.587772,건축물,02-330-1562~3,서울특별시 서대문구청,2025-01-01
홍은2동206,서울특별시 서대문구 홍은동265-170,126.9318682,37.5875289,한전주,02-330-1562~3,서울특별시 서대문구청,2025-01-01
홍은2동209,서울특별시 서대문구 홍은동265-171,126.9316993,37.5874643,한전주,02-330-1562~3,서울특별시 서대문구청,2025-01-01
홍은2동208,서울특별시 서대문구 홍은동265-173,126.9316789,37.5873019,건축물,02-330-1562~3,서울특별시 서대문구청,2025-01-01
홍은2동205,서울특별시 서대문구 홍은동265-175,126.9317842,37.5870686,한전주,02-330-1562~3,서울특별시 서대문구청,2025-01-01
홍은2동204,서울특별시 서대문구 홍은동265-176,126.9317413,37.586897,한전주,02-330-1562~3,서울특별시 서대문구청,2025-01-01
홍은2동213,서울특별시 서대문구 홍은동265-181,126.9315309,37.5865708,한전주,02-330-1562~3,서울특별시 서대문구청,2025-01-01
홍은2동221-1,서울특별시 서대문구 홍은동265-187,126.9314107,37.5878491,한전주,02-330-1562~3,서울특별시 서대문구청,2025-01-01
홍은2동219,서울특별시 서대문구 홍은동265-193,126.9313272,37.5873528,한전주,02-330-1562~3,서울특별시 서대문구청,2025-01-01
홍은2동673,서울특별시 서대문구 홍은동265-200,126.9313157,37.5865778,한전주,02-330-1562~3,서울특별시 서대문구청,2025-01-01
홍은2동214-1,서울특별시 서대문구 홍은동265-201,126.9312843,37.5863973,한전주,02-330-1562~3,서울특별시 서대문구청,2025-01-01
홍은2동217-1,서울특별시 서대문구 홍은동265-202,126.9311793,37.5866126,한전주,02-330-1562~3,서울특별시 서대문구청,2025-01-01
홍은2동222,서울특별시 서대문구 홍은동265-208,126.930997,37.587485,한전주,02-330-1562~3,서울특별시 서대문구청,2025-01-01
홍은2동218,서울특별시 서대문구 홍은동265-214,126.9310378,37.5870078,한전주,02-330-1562~3,서울특별시 서대문구청,2025-01-01
홍은2동641,서울특별시 서대문구 홍은동265-229,126.930676,37.5869685,통신주,02-330-1562~3,서울특별시 서대문구청,2025-01-01
홍은2동2027,서울특별시 서대문구 홍은동265-217,126.930848,37.5868169,통신주,02-330-1562~3,서울특별시 서대문구청,2025-01-01
홍은2동227,서울특별시 서대문구 홍은동265-217,126.930848,37.5868169,건축물,02-330-1562~3,서울특별시 서대문구청,2025-01-01
홍은2동230,서울특별시 서대문구 홍은동265-220,126.9306761,37.5877524,한전주,02-330-1562~3,서울특별시 서대문구청,2025-01-01
홍은2동640,서울특별시 서대문구 홍은동265-224,126.9306356,37.5874186,한전주,02-330-1562~3,서울특별시 서대문구청,2025-01-01
홍은2동225,서울특별시 서대문구 홍은동265-228,126.9306968,37.5870948,한전주,02-330-1562~3,서울특별시 서대문구청,2025-01-01
홍은2동226,서울특별시 서대문구 홍은동265-229,126.930676,37.5869685,씨피주,02-330-1562~3,서울특별시 서대문구청,2025-01-01
홍은2동228,서울특별시 서대문구 홍은동265-230,126.9305726,37.5870757,전용주,02-330-1562~3,서울특별시 서대문구청,2025-01-01
홍은2동229,서울특별시 서대문구 홍은동265-230,126.9305726,37.5870757,건축물,02-330-1562~3,서울특별시 서대문구청,2025-01-01
홍은2동771,서울특별시 서대문구 홍은동265-231,126.930492,37.5879579,건축물,02-330-1562~3,서울특별시 서대문구청,2025-01-01
홍은2동188,서울특별시 서대문구 홍은동265-243,126.932232,37.5858383,건축물,02-330-1562~3,서울특별시 서대문구청,2025-01-01
홍은2동187,서울특별시 서대문구 홍은동265-243,126.932232,37.5858383,건축물,02-330-1562~3,서울특별시 서대문구청,2025-01-01
홍은2동867,서울특별시 서대문구 홍은동265-245,126.9320953,37.5859001,한전주,02-330-1562~3,서울특별시 서대문구청,2025-01-01
홍은2동224,서울특별시 서대문구 홍은동265-251,126.9307496,37.5873656,한전주,02-330-1562~3,서울특별시 서대문구청,2025-01-01
홍은2동199,서울특별시 서대문구 홍은동265-261,126.9319126,37.5860066,통신주,02-330-1562~3,서울특별시 서대문구청,2025-01-01
홍은2동215,서울특별시 서대문구 홍은동265-262,126.9311584,37.5864863,전용주,02-330-1562~3,서울특별시 서대문구청,2025-01-01
홍은2동216,서울특별시 서대문구 홍은동265-262,126.9311584,37.5864863,통신주,02-330-1562~3,서울특별시 서대문구청,2025-01-01
홍은2동197,서울특별시 서대문구 홍은동265-267,126.9321255,37.5869546,건축물,02-330-1562~3,서울특별시 서대문구청,2025-01-01
홍은2동442,서울특별시 서대문구 홍은동265-271,126.931583,37.5868866,건축물,02-330-1562~3,서울특별시 서대문구청,2025-01-01
홍은2동247,서울특별시 서대문구 홍은동265-281,126.9334423,37.5859213,한전주,02-330-1562~3,서울특별시 서대문구청,2025-01-01
홍은2동10199,서울특별시 서대문구 홍은동265-288,126.9340632,37.586053,건축물,02-330-1562~3,서울특별시 서대문구청,2025-01-01
홍은2동234,서울특별시 서대문구 홍은동265-293,126.934082,37.5863235,한전주,02-330-1562~3,서울특별시 서대문구청,2025-01-01
홍은2동807,서울특별시 서대문구 홍은동265-296,126.934461,37.5859485,한전주,02-330-1562~3,서울특별시 서대문구청,2025-01-01
홍은2동203,서울특별시 서대문구 홍은동265-296,126.934461,37.5859485,건축물,02-330-1562~3,서울특별시 서대문구청,2025-01-01
홍은2동1069,서울특별시 서대문구 홍은동265-3,126.9347149,37.5871942,건축물,02-330-1562~3,서울특별시 서대문구청,2025-01-01
홍은2동884,서울특별시 서대문구 홍은동265-300,126.9343463,37.5852537,한전주,02-330-1562~3,서울특별시 서대문구청,2025-01-01
홍은2동729,서울특별시 서대문구 홍은동265-300,126.9343463,37.5852537,건축물,02-330-1562~3,서울특별시 서대문구청,2025-01-01
홍은2동244-1,서울특별시 서대문구 홍은동265-300,126.9343463,37.5852537,한전주,02-330-1562~3,서울특별시 서대문구청,2025-01-01
홍은2동9801,서울특별시 서대문구 홍은동265-371,126.9345409,37.5843093,통신주,02-330-1562~3,서울특별시 서대문구청,2025-01-01
홍은2동253,서울특별시 서대문구 홍은동265-306,126.9341949,37.5847567,한전주,02-330-1562~3,서울특별시 서대문구청,2025-01-01
홍은2동252,서울특별시 서대문구 홍은동265-308,126.9344025,37.5844883,한전주,02-330-1562~3,서울특별시 서대문구청,2025-01-01
홍은2동258,서울특별시 서대문구 홍은동265-309,126.934234,37.5843967,한전주,02-330-1562~3,서울특별시 서대문구청,2025-01-01
홍은2동809,서울특별시 서대문구 홍은동265-310,126.9342698,37.5842709,전용주,02-330-1562~3,서울특별시 서대문구청,2025-01-01
홍은2동2050,서울특별시 서대문구 홍은동265-315,126.934831,37.5846093,한전주,02-330-1562~3,서울특별시 서대문구청,2025-01-01
홍은2동926,서울특별시 서대문구 홍은동265-316,126.9347132,37.5841397,건축물,02-330-1562~3,서울특별시 서대문구청,2025-01-01
홍은2동251,서울특별시 서대문구 홍은동265-316,126.9347132,37.5841397,건축물,02-330-1562~3,서울특별시 서대문구청,2025-01-01
홍은2동256,서울특별시 서대문구 홍은동265-318,126.9344778,37.5839754,한전주,02-330-1562~3,서울특별시 서대문구청,2025-01-01
홍은2동257,서울특별시 서대문구 홍은동265-319,126.9342077,37.5838558,한전주,02-330-1562~3,서울특별시 서대문구청,2025-01-01
홍은2동924,서울특별시 서대문구 홍은동265-321,126.9351444,37.5832786,통신주,02-330-1562~3,서울특별시 서대문구청,2025-01-01
홍은2동756,서울특별시 서대문구 홍은동265-323,126.9355095,37.5830837,건축물,02-330-1562~3,서울특별시 서대문구청,2025-01-01
홍은2동756-1,서울특별시 서대문구 홍은동265-323,126.9355095,37.5830837,전용주,02-330-1562~3,서울특별시 서대문구청,2025-01-01
홍은2동271,서울특별시 서대문구 홍은동265-324,126.9357753,37.5826986,한전주,02-330-1562~3,서울특별시 서대문구청,2025-01-01
홍은2동7059,서울특별시 서대문구 홍은동265-325,126.9358964,37.582943,건축물,02-330-1562~3,서울특별시 서대문구청,2025-01-01
홍은2동7059-1,서울특별시 서대문구 홍은동265-325,126.9358964,37.582943,전용주,02-330-1562~3,서울특별시 서대문구청,2025-01-01
홍은2동7050,서울특별시 서대문구 홍은동265-327,126.935052,37.5841968,전용주,02-330-1562~3,서울특별시 서대문구청,2025-01-01
홍은2동752,서울특별시 서대문구 홍은동265-327,126.935052,37.5841968,전용주,02-330-1562~3,서울특별시 서대문구청,2025-01-01
홍은2동750,서울특별시 서대문구 홍은동265-327,126.935052,37.5841968,전용주,02-330-1562~3,서울특별시 서대문구청,2025-01-01
홍은2동7053,서울특별시 서대문구 홍은동265-327,126.935052,37.5841968,전용주,02-330-1562~3,서울특별시 서대문구청,2025-01-01
홍은2동753,서울특별시 서대문구 홍은동265-327,126.935052,37.5841968,전용주,02-330-1562~3,서울특별시 서대문구청,2025-01-01
홍은2동760,서울특별시 서대문구 홍은동265-327,126.935052,37.5841968,전용주,02-330-1562~3,서울특별시 서대문구청,2025-01-01
홍은2동248-1,서울특별시 서대문구 홍은동265-333,126.9344899,37.5855073,건축물,02-330-1562~3,서울특별시 서대문구청,2025-01-01
홍은2동243,서울특별시 서대문구 홍은동265-336,126.9346085,37.5851299,한전주,02-330-1562~3,서울특별시 서대문구청,2025-01-01
홍은2동249-1,서울특별시 서대문구 홍은동265-337,126.934645,37.58495,한전주,02-330-1562~3,서울특별시 서대문구청,2025-01-01
홍은2동3049,서울특별시 서대문구 홍은동265-337,126.934645,37.58495,건축물,02-330-1562~3,서울특별시 서대문구청,2025-01-01
홍은2동235,서울특별시 서대문구 홍은동265-340,126.9338734,37.586655,한전주,02-330-1562~3,서울특별시 서대문구청,2025-01-01
홍은2동769-1,서울특별시 서대문구 홍은동265-341,126.932083,37.586756,한전주,02-330-1562~3,서울특별시 서대문구청,2025-01-01
홍은2동1-2,서울특별시 서대문구 홍은동265-342,126.9341978,37.5845495,전용주,02-330-1562~3,서울특별시 서대문구청,2025-01-01
홍은2동259,서울특별시 서대문구 홍은동 산 11-141,126.9333334,37.585623,한전주,02-330-1562~3,서울특별시 서대문구청,2025-01-01
홍은2동1-1,서울특별시 서대문구 홍은동265-342,126.9341978,37.5845495,전용주,02-330-1562~3,서울특별시 서대문구청,2025-01-01
홍은2동211-1,서울특별시 서대문구 홍은동265-343,126.9316575,37.5872206,건축물,02-330-1562~3,서울특별시 서대문구청,2025-01-01
홍은2동239,서울특별시 서대문구 홍은동265-344,126.9344586,37.5861107,한전주,02-330-1562~3,서울특별시 서대문구청,2025-01-01
홍은2동8921,서울특별시 서대문구 홍은동265-344,126.9344586,37.5861107,전용주,02-330-1562~3,서울특별시 서대문구청,2025-01-01
홍은2동757,서울특별시 서대문구 홍은동265-348,126.9355583,37.5828318,건축물,02-330-1562~3,서울특별시 서대문구청,2025-01-01
홍은2동757-1,서울특별시 서대문구 홍은동265-348,126.9355583,37.5828318,전용주,02-330-1562~3,서울특별시 서대문구청,2025-01-01
홍은2동7054,서울특별시 서대문구 홍은동265-348,126.9355583,37.5828318,전용주,02-330-1562~3,서울특별시 서대문구청,2025-01-01
홍은2동269,서울특별시 서대문구 홍은동265-350,126.9354962,37.5824258,한전주,02-330-1562~3,서울특별시 서대문구청,2025-01-01
홍은2동262,서울특별시 서대문구 홍은동265-355,126.9346756,37.5835987,한전주,02-330-1562~3,서울특별시 서대문구청,2025-01-01
홍은2동808,서울특별시 서대문구 홍은동265-356,126.9345734,37.5852107,한전주,02-330-1562~3,서울특별시 서대문구청,2025-01-01
홍은2동260,서울특별시 서대문구 홍은동265-357,126.934621,37.5850489,건축물,02-330-1562~3,서울특별시 서대문구청,2025-01-01
홍은2동266,서울특별시 서대문구 홍은동265-369,126.9321772,37.5872974,한전주,02-330-1562~3,서울특별시 서대문구청,2025-01-01
홍은2동9945,서울특별시 서대문구 홍은동265-371,126.9345409,37.5843093,통신주,02-330-1562~3,서울특별시 서대문구청,2025-01-01
홍은2동250,서울특별시 서대문구 홍은동265-371,126.9345409,37.5843093,한전주,02-330-1562~3,서울특별시 서대문구청,2025-01-01
홍은2동755,서울특별시 서대문구 홍은동265-378,126.9355614,37.5834085,전용주,02-330-1562~3,서울특별시 서대문구청,2025-01-01
홍은2동922,서울특별시 서대문구 홍은동265-378,126.9355614,37.5834085,전용주,02-330-1562~3,서울특별시 서대문구청,2025-01-01
홍은2동754,서울특별시 서대문구 홍은동265-383,126.9352957,37.5837845,건축물,02-330-1562~3,서울특별시 서대문구청,2025-01-01
홍은2동7054-1,서울특별시 서대문구 홍은동265-383,126.9352957,37.5837845,건축물,02-330-1562~3,서울특별시 서대문구청,2025-01-01
홍은2동267,서울특별시 서대문구 홍은동265-384,126.9354579,37.5835247,한전주,02-330-1562~3,서울특별시 서대문구청,2025-01-01
홍은2동758,서울특별시 서대문구 홍은동265-384,126.9354579,37.5835247,전용주,02-330-1562~3,서울특별시 서대문구청,2025-01-01
홍은2동254,서울특별시 서대문구 홍은동265-304,126.9341313,37.5852427,한전주,02-330-1562~3,서울특별시 서대문구청,2025-01-01
홍은2동255,서울특별시 서대문구 홍은동265-386,126.9340304,37.5851787,건축물,02-330-1562~3,서울특별시 서대문구청,2025-01-01
홍은2동264,서울특별시 서대문구 홍은동265-390,126.9349103,37.5838171,한전주,02-330-1562~3,서울특별시 서대문구청,2025-01-01
홍은2동2047,서울특별시 서대문구 홍은동265-394,126.9338054,37.5858705,한전주,02-330-1562~3,서울특별시 서대문구청,2025-01-01
홍은2동970,서울특별시 서대문구 홍은동265-396,126.9341973,37.5869733,한전주,02-330-1562~3,서울특별시 서대문구청,2025-01-01
홍은2동8170,서울특별시 서대문구 홍은동265-396,126.9341973,37.5869733,한전주,02-330-1562~3,서울특별시 서대문구청,2025-01-01
홍은2동171,서울특별시 서대문구 홍은동265-396,126.9341973,37.5869733,건축물,02-330-1562~3,서울특별시 서대문구청,2025-01-01
홍은2동9026,서울특별시 서대문구 홍은동265-404,126.9348054,37.5840234,건축물,02-330-1562~3,서울특별시 서대문구청,2025-01-01
홍은2동263,서울특별시 서대문구 홍은동265-406,126.9353416,37.5837399,한전주,02-330-1562~3,서울특별시 서대문구청,2025-01-01
홍은2동643,서울특별시 서대문구 홍은동265-185,126.9314449,37.5862456,건축물,02-330-1562~3,서울특별시 서대문구청,2025-01-01
홍은2동730,서울특별시 서대문구 홍은동265-424,126.9344092,37.5856056,한전주,02-330-1562~3,서울특별시 서대문구청,2025-01-01
홍은2동658-1,서울특별시 서대문구 홍은동265-424,126.9344092,37.5856056,한전주,02-330-1562~3,서울특별시 서대문구청,2025-01-01
홍은2동241,서울특별시 서대문구 홍은동265-424,126.9344092,37.5856056,건축물,02-330-1562~3,서울특별시 서대문구청,2025-01-01
홍은2동261,서울특별시 서대문구 홍은동265-426,126.9345373,37.5837687,한전주,02-330-1562~3,서울특별시 서대문구청,2025-01-01
홍은2동2061,서울특별시 서대문구 홍은동265-426,126.9345373,37.5837687,전용주,02-330-1562~3,서울특별시 서대문구청,2025-01-01
홍은2동265,서울특별시 서대문구 홍은동265-318,126.9344778,37.5839754,한전주,02-330-1562~3,서울특별시 서대문구청,2025-01-01
홍은2동923,서울특별시 서대문구 홍은동265-446,126.9342702,37.5874155,건축물,02-330-1562~3,서울특별시 서대문구청,2025-01-01
홍은2동231,서울특별시 서대문구 홍은동265-447,126.9303695,37.5878127,한전주,02-330-1562~3,서울특별시 서대문구청,2025-01-01
홍은2동220,서울특별시 서대문구 홍은동265-459,126.9313798,37.5876326,한전주,02-330-1562~3,서울특별시 서대문구청,2025-01-01
홍은2동201,서울특별시 서대문구 홍은동265-465,126.9316132,37.5863553,한전주,02-330-1562~3,서울특별시 서대문구청,2025-01-01
홍은2동717,서울특별시 서대문구 홍은동265-471,126.9323177,37.5861814,건축물,02-330-1562~3,서울특별시 서대문구청,2025-01-01
홍은2동238,서울특별시 서대문구 홍은동265-472,126.9345197,37.5857959,건축물,02-330-1562~3,서울특별시 서대문구청,2025-01-01
홍은2동240,서울특별시 서대문구 홍은동265-472,126.9345197,37.5857959,한전주,02-330-1562~3,서울특별시 서대문구청,2025-01-01
홍은2동745,서울특별시 서대문구 홍은동265-472,126.9345197,37.5857959,전용주,02-330-1562~3,서울특별시 서대문구청,2025-01-01
홍은2동232,서울특별시 서대문구 홍은동265-489,126.9303261,37.5876861,전용주,02-330-1562~3,서울특별시 서대문구청,2025-01-01
홍은2동56,서울특별시 서대문구 홍은동265-49,126.9339065,37.5875113,전용주,02-330-1562~3,서울특별시 서대문구청,2025-01-01
홍은2동182,서울특별시 서대문구 홍은동265-492,126.9327991,37.5865642,건축물,02-330-1562~3,서울특별시 서대문구청,2025-01-01
홍은2동803,서울특별시 서대문구 홍은동265-492,126.9327991,37.5865642,한전주,02-330-1562~3,서울특별시 서대문구청,2025-01-01
홍은2동173,서울특별시 서대문구 홍은동265-50,126.9336815,37.5874101,한전주,02-330-1562~3,서울특별시 서대문구청,2025-01-01
홍은2동9940,서울특별시 서대문구 홍은동265-54,126.9339469,37.5870611,전용주,02-330-1562~3,서울특별시 서대문구청,2025-01-01
홍은2동806,서울특별시 서대문구 홍은동265-26,126.9342231,37.5867483,한전주,02-330-1562~3,서울특별시 서대문구청,2025-01-01
홍은2동237,서울특별시 서대문구 홍은동265-64,126.9338218,37.5863031,건축물,02-330-1562~3,서울특별시 서대문구청,2025-01-01
홍은2동8505,서울특별시 서대문구 홍은동265-65,126.9336632,37.5863107,건축물,02-330-1562~3,서울특별시 서대문구청,2025-01-01
홍은2동802,서울특별시 서대문구 홍은동265-68,126.9334495,37.5870026,한전주,02-330-1562~3,서울특별시 서대문구청,2025-01-01
홍은2동805,서울특별시 서대문구 홍은동265-69,126.933597,37.5869859,한전주,02-330-1562~3,서울특별시 서대문구청,2025-01-01
홍은2동8005,서울특별시 서대문구 홍은동265-70,126.933554,37.5868233,한전주,02-330-1562~3,서울특별시 서대문구청,2025-01-01
홍은2동871,서울특별시 서대문구 홍은동265-72,126.9333637,37.5866684,건축물,02-330-1562~3,서울특별시 서대문구청,2025-01-01
홍은2동8205,서울특별시 서대문구 홍은동265-74,126.9334799,37.5864622,한전주,02-330-1562~3,서울특별시 서대문구청,2025-01-01
홍은2동8205-1,서울특별시 서대문구 홍은동265-74,126.9334799,37.5864622,한전주,02-330-1562~3,서울특별시 서대문구청,2025-01-01
홍은2동177,서울특별시 서대문구 홍은동265-81,126.9333191,37.5874159,한전주,02-330-1562~3,서울특별시 서대문구청,2025-01-01
홍은2동184,서울특별시 서대문구 홍은동265-92,126.9330736,37.5863685,한전주,02-330-1562~3,서울특별시 서대문구청,2025-01-01
홍은2동10019,서울특별시 서대문구 홍은동265-95,126.9328969,37.5860605,건축물,02-330-1562~3,서울특별시 서대문구청,2025-01-01
홍은2동185-1,서울특별시 서대문구 홍은동265-96,126.9328647,37.5859341,한전주,02-330-1562~3,서울특별시 서대문구청,2025-01-01
홍은2동10108,서울특별시 서대문구 홍은동265-98,126.9328113,37.5857083,건축물,02-330-1562~3,서울특별시 서대문구청,2025-01-01
홍은2동513,서울특별시 서대문구 홍은동265-311,126.934328,37.5841542,전용주,02-330-1562~3,서울특별시 서대문구청,2025-01-01
홍은2동309,서울특별시 서대문구 홍은동268-11,126.9330802,37.5811516,한전주,02-330-1562~3,서울특별시 서대문구청,2025-01-01
홍은2동631,서울특별시 서대문구 홍은동268-14,126.9334059,37.5813347,한전주,02-330-1562~3,서울특별시 서대문구청,2025-01-01
홍은2동310,서울특별시 서대문구 홍은동268-15,126.9335436,37.5812008,한전주,02-330-1562~3,서울특별시 서대문구청,2025-01-01
홍은2동651,서울특별시 서대문구 홍은동268-18,126.9335469,37.5809756,통신주,02-330-1562~3,서울특별시 서대문구청,2025-01-01
홍은2동311,서울특별시 서대문구 홍은동268-18,126.9335469,37.5809756,한전주,02-330-1562~3,서울특별시 서대문구청,2025-01-01
홍은2동3011,서울특별시 서대문구 홍은동268-19,126.9337146,37.5811212,건축물,02-330-1562~3,서울특별시 서대문구청,2025-01-01
홍은2동336,서울특별시 서대문구 홍은동268-2,126.9332408,37.5809998,통신주,02-330-1562~3,서울특별시 서대문구청,2025-01-01
홍은2동10076,서울특별시 서대문구 홍은동268-22,126.9329695,37.5809703,한전주,02-330-1562~3,서울특별시 서대문구청,2025-01-01
홍은2동3013,서울특별시 서대문구 홍은동268-26,126.9333451,37.5808296,건축물,02-330-1562~3,서울특별시 서대문구청,2025-01-01
홍은2동3012,서울특별시 서대문구 홍은동268-27,126.9334461,37.5808936,건축물,02-330-1562~3,서울특별시 서대문구청,2025-01-01
홍은2동3014,서울특별시 서대문구 홍은동271-35,126.9338457,37.5806629,통신주,02-330-1562~3,서울특별시 서대문구청,2025-01-01
홍은2동312,서울특별시 서대문구 홍은동271-15,126.9340816,37.5807912,한전주,02-330-1562~3,서울특별시 서대문구청,2025-01-01
홍은2동765,서울특별시 서대문구 홍은동271-29,126.9335524,37.5805882,건축물,02-330-1562~3,서울특별시 서대문구청,2025-01-01
홍은2동3015,서울특별시 서대문구 홍은동272-2,126.9334273,37.5806231,건축물,02-330-1562~3,서울특별시 서대문구청,2025-01-01
홍은2동314,서울특별시 서대문구 홍은동272-2,126.9334273,37.5806231,한전주,02-330-1562~3,서울특별시 서대문구청,2025-01-01
홍은2동313,서울특별시 서대문구 홍은동272-2,126.9334273,37.5806231,한전주,02-330-1562~3,서울특별시 서대문구청,2025-01-01
홍은2동330,서울특별시 서대문구 홍은동273-10,126.9341815,37.5801343,한전주,02-330-1562~3,서울특별시 서대문구청,2025-01-01
홍은2동329,서울특별시 서대문구 홍은동274-112,126.9356938,37.5804723,한전주,02-330-1562~3,서울특별시 서대문구청,2025-01-01
홍은2동328,서울특별시 서대문구 홍은동274-122,126.9356887,37.5808327,한전주,02-330-1562~3,서울특별시 서대문구청,2025-01-01
홍은2동332,서울특별시 서대문구 홍은동274-2,126.9345117,37.5800022,한전주,02-330-1562~3,서울특별시 서대문구청,2025-01-01
홍은2동326,서울특별시 서대문구 홍은동274-28,126.9355711,37.5803451,한전주,02-330-1562~3,서울특별시 서대문구청,2025-01-01
홍은2동331,서울특별시 서대문구 홍은동274-36,126.9343758,37.5800099,건축물,02-330-1562~3,서울특별시 서대문구청,2025-01-01
홍은2동703,서울특별시 서대문구 홍은동274-4,126.934801,37.5811581,건축물,02-330-1562~3,서울특별시 서대문구청,2025-01-01
홍은2동10148,서울특별시 서대문구 홍은동274-40,126.9341292,37.5798365,한전주,02-330-1562~3,서울특별시 서대문구청,2025-01-01
홍은2동784,서울특별시 서대문구 홍은동274-48,126.9354586,37.5810919,통신주,02-330-1562~3,서울특별시 서대문구청,2025-01-01
홍은2동50,서울특별시 서대문구 홍은동274-52,126.9352593,37.5807748,전용주,02-330-1562~3,서울특별시 서대문구청,2025-01-01
홍은2동325,서울특별시 서대문구 홍은동274-53,126.9351584,37.5807018,한전주,02-330-1562~3,서울특별시 서대문구청,2025-01-01
홍은2동323,서울특별시 서대문구 홍은동274-64,126.9349347,37.5805105,건축물,02-330-1562~3,서울특별시 서대문구청,2025-01-01
홍은2동10072,서울특별시 서대문구 홍은동274-69,126.9349264,37.5803032,건축물,02-330-1562~3,서울특별시 서대문구청,2025-01-01
홍은2동890,서울특별시 서대문구 홍은동274-70,126.9350182,37.580214,건축물,02-330-1562~3,서울특별시 서대문구청,2025-01-01
홍은2동324,서울특별시 서대문구 홍은동274-70,126.9350182,37.580214,한전주,02-330-1562~3,서울특별시 서대문구청,2025-01-01
홍은2동321,서울특별시 서대문구 홍은동274-71,126.9348605,37.5801585,건축물,02-330-1562~3,서울특별시 서대문구청,2025-01-01
홍은2동322,서울특별시 서대문구 홍은동274-75,126.9346112,37.5801742,건축물,02-330-1562~3,서울특별시 서대문구청,2025-01-01
홍은2동274,서울특별시 서대문구 홍은동277-101,126.9351142,37.5822151,한전주,02-330-1562~3,서울특별시 서대문구청,2025-01-01
홍은2동797,서울특별시 서대문구 홍은동277-105,126.9338565,37.5822849,건축물,02-330-1562~3,서울특별시 서대문구청,2025-01-01
홍은2동886,서울특별시 서대문구 홍은동277-108,126.9336315,37.5821837,한전주,02-330-1562~3,서울특별시 서대문구청,2025-01-01
홍은2동878,서울특별시 서대문구 홍은동277-113,126.9350023,37.582124,한전주,02-330-1562~3,서울특별시 서대문구청,2025-01-01
홍은2동278,서울특별시 서대문구 홍은동277-113,126.9350023,37.582124,한전주,02-330-1562~3,서울특별시 서대문구청,2025-01-01
홍은2동276,서울특별시 서대문구 홍은동277-118,126.9352361,37.5824054,건축물,02-330-1562~3,서울특별시 서대문구청,2025-01-01
홍은2동275,서울특별시 서대문구 홍은동277-119,126.9354177,37.582371,통신주,02-330-1562~3,서울특별시 서대문구청,2025-01-01
홍은2동277,서울특별시 서대문구 홍은동277-121,126.9347479,37.5825001,한전주,02-330-1562~3,서울특별시 서대문구청,2025-01-01
홍은2동280,서울특별시 서대문구 홍은동277-123,126.9346588,37.5823912,한전주,02-330-1562~3,서울특별시 서대문구청,2025-01-01
홍은2동2092,서울특별시 서대문구 홍은동277-127,126.9340742,37.5821066,건축물,02-330-1562~3,서울특별시 서대문구청,2025-01-01
홍은2동292,서울특별시 서대문구 홍은동277-127,126.9340742,37.5821066,통신주,02-330-1562~3,서울특별시 서대문구청,2025-01-01
홍은2동301,서울특별시 서대문구 홍은동277-13,126.934585,37.5812192,건축물,02-330-1562~3,서울특별시 서대문구청,2025-01-01
홍은2동294,서울특별시 서대문구 홍은동277-131,126.9343413,37.5816315,한전주,02-330-1562~3,서울특별시 서대문구청,2025-01-01
홍은2동298,서울특별시 서대문구 홍은동277-134,126.9338624,37.5818704,통신주,02-330-1562~3,서울특별시 서대문구청,2025-01-01
홍은2동297,서울특별시 서대문구 홍은동277-134,126.9338624,37.5818704,건축물,02-330-1562~3,서울특별시 서대문구청,2025-01-01
홍은2동299,서울특별시 서대문구 홍은동277-137,126.9337924,37.582014,한전주,02-330-1562~3,서울특별시 서대문구청,2025-01-01
홍은2동287,서울특별시 서대문구 홍은동277-144,126.93451,37.5817141,한전주,02-330-1562~3,서울특별시 서대문구청,2025-01-01
홍은2동877,서울특별시 서대문구 홍은동277-145,126.9343517,37.5824966,건축물,02-330-1562~3,서울특별시 서대문구청,2025-01-01
홍은2동286,서울특별시 서대문구 홍은동277-148,126.9342395,37.5824235,한전주,02-330-1562~3,서울특별시 서대문구청,2025-01-01
홍은2동727,서울특별시 서대문구 홍은동277-152,126.9313328,37.5782524,한전주,02-330-1562~3,서울특별시 서대문구청,2025-01-01
홍은2동2071,서울특별시 서대문구 홍은동277-157,126.9359498,37.5823758,전용주,02-330-1562~3,서울특별시 서대문구청,2025-01-01
홍은2동304,서울특별시 서대문구 홍은동277-158,126.9337517,37.5816982,한전주,02-330-1562~3,서울특별시 서대문구청,2025-01-01
홍은2동290,서울특별시 서대문구 홍은동277-180,126.9343723,37.581839,건축물,02-330-1562~3,서울특별시 서대문구청,2025-01-01
홍은2동291,서울특별시 서대문구 홍은동277-182,126.9339745,37.5819525,한전주,02-330-1562~3,서울특별시 서대문구청,2025-01-01
홍은2동282,서울특별시 서대문구 홍은동277-19,126.9354609,37.5817227,건축물,02-330-1562~3,서울특별시 서대문구청,2025-01-01
홍은2동759,서울특별시 서대문구 홍은동277-198,126.9357006,37.5823826,전용주,02-330-1562~3,서울특별시 서대문구청,2025-01-01
홍은2동333,서울특별시 서대문구 홍은동277-200,126.9336005,37.5795975,한전주,02-330-1562~3,서울특별시 서대문구청,2025-01-01
홍은2동687,서울특별시 서대문구 홍은동277-207,126.9339939,37.582178,건축물,02-330-1562~3,서울특별시 서대문구청,2025-01-01
홍은2동303,서울특별시 서대문구 홍은동277-211,126.9341893,37.5811796,한전주,02-330-1562~3,서울특별시 서대문구청,2025-01-01
홍은2동651-1,서울특별시 서대문구 홍은동277-211,126.9341893,37.5811796,한전주,02-330-1562~3,서울특별시 서대문구청,2025-01-01
홍은2동283,서울특별시 서대문구 홍은동277-31,126.9350199,37.5816827,한전주,02-330-1562~3,서울특별시 서대문구청,2025-01-01
홍은2동288,서울특별시 서대문구 홍은동277-40,126.9347622,37.5814911,건축물,02-330-1562~3,서울특별시 서대문구청,2025-01-01
홍은2동766,서울특별시 서대문구 홍은동277-45,126.9344062,37.5810554,한전주,02-330-1562~3,서울특별시 서대문구청,2025-01-01
홍은2동10075,서울특별시 서대문구 홍은동277-45,126.9344062,37.5810554,건축물,02-330-1562~3,서울특별시 서대문구청,2025-01-01
홍은2동300,서울특별시 서대문구 홍은동277-46,126.9345046,37.5812996,건축물,02-330-1562~3,서울특별시 서대문구청,2025-01-01
홍은2동295,서울특별시 서대문구 홍은동277-48,126.93429,37.5812616,건축물,02-330-1562~3,서울특별시 서대문구청,2025-01-01
홍은2동709,서울특별시 서대문구 홍은동277-60,126.9327202,37.581779,한전주,02-330-1562~3,서울특별시 서대문구청,2025-01-01
홍은2동691-1,서울특별시 서대문구 홍은동277-66,126.9322391,37.5813782,건축물,02-330-1562~3,서울특별시 서대문구청,2025-01-01
홍은2동1308,서울특별시 서대문구 홍은동277-69,126.9324283,37.5816052,건축물,02-330-1562~3,서울특별시 서대문구청,2025-01-01
홍은2동308,서울특별시 서대문구 홍은동277-69,126.9324283,37.5816052,한전주,02-330-1562~3,서울특별시 서대문구청,2025-01-01
홍은2동645,서울특별시 서대문구 홍은동277-130,126.9344844,37.5819211,건축물,02-330-1562~3,서울특별시 서대문구청,2025-01-01
홍은2동305,서울특별시 서대문구 홍은동277-84,126.9333401,37.5819738,한전주,02-330-1562~3,서울특별시 서대문구청,2025-01-01
홍은2동306,서울특별시 서대문구 홍은동277-84,126.9333401,37.5819738,한전주,02-330-1562~3,서울특별시 서대문구청,2025-01-01
홍은2동284,서울특별시 서대문구 홍은동277-86,126.9347904,37.5818968,한전주,02-330-1562~3,서울특별시 서대문구청,2025-01-01
홍은2동279,서울특별시 서대문구 홍은동277-89,126.9347536,37.5820947,건축물,02-330-1562~3,서울특별시 서대문구청,2025-01-01
홍은2동285,서울특별시 서대문구 홍은동277-91,126.9344924,37.5821554,한전주,02-330-1562~3,서울특별시 서대문구청,2025-01-01
홍은2동2049,서울특별시 서대문구 홍은동277-98,126.9358866,37.5820419,전용주,02-330-1562~3,서울특별시 서대문구청,2025-01-01
홍은2동273,서울특별시 서대문구 홍은동277-99,126.9357067,37.5819502,한전주,02-330-1562~3,서울특별시 서대문구청,2025-01-01
홍은2동317,서울특별시 서대문구 홍은동280-8,126.9331418,37.5800078,씨피주,02-330-1562~3,서울특별시 서대문구청,2025-01-01
홍은2동319,서울특별시 서대문구 홍은동280-9,126.9330754,37.5798991,한전주,02-330-1562~3,서울특별시 서대문구청,2025-01-01
홍은2동318,서울특별시 서대문구 홍은동280-9,126.9330754,37.5798991,건축물,02-330-1562~3,서울특별시 서대문구청,2025-01-01
홍은2동316,서울특별시 서대문구 홍은동281-17,126.9329367,37.5800961,한전주,02-330-1562~3,서울특별시 서대문구청,2025-01-01
홍은2동192-1,서울특별시 서대문구 홍은동287-99,126.9313883,37.5799108,씨피주,02-330-1562~3,서울특별시 서대문구청,2025-01-01
홍은2동486,서울특별시 서대문구 홍은동293-13,126.9288078,37.5782746,한전주,02-330-1562~3,서울특별시 서대문구청,2025-01-01
홍은2동503,서울특별시 서대문구 홍은동294-32,126.9281601,37.5784399,한전주,02-330-1562~3,서울특별시 서대문구청,2025-01-01
홍은2동502,서울특별시 서대문구 홍은동294-33,126.9281927,37.5785393,한전주,02-330-1562~3,서울특별시 서대문구청,2025-01-01
홍은2동491,서울특별시 서대문구 홍은동294-37,126.9287481,37.5784903,건축물,02-330-1562~3,서울특별시 서대문구청,2025-01-01
홍은2동494,서울특별시 서대문구 홍은동294-38,126.9286473,37.5784173,한전주,02-330-1562~3,서울특별시 서대문구청,2025-01-01
홍은2동492,서울특별시 서대문구 홍은동294-45,126.9285004,37.578398,건축물,02-330-1562~3,서울특별시 서대문구청,2025-01-01
홍은2동504,서울특별시 서대문구 홍은동294-5,126.9285285,37.5788037,통신주,02-330-1562~3,서울특별시 서대문구청,2025-01-01
홍은2동912,서울특별시 서대문구 홍은동294-5,126.9285285,37.5788037,한전주,02-330-1562~3,서울특별시 서대문구청,2025-01-01
홍은2동1306,서울특별시 서대문구 홍은동294-6,126.9284736,37.5786861,건축물,02-330-1562~3,서울특별시 서대문구청,2025-01-01
홍은2동495,서울특별시 서대문구 홍은동295-1,126.928802,37.57868,한전주,02-330-1562~3,서울특별시 서대문구청,2025-01-01
홍은2동10153,서울특별시 서대문구 홍은동295-18,126.9280876,37.5787636,한전주,02-330-1562~3,서울특별시 서대문구청,2025-01-01
홍은2동497,서울특별시 서대문구 홍은동295-25,126.9292696,37.578441,한전주,02-330-1562~3,서울특별시 서대문구청,2025-01-01
홍은2동496,서울특별시 서대문구 홍은동295-4,126.9289156,37.578654,한전주,02-330-1562~3,서울특별시 서대문구청,2025-01-01
홍은2동498,서울특별시 서대문구 홍은동295-9,126.9295085,37.5783621,건축물,02-330-1562~3,서울특별시 서대문구청,2025-01-01
홍은2동1-9-1,서울특별시 서대문구 홍은동396-11,126.9285624,37.5803898,전용주,02-330-1562~3,서울특별시 서대문구청,2025-01-01
홍은2동701-1,서울특별시 서대문구 홍은동304-1,126.9278793,37.5830236,한전주,02-330-1562~3,서울특별시 서대문구청,2025-01-01
홍은2동633,서울특별시 서대문구 홍은동310-1,126.9305289,37.5830026,씨피주,02-330-1562~3,서울특별시 서대문구청,2025-01-01
홍은2동385,서울특별시 서대문구 홍은동312-189,126.9292205,37.5842432,전용주,02-330-1562~3,서울특별시 서대문구청,2025-01-01
홍은2동708-1,서울특별시 서대문구 홍은동314-1,126.9284194,37.5848396,한전주,02-330-1562~3,서울특별시 서대문구청,2025-01-01
홍은2동1-10,서울특별시 서대문구 홍은동315-52,126.9283436,37.5853885,건축물,02-330-1562~3,서울특별시 서대문구청,2025-01-01
홍은2동1-18,서울특별시 서대문구 홍은동316-10,126.92796,37.5860788,건축물,02-330-1562~3,서울특별시 서대문구청,2025-01-01
홍은2동1-19,서울특별시 서대문구 홍은동316-10,126.92796,37.5860788,건축물,02-330-1562~3,서울특별시 서대문구청,2025-01-01
홍은2동466,서울특별시 서대문구 홍은동321-11,126.9272168,37.5857928,한전주,02-330-1562~3,서울특별시 서대문구청,2025-01-01
홍은2동8021,서울특별시 서대문구 홍은동321-2,126.9273226,37.5863163,건축물,02-330-1562~3,서울특별시 서대문구청,2025-01-01
홍은2동822,서울특별시 서대문구 홍은동321-2,126.9273226,37.5863163,한전주,02-330-1562~3,서울특별시 서대문구청,2025-01-01
홍은2동4062,서울특별시 서대문구 홍은동321-2,126.9273226,37.5863163,건축물,02-330-1562~3,서울특별시 서대문구청,2025-01-01
홍은2동8020,서울특별시 서대문구 홍은동321-2,126.9273226,37.5863163,건축물,02-330-1562~3,서울특별시 서대문구청,2025-01-01
홍은2동4062-1,서울특별시 서대문구 홍은동321-2,126.9273226,37.5863163,건축물,02-330-1562~3,서울특별시 서대문구청,2025-01-01
홍은2동462,서울특별시 서대문구 홍은동321-2,126.9273226,37.5863163,한전주,02-330-1562~3,서울특별시 서대문구청,2025-01-01
홍은2동8021-1,서울특별시 서대문구 홍은동321-2,126.9273226,37.5863163,건축물,02-330-1562~3,서울특별시 서대문구청,2025-01-01
홍은2동662,서울특별시 서대문구 홍은동321-7,126.9270322,37.5860344,한전주,02-330-1562~3,서울특별시 서대문구청,2025-01-01
홍은2동3,서울특별시 서대문구 홍은동321-9,126.9272707,37.5859825,건축물,02-330-1562~3,서울특별시 서대문구청,2025-01-01
홍은2동456,서울특별시 서대문구 홍은동322-1,126.9268002,37.5856358,통신주,02-330-1562~3,서울특별시 서대문구청,2025-01-01
홍은2동4056,서울특별시 서대문구 홍은동322-1,126.9268002,37.5856358,전용주,02-330-1562~3,서울특별시 서대문구청,2025-01-01
홍은2동726-1,서울특별시 서대문구 홍은동322-1,126.9268002,37.5856358,통신주,02-330-1562~3,서울특별시 서대문구청,2025-01-01
홍은2동10008,서울특별시 서대문구 홍은동322-1,126.9268002,37.5856358,건축물,02-330-1562~3,서울특별시 서대문구청,2025-01-01
홍은2동396,서울특별시 서대문구 홍은동322-1,126.9268002,37.5856358,전용주,02-330-1562~3,서울특별시 서대문구청,2025-01-01
홍은2동465,서울특별시 서대문구 홍은동322-2,126.9270694,37.5858095,씨피주,02-330-1562~3,서울특별시 서대문구청,2025-01-01
홍은2동3090,서울특별시 서대문구 홍은동323-15,126.9258704,37.5841497,전용주,02-330-1562~3,서울특별시 서대문구청,2025-01-01
홍은2동8092,서울특별시 서대문구 홍은동323-15,126.9258704,37.5841497,전용주,02-330-1562~3,서울특별시 서대문구청,2025-01-01
홍은2동874,서울특별시 서대문구 홍은동323-23,126.9273279,37.5851541,건축물,02-330-1562~3,서울특별시 서대문구청,2025-01-01
홍은2동836,서울특별시 서대문구 홍은동323-4,126.9271597,37.5850444,한전주,02-330-1562~3,서울특별시 서대문구청,2025-01-01
홍은2동400,서울특별시 서대문구 홍은동325-12,126.9260599,37.5851515,한전주,02-330-1562~3,서울특별시 서대문구청,2025-01-01
홍은2동916,서울특별시 서대문구 홍은동325-13,126.9261975,37.5850266,전용주,02-330-1562~3,서울특별시 서대문구청,2025-01-01
홍은2동402,서울특별시 서대문구 홍은동325-15,126.9258788,37.5851409,한전주,02-330-1562~3,서울특별시 서대문구청,2025-01-01
홍은2동397,서울특별시 서대문구 홍은동325-24,126.9263515,37.5853434,한전주,02-330-1562~3,서울특별시 서대문구청,2025-01-01
홍은2동403,서울특별시 서대문구 홍은동325-33,126.92579,37.5850229,한전주,02-330-1562~3,서울특별시 서대문구청,2025-01-01
홍은2동398,서울특별시 서대문구 홍은동325-5,126.9262366,37.5854595,한전주,02-330-1562~3,서울특별시 서대문구청,2025-01-01
홍은2동393,서울특별시 서대문구 홍은동325-14,126.926357,37.584956,한전주,02-330-1562~3,서울특별시 서대문구청,2025-01-01
홍은2동3099,서울특별시 서대문구 홍은동326-2,126.9260309,37.5855928,전용주,02-330-1562~3,서울특별시 서대문구청,2025-01-01
홍은2동401,서울특별시 서대문구 홍은동326-4,126.9259649,37.585457,한전주,02-330-1562~3,서울특별시 서대문구청,2025-01-01
홍은2동1311,서울특별시 서대문구 홍은동331-1,126.9270458,37.5866652,한전주,02-330-1562~3,서울특별시 서대문구청,2025-01-01
홍은2동467,서울특별시 서대문구 홍은동331-1,126.9270458,37.5866652,한전주,02-330-1562~3,서울특별시 서대문구청,2025-01-01
홍은2동672,서울특별시 서대문구 홍은동331-1,126.9270458,37.5866652,전용주,02-330-1562~3,서울특별시 서대문구청,2025-01-01
홍은2동463,서울특별시 서대문구 홍은동331-1,126.9270458,37.5866652,전용주,02-330-1562~3,서울특별시 서대문구청,2025-01-01
홍은2동7026,서울특별시 서대문구 홍은동331-11,126.9267705,37.5861221,전용주,02-330-1562~3,서울특별시 서대문구청,2025-01-01
홍은2동8013,서울특별시 서대문구 홍은동331-3,126.9268772,37.5865826,한전주,02-330-1562~3,서울특별시 서대문구청,2025-01-01
홍은2동813,서울특별시 서대문구 홍은동331-4,126.9268332,37.5864921,건축물,02-330-1562~3,서울특별시 서대문구청,2025-01-01
홍은2동461,서울특별시 서대문구 홍은동331-6,126.9268584,37.5863121,전용주,02-330-1562~3,서울특별시 서대문구청,2025-01-01
홍은2동775,서울특별시 서대문구 홍은동331-9,126.9264861,37.5862186,건축물,02-330-1562~3,서울특별시 서대문구청,2025-01-01
홍은2동459,서울특별시 서대문구 홍은동331-9,126.9264861,37.5862186,한전주,02-330-1562~3,서울특별시 서대문구청,2025-01-01
홍은2동6062,서울특별시 서대문구 홍은동331-9,126.9264861,37.5862186,건축물,02-330-1562~3,서울특별시 서대문구청,2025-01-01
홍은2동776,서울특별시 서대문구 홍은동331-9,126.9264861,37.5862186,건축물,02-330-1562~3,서울특별시 서대문구청,2025-01-01
홍은2동9676,서울특별시 서대문구 홍은동332-16,126.9254611,37.5858489,건축물,02-330-1562~3,서울특별시 서대문구청,2025-01-01
홍은2동774,서울특별시 서대문구 홍은동332-7,126.9256339,37.5856432,한전주,02-330-1562~3,서울특별시 서대문구청,2025-01-01
홍은2동454,서울특별시 서대문구 홍은동332-8,126.9254758,37.5856148,한전주,02-330-1562~3,서울특별시 서대문구청,2025-01-01
홍은2동837,서울특별시 서대문구 홍은동333-26,126.9243562,37.5855235,한전주,02-330-1562~3,서울특별시 서대문구청,2025-01-01
홍은2동436,서울특별시 서대문구 홍은동334-12,126.9245437,37.5858676,한전주,02-330-1562~3,서울특별시 서대문구청,2025-01-01
홍은2동438,서울특별시 서대문구 홍은동334-16,126.9243193,37.5857214,한전주,02-330-1562~3,서울특별시 서대문구청,2025-01-01
홍은2동439,서울특별시 서대문구 홍은동334-17,126.9242642,37.5856217,건축물,02-330-1562~3,서울특별시 서대문구청,2025-01-01
홍은2동451,서울특별시 서대문구 홍은동334-25,126.924502,37.5856149,건축물,02-330-1562~3,서울특별시 서대문구청,2025-01-01
홍은2동449,서울특별시 서대문구 홍은동334-18,126.9242316,37.5855223,한전주,02-330-1562~3,서울특별시 서대문구청,2025-01-01
홍은2동452,서울특별시 서대문구 홍은동334-27,126.9246407,37.5854179,한전주,02-330-1562~3,서울특별시 서대문구청,2025-01-01
홍은2동434,서울특별시 서대문구 홍은동335-12,126.9250907,37.5856203,한전주,02-330-1562~3,서울특별시 서대문구청,2025-01-01
홍은2동773,서울특별시 서대문구 홍은동335-60,126.9250475,37.5854757,한전주,02-330-1562~3,서울특별시 서대문구청,2025-01-01
홍은2동453,서울특별시 서대문구 홍은동335-60,126.9250475,37.5854757,전용주,02-330-1562~3,서울특별시 서대문구청,2025-01-01
홍은2동10153-1,서울특별시 서대문구 홍은동338-111,126.9249436,37.5871867,건축물,02-330-1562~3,서울특별시 서대문구청,2025-01-01
홍은2동414,서울특별시 서대문구 홍은동338-125,126.9253691,37.5867311,건축물,02-330-1562~3,서울특별시 서대문구청,2025-01-01
홍은2동4055,서울특별시 서대문구 홍은동338-129,126.9260597,37.5859535,전용주,02-330-1562~3,서울특별시 서대문구청,2025-01-01
홍은2동9634,서울특별시 서대문구 홍은동338-155,126.9235304,37.5854709,전용주,02-330-1562~3,서울특별시 서대문구청,2025-01-01
홍은2동441,서울특별시 서대문구 홍은동338-165,126.9236238,37.5860574,건축물,02-330-1562~3,서울특별시 서대문구청,2025-01-01
홍은2동9628,서울특별시 서대문구 홍은동338-165,126.9236238,37.5860574,건축물,02-330-1562~3,서울특별시 서대문구청,2025-01-01
홍은2동422,서울특별시 서대문구 홍은동338-20,126.923799,37.5864735,건축물,02-330-1562~3,서울특별시 서대문구청,2025-01-01
홍은2동442-1,서울특별시 서대문구 홍은동338-21,126.9237666,37.5863651,건축물,02-330-1562~3,서울특별시 서대문구청,2025-01-01
홍은2동446,서울특별시 서대문구 홍은동338-274,126.9238839,37.5852939,한전주,02-330-1562~3,서울특별시 서대문구청,2025-01-01
홍은2동10011,서울특별시 서대문구 홍은동338-36,126.9241298,37.5870892,한전주,02-330-1562~3,서울특별시 서대문구청,2025-01-01
홍은2동443,서울특별시 서대문구 홍은동338-86,126.9238439,37.585717,건축물,02-330-1562~3,서울특별시 서대문구청,2025-01-01
홍은2동4044,서울특별시 서대문구 홍은동338-9,126.9235282,37.585624,한전주,02-330-1562~3,서울특별시 서대문구청,2025-01-01
홍은2동624,서울특별시 서대문구 홍은동341-10,126.9231422,37.5849087,한전주,02-330-1562~3,서울특별시 서대문구청,2025-01-01
홍은2동59,서울특별시 서대문구 홍은동341-10,126.9231422,37.5849087,한전주,02-330-1562~3,서울특별시 서대문구청,2025-01-01
홍은2동625,서울특별시 서대문구 홍은동341-9,126.9232593,37.5846395,한전주,02-330-1562~3,서울특별시 서대문구청,2025-01-01
홍은2동4048,서울특별시 서대문구 홍은동342-10,126.924067,37.5851604,한전주,02-330-1562~3,서울특별시 서대문구청,2025-01-01
홍은2동448,서울특별시 서대문구 홍은동342-11,126.9242277,37.5850087,건축물,02-330-1562~3,서울특별시 서대문구청,2025-01-01
홍은2동445,서울특별시 서대문구 홍은동334-18,126.9242316,37.5855223,한전주,02-330-1562~3,서울특별시 서대문구청,2025-01-01
홍은2동9807,서울특별시 서대문구 홍은동342-16,126.923808,37.5850589,한전주,02-330-1562~3,서울특별시 서대문구청,2025-01-01
홍은2동622,서울특별시 서대문구 홍은동345-1,126.9233296,37.5844779,건축물,02-330-1562~3,서울특별시 서대문구청,2025-01-01
홍은2동6018,서울특별시 서대문구 홍은동346-11,126.923786,37.5842298,전용주,02-330-1562~3,서울특별시 서대문구청,2025-01-01
홍은2동218-1,서울특별시 서대문구 홍은동346-13,126.9237444,37.5839771,한전주,02-330-1562~3,서울특별시 서대문구청,2025-01-01
홍은2동618,서울특별시 서대문구 홍은동346-17,126.9239107,37.5842219,전용주,02-330-1562~3,서울특별시 서대문구청,2025-01-01
홍은2동339,서울특별시 서대문구 홍은동349-4,126.9241012,37.5843588,건축물,02-330-1562~3,서울특별시 서대문구청,2025-01-01
남가좌2동268-1,서울특별시 서대문구 홍은동352-8,126.924168,37.5836476,한전주,02-330-1562~3,서울특별시 서대문구청,2025-01-01
홍은2동223,서울특별시 서대문구 홍은동354-8,126.9244573,37.5832178,통신주,02-330-1562~3,서울특별시 서대문구청,2025-01-01
홍은2동8099,서울특별시 서대문구 홍은동356-25,126.9256334,37.5833096,전용주,02-330-1562~3,서울특별시 서대문구청,2025-01-01
홍은2동8299,서울특별시 서대문구 홍은동356-39,126.9255328,37.5832185,한전주,02-330-1562~3,서울특별시 서대문구청,2025-01-01
홍은2동376,서울특별시 서대문구 홍은동361-20,126.9264643,37.5837947,한전주,02-330-1562~3,서울특별시 서대문구청,2025-01-01
홍은2동3089,서울특별시 서대문구 홍은동361-20,126.9264643,37.5837947,전용주,02-330-1562~3,서울특별시 서대문구청,2025-01-01
홍은2동894,서울특별시 서대문구 홍은동361-21,126.9259253,37.5834834,건축물,02-330-1562~3,서울특별시 서대문구청,2025-01-01
홍은2동3088,서울특별시 서대문구 홍은동361-22,126.9262249,37.5846935,전용주,02-330-1562~3,서울특별시 서대문구청,2025-01-01
홍은2동380,서울특별시 서대문구 홍은동361-23,126.9262249,37.5846935,씨피주,02-330-1562~3,서울특별시 서대문구청,2025-01-01
홍은2동390,서울특별시 서대문구 홍은동361-20,126.9264643,37.5837947,한전주,02-330-1562~3,서울특별시 서대문구청,2025-01-01
홍은2동391,서울특별시 서대문구 홍은동361-30,126.9265904,37.5844716,한전주,02-330-1562~3,서울특별시 서대문구청,2025-01-01
홍은2동873,서울특별시 서대문구 홍은동361-30,126.9265904,37.5844716,한전주,02-330-1562~3,서울특별시 서대문구청,2025-01-01
홍은2동1391,서울특별시 서대문구 홍은동361-6,126.9260545,37.584737,통신주,02-330-1562~3,서울특별시 서대문구청,2025-01-01
홍은2동657,서울특별시 서대문구 홍은동361-30,126.9265904,37.5844716,한전주,02-330-1562~3,서울특별시 서대문구청,2025-01-01
홍은2동392,서울특별시 서대문구 홍은동361-5,126.9261228,37.5847106,한전주,02-330-1562~3,서울특별시 서대문구청,2025-01-01
홍은2동794,서울특별시 서대문구 홍은동361-30,126.9265904,37.5844716,전용주,02-330-1562~3,서울특별시 서대문구청,2025-01-01
홍은2동795,서울특별시 서대문구 홍은동361-30,126.9265904,37.5844716,전용주,02-330-1562~3,서울특별시 서대문구청,2025-01-01
홍은2동796,서울특별시 서대문구 홍은동361-30,126.9265904,37.5844716,전용주,02-330-1562~3,서울특별시 서대문구청,2025-01-01
홍은2동659,서울특별시 서대문구 홍은동361-30,126.9265904,37.5844716,전용주,02-330-1562~3,서울특별시 서대문구청,2025-01-01
홍은2동10075-1,서울특별시 서대문구 홍은동361-30,126.9265904,37.5844716,전용주,02-330-1562~3,서울특별시 서대문구청,2025-01-01
홍은2동7094,서울특별시 서대문구 홍은동361-30,126.9265904,37.5844716,전용주,02-330-1562~3,서울특별시 서대문구청,2025-01-01
홍은2동3085,서울특별시 서대문구 홍은동361-63,126.9258353,37.5834465,전용주,02-330-1562~3,서울특별시 서대문구청,2025-01-01
홍은2동382,서울특별시 서대문구 홍은동361-63,126.9258353,37.5834465,한전주,02-330-1562~3,서울특별시 서대문구청,2025-01-01
홍은2동705,서울특별시 서대문구 홍은동362-1,126.9263349,37.583343,건축물,02-330-1562~3,서울특별시 서대문구청,2025-01-01
홍은2동381,서울특별시 서대문구 홍은동363-1,126.926652,37.5833368,건축물,02-330-1562~3,서울특별시 서대문구청,2025-01-01
홍은2동379,서울특별시 서대문구 홍은동362-3,126.9266393,37.5834358,전용주,02-330-1562~3,서울특별시 서대문구청,2025-01-01
홍은2동3081,서울특별시 서대문구 홍은동362-3,126.9266393,37.5834358,건축물,02-330-1562~3,서울특별시 서대문구청,2025-01-01
홍은2동895,서울특별시 서대문구 홍은동362-5,126.9261427,37.5833232,한전주,02-330-1562~3,서울특별시 서대문구청,2025-01-01
홍은2동386,서울특별시 서대문구 홍은동365-2,126.9262411,37.5827835,한전주,02-330-1562~3,서울특별시 서대문구청,2025-01-01
홍은2동387,서울특별시 서대문구 홍은동365-2,126.9262411,37.5827835,전용주,02-330-1562~3,서울특별시 서대문구청,2025-01-01
홍은2동383,서울특별시 서대문구 홍은동365-25,126.9260784,37.5830703,건축물,02-330-1562~3,서울특별시 서대문구청,2025-01-01
홍은2동668,서울특별시 서대문구 홍은동366-13,126.9259292,37.5832131,건축물,02-330-1562~3,서울특별시 서대문구청,2025-01-01
홍은2동3034,서울특별시 서대문구 홍은동425-3,126.9363836,37.5829204,한전주,02-330-1562~3,서울특별시 서대문구청,2025-01-01
홍은2동9654,서울특별시 서대문구 홍은동366-3,126.9259228,37.5828707,건축물,02-330-1562~3,서울특별시 서대문구청,2025-01-01
홍은2동384,서울특별시 서대문구 홍은동366-4,126.9259322,37.5830059,한전주,02-330-1562~3,서울특별시 서대문구청,2025-01-01
홍은2동372,서울특별시 서대문구 홍은동376-11,126.9266904,37.5830308,통신주,02-330-1562~3,서울특별시 서대문구청,2025-01-01
홍은2동378,서울특별시 서대문구 홍은동376-12,126.9268432,37.5834287,전용주,02-330-1562~3,서울특별시 서대문구청,2025-01-01
홍은2동373,서울특별시 서대문구 홍은동376-14,126.9267776,37.5832659,한전주,02-330-1562~3,서울특별시 서대문구청,2025-01-01
홍은2동1-14,서울특별시 서대문구 홍은동376-16,126.926564,37.5831558,통신주,02-330-1562~3,서울특별시 서대문구청,2025-01-01
홍은2동1372,서울특별시 서대문구 홍은동376-17,126.9268032,37.5830589,전용주,02-330-1562~3,서울특별시 서대문구청,2025-01-01
홍은2동798,서울특별시 서대문구 홍은동376-19,126.9270303,37.5830159,건축물,02-330-1562~3,서울특별시 서대문구청,2025-01-01
홍은2동789,서울특별시 서대문구 홍은동376-19,126.9270303,37.5830159,건축물,02-330-1562~3,서울특별시 서대문구청,2025-01-01
홍은2동702,서울특별시 서대문구 홍은동376-25,126.9273754,37.5826316,전용주,02-330-1562~3,서울특별시 서대문구청,2025-01-01
홍은2동369,서울특별시 서대문구 홍은동376-25,126.9273754,37.5826316,건축물,02-330-1562~3,서울특별시 서대문구청,2025-01-01
홍은2동3075,서울특별시 서대문구 홍은동376-27,126.9272413,37.5832971,전용주,02-330-1562~3,서울특별시 서대문구청,2025-01-01
홍은2동375,서울특별시 서대문구 홍은동376-28,126.9273705,37.582974,한전주,02-330-1562~3,서울특별시 서대문구청,2025-01-01
홍은2동370,서울특별시 서대문구 홍은동377-9,126.9270466,37.5826647,한전주,02-330-1562~3,서울특별시 서대문구청,2025-01-01
홍은2동3074,서울특별시 서대문구 홍은동376-35,126.9270907,37.5835391,전용주,02-330-1562~3,서울특별시 서대문구청,2025-01-01
홍은2동669,서울특별시 서대문구 홍은동376-4,126.926991,37.583385,한전주,02-330-1562~3,서울특별시 서대문구청,2025-01-01
홍은2동374,서울특별시 서대문구 홍은동376-4,126.926991,37.583385,한전주,02-330-1562~3,서울특별시 서대문구청,2025-01-01
홍은2동700,서울특별시 서대문구 홍은동376-41,126.9275303,37.5828853,한전주,02-330-1562~3,서울특별시 서대문구청,2025-01-01
홍은2동7002,서울특별시 서대문구 홍은동376-8,126.9275653,37.5828135,전용주,02-330-1562~3,서울특별시 서대문구청,2025-01-01
홍은2동1310,서울특별시 서대문구 홍은동377-14,126.9271355,37.5827826,건축물,02-330-1562~3,서울특별시 서대문구청,2025-01-01
홍은2동3070,서울특별시 서대문구 홍은동377-8,126.9267218,37.5824184,한전주,02-330-1562~3,서울특별시 서대문구청,2025-01-01
홍은2동703-1,서울특별시 서대문구 홍은동378-2,126.9271736,37.5824946,한전주,02-330-1562~3,서울특별시 서대문구청,2025-01-01
홍은2동632,서울특별시 서대문구 홍은동381-5,126.9272233,37.5821887,건축물,02-330-1562~3,서울특별시 서대문구청,2025-01-01
홍은2동884-1,서울특별시 서대문구 홍은동392-1,126.9274045,37.5821814,한전주,02-330-1562~3,서울특별시 서대문구청,2025-01-01
홍은2동868,서울특별시 서대문구 홍은동392-13,126.9287717,37.5807972,한전주,02-330-1562~3,서울특별시 서대문구청,2025-01-01
홍은2동869,서울특별시 서대문구 홍은동392-13,126.9287717,37.5807972,통신주,02-330-1562~3,서울특별시 서대문구청,2025-01-01
홍은2동10072-1,서울특별시 서대문구 홍은동392-3,126.9276789,37.5819946,한전주,02-330-1562~3,서울특별시 서대문구청,2025-01-01
홍은2동3069,서울특별시 서대문구 홍은동392-5,126.9278055,37.5818516,한전주,02-330-1562~3,서울특별시 서대문구청,2025-01-01
홍은2동350,서울특별시 서대문구 홍은동393-3,126.9297231,37.5799769,한전주,02-330-1562~3,서울특별시 서대문구청,2025-01-01
홍은2동352,서울특별시 서대문구 홍은동393-7,126.9292199,37.5803327,한전주,02-330-1562~3,서울특별시 서대문구청,2025-01-01
홍은2동2602,서울특별시 서대문구 홍은동393-7,126.9292199,37.5803327,한전주,02-330-1562~3,서울특별시 서대문구청,2025-01-01
홍은2동3046,서울특별시 서대문구 홍은동394-1,126.9300008,37.5795559,한전주,02-330-1562~3,서울특별시 서대문구청,2025-01-01
홍은2동342,서울특별시 서대문구 홍은동394-11,126.9305526,37.5789752,한전주,02-330-1562~3,서울특별시 서대문구청,2025-01-01
홍은2동320,서울특별시 서대문구 홍은동394-16,126.9307799,37.5789142,전용주,02-330-1562~3,서울특별시 서대문구청,2025-01-01
홍은2동327,서울특별시 서대문구 홍은동394-17,126.930825,37.5789236,전용주,02-330-1562~3,서울특별시 서대문구청,2025-01-01
홍은2동340,서울특별시 서대문구 홍은동394-4,126.9309202,37.5786001,한전주,02-330-1562~3,서울특별시 서대문구청,2025-01-01
홍은2동346,서울특별시 서대문구 홍은동394-5,126.9302067,37.5794136,한전주,02-330-1562~3,서울특별시 서대문구청,2025-01-01
홍은2동343,서울특별시 서대문구 홍은동394-7,126.9303343,37.5791985,통신주,02-330-1562~3,서울특별시 서대문구청,2025-01-01
홍은2동341,서울특별시 서대문구 홍은동395-14,126.9304647,37.5787852,건축물,02-330-1562~3,서울특별시 서대문구청,2025-01-01
홍은2동3039,서울특별시 서대문구 홍은동395-16,126.9304335,37.5785957,건축물,02-330-1562~3,서울특별시 서대문구청,2025-01-01
홍은2동334,서울특별시 서대문구 홍은동395-2,126.9295156,37.5794434,전용주,02-330-1562~3,서울특별시 서대문구청,2025-01-01
홍은2동3247,서울특별시 서대문구 홍은동395-4,126.9294848,37.5792268,한전주,02-330-1562~3,서울특별시 서대문구청,2025-01-01
홍은2동344,서울특별시 서대문구 홍은동395-45,126.9299639,37.5789699,통신주,02-330-1562~3,서울특별시 서대문구청,2025-01-01
홍은2동335,서울특별시 서대문구 홍은동395-46,126.9300446,37.5788715,한전주,02-330-1562~3,서울특별시 서대문구청,2025-01-01
홍은2동347,서울특별시 서대문구 홍은동395-5,126.9295968,37.5793089,한전주,02-330-1562~3,서울특별시 서대문구청,2025-01-01
홍은2동345,서울특별시 서대문구 홍은동395-50,126.9303412,37.578712,한전주,02-330-1562~3,서울특별시 서대문구청,2025-01-01
홍은2동3047,서울특별시 서대문구 홍은동395-6,126.9296973,37.579409,건축물,02-330-1562~3,서울특별시 서대문구청,2025-01-01
홍은2동354,서울특별시 서대문구 홍은동396-11,126.9285624,37.5803898,한전주,02-330-1562~3,서울특별시 서대문구청,2025-01-01
홍은2동351,서울특별시 서대문구 홍은동396-20,126.9292285,37.5797291,한전주,02-330-1562~3,서울특별시 서대문구청,2025-01-01
홍은2동349,서울특별시 서대문구 홍은동396-23,126.9293434,37.579613,한전주,02-330-1562~3,서울특별시 서대문구청,2025-01-01
홍은2동353,서울특별시 서대문구 홍은동396-39,126.9287117,37.580238,한전주,02-330-1562~3,서울특별시 서대문구청,2025-01-01
홍은2동728,서울특별시 서대문구 홍은동396-40,126.9288611,37.5800862,전용주,02-330-1562~3,서울특별시 서대문구청,2025-01-01
홍은2동352-1,서울특별시 서대문구 홍은동396-5,126.9291092,37.5801515,건축물,02-330-1562~3,서울특별시 서대문구청,2025-01-01
홍은2동352-2,서울특별시 서대문구 홍은동396-8,126.9291243,37.5798903,한전주,02-330-1562~3,서울특별시 서대문구청,2025-01-01
홍은2동883,서울특별시 서대문구 홍은동397-1,126.927432,37.5818482,한전주,02-330-1562~3,서울특별시 서대문구청,2025-01-01
홍은2동363,서울특별시 서대문구 홍은동397-1,126.927432,37.5818482,한전주,02-330-1562~3,서울특별시 서대문구청,2025-01-01
홍은2동360,서울특별시 서대문구 홍은동397-10,126.9278332,37.5815005,한전주,02-330-1562~3,서울특별시 서대문구청,2025-01-01
홍은2동362,서울특별시 서대문구 홍은동397-11,126.9279601,37.5813394,건축물,02-330-1562~3,서울특별시 서대문구청,2025-01-01
홍은2동782,서울특별시 서대문구 홍은동397-19,126.9278394,37.581068,건축물,02-330-1562~3,서울특별시 서대문구청,2025-01-01
홍은2동10146,서울특별시 서대문구 홍은동397-19,126.9278394,37.581068,한전주,02-330-1562~3,서울특별시 서대문구청,2025-01-01
홍은2동359,서울특별시 서대문구 홍은동397-20,126.9280079,37.5811597,한전주,02-330-1562~3,서울특별시 서대문구청,2025-01-01
홍은2동9936,서울특별시 서대문구 홍은동397-22,126.9281333,37.5810977,한전주,02-330-1562~3,서울특별시 서대문구청,2025-01-01
홍은2동9936-1,서울특별시 서대문구 홍은동397-22,126.9281333,37.5810977,통신주,02-330-1562~3,서울특별시 서대문구청,2025-01-01
홍은2동879,서울특별시 서대문구 홍은동397-24,126.9278303,37.5809148,건축물,02-330-1562~3,서울특별시 서대문구청,2025-01-01
홍은2동358,서울특별시 서대문구 홍은동397-27,126.9281026,37.5808722,건축물,02-330-1562~3,서울특별시 서대문구청,2025-01-01
홍은2동357,서울특별시 서대문구 홍은동397-29,126.9283627,37.5808926,한전주,02-330-1562~3,서울특별시 서대문구청,2025-01-01
홍은2동302,서울특별시 서대문구 홍은동397-33,126.9278121,37.5813921,전용주,02-330-1562~3,서울특별시 서대문구청,2025-01-01
홍은2동10098-1,서울특별시 서대문구 홍은동397-37,126.9283761,37.5807485,건축물,02-330-1562~3,서울특별시 서대문구청,2025-01-01
홍은2동355,서울특별시 서대문구 홍은동397-37,126.9283761,37.5807485,건축물,02-330-1562~3,서울특별시 서대문구청,2025-01-01
홍은2동361,서울특별시 서대문구 홍은동397-43,126.9275147,37.5816057,건축물,02-330-1562~3,서울특별시 서대문구청,2025-01-01
홍은2동367,서울특별시 서대문구 홍은동398-1,126.927041,37.5822682,한전주,02-330-1562~3,서울특별시 서대문구청,2025-01-01
홍은2동3067,서울특별시 서대문구 홍은동398-2,126.9271555,37.5821791,한전주,02-330-1562~3,서울특별시 서대문구청,2025-01-01
홍은2동10055,서울특별시 서대문구 홍은동398-4,126.9271707,37.5819089,한전주,02-330-1562~3,서울특별시 서대문구청,2025-01-01
홍은2동365,서울특별시 서대문구 홍은동398-5,126.9270786,37.5820162,건축물,02-330-1562~3,서울특별시 서대문구청,2025-01-01
홍은2동366,서울특별시 서대문구 홍은동398-6,126.9269183,37.5821409,한전주,02-330-1562~3,서울특별시 서대문구청,2025-01-01
홍은2동690,서울특별시 서대문구 홍은동399-1,126.9251151,37.5823497,한전주,02-330-1562~3,서울특별시 서대문구청,2025-01-01
홍은2동6037,서울특별시 서대문구 홍은동399-1,126.9251151,37.5823497,한전주,02-330-1562~3,서울특별시 서대문구청,2025-01-01
홍은2동637,서울특별시 서대문구 홍은동399-1,126.9251151,37.5823497,한전주,02-330-1562~3,서울특별시 서대문구청,2025-01-01
홍은2동599,서울특별시 서대문구 홍은동400-14,126.9263154,37.5815497,한전주,02-330-1562~3,서울특별시 서대문구청,2025-01-01
홍은2동597,서울특별시 서대문구 홍은동400-18,126.9254651,37.582416,한전주,02-330-1562~3,서울특별시 서대문구청,2025-01-01
홍은2동598,서울특별시 서대문구 홍은동400-25,126.9253774,37.582217,통신주,02-330-1562~3,서울특별시 서대문구청,2025-01-01
홍은2동596,서울특별시 서대문구 홍은동400-27,126.925539,37.5820022,한전주,02-330-1562~3,서울특별시 서대문구청,2025-01-01
홍은2동525-2,서울특별시 서대문구 홍은동400-29,126.9257222,37.5818597,전용주,02-330-1562~3,서울특별시 서대문구청,2025-01-01
홍은2동595,서울특별시 서대문구 홍은동400-31,126.925883,37.581699,한전주,02-330-1562~3,서울특별시 서대문구청,2025-01-01
홍은2동594,서울특별시 서대문구 홍은동400-35,126.926159,37.5814042,한전주,02-330-1562~3,서울특별시 서대문구청,2025-01-01
홍은2동5094,서울특별시 서대문구 홍은동400-36,126.926251,37.5813059,한전주,02-330-1562~3,서울특별시 서대문구청,2025-01-01
홍은2동601,서울특별시 서대문구 홍은동400-43,126.9256681,37.581688,한전주,02-330-1562~3,서울특별시 서대문구청,2025-01-01
홍은2동60,서울특별시 서대문구 홍은동400-49,126.9256261,37.5822463,건축물,02-330-1562~3,서울특별시 서대문구청,2025-01-01
홍은2동609,서울특별시 서대문구 홍은동401-12,126.9250953,37.5813674,건축물,02-330-1562~3,서울특별시 서대문구청,2025-01-01
홍은2동608,서울특별시 서대문구 홍은동401-12,126.9250953,37.5813674,한전주,02-330-1562~3,서울특별시 서대문구청,2025-01-01
홍은2동242,서울특별시 서대문구 홍은동401-13,126.9250523,37.5812049,한전주,02-330-1562~3,서울특별시 서대문구청,2025-01-01
홍은2동9244,서울특별시 서대문구 홍은동401-15,126.9251372,37.5808092,한전주,02-330-1562~3,서울특별시 서대문구청,2025-01-01
홍은2동600,서울특별시 서대문구 홍은동401-2,126.9253507,37.5817122,건축물,02-330-1562~3,서울특별시 서대문구청,2025-01-01
홍은2동6007,서울특별시 서대문구 홍은동401-22,126.9253265,37.5810362,건축물,02-330-1562~3,서울특별시 서대문구청,2025-01-01
홍은2동606,서울특별시 서대문구 홍은동401-27,126.9252844,37.5808105,한전주,02-330-1562~3,서울특별시 서대문구청,2025-01-01
홍은2동602,서울특별시 서대문구 홍은동401-30,126.9256496,37.5813995,한전주,02-330-1562~3,서울특별시 서대문구청,2025-01-01
홍은2동2604,서울특별시 서대문구 홍은동401-34,126.9255832,37.5812908,건축물,02-330-1562~3,서울특별시 서대문구청,2025-01-01
홍은2동607,서울특별시 서대문구 홍은동401-39,126.9256084,37.5811108,한전주,02-330-1562~3,서울특별시 서대문구청,2025-01-01
홍은2동603,서울특별시 서대문구 홍은동401-40,126.9259147,37.5810685,한전주,02-330-1562~3,서울특별시 서대문구청,2025-01-01
홍은2동604,서울특별시 서대문구 홍은동401-41,126.9257692,37.5809501,한전주,02-330-1562~3,서울특별시 서대문구청,2025-01-01
홍은2동9243,서울특별시 서대문구 홍은동401-43,126.9250895,37.5809799,한전주,02-330-1562~3,서울특별시 서대문구청,2025-01-01
홍은2동10100,서울특별시 서대문구 홍은동401-43,126.9250895,37.5809799,한전주,02-330-1562~3,서울특별시 서대문구청,2025-01-01
홍은2동605,서울특별시 서대문구 홍은동401-45,126.9256888,37.5810305,통신주,02-330-1562~3,서울특별시 서대문구청,2025-01-01
홍은2동590,서울특별시 서대문구 홍은동402-12,126.9266108,37.5806874,한전주,02-330-1562~3,서울특별시 서대문구청,2025-01-01
홍은2동5089,서울특별시 서대문구 홍은동402-13,126.9266988,37.5808684,한전주,02-330-1562~3,서울특별시 서대문구청,2025-01-01
홍은2동588,서울특별시 서대문구 홍은동402-21,126.9271979,37.5808009,건축물,02-330-1562~3,서울특별시 서대문구청,2025-01-01
홍은2동900,서울특별시 서대문구 홍은동402-22,126.9270742,37.5807457,한전주,02-330-1562~3,서울특별시 서대문구청,2025-01-01
홍은2동586,서울특별시 서대문구 홍은동402-26,126.9269207,37.5803929,한전주,02-330-1562~3,서울특별시 서대문구청,2025-01-01
홍은2동28,서울특별시 서대문구 홍은동402-30,126.9272499,37.5803328,건축물,02-330-1562~3,서울특별시 서대문구청,2025-01-01
홍은2동5087,서울특별시 서대문구 홍은동402-31,126.9271695,37.5804132,한전주,02-330-1562~3,서울특별시 서대문구청,2025-01-01
홍은2동875,서울특별시 서대문구 홍은동402-33,126.9273825,37.5805593,건축물,02-330-1562~3,서울특별시 서대문구청,2025-01-01
홍은2동5082,서울특별시 서대문구 홍은동402-39,126.9277369,37.5803192,한전주,02-330-1562~3,서울특별시 서대문구청,2025-01-01
홍은2동585,서울특별시 서대문구 홍은동402-44,126.9272881,37.5800358,한전주,02-330-1562~3,서울특별시 서대문구청,2025-01-01
홍은2동68,서울특별시 서대문구 홍은동402-45,126.9273914,37.5799377,한전주,02-330-1562~3,서울특별시 서대문구청,2025-01-01
홍은2동581,서울특별시 서대문구 홍은동402-45,126.9273914,37.5799377,한전주,02-330-1562~3,서울특별시 서대문구청,2025-01-01
홍은2동587,서울특별시 서대문구 홍은동402-56,126.9270099,37.5804928,건축물,02-330-1562~3,서울특별시 서대문구청,2025-01-01
홍은2동26,서울특별시 서대문구 홍은동402-57,126.9269435,37.5803841,한전주,02-330-1562~3,서울특별시 서대문구청,2025-01-01
홍은2동589,서울특별시 서대문구 홍은동402-58,126.9267909,37.5807612,건축물,02-330-1562~3,서울특별시 서대문구청,2025-01-01
홍은2동8901,서울특별시 서대문구 홍은동402-8,126.9266182,37.5809578,전용주,02-330-1562~3,서울특별시 서대문구청,2025-01-01
홍은2동445-1,서울특별시 서대문구 홍은동403-11,126.9281193,37.57971,건축물,02-330-1562~3,서울특별시 서대문구청,2025-01-01
홍은2동5009,서울특별시 서대문구 홍은동403-13,126.9278611,37.5795545,건축물,02-330-1562~3,서울특별시 서대문구청,2025-01-01
홍은2동10092,서울특별시 서대문구 홍은동403-13,126.9278611,37.5795545,한전주,02-330-1562~3,서울특별시 서대문구청,2025-01-01
홍은2동580,서울특별시 서대문구 홍은동403-17,126.9284024,37.5797036,통신주,02-330-1562~3,서울특별시 서대문구청,2025-01-01
홍은2동508,서울특별시 서대문구 홍은동403-17,126.9284024,37.5797036,건축물,02-330-1562~3,서울특별시 서대문구청,2025-01-01
홍은2동5080,서울특별시 서대문구 홍은동403-26,126.9282825,37.5793781,통신주,02-330-1562~3,서울특별시 서대문구청,2025-01-01
홍은2동505,서울특별시 서대문구 홍은동403-33,126.9281363,37.5793137,한전주,02-330-1562~3,서울특별시 서대문구청,2025-01-01
홍은2동509,서울특별시 서대문구 홍은동403-5,126.9276783,37.57967,한전주,02-330-1562~3,서울특별시 서대문구청,2025-01-01
홍은2동10133,서울특별시 서대문구 홍은동403-7,126.9279923,37.5798801,전용주,02-330-1562~3,서울특별시 서대문구청,2025-01-01
홍은2동57,서울특별시 서대문구 홍은동404-1,126.9289666,37.5790419,전용주,02-330-1562~3,서울특별시 서대문구청,2025-01-01
홍은2동492-1,서울특별시 서대문구 홍은동405-1,126.9297615,37.578085,통신주,02-330-1562~3,서울특별시 서대문구청,2025-01-01
홍은2동674,서울특별시 서대문구 홍은동405-13,126.9289495,37.5778704,한전주,02-330-1562~3,서울특별시 서대문구청,2025-01-01
홍은2동448-1,서울특별시 서대문구 홍은동405-15,126.9287998,37.5780403,건축물,02-330-1562~3,서울특별시 서대문구청,2025-01-01
홍은2동900-1,서울특별시 서대문구 홍은동405-16,126.9287196,37.5781116,통신주,02-330-1562~3,서울특별시 서대문구청,2025-01-01
홍은2동906,서울특별시 서대문구 홍은동405-17,126.9285957,37.5780655,통신주,02-330-1562~3,서울특별시 서대문구청,2025-01-01
홍은2동1314,서울특별시 서대문구 홍은동405-2,126.9294097,37.5781449,한전주,02-330-1562~3,서울특별시 서대문구청,2025-01-01
홍은2동483,서울특별시 서대문구 홍은동405-21,126.928895,37.5777168,한전주,02-330-1562~3,서울특별시 서대문구청,2025-01-01
홍은2동543,서울특별시 서대문구 홍은동405-24,126.9288313,37.5774279,한전주,02-330-1562~3,서울특별시 서대문구청,2025-01-01
홍은2동5043,서울특별시 서대문구 홍은동405-24,126.9288313,37.5774279,한전주,02-330-1562~3,서울특별시 서대문구청,2025-01-01
홍은2동484,서울특별시 서대문구 홍은동405-28,126.9285994,37.5778042,건축물,02-330-1562~3,서울특별시 서대문구청,2025-01-01
홍은2동849,서울특별시 서대문구 홍은동405-30,126.9284843,37.5779383,한전주,02-330-1562~3,서울특별시 서대문구청,2025-01-01
홍은2동5003,서울특별시 서대문구 홍은동406-6,126.9280387,37.5782226,건축물,02-330-1562~3,서울특별시 서대문구청,2025-01-01
홍은2동529,서울특별시 서대문구 홍은동406-9,126.9283227,37.5781531,전용주,02-330-1562~3,서울특별시 서대문구청,2025-01-01
홍은2동5012,서울특별시 서대문구 홍은동407-12,126.9275129,37.5793621,통신주,02-330-1562~3,서울특별시 서대문구청,2025-01-01
홍은2동516,서울특별시 서대문구 홍은동407-19,126.927509,37.5788485,건축물,02-330-1562~3,서울특별시 서대문구청,2025-01-01
홍은2동513-1,서울특별시 서대문구 홍은동407-21,126.9275514,37.5790471,한전주,02-330-1562~3,서울특별시 서대문구청,2025-01-01
홍은2동512,서울특별시 서대문구 홍은동407-23,126.9273447,37.5792525,한전주,02-330-1562~3,서울특별시 서대문구청,2025-01-01
홍은2동501,서울특별시 서대문구 홍은동407-7,126.9282091,37.578972,전용주,02-330-1562~3,서울특별시 서대문구청,2025-01-01
홍은2동514,서울특별시 서대문구 홍은동407-9,126.927892,37.5789781,건축물,02-330-1562~3,서울특별시 서대문구청,2025-01-01
홍은2동64,서울특별시 서대문구 홍은동408-17,126.9266003,37.5798404,전용주,02-330-1562~3,서울특별시 서대문구청,2025-01-01
홍은2동779,서울특별시 서대문구 홍은동408-3,126.926549,37.5802634,통신주,02-330-1562~3,서울특별시 서대문구청,2025-01-01
홍은2동575,서울특별시 서대문구 홍은동408-21,126.9262915,37.5800628,한전주,02-330-1562~3,서울특별시 서대문구청,2025-01-01
홍은2동577,서울특별시 서대문구 홍은동408-22,126.9264165,37.5800279,통신주,02-330-1562~3,서울특별시 서대문구청,2025-01-01
홍은2동723,서울특별시 서대문구 홍은동408-22,126.9264165,37.5800279,건축물,02-330-1562~3,서울특별시 서대문구청,2025-01-01
홍은2동686,서울특별시 서대문구 홍은동409-13,126.9257298,37.5805443,건축물,02-330-1562~3,서울특별시 서대문구청,2025-01-01
홍은2동593,서울특별시 서대문구 홍은동409-14,126.9257755,37.5805177,한전주,02-330-1562~3,서울특별시 서대문구청,2025-01-01
홍은2동574,서울특별시 서대문구 홍은동409-19,126.9260294,37.5801776,한전주,02-330-1562~3,서울특별시 서대문구청,2025-01-01
홍은2동714,서울특별시 서대문구 홍은동409-22,126.9259027,37.5803296,건축물,02-330-1562~3,서울특별시 서대문구청,2025-01-01
홍은2동573,서울특별시 서대문구 홍은동409-25,126.9259172,37.5801045,한전주,02-330-1562~3,서울특별시 서대문구청,2025-01-01
홍은2동61,서울특별시 서대문구 홍은동409-26,126.9258164,37.5800315,건축물,02-330-1562~3,서울특별시 서대문구청,2025-01-01
홍은2동511,서울특별시 서대문구 홍은동409-37,126.9252917,37.580306,한전주,02-330-1562~3,서울특별시 서대문구청,2025-01-01
홍은2동507,서울특별시 서대문구 홍은동409-38,126.9253721,37.5802257,건축물,02-330-1562~3,서울특별시 서대문구청,2025-01-01
홍은2동9909,서울특별시 서대문구 홍은동409-45,126.9253633,37.5800454,건축물,02-330-1562~3,서울특별시 서대문구청,2025-01-01
홍은2동566,서울특별시 서대문구 홍은동409-50,126.9254349,37.5797937,한전주,02-330-1562~3,서울특별시 서대문구청,2025-01-01
홍은2동591,서울특별시 서대문구 홍은동409-54,126.9262932,37.5807296,한전주,02-330-1562~3,서울특별시 서대문구청,2025-01-01
홍은2동592,서울특별시 서대문구 홍은동409-55,126.9261587,37.5806383,한전주,02-330-1562~3,서울특별시 서대문구청,2025-01-01
홍은2동5092,서울특별시 서대문구 홍은동409-56,126.9260885,37.5807908,한전주,02-330-1562~3,서울특별시 서대문구청,2025-01-01
홍은2동27,서울특별시 서대문구 홍은동409-58,126.9259755,37.5807808,한전주,02-330-1562~3,서울특별시 서대문구청,2025-01-01
홍은2동578,서울특별시 서대문구 홍은동410-18,126.926398,37.5797394,한전주,02-330-1562~3,서울특별시 서대문구청,2025-01-01
홍은2동561,서울특별시 서대문구 홍은동410-20,126.926582,37.5795429,한전주,02-330-1562~3,서울특별시 서대문구청,2025-01-01
홍은2동562,서울특별시 서대문구 홍은동410-20,126.926582,37.5795429,한전주,02-330-1562~3,서울특별시 서대문구청,2025-01-01
홍은2동696,서울특별시 서대문구 홍은동410-20,126.926582,37.5795429,한전주,02-330-1562~3,서울특별시 서대문구청,2025-01-01
홍은2동571,서울특별시 서대문구 홍은동410-22,126.926516,37.5794071,한전주,02-330-1562~3,서울특별시 서대문구청,2025-01-01
홍은2동563,서울특별시 서대문구 홍은동410-23,126.9264379,37.5793253,통신주,02-330-1562~3,서울특별시 서대문구청,2025-01-01
홍은2동570,서울특별시 서대문구 홍은동410-11,126.9261515,37.579557,한전주,02-330-1562~3,서울특별시 서대문구청,2025-01-01
홍은2동671,서울특별시 서대문구 홍은동410-31,126.9260088,37.5792493,한전주,02-330-1562~3,서울특별시 서대문구청,2025-01-01
홍은2동565,서울특별시 서대문구 홍은동410-36,126.9257791,37.5794725,한전주,02-330-1562~3,서울특별시 서대문구청,2025-01-01
홍은2동841,서울특별시 서대문구 홍은동410-40,126.9255297,37.5794973,한전주,02-330-1562~3,서울특별시 서대문구청,2025-01-01
홍은2동5067,서울특별시 서대문구 홍은동410-44,126.9256727,37.579003,한전주,02-330-1562~3,서울특별시 서대문구청,2025-01-01
홍은2동528,서울특별시 서대문구 홍은동410-46,126.9258989,37.5790141,한전주,02-330-1562~3,서울특별시 서대문구청,2025-01-01
홍은2동10085,서울특별시 서대문구 홍은동410-61,126.9254181,37.5793881,전용주,02-330-1562~3,서울특별시 서대문구청,2025-01-01
홍은2동523,서울특별시 서대문구 홍은동411-11,126.9266823,37.578859,한전주,02-330-1562~3,서울특별시 서대문구청,2025-01-01
홍은2동517,서울특별시 서대문구 홍은동411-15,126.9270009,37.5787538,건축물,02-330-1562~3,서울특별시 서대문구청,2025-01-01
홍은2동908,서울특별시 서대문구 홍은동411-21,126.927116,37.5786197,통신주,02-330-1562~3,서울특별시 서대문구청,2025-01-01
홍은2동867-1,서울특별시 서대문구 홍은동411-25,126.9268817,37.5791672,통신주,02-330-1562~3,서울특별시 서대문구청,2025-01-01
홍은2동522,서울특별시 서대문구 홍은동411-3,126.9266017,37.5789574,건축물,02-330-1562~3,서울특별시 서대문구청,2025-01-01
홍은2동519,서울특별시 서대문구 홍은동411-4,126.9267822,37.5790041,건축물,02-330-1562~3,서울특별시 서대문구청,2025-01-01
홍은2동520,서울특별시 서대문구 홍은동411-6,126.926984,37.5791411,한전주,02-330-1562~3,서울특별시 서대문구청,2025-01-01
홍은2동518,서울특별시 서대문구 홍은동411-8,126.9271107,37.578989,한전주,02-330-1562~3,서울특별시 서대문구청,2025-01-01
홍은2동911,서울특별시 서대문구 홍은동411-8,126.9271107,37.578989,한전주,02-330-1562~3,서울특별시 서대문구청,2025-01-01
홍은2동23,서울특별시 서대문구 홍은동412-11,126.9260446,37.5783306,한전주,02-330-1562~3,서울특별시 서대문구청,2025-01-01
홍은2동1-1-1,서울특별시 서대문구 홍은동412-23,126.9263519,37.5782163,전용주,02-330-1562~3,서울특별시 서대문구청,2025-01-01
홍은2동907,서울특별시 서대문구 홍은동412-25,126.9266555,37.5783632,건축물,02-330-1562~3,서울특별시 서대문구청,2025-01-01
홍은2동639,서울특별시 서대문구 홍은동412-28,126.9260605,37.5787993,한전주,02-330-1562~3,서울특별시 서대문구청,2025-01-01
홍은2동638,서울특별시 서대문구 홍은동412-31,126.925937,37.5787261,건축물,02-330-1562~3,서울특별시 서대문구청,2025-01-01
홍은2동527-1,서울특별시 서대문구 홍은동412-7,126.9261872,37.5786473,한전주,02-330-1562~3,서울특별시 서대문구청,2025-01-01
홍은2동764,서울특별시 서대문구 홍은동413-12,126.9270267,37.5777448,건축물,02-330-1562~3,서울특별시 서대문구청,2025-01-01
홍은2동549,서울특별시 서대문구 홍은동413-13,126.92713,37.5776467,한전주,02-330-1562~3,서울특별시 서대문구청,2025-01-01
홍은2동5052,서울특별시 서대문구 홍은동413-19,126.926801,37.5776887,건축물,02-330-1562~3,서울특별시 서대문구청,2025-01-01
홍은2동553,서울특별시 서대문구 홍은동413-20,126.9270421,37.5774567,한전주,02-330-1562~3,서울특별시 서대문구청,2025-01-01
홍은2동6089,서울특별시 서대문구 홍은동413-25,126.9265794,37.5773533,한전주,02-330-1562~3,서울특별시 서대문구청,2025-01-01
홍은2동4,서울특별시 서대문구 홍은동413-27,126.9267819,37.5774453,건축물,02-330-1562~3,서울특별시 서대문구청,2025-01-01
홍은2동550,서울특별시 서대문구 홍은동413-29,126.9269615,37.577555,전용주,02-330-1562~3,서울특별시 서대문구청,2025-01-01
홍은2동552,서울특별시 서대문구 홍은동413-34,126.9266631,37.5778316,한전주,02-330-1562~3,서울특별시 서대문구청,2025-01-01
홍은2동763,서울특별시 서대문구 홍은동413-36,126.9265479,37.5779748,한전주,02-330-1562~3,서울특별시 서대문구청,2025-01-01
홍은2동530,서울특별시 서대문구 홍은동413-37,126.9264675,37.5780551,한전주,02-330-1562~3,서울특별시 서대문구청,2025-01-01
홍은2동828,서울특별시 서대문구 홍은동413-38,126.9263225,37.5779006,한전주,02-330-1562~3,서울특별시 서대문구청,2025-01-01
홍은2동531,서울특별시 서대문구 홍은동413-42,126.9264477,37.5778567,한전주,02-330-1562~3,서울특별시 서대문구청,2025-01-01
홍은2동9497,서울특별시 서대문구 홍은동413-47,126.9264982,37.5774878,한전주,02-330-1562~3,서울특별시 서대문구청,2025-01-01
홍은2동534,서울특별시 서대문구 홍은동413-52,126.9273207,37.5777655,건축물,02-330-1562~3,서울특별시 서대문구청,2025-01-01
홍은2동515,서울특별시 서대문구 홍은동414-1,126.9274676,37.5785778,한전주,02-330-1562~3,서울특별시 서대문구청,2025-01-01
홍은2동537,서울특별시 서대문구 홍은동414-14,126.9279969,37.5779789,한전주,02-330-1562~3,서울특별시 서대문구청,2025-01-01
홍은2동521,서울특별시 서대문구 홍은동414-2,126.9273097,37.5785313,한전주,02-330-1562~3,서울특별시 서대문구청,2025-01-01
홍은2동521-1,서울특별시 서대문구 홍은동414-2,126.9273097,37.5785313,한전주,02-330-1562~3,서울특별시 서대문구청,2025-01-01
홍은2동819,서울특별시 서대문구 홍은동414-20,126.9273693,37.5783246,건축물,02-330-1562~3,서울특별시 서대문구청,2025-01-01
홍은2동540,서울특별시 서대문구 홍은동414-26,126.9276976,37.5783276,한전주,02-330-1562~3,서울특별시 서대문구청,2025-01-01
홍은2동539,서울특별시 서대문구 홍은동414-27,126.9276549,37.578147,한전주,02-330-1562~3,서울특별시 서대문구청,2025-01-01
홍은2동538,서울특별시 서대문구 홍은동414-28,126.9277784,37.5782202,한전주,02-330-1562~3,서울특별시 서대문구청,2025-01-01
홍은2동526-1,서울특별시 서대문구 홍은동414-3,126.9271868,37.5784221,건축물,02-330-1562~3,서울특별시 서대문구청,2025-01-01
홍은2동811,서울특별시 서대문구 홍은동414-30,126.9276578,37.5779398,건축물,02-330-1562~3,서울특별시 서대문구청,2025-01-01
홍은2동525-3,서울특별시 서대문구 홍은동414-4,126.9270514,37.5783848,한전주,02-330-1562~3,서울특별시 서대문구청,2025-01-01
홍은2동711,서울특별시 서대문구 홍은동414-4,126.9270514,37.5783848,한전주,02-330-1562~3,서울특별시 서대문구청,2025-01-01
홍은2동533,서울특별시 서대문구 홍은동414-6,126.9272588,37.5781344,한전주,02-330-1562~3,서울특별시 서대문구청,2025-01-01
홍은2동846,서울특별시 서대문구 홍은동414-9,126.9274657,37.57792,한전주,02-330-1562~3,서울특별시 서대문구청,2025-01-01
홍은2동904,서울특별시 서대문구 홍은동415-1,126.9281238,37.5778179,전용주,02-330-1562~3,서울특별시 서대문구청,2025-01-01
홍은2동510,서울특별시 서대문구 홍은동415-1,126.9281238,37.5778179,한전주,02-330-1562~3,서울특별시 서대문구청,2025-01-01
홍은2동536,서울특별시 서대문구 홍은동415-15,126.9278428,37.5776712,한전주,02-330-1562~3,서울특별시 서대문구청,2025-01-01
홍은2동523-2,서울특별시 서대문구 홍은동415-22,126.9274855,37.5773255,건축물,02-330-1562~3,서울특별시 서대문구청,2025-01-01
홍은2동5044,서울특별시 서대문구 홍은동415-29,126.9280498,37.5774478,한전주,02-330-1562~3,서울특별시 서대문구청,2025-01-01
홍은2동546,서울특별시 서대문구 홍은동415-32,126.9278588,37.5773469,한전주,02-330-1562~3,서울특별시 서대문구청,2025-01-01
홍은2동558,서울특별시 서대문구 홍은동415-56,126.9271012,37.5764931,한전주,02-330-1562~3,서울특별시 서대문구청,2025-01-01
홍은2동876,서울특별시 서대문구 홍은동415-57,126.9272675,37.5767379,한전주,02-330-1562~3,서울특별시 서대문구청,2025-01-01
홍은2동559,서울특별시 서대문구 홍은동415-57,126.9272675,37.5767379,한전주,02-330-1562~3,서울특별시 서대문구청,2025-01-01
홍은2동557,서울특별시 서대문구 홍은동415-60,126.9292233,37.5777197,한전주,02-330-1562~3,서울특별시 서대문구청,2025-01-01
홍은2동556,서울특별시 서대문구 홍은동415-63,126.9272094,37.5768455,건축물,02-330-1562~3,서울특별시 서대문구청,2025-01-01
홍은2동544,서울특별시 서대문구 홍은동415-7,126.9282998,37.577387,건축물,02-330-1562~3,서울특별시 서대문구청,2025-01-01
홍은2동9443,서울특별시 서대문구 홍은동415-71,126.9268924,37.5768426,전용주,02-330-1562~3,서울특별시 서대문구청,2025-01-01
홍은2동9444,서울특별시 서대문구 홍은동415-73,126.9269349,37.5770412,건축물,02-330-1562~3,서울특별시 서대문구청,2025-01-01
홍은2동555,서울특별시 서대문구 홍은동415-75,126.9271371,37.5771512,건축물,02-330-1562~3,서울특별시 서대문구청,2025-01-01
홍은2동547,서울특별시 서대문구 홍은동415-76,126.9272382,37.5772062,한전주,02-330-1562~3,서울특별시 서대문구청,2025-01-01
홍은2동9663,서울특별시 서대문구 홍은동415-79,126.9269553,37.5771946,전용주,02-330-1562~3,서울특별시 서대문구청,2025-01-01
홍은2동561-1,서울특별시 서대문구 홍은동415-80,126.9268543,37.5771306,한전주,02-330-1562~3,서울특별시 서대문구청,2025-01-01
홍은2동542,서울특별시 서대문구 홍은동415-92,126.9283324,37.5774774,한전주,02-330-1562~3,서울특별시 서대문구청,2025-01-01
홍은2동861,서울특별시 서대문구 홍은동415-93,126.9284015,37.5773969,전용주,02-330-1562~3,서울특별시 서대문구청,2025-01-01
홍은2동688,서울특별시 서대문구 홍은동419-1,126.9290343,37.5782677,건축물,02-330-1562~3,서울특별시 서대문구청,2025-01-01
홍은2동611,서울특별시 서대문구 홍은동421-14,126.9248785,37.5814826,건축물,02-330-1562~3,서울특별시 서대문구청,2025-01-01
홍은2동615,서울특별시 서대문구 홍은동421-17,126.9242463,37.5821436,건축물,02-330-1562~3,서울특별시 서대문구청,2025-01-01
홍은2동9653,서울특별시 서대문구 홍은동421-20,126.924687,37.5822017,전용주,02-330-1562~3,서울특별시 서대문구청,2025-01-01
홍은2동1-9-2,서울특별시 서대문구 홍은동421-22,126.9245292,37.5821552,통신주,02-330-1562~3,서울특별시 서대문구청,2025-01-01
홍은2동9240,서울특별시 서대문구 홍은동421-27,126.9246358,37.5818228,건축물,02-330-1562~3,서울특별시 서대문구청,2025-01-01
홍은2동240-1,서울특별시 서대문구 홍은동421-27,126.9246358,37.5818228,한전주,02-330-1562~3,서울특별시 서대문구청,2025-01-01
홍은2동614,서울특별시 서대문구 홍은동421-28,126.9244869,37.5819476,건축물,02-330-1562~3,서울특별시 서대문구청,2025-01-01
홍은2동616,서울특별시 서대문구 홍은동421-3,126.9243909,37.5823251,건축물,02-330-1562~3,서울특별시 서대문구청,2025-01-01
홍은2동612,서울특별시 서대문구 홍은동421-30,126.9249164,37.5819965,한전주,02-330-1562~3,서울특별시 서대문구청,2025-01-01
홍은2동6010,서울특별시 서대문구 홍은동421-32,126.9249532,37.5817986,통신주,02-330-1562~3,서울특별시 서대문구청,2025-01-01
홍은2동610,서울특별시 서대문구 홍은동421-32,126.9249532,37.5817986,건축물,02-330-1562~3,서울특별시 서대문구청,2025-01-01
홍은2동613,서울특별시 서대문구 홍은동421-9,126.9247368,37.5818868,한전주,02-330-1562~3,서울특별시 서대문구청,2025-01-01
홍은2동4098,서울특별시 서대문구 홍은동423-12,126.9281626,37.5782688,건축물,02-330-1562~3,서울특별시 서대문구청,2025-01-01
홍은2동751,서울특별시 서대문구 홍은동426-11,126.9364482,37.5823533,한전주,02-330-1562~3,서울특별시 서대문구청,2025-01-01
홍은2동731-1,서울특별시 서대문구 홍은동426-3,126.9367497,37.5826533,건축물,02-330-1562~3,서울특별시 서대문구청,2025-01-01
홍은2동738,서울특별시 서대문구 홍은동427-1,126.936749,37.5819055,한전주,02-330-1562~3,서울특별시 서대문구청,2025-01-01
홍은2동9448,서울특별시 서대문구 홍은동428-1,126.9370779,37.5818634,전용주,02-330-1562~3,서울특별시 서대문구청,2025-01-01
홍은2동10087,서울특별시 서대문구 홍은동430-5,126.9367137,37.5812024,전용주,02-330-1562~3,서울특별시 서대문구청,2025-01-01
홍은2동10086-1,서울특별시 서대문구 홍은동430-6,126.9366925,37.5811031,전용주,02-330-1562~3,서울특별시 서대문구청,2025-01-01
홍은2동880,서울특별시 서대문구 홍은동434-4,126.9367067,37.5808959,전용주,02-330-1562~3,서울특별시 서대문구청,2025-01-01
홍은2동1034,서울특별시 서대문구 홍은동448-2,126.9414768,37.5934271,한전주,02-330-1562~3,서울특별시 서대문구청,2025-01-01
홍은2동3056,서울특별시 서대문구 홍은동8-122,126.9495726,37.6015276,한전주,02-330-1562~3,서울특별시 서대문구청,2025-01-01
홍은2동3036,서울특별시 서대문구 홍은동8-136,126.9496282,37.6024021,건축물,02-330-1562~3,서울특별시 서대문구청,2025-01-01
홍은1동3043,서울특별시 서대문구 홍은동8-137,126.9495815,37.6025008,전용주,02-330-1562~3,서울특별시 서대문구청,2025-01-01
홍은2동3051,서울특별시 서대문구 홍은동8-167,126.9500862,37.6020458,건축물,02-330-1562~3,서울특별시 서대문구청,2025-01-01
홍은2동525-1,서울특별시 서대문구 홍은동8-169,126.9500393,37.6021625,건축물,02-330-1562~3,서울특별시 서대문구청,2025-01-01
홍은2동3034-1,서울특별시 서대문구 홍은동8-171,126.9499928,37.6022432,건축물,02-330-1562~3,서울특별시 서대문구청,2025-01-01
홍은1동3032,서울특별시 서대문구 홍은동8-174,126.9501729,37.6023259,건축물,02-330-1562~3,서울특별시 서대문구청,2025-01-01
홍은1동3029,서울특별시 서대문구 홍은동8-183,126.9503055,37.6025613,건축물,02-330-1562~3,서울특별시 서대문구청,2025-01-01
홍은2동3035,서울특별시 서대문구 홍은동8-185,126.9503085,37.6023451,건축물,02-330-1562~3,서울특별시 서대문구청,2025-01-01
홍은2동459-1,서울특별시 서대문구 홍은동8-273,126.9499947,37.6013061,건축물,02-330-1562~3,서울특별시 서대문구청,2025-01-01
홍은1동490,서울특별시 서대문구 홍은동8-348,126.9505881,37.6001761,건축물,02-330-1562~3,서울특별시 서대문구청,2025-01-01
홍은2동4019,서울특별시 서대문구 홍은동8-35,126.949065,37.6037937,한전주,02-330-1562~3,서울특별시 서대문구청,2025-01-01
홍은2동515-1,서울특별시 서대문구 홍은동8-403,126.9502276,37.5992358,한전주,02-330-1562~3,서울특별시 서대문구청,2025-01-01
홍은2동661,서울특별시 서대문구 홍은동8-413,126.9504824,37.5996435,한전주,02-330-1562~3,서울특별시 서대문구청,2025-01-01
홍은1동514,서울특별시 서대문구 홍은동8-415,126.9504397,37.5994539,한전주,02-330-1562~3,서울특별시 서대문구청,2025-01-01
홍은2동518-1,서울특별시 서대문구 홍은동8-425,126.949854,37.5992325,한전주,02-330-1562~3,서울특별시 서대문구청,2025-01-01
홍은2동560,서울특별시 서대문구 홍은동8-426,126.9504448,37.5990936,건축물,02-330-1562~3,서울특별시 서대문구청,2025-01-01
홍은2동593-1,서울특별시 서대문구 홍은동8-427,126.9504693,37.5989586,전용주,02-330-1562~3,서울특별시 서대문구청,2025-01-01
홍은1동509,서울특별시 서대문구 홍은동8-438,126.9511387,37.5988745,한전주,02-330-1562~3,서울특별시 서대문구청,2025-01-01
홍은2동1-5,서울특별시 서대문구 홍은동8-452,126.95131,37.5987679,건축물,02-330-1562~3,서울특별시 서대문구청,2025-01-01
홍은2동1-6,서울특별시 서대문구 홍은동8-453,126.9513923,37.5985524,건축물,02-330-1562~3,서울특별시 서대문구청,2025-01-01
홍은2동5914,서울특별시 서대문구 홍은동8-468,126.9511213,37.597694,건축물,02-330-1562~3,서울특별시 서대문구청,2025-01-01
홍은2동593-2,서울특별시 서대문구 홍은동8-509,126.9512133,37.5967848,한전주,02-330-1562~3,서울특별시 서대문구청,2025-01-01
홍은1동557,서울특별시 서대문구 홍은동8-540,126.9504853,37.5986254,한전주,02-330-1562~3,서울특별시 서대문구청,2025-01-01
홍은2동449-1,서울특별시 서대문구 홍은동8-571,126.9495911,37.6002123,한전주,02-330-1562~3,서울특별시 서대문구청,2025-01-01
홍은2동10119,서울특별시 서대문구 홍은동8-583,126.9493953,37.6004448,한전주,02-330-1562~3,서울특별시 서대문구청,2025-01-01
홍은1동3093,서울특별시 서대문구 홍은동8-586,126.949792,37.6004213,한전주,02-330-1562~3,서울특별시 서대문구청,2025-01-01
홍은2동457-1,서울특별시 서대문구 홍은동8-615,126.9492991,37.6008404,건축물,02-330-1562~3,서울특별시 서대문구청,2025-01-01
홍은1동3001,서울특별시 서대문구 홍은동8-629,126.9506186,37.6060691,건축물,02-330-1562~3,서울특별시 서대문구청,2025-01-01
홍은1동519,서울특별시 서대문구 홍은동8-663,126.9499805,37.5990895,건축물,02-330-1562~3,서울특별시 서대문구청,2025-01-01
홍은2동4005,서울특별시 서대문구 홍은동8-687,126.9493742,37.605166,한전주,02-330-1562~3,서울특별시 서대문구청,2025-01-01
홍은1동3013,서울특별시 서대문구 홍은동8-719,126.9509555,37.6054684,한전주,02-330-1562~3,서울특별시 서대문구청,2025-01-01
홍은2동504-1,서울특별시 서대문구 홍은동8-720,126.9513721,37.5991829,한전주,02-330-1562~3,서울특별시 서대문구청,2025-01-01
홍은2동523-1,서울특별시 서대문구 홍은동8-799,126.9507596,37.5992586,건축물,02-330-1562~3,서울특별시 서대문구청,2025-01-01
홍은2동4028,서울특별시 서대문구 홍은동8-82,126.9488156,37.6030076,한전주,02-330-1562~3,서울특별시 서대문구청,2025-01-01
홍은1동3003,서울특별시 서대문구 홍은동8-822,126.9505321,37.60578,한전주,02-330-1562~3,서울특별시 서대문구청,2025-01-01
홍은2동3008,서울특별시 서대문구 홍은동8-828,126.9504893,37.6055994,건축물,02-330-1562~3,서울특별시 서대문구청,2025-01-01
홍은2동3009,서울특별시 서대문구 홍은동8-832,126.9506946,37.6054931,한전주,02-330-1562~3,서울특별시 서대문구청,2025-01-01
홍은2동3011-1,서울특별시 서대문구 홍은동8-833,126.9509979,37.605676,건축물,02-330-1562~3,서울특별시 서대문구청,2025-01-01
홍은2동3007,서울특별시 서대문구 홍은동8-840,126.9502083,37.6054437,한전주,02-330-1562~3,서울특별시 서대문구청,2025-01-01
홍은1동3015,서울특별시 서대문구 홍은동8-841,126.9505286,37.6052213,한전주,02-330-1562~3,서울특별시 서대문구청,2025-01-01
홍은2동3014-1,서울특별시 서대문구 홍은동8-842,126.9505841,37.6053029,한전주,02-330-1562~3,서울특별시 서대문구청,2025-01-01
홍은2동3006,서울특별시 서대문구 홍은동8-856,126.9500824,37.6055417,한전주,02-330-1562~3,서울특별시 서대문구청,2025-01-01
홍은2동543-1,서울특별시 서대문구 홍은동9-160,126.9491257,37.5986764,한전주,02-330-1562~3,서울특별시 서대문구청,2025-01-01
홍은2동545,서울특별시 서대문구 홍은동9-162,126.949308,37.5985969,건축물,02-330-1562~3,서울특별시 서대문구청,2025-01-01
홍은2동585-1,서울특별시 서대문구 홍은동9-227,126.9501513,37.598217,한전주,02-330-1562~3,서울특별시 서대문구청,2025-01-01
홍은2동584,서울특별시 서대문구 홍은동9-233,126.9502462,37.5979115,통신주,02-330-1562~3,서울특별시 서대문구청,2025-01-01
홍은2동4037,서울특별시 서대문구 홍은동9-277,126.9492091,37.6016055,한전주,02-330-1562~3,서울특별시 서대문구청,2025-01-01
홍은2동157-1,서울특별시 서대문구 홍은동9-358,126.9462134,37.5980107,한전주,02-330-1562~3,서울특별시 서대문구청,2025-01-01
홍은2동486-1,서울특별시 서대문구 홍은동9-371,126.946232,37.5974973,한전주,02-330-1562~3,서울특별시 서대문구청,2025-01-01
홍은2동530-1,서울특별시 서대문구 홍은동9-424,126.9492932,37.599651,통신주,02-330-1562~3,서울특별시 서대문구청,2025-01-01
홍은2동531-1,서울특별시 서대문구 홍은동9-432,126.9493985,37.5994086,한전주,02-330-1562~3,서울특별시 서대문구청,2025-01-01
홍은2동3026,서울특별시 서대문구 홍은동9-441,126.9499583,37.6030898,건축물,02-330-1562~3,서울특별시 서대문구청,2025-01-01
홍은1동586,서울특별시 서대문구 홍은동9-485,126.9507551,37.5971591,건축물,02-330-1562~3,서울특별시 서대문구청,2025-01-01
홍은1동538,서울특별시 서대문구 홍은동9-491,126.9478902,37.5987555,한전주,02-330-1562~3,서울특별시 서대문구청,2025-01-01
홍은2동3025,서울특별시 서대문구 홍은동9-442,126.949869,37.6029989,건축물,02-330-1562~3,서울특별시 서대문구청,2025-01-01
홍은1동3027,서울특별시 서대문구 홍은동9-534,126.9500808,37.6032351,건축물,02-330-1562~3,서울특별시 서대문구청,2025-01-01
홍은2동611-1,서울특별시 서대문구 홍은동9-561,126.9494403,37.5996613,한전주,02-330-1562~3,서울특별시 서대문구청,2025-01-01
홍은2동154-1,서울특별시 서대문구 홍은동9-672,126.9460174,37.5982612,한전주,02-330-1562~3,서울특별시 서대문구청,2025-01-01
홍은2동897,서울특별시 서대문구 홍은동97-15,126.9405823,37.5926262,건축물,02-330-1562~3,서울특별시 서대문구청,2025-01-01
홍은1동648,서울특별시 서대문구 홍은동9-73,126.9492055,37.599443,건축물,02-330-1562~3,서울특별시 서대문구청,2025-01-01
홍은2동9638,서울특별시 서대문구 홍은동9-83,126.9487282,37.5995649,건축물,02-330-1562~3,서울특별시 서대문구청,2025-01-01
홍은2동141-1,서울특별시 서대문구 홍은동산11,126.940814,37.5954575,건축물,02-330-1562~3,서울특별시 서대문구청,2025-01-01
홍은2동6028,서울특별시 서대문구 홍은동산11-294,126.9335559,37.5962121,한전주,02-330-1562~3,서울특별시 서대문구청,2025-01-01
홍은2동233,서울특별시 서대문구 홍은동산11-54,126.9300576,37.5866655,전용주,02-330-1562~3,서울특별시 서대문구청,2025-01-01
홍은2동65,서울특별시 서대문구 홍은동산11-59,126.9337663,37.5965473,건축물,02-330-1562~3,서울특별시 서대문구청,2025-01-01
홍은2동4012,서울특별시 서대문구 홍은동산138,126.9337218,37.5861761,한전주,02-330-1562~3,서울특별시 서대문구청,2025-01-01
홍은1동652,서울특별시 서대문구 홍은동산1-498,126.9515224,37.5973552,건축물,02-330-1562~3,서울특별시 서대문구청,2025-01-01
홍은2동575-1,서울특별시 서대문구 홍은동산1-498,126.9515224,37.5973552,건축물,02-330-1562~3,서울특별시 서대문구청,2025-01-01
홍은1동85,서울특별시 서대문구 홍은동산1-508,126.9439561,37.5998827,전용주,02-330-1562~3,서울특별시 서대문구청,2025-01-01
홍은2동9323,서울특별시 서대문구 홍은동산19-17,126.9288982,37.5846097,건축물,02-330-1562~3,서울특별시 서대문구청,2025-01-01
홍은2동9322,서울특별시 서대문구 홍은동산19-17,126.9288982,37.5846097,건축물,02-330-1562~3,서울특별시 서대문구청,2025-01-01
홍은2동615-1,서울특별시 서대문구 홍은동산19-18,126.9291398,37.5843416,씨피주,02-330-1562~3,서울특별시 서대문구청,2025-01-01
홍은2동476,서울특별시 서대문구 홍은동산26-133,126.9300599,37.5833408,한전주,02-330-1562~3,서울특별시 서대문구청,2025-01-01
홍은2동10073,서울특별시 서대문구 홍은동산19-23,126.9286998,37.5850224,전용주,02-330-1562~3,서울특별시 서대문구청,2025-01-01
홍은2동3076,서울특별시 서대문구 홍은동산26-132,126.9273965,37.5835328,전용주,02-330-1562~3,서울특별시 서대문구청,2025-01-01
홍은2동746,서울특별시 서대문구 홍은동산26-133,126.9300599,37.5833408,건축물,02-330-1562~3,서울특별시 서대문구청,2025-01-01
홍은2동7095,서울특별시 서대문구 홍은동산26-146,126.9274791,37.5848761,전용주,02-330-1562~3,서울특별시 서대문구청,2025-01-01
홍은2동616-1,서울특별시 서대문구 홍은동산26-149,126.9284954,37.5842726,한전주,02-330-1562~3,서울특별시 서대문구청,2025-01-01
홍은2동667,서울특별시 서대문구 홍은동산26-155,126.9315225,37.5808221,한전주,02-330-1562~3,서울특별시 서대문구청,2025-01-01
홍은2동858,서울특별시 서대문구 홍은동산26-157,126.9306268,37.5801202,전용주,02-330-1562~3,서울특별시 서대문구청,2025-01-01
홍은2동856,서울특별시 서대문구 홍은동산26-157,126.9306268,37.5801202,전용주,02-330-1562~3,서울특별시 서대문구청,2025-01-01
홍은2동635,서울특별시 서대문구 홍은동산26-164,126.9291697,37.5838373,전용주,02-330-1562~3,서울특별시 서대문구청,2025-01-01
홍은2동636-1,서울특별시 서대문구 홍은동산26-164,126.9291697,37.5838373,전용주,02-330-1562~3,서울특별시 서대문구청,2025-01-01
홍은2동698,서울특별시 서대문구 홍은동산26-170,126.9298443,37.5825819,한전주,02-330-1562~3,서울특별시 서대문구청,2025-01-01
홍은2동477,서울특별시 서대문구 홍은동산26-170,126.9298443,37.5825819,한전주,02-330-1562~3,서울특별시 서대문구청,2025-01-01
홍은2동446-1,서울특별시 서대문구 홍은동산26-177,126.931436,37.5797401,한전주,02-330-1562~3,서울특별시 서대문구청,2025-01-01
홍은2동854,서울특별시 서대문구 홍은동산26-177,126.931436,37.5797401,전용주,02-330-1562~3,서울특별시 서대문구청,2025-01-01
홍은2동791,서울특별시 서대문구 홍은동산26-177,126.931436,37.5797401,한전주,02-330-1562~3,서울특별시 서대문구청,2025-01-01
홍은2동792,서울특별시 서대문구 홍은동산26-177,126.931436,37.5797401,한전주,02-330-1562~3,서울특별시 서대문구청,2025-01-01
홍은2동7091,서울특별시 서대문구 홍은동산26-178,126.9313716,37.5802891,전용주,02-330-1562~3,서울특별시 서대문구청,2025-01-01
홍은2동496-1,서울특별시 서대문구 홍은동315,126.9287235,37.5849505,씨피주,02-330-1562~3,서울특별시 서대문구청,2025-01-01
홍은2동707,서울특별시 서대문구 홍은동330-1,126.9270506,37.5863319,전용주,02-330-1562~3,서울특별시 서대문구청,2025-01-01
홍은2동473,서울특별시 서대문구 홍은동330-1,126.9270506,37.5863319,한전주,02-330-1562~3,서울특별시 서대문구청,2025-01-01
홍은2동460,서울특별시 서대문구 홍은동331,126.9264988,37.5861196,한전주,02-330-1562~3,서울특별시 서대문구청,2025-01-01
홍은2동800,서울특별시 서대문구 홍은동456,126.9314799,37.5790467,전용주,02-330-1562~3,서울특별시 서대문구청,2025-01-01
홍은2동52-1,서울특별시 서대문구 홍은동98-1,126.9407951,37.5927903,건축물,02-330-1562~3,서울특별시 서대문구청,2025-01-01
홍은2동47,서울특별시 서대문구 홍은동103-2,126.9405127,37.5935446,건축물,02-330-1562~3,서울특별시 서대문구청,2025-01-01
홍은2동919,서울특별시 서대문구 홍은동104-19,126.940039,37.5942071,건축물,02-330-1562~3,서울특별시 서대문구청,2025-01-01
홍은2동697,서울특별시 서대문구 홍은동104-23,126.9401371,37.5944783,건축물,02-330-1562~3,서울특별시 서대문구청,2025-01-01
홍은2동43,서울특별시 서대문구 홍은동104-7,126.9403573,37.5941199,건축물,02-330-1562~3,서울특별시 서대문구청,2025-01-01
홍은2동159,서울특별시 서대문구 홍은동109-1,126.9410135,37.5941618,한전주,02-330-1562~3,서울특별시 서대문구청,2025-01-01
홍은2동827,서울특별시 서대문구 홍은동186-22,126.9345182,37.594644,건축물,02-330-1562~3,서울특별시 서대문구청,2025-01-01
홍은2동823,서울특별시 서대문구 홍은동186-22,126.9345182,37.594644,건축물,02-330-1562~3,서울특별시 서대문구청,2025-01-01
홍은2동76,서울특별시 서대문구 홍은동188-12,126.9331655,37.5950012,건축물,02-330-1562~3,서울특별시 서대문구청,2025-01-01
홍은2동96,서울특별시 서대문구 홍은동190-20,126.9337431,37.5934116,한전주,02-330-1562~3,서울특별시 서대문구청,2025-01-01
홍은2동82,서울특별시 서대문구 홍은동191-131,126.9324974,37.5942112,건축물,02-330-1562~3,서울특별시 서대문구청,2025-01-01
홍은2동121,서울특별시 서대문구 홍은동195-16,126.9332239,37.5924968,한전주,02-330-1562~3,서울특별시 서대문구청,2025-01-01
홍은2동147,서울특별시 서대문구 홍은동198-1,126.9345914,37.5903017,한전주,02-330-1562~3,서울특별시 서대문구청,2025-01-01
홍은2동1047,서울특별시 서대문구 홍은동198-1,126.9345914,37.5903017,한전주,02-330-1562~3,서울특별시 서대문구청,2025-01-01
홍은2동163,서울특별시 서대문구 홍은동204-10,126.9349339,37.5901065,한전주,02-330-1562~3,서울특별시 서대문구청,2025-01-01
홍은2동629,서울특별시 서대문구 홍은동206-19,126.9349826,37.5906566,건축물,02-330-1562~3,서울특별시 서대문구청,2025-01-01
홍은2동925,서울특별시 서대문구 홍은동206-28,126.9344644,37.5912646,건축물,02-330-1562~3,서울특별시 서대문구청,2025-01-01
홍은2동844,서울특별시 서대문구 홍은동206-4,126.9339337,37.5911607,한전주,02-330-1562~3,서울특별시 서대문구청,2025-01-01
홍은2동142,서울특별시 서대문구 홍은동208-5,126.9338496,37.5915023,한전주,02-330-1562~3,서울특별시 서대문구청,2025-01-01
홍은2동180-1,서울특별시 서대문구 홍은동265-104,126.9329464,37.5873494,한전주,02-330-1562~3,서울특별시 서대문구청,2025-01-01
홍은2동194,서울특별시 서대문구 홍은동265-107,126.9327353,37.5870682,한전주,02-330-1562~3,서울특별시 서대문구청,2025-01-01
홍은2동181,서울특별시 서대문구 홍은동265-108,126.9328623,37.5868982,한전주,02-330-1562~3,서울특별시 서대문구청,2025-01-01
홍은2동804,서울특별시 서대문구 홍은동265-135,126.9324452,37.5867682,한전주,02-330-1562~3,서울특별시 서대문구청,2025-01-01
홍은2동198,서울특별시 서대문구 홍은동265-138,126.9322005,37.5864597,한전주,02-330-1562~3,서울특별시 서대문구청,2025-01-01
홍은2동195,서울특별시 서대문구 홍은동265-150,126.9321987,37.5873787,통신주,02-330-1562~3,서울특별시 서대문구청,2025-01-01
홍은2동212-1,서울특별시 서대문구 홍은동265-177,126.9316043,37.5869769,건축물,02-330-1562~3,서울특별시 서대문구청,2025-01-01
홍은2동202,서울특별시 서대문구 홍은동265-180,126.931667,37.586554,한전주,02-330-1562~3,서울특별시 서대문구청,2025-01-01
홍은2동830,서울특별시 서대문구 홍은동265-267,126.9321255,37.5869546,건축물,02-330-1562~3,서울특별시 서대문구청,2025-01-01
홍은2동246,서울특별시 서대문구 홍은동265-283,126.9338979,37.5857362,한전주,02-330-1562~3,서울특별시 서대문구청,2025-01-01
홍은2동787,서울특별시 서대문구 홍은동265-292,126.934265,37.58619,통신주,02-330-1562~3,서울특별시 서대문구청,2025-01-01
홍은2동236,서울특별시 서대문구 홍은동265-293,126.934082,37.5863235,통신주,02-330-1562~3,서울특별시 서대문구청,2025-01-01
홍은2동272,서울특별시 서대문구 홍은동265-324,126.9357753,37.5826986,한전주,02-330-1562~3,서울특별시 서대문구청,2025-01-01
홍은2동245-1,서울특별시 서대문구 홍은동265-402,126.9339789,37.5856108,한전주,02-330-1562~3,서울특별시 서대문구청,2025-01-01
홍은2동172,서울특별시 서대문구 홍은동265-408,126.9341943,37.5871805,한전주,02-330-1562~3,서울특별시 서대문구청,2025-01-01
홍은2동870,서울특별시 서대문구 홍은동265-62,126.933809,37.5864111,전용주,02-330-1562~3,서울특별시 서대문구청,2025-01-01
홍은2동168,서울특별시 서대문구 홍은동265-9,126.9346386,37.5869863,건축물,02-330-1562~3,서울특별시 서대문구청,2025-01-01
홍은2동186,서울특별시 서대문구 홍은동265-99,126.9327903,37.585591,건축물,02-330-1562~3,서울특별시 서대문구청,2025-01-01
홍은2동321-1,서울특별시 서대문구 홍은동271-16,126.9339696,37.5807091,건축물,02-330-1562~3,서울특별시 서대문구청,2025-01-01
홍은2동293,서울특별시 서대문구 홍은동277-207,126.9339939,37.582178,건축물,02-330-1562~3,서울특별시 서대문구청,2025-01-01
홍은2동281,서울특별시 서대문구 홍은동277-81,126.933378,37.5817039,건축물,02-330-1562~3,서울특별시 서대문구청,2025-01-01
홍은2동490,서울특별시 서대문구 홍은동293-8,126.9289202,37.5783297,건축물,02-330-1562~3,서울특별시 서대문구청,2025-01-01
홍은2동405,서울특별시 서대문구 홍은동325-19,126.9259846,37.5848715,한전주,02-330-1562~3,서울특별시 서대문구청,2025-01-01
홍은2동433,서울특별시 서대문구 홍은동325-76,126.9260934,37.5851789,건축물,02-330-1562~3,서울특별시 서대문구청,2025-01-01
홍은2동921,서울특별시 서대문구 홍은동331-9,126.9264861,37.5862186,건축물,02-330-1562~3,서울특별시 서대문구청,2025-01-01
홍은2동778,서울특별시 서대문구 홍은동334-26,126.9245599,37.5855253,건축물,02-330-1562~3,서울특별시 서대문구청,2025-01-01
홍은2동450,서울특별시 서대문구 홍은동335-26,126.9248926,37.5860149,건축물,02-330-1562~3,서울특별시 서대문구청,2025-01-01
홍은2동425,서울특별시 서대문구 홍은동338-106,126.9243108,37.586316,한전주,02-330-1562~3,서울특별시 서대문구청,2025-01-01
홍은2동416,서울특별시 서대문구 홍은동338-117,126.924525,37.5871649,건축물,02-330-1562~3,서울특별시 서대문구청,2025-01-01
홍은2동415,서울특별시 서대문구 홍은동338-156,126.9250242,37.5870973,한전주,02-330-1562~3,서울특별시 서대문구청,2025-01-01
홍은2동407,서울특별시 서대문구 홍은동338-172,126.9258526,37.5861768,한전주,02-330-1562~3,서울특별시 서대문구청,2025-01-01
홍은2동440,서울특별시 서대문구 홍은동338-30,126.9240682,37.5858632,한전주,02-330-1562~3,서울특별시 서대문구청,2025-01-01
홍은2동443-1,서울특별시 서대문구 홍은동340-3,126.9237694,37.585383,한전주,02-330-1562~3,서울특별시 서대문구청,2025-01-01
홍은2동621,서울특별시 서대문구 홍은동341-1,126.9236009,37.5852913,건축물,02-330-1562~3,서울특별시 서대문구청,2025-01-01
홍은2동623,서울특별시 서대문구 홍은동345-1,126.9233296,37.5844779,건축물,02-330-1562~3,서울특별시 서대문구청,2025-01-01
홍은2동690-1,서울특별시 서대문구 홍은동345-3,126.9233102,37.5842525,한전주,02-330-1562~3,서울특별시 서대문구청,2025-01-01
홍은2동620,서울특별시 서대문구 홍은동352-4,126.9240842,37.5839622,통신주,02-330-1562~3,서울특별시 서대문구청,2025-01-01
홍은2동699,서울특별시 서대문구 홍은동361-20,126.9264643,37.5837947,한전주,02-330-1562~3,서울특별시 서대문구청,2025-01-01
홍은2동893,서울특별시 서대문구 홍은동361-21,126.9259253,37.5834834,건축물,02-330-1562~3,서울특별시 서대문구청,2025-01-01
홍은2동481,서울특별시 서대문구 홍은동361-30,126.9265904,37.5844716,한전주,02-330-1562~3,서울특별시 서대문구청,2025-01-01
홍은2동864,서울특별시 서대문구 홍은동376-38,126.9272706,37.5828379,건축물,02-330-1562~3,서울특별시 서대문구청,2025-01-01
홍은2동364,서울특별시 서대문구 홍은동397-4,126.9271982,37.5815668,통신주,02-330-1562~3,서울특별시 서대문구청,2025-01-01
홍은2동584-1,서울특별시 서대문구 홍은동402-37,126.9273619,37.5804149,건축물,02-330-1562~3,서울특별시 서대문구청,2025-01-01
홍은2동785,서울특별시 서대문구 홍은동402-68,126.9267157,37.5812651,한전주,02-330-1562~3,서울특별시 서대문구청,2025-01-01
홍은2동506,서울특별시 서대문구 홍은동403-14,126.9279985,37.5794476,건축물,02-330-1562~3,서울특별시 서대문구청,2025-01-01
홍은2동487,서울특별시 서대문구 홍은동405-13,126.9289495,37.5778704,한전주,02-330-1562~3,서울특별시 서대문구청,2025-01-01
홍은2동568,서울특별시 서대문구 홍은동409-40,126.9255442,37.580065,한전주,02-330-1562~3,서울특별시 서대문구청,2025-01-01
홍은2동850,서울특별시 서대문구 홍은동410-35,126.9256783,37.5793995,건축물,02-330-1562~3,서울특별시 서대문구청,2025-01-01
홍은2동909,서울특별시 서대문구 홍은동410-39,126.9254718,37.5795868,통신주,02-330-1562~3,서울특별시 서대문구청,2025-01-01
홍은2동910,서울특별시 서대문구 홍은동410-5,126.9257297,37.5797604,통신주,02-330-1562~3,서울특별시 서대문구청,2025-01-01
홍은2동567,서울특별시 서대문구 홍은동410-53,126.9257837,37.5791572,건축물,02-330-1562~3,서울특별시 서대문구청,2025-01-01
홍은2동852,서울특별시 서대문구 홍은동413-17,126.9272222,37.5775304,통신주,02-330-1562~3,서울특별시 서대문구청,2025-01-01
홍은2동905,서울특별시 서대문구 홍은동414-14,126.9279969,37.5779789,통신주,02-330-1562~3,서울특별시 서대문구청,2025-01-01
홍은2동535,서울특별시 서대문구 홍은동415-16,126.9277192,37.577607,한전주,02-330-1562~3,서울특별시 서대문구청,2025-01-01
홍은2동548-1,서울특별시 서대문구 홍은동415-20,126.9273036,37.5773779,건축물,02-330-1562~3,서울특별시 서대문구청,2025-01-01
홍은2동859,서울특별시 서대문구 홍은동415-62,126.9273217,37.5769096,건축물,02-330-1562~3,서울특별시 서대문구청,2025-01-01
홍은2동881,서울특별시 서대문구 홍은동421-1,126.9241523,37.582377,한전주,02-330-1562~3,서울특별시 서대문구청,2025-01-01
홍은2동835,서울특별시 서대문구 홍은동421-28,126.9244869,37.5819476,건축물,02-330-1562~3,서울특별시 서대문구청,2025-01-01
홍은2동741,서울특별시 서대문구 홍은동427-1,126.936749,37.5819055,한전주,02-330-1562~3,서울특별시 서대문구청,2025-01-01
홍은2동740,서울특별시 서대문구 홍은동427-1,126.936749,37.5819055,한전주,02-330-1562~3,서울특별시 서대문구청,2025-01-01
홍은2동739,서울특별시 서대문구 홍은동430-3,126.9367565,37.5813739,한전주,02-330-1562~3,서울특별시 서대문구청,2025-01-01
홍은2동337,서울특별시 서대문구 홍은동430-11,126.9366487,37.5809945,한전주,02-330-1562~3,서울특별시 서대문구청,2025-01-01
홍은2동896,서울특별시 서대문구 홍은동97-15,126.9405823,37.5926262,건축물,02-330-1562~3,서울특별시 서대문구청,2025-01-01
홍은2동475,서울특별시 서대문구 홍은동산11-155,126.9278664,37.5862942,한전주,02-330-1562~3,서울특별시 서대문구청,2025-01-01
홍은2동478,서울특별시 서대문구 홍은동산11-155,126.9278664,37.5862942,한전주,02-330-1562~3,서울특별시 서대문구청,2025-01-01
홍은2동479,서울특별시 서대문구 홍은동산11-155,126.9278664,37.5862942,한전주,02-330-1562~3,서울특별시 서대문구청,2025-01-01
홍은2동38,서울특별시 서대문구 홍은동산11-166,126.9396796,37.5947986,한전주,02-330-1562~3,서울특별시 서대문구청,2025-01-01
홍은2동472,서울특별시 서대문구 홍은동산11-2,126.9278567,37.5869699,한전주,02-330-1562~3,서울특별시 서대문구청,2025-01-01
홍은2동471,서울특별시 서대문구 홍은동312,126.9293344,37.5841902,한전주,02-330-1562~3,서울특별시 서대문구청,2025-01-01
홍은2동67,서울특별시 서대문구 홍은동산11-59,126.9337663,37.5965473,건축물,02-330-1562~3,서울특별시 서대문구청,2025-01-01
홍은2동66,서울특별시 서대문구 홍은동산11-59,126.9337663,37.5965473,건축물,02-330-1562~3,서울특별시 서대문구청,2025-01-01
홍은2동857,서울특별시 서대문구 홍은동산26-155,126.9315225,37.5808221,전용주,02-330-1562~3,서울특별시 서대문구청,2025-01-01
홍은2동826,서울특별시 서대문구 홍은동산11-227,126.9346931,37.5942851,건축물,02-330-1562~3,서울특별시 서대문구청,2025-01-01
홍은2동815,서울특별시 서대문구 홍은동317,126.9275334,37.5866156,한전주,02-330-1562~3,서울특별시 서대문구청,2025-01-01
홍은2동296,서울특별시 서대문구 홍은동277-133,126.934046,37.5817009,건축물,02-330-1562~3,서울특별시 서대문구청,2025-01-01
홍은2동7,서울특별시 서대문구 홍은동265-472,126.9345197,37.5857959,한전주,02-330-1562~3,서울특별시 서대문구청,2025-01-01
홍은2동350-1,서울특별시 서대문구 홍은동393-3,126.9297231,37.5799769,한전주,02-330-1562~3,서울특별시 서대문구청,2025-01-01
홍은2동216-1,서울특별시 서대문구 홍은동265-262,126.9311584,37.5864863,통신주,02-330-1562~3,서울특별시 서대문구청,2025-01-01
홍은2동13,서울특별시 서대문구 홍은동199-6,126.9340299,37.5899722,한전주,02-330-1562~3,서울특별시 서대문구청,2025-01-01
홍은2동1-1,서울특별시 서대문구 홍은동413-37,126.9264675,37.5780551,통신주,02-330-1562~3,서울특별시 서대문구청,2025-01-01
홍은2동14,서울특별시 서대문구 홍은동428-1,126.9370779,37.5818634,한전주,02-330-1562~3,서울특별시 서대문구청,2025-01-01
홍은2동15,서울특별시 서대문구 홍은동164,126.9385807,37.5964286,전용주,02-330-1562~3,서울특별시 서대문구청,2025-01-01
홍은2동16,서울특별시 서대문구 홍은동164,126.9385807,37.5964286,전용주,02-330-1562~3,서울특별시 서대문구청,2025-01-01
홍은2동1234,서울특별시 서대문구 홍은동265-26,126.9342231,37.5867483,전용주,02-330-1562~3,서울특별시 서대문구청,2025-01-01
홍은2동1-10,서울특별시 서대문구 홍은동208-4,126.9340747,37.5915945,건축물,02-330-1562~3,서울특별시 서대문구청,2025-01-01
홍은2동18,서울특별시 서대문구 홍은동405-30,126.9284843,37.5779383,전용주,02-330-1562~3,서울특별시 서대문구청,2025-01-01
홍은2동17,서울특별시 서대문구 홍은동265-122,126.9326069,37.5857515,전용주,02-330-1562~3,서울특별시 서대문구청,2025-01-01
홍은2동26,서울특별시 서대문구 홍은동402-29,126.9270813,37.5802502,한전주,02-330-1562~3,서울특별시 서대문구청,2025-01-01
홍은2동839-1,서울특별시 서대문구 홍은동192-11,126.934419,37.5920661,한전주,02-330-1562~3,서울특별시 서대문구청,2025-01-01
홍은2동1126,서울특별시 서대문구 홍은동197-18,126.9333145,37.5917047,통신주,02-330-1562~3,서울특별시 서대문구청,2025-01-01
홍은2동9664,서울특별시 서대문구 홍은동405-30,126.9284843,37.5779383,통신주,02-330-1562~3,서울특별시 서대문구청,2025-01-01
홍은2동8,서울특별시 서대문구 홍은동408-22,126.9264165,37.5800279,전용주,02-330-1562~3,서울특별시 서대문구청,2025-01-01
홍은2동11,서울특별시 서대문구 홍은동365-2,126.9262411,37.5827835,건축물,02-330-1562~3,서울특별시 서대문구청,2025-01-01
홍은2동10,서울특별시 서대문구 홍은동402-9,126.9263229,37.5810272,한전주,02-330-1562~3,서울특별시 서대문구청,2025-01-01
홍은2동9,서울특별시 서대문구 홍은동409-4,126.9264109,37.5804153,전용주,02-330-1562~3,서울특별시 서대문구청,2025-01-01
홍은2동176,서울특별시 서대문구 홍은동265-72,126.9333637,37.5866684,전용주,02-330-1562~3,서울특별시 서대문구청,2025-01-01
홍은2동876-1,서울특별시 서대문구 홍은동265-72,126.9333637,37.5866684,전용주,02-330-1562~3,서울특별시 서대문구청,2025-01-01
홍은2동215-1,서울특별시 서대문구 홍은동265-262,126.9311584,37.5864863,전용주,02-330-1562~3,서울특별시 서대문구청,2025-01-01
홍은2동214-2,서울특별시 서대문구 홍은동265-201,126.9312843,37.5863973,한전주,02-330-1562~3,서울특별시 서대문구청,2025-01-01
홍은2동10175,서울특별시 서대문구 홍은동294-35,126.9289413,37.578438,전용주,02-330-1562~3,서울특별시 서대문구청,2025-01-01
홍은2동971,서울특별시 서대문구 홍은동265-461,126.9314231,37.5877772,전용주,02-330-1562~3,서울특별시 서대문구청,2025-01-01
홍은2동 표찰무,서울특별시 서대문구 홍은동274-89,126.9348646,37.5806631,한전주,02-330-1562~3,서울특별시 서대문구청,2025-01-01
홍은2동219-1,서울특별시 서대문구 홍은동352-8,126.924168,37.5836476,한전주,02-330-1562~3,서울특별시 서대문구청,2025-01-01
홍은2동108,서울특별시 서대문구 홍은동186-25,126.9344969,37.5953376,한전주,02-330-1562~3,서울특별시 서대문구청,2025-01-01
홍은2동733-1,서울특별시 서대문구 홍은동217-13,126.9395338,37.5915085,건축물,02-330-1562~3,서울특별시 서대문구청,2025-01-01
남가좌1동158,서울특별시 서대문구 남가좌동105-6,126.9171312,37.5691938,한전주,02-330-1562~3,서울특별시 서대문구청,2025-01-01
남가좌1동160,서울특별시 서대문구 남가좌동102-13,126.9162552,37.5695011,한전주,02-330-1562~3,서울특별시 서대문구청,2025-01-01
남가좌1동159,서울특별시 서대문구 남가좌동102-16,126.9163051,37.5691772,한전주,02-330-1562~3,서울특별시 서대문구청,2025-01-01
남가좌1동1045,서울특별시 서대문구 남가좌동102-14,126.9162924,37.5692762,건축물,02-330-1562~3,서울특별시 서대문구청,2025-01-01
남가좌1동1044,서울특별시 서대문구 남가좌동102-20,126.9162796,37.5693752,건축물,02-330-1562~3,서울특별시 서대문구청,2025-01-01
남가좌1동552,서울특별시 서대문구 남가좌동102-20,126.9162796,37.5693752,건축물,02-330-1562~3,서울특별시 서대문구청,2025-01-01
남가좌1동9434,서울특별시 서대문구 남가좌동102-23,126.9163318,37.5688981,건축물,02-330-1562~3,서울특별시 서대문구청,2025-01-01
남가좌1동9433,서울특별시 서대문구 남가좌동102-24,126.9163672,37.5687994,한전주,02-330-1562~3,서울특별시 서대문구청,2025-01-01
남가좌1동9303,서울특별시 서대문구 남가좌동102-3,126.9166028,37.5689457,건축물,02-330-1562~3,서울특별시 서대문구청,2025-01-01
남가좌1동9302,서울특별시 서대문구 남가좌동102-3,126.9166028,37.5689457,건축물,02-330-1562~3,서울특별시 서대문구청,2025-01-01
남가좌1동9304,서울특별시 서대문구 남가좌동102-3,126.9166028,37.5689457,건축물,02-330-1562~3,서울특별시 서대문구청,2025-01-01
남가좌1동9305,서울특별시 서대문구 남가좌동102-3,126.9166028,37.5689457,건축물,02-330-1562~3,서울특별시 서대문구청,2025-01-01
남가좌1동1005,서울특별시 서대문구 남가좌동102-3,126.9166028,37.5689457,건축물,02-330-1562~3,서울특별시 서대문구청,2025-01-01
남가좌1동7021,서울특별시 서대문구 남가좌동102-3,126.9166028,37.5689457,건축물,02-330-1562~3,서울특별시 서대문구청,2025-01-01
남가좌1동9301,서울특별시 서대문구 남가좌동102-3,126.9166028,37.5689457,건축물,02-330-1562~3,서울특별시 서대문구청,2025-01-01
남가좌1동161,서울특별시 서대문구 남가좌동102-36,126.9161725,37.5697346,한전주,02-330-1562~3,서울특별시 서대문구청,2025-01-01
남가좌1동157,서울특별시 서대문구 남가좌동104-10,126.916797,37.5696052,건축물,02-330-1562~3,서울특별시 서대문구청,2025-01-01
남가좌1동144,서울특별시 서대문구 남가좌동104-14,126.9165277,37.5694406,전용주,02-330-1562~3,서울특별시 서대문구청,2025-01-01
남가좌1동1,서울특별시 서대문구 남가좌동104-19,126.9166505,37.5695588,건축물,02-330-1562~3,서울특별시 서대문구청,2025-01-01
남가좌1동89,서울특별시 서대문구 남가좌동104-23,126.9170644,37.569905,한전주,02-330-1562~3,서울특별시 서대문구청,2025-01-01
남가좌1동10161,서울특별시 서대문구 남가좌동104-26,126.9167811,37.5699204,건축물,02-330-1562~3,서울특별시 서대문구청,2025-01-01
남가좌1동154,서울특별시 서대문구 남가좌동104-27,126.9166802,37.5698564,건축물,02-330-1562~3,서울특별시 서대문구청,2025-01-01
남가좌1동153,서울특별시 서대문구 남가좌동104-28,126.9168927,37.5700296,한전주,02-330-1562~3,서울특별시 서대문구청,2025-01-01
남가좌1동86,서울특별시 서대문구 남가좌동104-28,126.9168927,37.5700296,한전주,02-330-1562~3,서울특별시 서대문구청,2025-01-01
남가좌1동9995,서울특별시 서대문구 남가좌동105-1,126.9172295,37.569447,전용주,02-330-1562~3,서울특별시 서대문구청,2025-01-01
남가좌1동155,서울특별시 서대문구 남가좌동105-3,126.9169315,37.5696966,한전주,02-330-1562~3,서울특별시 서대문구청,2025-01-01
남가좌1동10158,서울특별시 서대문구 남가좌동115-63,126.9202793,37.5714662,건축물,02-330-1562~3,서울특별시 서대문구청,2025-01-01
남가좌1동10159,서울특별시 서대문구 남가좌동115-63,126.9202793,37.5714662,건축물,02-330-1562~3,서울특별시 서대문구청,2025-01-01
남가좌1동10160,서울특별시 서대문구 남가좌동115-63,126.9202793,37.5714662,건축물,02-330-1562~3,서울특별시 서대문구청,2025-01-01
남가좌1동6037,서울특별시 서대문구 남가좌동132-29,126.9204001,37.5717286,한전주,02-330-1562~3,서울특별시 서대문구청,2025-01-01
남가좌1동90,서울특별시 서대문구 남가좌동141-19,126.9172642,37.5701772,한전주,02-330-1562~3,서울특별시 서대문구청,2025-01-01
남가좌1동152,서울특별시 서대문구 남가좌동141-20,126.9170479,37.5702563,건축물,02-330-1562~3,서울특별시 서대문구청,2025-01-01
남가좌1동9611,서울특별시 서대문구 남가좌동141-25,126.9172086,37.5701046,한전주,02-330-1562~3,서울특별시 서대문구청,2025-01-01
남가좌1동87,서울특별시 서대문구 남가좌동141-25,126.9172086,37.5701046,한전주,02-330-1562~3,서울특별시 서대문구청,2025-01-01
남가좌1동148,서울특별시 서대문구 남가좌동141-28,126.9171189,37.5700497,한전주,02-330-1562~3,서울특별시 서대문구청,2025-01-01
남가좌1동149,서울특별시 서대문구 남가좌동150-10,126.9166184,37.5702163,한전주,02-330-1562~3,서울특별시 서대문구청,2025-01-01
남가좌1동150,서울특별시 서대문구 남가좌동150-10,126.9166184,37.5702163,한전주,02-330-1562~3,서울특별시 서대문구청,2025-01-01
남가좌1동2075,서울특별시 서대문구 남가좌동150-2,126.9164768,37.5698275,한전주,02-330-1562~3,서울특별시 서대문구청,2025-01-01
남가좌1동146,서울특별시 서대문구 남가좌동104-7,126.9165903,37.5698106,한전주,02-330-1562~3,서울특별시 서대문구청,2025-01-01
남가좌1동85,서울특별시 서대문구 남가좌동150-38,126.916622,37.569964,한전주,02-330-1562~3,서울특별시 서대문구청,2025-01-01
남가좌1동145,서울특별시 서대문구 남가좌동151-13,126.9163893,37.5696195,한전주,02-330-1562~3,서울특별시 서대문구청,2025-01-01
남가좌1동143,서울특별시 서대문구 남가좌동152-39,126.9164016,37.5703314,한전주,02-330-1562~3,서울특별시 서대문구청,2025-01-01
남가좌1동9507,서울특별시 서대문구 남가좌동152-39,126.9164016,37.5703314,한전주,02-330-1562~3,서울특별시 서대문구청,2025-01-01
남가좌1동2093,서울특별시 서대문구 남가좌동152-43,126.9163423,37.5705201,건축물,02-330-1562~3,서울특별시 서대문구청,2025-01-01
남가좌1동284,서울특별시 서대문구 남가좌동152-43,126.9163423,37.5705201,전용주,02-330-1562~3,서울특별시 서대문구청,2025-01-01
남가좌1동624,서울특별시 서대문구 남가좌동152-43,126.9163423,37.5705201,건축물,02-330-1562~3,서울특별시 서대문구청,2025-01-01
남가좌1동565,서울특별시 서대문구 남가좌동152-43,126.9163423,37.5705201,한전주,02-330-1562~3,서울특별시 서대문구청,2025-01-01
남가좌1동275,서울특별시 서대문구 남가좌동152-43,126.9163423,37.5705201,한전주,02-330-1562~3,서울특별시 서대문구청,2025-01-01
남가좌1동10051,서울특별시 서대문구 남가좌동152-43,126.9163423,37.5705201,한전주,02-330-1562~3,서울특별시 서대문구청,2025-01-01
남가좌1동141,서울특별시 서대문구 남가좌동152-43,126.9163423,37.5705201,한전주,02-330-1562~3,서울특별시 서대문구청,2025-01-01
남가좌1동163,서울특별시 서대문구 남가좌동152-44,126.9162344,37.5701497,한전주,02-330-1562~3,서울특별시 서대문구청,2025-01-01
남가좌1동162,서울특별시 서대문구 남가좌동152-45,126.9161813,37.5699149,한전주,02-330-1562~3,서울특별시 서대문구청,2025-01-01
남가좌1동83,서울특별시 서대문구 남가좌동152-45,126.9161813,37.5699149,건축물,02-330-1562~3,서울특별시 서대문구청,2025-01-01
남가좌1동10029,서울특별시 서대문구 남가좌동152-45,126.9161813,37.5699149,건축물,02-330-1562~3,서울특별시 서대문구청,2025-01-01
남가좌1동283,서울특별시 서대문구 남가좌동153-18,126.9159181,37.5701107,건축물,02-330-1562~3,서울특별시 서대문구청,2025-01-01
남가좌1동264,서울특별시 서대문구 남가좌동155-308,126.9165462,37.5720717,한전주,02-330-1562~3,서울특별시 서대문구청,2025-01-01
남가좌1동310,서울특별시 서대문구 남가좌동268-3,126.9139082,37.5713177,전용주,02-330-1562~3,서울특별시 서대문구청,2025-01-01
남가좌1동311,서울특별시 서대문구 남가좌동269-1,126.9135885,37.5707291,전용주,02-330-1562~3,서울특별시 서대문구청,2025-01-01
남가좌1동300,서울특별시 서대문구 남가좌동271-1,126.9140002,37.5712194,건축물,02-330-1562~3,서울특별시 서대문구청,2025-01-01
남가좌1동301,서울특별시 서대문구 남가좌동271-2,126.9139825,37.5708768,한전주,02-330-1562~3,서울특별시 서대문구청,2025-01-01
남가좌1동277,서울특별시 서대문구 남가좌동286-1,126.9156916,37.5716764,한전주,02-330-1562~3,서울특별시 서대문구청,2025-01-01
남가좌1동274,서울특별시 서대문구 남가좌동286-35,126.9159111,37.5713721,한전주,02-330-1562~3,서울특별시 서대문구청,2025-01-01
남가좌1동308,서울특별시 서대문구 남가좌동286-6,126.9155607,37.5713329,한전주,02-330-1562~3,서울특별시 서대문구청,2025-01-01
남가좌1동307,서울특별시 서대문구 남가좌동288-6,126.9149969,37.5711835,한전주,02-330-1562~3,서울특별시 서대문구청,2025-01-01
남가좌1동3007,서울특별시 서대문구 남가좌동288-6,126.9149969,37.5711835,한전주,02-330-1562~3,서울특별시 서대문구청,2025-01-01
남가좌1동299,서울특별시 서대문구 남가좌동289-47,126.9145824,37.5708824,전용주,02-330-1562~3,서울특별시 서대문구청,2025-01-01
남가좌1동9996,서울특별시 서대문구 남가좌동289-51,126.9144535,37.5711875,통신주,02-330-1562~3,서울특별시 서대문구청,2025-01-01
남가좌1동596,서울특별시 서대문구 남가좌동289-53,126.9152081,37.5706719,건축물,02-330-1562~3,서울특별시 서대문구청,2025-01-01
남가좌1동306,서울특별시 서대문구 남가좌동289-55,126.9146681,37.5712165,한전주,02-330-1562~3,서울특별시 서대문구청,2025-01-01
남가좌1동295,서울특별시 서대문구 남가좌동289-58,126.9152061,37.570807,전용주,02-330-1562~3,서울특별시 서대문구청,2025-01-01
남가좌1동2094,서울특별시 서대문구 남가좌동289-81,126.9147948,37.5702896,건축물,02-330-1562~3,서울특별시 서대문구청,2025-01-01
남가좌1동298,서울특별시 서대문구 남가좌동289-9,126.9149525,37.5703451,한전주,02-330-1562~3,서울특별시 서대문구청,2025-01-01
남가좌1동294,서울특별시 서대문구 남가좌동289-9,126.9149525,37.5703451,한전주,02-330-1562~3,서울특별시 서대문구청,2025-01-01
남가좌1동288,서울특별시 서대문구 남가좌동290-100,126.9149632,37.5696064,건축물,02-330-1562~3,서울특별시 서대문구청,2025-01-01
남가좌1동81,서울특별시 서대문구 남가좌동290-133,126.9154241,37.5698269,한전주,02-330-1562~3,서울특별시 서대문구청,2025-01-01
남가좌1동287,서울특별시 서대문구 남가좌동290-140,126.9153136,37.5696366,한전주,02-330-1562~3,서울특별시 서대문구청,2025-01-01
남가좌1동285,서울특별시 서대문구 남가좌동290-31,126.9156321,37.5703153,전용주,02-330-1562~3,서울특별시 서대문구청,2025-01-01
남가좌1동289,서울특별시 서대문구 남가좌동290-42,126.9157133,37.5701809,건축물,02-330-1562~3,서울특별시 서대문구청,2025-01-01
남가좌1동2090,서울특별시 서대문구 남가좌동290-9,126.91567,37.5700454,건축물,02-330-1562~3,서울특별시 서대문구청,2025-01-01
남가좌1동2089,서울특별시 서대문구 남가좌동290-9,126.91567,37.5700454,건축물,02-330-1562~3,서울특별시 서대문구청,2025-01-01
남가좌1동629,서울특별시 서대문구 남가좌동291-24,126.9160301,37.569409,한전주,02-330-1562~3,서울특별시 서대문구청,2025-01-01
남가좌1동627,서울특별시 서대문구 남가좌동291-26,126.9155905,37.5692788,건축물,02-330-1562~3,서울특별시 서대문구청,2025-01-01
남가좌1동628,서울특별시 서대문구 남가좌동291-26,126.9155905,37.5692788,건축물,02-330-1562~3,서울특별시 서대문구청,2025-01-01
남가좌1동577,서울특별시 서대문구 남가좌동291-26,126.9155905,37.5692788,건축물,02-330-1562~3,서울특별시 서대문구청,2025-01-01
남가좌1동576,서울특별시 서대문구 남가좌동291-26,126.9155905,37.5692788,건축물,02-330-1562~3,서울특별시 서대문구청,2025-01-01
남가좌1동579,서울특별시 서대문구 남가좌동291-28,126.915642,37.5696307,건축물,02-330-1562~3,서울특별시 서대문구청,2025-01-01
남가좌1동5077,서울특별시 서대문구 남가좌동291-35,126.9158221,37.5697044,전용주,02-330-1562~3,서울특별시 서대문구청,2025-01-01
남가좌1동82,서울특별시 서대문구 남가좌동291-35,126.9158221,37.5697044,전용주,02-330-1562~3,서울특별시 서대문구청,2025-01-01
남가좌1동9646,서울특별시 서대문구 남가좌동291-40,126.9152836,37.5693661,한전주,02-330-1562~3,서울특별시 서대문구청,2025-01-01
남가좌1동290,서울특별시 서대문구 남가좌동291-46,126.9155305,37.5695125,건축물,02-330-1562~3,서울특별시 서대문구청,2025-01-01
남가좌1동10146,서울특별시 서대문구 남가좌동291-60,126.9160132,37.5690124,건축물,02-330-1562~3,서울특별시 서대문구청,2025-01-01
남가좌1동359,서울특별시 서대문구 남가좌동293-20,126.9149149,37.5698132,한전주,02-330-1562~3,서울특별시 서대문구청,2025-01-01
남가좌1동658,서울특별시 서대문구 남가좌동293-20,126.9149149,37.5698132,한전주,02-330-1562~3,서울특별시 서대문구청,2025-01-01
남가좌1동8483,서울특별시 서대문구 남가좌동293-56,126.9153165,37.5702223,한전주,02-330-1562~3,서울특별시 서대문구청,2025-01-01
남가좌1동2085,서울특별시 서대문구 남가좌동293-56,126.9153165,37.5702223,건축물,02-330-1562~3,서울특별시 서대문구청,2025-01-01
남가좌1동2091,서울특별시 서대문구 남가좌동293-85,126.9151123,37.5694726,건축물,02-330-1562~3,서울특별시 서대문구청,2025-01-01
남가좌1동291,서울특별시 서대문구 남가좌동293-85,126.9151123,37.5694726,한전주,02-330-1562~3,서울특별시 서대문구청,2025-01-01
남가좌1동9483,서울특별시 서대문구 남가좌동293-93,126.9152275,37.5701134,건축물,02-330-1562~3,서울특별시 서대문구청,2025-01-01
남가좌1동302,서울특별시 서대문구 남가좌동295-18,126.9140423,37.5706611,한전주,02-330-1562~3,서울특별시 서대문구청,2025-01-01
남가좌1동304,서울특별시 서대문구 남가좌동295-18,126.9140423,37.5706611,건축물,02-330-1562~3,서울특별시 서대문구청,2025-01-01
남가좌1동10151,서울특별시 서대문구 남가좌동295-19,126.9141901,37.5706175,건축물,02-330-1562~3,서울특별시 서대문구청,2025-01-01
남가좌1동305,서울특별시 서대문구 남가좌동270-4,126.9136937,37.5704958,한전주,02-330-1562~3,서울특별시 서대문구청,2025-01-01
남가좌1동575,서울특별시 서대문구 남가좌동295-23,126.9142067,37.5710321,건축물,02-330-1562~3,서울특별시 서대문구청,2025-01-01
남가좌1동303,서울특별시 서대문구 남가좌동295-24,126.9140845,37.5708688,한전주,02-330-1562~3,서울특별시 서대문구청,2025-01-01
남가좌1동9908,서울특별시 서대문구 남가좌동295-4,126.9143466,37.570754,건축물,02-330-1562~3,서울특별시 서대문구청,2025-01-01
남가좌1동564,서울특별시 서대문구 남가좌동295-5,126.9142394,37.5703386,한전주,02-330-1562~3,서울특별시 서대문구청,2025-01-01
남가좌1동2098,서울특별시 서대문구 남가좌동295-5,126.9142394,37.5703386,건축물,02-330-1562~3,서울특별시 서대문구청,2025-01-01
남가좌1동9484,서울특별시 서대문구 남가좌동295-5,126.9142394,37.5703386,건축물,02-330-1562~3,서울특별시 서대문구청,2025-01-01
남가좌1동9485,서울특별시 서대문구 남가좌동295-5,126.9142394,37.5703386,건축물,02-330-1562~3,서울특별시 서대문구청,2025-01-01
남가좌1동3003,서울특별시 서대문구 남가좌동295-5,126.9142394,37.5703386,건축물,02-330-1562~3,서울특별시 서대문구청,2025-01-01
남가좌1동500,서울특별시 서대문구 남가좌동295-5,126.9142394,37.5703386,한전주,02-330-1562~3,서울특별시 서대문구청,2025-01-01
남가좌1동614,서울특별시 서대문구 남가좌동308-9,126.9165709,37.5734956,건축물,02-330-1562~3,서울특별시 서대문구청,2025-01-01
남가좌1동140,서울특별시 서대문구 남가좌동382-12,126.9165705,37.570396,한전주,02-330-1562~3,서울특별시 서대문구청,2025-01-01
남가좌1동88,서울특별시 서대문구 남가좌동382-9,126.9171693,37.5704736,한전주,02-330-1562~3,서울특별시 서대문구청,2025-01-01
남가좌1동3011-1,서울특별시 서대문구 남가좌동382,126.9147857,37.5716952,한전주,02-330-1562~3,서울특별시 서대문구청,2025-01-01
남가좌2동273,서울특별시 서대문구 남가좌동333-4,126.9227844,37.5743814,건축물,02-330-1562~3,서울특별시 서대문구청,2025-01-01
남가좌2동10163,서울특별시 서대문구 남가좌동73-32,126.9229642,37.575257,건축물,02-330-1562~3,서울특별시 서대문구청,2025-01-01
남가좌2동107,서울특별시 서대문구 남가좌동368,126.9196826,37.5790745,한전주,02-330-1562~3,서울특별시 서대문구청,2025-01-01
남가좌2동409,서울특별시 서대문구 남가좌동380,126.9193502,37.5754403,전용주,02-330-1562~3,서울특별시 서대문구청,2025-01-01
남가좌2동410,서울특별시 서대문구 남가좌동380,126.9193502,37.5754403,전용주,02-330-1562~3,서울특별시 서대문구청,2025-01-01
남가좌2동411,서울특별시 서대문구 남가좌동380,126.9193502,37.5754403,전용주,02-330-1562~3,서울특별시 서대문구청,2025-01-01
남가좌2동440,서울특별시 서대문구 남가좌동380,126.9193502,37.5754403,전용주,02-330-1562~3,서울특별시 서대문구청,2025-01-01
남가좌2동457,서울특별시 서대문구 남가좌동62-1,126.9216007,37.575605,한전주,02-330-1562~3,서울특별시 서대문구청,2025-01-01
남가좌2동564,서울특별시 서대문구 남가좌동64-8,126.9219231,37.5767973,한전주,02-330-1562~3,서울특별시 서대문구청,2025-01-01
남가좌2동362,서울특별시 서대문구 남가좌동64-10,126.9219546,37.5761849,한전주,02-330-1562~3,서울특별시 서대문구청,2025-01-01
남가좌2동84,서울특별시 서대문구 남가좌동74-2,126.9223068,37.5753141,한전주,02-330-1562~3,서울특별시 서대문구청,2025-01-01
남가좌2동379,서울특별시 서대문구 남가좌동74-12,126.9218167,37.5755439,전용주,02-330-1562~3,서울특별시 서대문구청,2025-01-01
남가좌2동614,서울특별시 서대문구 남가좌동1-2,126.9230458,37.5845294,건축물,02-330-1562~3,서울특별시 서대문구청,2025-01-01
남가좌2동638,서울특별시 서대문구 남가좌동3-2,126.9230456,37.5837545,건축물,02-330-1562~3,서울특별시 서대문구청,2025-01-01
남가좌2동643,서울특별시 서대문구 남가좌동3-9,126.9225394,37.5835246,통신주,02-330-1562~3,서울특별시 서대문구청,2025-01-01
남가좌2동10042,서울특별시 서대문구 남가좌동3-24,126.9223656,37.5830185,건축물,02-330-1562~3,서울특별시 서대문구청,2025-01-01
남가좌2동205,서울특별시 서대문구 남가좌동3-27,126.9222826,37.583279,한전주,02-330-1562~3,서울특별시 서대문구청,2025-01-01
남가좌2동588,서울특별시 서대문구 남가좌동3-29,126.9222461,37.5834499,건축물,02-330-1562~3,서울특별시 서대문구청,2025-01-01
남가좌2동206,서울특별시 서대문구 남가좌동3-31,126.9221755,37.5836384,한전주,02-330-1562~3,서울특별시 서대문구청,2025-01-01
남가좌2동627,서울특별시 서대문구 남가좌동4-4,126.9232497,37.5829454,한전주,02-330-1562~3,서울특별시 서대문구청,2025-01-01
남가좌2동236,서울특별시 서대문구 남가좌동4-4,126.9232497,37.5829454,한전주,02-330-1562~3,서울특별시 서대문구청,2025-01-01
남가좌2동210,서울특별시 서대문구 남가좌동4-13,126.9229455,37.5828436,한전주,02-330-1562~3,서울특별시 서대문구청,2025-01-01
남가좌2동209,서울특별시 서대문구 남가좌동4-13,126.9229455,37.5828436,한전주,02-330-1562~3,서울특별시 서대문구청,2025-01-01
남가좌2동180,서울특별시 서대문구 남가좌동5-5,126.9225736,37.5819391,전용주,02-330-1562~3,서울특별시 서대문구청,2025-01-01
남가좌2동2058,서울특별시 서대문구 남가좌동5-7,126.9227195,37.5820306,건축물,02-330-1562~3,서울특별시 서대문구청,2025-01-01
남가좌2동257,서울특별시 서대문구 남가좌동5-10,126.9231051,37.58198,한전주,02-330-1562~3,서울특별시 서대문구청,2025-01-01
남가좌2동10120,서울특별시 서대문구 남가좌동5-17,126.9231526,37.5818273,건축물,02-330-1562~3,서울특별시 서대문구청,2025-01-01
남가좌2동255,서울특별시 서대문구 남가좌동5-21,126.92348,37.5818933,건축물,02-330-1562~3,서울특별시 서대문구청,2025-01-01
남가좌2동2053,서울특별시 서대문구 남가좌동5-22,126.9235043,37.5817764,건축물,02-330-1562~3,서울특별시 서대문구청,2025-01-01
남가좌2동197,서울특별시 서대문구 남가좌동5-30,126.9217376,37.5833822,한전주,02-330-1562~3,서울특별시 서대문구청,2025-01-01
남가좌2동225,서울특별시 서대문구 남가좌동7-1,126.9235785,37.5829124,한전주,02-330-1562~3,서울특별시 서대문구청,2025-01-01
남가좌2동227,서울특별시 서대문구 남가좌동7-4,126.9238907,37.5824647,한전주,02-330-1562~3,서울특별시 서대문구청,2025-01-01
남가좌2동9489,서울특별시 서대문구 남가좌동7-7,126.9236833,37.5827151,한전주,02-330-1562~3,서울특별시 서대문구청,2025-01-01
남가좌2동234,서울특별시 서대문구 남가좌동8-1,126.9234086,37.5837038,한전주,02-330-1562~3,서울특별시 서대문구청,2025-01-01
남가좌2동235,서울특별시 서대문구 남가좌동8-3,126.9236749,37.5833007,건축물,02-330-1562~3,서울특별시 서대문구청,2025-01-01
남가좌2동220,서울특별시 서대문구 남가좌동8-6,126.923876,37.5834828,한전주,02-330-1562~3,서울특별시 서대문구청,2025-01-01
남가좌2동224,서울특별시 서대문구 남가좌동8-15,126.9235546,37.5830023,한전주,02-330-1562~3,서울특별시 서대문구청,2025-01-01
남가좌2동9935,서울특별시 서대문구 남가좌동8-18,126.9239728,37.5830511,전용주,02-330-1562~3,서울특별시 서대문구청,2025-01-01
남가좌2동223,서울특별시 서대문구 남가좌동8-20,126.9242551,37.5831078,건축물,02-330-1562~3,서울특별시 서대문구청,2025-01-01
남가좌2동10081,서울특별시 서대문구 남가좌동8-24,126.9235619,37.5832817,전용주,02-330-1562~3,서울특별시 서대문구청,2025-01-01
남가좌2동232,서울특별시 서대문구 남가좌동9-2,126.9243127,37.5830362,한전주,02-330-1562~3,서울특별시 서대문구청,2025-01-01
남가좌2동219,서울특별시 서대문구 남가좌동9-9,126.924034,37.5835202,한전주,02-330-1562~3,서울특별시 서대문구청,2025-01-01
남가좌2동222,서울특별시 서대문구 남가좌동9-14,126.924103,37.5834488,전용주,02-330-1562~3,서울특별시 서대문구청,2025-01-01
남가좌2동221,서울특별시 서대문구 남가좌동9-14,126.924103,37.5834488,한전주,02-330-1562~3,서울특별시 서대문구청,2025-01-01
남가좌2동1309,서울특별시 서대문구 남가좌동9-28,126.9243478,37.5829555,전용주,02-330-1562~3,서울특별시 서대문구청,2025-01-01
남가좌2동676,서울특별시 서대문구 남가좌동119-35,126.9204573,37.5732519,한전주,02-330-1562~3,서울특별시 서대문구청,2025-01-01
남가좌2동401,서울특별시 서대문구 남가좌동119-8,126.9203076,37.5734307,한전주,02-330-1562~3,서울특별시 서대문구청,2025-01-01
남가좌2동10162,서울특별시 서대문구 남가좌동183-6,126.9189499,37.574941,통신주,02-330-1562~3,서울특별시 서대문구청,2025-01-01
남가좌2동10163,서울특별시 서대문구 남가좌동183-6,126.9189499,37.574941,통신주,02-330-1562~3,서울특별시 서대문구청,2025-01-01
남가좌2동409-1,서울특별시 서대문구 남가좌동183-6,126.9189499,37.574941,한전주,02-330-1562~3,서울특별시 서대문구청,2025-01-01
남가좌2동405,서울특별시 서대문구 남가좌동188-24,126.9189347,37.5744273,건축물,02-330-1562~3,서울특별시 서대문구청,2025-01-01
남가좌2동420,서울특별시 서대문구 남가좌동190-55,126.9205975,37.5760914,한전주,02-330-1562~3,서울특별시 서대문구청,2025-01-01
남가좌2동400,서울특별시 서대문구 남가좌동190-9,126.9191064,37.5742937,전용주,02-330-1562~3,서울특별시 서대문구청,2025-01-01
남가좌2동404,서울특별시 서대문구 남가좌동191-23,126.9192441,37.5741688,건축물,02-330-1562~3,서울특별시 서대문구청,2025-01-01
남가좌2동403,서울특별시 서대문구 남가좌동197-5,126.9196672,37.5738754,건축물,02-330-1562~3,서울특별시 서대문구청,2025-01-01
남가좌2동402,서울특별시 서대문구 남가좌동198-19,126.9198711,37.5738682,한전주,02-330-1562~3,서울특별시 서대문구청,2025-01-01
남가좌2동10159,서울특별시 서대문구 남가좌동205-2,126.9210216,37.5757259,한전주,02-330-1562~3,서울특별시 서대문구청,2025-01-01
남가좌2동254,서울특별시 서대문구 남가좌동205-6,126.9210351,37.5755728,한전주,02-330-1562~3,서울특별시 서대문구청,2025-01-01
남가좌2동607,서울특별시 서대문구 남가좌동206-15,126.9212398,37.5755116,한전주,02-330-1562~3,서울특별시 서대문구청,2025-01-01
남가좌2동368,서울특별시 서대문구 남가좌동206-2,126.9214692,37.5760904,건축물,02-330-1562~3,서울특별시 서대문구청,2025-01-01
남가좌2동367,서울특별시 서대문구 남가좌동211-10,126.9212284,37.5763044,건축물,02-330-1562~3,서울특별시 서대문구청,2025-01-01
남가좌2동370,서울특별시 서대문구 남가좌동211-15,126.92115,37.5762406,건축물,02-330-1562~3,서울특별시 서대문구청,2025-01-01
남가좌2동9326,서울특별시 서대문구 남가좌동211-16,126.9212303,37.5761693,건축물,02-330-1562~3,서울특별시 서대문구청,2025-01-01
남가좌2동371,서울특별시 서대문구 남가좌동211-3,126.9213179,37.5763773,통신주,02-330-1562~3,서울특별시 서대문구청,2025-01-01
남가좌2동366,서울특별시 서대문구 남가좌동211-4,126.9214092,37.5763241,한전주,02-330-1562~3,서울특별시 서대문구청,2025-01-01
남가좌2동364,서울특별시 서대문구 남가좌동211-6,126.9216133,37.5762989,한전주,02-330-1562~3,서울특별시 서대문구청,2025-01-01
남가좌2동373,서울특별시 서대문구 남가좌동226-13,126.9209636,37.5766083,한전주,02-330-1562~3,서울특별시 서대문구청,2025-01-01
남가좌2동374,서울특별시 서대문구 남가좌동229-6,126.9211282,37.5769703,건축물,02-330-1562~3,서울특별시 서대문구청,2025-01-01
남가좌2동377,서울특별시 서대문구 남가좌동230-1,126.9215715,37.5768482,한전주,02-330-1562~3,서울특별시 서대문구청,2025-01-01
남가좌2동375,서울특별시 서대문구 남가좌동230-15,126.9214482,37.5767569,한전주,02-330-1562~3,서울특별시 서대문구청,2025-01-01
남가좌2동672,서울특별시 서대문구 남가좌동230-15,126.9214482,37.5767569,건축물,02-330-1562~3,서울특별시 서대문구청,2025-01-01
남가좌2동668,서울특별시 서대문구 남가좌동230-3,126.9213587,37.576684,한전주,02-330-1562~3,서울특별시 서대문구청,2025-01-01
남가좌2동365,서울특별시 서대문구 남가좌동230-5,126.9215074,37.5765773,통신주,02-330-1562~3,서울특별시 서대문구청,2025-01-01
남가좌2동372,서울특별시 서대문구 남가좌동230-7,126.9211909,37.5765473,한전주,02-330-1562~3,서울특별시 서대문구청,2025-01-01
남가좌2동309,서울특별시 서대문구 남가좌동288-27,126.9147381,37.571073,한전주,02-330-1562~3,서울특별시 서대문구청,2025-01-01
남가좌2동289,서울특별시 서대문구 남가좌동290-133,126.9154241,37.5698269,한전주,02-330-1562~3,서울특별시 서대문구청,2025-01-01
남가좌2동630,서울특별시 서대문구 남가좌동3-110,126.9223859,37.5839647,한전주,02-330-1562~3,서울특별시 서대문구청,2025-01-01
남가좌2동237,서울특별시 서대문구 남가좌동322-1,126.9238959,37.5821044,한전주,02-330-1562~3,서울특별시 서대문구청,2025-01-01
남가좌2동239,서울특별시 서대문구 남가좌동322-11,126.9242979,37.5817026,통신주,02-330-1562~3,서울특별시 서대문구청,2025-01-01
남가좌2동10121,서울특별시 서대문구 남가좌동322-13,126.9243351,37.5814776,한전주,02-330-1562~3,서울특별시 서대문구청,2025-01-01
남가좌2동242,서울특별시 서대문구 남가좌동322-18,126.9246998,37.5813098,한전주,02-330-1562~3,서울특별시 서대문구청,2025-01-01
남가좌2동242-1,서울특별시 서대문구 남가좌동322-18,126.9246998,37.5813098,한전주,02-330-1562~3,서울특별시 서대문구청,2025-01-01
남가좌2동241,서울특별시 서대문구 남가좌동322-18,126.9246998,37.5813098,한전주,02-330-1562~3,서울특별시 서대문구청,2025-01-01
남가좌2동9486,서울특별시 서대문구 남가좌동322-2,126.9238974,37.5819963,통신주,02-330-1562~3,서울특별시 서대문구청,2025-01-01
남가좌2동110,서울특별시 서대문구 남가좌동322-20,126.9245833,37.581543,통신주,02-330-1562~3,서울특별시 서대문구청,2025-01-01
남가좌2동240,서울특별시 서대문구 남가좌동322-22,126.9244448,37.5817219,한전주,02-330-1562~3,서울특별시 서대문구청,2025-01-01
남가좌2동248,서울특별시 서대문구 남가좌동322-29,126.9239152,37.5815459,한전주,02-330-1562~3,서울특별시 서대문구청,2025-01-01
남가좌2동254-1,서울특별시 서대문구 남가좌동322-3,126.9239216,37.5818884,한전주,02-330-1562~3,서울특별시 서대문구청,2025-01-01
남가좌2동9328,서울특별시 서대문구 남가좌동5-273,126.9237027,37.5813638,한전주,02-330-1562~3,서울특별시 서대문구청,2025-01-01
남가좌2동247,서울특별시 서대문구 남가좌동322-32,126.9240214,37.5812495,한전주,02-330-1562~3,서울특별시 서대문구청,2025-01-01
남가좌2동245,서울특별시 서대문구 남가좌동322-16,126.9245415,37.5812993,한전주,02-330-1562~3,서울특별시 서대문구청,2025-01-01
남가좌2동10075,서울특별시 서대문구 남가좌동322-33,126.9241345,37.5812596,한전주,02-330-1562~3,서울특별시 서대문구청,2025-01-01
남가좌2동621,서울특별시 서대문구 남가좌동322-35,126.9240916,37.5818809,건축물,02-330-1562~3,서울특별시 서대문구청,2025-01-01
남가좌2동9327,서울특별시 서대문구 남가좌동5-273,126.9237027,37.5813638,한전주,02-330-1562~3,서울특별시 서대문구청,2025-01-01
남가좌2동2038,서울특별시 서대문구 남가좌동322-8,126.9241013,37.5819891,통신주,02-330-1562~3,서울특별시 서대문구청,2025-01-01
남가좌2동154,서울특별시 서대문구 남가좌동322-8,126.9241013,37.5819891,한전주,02-330-1562~3,서울특별시 서대문구청,2025-01-01
남가좌2동376,서울특별시 서대문구 남가좌동32-36,126.9216772,37.5765788,건축물,02-330-1562~3,서울특별시 서대문구청,2025-01-01
남가좌2동71,서울특별시 서대문구 남가좌동324-1,126.9249777,37.5800959,한전주,02-330-1562~3,서울특별시 서대문구청,2025-01-01
남가좌2동68,서울특별시 서대문구 남가좌동324-10,126.9250531,37.579574,한전주,02-330-1562~3,서울특별시 서대문구청,2025-01-01
남가좌2동10120-1,서울특별시 서대문구 남가좌동324-11,126.9249524,37.579492,건축물,02-330-1562~3,서울특별시 서대문구청,2025-01-01
남가좌2동172,서울특별시 서대문구 남가좌동324-20,126.9245295,37.5797675,통신주,02-330-1562~3,서울특별시 서대문구청,2025-01-01
남가좌2동69,서울특별시 서대문구 남가좌동324-26,126.9245782,37.5795336,건축물,02-330-1562~3,서울특별시 서대문구청,2025-01-01
남가좌2동67,서울특별시 서대문구 남가좌동324-28,126.9246948,37.5793004,한전주,02-330-1562~3,서울특별시 서대문구청,2025-01-01
남가좌2동608,서울특별시 서대문구 남가좌동324-33,126.9243195,37.5794141,건축물,02-330-1562~3,서울특별시 서대문구청,2025-01-01
남가좌2동9672,서울특별시 서대문구 남가좌동324-33,126.9243195,37.5794141,한전주,02-330-1562~3,서울특별시 서대문구청,2025-01-01
남가좌2동332,서울특별시 서대문구 남가좌동324-36,126.9242075,37.579332,건축물,02-330-1562~3,서울특별시 서대문구청,2025-01-01
남가좌2동66,서울특별시 서대문구 남가좌동324-45,126.9242798,37.5790263,한전주,02-330-1562~3,서울특별시 서대문구청,2025-01-01
남가좌2동65,서울특별시 서대문구 남가좌동324-46,126.9241563,37.5789531,한전주,02-330-1562~3,서울특별시 서대문구청,2025-01-01
남가좌2동64,서울특별시 서대문구 남가좌동324-48,126.9239843,37.5791047,한전주,02-330-1562~3,서울특별시 서대문구청,2025-01-01
남가좌2동70,서울특별시 서대문구 남가좌동324-5,126.9249911,37.5799519,한전주,02-330-1562~3,서울특별시 서대문구청,2025-01-01
남가좌2동77,서울특별시 서대문구 남가좌동325-12,126.924645,37.5788224,한전주,02-330-1562~3,서울특별시 서대문구청,2025-01-01
남가좌2동79,서울특별시 서대문구 남가좌동325-16,126.9243628,37.5787658,한전주,02-330-1562~3,서울특별시 서대문구청,2025-01-01
남가좌2동238,서울특별시 서대문구 남가좌동325-17,126.9244664,37.5786496,한전주,02-330-1562~3,서울특별시 서대문구청,2025-01-01
남가좌2동677,서울특별시 서대문구 남가좌동325-2,126.9247873,37.5791661,건축물,02-330-1562~3,서울특별시 서대문구청,2025-01-01
남가좌2동80,서울특별시 서대문구 남가좌동325-23,126.9246049,37.5784617,전용주,02-330-1562~3,서울특별시 서대문구청,2025-01-01
남가좌2동10131,서울특별시 서대문구 남가좌동325-25,126.9247617,37.5785802,건축물,02-330-1562~3,서울특별시 서대문구청,2025-01-01
남가좌2동682,서울특별시 서대문구 남가좌동325-26,126.9248626,37.5786532,건축물,02-330-1562~3,서울특별시 서대문구청,2025-01-01
남가좌2동208,서울특별시 서대문구 남가좌동325-33,126.9248571,37.5782477,통신주,02-330-1562~3,서울특별시 서대문구청,2025-01-01
남가좌2동75,서울특별시 서대문구 남가좌동325-43,126.9250982,37.5787995,한전주,02-330-1562~3,서울특별시 서대문구청,2025-01-01
남가좌2동24,서울특별시 서대문구 남가좌동325-50,126.9255187,37.5786862,한전주,02-330-1562~3,서울특별시 서대문구청,2025-01-01
남가좌2동76,서울특별시 서대문구 남가좌동325-53,126.92527,37.5786659,건축물,02-330-1562~3,서울특별시 서대문구청,2025-01-01
남가좌2동73,서울특별시 서대문구 남가좌동325-60,126.9253084,37.5791438,통신주,02-330-1562~3,서울특별시 서대문구청,2025-01-01
남가좌2동72,서울특별시 서대문구 남가좌동325-60,126.9253084,37.5791438,한전주,02-330-1562~3,서울특별시 서대문구청,2025-01-01
남가좌2동74,서울특별시 서대문구 남가좌동325-8,126.9246992,37.5789941,한전주,02-330-1562~3,서울특별시 서대문구청,2025-01-01
남가좌2동26,서울특별시 서대문구 남가좌동326-11,126.9250729,37.5781956,한전주,02-330-1562~3,서울특별시 서대문구청,2025-01-01
남가좌2동28,서울특별시 서대문구 남가좌동326-12,126.9249834,37.5781227,한전주,02-330-1562~3,서울특별시 서대문구청,2025-01-01
남가좌2동9641,서울특별시 서대문구 남가좌동326-17,126.9258552,37.5781216,전용주,02-330-1562~3,서울특별시 서대문구청,2025-01-01
남가좌2동10132,서울특별시 서대문구 남가좌동326-2,126.92567,37.5783993,건축물,02-330-1562~3,서울특별시 서대문구청,2025-01-01
남가좌2동10117,서울특별시 서대문구 남가좌동326-20,126.9257088,37.5780662,한전주,02-330-1562~3,서울특별시 서대문구청,2025-01-01
남가좌2동226,서울특별시 서대문구 남가좌동326-2,126.92567,37.5783993,건축물,02-330-1562~3,서울특별시 서대문구청,2025-01-01
남가좌2동22,서울특별시 서대문구 남가좌동326-21,126.9255847,37.5780381,한전주,02-330-1562~3,서울특별시 서대문구청,2025-01-01
남가좌2동10152,서울특별시 서대문구 남가좌동326-22,126.9256653,37.5779397,한전주,02-330-1562~3,서울특별시 서대문구청,2025-01-01
남가좌2동20,서울특별시 서대문구 남가좌동326-22,126.9256653,37.5779397,전용주,02-330-1562~3,서울특별시 서대문구청,2025-01-01
남가좌2동1-13,서울특별시 서대문구 남가좌동326-26,126.925508,37.5778572,통신주,02-330-1562~3,서울특별시 서대문구청,2025-01-01
남가좌2동23,서울특별시 서대문구 남가좌동326-3,126.9257727,37.5783461,한전주,02-330-1562~3,서울특별시 서대문구청,2025-01-01
남가좌2동19,서울특별시 서대문구 남가좌동326-32,126.9259816,37.5779876,한전주,02-330-1562~3,서울특별시 서대문구청,2025-01-01
남가좌2동9487,서울특별시 서대문구 남가좌동326-32,126.9259816,37.5779876,한전주,02-330-1562~3,서울특별시 서대문구청,2025-01-01
남가좌2동25,서울특별시 서대문구 남가좌동326-6,126.925433,37.5783521,한전주,02-330-1562~3,서울특별시 서대문구청,2025-01-01
남가좌2동10008,서울특별시 서대문구 남가좌동326-9,126.9252568,37.5780081,건축물,02-330-1562~3,서울특별시 서대문구청,2025-01-01
남가좌2동20-1,서울특별시 서대문구 남가좌동327-1,126.9260403,37.577844,한전주,02-330-1562~3,서울특별시 서대문구청,2025-01-01
남가좌2동83,서울특별시 서대문구 남가좌동327-1,126.9260403,37.577844,한전주,02-330-1562~3,서울특별시 서대문구청,2025-01-01
남가좌2동15,서울특별시 서대문구 남가좌동327-13,126.9257639,37.577382,한전주,02-330-1562~3,서울특별시 서대문구청,2025-01-01
남가좌2동14,서울특별시 서대문구 남가좌동327-14,126.9258537,37.5774368,전용주,02-330-1562~3,서울특별시 서대문구청,2025-01-01
남가좌2동9497,서울특별시 서대문구 남가좌동327-18,126.9262259,37.5775303,한전주,02-330-1562~3,서울특별시 서대문구청,2025-01-01
남가좌2동10169,서울특별시 서대문구 남가좌동327-18,126.9262259,37.5775303,한전주,02-330-1562~3,서울특별시 서대문구청,2025-01-01
남가좌2동16,서울특별시 서대문구 남가좌동327-24,126.9259473,37.5772214,통신주,02-330-1562~3,서울특별시 서대문구청,2025-01-01
남가좌2동17,서울특별시 서대문구 남가좌동327-42,126.9262299,37.577251,통신주,02-330-1562~3,서울특별시 서대문구청,2025-01-01
남가좌2동1-2,서울특별시 서대문구 남가좌동327-43,126.9260957,37.5771417,전용주,02-330-1562~3,서울특별시 서대문구청,2025-01-01
남가좌2동1-3,서울특별시 서대문구 남가좌동327-44,126.9260277,37.5771411,전용주,02-330-1562~3,서울특별시 서대문구청,2025-01-01
남가좌2동18,서울특별시 서대문구 남가좌동327-46,126.926177,37.5769983,한전주,02-330-1562~3,서울특별시 서대문구청,2025-01-01
남가좌2동561,서울특별시 서대문구 남가좌동327-48,126.9264131,37.5771085,한전주,02-330-1562~3,서울특별시 서대문구청,2025-01-01
남가좌2동5,서울특별시 서대문구 남가좌동328-1,126.9265286,37.5769474,건축물,02-330-1562~3,서울특별시 서대문구청,2025-01-01
남가좌2동4,서울특별시 서대문구 남가좌동328-10,126.9267727,37.5765081,한전주,02-330-1562~3,서울특별시 서대문구청,2025-01-01
남가좌2동78,서울특별시 서대문구 남가좌동328-10,126.9267727,37.5765081,한전주,02-330-1562~3,서울특별시 서대문구청,2025-01-01
남가좌2동2,서울특별시 서대문구 남가좌동328-16,126.9262892,37.5762785,건축물,02-330-1562~3,서울특별시 서대문구청,2025-01-01
남가좌2동37,서울특별시 서대문구 남가좌동328-17,126.9263807,37.5762162,건축물,02-330-1562~3,서울특별시 서대문구청,2025-01-01
남가좌2동29,서울특별시 서대문구 남가좌동328-17,126.9263807,37.5762162,건축물,02-330-1562~3,서울특별시 서대문구청,2025-01-01
남가좌2동1,서울특별시 서대문구 남가좌동328-18,126.9264837,37.5761361,건축물,02-330-1562~3,서울특별시 서대문구청,2025-01-01
남가좌2동646,서울특별시 서대문구 남가좌동328-22,126.9260285,37.5763031,통신주,02-330-1562~3,서울특별시 서대문구청,2025-01-01
남가좌2동6,서울특별시 서대문구 남가좌동328-25,126.9258323,37.5765626,통신주,02-330-1562~3,서울특별시 서대문구청,2025-01-01
남가좌2동10072,서울특별시 서대문구 남가좌동328-25,126.9258323,37.5765626,전용주,02-330-1562~3,서울특별시 서대문구청,2025-01-01
남가좌2동642,서울특별시 서대문구 남가좌동328-26,126.925731,37.5765167,한전주,02-330-1562~3,서울특별시 서대문구청,2025-01-01
남가좌2동1-16,서울특별시 서대문구 남가좌동328-3,126.9260464,37.5766277,전용주,02-330-1562~3,서울특별시 서대문구청,2025-01-01
남가좌2동3,서울특별시 서대문구 남가좌동328-8,126.9262313,37.576368,한전주,02-330-1562~3,서울특별시 서대문구청,2025-01-01
남가좌2동182,서울특별시 서대문구 남가좌동328-9,126.9263549,37.5764322,건축물,02-330-1562~3,서울특별시 서대문구청,2025-01-01
남가좌2동288,서울특별시 서대문구 남가좌동329-11,126.9252271,37.5761337,건축물,02-330-1562~3,서울특별시 서대문구청,2025-01-01
남가좌2동2087,서울특별시 서대문구 남가좌동329-17,126.9253641,37.5760538,건축물,02-330-1562~3,서울특별시 서대문구청,2025-01-01
남가좌2동259,서울특별시 서대문구 남가좌동329-24,126.9254557,37.5759826,통신주,02-330-1562~3,서울특별시 서대문구청,2025-01-01
남가좌2동260,서울특별시 서대문구 남가좌동329-30,126.9253574,37.5757294,통신주,02-330-1562~3,서울특별시 서대문구청,2025-01-01
남가좌2동46,서울특별시 서대문구 남가좌동329-32,126.9249767,37.5762305,전용주,02-330-1562~3,서울특별시 서대문구청,2025-01-01
남가좌2동37-1,서울특별시 서대문구 남가좌동329-32,126.9249767,37.5762305,전용주,02-330-1562~3,서울특별시 서대문구청,2025-01-01
남가좌2동1-8,서울특별시 서대문구 남가좌동329-35,126.9253482,37.5755851,건축물,02-330-1562~3,서울특별시 서대문구청,2025-01-01
남가좌2동286,서울특별시 서대문구 남가좌동329-6,126.9248107,37.5759587,건축물,02-330-1562~3,서울특별시 서대문구청,2025-01-01
남가좌2동264,서울특별시 서대문구 남가좌동330-20,126.9243846,37.5748916,한전주,02-330-1562~3,서울특별시 서대문구청,2025-01-01
남가좌2동291,서울특별시 서대문구 남가좌동330-25,126.9245247,37.5753794,한전주,02-330-1562~3,서울특별시 서대문구청,2025-01-01
남가좌2동1-4,서울특별시 서대문구 남가좌동330-26,126.9244352,37.5753065,전용주,02-330-1562~3,서울특별시 서대문구청,2025-01-01
남가좌2동292,서울특별시 서대문구 남가좌동330-28,126.9242674,37.5751698,한전주,02-330-1562~3,서울특별시 서대문구청,2025-01-01
남가좌2동261,서울특별시 서대문구 남가좌동330-29,126.924997,37.5755999,한전주,02-330-1562~3,서울특별시 서대문구청,2025-01-01
남가좌2동262,서울특별시 서대문구 남가좌동330-32,126.9250337,37.5754111,건축물,02-330-1562~3,서울특별시 서대문구청,2025-01-01
남가좌2동255-1,서울특별시 서대문구 남가좌동330-33,126.9251346,37.5754841,건축물,02-330-1562~3,서울특별시 서대문구청,2025-01-01
남가좌2동263,서울특별시 서대문구 남가좌동330-11,126.9246279,37.5752902,한전주,02-330-1562~3,서울특별시 서대문구청,2025-01-01
남가좌2동283,서울특별시 서대문구 남가좌동330-7,126.9241555,37.5750787,한전주,02-330-1562~3,서울특별시 서대문구청,2025-01-01
남가좌2동687,서울특별시 서대문구 남가좌동330-7,126.9241555,37.5750787,건축물,02-330-1562~3,서울특별시 서대문구청,2025-01-01
남가좌2동266,서울특별시 서대문구 남가좌동331-15,126.9239146,37.5745088,한전주,02-330-1562~3,서울특별시 서대문구청,2025-01-01
남가좌2동267,서울특별시 서대문구 남가좌동331-18,126.9236013,37.5742537,건축물,02-330-1562~3,서울특별시 서대문구청,2025-01-01
남가좌2동265,서울특별시 서대문구 남가좌동331-35,126.9242281,37.574755,건축물,02-330-1562~3,서울특별시 서대문구청,2025-01-01
남가좌2동9957,서울특별시 서대문구 남가좌동331-7,126.9233496,37.5744406,건축물,02-330-1562~3,서울특별시 서대문구청,2025-01-01
남가좌2동274,서울특별시 서대문구 남가좌동331-8,126.9232602,37.5743587,한전주,02-330-1562~3,서울특별시 서대문구청,2025-01-01
남가좌2동272,서울특별시 서대문구 남가좌동332-2,126.9230249,37.5741854,건축물,02-330-1562~3,서울특별시 서대문구청,2025-01-01
남가좌2동29-1,서울특별시 서대문구 남가좌동332-21,126.9227119,37.5739122,전용주,02-330-1562~3,서울특별시 서대문구청,2025-01-01
남가좌2동270,서울특별시 서대문구 남가좌동332-25,126.9226916,37.5737498,통신주,02-330-1562~3,서울특별시 서대문구청,2025-01-01
남가좌2동268,서울특별시 서대문구 남가좌동332-29,126.9233897,37.5740085,한전주,02-330-1562~3,서울특별시 서대문구청,2025-01-01
남가좌2동271,서울특별시 서대문구 남가좌동332-4,126.9228571,37.5740487,한전주,02-330-1562~3,서울특별시 서대문구청,2025-01-01
남가좌2동269,서울특별시 서대문구 남가좌동332-6,126.9230383,37.5740413,건축물,02-330-1562~3,서울특별시 서대문구청,2025-01-01
남가좌2동639,서울특별시 서대문구 남가좌동3-33,126.922105,37.583818,건축물,02-330-1562~3,서울특별시 서대문구청,2025-01-01
남가좌2동275,서울특별시 서대문구 남가좌동78-46,126.922839,37.5745171,통신주,02-330-1562~3,서울특별시 서대문구청,2025-01-01
남가좌2동620,서울특별시 서대문구 남가좌동333-14,126.9225153,37.5741987,건축물,02-330-1562~3,서울특별시 서대문구청,2025-01-01
남가좌2동277,서울특별시 서대문구 남가좌동334-6,126.9234362,37.5747117,한전주,02-330-1562~3,서울특별시 서대문구청,2025-01-01
남가좌2동276,서울특별시 서대문구 남가좌동334-7,126.9233353,37.5746477,건축물,02-330-1562~3,서울특별시 서대문구청,2025-01-01
남가좌2동636,서울특별시 서대문구 남가좌동3-35,126.9220048,37.5837,한전주,02-330-1562~3,서울특별시 서대문구청,2025-01-01
남가좌2동144,서울특별시 서대문구 남가좌동335-11,126.9242972,37.5754584,전용주,02-330-1562~3,서울특별시 서대문구청,2025-01-01
남가좌2동284,서울특별시 서대문구 남가좌동335-14,126.923755,37.5753724,건축물,02-330-1562~3,서울특별시 서대문구청,2025-01-01
남가좌2동290,서울특별시 서대문구 남가좌동335-5,126.9246102,37.5757316,전용주,02-330-1562~3,서울특별시 서대문구청,2025-01-01
남가좌2동1293,서울특별시 서대문구 남가좌동336-1,126.9240129,37.5763298,통신주,02-330-1562~3,서울특별시 서대문구청,2025-01-01
남가좌2동296,서울특별시 서대문구 남가좌동336-11,126.923511,37.5758117,건축물,02-330-1562~3,서울특별시 서대문구청,2025-01-01
남가좌2동295,서울특별시 서대문구 남가좌동336-15,126.9239587,37.5761671,건축물,02-330-1562~3,서울특별시 서대문구청,2025-01-01
남가좌2동294,서울특별시 서대문구 남가좌동336-16,126.9240931,37.5762675,건축물,02-330-1562~3,서울특별시 서대문구청,2025-01-01
남가좌2동610,서울특별시 서대문구 남가좌동336-18,126.923537,37.5755776,한전주,02-330-1562~3,서울특별시 서대문구청,2025-01-01
남가좌2동297,서울특별시 서대문구 남가좌동336-18,126.923537,37.5755776,전용주,02-330-1562~3,서울특별시 서대문구청,2025-01-01
남가좌2동10092,서울특별시 서대문구 남가좌동336-19,126.9242643,37.5761699,한전주,02-330-1562~3,서울특별시 서대문구청,2025-01-01
남가좌2동2097,서울특별시 서대문구 남가좌동336-9,126.9233546,37.5756661,통신주,02-330-1562~3,서울특별시 서대문구청,2025-01-01
남가좌2동323,서울특별시 서대문구 남가좌동337-15,126.9235469,37.5764607,전용주,02-330-1562~3,서울특별시 서대문구청,2025-01-01
남가좌2동581,서울특별시 서대문구 남가좌동337-22,126.9238983,37.5764279,한전주,02-330-1562~3,서울특별시 서대문구청,2025-01-01
남가좌2동671,서울특별시 서대문구 남가좌동337-26,126.9233828,37.5760628,한전주,02-330-1562~3,서울특별시 서대문구청,2025-01-01
남가좌2동582,서울특별시 서대문구 남가좌동337-27,126.923349,37.5760535,한전주,02-330-1562~3,서울특별시 서대문구청,2025-01-01
남가좌2동609,서울특별시 서대문구 남가좌동337-30,126.9231027,37.575862,한전주,02-330-1562~3,서울특별시 서대문구청,2025-01-01
남가좌2동299,서울특별시 서대문구 남가좌동337-30,126.9231027,37.575862,한전주,02-330-1562~3,서울특별시 서대문구청,2025-01-01
남가좌2동340,서울특별시 서대문구 남가좌동338-11,126.9238323,37.577085,전용주,02-330-1562~3,서울특별시 서대문구청,2025-01-01
남가좌2동341,서울특별시 서대문구 남가좌동338-16,126.923675,37.5770025,전용주,02-330-1562~3,서울특별시 서대문구청,2025-01-01
남가좌2동339,서울특별시 서대문구 남가좌동338-19,126.9240162,37.5768885,건축물,02-330-1562~3,서울특별시 서대문구청,2025-01-01
남가좌2동9993,서울특별시 서대문구 남가좌동338-21,126.9242329,37.5767823,한전주,02-330-1562~3,서울특별시 서대문구청,2025-01-01
남가좌2동325,서울특별시 서대문구 남가좌동338-24,126.9239382,37.5768067,한전주,02-330-1562~3,서울특별시 서대문구청,2025-01-01
남가좌2동324,서울특별시 서대문구 남가좌동338-24,126.9239382,37.5768067,건축물,02-330-1562~3,서울특별시 서대문구청,2025-01-01
남가좌2동3025,서울특별시 서대문구 남가좌동338-29,126.9239406,37.5766355,한전주,02-330-1562~3,서울특별시 서대문구청,2025-01-01
남가좌2동337,서울특별시 서대문구 남가좌동338-31,126.924099,37.576646,한전주,02-330-1562~3,서울특별시 서대문구청,2025-01-01
남가좌2동590,서울특별시 서대문구 남가좌동338-45,126.9243614,37.5765042,건축물,02-330-1562~3,서울특별시 서대문구청,2025-01-01
남가좌2동326,서울특별시 서대문구 남가좌동338-55,126.9238012,37.5768865,건축물,02-330-1562~3,서울특별시 서대문구청,2025-01-01
남가좌2동338,서울특별시 서대문구 남가좌동338-6,126.9243666,37.5769277,한전주,02-330-1562~3,서울특별시 서대문구청,2025-01-01
남가좌2동13,서울특별시 서대문구 남가좌동327-8,126.9255801,37.5775695,한전주,02-330-1562~3,서울특별시 서대문구청,2025-01-01
남가좌2동8,서울특별시 서대문구 남가좌동339-13,126.925554,37.5770196,통신주,02-330-1562~3,서울특별시 서대문구청,2025-01-01
남가좌2동11,서울특별시 서대문구 남가좌동339-20,126.925098,37.5772407,한전주,02-330-1562~3,서울특별시 서대문구청,2025-01-01
남가좌2동9,서울특별시 서대문구 남가좌동339-23,126.9253738,37.5769549,한전주,02-330-1562~3,서울특별시 서대문구청,2025-01-01
남가좌2동7,서울특별시 서대문구 남가좌동339-27,126.9256491,37.5767051,한전주,02-330-1562~3,서울특별시 서대문구청,2025-01-01
남가좌2동649,서울특별시 서대문구 남가좌동340-1,126.9248379,37.5780043,한전주,02-330-1562~3,서울특별시 서대문구청,2025-01-01
남가좌2동209-1,서울특별시 서대문구 남가좌동340-15,126.9246944,37.5777507,통신주,02-330-1562~3,서울특별시 서대문구청,2025-01-01
남가좌2동30,서울특별시 서대문구 남가좌동340-8,126.9250242,37.5776455,건축물,02-330-1562~3,서울특별시 서대문구청,2025-01-01
남가좌2동31,서울특별시 서대문구 남가좌동340-20,126.9247778,37.5774631,통신주,02-330-1562~3,서울특별시 서대문구청,2025-01-01
남가좌2동33,서울특별시 서대문구 남가좌동340-25,126.9243552,37.5777205,건축물,02-330-1562~3,서울특별시 서대문구청,2025-01-01
남가좌2동32,서울특별시 서대문구 남가좌동340-29,126.9244828,37.5775055,전용주,02-330-1562~3,서울특별시 서대문구청,2025-01-01
남가좌2동12,서울특별시 서대문구 남가좌동340-34,126.9245886,37.5772361,건축물,02-330-1562~3,서울특별시 서대문구청,2025-01-01
남가좌2동21,서울특별시 서대문구 남가좌동340-4,126.9251019,37.5777544,한전주,02-330-1562~3,서울특별시 서대문구청,2025-01-01
남가좌2동10090,서울특별시 서대문구 남가좌동340-6,126.9252511,37.5776116,통신주,02-330-1562~3,서울특별시 서대문구청,2025-01-01
남가좌2동10174,서울특별시 서대문구 남가좌동340-7,126.9251274,37.5775564,통신주,02-330-1562~3,서울특별시 서대문구청,2025-01-01
남가좌2동244,서울특별시 서대문구 남가좌동340-9,126.9249325,37.5777258,건축물,02-330-1562~3,서울특별시 서대문구청,2025-01-01
남가좌2동199,서울특별시 서대문구 남가좌동3-41,126.9221709,37.5831699,한전주,02-330-1562~3,서울특별시 서대문구청,2025-01-01
남가좌2동9500,서울특별시 서대문구 남가좌동341-1,126.9233423,37.5780897,한전주,02-330-1562~3,서울특별시 서대문구청,2025-01-01
남가좌2동45,서울특별시 서대문구 남가좌동341-1,126.9233423,37.5780897,한전주,02-330-1562~3,서울특별시 서대문구청,2025-01-01
남가좌2동46-1,서울특별시 서대문구 남가좌동341-2,126.9234348,37.5779554,건축물,02-330-1562~3,서울특별시 서대문구청,2025-01-01
남가좌2동43,서울특별시 서대문구 남가좌동341-23,126.9237783,37.5776882,건축물,02-330-1562~3,서울특별시 서대문구청,2025-01-01
남가좌2동34,서울특별시 서대문구 남가좌동341-26,126.9238941,37.5775091,건축물,02-330-1562~3,서울특별시 서대문구청,2025-01-01
남가좌2동35,서울특별시 서대문구 남가좌동341-30,126.9241286,37.5777365,건축물,02-330-1562~3,서울특별시 서대문구청,2025-01-01
남가좌2동36,서울특별시 서대문구 남가좌동341-30,126.9241286,37.5777365,한전주,02-330-1562~3,서울특별시 서대문구청,2025-01-01
남가좌2동42,서울특별시 서대문구 남가좌동341-33,126.9237181,37.57794,한전주,02-330-1562~3,서울특별시 서대문구청,2025-01-01
남가좌2동44,서울특별시 서대문구 남가좌동342-12,126.9236007,37.5782272,통신주,02-330-1562~3,서울특별시 서대문구청,2025-01-01
남가좌2동41,서울특별시 서대문구 남가좌동342-15,126.9240672,37.5780693,한전주,02-330-1562~3,서울특별시 서대문구청,2025-01-01
남가좌2동161,서울특별시 서대문구 남가좌동342-17,126.9242718,37.5780081,통신주,02-330-1562~3,서울특별시 서대문구청,2025-01-01
남가좌2동236-2,서울특별시 서대문구 남가좌동342-19,126.9243187,37.5779004,통신주,02-330-1562~3,서울특별시 서대문구청,2025-01-01
남가좌2동40,서울특별시 서대문구 남가좌동342-22,126.9242359,37.5781429,건축물,02-330-1562~3,서울특별시 서대문구청,2025-01-01
남가좌2동39,서울특별시 서대문구 남가좌동342-24,126.9243131,37.5782878,건축물,02-330-1562~3,서울특별시 서대문구청,2025-01-01
남가좌2동37-2,서울특별시 서대문구 남가좌동342-25,126.924554,37.5780647,통신주,02-330-1562~3,서울특별시 서대문구청,2025-01-01
남가좌2동38,서울특별시 서대문구 남가좌동342-28,126.9244476,37.5783791,한전주,02-330-1562~3,서울특별시 서대문구청,2025-01-01
남가좌2동27,서울특별시 서대문구 남가좌동342-29,126.9244838,37.5782263,한전주,02-330-1562~3,서울특별시 서대문구청,2025-01-01
남가좌2동589,서울특별시 서대문구 남가좌동342-6,126.9240259,37.5785735,건축물,02-330-1562~3,서울특별시 서대문구청,2025-01-01
남가좌2동10,서울특별시 서대문구 남가좌동343-10,126.9238048,37.578995,전용주,02-330-1562~3,서울특별시 서대문구청,2025-01-01
남가좌2동63,서울특별시 서대문구 남가좌동343-11,126.9236926,37.5789219,전용주,02-330-1562~3,서울특별시 서대문구청,2025-01-01
남가좌2동9498,서울특별시 서대문구 남가좌동343-19,126.9238761,37.5787614,전용주,02-330-1562~3,서울특별시 서대문구청,2025-01-01
남가좌2동61,서울특별시 서대문구 남가좌동343-22,126.9236403,37.5786241,한전주,02-330-1562~3,서울특별시 서대문구청,2025-01-01
남가좌2동59,서울특별시 서대문구 남가좌동343-25,126.9234615,37.5784602,한전주,02-330-1562~3,서울특별시 서대문구청,2025-01-01
남가좌2동60,서울특별시 서대문구 남가좌동343-35,126.923448,37.5786133,건축물,02-330-1562~3,서울특별시 서대문구청,2025-01-01
남가좌2동62,서울특별시 서대문구 남가좌동343-4,126.9233185,37.5789545,통신주,02-330-1562~3,서울특별시 서대문구청,2025-01-01
남가좌2동583,서울특별시 서대문구 남가좌동343-42,126.9230734,37.578682,건축물,02-330-1562~3,서울특별시 서대문구청,2025-01-01
남가좌2동57,서울특별시 서대문구 남가좌동343-47,126.9229172,37.5785184,건축물,02-330-1562~3,서울특별시 서대문구청,2025-01-01
남가좌2동53,서울특별시 서대문구 남가좌동343-50,126.9226125,37.5784525,한전주,02-330-1562~3,서울특별시 서대문구청,2025-01-01
남가좌2동56,서울특별시 서대문구 남가좌동343-54,126.9228294,37.5783283,건축물,02-330-1562~3,서울특별시 서대문구청,2025-01-01
남가좌2동56-1,서울특별시 서대문구 남가좌동343-54,126.9228294,37.5783283,건축물,02-330-1562~3,서울특별시 서대문구청,2025-01-01
남가좌2동49,서울특별시 서대문구 남가좌동344-28,126.9229166,37.5777795,건축물,02-330-1562~3,서울특별시 서대문구청,2025-01-01
남가좌2동54,서울특별시 서대문구 남가좌동344-3,126.9225157,37.5781002,건축물,02-330-1562~3,서울특별시 서대문구청,2025-01-01
남가좌2동52,서울특별시 서대문구 남가좌동344-41,126.9220206,37.5778885,한전주,02-330-1562~3,서울특별시 서대문구청,2025-01-01
남가좌2동51,서울특별시 서대문구 남가좌동344-42,126.9222362,37.5778544,한전주,02-330-1562~3,서울특별시 서대문구청,2025-01-01
남가좌2동50,서울특별시 서대문구 남가좌동344-46,126.9225763,37.5778214,통신주,02-330-1562~3,서울특별시 서대문구청,2025-01-01
남가좌2동345,서울특별시 서대문구 남가좌동345-4,126.9230758,37.576943,한전주,02-330-1562~3,서울특별시 서대문구청,2025-01-01
남가좌2동343,서울특별시 서대문구 남가좌동345-4,126.9230758,37.576943,한전주,02-330-1562~3,서울특별시 서대문구청,2025-01-01
남가좌2동342,서울특별시 서대문구 남가좌동345-4,126.9230758,37.576943,한전주,02-330-1562~3,서울특별시 서대문구청,2025-01-01
남가좌2동1-1,서울특별시 서대문구 남가좌동345-4,126.9230758,37.576943,전용주,02-330-1562~3,서울특별시 서대문구청,2025-01-01
남가좌2동303,서울특별시 서대문구 남가좌동346-10,126.923094,37.5764656,한전주,02-330-1562~3,서울특별시 서대문구청,2025-01-01
남가좌2동328,서울특별시 서대문구 남가좌동346-11,126.9229821,37.5763745,건축물,02-330-1562~3,서울특별시 서대문구청,2025-01-01
남가좌2동9491,서울특별시 서대문구 남가좌동346-14,126.9227229,37.576291,건축물,02-330-1562~3,서울특별시 서대문구청,2025-01-01
남가좌2동9973,서울특별시 서대문구 남가좌동346-15,126.9228258,37.5762199,건축물,02-330-1562~3,서울특별시 서대문구청,2025-01-01
남가좌2동335,서울특별시 서대문구 남가좌동346-22,126.9226196,37.5763892,건축물,02-330-1562~3,서울특별시 서대문구청,2025-01-01
남가좌2동327,서울특별시 서대문구 남가좌동346-24,126.9233852,37.5766845,건축물,02-330-1562~3,서울특별시 서대문구청,2025-01-01
남가좌2동344,서울특별시 서대문구 남가좌동346-4,126.9227404,37.5766516,한전주,02-330-1562~3,서울특별시 서대문구청,2025-01-01
남가좌2동334,서울특별시 서대문구 남가좌동346-5,126.9226065,37.5765152,한전주,02-330-1562~3,서울특별시 서대문구청,2025-01-01
남가좌2동10130,서울특별시 서대문구 남가좌동346-6,126.9227756,37.5765618,건축물,02-330-1562~3,서울특별시 서대문구청,2025-01-01
남가좌2동336,서울특별시 서대문구 남가좌동346-7,126.9229109,37.5765991,건축물,02-330-1562~3,서울특별시 서대문구청,2025-01-01
남가좌2동383,서울특별시 서대문구 남가좌동346-7,126.9229109,37.5765991,건축물,02-330-1562~3,서울특별시 서대문구청,2025-01-01
남가좌2동346,서울특별시 서대문구 남가좌동347-13,126.9224035,37.5772432,건축물,02-330-1562~3,서울특별시 서대문구청,2025-01-01
남가좌2동355,서울특별시 서대문구 남가좌동347-17,126.9224323,37.57682,전용주,02-330-1562~3,서울특별시 서대문구청,2025-01-01
남가좌2동356,서울특별시 서대문구 남가좌동347-22,126.9227004,37.5770657,건축물,02-330-1562~3,서울특별시 서대문구청,2025-01-01
남가좌2동1-11,서울특별시 서대문구 남가좌동347-8,126.9222972,37.5767647,통신주,02-330-1562~3,서울특별시 서대문구청,2025-01-01
남가좌2동347,서울특별시 서대문구 남가좌동349-2,126.9221892,37.5771872,건축물,02-330-1562~3,서울특별시 서대문구청,2025-01-01
남가좌2동348,서울특별시 서대문구 남가좌동349-3,126.9220871,37.5772043,한전주,02-330-1562~3,서울특별시 서대문구청,2025-01-01
남가좌2동351,서울특별시 서대문구 남가좌동349-7,126.9221472,37.5769615,한전주,02-330-1562~3,서울특별시 서대문구청,2025-01-01
남가좌2동349,서울특별시 서대문구 남가좌동349-8,126.9220581,37.5768616,건축물,02-330-1562~3,서울특별시 서대문구청,2025-01-01
남가좌2동380,서울특별시 서대문구 남가좌동350-2,126.9211781,37.5774302,한전주,02-330-1562~3,서울특별시 서대문구청,2025-01-01
남가좌2동3050,서울특별시 서대문구 남가좌동350-6,126.9216873,37.5774529,한전주,02-330-1562~3,서울특별시 서대문구청,2025-01-01
남가좌2동3078,서울특별시 서대문구 남가좌동350-7,126.9216663,37.5773356,한전주,02-330-1562~3,서울특별시 서대문구청,2025-01-01
남가좌2동350,서울특별시 서대문구 남가좌동350-8,126.9215997,37.5772449,한전주,02-330-1562~3,서울특별시 서대문구청,2025-01-01
남가좌2동378,서울특별시 서대문구 남가좌동350-9,126.921499,37.5771629,한전주,02-330-1562~3,서울특별시 서대문구청,2025-01-01
남가좌2동9490,서울특별시 서대문구 남가좌동351-11,126.9206317,37.5768576,건축물,02-330-1562~3,서울특별시 서대문구청,2025-01-01
남가좌2동10-1,서울특별시 서대문구 남가좌동351-4,126.9209341,37.5770856,한전주,02-330-1562~3,서울특별시 서대문구청,2025-01-01
남가좌2동198,서울특별시 서대문구 남가좌동3-54,126.9218143,37.5835631,한전주,02-330-1562~3,서울특별시 서대문구청,2025-01-01
남가좌2동243,서울특별시 서대문구 남가좌동355-1,126.9233973,37.5797752,한전주,02-330-1562~3,서울특별시 서대문구청,2025-01-01
남가좌2동159,서울특별시 서대문구 남가좌동355-1,126.9233973,37.5797752,한전주,02-330-1562~3,서울특별시 서대문구청,2025-01-01
남가좌2동160,서울특별시 서대문구 남가좌동355-1,126.9233973,37.5797752,한전주,02-330-1562~3,서울특별시 서대문구청,2025-01-01
남가좌2동119,서울특별시 서대문구 남가좌동357-10,126.9213986,37.5801984,한전주,02-330-1562~3,서울특별시 서대문구청,2025-01-01
남가좌2동622,서울특별시 서대문구 남가좌동3-60,126.9226577,37.5831743,건축물,02-330-1562~3,서울특별시 서대문구청,2025-01-01
남가좌2동133,서울특별시 서대문구 남가좌동361-30,126.91896,37.5797256,한전주,02-330-1562~3,서울특별시 서대문구청,2025-01-01
남가좌2동10085,서울특별시 서대문구 남가좌동361-30,126.91896,37.5797256,한전주,02-330-1562~3,서울특별시 서대문구청,2025-01-01
남가좌2동5265,서울특별시 서대문구 남가좌동363-10,126.9187786,37.5805259,전용주,02-330-1562~3,서울특별시 서대문구청,2025-01-01
남가좌2동40-1,서울특별시 서대문구 남가좌동363-10,126.9187786,37.5805259,한전주,02-330-1562~3,서울특별시 서대문구청,2025-01-01
남가좌2동697,서울특별시 서대문구 남가좌동363-12,126.9190405,37.5804201,통신주,02-330-1562~3,서울특별시 서대문구청,2025-01-01
남가좌2동613,서울특별시 서대문구 남가좌동363-12,126.9190405,37.5804201,전용주,02-330-1562~3,서울특별시 서대문구청,2025-01-01
남가좌2동9492,서울특별시 서대문구 남가좌동363-7,126.9184484,37.580658,한전주,02-330-1562~3,서울특별시 서대문구청,2025-01-01
남가좌2동612,서울특별시 서대문구 남가좌동363-7,126.9184484,37.580658,씨피주,02-330-1562~3,서울특별시 서대문구청,2025-01-01
남가좌2동661,서울특별시 서대문구 남가좌동364-1,126.9175184,37.5807666,한전주,02-330-1562~3,서울특별시 서대문구청,2025-01-01
남가좌2동606,서울특별시 서대문구 남가좌동364-3,126.9177122,37.5806783,한전주,02-330-1562~3,서울특별시 서대문구청,2025-01-01
남가좌2동5266,서울특별시 서대문구 남가좌동364-4,126.9178485,37.5806435,전용주,02-330-1562~3,서울특별시 서대문구청,2025-01-01
남가좌2동616,서울특별시 서대문구 남가좌동364-4,126.9178485,37.5806435,전용주,02-330-1562~3,서울특별시 서대문구청,2025-01-01
남가좌2동617,서울특별시 서대문구 남가좌동364-4,126.9178485,37.5806435,전용주,02-330-1562~3,서울특별시 서대문구청,2025-01-01
남가좌2동134,서울특별시 서대문구 남가좌동364-6,126.9176569,37.5798038,한전주,02-330-1562~3,서울특별시 서대문구청,2025-01-01
남가좌2동565,서울특별시 서대문구 남가좌동364-6,126.9176569,37.5798038,전용주,02-330-1562~3,서울특별시 서대문구청,2025-01-01
남가좌2동204,서울특별시 서대문구 남가좌동3-68,126.9226409,37.5827687,한전주,02-330-1562~3,서울특별시 서대문구청,2025-01-01
남가좌2동207,서울특별시 서대문구 남가좌동3-73,126.9227518,37.5837158,한전주,02-330-1562~3,서울특별시 서대문구청,2025-01-01
남가좌2동216,서울특별시 서대문구 남가좌동3-73,126.9227518,37.5837158,한전주,02-330-1562~3,서울특별시 서대문구청,2025-01-01
남가좌2동143,서울특별시 서대문구 남가좌동374-1,126.9208105,37.5809409,한전주,02-330-1562~3,서울특별시 서대문구청,2025-01-01
남가좌2동148,서울특별시 서대문구 남가좌동374-11,126.9209891,37.5803298,한전주,02-330-1562~3,서울특별시 서대문구청,2025-01-01
남가좌2동142,서울특별시 서대문구 남가좌동374-3,126.9208239,37.5807969,한전주,02-330-1562~3,서울특별시 서대문구청,2025-01-01
남가좌2동145,서울특별시 서대문구 남가좌동374-9,126.9208632,37.5804278,한전주,02-330-1562~3,서울특별시 서대문구청,2025-01-01
남가좌2동421,서울특별시 서대문구 남가좌동376-4,126.9204879,37.5758381,한전주,02-330-1562~3,서울특별시 서대문구청,2025-01-01
남가좌2동568,서울특별시 서대문구 남가좌동3-80,126.9222271,37.5839813,건축물,02-330-1562~3,서울특별시 서대문구청,2025-01-01
남가좌2동9627,서울특별시 서대문구 남가좌동3-90,126.9227673,37.5834276,한전주,02-330-1562~3,서울특별시 서대문구청,2025-01-01
남가좌2동569,서울특별시 서대문구 남가좌동3-96,126.9226069,37.5843452,한전주,02-330-1562~3,서울특별시 서대문구청,2025-01-01
남가좌2동516,서울특별시 서대문구 남가좌동3-96,126.9226069,37.5843452,건축물,02-330-1562~3,서울특별시 서대문구청,2025-01-01
남가좌2동1216,서울특별시 서대문구 남가좌동3-98,126.9228577,37.5842213,건축물,02-330-1562~3,서울특별시 서대문구청,2025-01-01
남가좌2동635,서울특별시 서대문구 남가좌동421-1,126.9157486,37.570866,통신주,02-330-1562~3,서울특별시 서대문구청,2025-01-01
남가좌2동194,서울특별시 서대문구 남가좌동5-100,126.9217707,37.5826616,한전주,02-330-1562~3,서울특별시 서대문구청,2025-01-01
남가좌2동193,서울특별시 서대문구 남가좌동5-104,126.9218775,37.5823202,한전주,02-330-1562~3,서울특별시 서대문구청,2025-01-01
남가좌2동2001,서울특별시 서대문구 남가좌동5-116,126.9220867,37.5827276,한전주,02-330-1562~3,서울특별시 서대문구청,2025-01-01
남가좌2동201,서울특별시 서대문구 남가좌동5-116,126.9220867,37.5827276,한전주,02-330-1562~3,서울특별시 서대문구청,2025-01-01
남가좌2동1-12,서울특별시 서대문구 남가좌동5-117,126.9221218,37.5826468,통신주,02-330-1562~3,서울특별시 서대문구청,2025-01-01
남가좌2동202,서울특별시 서대문구 남가좌동5-120,126.9221937,37.5823772,한전주,02-330-1562~3,서울특별시 서대문구청,2025-01-01
남가좌2동176,서울특별시 서대문구 남가좌동5-123,126.9222765,37.5821256,한전주,02-330-1562~3,서울특별시 서대문구청,2025-01-01
남가좌2동179,서울특별시 서대문구 남가좌동5-126,126.922432,37.5823343,전용주,02-330-1562~3,서울특별시 서대문구청,2025-01-01
남가좌2동203,서울특별시 서대문구 남가좌동5-135,126.9225084,37.5825332,한전주,02-330-1562~3,서울특별시 서대문구청,2025-01-01
남가좌2동2003,서울특별시 서대문구 남가좌동5-143,126.9227242,37.5824901,건축물,02-330-1562~3,서울특별시 서대문구청,2025-01-01
남가좌2동211,서울특별시 서대문구 남가좌동5-149,126.9228245,37.5825992,한전주,02-330-1562~3,서울특별시 서대문구청,2025-01-01
남가좌2동212,서울특별시 서대문구 남가좌동5-153,126.9229313,37.5822578,한전주,02-330-1562~3,서울특별시 서대문구청,2025-01-01
남가좌2동258,서울특별시 서대문구 남가좌동5-153,126.9229313,37.5822578,한전주,02-330-1562~3,서울특별시 서대문구청,2025-01-01
남가좌2동214,서울특별시 서대문구 남가좌동5-153,126.9229313,37.5822578,한전주,02-330-1562~3,서울특별시 서대문구청,2025-01-01
남가좌2동10025,서울특별시 서대문구 남가좌동5-167,126.9232587,37.5823238,전용주,02-330-1562~3,서울특별시 서대문구청,2025-01-01
남가좌2동213,서울특별시 서대문구 남가좌동5-168,126.9234506,37.5823616,한전주,02-330-1562~3,서울특별시 서대문구청,2025-01-01
남가좌2동654,서울특별시 서대문구 남가좌동5-178,126.9236453,37.5822102,통신주,02-330-1562~3,서울특별시 서대문구청,2025-01-01
남가좌2동1-10,서울특별시 서대문구 남가좌동5-188,126.922155,37.5819173,통신주,02-330-1562~3,서울특별시 서대문구청,2025-01-01
남가좌2동117,서울특별시 서대문구 남가좌동5-192,126.9214777,37.5817759,전용주,02-330-1562~3,서울특별시 서대문구청,2025-01-01
남가좌2동175,서울특별시 서대문구 남가좌동5-203,126.9226336,37.5817054,한전주,02-330-1562~3,서울특별시 서대문구청,2025-01-01
남가좌2동624,서울특별시 서대문구 남가좌동5-205,126.9229832,37.5817987,통신주,02-330-1562~3,서울특별시 서대문구청,2025-01-01
남가좌2동652,서울특별시 서대문구 남가좌동5-241,126.9226942,37.5814266,통신주,02-330-1562~3,서울특별시 서대문구청,2025-01-01
남가좌2동168,서울특별시 서대문구 남가좌동5-207,126.9226691,37.5815976,한전주,02-330-1562~3,서울특별시 서대문구청,2025-01-01
남가좌2동252,서울특별시 서대문구 남가좌동5-209,126.9230189,37.5816819,한전주,02-330-1562~3,서울특별시 서대문구청,2025-01-01
남가좌2동174,서울특별시 서대문구 남가좌동5-214,126.9222268,37.5816476,한전주,02-330-1562~3,서울특별시 서대문구청,2025-01-01
남가좌2동173,서울특별시 서대문구 남가좌동5-216,126.9218993,37.5815906,한전주,02-330-1562~3,서울특별시 서대문구청,2025-01-01
남가좌2동171,서울특별시 서대문구 남가좌동5-219,126.9214149,37.581424,한전주,02-330-1562~3,서울특별시 서대문구청,2025-01-01
남가좌2동691,서울특별시 서대문구 남가좌동5-219,126.9214149,37.581424,한전주,02-330-1562~3,서울특별시 서대문구청,2025-01-01
남가좌2동170,서울특별시 서대문구 남가좌동5-221,126.9215964,37.5813986,한전주,02-330-1562~3,서울특별시 서대문구청,2025-01-01
남가좌2동169,서울특별시 서대문구 남가좌동5-223,126.921935,37.5814738,한전주,02-330-1562~3,서울특별시 서대문구청,2025-01-01
남가좌2동598,서울특별시 서대문구 남가좌동5-228,126.9223214,37.5813692,건축물,02-330-1562~3,서울특별시 서대문구청,2025-01-01
남가좌2동253,서울특별시 서대문구 남가좌동5-246,126.9234731,37.5815869,한전주,02-330-1562~3,서울특별시 서대문구청,2025-01-01
남가좌2동670,서울특별시 서대문구 남가좌동5-271,126.9234216,37.5812351,통신주,02-330-1562~3,서울특별시 서대문구청,2025-01-01
남가좌2동250,서울특별시 서대문구 남가좌동5-252,126.9230233,37.5813756,한전주,02-330-1562~3,서울특별시 서대문구청,2025-01-01
남가좌2동251,서울특별시 서대문구 남가좌동5-252,126.9230233,37.5813756,통신주,02-330-1562~3,서울특별시 서대문구청,2025-01-01
남가좌2동167,서울특별시 서대문구 남가좌동5-254,126.9227409,37.581328,한전주,02-330-1562~3,서울특별시 서대문구청,2025-01-01
남가좌2동140,서울특별시 서대문구 남가좌동5-255,126.9226078,37.5811375,전용주,02-330-1562~3,서울특별시 서대문구청,2025-01-01
남가좌2동166,서울특별시 서대문구 남가좌동5-258,126.9222691,37.5810714,한전주,02-330-1562~3,서울특별시 서대문구청,2025-01-01
남가좌2동249,서울특별시 서대문구 남가좌동5-272,126.9235903,37.5813087,한전주,02-330-1562~3,서울특별시 서대문구청,2025-01-01
남가좌2동9501,서울특별시 서대문구 남가좌동5-273,126.9237027,37.5813638,건축물,02-330-1562~3,서울특별시 서대문구청,2025-01-01
남가좌2동605,서울특별시 서대문구 남가좌동5-278,126.9226909,37.580868,전용주,02-330-1562~3,서울특별시 서대문구청,2025-01-01
남가좌2동158,서울특별시 서대문구 남가좌동5-280,126.922465,37.5808299,건축물,02-330-1562~3,서울특별시 서대문구청,2025-01-01
남가좌2동163,서울특별시 서대문구 남가좌동5-265,126.9224855,37.5809832,한전주,02-330-1562~3,서울특별시 서대문구청,2025-01-01
남가좌2동162,서울특별시 서대문구 남가좌동5-276,126.922824,37.5810584,한전주,02-330-1562~3,서울특별시 서대문구청,2025-01-01
남가좌2동157,서울특별시 서대문구 남가좌동5-281,126.9223522,37.5808018,전용주,02-330-1562~3,서울특별시 서대문구청,2025-01-01
남가좌2동185,서울특별시 서대문구 남가좌동5-294,126.920997,37.5829249,한전주,02-330-1562~3,서울특별시 서대문구청,2025-01-01
남가좌2동186,서울특별시 서대문구 남가좌동5-297,126.9209955,37.583024,건축물,02-330-1562~3,서울특별시 서대문구청,2025-01-01
남가좌2동256,서울특별시 서대문구 남가좌동5-302,126.9233196,37.582027,전용주,02-330-1562~3,서울특별시 서대문구청,2025-01-01
남가좌2동155,서울특별시 서대문구 남가좌동5-316,126.9219209,37.580879,한전주,02-330-1562~3,서울특별시 서대문구청,2025-01-01
남가좌2동615,서울특별시 서대문구 남가좌동5-329,126.9218577,37.580554,건축물,02-330-1562~3,서울특별시 서대문구청,2025-01-01
남가좌2동156,서울특별시 서대문구 남가좌동5-329,126.9218577,37.580554,한전주,02-330-1562~3,서울특별시 서대문구청,2025-01-01
남가좌2동611,서울특별시 서대문구 남가좌동5-329,126.9218577,37.580554,건축물,02-330-1562~3,서울특별시 서대문구청,2025-01-01
남가좌2동150,서울특별시 서대문구 남가좌동5-330,126.9216324,37.5804709,전용주,02-330-1562~3,서울특별시 서대문구청,2025-01-01
남가좌2동152,서울특별시 서대문구 남가좌동5-332,126.9214244,37.5807663,한전주,02-330-1562~3,서울특별시 서대문구청,2025-01-01
남가좌2동187,서울특별시 서대문구 남가좌동5-332,126.9214244,37.5807663,전용주,02-330-1562~3,서울특별시 서대문구청,2025-01-01
남가좌2동165,서울특별시 서대문구 남가좌동5-339,126.9218739,37.5809957,한전주,02-330-1562~3,서울특별시 서대문구청,2025-01-01
남가좌2동151,서울특별시 서대문구 남가좌동5-343,126.9211218,37.5805473,한전주,02-330-1562~3,서울특별시 서대문구청,2025-01-01
남가좌2동153,서울특별시 서대문구 남가좌동5-346,126.9216388,37.5808133,한전주,02-330-1562~3,서울특별시 서대문구청,2025-01-01
남가좌2동1053,서울특별시 서대문구 남가좌동5-346,126.9216388,37.5808133,통신주,02-330-1562~3,서울특별시 서대문구청,2025-01-01
남가좌2동149,서울특별시 서대문구 남가좌동5-358,126.9211251,37.5803221,건축물,02-330-1562~3,서울특별시 서대문구청,2025-01-01
남가좌2동195,서울특별시 서대문구 남가좌동5-39,126.9219153,37.5828341,한전주,02-330-1562~3,서울특별시 서대문구청,2025-01-01
남가좌2동200,서울특별시 서대문구 남가좌동5-42,126.9222541,37.5829003,건축물,02-330-1562~3,서울특별시 서대문구청,2025-01-01
남가좌2동196,서울특별시 서대문구 남가좌동5-47,126.9216165,37.5831468,한전주,02-330-1562~3,서울특별시 서대문구청,2025-01-01
남가좌2동1-14,서울특별시 서대문구 남가좌동5-48,126.9215809,37.5832546,건축물,02-330-1562~3,서울특별시 서대문구청,2025-01-01
남가좌2동189,서울특별시 서대문구 남가좌동5-58,126.9213834,37.5828203,한전주,02-330-1562~3,서울특별시 서대문구청,2025-01-01
남가좌2동55,서울특별시 서대문구 남가좌동344-19,126.9231039,37.5781326,한전주,02-330-1562~3,서울특별시 서대문구청,2025-01-01
남가좌2동188,서울특별시 서대문구 남가좌동5-61,126.9213004,37.5830808,한전주,02-330-1562~3,서울특별시 서대문구청,2025-01-01
남가좌2동187-1,서울특별시 서대문구 남가좌동5-63,126.9212412,37.5832605,건축물,02-330-1562~3,서울특별시 서대문구청,2025-01-01
남가좌2동192,서울특별시 서대문구 남가좌동5-65,126.9211649,37.5830526,전용주,02-330-1562~3,서울특별시 서대문구청,2025-01-01
남가좌2동184,서울특별시 서대문구 남가좌동5-70,126.9211729,37.582503,한전주,02-330-1562~3,서울특별시 서대문구청,2025-01-01
남가좌2동181,서울특별시 서대문구 남가좌동5-76,126.921509,37.5819654,한전주,02-330-1562~3,서울특별시 서대문구청,2025-01-01
남가좌2동183,서울특별시 서대문구 남가좌동5-83,126.9213193,37.5825584,한전주,02-330-1562~3,서울특별시 서대문구청,2025-01-01
남가좌2동648,서울특별시 서대문구 남가좌동5-84,126.9214547,37.5825867,한전주,02-330-1562~3,서울특별시 서대문구청,2025-01-01
남가좌2동177,서울특별시 서대문구 남가좌동5-90,126.9216205,37.5820836,전용주,02-330-1562~3,서울특별시 서대문구청,2025-01-01
남가좌2동1041,서울특별시 서대문구 남가좌동5-91,126.9216444,37.5819937,건축물,02-330-1562~3,서울특별시 서대문구청,2025-01-01
남가좌2동178,서울특별시 서대문구 남가좌동5-91,126.9216444,37.5819937,한전주,02-330-1562~3,서울특별시 서대문구청,2025-01-01
남가좌2동192-1,서울특별시 서대문구 남가좌동5-93,126.9217898,37.5821212,건축물,02-330-1562~3,서울특별시 서대문구청,2025-01-01
남가좌2동191,서울특별시 서대문구 남가좌동5-95,126.921742,37.5822919,한전주,02-330-1562~3,서울특별시 서대문구청,2025-01-01
남가좌2동190,서울특별시 서대문구 남가좌동5-99,126.9216352,37.5826334,한전주,02-330-1562~3,서울특별시 서대문구청,2025-01-01
남가좌2동683,서울특별시 서대문구 남가좌동64-14,126.921868,37.5759138,건축물,02-330-1562~3,서울특별시 서대문구청,2025-01-01
남가좌2동359,서울특별시 서대문구 남가좌동64-25,126.921684,37.5761103,건축물,02-330-1562~3,서울특별시 서대문구청,2025-01-01
남가좌2동360,서울특별시 서대문구 남가좌동64-26,126.9216625,37.5760291,건축물,02-330-1562~3,서울특별시 서대문구청,2025-01-01
남가좌2동358,서울특별시 서대문구 남가좌동64-32,126.9219054,37.5764548,한전주,02-330-1562~3,서울특별시 서대문구청,2025-01-01
남가좌2동361,서울특별시 서대문구 남가좌동64-35,126.9216085,37.5758484,한전주,02-330-1562~3,서울특별시 서대문구청,2025-01-01
남가좌2동353,서울특별시 서대문구 남가좌동64-43,126.9222657,37.5765932,건축물,02-330-1562~3,서울특별시 서대문구청,2025-01-01
남가좌2동333,서울특별시 서대문구 남가좌동64-47,126.9222941,37.576197,한전주,02-330-1562~3,서울특별시 서대문구청,2025-01-01
남가좌2동126,서울특별시 서대문구 남가좌동64-55,126.9220633,37.5765013,통신주,02-330-1562~3,서울특별시 서대문구청,2025-01-01
남가좌2동357,서울특별시 서대문구 남가좌동64-57,126.9219148,37.57659,한전주,02-330-1562~3,서울특별시 서대문구청,2025-01-01
남가좌2동674,서울특별시 서대문구 남가좌동64-59,126.9218115,37.5766882,건축물,02-330-1562~3,서울특별시 서대문구청,2025-01-01
남가좌2동363,서울특별시 서대문구 남가좌동64-59,126.9218115,37.5766882,한전주,02-330-1562~3,서울특별시 서대문구청,2025-01-01
남가좌2동611-1,서울특별시 서대문구 남가좌동64-62,126.9217424,37.5759847,통신주,02-330-1562~3,서울특별시 서대문구청,2025-01-01
남가좌2동382,서울특별시 서대문구 남가좌동64-68,126.9217581,37.5756785,건축물,02-330-1562~3,서울특별시 서대문구청,2025-01-01
남가좌2동684,서울특별시 서대문구 남가좌동64-81,126.9218804,37.5758328,통신주,02-330-1562~3,서울특별시 서대문구청,2025-01-01
남가좌2동354,서울특별시 서대문구 남가좌동72-118,126.9224086,37.576108,한전주,02-330-1562~3,서울특별시 서대문구청,2025-01-01
남가좌2동317,서울특별시 서대문구 남가좌동73-191,126.9227502,37.5759669,한전주,02-330-1562~3,서울특별시 서대문구청,2025-01-01
남가좌2동322,서울특별시 서대문구 남가좌동73-191,126.9227502,37.5759669,한전주,02-330-1562~3,서울특별시 서대문구청,2025-01-01
남가좌2동315,서울특별시 서대문구 남가좌동73-194,126.9223924,37.5756573,한전주,02-330-1562~3,서울특별시 서대문구청,2025-01-01
남가좌2동321,서울특별시 서대문구 남가좌동73-195,126.9223605,37.5755128,건축물,02-330-1562~3,서울특별시 서대문구청,2025-01-01
남가좌2동318,서울특별시 서대문구 남가좌동73-200,126.9228196,37.5758684,건축물,02-330-1562~3,서울특별시 서대문구청,2025-01-01
남가좌2동319,서울특별시 서대문구 남가좌동73-216,126.9228332,37.5757064,건축물,02-330-1562~3,서울특별시 서대문구청,2025-01-01
남가좌2동320,서울특별시 서대문구 남가좌동73-218,126.9226427,37.5755695,건축물,02-330-1562~3,서울특별시 서대문구청,2025-01-01
남가좌2동304,서울특별시 서대문구 남가좌동73-221,126.9224547,37.5752614,한전주,02-330-1562~3,서울특별시 서대문구청,2025-01-01
남가좌2동302,서울특별시 서대문구 남가좌동73-223,126.9226336,37.5754162,한전주,02-330-1562~3,서울특별시 서대문구청,2025-01-01
남가좌2동300,서울특별시 서대문구 남가좌동73-229,126.9229615,37.5754462,통신주,02-330-1562~3,서울특별시 서대문구청,2025-01-01
남가좌2동316,서울특별시 서대문구 남가좌동73-23,126.9223089,37.5759539,건축물,02-330-1562~3,서울특별시 서대문구청,2025-01-01
남가좌2동572,서울특별시 서대문구 남가좌동73-258,126.922809,37.5750304,건축물,02-330-1562~3,서울특별시 서대문구청,2025-01-01
남가좌2동301,서울특별시 서대문구 남가좌동73-277,126.9232684,37.5753589,건축물,02-330-1562~3,서울특별시 서대문구청,2025-01-01
남가좌2동314,서울특별시 서대문구 남가좌동73-29,126.9221193,37.5757539,건축물,02-330-1562~3,서울특별시 서대문구청,2025-01-01
남가좌2동313,서울특별시 서대문구 남가좌동73-292,126.9221241,37.5754206,한전주,02-330-1562~3,서울특별시 서대문구청,2025-01-01
남가좌2동330,서울특별시 서대문구 남가좌동73-304,126.9221398,37.5759073,한전주,02-330-1562~3,서울특별시 서대문구청,2025-01-01
남가좌2동329,서울특별시 서대문구 남가좌동73-342,126.9222298,37.5759441,한전주,02-330-1562~3,서울특별시 서대문구청,2025-01-01
남가좌2동306,서울특별시 서대문구 남가좌동73-348,126.9225277,37.5749107,건축물,02-330-1562~3,서울특별시 서대문구청,2025-01-01
남가좌2동310,서울특별시 서대문구 남가좌동73-358,126.9222352,37.5747819,건축물,02-330-1562~3,서울특별시 서대문구청,2025-01-01
남가좌2동617-1,서울특별시 서대문구 남가좌동73-482,126.9226386,37.5758578,통신주,02-330-1562~3,서울특별시 서대문구청,2025-01-01
남가좌2동10096,서울특별시 서대문구 남가좌동74-15,126.9217623,37.5753902,한전주,02-330-1562~3,서울특별시 서대문구청,2025-01-01
남가좌2동352,서울특별시 서대문구 남가좌동74-21,126.9219673,37.575302,통신주,02-330-1562~3,서울특별시 서대문구청,2025-01-01
남가좌2동312,서울특별시 서대문구 남가좌동74-25,126.9218904,37.5751391,건축물,02-330-1562~3,서울특별시 서대문구청,2025-01-01
남가좌2동305,서울특별시 서대문구 남가좌동74-29,126.92226,37.5754218,건축물,02-330-1562~3,서울특별시 서대문구청,2025-01-01
남가좌2동307,서울특별시 서대문구 남가좌동74-39,126.9222531,37.5751154,한전주,02-330-1562~3,서울특별시 서대문구청,2025-01-01
남가좌2동308,서울특별시 서대문구 남가좌동74-45,126.9220165,37.5750321,건축물,02-330-1562~3,서울특별시 서대문구청,2025-01-01
남가좌2동560,서울특별시 서대문구 남가좌동75-26,126.9216691,37.5747857,한전주,02-330-1562~3,서울특별시 서대문구청,2025-01-01
남가좌2동281,서울특별시 서대문구 남가좌동78-17,126.9237494,37.5749759,한전주,02-330-1562~3,서울특별시 서대문구청,2025-01-01
남가좌2동282,서울특별시 서대문구 남가좌동78-19,126.9236572,37.5750922,건축물,02-330-1562~3,서울특별시 서대문구청,2025-01-01
남가좌2동280,서울특별시 서대문구 남가좌동78-24,126.9236145,37.5749116,건축물,02-330-1562~3,서울특별시 서대문구청,2025-01-01
남가좌2동278,서울특별시 서대문구 남가좌동78-30,126.92331,37.5748277,한전주,02-330-1562~3,서울특별시 서대문구청,2025-01-01
남가좌2동9967,서울특별시 서대문구 남가좌동78-32,126.9232439,37.574701,전용주,02-330-1562~3,서울특별시 서대문구청,2025-01-01
남가좌2동628,서울특별시 서대문구 남가좌동78-350,126.9240472,37.5747353,한전주,02-330-1562~3,서울특별시 서대문구청,2025-01-01
남가좌2동279,서울특별시 서대문구 남가좌동78-40,126.9231961,37.5748807,건축물,02-330-1562~3,서울특별시 서대문구청,2025-01-01
남가좌2동9431,서울특별시 서대문구 남가좌동78-45,126.9227927,37.5745887,한전주,02-330-1562~3,서울특별시 서대문구청,2025-01-01
남가좌2동311,서울특별시 서대문구 남가좌동78-53,126.9223297,37.5745124,한전주,02-330-1562~3,서울특별시 서대문구청,2025-01-01
남가좌2동233,서울특별시 서대문구 남가좌동8-42,126.9234703,37.5833529,한전주,02-330-1562~3,서울특별시 서대문구청,2025-01-01
남가좌2동231,서울특별시 서대문구 남가좌동9-31,126.9244654,37.5826502,한전주,02-330-1562~3,서울특별시 서대문구청,2025-01-01
남가좌2동30-1,서울특별시 서대문구 남가좌동9-34,126.9242707,37.5828106,통신주,02-330-1562~3,서울특별시 서대문구청,2025-01-01
남가좌2동230,서울특별시 서대문구 남가좌동9-36,126.9241887,37.5829991,건축물,02-330-1562~3,서울특별시 서대문구청,2025-01-01
남가좌2동228,서울특별시 서대문구 남가좌동9-43,126.9241158,37.5825569,건축물,02-330-1562~3,서울특별시 서대문구청,2025-01-01
남가좌2동229,서울특별시 서대문구 남가좌동9-45,126.9240112,37.5827451,한전주,02-330-1562~3,서울특별시 서대문구청,2025-01-01
남가좌2동9495,서울특별시 서대문구 남가좌동9-49,126.9237376,37.5828778,통신주,02-330-1562~3,서울특별시 서대문구청,2025-01-01
남가좌2동685,서울특별시 서대문구 남가좌동330-9,126.9243816,37.5750988,통신주,02-330-1562~3,서울특별시 서대문구청,2025-01-01
남가좌2동1041,서울특별시 서대문구 남가좌동363-9,126.918642,37.5805787,건축물,02-330-1562~3,서울특별시 서대문구청,2025-01-01
남가좌2동625,서울특별시 서대문구 남가좌동2-19,126.9229638,37.5847179,한전주,02-330-1562~3,서울특별시 서대문구청,2025-01-01
남가좌2동87,서울특별시 서대문구 남가좌동331-26,126.9238556,37.5746795,건축물,02-330-1562~3,서울특별시 서대문구청,2025-01-01
남가좌2동88,서울특별시 서대문구 남가좌동331-27,126.9239451,37.5747524,건축물,02-330-1562~3,서울특별시 서대문구청,2025-01-01
남가좌2동10160,서울특별시 서대문구 남가좌동374-6,126.9209841,37.5806812,건축물,02-330-1562~3,서울특별시 서대문구청,2025-01-01
남가좌2동10132-1,서울특별시 서대문구 남가좌동326-30,126.9254536,37.5777035,건축물,02-330-1562~3,서울특별시 서대문구청,2025-01-01
남가좌2동91,서울특별시 서대문구 남가좌동322-35,126.9240916,37.5818809,전용주,02-330-1562~3,서울특별시 서대문구청,2025-01-01
남가좌2동10-1,서울특별시 서대문구 남가좌동351-4,126.9209341,37.5770856,한전주,02-330-1562~3,서울특별시 서대문구청,2025-01-01
남가좌2동10125,서울특별시 서대문구 남가좌동336-23,126.9238611,37.5758689,전용주,02-330-1562~3,서울특별시 서대문구청,2025-01-01
남가좌2동637-1,서울특별시 서대문구 남가좌동3-110,126.9223859,37.5839647,한전주,02-330-1562~3,서울특별시 서대문구청,2025-01-01
남가좌2동82,서울특별시 서대문구 남가좌동9-34,126.9242707,37.5828106,전용주,02-330-1562~3,서울특별시 서대문구청,2025-01-01
남가좌2동84-1,서울특별시 서대문구 남가좌동376-5,126.9199137,37.5756166,전용주,02-330-1562~3,서울특별시 서대문구청,2025-01-01
남가좌2동85,서울특별시 서대문구 남가좌동376-5,126.9199137,37.5756166,전용주,02-330-1562~3,서울특별시 서대문구청,2025-01-01
남가좌2동86,서울특별시 서대문구 남가좌동376-5,126.9199137,37.5756166,전용주,02-330-1562~3,서울특별시 서대문구청,2025-01-01
남가좌2동 표찰무,서울특별시 서대문구 남가좌동73-239,126.9230558,37.5751858,한전주,02-330-1562~3,서울특별시 서대문구청,2025-01-01
남가좌2동287,서울특별시 서대문구 남가좌동329-18,126.9252409,37.5759626,한전주,02-330-1562~3,서울특별시 서대문구청,2025-01-01
남가좌2동92,서울특별시 서대문구 남가좌동4-13,126.9229455,37.5828436,한전주,02-330-1562~3,서울특별시 서대문구청,2025-01-01
북가좌1동53,서울특별시 서대문구 북가좌동399,126.9057812,37.5751261,전용주,02-330-1562~3,서울특별시 서대문구청,2025-01-01
북가좌1동9636,서울특별시 서대문구 북가좌동455,126.9045048,37.574934,전용주,02-330-1562~3,서울특별시 서대문구청,2025-01-01
북가좌1동41,서울특별시 서대문구 북가좌동455,126.9045048,37.574934,전용주,02-330-1562~3,서울특별시 서대문구청,2025-01-01
북가좌1동437,서울특별시 서대문구 북가좌동156-37,126.9073676,37.5757985,건축물,02-330-1562~3,서울특별시 서대문구청,2025-01-01
북가좌1동432,서울특별시 서대문구 북가좌동186-21,126.9074968,37.5762502,한전주,02-330-1562~3,서울특별시 서대문구청,2025-01-01
북가좌1동100,서울특별시 서대문구 북가좌동372-14,126.9047765,37.5764773,한전주,02-330-1562~3,서울특별시 서대문구청,2025-01-01
북가좌1동4,서울특별시 서대문구 북가좌동367-2,126.9066751,37.5790268,CP주,02-330-1562~3,서울특별시 서대문구청,2025-01-01
북가좌1동472,서울특별시 서대문구 북가좌동348-9,126.906107,37.5791657,한전주,02-330-1562~3,서울특별시 서대문구청,2025-01-01
북가좌1동1,서울특별시 서대문구 북가좌동348-6,126.9067148,37.5794056,건축물,02-330-1562~3,서울특별시 서대문구청,2025-01-01
북가좌1동3,서울특별시 서대문구 북가좌동348-7,126.9065691,37.5793051,건축물,02-330-1562~3,서울특별시 서대문구청,2025-01-01
북가좌1동6,서울특별시 서대문구 북가좌동348-9,126.906107,37.5791657,한전주,02-330-1562~3,서울특별시 서대문구청,2025-01-01
북가좌1동12,서울특별시 서대문구 북가좌동349-20,126.9052825,37.578257,건축물,02-330-1562~3,서울특별시 서대문구청,2025-01-01
북가좌1동482,서울특별시 서대문구 북가좌동349-23,126.9055054,37.5785024,건축물,02-330-1562~3,서울특별시 서대문구청,2025-01-01
북가좌1동10,서울특별시 서대문구 북가좌동349-26,126.9057398,37.5787298,건축물,02-330-1562~3,서울특별시 서대문구청,2025-01-01
북가좌1동508,서울특별시 서대문구 북가좌동349-34,126.9051039,37.5780842,통신주,02-330-1562~3,서울특별시 서대문구청,2025-01-01
북가좌1동14,서울특별시 서대문구 북가좌동349-35,126.9052272,37.5781664,건축물,02-330-1562~3,서울특별시 서대문구청,2025-01-01
북가좌1동474,서울특별시 서대문구 북가좌동349-37,126.9052413,37.5779773,건축물,02-330-1562~3,서울특별시 서대문구청,2025-01-01
북가좌1동469,서울특별시 서대문구 북가좌동349-39,126.9060781,37.578823,건축물,02-330-1562~3,서울특별시 서대문구청,2025-01-01
북가좌1동7,서울특별시 서대문구 북가좌동349-40,126.9059888,37.5787321,한전주,02-330-1562~3,서울특별시 서대문구청,2025-01-01
북가좌1동16,서울특별시 서대문구 북가좌동350-10,126.9048935,37.5777668,건축물,02-330-1562~3,서울특별시 서대문구청,2025-01-01
북가좌1동15,서울특별시 서대문구 북가좌동350-11,126.9049849,37.5777046,한전주,02-330-1562~3,서울특별시 서대문구청,2025-01-01
북가좌1동18,서울특별시 서대문구 북가좌동350-22,126.904616,37.5773858,건축물,02-330-1562~3,서울특별시 서대문구청,2025-01-01
북가좌1동20,서울특별시 서대문구 북가좌동350-25,126.9042142,37.5769947,한전주,02-330-1562~3,서울특별시 서대문구청,2025-01-01
북가좌1동493,서울특별시 서대문구 북가좌동350-26,126.9040882,37.5770926,한전주,02-330-1562~3,서울특별시 서대문구청,2025-01-01
북가좌1동19,서울특별시 서대문구 북가좌동350-3,126.9044266,37.5771768,한전주,02-330-1562~3,서울특별시 서대문구청,2025-01-01
북가좌1동490,서울특별시 서대문구 북가좌동350-3,126.9044266,37.5771768,한전주,02-330-1562~3,서울특별시 서대문구청,2025-01-01
북가좌1동493-1,서울특별시 서대문구 북가좌동350-3,126.9044266,37.5771768,한전주,02-330-1562~3,서울특별시 서대문구청,2025-01-01
북가좌1동457,서울특별시 서대문구 북가좌동350-5,126.904164,37.5773276,전용주,02-330-1562~3,서울특별시 서대문구청,2025-01-01
북가좌1동458,서울특별시 서대문구 북가좌동350-7,126.9043325,37.5774192,건축물,02-330-1562~3,서울특별시 서대문구청,2025-01-01
북가좌1동456,서울특별시 서대문구 북가좌동350-7,126.9043325,37.5774192,건축물,02-330-1562~3,서울특별시 서대문구청,2025-01-01
북가좌1동45,서울특별시 서대문구 북가좌동366-18,126.9077167,37.5790274,건축물,02-330-1562~3,서울특별시 서대문구청,2025-01-01
북가좌1동479,서울특별시 서대문구 북가좌동366-21,126.9076744,37.5788198,통신주,02-330-1562~3,서울특별시 서대문구청,2025-01-01
북가좌1동44,서울특별시 서대문구 북가좌동366-7,126.9073166,37.579285,건축물,02-330-1562~3,서울특별시 서대문구청,2025-01-01
북가좌1동43,서울특별시 서대문구 북가좌동366-9,126.9072643,37.5789962,한전주,02-330-1562~3,서울특별시 서대문구청,2025-01-01
북가좌1동2,서울특별시 서대문구 북가좌동367-1,126.9067418,37.5791085,한전주,02-330-1562~3,서울특별시 서대문구청,2025-01-01
북가좌1동480,서울특별시 서대문구 북가좌동367-12,126.9071225,37.5786255,건축물,02-330-1562~3,서울특별시 서대문구청,2025-01-01
북가좌1동471,서울특별시 서대문구 북가좌동367-16,126.9068733,37.5786322,한전주,02-330-1562~3,서울특별시 서대문구청,2025-01-01
북가좌1동5,서울특별시 서대문구 북가좌동367-4,126.9065183,37.5789082,한전주,02-330-1562~3,서울특별시 서대문구청,2025-01-01
북가좌1동470,서울특별시 서대문구 북가좌동367-5,126.9066213,37.5788371,통신주,02-330-1562~3,서울특별시 서대문구청,2025-01-01
북가좌1동39,서울특별시 서대문구 북가좌동367-7,126.90687,37.5788574,통신주,02-330-1562~3,서울특별시 서대문구청,2025-01-01
북가좌1동423,서울특별시 서대문구 북가좌동368-10,126.9067049,37.5785405,한전주,02-330-1562~3,서울특별시 서대문구청,2025-01-01
북가좌1동8,서울특별시 서대문구 북가좌동368-15,126.9061614,37.5785445,전용주,02-330-1562~3,서울특별시 서대문구청,2025-01-01
북가좌1동40,서울특별시 서대문구 북가좌동368-7,126.9065027,37.5784305,건축물,02-330-1562~3,서울특별시 서대문구청,2025-01-01
북가좌1동1035,서울특별시 서대문구 북가좌동369-10,126.9058061,37.5780636,통신주,02-330-1562~3,서울특별시 서대문구청,2025-01-01
북가좌1동35,서울특별시 서대문구 북가좌동369-12,126.9060072,37.5782457,한전주,02-330-1562~3,서울특별시 서대문구청,2025-01-01
북가좌1동33,서울특별시 서대문구 북가좌동369-13,126.9061077,37.5783458,한전주,02-330-1562~3,서울특별시 서대문구청,2025-01-01
북가좌1동34,서울특별시 서대문구 북가좌동369-15,126.9062342,37.5782118,한전주,02-330-1562~3,서울특별시 서대문구청,2025-01-01
북가좌1동37,서울특별시 서대문구 북가좌동369-19,126.9058656,37.577866,통신주,02-330-1562~3,서울특별시 서대문구청,2025-01-01
북가좌1동9,서울특별시 서대문구 북가좌동369-2,126.9058931,37.5783077,한전주,02-330-1562~3,서울특별시 서대문구청,2025-01-01
북가좌1동11,서울특별시 서대문구 북가좌동369-3,126.9057478,37.5781802,한전주,02-330-1562~3,서울특별시 서대문구청,2025-01-01
북가좌1동28,서울특별시 서대문구 북가좌동369-8,126.9055155,37.5778087,씨피주,02-330-1562~3,서울특별시 서대문구청,2025-01-01
북가좌1동13,서울특별시 서대문구 북가좌동370-1,126.9053266,37.5775636,한전주,02-330-1562~3,서울특별시 서대문구청,2025-01-01
북가좌1동25,서울특별시 서대문구 북가좌동370-5,126.9050472,37.5773178,건축물,02-330-1562~3,서울특별시 서대문구청,2025-01-01
북가좌1동17,서울특별시 서대문구 북가좌동370-6,126.9048905,37.5771992,건축물,02-330-1562~3,서울특별시 서대문구청,2025-01-01
북가좌1동1019,서울특별시 서대문구 북가좌동370-7,126.904745,37.5770807,건축물,02-330-1562~3,서울특별시 서대문구청,2025-01-01
북가좌1동21,서울특별시 서대문구 북가좌동370-8,126.9044986,37.5768982,한전주,02-330-1562~3,서울특별시 서대문구청,2025-01-01
북가좌1동18-1,서울특별시 서대문구 북가좌동370-8,126.9044986,37.5768982,건축물,02-330-1562~3,서울특별시 서대문구청,2025-01-01
북가좌1동494,서울특별시 서대문구 북가좌동371-1,126.9044301,37.5761677,한전주,02-330-1562~3,서울특별시 서대문구청,2025-01-01
북가좌1동91,서울특별시 서대문구 북가좌동383-7,126.9054819,37.5754657,한전주,02-330-1562~3,서울특별시 서대문구청,2025-01-01
북가좌1동467,서울특별시 서대문구 북가좌동371-9,126.9050213,37.575993,한전주,02-330-1562~3,서울특별시 서대문구청,2025-01-01
북가좌1동101,서울특별시 서대문구 북가좌동372-13,126.9048547,37.5765501,건축물,02-330-1562~3,서울특별시 서대문구청,2025-01-01
북가좌1동497,서울특별시 서대문구 북가좌동372-18,126.905059,37.5765159,건축물,02-330-1562~3,서울특별시 서대문구청,2025-01-01
북가좌1동75,서울특별시 서대문구 북가좌동372-19,126.9053654,37.5764647,한전주,02-330-1562~3,서울특별시 서대문구청,2025-01-01
북가좌1동439,서울특별시 서대문구 북가좌동372-19,126.9053654,37.5764647,한전주,02-330-1562~3,서울특별시 서대문구청,2025-01-01
북가좌1동102,서울특별시 서대문구 북가좌동372-2,126.904715,37.5768101,건축물,02-330-1562~3,서울특별시 서대문구청,2025-01-01
북가좌1동22,서울특별시 서대문구 북가좌동372-2,126.904715,37.5768101,한전주,02-330-1562~3,서울특별시 서대문구청,2025-01-01
북가좌1동99,서울특별시 서대문구 북가좌동372-21,126.905095,37.5763721,건축물,02-330-1562~3,서울특별시 서대문구청,2025-01-01
북가좌1동98,서울특별시 서대문구 북가좌동372-24,126.9050863,37.5761918,한전주,02-330-1562~3,서울특별시 서대문구청,2025-01-01
북가좌1동74,서울특별시 서대문구 북가좌동372-5,126.9051479,37.5766249,한전주,02-330-1562~3,서울특별시 서대문구청,2025-01-01
북가좌1동73,서울특별시 서대문구 북가좌동373-14,126.9055331,37.5766104,한전주,02-330-1562~3,서울특별시 서대문구청,2025-01-01
북가좌1동24,서울특별시 서대문구 북가좌동373-2,126.9049731,37.5769657,한전주,02-330-1562~3,서울특별시 서대문구청,2025-01-01
북가좌1동23,서울특별시 서대문구 북가좌동373-2,126.9049731,37.5769657,건축물,02-330-1562~3,서울특별시 서대문구청,2025-01-01
북가좌1동427,서울특별시 서대문구 북가좌동373-8,126.9053272,37.5767527,한전주,02-330-1562~3,서울특별시 서대문구청,2025-01-01
북가좌1동1071,서울특별시 서대문구 북가좌동374-15,126.9059795,37.5770471,한전주,02-330-1562~3,서울특별시 서대문구청,2025-01-01
북가좌1동71,서울특별시 서대문구 북가좌동374-16,126.9058788,37.5769651,한전주,02-330-1562~3,서울특별시 서대문구청,2025-01-01
북가좌1동46,서울특별시 서대문구 북가좌동374-17,126.9060911,37.5771562,한전주,02-330-1562~3,서울특별시 서대문구청,2025-01-01
북가좌1동47,서울특별시 서대문구 북가좌동374-17,126.9060911,37.5771562,통신주,02-330-1562~3,서울특별시 서대문구청,2025-01-01
북가좌1동27,서울특별시 서대문구 북가좌동374-2,126.905568,37.5773136,한전주,02-330-1562~3,서울특별시 서대문구청,2025-01-01
북가좌1동26,서울특별시 서대문구 북가좌동374-3,126.9054217,37.5772582,건축물,02-330-1562~3,서울특별시 서대문구청,2025-01-01
북가좌1동425,서울특별시 서대문구 북가좌동374-3,126.9054217,37.5772582,전용주,02-330-1562~3,서울특별시 서대문구청,2025-01-01
북가좌1동72,서울특별시 서대문구 북가좌동374-5,126.9056158,37.5771428,한전주,02-330-1562~3,서울특별시 서대문구청,2025-01-01
북가좌1동29,서울특별시 서대문구 북가좌동374-6,126.9057699,37.5774416,한전주,02-330-1562~3,서울특별시 서대문구청,2025-01-01
북가좌1동30,서울특별시 서대문구 북가좌동374-8,126.9058731,37.5773524,한전주,02-330-1562~3,서울특별시 서대문구청,2025-01-01
북가좌1동32,서울특별시 서대문구 북가좌동375-11,126.9062793,37.5774463,한전주,02-330-1562~3,서울특별시 서대문구청,2025-01-01
북가좌1동48,서울특별시 서대문구 북가좌동375-11,126.9062793,37.5774463,전용주,02-330-1562~3,서울특별시 서대문구청,2025-01-01
북가좌1동31,서울특별시 서대문구 북가좌동375-3,126.9059941,37.5775968,한전주,02-330-1562~3,서울특별시 서대문구청,2025-01-01
북가좌1동9506,서울특별시 서대문구 북가좌동375-8,126.9062989,37.5776537,건축물,02-330-1562~3,서울특별시 서대문구청,2025-01-01
북가좌1동478,서울특별시 서대문구 북가좌동376-1,126.9080593,37.5788233,한전주,02-330-1562~3,서울특별시 서대문구청,2025-01-01
북가좌1동38,서울특별시 서대문구 북가좌동376-11,126.9069592,37.5781824,한전주,02-330-1562~3,서울특별시 서대문구청,2025-01-01
북가좌1동104,서울특별시 서대문구 북가좌동376-17,126.9076115,37.5777019,한전주,02-330-1562~3,서울특별시 서대문구청,2025-01-01
북가좌1동426,서울특별시 서대문구 북가좌동376-22,126.9089197,37.5780474,통신주,02-330-1562~3,서울특별시 서대문구청,2025-01-01
북가좌1동111,서울특별시 서대문구 북가좌동376-25,126.9086683,37.5782073,건축물,02-330-1562~3,서울특별시 서대문구청,2025-01-01
북가좌1동485,서울특별시 서대문구 북가좌동376-34,126.9065773,37.5779717,한전주,02-330-1562~3,서울특별시 서대문구청,2025-01-01
북가좌1동42,서울특별시 서대문구 북가좌동376-5,126.9075088,37.5785299,한전주,02-330-1562~3,서울특별시 서대문구청,2025-01-01
북가좌1동41-1,서울특별시 서대문구 북가좌동376-6,126.9073627,37.5784565,한전주,02-330-1562~3,서울특별시 서대문구청,2025-01-01
북가좌1동103,서울특별시 서대문구 북가좌동376-67,126.9064662,37.5778265,한전주,02-330-1562~3,서울특별시 서대문구청,2025-01-01
북가좌1동103-1,서울특별시 서대문구 북가좌동376-67,126.9064662,37.5778265,한전주,02-330-1562~3,서울특별시 서대문구청,2025-01-01
북가좌1동108,서울특별시 서대문구 북가좌동377-10,126.9089677,37.5778586,한전주,02-330-1562~3,서울특별시 서대문구청,2025-01-01
북가좌1동109,서울특별시 서대문구 북가좌동377-17,126.9089587,37.5777054,건축물,02-330-1562~3,서울특별시 서대문구청,2025-01-01
북가좌1동112,서울특별시 서대문구 북가좌동377-2,126.9092372,37.5780143,건축물,02-330-1562~3,서울특별시 서대문구청,2025-01-01
북가좌1동10076,서울특별시 서대문구 북가좌동377-21,126.9087893,37.5776768,건축물,02-330-1562~3,서울특별시 서대문구청,2025-01-01
북가좌1동107,서울특별시 서대문구 북가좌동377-23,126.9089722,37.5775523,건축물,02-330-1562~3,서울특별시 서대문구청,2025-01-01
북가좌1동106,서울특별시 서대문구 북가좌동377-28,126.908814,37.5775328,건축물,02-330-1562~3,서울특별시 서대문구청,2025-01-01
북가좌1동105,서울특별시 서대문구 북가좌동378-2,126.9085568,37.5773142,건축물,02-330-1562~3,서울특별시 서대문구청,2025-01-01
북가좌1동462,서울특별시 서대문구 북가좌동378-5,126.9083109,37.5770957,한전주,02-330-1562~3,서울특별시 서대문구청,2025-01-01
북가좌1동50,서울특별시 서대문구 북가좌동379-1,126.9066535,37.5774047,전용주,02-330-1562~3,서울특별시 서대문구청,2025-01-01
북가좌1동53-1,서울특별시 서대문구 북가좌동379-1,126.9066535,37.5774047,통신주,02-330-1562~3,서울특별시 서대문구청,2025-01-01
북가좌1동429,서울특별시 서대문구 북가좌동379-12,126.9068154,37.577172,건축물,02-330-1562~3,서울특별시 서대문구청,2025-01-01
북가좌1동55,서울특별시 서대문구 북가좌동379-13,126.9068935,37.5772538,한전주,02-330-1562~3,서울특별시 서대문구청,2025-01-01
북가좌1동49,서울특별시 서대문구 북가좌동379-2,126.9065754,37.5773319,건축물,02-330-1562~3,서울특별시 서대문구청,2025-01-01
북가좌1동52,서울특별시 서대문구 북가좌동379-2,126.9065754,37.5773319,건축물,02-330-1562~3,서울특별시 서대문구청,2025-01-01
북가좌1동57,서울특별시 서대문구 북가좌동379-20,126.9070117,37.5769125,건축물,02-330-1562~3,서울특별시 서대문구청,2025-01-01
북가좌1동56,서울특별시 서대문구 북가좌동379-22,126.9071679,37.5770671,한전주,02-330-1562~3,서울특별시 서대문구청,2025-01-01
북가좌1동58,서울특별시 서대문구 북가좌동379-27,126.9070939,37.576706,한전주,02-330-1562~3,서울특별시 서대문구청,2025-01-01
북가좌1동60,서울특별시 서대문구 북가좌동379-27,126.9070939,37.576706,한전주,02-330-1562~3,서울특별시 서대문구청,2025-01-01
북가좌1동54,서울특별시 서대문구 북가좌동380-13,126.9066164,37.5768457,한전주,02-330-1562~3,서울특별시 서대문구청,2025-01-01
북가좌1동68,서울특별시 서대문구 북가좌동380-16,126.906564,37.5765569,한전주,02-330-1562~3,서울특별시 서대문구청,2025-01-01
북가좌1동66,서울특별시 서대문구 북가좌동380-22,126.9067931,37.5763788,한전주,02-330-1562~3,서울특별시 서대문구청,2025-01-01
북가좌1동62,서울특별시 서대문구 북가좌동380-23,126.9068508,37.5762983,한전주,02-330-1562~3,서울특별시 서대문구청,2025-01-01
북가좌1동51,서울특별시 서대문구 북가좌동380-6,126.9063881,37.5769788,한전주,02-330-1562~3,서울특별시 서대문구청,2025-01-01
북가좌1동512,서울특별시 서대문구 북가좌동380-9,126.906402,37.5767987,건축물,02-330-1562~3,서울특별시 서대문구청,2025-01-01
북가좌1동69,서울특별시 서대문구 북가좌동381-15,126.9063508,37.5764288,건축물,02-330-1562~3,서울특별시 서대문구청,2025-01-01
북가좌1동491,서울특별시 서대문구 북가좌동381-16,126.9064091,37.5763122,건축물,02-330-1562~3,서울특별시 서대문구청,2025-01-01
북가좌1동440,서울특별시 서대문구 북가좌동381-18,126.9063336,37.5760592,건축물,02-330-1562~3,서울특별시 서대문구청,2025-01-01
북가좌1동67,서울특별시 서대문구 북가좌동381-20,126.9064899,37.5762048,건축물,02-330-1562~3,서울특별시 서대문구청,2025-01-01
북가좌1동63,서울특별시 서대문구 북가좌동381-24,126.9066387,37.5760981,한전주,02-330-1562~3,서울특별시 서대문구청,2025-01-01
북가좌1동76,서울특별시 서대문구 북가좌동382-12,126.9057879,37.5762164,한전주,02-330-1562~3,서울특별시 서대문구청,2025-01-01
북가좌1동92,서울특별시 서대문구 북가좌동382-18,126.9054442,37.5757176,통신주,02-330-1562~3,서울특별시 서대문구청,2025-01-01
북가좌1동93,서울특별시 서대문구 북가좌동382-20,126.9056227,37.5758995,한전주,02-330-1562~3,서울특별시 서대문구청,2025-01-01
북가좌1동97,서울특별시 서대문구 북가좌동382-5,126.9052467,37.5760672,한전주,02-330-1562~3,서울특별시 서대문구청,2025-01-01
북가좌1동95,서울특별시 서대문구 북가좌동382-6,126.9053159,37.5759777,건축물,02-330-1562~3,서울특별시 서대문구청,2025-01-01
북가좌1동96,서울특별시 서대문구 북가좌동382-8,126.9054945,37.5761506,통신주,02-330-1562~3,서울특별시 서대문구청,2025-01-01
북가좌1동113,서울특별시 서대문구 북가좌동382-9,126.9055727,37.5762234,건축물,02-330-1562~3,서울특별시 서대문구청,2025-01-01
북가좌1동77,서울특별시 서대문구 북가좌동383-1,126.9060399,37.5760115,한전주,02-330-1562~3,서울특별시 서대문구청,2025-01-01
북가좌1동89,서울특별시 서대문구 북가좌동383-10,126.9055638,37.5752862,통신주,02-330-1562~3,서울특별시 서대문구청,2025-01-01
북가좌1동70,서울특별시 서대문구 북가좌동383-10,126.9055638,37.5752862,한전주,02-330-1562~3,서울특별시 서대문구청,2025-01-01
북가좌1동90,서울특별시 서대문구 북가좌동383-16,126.9061108,37.5758139,한전주,02-330-1562~3,서울특별시 서대문구청,2025-01-01
북가좌1동78,서울특별시 서대문구 북가좌동383-17,126.9062112,37.5759139,한전주,02-330-1562~3,서울특별시 서대문구청,2025-01-01
북가좌1동94,서울특별시 서대문구 북가좌동383-2,126.9059396,37.5759024,건축물,02-330-1562~3,서울특별시 서대문구청,2025-01-01
북가좌1동484,서울특별시 서대문구 북가좌동383-5,126.9056714,37.5756657,통신주,02-330-1562~3,서울특별시 서대문구청,2025-01-01
북가좌1동88,서울특별시 서대문구 북가좌동383-7,126.9054819,37.5754657,한전주,02-330-1562~3,서울특별시 서대문구청,2025-01-01
북가좌1동10164,서울특별시 서대문구 북가좌동383-9,126.9055549,37.5751149,건축물,02-330-1562~3,서울특별시 서대문구청,2025-01-01
북가좌1동61,서울특별시 서대문구 북가좌동384-16,126.9068594,37.5757127,건축물,02-330-1562~3,서울특별시 서대문구청,2025-01-01
북가좌1동64,서울특별시 서대문구 북가좌동384-5,126.9070466,37.5760748,건축물,02-330-1562~3,서울특별시 서대문구청,2025-01-01
북가좌1동65,서울특별시 서대문구 북가좌동384-8,126.9070832,37.575895,한전주,02-330-1562~3,서울특별시 서대문구청,2025-01-01
북가좌1동79,서울특별시 서대문구 북가좌동385-1,126.9065423,37.5757188,한전주,02-330-1562~3,서울특별시 서대문구청,2025-01-01
북가좌1동82,서울특별시 서대문구 북가좌동385-10,126.9065799,37.5754758,한전주,02-330-1562~3,서울특별시 서대문구청,2025-01-01
북가좌1동84,서울특별시 서대문구 북가좌동385-22,126.9060955,37.5753092,한전주,02-330-1562~3,서울특별시 서대문구청,2025-01-01
북가좌1동85,서울특별시 서대문구 북가좌동385-23,126.9061983,37.575247,건축물,02-330-1562~3,서울특별시 서대문구청,2025-01-01
북가좌1동441,서울특별시 서대문구 북가좌동385-30,126.905977,37.5748936,건축물,02-330-1562~3,서울특별시 서대문구청,2025-01-01
북가좌1동510,서울특별시 서대문구 북가좌동385-30,126.905977,37.5748936,건축물,02-330-1562~3,서울특별시 서대문구청,2025-01-01
북가좌1동411,서울특별시 서대문구 북가좌동385-30,126.905977,37.5748936,건축물,02-330-1562~3,서울특별시 서대문구청,2025-01-01
북가좌1동86,서울특별시 서대문구 북가좌동385-39,126.9065287,37.5751059,건축물,02-330-1562~3,서울특별시 서대문구청,2025-01-01
북가좌1동10144,서울특별시 서대문구 북가좌동385-24,126.9062898,37.5751848,한전주,02-330-1562~3,서울특별시 서대문구청,2025-01-01
북가좌1동80,서울특별시 서대문구 북가좌동385-4,126.9066451,37.5756567,한전주,02-330-1562~3,서울특별시 서대문구청,2025-01-01
북가좌1동81,서울특별시 서대문구 북가좌동385-6,126.9067265,37.5755132,한전주,02-330-1562~3,서울특별시 서대문구청,2025-01-01
북가좌1동83,서울특별시 서대문구 북가좌동385-9,126.9066716,37.5753956,건축물,02-330-1562~3,서울특별시 서대문구청,2025-01-01
북가좌1동18-2,서울특별시 서대문구 북가좌동386-1,126.9060779,37.5749666,한전주,02-330-1562~3,서울특별시 서대문구청,2025-01-01
북가좌1동87,서울특별시 서대문구 북가좌동386-27,126.9060779,37.5749666,한전주,02-330-1562~3,서울특별시 서대문구청,2025-01-01
북가좌1동10147,서울특별시 서대문구 북가좌동392-10,126.9039743,37.5755958,건축물,02-330-1562~3,서울특별시 서대문구청,2025-01-01
북가좌1동438,서울특별시 서대문구 북가좌동392-8,126.9038399,37.5754955,한전주,02-330-1562~3,서울특별시 서대문구청,2025-01-01
북가좌1동117,서울특별시 서대문구 북가좌동372-6,126.9046733,37.5765664,건축물,02-330-1562~3,서울특별시 서대문구청,2025-01-01
북가좌1동118,서울특별시 서대문구 북가좌동366-7,126.9073166,37.579285,전용주,02-330-1562~3,서울특별시 서대문구청,2025-01-01
북가좌1동116,서울특별시 서대문구 북가좌동367-13,126.9073592,37.5786997,건축물,02-330-1562~3,서울특별시 서대문구청,2025-01-01
북가좌1동9317,서울특별시 서대문구 북가좌동371-1,126.9044301,37.5761677,건축물,02-330-1562~3,서울특별시 서대문구청,2025-01-01
북가좌2동708,서울특별시 서대문구 북가좌동449,126.9132247,37.5762851,한전주,02-330-1562~3,서울특별시 서대문구청,2025-01-01
북가좌2동709,서울특별시 서대문구 북가좌동449,126.9132247,37.5762851,한전주,02-330-1562~3,서울특별시 서대문구청,2025-01-01
북가좌2동9971,서울특별시 서대문구 북가좌동449,126.9132247,37.5762851,전용주,02-330-1562~3,서울특별시 서대문구청,2025-01-01
북가좌2동409,서울특별시 서대문구 북가좌동456,126.9117143,37.5773884,한전주,02-330-1562~3,서울특별시 서대문구청,2025-01-01
북가좌2동194,서울특별시 서대문구 북가좌동68-3,126.9164501,37.5794863,한전주,02-330-1562~3,서울특별시 서대문구청,2025-01-01
북가좌2동195,서울특별시 서대문구 북가좌동68-3,126.9164501,37.5794863,한전주,02-330-1562~3,서울특별시 서대문구청,2025-01-01
북가좌2동689,서울특별시 서대문구 북가좌동68-3,126.9164501,37.5794863,건축물,02-330-1562~3,서울특별시 서대문구청,2025-01-01
북가좌2동180,서울특별시 서대문구 북가좌동68-7,126.9168841,37.5807878,한전주,02-330-1562~3,서울특별시 서대문구청,2025-01-01
북가좌2동285,서울특별시 서대문구 북가좌동70-3,126.9165379,37.5796764,한전주,02-330-1562~3,서울특별시 서대문구청,2025-01-01
북가좌2동273,서울특별시 서대문구 북가좌동72-2,126.9129619,37.5795714,한전주,02-330-1562~3,서울특별시 서대문구청,2025-01-01
북가좌2동264,서울특별시 서대문구 북가좌동74-3,126.9137124,37.5785601,한전주,02-330-1562~3,서울특별시 서대문구청,2025-01-01
북가좌2동2085,서울특별시 서대문구 북가좌동74-9,126.9155854,37.5790009,건축물,02-330-1562~3,서울특별시 서대문구청,2025-01-01
북가좌2동698,서울특별시 서대문구 북가좌동75-3,126.9154798,37.5784773,한전주,02-330-1562~3,서울특별시 서대문구청,2025-01-01
북가좌2동284,서울특별시 서대문구 북가좌동75-5,126.9154474,37.5783689,한전주,02-330-1562~3,서울특별시 서대문구청,2025-01-01
북가좌2동699,서울특별시 서대문구 북가좌동75-5,126.9154474,37.5783689,한전주,02-330-1562~3,서울특별시 서대문구청,2025-01-01
북가좌2동283,서울특별시 서대문구 북가좌동75-12,126.9151506,37.5785373,한전주,02-330-1562~3,서울특별시 서대문구청,2025-01-01
북가좌2동303,서울특별시 서대문구 북가좌동76-7,126.9137789,37.577885,한전주,02-330-1562~3,서울특별시 서대문구청,2025-01-01
북가좌2동266,서울특별시 서대문구 북가좌동78-1,126.913281,37.5786463,한전주,02-330-1562~3,서울특별시 서대문구청,2025-01-01
북가좌2동265,서울특별시 서대문구 북가좌동78-3,126.9132027,37.5785825,건축물,02-330-1562~3,서울특별시 서대문구청,2025-01-01
북가좌2동369,서울특별시 서대문구 북가좌동80-6,126.9119524,37.5789224,한전주,02-330-1562~3,서울특별시 서대문구청,2025-01-01
북가좌2동720,서울특별시 서대문구 북가좌동80-6,126.9119524,37.5789224,건축물,02-330-1562~3,서울특별시 서대문구청,2025-01-01
북가좌2동721,서울특별시 서대문구 북가좌동80-8,126.9122581,37.5789162,건축물,02-330-1562~3,서울특별시 서대문구청,2025-01-01
북가좌2동268,서울특별시 서대문구 북가좌동81-2,126.9128347,37.5789755,한전주,02-330-1562~3,서울특별시 서대문구청,2025-01-01
북가좌2동715,서울특별시 서대문구 북가좌동81-3,126.9127563,37.5789118,건축물,02-330-1562~3,서울특별시 서대문구청,2025-01-01
북가좌2동355,서울특별시 서대문구 북가좌동83-7,126.9127065,37.5792267,한전주,02-330-1562~3,서울특별시 서대문구청,2025-01-01
북가좌2동310,서울특별시 서대문구 북가좌동83-12,126.9125722,37.5791173,한전주,02-330-1562~3,서울특별시 서대문구청,2025-01-01
북가좌2동354,서울특별시 서대문구 북가좌동83-12,126.9125722,37.5791173,한전주,02-330-1562~3,서울특별시 서대문구청,2025-01-01
북가좌2동25,서울특별시 서대문구 북가좌동1-1,126.9203183,37.5820987,한전주,02-330-1562~3,서울특별시 서대문구청,2025-01-01
북가좌2동6,서울특별시 서대문구 북가좌동1-3,126.9199814,37.5819064,한전주,02-330-1562~3,서울특별시 서대문구청,2025-01-01
북가좌2동26,서울특별시 서대문구 북가좌동1-3,126.9199814,37.5819064,건축물,02-330-1562~3,서울특별시 서대문구청,2025-01-01
북가좌2동592,서울특별시 서대문구 북가좌동1-4,126.919784,37.582247,건축물,02-330-1562~3,서울특별시 서대문구청,2025-01-01
북가좌2동28,서울특별시 서대문구 북가좌동1-12,126.9194929,37.5820191,한전주,02-330-1562~3,서울특별시 서대문구청,2025-01-01
북가좌2동29,서울특별시 서대문구 북가좌동1-16,126.9191978,37.5820705,건축물,02-330-1562~3,서울특별시 서대문구청,2025-01-01
북가좌2동30,서울특별시 서대문구 북가좌동2-15,126.9189486,37.5820772,한전주,02-330-1562~3,서울특별시 서대문구청,2025-01-01
북가좌2동67,서울특별시 서대문구 북가좌동2-27,126.9179411,37.5820679,한전주,02-330-1562~3,서울특별시 서대문구청,2025-01-01
북가좌2동9,서울특별시 서대문구 북가좌동3-6,126.9202623,37.5828371,한전주,02-330-1562~3,서울특별시 서대문구청,2025-01-01
북가좌2동10,서울특별시 서대문구 북가좌동3-8,126.9207051,37.582751,한전주,02-330-1562~3,서울특별시 서대문구청,2025-01-01
북가좌2동11,서울특별시 서대문구 북가좌동3-11,126.9206061,37.5825519,통신주,02-330-1562~3,서울특별시 서대문구청,2025-01-01
북가좌2동4,서울특별시 서대문구 북가좌동3-20,126.9206087,37.5823717,건축물,02-330-1562~3,서울특별시 서대문구청,2025-01-01
북가좌2동13,서울특별시 서대문구 북가좌동3-23,126.9209625,37.5821767,통신주,02-330-1562~3,서울특별시 서대문구청,2025-01-01
북가좌2동14,서울특별시 서대문구 북가좌동3-23,126.9209625,37.5821767,한전주,02-330-1562~3,서울특별시 서대문구청,2025-01-01
북가좌2동615,서울특별시 서대문구 북가좌동3-30,126.9209229,37.5817799,한전주,02-330-1562~3,서울특별시 서대문구청,2025-01-01
북가좌2동16,서울특별시 서대문구 북가좌동3-31,126.9209143,37.5815906,한전주,02-330-1562~3,서울특별시 서대문구청,2025-01-01
북가좌2동18,서울특별시 서대문구 북가좌동5-7,126.9208655,37.5810495,전용주,02-330-1562~3,서울특별시 서대문구청,2025-01-01
북가좌2동1,서울특별시 서대문구 북가좌동5-10,126.9206156,37.5811103,한전주,02-330-1562~3,서울특별시 서대문구청,2025-01-01
북가좌2동1-2,서울특별시 서대문구 북가좌동5-10,126.9206156,37.5811103,전용주,02-330-1562~3,서울특별시 서대문구청,2025-01-01
북가좌2동22,서울특별시 서대문구 북가좌동5-13,126.9206014,37.5813084,한전주,02-330-1562~3,서울특별시 서대문구청,2025-01-01
북가좌2동10096,서울특별시 서대문구 북가좌동5-16,126.9204708,37.5817307,한전주,02-330-1562~3,서울특별시 서대문구청,2025-01-01
북가좌2동23,서울특별시 서대문구 북가좌동5-17,126.9202558,37.5817197,한전주,02-330-1562~3,서울특별시 서대문구청,2025-01-01
북가좌2동695,서울특별시 서대문구 북가좌동5-17,126.9202558,37.5817197,한전주,02-330-1562~3,서울특별시 서대문구청,2025-01-01
북가좌2동24,서울특별시 서대문구 북가좌동5-19,126.9198821,37.5817253,한전주,02-330-1562~3,서울특별시 서대문구청,2025-01-01
북가좌2동34,서울특별시 서대문구 북가좌동5-21,126.9194618,37.5818206,한전주,02-330-1562~3,서울특별시 서대문구청,2025-01-01
북가좌2동33,서울특별시 서대문구 북가좌동5-23,126.91911,37.5818804,한전주,02-330-1562~3,서울특별시 서대문구청,2025-01-01
북가좌2동31,서울특별시 서대문구 북가좌동5-25,126.9187929,37.5818865,통신주,02-330-1562~3,서울특별시 서대문구청,2025-01-01
북가좌2동78,서울특별시 서대문구 북가좌동6-5,126.9171695,37.5814031,한전주,02-330-1562~3,서울특별시 서대문구청,2025-01-01
북가좌2동101,서울특별시 서대문구 북가좌동7-2,126.9164144,37.5811709,한전주,02-330-1562~3,서울특별시 서대문구청,2025-01-01
북가좌2동656,서울특별시 서대문구 북가좌동7-2,126.9164144,37.5811709,한전주,02-330-1562~3,서울특별시 서대문구청,2025-01-01
북가좌2동634,서울특별시 서대문구 북가좌동7-4,126.916094,37.5814023,한전주,02-330-1562~3,서울특별시 서대문구청,2025-01-01
북가좌2동1710,서울특별시 서대문구 북가좌동7-8,126.9159349,37.5814459,건축물,02-330-1562~3,서울특별시 서대문구청,2025-01-01
북가좌2동168,서울특별시 서대문구 북가좌동7-9,126.9158909,37.5813553,건축물,02-330-1562~3,서울특별시 서대문구청,2025-01-01
북가좌2동628,서울특별시 서대문구 북가좌동7-10,126.9158698,37.581247,전용주,02-330-1562~3,서울특별시 서대문구청,2025-01-01
북가좌2동170,서울특별시 서대문구 북가좌동7-14,126.9156996,37.5812725,건축물,02-330-1562~3,서울특별시 서대문구청,2025-01-01
북가좌2동27,서울특별시 서대문구 북가좌동103-2,126.9129859,37.5755801,한전주,02-330-1562~3,서울특별시 서대문구청,2025-01-01
북가좌2동328,서울특별시 서대문구 북가좌동103-5,126.9130412,37.5756707,전용주,02-330-1562~3,서울특별시 서대문구청,2025-01-01
북가좌2동175,서울특별시 서대문구 북가좌동103-6,126.9129392,37.5756787,통신주,02-330-1562~3,서울특별시 서대문구청,2025-01-01
북가좌2동327,서울특별시 서대문구 북가좌동107-5,126.9131785,37.5755728,건축물,02-330-1562~3,서울특별시 서대문구청,2025-01-01
북가좌2동704,서울특별시 서대문구 북가좌동1-33,126.9199335,37.5820862,한전주,02-330-1562~3,서울특별시 서대문구청,2025-01-01
북가좌2동54,서울특별시 서대문구 북가좌동1-450,126.919832,37.5820582,한전주,02-330-1562~3,서울특별시 서대문구청,2025-01-01
북가좌2동7014,서울특별시 서대문구 북가좌동17-61,126.9158217,37.5853463,건축물,02-330-1562~3,서울특별시 서대문구청,2025-01-01
북가좌2동25-1,서울특별시 서대문구 북가좌동186-36,126.9077024,37.576126,한전주,02-330-1562~3,서울특별시 서대문구청,2025-01-01
북가좌2동1-1,서울특별시 서대문구 북가좌동215-16,126.9066452,37.573332,전용주,02-330-1562~3,서울특별시 서대문구청,2025-01-01
북가좌2동69,서울특별시 서대문구 북가좌동2-29,126.918652,37.5822366,건축물,02-330-1562~3,서울특별시 서대문구청,2025-01-01
북가좌2동785,서울특별시 서대문구 북가좌동2-30,126.9186418,37.5821555,건축물,02-330-1562~3,서울특별시 서대문구청,2025-01-01
북가좌2동72,서울특별시 서대문구 북가좌동2-38,126.9176344,37.5821372,전용주,02-330-1562~3,서울특별시 서대문구청,2025-01-01
북가좌2동777,서울특별시 서대문구 북가좌동2-41,126.9177742,37.5818682,한전주,02-330-1562~3,서울특별시 서대문구청,2025-01-01
북가좌2동76,서울특별시 서대문구 북가좌동2-49,126.9174236,37.5818379,건축물,02-330-1562~3,서울특별시 서대문구청,2025-01-01
북가좌2동77,서울특별시 서대문구 북가좌동2-51,126.9173357,37.5816569,한전주,02-330-1562~3,서울특별시 서대문구청,2025-01-01
북가좌2동75,서울특별시 서대문구 북가좌동2-54,126.9172073,37.5819261,건축물,02-330-1562~3,서울특별시 서대문구청,2025-01-01
북가좌2동81,서울특별시 서대문구 북가좌동2-56,126.9170592,37.5819878,한전주,02-330-1562~3,서울특별시 서대문구청,2025-01-01
북가좌2동80,서울특별시 서대문구 북가좌동2-57,126.9170946,37.581889,한전주,02-330-1562~3,서울특별시 서대문구청,2025-01-01
북가좌2동19,서울특별시 서대문구 북가좌동263-3,126.9028609,37.5758648,한전주,02-330-1562~3,서울특별시 서대문구청,2025-01-01
북가좌2동9991,서울특별시 서대문구 북가좌동2-68,126.9167818,37.5815978,전용주,02-330-1562~3,서울특별시 서대문구청,2025-01-01
북가좌2동79,서울특별시 서대문구 북가좌동2-73,126.9170204,37.5815369,한전주,02-330-1562~3,서울특별시 서대문구청,2025-01-01
북가좌2동127,서울특별시 서대문구 북가좌동273-1,126.9151019,37.5842314,한전주,02-330-1562~3,서울특별시 서대문구청,2025-01-01
북가좌2동129,서울특별시 서대문구 북가좌동273-1,126.9151019,37.5842314,건축물,02-330-1562~3,서울특별시 서대문구청,2025-01-01
북가좌2동73,서울특별시 서대문구 북가좌동273-12,126.9148522,37.5842741,한전주,02-330-1562~3,서울특별시 서대문구청,2025-01-01
북가좌2동125,서울특별시 서대문구 북가좌동273-7,126.9147817,37.5836698,한전주,02-330-1562~3,서울특별시 서대문구청,2025-01-01
북가좌2동1025,서울특별시 서대문구 북가좌동273-8,126.914497,37.5837843,한전주,02-330-1562~3,서울특별시 서대문구청,2025-01-01
북가좌2동102,서울특별시 서대문구 북가좌동2-74,126.9169192,37.5814909,건축물,02-330-1562~3,서울특별시 서대문구청,2025-01-01
북가좌2동126,서울특별시 서대문구 북가좌동274-16,126.9151635,37.5838896,한전주,02-330-1562~3,서울특별시 서대문구청,2025-01-01
북가좌2동120,서울특별시 서대문구 북가좌동274-4,126.9153821,37.5836483,한전주,02-330-1562~3,서울특별시 서대문구청,2025-01-01
북가좌2동593,서울특별시 서대문구 북가좌동274-4,126.9153821,37.5836483,건축물,02-330-1562~3,서울특별시 서대문구청,2025-01-01
북가좌2동123,서울특별시 서대문구 북가좌동274-9,126.9152888,37.5838367,건축물,02-330-1562~3,서울특별시 서대문구청,2025-01-01
북가좌2동121,서울특별시 서대문구 북가좌동275-1,126.9155528,37.5835868,건축물,02-330-1562~3,서울특별시 서대문구청,2025-01-01
북가좌2동625,서울특별시 서대문구 북가좌동275-9,126.9156007,37.583407,건축물,02-330-1562~3,서울특별시 서대문구청,2025-01-01
북가좌2동100,서울특별시 서대문구 북가좌동2-76,126.9167057,37.5813808,한전주,02-330-1562~3,서울특별시 서대문구청,2025-01-01
북가좌2동655,서울특별시 서대문구 북가좌동2-76,126.9167057,37.5813808,한전주,02-330-1562~3,서울특별시 서대문구청,2025-01-01
북가좌2동141,서울특별시 서대문구 북가좌동276-1,126.9152761,37.5831518,한전주,02-330-1562~3,서울특별시 서대문구청,2025-01-01
북가좌2동7055,서울특별시 서대문구 북가좌동276-11,126.9151988,37.5830159,건축물,02-330-1562~3,서울특별시 서대문구청,2025-01-01
북가좌2동755,서울특별시 서대문구 북가좌동276-12,126.9151548,37.5829254,통신주,02-330-1562~3,서울특별시 서대문구청,2025-01-01
북가좌2동143,서울특별시 서대문구 북가좌동276-15,126.915077,37.5828256,한전주,02-330-1562~3,서울특별시 서대문구청,2025-01-01
북가좌2동9609,서울특별시 서대문구 북가좌동276-22,126.9154872,37.5826491,전용주,02-330-1562~3,서울특별시 서대문구청,2025-01-01
북가좌2동155,서울특별시 서대문구 북가좌동276-4,126.9151729,37.582457,한전주,02-330-1562~3,서울특별시 서대문구청,2025-01-01
북가좌2동146,서울특별시 서대문구 북가좌동276-6,126.9148781,37.5824903,한전주,02-330-1562~3,서울특별시 서대문구청,2025-01-01
북가좌2동146-1,서울특별시 서대문구 북가좌동276-6,126.9148781,37.5824903,한전주,02-330-1562~3,서울특별시 서대문구청,2025-01-01
북가좌2동116,서울특별시 서대문구 북가좌동276-9,126.9153345,37.5830261,전용주,02-330-1562~3,서울특별시 서대문구청,2025-01-01
북가좌2동12,서울특별시 서대문구 북가좌동277-1,126.9151491,37.5833218,건축물,02-330-1562~3,서울특별시 서대문구청,2025-01-01
북가좌2동145,서울특별시 서대문구 북가좌동277-10,126.9146488,37.5826865,통신주,02-330-1562~3,서울특별시 서대문구청,2025-01-01
북가좌2동8919,서울특별시 서대문구 북가좌동277-11,126.9144342,37.5826484,전용주,02-330-1562~3,서울특별시 서대문구청,2025-01-01
북가좌2동687,서울특별시 서대문구 북가좌동277-19,126.9146645,37.5831642,한전주,02-330-1562~3,서울특별시 서대문구청,2025-01-01
북가좌2동686,서울특별시 서대문구 북가좌동277-20,126.9147534,37.5832821,한전주,02-330-1562~3,서울특별시 서대문구청,2025-01-01
북가좌2동685,서울특별시 서대문구 북가좌동277-21,126.9148311,37.5833909,통신주,02-330-1562~3,서울특별시 서대문구청,2025-01-01
북가좌2동124,서울특별시 서대문구 북가좌동277-22,126.9149787,37.5833563,건축물,02-330-1562~3,서울특별시 서대문구청,2025-01-01
북가좌2동6085,서울특별시 서대문구 북가좌동277-22,126.9149787,37.5833563,건축물,02-330-1562~3,서울특별시 서대문구청,2025-01-01
북가좌2동139,서울특별시 서대문구 북가좌동277-23,126.914667,37.582993,건축물,02-330-1562~3,서울특별시 서대문구청,2025-01-01
북가좌2동137,서울특별시 서대문구 북가좌동277-27,126.9144874,37.5828832,통신주,02-330-1562~3,서울특별시 서대문구청,2025-01-01
북가좌2동144,서울특별시 서대문구 북가좌동277-29,126.9147723,37.5827597,건축물,02-330-1562~3,서울특별시 서대문구청,2025-01-01
북가좌2동142,서울특별시 서대문구 북가좌동277-6,126.9149382,37.5830315,건축물,02-330-1562~3,서울특별시 서대문구청,2025-01-01
북가좌2동138,서울특별시 서대문구 북가좌동277-7,126.9145645,37.5830371,한전주,02-330-1562~3,서울특별시 서대문구청,2025-01-01
북가좌2동103,서울특별시 서대문구 북가좌동2-78,126.9164551,37.5814867,한전주,02-330-1562~3,서울특별시 서대문구청,2025-01-01
북가좌2동1247,서울특별시 서대문구 북가좌동278-14,126.914172,37.5827722,한전주,02-330-1562~3,서울특별시 서대문구청,2025-01-01
북가좌2동135,서울특별시 서대문구 북가좌동278-18,126.9143224,37.5833322,한전주,02-330-1562~3,서울특별시 서대문구청,2025-01-01
북가좌2동136,서울특별시 서대문구 북가좌동278-20,126.914156,37.5830964,전용주,02-330-1562~3,서울특별시 서대문구청,2025-01-01
북가좌2동133,서울특별시 서대문구 북가좌동278-22,126.9146258,37.5834882,한전주,02-330-1562~3,서울특별시 서대문구청,2025-01-01
북가좌2동140,서울특별시 서대문구 북가좌동278-24,126.914493,37.5832797,건축물,02-330-1562~3,서울특별시 서대문구청,2025-01-01
북가좌2동147,서울특별시 서대문구 북가좌동279-17,126.9142207,37.5825384,한전주,02-330-1562~3,서울특별시 서대문구청,2025-01-01
북가좌2동148,서울특별시 서대문구 북가좌동279-22,126.9140659,37.5822846,통신주,02-330-1562~3,서울특별시 서대문구청,2025-01-01
북가좌2동149,서울특별시 서대문구 북가좌동279-27,126.9138631,37.5822197,건축물,02-330-1562~3,서울특별시 서대문구청,2025-01-01
북가좌2동730,서울특별시 서대문구 북가좌동279-30,126.9138691,37.5825802,한전주,02-330-1562~3,서울특별시 서대문구청,2025-01-01
북가좌2동150,서울특별시 서대문구 북가좌동279-6,126.9142141,37.5822139,한전주,02-330-1562~3,서울특별시 서대문구청,2025-01-01
북가좌2동151,서울특별시 서대문구 북가좌동279-7,126.9143397,37.582143,한전주,02-330-1562~3,서울특별시 서대문구청,2025-01-01
북가좌2동648,서울특별시 서대문구 북가좌동279-8,126.9142277,37.5820609,통신주,02-330-1562~3,서울특별시 서대문구청,2025-01-01
북가좌2동152,서울특별시 서대문구 북가좌동280-15,126.9144447,37.5819277,한전주,02-330-1562~3,서울특별시 서대문구청,2025-01-01
북가좌2동153,서울특별시 서대문구 북가좌동280-23,126.9149206,37.5819051,한전주,02-330-1562~3,서울특별시 서대문구청,2025-01-01
북가좌2동154,서울특별시 서대문구 북가좌동280-25,126.9149058,37.5821392,건축물,02-330-1562~3,서울특별시 서대문구청,2025-01-01
북가좌2동110,서울특별시 서대문구 북가좌동280-31,126.9150672,37.5819425,한전주,02-330-1562~3,서울특별시 서대문구청,2025-01-01
북가좌2동764,서울특별시 서대문구 북가좌동280-5,126.9154769,37.581793,통신주,02-330-1562~3,서울특별시 서대문구청,2025-01-01
북가좌2동112,서울특별시 서대문구 북가좌동281-12,126.9156176,37.5822449,한전주,02-330-1562~3,서울특별시 서대문구청,2025-01-01
북가좌2동122,서울특별시 서대문구 북가좌동281-12,126.9156176,37.5822449,한전주,02-330-1562~3,서울특별시 서대문구청,2025-01-01
북가좌2동124-1,서울특별시 서대문구 북가좌동281-2,126.9157142,37.5826062,건축물,02-330-1562~3,서울특별시 서대문구청,2025-01-01
북가좌2동1013,서울특별시 서대문구 북가좌동281-2,126.9157142,37.5826062,한전주,02-330-1562~3,서울특별시 서대문구청,2025-01-01
북가좌2동39,서울특별시 서대문구 북가좌동281-3,126.9156699,37.5825427,전용주,02-330-1562~3,서울특별시 서대문구청,2025-01-01
북가좌2동158,서울특별시 서대문구 북가좌동282-12,126.9153354,37.5814043,한전주,02-330-1562~3,서울특별시 서대문구청,2025-01-01
북가좌2동610,서울특별시 서대문구 북가좌동282-14,126.9153042,37.5812148,전용주,02-330-1562~3,서울특별시 서대문구청,2025-01-01
북가좌2동161,서울특별시 서대문구 북가좌동282-18,126.915168,37.5812406,건축물,02-330-1562~3,서울특별시 서대문구청,2025-01-01
북가좌2동162,서울특별시 서대문구 북가좌동282-23,126.9150184,37.5814014,한전주,02-330-1562~3,서울특별시 서대문구청,2025-01-01
북가좌2동164,서울특별시 서대문구 북가좌동282-28,126.914926,37.5815267,한전주,02-330-1562~3,서울특별시 서대문구청,2025-01-01
북가좌2동770,서울특별시 서대문구 북가좌동282-29,126.9146312,37.58156,건축물,02-330-1562~3,서울특별시 서대문구청,2025-01-01
북가좌2동163,서울특별시 서대문구 북가좌동282-31,126.9150389,37.5815548,한전주,02-330-1562~3,서울특별시 서대문구청,2025-01-01
북가좌2동157,서울특별시 서대문구 북가좌동282-32,126.915221,37.5814843,한전주,02-330-1562~3,서울특별시 서대문구청,2025-01-01
북가좌2동1027,서울특별시 서대문구 북가좌동282-33,126.9153331,37.5815665,한전주,02-330-1562~3,서울특별시 서대문구청,2025-01-01
북가좌2동1027-1,서울특별시 서대문구 북가좌동282-33,126.9153331,37.5815665,한전주,02-330-1562~3,서울특별시 서대문구청,2025-01-01
북가좌2동130,서울특별시 서대문구 북가좌동282-39,126.9156279,37.5815331,전용주,02-330-1562~3,서울특별시 서대문구청,2025-01-01
북가좌2동156,서울특별시 서대문구 북가좌동282-39,126.9156279,37.5815331,한전주,02-330-1562~3,서울특별시 서대문구청,2025-01-01
북가좌2동159,서울특별시 서대문구 북가좌동282-41,126.9153293,37.5810438,건축물,02-330-1562~3,서울특별시 서대문구청,2025-01-01
북가좌2동160,서울특별시 서대문구 북가좌동282-42,126.9154089,37.5810175,한전주,02-330-1562~3,서울특별시 서대문구청,2025-01-01
북가좌2동9670,서울특별시 서대문구 북가좌동282-8,126.9156903,37.5811373,한전주,02-330-1562~3,서울특별시 서대문구청,2025-01-01
북가좌2동171,서울특별시 서대문구 북가좌동283-12,126.9158636,37.5808956,건축물,02-330-1562~3,서울특별시 서대문구청,2025-01-01
북가좌2동356,서울특별시 서대문구 북가좌동283-18,126.9155708,37.5807848,통신주,02-330-1562~3,서울특별시 서대문구청,2025-01-01
북가좌2동9617,서울특별시 서대문구 북가좌동283-19,126.9156626,37.5807045,통신주,02-330-1562~3,서울특별시 서대문구청,2025-01-01
북가좌2동75-1,서울특별시 서대문구 북가좌동283-21,126.9158345,37.5805619,한전주,02-330-1562~3,서울특별시 서대문구청,2025-01-01
북가좌2동178,서울특별시 서대문구 북가좌동283-4,126.9162587,37.5801964,건축물,02-330-1562~3,서울특별시 서대문구청,2025-01-01
북가좌2동10170,서울특별시 서대문구 북가좌동283-7,126.9160179,37.5804014,한전주,02-330-1562~3,서울특별시 서대문구청,2025-01-01
북가좌2동176,서울특별시 서대문구 북가좌동283-8,126.9161633,37.5805289,건축물,02-330-1562~3,서울특별시 서대문구청,2025-01-01
북가좌2동287,서울특별시 서대문구 북가좌동285-11,126.9159095,37.5792922,한전주,02-330-1562~3,서울특별시 서대문구청,2025-01-01
북가좌2동209,서울특별시 서대문구 북가좌동285-14,126.9153219,37.5792147,한전주,02-330-1562~3,서울특별시 서대문구청,2025-01-01
북가좌2동198,서울특별시 서대문구 북가좌동285-2,126.9154567,37.579288,건축물,02-330-1562~3,서울특별시 서대문구청,2025-01-01
북가좌2동197,서울특별시 서대문구 북가좌동285-6,126.915716,37.5793625,한전주,02-330-1562~3,서울특별시 서대문구청,2025-01-01
북가좌2동690,서울특별시 서대문구 북가좌동285-8,126.91565,37.5792267,건축물,02-330-1562~3,서울특별시 서대문구청,2025-01-01
북가좌2동207,서울특별시 서대문구 북가좌동286-14,126.9153588,37.5797917,한전주,02-330-1562~3,서울특별시 서대문구청,2025-01-01
북가좌2동2010,서울특별시 서대문구 북가좌동286-22,126.9161165,37.5798527,건축물,02-330-1562~3,서울특별시 서대문구청,2025-01-01
북가좌2동199,서울특별시 서대문구 북가좌동286-25,126.9150484,37.5793383,한전주,02-330-1562~3,서울특별시 서대문구청,2025-01-01
북가좌2동205,서울특별시 서대문구 북가좌동286-27,126.9150435,37.5796716,건축물,02-330-1562~3,서울특별시 서대문구청,2025-01-01
북가좌2동200,서울특별시 서대문구 북가좌동286-29,126.9151482,37.5794834,건축물,02-330-1562~3,서울특별시 서대문구청,2025-01-01
북가좌2동196,서울특별시 서대문구 북가좌동286-5,126.9158361,37.5796699,한전주,02-330-1562~3,서울특별시 서대문구청,2025-01-01
북가좌2동202,서울특별시 서대문구 북가좌동287-1,126.9148319,37.5794354,한전주,02-330-1562~3,서울특별시 서대문구청,2025-01-01
북가좌2동203,서울특별시 서대문구 북가좌동288-13,126.9146013,37.5797216,한전주,02-330-1562~3,서울특별시 서대문구청,2025-01-01
북가좌2동204,서울특별시 서대문구 북가좌동288-13,126.9146013,37.5797216,통신주,02-330-1562~3,서울특별시 서대문구청,2025-01-01
북가좌2동216,서울특별시 서대문구 북가좌동288-2,126.914473,37.5799818,한전주,02-330-1562~3,서울특별시 서대문구청,2025-01-01
북가좌2동250,서울특별시 서대문구 북가좌동288-7,126.9136056,37.5796764,전용주,02-330-1562~3,서울특별시 서대문구청,2025-01-01
북가좌2동249,서울특별시 서대문구 북가좌동288-9,126.9138086,37.5797324,통신주,02-330-1562~3,서울특별시 서대문구청,2025-01-01
북가좌2동9457,서울특별시 서대문구 북가좌동289-11,126.9153989,37.5801525,건축물,02-330-1562~3,서울특별시 서대문구청,2025-01-01
북가좌2동212,서울특별시 서대문구 북가좌동289-12,126.9153291,37.580278,건축물,02-330-1562~3,서울특별시 서대문구청,2025-01-01
북가좌2동208,서울특별시 서대문구 북가좌동289-14,126.9152516,37.5801601,건축물,02-330-1562~3,서울특별시 서대문구청,2025-01-01
북가좌2동10145,서울특별시 서대문구 북가좌동289-19,126.9151062,37.5800326,건축물,02-330-1562~3,서울특별시 서대문구청,2025-01-01
북가좌2동206,서울특별시 서대문구 북가좌동289-2,126.9149946,37.5799235,건축물,02-330-1562~3,서울특별시 서대문구청,2025-01-01
북가좌2동214,서울특별시 서대문구 북가좌동289-22,126.9149121,37.580148,한전주,02-330-1562~3,서울특별시 서대문구청,2025-01-01
북가좌2동210,서울특별시 서대문구 북가좌동289-6,126.9157957,37.580111,건축물,02-330-1562~3,서울특별시 서대문구청,2025-01-01
북가좌2동714,서울특별시 서대문구 북가좌동290-11,126.9144201,37.5805039,통신주,02-330-1562~3,서울특별시 서대문구청,2025-01-01
북가좌2동213,서울특별시 서대문구 북가좌동290-16,126.9151912,37.5804209,한전주,02-330-1562~3,서울특별시 서대문구청,2025-01-01
북가좌2동2013,서울특별시 서대문구 북가좌동290-17,126.9151446,37.5805105,건축물,02-330-1562~3,서울특별시 서대문구청,2025-01-01
북가좌2동221,서울특별시 서대문구 북가좌동290-2,126.9149046,37.5806615,건축물,02-330-1562~3,서울특별시 서대문구청,2025-01-01
북가좌2동222,서울특별시 서대문구 북가좌동290-2,126.9149046,37.5806615,통신주,02-330-1562~3,서울특별시 서대문구청,2025-01-01
북가좌2동223,서울특별시 서대문구 북가좌동291-10,126.9142498,37.5813132,건축물,02-330-1562~3,서울특별시 서대문구청,2025-01-01
북가좌2동220,서울특별시 서대문구 북가좌동291-21,126.9146864,37.5808757,건축물,02-330-1562~3,서울특별시 서대문구청,2025-01-01
북가좌2동707,서울특별시 서대문구 북가좌동291-26,126.914947,37.5808601,건축물,02-330-1562~3,서울특별시 서대문구청,2025-01-01
북가좌2동5035,서울특별시 서대문구 북가좌동292-11,126.9130544,37.5817708,건축물,02-330-1562~3,서울특별시 서대문구청,2025-01-01
북가좌2동739,서울특별시 서대문구 북가좌동292-19,126.9136777,37.5817314,한전주,02-330-1562~3,서울특별시 서대문구청,2025-01-01
북가좌2동536,서울특별시 서대문구 북가좌동292-2,126.9136688,37.5815602,건축물,02-330-1562~3,서울특별시 서대문구청,2025-01-01
북가좌2동535,서울특별시 서대문구 북가좌동293-11,126.9131269,37.5814561,한전주,02-330-1562~3,서울특별시 서대문구청,2025-01-01
북가좌2동232,서울특별시 서대문구 북가좌동294-22,126.9132225,37.5811146,건축물,02-330-1562~3,서울특별시 서대문구청,2025-01-01
북가좌2동231,서울특별시 서대문구 북가좌동294-25,126.9133384,37.5809264,건축물,02-330-1562~3,서울특별시 서대문구청,2025-01-01
북가좌2동224,서울특별시 서대문구 북가좌동294-3,126.9138797,37.5810756,한전주,02-330-1562~3,서울특별시 서대문구청,2025-01-01
북가좌2동211,서울특별시 서대문구 북가좌동294-4,126.9137557,37.5810384,전용주,02-330-1562~3,서울특별시 서대문구청,2025-01-01
북가좌2동228,서울특별시 서대문구 북가좌동294-5,126.9136975,37.581146,전용주,02-330-1562~3,서울특별시 서대문구청,2025-01-01
북가좌2동238,서울특별시 서대문구 북가좌동295-14,126.9127238,37.5803711,건축물,02-330-1562~3,서울특별시 서대문구청,2025-01-01
북가좌2동10102,서울특별시 서대문구 북가좌동295-17,126.9124742,37.5804049,건축물,02-330-1562~3,서울특별시 서대문구청,2025-01-01
북가좌2동236,서울특별시 서대문구 북가좌동295-18,126.9127446,37.5804975,한전주,02-330-1562~3,서울특별시 서대문구청,2025-01-01
북가좌2동225,서울특별시 서대문구 북가좌동295-2,126.9139049,37.5808956,건축물,02-330-1562~3,서울특별시 서대문구청,2025-01-01
북가좌2동237,서울특별시 서대문구 북가좌동295-20,126.9129606,37.5804364,건축물,02-330-1562~3,서울특별시 서대문구청,2025-01-01
북가좌2동229,서울특별시 서대문구 북가좌동295-23,126.9135899,37.5807575,한전주,02-330-1562~3,서울특별시 서대문구청,2025-01-01
북가좌2동218,서울특별시 서대문구 북가좌동295-24,126.9141243,37.5806003,한전주,02-330-1562~3,서울특별시 서대문구청,2025-01-01
북가좌2동240,서울특별시 서대문구 북가좌동295-29,126.9130659,37.5802031,한전주,02-330-1562~3,서울특별시 서대문구청,2025-01-01
북가좌2동244,서울특별시 서대문구 북가좌동295-33,126.9133817,37.5802871,통신주,02-330-1562~3,서울특별시 서대문구청,2025-01-01
북가좌2동235,서울특별시 서대문구 북가좌동295-44,126.9132968,37.5806737,한전주,02-330-1562~3,서울특별시 서대문구청,2025-01-01
북가좌2동230,서울특별시 서대문구 북가좌동295-44,126.9132968,37.5806737,통신주,02-330-1562~3,서울특별시 서대문구청,2025-01-01
북가좌2동234,서울특별시 서대문구 북가좌동295-48,126.9130846,37.5804736,건축물,02-330-1562~3,서울특별시 서대문구청,2025-01-01
북가좌2동226,서울특별시 서대문구 북가좌동295-50,126.9133663,37.5805663,한전주,02-330-1562~3,서울특별시 서대문구청,2025-01-01
북가좌2동233,서울특별시 서대문구 북가좌동295-51,126.9135013,37.5806216,건축물,02-330-1562~3,서울특별시 서대문구청,2025-01-01
북가좌2동245,서울특별시 서대문구 북가좌동295-7,126.9134816,37.5804232,한전주,02-330-1562~3,서울특별시 서대문구청,2025-01-01
북가좌2동2043,서울특별시 서대문구 북가좌동296-17,126.9134202,37.5799721,한전주,02-330-1562~3,서울특별시 서대문구청,2025-01-01
북가좌2동243,서울특별시 서대문구 북가좌동296-18,126.9135668,37.5800095,건축물,02-330-1562~3,서울특별시 서대문구청,2025-01-01
북가좌2동740,서울특별시 서대문구 북가좌동296-18,126.9135668,37.5800095,전용주,02-330-1562~3,서울특별시 서대문구청,2025-01-01
북가좌2동251,서울특별시 서대문구 북가좌동296-19,126.9133546,37.5798093,건축물,02-330-1562~3,서울특별시 서대문구청,2025-01-01
북가좌2동216-1,서울특별시 서대문구 북가좌동296-2,126.9142778,37.5801692,한전주,02-330-1562~3,서울특별시 서대문구청,2025-01-01
북가좌2동217,서울특별시 서대문구 북가좌동296-2,126.9142778,37.5801692,건축물,02-330-1562~3,서울특별시 서대문구청,2025-01-01
북가좌2동248,서울특별시 서대문구 북가좌동296-26,126.913985,37.5800584,한전주,02-330-1562~3,서울특별시 서대문구청,2025-01-01
북가좌2동243-1,서울특별시 서대문구 북가좌동296-28,126.9141509,37.5803302,건축물,02-330-1562~3,서울특별시 서대문구청,2025-01-01
북가좌2동246,서울특별시 서대문구 북가좌동296-28,126.9141509,37.5803302,한전주,02-330-1562~3,서울특별시 서대문구청,2025-01-01
북가좌2동728,서울특별시 서대문구 북가좌동296-28,126.9141509,37.5803302,통신주,02-330-1562~3,서울특별시 서대문구청,2025-01-01
북가좌2동252,서울특별시 서대문구 북가좌동297-3,126.9132209,37.5796639,한전주,02-330-1562~3,서울특별시 서대문구청,2025-01-01
북가좌2동253,서울특별시 서대문구 북가좌동297-5,126.9132795,37.5795293,한전주,02-330-1562~3,서울특별시 서대문구청,2025-01-01
북가좌2동239,서울특별시 서대문구 북가좌동297-7,126.9128999,37.5799403,통신주,02-330-1562~3,서울특별시 서대문구청,2025-01-01
북가좌2동241,서울특별시 서대문구 북가좌동297-9,126.913105,37.579852,한전주,02-330-1562~3,서울특별시 서대문구청,2025-01-01
북가좌2동395,서울특별시 서대문구 북가좌동298-1,126.9123323,37.5800431,통신주,02-330-1562~3,서울특별시 서대문구청,2025-01-01
북가좌2동1-5,서울특별시 서대문구 북가좌동298-9,126.912277,37.5799525,한전주,02-330-1562~3,서울특별시 서대문구청,2025-01-01
북가좌2동9503,서울특별시 서대문구 북가좌동298-9,126.912277,37.5799525,통신주,02-330-1562~3,서울특별시 서대문구청,2025-01-01
북가좌2동782,서울특별시 서대문구 북가좌동299-11,126.9119154,37.5799041,한전주,02-330-1562~3,서울특별시 서대문구청,2025-01-01
북가좌2동359,서울특별시 서대문구 북가좌동299-2,126.9121154,37.5801673,통신주,02-330-1562~3,서울특별시 서대문구청,2025-01-01
북가좌2동2601,서울특별시 서대문구 북가좌동300-12,126.9111771,37.5792937,건축물,02-330-1562~3,서울특별시 서대문구청,2025-01-01
북가좌2동9662,서울특별시 서대문구 북가좌동300-16,126.9115876,37.5798741,한전주,02-330-1562~3,서울특별시 서대문구청,2025-01-01
북가좌2동357,서울특별시 서대문구 북가좌동301-10,126.9123629,37.5794938,건축물,02-330-1562~3,서울특별시 서대문구청,2025-01-01
북가좌2동365,서울특별시 서대문구 북가좌동301-15,126.9118422,37.579489,한전주,02-330-1562~3,서울특별시 서대문구청,2025-01-01
북가좌2동364,서울특별시 서대문구 북가좌동301-2,126.9120324,37.5796439,한전주,02-330-1562~3,서울특별시 서대문구청,2025-01-01
북가좌2동366,서울특별시 서대문구 북가좌동301-6,126.9116653,37.579199,한전주,02-330-1562~3,서울특별시 서대문구청,2025-01-01
북가좌2동358,서울특별시 서대문구 북가좌동301-9,126.9122143,37.5795915,한전주,02-330-1562~3,서울특별시 서대문구청,2025-01-01
북가좌2동618,서울특별시 서대문구 북가좌동302-11,126.9118432,37.578642,한전주,02-330-1562~3,서울특별시 서대문구청,2025-01-01
북가좌2동386,서울특별시 서대문구 북가좌동302-12,126.9119555,37.5787061,한전주,02-330-1562~3,서울특별시 서대문구청,2025-01-01
북가좌2동390,서울특별시 서대문구 북가좌동302-18,126.9117432,37.578515,한전주,02-330-1562~3,서울특별시 서대문구청,2025-01-01
북가좌2동389,서울특별시 서대문구 북가좌동302-20,126.9114946,37.5784857,건축물,02-330-1562~3,서울특별시 서대문구청,2025-01-01
북가좌2동311,서울특별시 서대문구 북가좌동302-28,126.9113573,37.5785835,통신주,02-330-1562~3,서울특별시 서대문구청,2025-01-01
북가좌2동367,서울특별시 서대문구 북가좌동302-31,126.9114099,37.5788543,한전주,02-330-1562~3,서울특별시 서대문구청,2025-01-01
북가좌2동387,서울특별시 서대문구 북가좌동302-8,126.9114702,37.5786026,한전주,02-330-1562~3,서울특별시 서대문구청,2025-01-01
북가좌2동279,서울특별시 서대문구 북가좌동303-16,126.9113557,37.5779167,한전주,02-330-1562~3,서울특별시 서대문구청,2025-01-01
북가좌2동393,서울특별시 서대문구 북가좌동303-25,126.9116263,37.5779913,건축물,02-330-1562~3,서울특별시 서대문구청,2025-01-01
북가좌2동392,서울특별시 서대문구 북가좌동303-30,126.9114425,37.5781698,한전주,02-330-1562~3,서울특별시 서대문구청,2025-01-01
북가좌2동384,서울특별시 서대문구 북가좌동303-32,126.9115781,37.5781891,건축물,02-330-1562~3,서울특별시 서대문구청,2025-01-01
북가좌2동9806,서울특별시 서대문구 북가좌동303-32,126.9115781,37.5781891,건축물,02-330-1562~3,서울특별시 서대문구청,2025-01-01
북가좌2동325,서울특별시 서대문구 북가좌동303-4,126.9128346,37.5774258,한전주,02-330-1562~3,서울특별시 서대문구청,2025-01-01
북가좌2동403,서울특별시 서대문구 북가좌동304-1,126.9105764,37.5777834,한전주,02-330-1562~3,서울특별시 서대문구청,2025-01-01
북가좌2동404,서울특별시 서대문구 북가좌동304-1,126.9105764,37.5777834,한전주,02-330-1562~3,서울특별시 서대문구청,2025-01-01
북가좌2동19-1,서울특별시 서대문구 북가좌동304-1,126.9105764,37.5777834,통신주,02-330-1562~3,서울특별시 서대문구청,2025-01-01
북가좌2동411,서울특별시 서대문구 북가좌동304-10,126.9114475,37.5770526,한전주,02-330-1562~3,서울특별시 서대문구청,2025-01-01
북가좌2동408,서울특별시 서대문구 북가좌동304-22,126.9112008,37.5768881,건축물,02-330-1562~3,서울특별시 서대문구청,2025-01-01
북가좌2동1-9,서울특별시 서대문구 북가좌동304-3,126.9107826,37.5776231,통신주,02-330-1562~3,서울특별시 서대문구청,2025-01-01
북가좌2동678,서울특별시 서대문구 북가좌동304-30,126.9108322,37.5773262,건축물,02-330-1562~3,서울특별시 서대문구청,2025-01-01
북가좌2동4004,서울특별시 서대문구 북가좌동304-37,126.910444,37.5775479,통신주,02-330-1562~3,서울특별시 서대문구청,2025-01-01
북가좌2동417,서울특별시 서대문구 북가좌동304-41,126.9110824,37.5772474,건축물,02-330-1562~3,서울특별시 서대문구청,2025-01-01
북가좌2동418,서울특별시 서대문구 북가좌동304-44,126.9108302,37.5774614,통신주,02-330-1562~3,서울특별시 서대문구청,2025-01-01
북가좌2동419,서울특별시 서대문구 북가좌동304-48,126.9105896,37.5776574,통신주,02-330-1562~3,서울특별시 서대문구청,2025-01-01
북가좌2동364-1,서울특별시 서대문구 북가좌동305-10,126.910951,37.5777148,한전주,02-330-1562~3,서울특별시 서대문구청,2025-01-01
북가좌2동395-1,서울특별시 서대문구 북가좌동305-12,126.9110245,37.5781119,한전주,02-330-1562~3,서울특별시 서대문구청,2025-01-01
북가좌2동4006,서울특별시 서대문구 북가좌동305-13,126.9109692,37.5780213,건축물,02-330-1562~3,서울특별시 서대문구청,2025-01-01
북가좌2동406,서울특별시 서대문구 북가좌동305-14,126.9108913,37.5779305,건축물,02-330-1562~3,서울특별시 서대문구청,2025-01-01
북가좌2동405,서울특별시 서대문구 북가좌동305-16,126.9106879,37.5779016,한전주,02-330-1562~3,서울특별시 서대문구청,2025-01-01
북가좌2동402,서울특별시 서대문구 북가좌동305-18,126.9107878,37.5780376,한전주,02-330-1562~3,서울특별시 서대문구청,2025-01-01
북가좌2동388,서울특별시 서대문구 북가좌동305-2,126.9111439,37.5784644,건축물,02-330-1562~3,서울특별시 서대문구청,2025-01-01
북가좌2동396,서울특별시 서대문구 북가좌동305-20,126.9108989,37.5781828,건축물,02-330-1562~3,서울특별시 서대문구청,2025-01-01
북가좌2동391,서울특별시 서대문구 북가좌동305-4,126.9111917,37.5782936,건축물,02-330-1562~3,서울특별시 서대문구청,2025-01-01
북가좌2동368,서울특별시 서대문구 북가좌동306-1,126.9110921,37.5789144,한전주,02-330-1562~3,서울특별시 서대문구청,2025-01-01
북가좌2동4004-1,서울특별시 서대문구 북가좌동306-17,126.9102238,37.5778973,전용주,02-330-1562~3,서울특별시 서대문구청,2025-01-01
북가좌2동779,서울특별시 서대문구 북가좌동306-2,126.9110944,37.5787523,한전주,02-330-1562~3,서울특별시 서대문구청,2025-01-01
북가좌2동780,서울특별시 서대문구 북가좌동306-22,126.91091,37.5789758,한전주,02-330-1562~3,서울특별시 서대문구청,2025-01-01
북가좌2동399,서울특별시 서대문구 북가좌동306-5,126.9109387,37.5785616,건축물,02-330-1562~3,서울특별시 서대문구청,2025-01-01
북가좌2동398,서울특별시 서대문구 북가좌동306-6,126.9110056,37.5786343,한전주,02-330-1562~3,서울특별시 서대문구청,2025-01-01
북가좌2동397,서울특별시 서대문구 북가좌동306-7,126.910939,37.5785436,한전주,02-330-1562~3,서울특별시 서대문구청,2025-01-01
북가좌2동400,서울특별시 서대문구 북가좌동306-8,126.910825,37.5785966,건축물,02-330-1562~3,서울특별시 서대문구청,2025-01-01
북가좌2동621,서울특별시 서대문구 북가좌동307-10,126.9095862,37.5781437,건축물,02-330-1562~3,서울특별시 서대문구청,2025-01-01
북가좌2동623,서울특별시 서대문구 북가좌동307-10,126.9095862,37.5781437,건축물,02-330-1562~3,서울특별시 서대문구청,2025-01-01
북가좌2동247,서울특별시 서대문구 북가좌동307-17,126.9096485,37.5785317,한전주,02-330-1562~3,서울특별시 서대문구청,2025-01-01
북가좌2동427,서울특별시 서대문구 북가좌동307-17,126.9096485,37.5785317,한전주,02-330-1562~3,서울특별시 서대문구청,2025-01-01
북가좌2동428,서울특별시 서대문구 북가좌동307-19,126.9099141,37.5789486,한전주,02-330-1562~3,서울특별시 서대문구청,2025-01-01
북가좌2동444,서울특별시 서대문구 북가좌동307-23,126.9102585,37.5794023,한전주,02-330-1562~3,서울특별시 서대문구청,2025-01-01
북가좌2동430,서울특별시 서대문구 북가좌동307-25,126.9100169,37.5788865,건축물,02-330-1562~3,서울특별시 서대문구청,2025-01-01
북가좌2동6217,서울특별시 서대문구 북가좌동308-1,126.9111437,37.5800322,건축물,02-330-1562~3,서울특별시 서대문구청,2025-01-01
북가좌2동460,서울특별시 서대문구 북가좌동308-16,126.9109148,37.5802013,한전주,02-330-1562~3,서울특별시 서대문구청,2025-01-01
북가좌2동617,서울특별시 서대문구 북가좌동308-16,126.9109148,37.5802013,한전주,02-330-1562~3,서울특별시 서대문구청,2025-01-01
북가좌2동446,서울특별시 서대문구 북가좌동308-7,126.9105377,37.5796662,한전주,02-330-1562~3,서울특별시 서대문구청,2025-01-01
북가좌2동462,서울특별시 서대문구 북가좌동309-10,126.9110809,37.5804551,건축물,02-330-1562~3,서울특별시 서대문구청,2025-01-01
북가좌2동464,서울특별시 서대문구 북가좌동309-14,126.9113272,37.5806466,한전주,02-330-1562~3,서울특별시 서대문구청,2025-01-01
북가좌2동711,서울특별시 서대문구 북가좌동309-9,126.9111836,37.580402,건축물,02-330-1562~3,서울특별시 서대문구청,2025-01-01
북가좌2동82,서울특별시 서대문구 북가좌동3-101,126.9167817,37.5823817,한전주,02-330-1562~3,서울특별시 서대문구청,2025-01-01
북가좌2동471,서울특별시 서대문구 북가좌동310-2,126.9106034,37.5813697,건축물,02-330-1562~3,서울특별시 서대문구청,2025-01-01
북가좌2동9440,서울특별시 서대문구 북가좌동310-20,126.9105705,37.5812973,건축물,02-330-1562~3,서울특별시 서대문구청,2025-01-01
북가좌2동468,서울특별시 서대문구 북가좌동310-24,126.9104707,37.5811523,한전주,02-330-1562~3,서울특별시 서대문구청,2025-01-01
북가좌2동469,서울특별시 서대문구 북가좌동310-28,126.9101975,37.5812579,한전주,02-330-1562~3,서울특별시 서대문구청,2025-01-01
북가좌2동465,서울특별시 서대문구 북가좌동310-31,126.9110871,37.5808066,건축물,02-330-1562~3,서울특별시 서대문구청,2025-01-01
북가좌2동83,서울특별시 서대문구 북가좌동3-104,126.9174506,37.5823248,한전주,02-330-1562~3,서울특별시 서대문구청,2025-01-01
북가좌2동83-1,서울특별시 서대문구 북가좌동3-104,126.9174506,37.5823248,한전주,02-330-1562~3,서울특별시 서대문구청,2025-01-01
북가좌2동466,서울특별시 서대문구 북가좌동310-5,126.9111165,37.5811222,건축물,02-330-1562~3,서울특별시 서대문구청,2025-01-01
북가좌2동1-4,서울특별시 서대문구 북가좌동3-106,126.9171229,37.5822767,전용주,02-330-1562~3,서울특별시 서대문구청,2025-01-01
북가좌2동635,서울특별시 서대문구 북가좌동3-108,126.9165085,37.5824873,한전주,02-330-1562~3,서울특별시 서대문구청,2025-01-01
북가좌2동470,서울특별시 서대문구 북가좌동310-9,126.9102642,37.5813396,한전주,02-330-1562~3,서울특별시 서대문구청,2025-01-01
북가좌2동88,서울특별시 서대문구 북가좌동3-110,126.9163236,37.5827469,한전주,02-330-1562~3,서울특별시 서대문구청,2025-01-01
북가좌2동89,서울특별시 서대문구 북가좌동3-111,126.916175,37.5828447,한전주,02-330-1562~3,서울특별시 서대문구청,2025-01-01
북가좌2동644,서울특별시 서대문구 북가좌동311-16,126.9106122,37.5807661,건축물,02-330-1562~3,서울특별시 서대문구청,2025-01-01
북가좌2동463,서울특별시 서대문구 북가좌동311-2,126.9109435,37.5805619,통신주,02-330-1562~3,서울특별시 서대문구청,2025-01-01
북가좌2동611,서울특별시 서대문구 북가좌동311-2,126.9109435,37.5805619,통신주,02-330-1562~3,서울특별시 서대문구청,2025-01-01
북가좌2동457,서울특별시 서대문구 북가좌동311-24,126.9101352,37.5808698,건축물,02-330-1562~3,서울특별시 서대문구청,2025-01-01
북가좌2동744,서울특별시 서대문구 북가좌동311-25,126.9101906,37.5809515,건축물,02-330-1562~3,서울특별시 서대문구청,2025-01-01
북가좌2동467,서울특별시 서대문구 북가좌동311-29,126.9105537,37.5809007,한전주,02-330-1562~3,서울특별시 서대문구청,2025-01-01
북가좌2동675,서울특별시 서대문구 북가좌동3-114,126.9161781,37.5826284,한전주,02-330-1562~3,서울특별시 서대문구청,2025-01-01
북가좌2동667,서울특별시 서대문구 북가좌동3-116,126.9158398,37.5825352,한전주,02-330-1562~3,서울특별시 서대문구청,2025-01-01
북가좌2동703,서울특별시 서대문구 북가좌동3-119,126.9159241,37.5821846,건축물,02-330-1562~3,서울특별시 서대문구청,2025-01-01
북가좌2동616,서울특별시 서대문구 북가좌동312-1,126.9104818,37.5803955,한전주,02-330-1562~3,서울특별시 서대문구청,2025-01-01
북가좌2동447,서울특별시 서대문구 북가좌동312-12,126.9100875,37.5802567,한전주,02-330-1562~3,서울특별시 서대문구청,2025-01-01
북가좌2동450,서울특별시 서대문구 북가좌동312-12,126.9100875,37.5802567,한전주,02-330-1562~3,서울특별시 서대문구청,2025-01-01
북가좌2동451,서울특별시 서대문구 북가좌동312-13,126.9099393,37.5803274,건축물,02-330-1562~3,서울특별시 서대문구청,2025-01-01
북가좌2동454,서울특별시 서대문구 북가좌동312-17,126.9097978,37.5807136,한전주,02-330-1562~3,서울특별시 서대문구청,2025-01-01
북가좌2동448,서울특별시 서대문구 북가좌동312-2,126.9105544,37.5800718,통신주,02-330-1562~3,서울특별시 서대문구청,2025-01-01
북가좌2동459,서울특별시 서대문구 북가좌동312-25,126.91022,37.5804922,한전주,02-330-1562~3,서울특별시 서대문구청,2025-01-01
북가좌2동458,서울특별시 서대문구 북가좌동312-26,126.9100853,37.5804099,건축물,02-330-1562~3,서울특별시 서대문구청,2025-01-01
북가좌2동742,서울특별시 서대문구 북가좌동312-27,126.9098228,37.5805516,건축물,02-330-1562~3,서울특별시 서대문구청,2025-01-01
북가좌2동753,서울특별시 서대문구 북가좌동312-30,126.9105976,37.5802164,한전주,02-330-1562~3,서울특별시 서대문구청,2025-01-01
북가좌2동456,서울특별시 서대문구 북가좌동312-35,126.9099231,37.5806607,한전주,02-330-1562~3,서울특별시 서대문구청,2025-01-01
북가좌2동452,서울특별시 서대문구 북가좌동312-4,126.9104633,37.580107,한전주,02-330-1562~3,서울특별시 서대문구청,2025-01-01
북가좌2동767,서울특별시 서대문구 북가좌동312-4,126.9104633,37.580107,한전주,02-330-1562~3,서울특별시 서대문구청,2025-01-01
북가좌2동757,서울특별시 서대문구 북가좌동3-125,126.9160171,37.5820233,통신주,02-330-1562~3,서울특별시 서대문구청,2025-01-01
북가좌2동109,서울특별시 서대문구 북가좌동3-127,126.9157136,37.5818673,한전주,02-330-1562~3,서울특별시 서대문구청,2025-01-01
북가좌2동108,서울특별시 서대문구 북가좌동3-128,126.916042,37.5818613,한전주,02-330-1562~3,서울특별시 서대문구청,2025-01-01
북가좌2동107,서울특별시 서대문구 북가좌동3-130,126.9163913,37.5819816,한전주,02-330-1562~3,서울특별시 서대문구청,2025-01-01
북가좌2동439,서울특별시 서대문구 북가좌동313-11,126.9093536,37.5801238,한전주,02-330-1562~3,서울특별시 서대문구청,2025-01-01
북가좌2동766,서울특별시 서대문구 북가좌동313-2,126.9103543,37.5798177,통신주,02-330-1562~3,서울특별시 서대문구청,2025-01-01
북가좌2동106,서울특별시 서대문구 북가좌동3-132,126.9166386,37.5821011,한전주,02-330-1562~3,서울특별시 서대문구청,2025-01-01
북가좌2동10168,서울특별시 서대문구 북가좌동313-26,126.9101262,37.5799327,건축물,02-330-1562~3,서울특별시 서대문구청,2025-01-01
북가좌2동776,서울특별시 서대문구 북가좌동313-30,126.9102656,37.5796907,통신주,02-330-1562~3,서울특별시 서대문구청,2025-01-01
북가좌2동440,서울특별시 서대문구 북가좌동313-32,126.9095128,37.5800712,통신주,02-330-1562~3,서울특별시 서대문구청,2025-01-01
북가좌2동443,서울특별시 서대문구 북가좌동313-4,126.9100038,37.5797874,통신주,02-330-1562~3,서울특별시 서대문구청,2025-01-01
북가좌2동437,서울특별시 서대문구 북가좌동314-17,126.9091759,37.5798879,한전주,02-330-1562~3,서울특별시 서대문구청,2025-01-01
북가좌2동641,서울특별시 서대문구 북가좌동314-27,126.9100203,37.5794361,건축물,02-330-1562~3,서울특별시 서대문구청,2025-01-01
북가좌2동441,서울특별시 서대문구 북가좌동314-42,126.9093151,37.5796549,건축물,02-330-1562~3,서울특별시 서대문구청,2025-01-01
북가좌2동422,서울특별시 서대문구 북가좌동314-46,126.9096767,37.5797033,한전주,02-330-1562~3,서울특별시 서대문구청,2025-01-01
북가좌2동442,서울특별시 서대문구 북가좌동314-46,126.9096767,37.5797033,한전주,02-330-1562~3,서울특별시 서대문구청,2025-01-01
북가좌2동775,서울특별시 서대문구 북가좌동314-5,126.9097845,37.5792988,통신주,02-330-1562~3,서울특별시 서대문구청,2025-01-01
북가좌2동5,서울특별시 서대문구 북가좌동3-145,126.9204065,37.5822617,한전주,02-330-1562~3,서울특별시 서대문구청,2025-01-01
북가좌2동612,서울특별시 서대문구 북가좌동3-145,126.9204065,37.5822617,한전주,02-330-1562~3,서울특별시 서대문구청,2025-01-01
북가좌2동3,서울특별시 서대문구 북가좌동3-147,126.9204877,37.5821273,한전주,02-330-1562~3,서울특별시 서대문구청,2025-01-01
북가좌2동2,서울특별시 서대문구 북가좌동3-148,126.9205007,37.5820103,한전주,02-330-1562~3,서울특별시 서대문구청,2025-01-01
북가좌2동643,서울특별시 서대문구 북가좌동3-149,126.9205026,37.5818752,한전주,02-330-1562~3,서울특별시 서대문구청,2025-01-01
북가좌2동431,서울특별시 서대문구 북가좌동315-1,126.9097762,37.5790915,한전주,02-330-1562~3,서울특별시 서대문구청,2025-01-01
북가좌2동763,서울특별시 서대문구 북가좌동315-12,126.9096437,37.578865,통신주,02-330-1562~3,서울특별시 서대문구청,2025-01-01
북가좌2동101-1,서울특별시 서대문구 북가좌동315-16,126.9093035,37.5788979,건축물,02-330-1562~3,서울특별시 서대문구청,2025-01-01
북가좌2동10133,서울특별시 서대문구 북가좌동315-18,126.9091202,37.5790494,통신주,02-330-1562~3,서울특별시 서대문구청,2025-01-01
북가좌2동765,서울특별시 서대문구 북가좌동315-2,126.9097437,37.5789921,통신주,02-330-1562~3,서울특별시 서대문구청,2025-01-01
북가좌2동743,서울특별시 서대문구 북가좌동315-21,126.9090058,37.5791294,건축물,02-330-1562~3,서울특별시 서대문구청,2025-01-01
북가좌2동424,서울특별시 서대문구 북가좌동315-24,126.9088124,37.5791907,한전주,02-330-1562~3,서울특별시 서대문구청,2025-01-01
북가좌2동1-3,서울특별시 서대문구 북가좌동315-24,126.9088124,37.5791907,전용주,02-330-1562~3,서울특별시 서대문구청,2025-01-01
북가좌2동435,서울특별시 서대문구 북가좌동315-28,126.908898,37.5795339,한전주,02-330-1562~3,서울특별시 서대문구청,2025-01-01
북가좌2동746,서울특별시 서대문구 북가좌동315-29,126.9089904,37.5794086,건축물,02-330-1562~3,서울특별시 서대문구청,2025-01-01
북가좌2동425,서울특별시 서대문구 북가좌동315-32,126.9091634,37.579194,전용주,02-330-1562~3,서울특별시 서대문구청,2025-01-01
북가좌2동434,서울특별시 서대문구 북가좌동315-34,126.9091834,37.5793744,한전주,02-330-1562~3,서울특별시 서대문구청,2025-01-01
북가좌2동429,서울특별시 서대문구 북가좌동315-5,126.9094702,37.5791157,한전주,02-330-1562~3,서울특별시 서대문구청,2025-01-01
북가좌2동58,서울특별시 서대문구 북가좌동3-156,126.9182972,37.5832786,한전주,02-330-1562~3,서울특별시 서대문구청,2025-01-01
북가좌2동59,서울특별시 서대문구 북가좌동3-156,126.9182972,37.5832786,한전주,02-330-1562~3,서울특별시 서대문구청,2025-01-01
북가좌2동93,서울특별시 서대문구 북가좌동3-158,126.9180264,37.583213,한전주,02-330-1562~3,서울특별시 서대문구청,2025-01-01
북가좌2동705,서울특별시 서대문구 북가좌동3-161,126.917927,37.5830409,전용주,02-330-1562~3,서울특별시 서대문구청,2025-01-01
북가좌2동421,서울특별시 서대문구 북가좌동316-12,126.9085912,37.5788373,건축물,02-330-1562~3,서울특별시 서대문구청,2025-01-01
북가좌2동423,서울특별시 서대문구 북가좌동316-16,126.9085635,37.5791794,한전주,02-330-1562~3,서울특별시 서대문구청,2025-01-01
북가좌2동426,서울특별시 서대문구 북가좌동316-18,126.9090437,37.5788595,한전주,02-330-1562~3,서울특별시 서대문구청,2025-01-01
북가좌2동426-1,서울특별시 서대문구 북가좌동316-18,126.9090437,37.5788595,한전주,02-330-1562~3,서울특별시 서대문구청,2025-01-01
북가좌2동762,서울특별시 서대문구 북가좌동316-2,126.9093542,37.578529,통신주,02-330-1562~3,서울특별시 서대문구청,2025-01-01
북가좌2동94,서울특별시 서대문구 북가좌동3-163,126.9176533,37.5831826,한전주,02-330-1562~3,서울특별시 서대문구청,2025-01-01
북가좌2동613,서울특별시 서대문구 북가좌동316-35,126.9087635,37.5786677,건축물,02-330-1562~3,서울특별시 서대문구청,2025-01-01
북가좌2동602,서울특별시 서대문구 북가좌동316-40,126.9086494,37.5787297,건축물,02-330-1562~3,서울특별시 서대문구청,2025-01-01
북가좌2동95,서울특별시 서대문구 북가좌동3-167,126.9172677,37.5832241,전용주,02-330-1562~3,서울특별시 서대문구청,2025-01-01
북가좌2동10169,서울특별시 서대문구 북가좌동316-9,126.9089921,37.5785166,건축물,02-330-1562~3,서울특별시 서대문구청,2025-01-01
북가좌2동2493,서울특별시 서대문구 북가좌동317-1,126.9075007,37.5798634,건축물,02-330-1562~3,서울특별시 서대문구청,2025-01-01
북가좌2동493,서울특별시 서대문구 북가좌동317-1,126.9075007,37.5798634,한전주,02-330-1562~3,서울특별시 서대문구청,2025-01-01
북가좌2동495,서울특별시 서대문구 북가좌동317-10,126.9076747,37.5795767,건축물,02-330-1562~3,서울특별시 서대문구청,2025-01-01
북가좌2동496,서울특별시 서대문구 북가좌동317-12,126.907879,37.5795425,한전주,02-330-1562~3,서울특별시 서대문구청,2025-01-01
북가좌2동497,서울특별시 서대문구 북가좌동317-14,126.9077442,37.5794692,전용주,02-330-1562~3,서울특별시 서대문구청,2025-01-01
북가좌2동589,서울특별시 서대문구 북가좌동317-17,126.9080278,37.5794267,한전주,02-330-1562~3,서울특별시 서대문구청,2025-01-01
북가좌2동590,서울특별시 서대문구 북가좌동317-19,126.9078821,37.5793263,통신주,02-330-1562~3,서울특별시 서대문구청,2025-01-01
북가좌2동501,서울특별시 서대문구 북가좌동317-21,126.9080748,37.57931,건축물,02-330-1562~3,서울특별시 서대문구청,2025-01-01
북가좌2동776-1,서울특별시 서대문구 북가좌동317-28,126.9081119,37.5790941,건축물,02-330-1562~3,서울특별시 서대문구청,2025-01-01
남가좌2동182-1,서울특별시 서대문구 북가좌동3-176,126.9212569,37.5821704,한전주,02-330-1562~3,서울특별시 서대문구청,2025-01-01
북가좌2동494,서울특별시 서대문구 북가좌동317-9,126.9077751,37.5796767,통신주,02-330-1562~3,서울특별시 서대문구청,2025-01-01
북가좌2동180-1,서울특별시 서대문구 북가좌동3-180,126.9211592,37.5818812,한전주,02-330-1562~3,서울특별시 서대문구청,2025-01-01
북가좌2동486,서울특별시 서대문구 북가좌동318-15,126.9081485,37.580464,한전주,02-330-1562~3,서울특별시 서대문구청,2025-01-01
북가좌2동10112,서울특별시 서대문구 북가좌동318-15,126.9081485,37.580464,건축물,02-330-1562~3,서울특별시 서대문구청,2025-01-01
북가좌2동632,서울특별시 서대문구 북가좌동318-16,126.9082512,37.5804109,한전주,02-330-1562~3,서울특별시 서대문구청,2025-01-01
북가좌2동498,서울특별시 서대문구 북가좌동318-3,126.9080415,37.5800396,건축물,02-330-1562~3,서울특별시 서대문구청,2025-01-01
북가좌2동499,서울특별시 서대문구 북가좌동318-7,126.9081225,37.5799232,건축물,02-330-1562~3,서울특별시 서대문구청,2025-01-01
북가좌2동633,서울특별시 서대문구 북가좌동318-7,126.9081225,37.5799232,한전주,02-330-1562~3,서울특별시 서대문구청,2025-01-01
북가좌2동74,서울특별시 서대문구 북가좌동2-38,126.9176344,37.5821372,건축물,02-330-1562~3,서울특별시 서대문구청,2025-01-01
북가좌2동75-2,서울특별시 서대문구 북가좌동3-191,126.9171811,37.5821691,한전주,02-330-1562~3,서울특별시 서대문구청,2025-01-01
북가좌2동484,서울특별시 서대문구 북가좌동319-16,126.9088333,37.5800919,통신주,02-330-1562~3,서울특별시 서대문구청,2025-01-01
북가좌2동759,서울특별시 서대문구 북가좌동319-17,126.9085252,37.5794764,건축물,02-330-1562~3,서울특별시 서대문구청,2025-01-01
북가좌2동436,서울특별시 서대문구 북가좌동319-2,126.9087918,37.5798303,건축물,02-330-1562~3,서울특별시 서대문구청,2025-01-01
북가좌2동761,서울특별시 서대문구 북가좌동319-22,126.9087373,37.5796856,한전주,02-330-1562~3,서울특별시 서대문구청,2025-01-01
북가좌2동749,서울특별시 서대문구 북가좌동319-24,126.90871,37.5800007,한전주,02-330-1562~3,서울특별시 서대문구청,2025-01-01
북가좌2동500,서울특별시 서대문구 북가좌동319-26,126.9085059,37.5800258,한전주,02-330-1562~3,서울특별시 서대문구청,2025-01-01
북가좌2동595,서울특별시 서대문구 북가좌동319-6,126.9083886,37.5795292,통신주,02-330-1562~3,서울특별시 서대문구청,2025-01-01
북가좌2동8923,서울특별시 서대문구 북가좌동319-8,126.9084419,37.5797549,건축물,02-330-1562~3,서울특별시 서대문구청,2025-01-01
북가좌2동86,서울특별시 서대문구 북가좌동3-198,126.9169112,37.5820405,한전주,02-330-1562~3,서울특별시 서대문구청,2025-01-01
북가좌2동7558,서울특별시 서대문구 북가좌동320-1,126.9085281,37.580828,건축물,02-330-1562~3,서울특별시 서대문구청,2025-01-01
북가좌2동40,서울특별시 서대문구 북가좌동320-11,126.9083504,37.5805921,건축물,02-330-1562~3,서울특별시 서대문구청,2025-01-01
북가좌2동438,서울특별시 서대문구 북가좌동320-22,126.9091482,37.58023,한전주,02-330-1562~3,서울특별시 서대문구청,2025-01-01
북가좌2동609,서울특별시 서대문구 북가좌동320-19,126.9090999,37.5804368,전용주,02-330-1562~3,서울특별시 서대문구청,2025-01-01
북가좌2동114,서울특별시 서대문구 북가좌동3-112,126.9158706,37.5827518,한전주,02-330-1562~3,서울특별시 서대문구청,2025-01-01
북가좌2동114-1,서울특별시 서대문구 북가좌동3-112,126.9158706,37.5827518,한전주,02-330-1562~3,서울특별시 서대문구청,2025-01-01
북가좌2동115,서울특별시 서대문구 북가좌동3-204,126.9156848,37.5830744,한전주,02-330-1562~3,서울특별시 서대문구청,2025-01-01
북가좌2동118,서울특별시 서대문구 북가좌동277-1,126.9151491,37.5833218,한전주,02-330-1562~3,서울특별시 서대문구청,2025-01-01
북가좌2동104,서울특별시 서대문구 북가좌동3-205,126.9163256,37.5818279,건축물,02-330-1562~3,서울특별시 서대문구청,2025-01-01
북가좌2동694,서울특별시 서대문구 북가좌동320-8,126.9086579,37.5804688,한전주,02-330-1562~3,서울특별시 서대문구청,2025-01-01
북가좌2동105,서울특별시 서대문구 북가좌동3-210,126.9165192,37.5817486,한전주,02-330-1562~3,서울특별시 서대문구청,2025-01-01
북가좌2동4076,서울특별시 서대문구 북가좌동321-1,126.9089194,37.581174,한전주,02-330-1562~3,서울특별시 서대문구청,2025-01-01
북가좌2동7046,서울특별시 서대문구 북가좌동321-1,126.9089194,37.581174,건축물,02-330-1562~3,서울특별시 서대문구청,2025-01-01
북가좌2동7058,서울특별시 서대문구 북가좌동321-19,126.9086735,37.5809555,한전주,02-330-1562~3,서울특별시 서대문구청,2025-01-01
북가좌2동480,서울특별시 서대문구 북가좌동321-20,126.9087875,37.5809024,전용주,02-330-1562~3,서울특별시 서대문구청,2025-01-01
북가좌2동482,서울특별시 서대문구 북가좌동321-20,126.9087875,37.5809024,건축물,02-330-1562~3,서울특별시 서대문구청,2025-01-01
북가좌2동453,서울특별시 서대문구 북가좌동321-3,126.9094259,37.580602,한전주,02-330-1562~3,서울특별시 서대문구청,2025-01-01
북가좌2동483,서울특별시 서대문구 북가좌동321-5,126.9091407,37.5807435,한전주,02-330-1562~3,서울특별시 서대문구청,2025-01-01
북가좌2동658,서울특별시 서대문구 북가좌동321-7,126.9094671,37.5808817,한전주,02-330-1562~3,서울특별시 서대문구청,2025-01-01
북가좌2동10124,서울특별시 서대문구 북가좌동321-7,126.9094671,37.5808817,한전주,02-330-1562~3,서울특별시 서대문구청,2025-01-01
북가좌2동1061,서울특별시 서대문구 북가좌동3-218,126.9186776,37.5828135,통신주,02-330-1562~3,서울특별시 서대문구청,2025-01-01
북가좌2동649,서울특별시 서대문구 북가좌동321-9,126.9095928,37.5808018,한전주,02-330-1562~3,서울특별시 서대문구청,2025-01-01
북가좌2동647,서울특별시 서대문구 북가좌동322-2,126.9093795,37.5814485,한전주,02-330-1562~3,서울특별시 서대문구청,2025-01-01
북가좌2동475,서울특별시 서대문구 북가좌동322-17,126.9090768,37.5812475,통신주,02-330-1562~3,서울특별시 서대문구청,2025-01-01
북가좌2동473,서울특별시 서대문구 북가좌동322-23,126.909471,37.5813863,한전주,02-330-1562~3,서울특별시 서대문구청,2025-01-01
북가좌2동657,서울특별시 서대문구 북가좌동322-3,126.9099043,37.5811741,한전주,02-330-1562~3,서울특별시 서대문구청,2025-01-01
북가좌2동12-1,서울특별시 서대문구 북가좌동3-223,126.91598,37.5830141,건축물,02-330-1562~3,서울특별시 서대문구청,2025-01-01
북가좌2동10123,서울특별시 서대문구 북가좌동3-223,126.91598,37.5830141,통신주,02-330-1562~3,서울특별시 서대문구청,2025-01-01
북가좌2동455,서울특별시 서대문구 북가좌동322-5,126.9097374,37.5809743,한전주,02-330-1562~3,서울특별시 서대문구청,2025-01-01
북가좌2동701,서울특별시 서대문구 북가좌동322-6,126.9096099,37.5811804,건축물,02-330-1562~3,서울특별시 서대문구청,2025-01-01
북가좌2동760,서울특별시 서대문구 북가좌동322-8,126.9091535,37.5814194,한전주,02-330-1562~3,서울특별시 서대문구청,2025-01-01
북가좌2동49,서울특별시 서대문구 북가좌동3-234,126.9188966,37.5825452,한전주,02-330-1562~3,서울특별시 서대문구청,2025-01-01
북가좌2동673,서울특별시 서대문구 북가좌동324-10,126.9115393,37.5816307,통신주,02-330-1562~3,서울특별시 서대문구청,2025-01-01
북가좌2동751,서울특별시 서대문구 북가좌동324-13,126.9112017,37.5814924,건축물,02-330-1562~3,서울특별시 서대문구청,2025-01-01
북가좌2동510,서울특별시 서대문구 북가좌동324-18,126.9102773,37.5819974,건축물,02-330-1562~3,서울특별시 서대문구청,2025-01-01
북가좌2동511,서울특별시 서대문구 북가좌동324-18,126.9102773,37.5819974,건축물,02-330-1562~3,서울특별시 서대문구청,2025-01-01
북가좌2동61,서울특별시 서대문구 북가좌동3-242,126.9183721,37.5828017,한전주,02-330-1562~3,서울특별시 서대문구청,2025-01-01
북가좌2동693,서울특별시 서대문구 북가좌동324-25,126.9113282,37.5813584,건축물,02-330-1562~3,서울특별시 서대문구청,2025-01-01
북가좌2동512,서울특별시 서대문구 북가좌동324-3,126.9105702,37.5820993,한전주,02-330-1562~3,서울특별시 서대문구청,2025-01-01
북가좌2동734,서울특별시 서대문구 북가좌동324-38,126.9101285,37.5821042,전용주,02-330-1562~3,서울특별시 서대문구청,2025-01-01
북가좌2동4004-2,서울특별시 서대문구 북가좌동324-47,126.9101879,37.5819155,통신주,02-330-1562~3,서울특별시 서대문구청,2025-01-01
북가좌2동55,서울특별시 서대문구 북가좌동3-245,126.919159,37.5831874,한전주,02-330-1562~3,서울특별시 서대문구청,2025-01-01
북가좌2동596,서울특별시 서대문구 북가좌동324-6,126.9110278,37.5817701,건축물,02-330-1562~3,서울특별시 서대문구청,2025-01-01
북가좌2동670,서울특별시 서대문구 북가좌동324-6,126.9110278,37.5817701,전용주,02-330-1562~3,서울특별시 서대문구청,2025-01-01
북가좌2동1076,서울특별시 서대문구 북가좌동324-6,126.9110278,37.5817701,건축물,02-330-1562~3,서울특별시 서대문구청,2025-01-01
북가좌2동514,서울특별시 서대문구 북가좌동324-8,126.9112791,37.5816192,한전주,02-330-1562~3,서울특별시 서대문구청,2025-01-01
북가좌2동516,서울특별시 서대문구 북가좌동325-12,126.9116591,37.5819561,한전주,02-330-1562~3,서울특별시 서대문구청,2025-01-01
북가좌2동513,서울특별시 서대문구 북가좌동325-18,126.9110453,37.5821217,한전주,02-330-1562~3,서울특별시 서대문구청,2025-01-01
북가좌2동636,서울특별시 서대문구 북가좌동3-252,126.9163633,37.5823508,한전주,02-330-1562~3,서울특별시 서대문구청,2025-01-01
북가좌2동505,서울특별시 서대문구 북가좌동325-20,126.9104749,37.5824228,한전주,02-330-1562~3,서울특별시 서대문구청,2025-01-01
북가좌2동509,서울특별시 서대문구 북가좌동325-20,126.9104749,37.5824228,한전주,02-330-1562~3,서울특별시 서대문구청,2025-01-01
북가좌2동1518,서울특별시 서대문구 북가좌동325-25,126.9111678,37.582267,건축물,02-330-1562~3,서울특별시 서대문구청,2025-01-01
북가좌2동519,서울특별시 서대문구 북가좌동325-3,126.9110302,37.5823828,한전주,02-330-1562~3,서울특별시 서대문구청,2025-01-01
북가좌2동517,서울특별시 서대문구 북가좌동325-31,126.9116677,37.5821454,한전주,02-330-1562~3,서울특별시 서대문구청,2025-01-01
북가좌2동712,서울특별시 서대문구 북가좌동325-33,126.9115787,37.5820365,건축물,02-330-1562~3,서울특별시 서대문구청,2025-01-01
북가좌2동502,서울특별시 서대문구 북가좌동325-37,126.9105747,37.5825678,전용주,02-330-1562~3,서울특별시 서대문구청,2025-01-01
북가좌2동522,서울특별시 서대문구 북가좌동325-40,126.9108236,37.5825791,한전주,02-330-1562~3,서울특별시 서대문구청,2025-01-01
북가좌2동702,서울특별시 서대문구 북가좌동325-8,126.912021,37.5819865,한전주,02-330-1562~3,서울특별시 서대문구청,2025-01-01
북가좌2동515,서울특별시 서대문구 북가좌동326-10,126.9120697,37.5817527,한전주,02-330-1562~3,서울특별시 서대문구청,2025-01-01
북가좌2동533,서울특별시 서대문구 북가좌동326-15,126.9118587,37.5814714,한전주,02-330-1562~3,서울특별시 서대문구청,2025-01-01
북가좌2동534,서울특별시 서대문구 북가좌동326-8,126.9117254,37.58129,한전주,02-330-1562~3,서울특별시 서대문구청,2025-01-01
북가좌2동532,서울특별시 서대문구 북가좌동327-10,126.9123253,37.5820794,한전주,02-330-1562~3,서울특별시 서대문구청,2025-01-01
북가좌2동746-1,서울특별시 서대문구 북가좌동327-10,126.9123253,37.5820794,건축물,02-330-1562~3,서울특별시 서대문구청,2025-01-01
북가좌2동746-2,서울특별시 서대문구 북가좌동327-13,126.9127101,37.582092,건축물,02-330-1562~3,서울특별시 서대문구청,2025-01-01
북가좌2동531,서울특별시 서대문구 북가좌동327-14,126.9125371,37.5823066,한전주,02-330-1562~3,서울특별시 서대문구청,2025-01-01
북가좌2동5032,서울특별시 서대문구 북가좌동327-9,126.9125617,37.5821717,건축물,02-330-1562~3,서울특별시 서대문구청,2025-01-01
북가좌2동524,서울특별시 서대문구 북가좌동328-1,126.9110189,37.5831576,한전주,02-330-1562~3,서울특별시 서대문구청,2025-01-01
북가좌2동772,서울특별시 서대문구 북가좌동328-1,126.9110189,37.5831576,통신주,02-330-1562~3,서울특별시 서대문구청,2025-01-01
북가좌2동9968,서울특별시 서대문구 북가좌동328-1,126.9110189,37.5831576,전용주,02-330-1562~3,서울특별시 서대문구청,2025-01-01
북가좌2동528,서울특별시 서대문구 북가좌동328-11,126.9118647,37.5826158,한전주,02-330-1562~3,서울특별시 서대문구청,2025-01-01
북가좌2동5030,서울특별시 서대문구 북가좌동328-12,126.9120487,37.5824192,건축물,02-330-1562~3,서울특별시 서대문구청,2025-01-01
북가좌2동771,서울특별시 서대문구 북가좌동328-14,126.9122544,37.582286,한전주,02-330-1562~3,서울특별시 서대문구청,2025-01-01
북가좌2동769,서울특별시 서대문구 북가좌동328-18,126.9120522,37.582176,통신주,02-330-1562~3,서울특별시 서대문구청,2025-01-01
북가좌2동662,서울특별시 서대문구 북가좌동328-20,126.9116036,37.5826584,건축물,02-330-1562~3,서울특별시 서대문구청,2025-01-01
북가좌2동27-1,서울특별시 서대문구 북가좌동328-21,126.9113647,37.5827373,건축물,02-330-1562~3,서울특별시 서대문구청,2025-01-01
북가좌2동521,서울특별시 서대문구 북가좌동328-30,126.9109759,37.583004,한전주,02-330-1562~3,서울특별시 서대문구청,2025-01-01
북가좌2동520,서울특별시 서대문구 북가좌동328-37,126.9111511,37.5826362,통신주,02-330-1562~3,서울특별시 서대문구청,2025-01-01
북가좌2동526,서울특별시 서대문구 북가좌동328-4,126.9112819,37.5829798,한전주,02-330-1562~3,서울특별시 서대문구청,2025-01-01
북가좌2동752,서울특별시 서대문구 북가좌동328-51,126.9118799,37.5823456,한전주,02-330-1562~3,서울특별시 서대문구청,2025-01-01
북가좌2동671,서울특별시 서대문구 북가좌동328-57,126.9106725,37.5828481,통신주,02-330-1562~3,서울특별시 서대문구청,2025-01-01
북가좌2동773,서울특별시 서대문구 북가좌동328-57,126.9106725,37.5828481,전용주,02-330-1562~3,서울특별시 서대문구청,2025-01-01
북가좌2동527,서울특별시 서대문구 북가좌동328-6,126.9114765,37.5828375,한전주,02-330-1562~3,서울특별시 서대문구청,2025-01-01
북가좌2동530,서울특별시 서대문구 북가좌동329-12,126.9123184,37.5825569,통신주,02-330-1562~3,서울특별시 서대문구청,2025-01-01
북가좌2동736,서울특별시 서대문구 북가좌동329-16,126.9124099,37.5824947,전용주,02-330-1562~3,서울특별시 서대문구청,2025-01-01
북가좌2동1528,서울특별시 서대문구 북가좌동329-22,126.9119526,37.5827968,한전주,02-330-1562~3,서울특별시 서대문구청,2025-01-01
북가좌2동1527,서울특별시 서대문구 북가좌동329-30,126.9117012,37.5829567,통신주,02-330-1562~3,서울특별시 서대문구청,2025-01-01
북가좌2동672,서울특별시 서대문구 북가좌동329-31,126.9118127,37.5830748,건축물,02-330-1562~3,서울특별시 서대문구청,2025-01-01
북가좌2동29-1,서울특별시 서대문구 북가좌동329-42,126.9120326,37.5827435,건축물,02-330-1562~3,서울특별시 서대문구청,2025-01-01
북가좌2동619,서울특별시 서대문구 북가좌동330-8,126.9126675,37.5834611,건축물,02-330-1562~3,서울특별시 서대문구청,2025-01-01
북가좌2동541,서울특별시 서대문구 북가좌동331-11,126.9121955,37.5839974,한전주,02-330-1562~3,서울특별시 서대문구청,2025-01-01
북가좌2동548,서울특별시 서대문구 북가좌동331-15,126.9121576,37.5842674,전용주,02-330-1562~3,서울특별시 서대문구청,2025-01-01
북가좌2동549,서울특별시 서대문구 북가좌동331-22,126.9126444,37.5842718,건축물,02-330-1562~3,서울특별시 서대문구청,2025-01-01
북가좌2동608,서울특별시 서대문구 북가좌동331-27,126.9125341,37.5840726,한전주,02-330-1562~3,서울특별시 서대문구청,2025-01-01
북가좌2동10111,서울특별시 서대문구 북가좌동331-27,126.9125341,37.5840726,건축물,02-330-1562~3,서울특별시 서대문구청,2025-01-01
북가좌2동5040,서울특별시 서대문구 북가좌동331-29,126.9125153,37.5838111,전용주,02-330-1562~3,서울특별시 서대문구청,2025-01-01
북가좌2동550,서울특별시 서대문구 북가좌동331-5,126.9126935,37.584011,전용주,02-330-1562~3,서울특별시 서대문구청,2025-01-01
북가좌2동551,서울특별시 서대문구 북가좌동332-5,126.9129579,37.5837341,한전주,02-330-1562~3,서울특별시 서대문구청,2025-01-01
북가좌2동539,서울특별시 서대문구 북가좌동332-7,126.9127902,37.5835884,한전주,02-330-1562~3,서울특별시 서대문구청,2025-01-01
북가좌2동53,서울특별시 서대문구 북가좌동3-33,126.9199867,37.582321,전용주,02-330-1562~3,서울특별시 서대문구청,2025-01-01
북가좌2동538,서울특별시 서대문구 북가좌동333-6,126.9131717,37.5830513,한전주,02-330-1562~3,서울특별시 서대문구청,2025-01-01
북가좌2동537,서울특별시 서대문구 북가좌동333-8,126.9127067,37.5831011,한전주,02-330-1562~3,서울특별시 서대문구청,2025-01-01
북가좌2동507,서울특별시 서대문구 북가좌동334-12,126.9138552,37.584319,한전주,02-330-1562~3,서울특별시 서대문구청,2025-01-01
북가좌2동552,서울특별시 서대문구 북가좌동334-12,126.9138552,37.584319,한전주,02-330-1562~3,서울특별시 서대문구청,2025-01-01
북가좌2동588,서울특별시 서대문구 북가좌동335-1,126.9154048,37.5859822,건축물,02-330-1562~3,서울특별시 서대문구청,2025-01-01
북가좌2동604,서울특별시 서대문구 북가좌동335-12,126.9145444,37.5851994,한전주,02-330-1562~3,서울특별시 서대문구청,2025-01-01
북가좌2동605,서울특별시 서대문구 북가좌동335-16,126.914795,37.5850936,한전주,02-330-1562~3,서울특별시 서대문구청,2025-01-01
북가좌2동732,서울특별시 서대문구 북가좌동335-19,126.9144104,37.585072,한전주,02-330-1562~3,서울특별시 서대문구청,2025-01-01
북가좌2동582,서울특별시 서대문구 북가좌동335-28,126.9147346,37.5853543,통신주,02-330-1562~3,서울특별시 서대문구청,2025-01-01
북가좌2동703-1,서울특별시 서대문구 북가좌동335-5,126.9148447,37.5855716,전용주,02-330-1562~3,서울특별시 서대문구청,2025-01-01
북가좌2동792,서울특별시 서대문구 북가좌동335-5,126.9148447,37.5855716,한전주,02-330-1562~3,서울특별시 서대문구청,2025-01-01
북가좌2동7,서울특별시 서대문구 북가좌동3-36,126.9194644,37.5824243,한전주,02-330-1562~3,서울특별시 서대문구청,2025-01-01
북가좌2동8,서울특별시 서대문구 북가좌동3-36,126.9194644,37.5824243,한전주,02-330-1562~3,서울특별시 서대문구청,2025-01-01
북가좌2동735,서울특별시 서대문구 북가좌동3-36,126.9194644,37.5824243,한전주,02-330-1562~3,서울특별시 서대문구청,2025-01-01
북가좌2동579,서울특별시 서대문구 북가좌동336-19,126.9143843,37.585306,한전주,02-330-1562~3,서울특별시 서대문구청,2025-01-01
북가좌2동741,서울특별시 서대문구 북가좌동336-25,126.9141203,37.5855559,건축물,02-330-1562~3,서울특별시 서대문구청,2025-01-01
북가좌2동768,서울특별시 서대문구 북가좌동309-12,126.911493,37.5809274,통신주,02-330-1562~3,서울특별시 서대문구청,2025-01-01
북가좌2동584,서울특별시 서대문구 북가좌동336-33,126.9149499,37.5861222,전용주,02-330-1562~3,서울특별시 서대문구청,2025-01-01
북가좌2동587,서울특별시 서대문구 북가좌동336-33,126.9149499,37.5861222,건축물,02-330-1562~3,서울특별시 서대문구청,2025-01-01
북가좌2동586,서울특별시 서대문구 북가좌동336-34,126.9148026,37.5861298,한전주,02-330-1562~3,서울특별시 서대문구청,2025-01-01
북가좌2동574,서울특별시 서대문구 북가좌동336-36,126.9145861,37.5862269,한전주,02-330-1562~3,서울특별시 서대문구청,2025-01-01
북가좌2동1558,서울특별시 서대문구 북가좌동336-47,126.9139541,37.5853021,건축물,02-330-1562~3,서울특별시 서대문구청,2025-01-01
북가좌2동583,서울특별시 서대문구 북가좌동336-7,126.9143783,37.5857204,건축물,02-330-1562~3,서울특별시 서대문구청,2025-01-01
북가좌2동581,서울특별시 서대문구 북가좌동336-9,126.914539,37.5855687,한전주,02-330-1562~3,서울특별시 서대문구청,2025-01-01
북가좌2동556,서울특별시 서대문구 북가좌동337-1,126.9141166,37.5850333,한전주,02-330-1562~3,서울특별시 서대문구청,2025-01-01
북가좌2동1-12,서울특별시 서대문구 북가좌동337-15,126.9137249,37.5847143,건축물,02-330-1562~3,서울특별시 서대문구청,2025-01-01
북가좌2동794,서울특별시 서대문구 북가좌동337-15,126.9137249,37.5847143,전용주,02-330-1562~3,서울특별시 서대문구청,2025-01-01
북가좌2동561,서울특별시 서대문구 북가좌동337-19,126.9134882,37.58464,전용주,02-330-1562~3,서울특별시 서대문구청,2025-01-01
북가좌2동555,서울특별시 서대문구 북가좌동337-3,126.9141073,37.584889,한전주,02-330-1562~3,서울특별시 서대문구청,2025-01-01
북가좌2동557,서울특별시 서대문구 북가좌동337-37,126.9138665,37.585103,한전주,02-330-1562~3,서울특별시 서대문구청,2025-01-01
북가좌2동1-11,서울특별시 서대문구 북가좌동337-4,126.913984,37.5848068,전용주,02-330-1562~3,서울특별시 서대문구청,2025-01-01
북가좌2동553,서울특별시 서대문구 북가좌동337-6,126.9138176,37.584571,한전주,02-330-1562~3,서울특별시 서대문구청,2025-01-01
북가좌2동558,서울특별시 서대문구 북가좌동338-1,126.9136497,37.5852182,한전주,02-330-1562~3,서울특별시 서대문구청,2025-01-01
북가좌2동684,서울특별시 서대문구 북가좌동338-15,126.9130476,37.5845729,건축물,02-330-1562~3,서울특별시 서대문구청,2025-01-01
북가좌2동563,서울특별시 서대문구 북가좌동338-19,126.9127736,37.5847326,전용주,02-330-1562~3,서울특별시 서대문구청,2025-01-01
북가좌2동624,서울특별시 서대문구 북가좌동338-19,126.9127736,37.5847326,전용주,02-330-1562~3,서울특별시 서대문구청,2025-01-01
북가좌2동627,서울특별시 서대문구 북가좌동338-19,126.9127736,37.5847326,전용주,02-330-1562~3,서울특별시 서대문구청,2025-01-01
북가좌2동724,서울특별시 서대문구 북가좌동338-19,126.9127736,37.5847326,건축물,02-330-1562~3,서울특별시 서대문구청,2025-01-01
북가좌2동725,서울특별시 서대문구 북가좌동338-19,126.9127736,37.5847326,건축물,02-330-1562~3,서울특별시 서대문구청,2025-01-01
북가좌2동726,서울특별시 서대문구 북가좌동338-19,126.9127736,37.5847326,건축물,02-330-1562~3,서울특별시 서대문구청,2025-01-01
북가좌2동9442,서울특별시 서대문구 북가좌동338-19,126.9127736,37.5847326,건축물,02-330-1562~3,서울특별시 서대문구청,2025-01-01
북가좌2동559,서울특별시 서대문구 북가좌동338-4,126.9134261,37.5850179,전용주,02-330-1562~3,서울특별시 서대문구청,2025-01-01
북가좌2동560,서울특별시 서대문구 북가좌동338-9,126.9133507,37.5847559,전용주,02-330-1562~3,서울특별시 서대문구청,2025-01-01
북가좌2동50,서울특별시 서대문구 북가좌동3-39,126.9194942,37.5827129,한전주,02-330-1562~3,서울특별시 서대문구청,2025-01-01
북가좌2동51,서울특별시 서대문구 북가좌동3-39,126.9194942,37.5827129,한전주,02-330-1562~3,서울특별시 서대문구청,2025-01-01
북가좌2동10139,서울특별시 서대문구 북가좌동339-12,126.9139017,37.5857972,건축물,02-330-1562~3,서울특별시 서대문구청,2025-01-01
북가좌2동577,서울특별시 서대문구 북가좌동339-15,126.9138701,37.5856347,한전주,02-330-1562~3,서울특별시 서대문구청,2025-01-01
북가좌2동578,서울특별시 서대문구 북가좌동339-16,126.9138719,37.5855085,건축물,02-330-1562~3,서울특별시 서대문구청,2025-01-01
북가좌2동567,서울특별시 서대문구 북가좌동339-24,126.9135188,37.5856495,한전주,02-330-1562~3,서울특별시 서대문구청,2025-01-01
북가좌2동568,서울특별시 서대문구 북가좌동339-26,126.913685,37.5859033,한전주,02-330-1562~3,서울특별시 서대문구청,2025-01-01
북가좌2동682,서울특별시 서대문구 북가좌동339-3,126.91429,37.5863413,건축물,02-330-1562~3,서울특별시 서대문구청,2025-01-01
북가좌2동600,서울특별시 서대문구 북가좌동339-30,126.9142537,37.5865032,건축물,02-330-1562~3,서울특별시 서대문구청,2025-01-01
북가좌2동8934,서울특별시 서대문구 북가좌동339-32,126.913998,37.5861765,전용주,02-330-1562~3,서울특별시 서대문구청,2025-01-01
북가좌2동569,서울특별시 서대문구 북가좌동339-36,126.9137847,37.5860574,한전주,02-330-1562~3,서울특별시 서대문구청,2025-01-01
북가좌2동576,서울특별시 서대문구 북가좌동339-40,126.9140919,37.5859521,한전주,02-330-1562~3,서울특별시 서대문구청,2025-01-01
북가좌2동570,서울특별시 서대문구 북가좌동339-6,126.9140193,37.5862758,한전주,02-330-1562~3,서울특별시 서대문구청,2025-01-01
북가좌2동574-1,서울특별시 서대문구 북가좌동339-8,126.9142474,37.5861607,한전주,02-330-1562~3,서울특별시 서대문구청,2025-01-01
북가좌2동756,서울특별시 서대문구 북가좌동3-40,126.9193292,37.5831619,한전주,02-330-1562~3,서울특별시 서대문구청,2025-01-01
북가좌2동571,서울특별시 서대문구 북가좌동340-1,126.9139121,37.5866352,한전주,02-330-1562~3,서울특별시 서대문구청,2025-01-01
북가좌2동573,서울특별시 서대문구 북가좌동340-14,126.9136494,37.586795,한전주,02-330-1562~3,서울특별시 서대문구청,2025-01-01
북가좌2동572,서울특별시 서대문구 북가좌동340-16,126.91364,37.5866597,한전주,02-330-1562~3,서울특별시 서대문구청,2025-01-01
북가좌2동681,서울특별시 서대문구 북가좌동340-39,126.9131095,37.5857718,건축물,02-330-1562~3,서울특별시 서대문구청,2025-01-01
북가좌2동565,서울특별시 서대문구 북가좌동340-43,126.913043,37.5856721,전용주,02-330-1562~3,서울특별시 서대문구청,2025-01-01
북가좌2동564,서울특별시 서대문구 북가좌동341-1,126.9131252,37.5854656,한전주,02-330-1562~3,서울특별시 서대문구청,2025-01-01
북가좌2동5065,서울특별시 서대문구 북가좌동341-17,126.9127641,37.5853812,한전주,02-330-1562~3,서울특별시 서대문구청,2025-01-01
북가좌2동562,서울특별시 서대문구 북가좌동341-26,126.9126555,37.5850649,건축물,02-330-1562~3,서울특별시 서대문구청,2025-01-01
북가좌2동56,서울특별시 서대문구 북가좌동3-42,126.9190215,37.5833032,한전주,02-330-1562~3,서울특별시 서대문구청,2025-01-01
북가좌2동545,서울특별시 서대문구 북가좌동342-10,126.9116146,37.5842353,건축물,02-330-1562~3,서울특별시 서대문구청,2025-01-01
북가좌2동544,서울특별시 서대문구 북가좌동342-13,126.9113349,37.5840075,건축물,02-330-1562~3,서울특별시 서대문구청,2025-01-01
북가좌2동651,서울특별시 서대문구 북가좌동342-15,126.9113102,37.5841514,건축물,02-330-1562~3,서울특별시 서대문구청,2025-01-01
북가좌2동546,서울특별시 서대문구 북가좌동342-18,126.9115666,37.5844241,한전주,02-330-1562~3,서울특별시 서대문구청,2025-01-01
북가좌2동542,서울특별시 서대문구 북가좌동342-4,126.9118066,37.5842731,한전주,02-330-1562~3,서울특별시 서대문구청,2025-01-01
북가좌2동543,서울특별시 서대문구 북가좌동342-8,126.9114836,37.5839007,한전주,02-330-1562~3,서울특별시 서대문구청,2025-01-01
북가좌2동606,서울특별시 서대문구 북가좌동343-18,126.9106105,37.5832169,건축물,02-330-1562~3,서울특별시 서대문구청,2025-01-01
북가좌2동523,서울특별시 서대문구 북가좌동343-20,126.9107133,37.5831548,한전주,02-330-1562~3,서울특별시 서대문구청,2025-01-01
북가좌2동525,서울특별시 서대문구 북가좌동343-21,126.91097,37.5834094,한전주,02-330-1562~3,서울특별시 서대문구청,2025-01-01
북가좌2동713,서울특별시 서대문구 북가좌동343-3,126.9107333,37.5833352,통신주,02-330-1562~3,서울특별시 서대문구청,2025-01-01
북가좌2동6006,서울특별시 서대문구 북가좌동343-4,126.9104987,37.5831168,건축물,02-330-1562~3,서울특별시 서대문구청,2025-01-01
북가좌2동506,서울특별시 서대문구 북가좌동344-14,126.9102436,37.582754,한전주,02-330-1562~3,서울특별시 서대문구청,2025-01-01
북가좌2동508,서울특별시 서대문구 북가좌동344-17,126.9097352,37.5826772,건축물,02-330-1562~3,서울특별시 서대문구청,2025-01-01
북가좌2동504,서울특별시 서대문구 북가좌동344-27,126.909662,37.5822621,통신주,02-330-1562~3,서울특별시 서대문구청,2025-01-01
북가좌2동10058,서울특별시 서대문구 북가좌동344-27,126.909662,37.5822621,통신주,02-330-1562~3,서울특별시 서대문구청,2025-01-01
북가좌2동1479,서울특별시 서대문구 북가좌동345-1,126.9091324,37.582095,건축물,02-330-1562~3,서울특별시 서대문구청,2025-01-01
북가좌2동478,서울특별시 서대문구 북가좌동345-32,126.9087997,37.5816144,통신주,02-330-1562~3,서울특별시 서대문구청,2025-01-01
북가좌2동2607,서울특별시 서대문구 북가좌동345-34,126.9089783,37.5817872,통신주,02-330-1562~3,서울특별시 서대문구청,2025-01-01
북가좌2동479,서울특별시 서대문구 북가좌동345-35,126.9090676,37.5818781,건축물,02-330-1562~3,서울특별시 서대문구청,2025-01-01
북가좌2동706,서울특별시 서대문구 북가좌동345-39,126.9094288,37.5819536,전용주,02-330-1562~3,서울특별시 서대문구청,2025-01-01
북가좌2동10124-1,서울특별시 서대문구 북가좌동345-39,126.9094288,37.5819536,한전주,02-330-1562~3,서울특별시 서대문구청,2025-01-01
북가좌2동646,서울특별시 서대문구 북가좌동345-40,126.9093283,37.5818535,한전주,02-330-1562~3,서울특별시 서대문구청,2025-01-01
북가좌2동472,서울특별시 서대문구 북가좌동345-42,126.9091497,37.5816807,한전주,02-330-1562~3,서울특별시 서대문구청,2025-01-01
북가좌2동476,서울특별시 서대문구 북가좌동345-44,126.9089599,37.5814987,한전주,02-330-1562~3,서울특별시 서대문구청,2025-01-01
북가좌2동346,서울특별시 서대문구 북가좌동346-11,126.9081562,37.5807164,한전주,02-330-1562~3,서울특별시 서대문구청,2025-01-01
북가좌2동7558-1,서울특별시 서대문구 북가좌동346-19,126.9083901,37.5809799,전용주,02-330-1562~3,서울특별시 서대문구청,2025-01-01
북가좌2동485,서울특별시 서대문구 북가좌동346-5,126.9080534,37.5807785,건축물,02-330-1562~3,서울특별시 서대문구청,2025-01-01
북가좌2동674,서울특별시 서대문구 북가좌동346-7,126.9083533,37.5811687,건축물,02-330-1562~3,서울특별시 서대문구청,2025-01-01
북가좌2동758,서울특별시 서대문구 북가좌동346-8,126.9085467,37.5811075,통신주,02-330-1562~3,서울특별시 서대문구청,2025-01-01
북가좌2동57,서울특별시 서대문구 북가좌동3-47,126.9184689,37.583154,한전주,02-330-1562~3,서울특별시 서대문구청,2025-01-01
북가좌2동683,서울특별시 서대문구 북가좌동347-20,126.9078175,37.5806502,통신주,02-330-1562~3,서울특별시 서대문구청,2025-01-01
북가좌2동491,서울특별시 서대문구 북가좌동347-29,126.9070575,37.5799764,건축물,02-330-1562~3,서울특별시 서대문구청,2025-01-01
북가좌2동489,서울특별시 서대문구 북가좌동347-34,126.9075372,37.5804584,한전주,02-330-1562~3,서울특별시 서대문구청,2025-01-01
북가좌2동488,서울특별시 서대문구 북가좌동347-38,126.9075749,37.5802064,건축물,02-330-1562~3,서울특별시 서대문구청,2025-01-01
북가좌2동487,서울특별시 서대문구 북가좌동347-44,126.9078659,37.5804344,한전주,02-330-1562~3,서울특별시 서대문구청,2025-01-01
북가좌2동733,서울특별시 서대문구 북가좌동3-49,126.9181769,37.5829892,한전주,02-330-1562~3,서울특별시 서대문구청,2025-01-01
북가좌2동493-1,서울특별시 서대문구 북가좌동350-4,126.9039967,37.5771548,한전주,02-330-1562~3,서울특별시 서대문구청,2025-01-01
북가좌2동128,서울특별시 서대문구 북가좌동351-21,126.9153619,37.5842608,한전주,02-330-1562~3,서울특별시 서대문구청,2025-01-01
북가좌2동122-1,서울특별시 서대문구 북가좌동351-25,126.9155447,37.5841454,한전주,02-330-1562~3,서울특별시 서대문구청,2025-01-01
북가좌2동62,서울특별시 서대문구 북가좌동3-52,126.9187206,37.5829671,한전주,02-330-1562~3,서울특별시 서대문구청,2025-01-01
북가좌2동9626,서울특별시 서대문구 북가좌동3-53,126.9188804,37.5828785,전용주,02-330-1562~3,서울특별시 서대문구청,2025-01-01
북가좌2동9625,서울특별시 서대문구 북가좌동3-54,126.9190402,37.5827898,전용주,02-330-1562~3,서울특별시 서대문구청,2025-01-01
북가좌2동60,서울특별시 서대문구 북가좌동3-58,126.9179987,37.5827803,한전주,02-330-1562~3,서울특별시 서대문구청,2025-01-01
북가좌2동10158,서울특별시 서대문구 북가좌동3-60,126.9182045,37.582647,통신주,02-330-1562~3,서울특별시 서대문구청,2025-01-01
북가좌2동64,서울특별시 서대문구 북가좌동3-66,126.9183879,37.5824865,한전주,02-330-1562~3,서울특별시 서대문구청,2025-01-01
북가좌2동65,서울특별시 서대문구 북가좌동3-68,126.9180488,37.5824474,한전주,02-330-1562~3,서울특별시 서대문구청,2025-01-01
북가좌2동63,서울특별시 서대문구 북가좌동3-68,126.9180488,37.5824474,한전주,02-330-1562~3,서울특별시 서대문구청,2025-01-01
북가좌2동64-1,서울특별시 서대문구 북가좌동3-68,126.9180488,37.5824474,한전주,02-330-1562~3,서울특별시 서대문구청,2025-01-01
북가좌2동66,서울특별시 서대문구 북가좌동3-68,126.9180488,37.5824474,한전주,02-330-1562~3,서울특별시 서대문구청,2025-01-01
북가좌2동46,서울특별시 서대문구 북가좌동369-22,126.9058673,37.5777488,전용주,02-330-1562~3,서울특별시 서대문구청,2025-01-01
북가좌2동36,서울특별시 서대문구 북가좌동369-24,126.9061366,37.5779135,전용주,02-330-1562~3,서울특별시 서대문구청,2025-01-01
북가좌2동91,서울특별시 서대문구 북가좌동3-70,126.9171671,37.5831331,한전주,02-330-1562~3,서울특별시 서대문구청,2025-01-01
북가좌2동78-1,서울특별시 서대문구 북가좌동373-1,126.9053794,37.5770505,전용주,02-330-1562~3,서울특별시 서대문구청,2025-01-01
북가좌2동59-1,서울특별시 서대문구 북가좌동374-1,126.9056799,37.5774047,전용주,02-330-1562~3,서울특별시 서대문구청,2025-01-01
북가좌2동483-1,서울특별시 서대문구 북가좌동375-8,126.9062989,37.5776537,건축물,02-330-1562~3,서울특별시 서대문구청,2025-01-01
북가좌2동90,서울특별시 서대문구 북가좌동3-78,126.9169442,37.5828878,한전주,02-330-1562~3,서울특별시 서대문구청,2025-01-01
북가좌2동92,서울특별시 서대문구 북가좌동3-81,126.9174524,37.5829825,한전주,02-330-1562~3,서울특별시 서대문구청,2025-01-01
북가좌2동84,서울특별시 서대문구 북가좌동3-82,126.9176795,37.5829305,한전주,02-330-1562~3,서울특별시 서대문구청,2025-01-01
북가좌2동77-1,서울특별시 서대문구 북가좌동3-84,126.917296,37.5828369,건축물,02-330-1562~3,서울특별시 서대문구청,2025-01-01
북가좌2동10054,서울특별시 서대문구 북가좌동3-85,126.9171042,37.5827901,건축물,02-330-1562~3,서울특별시 서대문구청,2025-01-01
북가좌2동10137,서울특별시 서대문구 북가좌동385-15,126.9065824,37.5753047,한전주,02-330-1562~3,서울특별시 서대문구청,2025-01-01
북가좌2동87,서울특별시 서대문구 북가좌동3-88,126.9167686,37.5825077,한전주,02-330-1562~3,서울특별시 서대문구청,2025-01-01
북가좌2동86-1,서울특별시 서대문구 북가좌동3-89,126.916983,37.5825547,한전주,02-330-1562~3,서울특별시 서대문구청,2025-01-01
북가좌2동85,서울특별시 서대문구 북가좌동3-93,126.9175808,37.5827134,한전주,02-330-1562~3,서울특별시 서대문구청,2025-01-01
북가좌2동653,서울특별시 서대문구 북가좌동3-93,126.9175808,37.5827134,건축물,02-330-1562~3,서울특별시 서대문구청,2025-01-01
북가좌2동93-1,서울특별시 서대문구 북가좌동3-96,126.9175154,37.5825416,전용주,02-330-1562~3,서울특별시 서대문구청,2025-01-01
북가좌2동1-8,서울특별시 서대문구 북가좌동413-59,126.9043906,37.5765458,한전주,02-330-1562~3,서울특별시 서대문구청,2025-01-01
북가좌2동9972,서울특별시 서대문구 북가좌동424-41,126.9120699,37.5762924,건축물,02-330-1562~3,서울특별시 서대문구청,2025-01-01
북가좌2동415,서울특별시 서대문구 북가좌동424-53,126.9114756,37.5766744,한전주,02-330-1562~3,서울특별시 서대문구청,2025-01-01
북가좌2동10024,서울특별시 서대문구 북가좌동424-9,126.9118844,37.5765881,건축물,02-330-1562~3,서울특별시 서대문구청,2025-01-01
북가좌2동663,서울특별시 서대문구 북가좌동448-1,126.9156023,37.5848577,한전주,02-330-1562~3,서울특별시 서대문구청,2025-01-01
북가좌2동664,서울특별시 서대문구 북가좌동448-2,126.9156259,37.5847948,통신주,02-330-1562~3,서울특별시 서대문구청,2025-01-01
북가좌2동131,서울특별시 서대문구 북가좌동448-7,126.9156074,37.5845063,한전주,02-330-1562~3,서울특별시 서대문구청,2025-01-01
북가좌2동132,서울특별시 서대문구 북가좌동455-2,126.9152208,37.5846199,한전주,02-330-1562~3,서울특별시 서대문구청,2025-01-01
북가좌2동128-1,서울특별시 서대문구 북가좌동455-5,126.9152666,37.5845843,한전주,02-330-1562~3,서울특별시 서대문구청,2025-01-01
북가좌2동445,서울특별시 서대문구 북가좌동507-1,126.9138491,37.5730471,한전주,02-330-1562~3,서울특별시 서대문구청,2025-01-01
북가좌2동10148,서울특별시 서대문구 북가좌동5-106,126.9179085,37.5811937,전용주,02-330-1562~3,서울특별시 서대문구청,2025-01-01
북가좌2동10077,서울특별시 서대문구 북가좌동5-110,126.9173446,37.5810443,한전주,02-330-1562~3,서울특별시 서대문구청,2025-01-01
북가좌2동167,서울특별시 서대문구 북가좌동5-111,126.9167011,37.5809123,한전주,02-330-1562~3,서울특별시 서대문구청,2025-01-01
북가좌2동166,서울특별시 서대문구 북가좌동5-115,126.9161112,37.580997,한전주,02-330-1562~3,서울특별시 서대문구청,2025-01-01
북가좌2동172,서울특별시 서대문구 북가좌동5-116,126.9161021,37.5808437,건축물,02-330-1562~3,서울특별시 서대문구청,2025-01-01
북가좌2동17,서울특별시 서대문구 북가좌동5-119,126.9162971,37.5806653,한전주,02-330-1562~3,서울특별시 서대문구청,2025-01-01
북가좌2동177,서울특별시 서대문구 북가좌동5-118,126.9164879,37.5807842,한전주,02-330-1562~3,서울특별시 서대문구청,2025-01-01
북가좌2동70,서울특별시 서대문구 북가좌동5-127,126.9172748,37.5811698,한전주,02-330-1562~3,서울특별시 서대문구청,2025-01-01
북가좌2동97,서울특별시 서대문구 북가좌동5-128,126.9168004,37.5810934,한전주,02-330-1562~3,서울특별시 서대문구청,2025-01-01
남가좌2동164,서울특별시 서대문구 북가좌동5-129,126.9212846,37.5810353,한전주,02-330-1562~3,서울특별시 서대문구청,2025-01-01
북가좌2동99,서울특별시 서대문구 북가좌동5-168,126.9183861,37.5818288,건축물,02-330-1562~3,서울특별시 서대문구청,2025-01-01
북가좌2동98,서울특별시 서대문구 북가좌동5-173,126.9172946,37.5813682,한전주,02-330-1562~3,서울특별시 서대문구청,2025-01-01
북가좌2동44,서울특별시 서대문구 북가좌동5-185,126.9176122,37.5813261,건축물,02-330-1562~3,서울특별시 서대문구청,2025-01-01
북가좌2동9631,서울특별시 서대문구 북가좌동5-185,126.9176122,37.5813261,전용주,02-330-1562~3,서울특별시 서대문구청,2025-01-01
북가좌2동96,서울특별시 서대문구 북가좌동5-209,126.9172573,37.5808183,한전주,02-330-1562~3,서울특별시 서대문구청,2025-01-01
북가좌2동32,서울특별시 서대문구 북가좌동5-220,126.9184319,37.5817931,한전주,02-330-1562~3,서울특별시 서대문구청,2025-01-01
북가좌2동1-7,서울특별시 서대문구 북가좌동5-37,126.9189878,37.5817171,통신주,02-330-1562~3,서울특별시 서대문구청,2025-01-01
북가좌2동21,서울특별시 서대문구 북가좌동5-39,126.9202839,37.5813415,한전주,02-330-1562~3,서울특별시 서대문구청,2025-01-01
북가좌2동36-1,서울특별시 서대문구 북가좌동5-42,126.9197083,37.5812191,한전주,02-330-1562~3,서울특별시 서대문구청,2025-01-01
북가좌2동35,서울특별시 서대문구 북가좌동5-44,126.9193905,37.5812703,한전주,02-330-1562~3,서울특별시 서대문구청,2025-01-01
북가좌2동20,서울특별시 서대문구 북가좌동5-47,126.9197783,37.5810756,한전주,02-330-1562~3,서울특별시 서대문구청,2025-01-01
북가좌2동37,서울특별시 서대문구 북가좌동5-51,126.9193957,37.5809099,한전주,02-330-1562~3,서울특별시 서대문구청,2025-01-01
북가좌2동38,서울특별시 서대문구 북가좌동5-52,126.9193298,37.5807742,한전주,02-330-1562~3,서울특별시 서대문구청,2025-01-01
북가좌2동620,서울특별시 서대문구 북가좌동5-53,126.9194893,37.5807036,건축물,02-330-1562~3,서울특별시 서대문구청,2025-01-01
북가좌2동111,서울특별시 서대문구 북가좌동5-59,126.9189545,37.5816718,통신주,02-330-1562~3,서울특별시 서대문구청,2025-01-01
북가좌2동631,서울특별시 서대문구 북가좌동5-60,126.9187734,37.5816701,통신주,02-330-1562~3,서울특별시 서대문구청,2025-01-01
북가좌2동48,서울특별시 서대문구 북가좌동5-65,126.918903,37.5813199,한전주,02-330-1562~3,서울특별시 서대문구청,2025-01-01
북가좌2동35-1,서울특별시 서대문구 북가좌동5-66,126.9190953,37.5813307,한전주,02-330-1562~3,서울특별시 서대문구청,2025-01-01
북가좌2동1045,서울특별시 서대문구 북가좌동5-76,126.9183941,37.5812792,한전주,02-330-1562~3,서울특별시 서대문구청,2025-01-01
북가좌2동46-1,서울특별시 서대문구 북가좌동5-80,126.9185539,37.5811906,한전주,02-330-1562~3,서울특별시 서대문구청,2025-01-01
북가좌2동45,서울특별시 서대문구 북가좌동5-82,126.9182035,37.5811513,한전주,02-330-1562~3,서울특별시 서대문구청,2025-01-01
북가좌2동47,서울특별시 서대문구 북가좌동5-86,126.9187844,37.5809043,한전주,02-330-1562~3,서울특별시 서대문구청,2025-01-01
북가좌2동1-10,서울특별시 서대문구 북가좌동5-94,126.9182516,37.5809535,통신주,02-330-1562~3,서울특별시 서대문구청,2025-01-01
북가좌2동42,서울특별시 서대문구 북가좌동5-95,126.9180921,37.5810241,한전주,02-330-1562~3,서울특별시 서대문구청,2025-01-01
북가좌2동43,서울특별시 서대문구 북가좌동5-95,126.9180921,37.5810241,한전주,02-330-1562~3,서울특별시 서대문구청,2025-01-01
북가좌2동676,서울특별시 서대문구 북가좌동5-96,126.9185097,37.581893,한전주,02-330-1562~3,서울특별시 서대문구청,2025-01-01
북가좌2동68,서울특별시 서대문구 북가좌동5-97,126.9183069,37.581828,한전주,02-330-1562~3,서울특별시 서대문구청,2025-01-01
북가좌2동607,서울특별시 서대문구 북가좌동5-99,126.9182542,37.5815572,한전주,02-330-1562~3,서울특별시 서대문구청,2025-01-01
북가좌2동781,서울특별시 서대문구 북가좌동68-71,126.9167268,37.5807053,통신주,02-330-1562~3,서울특별시 서대문구청,2025-01-01
북가좌2동745,서울특별시 서대문구 북가좌동68-73,126.9165259,37.5805052,건축물,02-330-1562~3,서울특별시 서대문구청,2025-01-01
북가좌2동267,서울특별시 서대문구 북가좌동73-15,126.9132778,37.5788625,건축물,02-330-1562~3,서울특별시 서대문구청,2025-01-01
북가좌2동269,서울특별시 서대문구 북가좌동73-19,126.9134234,37.578972,한전주,02-330-1562~3,서울특별시 서대문구청,2025-01-01
북가좌2동272,서울특별시 서대문구 북가좌동73-22,126.9129893,37.5792383,한전주,02-330-1562~3,서울특별시 서대문구청,2025-01-01
북가좌2동270,서울특별시 서대문구 북가좌동73-24,126.913126,37.5791855,건축물,02-330-1562~3,서울특별시 서대문구청,2025-01-01
북가좌2동271,서울특별시 서대문구 북가좌동73-27,126.9129986,37.5793825,한전주,02-330-1562~3,서울특별시 서대문구청,2025-01-01
북가좌2동9011,서울특별시 서대문구 북가좌동73-32,126.9131784,37.5794743,건축물,02-330-1562~3,서울특별시 서대문구청,2025-01-01
북가좌2동608-1,서울특별시 서대문구 북가좌동74-102,126.9145288,37.5792524,한전주,02-330-1562~3,서울특별시 서대문구청,2025-01-01
북가좌2동276,서울특별시 서대문구 북가좌동74-106,126.9143363,37.5792597,건축물,02-330-1562~3,서울특별시 서대문구청,2025-01-01
북가좌2동280,서울특별시 서대문구 북가좌동74-108,126.9143611,37.5791067,한전주,02-330-1562~3,서울특별시 서대문구청,2025-01-01
북가좌2동255,서울특별시 서대문구 북가좌동74-154,126.9135102,37.5792341,통신주,02-330-1562~3,서울특별시 서대문구청,2025-01-01
북가좌2동274,서울특별시 서대문구 북가좌동74-161,126.9137684,37.5793806,한전주,02-330-1562~3,서울특별시 서대문구청,2025-01-01
북가좌2동312,서울특별시 서대문구 북가좌동74-163,126.9138955,37.5792106,전용주,02-330-1562~3,서울특별시 서대문구청,2025-01-01
북가좌2동254,서울특별시 서대문구 북가좌동74-167,126.9135296,37.5794595,한전주,02-330-1562~3,서울특별시 서대문구청,2025-01-01
북가좌2동278,서울특별시 서대문구 북가좌동74-169,126.9140572,37.5789868,한전주,02-330-1562~3,서울특별시 서대문구청,2025-01-01
북가좌2동259,서울특별시 서대문구 북가좌동74-174,126.9141301,37.5786451,건축물,02-330-1562~3,서울특별시 서대문구청,2025-01-01
북가좌2동746-3,서울특별시 서대문구 북가좌동74-174,126.9141301,37.5786451,건축물,02-330-1562~3,서울특별시 서대문구청,2025-01-01
북가좌2동258,서울특별시 서대문구 북가좌동74-175,126.9140607,37.5787436,한전주,02-330-1562~3,서울특별시 서대문구청,2025-01-01
북가좌2동257,서울특별시 서대문구 북가좌동74-178,126.9138417,37.5790118,한전주,02-330-1562~3,서울특별시 서대문구청,2025-01-01
북가좌2동746-4,서울특별시 서대문구 북가좌동74-185,126.9139844,37.5785446,건축물,02-330-1562~3,서울특별시 서대문구청,2025-01-01
북가좌2동286,서울특별시 서대문구 북가좌동74-194,126.9155413,37.5789194,한전주,02-330-1562~3,서울특별시 서대문구청,2025-01-01
북가좌2동801,서울특별시 서대문구 북가좌동74-194,126.9155413,37.5789194,건축물,02-330-1562~3,서울특별시 서대문구청,2025-01-01
북가좌2동289,서울특별시 서대문구 북가좌동74-195,126.915371,37.5789538,건축물,02-330-1562~3,서울특별시 서대문구청,2025-01-01
북가좌2동665,서울특별시 서대문구 북가좌동74-198,126.9142946,37.5797909,한전주,02-330-1562~3,서울특별시 서대문구청,2025-01-01
북가좌2동52-1,서울특별시 서대문구 북가좌동74-200,126.9143538,37.5796112,건축물,02-330-1562~3,서울특별시 서대문구청,2025-01-01
북가좌2동277,서울특별시 서대문구 북가좌동74-203,126.9144004,37.5795216,통신주,02-330-1562~3,서울특별시 서대문구청,2025-01-01
북가좌2동666,서울특별시 서대문구 북가좌동74-205,126.9146273,37.5794876,한전주,02-330-1562~3,서울특별시 서대문구청,2025-01-01
북가좌2동279-1,서울특별시 서대문구 북가좌동74-21,126.9143197,37.5788451,한전주,02-330-1562~3,서울특별시 서대문구청,2025-01-01
북가좌2동201,서울특별시 서대문구 북가좌동74-210,126.9148795,37.5792737,한전주,02-330-1562~3,서울특별시 서대문구청,2025-01-01
북가좌2동288,서울특별시 서대문구 북가좌동74-212,126.9148472,37.5791563,한전주,02-330-1562~3,서울특별시 서대문구청,2025-01-01
북가좌2동256,서울특별시 서대문구 북가좌동74-256,126.91387,37.5786247,건축물,02-330-1562~3,서울특별시 서대문구청,2025-01-01
북가좌2동614,서울특별시 서대문구 북가좌동74-41,126.913879,37.5795618,건축물,02-330-1562~3,서울특별시 서대문구청,2025-01-01
북가좌2동9905,서울특별시 서대문구 북가좌동74-41,126.913879,37.5795618,전용주,02-330-1562~3,서울특별시 서대문구청,2025-01-01
북가좌2동2250,서울특별시 서대문구 북가좌동74-42,126.9154632,37.5788375,전용주,02-330-1562~3,서울특별시 서대문구청,2025-01-01
북가좌2동2086,서울특별시 서대문구 북가좌동74-45,126.9154532,37.5787473,건축물,02-330-1562~3,서울특별시 서대문구청,2025-01-01
북가좌2동9910,서울특별시 서대문구 북가좌동74-59,126.9151008,37.5788432,한전주,02-330-1562~3,서울특별시 서대문구청,2025-01-01
북가좌2동9612,서울특별시 서대문구 북가좌동74-86,126.9147922,37.5790476,한전주,02-330-1562~3,서울특별시 서대문구청,2025-01-01
북가좌2동261,서울특별시 서대문구 북가좌동75-127,126.9139767,37.5782923,건축물,02-330-1562~3,서울특별시 서대문구청,2025-01-01
북가좌2동39-1,서울특별시 서대문구 북가좌동75-128,126.9151576,37.577276,전용주,02-330-1562~3,서울특별시 서대문구청,2025-01-01
북가좌2동40-1,서울특별시 서대문구 북가좌동75-128,126.9151576,37.577276,전용주,02-330-1562~3,서울특별시 서대문구청,2025-01-01
북가좌2동52,서울특별시 서대문구 북가좌동75-128,126.9151576,37.577276,전용주,02-330-1562~3,서울특별시 서대문구청,2025-01-01
북가좌2동308,서울특별시 서대문구 북가좌동75-128,126.9151576,37.577276,한전주,02-330-1562~3,서울특별시 서대문구청,2025-01-01
북가좌2동309,서울특별시 서대문구 북가좌동75-128,126.9151576,37.577276,건축물,02-330-1562~3,서울특별시 서대문구청,2025-01-01
북가좌2동307,서울특별시 서대문구 북가좌동75-138,126.9148513,37.5773182,한전주,02-330-1562~3,서울특별시 서대문구청,2025-01-01
북가좌2동306,서울특별시 서대문구 북가좌동75-154,126.9142158,37.5774205,한전주,02-330-1562~3,서울특별시 서대문구청,2025-01-01
북가좌2동301,서울특별시 서대문구 북가좌동75-156,126.9140783,37.5775363,통신주,02-330-1562~3,서울특별시 서대문구청,2025-01-01
북가좌2동629,서울특별시 서대문구 북가좌동75-181,126.9144377,37.5785128,건축물,02-330-1562~3,서울특별시 서대문구청,2025-01-01
북가좌2동295,서울특별시 서대문구 북가좌동75-19,126.9148818,37.5783366,전용주,02-330-1562~3,서울특별시 서대문구청,2025-01-01
북가좌2동294,서울특별시 서대문구 북가좌동75-20,126.9148607,37.5782283,한전주,02-330-1562~3,서울특별시 서대문구청,2025-01-01
북가좌2동262,서울특별시 서대문구 북가좌동75-202,126.9139908,37.5781032,통신주,02-330-1562~3,서울특별시 서대문구청,2025-01-01
북가좌2동263,서울특별시 서대문구 북가좌동75-235,126.913885,37.5783725,한전주,02-330-1562~3,서울특별시 서대문구청,2025-01-01
북가좌2동559-1,서울특별시 서대문구 북가좌동75-25,126.9153398,37.5779804,한전주,02-330-1562~3,서울특별시 서대문구청,2025-01-01
북가좌2동560-1,서울특별시 서대문구 북가좌동75-26,126.9153299,37.5778812,한전주,02-330-1562~3,서울특별시 서대문구청,2025-01-01
북가좌2동290,서울특별시 서대문구 북가좌동75-27,126.9152977,37.5777638,한전주,02-330-1562~3,서울특별시 서대문구청,2025-01-01
북가좌2동9507,서울특별시 서대문구 북가좌동75-27,126.9152977,37.5777638,한전주,02-330-1562~3,서울특별시 서대문구청,2025-01-01
북가좌2동291,서울특별시 서대문구 북가좌동75-29,126.9152443,37.577538,건축물,02-330-1562~3,서울특별시 서대문구청,2025-01-01
북가좌2동9508,서울특별시 서대문구 북가좌동75-29,126.9152443,37.577538,한전주,02-330-1562~3,서울특별시 서대문구청,2025-01-01
북가좌2동716,서울특별시 서대문구 북가좌동75-30,126.9150627,37.5775724,건축물,02-330-1562~3,서울특별시 서대문구청,2025-01-01
북가좌2동293,서울특별시 서대문구 북가좌동75-37,126.9149686,37.5778148,한전주,02-330-1562~3,서울특별시 서대문구청,2025-01-01
북가좌2동292,서울특별시 서대문구 북가좌동75-39,126.9149151,37.5775981,한전주,02-330-1562~3,서울특별시 서대문구청,2025-01-01
북가좌2동298,서울특별시 서대문구 북가좌동75-47,126.9146169,37.5778657,건축물,02-330-1562~3,서울특별시 서대문구청,2025-01-01
북가좌2동1-6,서울특별시 서대문구 북가좌동75-48,126.9145958,37.5777573,한전주,02-330-1562~3,서울특별시 서대문구청,2025-01-01
북가좌2동299,서울특별시 서대문구 북가좌동75-48,126.9145958,37.5777573,건축물,02-330-1562~3,서울특별시 서대문구청,2025-01-01
북가좌2동211-1,서울특별시 서대문구 북가좌동75-49,126.9145634,37.5776489,전용주,02-330-1562~3,서울특별시 서대문구청,2025-01-01
북가좌2동229-1,서울특별시 서대문구 북가좌동75-49,126.9145634,37.5776489,한전주,02-330-1562~3,서울특별시 서대문구청,2025-01-01
북가좌2동300,서울특별시 서대문구 북가좌동75-50,126.9143819,37.5776743,한전주,02-330-1562~3,서울특별시 서대문구청,2025-01-01
북가좌2동297,서울특별시 서대문구 북가좌동75-54,126.9144886,37.5781258,한전주,02-330-1562~3,서울특별시 서대문구청,2025-01-01
북가좌2동630,서울특별시 서대문구 북가좌동75-55,126.9143522,37.5781606,건축물,02-330-1562~3,서울특별시 서대문구청,2025-01-01
북가좌2동302,서울특별시 서대문구 북가좌동75-57,126.9142984,37.5779709,건축물,02-330-1562~3,서울특별시 서대문구청,2025-01-01
북가좌2동282,서울특별시 서대문구 북가좌동75-61,126.9147989,37.5785882,한전주,02-330-1562~3,서울특별시 서대문구청,2025-01-01
북가좌2동9978,서울특별시 서대문구 북가좌동75-68,126.9145527,37.5783877,전용주,02-330-1562~3,서울특별시 서대문구청,2025-01-01
북가좌2동260,서울특별시 서대문구 북가좌동75-70,126.9143841,37.578305,한전주,02-330-1562~3,서울특별시 서대문구청,2025-01-01
북가좌2동281,서울특별시 서대문구 북가좌동75-72,126.9144696,37.5786572,한전주,02-330-1562~3,서울특별시 서대문구청,2025-01-01
북가좌2동9903,서울특별시 서대문구 북가좌동80-106,126.9127429,37.5782809,건축물,02-330-1562~3,서울특별시 서대문구청,2025-01-01
북가좌2동26-1,서울특별시 서대문구 북가좌동80-113,126.9138389,37.5776513,통신주,02-330-1562~3,서울특별시 서대문구청,2025-01-01
북가좌2동642,서울특별시 서대문구 북가좌동80-113,126.9138389,37.5776513,전용주,02-330-1562~3,서울특별시 서대문구청,2025-01-01
북가좌2동313,서울특별시 서대문구 북가좌동80-115,126.9124259,37.578278,통신주,02-330-1562~3,서울특별시 서대문구청,2025-01-01
북가좌2동373,서울특별시 서대문구 북가좌동80-120,126.912251,37.5786278,한전주,02-330-1562~3,서울특별시 서대문구청,2025-01-01
북가좌2동348,서울특별시 서대문구 북가좌동80-126,126.9129392,37.5780124,건축물,02-330-1562~3,서울특별시 서대문구청,2025-01-01
북가좌2동351,서울특별시 서대문구 북가좌동80-127,126.9126005,37.5787301,한전주,02-330-1562~3,서울특별시 서대문구청,2025-01-01
북가좌2동374,서울특별시 서대문구 북가좌동80-129,126.9121785,37.5781676,한전주,02-330-1562~3,서울특별시 서대문구청,2025-01-01
북가좌2동341,서울특별시 서대문구 북가좌동80-137,126.9133302,37.5783764,건축물,02-330-1562~3,서울특별시 서대문구청,2025-01-01
북가좌2동340,서울특별시 서대문구 북가좌동80-138,126.9134103,37.5783141,한전주,02-330-1562~3,서울특별시 서대문구청,2025-01-01
북가좌2동719,서울특별시 서대문구 북가좌동80-139,126.9135242,37.5782701,건축물,02-330-1562~3,서울특별시 서대문구청,2025-01-01
북가좌2동377,서울특별시 서대문구 북가좌동80-141,126.9126335,37.5780186,건축물,02-330-1562~3,서울특별시 서대문구청,2025-01-01
북가좌2동385,서울특별시 서대문구 북가좌동80-146,126.9121274,37.5785636,한전주,02-330-1562~3,서울특별시 서대문구청,2025-01-01
북가좌2동352,서울특별시 서대문구 북가좌동80-150,126.9125876,37.5788381,한전주,02-330-1562~3,서울특별시 서대문구청,2025-01-01
북가좌2동376,서울특별시 서대문구 북가좌동80-155,126.9127628,37.5784703,건축물,02-330-1562~3,서울특별시 서대문구청,2025-01-01
북가좌2동350,서울특별시 서대문구 북가좌동80-158,126.9130472,37.5783738,건축물,02-330-1562~3,서울특별시 서대문구청,2025-01-01
북가좌2동382,서울특별시 서대문구 북가좌동80-159,126.9120094,37.578112,건축물,02-330-1562~3,서울특별시 서대문구청,2025-01-01
북가좌2동383,서울특별시 서대문구 북가좌동80-159,126.9120094,37.578112,한전주,02-330-1562~3,서울특별시 서대문구청,2025-01-01
북가좌2동9640,서울특별시 서대문구 북가좌동80-162,126.9120801,37.5779234,건축물,02-330-1562~3,서울특별시 서대문구청,2025-01-01
북가좌2동380,서울특별시 서대문구 북가좌동80-164,126.9121944,37.5778524,건축물,02-330-1562~3,서울특별시 서대문구청,2025-01-01
북가좌2동349,서울특별시 서대문구 북가좌동80-17,126.9130734,37.5781308,한전주,02-330-1562~3,서울특별시 서대문구청,2025-01-01
북가좌2동353,서울특별시 서대문구 북가좌동80-172,126.9129169,37.5787691,건축물,02-330-1562~3,서울특별시 서대문구청,2025-01-01
북가좌2동371,서울특별시 서대문구 북가좌동80-177,126.9124139,37.5791068,한전주,02-330-1562~3,서울특별시 서대문구청,2025-01-01
북가좌2동711-1,서울특별시 서대문구 북가좌동80-181,126.9122299,37.5793034,건축물,02-330-1562~3,서울특별시 서대문구청,2025-01-01
북가좌2동717,서울특별시 서대문구 북가좌동80-185,126.9119692,37.579319,한전주,02-330-1562~3,서울특별시 서대문구청,2025-01-01
북가좌2동718,서울특별시 서대문구 북가좌동80-186,126.9118676,37.5793,건축물,02-330-1562~3,서울특별시 서대문구청,2025-01-01
북가좌2동370,서울특별시 서대문구 북가좌동80-190,126.9120067,37.579076,한전주,02-330-1562~3,서울특별시 서대문구청,2025-01-01
북가좌2동372,서울특별시 서대문구 북가좌동80-193,126.9123432,37.5792954,건축물,02-330-1562~3,서울특별시 서대문구청,2025-01-01
북가좌2동305,서울특별시 서대문구 북가좌동80-26,126.9137531,37.5773171,한전주,02-330-1562~3,서울특별시 서대문구청,2025-01-01
북가좌2동338,서울특별시 서대문구 북가좌동80-65,126.9135644,37.577838,한전주,02-330-1562~3,서울특별시 서대문구청,2025-01-01
북가좌2동41,서울특별시 서대문구 북가좌동80-38,126.9132801,37.5779254,전용주,02-330-1562~3,서울특별시 서대문구청,2025-01-01
북가좌2동342,서울특별시 서대문구 북가좌동80-42,126.9130904,37.5777345,한전주,02-330-1562~3,서울특별시 서대문구청,2025-01-01
북가좌2동375,서울특별시 서대문구 북가좌동80-48,126.9126772,37.5781271,한전주,02-330-1562~3,서울특별시 서대문구청,2025-01-01
북가좌2동339,서울특별시 서대문구 북가좌동80-64,126.913563,37.5779371,한전주,02-330-1562~3,서울특별시 서대문구청,2025-01-01
북가좌2동378,서울특별시 서대문구 북가좌동80-83,126.9126491,37.5777214,한전주,02-330-1562~3,서울특별시 서대문구청,2025-01-01
북가좌2동346-1,서울특별시 서대문구 북가좌동80-90,126.9129557,37.5776612,한전주,02-330-1562~3,서울특별시 서대문구청,2025-01-01
북가좌2동347,서울특별시 서대문구 북가좌동80-95,126.9127709,37.5779117,건축물,02-330-1562~3,서울특별시 서대문구청,2025-01-01
북가좌2동640,서울특별시 서대문구 북가좌동8-59,126.9156898,37.5850747,한전주,02-330-1562~3,서울특별시 서대문구청,2025-01-01
북가좌2동639,서울특별시 서대문구 북가좌동8-62,126.9158239,37.5851931,통신주,02-330-1562~3,서울특별시 서대문구청,2025-01-01
북가좌2동344,서울특별시 서대문구 북가좌동88-89,126.9129508,37.5772196,한전주,02-330-1562~3,서울특별시 서대문구청,2025-01-01
북가좌2동554,서울특별시 서대문구 북가좌동74-152,126.913349,37.5794218,통신주,02-330-1562~3,서울특별시 서대문구청,2025-01-01
북가좌2동381,서울특별시 서대문구 북가좌동80-130,126.91218,37.5780595,건축물,02-330-1562~3,서울특별시 서대문구청,2025-01-01
북가좌2동717-1,서울특별시 서대문구 북가좌동80-185,126.9119692,37.579319,한전주,02-330-1562~3,서울특별시 서대문구청,2025-01-01
북가좌2동269-1,서울특별시 서대문구 북가좌동73-19,126.9134234,37.578972,한전주,02-330-1562~3,서울특별시 서대문구청,2025-01-01
북가좌2동7242,서울특별시 서대문구 북가좌동310-24,126.9104707,37.5811523,한전주,02-330-1562~3,서울특별시 서대문구청,2025-01-01
북가좌2동7273,서울특별시 서대문구 북가좌동311-29,126.9105537,37.5809007,한전주,02-330-1562~3,서울특별시 서대문구청,2025-01-01
북가좌2동7095,서울특별시 서대문구 북가좌동312-25,126.91022,37.5804922,한전주,02-330-1562~3,서울특별시 서대문구청,2025-01-01
북가좌2동7195,서울특별시 서대문구 북가좌동312-35,126.9099231,37.5806607,한전주,02-330-1562~3,서울특별시 서대문구청,2025-01-01
북가좌2동7237,서울특별시 서대문구 북가좌동321-9,126.9095928,37.5808018,한전주,02-330-1562~3,서울특별시 서대문구청,2025-01-01
북가좌2동7188,서울특별시 서대문구 북가좌동321-7,126.9094671,37.5808817,한전주,02-330-1562~3,서울특별시 서대문구청,2025-01-01
북가좌2동7172,서울특별시 서대문구 북가좌동321-22,126.9090154,37.5807964,한전주,02-330-1562~3,서울특별시 서대문구청,2025-01-01
북가좌2동7185,서울특별시 서대문구 북가좌동321-4,126.9092776,37.5806727,한전주,02-330-1562~3,서울특별시 서대문구청,2025-01-01
북가좌2동7239,서울특별시 서대문구 북가좌동312-12,126.9100875,37.5802567,한전주,02-330-1562~3,서울특별시 서대문구청,2025-01-01
북가좌2동10233,서울특별시 서대문구 북가좌동307-1,126.9105444,37.5792067,한전주,02-330-1562~3,서울특별시 서대문구청,2025-01-01
북가좌2동490,서울특별시 서대문구 북가좌동347-31,126.9072362,37.5801402,한전주,02-330-1562~3,서울특별시 서대문구청,2025-01-01
북가좌2동183,서울특별시 서대문구 북가좌동335-5,126.9148447,37.5855716,전용주,02-330-1562~3,서울특별시 서대문구청,2025-01-01
북가좌2동722,서울특별시 서대문구 북가좌동80-153,126.9124649,37.5787108,통신주,02-330-1562~3,서울특별시 서대문구청,2025-01-01
북가좌2동184,서울특별시 서대문구 북가좌동74-26,126.9150458,37.5787346,한전주,02-330-1562~3,서울특별시 서대문구청,2025-01-01
북가좌2동81-1,서울특별시 서대문구 북가좌동300-1,126.9117134,37.5797852,건축물,02-330-1562~3,서울특별시 서대문구청,2025-01-01
북가좌2동603,서울특별시 서대문구 북가좌동331-8,126.9123989,37.5840263,건축물,02-330-1562~3,서울특별시 서대문구청,2025-01-01
북가좌2동8,서울특별시 서대문구 북가좌동369-13,126.9061077,37.5783458,전용주,02-330-1562~3,서울특별시 서대문구청,2025-01-01
북가좌2동185,서울특별시 서대문구 북가좌동336-17,126.9144394,37.5854147,통신주,02-330-1562~3,서울특별시 서대문구청,2025-01-01
북가좌2동186,서울특별시 서대문구 북가좌동75-44,126.9148176,37.5780747,건축물,02-330-1562~3,서울특별시 서대문구청,2025-01-01
북가좌2동173,서울특별시 서대문구 북가좌동283-16,126.9158439,37.5806882,전용주,02-330-1562~3,서울특별시 서대문구청,2025-01-01
북가좌2동188,서울특별시 서대문구 북가좌동312-7,126.9103372,37.580214,통신주,02-330-1562~3,서울특별시 서대문구청,2025-01-01
북가좌2동187,서울특별시 서대문구 북가좌동289-26,126.9149816,37.5800405,건축물,02-330-1562~3,서울특별시 서대문구청,2025-01-01
북가좌2동89-1,서울특별시 서대문구 북가좌동290-5,126.9146369,37.5803887,건축물,02-330-1562~3,서울특별시 서대문구청,2025-01-01
북가좌2동90-1,서울특별시 서대문구 북가좌동290-5,126.9146369,37.5803887,건축물,02-330-1562~3,서울특별시 서대문구청,2025-01-01
북가좌2동179,서울특별시 서대문구 북가좌동325-4,126.9112228,37.5823756,전용주,02-330-1562~3,서울특별시 서대문구청,2025-01-01
북가좌2동181,서울특별시 서대문구 북가좌동328-29,126.9115844,37.582424,전용주,02-330-1562~3,서울특별시 서대문구청,2025-01-01
북가좌2동369-1,서울특별시 서대문구 북가좌동302-34,126.911783,37.5788938,한전주,02-330-1562~3,서울특별시 서대문구청,2025-01-01
북가좌2동432,서울특별시 서대문구 북가좌동315-36,126.9094337,37.5792866,한전주,02-330-1562~3,서울특별시 서대문구청,2025-01-01
북가좌2동9980,서울특별시 서대문구 북가좌동313-27,126.910193,37.5800144,건축물,02-330-1562~3,서울특별시 서대문구청,2025-01-01
북가좌2동429-1,서울특별시 서대문구 북가좌동315-5,126.9094702,37.5791157,한전주,02-330-1562~3,서울특별시 서대문구청,2025-01-01
북가좌2동574-2,서울특별시 서대문구 북가좌2동342-18,126.9115666,37.5844241,건축물,02-330-1562~3,서울특별시 서대문구청,2025-01-01
북가좌2동1041,서울특별시 서대문구 북가좌2동363-9,126.9186533,37.5805788,건축물,02-330-1562~3,서울특별시 서대문구청,2025-01-01
북가좌2동17-1,서울특별시 서대문구 북가좌동5-4,126.9210663,37.5812586,한전주,02-330-1562~3,서울특별시 서대문구청,2025-01-01
북가좌2동359-1,서울특별시 서대문구 북가좌동467,126.9130651,37.5833747,한전주,02-330-1562~3,서울특별시 서대문구청,2025-01-01
북가좌2동9675,서울특별시 서대문구 북가좌동424-4,126.9117593,37.576632,건축물,02-330-1562~3,서울특별시 서대문구청,2025-01-01
신촌동5064,서울특별시 서대문구 창천동13-59,126.9390113,37.5573096,건축물,02-330-1562~3,서울특별시 서대문구청,2025-01-01
신촌동5027,서울특별시 서대문구 창천동4-46,126.9402877,37.5574923,한전주,02-330-1562~3,서울특별시 서대문구청,2025-01-01
신촌동3013,서울특별시 서대문구 창천동501-3,126.9300408,37.5585622,건축물,02-330-1562~3,서울특별시 서대문구청,2025-01-01
북아현동3049,서울특별시 서대문구 북아현동134-1,126.9568901,37.558397,한전주,02-330-1562~3,서울특별시 서대문구청,2025-01-01
신촌동6091,서울특별시 서대문구 대현동67-34,126.9476989,37.5584506,통신주,02-330-1562~3,서울특별시 서대문구청,2025-01-01
신촌동6279,서울특별시 서대문구 대현동67-34,126.9476989,37.5584506,건축물,02-330-1562~3,서울특별시 서대문구청,2025-01-01
신촌동1128,서울특별시 서대문구 창천동70-4,126.9339571,37.5593455,전용주,02-330-1562~3,서울특별시 서대문구청,2025-01-01
신촌동6010-1,서울특별시 서대문구 대현동34-22,126.9448551,37.5594614,건축물,02-330-1562~3,서울특별시 서대문구청,2025-01-01
신촌동2008,서울특별시 서대문구 창천동493,126.9272674,37.5609608,한전주,02-330-1562~3,서울특별시 서대문구청,2025-01-01
충현동5095,서울특별시 서대문구 북아현동3-495,126.9587702,37.5623691,통신주,02-330-1562~3,서울특별시 서대문구청,2025-01-01
연희동7069,서울특별시 서대문구 연희동342-54,126.9313025,37.5621507,건축물,02-330-1562~3,서울특별시 서대문구청,2025-01-01
충현동5018-1,서울특별시 서대문구 북아현동3-161,126.9562186,37.562716,한전주,02-330-1562~3,서울특별시 서대문구청,2025-01-01
연희동7032-1,서울특별시 서대문구 연희동334-89,126.9295144,37.5629184,건축물,02-330-1562~3,서울특별시 서대문구청,2025-01-01
충현동3066,서울특별시 서대문구 북아현동1-381,126.9552844,37.5655821,건축물,02-330-1562~3,서울특별시 서대문구청,2025-01-01
충현동4010,서울특별시 서대문구 북아현동1-1621,126.9556831,37.5662163,전용주,02-330-1562~3,서울특별시 서대문구청,2025-01-01
연희동2152,서울특별시 서대문구 연희동219-16,126.9265461,37.5654774,통신주,02-330-1562~3,서울특별시 서대문구청,2025-01-01
연희동3054,서울특별시 서대문구 연희동192-25,126.9282942,37.5659258,통신주,02-330-1562~3,서울특별시 서대문구청,2025-01-01
천연동14,서울특별시 서대문구 천연동120-77,126.9595348,37.566809,통신주,02-330-1562~3,서울특별시 서대문구청,2025-01-01
연희동8076,서울특별시 서대문구 연희동51-147,126.9351071,37.5676093,건축물,02-330-1562~3,서울특별시 서대문구청,2025-01-01
신촌동8071,서울특별시 서대문구 봉원동45-3,126.9472679,37.5681689,한전주,02-330-1562~3,서울특별시 서대문구청,2025-01-01
천연동11,서울특별시 서대문구 천연동44,126.9616648,37.5682964,한전주,02-330-1562~3,서울특별시 서대문구청,2025-01-01
신촌동7123,서울특별시 서대문구 봉원동42-1,126.9474802,37.569171,전용주,02-330-1562~3,서울특별시 서대문구청,2025-01-01
연희동4418,서울특별시 서대문구 연희동116-9,126.9275254,37.5698113,통신주,02-330-1562~3,서울특별시 서대문구청,2025-01-01
남가좌1동162-1,서울특별시 서대문구 남가좌동152-45,126.9161813,37.5699149,한전주,02-330-1562~3,서울특별시 서대문구청,2025-01-01
연희동6062-1,서울특별시 서대문구 연희동200-49,126.9308816,37.5733828,통신주,02-330-1562~3,서울특별시 서대문구청,2025-01-01
남가좌2동501,서울특별시 서대문구 남가좌동330-11,126.9246279,37.5752902,통신주,02-330-1562~3,서울특별시 서대문구청,2025-01-01
연희동5163,서울특별시 서대문구 연희동151-80,126.9346731,37.5758318,건축물,02-330-1562~3,서울특별시 서대문구청,2025-01-01
남가좌2동331,서울특별시 서대문구 남가좌2동 64-72,126.922272,37.5761608,전용주,02-330-1562~3,서울특별시 서대문구청,2025-01-01
연희동5113,서울특별시 서대문구 연희동149-3,126.9357616,37.5765084,전용주,02-330-1562~3,서울특별시 서대문구청,2025-01-01
연희동4180,서울특별시 서대문구 연희동717-49,126.9307602,37.577121,통신주,02-330-1562~3,서울특별시 서대문구청,2025-01-01
북가좌2동275,서울특별시 서대문구 북가좌동76-11,126.9139816,37.5779589,통신주,02-330-1562~3,서울특별시 서대문구청,2025-01-01
남가좌2동58,서울특별시 서대문구 남가좌2동343-33,126.9232571,37.5785034,전용주,02-330-1562~3,서울특별시 서대문구청,2025-01-01
북가좌1동41-1,서울특별시 서대문구 북가좌동376-7,126.9072391,37.5783923,한전주,02-330-1562~3,서울특별시 서대문구청,2025-01-01
북가좌2동422-1,서울특별시 서대문구 북가좌동317-27,126.9082014,37.5791671,한전주,02-330-1562~3,서울특별시 서대문구청,2025-01-01
북가좌2동5028,서울특별시 서대문구 북가좌동329-22,126.9119526,37.5827968,건축물,02-330-1562~3,서울특별시 서대문구청,2025-01-01
북가좌2동189,서울특별시 서대문구 북가좌동281-14,126.9156426,37.5820829,통신주,02-330-1562~3,서울특별시 서대문구청,2025-01-01
홍은2동356,서울특별시 서대문구 홍은동395-11,126.9298699,37.5792123,통신주,02-330-1562~3,서울특별시 서대문구청,2025-01-01
홍은2동569,서울특별시 서대문구 홍은동410-16,126.926194,37.5797556,건축물,02-330-1562~3,서울특별시 서대문구청,2025-01-01
홍은2동19,서울특별시 서대문구 홍은동428-1,126.9370779,37.5818634,전용주,02-330-1562~3,서울특별시 서대문구청,2025-01-01
홍은2동20,서울특별시 서대문구 홍은동428-1,126.9370779,37.5818634,전용주,02-330-1562~3,서울특별시 서대문구청,2025-01-01
홍은2동20-1,서울특별시 서대문구 홍은동428-1,126.9370779,37.5818634,전용주,02-330-1562~3,서울특별시 서대문구청,2025-01-01
홍은2동742,서울특별시 서대문구 홍은2동426-3,126.9367497,37.5826533,한전주,02-330-1562~3,서울특별시 서대문구청,2025-01-01
홍은2동2069,서울특별시 서대문구 홍은동265-348,126.9355583,37.5828318,전용주,02-330-1562~3,서울특별시 서대문구청,2025-01-01
홍은2동270,서울특별시 서대문구 홍은동 산 11-141,126.9333334,37.585623,전용주,02-330-1562~3,서울특별시 서대문구청,2025-01-01
홍은2동289,서울특별시 서대문구 홍은동 산 11-141,126.9333334,37.585623,전용주,02-330-1562~3,서울특별시 서대문구청,2025-01-01
홍은2동8916,서울특별시 서대문구 홍은동265-333,126.9344899,37.5855073,통신주,02-330-1562~3,서울특별시 서대문구청,2025-01-01
홍은2동4062-3,서울특별시 서대문구 홍은동321-2,126.9273226,37.5863163,건축물,02-330-1562~3,서울특별시 서대문구청,2025-01-01
홍은2동8205-1,서울특별시 서대문구 홍은동265-74,126.9334799,37.5864622,한전주,02-330-1562~3,서울특별시 서대문구청,2025-01-01
홍은2동8206,서울특별시 서대문구 홍은2동265-190,126.9314952,37.5874805,전용주,02-330-1562~3,서울특별시 서대문구청,2025-01-01
홍은2동21,서울특별시 서대문구 홍은동191-219,126.9334582,37.5927422,전용주,02-330-1562~3,서울특별시 서대문구청,2025-01-01
홍은2동5,서울특별시 서대문구 홍은동265-11,126.9347547,37.5867891,전용주,02-330-1562~3,서울특별시 서대문구청,2025-01-01
홍은2동29,서울특별시 서대문구 홍은동342-2,126.9239011,37.5848886,전용주,02-330-1562~3,서울특별시 서대문구청,2025-01-01
홍은2동22,서울특별시 서대문구 홍은동342-16,126.923808,37.5850589,전용주,02-330-1562~3,서울특별시 서대문구청,2025-01-01
홍은2동582,서울특별시 서대문구 홍은동402-47,126.9275484,37.5800472,한전주,02-330-1562~3,서울특별시 서대문구청,2025-01-01
홍은2동30,서울특별시 서대문구 홍은동413-6,126.9270436,37.5781415,한전주,02-330-1562~3,서울특별시 서대문구청,2025-01-01
홍제1동8052,서울특별시 서대문구 홍제동44-498,126.9495359,37.5799656,한전주,02-330-1562~3,서울특별시 서대문구청,2025-01-01
홍제1동8053,서울특별시 서대문구 홍제동44-498,126.9495359,37.5799656,한전주,02-330-1562~3,서울특별시 서대문구청,2025-01-01
홍제1동8054,서울특별시 서대문구 홍제동44-498,126.9495359,37.5799656,한전주,02-330-1562~3,서울특별시 서대문구청,2025-01-01
홍제1동8055,서울특별시 서대문구 홍제동44-498,126.9495359,37.5799656,한전주,02-330-1562~3,서울특별시 서대문구청,2025-01-01
홍제1동1133-1,서울특별시 서대문구 홍제동361-38,126.9370446,37.5834129,한전주,02-330-1562~3,서울특별시 서대문구청,2025-01-01
홍제1동2072,서울특별시 서대문구 홍제동308-110,126.9416299,37.5874186,한전주,02-330-1562~3,서울특별시 서대문구청,2025-01-01
홍제1동12,서울특별시 서대문구 홍제동369-64,126.9397503,37.5842301,통신주,02-330-1562~3,서울특별시 서대문구청,2025-01-01
북가좌2동5243,서울특별시 서대문구 북가좌동342-7,126.9115842,37.5839918,건축물,02-330-1562~3,서울특별시 서대문구청,2025-01-01
홍제1동1190,서울특별시 서대문구 홍제동356-56,126.9398824,37.5844926,전용주,02-330-1562~3,서울특별시 서대문구청,2025-01-01
홍제2동5005,서울특별시 서대문구 홍제2동107-12,126.9487178,37.585815,통신주,02-330-1562~3,서울특별시 서대문구청,2025-01-01
홍제2동1009,서울특별시 서대문구 홍제동455,126.949396,37.5891189,한전주,02-330-1562~3,서울특별시 서대문구청,2025-01-01
홍제2동14,서울특별시 서대문구 홍제동13-62,126.9537784,37.5850401,전용주,02-330-1562~3,서울특별시 서대문구청,2025-01-01
홍제2동15,서울특별시 서대문구 홍제동131-16,126.9480854,37.5873051,건축물,02-330-1562~3,서울특별시 서대문구청,2025-01-01
홍제2동3270,서울특별시 서대문구 홍제동131-20,126.9481897,37.5871349,한전주,02-330-1562~3,서울특별시 서대문구청,2025-01-01
홍제1동3011,서울특별시 서대문구 홍제1동312-135,126.942661,37.5865629,건축물,02-330-1562~3,서울특별시 서대문구청,2025-01-01
홍제2동3013,서울특별시 서대문구 홍제2동135-1,126.9479331,37.5876642,한전주,02-330-1562~3,서울특별시 서대문구청,2025-01-01
홍제1동1033-1,서울특별시 서대문구 홍제1동334-9,126.9374047,37.5883447,건축물,02-330-1562~3,서울특별시 서대문구청,2025-01-01
홍제1동1034,서울특별시 서대문구 홍제1동334-9,126.9374047,37.5883447,건축물,02-330-1562~3,서울특별시 서대문구청,2025-01-01
홍제3동16,서울특별시 서대문구 홍제동9-82,126.9530501,37.5909624,전용주,02-330-1562~3,서울특별시 서대문구청,2025-01-01
홍제3동4010,서울특별시 서대문구 홍제동9-51,126.9506194,37.5914994,건축물,02-330-1562~3,서울특별시 서대문구청,2025-01-01
홍제3동621,서울특별시 서대문구 홍제동266-221,126.947289,37.5931998,건축물,02-330-1562~3,서울특별시 서대문구청,2025-01-01
홍제3동2022-1,서울특별시 서대문구 홍제동266-227,126.946793,37.5930422,통신주,02-330-1562~3,서울특별시 서대문구청,2025-01-01
홍제3동7,서울특별시 서대문구 홍제동287-140,126.9471503,37.5958115,전용주,02-330-1562~3,서울특별시 서대문구청,2025-01-01
홍제3동6004,서울특별시 서대문구 홍제동268-53,126.9478177,37.591042,한전주,02-330-1562~3,서울특별시 서대문구청,2025-01-01
홍제3동2017,서울특별시 서대문구 홍제동385,126.9466656,37.5932483,한전주,02-330-1562~3,서울특별시 서대문구청,2025-01-01
홍제3동299,서울특별시 서대문구 홍제동274-90,126.9490283,37.5935216,건축물,02-330-1562~3,서울특별시 서대문구청,2025-01-01
홍제3동7-1,서울특별시 서대문구 홍제동266-31,126.9463671,37.5911282,건축물,02-330-1562~3,서울특별시 서대문구청,2025-01-01
홍제3동8,서울특별시 서대문구 홍제동266-224,126.9468952,37.5930251,전용주,02-330-1562~3,서울특별시 서대문구청,2025-01-01
홍제3동573,서울특별시 서대문구 홍제동266-41,126.9465355,37.5920307,건축물,02-330-1562~3,서울특별시 서대문구청,2025-01-01
홍제3동1012-1,서울특별시 서대문구 홍제동459-12,126.9483452,37.5881544,전용주,02-330-1562~3,서울특별시 서대문구청,2025-01-01
홍제3동2057,서울특별시 서대문구 홍제동260-34,126.9457635,37.5913751,건축물,02-330-1562~3,서울특별시 서대문구청,2025-01-01
홍은1동5083,서울특별시 서대문구 홍은1동9-228,126.9502203,37.5981455,전용주,02-330-1562~3,서울특별시 서대문구청,2025-01-01
홍은1동90,서울특별시 서대문구 홍은동산1-508,126.9439561,37.5998827,전용주,02-330-1562~3,서울특별시 서대문구청,2025-01-01
홍은1동525,서울특별시 서대문구 홍은동9-196,126.9497234,37.5988529,건축물,02-330-1562~3,서울특별시 서대문구청,2025-01-01
홍은1동300,서울특별시 서대문구 홍은동10-233,126.9477964,37.6030075,통신주,02-330-1562~3,서울특별시 서대문구청,2025-01-01
남가좌1동2,서울특별시 서대문구 남가좌동291-28,126.915642,37.5696307,건축물,02-330-1562~3,서울특별시 서대문구청,2025-01-01
남가좌1동3,서울특별시 서대문구 남가좌동295-10,126.914391,37.5700336,건축물,02-330-1562~3,서울특별시 서대문구청,2025-01-01
남가좌1동4,서울특별시 서대문구 남가좌동295-10,126.914391,37.5700336,건축물,02-330-1562~3,서울특별시 서대문구청,2025-01-01
남가좌1동5,서울특별시 서대문구 남가좌동295-10,126.914391,37.5700336,건축물,02-330-1562~3,서울특별시 서대문구청,2025-01-01
남가좌1동6,서울특별시 서대문구 남가좌동295-10,126.914391,37.5700336,건축물,02-330-1562~3,서울특별시 서대문구청,2025-01-01
남가좌1동7,서울특별시 서대문구 남가좌동152-43,126.9163423,37.5705201,한전주,02-330-1562~3,서울특별시 서대문구청,2025-01-01
남가좌1동8,서울특별시 서대문구 남가좌동152-28,126.9162425,37.570375,한전주,02-330-1562~3,서울특별시 서대문구청,2025-01-01
남가좌2동384,서울특별시 서대문구 남가좌동3-73,126.9227518,37.5837158,한전주,02-330-1562~3,서울특별시 서대문구청,2025-01-01
남가좌2동700,서울특별시 서대문구 남가좌동5-285,126.9222981,37.5806301,건축물,02-330-1562~3,서울특별시 서대문구청,2025-01-01
남가좌2동690,서울특별시 서대문구 남가좌동2-1,126.9230477,37.5843943,한전주,02-330-1562~3,서울특별시 서대문구청,2025-01-01
남가좌2동93,서울특별시 서대문구 남가좌동5-217,126.9217302,37.581544,통신주,02-330-1562~3,서울특별시 서대문구청,2025-01-01
남가좌2동94,서울특별시 서대문구 남가좌동5-176,126.9235736,37.5824709,전용주,02-330-1562~3,서울특별시 서대문구청,2025-01-01
신촌동426,서울특별시 서대문구 대현동37-59,126.9441209,37.5585538,건축물,02-330-1562~3,서울특별시 서대문구청,2025-01-01
신촌동6061,서울특별시 서대문구 대현동45-16,126.9468094,37.5573164,한전주,02-330-1562~3,서울특별시 서대문구청,2025-01-01
연희동51,서울특별시 서대문구 연희동126-23,126.9282438,37.5678626,한전주,02-330-1562~3,서울특별시 서대문구청,2025-01-01
천연동8004,서울특별시 서대문구 현저동1-191,126.9543101,37.5769805,건축물,02-330-1562~3,서울특별시 서대문구청,2025-01-01
충현동6040,서울특별시 서대문구 충정로3가3-365,126.9622878,37.5601115,건축물,02-330-1562~3,서울특별시 서대문구청,2025-01-01
연희동53,서울특별시 서대문구 연희동30,126.9334047,37.5639538,통신주,02-330-1562~3,서울특별시 서대문구청,2025-01-01
연희동54,서울특별시 서대문구 연희동88-15,126.9326595,37.5685874,건축물,02-330-1562~3,서울특별시 서대문구청,2025-01-01
북아현동4034,서울특별시 서대문구 북아현동115-33,126.9585857,37.560178,한전주,02-330-1562~3,서울특별시 서대문구청,2025-01-01
신촌동4420-1,서울특별시 서대문구 창천동5-1,126.9403028,37.5588259,통신주,02-330-1562~3,서울특별시 서대문구청,2025-01-01
충현동6013-1,서울특별시 서대문구 북아현동1-34,126.9576566,37.5634946,건축물,02-330-1562~3,서울특별시 서대문구청,2025-01-01
북가좌2동507-1,서울특별시 서대문구 북가좌동344-20,126.9101615,37.5829515,통신주,02-330-1562~3,서울특별시 서대문구청,2025-01-01
북가좌2동190,서울특별시 서대문구 북가좌동324-3,126.9105702,37.5820993,전용주,02-330-1562~3,서울특별시 서대문구청,2025-01-01
북가좌2동169,서울특별시 서대문구 북가좌동338-10,126.9132839,37.5846742,전용주,02-330-1562~3,서울특별시 서대문구청,2025-01-01
북가좌2동27-1,서울특별시 서대문구 북가좌동328-21,126.9113647,37.5827373,건축물,02-330-1562~3,서울특별시 서대문구청,2025-01-01
북가좌2동39-2,서울특별시 서대문구 북가좌동5-58,126.9193567,37.5804771,한전주,02-330-1562~3,서울특별시 서대문구청,2025-01-01
북가좌2동15,서울특별시 서대문구 북가좌동3-133,126.9196349,37.5831647,통신주,02-330-1562~3,서울특별시 서대문구청,2025-01-01
충현동3072,서울특별시 서대문구 충현동1-357,126.9538327,37.5657855,건축물,02-330-1562~3,서울특별시 서대문구청,2025-01-01
홍은2동489,서울특별시 서대문구 홍은동419-3,126.9293064,37.5782431,건축물,02-330-1562~3,서울특별시 서대문구청,2025-01-01
홍은2동493,서울특별시 서대문구 홍은동295-24,126.9291916,37.5783502,건축물,02-330-1562~3,서울특별시 서대문구청,2025-01-01
홍제3동2051,서울특별시 서대문구 홍제동266-259,126.9452995,37.5921548,건축물,02-330-1562~3,서울특별시 서대문구청,2025-01-01
홍제1동2116,서울특별시 서대문구 홍제동330-238,126.9434494,37.5884621,통신주,02-330-1562~3,서울특별시 서대문구청,2025-01-01
홍은1동3012,서울특별시 서대문구 홍은동8-837,126.9510786,37.6055686,통신주,02-330-1562~3,서울특별시 서대문구청,2025-01-01
신촌동8078,서울특별시 서대문구 신촌동2-161,126.9488867,37.5681653,건축물,02-330-1562~3,서울특별시 서대문구청,2025-01-01
홍제3동298,서울특별시 서대문구 홍제동274-90,126.9490283,37.5935216,건축물,02-330-1562~3,서울특별시 서대문구청,2025-01-01
연희동7112,서울특별시 서대문구 연희동30-27,126.933285,37.5644122,전용주,02-330-1562~3,서울특별시 서대문구청,2025-01-01
신촌동6105,서울특별시 서대문구 대현동67-61,126.9482099,37.5575271,전용주,02-330-1562~3,서울특별시 서대문구청,2025-01-01
신촌동6552,서울특별시 서대문구 대현동101-9,126.9433909,37.5573489,한전주,02-330-1562~3,서울특별시 서대문구청,2025-01-01
신촌동6551,서울특별시 서대문구 대현동37-25,126.9442634,37.5580775,한전주,02-330-1562~3,서울특별시 서대문구청,2025-01-01
신촌동6550,서울특별시 서대문구 대현동90-13,126.9442098,37.5578698,한전주,02-330-1562~3,서울특별시 서대문구청,2025-01-01
신촌동6549,서울특별시 서대문구 대현동56-141,126.9447905,37.5584246,한전주,02-330-1562~3,서울특별시 서대문구청,2025-01-01
천연동4034,서울특별시 서대문구 옥천동87,126.9614957,37.5698808,건축물,02-330-1562~3,서울특별시 서대문구청,2025-01-01
홍제1동9036,서울특별시 서대문구 홍제동44-361,126.9511994,37.5800255,건축물,02-330-1562~3,서울특별시 서대문구청,2025-01-01
홍제3동9005-1,서울특별시 서대문구 홍제동9-83,126.9541132,37.590242,건축물,02-330-1562~3,서울특별시 서대문구청,2025-01-01
연희동4003-1,서울특별시 서대문구 연희동115-22,126.9266724,37.569299,건축물,02-330-1562~3,서울특별시 서대문구청,2025-01-01
충현동10118,서울특별시 서대문구 충정로2가 99-6,126.9645663,37.5647628,전용주,02-330-1562~3,서울특별시 서대문구청,2025-01-01
홍은2동500,서울특별시 서대문구 홍은동417,126.9286735,37.5789582,한전주,02-330-1562~3,서울특별시 서대문구청,2025-01-01
북아현동6042,서울특별시 서대문구 북아현동220-23,126.9526805,37.5575308,한전주,02-330-1562~3,서울특별시 서대문구청,2025-01-01
북아현동6045,서울특별시 서대문구 북아현동220-28,126.9529741,37.5575784,건축물,02-330-1562~3,서울특별시 서대문구청,2025-01-01
연희동7091,서울특별시 서대문구 연희동344-137,126.9313746,37.561854,통신주,02-330-1562~3,서울특별시 서대문구청,2025-01-01
홍은2동88,서울특별시 서대문구 홍은동191-111,126.9321205,37.5936402,통신주,02-330-1562~3,서울특별시 서대문구청,2025-01-01
북가좌2동449,서울특별시 서대문구 북가좌동314-4,126.909851,37.5793985,전용주,02-330-1562~3,서울특별시 서대문구청,2025-01-01
홍제1동1091,서울특별시 서대문구 홍제동361-93,126.9360113,37.5860075,전용주,02-330-1562~3,서울특별시 서대문구청,2025-01-01
홍제3동1,서울특별시 서대문구 홍제동277-82,126.9473631,37.5951737,전용주,02-330-1562~3,서울특별시 서대문구청,2025-01-01
홍제3동3,서울특별시 서대문구 홍제동277-82,126.9473631,37.5951737,전용주,02-330-1562~3,서울특별시 서대문구청,2025-01-01
홍제3동5,서울특별시 서대문구 홍제동287-198,126.9475917,37.5974373,전용주,02-330-1562~3,서울특별시 서대문구청,2025-01-01
홍제3동6,서울특별시 서대문구 홍제동287-198,126.9475917,37.5974373,전용주,02-330-1562~3,서울특별시 서대문구청,2025-01-01
홍제3동7,서울특별시 서대문구 홍제동287-198,126.9475917,37.5974373,전용주,02-330-1562~3,서울특별시 서대문구청,2025-01-01
홍제3동8,서울특별시 서대문구 홍제동287-198,126.9475917,37.5974373,전용주,02-330-1562~3,서울특별시 서대문구청,2025-01-01
홍은2동578-1,서울특별시 서대문구 홍은동366-10,126.9257374,37.5831663,한전주,02-330-1562~3,서울특별시 서대문구청,2025-01-01
홍제1동2541,서울특별시 서대문구 홍제동306-4,126.9442144,37.5880094,건축물,02-330-1562~3,서울특별시 서대문구청,2025-01-01
남가좌2동640,서울특별시 서대문구 남가좌동3-2,126.9230456,37.5837545,한전주,02-330-1562~3,서울특별시 서대문구청,2025-01-01
남가좌2동32,서울특별시 서대문구 남가좌동9-1,126.9236446,37.5838321,한전주,02-330-1562~3,서울특별시 서대문구청,2025-01-01
남가좌2동217,서울특별시 서대문구 남가좌동8-1,126.9234086,37.5837038,한전주,02-330-1562~3,서울특별시 서대문구청,2025-01-01
남가좌2동95,서울특별시 서대문구 남가좌동3-73,126.9227518,37.5837158,한전주,02-330-1562~3,서울특별시 서대문구청,2025-01-01
남가좌2동96,서울특별시 서대문구 남가좌동322-1,126.9238959,37.5821044,한전주,02-330-1562~3,서울특별시 서대문구청,2025-01-01
연희동52,서울특별시 서대문구 연희동124-45,126.9298693,37.5689676,건축물,02-330-1562~3,서울특별시 서대문구청,2025-01-01
홍제3동5020-1,서울특별시 서대문구 홍제동260-7,126.9445934,37.590842,한전주,02-330-1562~3,서울특별시 서대문구청,2025-01-01
홍은2동254-1,서울특별시 서대문구 홍은동265-304,126.9341313,37.5852427,한전주,02-330-1562~3,서울특별시 서대문구청,2025-01-01
북가좌1동94-1,서울특별시 서대문구 북가좌동382-18,126.9054442,37.5757176,한전주,02-330-1562~3,서울특별시 서대문구청,2025-01-01
홍제3동1090,서울특별시 서대문구 홍제동472,126.9472232,37.5962627,한전주,02-330-1562~3,서울특별시 서대문구청,2025-01-01
연희동56,서울특별시 서대문구 연희동524-3,126.9224374,37.5717472,건축물,02-330-1562~3,서울특별시 서대문구청,2025-01-01
북가좌2동401,서울특별시 서대문구 북가좌동306-15,126.910614,37.5783153,건축물,02-330-1562~3,서울특별시 서대문구청,2025-01-01
북아현동3113,서울특별시 서대문구 북아현동 1-260,126.955926,37.5650291,한전주,02-330-1562~3,서울특별시 서대문구청,2025-01-01
충현동18,서울특별시 서대문구 북아현동 1-744,126.9579949,37.5652096,한전주,02-330-1562~3,서울특별시 서대문구청,2025-01-01
충현동6028,서울특별시 서대문구 북아현동 1-1665 훼미리빌라,126.9581329,37.5650576,건축물,02-330-1562~3,서울특별시 서대문구청,2025-01-01
연희동7069,서울특별시 서대문구 연희동 342-54,126.9313025,37.5621507,건축물,02-330-1562~3,서울특별시 서대문구청,2025-01-01
북아현동3100,서울특별시 서대문구 북아현동 1-330 릉안하이빌B동,126.9556829,37.5654144,건축물,02-330-1562~3,서울특별시 서대문구청,2025-01-01
연희동1144,서울특별시 서대문구 연희동523-30,126.9230342,37.5719689,건축물,02-330-1562~3,서울특별시 서대문구청,2025-01-01
신촌동6549-1,서울특별시 서대문구 대현동56-34,126.9449643,37.5581379,건축물,02-330-1562~3,서울특별시 서대문구청,2025-01-01
남가좌2동369,서울특별시 서대문구 남가좌동206-8,126.9215493,37.576028,통신주,02-330-1562~3,서울특별시 서대문구청,2025-01-01
신촌동2056,서울특별시 서대문구 창천동205,126.9307428,37.5609203,건축물,02-330-1562~3,서울특별시 서대문구청,2025-01-01
연희동8115,서울특별시 서대문구 연희동88-11,126.9328706,37.5688596,통신주,02-330-1562~3,서울특별시 서대문구청,2025-01-01
충현동8048,서울특별시 서대문구 충정로3가172-2,126.9622878,37.5601115,전용주,02-330-1562~3,서울특별시 서대문구청,2025-01-01
연희동51-1,서울특별시 서대문구 연희동 86-12,126.9329063,37.5703286,통신주,02-330-1562~3,서울특별시 서대문구청,2025-01-01
홍제1동2038,서울특별시 서대문구 홍제동330-70,126.943879,37.588511,건축물,02-330-1562~3,서울특별시 서대문구청,2025-01-01
홍은2동32,서울특별시 서대문구 홍은동173-13,126.9386542,37.5960328,통신주,02-330-1562~3,서울특별시 서대문구청,2025-01-01
연희동6091,서울특별시 서대문구 연희동77-6,126.9350244,37.5742131,통신주,02-330-1562~3,서울특별시 서대문구청,2025-01-01
북가좌2동117,서울특별시 서대문구 북가좌동3-112,126.9158706,37.5827518,전용주,02-330-1562~3,서울특별시 서대문구청,2025-01-01
북아현동9646,서울특별시 서대문구 북아현동995,126.9580274,37.5580016,한전주,02-330-1562~3,서울특별시 서대문구청,2025-01-01
북아현동9646-1,서울특별시 서대문구 북아현동995,126.9580274,37.5580016,한전주,02-330-1562~3,서울특별시 서대문구청,2025-01-01
북가좌2동134,서울특별시 서대문구 북가좌동275-2,126.9154424,37.5833966,건축물,02-330-1562~3,서울특별시 서대문구청,2025-01-01
남가좌2동47,서울특별시 서대문구 남가좌동341-8,126.9233925,37.5777478,한전주,02-330-1562~3,서울특별시 서대문구청,2025-01-01
천연동2058,서울특별시 서대문구 천연동98-9,126.961005,37.5685339,건축물,02-330-1562~3,서울특별시 서대문구청,2025-01-01
홍제1동3102,서울특별시 서대문구 홍제동330-280,126.9423549,37.5897948,통신주,02-330-1562~3,서울특별시 서대문구청,2025-01-01
충현동3037-1,서울특별시 서대문구 북아현동1-800,126.952578,37.5664681,건축물,02-330-1562~3,서울특별시 서대문구청,2025-01-01
충현동5122,서울특별시 서대문구 북아현동3-440,126.9583326,37.5629059,한전주,02-330-1562~3,서울특별시 서대문구청,2025-01-01
홍은2동661-1,서울특별시 서대문구 홍은동산26-127,126.9282555,37.5836307,전용주,02-330-1562~3,서울특별시 서대문구청,2025-01-01
홍은2동851,서울특별시 서대문구 홍은동산26-127,126.9282555,37.5836307,씨피주,02-330-1562~3,서울특별시 서대문구청,2025-01-01
북가좌1동110,서울특별시 서대문구 북가좌동384-9,126.9072197,37.5758512,통신주,02-330-1562~3,서울특별시 서대문구청,2025-01-01
홍제1동2309,서울특별시 서대문구 홍제동312-242,126.9417733,37.5860864,건축물,02-330-1562~3,서울특별시 서대문구청,2025-01-01
연희동5099,서울특별시 서대문구 연희동162-3,126.9345945,37.5781648,통신주,02-330-1562~3,서울특별시 서대문구청,2025-01-01
천연동43,서울특별시 서대문구 옥천동92,126.9614814,37.5700969,건축물,02-330-1562~3,서울특별시 서대문구청,2025-01-01
북가좌1동511,서울특별시 서대문구 북가좌동385-30,126.905977,37.5748936,건축물,02-330-1562~3,서울특별시 서대문구청,2025-01-01
충현동7039,서울특별시 서대문구 충정로3가 32-23,126.9606586,37.560872,건축물,02-330-1562~3,서울특별시 서대문구청,2025-01-01
북가좌2동26,서울특별시 서대문구 북가좌동276-27,126.9153503,37.5827199,건축물,02-330-1562~3,서울특별시 서대문구청,2025-01-01
남가좌2동218,서울특별시 서대문구 남가좌동5-139,126.9226152,37.5821918,건축물,02-330-1562~3,서울특별시 서대문구청,2025-01-01
남가좌2동215,서울특별시 서대문구 남가좌동5-148,126.9228006,37.5826891,건축물,02-330-1562~3,서울특별시 서대문구청,2025-01-01
연희동1066,서울특별시 서대문구 연희동520-145,126.9240186,37.5720049,전용주,02-330-1562~3,서울특별시 서대문구청,2025-01-01
홍은2동89-1,서울특별시 서대문구 홍은동191-194,126.9328502,37.5932954,한전주,02-330-1562~3,서울특별시 서대문구청,2025-01-01
홍제1동2139,서울특별시 서대문구 홍제동161-8,126.9419079,37.5901783,건축물,02-330-1562~3,서울특별시 서대문구청,2025-01-01
홍제3동10061,서울특별시 서대문구 홍제동6-134,126.9504782,37.5934895,건축물,02-330-1562~3,서울특별시 서대문구청,2025-01-01
연희동2184,서울특별시 서대문구 연희동218-13,126.9278507,37.5644891,통신주,02-330-1562~3,서울특별시 서대문구청,2025-01-01
연희동2185,서울특별시 서대문구 연희동218-13,126.9278507,37.5644891,통신주,02-330-1562~3,서울특별시 서대문구청,2025-01-01
신촌동2014,서울특별시 서대문구 신촌동357-2,126.9421662,37.5639155,통신주,02-330-1562~3,서울특별시 서대문구청,2025-01-01
천연동4051,서울특별시 서대문구 천연동178,126.9583211,37.5677984,건축물,02-330-1562~3,서울특별시 서대문구청,2025-01-01
홍제2동9019,서울특별시 서대문구 홍제동13-62,126.9537784,37.5850401,전용주,02-330-1562~3,서울특별시 서대문구청,2025-01-01
천연동5016,서울특별시 서대문구 천연동78,126.9617323,37.569144,건축물,02-330-1562~3,서울특별시 서대문구청,2025-01-01
홍제3동5060,서울특별시 서대문구 홍제동246-9,126.9458277,37.5900331,한전주,02-330-1562~3,서울특별시 서대문구청,2025-01-01
천연동4051,서울특별시 서대문구 천연동180,126.9583211,37.5677984,건축물,02-330-1562~3,서울특별시 서대문구청,2025-01-01
북가좌2동220,서울특별시 서대문구 북가좌동289-7,126.9155913,37.5801542,전용주,02-330-1562~3,서울특별시 서대문구청,2025-01-01
남가좌2동47,서울특별시 서대문구 남가좌동341-22,126.9238337,37.5777698,건축물,02-330-1562~3,서울특별시 서대문구청,2025-01-01
홍제3동6009,서울특별시 서대문구 홍제동273-142,126.9478284,37.5918891,건축물,02-330-1562~3,서울특별시 서대문구청,2025-01-01
홍제1동1109,서울특별시 서대문구 홍제동360-118,126.9367202,37.5847255,전용주,02-330-1562~3,서울특별시 서대문구청,2025-01-01
신촌동4035,서울특별시 서대문구 창천동31-17,126.937332,37.5584028,전용주,02-330-1562~3,서울특별시 서대문구청,2025-01-01
홍제3동9042,서울특별시 서대문구 홍제동9-81,126.9526019,37.590625,건축물,02-330-1562~3,서울특별시 서대문구청,2025-01-01
홍제1동3006,서울특별시 서대문구 홍제동8-629,126.951252,37.5924151,건축물,02-330-1562~3,서울특별시 서대문구청,2025-01-01
홍제1동1158(공용),서울특별시 서대문구 홍제동356-134,126.9393992,37.584236,전용주,02-330-1562~3,서울특별시 서대문구청,2025-01-01
연희동1129,서울특별시 서대문구 연희동533-96,126.9214887,37.5708105,한전주,02-330-1562~3,서울특별시 서대문구청,2025-01-01
천연동73,서울특별시 서대문구 옥천동31,126.9620202,37.569606,건축물,02-330-1562~3,서울특별시 서대문구청,2025-01-01
천연동74,서울특별시 서대문구 옥천동31,126.9620202,37.569606,건축물,02-330-1562~3,서울특별시 서대문구청,2025-01-01
신촌동1013,서울특별시 서대문구 창천동97-103,126.9321872,37.5612307,전용주,02-330-1562~3,서울특별시 서대문구청,2025-01-01
남가좌2동9936,서울특별시 서대문구 남가좌동8-18,126.9239728,37.5830511,한전주,02-330-1562~3,서울특별시 서대문구청,2025-01-01
연희동5178,서울특별시 서대문구 연희동724-10,126.9333147,37.5766125,건축물,02-330-1562~3,서울특별시 서대문구청,2025-01-01
충현동3028,서울특별시 서대문구 충현동1-557,126.9520752,37.5668061,한전주,02-330-1562~3,서울특별시 서대문구청,2025-01-01
연희동6505,서울특별시 서대문구 연희동1-78,126.9391565,37.5821884,전용주,02-330-1562~3,서울특별시 서대문구청,2025-01-01
홍제2동6024,서울특별시 서대문구 홍제동104-76,126.9506788,37.5848504,한전주,02-330-1562~3,서울특별시 서대문구청,2025-01-01
홍은1동9451,서울특별시 서대문구 홍은지하보도,126.9367873,37.5792117,건축물,02-330-1562~3,서울특별시 서대문구청,2025-01-01
홍은1동9452,서울특별시 서대문구 홍은지하보도,126.9367873,37.5792117,건축물,02-330-1562~3,서울특별시 서대문구청,2025-01-01
홍은1동9453,서울특별시 서대문구 홍은지하보도,126.9367873,37.5792117,건축물,02-330-1562~3,서울특별시 서대문구청,2025-01-01
홍은1동9454,서울특별시 서대문구 홍은지하보도,126.9367873,37.5792117,건축물,02-330-1562~3,서울특별시 서대문구청,2025-01-01
홍은1동9455,서울특별시 서대문구 홍은지하보도,126.9367873,37.5792117,건축물,02-330-1562~3,서울특별시 서대문구청,2025-01-01
홍은1동9456,서울특별시 서대문구 홍은지하보도,126.9367873,37.5792117,건축물,02-330-1562~3,서울특별시 서대문구청,2025-01-01
홍제1동9810,서울특별시 서대문구 홍제동330-353,126.9416205,37.5896801,전용주,02-330-1562~3,서울특별시 서대문구청,2025-01-01
홍제3동1033,서울특별시 서대문구 홍제동279-65,126.948527,37.5961572,한전주,02-330-1562~3,서울특별시 서대문구청,2025-01-01
홍은1동658,서울특별시 서대문구 홍은동11-397,126.9486207,37.6007623,한전주,02-330-1562~3,서울특별시 서대문구청,2025-01-01
홍제1동1207,서울특별시 서대문구 홍제동90-6,126.9491183,37.5830975,건축물,02-330-1562~3,서울특별시 서대문구청,2025-01-01
홍제1동2064,서울특별시 서대문구 홍제동312-53,126.9408056,37.5864561,한전주,02-330-1562~3,서울특별시 서대문구청,2025-01-01
홍제3동2051,서울특별시 서대문구 홍제동260-34,126.9457635,37.5913751,통신주,02-330-1562~3,서울특별시 서대문구청,2025-01-01
북가좌2동10083,서울특별시 서대문구 북가좌동301-2,126.9120324,37.5796439,건축물,02-330-1562~3,서울특별시 서대문구청,2025-01-01
홍은2동33,서울특별시 서대문구 홍은동274-89,126.9348646,37.5806631,한전주,02-330-1562~3,서울특별시 서대문구청,2025-01-01
홍은1동235,서울특별시 서대문구 홍은동36-7,126.9460642,37.5949368,한전주,02-330-1562~3,서울특별시 서대문구청,2025-01-01
홍제3동9-1,서울특별시 서대문구 홍제동273-17,126.9473961,37.5920294,한전주,02-330-1562~3,서울특별시 서대문구청,2025-01-01
홍제1동13,서울특별시 서대문구 홍제동461,126.9512919,37.5782693,한전주,02-330-1562~3,서울특별시 서대문구청,2025-01-01
홍제1동4035,서울특별시 서대문구 홍제동473-4,126.9467943,37.5857168,전용주,02-330-1562~3,서울특별시 서대문구청,2025-01-01
홍제1동4036,서울특별시 서대문구 홍제동473-4,126.9467943,37.5857168,전용주,02-330-1562~3,서울특별시 서대문구청,2025-01-01
북가좌2동73,서울특별시 서대문구 북가좌동2-55,126.9171944,37.5820341,건축물,02-330-1562~3,서울특별시 서대문구청,2025-01-01
연희동59,서울특별시 서대문구 연희동88-12,126.9328049,37.5687058,한전주,02-330-1562~3,서울특별시 서대문구청,2025-01-01
신촌동39,서울특별시 서대문구 신촌동31-14,126.9461837,37.567988,전용주,02-330-1562~3,서울특별시 서대문구청,2025-01-01
신촌동2101,서울특별시 서대문구 창천동508-4,126.9283194,37.5586367,건축물,02-330-1562~3,서울특별시 서대문구청,2025-01-01
신촌동4035,서울특별시 서대문구 대신동 126-6,126.9461966,37.568682,전용주,02-330-1562~3,서울특별시 서대문구청,2025-01-01
충현동4037(공용),서울특별시 서대문구 북아현동1-1819,126.9576213,37.5644044,통신주,02-330-1562~3,서울특별시 서대문구청,2025-01-01
충현동4039(공용),서울특별시 서대문구 북아현동1-1144,126.9568058,37.5644422,한전주,02-330-1562~3,서울특별시 서대문구청,2025-01-01
충현동20,서울특별시 서대문구 북아현동1-633,126.9564411,37.5646192,전용주,02-330-1562~3,서울특별시 서대문구청,2025-01-01
충현동23,서울특별시 서대문구 북아현동1-673,126.9588165,37.5647393,전용주,02-330-1562~3,서울특별시 서대문구청,2025-01-01
충현동24,서울특별시 서대문구 북아현동1-696,126.9590448,37.5645971,전용주,02-330-1562~3,서울특별시 서대문구청,2025-01-01
충현동21,서울특별시 서대문구 북아현동1-59,126.9562599,37.5646266,전용주,02-330-1562~3,서울특별시 서대문구청,2025-01-01
충현동22,서울특별시 서대문구 북아현동1-77,126.9558142,37.564929,전용주,02-330-1562~3,서울특별시 서대문구청,2025-01-01
신촌동41,서울특별시 서대문구 신촌동62-5,126.9437012,37.56984,전용주,02-330-1562~3,서울특별시 서대문구청,2025-01-01
신촌동42,서울특별시 서대문구 신촌동62-11,126.9437012,37.56984,한전주,02-330-1562~3,서울특별시 서대문구청,2025-01-01
신촌동43,서울특별시 서대문구 대현동110-15,126.9422087,37.5585097,한전주,02-330-1562~3,서울특별시 서대문구청,2025-01-01
홍제2동16,서울특별시 서대문구 홍제동23-21,126.9507789,37.5825536,전용주,02-330-1562~3,서울특별시 서대문구청,2025-01-01
홍제2동17,서울특별시 서대문구 홍제동23-21,126.9507789,37.5825536,전용주,02-330-1562~3,서울특별시 서대문구청,2025-01-01
홍제2동18,서울특별시 서대문구 홍제동23-21,126.9507789,37.5825536,전용주,02-330-1562~3,서울특별시 서대문구청,2025-01-01
홍제2동19,서울특별시 서대문구 홍제동23-21,126.9507789,37.5825536,전용주,02-330-1562~3,서울특별시 서대문구청,2025-01-01
홍제2동20,서울특별시 서대문구 홍제동23-21,126.9507789,37.5825536,전용주,02-330-1562~3,서울특별시 서대문구청,2025-01-01
홍제2동5002-1,서울특별시 서대문구 홍제2동459-4,126.949359,37.5861091,건축물,02-330-1562~3,서울특별시 서대문구청,2025-01-01
북가좌2동191,서울특별시 서대문구 북가좌동337-2,126.9140384,37.5849605,전용주,02-330-1562~3,서울특별시 서대문구청,2025-01-01
홍은1동21,서울특별시 서대문구 홍은동10-24,126.9482364,37.6023176,건축물,02-330-1562~3,서울특별시 서대문구청,2025-01-01
홍제3동5343,서울특별시 서대문구 홍제동304-78,126.9437166,37.5895818,건축물,02-330-1562~3,서울특별시 서대문구청,2025-01-01
신촌동38,서울특별시 서대문구 신촌동134-1,126.9395695,37.5618468,건축물,02-330-1562~3,서울특별시 서대문구청,2025-01-01
연희동57,서울특별시 서대문구 연희동344-46,126.9302713,37.5630244,건축물,02-330-1562~3,서울특별시 서대문구청,2025-01-01
천연동15,서울특별시 서대문구 천연동 86,126.9601653,37.5686797,전용주,02-330-1562~3,서울특별시 서대문구청,2025-01-01
연희동58,서울특별시 서대문구 연희동344-18,126.9309062,37.563742,한전주,02-330-1562~3,서울특별시 서대문구청,2025-01-01
충현동19,서울특별시 서대문구 충현동1-342,126.9551567,37.5650043,전용주,02-330-1562~3,서울특별시 서대문구청,2025-01-01
연희동1105,서울특별시 서대문구 연희동533-123,126.9211018,37.5701672,통신주,02-330-1562~3,서울특별시 서대문구청,2025-01-01
북가좌2동359,서울특별시 서대문구 북가좌동5-37,126.9189878,37.5817171,전용주,02-330-1562~3,서울특별시 서대문구청,2025-01-01
북가좌2동227,서울특별시 서대문구 북가좌동282-9,126.9158033,37.5811473,전용주,02-330-1562~3,서울특별시 서대문구청,2025-01-01
홍제1동2116,서울특별시 서대문구 홍제동161-8,126.9419079,37.5901783,CP주,02-330-1562~3,서울특별시 서대문구청,2025-01-01
홍은2동34,서울특별시 서대문구 홍은동265-75,126.9333325,37.5864789,전용주,02-330-1562~3,서울특별시 서대문구청,2025-01-01
신촌동10082,서울특별시 서대문구 신촌동500-10,126.9421662,37.5639155,한전주,02-330-1562~3,서울특별시 서대문구청,2025-01-01
홍제2동22,서울특별시 서대문구 홍제2동117-2,126.9481665,37.5855669,한전주,02-330-1562~3,서울특별시 서대문구청,2025-01-01
홍제1동14,서울특별시 서대문구 홍제1동307-5,126.9434506,37.5875791,전용주,02-330-1562~3,서울특별시 서대문구청,2025-01-01
홍제1동15,서울특별시 서대문구 홍제1동307-5,126.9434506,37.5875791,전용주,02-330-1562~3,서울특별시 서대문구청,2025-01-01
남가좌1동9,서울특별시 서대문구 남가좌1동291-33,126.9154196,37.5693583,전용주,02-330-1562~3,서울특별시 서대문구청,2025-01-01
남가좌1동9공용,서울특별시 서대문구 남가좌1동291-33,126.9154196,37.5693583,전용주,02-330-1562~3,서울특별시 서대문구청,2025-01-01
남가좌2동11공용,서울특별시 서대문구 남가좌2동339-18,126.9252316,37.5773951,한전주,02-330-1562~3,서울특별시 서대문구청,2025-01-01
연희동6251,서울특별시 서대문구 연희동 95-20,126.9311546,37.5709164,건축물,02-330-1562~3,서울특별시 서대문구청,2025-01-01
홍제2동4028,서울특별시 서대문구 홍제동 122-33,126.9490533,37.5861064,통신주,02-330-1562~3,서울특별시 서대문구청,2025-01-01
천연동2029,서울특별시 서대문구 천연동117-16,126.9599713,37.5679752,통신주,02-330-1562~3,서울특별시 서대문구청,2025-01-01
북가좌동115,서울특별시 서대문구 북가좌동 378-21,126.9086709,37.5772522,전용주,02-330-1562~3,서울특별시 서대문구청,2025-01-01
천연동3032,서울특별시 서대문구 천연동53,126.9620961,37.56903,전용주,02-330-1562~3,서울특별시 서대문구청,2025-01-01
북아현동3080,서울특별시 서대문구 북아현동1-78,126.9556251,37.5646931,통신주,02-330-1562~3,서울특별시 서대문구청,2025-01-01
홍은2동643,서울특별시 서대문구 홍은동265-185,126.9314449,37.5862456,전용주,02-330-1562~3,서울특별시 서대문구청,2025-01-01
홍은1동523,서울특별시 서대문구 홍은동9-317,126.9485619,37.600113,한전주,02-330-1562~3,서울특별시 서대문구청,2025-01-01
천연동4053,서울특별시 서대문구 천연동98-20,126.9604014,37.5679789,통신주,02-330-1562~3,서울특별시 서대문구청,2025-01-01
연희동3234,서울특별시 서대문구 연희동192-12,126.927985,37.5661753,건축물,02-330-1562~3,서울특별시 서대문구청,2025-01-01
홍은1동2058,서울특별시 서대문구 홍은동48-173,126.9420297,37.5919724,건축물,02-330-1562~3,서울특별시 서대문구청,2025-01-01
홍은2동572,서울특별시 서대문구 홍은동409-16,126.9259923,37.5803935,건축물,02-330-1562~3,서울특별시 서대문구청,2025-01-01
충현동8047,서울특별시 서대문구 충정로3가175-2,126.9622878,37.5601115,전용주,02-330-1562~3,서울특별시 서대문구청,2025-01-01
충현동8067,서울특별시 서대문구 충정로3가477,126.9622878,37.5601115,전용주,02-330-1562~3,서울특별시 서대문구청,2025-01-01
충현동6678,서울특별시 서대문구 충정로3가3-28,126.9622878,37.5601115,통신주,02-330-1562~3,서울특별시 서대문구청,2025-01-01
북가좌2동731,서울특별시 서대문구 북가좌동286-25,126.9150484,37.5793383,통신주,02-330-1562~3,서울특별시 서대문구청,2025-01-01
홍제2동8024,서울특별시 서대문구 홍제동40-168,126.9541236,37.580601,한전주,02-330-1562~3,서울특별시 서대문구청,2025-01-01
북아현동5232,서울특별시 서대문구 북아현동113-47,126.9599233,37.5608475,통신주,02-330-1562~3,서울특별시 서대문구청,2025-01-01
신촌동5010,서울특별시 서대문구 창천동5-76,126.9397012,37.5581448,건축물,02-330-1562~3,서울특별시 서대문구청,2025-01-01
연희동8026,서울특별시 서대문구 연희동136-36,126.9319819,37.5668873,전용주,02-330-1562~3,서울특별시 서대문구청,2025-01-01
신촌동1088,서울특별시 서대문구 창천동100-42,126.9319401,37.5587145,통신주,02-330-1562~3,서울특별시 서대문구청,2025-01-01
천연동2359,서울특별시 서대문구 천연동98-15,126.9603647,37.5681769,건축물,02-330-1562~3,서울특별시 서대문구청,2025-01-01
홍제3동9010,서울특별시 서대문구 홍제동9-83,126.9541132,37.590242,전용주,02-330-1562~3,서울특별시 서대문구청,2025-01-01
남가좌2동1247,서울특별시 서대문구 남가좌동5-45,126.9216643,37.582967,통신주,02-330-1562~3,서울특별시 서대문구청,2025-01-01
홍은1동8094,서울특별시 서대문구 홍은동8-306,126.9500981,37.600397,통신주,02-330-1562~3,서울특별시 서대문구청,2025-01-01
홍제2동4257,서울특별시 서대문구 홍제동116,126.9483167,37.5853519,통신주,02-330-1562~3,서울특별시 서대문구청,2025-01-01
북가좌2동778,서울특별시 서대문구 북가좌동335-35,126.9152677,37.586071,통신주,02-330-1562~3,서울특별시 서대문구청,2025-01-01
홍제3동2077,서울특별시 서대문구 홍제동266-151,126.9472776,37.5924068,한전주,02-330-1562~3,서울특별시 서대문구청,2025-01-01
홍제2동2078,서울특별시 서대문구 홍제동266-3,126.946944,37.5919713,한전주,02-330-1562~3,서울특별시 서대문구청,2025-01-01
홍제1동2079,서울특별시 서대문구 홍제동245-2,126.9463391,37.5907044,통신주,02-330-1562~3,서울특별시 서대문구청,2025-01-01
홍은2동887,서울특별시 서대문구 홍은동191-40,126.9334891,37.5937516,통신주,02-330-1562~3,서울특별시 서대문구청,2025-01-01
북아현동865,서울특별시 서대문구 북아현동3-341,126.9576419,37.5621159,통신주,02-330-1562~3,서울특별시 서대문구청,2025-01-01
남가좌2동587,서울특별시 서대문구 남가좌동328-22,126.9260285,37.5763031,통신주,02-330-1562~3,서울특별시 서대문구청,2025-01-01
홍은1동638,서울특별시 서대문구 홍은동14-22,126.9444972,37.6008606,전용주,02-330-1562~3,서울특별시 서대문구청,2025-01-01
연희동1283,서울특별시 서대문구 연희동520-37,126.9234664,37.5718287,한전주,02-330-1562~3,서울특별시 서대문구청,2025-01-01
북아현동2087,서울특별시 서대문구 북아현동1-579,126.9515933,37.5656575,통신주,02-330-1562~3,서울특별시 서대문구청,2025-01-01
북가좌2동786,서울특별시 서대문구 북가좌동74-175,126.9140607,37.5787436,통신주,02-330-1562~3,서울특별시 서대문구청,2025-01-01
홍은2동8299,서울특별시 서대문구 홍은동356-39,126.9255328,37.5832185,한전주,02-330-1562~3,서울특별시 서대문구청,2025-01-01
연희동3256,서울특별시 서대문구 연희동520-37,126.9234664,37.5718287,한전주,02-330-1562~3,서울특별시 서대문구청,2025-01-01
연희동3255,서울특별시 서대문구 연희동520-26,126.9238137,37.5720842,한전주,02-330-1562~3,서울특별시 서대문구청,2025-01-01
연희동3328,서울특별시 서대문구 연희동137-11,126.9311528,37.5678709,통신주,02-330-1562~3,서울특별시 서대문구청,2025-01-01
북가좌2동2083,서울특별시 서대문구 북가좌동321-9,126.9095928,37.5808018,통신주,02-330-1562~3,서울특별시 서대문구청,2025-01-01
연희동1539,서울특별시 서대문구 연희동48-33,126.9340567,37.5674467,통신주,02-330-1562~3,서울특별시 서대문구청,2025-01-01
연희동1827,서울특별시 서대문구 연희동48-60,126.9339059,37.5677066,통신주,02-330-1562~3,서울특별시 서대문구청,2025-01-01
북가좌1동2018,서울특별시 서대문구 북가좌동376-22,126.9089197,37.5780474,통신주,02-330-1562~3,서울특별시 서대문구청,2025-01-01
홍제2동2025,서울특별시 서대문구 홍제동137-6,126.9469895,37.5871332,한전주,02-330-1562~3,서울특별시 서대문구청,2025-01-01
홍은1동1238,서울특별시 서대문구 홍은동9-534,126.9500808,37.6032351,전용주,02-330-1562~3,서울특별시 서대문구청,2025-01-01
북가좌2동1203,서울특별시 서대문구 북가좌동280-33,126.9152329,37.5822233,통신주,02-330-1562~3,서울특별시 서대문구청,2025-01-01
홍은2동853,서울특별시 서대문구 홍은동265-135,126.9324452,37.5867682,통신주,02-330-1562~3,서울특별시 서대문구청,2025-01-01
북가좌2동227,서울특별시 서대문구 북가좌동283-8,126.9161633,37.5805289,통신주,02-330-1562~3,서울특별시 서대문구청,2025-01-01
북가좌1동1071,서울특별시 서대문구 북가좌동376-16,126.9063192,37.5778161,건축물,02-330-1562~3,서울특별시 서대문구청,2025-01-01
홍제3동758,서울특별시 서대문구 홍제동273-33,126.9475933,37.5924997,통신주,02-330-1562~3,서울특별시 서대문구청,2025-01-01
홍제3동759,서울특별시 서대문구 홍제동262-1,126.9452413,37.5914695,통신주,02-330-1562~3,서울특별시 서대문구청,2025-01-01
홍제2동128,서울특별시 서대문구 홍제동24-16,126.9504216,37.58301,통신주,02-330-1562~3,서울특별시 서대문구청,2025-01-01
신촌동2739,서울특별시 서대문구 창천동510-12,126.9282367,37.5588792,통신주,02-330-1562~3,서울특별시 서대문구청,2025-01-01
신촌동2740,서울특별시 서대문구 창천동510-9,126.9279451,37.5586873,통신주,02-330-1562~3,서울특별시 서대문구청,2025-01-01
홍은2동713,서울특별시 서대문구 홍은동5-63,126.9554283,37.5966059,통신주,02-330-1562~3,서울특별시 서대문구청,2025-01-01
연희동558,서울특별시 서대문구 연희동719-12,126.9316976,37.5772826,건축물,02-330-1562~3,서울특별시 서대문구청,2025-01-01
남가좌2동947,서울특별시 서대문구 남가좌동337-10,126.9231105,37.5761054,통신주,02-330-1562~3,서울특별시 서대문구청,2025-01-01
홍은1동193,서울특별시 서대문구 홍은동9-232,126.9500973,37.5980363,건축물,02-330-1562~3,서울특별시 서대문구청,2025-01-01
홍제3동1912,서울특별시 서대문구 홍제동454-1,126.9528089,37.5960511,건축물,02-330-1562~3,서울특별시 서대문구청,2025-01-01
홍제3동1911,서울특별시 서대문구 홍제동454-1,126.9528089,37.5960511,건축물,02-330-1562~3,서울특별시 서대문구청,2025-01-01
홍제2동467,서울특별시 서대문구 홍제동214-1,126.946287,37.5887758,건축물,02-330-1562~3,서울특별시 서대문구청,2025-01-01
북아현동1974,서울특별시 서대문구 북아현동1-351,126.9536148,37.5651798,통신주,02-330-1562~3,서울특별시 서대문구청,2025-01-01
북아현동1973,서울특별시 서대문구 북아현동1-402,126.9530723,37.5659319,통신주,02-330-1562~3,서울특별시 서대문구청,2025-01-01
홍은1동2738,서울특별시 서대문구 홍은동22,126.9448287,37.5974307,전용주,02-330-1562~3,서울특별시 서대문구청,2025-01-01
북가좌2동4432,서울특별시 서대문구 북가좌동295-11,126.9125681,37.5801805,통신주,02-330-1562~3,서울특별시 서대문구청,2025-01-01
홍제3동5523,서울특별시 서대문구 홍제동287-121,126.9479107,37.597305,전용주,02-330-1562~3,서울특별시 서대문구청,2025-01-01
신촌동2763,서울특별시 서대문구 봉원동산2-35,126.9481182,37.5696812,통신주,02-330-1562~3,서울특별시 서대문구청,2025-01-01
