관리부서,관리번호,사용목적,소재지지번주소,데이터기준일자,위도,경도
서울특별시 금천구청 도로과,가산동-10100,방범등,서울특별시 금천구 가산동 464-2,2025-06-17,37.4823481,126.8820325
서울특별시 금천구청 도로과,가산동-10101,방범등,서울특별시 금천구 가산동 464-2,2025-06-17,37.4823481,126.8820325
서울특별시 금천구청 도로과,가산동-10102,방범등,서울특별시 금천구 가산동 464-2,2025-06-17,37.4823481,126.8820325
서울특별시 금천구청 도로과,가산동-10103,방범등,서울특별시 금천구 가산동 464-2,2025-06-17,37.4823481,126.8820325
서울특별시 금천구청 도로과,가산동-10104,방범등,서울특별시 금천구 가산동 493-6,2025-06-17,37.4812073,126.8760617
서울특별시 금천구청 도로과,가산동-10105,방범등,서울특별시 금천구 가산동 535-55,2025-06-17,37.4817997,126.8756105
서울특별시 금천구청 도로과,가산동-10106,방범등,서울특별시 금천구 가산동 535-158,2025-06-17,37.4818016,126.8752178
서울특별시 금천구청 도로과,가산동-10107,방범등,서울특별시 금천구 가산동 535-158,2025-06-17,37.4818016,126.8752178
서울특별시 금천구청 도로과,가산동-10108,방범등,서울특별시 금천구 가산동 33-5,2025-06-17,37.4839895,126.8829390
서울특별시 금천구청 도로과,가산동-10109,방범등,서울특별시 금천구 가산동 32-48,2025-06-17,37.4839738,126.8822510
서울특별시 금천구청 도로과,가산동-10110,방범등,서울특별시 금천구 가산동 151-10,2025-06-17,37.4767868,126.8943354
서울특별시 금천구청 도로과,가산동-10111,방범등,서울특별시 금천구 가산동 151-10,2025-06-17,37.4767868,126.8943354
서울특별시 금천구청 도로과,가산동-10112,방범등,서울특별시 금천구 가산동 151-10,2025-06-17,37.4767868,126.8943354
서울특별시 금천구청 도로과,가산동-1020,방범등,서울특별시 금천구 가산동 547-44,2025-06-17,37.4778409,126.8776834
서울특별시 금천구청 도로과,가산동-1021,방범등,서울특별시 금천구 가산동 547-44,2025-06-17,37.4778409,126.8776834
서울특별시 금천구청 도로과,가산동-1022,방범등,서울특별시 금천구 가산동 547-59,2025-06-17,37.4781619,126.8769650
서울특별시 금천구청 도로과,가산동-1023,방범등,서울특별시 금천구 가산동 547-78,2025-06-17,37.4784768,126.8768212
서울특별시 금천구청 도로과,가산동-1027,방범등,서울특별시 금천구 가산동 542-6,2025-06-17,37.4795521,126.8763004
서울특별시 금천구청 도로과,가산동-1028,방범등,서울특별시 금천구 가산동 542-6,2025-06-17,37.4795521,126.8763004
서울특별시 금천구청 도로과,가산동-1029,방범등,서울특별시 금천구 가산동 542-1,2025-06-17,37.4799379,126.8761578
서울특별시 금천구청 도로과,가산동-1030,방범등,서울특별시 금천구 가산동 493,2025-06-17,37.4804470,126.8761848
서울특별시 금천구청 도로과,가산동-1031,방범등,서울특별시 금천구 가산동 535-146,2025-06-17,37.4827954,126.8750695
서울특별시 금천구청 도로과,가산동-1032,방범등,서울특별시 금천구 가산동 535-146,2025-06-17,37.4827954,126.8750695
서울특별시 금천구청 도로과,가산동-1033,방범등,서울특별시 금천구 가산동 535-146,2025-06-17,37.4827954,126.8750695
서울특별시 금천구청 도로과,가산동-1034,방범등,서울특별시 금천구 가산동 535-8,2025-06-17,37.4844284,126.8746343
서울특별시 금천구청 도로과,가산동-1035,방범등,서울특별시 금천구 가산동 535-130,2025-06-17,37.4846925,126.8746067
서울특별시 금천구청 도로과,가산동-1036,방범등,서울특별시 금천구 가산동 535-130,2025-06-17,37.4846925,126.8746067
서울특별시 금천구청 도로과,가산동-1037,방범등,서울특별시 금천구 가산동 535-129,2025-06-17,37.4848503,126.8749586
서울특별시 금천구청 도로과,가산동-1038,방범등,서울특별시 금천구 가산동 458-17,2025-06-17,37.4803933,126.8792208
서울특별시 금천구청 도로과,가산동-1039,방범등,"서울특별시 금천구 가산동 458-7
458-8",2025-06-17,37.4804669,126.8796520
서울특별시 금천구청 도로과,가산동-104,방범등,서울특별시 금천구 가산동 238-112,2025-06-17,37.4729413,126.8886494
서울특별시 금천구청 도로과,가산동-1040,방범등,서울특별시 금천구 가산동 458-5,2025-06-17,37.4804483,126.8798332
서울특별시 금천구청 도로과,가산동-1041,방범등,서울특별시 금천구 가산동 458-1,2025-06-17,37.4804376,126.8801171
서울특별시 금천구청 도로과,가산동-1042,방범등,서울특별시 금천구 가산동 371-42,2025-06-17,37.4801213,126.8796449
서울특별시 금천구청 도로과,가산동-1043,방범등,서울특별시 금천구 가산동 458-27,2025-06-17,37.4802418,126.8795246
서울특별시 금천구청 도로과,가산동-1044,방범등,서울특별시 금천구 가산동 371-42,2025-06-17,37.4801213,126.8796449
서울특별시 금천구청 도로과,가산동-1046,방범등,서울특별시 금천구 가산동 458-2,2025-06-17,37.4805837,126.8789320
서울특별시 금천구청 도로과,가산동-1047,방범등,서울특별시 금천구 가산동 464-2,2025-06-17,37.4823481,126.8820325
서울특별시 금천구청 도로과,가산동-1048,방범등,서울특별시 금천구 가산동 464-2,2025-06-17,37.4823481,126.8820325
서울특별시 금천구청 도로과,가산동-1049,방범등,서울특별시 금천구 가산동 464-2,2025-06-17,37.4823481,126.8820325
서울특별시 금천구청 도로과,가산동-105,방범등,서울특별시 금천구 가산동 547-77,2025-06-17,37.4784633,126.8769445
서울특별시 금천구청 도로과,가산동-1050,방범등,서울특별시 금천구 가산동 464-2,2025-06-17,37.4823481,126.8820325
서울특별시 금천구청 도로과,가산동-1051,방범등,서울특별시 금천구 가산동 464-2,2025-06-17,37.4823481,126.8820325
서울특별시 금천구청 도로과,가산동-1052,방범등,서울특별시 금천구 가산동 464-2,2025-06-17,37.4823481,126.8820325
서울특별시 금천구청 도로과,가산동-1053,방범등,서울특별시 금천구 가산동 464-2,2025-06-17,37.4823481,126.8820325
서울특별시 금천구청 도로과,가산동-1054,방범등,서울특별시 금천구 가산동 464-2,2025-06-17,37.4823481,126.8820325
서울특별시 금천구청 도로과,가산동-1055,방범등,서울특별시 금천구 가산동 464-2,2025-06-17,37.4823481,126.8820325
서울특별시 금천구청 도로과,가산동-1056,방범등,서울특별시 금천구 가산동 464-2,2025-06-17,37.4823481,126.8820325
서울특별시 금천구청 도로과,가산동-1057,방범등,서울특별시 금천구 가산동 464-2,2025-06-17,37.4823481,126.8820325
서울특별시 금천구청 도로과,가산동-1062,방범등,서울특별시 금천구 가산동 505-11,2025-06-17,37.4860539,126.8796912
서울특별시 금천구청 도로과,가산동-1063,방범등,서울특별시 금천구 가산동 505-3,2025-06-17,37.4856919,126.8795921
서울특별시 금천구청 도로과,가산동-1064,방범등,"서울특별시 금천구 가산동 505-3 월편 
고가차도, 육교",2025-06-17,37.4856919,126.8795921
서울특별시 금천구청 도로과,가산동-1065,방범등,서울특별시 금천구 가산동 505-18,2025-06-17,37.4854159,126.8799757
서울특별시 금천구청 도로과,가산동-1066,방범등,서울특별시 금천구 가산동 505-11,2025-06-17,37.4860539,126.8796912
서울특별시 금천구청 도로과,가산동-1067,방범등,서울특별시 금천구 가산동 481-2,2025-06-17,37.4858685,126.8783981
서울특별시 금천구청 도로과,가산동-1068,방범등,서울특별시 금천구 가산동 481-2,2025-06-17,37.4858685,126.8783981
서울특별시 금천구청 도로과,가산동-1069,방범등,서울특별시 금천구 가산동 481-2,2025-06-17,37.4858685,126.8783981
서울특별시 금천구청 도로과,가산동-1072,방범등,서울특별시 금천구 가산동 371-37,2025-06-17,37.4772425,126.8837508
서울특별시 금천구청 도로과,가산동-1073,방범등,서울특별시 금천구 가산동 371-37,2025-06-17,37.4772425,126.8837508
서울특별시 금천구청 도로과,가산동-1074,방범등,서울특별시 금천구 가산동 371-37,2025-06-17,37.4772425,126.8837508
서울특별시 금천구청 도로과,가산동-1076,방범등,서울특별시 금천구 가산동 550-15,2025-06-17,37.4765416,126.8785584
서울특별시 금천구청 도로과,가산동-1077,방범등,서울특별시 금천구 가산동 550-15,2025-06-17,37.4765416,126.8785584
서울특별시 금천구청 도로과,가산동-1078,방범등,서울특별시 금천구 가산동 550-15,2025-06-17,37.4765416,126.8785584
서울특별시 금천구청 도로과,가산동-1080,방범등,서울특별시 금천구 가산동 550-22,2025-06-17,37.4758357,126.8789211
서울특별시 금천구청 도로과,가산동-1081,방범등,서울특별시 금천구 가산동 550-22,2025-06-17,37.4758357,126.8789211
서울특별시 금천구청 도로과,가산동-1082,방범등,서울특별시 금천구 가산동 550-22,2025-06-17,37.4758357,126.8789211
서울특별시 금천구청 도로과,가산동-1083,방범등,서울특별시 금천구 가산동 505-11,2025-06-17,37.4860539,126.8796912
서울특별시 금천구청 도로과,가산동-1085,방범등,서울특별시 금천구 가산동 481-2,2025-06-17,37.4858685,126.8783981
서울특별시 금천구청 도로과,가산동-1086,방범등,서울특별시 금천구 가산동 458-22,2025-06-17,37.4803137,126.8797162
서울특별시 금천구청 도로과,가산동-1087,방범등,서울특별시 금천구 가산동 458-15,2025-06-17,37.4804361,126.8790023
서울특별시 금천구청 도로과,가산동-1088,방범등,서울특별시 금천구 가산동 536-17(광명교),2025-06-17,37.4848222,126.8742650
서울특별시 금천구청 도로과,가산동-1089,방범등,서울특별시 금천구 가산동 536-17(광명교),2025-06-17,37.4848222,126.8742650
서울특별시 금천구청 도로과,가산동-1090,방범등,서울특별시 금천구 가산동 536-17(광명교),2025-06-17,37.4848222,126.8742650
서울특별시 금천구청 도로과,가산동-1091,방범등,서울특별시 금천구 가산동 536-17(광명교),2025-06-17,37.4848222,126.8742650
서울특별시 금천구청 도로과,가산동-1097,방범등,서울특별시 금천구 가산동 458-25,2025-06-17,37.4802109,126.8797366
서울특별시 금천구청 도로과,가산동-1098,방범등,서울특별시 금천구 가산동 464-2,2025-06-17,37.4823481,126.8820325
서울특별시 금천구청 도로과,가산동-1099,방범등,서울특별시 금천구 가산동 464-2,2025-06-17,37.4823481,126.8820325
서울특별시 금천구청 도로과,가산동-201,방범등,서울특별시 금천구 가산동 4-22,2025-06-17,37.4852011,126.8814308
서울특별시 금천구청 도로과,가산동-2010,방범등,서울특별시 금천구 가산동 7-10,2025-06-17,37.4845707,126.8820333
서울특별시 금천구청 도로과,가산동-20100,방범등,서울특별시 금천구 가산동 4-22 건너,2025-06-17,37.4852011,126.8814308
서울특별시 금천구청 도로과,가산동-20101,방범등,서울특별시 금천구 가산동 602-71,2025-06-17,37.4827321,126.8843942
서울특별시 금천구청 도로과,가산동-2011,방범등,서울특별시 금천구 가산동 7-12,2025-06-17,37.4847079,126.8822383
서울특별시 금천구청 도로과,가산동-20113,방범등,서울특별시 금천구 가산동 139-31,2025-06-17,37.4794526,126.8882938
서울특별시 금천구청 도로과,가산동-20114,방범등,서울특별시 금천구 가산동 139-31,2025-06-17,37.4794526,126.8882938
서울특별시 금천구청 도로과,가산동-20115,방범등,서울특별시 금천구 가산동 139-18,2025-06-17,37.4790041,126.8888516
서울특별시 금천구청 도로과,가산동-20119,방범등,서울특별시 금천구 가산동 32-60,2025-06-17,37.4837750,126.8821558
서울특별시 금천구청 도로과,가산동-2012,방범등,서울특별시 금천구 가산동 32-20,2025-06-17,37.4844656,126.8822486
서울특별시 금천구청 도로과,가산동-20120,방범등,서울특별시 금천구 가산동 34-68,2025-06-17,37.4835461,126.8829122
서울특별시 금천구청 도로과,가산동-20122,방범등,서울특별시 금천구 가산동 35-12,2025-06-17,37.4831486,126.8825003
서울특별시 금천구청 도로과,가산동-20124,방범등,서울특별시 금천구 가산동 40-10,2025-06-17,37.4826435,126.8835718
서울특별시 금천구청 도로과,가산동-20125,방범등,서울특별시 금천구 가산동 602-71,2025-06-17,37.4827321,126.8843942
서울특별시 금천구청 도로과,가산동-20126,방범등,서울특별시 금천구 가산동 34-85,2025-06-17,37.4835696,126.8824631
서울특별시 금천구청 도로과,가산동-20127,방범등,서울특별시 금천구 가산동 7-18,2025-06-17,37.4846294,126.8822923
서울특별시 금천구청 도로과,가산동-20128,방범등,서울특별시 금천구 가산동 34-34,2025-06-17,37.4830033,126.8830805
서울특별시 금천구청 도로과,가산동-20129,방범등,서울특별시 금천구 가산동 345-1,2025-06-17,37.4763987,126.8842433
서울특별시 금천구청 도로과,가산동-2013,방범등,서울특별시 금천구 가산동 32-65,2025-06-17,37.4844209,126.8819831
서울특별시 금천구청 도로과,가산동-20130,방범등,서울특별시 금천구 가산동 29-11,2025-06-17,37.4834838,126.8838302
서울특별시 금천구청 도로과,가산동-20131,방범등,서울특별시 금천구 가산동 34-29,2025-06-17,37.4838892,126.8833095
서울특별시 금천구청 도로과,가산동-20132,방범등,서울특별시 금천구 가산동 42-18,2025-06-17,37.4821245,126.8829940
서울특별시 금천구청 도로과,가산동-20133,방범등,서울특별시 금천구 가산동 40-6,2025-06-17,37.4827421,126.8840051
서울특별시 금천구청 도로과,가산동-20134,방범등,서울특별시 금천구 가산동 32-19,2025-06-17,37.4845939,126.8824355
서울특별시 금천구청 도로과,가산동-20135,방범등,서울특별시 금천구 가산동 29-22,2025-06-17,37.4833429,126.8842290
서울특별시 금천구청 도로과,가산동-20136,방범등,서울특별시 금천구 가산동 87-225,2025-06-17,37.4830529,126.8847323
서울특별시 금천구청 도로과,가산동-20137,방범등,서울특별시 금천구 가산동 83-18,2025-06-17,37.4826329,126.8852296
서울특별시 금천구청 도로과,가산동-20138,방범등,서울특별시 금천구 가산동 83-18,2025-06-17,37.4826329,126.8852296
서울특별시 금천구청 도로과,가산동-20139,방범등,서울특별시 금천구 가산동 5-9,2025-06-17,37.4847570,126.8815758
서울특별시 금천구청 도로과,가산동-2014,방범등,서울특별시 금천구 가산동 32-29,2025-06-17,37.4841091,126.8819276
서울특별시 금천구청 도로과,가산동-20140,방범등,서울특별시 금천구 가산동 32-14,2025-06-17,37.4839460,126.8820489
서울특별시 금천구청 도로과,가산동-20141,방범등,서울특별시 금천구 가산동 32-14,2025-06-17,37.4839460,126.8820489
서울특별시 금천구청 도로과,가산동-20142,방범등,서울특별시 금천구 가산동 35-4,2025-06-17,37.4833348,126.8823247
서울특별시 금천구청 도로과,가산동-20143,방범등,서울특별시 금천구 가산동 38-1,2025-06-17,37.4827637,126.8829167
서울특별시 금천구청 도로과,가산동-20144,방범등,서울특별시 금천구 가산동 41-11,2025-06-17,37.4822669,126.8830093
서울특별시 금천구청 도로과,가산동-20145,방범등,서울특별시 금천구 가산동 42-28,2025-06-17,37.4821725,126.8835420
서울특별시 금천구청 도로과,가산동-20146,방범등,서울특별시 금천구 가산동 29-30,2025-06-17,37.4834037,126.8835841
서울특별시 금천구청 도로과,가산동-20148,방범등,서울특별시 금천구 가산동 35-5,2025-06-17,37.4836848,126.8825227
서울특별시 금천구청 도로과,가산동-20149,방범등,서울특별시 금천구 가산동 31-6,2025-06-17,37.4844763,126.8826296
서울특별시 금천구청 도로과,가산동-2015,방범등,서울특별시 금천구 가산동 32-28,2025-06-17,37.4841738,126.8820249
서울특별시 금천구청 도로과,가산동-20151,방범등,서울특별시 금천구 가산동 83-14,2025-06-17,37.4825465,126.8850257
서울특별시 금천구청 도로과,가산동-2016,방범등,서울특별시 금천구 가산동 32-67,2025-06-17,37.4843517,126.8820819
서울특별시 금천구청 도로과,가산동-2017,방범등,"서울특별시 금천구 가산동 32-26,25",2025-06-17,37.4843180,126.8822333
서울특별시 금천구청 도로과,가산동-2018,방범등,서울특별시 금천구 가산동 32-25,2025-06-17,37.4844601,126.8824426
서울특별시 금천구청 도로과,가산동-2019,방범등,서울특별시 금천구 가산동 32-25,2025-06-17,37.4844601,126.8824426
서울특별시 금천구청 도로과,가산동-202,방범등,"서울특별시 금천구 가산동 4-6,23",2025-06-17,37.4850468,126.8816451
서울특별시 금천구청 도로과,가산동-2020,방범등,서울특별시 금천구 가산동 31-6,2025-06-17,37.4844763,126.8826296
서울특별시 금천구청 도로과,가산동-2021,방범등,서울특별시 금천구 가산동 32-33,2025-06-17,37.4842864,126.8823474
서울특별시 금천구청 도로과,가산동-2022,방범등,서울특별시 금천구 가산동 32-36,2025-06-17,37.4840892,126.8820608
서울특별시 금천구청 도로과,가산동-2023,방범등,"서울특별시 금천구 가산동 32-49,50",2025-06-17,37.4839088,126.8821560
서울특별시 금천구청 도로과,가산동-2024,방범등,서울특별시 금천구 가산동 32-47,2025-06-17,37.4840391,126.8823473
서울특별시 금천구청 도로과,가산동-2025,방범등,서울특별시 금천구 가산동 32-45,2025-06-17,37.4841686,126.8825385
서울특별시 금천구청 도로과,가산동-2026,방범등,서울특별시 금천구 가산동 32-84,2025-06-17,37.4841830,126.8827527
서울특별시 금천구청 도로과,가산동-2027,방범등,서울특별시 금천구 가산동 32-54,2025-06-17,37.4842580,126.8828628
서울특별시 금천구청 도로과,가산동-2028,방범등,서울특별시 금천구 가산동 33-2,2025-06-17,37.4840880,126.8831493
서울특별시 금천구청 도로과,가산동-2029,방범등,서울특별시 금천구 가산동 32-62,2025-06-17,37.4841892,126.8829037
서울특별시 금천구청 도로과,가산동-203,방범등,서울특별시 금천구 가산동 4-6,2025-06-17,37.4850468,126.8816451
서울특별시 금천구청 도로과,가산동-2030,방범등,"서울특별시 금천구 가산동 32-77,78",2025-06-17,37.4840768,126.8827360
서울특별시 금천구청 도로과,가산동-2031,방범등,서울특별시 금천구 가산동 32-79,2025-06-17,37.4839447,126.8825524
서울특별시 금천구청 도로과,가산동-2032,방범등,서울특별시 금천구 가산동 35-20,2025-06-17,37.4833809,126.8826686
서울특별시 금천구청 도로과,가산동-2033,방범등,서울특별시 금천구 가산동 34-85,2025-06-17,37.4835696,126.8824631
서울특별시 금천구청 도로과,가산동-2034,방범등,서울특별시 금천구 가산동 34-86,2025-06-17,37.4835363,126.8822229
서울특별시 금천구청 도로과,가산동-2035,방범등,서울특별시 금천구 가산동 34-90,2025-06-17,37.4835457,126.8823089
서울특별시 금천구청 도로과,가산동-2036,방범등,서울특별시 금천구 가산동 35-1,2025-06-17,37.4833315,126.8824126
서울특별시 금천구청 도로과,가산동-2037,방범등,서울특별시 금천구 가산동 35-12,2025-06-17,37.4831486,126.8825003
서울특별시 금천구청 도로과,가산동-2038,방범등,서울특별시 금천구 가산동 38-1,2025-06-17,37.4827637,126.8829167
서울특별시 금천구청 도로과,가산동-2039,방범등,서울특별시 금천구 가산동 34-39,2025-06-17,37.4829939,126.8829255
서울특별시 금천구청 도로과,가산동-204,방범등,서울특별시 금천구 가산동 4-7,2025-06-17,37.4849589,126.8815442
서울특별시 금천구청 도로과,가산동-2040,방범등,서울특별시 금천구 가산동 34-36,2025-06-17,37.4832358,126.8829228
서울특별시 금천구청 도로과,가산동-2041,방범등,서울특별시 금천구 가산동 34-71,2025-06-17,37.4833929,126.8829170
서울특별시 금천구청 도로과,가산동-2042,방범등,서울특별시 금천구 가산동 34-82,2025-06-17,37.4830606,126.8828297
서울특별시 금천구청 도로과,가산동-2043,방범등,서울특별시 금천구 가산동 34-80 (82),2025-06-17,37.4832275,126.8827699
서울특별시 금천구청 도로과,가산동-2044,방범등,서울특별시 금천구 가산동 34-73,2025-06-17,37.4833697,126.8827780
서울특별시 금천구청 도로과,가산동-2045,방범등,서울특별시 금천구 가산동 34-78,2025-06-17,37.4835078,126.8828301
서울특별시 금천구청 도로과,가산동-2046,방범등,서울특별시 금천구 가산동 34-67,2025-06-17,37.4836421,126.8829282
서울특별시 금천구청 도로과,가산동-2047,방범등,서울특별시 금천구 가산동 34-53,2025-06-17,37.4839469,126.8831328
서울특별시 금천구청 도로과,가산동-2048,방범등,서울특별시 금천구 가산동 34-74,2025-06-17,37.4838843,126.8834661
서울특별시 금천구청 도로과,가산동-2049,방범등,서울특별시 금천구 가산동 34-7,2025-06-17,37.4837054,126.8834011
서울특별시 금천구청 도로과,가산동-205,방범등,서울특별시 금천구 가산동 5-24,2025-06-17,37.4848901,126.8818618
서울특별시 금천구청 도로과,가산동-2050,방범등,서울특별시 금천구 가산동 34-8,2025-06-17,37.4836269,126.8833709
서울특별시 금천구청 도로과,가산동-2051,방범등,서울특별시 금천구 가산동 34-11,2025-06-17,37.4833742,126.8833230
서울특별시 금천구청 도로과,가산동-2052,방범등,서울특별시 금천구 가산동 34-20,2025-06-17,37.4832144,126.8831771
서울특별시 금천구청 도로과,가산동-2053,방범등,서울특별시 금천구 가산동 34-15,2025-06-17,37.4830479,126.8833574
서울특별시 금천구청 도로과,가산동-2054,방범등,서울특별시 금천구 가산동 38-4,2025-06-17,37.4828497,126.8832556
서울특별시 금천구청 도로과,가산동-2055,방범등,서울특별시 금천구 가산동 29-6,2025-06-17,37.4831598,126.8840815
서울특별시 금천구청 도로과,가산동-2056,방범등,서울특별시 금천구 가산동 29-15,2025-06-17,37.4832724,126.8835334
서울특별시 금천구청 도로과,가산동-2057,방범등,서울특별시 금천구 가산동 34-43,2025-06-17,37.4834006,126.8834285
서울특별시 금천구청 도로과,가산동-2058,방범등,서울특별시 금천구 가산동 34-41,2025-06-17,37.4835793,126.8834688
서울특별시 금천구청 도로과,가산동-2059,방범등,서울특별시 금천구 가산동 34-6,2025-06-17,37.4837925,126.8834914
서울특별시 금천구청 도로과,가산동-206,방범등,서울특별시 금천구 가산동 5-24,2025-06-17,37.4848901,126.8818618
서울특별시 금천구청 도로과,가산동-2060,방범등,서울특별시 금천구 가산동 29-21,2025-06-17,37.4836511,126.8837203
서울특별시 금천구청 도로과,가산동-2061,방범등,서울특별시 금천구 가산동 29-21,2025-06-17,37.4836511,126.8837203
서울특별시 금천구청 도로과,가산동-2062,방범등,서울특별시 금천구 가산동 29-16,2025-06-17,37.4832416,126.8836274
서울특별시 금천구청 도로과,가산동-2063,방범등,서울특별시 금천구 가산동 29-20,2025-06-17,37.4835764,126.8839088
서울특별시 금천구청 도로과,가산동-2064,방범등,서울특별시 금천구 가산동 29-32,2025-06-17,37.4834606,126.8840372
서울특별시 금천구청 도로과,가산동-2065,방범등,서울특별시 금천구 가산동 29-22,2025-06-17,37.4833429,126.8842290
서울특별시 금천구청 도로과,가산동-2066,방범등,서울특별시 금천구 가산동 602-69,2025-06-17,37.4829670,126.8839105
서울특별시 금천구청 도로과,가산동-2067,방범등,서울특별시 금천구 가산동 39-1,2025-06-17,37.4828888,126.8839362
서울특별시 금천구청 도로과,가산동-2068,방범등,서울특별시 금천구 가산동 40-5건너(골말공원),2025-06-17,37.4827687,126.8841249
서울특별시 금천구청 도로과,가산동-2069,방범등,서울특별시 금천구 가산동 602-71,2025-06-17,37.4827321,126.8843942
서울특별시 금천구청 도로과,가산동-207,방범등,서울특별시 금천구 가산동 6-4,2025-06-17,37.4847488,126.8819094
서울특별시 금천구청 도로과,가산동-2070,방범등,서울특별시 금천구 가산동 602-71,2025-06-17,37.4827321,126.8843942
서울특별시 금천구청 도로과,가산동-2071,방범등,서울특별시 금천구 가산동 83-12건너(골말공원),2025-06-17,37.4828092,126.8848907
서울특별시 금천구청 도로과,가산동-2072,방범등,서울특별시 금천구 가산동 602-71,2025-06-17,37.4827321,126.8843942
서울특별시 금천구청 도로과,가산동-2073,방범등,서울특별시 금천구 가산동 34-64,2025-06-17,37.4838605,126.8829781
서울특별시 금천구청 도로과,가산동-2074,방범등,서울특별시 금천구 가산동 33-1,2025-06-17,37.4839919,126.8832681
서울특별시 금천구청 도로과,가산동-2075,방범등,서울특별시 금천구 가산동 345-1,2025-06-17,37.4763987,126.8842433
서울특별시 금천구청 도로과,가산동-2077,방범등,서울특별시 금천구 가산동 39-10,2025-06-17,37.4827545,126.8833595
서울특별시 금천구청 도로과,가산동-2078,방범등,서울특별시 금천구 가산동 38-4,2025-06-17,37.4828497,126.8832556
서울특별시 금천구청 도로과,가산동-2079,방범등,서울특별시 금천구 가산동 39-15,2025-06-17,37.4826313,126.8830255
서울특별시 금천구청 도로과,가산동-208,방범등,서울특별시 금천구 가산동 5-35,2025-06-17,37.4846918,126.8816442
서울특별시 금천구청 도로과,가산동-2080,방범등,서울특별시 금천구 가산동 39-15,2025-06-17,37.4826313,126.8830255
서울특별시 금천구청 도로과,가산동-2081,방범등,서울특별시 금천구 가산동 40-20,2025-06-17,37.4823985,126.8828485
서울특별시 금천구청 도로과,가산동-2082,방범등,서울특별시 금천구 가산동 41-10,2025-06-17,37.4823346,126.8831926
서울특별시 금천구청 도로과,가산동-2083,방범등,서울특별시 금천구 가산동 41-21,2025-06-17,37.4823767,126.8833143
서울특별시 금천구청 도로과,가산동-2084,방범등,서울특별시 금천구 가산동 41-1,2025-06-17,37.4825682,126.8839153
서울특별시 금천구청 도로과,가산동-2085,방범등,"서울특별시 금천구 가산동 42-16,49",2025-06-17,37.4821833,126.8831444
서울특별시 금천구청 도로과,가산동-2086,방범등,서울특별시 금천구 가산동 42-12,2025-06-17,37.4823849,126.8837552
서울특별시 금천구청 도로과,가산동-2087,방범등,서울특별시 금천구 가산동 42-13,2025-06-17,37.4822928,126.8834469
서울특별시 금천구청 도로과,가산동-2088,방범등,서울특별시 금천구 가산동 42-10,2025-06-17,37.4824307,126.8839075
서울특별시 금천구청 도로과,가산동-2089,방범등,서울특별시 금천구 가산동 42-7,2025-06-17,37.4825420,126.8842630
서울특별시 금천구청 도로과,가산동-209,방범등,서울특별시 금천구 가산동 7-14,2025-06-17,37.4845075,126.8819402
서울특별시 금천구청 도로과,가산동-2090,방범등,서울특별시 금천구 가산동 87-229,2025-06-17,37.4828980,126.8849911
서울특별시 금천구청 도로과,가산동-2091,방범등,서울특별시 금천구 가산동 83-2,2025-06-17,37.4827019,126.8849933
서울특별시 금천구청 도로과,가산동-2093,방범등,서울특별시 금천구 가산동 83-8,2025-06-17,37.4825155,126.8847482
서울특별시 금천구청 도로과,가산동-2094,방범등,서울특별시 금천구 가산동 83-22,2025-06-17,37.4825162,126.8853072
서울특별시 금천구청 도로과,가산동-2095,방범등,서울특별시 금천구 가산동 83-28,2025-06-17,37.4823531,126.8851037
서울특별시 금천구청 도로과,가산동-2096,방범등,서울특별시 금천구 가산동 79-2,2025-06-17,37.4819235,126.8857392
서울특별시 금천구청 도로과,가산동-2097,방범등,서울특별시 금천구 가산동 83-26,2025-06-17,37.4824103,126.8852511
서울특별시 금천구청 도로과,가산동-2099,방범등,서울특별시 금천구 가산동 79-2,2025-06-17,37.4819235,126.8857392
서울특별시 금천구청 도로과,가산동-301,방범등,서울특별시 금천구 가산동 140-24,2025-06-17,37.4788334,126.8897322
서울특별시 금천구청 도로과,가산동-3011,방범등,서울특별시 금천구 가산동 143-2,2025-06-17,37.4781328,126.8905528
서울특별시 금천구청 도로과,가산동-3012,방범등,서울특별시 금천구 가산동 143-11,2025-06-17,37.4780034,126.8903927
서울특별시 금천구청 도로과,가산동-3014,방범등,서울특별시 금천구 가산동 143-38,2025-06-17,37.4778559,126.8900748
서울특별시 금천구청 도로과,가산동-3015,방범등,서울특별시 금천구 가산동 60-8,2025-06-17,37.4775959,126.8890779
서울특별시 금천구청 도로과,가산동-3016,방범등,서울특별시 금천구 가산동 60-8,2025-06-17,37.4775959,126.8890779
서울특별시 금천구청 도로과,가산동-3017,방범등,서울특별시 금천구 가산동 60-8,2025-06-17,37.4775959,126.8890779
서울특별시 금천구청 도로과,가산동-3018,방범등,서울특별시 금천구 가산동 60-8,2025-06-17,37.4775959,126.8890779
서울특별시 금천구청 도로과,가산동-3019,방범등,서울특별시 금천구 가산동 60-8,2025-06-17,37.4775959,126.8890779
서울특별시 금천구청 도로과,가산동-302,방범등,서울특별시 금천구 가산동 140-34,2025-06-17,37.4785100,126.8896332
서울특별시 금천구청 도로과,가산동-3020,방범등,서울특별시 금천구 가산동 143-30,2025-06-17,37.4775849,126.8901183
서울특별시 금천구청 도로과,가산동-3021,방범등,서울특별시 금천구 가산동 143-37,2025-06-17,37.4779277,126.8901549
서울특별시 금천구청 도로과,가산동-3022,방범등,서울특별시 금천구 가산동 143-37,2025-06-17,37.4779277,126.8901549
서울특별시 금천구청 도로과,가산동-3023,방범등,서울특별시 금천구 가산동 143-50,2025-06-17,37.4777867,126.8905466
서울특별시 금천구청 도로과,가산동-3024,방범등,서울특별시 금천구 가산동 143-50,2025-06-17,37.4777867,126.8905466
서울특별시 금천구청 도로과,가산동-3025,방범등,서울특별시 금천구 가산동 143-22,2025-06-17,37.4773807,126.8905862
서울특별시 금천구청 도로과,가산동-3026,방범등,서울특별시 금천구 가산동 143-57,2025-06-17,37.4771249,126.8908410
서울특별시 금천구청 도로과,가산동-3027,방범등,서울특별시 금천구 가산동 143-56,2025-06-17,37.4772383,126.8906812
서울특별시 금천구청 도로과,가산동-3028,방범등,서울특별시 금천구 가산동 143-18,2025-06-17,37.4768525,126.8905124
서울특별시 금천구청 도로과,가산동-3029,방범등,서울특별시 금천구 가산동 60-8,2025-06-17,37.4775959,126.8890779
서울특별시 금천구청 도로과,가산동-3032,방범등,서울특별시 금천구 가산동 60-9,2025-06-17,37.4767139,126.8897879
서울특별시 금천구청 도로과,가산동-3033,방범등,서울특별시 금천구 가산동 143-18,2025-06-17,37.4768525,126.8905124
서울특별시 금천구청 도로과,가산동-3034,방범등,서울특별시 금천구 가산동 144-1,2025-06-17,37.4772840,126.8915170
서울특별시 금천구청 도로과,가산동-3035,방범등,서울특별시 금천구 가산동 144-1,2025-06-17,37.4772840,126.8915170
서울특별시 금천구청 도로과,가산동-3036,방범등,서울특별시 금천구 가산동 144-5,2025-06-17,37.4766375,126.8909929
서울특별시 금천구청 도로과,가산동-3037,방범등,서울특별시 금천구 가산동 143-17,2025-06-17,37.4769173,126.8906194
서울특별시 금천구청 도로과,가산동-3038,방범등,서울특별시 금천구 가산동 144-5,2025-06-17,37.4766375,126.8909929
서울특별시 금천구청 도로과,가산동-3039,방범등,서울특별시 금천구 가산동 219-21,2025-06-17,37.4763352,126.8904814
서울특별시 금천구청 도로과,가산동-3040,방범등,서울특별시 금천구 가산동 219-21,2025-06-17,37.4763352,126.8904814
서울특별시 금천구청 도로과,가산동-3041,방범등,서울특별시 금천구 가산동 219-21,2025-06-17,37.4763352,126.8904814
서울특별시 금천구청 도로과,가산동-3042,방범등,서울특별시 금천구 가산동 769(144-3건너),2025-06-17,37.4760490,126.8917223
서울특별시 금천구청 도로과,가산동-3043,방범등,서울특별시 금천구 가산동 769,2025-06-17,37.4760490,126.8917223
서울특별시 금천구청 도로과,가산동-3044,방범등,서울특별시 금천구 가산동 769,2025-06-17,37.4760490,126.8917223
서울특별시 금천구청 도로과,가산동-3045,방범등,서울특별시 금천구 가산동 769,2025-06-17,37.4760490,126.8917223
서울특별시 금천구청 도로과,가산동-3046,방범등,서울특별시 금천구 가산동 144-5,2025-06-17,37.4766375,126.8909929
서울특별시 금천구청 도로과,가산동-3048,방범등,서울특별시 금천구 가산동 769,2025-06-17,37.4760490,126.8917223
서울특별시 금천구청 도로과,가산동-3049,방범등,서울특별시 금천구 가산동 769,2025-06-17,37.4760490,126.8917223
서울특별시 금천구청 도로과,가산동-3050,방범등,서울특별시 금천구 가산동 769,2025-06-17,37.4760490,126.8917223
서울특별시 금천구청 도로과,가산동-3051,방범등,서울특별시 금천구 가산동 769,2025-06-17,37.4760490,126.8917223
서울특별시 금천구청 도로과,가산동-3052,방범등,서울특별시 금천구 가산동 152-8,2025-06-17,37.4760553,126.8925947
서울특별시 금천구청 도로과,가산동-3054,방범등,서울특별시 금천구 가산동 153-1,2025-06-17,37.4756148,126.8929106
서울특별시 금천구청 도로과,가산동-3055,방범등,서울특별시 금천구 가산동 769,2025-06-17,37.4760490,126.8917223
서울특별시 금천구청 도로과,가산동-3056,방범등,서울특별시 금천구 가산동 152-19,2025-06-17,37.4757970,126.8921275
서울특별시 금천구청 도로과,가산동-3057,방범등,서울특별시 금천구 가산동 152-43,2025-06-17,37.4757185,126.8921929
서울특별시 금천구청 도로과,가산동-3058,방범등,서울특별시 금천구 가산동 770,2025-06-17,37.4745588,126.8927122
서울특별시 금천구청 도로과,가산동-3059,방범등,서울특별시 금천구 가산동 770,2025-06-17,37.4745588,126.8927122
서울특별시 금천구청 도로과,가산동-3060,방범등,서울특별시 금천구 가산동 770,2025-06-17,37.4745588,126.8927122
서울특별시 금천구청 도로과,가산동-3061,방범등,서울특별시 금천구 가산동 770,2025-06-17,37.4745588,126.8927122
서울특별시 금천구청 도로과,가산동-3062,방범등,서울특별시 금천구 가산동 771,2025-06-17,37.4742895,126.8911524
서울특별시 금천구청 도로과,가산동-3063,방범등,서울특별시 금천구 가산동 140-16,2025-06-17,37.4783324,126.8902391
서울특별시 금천구청 도로과,가산동-3064,방범등,서울특별시 금천구 가산동 144-3,2025-06-17,37.4768807,126.8917578
서울특별시 금천구청 도로과,가산동-3068,방범등,서울특별시 금천구 가산동 769,2025-06-17,37.4760490,126.8917223
서울특별시 금천구청 도로과,가산동-3069,방범등,서울특별시 금천구 가산동 152-4,2025-06-17,37.4759057,126.8920734
서울특별시 금천구청 도로과,가산동-3070,방범등,서울특별시 금천구 가산동 144-3,2025-06-17,37.4768807,126.8917578
서울특별시 금천구청 도로과,가산동-3071,방범등,서울특별시 금천구 가산동 143-28,2025-06-17,37.4774289,126.8901141
서울특별시 금천구청 도로과,가산동-3072,방범등,서울특별시 금천구 가산동 219-21,2025-06-17,37.4763352,126.8904814
서울특별시 금천구청 도로과,가산동-309,방범등,서울특별시 금천구 가산동 143-1,2025-06-17,37.4782133,126.8906924
서울특별시 금천구청 도로과,가산동-401,방범등,서울특별시 금천구 가산동 142-42,2025-06-17,37.4783783,126.8910646
서울특별시 금천구청 도로과,가산동-4010,방범등,서울특별시 금천구 가산동 145-30,2025-06-17,37.4778103,126.8922061
서울특별시 금천구청 도로과,가산동-40101,방범등,서울특별시 금천구 가산동 149-30,2025-06-17,37.4757521,126.8946077
서울특별시 금천구청 도로과,가산동-40102,방범등,서울특별시 금천구 가산동 150-7,2025-06-17,37.4755488,126.8939159
서울특별시 금천구청 도로과,가산동-40103,방범등,서울특별시 금천구 가산동 150-8(149-44앞),2025-06-17,37.4750352,126.8941791
서울특별시 금천구청 도로과,가산동-40104,방범등,서울특별시 금천구 가산동 149-13,2025-06-17,37.4753339,126.8952493
서울특별시 금천구청 도로과,가산동-40105,방범등,서울특별시 금천구 가산동 149-41,2025-06-17,37.4754056,126.8948726
서울특별시 금천구청 도로과,가산동-40106,방범등,서울특별시 금천구 가산동 150-8(149-19알),2025-06-17,37.4750352,126.8941791
서울특별시 금천구청 도로과,가산동-40107,방범등,서울특별시 금천구 가산동 150-8,2025-06-17,37.4750352,126.8941791
서울특별시 금천구청 도로과,가산동-40108,방범등,서울특별시 금천구 가산동 149-15,2025-06-17,37.4751843,126.8950663
서울특별시 금천구청 도로과,가산동-40109,방범등,서울특별시 금천구 가산동 149-53,2025-06-17,37.4750530,126.8948361
서울특별시 금천구청 도로과,가산동-4011,방범등,서울특별시 금천구 가산동 145-13,2025-06-17,37.4779307,126.8923461
서울특별시 금천구청 도로과,가산동-40110,방범등,서울특별시 금천구 가산동 149-11,2025-06-17,37.4753991,126.8953662
서울특별시 금천구청 도로과,가산동-40111,방범등,서울특별시 금천구 가산동 148-11(조마공원),2025-06-17,37.4755887,126.8957276
서울특별시 금천구청 도로과,가산동-40112,방범등,서울특별시 금천구 가산동 148-11(조마공원),2025-06-17,37.4755887,126.8957276
서울특별시 금천구청 도로과,가산동-40113,방범등,서울특별시 금천구 가산동 148-45,2025-06-17,37.4764472,126.8957844
서울특별시 금천구청 도로과,가산동-40116,방범등,서울특별시 금천구 가산동 148-11(조마공원),2025-06-17,37.4755887,126.8957276
서울특별시 금천구청 도로과,가산동-40118,방범등,서울특별시 금천구 가산동 148-11(조마공원),2025-06-17,37.4755887,126.8957276
서울특별시 금천구청 도로과,가산동-40119,방범등,서울특별시 금천구 가산동 149-35,2025-06-17,37.4755604,126.8950327
서울특별시 금천구청 도로과,가산동-4012,방범등,서울특별시 금천구 가산동 146-83,2025-06-17,37.4783101,126.8928174
서울특별시 금천구청 도로과,가산동-40120,방범등,서울특별시 금천구 가산동 148-12,2025-06-17,37.4757347,126.8954823
서울특별시 금천구청 도로과,가산동-40121,방범등,서울특별시 금천구 가산동 148-18,2025-06-17,37.4760009,126.8955782
서울특별시 금천구청 도로과,가산동-40122,방범등,서울특별시 금천구 가산동 148-17,2025-06-17,37.4761245,126.8958307
서울특별시 금천구청 도로과,가산동-40123,방범등,서울특별시 금천구 가산동 149-54,2025-06-17,37.4757446,126.8952406
서울특별시 금천구청 도로과,가산동-40124,방범등,서울특별시 금천구 가산동 149-8,2025-06-17,37.4757940,126.8950182
서울특별시 금천구청 도로과,가산동-40128,방범등,서울특별시 금천구 가산동 149-6,2025-06-17,37.4759094,126.8949304
서울특별시 금천구청 도로과,가산동-40129,방범등,서울특별시 금천구 가산동 149-6,2025-06-17,37.4759094,126.8949304
서울특별시 금천구청 도로과,가산동-4013,방범등,서울특별시 금천구 가산동 142-5,2025-06-17,37.4783775,126.8924134
서울특별시 금천구청 도로과,가산동-40130,방범등,"서울특별시 금천구 가산동 148-25,42",2025-06-17,37.4761661,126.8951867
서울특별시 금천구청 도로과,가산동-40133,방범등,서울특별시 금천구 가산동 149-5,2025-06-17,37.4759947,126.8948057
서울특별시 금천구청 도로과,가산동-40134,방범등,서울특별시 금천구 가산동 148-30,2025-06-17,37.4763496,126.8952588
서울특별시 금천구청 도로과,가산동-40135,방범등,서울특별시 금천구 가산동 148-30,2025-06-17,37.4763496,126.8952588
서울특별시 금천구청 도로과,가산동-40136,방범등,서울특별시 금천구 가산동 149-49 (영화),2025-06-17,37.4763829,126.8947689
서울특별시 금천구청 도로과,가산동-40137,방범등,서울특별시 금천구 가산동 149-49 (영화),2025-06-17,37.4763829,126.8947689
서울특별시 금천구청 도로과,가산동-40138,방범등,서울특별시 금천구 가산동 149-49 (영화),2025-06-17,37.4763829,126.8947689
서울특별시 금천구청 도로과,가산동-4014,방범등,서울특별시 금천구 가산동 146-85,2025-06-17,37.4785106,126.8931134
서울특별시 금천구청 도로과,가산동-40141,방범등,서울특별시 금천구 가산동 148-39,2025-06-17,37.4758457,126.8963767
서울특별시 금천구청 도로과,가산동-40142,방범등,서울특별시 금천구 가산동 148-35,2025-06-17,37.4759916,126.8962656
서울특별시 금천구청 도로과,가산동-40143,방범등,서울특별시 금천구 가산동 148-40,2025-06-17,37.4759055,126.8965090
서울특별시 금천구청 도로과,가산동-40144,방범등,서울특별시 금천구 가산동 148-6,2025-06-17,37.4762507,126.8961950
서울특별시 금천구청 도로과,가산동-40145,방범등,서울특별시 금천구 가산동 151-35,2025-06-17,37.4763618,126.8927766
서울특별시 금천구청 도로과,가산동-40146,방범등,서울특별시 금천구 가산동 151-34,2025-06-17,37.4764814,126.8930336
서울특별시 금천구청 도로과,가산동-40147,방범등,서울특별시 금천구 가산동 149-25,2025-06-17,37.4762658,126.8941470
서울특별시 금천구청 도로과,가산동-40148,방범등,서울특별시 금천구 가산동 149-26,2025-06-17,37.4761801,126.8939925
서울특별시 금천구청 도로과,가산동-40149,방범등,서울특별시 금천구 가산동 151-54,2025-06-17,37.4771107,126.8942638
서울특별시 금천구청 도로과,가산동-4015,방범등,서울특별시 금천구 가산동 145-12,2025-06-17,37.4777166,126.8923865
서울특별시 금천구청 도로과,가산동-40150,방범등,서울특별시 금천구 가산동 151-14,2025-06-17,37.4767921,126.8938913
서울특별시 금천구청 도로과,가산동-40151,방범등,서울특별시 금천구 가산동 151-14,2025-06-17,37.4767921,126.8938913
서울특별시 금천구청 도로과,가산동-40152,방범등,서울특별시 금천구 가산동 151-14,2025-06-17,37.4767921,126.8938913
서울특별시 금천구청 도로과,가산동-40153,방범등,서울특별시 금천구 가산동 151-52,2025-06-17,37.4766848,126.8933535
서울특별시 금천구청 도로과,가산동-40155,방범등,서울특별시 금천구 가산동 151-52,2025-06-17,37.4766848,126.8933535
서울특별시 금천구청 도로과,가산동-40156,방범등,서울특별시 금천구 가산동 151-33,2025-06-17,37.4763836,126.8931147
서울특별시 금천구청 도로과,가산동-40157,방범등,서울특별시 금천구 가산동 151-49,2025-06-17,37.4768366,126.8925793
서울특별시 금천구청 도로과,가산동-40158,방범등,서울특별시 금천구 가산동 145-20,2025-06-17,37.4770234,126.8923383
서울특별시 금천구청 도로과,가산동-40159,방범등,서울특별시 금천구 가산동 145-2,2025-06-17,37.4779224,126.8925900
서울특별시 금천구청 도로과,가산동-4016,방범등,서울특별시 금천구 가산동 145-17 (29옆),2025-06-17,37.4774784,126.8921272
서울특별시 금천구청 도로과,가산동-40160,방범등,서울특별시 금천구 가산동 142-34,2025-06-17,37.4778226,126.8917490
서울특별시 금천구청 도로과,가산동-40161,방범등,서울특별시 금천구 가산동 142-36 ,2025-06-17,37.4779135,126.8917034
서울특별시 금천구청 도로과,가산동-40162,방범등,서울특별시 금천구 가산동 142-58,2025-06-17,37.4787322,126.8916199
서울특별시 금천구청 도로과,가산동-40163,방범등,서울특별시 금천구 가산동 149-20,2025-06-17,37.4751338,126.8946868
서울특별시 금천구청 도로과,가산동-40164,방범등,서울특별시 금천구 가산동 149-55,2025-06-17,37.4757052,126.8951524
서울특별시 금천구청 도로과,가산동-40165,방범등,서울특별시 금천구 가산동 149-54,2025-06-17,37.4757446,126.8952406
서울특별시 금천구청 도로과,가산동-40167,방범등,서울특별시 금천구 가산동 151-28,2025-06-17,37.4767838,126.8930890
서울특별시 금천구청 도로과,가산동-40168,방범등,서울특별시 금천구 가산동 149-20,2025-06-17,37.4751338,126.8946868
서울특별시 금천구청 도로과,가산동-40169,방범등,서울특별시 금천구 가산동 149-23,2025-06-17,37.4758039,126.8943056
서울특별시 금천구청 도로과,가산동-4017,방범등,서울특별시 금천구 가산동 145-12,2025-06-17,37.4777166,126.8923865
서울특별시 금천구청 도로과,가산동-40170,방범등,서울특별시 금천구 가산동 148-1,2025-06-17,37.4767255,126.8960460
서울특별시 금천구청 도로과,가산동-40171,방범등,서울특별시 금천구 가산동 141-7,2025-06-17,37.4787245,126.8911433
서울특별시 금천구청 도로과,가산동-40172,방범등,서울특별시 금천구 가산동 149-21,2025-06-17,37.4754189,126.8943651
서울특별시 금천구청 도로과,가산동-40174,방범등,서울특별시 금천구 가산동 148-11,2025-06-17,37.4755887,126.8957276
서울특별시 금천구청 도로과,가산동-40175,방범등,서울특별시 금천구 가산동 148-17,2025-06-17,37.4761245,126.8958307
서울특별시 금천구청 도로과,가산동-40176,방범등,서울특별시 금천구 가산동 147-56,2025-06-17,37.4778139,126.8950568
서울특별시 금천구청 도로과,가산동-40177,방범등,서울특별시 금천구 가산동 147-52,2025-06-17,37.4775501,126.8947824
서울특별시 금천구청 도로과,가산동-4018,방범등,서울특별시 금천구 가산동 145-40,2025-06-17,37.4774113,126.8926954
서울특별시 금천구청 도로과,가산동-40180,방범등,서울특별시 금천구 가산동 150-8,2025-06-17,37.4750352,126.8941791
서울특별시 금천구청 도로과,가산동-40181,방범등,서울특별시 금천구 가산동 146-8,2025-06-17,37.4778368,126.8946132
서울특별시 금천구청 도로과,가산동-40185,방범등,서울특별시 금천구 가산동 147-10,2025-06-17,37.4781022,126.8953617
서울특별시 금천구청 도로과,가산동-40186,방범등,서울특별시 금천구 가산동 142-30,2025-06-17,37.4782587,126.8916613
서울특별시 금천구청 도로과,가산동-40188,방범등,서울특별시 금천구 가산동 142-22,2025-06-17,37.4785235,126.8912196
서울특별시 금천구청 도로과,가산동-40189,방범등,서울특별시 금천구 가산동 145-6,2025-06-17,37.4775471,126.8931889
서울특별시 금천구청 도로과,가산동-4019,방범등,서울특별시 금천구 가산동 151-50,2025-06-17,37.4767937,126.8924207
서울특별시 금천구청 도로과,가산동-40190,방범등,서울특별시 금천구 가산동 142-20,2025-06-17,37.4786703,126.8914560
서울특별시 금천구청 도로과,가산동-40192,방범등,서울특별시 금천구 가산동 147-21,2025-06-17,37.4775732,126.8953776
서울특별시 금천구청 도로과,가산동-40194,방범등,서울특별시 금천구 가산동 147-42,2025-06-17,37.4774990,126.8945212
서울특별시 금천구청 도로과,가산동-40195,방범등,서울특별시 금천구 가산동 149-59,2025-06-17,37.4752160,126.8948776
서울특별시 금천구청 도로과,가산동-40196,방범등,서울특별시 금천구 가산동 145-2,2025-06-17,37.4779224,126.8925900
서울특별시 금천구청 도로과,가산동-40197,방범등,서울특별시 금천구 가산동 147-62,2025-06-17,37.4776113,126.8949716
서울특별시 금천구청 도로과,가산동-40199,방범등,서울특별시 금천구 가산동 147-49,2025-06-17,37.4775610,126.8956202
서울특별시 금천구청 도로과,가산동-402,방범등,서울특별시 금천구 가산동 141-20 (141-7),2025-06-17,37.4786610,126.8910377
서울특별시 금천구청 도로과,가산동-4020,방범등,"서울특별시 금천구 가산동 151-27,48",2025-06-17,37.4769889,126.8929083
서울특별시 금천구청 도로과,가산동-40200,방범등,서울특별시 금천구 가산동 147-54,2025-06-17,37.4781047,126.8955141
서울특별시 금천구청 도로과,가산동-40201,방범등,서울특별시 금천구 가산동 147-48,2025-06-17,37.4776639,126.8955821
서울특별시 금천구청 도로과,가산동-40202,방범등,서울특별시 금천구 가산동 147-46,2025-06-17,37.4778696,126.8955077
서울특별시 금천구청 도로과,가산동-40203,방범등,서울특별시 금천구 가산동 149-27,2025-06-17,37.4761345,126.8938009
서울특별시 금천구청 도로과,가산동-40204,방범등,서울특별시 금천구 가산동 149-36,2025-06-17,37.4754765,126.8944829
서울특별시 금천구청 도로과,가산동-40205,방범등,서울특별시 금천구 가산동 149-44,2025-06-17,37.4752294,126.8945264
서울특별시 금천구청 도로과,가산동-40206,방범등,서울특별시 금천구 가산동 149-8,2025-06-17,37.4757940,126.8950182
서울특별시 금천구청 도로과,가산동-40207,방범등,서울특별시 금천구 가산동 149-8,2025-06-17,37.4757940,126.8950182
서울특별시 금천구청 도로과,가산동-4021,방범등,서울특별시 금천구 가산동 151-27,2025-06-17,37.4769889,126.8929083
서울특별시 금천구청 도로과,가산동-4022,방범등,서울특별시 금천구 가산동 145-9,2025-06-17,37.4772955,126.8929518
서울특별시 금천구청 도로과,가산동-4023,방범등,서울특별시 금천구 가산동 145-9,2025-06-17,37.4772955,126.8929518
서울특별시 금천구청 도로과,가산동-4024,방범등,서울특별시 금천구 가산동 145-6,2025-06-17,37.4775471,126.8931889
서울특별시 금천구청 도로과,가산동-4028,방범등,"서울특별시 금천구 가산동 151-63,18",2025-06-17,37.4772449,126.8933894
서울특별시 금천구청 도로과,가산동-4029,방범등,서울특별시 금천구 가산동 151-16(151-18앞),2025-06-17,37.4772960,126.8937647
서울특별시 금천구청 도로과,가산동-403,방범등,서울특별시 금천구 가산동 141-6,2025-06-17,37.4787944,126.8912926
서울특별시 금천구청 도로과,가산동-4030,방범등,서울특별시 금천구 가산동 151-62,2025-06-17,37.4772028,126.8935897
서울특별시 금천구청 도로과,가산동-4031,방범등,서울특별시 금천구 가산동 151-19,2025-06-17,37.4770442,126.8936676
서울특별시 금천구청 도로과,가산동-4032,방범등,서울특별시 금천구 가산동 146-28,2025-06-17,37.4775138,126.8936147
서울특별시 금천구청 도로과,가산동-4033,방범등,서울특별시 금천구 가산동 151-16,2025-06-17,37.4772960,126.8937647
서울특별시 금천구청 도로과,가산동-4034,방범등,서울특별시 금천구 가산동 151-5,2025-06-17,37.4773486,126.8938942
서울특별시 금천구청 도로과,가산동-4037,방범등,서울특별시 금천구 가산동 146-73,2025-06-17,37.4778779,126.8932584
서울특별시 금천구청 도로과,가산동-4038,방범등,서울특별시 금천구 가산동 146-79,2025-06-17,37.4779427,126.8930727
서울특별시 금천구청 도로과,가산동-404,방범등,서울특별시 금천구 가산동 142-49,2025-06-17,37.4783452,126.8913313
서울특별시 금천구청 도로과,가산동-4040,방범등,서울특별시 금천구 가산동 146-81,2025-06-17,37.4781078,126.8928468
서울특별시 금천구청 도로과,가산동-4041,방범등,서울특별시 금천구 가산동 145-1,2025-06-17,37.4780684,126.8924593
서울특별시 금천구청 도로과,가산동-4042,방범등,서울특별시 금천구 가산동 146-44,2025-06-17,37.4778929,126.8940342
서울특별시 금천구청 도로과,가산동-4043,방범등,서울특별시 금천구 가산동 146-74,2025-06-17,37.4779962,126.8934439
서울특별시 금천구청 도로과,가산동-4044,방범등,서울특별시 금천구 가산동 146-66,2025-06-17,37.4780998,126.8936689
서울특별시 금천구청 도로과,가산동-4045,방범등,서울특별시 금천구 가산동 146-77,2025-06-17,37.4782510,126.8935730
서울특별시 금천구청 도로과,가산동-4046,방범등,서울특별시 금천구 가산동 146-61 ,2025-06-17,37.4784491,126.8937742
서울특별시 금천구청 도로과,가산동-4047,방범등,서울특별시 금천구 가산동 146-60,2025-06-17,37.4783135,126.8938340
서울특별시 금천구청 도로과,가산동-4048,방범등,서울특별시 금천구 가산동 146-54,2025-06-17,37.4779763,126.8938957
서울특별시 금천구청 도로과,가산동-4049,방범등,서울특별시 금천구 가산동 146-55,2025-06-17,37.4778750,126.8939000
서울특별시 금천구청 도로과,가산동-405,방범등,서울특별시 금천구 가산동 142-30,2025-06-17,37.4782587,126.8916613
서울특별시 금천구청 도로과,가산동-4050,방범등,서울특별시 금천구 가산동 146-20,2025-06-17,37.4776534,126.8939931
서울특별시 금천구청 도로과,가산동-4052,방범등,서울특별시 금천구 가산동 146-41,2025-06-17,37.4780481,126.8942019
서울특별시 금천구청 도로과,가산동-4054,방범등,서울특별시 금천구 가산동 146-37,2025-06-17,37.4783113,126.8943129
서울특별시 금천구청 도로과,가산동-4055,방범등,서울특별시 금천구 가산동 146-13,2025-06-17,37.4777913,126.8943085
서울특별시 금천구청 도로과,가산동-4056,방범등,서울특별시 금천구 가산동 146-7,2025-06-17,37.4779317,126.8945001
서울특별시 금천구청 도로과,가산동-4057,방범등,서울특별시 금천구 가산동 146-2,2025-06-17,37.4782632,126.8948558
서울특별시 금천구청 도로과,가산동-4059,방범등,서울특별시 금천구 가산동 147-23,2025-06-17,37.4780408,126.8952150
서울특별시 금천구청 도로과,가산동-406,방범등,서울특별시 금천구 가산동 142-9,2025-06-17,37.4781456,126.8921397
서울특별시 금천구청 도로과,가산동-4060,방범등,서울특별시 금천구 가산동 147-42,2025-06-17,37.4774990,126.8945212
서울특별시 금천구청 도로과,가산동-4061,방범등,서울특별시 금천구 가산동 147-25,2025-06-17,37.4779089,126.8950288
서울특별시 금천구청 도로과,가산동-4062,방범등,서울특별시 금천구 가산동 147-41,2025-06-17,37.4776762,126.8947449
서울특별시 금천구청 도로과,가산동-4063,방범등,서울특별시 금천구 가산동 146-95,2025-06-17,37.4776332,126.8943452
서울특별시 금천구청 도로과,가산동-4064,방범등,서울특별시 금천구 가산동 147-27,2025-06-17,37.4777736,126.8949155
서울특별시 금천구청 도로과,가산동-4065,방범등,서울특별시 금천구 가산동 147-62,2025-06-17,37.4776113,126.8949716
서울특별시 금천구청 도로과,가산동-4066,방범등,서울특별시 금천구 가산동 147-35,2025-06-17,37.4772112,126.8947792
서울특별시 금천구청 도로과,가산동-4067,방범등,서울특별시 금천구 가산동 151-2,2025-06-17,37.4773145,126.8943031
서울특별시 금천구청 도로과,가산동-4068,방범등,서울특별시 금천구 가산동 147-35,2025-06-17,37.4772112,126.8947792
서울특별시 금천구청 도로과,가산동-4069,방범등,서울특별시 금천구 가산동 151-65,2025-06-17,37.4769865,126.8944467
서울특별시 금천구청 도로과,가산동-407,방범등,서울특별시 금천구 가산동 142-32 ,2025-06-17,37.4780723,126.8918118
서울특별시 금천구청 도로과,가산동-4070,방범등,서울특별시 금천구 가산동 147-33,2025-06-17,37.4770201,126.8947712
서울특별시 금천구청 도로과,가산동-4071,방범등,서울특별시 금천구 가산동 149-1,2025-06-17,37.4765757,126.8946280
서울특별시 금천구청 도로과,가산동-4075,방범등,"서울특별시 금천구 가산동 147-50,16",2025-06-17,37.4774573,126.8956577
서울특별시 금천구청 도로과,가산동-4077,방범등,서울특별시 금천구 가산동 147-16,2025-06-17,37.4773576,126.8956954
서울특별시 금천구청 도로과,가산동-4078,방범등,서울특별시 금천구 가산동 147-19,2025-06-17,37.4772500,126.8954937
서울특별시 금천구청 도로과,가산동-4079,방범등,서울특별시 금천구 가산동 147-59,2025-06-17,37.4771055,126.8953602
서울특별시 금천구청 도로과,가산동-408,방범등,서울특별시 금천구 가산동 145-27 ,2025-06-17,37.4774822,126.8918106
서울특별시 금천구청 도로과,가산동-4080,방범등,서울특별시 금천구 가산동 147-60 ,2025-06-17,37.4770586,126.8951711
서울특별시 금천구청 도로과,가산동-4081,방범등,서울특별시 금천구 가산동 147-43 ,2025-06-17,37.4768936,126.8948162
서울특별시 금천구청 도로과,가산동-4082,방범등,서울특별시 금천구 가산동 147-43,2025-06-17,37.4768936,126.8948162
서울특별시 금천구청 도로과,가산동-4083,방범등,서울특별시 금천구 가산동 151-9,2025-06-17,37.4768209,126.8944739
서울특별시 금천구청 도로과,가산동-4084,방범등,서울특별시 금천구 가산동 151-12,2025-06-17,37.4766030,126.8941666
서울특별시 금천구청 도로과,가산동-4085,방범등,서울특별시 금천구 가산동 151-14,2025-06-17,37.4767921,126.8938913
서울특별시 금천구청 도로과,가산동-4086,방범등,서울특별시 금천구 가산동 151-12,2025-06-17,37.4766030,126.8941666
서울특별시 금천구청 도로과,가산동-4087,방범등,서울특별시 금천구 가산동 149-25,2025-06-17,37.4762658,126.8941470
서울특별시 금천구청 도로과,가산동-4088,방범등,서울특별시 금천구 가산동 151-43,2025-06-17,37.4763917,126.8937766
서울특별시 금천구청 도로과,가산동-4089,방범등,서울특별시 금천구 가산동 151-60,2025-06-17,37.4762849,126.8935865
서울특별시 금천구청 도로과,가산동-409,방범등,서울특별시 금천구 가산동 145-15,2025-06-17,37.4776155,126.8919982
서울특별시 금천구청 도로과,가산동-4091,방범등,서울특별시 금천구 가산동 151-42,2025-06-17,37.4765167,126.8936705
서울특별시 금천구청 도로과,가산동-4092,방범등,서울특별시 금천구 가산동 151-29,2025-06-17,37.4766420,126.8935634
서울특별시 금천구청 도로과,가산동-4093,방범등,서울특별시 금천구 가산동 151-52,2025-06-17,37.4766848,126.8933535
서울특별시 금천구청 도로과,가산동-4094,방범등,서울특별시 금천구 가산동 151-47,2025-06-17,37.4762352,126.8934964
서울특별시 금천구청 도로과,가산동-4095,방범등,서울특별시 금천구 가산동 150-1,2025-06-17,37.4759805,126.8935522
서울특별시 금천구청 도로과,가산동-4096,방범등,서울특별시 금천구 가산동 151-30,2025-06-17,37.4761515,126.8931852
서울특별시 금천구청 도로과,가산동-4097,방범등,서울특별시 금천구 가산동 150-2,2025-06-17,37.4757913,126.8933758
서울특별시 금천구청 도로과,가산동-4098,방범등,서울특별시 금천구 가산동 149-24,2025-06-17,37.4759720,126.8939459
서울특별시 금천구청 도로과,가산동-4099,방범등,서울특별시 금천구 가산동 151-65,2025-06-17,37.4769865,126.8944467
서울특별시 금천구청 도로과,가산동-501,방범등,서울특별시 금천구 가산동 237-32,2025-06-17,37.4735966,126.8906116
서울특별시 금천구청 도로과,가산동-5010,방범등,서울특별시 금천구 가산동 236-8,2025-06-17,37.4737537,126.8919687
서울특별시 금천구청 도로과,가산동-5011,방범등,서울특별시 금천구 가산동 236-8,2025-06-17,37.4737537,126.8919687
서울특별시 금천구청 도로과,가산동-5012,방범등,서울특별시 금천구 가산동 769,2025-06-17,37.4760490,126.8917223
서울특별시 금천구청 도로과,가산동-5013,방범등,서울특별시 금천구 가산동 234-35,2025-06-17,37.4735319,126.8925567
서울특별시 금천구청 도로과,가산동-5014,방범등,서울특별시 금천구 가산동 234-32,2025-06-17,37.4734726,126.8927949
서울특별시 금천구청 도로과,가산동-5015,방범등,서울특별시 금천구 가산동 234-31,2025-06-17,37.4734566,126.8930172
서울특별시 금천구청 도로과,가산동-5016,방범등,서울특별시 금천구 가산동 234-41,2025-06-17,37.4734474,126.8938569
서울특별시 금천구청 도로과,가산동-5018,방범등,서울특별시 금천구 가산동 153-9,2025-06-17,37.4737927,126.8940198
서울특별시 금천구청 도로과,가산동-5019,방범등,서울특별시 금천구 가산동 234-41,2025-06-17,37.4734474,126.8938569
서울특별시 금천구청 도로과,가산동-502,방범등,서울특별시 금천구 가산동 236-24,2025-06-17,37.4739442,126.8909591
서울특별시 금천구청 도로과,가산동-5020,방범등,"서울특별시 금천구 가산동 234-3,4",2025-06-17,37.4732230,126.8936799
서울특별시 금천구청 도로과,가산동-5021,방범등,서울특별시 금천구 가산동 234-6,2025-06-17,37.4728848,126.8937847
서울특별시 금천구청 도로과,가산동-5022,방범등,서울특별시 금천구 가산동 234-7,2025-06-17,37.4727615,126.8938028
서울특별시 금천구청 도로과,가산동-5023,방범등,서울특별시 금천구 가산동 234-12,2025-06-17,37.4726296,126.8935924
서울특별시 금천구청 도로과,가산동-5024,방범등,서울특별시 금천구 가산동 234-45,2025-06-17,37.4723717,126.8936057
서울특별시 금천구청 도로과,가산동-5025,방범등,서울특별시 금천구 가산동 234-45,2025-06-17,37.4723717,126.8936057
서울특별시 금천구청 도로과,가산동-5027,방범등,서울특별시 금천구 가산동 234-22,2025-06-17,37.4723684,126.8930246
서울특별시 금천구청 도로과,가산동-5028,방범등,서울특별시 금천구 가산동 235-34,2025-06-17,37.4723926,126.8925972
서울특별시 금천구청 도로과,가산동-5029,방범등,서울특별시 금천구 가산동 235-44,2025-06-17,37.4724717,126.8920059
서울특별시 금천구청 도로과,가산동-503,방범등,"서울특별시 금천구 가산동 235-61,1",2025-06-17,37.4734412,126.8909668
서울특별시 금천구청 도로과,가산동-5030,방범등,서울특별시 금천구 가산동 235-43,2025-06-17,37.4727043,126.8918804
서울특별시 금천구청 도로과,가산동-5031,방범등,서울특별시 금천구 가산동 235-45,2025-06-17,37.4724775,126.8918714
서울특별시 금천구청 도로과,가산동-5032,방범등,서울특별시 금천구 가산동 235-48,2025-06-17,37.4724891,126.8915671
서울특별시 금천구청 도로과,가산동-5033,방범등,서울특별시 금천구 가산동 235-50,2025-06-17,37.4725582,126.8909696
서울특별시 금천구청 도로과,가산동-5034,방범등,서울특별시 금천구 가산동 235-34,2025-06-17,37.4723926,126.8925972
서울특별시 금천구청 도로과,가산동-5035,방범등,서울특별시 금천구 가산동 235-37,2025-06-17,37.4725067,126.8923618
서울특별시 금천구청 도로과,가산동-5036,방범등,서울특별시 금천구 가산동 235-40,2025-06-17,37.4725441,126.8921404
서울특별시 금천구청 도로과,가산동-5038,방범등,서울특별시 금천구 가산동 235-21,2025-06-17,37.4726656,126.8923799
서울특별시 금천구청 도로과,가산동-5039,방범등,서울특별시 금천구 가산동 235-15,2025-06-17,37.4730406,126.8918385
서울특별시 금천구청 도로과,가산동-504,방범등,서울특별시 금천구 가산동 236-9,2025-06-17,37.4737798,126.8914305
서울특별시 금천구청 도로과,가산동-5040,방범등,서울특별시 금천구 가산동 235-47,2025-06-17,37.4726815,126.8917404
서울특별시 금천구청 도로과,가산동-5043,방범등,서울특별시 금천구 가산동 235-63,2025-06-17,37.4728453,126.8911555
서울특별시 금천구청 도로과,가산동-5044,방범등,서울특별시 금천구 가산동 235-14,2025-06-17,37.4730242,126.8916121
서울특별시 금천구청 도로과,가산동-5045,방범등,서울특별시 금천구 가산동 235-56,2025-06-17,37.4730372,126.8911192
서울특별시 금천구청 도로과,가산동-5047,방범등,서울특별시 금천구 가산동 235-60,2025-06-17,37.4733587,126.8911612
서울특별시 금천구청 도로과,가산동-5048,방범등,서울특별시 금천구 가산동 235-19,2025-06-17,37.4725724,126.8925408
서울특별시 금천구청 도로과,가산동-5049,방범등,서울특별시 금천구 가산동 235-18,2025-06-17,37.4727243,126.8925184
서울특별시 금천구청 도로과,가산동-505,방범등,서울특별시 금천구 가산동 236-9,2025-06-17,37.4737798,126.8914305
서울특별시 금천구청 도로과,가산동-5050,방범등,서울특별시 금천구 가산동 235-76,2025-06-17,37.4729675,126.8923034
서울특별시 금천구청 도로과,가산동-5051,방범등,서울특별시 금천구 가산동 235-74,2025-06-17,37.4731057,126.8922631
서울특별시 금천구청 도로과,가산동-5052,방범등,서울특별시 금천구 가산동 235-74,2025-06-17,37.4731057,126.8922631
서울특별시 금천구청 도로과,가산동-5053,방범등,서울특별시 금천구 가산동 235-76,2025-06-17,37.4729675,126.8923034
서울특별시 금천구청 도로과,가산동-5054,방범등,서울특별시 금천구 가산동 235-76,2025-06-17,37.4729675,126.8923034
서울특별시 금천구청 도로과,가산동-5055,방범등,서울특별시 금천구 가산동 235-73,2025-06-17,37.4732058,126.8922271
서울특별시 금천구청 도로과,가산동-5056,방범등,서울특별시 금천구 가산동 236-9(나동),2025-06-17,37.4737798,126.8914305
서울특별시 금천구청 도로과,가산동-5057,방범등,서울특별시 금천구 가산동 234-34,2025-06-17,37.4734046,126.8925620
서울특별시 금천구청 도로과,가산동-5058,방범등,서울특별시 금천구 가산동 234-35(235-3앞),2025-06-17,37.4735319,126.8925567
서울특별시 금천구청 도로과,가산동-5059,방범등,서울특별시 금천구 가산동 769,2025-06-17,37.4760490,126.8917223
서울특별시 금천구청 도로과,가산동-506,방범등,서울특별시 금천구 가산동 236-9,2025-06-17,37.4737798,126.8914305
서울특별시 금천구청 도로과,가산동-5060,방범등,서울특별시 금천구 가산동 769,2025-06-17,37.4760490,126.8917223
서울특별시 금천구청 도로과,가산동-5061,방범등,서울특별시 금천구 가산동 769,2025-06-17,37.4760490,126.8917223
서울특별시 금천구청 도로과,가산동-5062,방범등,서울특별시 금천구 가산동 769,2025-06-17,37.4760490,126.8917223
서울특별시 금천구청 도로과,가산동-5063,방범등,서울특별시 금천구 가산동 769,2025-06-17,37.4760490,126.8917223
서울특별시 금천구청 도로과,가산동-5064,방범등,서울특별시 금천구 가산동 769,2025-06-17,37.4760490,126.8917223
서울특별시 금천구청 도로과,가산동-5065,방범등,서울특별시 금천구 가산동 235-52,2025-06-17,37.4724729,126.8907456
서울특별시 금천구청 도로과,가산동-5066,방범등,서울특별시 금천구 가산동 235-5,2025-06-17,37.4733642,126.8922062
서울특별시 금천구청 도로과,가산동-5067,방범등,서울특별시 금천구 가산동 235-14,2025-06-17,37.4730242,126.8916121
서울특별시 금천구청 도로과,가산동-5068,방범등,서울특별시 금천구 가산동 769,2025-06-17,37.4760490,126.8917223
서울특별시 금천구청 도로과,가산동-5069,방범등,서울특별시 금천구 가산동 235-36,2025-06-17,37.4723911,126.8923620
서울특별시 금천구청 도로과,가산동-507,방범등,서울특별시 금천구 가산동 236-9,2025-06-17,37.4737798,126.8914305
서울특별시 금천구청 도로과,가산동-5070,방범등,서울특별시 금천구 가산동 235-13,2025-06-17,37.4731286,126.8913128
서울특별시 금천구청 도로과,가산동-5071,방범등,서울특별시 금천구 가산동 235-57,2025-06-17,37.4731265,126.8908851
서울특별시 금천구청 도로과,가산동-5074,방범등,"서울특별시 금천구 가산동 235-73
(진양빌라3동)",2025-06-17,37.4732058,126.8922271
서울특별시 금천구청 도로과,가산동-5076,방범등,서울특별시 금천구 가산동 236-19,2025-06-17,37.4743513,126.8905747
서울특별시 금천구청 도로과,가산동-5078,방범등,서울특별시 금천구 가산동 235-54,2025-06-17,37.4728977,126.8908111
서울특별시 금천구청 도로과,가산동-5079,방범등,서울특별시 금천구 가산동 235-28,2025-06-17,37.4729312,126.8919661
서울특별시 금천구청 도로과,가산동-5080,방범등,서울특별시 금천구 가산동 236-9,2025-06-17,37.4737798,126.8914305
서울특별시 금천구청 도로과,가산동-5081,방범등,서울특별시 금천구 가산동 235-19,2025-06-17,37.4725724,126.8925408
서울특별시 금천구청 도로과,가산동-5082,방범등,서울특별시 금천구 가산동 234-18,2025-06-17,37.4724789,126.8933021
서울특별시 금천구청 도로과,가산동-5083,방범등,서울특별시 금천구 가산동 236-9,2025-06-17,37.4737798,126.8914305
서울특별시 금천구청 도로과,가산동-5084,방범등,서울특별시 금천구 가산동 234-17,2025-06-17,37.4723471,126.8933210
서울특별시 금천구청 도로과,가산동-509,방범등,서울특별시 금천구 가산동 235-2,2025-06-17,37.4734650,126.8917893
서울특별시 금천구청 도로과,가산동-601,방범등,서울특별시 금천구 가산동 60-32,2025-06-17,37.4747018,126.8881549
서울특별시 금천구청 도로과,가산동-6010,방범등,서울특별시 금천구 가산동 238-79,2025-06-17,37.4733027,126.8870674
서울특별시 금천구청 도로과,가산동-60101,방범등,서울특별시 금천구 가산동 237-57,2025-06-17,37.4732930,126.8898019
서울특별시 금천구청 도로과,가산동-60103,방범등,서울특별시 금천구 가산동 238-52,2025-06-17,37.4726445,126.8875545
서울특별시 금천구청 도로과,가산동-60105,방범등,서울특별시 금천구 가산동 239-25,2025-06-17,37.4740028,126.8874110
서울특별시 금천구청 도로과,가산동-60108,방범등,서울특별시 금천구 가산동 238-4,2025-06-17,37.4727269,126.8882221
서울특별시 금천구청 도로과,가산동-60109,방범등,서울특별시 금천구 가산동 237-17,2025-06-17,37.4733147,126.8890129
서울특별시 금천구청 도로과,가산동-6011,방범등,서울특별시 금천구 가산동 238-82,2025-06-17,37.4730425,126.8872555
서울특별시 금천구청 도로과,가산동-60111,방범등,서울특별시 금천구 가산동 237-66,2025-06-17,37.4729574,126.8896174
서울특별시 금천구청 도로과,가산동-60112,방범등,서울특별시 금천구 가산동 237-98,2025-06-17,37.4726545,126.8891174
서울특별시 금천구청 도로과,가산동-60113,방범등,서울특별시 금천구 가산동 238-35,2025-06-17,37.4720912,126.8890000
서울특별시 금천구청 도로과,가산동-60114,방범등,서울특별시 금천구 가산동 237-6,2025-06-17,37.4736186,126.8896997
서울특별시 금천구청 도로과,가산동-60115,방범등,서울특별시 금천구 가산동 237-6,2025-06-17,37.4736186,126.8896997
서울특별시 금천구청 도로과,가산동-60116,방범등,서울특별시 금천구 가산동 237-120,2025-06-17,37.4737084,126.8898293
서울특별시 금천구청 도로과,가산동-60117,방범등,서울특별시 금천구 가산동 237-120,2025-06-17,37.4737084,126.8898293
서울특별시 금천구청 도로과,가산동-60118,방범등,서울특별시 금천구 가산동 238-104월편,2025-06-17,37.4733905,126.8867497
서울특별시 금천구청 도로과,가산동-60119,방범등,서울특별시 금천구 가산동 238-104월편,2025-06-17,37.4733905,126.8867497
서울특별시 금천구청 도로과,가산동-60120,방범등,서울특별시 금천구 가산동 238-104월편,2025-06-17,37.4733905,126.8867497
서울특별시 금천구청 도로과,가산동-60121,방범등,서울특별시 금천구 가산동 238-49월편,2025-06-17,37.4723417,126.8871998
서울특별시 금천구청 도로과,가산동-60122,방범등,서울특별시 금천구 가산동 238-49월편,2025-06-17,37.4723417,126.8871998
서울특별시 금천구청 도로과,가산동-60123,방범등,서울특별시 금천구 가산동 238-49월편,2025-06-17,37.4723417,126.8871998
서울특별시 금천구청 도로과,가산동-60124,방범등,서울특별시 금천구 가산동 237-56,2025-06-17,37.4731812,126.8899570
서울특별시 금천구청 도로과,가산동-60125,방범등,서울특별시 금천구 가산동 237-57,2025-06-17,37.4732930,126.8898019
서울특별시 금천구청 도로과,가산동-60126,방범등,서울특별시 금천구 가산동 238-27,2025-06-17,37.4722637,126.8885162
서울특별시 금천구청 도로과,가산동-60128,방범등,서울특별시 금천구 가산동 238-33,2025-06-17,37.4722494,126.8880264
서울특별시 금천구청 도로과,가산동-60129,방범등,서울특별시 금천구 가산동 238-10,2025-06-17,37.4726707,126.8880498
서울특별시 금천구청 도로과,가산동-60130,방범등,서울특별시 금천구 가산동 238-108,2025-06-17,37.4730333,126.8874883
서울특별시 금천구청 도로과,가산동-60131,방범등,서울특별시 금천구 가산동 238-61,2025-06-17,37.4725894,126.8872430
서울특별시 금천구청 도로과,가산동-60132,방범등,서울특별시 금천구 가산동 238-104,2025-06-17,37.4733905,126.8867497
서울특별시 금천구청 도로과,가산동-60134,방범등,서울특별시 금천구 가산동 234-12,2025-06-17,37.4726296,126.8935924
서울특별시 금천구청 도로과,가산동-6015,방범등,서울특별시 금천구 가산동 238-68,2025-06-17,37.4727541,126.8869667
서울특별시 금천구청 도로과,가산동-6016,방범등,"서울특별시 금천구 가산동 238-54,55",2025-06-17,37.4727952,126.8874843
서울특별시 금천구청 도로과,가산동-6017,방범등,서울특별시 금천구 가산동 238-45,2025-06-17,37.4724634,126.8876648
서울특별시 금천구청 도로과,가산동-6018,방범등,서울특별시 금천구 가산동 238-45,2025-06-17,37.4724634,126.8876648
서울특별시 금천구청 도로과,가산동-6019,방범등,서울특별시 금천구 가산동 238-44,2025-06-17,37.4722648,126.8877439
서울특별시 금천구청 도로과,가산동-602,방범등,서울특별시 금천구 가산동 60-32,2025-06-17,37.4747018,126.8881549
서울특별시 금천구청 도로과,가산동-6020,방범등,서울특별시 금천구 가산동 219-8,2025-06-17,37.4734566,126.8880509
서울특별시 금천구청 도로과,가산동-6022,방범등,서울특별시 금천구 가산동 238-89,2025-06-17,37.4732842,126.8874697
서울특별시 금천구청 도로과,가산동-6023,방범등,서울특별시 금천구 가산동 238-109,2025-06-17,37.4731161,126.8875864
서울특별시 금천구청 도로과,가산동-6024,방범등,서울특별시 금천구 가산동 238-114,2025-06-17,37.4729655,126.8877097
서울특별시 금천구청 도로과,가산동-6025,방범등,서울특별시 금천구 가산동 238-96,2025-06-17,37.4727104,126.8878777
서울특별시 금천구청 도로과,가산동-6026,방범등,서울특별시 금천구 가산동 219-8,2025-06-17,37.4734566,126.8880509
서울특별시 금천구청 도로과,가산동-603,방범등,서울특별시 금천구 가산동 219-8,2025-06-17,37.4734566,126.8880509
서울특별시 금천구청 도로과,가산동-6031,방범등,서울특별시 금천구 가산동 238-27,2025-06-17,37.4722637,126.8885162
서울특별시 금천구청 도로과,가산동-6032,방범등,서울특별시 금천구 가산동 238-36,2025-06-17,37.4720851,126.8888310
서울특별시 금천구청 도로과,가산동-6033,방범등,서울특별시 금천구 가산동 238-47,2025-06-17,37.4722865,126.8874919
서울특별시 금천구청 도로과,가산동-6034,방범등,서울특별시 금천구 가산동 238-41,2025-06-17,37.4720983,126.8881265
서울특별시 금천구청 도로과,가산동-6037,방범등,서울특별시 금천구 가산동 238-38,2025-06-17,37.4720937,126.8885444
서울특별시 금천구청 도로과,가산동-6038,방범등,서울특별시 금천구 가산동 238-35,2025-06-17,37.4720912,126.8890000
서울특별시 금천구청 도로과,가산동-6039,방범등,서울특별시 금천구 가산동 237-93,2025-06-17,37.4720887,126.8892970
서울특별시 금천구청 도로과,가산동-604,방범등,서울특별시 금천구 가산동 219-8,2025-06-17,37.4734566,126.8880509
서울특별시 금천구청 도로과,가산동-6040,방범등,서울특별시 금천구 가산동 237-94,2025-06-17,37.4721886,126.8892504
서울특별시 금천구청 도로과,가산동-6041,방범등,서울특별시 금천구 가산동 237-95,2025-06-17,37.4723389,126.8891671
서울특별시 금천구청 도로과,가산동-6042,방범등,서울특별시 금천구 가산동 238-17,2025-06-17,37.4724253,126.8887759
서울특별시 금천구청 도로과,가산동-6043,방범등,서울특별시 금천구 가산동 238-27,2025-06-17,37.4722637,126.8885162
서울특별시 금천구청 도로과,가산동-6044,방범등,서울특별시 금천구 가산동 238-15,2025-06-17,37.4724450,126.8886296
서울특별시 금천구청 도로과,가산동-6045,방범등,서울특별시 금천구 가산동 237-98,2025-06-17,37.4726545,126.8891174
서울특별시 금천구청 도로과,가산동-6046,방범등,서울특별시 금천구 가산동 238-18,2025-06-17,37.4724863,126.8888837
서울특별시 금천구청 도로과,가산동-6047,방범등,서울특별시 금천구 가산동 237-94,2025-06-17,37.4721886,126.8892504
서울특별시 금천구청 도로과,가산동-6048,방범등,서울특별시 금천구 가산동 238-3,2025-06-17,37.4727009,126.8887329
서울특별시 금천구청 도로과,가산동-6049,방범등,서울특별시 금천구 가산동 238-2,2025-06-17,37.4728151,126.8886797
서울특별시 금천구청 도로과,가산동-605,방범등,서울특별시 금천구 가산동 774,2025-06-17,37.4738981,126.8869139
서울특별시 금천구청 도로과,가산동-6050,방범등,서울특별시 금천구 가산동 237-23,2025-06-17,37.4731698,126.8888584
서울특별시 금천구청 도로과,가산동-6051,방범등,서울특별시 금천구 가산동 237-92,2025-06-17,37.4721883,126.8894386
서울특별시 금천구청 도로과,가산동-6052,방범등,서울특별시 금천구 가산동 237-91,2025-06-17,37.4722341,126.8895989
서울특별시 금천구청 도로과,가산동-6053,방범등,서울특별시 금천구 가산동 237-89,2025-06-17,37.4723107,126.8897116
서울특별시 금천구청 도로과,가산동-6054,방범등,서울특별시 금천구 가산동 237-88,2025-06-17,37.4722987,126.8898803
서울특별시 금천구청 도로과,가산동-6055,방범등,서울특별시 금천구 가산동 237-44,2025-06-17,37.4724458,126.8902224
서울특별시 금천구청 도로과,가산동-6056,방범등,서울특별시 금천구 가산동 237-49,2025-06-17,37.4727286,126.8900607
서울특별시 금천구청 도로과,가산동-6057,방범등,서울특별시 금천구 가산동 237-52,2025-06-17,37.4728246,126.8902317
서울특별시 금천구청 도로과,가산동-6058,방범등,서울특별시 금천구 가산동 237-54,2025-06-17,37.4730197,126.8898352
서울특별시 금천구청 도로과,가산동-6059,방범등,서울특별시 금천구 가산동 237-37,2025-06-17,37.4731047,126.8903003
서울특별시 금천구청 도로과,가산동-606,방범등,서울특별시 금천구 가산동 239-15,2025-06-17,37.4738013,126.8866027
서울특별시 금천구청 도로과,가산동-6060,방범등,서울특별시 금천구 가산동 237-64,2025-06-17,37.4730238,126.8899049
서울특별시 금천구청 도로과,가산동-6061,방범등,서울특별시 금천구 가산동 237-62,2025-06-17,37.4730371,126.8897195
서울특별시 금천구청 도로과,가산동-6062,방범등,서울특별시 금천구 가산동 237-35,2025-06-17,37.4732244,126.8904088
서울특별시 금천구청 도로과,가산동-6064,방범등,서울특별시 금천구 가산동 237-42,2025-06-17,37.4724991,126.8904227
서울특별시 금천구청 도로과,가산동-6065,방범등,서울특별시 금천구 가산동 237-41,2025-06-17,37.4726720,126.8904161
서울특별시 금천구청 도로과,가산동-6066,방범등,서울특별시 금천구 가산동 237-40,2025-06-17,37.4728808,126.8905237
서울특별시 금천구청 도로과,가산동-6068,방범등,서울특별시 금천구 가산동 237-106,2025-06-17,37.4729848,126.8905226
서울특별시 금천구청 도로과,가산동-6069,방범등,서울특별시 금천구 가산동 237-32,2025-06-17,37.4735966,126.8906116
서울특별시 금천구청 도로과,가산동-607,방범등,서울특별시 금천구 가산동 238-77,2025-06-17,37.4735652,126.8869503
서울특별시 금천구청 도로과,가산동-6070,방범등,서울특별시 금천구 가산동 237-32,2025-06-17,37.4735966,126.8906116
서울특별시 금천구청 도로과,가산동-6071,방범등,서울특별시 금천구 가산동 237-31,2025-06-17,37.4735398,126.8904653
서울특별시 금천구청 도로과,가산동-6072,방범등,서울특별시 금천구 가산동 237-26,2025-06-17,37.4737422,126.8904496
서울특별시 금천구청 도로과,가산동-6073,방범등,"서울특별시 금천구 가산동 237-27,128",2025-06-17,37.4736886,126.8902859
서울특별시 금천구청 도로과,가산동-6074,방범등,"서울특별시 금천구 가산동 237-29,126",2025-06-17,37.4733538,126.8899217
서울특별시 금천구청 도로과,가산동-6075,방범등,서울특별시 금천구 가산동 237-15,2025-06-17,37.4732918,126.8894805
서울특별시 금천구청 도로과,가산동-6076,방범등,서울특별시 금천구 가산동 237-67,2025-06-17,37.4730858,126.8894771
서울특별시 금천구청 도로과,가산동-6078,방범등,서울특별시 금천구 가산동 237-70,2025-06-17,37.4728353,126.8897380
서울특별시 금천구청 도로과,가산동-6079,방범등,서울특별시 금천구 가산동 237-83,2025-06-17,37.4726189,126.8892688
서울특별시 금천구청 도로과,가산동-608,방범등,서울특별시 금천구 가산동 238-78,2025-06-17,37.4734209,126.8870145
서울특별시 금천구청 도로과,가산동-6080,방범등,서울특별시 금천구 가산동 237-68,2025-06-17,37.4728964,126.8893536
서울특별시 금천구청 도로과,가산동-6083,방범등,서울특별시 금천구 가산동 219-8,2025-06-17,37.4734566,126.8880509
서울특별시 금천구청 도로과,가산동-6084,방범등,서울특별시 금천구 가산동 219-8,2025-06-17,37.4734566,126.8880509
서울특별시 금천구청 도로과,가산동-6085,방범등,서울특별시 금천구 가산동 219-8,2025-06-17,37.4734566,126.8880509
서울특별시 금천구청 도로과,가산동-6086,방범등,서울특별시 금천구 가산동 219-8,2025-06-17,37.4734566,126.8880509
서울특별시 금천구청 도로과,가산동-6087,방범등,서울특별시 금천구 가산동 219-6,2025-06-17,37.4740240,126.8887529
서울특별시 금천구청 도로과,가산동-6088,방범등,서울특별시 금천구 가산동 219-6,2025-06-17,37.4740240,126.8887529
서울특별시 금천구청 도로과,가산동-609,방범등,서울특별시 금천구 가산동 60-32,2025-06-17,37.4747018,126.8881549
서울특별시 금천구청 도로과,가산동-6091,방범등,서울특별시 금천구 가산동 237-3,2025-06-17,37.4739167,126.8902757
서울특별시 금천구청 도로과,가산동-6094,방범등,서울특별시 금천구 가산동 219-5,2025-06-17,37.4745690,126.8898229
서울특별시 금천구청 도로과,가산동-6095,방범등,서울특별시 금천구 가산동 237-38,2025-06-17,37.4731126,126.8905434
서울특별시 금천구청 도로과,가산동-6096,방범등,서울특별시 금천구 가산동 237-6,2025-06-17,37.4736186,126.8896997
서울특별시 금천구청 도로과,가산동-6097,방범등,서울특별시 금천구 가산동 237-88,2025-06-17,37.4722987,126.8898803
서울특별시 금천구청 도로과,가산동-6098,방범등,서울특별시 금천구 가산동 239-21,2025-06-17,37.4739559,126.8873354
서울특별시 금천구청 도로과,가산동-6099,방범등,서울특별시 금천구 가산동 239-19,2025-06-17,37.4742859,126.8874289
서울특별시 금천구청 도로과,가산동-701,방범등,서울특별시 금천구 가산동 715,2025-06-17,37.4657517,126.8884066
서울특별시 금천구청 도로과,가산동-7010,방범등,서울특별시 금천구 가산동 687,2025-06-17,37.4652894,126.8870285
서울특별시 금천구청 도로과,가산동-7011,방범등,서울특별시 금천구 가산동 687,2025-06-17,37.4652894,126.8870285
서울특별시 금천구청 도로과,가산동-7012,방범등,서울특별시 금천구 가산동 687,2025-06-17,37.4652894,126.8870285
서울특별시 금천구청 도로과,가산동-7013,방범등,서울특별시 금천구 가산동 687,2025-06-17,37.4652894,126.8870285
서울특별시 금천구청 도로과,가산동-7014,방범등,서울특별시 금천구 가산동 687,2025-06-17,37.4652894,126.8870285
서울특별시 금천구청 도로과,가산동-7018,방범등,서울특별시 금천구 가산동 569-21,2025-06-17,37.4685385,126.8845804
서울특별시 금천구청 도로과,가산동-7019,방범등,서울특별시 금천구 가산동 569-21,2025-06-17,37.4685385,126.8845804
서울특별시 금천구청 도로과,가산동-702,방범등,서울특별시 금천구 가산동 715,2025-06-17,37.4657517,126.8884066
서울특별시 금천구청 도로과,가산동-7020,방범등,서울특별시 금천구 가산동 343-7,2025-06-17,37.4699187,126.8831346
서울특별시 금천구청 도로과,가산동-7021,방범등,서울특별시 금천구 가산동 151-64,2025-06-17,37.4769698,126.8943337
서울특별시 금천구청 도로과,가산동-7022,방범등,서울특별시 금천구 가산동 145-38,2025-06-17,37.4774201,126.8928695
서울특별시 금천구청 도로과,가산동-7023,방범등,서울특별시 금천구 가산동 493,2025-06-17,37.4804470,126.8761848
서울특별시 금천구청 도로과,가산동-7024,방범등,서울특별시 금천구 가산동 235-47,2025-06-17,37.4726815,126.8917404
서울특별시 금천구청 도로과,가산동-7025,방범등,서울특별시 금천구 가산동 151-21,2025-06-17,37.4771459,126.8934476
서울특별시 금천구청 도로과,가산동-7026,방범등,서울특별시 금천구 가산동 237-106,2025-06-17,37.4729848,126.8905226
서울특별시 금천구청 도로과,가산동-7027,방범등,서울특별시 금천구 가산동 146-69,2025-06-17,37.4778354,126.8936007
서울특별시 금천구청 도로과,가산동-7028,방범등,서울특별시 금천구 가산동 146-7,2025-06-17,37.4779317,126.8945001
서울특별시 금천구청 도로과,가산동-704,방범등,서울특별시 금천구 가산동 1140,2025-06-17,,
서울특별시 금천구청 도로과,가산동-707,방범등,서울특별시 금천구 가산동 703,2025-06-17,37.4659862,126.8863889
서울특별시 금천구청 도로과,가산동-708,방범등,서울특별시 금천구 가산동 703,2025-06-17,37.4659862,126.8863889
서울특별시 금천구청 도로과,가산동-709,방범등,서울특별시 금천구 가산동 703,2025-06-17,37.4659862,126.8863889
서울특별시 금천구청 도로과,독산1동-,방범등,서울특별시 금천구 독산1동 ,2025-06-17,37.470245,126.897041
서울특별시 금천구청 도로과,독산1동-101,방범등,서울특별시 금천구 독산1동 143-23,2025-06-17,37.4779838,126.8964407
서울특별시 금천구청 도로과,독산1동-1010,방범등,서울특별시 금천구 독산1동 144-19,2025-06-17,37.4768740,126.8968799
서울특별시 금천구청 도로과,독산1동-10100,방범등,서울특별시 금천구 독산1동 151-04,2025-06-17,37.4727260,126.8968318
서울특별시 금천구청 도로과,독산1동-10101,방범등,서울특별시 금천구 독산1동 151-3,2025-06-17,37.4727155,126.8970377
서울특별시 금천구청 도로과,독산1동-10102,방범등,서울특별시 금천구 독산1동 151-13,2025-06-17,37.4717461,126.8971753
서울특별시 금천구청 도로과,독산1동-10103,방범등,서울특별시 금천구 독산1동 151-15,2025-06-17,37.4721589,126.8970141
서울특별시 금천구청 도로과,독산1동-10104,방범등,서울특별시 금천구 독산1동 151-17,2025-06-17,37.4724984,126.8970251
서울특별시 금천구청 도로과,독산1동-10105,방범등,서울특별시 금천구 독산1동 149-51,2025-06-17,37.4729955,126.8972748
서울특별시 금천구청 도로과,독산1동-10106,방범등,서울특별시 금천구 독산1동 150-08,2025-06-17,37.4729827,126.8975833
서울특별시 금천구청 도로과,독산1동-10107,방범등,서울특별시 금천구 독산1동 149-50,2025-06-17,37.4731513,126.8972930
서울특별시 금천구청 도로과,독산1동-10108,방범등,서울특별시 금천구 독산1동 149-49,2025-06-17,37.4732946,126.8973098
서울특별시 금천구청 도로과,독산1동-10109,방범등,"서울특별시 금천구 독산1동 149-8,49",2025-06-17,37.4734346,126.8973252
서울특별시 금천구청 도로과,독산1동-1011,방범등,서울특별시 금천구 독산1동 143-17,2025-06-17,37.4772540,126.8974211
서울특별시 금천구청 도로과,독산1동-10110,방범등,서울특별시 금천구 독산1동 149-47,2025-06-17,37.4737199,126.8973517
서울특별시 금천구청 도로과,독산1동-10111,방범등,서울특별시 금천구 독산1동 150-10,2025-06-17,37.4735779,126.8979474
서울특별시 금천구청 도로과,독산1동-10112,방범등,서울특별시 금천구 독산1동 149-47,2025-06-17,37.4737199,126.8973517
서울특별시 금천구청 도로과,독산1동-10113,방범등,서울특별시 금천구 독산1동 150-15,2025-06-17,37.4737780,126.8976851
서울특별시 금천구청 도로과,독산1동-10114,방범등,서울특별시 금천구 독산1동 149-44,2025-06-17,37.4741574,126.8973907
서울특별시 금천구청 도로과,독산1동-10115,방범등,서울특별시 금천구 독산1동 149-02,2025-06-17,37.4743001,126.8974173
서울특별시 금천구청 도로과,독산1동-10116,방범등,서울특별시 금천구 독산1동 149-01,2025-06-17,37.4743988,126.8973193
서울특별시 금천구청 도로과,독산1동-10117,방범등,서울특별시 금천구 독산1동 149-78,2025-06-17,37.4744605,126.8974696
서울특별시 금천구청 도로과,독산1동-10118,방범등,서울특별시 금천구 독산1동 150-01,2025-06-17,37.4743943,126.8978025
서울특별시 금천구청 도로과,독산1동-10119,방범등,서울특별시 금천구 독산1동 146-06,2025-06-17,37.4747791,126.8979649
서울특별시 금천구청 도로과,독산1동-1012,방범등,서울특별시 금천구 독산1동 143-13,2025-06-17,37.4772160,126.8979390
서울특별시 금천구청 도로과,독산1동-10120,방범등,서울특별시 금천구 독산1동 150-01,2025-06-17,37.4743943,126.8978025
서울특별시 금천구청 도로과,독산1동-10121,방범등,서울특별시 금천구 독산1동 149-8,2025-06-17,37.4734346,126.8973252
서울특별시 금천구청 도로과,독산1동-10122,방범등,서울특별시 금천구 독산1동 148-10,2025-06-17,37.4736002,126.8952009
서울특별시 금천구청 도로과,독산1동-10123,방범등,서울특별시 금천구 독산1동 148-09,2025-06-17,37.4737127,126.8951127
서울특별시 금천구청 도로과,독산1동-10124,방범등,서울특별시 금천구 독산1동 148-09,2025-06-17,37.4737127,126.8951127
서울특별시 금천구청 도로과,독산1동-10125,방범등,서울특별시 금천구 독산1동 149-69,2025-06-17,37.4733298,126.8962798
서울특별시 금천구청 도로과,독산1동-10126,방범등,서울특별시 금천구 독산1동 147-50,2025-06-17,37.4753999,126.8960834
서울특별시 금천구청 도로과,독산1동-10127,방범등,서울특별시 금천구 독산1동 147-76,2025-06-17,37.4754490,126.8965807
서울특별시 금천구청 도로과,독산1동-10128,방범등,서울특별시 금천구 독산1동 147-13,2025-06-17,37.4746850,126.8973785
서울특별시 금천구청 도로과,독산1동-10129,방범등,서울특별시 금천구 독산1동 149-11,2025-06-17,37.4741038,126.8967938
서울특별시 금천구청 도로과,독산1동-1013,방범등,서울특별시 금천구 독산1동 143-13,2025-06-17,37.4772160,126.8979390
서울특별시 금천구청 도로과,독산1동-10130,방범등,서울특별시 금천구 독산1동 149-14,2025-06-17,37.4738398,126.8968231
서울특별시 금천구청 도로과,독산1동-10131,방범등,서울특별시 금천구 독산1동 144-1,2025-06-17,37.4768921,126.8974639
서울특별시 금천구청 도로과,독산1동-10132,방범등,서울특별시 금천구 독산1동 147-2,2025-06-17,37.4746508,126.8956162
서울특별시 금천구청 도로과,독산1동-10133,방범등,서울특별시 금천구 독산1동 147-36,2025-06-17,37.4748485,126.8949042
서울특별시 금천구청 도로과,독산1동-10134,방범등,서울특별시 금천구 독산1동 148-2,2025-06-17,37.4745504,126.8943796
서울특별시 금천구청 도로과,독산1동-10135,방범등,서울특별시 금천구 독산1동 151-1,2025-06-17,37.4727011,126.8972525
서울특별시 금천구청 도로과,독산1동-10136,방범등,서울특별시 금천구 독산1동 147-23,2025-06-17,37.4746566,126.8967421
서울특별시 금천구청 도로과,독산1동-10139,방범등,서울특별시 금천구 독산1동 148-39,2025-06-17,37.4738926,126.8951444
서울특별시 금천구청 도로과,독산1동-1014,방범등,서울특별시 금천구 독산1동 144-02,2025-06-17,37.4766774,126.8976476
서울특별시 금천구청 도로과,독산1동-10140,방범등,서울특별시 금천구 독산1동 147-53,2025-06-17,37.4755921,126.8964792
서울특별시 금천구청 도로과,독산1동-10141,방범등,서울특별시 금천구 독산1동 146-10,2025-06-17,37.4754764,126.8978717
서울특별시 금천구청 도로과,독산1동-10143,방범등,서울특별시 금천구 독산1동 148-18,2025-06-17,37.4731442,126.8955633
서울특별시 금천구청 도로과,독산1동-10144,방범등,"서울특별시 금천구 독산1동 147-32
(149-37월편)",2025-06-17,37.4746468,126.8955317
서울특별시 금천구청 도로과,독산1동-10145,방범등,서울특별시 금천구 독산1동 149-61,2025-06-17,37.4730088,126.8965378
서울특별시 금천구청 도로과,독산1동-10146,방범등,서울특별시 금천구 독산1동 148-15,2025-06-17,37.4734303,126.8953268
서울특별시 금천구청 도로과,독산1동-10147,방범등,서울특별시 금천구 독산1동 144-57,2025-06-17,37.4758582,126.8975680
서울특별시 금천구청 도로과,독산1동-10148,방범등,서울특별시 금천구 독산1동 144-18,2025-06-17,37.4768552,126.8971673
서울특별시 금천구청 도로과,독산1동-10149,방범등,서울특별시 금천구 독산1동 147-52,2025-06-17,37.4755227,126.8963365
서울특별시 금천구청 도로과,독산1동-1015,방범등,서울특별시 금천구 독산1동 144-06,2025-06-17,37.4765163,126.8976348
서울특별시 금천구청 도로과,독산1동-10150,방범등,서울특별시 금천구 독산1동 147-53,2025-06-17,37.4755921,126.8964792
서울특별시 금천구청 도로과,독산1동-10151,방범등,서울특별시 금천구 독산1동 144-31,2025-06-17,37.4764119,126.8966661
서울특별시 금천구청 도로과,독산1동-10152,방범등,서울특별시 금천구 독산1동 147-34,2025-06-17,37.4750596,126.8954225
서울특별시 금천구청 도로과,독산1동-10153,방범등,서울특별시 금천구 독산1동 149-78,2025-06-17,37.4744605,126.8974696
서울특별시 금천구청 도로과,독산1동-10154,방범등,서울특별시 금천구 독산1동 151-7,2025-06-17,37.4725834,126.8960482
서울특별시 금천구청 도로과,독산1동-10155,방범등,서울특별시 금천구 독산1동 144-22,2025-06-17,37.4769186,126.8964846
서울특별시 금천구청 도로과,독산1동-10156,방범등,서울특별시 금천구 독산1동 144-32,2025-06-17,37.4765126,126.8969392
서울특별시 금천구청 도로과,독산1동-10157,방범등,서울특별시 금천구 독산1동 143-22,2025-06-17,37.4775242,126.8962788
서울특별시 금천구청 도로과,독산1동-10158,방범등,서울특별시 금천구 독산1동 147-54,2025-06-17,37.4756662,126.8966328
서울특별시 금천구청 도로과,독산1동-10159,방범등,서울특별시 금천구 독산1동 148-1,2025-06-17,37.4747129,126.8946789
서울특별시 금천구청 도로과,독산1동-1016,방범등,서울특별시 금천구 독산1동 144-06,2025-06-17,37.4765163,126.8976348
서울특별시 금천구청 도로과,독산1동-10160,방범등,서울특별시 금천구 독산1동 147-8,2025-06-17,37.4753159,126.8966748
서울특별시 금천구청 도로과,독산1동-10161,방범등,서울특별시 금천구 독산1동 147-12,2025-06-17,37.4750305,126.8971291
서울특별시 금천구청 도로과,독산1동-10162,방범등,서울특별시 금천구 독산1동 144-60,2025-06-17,37.4756314,126.8973584
서울특별시 금천구청 도로과,독산1동-10163,방범등,서울특별시 금천구 독산1동 144-11,2025-06-17,37.4759833,126.8971603
서울특별시 금천구청 도로과,독산1동-10164,방범등,서울특별시 금천구 독산1동 148-10,2025-06-17,37.4736002,126.8952009
서울특별시 금천구청 도로과,독산1동-1017,방범등,서울특별시 금천구 독산1동 144-07,2025-06-17,37.4763122,126.8975186
서울특별시 금천구청 도로과,독산1동-1018,방범등,서울특별시 금천구 독산1동 150-4,2025-06-17,37.4740632,126.8977126
서울특별시 금천구청 도로과,독산1동-1019,방범등,서울특별시 금천구 독산1동 145-7,2025-06-17,37.4761373,126.8979381
서울특별시 금천구청 도로과,독산1동-101A,방범등,서울특별시 금천구 독산1동 143-23,2025-06-17,37.4779838,126.8964407
서울특별시 금천구청 도로과,독산1동-102,방범등,서울특별시 금천구 독산1동 143-23,2025-06-17,37.4779838,126.8964407
서울특별시 금천구청 도로과,독산1동-1020,방범등,서울특별시 금천구 독산1동 144-58,2025-06-17,37.4757575,126.8975521
서울특별시 금천구청 도로과,독산1동-1021,방범등,서울특별시 금천구 독산1동 144-23,2025-06-17,37.4766736,126.8965159
서울특별시 금천구청 도로과,독산1동-1022,방범등,서울특별시 금천구 독산1동 144-30,2025-06-17,37.4765343,126.8965800
서울특별시 금천구청 도로과,독산1동-1023,방범등,서울특별시 금천구 독산1동 144-74,2025-06-17,37.4765224,126.8967393
서울특별시 금천구청 도로과,독산1동-1024,방범등,서울특별시 금천구 독산1동 144-34,2025-06-17,37.4763184,126.8969562
서울특별시 금천구청 도로과,독산1동-1025,방범등,서울특별시 금천구 독산1동 144-14,2025-06-17,37.4763662,126.8971642
서울특별시 금천구청 도로과,독산1동-1027,방범등,서울특별시 금천구 독산1동 144-12(144-36앞),2025-06-17,37.4760439,126.8968877
서울특별시 금천구청 도로과,독산1동-1028,방범등,서울특별시 금천구 독산1동 144-66,2025-06-17,37.4760815,126.8970749
서울특별시 금천구청 도로과,독산1동-1029,방범등,서울특별시 금천구 독산1동 144-13,2025-06-17,37.4762594,126.8972565
서울특별시 금천구청 도로과,독산1동-103,방범등,서울특별시 금천구 독산1동 143-23,2025-06-17,37.4779838,126.8964407
서울특별시 금천구청 도로과,독산1동-1030,방범등,서울특별시 금천구 독산1동 144-11,2025-06-17,37.4759833,126.8971603
서울특별시 금천구청 도로과,독산1동-1031,방범등,서울특별시 금천구 독산1동 144-11,2025-06-17,37.4759833,126.8971603
서울특별시 금천구청 도로과,독산1동-1032,방범등,서울특별시 금천구 독산1동 147-54,2025-06-17,37.4756662,126.8966328
서울특별시 금천구청 도로과,독산1동-1033,방범등,서울특별시 금천구 독산1동 144-46,2025-06-17,37.4757113,126.8970698
서울특별시 금천구청 도로과,독산1동-1034,방범등,서울특별시 금천구 독산1동 144-62,2025-06-17,37.4755878,126.8971202
서울특별시 금천구청 도로과,독산1동-1036,방범등,서울특별시 금천구 독산1동 147-8,2025-06-17,37.4753159,126.8966748
서울특별시 금천구청 도로과,독산1동-1037,방범등,서울특별시 금천구 독산1동 144-47,2025-06-17,37.4754696,126.8971880
서울특별시 금천구청 도로과,독산1동-1038,방범등,서울특별시 금천구 독산1동 144-51(53),2025-06-17,37.4753522,126.8972786
서울특별시 금천구청 도로과,독산1동-1039,방범등,서울특별시 금천구 독산1동 144-53,2025-06-17,37.4753190,126.8975321
서울특별시 금천구청 도로과,독산1동-104,방범등,서울특별시 금천구 독산1동 143-23,2025-06-17,37.4779838,126.8964407
서울특별시 금천구청 도로과,독산1동-1040,방범등,서울특별시 금천구 독산1동 143-23,2025-06-17,37.4779838,126.8964407
서울특별시 금천구청 도로과,독산1동-1041,방범등,서울특별시 금천구 독산1동 144-49,2025-06-17,37.4749780,126.8975127
서울특별시 금천구청 도로과,독산1동-1042,방범등,서울특별시 금천구 독산1동 144-49,2025-06-17,37.4749780,126.8975127
서울특별시 금천구청 도로과,독산1동-1043,방범등,서울특별시 금천구 독산1동 144-52,2025-06-17,37.4752307,126.8973589
서울특별시 금천구청 도로과,독산1동-1044,방범등,서울특별시 금천구 독산1동 147-42,2025-06-17,37.4751231,126.8969558
서울특별시 금천구청 도로과,독산1동-1045,방범등,서울특별시 금천구 독산1동 147-46,2025-06-17,37.4749463,126.8969740
서울특별시 금천구청 도로과,독산1동-1046,방범등,서울특별시 금천구 독산1동 147-11,2025-06-17,37.4751882,126.8967924
서울특별시 금천구청 도로과,독산1동-1047,방범등,서울특별시 금천구 독산1동 147-58,2025-06-17,37.4750465,126.8964813
서울특별시 금천구청 도로과,독산1동-1048,방범등,서울특별시 금천구 독산1동 147-20,2025-06-17,37.4748052,126.8965205
서울특별시 금천구청 도로과,독산1동-1049,방범등,서울특별시 금천구 독산1동 147-20,2025-06-17,37.4748052,126.8965205
서울특별시 금천구청 도로과,독산1동-105,방범등,서울특별시 금천구 독산1동 143-23,2025-06-17,37.4779838,126.8964407
서울특별시 금천구청 도로과,독산1동-1050,방범등,서울특별시 금천구 독산1동 147-68,2025-06-17,37.4746869,126.8969777
서울특별시 금천구청 도로과,독산1동-1051,방범등,서울특별시 금천구 독산1동 147-18,2025-06-17,37.4749438,126.8962693
서울특별시 금천구청 도로과,독산1동-1052,방범등,서울특별시 금천구 독산1동 147-56,2025-06-17,37.4747877,126.8961959
서울특별시 금천구청 도로과,독산1동-1053,방범등,서울특별시 금천구 독산1동 147-75,2025-06-17,37.4746060,126.8963321
서울특별시 금천구청 도로과,독산1동-1054,방범등,서울특별시 금천구 독산1동 147-62,2025-06-17,37.4744252,126.8964724
서울특별시 금천구청 도로과,독산1동-1055,방범등,서울특별시 금천구 독산1동 147-25,2025-06-17,37.4742940,126.8965744
서울특별시 금천구청 도로과,독산1동-1056,방범등,서울특별시 금천구 독산1동 147-01,2025-06-17,37.4752219,126.8960652
서울특별시 금천구청 도로과,독산1동-1058,방범등,서울특별시 금천구 독산1동 147-35,2025-06-17,37.4749433,126.8951930
서울특별시 금천구청 도로과,독산1동-1059,방범등,서울특별시 금천구 독산1동 147-35,2025-06-17,37.4749433,126.8951930
서울특별시 금천구청 도로과,독산1동-106,방범등,서울특별시 금천구 독산1동 143-21,2025-06-17,37.4773852,126.8965433
서울특별시 금천구청 도로과,독산1동-1060,방범등,서울특별시 금천구 독산1동 148-01,2025-06-17,37.4747129,126.8946789
서울특별시 금천구청 도로과,독산1동-1061,방범등,서울특별시 금천구 독산1동 147-2,2025-06-17,37.4746508,126.8956162
서울특별시 금천구청 도로과,독산1동-1062,방범등,서울특별시 금천구 독산1동 147-2,2025-06-17,37.4746508,126.8956162
서울특별시 금천구청 도로과,독산1동-1063,방범등,서울특별시 금천구 독산1동 147-2,2025-06-17,37.4746508,126.8956162
서울특별시 금천구청 도로과,독산1동-1064,방범등,서울특별시 금천구 독산1동 147-2,2025-06-17,37.4746508,126.8956162
서울특별시 금천구청 도로과,독산1동-1065,방범등,서울특별시 금천구 독산1동 148-07,2025-06-17,37.4739586,126.8952557
서울특별시 금천구청 도로과,독산1동-1066,방범등,서울특별시 금천구 독산1동 148-12,2025-06-17,37.4736244,126.8955106
서울특별시 금천구청 도로과,독산1동-1067,방범등,"서울특별시 금천구 독산1동 147-2
(149-38월편)",2025-06-17,37.4746508,126.8956162
서울특별시 금천구청 도로과,독산1동-1068,방범등,서울특별시 금천구 독산1동 148-15,2025-06-17,37.4734303,126.8953268
서울특별시 금천구청 도로과,독산1동-1069,방범등,서울특별시 금천구 독산1동 148-15,2025-06-17,37.4734303,126.8953268
서울특별시 금천구청 도로과,독산1동-107,방범등,서울특별시 금천구 독산1동 144-22,2025-06-17,37.4769186,126.8964846
서울특별시 금천구청 도로과,독산1동-1070,방범등,서울특별시 금천구 독산1동 148-17,2025-06-17,37.4733302,126.8955192
서울특별시 금천구청 도로과,독산1동-1071,방범등,서울특별시 금천구 독산1동 148-17,2025-06-17,37.4733302,126.8955192
서울특별시 금천구청 도로과,독산1동-1072,방범등,서울특별시 금천구 독산1동 148-34,2025-06-17,37.4731860,126.8958660
서울특별시 금천구청 도로과,독산1동-1073,방범등,서울특별시 금천구 독산1동 148-30,2025-06-17,37.4730091,126.8958738
서울특별시 금천구청 도로과,독산1동-1074,방범등,서울특별시 금천구 독산1동 151-07,2025-06-17,37.4725834,126.8960482
서울특별시 금천구청 도로과,독산1동-1075,방범등,서울특별시 금천구 독산1동 151-05,2025-06-17,37.4726579,126.8964830
서울특별시 금천구청 도로과,독산1동-1076,방범등,서울특별시 금천구 독산1동 151-05,2025-06-17,37.4726579,126.8964830
서울특별시 금천구청 도로과,독산1동-1077,방범등,서울특별시 금천구 독산1동 149-27,2025-06-17,37.4731029,126.8967695
서울특별시 금천구청 도로과,독산1동-1079,방범등,서울특별시 금천구 독산1동 149-34,2025-06-17,37.4732113,126.8963720
서울특별시 금천구청 도로과,독산1동-108,방범등,서울특별시 금천구 독산1동 143-21,2025-06-17,37.4773852,126.8965433
서울특별시 금천구청 도로과,독산1동-1080,방범등,"서울특별시 금천구 독산1동 149-59,60",2025-06-17,37.4734278,126.8964561
서울특별시 금천구청 도로과,독산1동-1081,방범등,서울특별시 금천구 독산1동 149-35,2025-06-17,37.4734101,126.8962215
서울특별시 금천구청 도로과,독산1동-1082,방범등,서울특별시 금천구 독산1동 149-66,2025-06-17,37.4737370,126.8962196
서울특별시 금천구청 도로과,독산1동-1083,방범등,서울특별시 금천구 독산1동 149-37,2025-06-17,37.4737335,126.8959687
서울특별시 금천구청 도로과,독산1동-1084,방범등,"서울특별시 금천구 독산1동 147-2
(149-31월편)",2025-06-17,37.4746508,126.8956162
서울특별시 금천구청 도로과,독산1동-1085,방범등,서울특별시 금천구 독산1동 149-20,2025-06-17,37.4739424,126.8965177
서울특별시 금천구청 도로과,독산1동-1086,방범등,서울특별시 금천구 독산1동 149-30,2025-06-17,37.4736523,126.8962844
서울특별시 금천구청 도로과,독산1동-1087,방범등,서울특별시 금천구 독산1동 149-15,2025-06-17,37.4737063,126.8967251
서울특별시 금천구청 도로과,독산1동-1088,방범등,서울특별시 금천구 독산1동 149-16,2025-06-17,37.4735803,126.8967453
서울특별시 금천구청 도로과,독산1동-1089,방범등,서울특별시 금천구 독산1동 147-2,2025-06-17,37.4746508,126.8956162
서울특별시 금천구청 도로과,독산1동-109,방범등,서울특별시 금천구 독산1동 143-21,2025-06-17,37.4773852,126.8965433
서울특별시 금천구청 도로과,독산1동-1090,방범등,서울특별시 금천구 독산1동 147-14,2025-06-17,37.4745082,126.8971151
서울특별시 금천구청 도로과,독산1동-1091,방범등,서울특별시 금천구 독산1동 149-03,2025-06-17,37.4743030,126.8971698
서울특별시 금천구청 도로과,독산1동-1092,방범등,서울특별시 금천구 독산1동 149-4,2025-06-17,37.4741752,126.8971481
서울특별시 금천구청 도로과,독산1동-1093,방범등,서울특별시 금천구 독산1동 149-43,2025-06-17,37.4740429,126.8971339
서울특별시 금천구청 도로과,독산1동-1094,방범등,서울특별시 금천구 독산1동 149-05,2025-06-17,37.4739111,126.8971197
서울특별시 금천구청 도로과,독산1동-1095,방범등,서울특별시 금천구 독산1동 149-6,2025-06-17,37.4737480,126.8971310
서울특별시 금천구청 도로과,독산1동-1096,방범등,서울특별시 금천구 독산1동 149-06,2025-06-17,37.4737480,126.8971310
서울특별시 금천구청 도로과,독산1동-1097,방범등,서울특별시 금천구 독산1동 149-07,2025-06-17,37.4736040,126.8970735
서울특별시 금천구청 도로과,독산1동-1098,방범등,서울특별시 금천구 독산1동 149-52,2025-06-17,37.4733656,126.8970722
서울특별시 금천구청 도로과,독산1동-1099,방범등,서울특별시 금천구 독산1동 149-54,2025-06-17,37.4731728,126.8970492
서울특별시 금천구청 도로과,독산1동-201,방범등,서울특별시 금천구 독산1동 289-06,2025-06-17,37.4700941,126.8972805
서울특별시 금천구청 도로과,독산1동-2010,방범등,서울특별시 금천구 독산1동 296-24,2025-06-17,37.4712067,126.8962723
서울특별시 금천구청 도로과,독산1동-20100,방범등,서울특별시 금천구 독산1동 302-18,2025-06-17,37.4721587,126.8926534
서울특별시 금천구청 도로과,독산1동-20101,방범등,서울특별시 금천구 독산1동 299-34,2025-06-17,37.4704419,126.8938892
서울특별시 금천구청 도로과,독산1동-20102,방범등,서울특별시 금천구 독산1동 299-35,2025-06-17,37.4707481,126.8940935
서울특별시 금천구청 도로과,독산1동-20103,방범등,서울특별시 금천구 독산1동 301-11,2025-06-17,37.4709228,126.8933689
서울특별시 금천구청 도로과,독산1동-20104,방범등,서울특별시 금천구 독산1동 301-2,2025-06-17,37.4718529,126.8935642
서울특별시 금천구청 도로과,독산1동-20105,방범등,서울특별시 금천구 독산1동 299-2,2025-06-17,37.4721880,126.8947058
서울특별시 금천구청 도로과,독산1동-20106,방범등,서울특별시 금천구 독산1동 299-53,2025-06-17,37.4709252,126.8948002
서울특별시 금천구청 도로과,독산1동-20107,방범등,서울특별시 금천구 독산1동 299-34,2025-06-17,37.4704419,126.8938892
서울특별시 금천구청 도로과,독산1동-20108,방범등,서울특별시 금천구 독산1동 334-8,2025-06-17,37.4707981,126.8904959
서울특별시 금천구청 도로과,독산1동-20109,방범등,서울특별시 금천구 독산1동 334-9,2025-06-17,37.4706380,126.8904794
서울특별시 금천구청 도로과,독산1동-2011,방범등,서울특별시 금천구 독산1동 296-35,2025-06-17,37.4713907,126.8960416
서울특별시 금천구청 도로과,독산1동-20110,방범등,서울특별시 금천구 독산1동 297-26,2025-06-17,37.4727801,126.8952462
서울특별시 금천구청 도로과,독산1동-20111,방범등,서울특별시 금천구 독산1동 299-29,2025-06-17,37.4711921,126.8945354
서울특별시 금천구청 도로과,독산1동-20112,방범등,서울특별시 금천구 독산1동 336-34,2025-06-17,37.4711732,126.8882915
서울특별시 금천구청 도로과,독산1동-20113,방범등,서울특별시 금천구 독산1동 288-10,2025-06-17,37.4708503,126.8971850
서울특별시 금천구청 도로과,독산1동-20114,방범등,서울특별시 금천구 독산1동 296-14,2025-06-17,37.4716092,126.8963938
서울특별시 금천구청 도로과,독산1동-20115,방범등,서울특별시 금천구 독산1동 295-3,2025-06-17,37.4716860,126.8951108
서울특별시 금천구청 도로과,독산1동-20116,방범등,서울특별시 금천구 독산1동 298-1,2025-06-17,37.4730982,126.8941627
서울특별시 금천구청 도로과,독산1동-20117,방범등,서울특별시 금천구 독산1동 298-18,2025-06-17,37.4727185,126.8944686
서울특별시 금천구청 도로과,독산1동-20118,방범등,서울특별시 금천구 독산1동 296-20,2025-06-17,37.4709814,126.8966546
서울특별시 금천구청 도로과,독산1동-20119,방범등,서울특별시 금천구 독산1동 336-31,2025-06-17,37.4708189,126.8880235
서울특별시 금천구청 도로과,독산1동-20120,방범등,서울특별시 금천구 독산1동 336-5,2025-06-17,37.4708815,126.8889760
서울특별시 금천구청 도로과,독산1동-20121,방범등,서울특별시 금천구 독산1동 336-23월편,2025-06-17,37.4718560,126.8874345
서울특별시 금천구청 도로과,독산1동-20122,방범등,서울특별시 금천구 독산1동 336-28월편,2025-06-17,37.4712832,126.8878356
서울특별시 금천구청 도로과,독산1동-20123,방범등,서울특별시 금천구 독산1동 336-30월편,2025-06-17,37.4708321,126.8878359
서울특별시 금천구청 도로과,독산1동-20124,방범등,서울특별시 금천구 독산1동 296-28,2025-06-17,37.4714015,126.8963911
서울특별시 금천구청 도로과,독산1동-20125,방범등,서울특별시 금천구 독산1동 303-8,2025-06-17,37.4712065,126.8905841
서울특별시 금천구청 도로과,독산1동-20126,방범등,서울특별시 금천구 독산1동 302-24,2025-06-17,37.4714854,126.8924267
서울특별시 금천구청 도로과,독산1동-2013,방범등,서울특별시 금천구 독산1동 296-28,2025-06-17,37.4714015,126.8963911
서울특별시 금천구청 도로과,독산1동-2014,방범등,서울특별시 금천구 독산1동 295-05,2025-06-17,37.4714700,126.8954393
서울특별시 금천구청 도로과,독산1동-2015,방범등,서울특별시 금천구 독산1동 295-28,2025-06-17,37.4717167,126.8952841
서울특별시 금천구청 도로과,독산1동-2016,방범등,서울특별시 금천구 독산1동 296-40,2025-06-17,37.4718371,126.8956629
서울특별시 금천구청 도로과,독산1동-2017,방범등,서울특별시 금천구 독산1동 296-07,2025-06-17,37.4719431,126.8954921
서울특별시 금천구청 도로과,독산1동-202,방범등,서울특별시 금천구 독산1동 289-05,2025-06-17,37.4702283,126.8970565
서울특별시 금천구청 도로과,독산1동-2020,방범등,서울특별시 금천구 독산1동 296-01,2025-06-17,37.4724218,126.8954571
서울특별시 금천구청 도로과,독산1동-2021,방범등,서울특별시 금천구 독산1동 298-09,2025-06-17,37.4724261,126.8946660
서울특별시 금천구청 도로과,독산1동-2022,방범등,서울특별시 금천구 독산1동 298-25,2025-06-17,37.4725773,126.8945565
서울특별시 금천구청 도로과,독산1동-2023,방범등,서울특별시 금천구 독산1동 298-01,2025-06-17,37.4730982,126.8941627
서울특별시 금천구청 도로과,독산1동-2024,방범등,서울특별시 금천구 독산1동 298-01,2025-06-17,37.4730982,126.8941627
서울특별시 금천구청 도로과,독산1동-2025,방범등,서울특별시 금천구 독산1동 1009-43,2025-06-17,37.4648482,126.8965222
서울특별시 금천구청 도로과,독산1동-203,방범등,서울특별시 금천구 독산1동 289-05,2025-06-17,37.4702283,126.8970565
서울특별시 금천구청 도로과,독산1동-2030,방범등,서울특별시 금천구 독산1동 297-19,2025-06-17,37.4735110,126.8942511
서울특별시 금천구청 도로과,독산1동-2031,방범등,서울특별시 금천구 독산1동 297-19,2025-06-17,37.4735110,126.8942511
서울특별시 금천구청 도로과,독산1동-2032,방범등,서울특별시 금천구 독산1동 299-4,2025-06-17,37.4719858,126.8948513
서울특별시 금천구청 도로과,독산1동-2033,방범등,서울특별시 금천구 독산1동 295-19(299-14건너),2025-06-17,37.4714416,126.8951474
서울특별시 금천구청 도로과,독산1동-2034,방범등,서울특별시 금천구 독산1동 299-14,2025-06-17,37.4715235,126.8948366
서울특별시 금천구청 도로과,독산1동-2035,방범등,서울특별시 금천구 독산1동 299-20,2025-06-17,37.4713587,126.8947013
서울특별시 금천구청 도로과,독산1동-2036,방범등,서울특별시 금천구 독산1동 299-26,2025-06-17,37.4713055,126.8948271
서울특별시 금천구청 도로과,독산1동-2037,방범등,"서울특별시 금천구 독산1동 295-19
(299-26맞은편)",2025-06-17,37.4714416,126.8951474
서울특별시 금천구청 도로과,독산1동-2038,방범등,서울특별시 금천구 독산1동 299-30,2025-06-17,37.4710941,126.8945455
서울특별시 금천구청 도로과,독산1동-2039,방범등,서울특별시 금천구 독산1동 299-53,2025-06-17,37.4709252,126.8948002
서울특별시 금천구청 도로과,독산1동-204,방범등,서울특별시 금천구 독산1동 289-03,2025-06-17,37.4703314,126.8968824
서울특별시 금천구청 도로과,독산1동-2040,방범등,서울특별시 금천구 독산1동 299-31,2025-06-17,37.4706699,126.8946410
서울특별시 금천구청 도로과,독산1동-2041,방범등,서울특별시 금천구 독산1동 298-9,2025-06-17,37.4724261,126.8946660
서울특별시 금천구청 도로과,독산1동-2042,방범등,서울특별시 금천구 독산1동 299-2,2025-06-17,37.4721880,126.8947058
서울특별시 금천구청 도로과,독산1동-2043,방범등,서울특별시 금천구 독산1동 298-17,2025-06-17,37.4723984,126.8943715
서울특별시 금천구청 도로과,독산1동-2044,방범등,서울특별시 금천구 독산1동 299-40,2025-06-17,37.4719914,126.8943805
서울특별시 금천구청 도로과,독산1동-2045,방범등,서울특별시 금천구 독산1동 298-10,2025-06-17,37.4723906,126.8941125
서울특별시 금천구청 도로과,독산1동-2046,방범등,서울특별시 금천구 독산1동 301-02,2025-06-17,37.4718529,126.8935642
서울특별시 금천구청 도로과,독산1동-2047,방범등,서울특별시 금천구 독산1동 1139,2025-06-17,37.4712583,126.8941334
서울특별시 금천구청 도로과,독산1동-2048,방범등,서울특별시 금천구 독산1동 1139,2025-06-17,37.4712583,126.8941334
서울특별시 금천구청 도로과,독산1동-2049,방범등,서울특별시 금천구 독산1동 1139,2025-06-17,37.4712583,126.8941334
서울특별시 금천구청 도로과,독산1동-205,방범등,서울특별시 금천구 독산1동 296-23,2025-06-17,37.4709804,126.8965003
서울특별시 금천구청 도로과,독산1동-2050,방범등,서울특별시 금천구 독산1동 1139,2025-06-17,37.4712583,126.8941334
서울특별시 금천구청 도로과,독산1동-2051,방범등,서울특별시 금천구 독산1동 301-20,2025-06-17,37.4707324,126.8934667
서울특별시 금천구청 도로과,독산1동-2052,방범등,서울특별시 금천구 독산1동 301-20,2025-06-17,37.4707324,126.8934667
서울특별시 금천구청 도로과,독산1동-2053,방범등,서울특별시 금천구 독산1동 302-03,2025-06-17,37.4718456,126.8925573
서울특별시 금천구청 도로과,독산1동-2054,방범등,서울특별시 금천구 독산1동 302-04,2025-06-17,37.4716900,126.8925480
서울특별시 금천구청 도로과,독산1동-2055,방범등,서울특별시 금천구 독산1동 302-07,2025-06-17,37.4711237,126.8924067
서울특별시 금천구청 도로과,독산1동-2056,방범등,서울특별시 금천구 독산1동 302-07,2025-06-17,37.4711237,126.8924067
서울특별시 금천구청 도로과,독산1동-2057,방범등,서울특별시 금천구 독산1동 302-07,2025-06-17,37.4711237,126.8924067
서울특별시 금천구청 도로과,독산1동-2058,방범등,서울특별시 금천구 독산1동 302-09,2025-06-17,37.4707083,126.8924263
서울특별시 금천구청 도로과,독산1동-2059,방범등,서울특별시 금천구 독산1동 302-09,2025-06-17,37.4707083,126.8924263
서울특별시 금천구청 도로과,독산1동-206,방범등,서울특별시 금천구 독산1동 288-10,2025-06-17,37.4708503,126.8971850
서울특별시 금천구청 도로과,독산1동-2060,방범등,서울특별시 금천구 독산1동 302-15,2025-06-17,37.4708621,126.8919334
서울특별시 금천구청 도로과,독산1동-2061,방범등,서울특별시 금천구 독산1동 302-14,2025-06-17,37.4710176,126.8919430
서울특별시 금천구청 도로과,독산1동-2062,방범등,서울특별시 금천구 독산1동 302-11,2025-06-17,37.4711740,126.8919497
서울특별시 금천구청 도로과,독산1동-2063,방범등,서울특별시 금천구 독산1동 302-06,2025-06-17,37.4714601,126.8919659
서울특별시 금천구청 도로과,독산1동-2064,방범등,서울특별시 금천구 독산1동 302-05,2025-06-17,37.4718615,126.8920963
서울특별시 금천구청 도로과,독산1동-2065,방범등,서울특별시 금천구 독산1동 302-05,2025-06-17,37.4718615,126.8920963
서울특별시 금천구청 도로과,독산1동-2066,방범등,서울특별시 금천구 독산1동 302-05,2025-06-17,37.4718615,126.8920963
서울특별시 금천구청 도로과,독산1동-2067,방범등,서울특별시 금천구 독산1동 302-23,2025-06-17,37.4721606,126.8920910
서울특별시 금천구청 도로과,독산1동-2067,방범등,서울특별시 금천구 독산1동 302-5,,37.4718615,126.8920963
서울특별시 금천구청 도로과,독산1동-2067,방범등,서울특별시 금천구 독산1동 302-5,2025-06-17,37.4718615,126.8920963
서울특별시 금천구청 도로과,독산1동-2068,방범등,서울특별시 금천구 독산1동 302-21,2025-06-17,37.4721658,126.8919262
서울특별시 금천구청 도로과,독산1동-2069,방범등,서울특별시 금천구 독산1동 302-5,2025-06-17,37.4718615,126.8920963
서울특별시 금천구청 도로과,독산1동-207,방범등,서울특별시 금천구 독산1동 288-10,2025-06-17,37.4708503,126.8971850
서울특별시 금천구청 도로과,독산1동-2070,방범등,서울특별시 금천구 독산1동 303-12,2025-06-17,37.4721748,126.8909265
서울특별시 금천구청 도로과,독산1동-2072,방범등,서울특별시 금천구 독산1동 303-04,2025-06-17,37.4716529,126.8907386
서울특별시 금천구청 도로과,독산1동-2073,방범등,서울특별시 금천구 독산1동 335-03,2025-06-17,37.4716844,126.8902247
서울특별시 금천구청 도로과,독산1동-2074,방범등,서울특별시 금천구 독산1동 303-07,2025-06-17,37.4713508,126.8905988
서울특별시 금천구청 도로과,독산1동-2075,방범등,서울특별시 금천구 독산1동 303-07,2025-06-17,37.4713508,126.8905988
서울특별시 금천구청 도로과,독산1동-2076,방범등,서울특별시 금천구 독산1동 303-08,2025-06-17,37.4712065,126.8905841
서울특별시 금천구청 도로과,독산1동-2077,방범등,서울특별시 금천구 독산1동 303-8,2025-06-17,37.4712065,126.8905841
서울특별시 금천구청 도로과,독산1동-2078,방범등,서울특별시 금천구 독산1동 303-06,2025-06-17,37.4712816,126.8908893
서울특별시 금천구청 도로과,독산1동-2079,방범등,서울특별시 금천구 독산1동 334-07,2025-06-17,37.4709771,126.8904361
서울특별시 금천구청 도로과,독산1동-208,방범등,서울특별시 금천구 독산1동 296-16,2025-06-17,37.4713083,126.8968347
서울특별시 금천구청 도로과,독산1동-2080,방범등,서울특별시 금천구 독산1동 334-08,2025-06-17,37.4707981,126.8904959
서울특별시 금천구청 도로과,독산1동-2082,방범등,서울특별시 금천구 독산1동 335-04,2025-06-17,37.4718265,126.8899502
서울특별시 금천구청 도로과,독산1동-2083,방범등,서울특별시 금천구 독산1동 335-04,2025-06-17,37.4718265,126.8899502
서울특별시 금천구청 도로과,독산1동-2084,방범등,서울특별시 금천구 독산1동 335-04,2025-06-17,37.4718265,126.8899502
서울특별시 금천구청 도로과,독산1동-2085,방범등,서울특별시 금천구 독산1동 335-14,2025-06-17,37.4718598,126.8894682
서울특별시 금천구청 도로과,독산1동-2086,방범등,서울특별시 금천구 독산1동 335-14,2025-06-17,37.4718598,126.8894682
서울특별시 금천구청 도로과,독산1동-2087,방범등,서울특별시 금천구 독산1동 336-01,2025-06-17,37.4718613,126.8890332
서울특별시 금천구청 도로과,독산1동-2088,방범등,서울특별시 금천구 독산1동 336-02,2025-06-17,37.4717376,126.8890270
서울특별시 금천구청 도로과,독산1동-2089,방범등,서울특별시 금천구 독산1동 336-24 ,2025-06-17,37.4713848,126.8890079
서울특별시 금천구청 도로과,독산1동-209,방범등,서울특별시 금천구 독산1동 296-24,2025-06-17,37.4712067,126.8962723
서울특별시 금천구청 도로과,독산1동-2090,방범등,서울특별시 금천구 독산1동 336-24,2025-06-17,37.4713848,126.8890079
서울특별시 금천구청 도로과,독산1동-2091,방범등,서울특별시 금천구 독산1동 336-05,2025-06-17,37.4708815,126.8889760
서울특별시 금천구청 도로과,독산1동-2093,방범등,서울특별시 금천구 독산1동 336-13,2025-06-17,37.4717211,126.8880218
서울특별시 금천구청 도로과,독산1동-2094,방범등,서울특별시 금천구 독산1동 336-20,2025-06-17,37.4718356,126.8877080
서울특별시 금천구청 도로과,독산1동-2095,방범등,서울특별시 금천구 독산1동 336-23,2025-06-17,37.4718560,126.8874345
서울특별시 금천구청 도로과,독산1동-2096,방범등,서울특별시 금천구 독산1동 296-27,2025-06-17,37.4713087,126.8964737
서울특별시 금천구청 도로과,독산1동-2097,방범등,서울특별시 금천구 독산1동 296-14,2025-06-17,37.4716092,126.8963938
서울특별시 금천구청 도로과,독산1동-2098,방범등,서울특별시 금천구 독산1동 299-3,2025-06-17,37.4720741,126.8948526
서울특별시 금천구청 도로과,독산1동-2099,방범등,서울특별시 금천구 독산1동 301-04,2025-06-17,37.4716957,126.8935542
서울특별시 금천구청 도로과,독산1동-301,방범등,서울특별시 금천구 독산1동 998-10,2025-06-17,37.4702327,126.8899717
서울특별시 금천구청 도로과,독산1동-3010,방범등,서울특별시 금천구 독산1동 999-03,2025-06-17,37.4690502,126.8898719
서울특별시 금천구청 도로과,독산1동-30100,방범등,서울특별시 금천구 독산1동 300-21,2025-06-17,37.4684720,126.8944333
서울특별시 금천구청 도로과,독산1동-30101,방범등,서울특별시 금천구 독산1동 300-21,2025-06-17,37.4684720,126.8944333
서울특별시 금천구청 도로과,독산1동-30105,방범등,서울특별시 금천구 독산1동 331-01 (진도20차A-),2025-06-17,37.4680050,126.8938082
서울특별시 금천구청 도로과,독산1동-30106,방범등,서울특별시 금천구 독산1동 293-9,2025-06-17,37.4677636,126.8956950
서울특별시 금천구청 도로과,독산1동-30107,방범등,서울특별시 금천구 독산1동 293-8,2025-06-17,37.4675908,126.8957741
서울특별시 금천구청 도로과,독산1동-30108,방범등,서울특별시 금천구 독산1동 293-4,2025-06-17,37.4674382,126.8960608
서울특별시 금천구청 도로과,독산1동-30109,방범등,서울특별시 금천구 독산1동 293-7,2025-06-17,37.4671651,126.8959788
서울특별시 금천구청 도로과,독산1동-3011,방범등,서울특별시 금천구 독산1동 999-03,2025-06-17,37.4690502,126.8898719
서울특별시 금천구청 도로과,독산1동-30110,방범등,서울특별시 금천구 독산1동 293-17,2025-06-17,37.4669923,126.8955343
서울특별시 금천구청 도로과,독산1동-30111,방범등,서울특별시 금천구 독산1동 293-6,2025-06-17,37.4668171,126.8961310
서울특별시 금천구청 도로과,독산1동-30114,방범등,서울특별시 금천구 독산1동 292-21,2025-06-17,37.4677077,126.8965607
서울특별시 금천구청 도로과,독산1동-30115,방범등,서울특별시 금천구 독산1동 292-21,2025-06-17,37.4677077,126.8965607
서울특별시 금천구청 도로과,독산1동-30116,방범등,서울특별시 금천구 독산1동 292-11 ,2025-06-17,37.4670442,126.8968476
서울특별시 금천구청 도로과,독산1동-30117,방범등,서울특별시 금천구 독산1동 292-11 ,2025-06-17,37.4670442,126.8968476
서울특별시 금천구청 도로과,독산1동-30118,방범등,서울특별시 금천구 독산1동 331-01 (진도31차A-),2025-06-17,37.4680050,126.8938082
서울특별시 금천구청 도로과,독산1동-30119,방범등,서울특별시 금천구 독산1동 331-01 (진도32차A-),2025-06-17,37.4680050,126.8938082
서울특별시 금천구청 도로과,독산1동-3012,방범등,서울특별시 금천구 독산1동 999-09,2025-06-17,37.4685777,126.8900372
서울특별시 금천구청 도로과,독산1동-30120,방범등,서울특별시 금천구 독산1동 331-01 (진도33차A-),2025-06-17,37.4680050,126.8938082
서울특별시 금천구청 도로과,독산1동-30121,방범등,서울특별시 금천구 독산1동 300-25,2025-06-17,37.4699887,126.8945095
서울특별시 금천구청 도로과,독산1동-30123,방범등,서울특별시 금천구 독산1동 331-01 (진도35차A-),2025-06-17,37.4680050,126.8938082
서울특별시 금천구청 도로과,독산1동-30124,방범등,서울특별시 금천구 독산1동 331-01 (진도36차A-),2025-06-17,37.4680050,126.8938082
서울특별시 금천구청 도로과,독산1동-30125,방범등,서울특별시 금천구 독산1동 331-01 (진도37차A-),2025-06-17,37.4680050,126.8938082
서울특별시 금천구청 도로과,독산1동-30127,방범등,서울특별시 금천구 독산1동 331-01 (진도38차A-),2025-06-17,37.4680050,126.8938082
서울특별시 금천구청 도로과,독산1동-30128,방범등,서울특별시 금천구 독산1동 293-24,2025-06-17,37.4669989,126.8949107
서울특별시 금천구청 도로과,독산1동-30129,방범등,서울특별시 금천구 독산1동 300-28,2025-06-17,37.4693615,126.8946919
서울특별시 금천구청 도로과,독산1동-3013,방범등,서울특별시 금천구 독산1동 999-14,2025-06-17,37.4680412,126.8902105
서울특별시 금천구청 도로과,독산1동-30130,방범등,서울특별시 금천구 독산1동 331-01 (진도41차A-),2025-06-17,37.4680050,126.8938082
서울특별시 금천구청 도로과,독산1동-30131,방범등,서울특별시 금천구 독산1동 331-01 (진도42차A-),2025-06-17,37.4680050,126.8938082
서울특별시 금천구청 도로과,독산1동-30132,방범등,서울특별시 금천구 독산1동 331-01 (진도43차A-),2025-06-17,37.4680050,126.8938082
서울특별시 금천구청 도로과,독산1동-30134,방범등,서울특별시 금천구 독산1동 331-01 (진도44차A-),2025-06-17,37.4680050,126.8938082
서울특별시 금천구청 도로과,독산1동-30135,방범등,서울특별시 금천구 독산1동 331-01 (진도45차A-),2025-06-17,37.4680050,126.8938082
서울특별시 금천구청 도로과,독산1동-30136,방범등,서울특별시 금천구 독산1동 331-01 (진도46차A-),2025-06-17,37.4680050,126.8938082
서울특별시 금천구청 도로과,독산1동-30137,방범등,서울특별시 금천구 독산1동 331-01 (진도47차A-),2025-06-17,37.4680050,126.8938082
서울특별시 금천구청 도로과,독산1동-3014,방범등,서울특별시 금천구 독산1동 1000-16,2025-06-17,37.4680001,126.8896784
서울특별시 금천구청 도로과,독산1동-30140,방범등,서울특별시 금천구 독산1동 331-01 (진도48차A-),2025-06-17,37.4680050,126.8938082
서울특별시 금천구청 도로과,독산1동-30141,방범등,서울특별시 금천구 독산1동 300-21,2025-06-17,37.4684720,126.8944333
서울특별시 금천구청 도로과,독산1동-30144,방범등,서울특별시 금천구 독산1동 300-30,2025-06-17,37.4694354,126.8943720
서울특별시 금천구청 도로과,독산1동-30145,방범등,서울특별시 금천구 독산1동 331-01 (진도51차A-),2025-06-17,37.4680050,126.8938082
서울특별시 금천구청 도로과,독산1동-30146,방범등,서울특별시 금천구 독산1동 331-01 (진도52차A-),2025-06-17,37.4680050,126.8938082
서울특별시 금천구청 도로과,독산1동-30147,방범등,서울특별시 금천구 독산1동 331-01 (진도53차A-),2025-06-17,37.4680050,126.8938082
서울특별시 금천구청 도로과,독산1동-30148,방범등,서울특별시 금천구 독산1동 331-01 (진도54차A-),2025-06-17,37.4680050,126.8938082
서울특별시 금천구청 도로과,독산1동-30149,방범등,서울특별시 금천구 독산1동 331-01 (진도55차A-),2025-06-17,37.4680050,126.8938082
서울특별시 금천구청 도로과,독산1동-3015,방범등,서울특별시 금천구 독산1동 1000-16,2025-06-17,37.4680001,126.8896784
서울특별시 금천구청 도로과,독산1동-30150,방범등,서울특별시 금천구 독산1동 331-01 (진도56차A-),2025-06-17,37.4680050,126.8938082
서울특별시 금천구청 도로과,독산1동-30152,방범등,서울특별시 금천구 독산1동 331-01 (진도57차A-),2025-06-17,37.4680050,126.8938082
서울특별시 금천구청 도로과,독산1동-30153,방범등,서울특별시 금천구 독산1동 331-34,2025-06-17,37.4672377,126.8938459
서울특별시 금천구청 도로과,독산1동-30154,방범등,서울특별시 금천구 독산1동 331-01 (진도59차A-),2025-06-17,37.4680050,126.8938082
서울특별시 금천구청 도로과,독산1동-30155,방범등,서울특별시 금천구 독산1동 331-01 (진도60차A-),2025-06-17,37.4680050,126.8938082
서울특별시 금천구청 도로과,독산1동-30156,방범등,서울특별시 금천구 독산1동 331-01 (진도61차A-),2025-06-17,37.4680050,126.8938082
서울특별시 금천구청 도로과,독산1동-30157,방범등,서울특별시 금천구 독산1동 331-01 (진도62차A-),2025-06-17,37.4680050,126.8938082
서울특별시 금천구청 도로과,독산1동-30158,방범등,서울특별시 금천구 독산1동 331-01 (진도63차A-),2025-06-17,37.4680050,126.8938082
서울특별시 금천구청 도로과,독산1동-30159,방범등,서울특별시 금천구 독산1동 331-01 (진도64차A-),2025-06-17,37.4680050,126.8938082
서울특별시 금천구청 도로과,독산1동-3016,방범등,서울특별시 금천구 독산1동 1002-00,2025-06-17,37.4677959,126.8907141
서울특별시 금천구청 도로과,독산1동-30160,방범등,서울특별시 금천구 독산1동 331-01 (진도65차A-),2025-06-17,37.4680050,126.8938082
서울특별시 금천구청 도로과,독산1동-30161,방범등,서울특별시 금천구 독산1동 331-01 (진도66차A-),2025-06-17,37.4680050,126.8938082
서울특별시 금천구청 도로과,독산1동-30162,방범등,서울특별시 금천구 독산1동 291-1,2025-06-17,37.4690203,126.8956034
서울특별시 금천구청 도로과,독산1동-30163,방범등,서울특별시 금천구 독산1동 291-1,2025-06-17,37.4690203,126.8956034
서울특별시 금천구청 도로과,독산1동-30164,방범등,서울특별시 금천구 독산1동 291-1,2025-06-17,37.4690203,126.8956034
서울특별시 금천구청 도로과,독산1동-30165,방범등,서울특별시 금천구 독산1동 291-1,2025-06-17,37.4690203,126.8956034
서울특별시 금천구청 도로과,독산1동-30166,방범등,서울특별시 금천구 독산1동 291-1,2025-06-17,37.4690203,126.8956034
서울특별시 금천구청 도로과,독산1동-30167,방범등,서울특별시 금천구 독산1동 291-1,2025-06-17,37.4690203,126.8956034
서울특별시 금천구청 도로과,독산1동-30168,방범등,서울특별시 금천구 독산1동 291-1,2025-06-17,37.4690203,126.8956034
서울특별시 금천구청 도로과,독산1동-30169,방범등,서울특별시 금천구 독산1동 291-1,2025-06-17,37.4690203,126.8956034
서울특별시 금천구청 도로과,독산1동-3017,방범등,서울특별시 금천구 독산1동 999-14,2025-06-17,37.4680412,126.8902105
서울특별시 금천구청 도로과,독산1동-30170,방범등,서울특별시 금천구 독산1동 291-1,2025-06-17,37.4690203,126.8956034
서울특별시 금천구청 도로과,독산1동-30171,방범등,서울특별시 금천구 독산1동 291-1,2025-06-17,37.4690203,126.8956034
서울특별시 금천구청 도로과,독산1동-30172,방범등,서울특별시 금천구 독산1동 291-1,2025-06-17,37.4690203,126.8956034
서울특별시 금천구청 도로과,독산1동-30173,방범등,서울특별시 금천구 독산1동 291-1,2025-06-17,37.4690203,126.8956034
서울특별시 금천구청 도로과,독산1동-30174,방범등,서울특별시 금천구 독산1동 291-1,2025-06-17,37.4690203,126.8956034
서울특별시 금천구청 도로과,독산1동-30175,방범등,서울특별시 금천구 독산1동 331-01 (진도80차A-),2025-06-17,37.4680050,126.8938082
서울특별시 금천구청 도로과,독산1동-30176,방범등,서울특별시 금천구 독산1동 331-01 (진도81차A-),2025-06-17,37.4680050,126.8938082
서울특별시 금천구청 도로과,독산1동-30178,방범등,서울특별시 금천구 독산1동 331-01 (진도82차A-),2025-06-17,37.4680050,126.8938082
서울특별시 금천구청 도로과,독산1동-30179,방범등,서울특별시 금천구 독산1동 331-01 (진도83차A-),2025-06-17,37.4680050,126.8938082
서울특별시 금천구청 도로과,독산1동-3018,방범등,서울특별시 금천구 독산1동 999-14,2025-06-17,37.4680412,126.8902105
서울특별시 금천구청 도로과,독산1동-30180,방범등,서울특별시 금천구 독산1동 331-01 (진도84차A-),2025-06-17,37.4680050,126.8938082
서울특별시 금천구청 도로과,독산1동-30181,방범등,서울특별시 금천구 독산1동 331-01 (진도85차A-),2025-06-17,37.4680050,126.8938082
서울특별시 금천구청 도로과,독산1동-30182,방범등,서울특별시 금천구 독산1동 331-01 (진도86차A-),2025-06-17,37.4680050,126.8938082
서울특별시 금천구청 도로과,독산1동-30183,방범등,서울특별시 금천구 독산1동 331-01 (진도87차A-),2025-06-17,37.4680050,126.8938082
서울특별시 금천구청 도로과,독산1동-30184,방범등,서울특별시 금천구 독산1동 331-01 (진도88차A-),2025-06-17,37.4680050,126.8938082
서울특별시 금천구청 도로과,독산1동-30185,방범등,서울특별시 금천구 독산1동 331-01 (진도89차A-),2025-06-17,37.4680050,126.8938082
서울특별시 금천구청 도로과,독산1동-30186,방범등,서울특별시 금천구 독산1동 331-01 (진도90차A-),2025-06-17,37.4680050,126.8938082
서울특별시 금천구청 도로과,독산1동-30187,방범등,서울특별시 금천구 독산1동 331-01 (진도91차A-),2025-06-17,37.4680050,126.8938082
서울특별시 금천구청 도로과,독산1동-30188,방범등,서울특별시 금천구 독산1동 331-01 (진도92차A-),2025-06-17,37.4680050,126.8938082
서울특별시 금천구청 도로과,독산1동-30189,방범등,서울특별시 금천구 독산1동 330-38,2025-06-17,37.4687971,126.8927313
서울특별시 금천구청 도로과,독산1동-3019,방범등,서울특별시 금천구 독산1동 1001-03,2025-06-17,37.4672520,126.8899949
서울특별시 금천구청 도로과,독산1동-30190,방범등,서울특별시 금천구 독산1동 300-1,2025-06-17,37.4700968,126.8938714
서울특별시 금천구청 도로과,독산1동-30191,방범등,서울특별시 금천구 독산1동 293-29,2025-06-17,37.4671641,126.8963167
서울특별시 금천구청 도로과,독산1동-3020,방범등,서울특별시 금천구 독산1동 1001-13,2025-06-17,37.4671326,126.8900464
서울특별시 금천구청 도로과,독산1동-3021,방범등,서울특별시 금천구 독산1동 1001-2,2025-06-17,37.4675115,126.8898857
서울특별시 금천구청 도로과,독산1동-3022,방범등,서울특별시 금천구 독산1동 1001-06,2025-06-17,37.4668292,126.8903230
서울특별시 금천구청 도로과,독산1동-3023,방범등,서울특별시 금천구 독산1동 1002-05,2025-06-17,37.4671681,126.8910176
서울특별시 금천구청 도로과,독산1동-3024,방범등,서울특별시 금천구 독산1동 1002-05,2025-06-17,37.4671681,126.8910176
서울특별시 금천구청 도로과,독산1동-3025,방범등,서울특별시 금천구 독산1동 332-19,2025-06-17,37.4671497,126.8918514
서울특별시 금천구청 도로과,독산1동-3026,방범등,서울특별시 금천구 독산1동 332-17,2025-06-17,37.4672993,126.8917673
서울특별시 금천구청 도로과,독산1동-3027,방범등,서울특별시 금천구 독산1동 1002-05,2025-06-17,37.4671681,126.8910176
서울특별시 금천구청 도로과,독산1동-3028,방범등,서울특별시 금천구 독산1동 332-16 월편,2025-06-17,37.4674861,126.8916857
서울특별시 금천구청 도로과,독산1동-3029,방범등,서울특별시 금천구 독산1동 332-9,2025-06-17,37.4676395,126.8921928
서울특별시 금천구청 도로과,독산1동-303,방범등,서울특별시 금천구 독산1동 999-16,2025-06-17,37.4697306,126.8902464
서울특별시 금천구청 도로과,독산1동-3030,방범등,서울특별시 금천구 독산1동 332-18,2025-06-17,37.4673714,126.8920276
서울특별시 금천구청 도로과,독산1동-3031,방범등,서울특별시 금천구 독산1동 332-14,2025-06-17,37.4671571,126.8927912
서울특별시 금천구청 도로과,독산1동-3032,방범등,서울특별시 금천구 독산1동 1002-5,2025-06-17,37.4671681,126.8910176
서울특별시 금천구청 도로과,독산1동-3033,방범등,서울특별시 금천구 독산1동 1002,2025-06-17,37.4677959,126.8907141
서울특별시 금천구청 도로과,독산1동-3034,방범등,서울특별시 금천구 독산1동 1002,2025-06-17,37.4677959,126.8907141
서울특별시 금천구청 도로과,독산1동-3035,방범등,서울특별시 금천구 독산1동 1002,2025-06-17,37.4677959,126.8907141
서울특별시 금천구청 도로과,독산1동-3036,방범등,서울특별시 금천구 독산1동 999-11,2025-06-17,37.4682417,126.8908874
서울특별시 금천구청 도로과,독산1동-3038,방범등,서울특별시 금천구 독산1동 332-43,2025-06-17,37.4681333,126.8917773
서울특별시 금천구청 도로과,독산1동-3039,방범등,서울특별시 금천구 독산1동 332-43,2025-06-17,37.4681333,126.8917773
서울특별시 금천구청 도로과,독산1동-304,방범등,서울특별시 금천구 독산1동 999-4 ,2025-06-17,37.4694525,126.8900850
서울특별시 금천구청 도로과,독산1동-3040,방범등,서울특별시 금천구 독산1동 332-02,2025-06-17,37.4682749,126.8922774
서울특별시 금천구청 도로과,독산1동-3041,방범등,서울특별시 금천구 독산1동 999-10,2025-06-17,37.4684753,126.8907873
서울특별시 금천구청 도로과,독산1동-3043,방범등,서울특별시 금천구 독산1동 999-18,2025-06-17,37.4687527,126.8905098
서울특별시 금천구청 도로과,독산1동-3045,방범등,서울특별시 금천구 독산1동 999-4 ,2025-06-17,37.4694525,126.8900850
서울특별시 금천구청 도로과,독산1동-3046,방범등,서울특별시 금천구 독산1동 999-16,2025-06-17,37.4697306,126.8902464
서울특별시 금천구청 도로과,독산1동-3048,방범등,서울특별시 금천구 독산1동 1133,2025-06-17,37.4700226,126.8922178
서울특별시 금천구청 도로과,독산1동-3049,방범등,서울특별시 금천구 독산1동 1133,2025-06-17,37.4700226,126.8922178
서울특별시 금천구청 도로과,독산1동-305,방범등,서울특별시 금천구 독산1동 999-00,2025-06-17,37.4695229,126.8895136
서울특별시 금천구청 도로과,독산1동-3050,방범등,서울특별시 금천구 독산1동 330-36,2025-06-17,37.4691244,126.8924845
서울특별시 금천구청 도로과,독산1동-3051,방범등,서울특별시 금천구 독산1동 330-39,2025-06-17,37.4687493,126.8925492
서울특별시 금천구청 도로과,독산1동-3052,방범등,서울특별시 금천구 독산1동 1136,2025-06-17,37.4683519,126.8932943
서울특별시 금천구청 도로과,독산1동-3053,방범등,서울특별시 금천구 독산1동 1136,2025-06-17,37.4683519,126.8932943
서울특별시 금천구청 도로과,독산1동-3054,방범등,서울특별시 금천구 독산1동 331-19,2025-06-17,37.4680173,126.8928777
서울특별시 금천구청 도로과,독산1동-3055,방범등,서울특별시 금천구 독산1동 331-20,2025-06-17,37.4679940,126.8930388
서울특별시 금천구청 도로과,독산1동-3056,방범등,서울특별시 금천구 독산1동 332-13,2025-06-17,37.4673838,126.8925714
서울특별시 금천구청 도로과,독산1동-3057,방범등,서울특별시 금천구 독산1동 331-67,2025-06-17,37.4678803,126.8931274
서울특별시 금천구청 도로과,독산1동-3058,방범등,서울특별시 금천구 독산1동 331-69,2025-06-17,37.4675743,126.8933032
서울특별시 금천구청 도로과,독산1동-3059,방범등,서울특별시 금천구 독산1동 331-07,2025-06-17,37.4675954,126.8935758
서울특별시 금천구청 도로과,독산1동-306,방범등,서울특별시 금천구 독산1동 1000-02,2025-06-17,37.4694171,126.8891771
서울특별시 금천구청 도로과,독산1동-3060,방범등,서울특별시 금천구 독산1동 331-75,2025-06-17,37.4674509,126.8938525
서울특별시 금천구청 도로과,독산1동-3061,방범등,서울특별시 금천구 독산1동 331-30,2025-06-17,37.4672979,126.8942605
서울특별시 금천구청 도로과,독산1동-3063,방범등,서울특별시 금천구 독산1동 331-51,2025-06-17,37.4673385,126.8936585
서울특별시 금천구청 도로과,독산1동-3064,방범등,서울특별시 금천구 독산1동 331-47,2025-06-17,37.4672209,126.8934751
서울특별시 금천구청 도로과,독산1동-3065,방범등,서울특별시 금천구 독산1동 331-59,2025-06-17,37.4672576,126.8932871
서울특별시 금천구청 도로과,독산1동-3066,방범등,서울특별시 금천구 독산1동 332-14,2025-06-17,37.4671571,126.8927912
서울특별시 금천구청 도로과,독산1동-3067,방범등,서울특별시 금천구 독산1동 331-44,2025-06-17,37.4669730,126.8933257
서울특별시 금천구청 도로과,독산1동-3068,방범등,서울특별시 금천구 독산1동 332-45,2025-06-17,37.4669180,126.8928373
서울특별시 금천구청 도로과,독산1동-307,방범등,서울특별시 금천구 독산1동 1000-01,2025-06-17,37.4693513,126.8889418
서울특별시 금천구청 도로과,독산1동-3070,방범등,서울특별시 금천구 독산1동 331-38,2025-06-17,37.4667553,126.8943676
서울특별시 금천구청 도로과,독산1동-3071,방범등,서울특별시 금천구 독산1동 331-38,2025-06-17,37.4667553,126.8943676
서울특별시 금천구청 도로과,독산1동-3072,방범등,서울특별시 금천구 독산1동 1142,2025-06-17,37.4670294,126.8941018
서울특별시 금천구청 도로과,독산1동-3073,방범등,서울특별시 금천구 독산1동 331-30,2025-06-17,37.4672979,126.8942605
서울특별시 금천구청 도로과,독산1동-3074,방범등,서울특별시 금천구 독산1동 331-04,2025-06-17,37.4675829,126.8940435
서울특별시 금천구청 도로과,독산1동-3075,방범등,서울특별시 금천구 독산1동 331-71,2025-06-17,37.4678407,126.8940165
서울특별시 금천구청 도로과,독산1동-3076,방범등,서울특별시 금천구 독산1동 331-62,2025-06-17,37.4679767,126.8937046
서울특별시 금천구청 도로과,독산1동-3077,방범등,서울특별시 금천구 독산1동 1136,2025-06-17,37.4683519,126.8932943
서울특별시 금천구청 도로과,독산1동-3078,방범등,서울특별시 금천구 독산1동 1136,2025-06-17,37.4683519,126.8932943
서울특별시 금천구청 도로과,독산1동-3079,방범등,서울특별시 금천구 독산1동 331-3,2025-06-17,37.4680050,126.8938082
서울특별시 금천구청 도로과,독산1동-308,방범등,서울특별시 금천구 독산1동 999-00,2025-06-17,37.4695229,126.8895136
서울특별시 금천구청 도로과,독산1동-3080,방범등,서울특별시 금천구 독산1동 331-01 (진도4차A-),2025-06-17,37.4680050,126.8938082
서울특별시 금천구청 도로과,독산1동-3081,방범등,서울특별시 금천구 독산1동 1136,2025-06-17,37.4683519,126.8932943
서울특별시 금천구청 도로과,독산1동-3082,방범등,서울특별시 금천구 독산1동 331-01 (진도6차A-),2025-06-17,37.4680050,126.8938082
서울특별시 금천구청 도로과,독산1동-3083,방범등,서울특별시 금천구 독산1동 331-01 (진도7차A-),2025-06-17,37.4680050,126.8938082
서울특별시 금천구청 도로과,독산1동-3084,방범등,서울특별시 금천구 독산1동 331-01 (진도8차A-),2025-06-17,37.4680050,126.8938082
서울특별시 금천구청 도로과,독산1동-3085,방범등,서울특별시 금천구 독산1동 331-01 (진도9차A-),2025-06-17,37.4680050,126.8938082
서울특별시 금천구청 도로과,독산1동-3086,방범등,서울특별시 금천구 독산1동 331-01 (진도10차A-),2025-06-17,37.4680050,126.8938082
서울특별시 금천구청 도로과,독산1동-3087,방범등,서울특별시 금천구 독산1동 331-01 (진도11차A-),2025-06-17,37.4680050,126.8938082
서울특별시 금천구청 도로과,독산1동-3088,방범등,서울특별시 금천구 독산1동 331-01 (진도12차A-),2025-06-17,37.4680050,126.8938082
서울특별시 금천구청 도로과,독산1동-3089,방범등,서울특별시 금천구 독산1동 331-01 (진도13차A-),2025-06-17,37.4680050,126.8938082
서울특별시 금천구청 도로과,독산1동-309,방범등,서울특별시 금천구 독산1동 999-01,2025-06-17,37.4693441,126.8895945
서울특별시 금천구청 도로과,독산1동-3090,방범등,서울특별시 금천구 독산1동 331-01 (진도14차A-),2025-06-17,37.4680050,126.8938082
서울특별시 금천구청 도로과,독산1동-3091,방범등,서울특별시 금천구 독산1동 300-13,2025-06-17,37.4692966,126.8938120
서울특별시 금천구청 도로과,독산1동-3092,방범등,서울특별시 금천구 독산1동 300-15,2025-06-17,37.4694237,126.8940870
서울특별시 금천구청 도로과,독산1동-3093,방범등,서울특별시 금천구 독산1동 300-29,2025-06-17,37.4694298,126.8942290
서울특별시 금천구청 도로과,독산1동-401,방범등,서울특별시 금천구 독산1동 1007-13,2025-06-17,37.4658476,126.8963142
서울특별시 금천구청 도로과,독산1동-4010,방범등,서울특별시 금천구 독산1동 1007-11,2025-06-17,37.4654259,126.8957051
서울특별시 금천구청 도로과,독산1동-40101,방범등,서울특별시 금천구 독산1동 1006-9,2025-06-17,37.4659735,126.8927629
서울특별시 금천구청 도로과,독산1동-40102,방범등,서울특별시 금천구 독산1동 331-01 (진도187차A-),2025-06-17,37.4680050,126.8938082
서울특별시 금천구청 도로과,독산1동-40103,방범등,서울특별시 금천구 독산1동 331-01 (진도188차A-),2025-06-17,37.4680050,126.8938082
서울특별시 금천구청 도로과,독산1동-40104,방범등,서울특별시 금천구 독산1동 1006-59,2025-06-17,37.4649418,126.8939929
서울특별시 금천구청 도로과,독산1동-40105,방범등,서울특별시 금천구 독산1동 331-01 (진도189차A-),2025-06-17,37.4680050,126.8938082
서울특별시 금천구청 도로과,독산1동-40106,방범등,서울특별시 금천구 독산1동 1006-55,2025-06-17,37.4654332,126.8933442
서울특별시 금천구청 도로과,독산1동-40107,방범등,서울특별시 금천구 독산1동 331-01 (진도191차A-),2025-06-17,37.4680050,126.8938082
서울특별시 금천구청 도로과,독산1동-40108,방범등,서울특별시 금천구 독산1동 1006-59,2025-06-17,37.4649418,126.8939929
서울특별시 금천구청 도로과,독산1동-40109,방범등,서울특별시 금천구 독산1동 331-01 (진도193차A-),2025-06-17,37.4680050,126.8938082
서울특별시 금천구청 도로과,독산1동-4011,방범등,서울특별시 금천구 독산1동 1007-8,2025-06-17,37.4656731,126.8957065
서울특별시 금천구청 도로과,독산1동-40110,방범등,서울특별시 금천구 독산1동 331-01 (진도194차A-),2025-06-17,37.4680050,126.8938082
서울특별시 금천구청 도로과,독산1동-40111,방범등,서울특별시 금천구 독산1동 331-01 (진도195차A-),2025-06-17,37.4680050,126.8938082
서울특별시 금천구청 도로과,독산1동-40112,방범등,서울특별시 금천구 독산1동 331-01 (진도196차A-),2025-06-17,37.4680050,126.8938082
서울특별시 금천구청 도로과,독산1동-40114,방범등,서울특별시 금천구 독산1동 331-01 (진도197차A-),2025-06-17,37.4680050,126.8938082
서울특별시 금천구청 도로과,독산1동-40115,방범등,서울특별시 금천구 독산1동 331-01 (진도198차A-),2025-06-17,37.4680050,126.8938082
서울특별시 금천구청 도로과,독산1동-40116,방범등,서울특별시 금천구 독산1동 331-01 (진도199차A-),2025-06-17,37.4680050,126.8938082
서울특별시 금천구청 도로과,독산1동-40117,방범등,서울특별시 금천구 독산1동 331-01 (진도200차A-),2025-06-17,37.4680050,126.8938082
서울특별시 금천구청 도로과,독산1동-40118,방범등,서울특별시 금천구 독산1동 1006-7,2025-06-17,37.4663204,126.8926562
서울특별시 금천구청 도로과,독산1동-4012,방범등,서울특별시 금천구 독산1동 1007-7,2025-06-17,37.4658289,126.8957453
서울특별시 금천구청 도로과,독산1동-40120,방범등,서울특별시 금천구 독산1동 331-01 (진도203차A-),2025-06-17,37.4680050,126.8938082
서울특별시 금천구청 도로과,독산1동-40121,방범등,서울특별시 금천구 독산1동 331-01 (진도204차A-),2025-06-17,37.4680050,126.8938082
서울특별시 금천구청 도로과,독산1동-40122,방범등,서울특별시 금천구 독산1동 331-01 (진도205차A-),2025-06-17,37.4680050,126.8938082
서울특별시 금천구청 도로과,독산1동-40123,방범등,서울특별시 금천구 독산1동 331-01 (진도206차A-),2025-06-17,37.4680050,126.8938082
서울특별시 금천구청 도로과,독산1동-40124,방범등,서울특별시 금천구 독산1동 331-01 (진도207차A-),2025-06-17,37.4680050,126.8938082
서울특별시 금천구청 도로과,독산1동-40126,방범등,서울특별시 금천구 독산1동 331-01 (진도208차A-),2025-06-17,37.4680050,126.8938082
서울특별시 금천구청 도로과,독산1동-40127,방범등,서울특별시 금천구 독산1동 1006-64,2025-06-17,37.4655755,126.8942241
서울특별시 금천구청 도로과,독산1동-40128,방범등,서울특별시 금천구 독산1동 1006-204,2025-06-17,37.4652410,126.8946016
서울특별시 금천구청 도로과,독산1동-4013,방범등,서울특별시 금천구 독산1동 1007-3,2025-06-17,37.4663366,126.8957444
서울특별시 금천구청 도로과,독산1동-40131,방범등,서울특별시 금천구 독산1동 331-01 (진도212차A-),2025-06-17,37.4680050,126.8938082
서울특별시 금천구청 도로과,독산1동-40132,방범등,서울특별시 금천구 독산1동 331-01 (진도213차A-),2025-06-17,37.4680050,126.8938082
서울특별시 금천구청 도로과,독산1동-40133,방범등,서울특별시 금천구 독산1동 331-01 (진도214차A-),2025-06-17,37.4680050,126.8938082
서울특별시 금천구청 도로과,독산1동-40134,방범등,서울특별시 금천구 독산1동 331-01 (진도215차A-),2025-06-17,37.4680050,126.8938082
서울특별시 금천구청 도로과,독산1동-40135,방범등,서울특별시 금천구 독산1동 331-01 (진도216차A-),2025-06-17,37.4680050,126.8938082
서울특별시 금천구청 도로과,독산1동-40136,방범등,서울특별시 금천구 독산1동 331-01 (진도217차A-),2025-06-17,37.4680050,126.8938082
서울특별시 금천구청 도로과,독산1동-40137,방범등,서울특별시 금천구 독산1동 1006-31,2025-06-17,37.4660670,126.8947502
서울특별시 금천구청 도로과,독산1동-40138,방범등,서울특별시 금천구 독산1동 331-01 (진도219차A-),2025-06-17,37.4680050,126.8938082
서울특별시 금천구청 도로과,독산1동-40139,방범등,서울특별시 금천구 독산1동 331-01 (진도220차A-),2025-06-17,37.4680050,126.8938082
서울특별시 금천구청 도로과,독산1동-4014,방범등,서울특별시 금천구 독산1동 1007-13,2025-06-17,37.4658476,126.8963142
서울특별시 금천구청 도로과,독산1동-40140,방범등,서울특별시 금천구 독산1동 331-01 (진도221차A-),2025-06-17,37.4680050,126.8938082
서울특별시 금천구청 도로과,독산1동-40141,방범등,서울특별시 금천구 독산1동 331-01 (진도222차A-),2025-06-17,37.4680050,126.8938082
서울특별시 금천구청 도로과,독산1동-40143,방범등,서울특별시 금천구 독산1동 331-01 (진도224차A-),2025-06-17,37.4680050,126.8938082
서울특별시 금천구청 도로과,독산1동-40144,방범등,서울특별시 금천구 독산1동 331-01 (진도225차A-),2025-06-17,37.4680050,126.8938082
서울특별시 금천구청 도로과,독산1동-40145,방범등,서울특별시 금천구 독산1동 331-01 (진도226차A-),2025-06-17,37.4680050,126.8938082
서울특별시 금천구청 도로과,독산1동-40147,방범등,서울특별시 금천구 독산1동 331-01 (진도228차A-),2025-06-17,37.4680050,126.8938082
서울특별시 금천구청 도로과,독산1동-40148,방범등,서울특별시 금천구 독산1동 산 167-10,2025-06-17,37.4617339,126.8918726
서울특별시 금천구청 도로과,독산1동-4015,방범등,서울특별시 금천구 독산1동 331-01 (진도109차A-),2025-06-17,37.4680050,126.8938082
서울특별시 금천구청 도로과,독산1동-40150,방범등,서울특별시 금천구 독산1동 331-01 (진도230차A-),2025-06-17,37.4680050,126.8938082
서울특별시 금천구청 도로과,독산1동-40151,방범등,서울특별시 금천구 독산1동 1009-40,2025-06-17,37.4646409,126.8963114
서울특별시 금천구청 도로과,독산1동-40154,방범등,서울특별시 금천구 독산1동 700,2025-06-17,37.4635710,126.8887666
서울특별시 금천구청 도로과,독산1동-40155,방범등,서울특별시 금천구 독산1동 700,2025-06-17,37.4635710,126.8887666
서울특별시 금천구청 도로과,독산1동-40156,방범등,서울특별시 금천구 독산1동 700,2025-06-17,37.4635710,126.8887666
서울특별시 금천구청 도로과,독산1동-40157,방범등,서울특별시 금천구 독산1동 708,2025-06-17,37.4621424,126.8896538
서울특별시 금천구청 도로과,독산1동-40158,방범등,서울특별시 금천구 독산1동 708,2025-06-17,37.4621424,126.8896538
서울특별시 금천구청 도로과,독산1동-40159,방범등,서울특별시 금천구 독산1동 708,2025-06-17,37.4621424,126.8896538
서울특별시 금천구청 도로과,독산1동-4016,방범등,서울특별시 금천구 독산1동 331-01 (진도110차A-),2025-06-17,37.4680050,126.8938082
서울특별시 금천구청 도로과,독산1동-40160,방범등,서울특별시 금천구 독산1동 708,2025-06-17,37.4621424,126.8896538
서울특별시 금천구청 도로과,독산1동-40161,방범등,서울특별시 금천구 독산1동 708,2025-06-17,37.4621424,126.8896538
서울특별시 금천구청 도로과,독산1동-40162,방범등,서울특별시 금천구 독산1동 708,2025-06-17,37.4621424,126.8896538
서울특별시 금천구청 도로과,독산1동-40163,방범등,서울특별시 금천구 독산1동 331-01 (진도241차A-),2025-06-17,37.4680050,126.8938082
서울특별시 금천구청 도로과,독산1동-40168,방범등,서울특별시 금천구 독산1동 700,2025-06-17,37.4635710,126.8887666
서울특별시 금천구청 도로과,독산1동-40169,방범등,서울특별시 금천구 독산1동 700,2025-06-17,37.4635710,126.8887666
서울특별시 금천구청 도로과,독산1동-4017,방범등,서울특별시 금천구 독산1동 331-01 (진도111차A-),2025-06-17,37.4680050,126.8938082
서울특별시 금천구청 도로과,독산1동-40170,방범등,서울특별시 금천구 독산1동 1009-36,2025-06-17,37.4646194,126.8967446
서울특별시 금천구청 도로과,독산1동-40171,방범등,서울특별시 금천구 독산1동 1006-43,2025-06-17,37.4655873,126.8932913
서울특별시 금천구청 도로과,독산1동-40172,방범등,서울특별시 금천구 독산1동 331-01 (진도246차A-),2025-06-17,37.4680050,126.8938082
서울특별시 금천구청 도로과,독산1동-40174,방범등,서울특별시 금천구 독산1동 331-01 (진도247차A-),2025-06-17,37.4680050,126.8938082
서울특별시 금천구청 도로과,독산1동-40175,방범등,서울특별시 금천구 독산1동 1006-116,2025-06-17,37.4651375,126.8931632
서울특별시 금천구청 도로과,독산1동-40176,방범등,서울특별시 금천구 독산1동 331-01 (진도249차A-),2025-06-17,37.4680050,126.8938082
서울특별시 금천구청 도로과,독산1동-40177,방범등,서울특별시 금천구 독산1동 331-01 (진도250차A-),2025-06-17,37.4680050,126.8938082
서울특별시 금천구청 도로과,독산1동-40179,방범등,서울특별시 금천구 독산1동 1006-73,2025-06-17,37.4655666,126.8944950
서울특별시 금천구청 도로과,독산1동-4018,방범등,서울특별시 금천구 독산1동 331-01 (진도112차A-),2025-06-17,37.4680050,126.8938082
서울특별시 금천구청 도로과,독산1동-40180,방범등,서울특별시 금천구 독산1동 331-01 (진도252차A-),2025-06-17,37.4680050,126.8938082
서울특별시 금천구청 도로과,독산1동-40181,방범등,서울특별시 금천구 독산1동 1006-102,2025-06-17,37.4643430,126.8936650
서울특별시 금천구청 도로과,독산1동-40182,방범등,서울특별시 금천구 독산1동 1009-1,2025-06-17,37.4649702,126.8957675
서울특별시 금천구청 도로과,독산1동-40183,방범등,서울특별시 금천구 독산1동 1006-132,2025-06-17,37.4657972,126.8922202
서울특별시 금천구청 도로과,독산1동-40184,방범등,서울특별시 금천구 독산1동 331-01 (진도256차A-),2025-06-17,37.4680050,126.8938082
서울특별시 금천구청 도로과,독산1동-40188,방범등,서울특별시 금천구 독산1동 1006-160,2025-06-17,37.4659777,126.8936694
서울특별시 금천구청 도로과,독산1동-40189,방범등,서울특별시 금천구 독산1동 331-01 (진도258차A-),2025-06-17,37.4680050,126.8938082
서울특별시 금천구청 도로과,독산1동-4019,방범등,서울특별시 금천구 독산1동 1009-5,2025-06-17,37.4645492,126.8955691
서울특별시 금천구청 도로과,독산1동-40191,방범등,서울특별시 금천구 독산1동 331-01 (진도259차A-),2025-06-17,37.4680050,126.8938082
서울특별시 금천구청 도로과,독산1동-40192,방범등,서울특별시 금천구 독산1동 331-01 (진도260차A-),2025-06-17,37.4680050,126.8938082
서울특별시 금천구청 도로과,독산1동-40193,방범등,서울특별시 금천구 독산1동 678-1 ,2025-06-17,37.4647481,126.8873869
서울특별시 금천구청 도로과,독산1동-40194,방범등,서울특별시 금천구 독산1동 331-01 (진도262차A-),2025-06-17,37.4680050,126.8938082
서울특별시 금천구청 도로과,독산1동-40195,방범등,서울특별시 금천구 독산1동 331-01 (진도263차A-),2025-06-17,37.4680050,126.8938082
서울특별시 금천구청 도로과,독산1동-40196,방범등,서울특별시 금천구 독산1동 331-01 (진도264차A-),2025-06-17,37.4680050,126.8938082
서울특별시 금천구청 도로과,독산1동-40197,방범등,서울특별시 금천구 독산1동 1081-9,2025-06-17,37.4665547,126.8910139
서울특별시 금천구청 도로과,독산1동-40198,방범등,서울특별시 금천구 독산1동 331-01 (진도266차A-),2025-06-17,37.4680050,126.8938082
서울특별시 금천구청 도로과,독산1동-40199,방범등,서울특별시 금천구 독산1동 331-01 (진도267차A-),2025-06-17,37.4680050,126.8938082
서울특별시 금천구청 도로과,독산1동-402,방범등,서울특별시 금천구 독산1동 1007-13,2025-06-17,37.4658476,126.8963142
서울특별시 금천구청 도로과,독산1동-4020,방범등,서울특별시 금천구 독산1동 331-01 (진도114차A-),2025-06-17,37.4680050,126.8938082
서울특별시 금천구청 도로과,독산1동-40200,방범등,서울특별시 금천구 독산1동 331-01 (진도268차A-),2025-06-17,37.4680050,126.8938082
서울특별시 금천구청 도로과,독산1동-40201,방범등,서울특별시 금천구 독산1동 331-01 (진도269차A-),2025-06-17,37.4680050,126.8938082
서울특별시 금천구청 도로과,독산1동-40202,방범등,서울특별시 금천구 독산1동 331-01 (진도202차A-),2025-06-17,37.4680050,126.8938082
서울특별시 금천구청 도로과,독산1동-40202,방범등,서울특별시 금천구 독산1동 331-01 (진도270차A-),2025-06-17,37.4680050,126.8938082
서울특별시 금천구청 도로과,독산1동-40203,방범등,서울특별시 금천구 독산1동 331-01 (진도271차A-),2025-06-17,37.4680050,126.8938082
서울특별시 금천구청 도로과,독산1동-40204,방범등,서울특별시 금천구 독산1동 331-01 (진도272차A-),2025-06-17,37.4680050,126.8938082
서울특별시 금천구청 도로과,독산1동-40205,방범등,서울특별시 금천구 독산1동 331-01 (진도273차A-),2025-06-17,37.4680050,126.8938082
서울특별시 금천구청 도로과,독산1동-40206,방범등,서울특별시 금천구 독산1동 331-01 (진도274차A-),2025-06-17,37.4680050,126.8938082
서울특별시 금천구청 도로과,독산1동-40207,방범등,서울특별시 금천구 독산1동 1006-204,2025-06-17,37.4652410,126.8946016
서울특별시 금천구청 도로과,독산1동-40208,방범등,서울특별시 금천구 독산1동 331-01 (진도276차A-),2025-06-17,37.4680050,126.8938082
서울특별시 금천구청 도로과,독산1동-40209,방범등,서울특별시 금천구 독산1동 1003,2025-06-17,37.4663529,126.8898376
서울특별시 금천구청 도로과,독산1동-4021,방범등,서울특별시 금천구 독산1동 1009-3,2025-06-17,37.4648882,126.8955958
서울특별시 금천구청 도로과,독산1동-40210,방범등,서울특별시 금천구 독산1동 독산역 앞,2025-06-17,,
서울특별시 금천구청 도로과,독산1동-40211,방범등,서울특별시 금천구 독산1동 독산역 앞,2025-06-17,,
서울특별시 금천구청 도로과,독산1동-40212,방범등,서울특별시 금천구 독산1동 1006-78,2025-06-17,37.4652562,126.8948594
서울특별시 금천구청 도로과,독산1동-40213,방범등,서울특별시 금천구 독산1동 149-65,2025-06-17,37.4738093,126.8963669
서울특별시 금천구청 도로과,독산1동-40214,방범등,서울특별시 금천구 독산1동 1136,2025-06-17,37.4683519,126.8932943
서울특별시 금천구청 도로과,독산1동-4022,방범등,서울특별시 금천구 독산1동 1009-15,2025-06-17,37.4650057,126.8960027
서울특별시 금천구청 도로과,독산1동-4023,방범등,서울특별시 금천구 독산1동 1009-15,2025-06-17,37.4650057,126.8960027
서울특별시 금천구청 도로과,독산1동-4024,방범등,서울특별시 금천구 독산1동 1009-44,2025-06-17,37.4649157,126.8963479
서울특별시 금천구청 도로과,독산1동-4025,방범등,서울특별시 금천구 독산1동 331-01 (진도119차A-),2025-06-17,37.4680050,126.8938082
서울특별시 금천구청 도로과,독산1동-4026,방범등,서울특별시 금천구 독산1동 1009-13,2025-06-17,37.4647844,126.8956292
서울특별시 금천구청 도로과,독산1동-4027,방범등,서울특별시 금천구 독산1동 1009-36,2025-06-17,37.4646194,126.8967446
서울특별시 금천구청 도로과,독산1동-4028,방범등,서울특별시 금천구 독산1동 1009-71,2025-06-17,37.4643787,126.8969238
서울특별시 금천구청 도로과,독산1동-4029,방범등,서울특별시 금천구 독산1동 331-01 (진도123차A-),2025-06-17,37.4680050,126.8938082
서울특별시 금천구청 도로과,독산1동-403,방범등,서울특별시 금천구 독산1동 1007-13,2025-06-17,37.4658476,126.8963142
서울특별시 금천구청 도로과,독산1동-4030,방범등,서울특별시 금천구 독산1동 1009-76,2025-06-17,37.4642866,126.8968265
서울특별시 금천구청 도로과,독산1동-4031,방범등,서울특별시 금천구 독산1동 1009-38,2025-06-17,37.4646420,126.8965208
서울특별시 금천구청 도로과,독산1동-4033,방범등,서울특별시 금천구 독산1동 331-01 (진도127차A-),2025-06-17,37.4680050,126.8938082
서울특별시 금천구청 도로과,독산1동-4034,방범등,서울특별시 금천구 독산1동 331-01 (진도128차A-),2025-06-17,37.4680050,126.8938082
서울특별시 금천구청 도로과,독산1동-4035,방범등,서울특별시 금천구 독산1동 1009-51,2025-06-17,37.4646426,126.8958650
서울특별시 금천구청 도로과,독산1동-4036,방범등,서울특별시 금천구 독산1동 331-01 (진도130차A-),2025-06-17,37.4680050,126.8938082
서울특별시 금천구청 도로과,독산1동-4037,방범등,서울특별시 금천구 독산1동 331-01 (진도131차A-),2025-06-17,37.4680050,126.8938082
서울특별시 금천구청 도로과,독산1동-4039,방범등,서울특별시 금천구 독산1동 1009-8,2025-06-17,37.4644114,126.8957855
서울특별시 금천구청 도로과,독산1동-404,방범등,서울특별시 금천구 독산1동 1007-13,2025-06-17,37.4658476,126.8963142
서울특별시 금천구청 도로과,독산1동-4040,방범등,서울특별시 금천구 독산1동 331-01 (진도133차A-),2025-06-17,37.4680050,126.8938082
서울특별시 금천구청 도로과,독산1동-4042,방범등,서울특별시 금천구 독산1동 1009-64,2025-06-17,37.4642919,126.8965103
서울특별시 금천구청 도로과,독산1동-4043,방범등,서울특별시 금천구 독산1동 331-01 (진도135차A-),2025-06-17,37.4680050,126.8938082
서울특별시 금천구청 도로과,독산1동-4045,방범등,서울특별시 금천구 독산1동 331-01 (진도136차A-),2025-06-17,37.4680050,126.8938082
서울특별시 금천구청 도로과,독산1동-4047,방범등,서울특별시 금천구 독산1동 331-01 (진도137차A-),2025-06-17,37.4680050,126.8938082
서울특별시 금천구청 도로과,독산1동-4048,방범등,서울특별시 금천구 독산1동 331-01 (진도138차A-),2025-06-17,37.4680050,126.8938082
서울특별시 금천구청 도로과,독산1동-4049,방범등,서울특별시 금천구 독산1동 331-01 (진도139차A-),2025-06-17,37.4680050,126.8938082
서울특별시 금천구청 도로과,독산1동-405,방범등,서울특별시 금천구 독산1동 1007-13,2025-06-17,37.4658476,126.8963142
서울특별시 금천구청 도로과,독산1동-4050,방범등,서울특별시 금천구 독산1동 331-01 (진도140차A-),2025-06-17,37.4680050,126.8938082
서울특별시 금천구청 도로과,독산1동-4051,방범등,서울특별시 금천구 독산1동 331-01 (진도141차A-),2025-06-17,37.4680050,126.8938082
서울특별시 금천구청 도로과,독산1동-4052,방범등,서울특별시 금천구 독산1동 1011-22,2025-06-17,37.4632183,126.8969886
서울특별시 금천구청 도로과,독산1동-4054,방범등,서울특별시 금천구 독산1동 331-01 (진도144차A-),2025-06-17,37.4680050,126.8938082
서울특별시 금천구청 도로과,독산1동-4055,방범등,서울특별시 금천구 독산1동 331-01 (진도145차A-),2025-06-17,37.4680050,126.8938082
서울특별시 금천구청 도로과,독산1동-4056,방범등,서울특별시 금천구 독산1동 331-01 (진도146차A-),2025-06-17,37.4680050,126.8938082
서울특별시 금천구청 도로과,독산1동-4057,방범등,서울특별시 금천구 독산1동 331-01 (진도147차A-),2025-06-17,37.4680050,126.8938082
서울특별시 금천구청 도로과,독산1동-4058,방범등,서울특별시 금천구 독산1동 331-01 (진도148차A-),2025-06-17,37.4680050,126.8938082
서울특별시 금천구청 도로과,독산1동-4059,방범등,서울특별시 금천구 독산1동 331-01 (진도149차A-),2025-06-17,37.4680050,126.8938082
서울특별시 금천구청 도로과,독산1동-406,방범등,서울특별시 금천구 독산1동 1007-13,2025-06-17,37.4658476,126.8963142
서울특별시 금천구청 도로과,독산1동-4060,방범등,서울특별시 금천구 독산1동 331-01 (진도150차A-),2025-06-17,37.4680050,126.8938082
서울특별시 금천구청 도로과,독산1동-4061,방범등,서울특별시 금천구 독산1동 331-01 (진도151차A-),2025-06-17,37.4680050,126.8938082
서울특별시 금천구청 도로과,독산1동-4062,방범등,서울특별시 금천구 독산1동 331-01 (진도152차A-),2025-06-17,37.4680050,126.8938082
서울특별시 금천구청 도로과,독산1동-4064,방범등,서울특별시 금천구 독산1동 331-01 (진도153차A-),2025-06-17,37.4680050,126.8938082
서울특별시 금천구청 도로과,독산1동-4065,방범등,서울특별시 금천구 독산1동 1006-164,2025-06-17,37.4649045,126.8942888
서울특별시 금천구청 도로과,독산1동-4066,방범등,서울특별시 금천구 독산1동 331-01 (진도155차A-),2025-06-17,37.4680050,126.8938082
서울특별시 금천구청 도로과,독산1동-4067,방범등,서울특별시 금천구 독산1동 331-01 (진도156차A-),2025-06-17,37.4680050,126.8938082
서울특별시 금천구청 도로과,독산1동-4069,방범등,서울특별시 금천구 독산1동 1006-102,2025-06-17,37.4643430,126.8936650
서울특별시 금천구청 도로과,독산1동-407,방범등,서울특별시 금천구 독산1동 1009-25,2025-06-17,37.4649892,126.8965839
서울특별시 금천구청 도로과,독산1동-4071,방범등,서울특별시 금천구 독산1동 331-01 (진도160차A-),2025-06-17,37.4680050,126.8938082
서울특별시 금천구청 도로과,독산1동-4073,방범등,서울특별시 금천구 독산1동 331-01 (진도161차A-),2025-06-17,37.4680050,126.8938082
서울특별시 금천구청 도로과,독산1동-4074,방범등,서울특별시 금천구 독산1동 331-01 (진도162차A-),2025-06-17,37.4680050,126.8938082
서울특별시 금천구청 도로과,독산1동-4075,방범등,서울특별시 금천구 독산1동 331-01 (진도163차A-),2025-06-17,37.4680050,126.8938082
서울특별시 금천구청 도로과,독산1동-4076,방범등,서울특별시 금천구 독산1동 1135,2025-06-17,37.4646609,126.8931237
서울특별시 금천구청 도로과,독산1동-4077,방범등,서울특별시 금천구 독산1동 331-01 (진도164차A-),2025-06-17,37.4680050,126.8938082
서울특별시 금천구청 도로과,독산1동-4078,방범등,서울특별시 금천구 독산1동 331-01 (진도165차A-),2025-06-17,37.4680050,126.8938082
서울특별시 금천구청 도로과,독산1동-4079,방범등,서울특별시 금천구 독산1동 331-01 (진도166차A-),2025-06-17,37.4680050,126.8938082
서울특별시 금천구청 도로과,독산1동-408,방범등,서울특별시 금천구 독산1동 1007-13,2025-06-17,37.4658476,126.8963142
서울특별시 금천구청 도로과,독산1동-4080,방범등,서울특별시 금천구 독산1동 331-01 (진도167차A-),2025-06-17,37.4680050,126.8938082
서울특별시 금천구청 도로과,독산1동-4082,방범등,서울특별시 금천구 독산1동 331-01 (진도168차A-),2025-06-17,37.4680050,126.8938082
서울특별시 금천구청 도로과,독산1동-4083,방범등,서울특별시 금천구 독산1동 1006-137,2025-06-17,37.4650920,126.8923256
서울특별시 금천구청 도로과,독산1동-4084,방범등,서울특별시 금천구 독산1동 331-01 (진도170차A-),2025-06-17,37.4680050,126.8938082
서울특별시 금천구청 도로과,독산1동-4085,방범등,서울특별시 금천구 독산1동 331-01 (진도171차A-),2025-06-17,37.4680050,126.8938082
서울특별시 금천구청 도로과,독산1동-4086,방범등,서울특별시 금천구 독산1동 331-01 (진도172차A-),2025-06-17,37.4680050,126.8938082
서울특별시 금천구청 도로과,독산1동-4089,방범등,서울특별시 금천구 독산1동 331-01 (진도175차A-),2025-06-17,37.4680050,126.8938082
서울특별시 금천구청 도로과,독산1동-409,방범등,서울특별시 금천구 독산1동 1009-17,2025-06-17,37.4651371,126.8960014
서울특별시 금천구청 도로과,독산1동-4090,방범등,서울특별시 금천구 독산1동 331-01 (진도176차A-),2025-06-17,37.4680050,126.8938082
서울특별시 금천구청 도로과,독산1동-4092,방범등,서울특별시 금천구 독산1동 331-01 (진도178차A-),2025-06-17,37.4680050,126.8938082
서울특별시 금천구청 도로과,독산1동-4093,방범등,서울특별시 금천구 독산1동 331-01 (진도179차A-),2025-06-17,37.4680050,126.8938082
서울특별시 금천구청 도로과,독산1동-4094,방범등,서울특별시 금천구 독산1동 331-01 (진도180차A-),2025-06-17,37.4680050,126.8938082
서울특별시 금천구청 도로과,독산1동-4095,방범등,서울특별시 금천구 독산1동 331-01 (진도181차A-),2025-06-17,37.4680050,126.8938082
서울특별시 금천구청 도로과,독산1동-4096,방범등,서울특별시 금천구 독산1동 1004-5,2025-06-17,37.4653927,126.8917409
서울특별시 금천구청 도로과,독산1동-4097,방범등,서울특별시 금천구 독산1동 1006-133,2025-06-17,37.4655619,126.8919914
서울특별시 금천구청 도로과,독산1동-4098,방범등,서울특별시 금천구 독산1동 1006-2,2025-06-17,37.4661505,126.8920494
서울특별시 금천구청 도로과,독산1동-4099,방범등,서울특별시 금천구 독산1동 1006-2,2025-06-17,37.4661505,126.8920494
서울특별시 금천구청 도로과,독산1동-501,방범등,서울특별시 금천구 독산1동 720-6,2025-06-17,37.4599281,126.8914542
서울특별시 금천구청 도로과,독산1동-5013,방범등,서울특별시 금천구 독산1동 724-4,2025-06-17,37.4591701,126.8918456
서울특별시 금천구청 도로과,독산1동-5014,방범등,서울특별시 금천구 독산1동 724-12,2025-06-17,37.4587795,126.8920459
서울특별시 금천구청 도로과,독산1동-5015,방범등,서울특별시 금천구 독산1동 724-14,2025-06-17,37.4584994,126.8921789
서울특별시 금천구청 도로과,독산1동-5016,방범등,서울특별시 금천구 독산1동 724-14,2025-06-17,37.4584994,126.8921789
서울특별시 금천구청 도로과,독산1동-5017,방범등,서울특별시 금천구 독산1동 724-7,2025-06-17,37.4581629,126.8923473
서울특별시 금천구청 도로과,독산1동-5018,방범등,서울특별시 금천구 독산1동 724-7,2025-06-17,37.4581629,126.8923473
서울특별시 금천구청 도로과,독산1동-5019,방범등,서울특별시 금천구 독산1동 724-7,2025-06-17,37.4581629,126.8923473
서울특별시 금천구청 도로과,독산1동-502,방범등,서울특별시 금천구 독산1동 720-6,2025-06-17,37.4599281,126.8914542
서울특별시 금천구청 도로과,독산1동-5020,방범등,서울특별시 금천구 독산1동 725-5,2025-06-17,37.4575184,126.8927532
서울특별시 금천구청 도로과,독산1동-5021,방범등,서울특별시 금천구 독산1동 725-5,2025-06-17,37.4575184,126.8927532
서울특별시 금천구청 도로과,독산1동-5022,방범등,서울특별시 금천구 독산1동 711-2,2025-06-17,37.4622733,126.8903797
서울특별시 금천구청 도로과,독산1동-5023,방범등,서울특별시 금천구 독산1동 711-2,2025-06-17,37.4622733,126.8903797
서울특별시 금천구청 도로과,독산1동-5024,방범등,서울특별시 금천구 독산1동 711-2,2025-06-17,37.4622733,126.8903797
서울특별시 금천구청 도로과,독산1동-5025,방범등,서울특별시 금천구 독산1동 711-2,2025-06-17,37.4622733,126.8903797
서울특별시 금천구청 도로과,독산1동-5026,방범등,서울특별시 금천구 독산1동 711-2,2025-06-17,37.4622733,126.8903797
서울특별시 금천구청 도로과,독산1동-5027,방범등,서울특별시 금천구 독산1동 711-2,2025-06-17,37.4622733,126.8903797
서울특별시 금천구청 도로과,독산1동-5028,방범등,서울특별시 금천구 독산1동 711-2,2025-06-17,37.4622733,126.8903797
서울특별시 금천구청 도로과,독산1동-5029,방범등,서울특별시 금천구 독산1동 711-2,2025-06-17,37.4622733,126.8903797
서울특별시 금천구청 도로과,독산1동-503,방범등,서울특별시 금천구 독산1동 721-6,2025-06-17,37.4598529,126.8915793
서울특별시 금천구청 도로과,독산1동-5030,방범등,서울특별시 금천구 독산1동 711-2,2025-06-17,37.4622733,126.8903797
서울특별시 금천구청 도로과,독산1동-5031,방범등,서울특별시 금천구 독산1동 711-2,2025-06-17,37.4622733,126.8903797
서울특별시 금천구청 도로과,독산1동-5032,방범등,서울특별시 금천구 독산1동 711-2,2025-06-17,37.4622733,126.8903797
서울특별시 금천구청 도로과,독산1동-5033,방범등,서울특별시 금천구 독산1동 711-2,2025-06-17,37.4622733,126.8903797
서울특별시 금천구청 도로과,독산1동-5034,방범등,서울특별시 금천구 독산1동 711-2,2025-06-17,37.4622733,126.8903797
서울특별시 금천구청 도로과,독산1동-504,방범등,서울특별시 금천구 독산1동 722-4,2025-06-17,37.4595395,126.8917631
서울특별시 금천구청 도로과,독산1동-505,방범등,서울특별시 금천구 독산1동 725-5,2025-06-17,37.4575184,126.8927532
서울특별시 금천구청 도로과,독산1동-507,방범등,서울특별시 금천구 독산1동 721-6,2025-06-17,37.4598529,126.8915793
서울특별시 금천구청 도로과,독산1동-508,방범등,서울특별시 금천구 독산1동 1009-45,2025-06-17,37.4647590,126.8960162
서울특별시 금천구청 도로과,독산1동-509,방범등,서울특별시 금천구 독산1동 1009-55,2025-06-17,37.4646181,126.8960998
서울특별시 금천구청 도로과,독산1동-510,방범등,서울특별시 금천구 독산1동 1009-60,2025-06-17,37.4644652,126.8962418
서울특별시 금천구청 도로과,독산1동-6010,방범등,서울특별시 금천구 독산1동 331-01 (진도310차A-),2025-06-17,37.4680050,126.8938082
서울특별시 금천구청 도로과,독산1동-60102,방범등,서울특별시 금천구 독산1동 331-01 (진도385차A-),2025-06-17,37.4680050,126.8938082
서울특별시 금천구청 도로과,독산1동-60105,방범등,서울특별시 금천구 독산1동 1094,2025-06-17,37.4546844,126.8910586
서울특별시 금천구청 도로과,독산1동-60106,방범등,서울특별시 금천구 독산1동 1094,2025-06-17,37.4546844,126.8910586
서울특별시 금천구청 도로과,독산1동-60107,방범등,서울특별시 금천구 독산1동 1094,2025-06-17,37.4546844,126.8910586
서울특별시 금천구청 도로과,독산1동-60108,방범등,서울특별시 금천구 독산1동 1094,2025-06-17,37.4546844,126.8910586
서울특별시 금천구청 도로과,독산1동-6011,방범등,서울특별시 금천구 독산1동 331-01 (진도311차A-),2025-06-17,37.4680050,126.8938082
서울특별시 금천구청 도로과,독산1동-60110,방범등,서울특별시 금천구 독산1동 1094,2025-06-17,37.4546844,126.8910586
서울특별시 금천구청 도로과,독산1동-60111,방범등,서울특별시 금천구 독산1동 1094,2025-06-17,37.4546844,126.8910586
서울특별시 금천구청 도로과,독산1동-60112,방범등,서울특별시 금천구 독산1동 1109-6,2025-06-17,37.4531792,126.8904957
서울특별시 금천구청 도로과,독산1동-60113,방범등,서울특별시 금천구 독산1동 1097,2025-06-17,37.4546339,126.8908262
서울특별시 금천구청 도로과,독산1동-60114,방범등,서울특별시 금천구 독산1동 1093-4,2025-06-17,37.4565279,126.8880280
서울특별시 금천구청 도로과,독산1동-60115,방범등,서울특별시 금천구 독산1동 1093-4,2025-06-17,37.4565279,126.8880280
서울특별시 금천구청 도로과,독산1동-60116,방범등,서울특별시 금천구 독산1동 1093-4,2025-06-17,37.4565279,126.8880280
서울특별시 금천구청 도로과,독산1동-60117,방범등,서울특별시 금천구 독산1동 1093-4,2025-06-17,37.4565279,126.8880280
서울특별시 금천구청 도로과,독산1동-60118,방범등,서울특별시 금천구 독산1동 1093-4,2025-06-17,37.4565279,126.8880280
서울특별시 금천구청 도로과,독산1동-60122,방범등,서울특별시 금천구 독산1동 1094,2025-06-17,37.4546844,126.8910586
서울특별시 금천구청 도로과,독산1동-60123,방범등,서울특별시 금천구 독산1동 331-01 (진도405차A-),2025-06-17,37.4680050,126.8938082
서울특별시 금천구청 도로과,독산1동-60124,방범등,서울특별시 금천구 독산1동 331-01 (진도406차A-),2025-06-17,37.4680050,126.8938082
서울특별시 금천구청 도로과,독산1동-60125,방범등,서울특별시 금천구 독산1동 1094,2025-06-17,37.4546844,126.8910586
서울특별시 금천구청 도로과,독산1동-60126,방범등,서울특별시 금천구 독산1동 1094,2025-06-17,37.4546844,126.8910586
서울특별시 금천구청 도로과,독산1동-60128,방범등,서울특별시 금천구 독산1동 331-01 (진도410차A-),2025-06-17,37.4680050,126.8938082
서울특별시 금천구청 도로과,독산1동-6013,방범등,서울특별시 금천구 독산1동 331-01 (진도312차A-),2025-06-17,37.4680050,126.8938082
서울특별시 금천구청 도로과,독산1동-60130,방범등,서울특별시 금천구 독산1동 1009-61,2025-06-17,37.4643108,126.8962548
서울특별시 금천구청 도로과,독산1동-60131,방범등,서울특별시 금천구 독산1동 331-01 (진도413차A-),2025-06-17,37.4680050,126.8938082
서울특별시 금천구청 도로과,독산1동-60132,방범등,서울특별시 금천구 독산1동 331-01 (진도414차A-),2025-06-17,37.4680050,126.8938082
서울특별시 금천구청 도로과,독산1동-60133,방범등,서울특별시 금천구 독산1동 331-01 (진도415차A-),2025-06-17,37.4680050,126.8938082
서울특별시 금천구청 도로과,독산1동-60134,방범등,서울특별시 금천구 독산1동 332-21,2025-06-17,37.4668513,126.8923420
서울특별시 금천구청 도로과,독산1동-60136,방범등,서울특별시 금천구 독산1동 331-01 (진도417차A-),2025-06-17,37.4680050,126.8938082
서울특별시 금천구청 도로과,독산1동-60137,방범등,서울특별시 금천구 독산1동 1008-10,2025-06-17,37.4652400,126.8971581
서울특별시 금천구청 도로과,독산1동-60138,방범등,서울특별시 금천구 독산1동 088-3,2025-06-17,,
서울특별시 금천구청 도로과,독산1동-60139,방범등,서울특별시 금천구 독산1동 088-3,2025-06-17,,
서울특별시 금천구청 도로과,독산1동-6014,방범등,서울특별시 금천구 독산1동 331-01 (진도313차A-),2025-06-17,37.4680050,126.8938082
서울특별시 금천구청 도로과,독산1동-60140,방범등,서울특별시 금천구 독산1동 088-3,2025-06-17,,
서울특별시 금천구청 도로과,독산1동-60141,방범등,서울특별시 금천구 독산1동 088-3,2025-06-17,,
서울특별시 금천구청 도로과,독산1동-60142,방범등,서울특별시 금천구 독산1동 331-30,2025-06-17,37.4672979,126.8942605
서울특별시 금천구청 도로과,독산1동-60143,방범등,서울특별시 금천구 독산1동 302-3,2025-06-17,37.4718456,126.8925573
서울특별시 금천구청 도로과,독산1동-60144,방범등,서울특별시 금천구 독산1동 302-7,2025-06-17,37.4711237,126.8924067
서울특별시 금천구청 도로과,독산1동-60145,방범등,서울특별시 금천구 독산1동 301-22,2025-06-17,37.4705773,126.8928886
서울특별시 금천구청 도로과,독산1동-60146,방범등,서울특별시 금천구 독산1동 333-7,2025-06-17,37.4689248,126.8919147
서울특별시 금천구청 도로과,독산1동-60147,방범등,서울특별시 금천구 독산1동 330-29,2025-06-17,37.4696038,126.8922706
서울특별시 금천구청 도로과,독산1동-60148,방범등,서울특별시 금천구 독산1동 333-23,2025-06-17,37.4700455,126.8915690
서울특별시 금천구청 도로과,독산1동-60149,방범등,서울특별시 금천구 독산1동 333-36,2025-06-17,37.4703241,126.8902623
서울특별시 금천구청 도로과,독산1동-6015,방범등,서울특별시 금천구 독산1동 331-01 (진도314차A-),2025-06-17,37.4680050,126.8938082
서울특별시 금천구청 도로과,독산1동-60150,방범등,서울특별시 금천구 독산1동 334-10,2025-06-17,37.4706980,126.8913718
서울특별시 금천구청 도로과,독산1동-60151,방범등,서울특별시 금천구 독산1동 302-9,2025-06-17,37.4707083,126.8924263
서울특별시 금천구청 도로과,독산1동-6016,방범등,서울특별시 금천구 독산1동 331-01 (진도315차A-),2025-06-17,37.4680050,126.8938082
서울특별시 금천구청 도로과,독산1동-6017,방범등,서울특별시 금천구 독산1동 331-01 (진도316차A-),2025-06-17,37.4680050,126.8938082
서울특별시 금천구청 도로과,독산1동-6018,방범등,서울특별시 금천구 독산1동 331-01 (진도317차A-),2025-06-17,37.4680050,126.8938082
서울특별시 금천구청 도로과,독산1동-6019,방범등,서울특별시 금천구 독산1동 331-01 (진도318차A-),2025-06-17,37.4680050,126.8938082
서울특별시 금천구청 도로과,독산1동-6020,방범등,서울특별시 금천구 독산1동 331-01 (진도319차A-),2025-06-17,37.4680050,126.8938082
서울특별시 금천구청 도로과,독산1동-6021,방범등,서울특별시 금천구 독산1동 331-01 (진도320차A-),2025-06-17,37.4680050,126.8938082
서울특별시 금천구청 도로과,독산1동-6022,방범등,서울특별시 금천구 독산1동 331-01 (진도321차A-),2025-06-17,37.4680050,126.8938082
서울특별시 금천구청 도로과,독산1동-6023,방범등,서울특별시 금천구 독산1동 1116-9,2025-06-17,37.4528954,126.8906355
서울특별시 금천구청 도로과,독산1동-6024,방범등,서울특별시 금천구 독산1동 331-01 (진도323차A-),2025-06-17,37.4680050,126.8938082
서울특별시 금천구청 도로과,독산1동-6025,방범등,서울특별시 금천구 독산1동 331-01 (진도324차A-),2025-06-17,37.4680050,126.8938082
서울특별시 금천구청 도로과,독산1동-6026,방범등,서울특별시 금천구 독산1동 331-01 (진도325차A-),2025-06-17,37.4680050,126.8938082
서울특별시 금천구청 도로과,독산1동-6027,방범등,서울특별시 금천구 독산1동 1114-2,2025-06-17,37.4527124,126.8900155
서울특별시 금천구청 도로과,독산1동-6028,방범등,서울특별시 금천구 독산1동 1115-5,2025-06-17,37.4526410,126.8903103
서울특별시 금천구청 도로과,독산1동-6029,방범등,서울특별시 금천구 독산1동 331-01 (진도328차A-),2025-06-17,37.4680050,126.8938082
서울특별시 금천구청 도로과,독산1동-6030,방범등,서울특별시 금천구 독산1동 331-01 (진도329차A-),2025-06-17,37.4680050,126.8938082
서울특별시 금천구청 도로과,독산1동-6031,방범등,서울특별시 금천구 독산1동 1110-6,2025-06-17,37.4532784,126.8897286
서울특별시 금천구청 도로과,독산1동-6036,방범등,서울특별시 금천구 독산1동 331-01 (진도330차A-),2025-06-17,37.4680050,126.8938082
서울특별시 금천구청 도로과,독산1동-6038,방범등,서울특별시 금천구 독산1동 331-01 (진도331차A-),2025-06-17,37.4680050,126.8938082
서울특별시 금천구청 도로과,독산1동-6039,방범등,서울특별시 금천구 독산1동 331-01 (진도332차A-),2025-06-17,37.4680050,126.8938082
서울특별시 금천구청 도로과,독산1동-6040,방범등,서울특별시 금천구 독산1동 331-01 (진도333차A-),2025-06-17,37.4680050,126.8938082
서울특별시 금천구청 도로과,독산1동-6041,방범등,서울특별시 금천구 독산1동 331-01 (진도334차A-),2025-06-17,37.4680050,126.8938082
서울특별시 금천구청 도로과,독산1동-6043,방범등,서울특별시 금천구 독산1동 331-01 (진도336차A-),2025-06-17,37.4680050,126.8938082
서울특별시 금천구청 도로과,독산1동-6044,방범등,서울특별시 금천구 독산1동 331-01 (진도337차A-),2025-06-17,37.4680050,126.8938082
서울특별시 금천구청 도로과,독산1동-6045,방범등,서울특별시 금천구 독산1동 331-01 (진도338차A-),2025-06-17,37.4680050,126.8938082
서울특별시 금천구청 도로과,독산1동-6046,방범등,서울특별시 금천구 독산1동 331-01 (진도339차A-),2025-06-17,37.4680050,126.8938082
서울특별시 금천구청 도로과,독산1동-6047,방범등,서울특별시 금천구 독산1동 331-01 (진도340차A-),2025-06-17,37.4680050,126.8938082
서울특별시 금천구청 도로과,독산1동-6048,방범등,서울특별시 금천구 독산1동 331-01 (진도341차A-),2025-06-17,37.4680050,126.8938082
서울특별시 금천구청 도로과,독산1동-6051,방범등,서울특별시 금천구 독산1동 331-01 (진도343차A-),2025-06-17,37.4680050,126.8938082
서울특별시 금천구청 도로과,독산1동-6052,방범등,서울특별시 금천구 독산1동 331-01 (진도344차A-),2025-06-17,37.4680050,126.8938082
서울특별시 금천구청 도로과,독산1동-6055,방범등,서울특별시 금천구 독산1동 1104-1,2025-06-17,37.4544511,126.8909634
서울특별시 금천구청 도로과,독산1동-6056,방범등,서울특별시 금천구 독산1동 331-01 (진도348차A-),2025-06-17,37.4680050,126.8938082
서울특별시 금천구청 도로과,독산1동-6057,방범등,서울특별시 금천구 독산1동 331-01 (진도349차A-),2025-06-17,37.4680050,126.8938082
서울특별시 금천구청 도로과,독산1동-6058,방범등,서울특별시 금천구 독산1동 331-01 (진도350차A-),2025-06-17,37.4680050,126.8938082
서울특별시 금천구청 도로과,독산1동-6059,방범등,서울특별시 금천구 독산1동 331-01 (진도351차A-),2025-06-17,37.4680050,126.8938082
서울특별시 금천구청 도로과,독산1동-606,방범등,서울특별시 금천구 독산1동 331-01 (진도306차A-),2025-06-17,37.4680050,126.8938082
서울특별시 금천구청 도로과,독산1동-6060,방범등,서울특별시 금천구 독산1동 331-01 (진도352차A-),2025-06-17,37.4680050,126.8938082
서울특별시 금천구청 도로과,독산1동-6061,방범등,서울특별시 금천구 독산1동 331-01 (진도353차A-),2025-06-17,37.4680050,126.8938082
서울특별시 금천구청 도로과,독산1동-6062,방범등,서울특별시 금천구 독산1동 331-01 (진도354차A-),2025-06-17,37.4680050,126.8938082
서울특별시 금천구청 도로과,독산1동-6063,방범등,서울특별시 금천구 독산1동 331-01 (진도355차A-),2025-06-17,37.4680050,126.8938082
서울특별시 금천구청 도로과,독산1동-6064,방범등,서울특별시 금천구 독산1동 331-01 (진도356차A-),2025-06-17,37.4680050,126.8938082
서울특별시 금천구청 도로과,독산1동-6069,방범등,서울특별시 금천구 독산1동 331-01 (진도357차A-),2025-06-17,37.4680050,126.8938082
서울특별시 금천구청 도로과,독산1동-607,방범등,서울특별시 금천구 독산1동 331-01 (진도307차A-),2025-06-17,37.4680050,126.8938082
서울특별시 금천구청 도로과,독산1동-6070,방범등,서울특별시 금천구 독산1동 1094,2025-06-17,37.4546844,126.8910586
서울특별시 금천구청 도로과,독산1동-6071,방범등,서울특별시 금천구 독산1동 1094,2025-06-17,37.4546844,126.8910586
서울특별시 금천구청 도로과,독산1동-6072,방범등,서울특별시 금천구 독산1동 1094,2025-06-17,37.4546844,126.8910586
서울특별시 금천구청 도로과,독산1동-6073,방범등,서울특별시 금천구 독산1동 1094,2025-06-17,37.4546844,126.8910586
서울특별시 금천구청 도로과,독산1동-6074,방범등,서울특별시 금천구 독산1동 331-01 (진도362차A-),2025-06-17,37.4680050,126.8938082
서울특별시 금천구청 도로과,독산1동-6075,방범등,서울특별시 금천구 독산1동 331-01 (진도363차A-),2025-06-17,37.4680050,126.8938082
서울특별시 금천구청 도로과,독산1동-6076,방범등,서울특별시 금천구 독산1동 331-01 (진도364차A-),2025-06-17,37.4680050,126.8938082
서울특별시 금천구청 도로과,독산1동-6077,방범등,서울특별시 금천구 독산1동 1088-2,2025-06-17,37.4568805,126.8868984
서울특별시 금천구청 도로과,독산1동-6078,방범등,서울특별시 금천구 독산1동 1088-2,2025-06-17,37.4568805,126.8868984
서울특별시 금천구청 도로과,독산1동-6079,방범등,서울특별시 금천구 독산1동 331-01 (진도367차A-),2025-06-17,37.4680050,126.8938082
서울특별시 금천구청 도로과,독산1동-608,방범등,서울특별시 금천구 독산1동 331-01 (진도308차A-),2025-06-17,37.4680050,126.8938082
서울특별시 금천구청 도로과,독산1동-6082,방범등,서울특별시 금천구 독산1동 331-01 (진도369차A-),2025-06-17,37.4680050,126.8938082
서울특별시 금천구청 도로과,독산1동-6083,방범등,서울특별시 금천구 독산1동 1113-3,2025-06-17,37.4524291,126.8897167
서울특별시 금천구청 도로과,독산1동-6085,방범등,서울특별시 금천구 독산1동 331-01 (진도372차A-),2025-06-17,37.4680050,126.8938082
서울특별시 금천구청 도로과,독산1동-6086,방범등,서울특별시 금천구 독산1동 331-01 (진도373차A-),2025-06-17,37.4680050,126.8938082
서울특별시 금천구청 도로과,독산1동-6087,방범등,서울특별시 금천구 독산1동 331-01 (진도374차A-),2025-06-17,37.4680050,126.8938082
서울특별시 금천구청 도로과,독산1동-609,방범등,서울특별시 금천구 독산1동 331-01 (진도309차A-),2025-06-17,37.4680050,126.8938082
서울특별시 금천구청 도로과,독산1동-6090,방범등,서울특별시 금천구 독산1동 1093-5,2025-06-17,37.4559982,126.8870278
서울특별시 금천구청 도로과,독산1동-6091,방범등,서울특별시 금천구 독산1동 331-01 (진도378차A-),2025-06-17,37.4680050,126.8938082
서울특별시 금천구청 도로과,독산1동-6092,방범등,서울특별시 금천구 독산1동 1120-1,2025-06-17,37.4527644,126.8920964
서울특별시 금천구청 도로과,독산1동-6096,방범등,서울특별시 금천구 독산1동 1108,2025-06-17,37.4537127,126.8906856
서울특별시 금천구청 도로과,독산2동-101,방범등,서울특별시 금천구 독산2동 1031-19,2025-06-17,37.4652229,126.8981464
서울특별시 금천구청 도로과,독산2동-1010,방범등,서울특별시 금천구 독산2동 1033-73,2025-06-17,37.4647972,126.8985966
서울특별시 금천구청 도로과,독산2동-10100,방범등,서울특별시 금천구 독산2동 1053-2,2025-06-17,37.4644987,126.8988043
서울특별시 금천구청 도로과,독산2동-10102,방범등,서울특별시 금천구 독산2동 1053-10,2025-06-17,37.4641075,126.8987652
서울특별시 금천구청 도로과,독산2동-10103,방범등,서울특별시 금천구 독산2동 1053-00,2025-06-17,37.4645892,126.8985317
서울특별시 금천구청 도로과,독산2동-10104,방범등,서울특별시 금천구 독산2동 1053-3,2025-06-17,37.4644625,126.8986395
서울특별시 금천구청 도로과,독산2동-10105,방범등,서울특별시 금천구 독산2동 1053-12,2025-06-17,37.4642385,126.8984969
서울특별시 금천구청 도로과,독산2동-10106,방범등,서울특별시 금천구 독산2동 1053-15,2025-06-17,37.4641017,126.8986016
서울특별시 금천구청 도로과,독산2동-10107,방범등,서울특별시 금천구 독산2동 1053-19,2025-06-17,37.4638542,126.8985634
서울특별시 금천구청 도로과,독산2동-10108,방범등,서울특별시 금천구 독산2동 1055-00,2025-06-17,37.4633477,126.8978604
서울특별시 금천구청 도로과,독산2동-10109,방범등,서울특별시 금천구 독산2동 1055-3,2025-06-17,37.4632549,126.8982138
서울특별시 금천구청 도로과,독산2동-1011,방범등,서울특별시 금천구 독산2동 1033-73,2025-06-17,37.4647972,126.8985966
서울특별시 금천구청 도로과,독산2동-10110,방범등,서울특별시 금천구 독산2동 1055-7,2025-06-17,37.4631039,126.8980941
서울특별시 금천구청 도로과,독산2동-10111,방범등,서울특별시 금천구 독산2동 1055-17,2025-06-17,37.4624839,126.8983154
서울특별시 금천구청 도로과,독산2동-10112,방범등,서울특별시 금천구 독산2동 1055-19,2025-06-17,37.4622551,126.8983551
서울특별시 금천구청 도로과,독산2동-10113,방범등,서울특별시 금천구 독산2동 1056-15,2025-06-17,37.4631646,126.8984923
서울특별시 금천구청 도로과,독산2동-10114,방범등,서울특별시 금천구 독산2동 1056,2025-06-17,37.4633764,126.8984647
서울특별시 금천구청 도로과,독산2동-10115,방범등,서울특별시 금천구 독산2동 1056-1,2025-06-17,37.4634751,126.8986004
서울특별시 금천구청 도로과,독산2동-10116,방범등,서울특별시 금천구 독산2동 1056-3,2025-06-17,37.4636075,126.8988105
서울특별시 금천구청 도로과,독산2동-10117,방범등,서울특별시 금천구 독산2동 1056-5,2025-06-17,37.4638157,126.8993172
서울특별시 금천구청 도로과,독산2동-10118,방범등,"서울특별시 금천구 독산2동 1056-5,6",2025-06-17,37.4638157,126.8993172
서울특별시 금천구청 도로과,독산2동-10119,방범등,서울특별시 금천구 독산2동 1056-6(1051-25방향),2025-06-17,37.4639275,126.8993222
서울특별시 금천구청 도로과,독산2동-1012,방범등,서울특별시 금천구 독산2동 1033-68,2025-06-17,37.4650504,126.8987646
서울특별시 금천구청 도로과,독산2동-10120,방범등,서울특별시 금천구 독산2동 1051-27건너 공원,2025-06-17,37.4639721,126.8997711
서울특별시 금천구청 도로과,독산2동-10121,방범등,서울특별시 금천구 독산2동 1057-8건너 공원,2025-06-17,37.4634915,126.8994217
서울특별시 금천구청 도로과,독산2동-10122,방범등,서울특별시 금천구 독산2동 1056-11,2025-06-17,37.4634669,126.8989516
서울특별시 금천구청 도로과,독산2동-10124,방범등,서울특별시 금천구 독산2동 1057-11,2025-06-17,37.4633479,126.8991966
서울특별시 금천구청 도로과,독산2동-10125,방범등,서울특별시 금천구 독산2동 1057-13,2025-06-17,37.4633263,126.8994169
서울특별시 금천구청 도로과,독산2동-10126,방범등,서울특별시 금천구 독산2동 1057-5,2025-06-17,37.4634702,126.8996399
서울특별시 금천구청 도로과,독산2동-10127,방범등,서울특별시 금천구 독산2동 1057-35,2025-06-17,37.4636193,126.8996608
서울특별시 금천구청 도로과,독산2동-10128,방범등,서울특별시 금천구 독산2동 1057-2,2025-06-17,37.4635004,126.8999354
서울특별시 금천구청 도로과,독산2동-10129,방범등,서울특별시 금천구 독산2동 1057-15,2025-06-17,37.4633271,126.8996481
서울특별시 금천구청 도로과,독산2동-1013,방범등,서울특별시 금천구 독산2동 1033-70,2025-06-17,37.4651629,126.8985946
서울특별시 금천구청 도로과,독산2동-10130,방범등,서울특별시 금천구 독산2동 1057-37,2025-06-17,37.4631995,126.8991685
서울특별시 금천구청 도로과,독산2동-10131,방범등,서울특별시 금천구 독산2동 1057-29,2025-06-17,37.4628389,126.8989093
서울특별시 금천구청 도로과,독산2동-10132,방범등,서울특별시 금천구 독산2동 1057-43,2025-06-17,37.4627451,126.8986652
서울특별시 금천구청 도로과,독산2동-10135,방범등,서울특별시 금천구 독산2동 1058-10,2025-06-17,37.4630498,126.9000417
서울특별시 금천구청 도로과,독산2동-10136,방범등,서울특별시 금천구 독산2동 1058-30,2025-06-17,37.4627442,126.8991444
서울특별시 금천구청 도로과,독산2동-10137,방범등,서울특별시 금천구 독산2동 1058-19,2025-06-17,37.4628056,126.8996876
서울특별시 금천구청 도로과,독산2동-10138,방범등,서울특별시 금천구 독산2동 1058-20,2025-06-17,37.4628742,126.8996154
서울특별시 금천구청 도로과,독산2동-10139,방범등,서울특별시 금천구 독산2동 1058-32,2025-06-17,37.4625036,126.8992134
서울특별시 금천구청 도로과,독산2동-10140,방범등,서울특별시 금천구 독산2동 1058-38,2025-06-17,37.4625401,126.8989164
서울특별시 금천구청 도로과,독산2동-10141,방범등,서울특별시 금천구 독산2동 1058-43,2025-06-17,37.4623317,126.8989537
서울특별시 금천구청 도로과,독산2동-10142,방범등,서울특별시 금천구 독산2동 1058-43,2025-06-17,37.4623317,126.8989537
서울특별시 금천구청 도로과,독산2동-10143,방범등,서울특별시 금천구 독산2동 1035-20,2025-06-17,37.4660156,126.9004475
서울특별시 금천구청 도로과,독산2동-10145,방범등,서울특별시 금천구 독산2동 1055-10,2025-06-17,37.4630043,126.8982367
서울특별시 금천구청 도로과,독산2동-10146,방범등,서울특별시 금천구 독산2동 1048-29,2025-06-17,37.4642321,126.9010009
서울특별시 금천구청 도로과,독산2동-10147,방범등,서울특별시 금천구 독산2동 1055-14,2025-06-17,37.4626995,126.8982335
서울특별시 금천구청 도로과,독산2동-10148,방범등,서울특별시 금천구 독산2동 1057-20,2025-06-17,37.4631119,126.8988692
서울특별시 금천구청 도로과,독산2동-10149,방범등,서울특별시 금천구 독산2동 1058-50,2025-06-17,37.4624866,126.8986058
서울특별시 금천구청 도로과,독산2동-1015,방범등,서울특별시 금천구 독산2동 1033-9,2025-06-17,37.4655131,126.8988059
서울특별시 금천구청 도로과,독산2동-10150,방범등,서울특별시 금천구 독산2동 1037-8,2025-06-17,37.4659367,126.9014452
서울특별시 금천구청 도로과,독산2동-10151,방범등,서울특별시 금천구 독산2동 1042-18,2025-06-17,37.4649268,126.9016584
서울특별시 금천구청 도로과,독산2동-10152,방범등,서울특별시 금천구 독산2동 1058-6,2025-06-17,37.4632628,126.9000193
서울특별시 금천구청 도로과,독산2동-10153,방범등,서울특별시 금천구 독산2동 1036-17,2025-06-17,37.4651410,126.9006997
서울특별시 금천구청 도로과,독산2동-10154,방범등,서울특별시 금천구 독산2동 1033-32,2025-06-17,37.4653835,126.8993411
서울특별시 금천구청 도로과,독산2동-10155,방범등,서울특별시 금천구 독산2동 1053-14,2025-06-17,37.4641028,126.8984829
서울특별시 금천구청 도로과,독산2동-10156,방범등,서울특별시 금천구 독산2동 1057-17,2025-06-17,37.4632164,126.8994756
서울특별시 금천구청 도로과,독산2동-10157,방범등,서울특별시 금천구 독산2동 1031-8,2025-06-17,37.4658586,126.8983867
서울특별시 금천구청 도로과,독산2동-10158,방범등,서울특별시 금천구 독산2동 1034,2025-06-17,37.4652549,126.9000661
서울특별시 금천구청 도로과,독산2동-10159,방범등,서울특별시 금천구 독산2동 1036-26,2025-06-17,37.4649213,126.9006674
서울특별시 금천구청 도로과,독산2동-1016,방범등,서울특별시 금천구 독산2동 1033-12,2025-06-17,37.4658400,126.8988376
서울특별시 금천구청 도로과,독산2동-10160,방범등,서울특별시 금천구 독산2동 1036-17,2025-06-17,37.4651410,126.9006997
서울특별시 금천구청 도로과,독산2동-10161,방범등,서울특별시 금천구 독산2동 1035-10,2025-06-17,37.4661503,126.9002802
서울특별시 금천구청 도로과,독산2동-10162,방범등,서울특별시 금천구 독산2동 1057-41,2025-06-17,37.4631063,126.8992803
서울특별시 금천구청 도로과,독산2동-10163,방범등,서울특별시 금천구 독산2동 1034,2025-06-17,37.4652549,126.9000661
서울특별시 금천구청 도로과,독산2동-10164,방범등,서울특별시 금천구 독산2동 1034,2025-06-17,37.4652549,126.9000661
서울특별시 금천구청 도로과,독산2동-10165,방범등,서울특별시 금천구 독산2동 1058-1,2025-06-17,37.4633168,126.9001415
서울특별시 금천구청 도로과,독산2동-10166,방범등,서울특별시 금천구 독산2동 1057-1,2025-06-17,37.4635743,126.8998637
서울특별시 금천구청 도로과,독산2동-10167,방범등,서울특별시 금천구 독산2동 1056-15,2025-06-17,37.4631646,126.8984923
서울특별시 금천구청 도로과,독산2동-10168,방범등,서울특별시 금천구 독산2동 1051-14,2025-06-17,37.4645152,126.9000345
서울특별시 금천구청 도로과,독산2동-10169,방범등,서울특별시 금천구 독산2동 1036-14,2025-06-17,37.4652493,126.9010312
서울특별시 금천구청 도로과,독산2동-1017,방범등,서울특별시 금천구 독산2동 1033-24,2025-06-17,37.4658356,126.8991190
서울특별시 금천구청 도로과,독산2동-10171,방범등,서울특별시 금천구 독산2동 1042-29,2025-06-17,37.4645712,126.9018340
서울특별시 금천구청 도로과,독산2동-10172,방범등,서울특별시 금천구 독산2동 1036-38,2025-06-17,37.4646837,126.9006405
서울특별시 금천구청 도로과,독산2동-10173,방범등,서울특별시 금천구 독산2동 1031-15,2025-06-17,37.4653625,126.8982719
서울특별시 금천구청 도로과,독산2동-10174,방범등,서울특별시 금천구 독산2동 1037-38,2025-06-17,37.4653251,126.9014199
서울특별시 금천구청 도로과,독산2동-10175,방범등,서울특별시 금천구 독산2동 1042-9,2025-06-17,37.4646745,126.9025222
서울특별시 금천구청 도로과,독산2동-10176,방범등,서울특별시 금천구 독산2동 1050-5,2025-06-17,37.4640046,126.9006640
서울특별시 금천구청 도로과,독산2동-10177,방범등,서울특별시 금천구 독산2동 1032-19,2025-06-17,37.4660990,126.8991296
서울특별시 금천구청 도로과,독산2동-10178,방범등,서울특별시 금천구 독산2동 1054-38,2025-06-17,37.4635486,126.8982048
서울특별시 금천구청 도로과,독산2동-10179,방범등,서울특별시 금천구 독산2동 1051-16월편,2025-06-17,37.4644824,126.9002292
서울특별시 금천구청 도로과,독산2동-1018,방범등,서울특별시 금천구 독산2동 1033-22,2025-06-17,37.4656096,126.8990975
서울특별시 금천구청 도로과,독산2동-10180,방범등,서울특별시 금천구 독산2동 1049-28,2025-06-17,37.4634602,126.9006855
서울특별시 금천구청 도로과,독산2동-10181,방범등,서울특별시 금천구 독산2동 1049-28,2025-06-17,37.4634602,126.9006855
서울특별시 금천구청 도로과,독산2동-10182,방범등,서울특별시 금천구 독산2동 1033-26,2025-06-17,37.4657124,126.8992154
서울특별시 금천구청 도로과,독산2동-10183,방범등,서울특별시 금천구 독산2동 1053-2,2025-06-17,37.4644987,126.8988043
서울특별시 금천구청 도로과,독산2동-10184,방범등,서울특별시 금천구 독산2동 1048-37,2025-06-17,37.4639779,126.9014659
서울특별시 금천구청 도로과,독산2동-10185,방범등,서울특별시 금천구 독산2동 1036-26,2025-06-17,37.4649213,126.9006674
서울특별시 금천구청 도로과,독산2동-1019,방범등,서울특별시 금천구 독산2동 1033-60,2025-06-17,37.4651180,126.8990541
서울특별시 금천구청 도로과,독산2동-1020,방범등,서울특별시 금천구 독산2동 1033-59,2025-06-17,37.4649958,126.8990430
서울특별시 금천구청 도로과,독산2동-1021,방범등,서울특별시 금천구 독산2동 1033-58,2025-06-17,37.4648849,126.8990328
서울특별시 금천구청 도로과,독산2동-1022,방범등,서울특별시 금천구 독산2동 1033-57,2025-06-17,37.4647540,126.8990210
서울특별시 금천구청 도로과,독산2동-1023,방범등,서울특별시 금천구 독산2동 1033-36,2025-06-17,37.4658376,126.8993824
서울특별시 금천구청 도로과,독산2동-1024,방범등,서울특별시 금천구 독산2동 1033-34,2025-06-17,37.4656096,126.8993611
서울특별시 금천구청 도로과,독산2동-1025,방범등,서울특별시 금천구 독산2동 1033-52,2025-06-17,37.4651218,126.8993207
서울특별시 금천구청 도로과,독산2동-1026,방범등,서울특별시 금천구 독산2동 1033-51,2025-06-17,37.4650289,126.8993117
서울특별시 금천구청 도로과,독산2동-1027,방범등,서울특별시 금천구 독산2동 1033-48,2025-06-17,37.4647295,126.8992811
서울특별시 금천구청 도로과,독산2동-1028,방범등,서울특별시 금천구 독산2동 1033-47,2025-06-17,37.4647249,126.8993937
서울특별시 금천구청 도로과,독산2동-1029,방범등,서울특별시 금천구 독산2동 1034-00,2025-06-17,37.4652549,126.9000661
서울특별시 금천구청 도로과,독산2동-103,방범등,서울특별시 금천구 독산2동 1032-16,2025-06-17,37.4661066,126.8987898
서울특별시 금천구청 도로과,독산2동-1030,방범등,서울특별시 금천구 독산2동 1034-00,2025-06-17,37.4652549,126.9000661
서울특별시 금천구청 도로과,독산2동-1031,방범등,서울특별시 금천구 독산2동 1034-00,2025-06-17,37.4652549,126.9000661
서울특별시 금천구청 도로과,독산2동-1032,방범등,서울특별시 금천구 독산2동 1034-00,2025-06-17,37.4652549,126.9000661
서울특별시 금천구청 도로과,독산2동-1033,방범등,서울특별시 금천구 독산2동 1034-00,2025-06-17,37.4652549,126.9000661
서울특별시 금천구청 도로과,독산2동-1034,방범등,서울특별시 금천구 독산2동 1034-00,2025-06-17,37.4652549,126.9000661
서울특별시 금천구청 도로과,독산2동-1035,방범등,서울특별시 금천구 독산2동 1036-38,2025-06-17,37.4646837,126.9006405
서울특별시 금천구청 도로과,독산2동-1036,방범등,서울특별시 금천구 독산2동 1034-00,2025-06-17,37.4652549,126.9000661
서울특별시 금천구청 도로과,독산2동-1037,방범등,서울특별시 금천구 독산2동 1034-00,2025-06-17,37.4652549,126.9000661
서울특별시 금천구청 도로과,독산2동-1038,방범등,서울특별시 금천구 독산2동 1034-00,2025-06-17,37.4652549,126.9000661
서울특별시 금천구청 도로과,독산2동-1039,방범등,서울특별시 금천구 독산2동 1034-00,2025-06-17,37.4652549,126.9000661
서울특별시 금천구청 도로과,독산2동-104,방범등,"서울특별시 금천구 독산2동 1032-16,17",2025-06-17,37.4661066,126.8987898
서울특별시 금천구청 도로과,독산2동-1040,방범등,서울특별시 금천구 독산2동 1033-37,2025-06-17,37.4658320,126.8994971
서울특별시 금천구청 도로과,독산2동-1041,방범등,서울특별시 금천구 독산2동 1035-12,2025-06-17,37.4661525,126.8999511
서울특별시 금천구청 도로과,독산2동-1042,방범등,서울특별시 금천구 독산2동 1035-17,2025-06-17,37.4660192,126.9001244
서울특별시 금천구청 도로과,독산2동-1043,방범등,서울특별시 금천구 독산2동 1035-21,2025-06-17,37.4660140,126.9005869
서울특별시 금천구청 도로과,독산2동-1044,방범등,서울특별시 금천구 독산2동 1035-8,2025-06-17,37.4661480,126.9006008
서울특별시 금천구청 도로과,독산2동-1045,방범등,서울특별시 금천구 독산2동 1035-6,2025-06-17,37.4661454,126.9009407
서울특별시 금천구청 도로과,독산2동-1046,방범등,서울특별시 금천구 독산2동 1035-24,2025-06-17,37.4660104,126.9009866
서울특별시 금천구청 도로과,독산2동-1047,방범등,서울특별시 금천구 독산2동 1036-4,2025-06-17,37.4657624,126.9009864
서울특별시 금천구청 도로과,독산2동-1048,방범등,서울특별시 금천구 독산2동 1036-8,2025-06-17,37.4654122,126.9006994
서울특별시 금천구청 도로과,독산2동-1049,방범등,서울특별시 금천구 독산2동 1036-25,2025-06-17,37.4650188,126.9006872
서울특별시 금천구청 도로과,독산2동-105,방범등,서울특별시 금천구 독산2동 1032-20,2025-06-17,37.4660964,126.8992405
서울특별시 금천구청 도로과,독산2동-1050,방범등,서울특별시 금천구 독산2동 1036-31,2025-06-17,37.4648533,126.9009087
서울특별시 금천구청 도로과,독산2동-1051,방범등,서울특별시 금천구 독산2동 1036-22,2025-06-17,37.4650252,126.9009714
서울특별시 금천구청 도로과,독산2동-1052,방범등,서울특별시 금천구 독산2동 1037-31(-29건너),2025-06-17,37.4655006,126.9019366
서울특별시 금천구청 도로과,독산2동-1053,방범등,서울특별시 금천구 독산2동 1037-31(-35건너),2025-06-17,37.4655006,126.9019366
서울특별시 금천구청 도로과,독산2동-1054,방범등,서울특별시 금천구 독산2동 1037-25,2025-06-17,37.4655538,126.9012721
서울특별시 금천구청 도로과,독산2동-1055,방범등,서울특별시 금천구 독산2동 1037-26,2025-06-17,37.4654757,126.9012795
서울특별시 금천구청 도로과,독산2동-1056,방범등,서울특별시 금천구 독산2동 1037-40,2025-06-17,37.4652672,126.9012898
서울특별시 금천구청 도로과,독산2동-1057,방범등,서울특별시 금천구 독산2동 1037-38,2025-06-17,37.4653251,126.9014199
서울특별시 금천구청 도로과,독산2동-1058,방범등,서울특별시 금천구 독산2동 1042-00,2025-06-17,37.4651827,126.9021631
서울특별시 금천구청 도로과,독산2동-1059,방범등,서울특별시 금천구 독산2동 1042-16,2025-06-17,37.4650639,126.9018395
서울특별시 금천구청 도로과,독산2동-106,방범등,서울특별시 금천구 독산2동 1032-22,2025-06-17,37.4661037,126.8995240
서울특별시 금천구청 도로과,독산2동-1060,방범등,서울특별시 금천구 독산2동 1042-5,2025-06-17,37.4649427,126.9021712
서울특별시 금천구청 도로과,독산2동-1061,방범등,서울특별시 금천구 독산2동 1042-11,2025-06-17,37.4646677,126.9022638
서울특별시 금천구청 도로과,독산2동-1062,방범등,서울특별시 금천구 독산2동 1042-33,2025-06-17,37.4646127,126.9021539
서울특별시 금천구청 도로과,독산2동-1063,방범등,서울특별시 금천구 독산2동 1042-26,2025-06-17,37.4647995,126.9019643
서울특별시 금천구청 도로과,독산2동-1064,방범등,서울특별시 금천구 독산2동 1042-35,2025-06-17,37.4643558,126.9020222
서울특별시 금천구청 도로과,독산2동-1065,방범등,서울특별시 금천구 독산2동 1042-24,2025-06-17,37.4646514,126.9017543
서울특별시 금천구청 도로과,독산2동-1066,방범등,서울특별시 금천구 독산2동 1042-20,2025-06-17,37.4647596,126.9016447
서울특별시 금천구청 도로과,독산2동-1067,방범등,서울특별시 금천구 독산2동 1042-19,2025-06-17,37.4648543,126.9015506
서울특별시 금천구청 도로과,독산2동-1068,방범등,서울특별시 금천구 독산2동 1048-22,2025-06-17,37.4645656,126.9010539
서울특별시 금천구청 도로과,독산2동-1069,방범등,서울특별시 금천구 독산2동 1048-19,2025-06-17,37.4643483,126.9012680
서울특별시 금천구청 도로과,독산2동-107,방범등,서울특별시 금천구 독산2동 1033-00,2025-06-17,37.4658446,126.8986617
서울특별시 금천구청 도로과,독산2동-1070,방범등,서울특별시 금천구 독산2동 1048-15,2025-06-17,37.4642053,126.9016002
서울특별시 금천구청 도로과,독산2동-1071,방범등,서울특별시 금천구 독산2동 1048-38,2025-06-17,37.4640691,126.9013848
서울특별시 금천구청 도로과,독산2동-1072,방범등,서울특별시 금천구 독산2동 1048-30,2025-06-17,37.4641583,126.9010746
서울특별시 금천구청 도로과,독산2동-1073,방범등,서울특별시 금천구 독산2동 1048-25,2025-06-17,37.4643287,126.9009038
서울특별시 금천구청 도로과,독산2동-1074,방범등,서울특별시 금천구 독산2동 1048-24,2025-06-17,37.4644128,126.9008254
서울특별시 금천구청 도로과,독산2동-1075,방범등,서울특별시 금천구 독산2동 1049-1,2025-06-17,37.4639128,126.9010229
서울특별시 금천구청 도로과,독산2동-1076,방범등,서울특별시 금천구 독산2동 1049-25,2025-06-17,37.4636103,126.9009177
서울특별시 금천구청 도로과,독산2동-1077,방범등,서울특별시 금천구 독산2동 1049-19,2025-06-17,37.4636785,126.9008397
서울특별시 금천구청 도로과,독산2동-1078,방범등,서울특별시 금천구 독산2동 1049-5,2025-06-17,37.4637629,126.9008004
서울특별시 금천구청 도로과,독산2동-1079,방범등,서울특별시 금천구 독산2동 1049-9,2025-06-17,37.4636866,126.9005055
서울특별시 금천구청 도로과,독산2동-108,방범등,서울특별시 금천구 독산2동 1033-3,2025-06-17,37.4655282,126.8986293
서울특별시 금천구청 도로과,독산2동-1080,방범등,서울특별시 금천구 독산2동 1049-13,2025-06-17,37.4635074,126.9002438
서울특별시 금천구청 도로과,독산2동-1081,방범등,서울특별시 금천구 독산2동 1050-19,2025-06-17,37.4637660,126.9001510
서울특별시 금천구청 도로과,독산2동-1082,방범등,서울특별시 금천구 독산2동 1050-11,2025-06-17,37.4640128,126.9004551
서울특별시 금천구청 도로과,독산2동-1083,방범등,서울특별시 금천구 독산2동 1050-7,2025-06-17,37.4640874,126.9005646
서울특별시 금천구청 도로과,독산2동-1085,방범등,서울특별시 금천구 독산2동 1050-2,2025-06-17,37.4641773,126.9007120
서울특별시 금천구청 도로과,독산2동-1087,방범등,서울특별시 금천구 독산2동 1051-20,2025-06-17,37.4643049,126.9002722
서울특별시 금천구청 도로과,독산2동-1088,방범등,서울특별시 금천구 독산2동 1051-23,2025-06-17,37.4640553,126.8999037
서울특별시 금천구청 도로과,독산2동-109,방범등,서울특별시 금천구 독산2동 1033-71,2025-06-17,37.4650613,126.8985849
서울특별시 금천구청 도로과,독산2동-1091,방범등,서울특별시 금천구 독산2동 1034,2025-06-17,37.4652549,126.9000661
서울특별시 금천구청 도로과,독산2동-1092,방범등,서울특별시 금천구 독산2동 1051-7,2025-06-17,37.4645207,126.8998726
서울특별시 금천구청 도로과,독산2동-1093,방범등,서울특별시 금천구 독산2동 1051-10,2025-06-17,37.4642444,126.8998433
서울특별시 금천구청 도로과,독산2동-1094,방범등,서울특별시 금천구 독산2동 1052-3,2025-06-17,37.4645281,126.8993748
서울특별시 금천구청 도로과,독산2동-1096,방범등,서울특별시 금천구 독산2동 1052-13,2025-06-17,37.4641715,126.8992710
서울특별시 금천구청 도로과,독산2동-1097,방범등,서울특별시 금천구 독산2동 1052-6,2025-06-17,37.4642822,126.8990729
서울특별시 금천구청 도로과,독산2동-1098,방범등,서울특별시 금천구 독산2동 1053-18,2025-06-17,37.4638784,126.8984668
서울특별시 금천구청 도로과,독산2동-1099,방범등,서울특별시 금천구 독산2동 1054-19,2025-06-17,37.4639087,126.8981223
서울특별시 금천구청 도로과,독산2동-201,방범등,"서울특별시 금천구 독산2동 1059 
(사거리쪽)",2025-06-17,37.4618552,126.8983370
서울특별시 금천구청 도로과,독산2동-2010,방범등,서울특별시 금천구 독산2동 1060-17,2025-06-17,37.4618471,126.8994972
서울특별시 금천구청 도로과,독산2동-20100,방범등,서울특별시 금천구 독산2동 1064-38,2025-06-17,37.4623897,126.9008700
서울특별시 금천구청 도로과,독산2동-20101,방범등,서울특별시 금천구 독산2동 1064-5,2025-06-17,37.4625145,126.9006696
서울특별시 금천구청 도로과,독산2동-20102,방범등,서울특별시 금천구 독산2동 1064-4,2025-06-17,37.4625932,126.9005735
서울특별시 금천구청 도로과,독산2동-20103,방범등,서울특별시 금천구 독산2동 1064-33,2025-06-17,37.4621005,126.9005820
서울특별시 금천구청 도로과,독산2동-20104,방범등,서울특별시 금천구 독산2동 1064-35,2025-06-17,37.4622413,126.9005835
서울특별시 금천구청 도로과,독산2동-20105,방범등,서울특별시 금천구 독산2동 1064-31,2025-06-17,37.4620776,126.9004106
서울특별시 금천구청 도로과,독산2동-20106,방범등,서울특별시 금천구 독산2동 1064-17,2025-06-17,37.4621525,126.9000913
서울특별시 금천구청 도로과,독산2동-20107,방범등,서울특별시 금천구 독산2동 1064-17,2025-06-17,37.4621525,126.9000913
서울특별시 금천구청 도로과,독산2동-20108,방범등,서울특별시 금천구 독산2동 1064-24,2025-06-17,37.4618142,126.9000946
서울특별시 금천구청 도로과,독산2동-20109,방범등,서울특별시 금천구 독산2동 1064-26,2025-06-17,37.4618419,126.9003000
서울특별시 금천구청 도로과,독산2동-2011,방범등,서울특별시 금천구 독산2동 1061-50,2025-06-17,37.4622128,126.8996836
서울특별시 금천구청 도로과,독산2동-20110,방범등,서울특별시 금천구 독산2동 1064-25,2025-06-17,37.4617489,126.9001945
서울특별시 금천구청 도로과,독산2동-20111,방범등,서울특별시 금천구 독산2동 1065-10,2025-06-17,37.4616636,126.8999922
서울특별시 금천구청 도로과,독산2동-20112,방범등,서울특별시 금천구 독산2동 1065-16,2025-06-17,37.4614163,126.8999982
서울특별시 금천구청 도로과,독산2동-20113,방범등,서울특별시 금천구 독산2동 1065-29,2025-06-17,37.4611714,126.8996090
서울특별시 금천구청 도로과,독산2동-20114,방범등,서울특별시 금천구 독산2동 1065-3,2025-06-17,37.4615564,126.8994560
서울특별시 금천구청 도로과,독산2동-20115,방범등,서울특별시 금천구 독산2동 1065-43,2025-06-17,37.4613689,126.8991970
서울특별시 금천구청 도로과,독산2동-20116,방범등,서울특별시 금천구 독산2동 1065-25,2025-06-17,37.4613346,126.8996540
서울특별시 금천구청 도로과,독산2동-20117,방범등,서울특별시 금천구 독산2동 1065-28,2025-06-17,37.4611486,126.8997218
서울특별시 금천구청 도로과,독산2동-20118,방범등,서울특별시 금천구 독산2동 1066-21,2025-06-17,37.4609073,126.8987282
서울특별시 금천구청 도로과,독산2동-20119,방범등,서울특별시 금천구 독산2동 1066-19 (1059-8방향),2025-06-17,37.4609134,126.8989643
서울특별시 금천구청 도로과,독산2동-2012,방범등,서울특별시 금천구 독산2동 1061-33,2025-06-17,37.4625667,126.8996404
서울특별시 금천구청 도로과,독산2동-20120,방범등,서울특별시 금천구 독산2동 1066-19(1065-50방향),2025-06-17,37.4609134,126.8989643
서울특별시 금천구청 도로과,독산2동-20121,방범등,서울특별시 금천구 독산2동 1066-19(1068건너),2025-06-17,37.4609134,126.8989643
서울특별시 금천구청 도로과,독산2동-20122,방범등,서울특별시 금천구 독산2동 1066-17,2025-06-17,37.4606773,126.8991033
서울특별시 금천구청 도로과,독산2동-20123,방범등,서울특별시 금천구 독산2동 1066-12,2025-06-17,37.4603553,126.8994289
서울특별시 금천구청 도로과,독산2동-20124,방범등,서울특별시 금천구 독산2동 1066-9,2025-06-17,37.4602495,126.8995035
서울특별시 금천구청 도로과,독산2동-20125,방범등,서울특별시 금천구 독산2동 1066-4,2025-06-17,37.4599939,126.8995949
서울특별시 금천구청 도로과,독산2동-20126,방범등,서울특별시 금천구 독산2동 1067-9,2025-06-17,37.4601379,126.9003742
서울특별시 금천구청 도로과,독산2동-20127,방범등,서울특별시 금천구 독산2동 1067-9,2025-06-17,37.4601379,126.9003742
서울특별시 금천구청 도로과,독산2동-20128,방범등,서울특별시 금천구 독산2동 1067-9,2025-06-17,37.4601379,126.9003742
서울특별시 금천구청 도로과,독산2동-20129,방범등,서울특별시 금천구 독산2동 1067-9,2025-06-17,37.4601379,126.9003742
서울특별시 금천구청 도로과,독산2동-20130,방범등,서울특별시 금천구 독산2동 1068-13,2025-06-17,37.4607925,126.8998753
서울특별시 금천구청 도로과,독산2동-20131,방범등,서울특별시 금천구 독산2동 1067-13,2025-06-17,37.4604175,126.8999247
서울특별시 금천구청 도로과,독산2동-20132,방범등,서울특별시 금천구 독산2동 1068-10,2025-06-17,37.4606462,126.8996893
서울특별시 금천구청 도로과,독산2동-20133,방범등,서울특별시 금천구 독산2동 1068-2,2025-06-17,37.4607062,126.8994511
서울특별시 금천구청 도로과,독산2동-20134,방범등,서울특별시 금천구 독산2동 1068-00,2025-06-17,37.4609730,126.8993082
서울특별시 금천구청 도로과,독산2동-20135,방범등,서울특별시 금천구 독산2동 1068-4,2025-06-17,37.4609457,126.8994841
서울특별시 금천구청 도로과,독산2동-20136,방범등,서울특별시 금천구 독산2동 1068-6,2025-06-17,37.4609149,126.8996103
서울특별시 금천구청 도로과,독산2동-20137,방범등,서울특별시 금천구 독산2동 1068-16,2025-06-17,37.4607578,126.9000062
서울특별시 금천구청 도로과,독산2동-20138,방범등,서울특별시 금천구 독산2동 1068-17,2025-06-17,37.4606898,126.9002255
서울특별시 금천구청 도로과,독산2동-20139,방범등,서울특별시 금천구 독산2동 1068-35,2025-06-17,37.4606758,126.9006447
서울특별시 금천구청 도로과,독산2동-20140,방범등,서울특별시 금천구 독산2동 1068-23,2025-06-17,37.4605108,126.9004025
서울특별시 금천구청 도로과,독산2동-20141,방범등,서울특별시 금천구 독산2동 1068-37,2025-06-17,37.4603237,126.9006872
서울특별시 금천구청 도로과,독산2동-20142,방범등,서울특별시 금천구 독산2동 1068-31,2025-06-17,37.4604111,126.9007873
서울특별시 금천구청 도로과,독산2동-20143,방범등,서울특별시 금천구 독산2동 1068-20(32) 전주,2025-06-17,37.4606048,126.9009489
서울특별시 금천구청 도로과,독산2동-20144,방범등,서울특별시 금천구 독산2동 1065-35,2025-06-17,37.4610459,126.8997314
서울특별시 금천구청 도로과,독산2동-20145,방범등,서울특별시 금천구 독산2동 1069(1065-11방향),2025-06-17,37.4611804,126.9002865
서울특별시 금천구청 도로과,독산2동-20146,방범등,서울특별시 금천구 독산2동 1070-2,2025-06-17,37.4615398,126.9005470
서울특별시 금천구청 도로과,독산2동-20148,방범등,서울특별시 금천구 독산2동 1070-27,2025-06-17,37.4612844,126.9014317
서울특별시 금천구청 도로과,독산2동-20149,방범등,서울특별시 금천구 독산2동 1070-44,2025-06-17,37.4617786,126.9008859
서울특별시 금천구청 도로과,독산2동-2015,방범등,서울특별시 금천구 독산2동 1061-10,2025-06-17,37.4627562,126.9001976
서울특별시 금천구청 도로과,독산2동-20150,방범등,서울특별시 금천구 독산2동 1070-24,2025-06-17,37.4615335,126.9012514
서울특별시 금천구청 도로과,독산2동-20151,방범등,서울특별시 금천구 독산2동 1070-31,2025-06-17,37.4614573,126.9009218
서울특별시 금천구청 도로과,독산2동-20152,방범등,서울특별시 금천구 독산2동 1070-7,2025-06-17,37.4612624,126.9009848
서울특별시 금천구청 도로과,독산2동-20154,방범등,서울특별시 금천구 독산2동 1070-9,2025-06-17,37.4611014,126.9012456
서울특별시 금천구청 도로과,독산2동-20155,방범등,서울특별시 금천구 독산2동 1070-21,2025-06-17,37.4612739,126.9016325
서울특별시 금천구청 도로과,독산2동-20156,방범등,서울특별시 금천구 독산2동 1070-20,2025-06-17,37.4611547,126.9017931
서울특별시 금천구청 도로과,독산2동-20157,방범등,서울특별시 금천구 독산2동 1070-17,2025-06-17,37.4609865,126.9016430
서울특별시 금천구청 도로과,독산2동-20158,방범등,서울특별시 금천구 독산2동 1070-16,2025-06-17,37.4609082,126.9015654
서울특별시 금천구청 도로과,독산2동-20159,방범등,서울특별시 금천구 독산2동 1074-00,2025-06-17,37.4610645,126.9020204
서울특별시 금천구청 도로과,독산2동-20160,방범등,서울특별시 금천구 독산2동 1074-00,2025-06-17,37.4610645,126.9020204
서울특별시 금천구청 도로과,독산2동-20161,방범등,서울특별시 금천구 독산2동 1074-25,2025-06-17,37.4607157,126.9022182
서울특별시 금천구청 도로과,독산2동-20162,방범등,서울특별시 금천구 독산2동 1074-4,2025-06-17,37.4608471,126.9018597
서울특별시 금천구청 도로과,독산2동-20163,방범등,서울특별시 금천구 독산2동 1074-29,2025-06-17,37.4609095,126.9023801
서울특별시 금천구청 도로과,독산2동-20164,방범등,서울특별시 금천구 독산2동 1074-24,2025-06-17,37.4606599,126.9023545
서울특별시 금천구청 도로과,독산2동-20165,방범등,서울특별시 금천구 독산2동 1074-12,2025-06-17,37.4605063,126.9018471
서울특별시 금천구청 도로과,독산2동-20166,방범등,"서울특별시 금천구 독산2동 1075-84,85",2025-06-17,37.4605393,126.9015623
서울특별시 금천구청 도로과,독산2동-20167,방범등,서울특별시 금천구 독산2동 1075-68,2025-06-17,37.4603643,126.9015882
서울특별시 금천구청 도로과,독산2동-20168,방범등,서울특별시 금천구 독산2동 1075-61,2025-06-17,37.4599623,126.9014858
서울특별시 금천구청 도로과,독산2동-20169,방범등,서울특별시 금천구 독산2동 1075-60,2025-06-17,37.4598007,126.9015076
서울특별시 금천구청 도로과,독산2동-2017,방범등,서울특별시 금천구 독산2동 1061-2,2025-06-17,37.4628532,126.9005672
서울특별시 금천구청 도로과,독산2동-20170,방범등,서울특별시 금천구 독산2동 1075-77,2025-06-17,37.4605758,126.9012843
서울특별시 금천구청 도로과,독산2동-20171,방범등,서울특별시 금천구 독산2동 1075-75,2025-06-17,37.4604361,126.9011395
서울특별시 금천구청 도로과,독산2동-20172,방범등,서울특별시 금천구 독산2동 1075-81,2025-06-17,37.4605304,126.9014506
서울특별시 금천구청 도로과,독산2동-20173,방범등,서울특별시 금천구 독산2동 1075-71,2025-06-17,37.4602810,126.9012332
서울특별시 금천구청 도로과,독산2동-20174,방범등,"서울특별시 금천구 독산2동 1075-46,63",2025-06-17,37.4598601,126.9011903
서울특별시 금천구청 도로과,독산2동-20175,방범등,서울특별시 금천구 독산2동 1075-61,2025-06-17,37.4599623,126.9014858
서울특별시 금천구청 도로과,독산2동-20176,방범등,서울특별시 금천구 독산2동 1075-60,2025-06-17,37.4598007,126.9015076
서울특별시 금천구청 도로과,독산2동-20177,방범등,서울특별시 금천구 독산2동 1075-59,2025-06-17,37.4596578,126.9013719
서울특별시 금천구청 도로과,독산2동-20178,방범등,서울특별시 금천구 독산2동 1075-49,2025-06-17,37.4594771,126.9012172
서울특별시 금천구청 도로과,독산2동-20179,방범등,서울특별시 금천구 독산2동 1075-41,2025-06-17,37.4601647,126.9009940
서울특별시 금천구청 도로과,독산2동-2018,방범등,서울특별시 금천구 독산2동 1062-9,2025-06-17,37.4631067,126.9006404
서울특별시 금천구청 도로과,독산2동-20180,방범등,서울특별시 금천구 독산2동 1075-38,2025-06-17,37.4598309,126.9010341
서울특별시 금천구청 도로과,독산2동-20181,방범등,서울특별시 금천구 독산2동 1075-7,2025-06-17,37.4597294,126.9008736
서울특별시 금천구청 도로과,독산2동-20183,방범등,서울특별시 금천구 독산2동 1075-26,2025-06-17,37.4593120,126.9007404
서울특별시 금천구청 도로과,독산2동-20184,방범등,서울특별시 금천구 독산2동 1075-24,2025-06-17,37.4591119,126.9007680
서울특별시 금천구청 도로과,독산2동-20185,방범등,서울특별시 금천구 독산2동 1075-32,2025-06-17,37.4591990,126.9011095
서울특별시 금천구청 도로과,독산2동-20186,방범등,서울특별시 금천구 독산2동 1076-12,2025-06-17,37.4599052,126.9001725
서울특별시 금천구청 도로과,독산2동-20187,방범등,서울특별시 금천구 독산2동 1076-13,2025-06-17,37.4598527,126.9003179
서울특별시 금천구청 도로과,독산2동-20188,방범등,서울특별시 금천구 독산2동 1076-16,2025-06-17,37.4596256,126.9003481
서울특별시 금천구청 도로과,독산2동-20189,방범등,서울특별시 금천구 독산2동 1076-26,2025-06-17,37.4594031,126.9003863
서울특별시 금천구청 도로과,독산2동-2019,방범등,서울특별시 금천구 독산2동 1062-5,2025-06-17,37.4633141,126.9008227
서울특별시 금천구청 도로과,독산2동-20190,방범등,서울특별시 금천구 독산2동 1076-38,2025-06-17,37.4590333,126.9004059
서울특별시 금천구청 도로과,독산2동-20191,방범등,서울특별시 금천구 독산2동 1076-44,2025-06-17,37.4588215,126.9001446
서울특별시 금천구청 도로과,독산2동-20192,방범등,서울특별시 금천구 독산2동 1076-42,2025-06-17,37.4589452,126.9001134
서울특별시 금천구청 도로과,독산2동-20193,방범등,서울특별시 금천구 독산2동 1076-30,2025-06-17,37.4592172,126.9001153
서울특별시 금천구청 도로과,독산2동-20196,방범등,서울특별시 금천구 독산2동 1076-48,2025-06-17,37.4597001,126.9000614
서울특별시 금천구청 도로과,독산2동-20197,방범등,서울특별시 금천구 독산2동 1077-8,2025-06-17,37.4593639,126.8993738
서울특별시 금천구청 도로과,독산2동-20198,방범등,서울특별시 금천구 독산2동 1077-13,2025-06-17,37.4593262,126.8995499
서울특별시 금천구청 도로과,독산2동-20199,방범등,서울특별시 금천구 독산2동 1077-10,2025-06-17,37.4595522,126.8996603
서울특별시 금천구청 도로과,독산2동-202,방범등,서울특별시 금천구 독산2동 1059,2025-06-17,37.4618552,126.8983370
서울특별시 금천구청 도로과,독산2동-2020,방범등,서울특별시 금천구 독산2동 1062,2025-06-17,37.4636425,126.9013674
서울특별시 금천구청 도로과,독산2동-20200,방범등,서울특별시 금천구 독산2동 1077-15,2025-06-17,37.4592193,126.8995794
서울특별시 금천구청 도로과,독산2동-20201,방범등,서울특별시 금천구 독산2동 1077-18,2025-06-17,37.4591221,126.8997383
서울특별시 금천구청 도로과,독산2동-20202,방범등,서울특별시 금천구 독산2동 1077-5,2025-06-17,37.4589302,126.8995232
서울특별시 금천구청 도로과,독산2동-20203,방범등,서울특별시 금천구 독산2동 1077-5,2025-06-17,37.4589302,126.8995232
서울특별시 금천구청 도로과,독산2동-20204,방범등,서울특별시 금천구 독산2동 1077-21,2025-06-17,37.4588860,126.8997347
서울특별시 금천구청 도로과,독산2동-20205,방범등,서울특별시 금천구 독산2동 1077-22,2025-06-17,37.4586991,126.8997788
서울특별시 금천구청 도로과,독산2동-20206,방범등,서울특별시 금천구 독산2동 1077-33,2025-06-17,37.4585010,126.8998046
서울특별시 금천구청 도로과,독산2동-20207,방범등,서울특별시 금천구 독산2동 1077-35,2025-06-17,37.4583306,126.8999032
서울특별시 금천구청 도로과,독산2동-20208,방범등,서울특별시 금천구 독산2동 1077-36,2025-06-17,37.4582101,126.8999679
서울특별시 금천구청 도로과,독산2동-20209,방범등,서울특별시 금천구 독산2동 1071-12,2025-06-17,37.4619126,126.9012130
서울특별시 금천구청 도로과,독산2동-2021,방범등,서울특별시 금천구 독산2동 1063-24,2025-06-17,37.4634445,126.9014817
서울특별시 금천구청 도로과,독산2동-20210,방범등,서울특별시 금천구 독산2동 1060-5,2025-06-17,37.4620169,126.8992028
서울특별시 금천구청 도로과,독산2동-20211,방범등,서울특별시 금천구 독산2동 1060-10,2025-06-17,37.4617096,126.8988517
서울특별시 금천구청 도로과,독산2동-20212,방범등,서울특별시 금천구 독산2동 1063-22,2025-06-17,37.4632944,126.9014943
서울특별시 금천구청 도로과,독산2동-20213,방범등,서울특별시 금천구 독산2동 1065,2025-06-17,37.4618096,126.8997233
서울특별시 금천구청 도로과,독산2동-20214,방범등,서울특별시 금천구 독산2동 1065-00,2025-06-17,37.4618096,126.8997233
서울특별시 금천구청 도로과,독산2동-20215,방범등,서울특별시 금천구 독산2동 1065-43,2025-06-17,37.4613689,126.8991970
서울특별시 금천구청 도로과,독산2동-20216,방범등,서울특별시 금천구 독산2동 1067-10,2025-06-17,37.4602863,126.9001617
서울특별시 금천구청 도로과,독산2동-20217,방범등,서울특별시 금천구 독산2동 1068-8,2025-06-17,37.4607955,126.8995909
서울특별시 금천구청 도로과,독산2동-20218,방범등,서울특별시 금천구 독산2동 1077-12,2025-06-17,37.4594584,126.8996844
서울특별시 금천구청 도로과,독산2동-20219,방범등,서울특별시 금천구 독산2동 1076-1,2025-06-17,37.4598239,126.8998606
서울특별시 금천구청 도로과,독산2동-2022,방범등,서울특별시 금천구 독산2동 1063-18,2025-06-17,37.4632530,126.9012762
서울특별시 금천구청 도로과,독산2동-20220,방범등,서울특별시 금천구 독산2동 1043-21,2025-06-17,37.4636933,126.9030418
서울특별시 금천구청 도로과,독산2동-20221,방범등,서울특별시 금천구 독산2동 1073-11,2025-06-17,37.4612311,126.9024099
서울특별시 금천구청 도로과,독산2동-20222,방범등,서울특별시 금천구 독산2동 1069-2월편,2025-06-17,37.4611928,126.9007521
서울특별시 금천구청 도로과,독산2동-20224,방범등,서울특별시 금천구 독산2동 1073-9,2025-06-17,37.4614780,126.9024298
서울특별시 금천구청 도로과,독산2동-20225,방범등,서울특별시 금천구 독산2동 1071-7,2025-06-17,37.4619032,126.9010260
서울특별시 금천구청 도로과,독산2동-20227,방범등,서울특별시 금천구 독산2동 1073-14,2025-06-17,37.4618469,126.9023191
서울특별시 금천구청 도로과,독산2동-20228,방범등,서울특별시 금천구 독산2동 1068-3,2025-06-17,37.4608310,126.8994816
서울특별시 금천구청 도로과,독산2동-20229,방범등,서울특별시 금천구 독산2동 1047-37,2025-06-17,37.4631379,126.9029066
서울특별시 금천구청 도로과,독산2동-2023,방범등,서울특별시 금천구 독산2동 1063-14,2025-06-17,37.4629529,126.9010316
서울특별시 금천구청 도로과,독산2동-20230,방범등,서울특별시 금천구 독산2동 1069-19,2025-06-17,37.4607566,126.9012511
서울특별시 금천구청 도로과,독산2동-20231,방범등,서울특별시 금천구 독산2동 1075-24,2025-06-17,37.4591119,126.9007680
서울특별시 금천구청 도로과,독산2동-20232,방범등,서울특별시 금천구 독산2동 1061-2,2025-06-17,37.4628532,126.9005672
서울특별시 금천구청 도로과,독산2동-20233,방범등,서울특별시 금천구 독산2동 1044-4,2025-06-17,37.4626296,126.9037120
서울특별시 금천구청 도로과,독산2동-20234,방범등,서울특별시 금천구 독산2동 1070-4,2025-06-17,37.4614354,126.9007173
서울특별시 금천구청 도로과,독산2동-20235,방범등,서울특별시 금천구 독산2동 1065-7,2025-06-17,37.4616871,126.8997814
서울특별시 금천구청 도로과,독산2동-20236,방범등,서울특별시 금천구 독산2동 1069-6월편,2025-06-17,37.4609895,126.9006415
서울특별시 금천구청 도로과,독산2동-20237,방범등,서울특별시 금천구 독산2동 1063-10,2025-06-17,37.4627249,126.9012240
서울특별시 금천구청 도로과,독산2동-20238,방범등,서울특별시 금천구 독산2동 1077-9,2025-06-17,37.4595058,126.8994742
서울특별시 금천구청 도로과,독산2동-20240,방범등,서울특별시 금천구 독산2동 1064-29,2025-06-17,37.4619399,126.9003995
서울특별시 금천구청 도로과,독산2동-20241,방범등,서울특별시 금천구 독산2동 1071-18,2025-06-17,37.4618246,126.9014827
서울특별시 금천구청 도로과,독산2동-20245,방범등,서울특별시 금천구 독산2동 1070-25,2025-06-17,37.4614545,126.9011753
서울특별시 금천구청 도로과,독산2동-20246,방범등,서울특별시 금천구 독산2동 1070-7,2025-06-17,37.4612624,126.9009848
서울특별시 금천구청 도로과,독산2동-20247,방범등,서울특별시 금천구 독산2동 1047-37,2025-06-17,37.4631379,126.9029066
서울특별시 금천구청 도로과,독산2동-20248,방범등,서울특별시 금천구 독산2동 1072-45,2025-06-17,37.4617743,126.9018119
서울특별시 금천구청 도로과,독산2동-20249,방범등,서울특별시 금천구 독산2동 1059-5,2025-06-17,37.4615374,126.8986653
서울특별시 금천구청 도로과,독산2동-20250,방범등,서울특별시 금천구 독산2동 378-199,2025-06-17,37.4645066,126.9055117
서울특별시 금천구청 도로과,독산2동-20251,방범등,서울특별시 금천구 독산2동 1063,2025-06-17,37.4635434,126.9015951
서울특별시 금천구청 도로과,독산2동-20252,방범등,서울특별시 금천구 독산2동 1072-25,2025-06-17,37.4620438,126.9019683
서울특별시 금천구청 도로과,독산2동-20253,방범등,서울특별시 금천구 독산2동 1070-17,2025-06-17,37.4609865,126.9016430
서울특별시 금천구청 도로과,독산2동-20254,방범등,서울특별시 금천구 독산2동 1072-2,2025-06-17,37.4628019,126.9018484
서울특별시 금천구청 도로과,독산2동-20255,방범등,서울특별시 금천구 독산2동 1062-15,2025-06-17,37.4634373,126.9011909
서울특별시 금천구청 도로과,독산2동-20256,방범등,서울특별시 금천구 독산2동 1061-31,2025-06-17,37.4623648,126.8998284
서울특별시 금천구청 도로과,독산2동-20257,방범등,서울특별시 금천구 독산2동 1075-33,2025-06-17,37.4592432,126.9012487
서울특별시 금천구청 도로과,독산2동-20259,방범등,서울특별시 금천구 독산2동 1076-32,2025-06-17,37.4592032,126.8999388
서울특별시 금천구청 도로과,독산2동-20260,방범등,서울특별시 금천구 독산2동 1064-37,2025-06-17,37.4622721,126.9007593
서울특별시 금천구청 도로과,독산2동-20261,방범등,서울특별시 금천구 독산2동 1060-5,2025-06-17,37.4620169,126.8992028
서울특별시 금천구청 도로과,독산2동-20262,방범등,서울특별시 금천구 독산2동 1061-13,2025-06-17,37.4627784,126.8999861
서울특별시 금천구청 도로과,독산2동-20265,방범등,서울특별시 금천구 독산2동 1072-53,2025-06-17,37.4624088,126.9011429
서울특별시 금천구청 도로과,독산2동-20266,방범등,서울특별시 금천구 독산2동 1068-22,2025-06-17,37.4603997,126.9003356
서울특별시 금천구청 도로과,독산2동-20267,방범등,서울특별시 금천구 독산2동 1068-25,2025-06-17,37.4607165,126.9004605
서울특별시 금천구청 도로과,독산2동-2027,방범등,서울특별시 금천구 독산2동 1064-43,2025-06-17,37.4626206,126.9009392
서울특별시 금천구청 도로과,독산2동-2028,방범등,서울특별시 금천구 독산2동 1063-14,2025-06-17,37.4629529,126.9010316
서울특별시 금천구청 도로과,독산2동-2029,방범등,서울특별시 금천구 독산2동 1063-12,2025-06-17,37.4626633,126.9011569
서울특별시 금천구청 도로과,독산2동-203,방범등,서울특별시 금천구 독산2동 1059-12,2025-06-17,37.4616340,126.8986140
서울특별시 금천구청 도로과,독산2동-2030,방범등,서울특별시 금천구 독산2동 1063-10,2025-06-17,37.4627249,126.9012240
서울특별시 금천구청 도로과,독산2동-2031,방범등,서울특별시 금천구 독산2동 1063-7,2025-06-17,37.4629770,126.9014019
서울특별시 금천구청 도로과,독산2동-2032,방범등,서울특별시 금천구 독산2동 1063-5,2025-06-17,37.4631403,126.9015521
서울특별시 금천구청 도로과,독산2동-2033,방범등,서울특별시 금천구 독산2동 1063-2,2025-06-17,37.4634458,126.9018209
서울특별시 금천구청 도로과,독산2동-2034,방범등,서울특별시 금천구 독산2동 1063-1,2025-06-17,37.4634834,126.9017030
서울특별시 금천구청 도로과,독산2동-2035,방범등,서울특별시 금천구 독산2동 1047-7,2025-06-17,37.4637788,126.9017768
서울특별시 금천구청 도로과,독산2동-2036,방범등,서울특별시 금천구 독산2동 1047-4,2025-06-17,37.4637978,126.9015468
서울특별시 금천구청 도로과,독산2동-2038,방범등,서울특별시 금천구 독산2동 1047-1,2025-06-17,37.4639961,126.9018921
서울특별시 금천구청 도로과,독산2동-2039,방범등,서울특별시 금천구 독산2동 1047-9,2025-06-17,37.4638952,126.9019936
서울특별시 금천구청 도로과,독산2동-2040,방범등,서울특별시 금천구 독산2동 1047-21,2025-06-17,37.4636330,126.9022381
서울특별시 금천구청 도로과,독산2동-2041,방범등,서울특별시 금천구 독산2동 1047-18,2025-06-17,37.4635668,126.9019632
서울특별시 금천구청 도로과,독산2동-2042,방범등,서울특별시 금천구 독산2동 1047-32,2025-06-17,37.4633441,126.9024748
서울특별시 금천구청 도로과,독산2동-2043,방범등,서울특별시 금천구 독산2동 1047-36,2025-06-17,37.4632226,126.9027866
서울특별시 금천구청 도로과,독산2동-2044,방범등,서울특별시 금천구 독산2동 1047-37,2025-06-17,37.4631379,126.9029066
서울특별시 금천구청 도로과,독산2동-2045,방범등,서울특별시 금천구 독산2동 1043-4,2025-06-17,37.4642379,126.9022114
서울특별시 금천구청 도로과,독산2동-2046,방범등,서울특별시 금천구 독산2동 1043-4,2025-06-17,37.4642379,126.9022114
서울특별시 금천구청 도로과,독산2동-2047,방범등,서울특별시 금천구 독산2동 1043-2,2025-06-17,37.4643551,126.9024110
서울특별시 금천구청 도로과,독산2동-2048,방범등,서울특별시 금천구 독산2동 1043,2025-06-17,37.4644690,126.9026210
서울특별시 금천구청 도로과,독산2동-2049,방범등,서울특별시 금천구 독산2동 1043-6,2025-06-17,37.4640600,126.9023292
서울특별시 금천구청 도로과,독산2동-205,방범등,서울특별시 금천구 독산2동 1059-8,2025-06-17,37.4612708,126.8987961
서울특별시 금천구청 도로과,독산2동-2050,방범등,서울특별시 금천구 독산2동 1043-8,2025-06-17,37.4641950,126.9026285
서울특별시 금천구청 도로과,독산2동-2051,방범등,서울특별시 금천구 독산2동 1043-31,2025-06-17,37.4639271,126.9026323
서울특별시 금천구청 도로과,독산2동-2052,방범등,서울특별시 금천구 독산2동 1043-35,2025-06-17,37.4637566,126.9027761
서울특별시 금천구청 도로과,독산2동-2053,방범등,서울특별시 금천구 독산2동 1043-19,2025-06-17,37.4635208,126.9031844
서울특별시 금천구청 도로과,독산2동-2054,방범등,서울특별시 금천구 독산2동 1043-51,2025-06-17,37.4631635,126.9034813
서울특별시 금천구청 도로과,독산2동-2055,방범등,서울특별시 금천구 독산2동 1043-34 (37),2025-06-17,37.4636918,126.9026552
서울특별시 금천구청 도로과,독산2동-2056,방범등,서울특별시 금천구 독산2동 1043-37,2025-06-17,37.4636065,126.9027309
서울특별시 금천구청 도로과,독산2동-2057,방범등,서울특별시 금천구 독산2동 1043-41,2025-06-17,37.4634398,126.9028803
서울특별시 금천구청 도로과,독산2동-2058,방범등,서울특별시 금천구 독산2동 1043-42,2025-06-17,37.4633563,126.9029486
서울특별시 금천구청 도로과,독산2동-2059,방범등,서울특별시 금천구 독산2동 1043-47,2025-06-17,37.4630900,126.9032321
서울특별시 금천구청 도로과,독산2동-206,방범등,서울특별시 금천구 독산2동 1060-22,2025-06-17,37.4615773,126.8989209
서울특별시 금천구청 도로과,독산2동-2060,방범등,서울특별시 금천구 독산2동 1043-48,2025-06-17,37.4629742,126.9033365
서울특별시 금천구청 도로과,독산2동-2061,방범등,서울특별시 금천구 독산2동 1043-49,2025-06-17,37.4629043,126.9035553
서울특별시 금천구청 도로과,독산2동-2062,방범등,서울특별시 금천구 독산2동 1043-57,2025-06-17,37.4628843,126.9037654
서울특별시 금천구청 도로과,독산2동-2063,방범등,서울특별시 금천구 독산2동 1044-6,2025-06-17,37.4624123,126.9038250
서울특별시 금천구청 도로과,독산2동-2064,방범등,서울특별시 금천구 독산2동 1044-3,2025-06-17,37.4626020,126.9036189
서울특별시 금천구청 도로과,독산2동-2065,방범등,서울특별시 금천구 독산2동 1046-14,2025-06-17,37.4626987,126.9033086
서울특별시 금천구청 도로과,독산2동-2066,방범등,서울특별시 금천구 독산2동 1046-1,2025-06-17,37.4633001,126.9020830
서울특별시 금천구청 도로과,독산2동-2067,방범등,서울특별시 금천구 독산2동 1045-33,2025-06-17,37.4622829,126.9034525
서울특별시 금천구청 도로과,독산2동-2068,방범등,서울특별시 금천구 독산2동 1045-25,2025-06-17,37.4622529,126.9030886
서울특별시 금천구청 도로과,독산2동-2069,방범등,서울특별시 금천구 독산2동 1045-30,2025-06-17,37.4622464,126.9032818
서울특별시 금천구청 도로과,독산2동-207,방범등,서울특별시 금천구 독산2동 1060-00,2025-06-17,37.4620267,126.8986993
서울특별시 금천구청 도로과,독산2동-2070,방범등,서울특별시 금천구 독산2동 1045-27,2025-06-17,37.4625230,126.9033567
서울특별시 금천구청 도로과,독산2동-2071,방범등,서울특별시 금천구 독산2동 1045-22,2025-06-17,37.4625556,126.9031776
서울특별시 금천구청 도로과,독산2동-2072,방범등,서울특별시 금천구 독산2동 1045-18,2025-06-17,37.4625812,126.9030410
서울특별시 금천구청 도로과,독산2동-2073,방범등,서울특별시 금천구 독산2동 1046-33,2025-06-17,37.4628875,126.9023511
서울특별시 금천구청 도로과,독산2동-2074,방범등,서울특별시 금천구 독산2동 1045-16,2025-06-17,37.4623174,126.9027652
서울특별시 금천구청 도로과,독산2동-2075,방범등,서울특별시 금천구 독산2동 1045-12,2025-06-17,37.4623445,126.9026273
서울특별시 금천구청 도로과,독산2동-2076,방범등,서울특별시 금천구 독산2동 1045-10,2025-06-17,37.4625402,126.9026863
서울특별시 금천구청 도로과,독산2동-2077,방범등,서울특별시 금천구 독산2동 1045-9,2025-06-17,37.4626438,126.9027189
서울특별시 금천구청 도로과,독산2동-2078,방범등,서울특별시 금천구 독산2동 1072-5,2025-06-17,37.4627338,126.9022051
서울특별시 금천구청 도로과,독산2동-2079,방범등,서울특별시 금천구 독산2동 1072-4,2025-06-17,37.4627587,126.9020882
서울특별시 금천구청 도로과,독산2동-208,방범등,서울특별시 금천구 독산2동 1060-3,2025-06-17,37.4621328,126.8990000
서울특별시 금천구청 도로과,독산2동-2080,방범등,서울특별시 금천구 독산2동 1072-18,2025-06-17,37.4624793,126.9021019
서울특별시 금천구청 도로과,독산2동-2081,방범등,서울특별시 금천구 독산2동 1072-17,2025-06-17,37.4624814,126.9019382
서울특별시 금천구청 도로과,독산2동-2082,방범등,서울특별시 금천구 독산2동 1072-15,2025-06-17,37.4625354,126.9016474
서울특별시 금천구청 도로과,독산2동-2083,방범등,서울특별시 금천구 독산2동 1072-35,2025-06-17,37.4624241,126.9013434
서울특별시 금천구청 도로과,독산2동-2084,방범등,서울특별시 금천구 독산2동 1072-36,2025-06-17,37.4623898,126.9014557
서울특별시 금천구청 도로과,독산2동-2085,방범등,서울특별시 금천구 독산2동 1072-16,2025-06-17,37.4625131,126.9017642
서울특별시 금천구청 도로과,독산2동-2086,방범등,서울특별시 금천구 독산2동 1072-19,2025-06-17,37.4623819,126.9020743
서울특별시 금천구청 도로과,독산2동-2087,방범등,서울특별시 금천구 독산2동 1072-27,2025-06-17,37.4621998,126.9018210
서울특별시 금천구청 도로과,독산2동-2088,방범등,서울특별시 금천구 독산2동 1072-50,2025-06-17,37.4621522,126.9015244
서울특별시 금천구청 도로과,독산2동-2089,방범등,서울특별시 금천구 독산2동 1072-25,2025-06-17,37.4620438,126.9019683
서울특별시 금천구청 도로과,독산2동-209,방범등,서울특별시 금천구 독산2동 1060-13,2025-06-17,37.4620025,126.8994520
서울특별시 금천구청 도로과,독산2동-2090,방범등,서울특별시 금천구 독산2동 1073-21,2025-06-17,37.4620505,126.9021566
서울특별시 금천구청 도로과,독산2동-2091,방범등,서울특별시 금천구 독산2동 1073-33,2025-06-17,37.4618136,126.9021491
서울특별시 금천구청 도로과,독산2동-2092,방범등,서울특별시 금천구 독산2동 1073-15,2025-06-17,37.4617242,126.9023090
서울특별시 금천구청 도로과,독산2동-2093,방범등,서울특별시 금천구 독산2동 1073-16,2025-06-17,37.4615666,126.9022970
서울특별시 금천구청 도로과,독산2동-2094,방범등,서울특별시 금천구 독산2동 1073-35,2025-06-17,37.4613861,126.9022825
서울특별시 금천구청 도로과,독산2동-2095,방범등,서울특별시 금천구 독산2동 1071-25,2025-06-17,37.4616363,126.9016647
서울특별시 금천구청 도로과,독산2동-2096,방범등,서울특별시 금천구 독산2동 1073-25,2025-06-17,37.4615907,126.9019731
서울특별시 금천구청 도로과,독산2동-2097,방범등,서울특별시 금천구 독산2동 1071-19,2025-06-17,37.4617518,126.9014095
서울특별시 금천구청 도로과,독산2동-2098,방범등,서울특별시 금천구 독산2동 1071-17,2025-06-17,37.4619018,126.9013973
서울특별시 금천구청 도로과,독산2동-2099,방범등,서울특별시 금천구 독산2동 1071-10,2025-06-17,37.4620619,126.9012015
서울특별시 금천구청 도로과,독산2동-301,방범등,서울특별시 금천구 독산2동 1038-2,2025-06-17,37.4664084,126.9024019
서울특별시 금천구청 도로과,독산2동-3010,방범등,서울특별시 금천구 독산2동 1038-9,2025-06-17,37.4665569,126.9032397
서울특별시 금천구청 도로과,독산2동-30100,방범등,서울특별시 금천구 독산2동 378-461,2025-06-17,37.4636867,126.9041724
서울특별시 금천구청 도로과,독산2동-30101,방범등,서울특별시 금천구 독산2동 378-457,2025-06-17,37.4634964,126.9040249
서울특별시 금천구청 도로과,독산2동-30102,방범등,서울특별시 금천구 독산2동 378-462,2025-06-17,37.4635881,126.9042402
서울특별시 금천구청 도로과,독산2동-30103,방범등,서울특별시 금천구 독산2동 378-448,2025-06-17,37.4633988,126.9040931
서울특별시 금천구청 도로과,독산2동-30104,방범등,서울특별시 금천구 독산2동 378-437,2025-06-17,37.4631320,126.9045601
서울특별시 금천구청 도로과,독산2동-30105,방범등,서울특별시 금천구 독산2동 378-451,2025-06-17,37.4631355,126.9040476
서울특별시 금천구청 도로과,독산2동-30106,방범등,서울특별시 금천구 독산2동 378-437,2025-06-17,37.4631320,126.9045601
서울특별시 금천구청 도로과,독산2동-30108,방범등,서울특별시 금천구 독산2동 378-476,2025-06-17,37.4630103,126.9048511
서울특별시 금천구청 도로과,독산2동-30109,방범등,서울특별시 금천구 독산2동 378-472,2025-06-17,37.4632005,126.9047131
서울특별시 금천구청 도로과,독산2동-3011,방범등,서울특별시 금천구 독산2동 1038-16,2025-06-17,37.4661498,126.9026702
서울특별시 금천구청 도로과,독산2동-30111,방범등,서울특별시 금천구 독산2동 378-463,2025-06-17,37.4636540,126.9044020
서울특별시 금천구청 도로과,독산2동-30112,방범등,서울특별시 금천구 독산2동 378-459,2025-06-17,37.4638455,126.9042530
서울특별시 금천구청 도로과,독산2동-30113,방범등,서울특별시 금천구 독산2동 378-434,2025-06-17,37.4635593,126.9049483
서울특별시 금천구청 도로과,독산2동-30117,방범등,서울특별시 금천구 독산2동 378-434,2025-06-17,37.4635593,126.9049483
서울특별시 금천구청 도로과,독산2동-30118,방범등,서울특별시 금천구 독산2동 378-434,2025-06-17,37.4635593,126.9049483
서울특별시 금천구청 도로과,독산2동-30119,방범등,서울특별시 금천구 독산2동 378-278,2025-06-17,37.4645203,126.9038907
서울특별시 금천구청 도로과,독산2동-30128,방범등,서울특별시 금천구 독산2동 1041-45,2025-06-17,37.4652633,126.9027084
서울특별시 금천구청 도로과,독산2동-30129,방범등,서울특별시 금천구 독산2동 1041-28,2025-06-17,37.4650843,126.9029024
서울특별시 금천구청 도로과,독산2동-3013,방범등,서울특별시 금천구 독산2동 1038-19,2025-06-17,37.4661932,126.9023745
서울특별시 금천구청 도로과,독산2동-30130,방범등,서울특별시 금천구 독산2동 1038-8,2025-06-17,37.4665344,126.9029400
서울특별시 금천구청 도로과,독산2동-30132,방범등,서울특별시 금천구 독산2동 378-300,2025-06-17,37.4642318,126.9040245
서울특별시 금천구청 도로과,독산2동-30133,방범등,서울특별시 금천구 독산2동 1040-46,2025-06-17,37.4658555,126.9036390
서울특별시 금천구청 도로과,독산2동-30134,방범등,서울특별시 금천구 독산2동 378-473,2025-06-17,37.4631022,126.9047856
서울특별시 금천구청 도로과,독산2동-30135,방범등,서울특별시 금천구 독산2동 1040-73,2025-06-17,37.4657971,126.9042113
서울특별시 금천구청 도로과,독산2동-30136,방범등,서울특별시 금천구 독산2동 1040-15,2025-06-17,37.4664105,126.9039464
서울특별시 금천구청 도로과,독산2동-30137,방범등,서울특별시 금천구 독산2동 378-282,2025-06-17,37.4642706,126.9037068
서울특별시 금천구청 도로과,독산2동-30138,방범등,서울특별시 금천구 독산2동 378-148,2025-06-17,37.4656768,126.9056968
서울특별시 금천구청 도로과,독산2동-30139,방범등,서울특별시 금천구 독산2동 378-312,2025-06-17,37.4637353,126.9051445
서울특별시 금천구청 도로과,독산2동-3014,방범등,서울특별시 금천구 독산2동 1038-23,2025-06-17,37.4660203,126.9025785
서울특별시 금천구청 도로과,독산2동-30140,방범등,서울특별시 금천구 독산2동 1038-9,2025-06-17,37.4665569,126.9032397
서울특별시 금천구청 도로과,독산2동-30141,방범등,서울특별시 금천구 독산2동 378-168,2025-06-17,37.4652697,126.9058752
서울특별시 금천구청 도로과,독산2동-30142,방범등,서울특별시 금천구 독산2동 391-91,2025-06-17,37.4646842,126.9030072
서울특별시 금천구청 도로과,독산2동-30144,방범등,서울특별시 금천구 독산2동 378-252,2025-06-17,37.4650478,126.9038526
서울특별시 금천구청 도로과,독산2동-30145,방범등,서울특별시 금천구 독산2동 1041-34,2025-06-17,37.4652104,126.9034012
서울특별시 금천구청 도로과,독산2동-30146,방범등,서울특별시 금천구 독산2동 378-263,2025-06-17,37.4645190,126.9033063
서울특별시 금천구청 도로과,독산2동-3015,방범등,서울특별시 금천구 독산2동 1038-28,2025-06-17,37.4657647,126.9023499
서울특별시 금천구청 도로과,독산2동-3016,방범등,서울특별시 금천구 독산2동 1041-8,2025-06-17,37.4657372,126.9028484
서울특별시 금천구청 도로과,독산2동-3017,방범등,서울특별시 금천구 독산2동 1041-11,2025-06-17,37.4657119,126.9030590
서울특별시 금천구청 도로과,독산2동-3018,방범등,서울특별시 금천구 독산2동 1041-20,2025-06-17,37.4654468,126.9031426
서울특별시 금천구청 도로과,독산2동-3019,방범등,서울특별시 금천구 독산2동 1041-19,2025-06-17,37.4655179,126.9032518
서울특별시 금천구청 도로과,독산2동-302,방범등,서울특별시 금천구 독산2동 1038-2,2025-06-17,37.4664084,126.9024019
서울특별시 금천구청 도로과,독산2동-3020,방범등,서울특별시 금천구 독산2동 1041-32,2025-06-17,37.4653827,126.9033042
서울특별시 금천구청 도로과,독산2동-3021,방범등,"서울특별시 금천구 독산2동 1040-66,84",2025-06-17,37.4656788,126.9037763
서울특별시 금천구청 도로과,독산2동-3022,방범등,서울특별시 금천구 독산2동 1040-46건너,2025-06-17,37.4658555,126.9036390
서울특별시 금천구청 도로과,독산2동-3023,방범등,서울특별시 금천구 독산2동 1040-32,2025-06-17,37.4660103,126.9033646
서울특별시 금천구청 도로과,독산2동-3024,방범등,서울특별시 금천구 독산2동 1040-22,2025-06-17,37.4661472,126.9034109
서울특별시 금천구청 도로과,독산2동-3025,방범등,서울특별시 금천구 독산2동 1040-17,2025-06-17,37.4663099,126.9037401
서울특별시 금천구청 도로과,독산2동-3026,방범등,"서울특별시 금천구 독산2동 1040-35,36",2025-06-17,37.4661673,126.9037025
서울특별시 금천구청 도로과,독산2동-3027,방범등,서울특별시 금천구 독산2동 1040-27,2025-06-17,37.4660984,126.9029346
서울특별시 금천구청 도로과,독산2동-3028,방범등,서울특별시 금천구 독산2동 1040-50,2025-06-17,37.4660234,126.9040334
서울특별시 금천구청 도로과,독산2동-3029,방범등,서울특별시 금천구 독산2동 1040-54,2025-06-17,37.4658535,126.9040176
서울특별시 금천구청 도로과,독산2동-303,방범등,서울특별시 금천구 독산2동 1038-6,2025-06-17,37.4665458,126.9028006
서울특별시 금천구청 도로과,독산2동-3030,방범등,서울특별시 금천구 독산2동 1040-67,2025-06-17,37.4657379,126.9038911
서울특별시 금천구청 도로과,독산2동-3031,방범등,서울특별시 금천구 독산2동 1040-71,2025-06-17,37.4658610,126.9043401
서울특별시 금천구청 도로과,독산2동-3032,방범등,서울특별시 금천구 독산2동 381-21,2025-06-17,37.4657280,126.9046905
서울특별시 금천구청 도로과,독산2동-3033,방범등,서울특별시 금천구 독산2동 381-31,2025-06-17,37.4654716,126.9042885
서울특별시 금천구청 도로과,독산2동-3034,방범등,서울특별시 금천구 독산2동 381-3,2025-06-17,37.4653044,126.9040261
서울특별시 금천구청 도로과,독산2동-3035,방범등,서울특별시 금천구 독산2동 378-233,2025-06-17,37.4651637,126.9038052
서울특별시 금천구청 도로과,독산2동-3036,방범등,서울특별시 금천구 독산2동 378-236,2025-06-17,37.4650365,126.9036030
서울특별시 금천구청 도로과,독산2동-3037,방범등,서울특별시 금천구 독산2동 378-241,2025-06-17,37.4647859,126.9032027
서울특별시 금천구청 도로과,독산2동-3038,방범등,서울특별시 금천구 독산2동 378-243,2025-06-17,37.4645447,126.9030263
서울특별시 금천구청 도로과,독산2동-3039,방범등,서울특별시 금천구 독산2동 378-263,2025-06-17,37.4645190,126.9033063
서울특별시 금천구청 도로과,독산2동-304,방범등,서울특별시 금천구 독산2동 1038-8,2025-06-17,37.4665344,126.9029400
서울특별시 금천구청 도로과,독산2동-3040,방범등,서울특별시 금천구 독산2동 378-246,2025-06-17,37.4647451,126.9033687
서울특별시 금천구청 도로과,독산2동-3041,방범등,서울특별시 금천구 독산2동 378-258,2025-06-17,37.4647729,126.9037285
서울특별시 금천구청 도로과,독산2동-3042,방범등,서울특별시 금천구 독산2동 378-256,2025-06-17,37.4648747,126.9038922
서울특별시 금천구청 도로과,독산2동-3043,방범등,서울특별시 금천구 독산2동 378-413,2025-06-17,37.4649755,126.9040537
서울특별시 금천구청 도로과,독산2동-3044,방범등,서울특별시 금천구 독산2동 381-35,2025-06-17,37.4653002,126.9042549
서울특별시 금천구청 도로과,독산2동-3045,방범등,서울특별시 금천구 독산2동 381-37,2025-06-17,37.4652758,126.9045279
서울특별시 금천구청 도로과,독산2동-3046,방범등,서울특별시 금천구 독산2동 380-16,2025-06-17,37.4655062,126.9048892
서울특별시 금천구청 도로과,독산2동-3047,방범등,서울특별시 금천구 독산2동 380-9,2025-06-17,37.4652657,126.9050527
서울특별시 금천구청 도로과,독산2동-3048,방범등,서울특별시 금천구 독산2동 381-9(-12건너),2025-06-17,37.4652802,126.9047690
서울특별시 금천구청 도로과,독산2동-3049,방범등,서울특별시 금천구 독산2동 381-43,2025-06-17,37.4650764,126.9044489
서울특별시 금천구청 도로과,독산2동-305,방범등,서울특별시 금천구 독산2동 1038-9,2025-06-17,37.4665569,126.9032397
서울특별시 금천구청 도로과,독산2동-3050,방범등,서울특별시 금천구 독산2동 378-273,2025-06-17,37.4647607,126.9042644
서울특별시 금천구청 도로과,독산2동-3051,방범등,서울특별시 금천구 독산2동 378-270,2025-06-17,37.4647813,126.9039822
서울특별시 금천구청 도로과,독산2동-3052,방범등,서울특별시 금천구 독산2동 378-276,2025-06-17,37.4646104,126.9040230
서울특별시 금천구청 도로과,독산2동-3053,방범등,서울특별시 금천구 독산2동 378-266,2025-06-17,37.4645802,126.9036570
서울특별시 금천구청 도로과,독산2동-3054,방범등,서울특별시 금천구 독산2동 378-280,2025-06-17,37.4644182,126.9037289
서울특별시 금천구청 도로과,독산2동-3055,방범등,서울특별시 금천구 독산2동 378-511,2025-06-17,37.4638066,126.9048392
서울특별시 금천구청 도로과,독산2동-3056,방범등,서울특별시 금천구 독산2동 378-403,2025-06-17,37.4639924,126.9036166
서울특별시 금천구청 도로과,독산2동-3057,방범등,서울특별시 금천구 독산2동 378-283,2025-06-17,37.4643223,126.9037921
서울특별시 금천구청 도로과,독산2동-3058,방범등,서울특별시 금천구 독산2동 378-300,2025-06-17,37.4642318,126.9040245
서울특별시 금천구청 도로과,독산2동-3059,방범등,서울특별시 금천구 독산2동 378-288,2025-06-17,37.4645717,126.9041950
서울특별시 금천구청 도로과,독산2동-306,방범등,서울특별시 금천구 독산2동 1038-9 푸른골공원 전주,2025-06-17,37.4665569,126.9032397
서울특별시 금천구청 도로과,독산2동-3060,방범등,서울특별시 금천구 독산2동 378-291,2025-06-17,37.4643987,126.9043931
서울특별시 금천구청 도로과,독산2동-3065,방범등,서울특별시 금천구 독산2동 378-216,2025-06-17,37.4647989,126.9048986
서울특별시 금천구청 도로과,독산2동-3066,방범등,서울특별시 금천구 독산2동 378-215,2025-06-17,37.4648761,126.9050214
서울특별시 금천구청 도로과,독산2동-3067,방범등,서울특별시 금천구 독산2동 379-3,2025-06-17,37.4650851,126.9053545
서울특별시 금천구청 도로과,독산2동-3068,방범등,서울특별시 금천구 독산2동 379-1,2025-06-17,37.4648738,126.9055655
서울특별시 금천구청 도로과,독산2동-3069,방범등,서울특별시 금천구 독산2동 379-11,2025-06-17,37.4647691,126.9053953
서울특별시 금천구청 도로과,독산2동-3070,방범등,서울특별시 금천구 독산2동 378-204,2025-06-17,37.4647191,126.9053147
서울특별시 금천구청 도로과,독산2동-3071,방범등,서울특별시 금천구 독산2동 378-210,2025-06-17,37.4647329,126.9050296
서울특별시 금천구청 도로과,독산2동-3072,방범등,서울특별시 금천구 독산2동 378-518,2025-06-17,37.4646819,126.9049479
서울특별시 금천구청 도로과,독산2동-3073,방범등,서울특별시 금천구 독산2동 378-208,2025-06-17,37.4646160,126.9048364
서울특별시 금천구청 도로과,독산2동-3074,방범등,서울특별시 금천구 독산2동 378-295,2025-06-17,37.4643262,126.9050472
서울특별시 금천구청 도로과,독산2동-3075,방범등,"서울특별시 금천구 독산2동 378-295,296",2025-06-17,37.4643262,126.9050472
서울특별시 금천구청 도로과,독산2동-3076,방범등,서울특별시 금천구 독산2동 378-200,2025-06-17,37.4644558,126.9054150
서울특별시 금천구청 도로과,독산2동-3077,방범등,서울특별시 금천구 독산2동 378-197,2025-06-17,37.4646127,126.9056838
서울특별시 금천구청 도로과,독산2동-3078,방범등,서울특별시 금천구 독산2동 378-196,2025-06-17,37.4646405,126.9057267
서울특별시 금천구청 도로과,독산2동-3079,방범등,서울특별시 금천구 독산2동 378-195,2025-06-17,37.4645513,126.9058015
서울특별시 금천구청 도로과,독산2동-3080,방범등,서울특별시 금천구 독산2동 378-348,2025-06-17,37.4644450,126.9056129
서울특별시 금천구청 도로과,독산2동-3081,방범등,서울특별시 금천구 독산2동 378-342,2025-06-17,37.4641852,126.9058857
서울특별시 금천구청 도로과,독산2동-3082,방범등,서울특별시 금천구 독산2동 378-344,2025-06-17,37.4642726,126.9061302
서울특별시 금천구청 도로과,독산2동-3083,방범등,서울특별시 금천구 독산2동 378-327,2025-06-17,37.4639972,126.9064292
서울특별시 금천구청 도로과,독산2동-3084,방범등,서울특별시 금천구 독산2동 378-326,2025-06-17,37.4639394,126.9064388
서울특별시 금천구청 도로과,독산2동-3085,방범등,서울특별시 금천구 독산2동 378-325,2025-06-17,37.4637747,126.9063283
서울특별시 금천구청 도로과,독산2동-3086,방범등,서울특별시 금천구 독산2동 378-323,2025-06-17,37.4637955,126.9060729
서울특별시 금천구청 도로과,독산2동-3087,방범등,서울특별시 금천구 독산2동 378-516,2025-06-17,37.4636434,126.9059794
서울특별시 금천구청 도로과,독산2동-3088,방범등,서울특별시 금천구 독산2동 378-319,2025-06-17,37.4637948,126.9057165
서울특별시 금천구청 도로과,독산2동-3089,방범등,서울특별시 금천구 독산2동 378-317,2025-06-17,37.4637370,126.9054950
서울특별시 금천구청 도로과,독산2동-309,방범등,서울특별시 금천구 독산2동 1038-9,2025-06-17,37.4665569,126.9032397
서울특별시 금천구청 도로과,독산2동-3090,방범등,서울특별시 금천구 독산2동 378-335,2025-06-17,37.4640771,126.9053566
서울특별시 금천구청 도로과,독산2동-3091,방범등,서울특별시 금천구 독산2동 378-313,2025-06-17,37.4639186,126.9050965
서울특별시 금천구청 도로과,독산2동-3092,방범등,서울특별시 금천구 독산2동 378-309,2025-06-17,37.4639477,126.9048985
서울특별시 금천구청 도로과,독산2동-3093,방범등,서울특별시 금천구 독산2동 378-307,2025-06-17,37.4640309,126.9046223
서울특별시 금천구청 도로과,독산2동-3094,방범등,"서울특별시 금천구 독산2동 378-381,302",2025-06-17,37.4641309,126.9039869
서울특별시 금천구청 도로과,독산2동-3095,방범등,서울특별시 금천구 독산2동 378-445,2025-06-17,37.4639551,126.9040281
서울특별시 금천구청 도로과,독산2동-3096,방범등,서울특별시 금천구 독산2동 378-445,2025-06-17,37.4639551,126.9040281
서울특별시 금천구청 도로과,독산2동-3097,방범등,서울특별시 금천구 독산2동 378-443,2025-06-17,37.4638866,126.9038296
서울특별시 금천구청 도로과,독산2동-3098,방범등,서울특별시 금천구 독산2동 378-397,2025-06-17,37.4639430,126.9034768
서울특별시 금천구청 도로과,독산2동-401,방범등,서울특별시 금천구 독산2동 산202-1,2025-06-17,37.4664312,126.9087140
서울특별시 금천구청 도로과,독산2동-4010,방범등,서울특별시 금천구 독산2동 376-58,2025-06-17,37.4669816,126.9069902
서울특별시 금천구청 도로과,독산2동-40100,방범등,서울특별시 금천구 독산2동 378-74,2025-06-17,37.4659366,126.9067302
서울특별시 금천구청 도로과,독산2동-40101,방범등,서울특별시 금천구 독산2동 산 202-1,2025-06-17,37.4664312,126.9087140
서울특별시 금천구청 도로과,독산2동-40102,방범등,서울특별시 금천구 독산2동 378-48,2025-06-17,37.4649689,126.9069910
서울특별시 금천구청 도로과,독산2동-40103,방범등,서울특별시 금천구 독산2동 378-165,2025-06-17,37.4654637,126.9061754
서울특별시 금천구청 도로과,독산2동-40104,방범등,서울특별시 금천구 독산2동 376-42,2025-06-17,37.4672031,126.9067372
서울특별시 금천구청 도로과,독산2동-40106,방범등,서울특별시 금천구 독산2동 939-8,2025-06-17,,
서울특별시 금천구청 도로과,독산2동-40107,방범등,서울특별시 금천구 독산2동 378-4,2025-06-17,37.4656692,126.9063473
서울특별시 금천구청 도로과,독산2동-40108,방범등,서울특별시 금천구 독산2동 378-95,2025-06-17,37.4663028,126.9064793
서울특별시 금천구청 도로과,독산2동-40109,방범등,서울특별시 금천구 독산2동 378-378,2025-06-17,37.4658408,126.9061791
서울특별시 금천구청 도로과,독산2동-4011,방범등,서울특별시 금천구 독산2동 376-41,2025-06-17,37.4671847,126.9065791
서울특별시 금천구청 도로과,독산2동-40110,방범등,서울특별시 금천구 독산2동 377-41,2025-06-17,37.4664854,126.9060068
서울특별시 금천구청 도로과,독산2동-40111,방범등,서울특별시 금천구 독산2동 1040-87,2025-06-17,37.4654542,126.9036268
서울특별시 금천구청 도로과,독산2동-40112,방범등,서울특별시 금천구 독산2동 1040-82,2025-06-17,37.4656500,126.9041527
서울특별시 금천구청 도로과,독산2동-40113,방범등,서울특별시 금천구 독산2동 1038-18,2025-06-17,37.4662095,126.9025096
서울특별시 금천구청 도로과,독산2동-40114,방범등,서울특별시 금천구 독산2동 1039-14,2025-06-17,37.4661650,126.9044947
서울특별시 금천구청 도로과,독산2동-40115,방범등,서울특별시 금천구 독산2동 1040-18,2025-06-17,37.4662593,126.9036364
서울특별시 금천구청 도로과,독산2동-40116,방범등,서울특별시 금천구 독산2동 377-38,2025-06-17,37.4663575,126.9052342
서울특별시 금천구청 도로과,독산2동-40117,방범등,서울특별시 금천구 독산2동 378-24,2025-06-17,37.4668072,126.9068997
서울특별시 금천구청 도로과,독산2동-40118,방범등,서울특별시 금천구 독산2동 378-89,2025-06-17,37.4666040,126.9066692
서울특별시 금천구청 도로과,독산2동-40119,방범등,서울특별시 금천구 독산2동 378-97,2025-06-17,37.4664912,126.9062883
서울특별시 금천구청 도로과,독산2동-40120,방범등,서울특별시 금천구 독산2동 378-8,2025-06-17,37.4663480,126.9058991
서울특별시 금천구청 도로과,독산2동-40121,방범등,서울특별시 금천구 독산2동 378-123,2025-06-17,37.4659852,126.9053338
서울특별시 금천구청 도로과,독산2동-40122,방범등,서울특별시 금천구 독산2동 1054,2025-06-17,37.4645537,126.8980646
서울특별시 금천구청 도로과,독산2동-40123,방범등,서울특별시 금천구 독산2동 1045-13,2025-06-17,37.4626174,126.9028550
서울특별시 금천구청 도로과,독산2동-40123,방범등,서울특별시 금천구 독산2동 378-200,2025-06-17,37.4644558,126.9054150
서울특별시 금천구청 도로과,독산2동-40124,방범등,서울특별시 금천구 독산2동 1038-21,2025-06-17,37.4661558,126.9020670
서울특별시 금천구청 도로과,독산2동-40125,방범등,서울특별시 금천구 독산2동 1065-18,2025-06-17,37.4614055,126.8997207
서울특별시 금천구청 도로과,독산2동-40125/7,방범등,서울특별시 금천구 독산2동 378-220,2025-06-17,37.4647879,126.9045365
서울특별시 금천구청 도로과,독산2동-40126,방범등,서울특별시 금천구 독산2동 1040-58,2025-06-17,37.4657088,126.9034384
서울특별시 금천구청 도로과,독산2동-40126,방범등,서울특별시 금천구 독산2동 378-267,2025-06-17,37.4646295,126.9037374
서울특별시 금천구청 도로과,독산2동-40127,방범등,서울특별시 금천구 독산2동 378-104,2025-06-17,37.4662337,126.9048984
서울특별시 금천구청 도로과,독산2동-40127/31,방범등,서울특별시 금천구 독산2동 378-399,2025-06-17,37.4642822,126.9034897
서울특별시 금천구청 도로과,독산2동-40128,방범등,서울특별시 금천구 독산2동 1040-83,2025-06-17,37.4656017,126.9039856
서울특별시 금천구청 도로과,독산2동-40128/33,방범등,서울특별시 금천구 독산2동 378-474,2025-06-17,37.4630318,126.9046290
서울특별시 금천구청 도로과,독산2동-40129/34,방범등,서울특별시 금천구 독산2동 378-480,2025-06-17,37.4634570,126.9045375
서울특별시 금천구청 도로과,독산2동-4013,방범등,서울특별시 금천구 독산2동 376-5,2025-06-17,37.4673303,126.9066239
서울특별시 금천구청 도로과,독산2동-4013,방범등,서울특별시 금천구 독산2동 376-2,2025-06-17,37.4672630,126.9064219
서울특별시 금천구청 도로과,독산2동-40130/35,방범등,서울특별시 금천구 독산2동 381-4,2025-06-17,37.4655667,126.9046757
서울특별시 금천구청 도로과,독산2동-40131/36,방범등,서울특별시 금천구 독산2동 379-9,2025-06-17,37.4647269,126.9055639
서울특별시 금천구청 도로과,독산2동-40132,방범등,서울특별시 금천구 독산2동 1046,2025-06-17,37.4633454,126.9019787
서울특별시 금천구청 도로과,독산2동-40133,방범등,서울특별시 금천구 독산2동 1046-7,2025-06-17,37.4630534,126.9026357
서울특별시 금천구청 도로과,독산2동-40135,방범등,서울특별시 금천구 독산2동 1058-13,2025-06-17,37.4631745,126.8997472
서울특별시 금천구청 도로과,독산2동-4014,방범등,서울특별시 금천구 독산2동 376-46,2025-06-17,37.4673346,126.9068312
서울특별시 금천구청 도로과,독산2동-40140,방범등,서울특별시 금천구 독산2동 1031-30,2025-06-17,37.4647830,126.8983339
서울특별시 금천구청 도로과,독산2동-40141,방범등,서울특별시 금천구 독산2동 1053-24,2025-06-17,37.4636219,126.8984415
서울특별시 금천구청 도로과,독산2동-40142,방범등,서울특별시 금천구 독산2동 1052-1,2025-06-17,37.4645210,126.8991383
서울특별시 금천구청 도로과,독산2동-40143,방범등,서울특별시 금천구 독산2동 1034,2025-06-17,37.4652549,126.9000661
서울특별시 금천구청 도로과,독산2동-40144,방범등,서울특별시 금천구 독산2동 1049-24,2025-06-17,37.4636765,126.9010193
서울특별시 금천구청 도로과,독산2동-40145,방범등,서울특별시 금천구 독산2동 1070-24,2025-06-17,37.4615335,126.9012514
서울특별시 금천구청 도로과,독산2동-40146,방범등,서울특별시 금천구 독산2동 1075-66,2025-06-17,37.4601191,126.9016075
서울특별시 금천구청 도로과,독산2동-40147,방범등,서울특별시 금천구 독산2동 1066-3,2025-06-17,37.4597808,126.8996630
서울특별시 금천구청 도로과,독산2동-40148,방범등,서울특별시 금천구 독산2동 1075-42,2025-06-17,37.4602462,126.9008903
서울특별시 금천구청 도로과,독산2동-40149,방범등,서울특별시 금천구 독산2동 1061,2025-06-17,37.4630545,126.9004198
서울특별시 금천구청 도로과,독산2동-40151,방범등,서울특별시 금천구 독산2동 1061-16,2025-06-17,37.4625568,126.9002644
서울특별시 금천구청 도로과,독산2동-40152,방범등,서울특별시 금천구 독산2동 1077,2025-06-17,37.4593955,126.8991586
서울특별시 금천구청 도로과,독산2동-40153,방범등,서울특별시 금천구 독산2동 1045-1,2025-06-17,37.4626030,126.9023709
서울특별시 금천구청 도로과,독산2동-40154,방범등,서울특별시 금천구 독산2동 1037-9,2025-06-17,37.4659267,126.9013282
서울특별시 금천구청 도로과,독산2동-40155,방범등,서울특별시 금천구 독산2동 1048-13,2025-06-17,37.4643202,126.9017846
서울특별시 금천구청 도로과,독산2동-40156,방범등,서울특별시 금천구 독산2동 1051-11,2025-06-17,37.4642326,126.9000271
서울특별시 금천구청 도로과,독산2동-40157,방범등,서울특별시 금천구 독산2동 1043-22,2025-06-17,37.4637783,126.9029745
서울특별시 금천구청 도로과,독산2동-40158,방범등,서울특별시 금천구 독산2동 378-371,2025-06-17,37.4662134,126.9062335
서울특별시 금천구청 도로과,독산2동-40159,방범등,서울특별시 금천구 독산2동 1035-23,2025-06-17,37.4660126,126.9008109
서울특별시 금천구청 도로과,독산2동-4016,방범등,서울특별시 금천구 독산2동 376-19,2025-06-17,37.4669134,126.9062755
서울특별시 금천구청 도로과,독산2동-40160,방범등,서울특별시 금천구 독산2동 378-184,2025-06-17,37.4650252,126.9060364
서울특별시 금천구청 도로과,독산2동-40161,방범등,서울특별시 금천구 독산2동 378-181,2025-06-17,37.4651799,126.9062788
서울특별시 금천구청 도로과,독산2동-40162,방범등,서울특별시 금천구 독산2동 1061-30,2025-06-17,37.4622750,126.8999370
서울특별시 금천구청 도로과,독산2동-40163,방범등,서울특별시 금천구 독산2동 1074-19,2025-06-17,37.4602954,126.9019878
서울특별시 금천구청 도로과,독산2동-40164,방범등,서울특별시 금천구 독산2동 1033-37,2025-06-17,37.4658320,126.8994971
서울특별시 금천구청 도로과,독산2동-40165,방범등,서울특별시 금천구 독산2동 1071,2025-06-17,37.4622589,126.9009926
서울특별시 금천구청 도로과,독산2동-40166,방범등,서울특별시 금천구 독산2동 378-320,2025-06-17,37.4637692,126.9059267
서울특별시 금천구청 도로과,독산2동-40167,방범등,서울특별시 금천구 독산2동 378-324,2025-06-17,37.4638735,126.9062496
서울특별시 금천구청 도로과,독산2동-40168,방범등,서울특별시 금천구 독산2동 378-74,2025-06-17,37.4659366,126.9067302
서울특별시 금천구청 도로과,독산2동-40169,방범등,서울특별시 금천구 독산2동 1045-15,2025-06-17,37.4624193,126.9027968
서울특별시 금천구청 도로과,독산2동-4017,방범등,서울특별시 금천구 독산2동 378-21,2025-06-17,37.4668505,126.9064271
서울특별시 금천구청 도로과,독산2동-40170,방범등,서울특별시 금천구 독산2동 1048,2025-06-17,37.4647527,126.9013441
서울특별시 금천구청 도로과,독산2동-4018,방범등,서울특별시 금천구 독산2동 377-1,2025-06-17,37.4671223,126.9058963
서울특별시 금천구청 도로과,독산2동-4019,방범등,서울특별시 금천구 독산2동 377-18,2025-06-17,37.4669619,126.9058251
서울특별시 금천구청 도로과,독산2동-402,방범등,서울특별시 금천구 독산2동 376-30,2025-06-17,37.4667126,126.9078254
서울특별시 금천구청 도로과,독산2동-4020,방범등,서울특별시 금천구 독산2동 377-25,2025-06-17,37.4666653,126.9058057
서울특별시 금천구청 도로과,독산2동-4021,방범등,서울특별시 금천구 독산2동 377-24,2025-06-17,37.4667421,126.9057417
서울특별시 금천구청 도로과,독산2동-4022,방범등,서울특별시 금천구 독산2동 377-11,2025-06-17,37.4669335,126.9055329
서울특별시 금천구청 도로과,독산2동-4023,방범등,서울특별시 금천구 독산2동 377-12,2025-06-17,37.4669153,126.9053997
서울특별시 금천구청 도로과,독산2동-4024,방범등,서울특별시 금천구 독산2동 377-57,2025-06-17,37.4668136,126.9050834
서울특별시 금천구청 도로과,독산2동-4025,방범등,서울특별시 금천구 독산2동 377-14,2025-06-17,37.4666828,126.9054149
서울특별시 금천구청 도로과,독산2동-4027,방범등,서울특별시 금천구 독산2동 377-55,2025-06-17,37.4664281,126.9049590
서울특별시 금천구청 도로과,독산2동-4028,방범등,서울특별시 금천구 독산2동 377-56,2025-06-17,37.4665769,126.9049739
서울특별시 금천구청 도로과,독산2동-4029,방범등,서울특별시 금천구 독산2동 377-44,2025-06-17,37.4665389,126.9048579
서울특별시 금천구청 도로과,독산2동-403,방범등,서울특별시 금천구 독산2동 376-62,2025-06-17,37.4668919,126.9074676
서울특별시 금천구청 도로과,독산2동-4030,방범등,서울특별시 금천구 독산2동 1039-7,2025-06-17,37.4667924,126.9045302
서울특별시 금천구청 도로과,독산2동-4032,방범등,서울특별시 금천구 독산2동 1039-10,2025-06-17,37.4665996,126.9043890
서울특별시 금천구청 도로과,독산2동-4033,방범등,서울특별시 금천구 독산2동 1039-4,2025-06-17,37.4667029,126.9042603
서울특별시 금천구청 도로과,독산2동-4036,방범등,서울특별시 금천구 독산2동 1039-13,2025-06-17,37.4664813,126.9044521
서울특별시 금천구청 도로과,독산2동-4037,방범등,서울특별시 금천구 독산2동 1039-18,2025-06-17,37.4660790,126.9046386
서울특별시 금천구청 도로과,독산2동-4038,방범등,서울특별시 금천구 독산2동 1039-20,2025-06-17,37.4659055,126.9045542
서울특별시 금천구청 도로과,독산2동-4039,방범등,서울특별시 금천구 독산2동 378-113,2025-06-17,37.4660271,126.9051640
서울특별시 금천구청 도로과,독산2동-404,방범등,서울특별시 금천구 독산2동 376-53,2025-06-17,37.4671523,126.9076508
서울특별시 금천구청 도로과,독산2동-4040,방범등,서울특별시 금천구 독산2동 378-14,2025-06-17,37.4663361,126.9056461
서울특별시 금천구청 도로과,독산2동-4042,방범등,서울특별시 금천구 독산2동 378-387,2025-06-17,37.4664248,126.9060655
서울특별시 금천구청 도로과,독산2동-4043,방범등,서울특별시 금천구 독산2동 378-359,2025-06-17,37.4666641,126.9062568
서울특별시 금천구청 도로과,독산2동-4044,방범등,서울특별시 금천구 독산2동 378-90,2025-06-17,37.4666748,126.9065857
서울특별시 금천구청 도로과,독산2동-4045,방범등,서울특별시 금천구 독산2동 378-96,2025-06-17,37.4663980,126.9063842
서울특별시 금천구청 도로과,독산2동-4046,방범등,서울특별시 금천구 독산2동 378-366,2025-06-17,37.4661430,126.9058888
서울특별시 금천구청 도로과,독산2동-4047,방범등,서울특별시 금천구 독산2동 378-349,2025-06-17,37.4660061,126.9056753
서울특별시 금천구청 도로과,독산2동-4048,방범등,서울특별시 금천구 독산2동 378-350,2025-06-17,37.4659547,126.9055945
서울특별시 금천구청 도로과,독산2동-4049,방범등,서울특별시 금천구 독산2동 378-126,2025-06-17,37.4658310,126.9050925
서울특별시 금천구청 도로과,독산2동-405,방범등,서울특별시 금천구 독산2동 376-50,2025-06-17,37.4672236,126.9073580
서울특별시 금천구청 도로과,독산2동-4050,방범등,서울특별시 금천구 독산2동 378-146,2025-06-17,37.4655562,126.9055103
서울특별시 금천구청 도로과,독산2동-4051,방범등,서울특별시 금천구 독산2동 378-148,2025-06-17,37.4656768,126.9056968
서울특별시 금천구청 도로과,독산2동-4052,방범등,서울특별시 금천구 독산2동 378-351,2025-06-17,37.4658635,126.9056865
서울특별시 금천구청 도로과,독산2동-4053,방범등,서울특별시 금천구 독산2동 378-375,2025-06-17,37.4659314,126.9060914
서울특별시 금천구청 도로과,독산2동-4055,방범등,서울특별시 금천구 독산2동 378-4,2025-06-17,37.4656692,126.9063473
서울특별시 금천구청 도로과,독산2동-4056,방범등,서울특별시 금천구 독산2동 378-4,2025-06-17,37.4656692,126.9063473
서울특별시 금천구청 도로과,독산2동-4057,방범등,서울특별시 금천구 독산2동 378-163,2025-06-17,37.4655576,126.9060834
서울특별시 금천구청 도로과,독산2동-406,방범등,서울특별시 금천구 독산2동 376-34,2025-06-17,37.4670795,126.9071313
서울특별시 금천구청 도로과,독산2동-4060,방범등,서울특별시 금천구 독산2동 378-4 (정훈공원),2025-06-17,37.4656692,126.9063473
서울특별시 금천구청 도로과,독산2동-4061,방범등,서울특별시 금천구 독산2동 378-160,2025-06-17,37.4653756,126.9058032
서울특별시 금천구청 도로과,독산2동-4062,방범등,서울특별시 금천구 독산2동 378-158,2025-06-17,37.4652874,126.9056671
서울특별시 금천구청 도로과,독산2동-4063,방범등,서울특별시 금천구 독산2동 378-167,2025-06-17,37.4653473,126.9059958
서울특별시 금천구청 도로과,독산2동-4064,방범등,서울특별시 금천구 독산2동 378-170,2025-06-17,37.4651933,126.9057589
서울특별시 금천구청 도로과,독산2동-4065,방범등,서울특별시 금천구 독산2동 378-190,2025-06-17,37.4648500,126.9060663
서울특별시 금천구청 도로과,독산2동-4066,방범등,서울특별시 금천구 독산2동 378-192,2025-06-17,37.4649275,126.9061880
서울특별시 금천구청 도로과,독산2동-4067,방범등,서울특별시 금천구 독산2동 378-346,2025-06-17,37.4647714,126.9062182
서울특별시 금천구청 도로과,독산2동-4068,방범등,서울특별시 금천구 독산2동 378-412,2025-06-17,37.4649366,126.9065330
서울특별시 금천구청 도로과,독산2동-4069,방범등,서울특별시 금천구 독산2동 378-66,2025-06-17,37.4650610,126.9065635
서울특별시 금천구청 도로과,독산2동-407,방범등,서울특별시 금천구 독산2동 376-58,2025-06-17,37.4669816,126.9069902
서울특별시 금천구청 도로과,독산2동-4070,방범등,서울특별시 금천구 독산2동 378-65,2025-06-17,37.4650477,126.9067635
서울특별시 금천구청 도로과,독산2동-4071,방범등,서울특별시 금천구 독산2동 378-56,2025-06-17,37.4642894,126.9068044
서울특별시 금천구청 도로과,독산2동-4072,방범등,서울특별시 금천구 독산2동 378-54,2025-06-17,37.4644104,126.9069717
서울특별시 금천구청 도로과,독산2동-4073,방범등,서울특별시 금천구 독산2동 378-52,2025-06-17,37.4645640,126.9068918
서울특별시 금천구청 도로과,독산2동-4074,방범등,서울특별시 금천구 독산2동 378-48,2025-06-17,37.4649689,126.9069910
서울특별시 금천구청 도로과,독산2동-4075,방범등,서울특별시 금천구 독산2동 378-42,2025-06-17,37.4655336,126.9071262
서울특별시 금천구청 도로과,독산2동-4076,방범등,서울특별시 금천구 독산2동 378-41,2025-06-17,37.4654731,126.9072538
서울특별시 금천구청 도로과,독산2동-4077,방범등,서울특별시 금천구 독산2동 378-37,2025-06-17,37.4658376,126.9072731
서울특별시 금천구청 도로과,독산2동-4079,방범등,서울특별시 금천구 독산2동 378-74,2025-06-17,37.4659366,126.9067302
서울특별시 금천구청 도로과,독산2동-408,방범등,서울특별시 금천구 독산2동 376-43,2025-06-17,37.4672122,126.9068461
서울특별시 금천구청 도로과,독산2동-4080,방범등,서울특별시 금천구 독산2동 378-84,2025-06-17,37.4664271,126.9068795
서울특별시 금천구청 도로과,독산2동-4081,방범등,서울특별시 금천구 독산2동 378-31,2025-06-17,37.4663907,126.9073250
서울특별시 금천구청 도로과,독산2동-4082,방범등,서울특별시 금천구 독산2동 1039-2,2025-06-17,37.4666035,126.9040481
서울특별시 금천구청 도로과,독산2동-4083,방범등,서울특별시 금천구 독산2동 1039,2025-06-17,37.4666964,126.9039754
서울특별시 금천구청 도로과,독산2동-4084,방범등,서울특별시 금천구 독산2동 378-86,2025-06-17,37.4665040,126.9071023
서울특별시 금천구청 도로과,독산2동-4085,방범등,서울특별시 금천구 독산2동 378-30,2025-06-17,37.4665520,126.9073613
서울특별시 금천구청 도로과,독산2동-4086,방범등,서울특별시 금천구 독산2동 376-31,2025-06-17,37.4667431,126.9077344
서울특별시 금천구청 도로과,독산2동-4087,방범등,서울특별시 금천구 독산2동 378-81,2025-06-17,37.4662848,126.9068459
서울특별시 금천구청 도로과,독산2동-4088,방범등,서울특별시 금천구 독산2동 378-4,2025-06-17,37.4656692,126.9063473
서울특별시 금천구청 도로과,독산2동-4089,방범등,서울특별시 금천구 독산2동 1039-2,2025-06-17,37.4666035,126.9040481
서울특별시 금천구청 도로과,독산2동-409,방범등,서울특별시 금천구 독산2동 376-36,2025-06-17,37.4670233,126.9067078
서울특별시 금천구청 도로과,독산2동-4090,방범등,서울특별시 금천구 독산2동 376-30,2025-06-17,37.4667126,126.9078254
서울특별시 금천구청 도로과,독산2동-4091,방범등,서울특별시 금천구 독산2동 376-5,2025-06-17,37.4673303,126.9066239
서울특별시 금천구청 도로과,독산2동-4092,방범등,서울특별시 금천구 독산2동 378-512,2025-06-17,37.4652775,126.9070626
서울특별시 금천구청 도로과,독산2동-4094,방범등,서울특별시 금천구 독산2동 378-133,2025-06-17,37.4657635,126.9052971
서울특별시 금천구청 도로과,독산2동-4096,방범등,서울특별시 금천구 독산2동 378-382,2025-06-17,37.4666463,126.9061029
서울특별시 금천구청 도로과,독산2동-4097,방범등,서울특별시 금천구 독산2동 378-4 (정훈공원),2025-06-17,37.4656692,126.9063473
서울특별시 금천구청 도로과,독산2동-4098,방범등,서울특별시 금천구 독산2동 378-44,2025-06-17,37.4652946,126.9072087
서울특별시 금천구청 도로과,독산2동-4099,방범등,서울특별시 금천구 독산2동 376-58,2025-06-17,37.4669816,126.9069902
서울특별시 금천구청 도로과,독산3동-,방범등,서울특별시 금천구 독산3동 ,2025-06-17,37.47512,126.903252
서울특별시 금천구청 도로과,독산3동-101,방범등,서울특별시 금천구 독산3동 888-20,2025-06-17,37.4764899,126.9045285
서울특별시 금천구청 도로과,독산3동-1010,방범등,서울특별시 금천구 독산3동 960-9,2025-06-17,37.4781679,126.9040034
서울특별시 금천구청 도로과,독산3동-10100,방범등,서울특별시 금천구 독산3동 884-30,2025-06-17,37.4772937,126.9056941
서울특별시 금천구청 도로과,독산3동-10103,방범등,서울특별시 금천구 독산3동 884-9,2025-06-17,37.4776437,126.9055193
서울특별시 금천구청 도로과,독산3동-10104,방범등,서울특별시 금천구 독산3동 889-16,2025-06-17,37.4771482,126.9074345
서울특별시 금천구청 도로과,독산3동-10105,방범등,서울특별시 금천구 독산3동 889-15,2025-06-17,37.4770397,126.9072531
서울특별시 금천구청 도로과,독산3동-10106,방범등,서울특별시 금천구 독산3동 888-3,2025-06-17,37.4768867,126.9052391
서울특별시 금천구청 도로과,독산3동-10107,방범등,서울특별시 금천구 독산3동 882-6,2025-06-17,37.4778876,126.9062791
서울특별시 금천구청 도로과,독산3동-10108,방범등,서울특별시 금천구 독산3동 882-3,2025-06-17,37.4778437,126.9059328
서울특별시 금천구청 도로과,독산3동-10109,방범등,서울특별시 금천구 독산3동 950-5,2025-06-17,37.4794358,126.9044760
서울특별시 금천구청 도로과,독산3동-10110,방범등,서울특별시 금천구 독산3동 961-13,2025-06-17,37.4767826,126.9041113
서울특별시 금천구청 도로과,독산3동-10111,방범등,서울특별시 금천구 독산3동 883-8,2025-06-17,37.4775330,126.9068726
서울특별시 금천구청 도로과,독산3동-10112,방범등,서울특별시 금천구 독산3동 876-6 ,2025-06-17,37.4796938,126.9052886
서울특별시 금천구청 도로과,독산3동-10113,방범등,서울특별시 금천구 독산3동 882-8,2025-06-17,37.4779175,126.9065148
서울특별시 금천구청 도로과,독산3동-10114,방범등,서울특별시 금천구 독산3동 876-5 ,2025-06-17,37.4797163,126.9054123
서울특별시 금천구청 도로과,독산3동-10115,방범등,서울특별시 금천구 독산3동 881-26,2025-06-17,37.4785432,126.9062856
서울특별시 금천구청 도로과,독산3동-10116,방범등,서울특별시 금천구 독산3동 885-9,2025-06-17,37.4771876,126.9048721
서울특별시 금천구청 도로과,독산3동-10117,방범등,서울특별시 금천구 독산3동 884-11,2025-06-17,37.4776581,126.9052958
서울특별시 금천구청 도로과,독산3동-1012,방범등,서울특별시 금천구 독산3동 878-9,2025-06-17,37.4783242,126.9046347
서울특별시 금천구청 도로과,독산3동-1013,방범등,서울특별시 금천구 독산3동 878-7,2025-06-17,37.4785425,126.9046588
서울특별시 금천구청 도로과,독산3동-1014,방범등,서울특별시 금천구 독산3동 877-5,2025-06-17,37.4787285,126.9042315
서울특별시 금천구청 도로과,독산3동-1015,방범등,서울특별시 금천구 독산3동 878-3,2025-06-17,37.4789694,126.9047024
서울특별시 금천구청 도로과,독산3동-1016,방범등,서울특별시 금천구 독산3동 878-1,2025-06-17,37.4792212,126.9047333
서울특별시 금천구청 도로과,독산3동-1017,방범등,서울특별시 금천구 독산3동 950-5,2025-06-17,37.4794358,126.9044760
서울특별시 금천구청 도로과,독산3동-1018,방범등,서울특별시 금천구 독산3동 878-24,2025-06-17,37.4792772,126.9048849
서울특별시 금천구청 도로과,독산3동-1019,방범등,서울특별시 금천구 독산3동 876-9,2025-06-17,37.4796252,126.9049203
서울특별시 금천구청 도로과,독산3동-102,방범등,서울특별시 금천구 독산3동 951-17,2025-06-17,37.4791549,126.9031152
서울특별시 금천구청 도로과,독산3동-1020,방범등,서울특별시 금천구 독산3동 876-7,2025-06-17,37.4796716,126.9051669
서울특별시 금천구청 도로과,독산3동-1021,방범등,서울특별시 금천구 독산3동 876-14,2025-06-17,37.4795415,126.9052891
서울특별시 금천구청 도로과,독산3동-1022,방범등,서울특별시 금천구 독산3동 876-13,2025-06-17,37.4795111,126.9051265
서울특별시 금천구청 도로과,독산3동-1023,방범등,서울특별시 금천구 독산3동 878-25,2025-06-17,37.4793268,126.9050535
서울특별시 금천구청 도로과,독산3동-1024,방범등,서울특별시 금천구 독산3동 878-25,2025-06-17,37.4793268,126.9050535
서울특별시 금천구청 도로과,독산3동-1025,방범등,서울특별시 금천구 독산3동 878-27,2025-06-17,37.4791552,126.9050389
서울특별시 금천구청 도로과,독산3동-1026,방범등,서울특별시 금천구 독산3동 878-29,2025-06-17,37.4790378,126.9050259
서울특별시 금천구청 도로과,독산3동-1027,방범등,서울특별시 금천구 독산3동 878-30,2025-06-17,37.4789477,126.9050150
서울특별시 금천구청 도로과,독산3동-1028,방범등,서울특별시 금천구 독산3동 878-20,2025-06-17,37.4788460,126.9048446
서울특별시 금천구청 도로과,독산3동-1029,방범등,서울특별시 금천구 독산3동 878-33,2025-06-17,37.4787373,126.9049949
서울특별시 금천구청 도로과,독산3동-103,방범등,서울특별시 금천구 독산3동 1134-00 (목화APT),2025-06-17,37.4769227,126.9042748
서울특별시 금천구청 도로과,독산3동-1030,방범등,서울특별시 금천구 독산3동 878-19,2025-06-17,37.4787430,126.9048334
서울특별시 금천구청 도로과,독산3동-1031,방범등,서울특별시 금천구 독산3동 878-38,2025-06-17,37.4784008,126.9049604
서울특별시 금천구청 도로과,독산3동-1032,방범등,서울특별시 금천구 독산3동 880-14,2025-06-17,37.4784567,126.9053593
서울특별시 금천구청 도로과,독산3동-1033,방범등,서울특별시 금천구 독산3동 878-40,2025-06-17,37.4781642,126.9049450
서울특별시 금천구청 도로과,독산3동-1034,방범등,서울특별시 금천구 독산3동 878-5,2025-06-17,37.4787570,126.9046803
서울특별시 금천구청 도로과,독산3동-1035,방범등,서울특별시 금천구 독산3동 884-15,2025-06-17,37.4774768,126.9051149
서울특별시 금천구청 도로과,독산3동-1036,방범등,서울특별시 금천구 독산3동 884-16,2025-06-17,37.4773591,126.9051075
서울특별시 금천구청 도로과,독산3동-1037,방범등,서울특별시 금천구 독산3동 885-12,2025-06-17,37.4774230,126.9047168
서울특별시 금천구청 도로과,독산3동-1039,방범등,서울특별시 금천구 독산3동 885-5,2025-06-17,37.4770952,126.9045534
서울특별시 금천구청 도로과,독산3동-104,방범등,서울특별시 금천구 독산3동 885-4,2025-06-17,37.4773201,126.9045440
서울특별시 금천구청 도로과,독산3동-1040,방범등,서울특별시 금천구 독산3동 885-6,2025-06-17,37.4770324,126.9047321
서울특별시 금천구청 도로과,독산3동-1041,방범등,서울특별시 금천구 독산3동 884-18,2025-06-17,37.4771338,126.9050870
서울특별시 금천구청 도로과,독산3동-1042,방범등,서울특별시 금천구 독산3동 884-41,2025-06-17,37.4770977,126.9055382
서울특별시 금천구청 도로과,독산3동-1043,방범등,서울특별시 금천구 독산3동 884-21,2025-06-17,37.4772437,126.9052891
서울특별시 금천구청 도로과,독산3동-1044,방범등,서울특별시 금천구 독산3동 884-22,2025-06-17,37.4773533,126.9052783
서울특별시 금천구청 도로과,독산3동-1045,방범등,서울특별시 금천구 독산3동 884-23,2025-06-17,37.4774696,126.9052664
서울특별시 금천구청 도로과,독산3동-1046,방범등,서울특별시 금천구 독산3동 888-8,2025-06-17,37.4769619,126.9057826
서울특별시 금천구청 도로과,독산3동-1047,방범등,서울특별시 금천구 독산3동 888-10,2025-06-17,37.4767926,126.9057943
서울특별시 금천구청 도로과,독산3동-1048,방범등,서울특별시 금천구 독산3동 883-19,2025-06-17,37.4771601,126.9059693
서울특별시 금천구청 도로과,독산3동-1049,방범등,서울특별시 금천구 독산3동 884-40,2025-06-17,37.4771213,126.9057218
서울특별시 금천구청 도로과,독산3동-1050,방범등,서울특별시 금천구 독산3동 884-29,2025-06-17,37.4772045,126.9057101
서울특별시 금천구청 도로과,독산3동-1051,방범등,서울특별시 금천구 독산3동 884-8,2025-06-17,37.4775891,126.9056511
서울특별시 금천구청 도로과,독산3동-1052,방범등,서울특별시 금천구 독산3동 882-1,2025-06-17,37.4778768,126.9058123
서울특별시 금천구청 도로과,독산3동-1053,방범등,서울특별시 금천구 독산3동 885-23,2025-06-17,37.4778854,126.9048189
서울특별시 금천구청 도로과,독산3동-1054,방범등,서울특별시 금천구 독산3동 884-3,2025-06-17,37.4778384,126.9053187
서울특별시 금천구청 도로과,독산3동-1056,방범등,서울특별시 금천구 독산3동 880-28,2025-06-17,37.4780249,126.9056220
서울특별시 금천구청 도로과,독산3동-1057,방범등,서울특별시 금천구 독산3동 881-8,2025-06-17,37.4783355,126.9058651
서울특별시 금천구청 도로과,독산3동-1058,방범등,서울특별시 금천구 독산3동 880-9,2025-06-17,37.4786684,126.9055482
서울특별시 금천구청 도로과,독산3동-1059,방범등,서울특별시 금천구 독산3동 880-9,2025-06-17,37.4786684,126.9055482
서울특별시 금천구청 도로과,독산3동-106,방범등,서울특별시 금천구 독산3동 885-3 ,2025-06-17,37.4774341,126.9045550
서울특별시 금천구청 도로과,독산3동-1060,방범등,서울특별시 금천구 독산3동 879-11,2025-06-17,37.4791238,126.9055521
서울특별시 금천구청 도로과,독산3동-1061,방범등,서울특별시 금천구 독산3동 879-7,2025-06-17,37.4792431,126.9055852
서울특별시 금천구청 도로과,독산3동-1062,방범등,서울특별시 금천구 독산3동 879-7,2025-06-17,37.4792431,126.9055852
서울특별시 금천구청 도로과,독산3동-1063,방범등,서울특별시 금천구 독산3동 879-12,2025-06-17,37.4791510,126.9057046
서울특별시 금천구청 도로과,독산3동-1064,방범등,서울특별시 금천구 독산3동 879-14,2025-06-17,37.4791938,126.9059530
서울특별시 금천구청 도로과,독산3동-1065,방범등,서울특별시 금천구 독산3동 879-6,2025-06-17,37.4793010,126.9058277
서울특별시 금천구청 도로과,독산3동-1066,방범등,서울특별시 금천구 독산3동 876-4,2025-06-17,37.4797366,126.9055424
서울특별시 금천구청 도로과,독산3동-1067,방범등,서울특별시 금천구 독산3동 881-18,2025-06-17,37.4786526,126.9060821
서울특별시 금천구청 도로과,독산3동-1068,방범등,서울특별시 금천구 독산3동 881-15,2025-06-17,37.4783237,126.9060461
서울특별시 금천구청 도로과,독산3동-1069,방범등,서울특별시 금천구 독산3동 881-14,2025-06-17,37.4782391,126.9060386
서울특별시 금천구청 도로과,독산3동-107,방범등,서울특별시 금천구 독산3동 885-26 맞은편 (Y렌트카),2025-06-17,37.4777971,126.9046016
서울특별시 금천구청 도로과,독산3동-1070,방범등,서울특별시 금천구 독산3동 881-4,2025-06-17,37.4787848,126.9059118
서울특별시 금천구청 도로과,독산3동-1071,방범등,서울특별시 금천구 독산3동 881-41,2025-06-17,37.4781178,126.9063696
서울특별시 금천구청 도로과,독산3동-1072,방범등,서울특별시 금천구 독산3동 881-34,2025-06-17,37.4783593,126.9065032
서울특별시 금천구청 도로과,독산3동-1073,방범등,서울특별시 금천구 독산3동 881-34 (29앞),2025-06-17,37.4783593,126.9065032
서울특별시 금천구청 도로과,독산3동-1074,방범등,서울특별시 금천구 독산3동 882-27,2025-06-17,37.4776586,126.9062540
서울특별시 금천구청 도로과,독산3동-1075,방범등,서울특별시 금천구 독산3동 882-18,2025-06-17,37.4777596,126.9067033
서울특별시 금천구청 도로과,독산3동-1076,방범등,서울특별시 금천구 독산3동 883-20,2025-06-17,37.4775525,126.9070233
서울특별시 금천구청 도로과,독산3동-108,방범등,서울특별시 금천구 독산3동 885-26 (우성자원 앞),2025-06-17,37.4777971,126.9046016
서울특별시 금천구청 도로과,독산3동-1081,방범등,서울특별시 금천구 독산3동 889-16 맞은편,2025-06-17,37.4771482,126.9074345
서울특별시 금천구청 도로과,독산3동-1082,방범등,서울특별시 금천구 독산3동 889-16,2025-06-17,37.4771482,126.9074345
서울특별시 금천구청 도로과,독산3동-1083,방범등,서울특별시 금천구 독산3동 889-17,2025-06-17,37.4770112,126.9074638
서울특별시 금천구청 도로과,독산3동-1086,방범등,서울특별시 금천구 독산3동 883-10,2025-06-17,37.4773470,126.9070254
서울특별시 금천구청 도로과,독산3동-1087,방범등,서울특별시 금천구 독산3동 883-21(신태양연립),2025-06-17,37.4773179,126.9068003
서울특별시 금천구청 도로과,독산3동-1088,방범등,서울특별시 금천구 독산3동 883-22(신태양연립),2025-06-17,37.4772884,126.9065759
서울특별시 금천구청 도로과,독산3동-1089,방범등,서울특별시 금천구 독산3동 889-6,2025-06-17,37.4770427,126.9064091
서울특별시 금천구청 도로과,독산3동-109,방범등,서울특별시 금천구 독산3동 877-11,2025-06-17,37.4785549,126.9044057
서울특별시 금천구청 도로과,독산3동-1090,방범등,서울특별시 금천구 독산3동 889-31,2025-06-17,37.4767163,126.9062579
서울특별시 금천구청 도로과,독산3동-1091,방범등,서울특별시 금천구 독산3동 883-17,2025-06-17,37.4771786,126.9060962
서울특별시 금천구청 도로과,독산3동-1092,방범등,서울특별시 금천구 독산3동 883-3,2025-06-17,37.4774351,126.9065143
서울특별시 금천구청 도로과,독산3동-1095,방범등,서울특별시 금천구 독산3동 961-26,2025-06-17,37.4771191,126.9040537
서울특별시 금천구청 도로과,독산3동-1096,방범등,서울특별시 금천구 독산3동 961-5,2025-06-17,37.4778384,126.9040864
서울특별시 금천구청 도로과,독산3동-1097,방범등,서울특별시 금천구 독산3동 882-11,2025-06-17,37.4779709,126.9068948
서울특별시 금천구청 도로과,독산3동-1098,방범등,서울특별시 금천구 독산3동 882-20,2025-06-17,37.4777571,126.9064455
서울특별시 금천구청 도로과,독산3동-201,방범등,서울특별시 금천구 독산3동 899-17,2025-06-17,37.4796945,126.9058268
서울특별시 금천구청 도로과,독산3동-2010,방범등,서울특별시 금천구 독산3동 898-28,2025-06-17,37.4792985,126.9063806
서울특별시 금천구청 도로과,독산3동-20100,방범등,서울특별시 금천구 독산3동 900-12,2025-06-17,37.4800257,126.9079117
서울특별시 금천구청 도로과,독산3동-20101,방범등,서울특별시 금천구 독산3동 47-15 ,2025-06-17,37.4795569,126.9087062
서울특별시 금천구청 도로과,독산3동-20102,방범등,서울특별시 금천구 독산3동 896-34,2025-06-17,37.4778609,126.9082210
서울특별시 금천구청 도로과,독산3동-20103,방범등,서울특별시 금천구 독산3동 904-6,2025-06-17,37.4787212,126.9084412
서울특별시 금천구청 도로과,독산3동-20104,방범등,서울특별시 금천구 독산3동 897-2,2025-06-17,37.4785612,126.9072006
서울특별시 금천구청 도로과,독산3동-20105,방범등,서울특별시 금천구 독산3동 903-37,2025-06-17,37.4791413,126.9076586
서울특별시 금천구청 도로과,독산3동-20106,방범등,서울특별시 금천구 독산3동 903-39,2025-06-17,37.4792762,126.9077146
서울특별시 금천구청 도로과,독산3동-20107,방범등,서울특별시 금천구 독산3동 898-12,2025-06-17,37.4793512,126.9069286
서울특별시 금천구청 도로과,독산3동-20108,방범등,서울특별시 금천구 독산3동 894-22,2025-06-17,37.4769359,126.9077816
서울특별시 금천구청 도로과,독산3동-20109,방범등,서울특별시 금천구 독산3동 904-33,2025-06-17,37.4777490,126.9091613
서울특별시 금천구청 도로과,독산3동-2011,방범등,서울특별시 금천구 독산3동 898-21,2025-06-17,37.4793224,126.9061652
서울특별시 금천구청 도로과,독산3동-20110,방범등,서울특별시 금천구 독산3동 905-22,2025-06-17,37.4783343,126.9091468
서울특별시 금천구청 도로과,독산3동-20111,방범등,서울특별시 금천구 독산3동 905-4,2025-06-17,37.4787498,126.9086612
서울특별시 금천구청 도로과,독산3동-20112,방범등,서울특별시 금천구 독산3동 904-12,2025-06-17,37.4784964,126.9086019
서울특별시 금천구청 도로과,독산3동-20113,방범등,서울특별시 금천구 독산3동 902-22,2025-06-17,37.4793578,126.9083733
서울특별시 금천구청 도로과,독산3동-20114,방범등,서울특별시 금천구 독산3동 906-21,2025-06-17,37.4773073,126.9099219
서울특별시 금천구청 도로과,독산3동-20115,방범등,서울특별시 금천구 독산3동 898-7,2025-06-17,37.4795970,126.9068676
서울특별시 금천구청 도로과,독산3동-20116,방범등,서울특별시 금천구 독산3동 904-19,2025-06-17,37.4781999,126.9086857
서울특별시 금천구청 도로과,독산3동-20117,방범등,서울특별시 금천구 독산3동 906-16,2025-06-17,37.4773391,126.9101408
서울특별시 금천구청 도로과,독산3동-20118,방범등,서울특별시 금천구 독산3동 906-18,2025-06-17,37.4772399,126.9104338
서울특별시 금천구청 도로과,독산3동-20119,방범등,서울특별시 금천구 독산3동 894-16,2025-06-17,37.4770505,126.9088407
서울특별시 금천구청 도로과,독산3동-2012,방범등,서울특별시 금천구 독산3동 897-1 (후문),2025-06-17,37.4790014,126.9069194
서울특별시 금천구청 도로과,독산3동-20120,방범등,서울특별시 금천구 독산3동 906-28,2025-06-17,37.4771466,126.9092123
서울특별시 금천구청 도로과,독산3동-2013,방범등,서울특별시 금천구 독산3동 881-24 ,2025-06-17,37.4786634,126.9063793
서울특별시 금천구청 도로과,독산3동-2014,방범등,서울특별시 금천구 독산3동 881-28,2025-06-17,37.4784889,126.9065013
서울특별시 금천구청 도로과,독산3동-2015,방범등,서울특별시 금천구 독산3동 897-2 (모두의 학교),2025-06-17,37.4785612,126.9072006
서울특별시 금천구청 도로과,독산3동-2016,방범등,서울특별시 금천구 독산3동 881-44,2025-06-17,37.4781618,126.9067681
서울특별시 금천구청 도로과,독산3동-2017,방범등,서울특별시 금천구 독산3동 895-1,2025-06-17,37.4780865,126.9071215
서울특별시 금천구청 도로과,독산3동-2018,방범등,서울특별시 금천구 독산3동 895-4,2025-06-17,37.4781712,126.9072970
서울특별시 금천구청 도로과,독산3동-2019,방범등,서울특별시 금천구 독산3동 897-2 (모두의 학교 후문),2025-06-17,37.4785612,126.9072006
서울특별시 금천구청 도로과,독산3동-202,방범등,서울특별시 금천구 독산3동 899-16,2025-06-17,37.4797127,126.9059778
서울특별시 금천구청 도로과,독산3동-2020,방범등,서울특별시 금천구 독산3동 896-2,2025-06-17,37.4783423,126.9076703
서울특별시 금천구청 도로과,독산3동-2021,방범등,서울특별시 금천구 독산3동 896-40,2025-06-17,37.4783118,126.9079180
서울특별시 금천구청 도로과,독산3동-2022,방범등,서울특별시 금천구 독산3동 896-36,2025-06-17,37.4781168,126.9080222
서울특별시 금천구청 도로과,독산3동-2023,방범등,서울특별시 금천구 독산3동 897-2 (모두의 학교 옆),2025-06-17,37.4785612,126.9072006
서울특별시 금천구청 도로과,독산3동-2024,방범등,서울특별시 금천구 독산3동 897-1 (한울중학교),2025-06-17,37.4790014,126.9069194
서울특별시 금천구청 도로과,독산3동-2025,방범등,서울특별시 금천구 독산3동 897-2 (모두의 학교 정문),2025-06-17,37.4785612,126.9072006
서울특별시 금천구청 도로과,독산3동-2026,방범등,서울특별시 금천구 독산3동 904-1,2025-06-17,37.4785710,126.9081024
서울특별시 금천구청 도로과,독산3동-2027,방범등,서울특별시 금천구 독산3동 904-16,2025-06-17,37.4782354,126.9083591
서울특별시 금천구청 도로과,독산3동-2028,방범등,서울특별시 금천구 독산3동 904-21,2025-06-17,37.4780914,126.9084715
서울특별시 금천구청 도로과,독산3동-2029,방범등,서울특별시 금천구 독산3동 904-22,2025-06-17,37.4780257,126.9085955
서울특별시 금천구청 도로과,독산3동-203,방범등,서울특별시 금천구 독산3동 899-14,2025-06-17,37.4797628,126.9062574
서울특별시 금천구청 도로과,독산3동-2030,방범등,서울특별시 금천구 독산3동 904-39,2025-06-17,37.4776976,126.9088098
서울특별시 금천구청 도로과,독산3동-2031,방범등,서울특별시 금천구 독산3동 904-37,2025-06-17,37.4775374,126.9089455
서울특별시 금천구청 도로과,독산3동-2032,방범등,서울특별시 금천구 독산3동 906-1,2025-06-17,37.4773682,126.9090264
서울특별시 금천구청 도로과,독산3동-2033,방범등,서울특별시 금천구 독산3동 894-17,2025-06-17,37.4771237,126.9084820
서울특별시 금천구청 도로과,독산3동-2034,방범등,서울특별시 금천구 독산3동 894-10,2025-06-17,37.4773238,126.9086156
서울특별시 금천구청 도로과,독산3동-2035,방범등,서울특별시 금천구 독산3동 894-8,2025-06-17,37.4772143,126.9084564
서울특별시 금천구청 도로과,독산3동-2036,방범등,서울특별시 금천구 독산3동 894-5,2025-06-17,37.4772096,126.9081731
서울특별시 금천구청 도로과,독산3동-2037,방범등,서울특별시 금천구 독산3동 894-3 (신태양연립),2025-06-17,37.4771768,126.9079051
서울특별시 금천구청 도로과,독산3동-2038,방범등,서울특별시 금천구 독산3동 895-19,2025-06-17,37.4774336,126.9080000
서울특별시 금천구청 도로과,독산3동-2039,방범등,서울특별시 금천구 독산3동 896-18,2025-06-17,37.4777272,126.9081733
서울특별시 금천구청 도로과,독산3동-204,방범등,서울특별시 금천구 독산3동 899-12,2025-06-17,37.4798140,126.9065277
서울특별시 금천구청 도로과,독산3동-2040,방범등,서울특별시 금천구 독산3동 895-14,2025-06-17,37.4777354,126.9077774
서울특별시 금천구청 도로과,독산3동-2041,방범등,서울특별시 금천구 독산3동 895-13,2025-06-17,37.4776858,126.9076734
서울특별시 금천구청 도로과,독산3동-2042,방범등,서울특별시 금천구 독산3동 896-13,2025-06-17,37.4779155,126.9080406
서울특별시 금천구청 도로과,독산3동-2043,방범등,서울특별시 금천구 독산3동 895-11,2025-06-17,37.4778057,126.9075803
서울특별시 금천구청 도로과,독산3동-2044,방범등,서울특별시 금천구 독산3동 895-10,2025-06-17,37.4778556,126.9076855
서울특별시 금천구청 도로과,독산3동-2045,방범등,서울특별시 금천구 독산3동 896-7,2025-06-17,37.4780919,126.9079038
서울특별시 금천구청 도로과,독산3동-2046,방범등,서울특별시 금천구 독산3동 895-6,2025-06-17,37.4781203,126.9074193
서울특별시 금천구청 도로과,독산3동-2047,방범등,서울특별시 금천구 독산3동 895-27,2025-06-17,37.4779309,126.9072596
서울특별시 금천구청 도로과,독산3동-2048,방범등,서울특별시 금천구 독산3동 904-37,2025-06-17,37.4775374,126.9089455
서울특별시 금천구청 도로과,독산3동-2049,방범등,서울특별시 금천구 독산3동 906-6,2025-06-17,37.4774263,126.9094526
서울특별시 금천구청 도로과,독산3동-205,방범등,서울특별시 금천구 독산3동 896-41,2025-06-17,37.4783600,126.9080133
서울특별시 금천구청 도로과,독산3동-2050,방범등,서울특별시 금천구 독산3동 906-14,2025-06-17,37.4774724,126.9099247
서울특별시 금천구청 도로과,독산3동-2051,방범등,서울특별시 금천구 독산3동 906-41 (난곡중),2025-06-17,37.4777278,126.9106649
서울특별시 금천구청 도로과,독산3동-2052,방범등,서울특별시 금천구 독산3동 906-41 (난곡중),2025-06-17,37.4777278,126.9106649
서울특별시 금천구청 도로과,독산3동-2053,방범등,서울특별시 금천구 독산3동 906-41,2025-06-17,37.4777278,126.9106649
서울특별시 금천구청 도로과,독산3동-2054,방범등,서울특별시 금천구 독산3동 906-41,2025-06-17,37.4777278,126.9106649
서울특별시 금천구청 도로과,독산3동-2055,방범등,서울특별시 금천구 독산3동 906-41,2025-06-17,37.4777278,126.9106649
서울특별시 금천구청 도로과,독산3동-2056,방범등,서울특별시 금천구 독산3동 906-19 (906-22),2025-06-17,37.4772097,126.9101270
서울특별시 금천구청 도로과,독산3동-2057,방범등,서울특별시 금천구 독산3동 906-41,2025-06-17,37.4777278,126.9106649
서울특별시 금천구청 도로과,독산3동-2058,방범등,서울특별시 금천구 독산3동 905-47,2025-06-17,37.4776829,126.9096678
서울특별시 금천구청 도로과,독산3동-2059,방범등,서울특별시 금천구 독산3동 905-41,2025-06-17,37.4777586,126.9094347
서울특별시 금천구청 도로과,독산3동-206,방범등,서울특별시 금천구 독산3동 898-8,2025-06-17,37.4796105,126.9070108
서울특별시 금천구청 도로과,독산3동-2060,방범등,서울특별시 금천구 독산3동 904-32,2025-06-17,37.4776877,126.9090171
서울특별시 금천구청 도로과,독산3동-2061,방범등,서울특별시 금천구 독산3동 895-26,2025-06-17,37.4776537,126.9074752
서울특별시 금천구청 도로과,독산3동-2063,방범등,서울특별시 금천구 독산3동 904-28,2025-06-17,37.4778460,126.9088987
서울특별시 금천구청 도로과,독산3동-2064,방범등,서울특별시 금천구 독산3동 905-29,2025-06-17,37.4780905,126.9091746
서울특별시 금천구청 도로과,독산3동-2065,방범등,서울특별시 금천구 독산3동 905-26,2025-06-17,37.4781430,126.9091351
서울특별시 금천구청 도로과,독산3동-2066,방범등,서울특별시 금천구 독산3동 905-16 ,2025-06-17,37.4784006,126.9090135
서울특별시 금천구청 도로과,독산3동-2067,방범등,서울특별시 금천구 독산3동 905-14,2025-06-17,37.4784728,126.9088787
서울특별시 금천구청 도로과,독산3동-2069,방범등,서울특별시 금천구 독산3동 905-6,2025-06-17,37.4786609,126.9088083
서울특별시 금천구청 도로과,독산3동-207,방범등,서울특별시 금천구 독산3동 898-10,2025-06-17,37.4793836,126.9071295
서울특별시 금천구청 도로과,독산3동-2071,방범등,서울특별시 금천구 독산3동 905-1,2025-06-17,37.4788250,126.9086057
서울특별시 금천구청 도로과,독산3동-2072,방범등,서울특별시 금천구 독산3동 903-27,2025-06-17,37.4787825,126.9080916
서울특별시 금천구청 도로과,독산3동-2073,방범등,서울특별시 금천구 독산3동 903-25,2025-06-17,37.4788828,126.9083164
서울특별시 금천구청 도로과,독산3동-2074,방범등,서울특별시 금천구 독산3동 902-19,2025-06-17,37.4790322,126.9084424
서울특별시 금천구청 도로과,독산3동-2075,방범등,서울특별시 금천구 독산3동 902-16,2025-06-17,37.4791775,126.9084975
서울특별시 금천구청 도로과,독산3동-2077,방범등,서울특별시 금천구 독산3동 902-24,2025-06-17,37.4791987,126.9083260
서울특별시 금천구청 도로과,독산3동-2078,방범등,서울특별시 금천구 독산3동 902-14 옆,2025-06-17,37.4792919,126.9082518
서울특별시 금천구청 도로과,독산3동-2079,방범등,서울특별시 금천구 독산3동 903-18,2025-06-17,37.4790437,126.9080382
서울특별시 금천구청 도로과,독산3동-208,방범등,서울특별시 금천구 독산3동 897-1 (한울중학교),2025-06-17,37.4790014,126.9069194
서울특별시 금천구청 도로과,독산3동-2080,방범등,서울특별시 금천구 독산3동 902-11,2025-06-17,37.4794129,126.9081379
서울특별시 금천구청 도로과,독산3동-2081,방범등,서울특별시 금천구 독산3동 903-13,2025-06-17,37.4795570,126.9077793
서울특별시 금천구청 도로과,독산3동-2082,방범등,서울특별시 금천구 독산3동 903-12,2025-06-17,37.4795004,126.9076720
서울특별시 금천구청 도로과,독산3동-2083,방범등,서울특별시 금천구 독산3동 903-10,2025-06-17,37.4793886,126.9074564
서울특별시 금천구청 도로과,독산3동-2084,방범등,서울특별시 금천구 독산3동 898-8,2025-06-17,37.4796105,126.9070108
서울특별시 금천구청 도로과,독산3동-2085,방범등,서울특별시 금천구 독산3동 900-16,2025-06-17,37.4799530,126.9075497
서울특별시 금천구청 도로과,독산3동-2086,방범등,서울특별시 금천구 독산3동 900-13,2025-06-17,37.4800068,126.9077828
서울특별시 금천구청 도로과,독산3동-2087,방범등,서울특별시 금천구 독산3동 902-1,2025-06-17,37.4798111,126.9078308
서울특별시 금천구청 도로과,독산3동-2088,방범등,서울특별시 금천구 독산3동 900-8,2025-06-17,37.4802877,126.9080068
서울특별시 금천구청 도로과,독산3동-2089,방범등,서울특별시 금천구 독산3동 901-21 ,2025-06-17,37.4801825,126.9082813
서울특별시 금천구청 도로과,독산3동-2089,방범등,서울특별시 금천구 독산3동 901-22,2025-06-17,37.4800927,126.9083102
서울특별시 금천구청 도로과,독산3동-209,방범등,서울특별시 금천구 독산3동 896-35,2025-06-17,37.4780645,126.9081494
서울특별시 금천구청 도로과,독산3동-2090,방범등,서울특별시 금천구 독산3동 47-20(-12건너),2025-06-17,37.4797169,126.9082315
서울특별시 금천구청 도로과,독산3동-2091,방범등,서울특별시 금천구 독산3동 48-3,2025-06-17,37.4794040,126.9085824
서울특별시 금천구청 도로과,독산3동-2092,방범등,서울특별시 금천구 독산3동 48-7,2025-06-17,37.4791979,126.9086248
서울특별시 금천구청 도로과,독산3동-2093,방범등,서울특별시 금천구 독산3동 47-28,2025-06-17,37.4797455,126.9089467
서울특별시 금천구청 도로과,독산3동-2094,방범등,서울특별시 금천구 독산3동 901-19,2025-06-17,37.4801889,126.9085977
서울특별시 금천구청 도로과,독산3동-2095,방범등,서울특별시 금천구 독산3동 901-17,2025-06-17,37.4802570,126.9089601
서울특별시 금천구청 도로과,독산3동-2096,방범등,서울특별시 금천구 독산3동 901-15,2025-06-17,37.4803237,126.9093180
서울특별시 금천구청 도로과,독산3동-2097,방범등,서울특별시 금천구 독산3동 901-14,2025-06-17,37.4803513,126.9094756
서울특별시 금천구청 도로과,독산3동-2098,방범등,서울특별시 금천구 독산3동 897-1 (한울중학교),2025-06-17,37.4790014,126.9069194
서울특별시 금천구청 도로과,독산3동-301,방범등,서울특별시 금천구 독산3동 887-10,2025-06-17,37.4761136,126.9057578
서울특별시 금천구청 도로과,독산3동-3010,방범등,서울특별시 금천구 독산3동 887-33,2025-06-17,37.4758567,126.9046556
서울특별시 금천구청 도로과,독산3동-30100,방범등,서울특별시 금천구 독산3동 994-42,2025-06-17,37.4722634,126.9048439
서울특별시 금천구청 도로과,독산3동-30101,방범등,서울특별시 금천구 독산3동 994-37,2025-06-17,37.4723410,126.9051501
서울특별시 금천구청 도로과,독산3동-30102,방범등,서울특별시 금천구 독산3동 994-75,2025-06-17,37.4722784,126.9053878
서울특별시 금천구청 도로과,독산3동-30103,방범등,서울특별시 금천구 독산3동 994-33,2025-06-17,37.4722025,126.9056246
서울특별시 금천구청 도로과,독산3동-30104,방범등,서울특별시 금천구 독산3동 992-12,2025-06-17,37.4735298,126.9056892
서울특별시 금천구청 도로과,독산3동-30105,방범등,서울특별시 금천구 독산3동 992-40,2025-06-17,37.4735714,126.9050685
서울특별시 금천구청 도로과,독산3동-30106,방범등,서울특별시 금천구 독산3동 977-20,2025-06-17,37.4745398,126.9035959
서울특별시 금천구청 도로과,독산3동-30108,방범등,서울특별시 금천구 독산3동 991-27,2025-06-17,37.4733038,126.9038439
서울특별시 금천구청 도로과,독산3동-30109,방범등,서울특별시 금천구 독산3동 992-16,2025-06-17,37.4735273,126.9053632
서울특별시 금천구청 도로과,독산3동-3011,방범등,서울특별시 금천구 독산3동 887-54,2025-06-17,37.4761166,126.9043864
서울특별시 금천구청 도로과,독산3동-30110,방범등,서울특별시 금천구 독산3동 992-17,2025-06-17,37.4734469,126.9052244
서울특별시 금천구청 도로과,독산3동-30111,방범등,서울특별시 금천구 독산3동 234-52,2025-06-17,37.4756430,126.9045446
서울특별시 금천구청 도로과,독산3동-30112,방범등,서울특별시 금천구 독산3동 974-3,2025-06-17,37.4758822,126.9041634
서울특별시 금천구청 도로과,독산3동-30113,방범등,서울특별시 금천구 독산3동 975-12,2025-06-17,37.4740751,126.9055549
서울특별시 금천구청 도로과,독산3동-30114,방범등,서울특별시 금천구 독산3동 992-42,2025-06-17,37.4737192,126.9050921
서울특별시 금천구청 도로과,독산3동-30115,방범등,서울특별시 금천구 독산3동 994-41,2025-06-17,37.4723768,126.9048769
서울특별시 금천구청 도로과,독산3동-30116,방범등,서울특별시 금천구 독산3동 976-7,2025-06-17,37.4741583,126.9045109
서울특별시 금천구청 도로과,독산3동-30117,방범등,서울특별시 금천구 독산3동 994-32,2025-06-17,37.4722923,126.9061423
서울특별시 금천구청 도로과,독산3동-30118,방범등,서울특별시 금천구 독산3동 234-18,2025-06-17,37.4749046,126.9051416
서울특별시 금천구청 도로과,독산3동-3012,방범등,서울특별시 금천구 독산3동 887-34,2025-06-17,37.4759483,126.9044044
서울특별시 금천구청 도로과,독산3동-30122,방범등,서울특별시 금천구 독산3동 887-3,2025-06-17,37.4761906,126.9049406
서울특별시 금천구청 도로과,독산3동-30123,방범등,서울특별시 금천구 독산3동 977-14,2025-06-17,37.4746659,126.9039517
서울특별시 금천구청 도로과,독산3동-30124,방범등,서울특별시 금천구 독산3동 977-21,2025-06-17,37.4743470,126.9035825
서울특별시 금천구청 도로과,독산3동-30125,방범등,서울특별시 금천구 독산3동 974-18,2025-06-17,37.4751140,126.9041922
서울특별시 금천구청 도로과,독산3동-30126,방범등,서울특별시 금천구 독산3동 974-16,2025-06-17,37.4752552,126.9041456
서울특별시 금천구청 도로과,독산3동-30127,방범등,서울특별시 금천구 독산3동 234-84,2025-06-17,37.4741182,126.9058171
서울특별시 금천구청 도로과,독산3동-30128,방범등,서울특별시 금천구 독산3동 991-23,2025-06-17,37.4729512,126.9037686
서울특별시 금천구청 도로과,독산3동-30129,방범등,서울특별시 금천구 독산3동 234-66,2025-06-17,37.4751114,126.9045108
서울특별시 금천구청 도로과,독산3동-3013,방범등,서울특별시 금천구 독산3동 974-6,2025-06-17,37.4759104,126.9037414
서울특별시 금천구청 도로과,독산3동-30130,방범등,서울특별시 금천구 독산3동 883-20,2025-06-17,37.4775525,126.9070233
서울특별시 금천구청 도로과,독산3동-30131,방범등,서울특별시 금천구 독산3동 47-26,2025-06-17,37.4799289,126.9088978
서울특별시 금천구청 도로과,독산3동-30132,방범등,서울특별시 금천구 독산3동 902-5,2025-06-17,37.4797150,126.9079131
서울특별시 금천구청 도로과,독산3동-30133,방범등,서울특별시 금천구 독산3동 234-46,2025-06-17,37.4746885,126.9048799
서울특별시 금천구청 도로과,독산3동-30134,방범등,서울특별시 금천구 독산3동 899-6,2025-06-17,37.4800224,126.9064878
서울특별시 금천구청 도로과,독산3동-30135,방범등,서울특별시 금천구 독산3동 899-10,2025-06-17,37.4798244,126.9068246
서울특별시 금천구청 도로과,독산3동-30136,방범등,서울특별시 금천구 독산3동 884-22,2025-06-17,37.4773533,126.9052783
서울특별시 금천구청 도로과,독산3동-30137,방범등,서울특별시 금천구 독산3동 884-15,2025-06-17,37.4774768,126.9051149
서울특별시 금천구청 도로과,독산3동-30138,방범등,서울특별시 금천구 독산3동 234-84,2025-06-17,37.4741182,126.9058171
서울특별시 금천구청 도로과,독산3동-3014,방범등,서울특별시 금천구 독산3동 974-4,2025-06-17,37.4758920,126.9040286
서울특별시 금천구청 도로과,독산3동-3016,방범등,서울특별시 금천구 독산3동 974-13,2025-06-17,37.4754923,126.9040090
서울특별시 금천구청 도로과,독산3동-3017,방범등,서울특별시 금천구 독산3동 234-52,2025-06-17,37.4756430,126.9045446
서울특별시 금천구청 도로과,독산3동-3018,방범등,서울특별시 금천구 독산3동 234-35,2025-06-17,37.4754384,126.9049479
서울특별시 금천구청 도로과,독산3동-3019,방범등,서울특별시 금천구 독산3동 974-17,2025-06-17,37.4752294,126.9040168
서울특별시 금천구청 도로과,독산3동-302,방범등,서울특별시 금천구 독산3동 1161 (독산솔리힐아파트 정문),2025-06-17,37.4754729,126.9055602
서울특별시 금천구청 도로과,독산3동-3020,방범등,서울특별시 금천구 독산3동 974-36,2025-06-17,37.4751122,126.9038207
서울특별시 금천구청 도로과,독산3동-3021,방범등,서울특별시 금천구 독산3동 977-6,2025-06-17,37.4747970,126.9038321
서울특별시 금천구청 도로과,독산3동-3022,방범등,서울특별시 금천구 독산3동 974-20,2025-06-17,37.4751042,126.9039580
서울특별시 금천구청 도로과,독산3동-3023,방범등,서울특별시 금천구 독산3동 977-10,2025-06-17,37.4749402,126.9041764
서울특별시 금천구청 도로과,독산3동-3024,방범등,서울특별시 금천구 독산3동 977-12,2025-06-17,37.4747789,126.9041442
서울특별시 금천구청 도로과,독산3동-3025,방범등,서울특별시 금천구 독산3동 977-17 (리치힐홈타운 104동),2025-06-17,37.4742484,126.9039985
서울특별시 금천구청 도로과,독산3동-3026,방범등,서울특별시 금천구 독산3동 977-17 (리치힐홈타운 103동),2025-06-17,37.4742484,126.9039985
서울특별시 금천구청 도로과,독산3동-3027,방범등,서울특별시 금천구 독산3동 977-17,2025-06-17,37.4742484,126.9039985
서울특별시 금천구청 도로과,독산3동-3028,방범등,서울특별시 금천구 독산3동 234-83,2025-06-17,37.4753457,126.9045269
서울특별시 금천구청 도로과,독산3동-3029,방범등,서울특별시 금천구 독산3동 234-41,2025-06-17,37.4750990,126.9047132
서울특별시 금천구청 도로과,독산3동-303,방범등,서울특별시 금천구 독산3동 1161 (독산솔리힐아파트),2025-06-17,37.4754729,126.9055602
서울특별시 금천구청 도로과,독산3동-3030,방범등,서울특별시 금천구 독산3동 234-62,2025-06-17,37.4749448,126.9044981
서울특별시 금천구청 도로과,독산3동-3031,방범등,서울특별시 금천구 독산3동 234-25,2025-06-17,37.4754471,126.9051607
서울특별시 금천구청 도로과,독산3동-3032,방범등,서울특별시 금천구 독산3동 234-22,2025-06-17,37.4751874,126.9051712
서울특별시 금천구청 도로과,독산3동-3033,방범등,서울특별시 금천구 독산3동 234-21,2025-06-17,37.4750723,126.9051615
서울특별시 금천구청 도로과,독산3동-3034,방범등,서울특별시 금천구 독산3동 234-75,2025-06-17,37.4741674,126.9055941
서울특별시 금천구청 도로과,독산3동-3036,방범등,서울특별시 금천구 독산3동 977-12,2025-06-17,37.4747789,126.9041442
서울특별시 금천구청 도로과,독산3동-3037,방범등,서울특별시 금천구 독산3동 1161 (독산솔리힐아파트 102동 뒤),2025-06-17,37.4754729,126.9055602
서울특별시 금천구청 도로과,독산3동-3038,방범등,서울특별시 금천구 독산3동 234-3,2025-06-17,37.4747058,126.9056388
서울특별시 금천구청 도로과,독산3동-3039,방범등,서울특별시 금천구 독산3동 234-3,2025-06-17,37.4747058,126.9056388
서울특별시 금천구청 도로과,독산3동-304,방범등,서울특별시 금천구 독산3동 887-22,2025-06-17,37.4760333,126.9054286
서울특별시 금천구청 도로과,독산3동-3040,방범등,서울특별시 금천구 독산3동 234-8,2025-06-17,37.4741922,126.9054804
서울특별시 금천구청 도로과,독산3동-3041,방범등,서울특별시 금천구 독산3동 234-9,2025-06-17,37.4743712,126.9052905
서울특별시 금천구청 도로과,독산3동-3042,방범등,서울특별시 금천구 독산3동 976-16,2025-06-17,37.4741022,126.9049540
서울특별시 금천구청 도로과,독산3동-3043,방범등,서울특별시 금천구 독산3동 976-14,2025-06-17,37.4742845,126.9049669
서울특별시 금천구청 도로과,독산3동-3044,방범등,서울특별시 금천구 독산3동 976-11,2025-06-17,37.4743607,126.9047939
서울특별시 금천구청 도로과,독산3동-3045,방범등,서울특별시 금천구 독산3동 976-9,2025-06-17,37.4743786,126.9045649
서울특별시 금천구청 도로과,독산3동-3046,방범등,서울특별시 금천구 독산3동 976-7,2025-06-17,37.4741583,126.9045109
서울특별시 금천구청 도로과,독산3동-3047,방범등,서울특별시 금천구 독산3동 976-10,2025-06-17,37.4744902,126.9045724
서울특별시 금천구청 도로과,독산3동-3048,방범등,서울특별시 금천구 독산3동 976-33,2025-06-17,37.4739035,126.9055819
서울특별시 금천구청 도로과,독산3동-3049,방범등,서울특별시 금천구 독산3동 992-6,2025-06-17,37.4737444,126.9056101
서울특별시 금천구청 도로과,독산3동-305,방범등,서울특별시 금천구 독산3동 887-7 맞은편,2025-06-17,37.4762479,126.9056368
서울특별시 금천구청 도로과,독산3동-3050,방범등,서울특별시 금천구 독산3동 992-36,2025-06-17,37.4737117,126.9052740
서울특별시 금천구청 도로과,독산3동-3051,방범등,서울특별시 금천구 독산3동 992-37 (미르빌 맞은편),2025-06-17,37.4737305,126.9048061
서울특별시 금천구청 도로과,독산3동-3052,방범등,서울특별시 금천구 독산3동 992-37,2025-06-17,37.4737305,126.9048061
서울특별시 금천구청 도로과,독산3동-3053,방범등,서울특별시 금천구 독산3동 992-43,2025-06-17,37.4737417,126.9045510
서울특별시 금천구청 도로과,독산3동-3054,방범등,서울특별시 금천구 독산3동 992 (리치힐아파트 103동),2025-06-17,37.4737525,126.9042585
서울특별시 금천구청 도로과,독산3동-3055,방범등,서울특별시 금천구 독산3동 992,2025-06-17,37.4737525,126.9042585
서울특별시 금천구청 도로과,독산3동-3056,방범등,서울특별시 금천구 독산3동 992-22,2025-06-17,37.4735358,126.9043547
서울특별시 금천구청 도로과,독산3동-3057,방범등,서울특별시 금천구 독산3동 992-22,2025-06-17,37.4735358,126.9043547
서울특별시 금천구청 도로과,독산3동-3057A,방범등,서울특별시 금천구 독산3동 992-22,2025-06-17,37.4735358,126.9043547
서울특별시 금천구청 도로과,독산3동-3058,방범등,서울특별시 금천구 독산3동 992-22,2025-06-17,37.4735358,126.9043547
서울특별시 금천구청 도로과,독산3동-3059,방범등,"서울특별시 금천구 독산3동 992-21, 993-36 (리치힐아파트 102동)",2025-06-17,37.4734653,126.9049012
서울특별시 금천구청 도로과,독산3동-306,방범등,서울특별시 금천구 독산3동 887-6,2025-06-17,37.4763078,126.9054147
서울특별시 금천구청 도로과,독산3동-3060,방범등,서울특별시 금천구 독산3동 993-36,2025-06-17,37.4731875,126.9050157
서울특별시 금천구청 도로과,독산3동-3061,방범등,서울특별시 금천구 독산3동 992-17,2025-06-17,37.4734469,126.9052244
서울특별시 금천구청 도로과,독산3동-3062,방범등,서울특별시 금천구 독산3동 992-11,2025-06-17,37.4734076,126.9056977
서울특별시 금천구청 도로과,독산3동-3063,방범등,서울특별시 금천구 독산3동 991-29,2025-06-17,37.4734958,126.9038619
서울특별시 금천구청 도로과,독산3동-3065,방범등,"서울특별시 금천구 독산3동 977-23 (가온누리빌 102동 맞은편, 유료주차장)",2025-06-17,37.4740328,126.9037497
서울특별시 금천구청 도로과,독산3동-3066,방범등,서울특별시 금천구 독산3동 977-17 (리치힐홈타운 101동),2025-06-17,37.4742484,126.9039985
서울특별시 금천구청 도로과,독산3동-3069,방범등,서울특별시 금천구 독산3동 994-17,2025-06-17,37.4725914,126.9057348
서울특별시 금천구청 도로과,독산3동-307,방범등,서울특별시 금천구 독산3동 887-27,2025-06-17,37.4759568,126.9050181
서울특별시 금천구청 도로과,독산3동-3071,방범등,서울특별시 금천구 독산3동 994-24,2025-06-17,37.4724751,126.9057168
서울특별시 금천구청 도로과,독산3동-3072,방범등,서울특별시 금천구 독산3동 994-27,2025-06-17,37.4723651,126.9055216
서울특별시 금천구청 도로과,독산3동-3073,방범등,서울특별시 금천구 독산3동 993-27,2025-06-17,37.4728069,126.9054529
서울특별시 금천구청 도로과,독산3동-3077,방범등,서울특별시 금천구 독산3동 993-45,2025-06-17,37.4731057,126.9053862
서울특별시 금천구청 도로과,독산3동-3078,방범등,서울특별시 금천구 독산3동 994-13,2025-06-17,37.4726284,126.9053008
서울특별시 금천구청 도로과,독산3동-3079,방범등,서울특별시 금천구 독산3동 994-10,2025-06-17,37.4724439,126.9050827
서울특별시 금천구청 도로과,독산3동-308,방범등,서울특별시 금천구 독산3동 887-26,2025-06-17,37.4760410,126.9049923
서울특별시 금천구청 도로과,독산3동-3080,방범등,서울특별시 금천구 독산3동 993-25,2025-06-17,37.4729024,126.9049882
서울특별시 금천구청 도로과,독산3동-3081,방범등,서울특별시 금천구 독산3동 994-65,2025-06-17,37.4724891,126.9049490
서울특별시 금천구청 도로과,독산3동-3082,방범등,서울특별시 금천구 독산3동 994-3,2025-06-17,37.4725152,126.9046724
서울특별시 금천구청 도로과,독산3동-3083,방범등,서울특별시 금천구 독산3동 994-4,2025-06-17,37.4726511,126.9046862
서울특별시 금천구청 도로과,독산3동-3084,방범등,서울특별시 금천구 독산3동 993-23,2025-06-17,37.4729626,126.9047975
서울특별시 금천구청 도로과,독산3동-3085,방범등,서울특별시 금천구 독산3동 993-18,2025-06-17,37.4731913,126.9046208
서울특별시 금천구청 도로과,독산3동-3086,방범등,서울특별시 금천구 독산3동 993-11,2025-06-17,37.4731678,126.9044692
서울특별시 금천구청 도로과,독산3동-3087,방범등,서울특별시 금천구 독산3동 994-76,2025-06-17,37.4726157,126.9043517
서울특별시 금천구청 도로과,독산3동-3088,방범등,서울특별시 금천구 독산3동 994,2025-06-17,37.4727006,126.9041114
서울특별시 금천구청 도로과,독산3동-3089,방범등,서울특별시 금천구 독산3동 993-2,2025-06-17,37.4731063,126.9041014
서울특별시 금천구청 도로과,독산3동-309,방범등,서울특별시 금천구 독산3동 887-31,2025-06-17,37.4758739,126.9048234
서울특별시 금천구청 도로과,독산3동-3090,방범등,서울특별시 금천구 독산3동 994-74,2025-06-17,37.4725814,126.9040973
서울특별시 금천구청 도로과,독산3동-3091,방범등,서울특별시 금천구 독산3동 991-16,2025-06-17,37.4726890,126.9036249
서울특별시 금천구청 도로과,독산3동-3092,방범등,서울특별시 금천구 독산3동 994-49,2025-06-17,37.4724649,126.9040652
서울특별시 금천구청 도로과,독산3동-3093,방범등,서울특별시 금천구 독산3동 991-2,2025-06-17,37.4735987,126.9035882
서울특별시 금천구청 도로과,독산3동-3094,방범등,서울특별시 금천구 독산3동 991-6,2025-06-17,37.4733599,126.9035004
서울특별시 금천구청 도로과,독산3동-3095,방범등,서울특별시 금천구 독산3동 991-7,2025-06-17,37.4732543,126.9035554
서울특별시 금천구청 도로과,독산3동-3096,방범등,서울특별시 금천구 독산3동 991-10,2025-06-17,37.4730221,126.9034828
서울특별시 금천구청 도로과,독산3동-3097,방범등,서울특별시 금천구 독산3동 991-12,2025-06-17,37.4729111,126.9036230
서울특별시 금천구청 도로과,독산3동-3098,방범등,서울특별시 금천구 독산3동 991-18,2025-06-17,37.4724559,126.9034165
서울특별시 금천구청 도로과,독산3동-3099,방범등,서울특별시 금천구 독산3동 994-47,2025-06-17,37.4723160,126.9043644
서울특별시 금천구청 도로과,독산3동-4010,방범등,서울특별시 금천구 독산3동 907-34 (독산로&영남초 사이 올라가는길),2025-06-17,37.4761837,126.9109320
서울특별시 금천구청 도로과,독산3동-4011,방범등,서울특별시 금천구 독산3동 907-34 (독산로&영남초 사이 올라가는길),2025-06-17,37.4761837,126.9109320
서울특별시 금천구청 도로과,독산3동-4012,방범등,서울특별시 금천구 독산3동 907-34 (독산고 담벼락 올라가는길),2025-06-17,37.4761837,126.9109320
서울특별시 금천구청 도로과,독산3동-4013,방범등,서울특별시 금천구 독산3동 59-27,2025-06-17,37.4757468,126.9095510
서울특별시 금천구청 도로과,독산3동-4014,방범등,서울특별시 금천구 독산3동 59-27,2025-06-17,37.4757468,126.9095510
서울특별시 금천구청 도로과,독산3동-4015,방범등,서울특별시 금천구 독산3동 59-27,2025-06-17,37.4757468,126.9095510
서울특별시 금천구청 도로과,독산3동-4016,방범등,서울특별시 금천구 독산3동 907-34 (독산고),2025-06-17,37.4761837,126.9109320
서울특별시 금천구청 도로과,독산3동-4017,방범등,서울특별시 금천구 독산3동 907-34 (독산고),2025-06-17,37.4761837,126.9109320
서울특별시 금천구청 도로과,독산3동-4018,방범등,서울특별시 금천구 독산3동 907-20,2025-06-17,37.4766442,126.9104841
서울특별시 금천구청 도로과,독산3동-4019,방범등,서울특별시 금천구 독산3동 907-19,2025-06-17,37.4767301,126.9104708
서울특별시 금천구청 도로과,독산3동-402,방범등,"서울특별시 금천구 독산3동 907-34 (독산고 담벼락, 독산자락길 입구 맞은편)",2025-06-17,37.4761837,126.9109320
서울특별시 금천구청 도로과,독산3동-4020,방범등,서울특별시 금천구 독산3동 907-8,2025-06-17,37.4767383,126.9098159
서울특별시 금천구청 도로과,독산3동-4021,방범등,서울특별시 금천구 독산3동 907-13,2025-06-17,37.4767861,126.9101302
서울특별시 금천구청 도로과,독산3동-4022,방범등,서울특별시 금천구 독산3동 907-11,2025-06-17,37.4768746,126.9099771
서울특별시 금천구청 도로과,독산3동-4023,방범등,서울특별시 금천구 독산3동 907-23,2025-06-17,37.4766729,126.9100192
서울특별시 금천구청 도로과,독산3동-4024,방범등,서울특별시 금천구 독산3동 908-3,2025-06-17,37.4764672,126.9102486
서울특별시 금천구청 도로과,독산3동-4025,방범등,서울특별시 금천구 독산3동 908-2,2025-06-17,37.4764387,126.9100723
서울특별시 금천구청 도로과,독산3동-4026,방범등,서울특별시 금천구 독산3동 907-6,2025-06-17,37.4768357,126.9096665
서울특별시 금천구청 도로과,독산3동-4027,방범등,서울특별시 금천구 독산3동 907-7,2025-06-17,37.4767209,126.9096739
서울특별시 금천구청 도로과,독산3동-4028,방범등,서울특별시 금천구 독산3동 907-1,2025-06-17,37.4767980,126.9093661
서울특별시 금천구청 도로과,독산3동-4029,방범등,서울특별시 금천구 독산3동 907-31,2025-06-17,37.4765569,126.9094254
서울특별시 금천구청 도로과,독산3동-403,방범등,서울특별시 금천구 독산3동 산 8 (정수만),2025-06-17,37.4744868,126.9091718
서울특별시 금천구청 도로과,독산3동-4030,방범등,서울특별시 금천구 독산3동 908-1,2025-06-17,37.4763814,126.9095446
서울특별시 금천구청 도로과,독산3동-4031,방범등,서울특별시 금천구 독산3동 892-14,2025-06-17,37.4763122,126.9092898
서울특별시 금천구청 도로과,독산3동-4032,방범등,서울특별시 금천구 독산3동 890-23,2025-06-17,37.4762046,126.9065487
서울특별시 금천구청 도로과,독산3동-4033,방범등,서울특별시 금천구 독산3동 892-12,2025-06-17,37.4762983,126.9091268
서울특별시 금천구청 도로과,독산3동-4034,방범등,서울특별시 금천구 독산3동 892-10,2025-06-17,37.4762705,126.9089119
서울특별시 금천구청 도로과,독산3동-4035,방범등,서울특별시 금천구 독산3동 892-7,2025-06-17,37.4762346,126.9086231
서울특별시 금천구청 도로과,독산3동-4036,방범등,서울특별시 금천구 독산3동 893-15,2025-06-17,37.4764051,126.9082340
서울특별시 금천구청 도로과,독산3동-4037,방범등,서울특별시 금천구 독산3동 892-3,2025-06-17,37.4761788,126.9081856
서울특별시 금천구청 도로과,독산3동-4038,방범등,서울특별시 금천구 독산3동 892-2,2025-06-17,37.4761659,126.9080737
서울특별시 금천구청 도로과,독산3동-4039,방범등,서울특별시 금천구 독산3동 61 (문성중 정문),2025-06-17,37.4755765,126.9080552
서울특별시 금천구청 도로과,독산3동-404,방범등,서울특별시 금천구 독산3동 산 8 (만수천배드민턴장 옆),2025-06-17,37.4744868,126.9091718
서울특별시 금천구청 도로과,독산3동-4040,방범등,서울특별시 금천구 독산3동 61 (문성중 정문),2025-06-17,37.4755765,126.9080552
서울특별시 금천구청 도로과,독산3동-4041,방범등,서울특별시 금천구 독산3동 890-11,2025-06-17,37.4764675,126.9076158
서울특별시 금천구청 도로과,독산3동-4042,방범등,서울특별시 금천구 독산3동 890-10,2025-06-17,37.4765810,126.9075920
서울특별시 금천구청 도로과,독산3동-4043,방범등,서울특별시 금천구 독산3동 891-26,2025-06-17,37.4760785,126.9073981
서울특별시 금천구청 도로과,독산3동-4044,방범등,서울특별시 금천구 독산3동 890-19,2025-06-17,37.4762620,126.9071010
서울특별시 금천구청 도로과,독산3동-4045,방범등,서울특별시 금천구 독산3동 891-18,2025-06-17,37.4760626,126.9072757
서울특별시 금천구청 도로과,독산3동-4046,방범등,서울특별시 금천구 독산3동 891-12,2025-06-17,37.4760264,126.9069956
서울특별시 금천구청 도로과,독산3동-4047,방범등,서울특별시 금천구 독산3동 891-12,2025-06-17,37.4760264,126.9069956
서울특별시 금천구청 도로과,독산3동-4048,방범등,서울특별시 금천구 독산3동 891-15,2025-06-17,37.4759905,126.9067153
서울특별시 금천구청 도로과,독산3동-4049,방범등,서울특별시 금천구 독산3동 891-9,2025-06-17,37.4759918,126.9064369
서울특별시 금천구청 도로과,독산3동-405,방범등,서울특별시 금천구 독산3동 산 8 (만수천배드민턴장 맞은편),2025-06-17,37.4744868,126.9091718
서울특별시 금천구청 도로과,독산3동-4050,방범등,서울특별시 금천구 독산3동 891-26,2025-06-17,37.4760785,126.9073981
서울특별시 금천구청 도로과,독산3동-4051,방범등,서울특별시 금천구 독산3동 893-1(동사무소),2025-06-17,37.4765800,126.9078594
서울특별시 금천구청 도로과,독산3동-4052,방범등,서울특별시 금천구 독산3동 893-21,2025-06-17,37.4765675,126.9083699
서울특별시 금천구청 도로과,독산3동-4053,방범등,서울특별시 금천구 독산3동 산6-29 (영남초교),2025-06-17,37.4770765,126.9114616
서울특별시 금천구청 도로과,독산3동-4054,방범등,서울특별시 금천구 독산3동 907-18,2025-06-17,37.4769381,126.9104282
서울특별시 금천구청 도로과,독산3동-4055,방범등,서울특별시 금천구 독산3동 891-13,2025-06-17,37.4760925,126.9075021
서울특별시 금천구청 도로과,독산3동-4056,방범등,서울특별시 금천구 독산3동 892-16,2025-06-17,37.4762187,126.9084942
서울특별시 금천구청 도로과,독산3동-4057,방범등,서울특별시 금천구 독산3동 993-30 (개미어린이집),2025-06-17,37.4730532,126.9059044
서울특별시 금천구청 도로과,독산3동-4059,방범등,서울특별시 금천구 독산3동 883-6,2025-06-17,37.4775593,126.9067064
서울특별시 금천구청 도로과,독산3동-406,방범등,서울특별시 금천구 독산3동 907-34,2025-06-17,37.4761837,126.9109320
서울특별시 금천구청 도로과,독산3동-4060,방범등,서울특별시 금천구 독산3동 904-13,2025-06-17,37.4783998,126.9086852
서울특별시 금천구청 도로과,독산3동-4061,방범등,서울특별시 금천구 독산3동 885-26,2025-06-17,37.4777971,126.9046016
서울특별시 금천구청 도로과,독산3동-4062,방범등,서울특별시 금천구 독산3동 885-21,2025-06-17,37.4777484,126.9049276
서울특별시 금천구청 도로과,독산3동-4063,방범등,서울특별시 금천구 독산3동 993-41,2025-06-17,37.4730957,126.9055311
서울특별시 금천구청 도로과,독산3동-4064,방범등,서울특별시 금천구 독산3동 893-19,2025-06-17,37.4763340,126.9079112
서울특별시 금천구청 도로과,독산3동-4065,방범등,서울특별시 금천구 독산3동 908-1,2025-06-17,37.4763814,126.9095446
서울특별시 금천구청 도로과,독산3동-4066,방범등,서울특별시 금천구 독산3동 880-27,2025-06-17,37.4780312,126.9054778
서울특별시 금천구청 도로과,독산3동-4067,방범등,서울특별시 금천구 독산3동 993-34,2025-06-17,37.4732281,126.9055369
서울특별시 금천구청 도로과,독산3동-4068,방범등,서울특별시 금천구 독산3동 994-20,2025-06-17,37.4725526,126.9060989
서울특별시 금천구청 도로과,독산3동-4069,방범등,서울특별시 금천구 독산3동 890-1,2025-06-17,37.4763917,126.9060942
서울특별시 금천구청 도로과,독산3동-407,방범등,서울특별시 금천구 독산3동 산 9 (독산자락길),2025-06-17,37.4744470,126.9092392
서울특별시 금천구청 도로과,독산3동-4070,방범등,서울특별시 금천구 독산3동 890-1,2025-06-17,37.4763917,126.9060942
서울특별시 금천구청 도로과,독산3동-408,방범등,서울특별시 금천구 독산3동 산 8 (독산자락길),2025-06-17,37.4744868,126.9091718
서울특별시 금천구청 도로과,독산3동-409,방범등,서울특별시 금천구 독산3동 907-34 (독산자락길 입구),2025-06-17,37.4761837,126.9109320
서울특별시 금천구청 도로과,독산4동-101,방범등,서울특별시 금천구 독산4동 194-2,2025-06-17,37.4706246,126.9023362
서울특별시 금천구청 도로과,독산4동-1010,방범등,서울특별시 금천구 독산4동 196-8,2025-06-17,37.4694826,126.9015693
서울특별시 금천구청 도로과,독산4동-1011,방범등,서울특별시 금천구 독산4동 196-41,2025-06-17,37.4694557,126.9012999
서울특별시 금천구청 도로과,독산4동-1012,방범등,서울특별시 금천구 독산4동 196-40,2025-06-17,37.4694808,126.9011244
서울특별시 금천구청 도로과,독산4동-1013,방범등,서울특별시 금천구 독산4동 196-11,2025-06-17,37.4692638,126.9010979
서울특별시 금천구청 도로과,독산4동-1014,방범등,서울특별시 금천구 독산4동 196-38(197-17방향),2025-06-17,37.4696357,126.9009900
서울특별시 금천구청 도로과,독산4동-1015,방범등,서울특별시 금천구 독산4동 196-38,2025-06-17,37.4696357,126.9009900
서울특별시 금천구청 도로과,독산4동-1016,방범등,서울특별시 금천구 독산4동 196-37,2025-06-17,37.4695200,126.9009914
서울특별시 금천구청 도로과,독산4동-1017,방범등,서울특별시 금천구 독산4동 196-15,2025-06-17,37.4693817,126.9008624
서울특별시 금천구청 도로과,독산4동-1018,방범등,서울특별시 금천구 독산4동 196-17,2025-06-17,37.4692567,126.9007035
서울특별시 금천구청 도로과,독산4동-1019,방범등,서울특별시 금천구 독산4동 196-36,2025-06-17,37.4695235,126.9008301
서울특별시 금천구청 도로과,독산4동-102,방범등,서울특별시 금천구 독산4동 194-15,2025-06-17,37.4703646,126.9023640
서울특별시 금천구청 도로과,독산4동-1020,방범등,서울특별시 금천구 독산4동 196-5,2025-06-17,37.4696768,126.9006842
서울특별시 금천구청 도로과,독산4동-1021,방범등,서울특별시 금천구 독산4동 196-4,2025-06-17,37.4696892,126.9005621
서울특별시 금천구청 도로과,독산4동-1022,방범등,서울특별시 금천구 독산4동 196-48,2025-06-17,37.4694496,126.9004762
서울특별시 금천구청 도로과,독산4동-1023,방범등,서울특별시 금천구 독산4동 196-45,2025-06-17,37.4694749,126.9002979
서울특별시 금천구청 도로과,독산4동-1024,방범등,서울특별시 금천구 독산4동 197-29,2025-06-17,37.4701169,126.9007384
서울특별시 금천구청 도로과,독산4동-1025,방범등,서울특별시 금천구 독산4동 197-4,2025-06-17,37.4701301,126.9006138
서울특별시 금천구청 도로과,독산4동-1026,방범등,서울특별시 금천구 독산4동 197-4,2025-06-17,37.4701301,126.9006138
서울특별시 금천구청 도로과,독산4동-1027,방범등,서울특별시 금천구 독산4동 197-5,2025-06-17,37.4700519,126.9009103
서울특별시 금천구청 도로과,독산4동-1028,방범등,서울특별시 금천구 독산4동 197-6,2025-06-17,37.4700216,126.9011829
서울특별시 금천구청 도로과,독산4동-1029,방범등,서울특별시 금천구 독산4동 197-6,2025-06-17,37.4700216,126.9011829
서울특별시 금천구청 도로과,독산4동-103,방범등,서울특별시 금천구 독산4동 195-2,2025-06-17,37.4698453,126.9023798
서울특별시 금천구청 도로과,독산4동-1030,방범등,서울특별시 금천구 독산4동 197-6,2025-06-17,37.4700216,126.9011829
서울특별시 금천구청 도로과,독산4동-1031,방범등,"서울특별시 금천구 독산4동 197-14,15",2025-06-17,37.4698545,126.9013238
서울특별시 금천구청 도로과,독산4동-1032,방범등,서울특별시 금천구 독산4동 197-7,2025-06-17,37.4699890,126.9014741
서울특별시 금천구청 도로과,독산4동-1033,방범등,서울특별시 금천구 독산4동 197-32,2025-06-17,37.4700015,126.9018439
서울특별시 금천구청 도로과,독산4동-1034,방범등,서울특별시 금천구 독산4동 198-42,2025-06-17,37.4703587,126.9019605
서울특별시 금천구청 도로과,독산4동-1035,방범등,서울특별시 금천구 독산4동 198-43,2025-06-17,37.4704530,126.9019861
서울특별시 금천구청 도로과,독산4동-1036,방범등,서울특별시 금천구 독산4동 198-10,2025-06-17,37.4704940,126.9017253
서울특별시 금천구청 도로과,독산4동-1037,방범등,서울특별시 금천구 독산4동 198-8,2025-06-17,37.4704127,126.9015507
서울특별시 금천구청 도로과,독산4동-1038,방범등,서울특별시 금천구 독산4동 198-47,2025-06-17,37.4703390,126.9012403
서울특별시 금천구청 도로과,독산4동-1039,방범등,서울특별시 금천구 독산4동 198-6,2025-06-17,37.4705619,126.9012408
서울특별시 금천구청 도로과,독산4동-104,방범등,서울특별시 금천구 독산4동 195-11,2025-06-17,37.4697084,126.9020417
서울특별시 금천구청 도로과,독산4동-1040,방범등,서울특별시 금천구 독산4동 198-19,2025-06-17,37.4703676,126.9010864
서울특별시 금천구청 도로과,독산4동-1041,방범등,서울특별시 금천구 독산4동 198-29,2025-06-17,37.4704230,126.9007317
서울특별시 금천구청 도로과,독산4동-1042,방범등,서울특별시 금천구 독산4동 198-3,2025-06-17,37.4706585,126.9006428
서울특별시 금천구청 도로과,독산4동-1043,방범등,서울특별시 금천구 독산4동 198-2,2025-06-17,37.4706884,126.9004827
서울특별시 금천구청 도로과,독산4동-1044,방범등,서울특별시 금천구 독산4동 198-1,2025-06-17,37.4705946,126.9004638
서울특별시 금천구청 도로과,독산4동-1045,방범등,서울특별시 금천구 독산4동 199-21,2025-06-17,37.4706490,126.9017474
서울특별시 금천구청 도로과,독산4동-1046,방범등,서울특별시 금천구 독산4동 199-22,2025-06-17,37.4707456,126.9017777
서울특별시 금천구청 도로과,독산4동-1048,방범등,서울특별시 금천구 독산4동 199-6,2025-06-17,37.4709610,126.9012482
서울특별시 금천구청 도로과,독산4동-1049,방범등,서울특별시 금천구 독산4동 199-42,2025-06-17,37.4709000,126.9009175
서울특별시 금천구청 도로과,독산4동-105,방범등,서울특별시 금천구 독산4동 196-8,2025-06-17,37.4694826,126.9015693
서울특별시 금천구청 도로과,독산4동-1050,방범등,서울특별시 금천구 독산4동 199-38,2025-06-17,37.4709871,126.9005721
서울특별시 금천구청 도로과,독산4동-1051,방범등,서울특별시 금천구 독산4동 200-19,2025-06-17,37.4708761,126.9002780
서울특별시 금천구청 도로과,독산4동-1052,방범등,서울특별시 금천구 독산4동 200-17,2025-06-17,37.4709813,126.9001440
서울특별시 금천구청 도로과,독산4동-1053,방범등,서울특별시 금천구 독산4동 200-23,2025-06-17,37.4709463,126.8997255
서울특별시 금천구청 도로과,독산4동-1054,방범등,서울특별시 금천구 독산4동 201-21,2025-06-17,37.4707661,126.8993114
서울특별시 금천구청 도로과,독산4동-1055,방범등,서울특별시 금천구 독산4동 201-5,2025-06-17,37.4704631,126.9001931
서울특별시 금천구청 도로과,독산4동-1056,방범등,서울특별시 금천구 독산4동 201-8,2025-06-17,37.4703634,126.8999347
서울특별시 금천구청 도로과,독산4동-1057,방범등,서울특별시 금천구 독산4동 201-10,2025-06-17,37.4703734,126.8997817
서울특별시 금천구청 도로과,독산4동-1058,방범등,서울특별시 금천구 독산4동 284-4,2025-06-17,37.4701527,126.9001501
서울특별시 금천구청 도로과,독산4동-1059,방범등,서울특별시 금천구 독산4동 284-3,2025-06-17,37.4701621,126.9000098
서울특별시 금천구청 도로과,독산4동-106,방범등,서울특별시 금천구 독산4동 196-8,2025-06-17,37.4694826,126.9015693
서울특별시 금천구청 도로과,독산4동-1060,방범등,서울특별시 금천구 독산4동 284-16,2025-06-17,37.4699340,126.8999390
서울특별시 금천구청 도로과,독산4동-1061,방범등,서울특별시 금천구 독산4동 284-9,2025-06-17,37.4699845,126.8996124
서울특별시 금천구청 도로과,독산4동-1062,방범등,서울특별시 금천구 독산4동 284-22,2025-06-17,37.4699924,126.8994744
서울특별시 금천구청 도로과,독산4동-1063,방범등,서울특별시 금천구 독산4동 284-18,2025-06-17,37.4700079,126.8991618
서울특별시 금천구청 도로과,독산4동-1064,방범등,서울특별시 금천구 독산4동 284-14,2025-06-17,37.4701726,126.8994935
서울특별시 금천구청 도로과,독산4동-1065,방범등,서울특별시 금천구 독산4동 284-12,2025-06-17,37.4701880,126.8991260
서울특별시 금천구청 도로과,독산4동-1066,방범등,서울특별시 금천구 독산4동 285-1,2025-06-17,37.4697518,126.9001037
서울특별시 금천구청 도로과,독산4동-1067,방범등,서울특별시 금천구 독산4동 285-12,2025-06-17,37.4694975,126.8999573
서울특별시 금천구청 도로과,독산4동-1068,방범등,서울특별시 금천구 독산4동 285-24,2025-06-17,37.4696899,126.8992548
서울특별시 금천구청 도로과,독산4동-1069,방범등,서울특별시 금천구 독산4동 285-22,2025-06-17,37.4696384,126.8990630
서울특별시 금천구청 도로과,독산4동-107,방범등,서울특별시 금천구 독산4동 196-9,2025-06-17,37.4692611,126.9016378
서울특별시 금천구청 도로과,독산4동-1070,방범등,서울특별시 금천구 독산4동 286-4,2025-06-17,37.4699265,126.8987918
서울특별시 금천구청 도로과,독산4동-1071,방범등,서울특별시 금천구 독산4동 287-7,2025-06-17,37.4706219,126.8986786
서울특별시 금천구청 도로과,독산4동-1072,방범등,서울특별시 금천구 독산4동 287-7,2025-06-17,37.4706219,126.8986786
서울특별시 금천구청 도로과,독산4동-1073,방범등,서울특별시 금천구 독산4동 201-22,2025-06-17,37.4706605,126.8992781
서울특별시 금천구청 도로과,독산4동-1074,방범등,서울특별시 금천구 독산4동 287-4,2025-06-17,37.4710015,126.8988872
서울특별시 금천구청 도로과,독산4동-1075,방범등,서울특별시 금천구 독산4동 286-5,2025-06-17,37.4698169,126.8987807
서울특별시 금천구청 도로과,독산4동-1076,방범등,서울특별시 금천구 독산4동 286-6,2025-06-17,37.4697036,126.8987701
서울특별시 금천구청 도로과,독산4동-1077,방범등,서울특별시 금천구 독산4동 197-20,2025-06-17,37.4699153,126.9008311
서울특별시 금천구청 도로과,독산4동-1079,방범등,서울특별시 금천구 독산4동 285-12,2025-06-17,37.4694975,126.8999573
서울특별시 금천구청 도로과,독산4동-108,방범등,서울특별시 금천구 독산4동 196-8,2025-06-17,37.4694826,126.9015693
서울특별시 금천구청 도로과,독산4동-1080,방범등,서울특별시 금천구 독산4동 198-13,2025-06-17,37.4702474,126.9019248
서울특별시 금천구청 도로과,독산4동-1081,방범등,서울특별시 금천구 독산4동 201-18,2025-06-17,37.4704618,126.8991118
서울특별시 금천구청 도로과,독산4동-1082,방범등,서울특별시 금천구 독산4동 285-27,2025-06-17,37.4694521,126.8994038
서울특별시 금천구청 도로과,독산4동-1083,방범등,서울특별시 금천구 독산4동 198-49,2025-06-17,37.4706361,126.9007844
서울특별시 금천구청 도로과,독산4동-1084,방범등,서울특별시 금천구 독산4동 196-37,2025-06-17,37.4695200,126.9009914
서울특별시 금천구청 도로과,독산4동-1085,방범등,서울특별시 금천구 독산4동 285-21,2025-06-17,37.4697304,126.8990720
서울특별시 금천구청 도로과,독산4동-1086,방범등,서울특별시 금천구 독산4동 286-3,2025-06-17,37.4700351,126.8988039
서울특별시 금천구청 도로과,독산4동-1087,방범등,서울특별시 금천구 독산4동 285-10,2025-06-17,37.4695150,126.8997271
서울특별시 금천구청 도로과,독산4동-1088,방범등,서울특별시 금천구 독산4동 201-3,2025-06-17,37.4705701,126.9002089
서울특별시 금천구청 도로과,독산4동-1089,방범등,서울특별시 금천구 독산4동 201-7,2025-06-17,37.4703560,126.9000550
서울특별시 금천구청 도로과,독산4동-1090,방범등,서울특별시 금천구 독산4동 201-1,2025-06-17,37.4706995,126.9000601
서울특별시 금천구청 도로과,독산4동-1091,방범등,서울특별시 금천구 독산4동 194-10,2025-06-17,37.4701271,126.9021142
서울특별시 금천구청 도로과,독산4동-201,방범등,서울특별시 금천구 독산4동 1012-1,2025-06-17,37.4693141,126.8987269
서울특별시 금천구청 도로과,독산4동-2010,방범등,서울특별시 금천구 독산4동 1015-7,2025-06-17,37.4682365,126.8996541
서울특별시 금천구청 도로과,독산4동-20100,방범등,서울특별시 금천구 독산4동 1015-9,2025-06-17,37.4680510,126.8997812
서울특별시 금천구청 도로과,독산4동-20101,방범등,서울특별시 금천구 독산4동 1013-11,2025-06-17,37.4690798,126.8995151
서울특별시 금천구청 도로과,독산4동-20102,방범등,서울특별시 금천구 독산4동 1026-9,2025-06-17,37.4669206,126.9005213
서울특별시 금천구청 도로과,독산4동-20103,방범등,서울특별시 금천구 독산4동 1026-2,2025-06-17,37.4668815,126.9000437
서울특별시 금천구청 도로과,독산4동-20104,방범등,서울특별시 금천구 독산4동 1018,2025-06-17,37.4691174,126.9002049
서울특별시 금천구청 도로과,독산4동-2011,방범등,서울특별시 금천구 독산4동 1015-8,2025-06-17,37.4682225,126.8998528
서울특별시 금천구청 도로과,독산4동-2012,방범등,서울특별시 금천구 독산4동 1014-1,2025-06-17,37.4686845,126.8990798
서울특별시 금천구청 도로과,독산4동-2013,방범등,서울특별시 금천구 독산4동 1014-15,2025-06-17,37.4686535,126.8995848
서울특별시 금천구청 도로과,독산4동-2014,방범등,서울특별시 금천구 독산4동 1014-16,2025-06-17,37.4686436,126.8997548
서울특별시 금천구청 도로과,독산4동-2015,방범등,서울특별시 금천구 독산4동 1013-31,2025-06-17,37.4690043,126.8992738
서울특별시 금천구청 도로과,독산4동-2016,방범등,서울특별시 금천구 독산4동 1013-27,2025-06-17,37.4689862,126.8995726
서울특별시 금천구청 도로과,독산4동-2017,방범등,서울특별시 금천구 독산4동 1013-22,2025-06-17,37.4689690,126.8998286
서울특별시 금천구청 도로과,독산4동-2019,방범등,서울특별시 금천구 독산4동 1013-4,2025-06-17,37.4692572,126.8992438
서울특별시 금천구청 도로과,독산4동-202,방범등,서울특별시 금천구 독산4동 1012-3,2025-06-17,37.4691505,126.8987136
서울특별시 금천구청 도로과,독산4동-2020,방범등,서울특별시 금천구 독산4동 1013-15,2025-06-17,37.4692203,126.8997166
서울특별시 금천구청 도로과,독산4동-2021,방범등,서울특별시 금천구 독산4동 1018-0,2025-06-17,37.4691174,126.9002049
서울특별시 금천구청 도로과,독산4동-2022,방범등,서울특별시 금천구 독산4동 1018-12,2025-06-17,37.4690705,126.9005776
서울특별시 금천구청 도로과,독산4동-2023,방범등,서울특별시 금천구 독산4동 1018-17,2025-06-17,37.4689793,126.9008666
서울특별시 금천구청 도로과,독산4동-2024,방범등,서울특별시 금천구 독산4동 1018-22,2025-06-17,37.4689291,126.9012299
서울특별시 금천구청 도로과,독산4동-2025,방범등,서울특별시 금천구 독산4동 1018-23,2025-06-17,37.4687759,126.9012017
서울특별시 금천구청 도로과,독산4동-2026,방범등,서울특별시 금천구 독산4동 1018-11,2025-06-17,37.4689818,126.9005580
서울특별시 금천구청 도로과,독산4동-2027,방범등,서울특별시 금천구 독산4동 1018-3,2025-06-17,37.4688196,126.9001613
서울특별시 금천구청 도로과,독산4동-2028,방범등,서울특별시 금천구 독산4동 1017-0,2025-06-17,37.4686656,126.9001431
서울특별시 금천구청 도로과,독산4동-2029,방범등,서울특별시 금천구 독산4동 1017-3,2025-06-17,37.4686065,126.9003948
서울특별시 금천구청 도로과,독산4동-203,방범등,"서울특별시 금천구 독산4동 1012-6,7",2025-06-17,37.4689255,126.8986923
서울특별시 금천구청 도로과,독산4동-2030,방범등,서울특별시 금천구 독산4동 1017-6,2025-06-17,37.4685836,126.9007400
서울특별시 금천구청 도로과,독산4동-2031,방범등,서울특별시 금천구 독산4동 1017-8,2025-06-17,37.4685350,126.9010057
서울특별시 금천구청 도로과,독산4동-2032,방범등,서울특별시 금천구 독산4동 1017-10,2025-06-17,37.4684430,126.9013692
서울특별시 금천구청 도로과,독산4동-2033,방범등,서울특별시 금천구 독산4동 1017-11,2025-06-17,37.4683392,126.9013206
서울특별시 금천구청 도로과,독산4동-2034,방범등,서울특별시 금천구 독산4동 1017-12,2025-06-17,37.4683436,126.9011883
서울특별시 금천구청 도로과,독산4동-2035,방범등,서울특별시 금천구 독산4동 1017-16,2025-06-17,37.4684067,126.9007131
서울특별시 금천구청 도로과,독산4동-2037,방범등,서울특별시 금천구 독산4동 1017-21,2025-06-17,37.4684455,126.9000941
서울특별시 금천구청 도로과,독산4동-2038,방범등,서울특별시 금천구 독산4동 1016-12,2025-06-17,37.4679440,126.9011771
서울특별시 금천구청 도로과,독산4동-2039,방범등,서울특별시 금천구 독산4동 1019-29,2025-06-17,37.4679238,126.9015278
서울특별시 금천구청 도로과,독산4동-204,방범등,서울특별시 금천구 독산4동 1012-11,2025-06-17,37.4686017,126.8986615
서울특별시 금천구청 도로과,독산4동-2040,방범등,서울특별시 금천구 독산4동 1019-12,2025-06-17,37.4683488,126.9019602
서울특별시 금천구청 도로과,독산4동-2041,방범등,서울특별시 금천구 독산4동 1019-14,2025-06-17,37.4684238,126.9016971
서울특별시 금천구청 도로과,독산4동-2042,방범등,서울특별시 금천구 독산4동 1019-7,2025-06-17,37.4686407,126.9016335
서울특별시 금천구청 도로과,독산4동-2043,방범등,서울특별시 금천구 독산4동 1019-0,2025-06-17,37.4688568,126.9017750
서울특별시 금천구청 도로과,독산4동-2044,방범등,서울특별시 금천구 독산4동 1019-0,2025-06-17,37.4688568,126.9017750
서울특별시 금천구청 도로과,독산4동-2045,방범등,서울특별시 금천구 독산4동 1019-0,2025-06-17,37.4688568,126.9017750
서울특별시 금천구청 도로과,독산4동-2046,방범등,서울특별시 금천구 독산4동 1023-16,2025-06-17,37.4667549,126.9012235
서울특별시 금천구청 도로과,독산4동-2047,방범등,서울특별시 금천구 독산4동 1023-12,2025-06-17,37.4669741,126.9012113
서울특별시 금천구청 도로과,독산4동-2049,방범등,서울특별시 금천구 독산4동 1023-5,2025-06-17,37.4675102,126.9013551
서울특별시 금천구청 도로과,독산4동-205,방범등,서울특별시 금천구 독산4동 1012-13,2025-06-17,37.4682787,126.8986564
서울특별시 금천구청 도로과,독산4동-2050,방범등,서울특별시 금천구 독산4동 1024-9,2025-06-17,37.4677403,126.9011003
서울특별시 금천구청 도로과,독산4동-2051,방범등,서울특별시 금천구 독산4동 1024-7,2025-06-17,37.4677357,126.9008017
서울특별시 금천구청 도로과,독산4동-2052,방범등,서울특별시 금천구 독산4동 1024-3,2025-06-17,37.4677682,126.9003404
서울특별시 금천구청 도로과,독산4동-2053,방범등,서울특별시 금천구 독산4동 1024-11,2025-06-17,37.4675147,126.9010672
서울특별시 금천구청 도로과,독산4동-2054,방범등,서울특별시 금천구 독산4동 1024-13,2025-06-17,37.4675566,126.9007827
서울특별시 금천구청 도로과,독산4동-2055,방범등,서울특별시 금천구 독산4동 1024-16,2025-06-17,37.4675865,126.9003756
서울특별시 금천구청 도로과,독산4동-2056,방범등,서울특별시 금천구 독산4동 1025-12,2025-06-17,37.4671361,126.9008941
서울특별시 금천구청 도로과,독산4동-2057,방범등,서울특별시 금천구 독산4동 1025-17,2025-06-17,37.4671699,126.9002778
서울특별시 금천구청 도로과,독산4동-2058,방범등,서울특별시 금천구 독산4동 1025-21,2025-06-17,37.4671455,126.8998861
서울특별시 금천구청 도로과,독산4동-206,방범등,서울특별시 금천구 독산4동 1012-18,2025-06-17,37.4681213,126.8985801
서울특별시 금천구청 도로과,독산4동-2060,방범등,서울특별시 금천구 독산4동 1026-17,2025-06-17,37.4667786,126.9005401
서울특별시 금천구청 도로과,독산4동-2061,방범등,서울특별시 금천구 독산4동 1027-16,2025-06-17,37.4668532,126.8996136
서울특별시 금천구청 도로과,독산4동-2062,방범등,서울특별시 금천구 독산4동 1027-15,2025-06-17,37.4669845,126.8996302
서울특별시 금천구청 도로과,독산4동-2063,방범등,서울특별시 금천구 독산4동 1027-7,2025-06-17,37.4670350,126.8991001
서울특별시 금천구청 도로과,독산4동-2064,방범등,서울특별시 금천구 독산4동 1027-7,2025-06-17,37.4670350,126.8991001
서울특별시 금천구청 도로과,독산4동-2065,방범등,서울특별시 금천구 독산4동 1027-3,2025-06-17,37.4670478,126.8988646
서울특별시 금천구청 도로과,독산4동-2066,방범등,서울특별시 금천구 독산4동 1028-8,2025-06-17,37.4672111,126.8996648
서울특별시 금천구청 도로과,독산4동-2067,방범등,서울특별시 금천구 독산4동 1028-5 목욕탕앞지주,2025-06-17,37.4672129,126.8995302
서울특별시 금천구청 도로과,독산4동-2069,방범등,서울특별시 금천구 독산4동 1029-8,2025-06-17,37.4676528,126.8992724
서울특별시 금천구청 도로과,독산4동-207,방범등,서울특별시 금천구 독산4동 1012-17,2025-06-17,37.4681383,126.8982966
서울특별시 금천구청 도로과,독산4동-2070,방범등,서울특별시 금천구 독산4동 1029-10,2025-06-17,37.4676268,126.8997117
서울특별시 금천구청 도로과,독산4동-2071,방범등,서울특별시 금천구 독산4동 1029-9,2025-06-17,37.4678032,126.8997271
서울특별시 금천구청 도로과,독산4동-2072,방범등,서울특별시 금천구 독산4동 1029-9,2025-06-17,37.4678032,126.8997271
서울특별시 금천구청 도로과,독산4동-2073,방범등,서울특별시 금천구 독산4동 1029-1,2025-06-17,37.4678296,126.8993206
서울특별시 금천구청 도로과,독산4동-2074,방범등,서울특별시 금천구 독산4동 1029-2,2025-06-17,37.4678199,126.8994707
서울특별시 금천구청 도로과,독산4동-2075,방범등,서울특별시 금천구 독산4동 1030-1,2025-06-17,37.4674875,126.8983952
서울특별시 금천구청 도로과,독산4동-2076,방범등,서울특별시 금천구 독산4동 1030-1,2025-06-17,37.4674875,126.8983952
서울특별시 금천구청 도로과,독산4동-2077,방범등,서울특별시 금천구 독산4동 1030-1,2025-06-17,37.4674875,126.8983952
서울특별시 금천구청 도로과,독산4동-2078,방범등,서울특별시 금천구 독산4동 1030-5,2025-06-17,37.4668734,126.8984872
서울특별시 금천구청 도로과,독산4동-2079,방범등,서울특별시 금천구 독산4동 1019-4,2025-06-17,37.4686247,126.9020490
서울특별시 금천구청 도로과,독산4동-208,방범등,서울특별시 금천구 독산4동 1015-0,2025-06-17,37.4683234,126.8988970
서울특별시 금천구청 도로과,독산4동-2080,방범등,서울특별시 금천구 독산4동 1014-9,2025-06-17,37.4685012,126.8991194
서울특별시 금천구청 도로과,독산4동-2083,방범등,서울특별시 금천구 독산4동 1023-5,2025-06-17,37.4675102,126.9013551
서울특별시 금천구청 도로과,독산4동-2084,방범등,서울특별시 금천구 독산4동 1023-15,2025-06-17,37.4668724,126.9012442
서울특별시 금천구청 도로과,독산4동-2085,방범등,서울특별시 금천구 독산4동 1024-20,2025-06-17,37.4675697,126.8999692
서울특별시 금천구청 도로과,독산4동-2086,방범등,서울특별시 금천구 독산4동 1017-14,2025-06-17,37.4683590,126.9009474
서울특별시 금천구청 도로과,독산4동-2087,방범등,서울특별시 금천구 독산4동 1019-27,2025-06-17,37.4687470,126.9017344
서울특별시 금천구청 도로과,독산4동-2088,방범등,서울특별시 금천구 독산4동 1013-27,2025-06-17,37.4689862,126.8995726
서울특별시 금천구청 도로과,독산4동-2089,방범등,서울특별시 금천구 독산4동 1019-24,2025-06-17,37.4680518,126.9015062
서울특별시 금천구청 도로과,독산4동-209,방범등,서울특별시 금천구 독산4동 1015-4,2025-06-17,37.4683035,126.8992826
서울특별시 금천구청 도로과,독산4동-2090,방범등,서울특별시 금천구 독산4동 1013-16,2025-06-17,37.4691801,126.8998650
서울특별시 금천구청 도로과,독산4동-2091,방범등,서울특별시 금천구 독산4동 1024-9,2025-06-17,37.4677403,126.9011003
서울특별시 금천구청 도로과,독산4동-2093,방범등,서울특별시 금천구 독산4동 1016-22,2025-06-17,37.4680011,126.9000339
서울특별시 금천구청 도로과,독산4동-2096,방범등,서울특별시 금천구 독산4동 1016-18,2025-06-17,37.4680083,126.9004364
서울특별시 금천구청 도로과,독산4동-2097,방범등,서울특별시 금천구 독산4동 1016-22,2025-06-17,37.4680011,126.9000339
서울특별시 금천구청 도로과,독산4동-2098,방범등,서울특별시 금천구 독산4동 1029-0,2025-06-17,37.4677545,126.8989973
서울특별시 금천구청 도로과,독산4동-2099,방범등,서울특별시 금천구 독산4동 1030-1,2025-06-17,37.4674875,126.8983952
서울특별시 금천구청 도로과,독산4동-301,방범등,서울특별시 금천구 독산4동 179-12,2025-06-17,37.4722327,126.9034562
서울특별시 금천구청 도로과,독산4동-3010,방범등,서울특별시 금천구 독산4동 179-25,2025-06-17,37.4715273,126.9037447
서울특별시 금천구청 도로과,독산4동-30100,방범등,서울특별시 금천구 독산4동 193-37,2025-06-17,37.4710474,126.9034286
서울특별시 금천구청 도로과,독산4동-30102,방범등,서울특별시 금천구 독산4동 193-34,2025-06-17,37.4703537,126.9031859
서울특별시 금천구청 도로과,독산4동-30103,방범등,서울특별시 금천구 독산4동 193-24,2025-06-17,37.4700907,126.9031041
서울특별시 금천구청 도로과,독산4동-30104,방범등,서울특별시 금천구 독산4동 193-23,2025-06-17,37.4699509,126.9029727
서울특별시 금천구청 도로과,독산4동-30105,방범등,서울특별시 금천구 독산4동 191-2,2025-06-17,37.4695449,126.9034411
서울특별시 금천구청 도로과,독산4동-30106,방범등,서울특별시 금천구 독산4동 189-41,2025-06-17,37.4696826,126.9037795
서울특별시 금천구청 도로과,독산4동-30107,방범등,서울특별시 금천구 독산4동 191-1,2025-06-17,37.4693248,126.9035296
서울특별시 금천구청 도로과,독산4동-30108,방범등,서울특별시 금천구 독산4동 191-14,2025-06-17,37.4690281,126.9033838
서울특별시 금천구청 도로과,독산4동-30109,방범등,서울특별시 금천구 독산4동 191-16,2025-06-17,37.4688995,126.9035205
서울특별시 금천구청 도로과,독산4동-3011,방범등,서울특별시 금천구 독산4동 180-70,2025-06-17,37.4718699,126.9047801
서울특별시 금천구청 도로과,독산4동-30110,방범등,서울특별시 금천구 독산4동 191-7,2025-06-17,37.4687739,126.9034735
서울특별시 금천구청 도로과,독산4동-30111,방범등,서울특별시 금천구 독산4동 191-22,2025-06-17,37.4688309,126.9032635
서울특별시 금천구청 도로과,독산4동-30112,방범등,서울특별시 금천구 독산4동 191-21,2025-06-17,37.4688533,126.9031572
서울특별시 금천구청 도로과,독산4동-30113,방범등,서울특별시 금천구 독산4동 191-1 (천주교독산동성당 정문),2025-06-17,37.4693248,126.9035296
서울특별시 금천구청 도로과,독산4동-30114,방범등,서울특별시 금천구 독산4동 192-15,2025-06-17,37.4689190,126.9029183
서울특별시 금천구청 도로과,독산4동-30115,방범등,서울특별시 금천구 독산4동 191-2 (문성지구대),2025-06-17,37.4695449,126.9034411
서울특별시 금천구청 도로과,독산4동-30116,방범등,서울특별시 금천구 독산4동 192-15,2025-06-17,37.4689190,126.9029183
서울특별시 금천구청 도로과,독산4동-30117,방범등,서울특별시 금천구 독산4동 182-44,2025-06-17,37.4715523,126.9082820
서울특별시 금천구청 도로과,독산4동-30118,방범등,서울특별시 금천구 독산4동 182-44,2025-06-17,37.4715523,126.9082820
서울특별시 금천구청 도로과,독산4동-30119,방범등,서울특별시 금천구 독산4동 182-44,2025-06-17,37.4715523,126.9082820
서울특별시 금천구청 도로과,독산4동-3012,방범등,서울특별시 금천구 독산4동 180-49,2025-06-17,37.4718502,126.9053312
서울특별시 금천구청 도로과,독산4동-30120,방범등,서울특별시 금천구 독산4동 182-44,2025-06-17,37.4715523,126.9082820
서울특별시 금천구청 도로과,독산4동-30121,방범등,서울특별시 금천구 독산4동 182-44,2025-06-17,37.4715523,126.9082820
서울특별시 금천구청 도로과,독산4동-30122,방범등,서울특별시 금천구 독산4동 186-4,2025-06-17,37.4691080,126.9038057
서울특별시 금천구청 도로과,독산4동-30123,방범등,서울특별시 금천구 독산4동 180-58,2025-06-17,37.4719437,126.9041517
서울특별시 금천구청 도로과,독산4동-30124,방범등,서울특별시 금천구 독산4동 191-1 (천주교독산동성당 뒤),2025-06-17,37.4693248,126.9035296
서울특별시 금천구청 도로과,독산4동-30125,방범등,서울특별시 금천구 독산4동 180-66,2025-06-17,37.4717606,126.9047592
서울특별시 금천구청 도로과,독산4동-30126,방범등,서울특별시 금천구 독산4동 180-52,2025-06-17,37.4721559,126.9041481
서울특별시 금천구청 도로과,독산4동-30127,방범등,서울특별시 금천구 독산4동 179-21,2025-06-17,37.4717647,126.9037636
서울특별시 금천구청 도로과,독산4동-30128,방범등,서울특별시 금천구 독산4동 187-7,2025-06-17,37.4701815,126.9049310
서울특별시 금천구청 도로과,독산4동-30129,방범등,서울특별시 금천구 독산4동 180-23,2025-06-17,37.4719816,126.9057634
서울특별시 금천구청 도로과,독산4동-3013,방범등,서울특별시 금천구 독산4동 180-4,2025-06-17,37.4717484,126.9054897
서울특별시 금천구청 도로과,독산4동-30130,방범등,서울특별시 금천구 독산4동 186-5,2025-06-17,37.4688839,126.9037199
서울특별시 금천구청 도로과,독산4동-30131,방범등,서울특별시 금천구 독산4동 182-44,2025-06-17,37.4715523,126.9082820
서울특별시 금천구청 도로과,독산4동-30132,방범등,서울특별시 금천구 독산4동 182-44,2025-06-17,37.4715523,126.9082820
서울특별시 금천구청 도로과,독산4동-30133,방범등,서울특별시 금천구 독산4동 182-44,2025-06-17,37.4715523,126.9082820
서울특별시 금천구청 도로과,독산4동-30134,방범등,서울특별시 금천구 독산4동 182-44,2025-06-17,37.4715523,126.9082820
서울특별시 금천구청 도로과,독산4동-30135,방범등,서울특별시 금천구 독산4동 180-8,2025-06-17,37.4721052,126.9045828
서울특별시 금천구청 도로과,독산4동-30136,방범등,서울특별시 금천구 독산4동 182-6,2025-06-17,37.4704304,126.9056786
서울특별시 금천구청 도로과,독산4동-30137,방범등,서울특별시 금천구 독산4동 181-76,2025-06-17,37.4716078,126.9044759
서울특별시 금천구청 도로과,독산4동-30138,방범등,서울특별시 금천구 독산4동 187-62,2025-06-17,37.4692089,126.9042665
서울특별시 금천구청 도로과,독산4동-30139,방범등,서울특별시 금천구 독산4동 187-61,2025-06-17,37.4692540,126.9044003
서울특별시 금천구청 도로과,독산4동-3014,방범등,서울특별시 금천구 독산4동 180-25,2025-06-17,37.4718092,126.9057302
서울특별시 금천구청 도로과,독산4동-30140,방범등,서울특별시 금천구 독산4동 192-20,2025-06-17,37.4692700,126.9029522
서울특별시 금천구청 도로과,독산4동-30141,방범등,서울특별시 금천구 독산4동 182-28,2025-06-17,37.4705522,126.9063131
서울특별시 금천구청 도로과,독산4동-30142,방범등,서울특별시 금천구 독산4동 181-133,2025-06-17,37.4713333,126.9064368
서울특별시 금천구청 도로과,독산4동-30143,방범등,서울특별시 금천구 독산4동 188-1,2025-06-17,37.4707424,126.9043133
서울특별시 금천구청 도로과,독산4동-30144,방범등,서울특별시 금천구 독산4동 180-63,2025-06-17,37.4719692,126.9048041
서울특별시 금천구청 도로과,독산4동-30145,방범등,서울특별시 금천구 독산4동 181-66,2025-06-17,37.4711063,126.9041014
서울특별시 금천구청 도로과,독산4동-30146,방범등,서울특별시 금천구 독산4동 187-31,2025-06-17,37.4697148,126.9042096
서울특별시 금천구청 도로과,독산4동-30147,방범등,서울특별시 금천구 독산4동 187-52,2025-06-17,37.4695685,126.9049596
서울특별시 금천구청 도로과,독산4동-30148,방범등,서울특별시 금천구 독산4동 188-21,2025-06-17,37.4701289,126.9042750
서울특별시 금천구청 도로과,독산4동-30149,방범등,서울특별시 금천구 독산4동 181-53,2025-06-17,37.4707856,126.9046065
서울특별시 금천구청 도로과,독산4동-3015,방범등,서울특별시 금천구 독산4동 180-28,2025-06-17,37.4719513,126.9059224
서울특별시 금천구청 도로과,독산4동-30150,방범등,서울특별시 금천구 독산4동 179-23,2025-06-17,37.4715991,126.9036204
서울특별시 금천구청 도로과,독산4동-30151,방범등,서울특별시 금천구 독산4동 181-46,2025-06-17,37.4705234,126.9049571
서울특별시 금천구청 도로과,독산4동-30152,방범등,서울특별시 금천구 독산4동 180-66,2025-06-17,37.4717606,126.9047592
서울특별시 금천구청 도로과,독산4동-30153,방범등,서울특별시 금천구 독산4동 180-35,2025-06-17,37.4718212,126.9060932
서울특별시 금천구청 도로과,독산4동-30154,방범등,서울특별시 금천구 독산4동 181-65,2025-06-17,37.4711948,126.9039536
서울특별시 금천구청 도로과,독산4동-30155,방범등,서울특별시 금천구 독산4동 182-15,2025-06-17,37.4702855,126.9056019
서울특별시 금천구청 도로과,독산4동-30156,방범등,서울특별시 금천구 독산4동 181-36,2025-06-17,37.4708719,126.9050513
서울특별시 금천구청 도로과,독산4동-30157,방범등,서울특별시 금천구 독산4동 180-56,2025-06-17,37.4718534,126.9039837
서울특별시 금천구청 도로과,독산4동-30158,방범등,서울특별시 금천구 독산4동 181-79,2025-06-17,37.4713439,126.9043027
서울특별시 금천구청 도로과,독산4동-30159,방범등,서울특별시 금천구 독산4동 193-7,2025-06-17,37.4705814,126.9035364
서울특별시 금천구청 도로과,독산4동-3016,방범등,서울특별시 금천구 독산4동 180-37,2025-06-17,37.4719082,126.9062449
서울특별시 금천구청 도로과,독산4동-30160,방범등,서울특별시 금천구 독산4동 187-16,2025-06-17,37.4700071,126.9045762
서울특별시 금천구청 도로과,독산4동-30168,방범등,서울특별시 금천구 독산4동 1013-34,2025-06-17,37.4688952,126.8990973
서울특별시 금천구청 도로과,독산4동-30169,방범등,서울특별시 금천구 독산4동 179-17,2025-06-17,37.4720946,126.9037502
서울특별시 금천구청 도로과,독산4동-3017,방범등,서울특별시 금천구 독산4동 181-126,2025-06-17,37.4714212,126.9061624
서울특별시 금천구청 도로과,독산4동-30170,방범등,서울특별시 금천구 독산4동 188-8,2025-06-17,37.4704764,126.9043394
서울특별시 금천구청 도로과,독산4동-3018,방범등,서울특별시 금천구 독산4동 181-143,2025-06-17,37.4713239,126.9059771
서울특별시 금천구청 도로과,독산4동-3019,방범등,서울특별시 금천구 독산4동 181-122,2025-06-17,37.4714474,126.9058714
서울특별시 금천구청 도로과,독산4동-302,방범등,서울특별시 금천구 독산4동 179-17,2025-06-17,37.4720946,126.9037502
서울특별시 금천구청 도로과,독산4동-3020,방범등,서울특별시 금천구 독산4동 181-121,2025-06-17,37.4714686,126.9056938
서울특별시 금천구청 도로과,독산4동-3021,방범등,서울특별시 금천구 독산4동 181-124,2025-06-17,37.4712119,126.9058239
서울특별시 금천구청 도로과,독산4동-3022,방범등,서울특별시 금천구 독산4동 181-8,2025-06-17,37.4711298,126.9059147
서울특별시 금천구청 도로과,독산4동-3023,방범등,서울특별시 금천구 독산4동 181-15,2025-06-17,37.4709204,126.9060694
서울특별시 금천구청 도로과,독산4동-3024,방범등,서울특별시 금천구 독산4동 181-17,2025-06-17,37.4708370,126.9061088
서울특별시 금천구청 도로과,독산4동-3025,방범등,서울특별시 금천구 독산4동 181-18,2025-06-17,37.4708000,126.9059794
서울특별시 금천구청 도로과,독산4동-3026,방범등,서울특별시 금천구 독산4동 181-22,2025-06-17,37.4709283,126.9057269
서울특별시 금천구청 도로과,독산4동-3027,방범등,서울특별시 금천구 독산4동 181-22,2025-06-17,37.4709283,126.9057269
서울특별시 금천구청 도로과,독산4동-3028,방범등,서울특별시 금천구 독산4동 181-31,2025-06-17,37.4706647,126.9054977
서울특별시 금천구청 도로과,독산4동-3029,방범등,서울특별시 금천구 독산4동 181-27,2025-06-17,37.4708852,126.9055994
서울특별시 금천구청 도로과,독산4동-303,방범등,서울특별시 금천구 독산4동 179-17,2025-06-17,37.4720946,126.9037502
서울특별시 금천구청 도로과,독산4동-3030,방범등,서울특별시 금천구 독산4동 181-116,2025-06-17,37.4711152,126.9054985
서울특별시 금천구청 도로과,독산4동-3031,방범등,서울특별시 금천구 독산4동 181-110,2025-06-17,37.4712963,126.9053550
서울특별시 금천구청 도로과,독산4동-3032,방범등,서울특별시 금천구 독산4동 181-113,2025-06-17,37.4714782,126.9055656
서울특별시 금천구청 도로과,독산4동-3033,방범등,서울특별시 금천구 독산4동 181-103,2025-06-17,37.4715192,126.9052634
서울특별시 금천구청 도로과,독산4동-3034,방범등,서울특별시 금천구 독산4동 181-105,2025-06-17,37.4712836,126.9052224
서울특별시 금천구청 도로과,독산4동-3035,방범등,서울특별시 금천구 독산4동 181-107,2025-06-17,37.4710595,126.9051797
서울특별시 금천구청 도로과,독산4동-3036,방범등,서울특별시 금천구 독산4동 181-34,2025-06-17,37.4708425,126.9052871
서울특별시 금천구청 도로과,독산4동-3037,방범등,서울특별시 금천구 독산4동 181-42,2025-06-17,37.4706457,126.9050838
서울특별시 금천구청 도로과,독산4동-3038,방범등,서울특별시 금천구 독산4동 181-130,2025-06-17,37.4713885,126.9062806
서울특별시 금천구청 도로과,독산4동-3039,방범등,서울특별시 금천구 독산4동 181-138,2025-06-17,37.4707990,126.9048058
서울특별시 금천구청 도로과,독산4동-304,방범등,서울특별시 금천구 독산4동 179-2,2025-06-17,37.4718951,126.9037743
서울특별시 금천구청 도로과,독산4동-3040,방범등,서울특별시 금천구 독산4동 181-52,2025-06-17,37.4708752,126.9046988
서울특별시 금천구청 도로과,독산4동-3041,방범등,서울특별시 금천구 독산4동 181-55,2025-06-17,37.4710489,126.9046296
서울특별시 금천구청 도로과,독산4동-3042,방범등,서울특별시 금천구 독산4동 181-93,2025-06-17,37.4713784,126.9049263
서울특별시 금천구청 도로과,독산4동-3043,방범등,서울특별시 금천구 독산4동 181-92,2025-06-17,37.4715545,126.9049563
서울특별시 금천구청 도로과,독산4동-3044,방범등,서울특별시 금천구 독산4동 181-76,2025-06-17,37.4716078,126.9044759
서울특별시 금천구청 도로과,독산4동-3045,방범등,서울특별시 금천구 독산4동 181-78,2025-06-17,37.4714918,126.9044562
서울특별시 금천구청 도로과,독산4동-3046,방범등,서울특별시 금천구 독산4동 187-33,2025-06-17,37.4696104,126.9040496
서울특별시 금천구청 도로과,독산4동-3047,방범등,서울특별시 금천구 독산4동 181-60,2025-06-17,37.4711348,126.9043861
서울특별시 금천구청 도로과,독산4동-3048,방범등,서울특별시 금천구 독산4동 181-61,2025-06-17,37.4711796,126.9042802
서울특별시 금천구청 도로과,독산4동-3049,방범등,서울특별시 금천구 독산4동 181-66,2025-06-17,37.4711063,126.9041014
서울특별시 금천구청 도로과,독산4동-305,방범등,서울특별시 금천구 독산4동 179-36,2025-06-17,37.4714971,126.9033001
서울특별시 금천구청 도로과,독산4동-3051,방범등,서울특별시 금천구 독산4동 181-77,2025-06-17,37.4714757,126.9043233
서울특별시 금천구청 도로과,독산4동-3052,방범등,서울특별시 금천구 독산4동 181-75,2025-06-17,37.4716139,126.9043479
서울특별시 금천구청 도로과,독산4동-3053,방범등,서울특별시 금천구 독산4동 181-139,2025-06-17,37.4710748,126.9063353
서울특별시 금천구청 도로과,독산4동-3054,방범등,서울특별시 금천구 독산4동 182-27,2025-06-17,37.4704104,126.9064354
서울특별시 금천구청 도로과,독산4동-3055,방범등,서울특별시 금천구 독산4동 182-31,2025-06-17,37.4703714,126.9060847
서울특별시 금천구청 도로과,독산4동-3056,방범등,서울특별시 금천구 독산4동 182-34,2025-06-17,37.4701263,126.9059297
서울특별시 금천구청 도로과,독산4동-3057,방범등,서울특별시 금천구 독산4동 182-5,2025-06-17,37.4703357,126.9057631
서울특별시 금천구청 도로과,독산4동-3058,방범등,서울특별시 금천구 독산4동 182-40,2025-06-17,37.4701694,126.9057293
서울특별시 금천구청 도로과,독산4동-3059,방범등,서울특별시 금천구 독산4동 182-42,2025-06-17,37.4700650,126.9058209
서울특별시 금천구청 도로과,독산4동-306,방범등,서울특별시 금천구 독산4동 179-36,2025-06-17,37.4714971,126.9033001
서울특별시 금천구청 도로과,독산4동-3060,방범등,서울특별시 금천구 독산4동 182-8,2025-06-17,37.4704682,126.9054393
서울특별시 금천구청 도로과,독산4동-3061,방범등,서울특별시 금천구 독산4동 182-8,2025-06-17,37.4704682,126.9054393
서울특별시 금천구청 도로과,독산4동-3062,방범등,서울특별시 금천구 독산4동 182-9,2025-06-17,37.4704272,126.9052642
서울특별시 금천구청 도로과,독산4동-3063,방범등,서울특별시 금천구 독산4동 182-11,2025-06-17,37.4702767,126.9052275
서울특별시 금천구청 도로과,독산4동-3064,방범등,서울특별시 금천구 독산4동 182-24,2025-06-17,37.4701940,126.9052996
서울특별시 금천구청 도로과,독산4동-3065,방범등,서울특별시 금천구 독산4동 187-1,2025-06-17,37.4703107,126.9049475
서울특별시 금천구청 도로과,독산4동-3066,방범등,서울특별시 금천구 독산4동 187-10,2025-06-17,37.4701582,126.9047638
서울특별시 금천구청 도로과,독산4동-3067,방범등,서울특별시 금천구 독산4동 187-57,2025-06-17,37.4698673,126.9050576
서울특별시 금천구청 도로과,독산4동-3068,방범등,서울특별시 금천구 독산4동 187-13,2025-06-17,37.4699322,126.9048244
서울특별시 금천구청 도로과,독산4동-3069,방범등,서울특별시 금천구 독산4동 187-15,2025-06-17,37.4700990,126.9046807
서울특별시 금천구청 도로과,독산4동-307,방범등,서울특별시 금천구 독산4동 179-34,2025-06-17,37.4712309,126.9032678
서울특별시 금천구청 도로과,독산4동-3070,방범등,서울특별시 금천구 독산4동 187-15,2025-06-17,37.4700990,126.9046807
서울특별시 금천구청 도로과,독산4동-3071,방범등,서울특별시 금천구 독산4동 187-27,2025-06-17,37.4697142,126.9045203
서울특별시 금천구청 도로과,독산4동-3072,방범등,서울특별시 금천구 독산4동 187-50,2025-06-17,37.4695192,126.9048641
서울특별시 금천구청 도로과,독산4동-3073,방범등,서울특별시 금천구 독산4동 187-30,2025-06-17,37.4698183,126.9043036
서울특별시 금천구청 도로과,독산4동-3074,방범등,서울특별시 금천구 독산4동 187-29,2025-06-17,37.4697358,126.9043761
서울특별시 금천구청 도로과,독산4동-3075,방범등,서울특별시 금천구 독산4동 187-37,2025-06-17,37.4695245,126.9041959
서울특별시 금천구청 도로과,독산4동-3076,방범등,서울특별시 금천구 독산4동 186-1,2025-06-17,37.4692001,126.9038183
서울특별시 금천구청 도로과,독산4동-3077,방범등,서울특별시 금천구 독산4동 187-60,2025-06-17,37.4693462,126.9043281
서울특별시 금천구청 도로과,독산4동-3078,방범등,서울특별시 금천구 독산4동 186-3,2025-06-17,37.4691090,126.9040692
서울특별시 금천구청 도로과,독산4동-3079,방범등,서울특별시 금천구 독산4동 186-7,2025-06-17,37.4689594,126.9038602
서울특별시 금천구청 도로과,독산4동-308,방범등,서울특별시 금천구 독산4동 179-6,2025-06-17,37.4712615,126.9035874
서울특별시 금천구청 도로과,독산4동-3080,방범등,서울특별시 금천구 독산4동 188-22,2025-06-17,37.4702007,126.9043656
서울특별시 금천구청 도로과,독산4동-3081,방범등,서울특별시 금천구 독산4동 188-12 (건축물 기둥),2025-06-17,37.4704909,126.9045130
서울특별시 금천구청 도로과,독산4동-3082,방범등,서울특별시 금천구 독산4동 188-11,2025-06-17,37.4705603,126.9046024
서울특별시 금천구청 도로과,독산4동-3083,방범등,서울특별시 금천구 독산4동 188-2,2025-06-17,37.4706997,126.9044074
서울특별시 금천구청 도로과,독산4동-3085,방범등,서울특별시 금천구 독산4동 189-1,2025-06-17,37.4709063,126.9039819
서울특별시 금천구청 도로과,독산4동-3086,방범등,서울특별시 금천구 독산4동 189-1,2025-06-17,37.4709063,126.9039819
서울특별시 금천구청 도로과,독산4동-3087,방범등,서울특별시 금천구 독산4동 189-6,2025-06-17,37.4704721,126.9040248
서울특별시 금천구청 도로과,독산4동-3088,방범등,서울특별시 금천구 독산4동 189-7,2025-06-17,37.4703645,126.9039887
서울특별시 금천구청 도로과,독산4동-3089,방범등,서울특별시 금천구 독산4동 189-11,2025-06-17,37.4700263,126.9039057
서울특별시 금천구청 도로과,독산4동-309,방범등,서울특별시 금천구 독산4동 179-23,2025-06-17,37.4715991,126.9036204
서울특별시 금천구청 도로과,독산4동-3090,방범등,서울특별시 금천구 독산4동 189-16,2025-06-17,37.4702441,126.9038690
서울특별시 금천구청 도로과,독산4동-3091,방범등,서울특별시 금천구 독산4동 189-19,2025-06-17,37.4701817,126.9036988
서울특별시 금천구청 도로과,독산4동-3092,방범등,서울특별시 금천구 독산4동 189-21,2025-06-17,37.4699481,126.9036241
서울특별시 금천구청 도로과,독산4동-3093,방범등,서울특별시 금천구 독산4동 189-40,2025-06-17,37.4697904,126.9038163
서울특별시 금천구청 도로과,독산4동-3094,방범등,서울특별시 금천구 독산4동 189-27,2025-06-17,37.4699685,126.9035250
서울특별시 금천구청 도로과,독산4동-3095,방범등,서울특별시 금천구 독산4동 189-30,2025-06-17,37.4703163,126.9036389
서울특별시 금천구청 도로과,독산4동-3096,방범등,서울특별시 금천구 독산4동 189-33,2025-06-17,37.4706369,126.9037821
서울특별시 금천구청 도로과,독산4동-3097,방범등,서울특별시 금천구 독산4동 189-1,2025-06-17,37.4709063,126.9039819
서울특별시 금천구청 도로과,독산4동-3098,방범등,서울특별시 금천구 독산4동 189-1,2025-06-17,37.4709063,126.9039819
서울특별시 금천구청 도로과,독산4동-3099,방범등,서울특별시 금천구 독산4동 193-1,2025-06-17,37.4710590,126.9036654
서울특별시 금천구청 도로과,독산4동-401,방범등,서울특별시 금천구 독산4동 183-1,2025-06-17,37.4699638,126.9063257
서울특별시 금천구청 도로과,독산4동-4010,방범등,서울특별시 금천구 독산4동 185-5,2025-06-17,37.4686825,126.9041174
서울특별시 금천구청 도로과,독산4동-40100,방범등,서울특별시 금천구 독산4동 1021-13,2025-06-17,37.4683245,126.9038454
서울특별시 금천구청 도로과,독산4동-40101,방범등,서울특별시 금천구 독산4동 1021-19,2025-06-17,37.4683285,126.9041729
서울특별시 금천구청 도로과,독산4동-40102,방범등,서울특별시 금천구 독산4동 1022-46,2025-06-17,37.4677053,126.9034729
서울특별시 금천구청 도로과,독산4동-40103,방범등,서울특별시 금천구 독산4동 1022-54,2025-06-17,37.4673729,126.9036657
서울특별시 금천구청 도로과,독산4동-40104,방범등,서울특별시 금천구 독산4동 1022-58,2025-06-17,37.4670187,126.9037036
서울특별시 금천구청 도로과,독산4동-40105,방범등,서울특별시 금천구 독산4동 1022-70,2025-06-17,37.4672342,126.9033255
서울특별시 금천구청 도로과,독산4동-40106,방범등,서울특별시 금천구 독산4동 1022-85,2025-06-17,37.4670878,126.9033402
서울특별시 금천구청 도로과,독산4동-40107,방범등,서울특별시 금천구 독산4동 1022-95,2025-06-17,37.4668964,126.9030239
서울특별시 금천구청 도로과,독산4동-40108,방범등,서울특별시 금천구 독산4동 1022-92,2025-06-17,37.4670730,126.9031909
서울특별시 금천구청 도로과,독산4동-40109,방범등,서울특별시 금천구 독산4동 1022-71,2025-06-17,37.4673291,126.9032006
서울특별시 금천구청 도로과,독산4동-4011,방범등,서울특별시 금천구 독산4동 185-7,2025-06-17,37.4687091,126.9038341
서울특별시 금천구청 도로과,독산4동-40110,방범등,서울특별시 금천구 독산4동 1021-13,2025-06-17,37.4683245,126.9038454
서울특별시 금천구청 도로과,독산4동-40111,방범등,서울특별시 금천구 독산4동 1022-31,2025-06-17,37.4678068,126.9031509
서울특별시 금천구청 도로과,독산4동-40112,방범등,서울특별시 금천구 독산4동 1022-27,2025-06-17,37.4675849,126.9028559
서울특별시 금천구청 도로과,독산4동-40113,방범등,서울특별시 금천구 독산4동 1022-24,2025-06-17,37.4673076,126.9029095
서울특별시 금천구청 도로과,독산4동-40114,방범등,서울특별시 금천구 독산4동 1022-16,2025-06-17,37.4674916,126.9025457
서울특별시 금천구청 도로과,독산4동-40115,방범등,"서울특별시 금천구 독산4동 1022-1,2",2025-06-17,37.4677261,126.9022988
서울특별시 금천구청 도로과,독산4동-40116,방범등,서울특별시 금천구 독산4동 1022-2,2025-06-17,37.4677361,126.9023660
서울특별시 금천구청 도로과,독산4동-40117,방범등,서울특별시 금천구 독산4동 1022-12,2025-06-17,37.4672650,126.9024216
서울특별시 금천구청 도로과,독산4동-40118,방범등,서울특별시 금천구 독산4동 1022-10,2025-06-17,37.4672311,126.9020609
서울특별시 금천구청 도로과,독산4동-40119,방범등,서울특별시 금천구 독산4동 1022-10,2025-06-17,37.4672311,126.9020609
서울특별시 금천구청 도로과,독산4동-4012,방범등,서울특별시 금천구 독산4동 909-2,2025-06-17,37.4676749,126.9037664
서울특별시 금천구청 도로과,독산4동-40120,방범등,서울특별시 금천구 독산4동 1022-102,2025-06-17,37.4670436,126.9028248
서울특별시 금천구청 도로과,독산4동-40121,방범등,서울특별시 금천구 독산4동 1022-113,2025-06-17,37.4669881,126.9022530
서울특별시 금천구청 도로과,독산4동-40122,방범등,서울특별시 금천구 독산4동 1022-115,2025-06-17,37.4668105,126.9022897
서울특별시 금천구청 도로과,독산4동-40124,방범등,서울특별시 금천구 독산4동 1022-113,2025-06-17,37.4669881,126.9022530
서울특별시 금천구청 도로과,독산4동-40125,방범등,서울특별시 금천구 독산4동 1022-111,2025-06-17,37.4669222,126.9024739
서울특별시 금천구청 도로과,독산4동-40126,방범등,서울특별시 금천구 독산4동 1020-22,2025-06-17,37.4678881,126.9022111
서울특별시 금천구청 도로과,독산4동-4013,방범등,서울특별시 금천구 독산4동 909,2025-06-17,37.4678371,126.9037798
서울특별시 금천구청 도로과,독산4동-40132,방범등,서울특별시 금천구 독산4동 산202-1,2025-06-17,37.4670795,126.9090417
서울특별시 금천구청 도로과,독산4동-40133,방범등,서울특별시 금천구 독산4동 374,2025-06-17,37.4675858,126.9088036
서울특별시 금천구청 도로과,독산4동-40134,방범등,서울특별시 금천구 독산4동 374,2025-06-17,37.4675858,126.9088036
서울특별시 금천구청 도로과,독산4동-40135,방범등,서울특별시 금천구 독산4동 923-2,2025-06-17,37.4680418,126.9050558
서울특별시 금천구청 도로과,독산4동-40136,방범등,서울특별시 금천구 독산4동 375-2,2025-06-17,37.4675067,126.9080897
서울특별시 금천구청 도로과,독산4동-40137,방범등,서울특별시 금천구 독산4동 374,2025-06-17,37.4675858,126.9088036
서울특별시 금천구청 도로과,독산4동-40138,방범등,서울특별시 금천구 독산4동 938-5,2025-06-17,37.4677781,126.9072929
서울특별시 금천구청 도로과,독산4동-40139,방범등,서울특별시 금천구 독산4동 산193-3(939-7방향),2025-06-17,37.4675480,126.9074439
서울특별시 금천구청 도로과,독산4동-4014,방범등,서울특별시 금천구 독산4동 910-0,2025-06-17,37.4679237,126.9039462
서울특별시 금천구청 도로과,독산4동-40140,방범등,서울특별시 금천구 독산4동 375-2,2025-06-17,37.4675067,126.9080897
서울특별시 금천구청 도로과,독산4동-40141,방범등,서울특별시 금천구 독산4동 375-2,2025-06-17,37.4675067,126.9080897
서울특별시 금천구청 도로과,독산4동-40142,방범등,서울특별시 금천구 독산4동 1022-98,2025-06-17,37.4667104,126.9028979
서울특별시 금천구청 도로과,독산4동-40144,방범등,서울특별시 금천구 독산4동 1021-27,2025-06-17,37.4683250,126.9032885
서울특별시 금천구청 도로과,독산4동-40145,방범등,서울특별시 금천구 독산4동 910-6,2025-06-17,37.4683545,126.9045575
서울특별시 금천구청 도로과,독산4동-40146,방범등,서울특별시 금천구 독산4동 187-40,2025-06-17,37.4694460,126.9045000
서울특별시 금천구청 도로과,독산4동-4015,방범등,서울특별시 금천구 독산4동 911-0,2025-06-17,37.4685272,126.9047046
서울특별시 금천구청 도로과,독산4동-40150,방범등,서울특별시 금천구 독산4동 914,2025-06-17,37.4690753,126.9055377
서울특별시 금천구청 도로과,독산4동-40152,방범등,서울특별시 금천구 독산4동 201-16,2025-06-17,37.4707106,126.8998486
서울특별시 금천구청 도로과,독산4동-40153,방범등,서울특별시 금천구 독산4동 937-3,2025-06-17,37.4682657,126.9064736
서울특별시 금천구청 도로과,독산4동-40155,방범등,서울특별시 금천구 독산4동 산202-1,2025-06-17,37.4670795,126.9090417
서울특별시 금천구청 도로과,독산4동-40157,방범등,서울특별시 금천구 독산4동 928-3,2025-06-17,37.4670255,126.9040198
서울특별시 금천구청 도로과,독산4동-40158,방범등,서울특별시 금천구 독산4동 1022-98,2025-06-17,37.4667104,126.9028979
서울특별시 금천구청 도로과,독산4동-40159,방범등,서울특별시 금천구 독산4동 932-0,2025-06-17,37.4677449,126.9050285
서울특별시 금천구청 도로과,독산4동-4016,방범등,서울특별시 금천구 독산4동 912-0,2025-06-17,37.4687316,126.9049347
서울특별시 금천구청 도로과,독산4동-40160,방범등,서울특별시 금천구 독산4동 1021-34,2025-06-17,37.4681833,126.9035148
서울특별시 금천구청 도로과,독산4동-40161,방범등,서울특별시 금천구 독산4동 1021-22,2025-06-17,37.4682395,126.9040044
서울특별시 금천구청 도로과,독산4동-40162,방범등,서울특별시 금천구 독산4동 1015-16,2025-06-17,37.4680932,126.8990411
서울특별시 금천구청 도로과,독산4동-40168,방범등,서울특별시 금천구 독산4동 1021-4,2025-06-17,37.4684329,126.9035322
서울특별시 금천구청 도로과,독산4동-4017,방범등,서울특별시 금천구 독산4동 912-2,2025-06-17,37.4685685,126.9050548
서울특별시 금천구청 도로과,독산4동-40172,방범등,서울특별시 금천구 독산4동 184-5,2025-06-17,37.4690345,126.9044472
서울특별시 금천구청 도로과,독산4동-40173,방범등,서울특별시 금천구 독산4동 943,2025-06-17,37.4675877,126.9055759
서울특별시 금천구청 도로과,독산4동-40174,방범등,서울특별시 금천구 독산4동 944-4,2025-06-17,37.4671184,126.9055258
서울특별시 금천구청 도로과,독산4동-40175,방범등,서울특별시 금천구 독산4동 산199-1,2025-06-17,37.4673631,126.9099711
서울특별시 금천구청 도로과,독산4동-40176,방범등,서울특별시 금천구 독산4동 1022-119,2025-06-17,37.4667818,126.9021511
서울특별시 금천구청 도로과,독산4동-40178,방범등,서울특별시 금천구 독산4동 933-4,2025-06-17,37.4677467,126.9052814
서울특별시 금천구청 도로과,독산4동-40179,방범등,서울특별시 금천구 독산4동 925,2025-06-17,37.4679206,126.9043298
서울특별시 금천구청 도로과,독산4동-4018,방범등,서울특별시 금천구 독산4동 913-7,2025-06-17,37.4688506,126.9054056
서울특별시 금천구청 도로과,독산4동-40180,방범등,서울특별시 금천구 독산4동 930,2025-06-17,37.4674627,126.9044572
서울특별시 금천구청 도로과,독산4동-40181,방범등,서울특별시 금천구 독산4동 1021-35,2025-06-17,37.4681509,126.9036745
서울특별시 금천구청 도로과,독산4동-40183,방범등,서울특별시 금천구 독산4동 913-2,2025-06-17,37.4687904,126.9052816
서울특별시 금천구청 도로과,독산4동-40184,방범등,서울특별시 금천구 독산4동 921,2025-06-17,37.4684983,126.9055054
서울특별시 금천구청 도로과,독산4동-40185,방범등,서울특별시 금천구 독산4동 920-6,2025-06-17,37.4685515,126.9058595
서울특별시 금천구청 도로과,독산4동-40186,방범등,서울특별시 금천구 독산4동 934-4,2025-06-17,37.4678863,126.9055695
서울특별시 금천구청 도로과,독산4동-40187,방범등,서울특별시 금천구 독산4동 922,2025-06-17,37.4683579,126.9052148
서울특별시 금천구청 도로과,독산4동-40188,방범등,서울특별시 금천구 독산4동 927-11,2025-06-17,37.4675403,126.9038319
서울특별시 금천구청 도로과,독산4동-40189,방범등,서울특별시 금천구 독산4동 1022-54,2025-06-17,37.4673729,126.9036657
서울특별시 금천구청 도로과,독산4동-4019,방범등,서울특별시 금천구 독산4동 914-0,2025-06-17,37.4690753,126.9055377
서울특별시 금천구청 도로과,독산4동-40190,방범등,서울특별시 금천구 독산4동 1022-5,2025-06-17,37.4674437,126.9023711
서울특별시 금천구청 도로과,독산4동-40191,방범등,서울특별시 금천구 독산4동 1022-129,2025-06-17,37.4676264,126.9023440
서울특별시 금천구청 도로과,독산4동-40192,방범등,서울특별시 금천구 독산4동 1022-81,2025-06-17,37.4671440,126.9023130
서울특별시 금천구청 도로과,독산4동-40193,방범등,서울특별시 금천구 독산4동 1025-1,2025-06-17,37.4673627,126.9000474
서울특별시 금천구청 도로과,독산4동-40194,방범등,서울특별시 금천구 독산4동 1025-4,2025-06-17,37.4673431,126.9004192
서울특별시 금천구청 도로과,독산4동-40195,방범등,서울특별시 금천구 독산4동 371-2,2025-06-17,37.4701553,126.9072651
서울특별시 금천구청 도로과,독산4동-40196,방범등,서울특별시 금천구 독산4동 913-9,2025-06-17,37.4690426,126.9052764
서울특별시 금천구청 도로과,독산4동-40197,방범등,서울특별시 금천구 독산4동 1020-16,2025-06-17,37.4680471,126.9026822
서울특별시 금천구청 도로과,독산4동-40198,방범등,서울특별시 금천구 독산4동 181-124,2025-06-17,37.4712119,126.9058239
서울특별시 금천구청 도로과,독산4동-40199,방범등,서울특별시 금천구 독산4동 181-47,2025-06-17,37.4706198,126.9048057
서울특별시 금천구청 도로과,독산4동-402,방범등,서울특별시 금천구 독산4동 183-1,2025-06-17,37.4699638,126.9063257
서울특별시 금천구청 도로과,독산4동-4020,방범등,서울특별시 금천구 독산4동 914-9,2025-06-17,37.4691874,126.9055372
서울특별시 금천구청 도로과,독산4동-40200,방범등,서울특별시 금천구 독산4동 182-2,2025-06-17,37.4705605,126.9065908
서울특별시 금천구청 도로과,독산4동-40201,방범등,서울특별시 금천구 독산4동 196-41,2025-06-17,37.4694557,126.9012999
서울특별시 금천구청 도로과,독산4동-40202,방범등,서울특별시 금천구 독산4동 196-33,2025-06-17,37.4691570,126.9013789
서울특별시 금천구청 도로과,독산4동-40203,방범등,서울특별시 금천구 독산4동 196-30,2025-06-17,37.4692286,126.9012717
서울특별시 금천구청 도로과,독산4동-40204,방범등,서울특별시 금천구 독산4동 1018-1,2025-06-17,37.4690126,126.9001886
서울특별시 금천구청 도로과,독산4동-40205,방범등,서울특별시 금천구 독산4동 1027-9,2025-06-17,37.4669103,126.8992161
서울특별시 금천구청 도로과,독산4동-40206,방범등,서울특별시 금천구 독산4동 1019-28,2025-06-17,37.4679448,126.9014049
서울특별시 금천구청 도로과,독산4동-40207,방범등,서울특별시 금천구 독산4동 1018-27,2025-06-17,37.4687577,126.9014627
서울특별시 금천구청 도로과,독산4동-40208,방범등,서울특별시 금천구 독산4동 1018-19,2025-06-17,37.4687990,126.9009531
서울특별시 금천구청 도로과,독산4동-40209,방범등,서울특별시 금천구 독산4동 1018-15,2025-06-17,37.4687979,126.9006918
서울특별시 금천구청 도로과,독산4동-4021,방범등,서울특별시 금천구 독산4동 914-7,2025-06-17,37.4690162,126.9056702
서울특별시 금천구청 도로과,독산4동-40210,방범등,서울특별시 금천구 독산4동 1018-4,2025-06-17,37.4688072,126.9003183
서울특별시 금천구청 도로과,독산4동-40211,방범등,서울특별시 금천구 독산4동 1017-19,2025-06-17,37.4684293,126.9003538
서울특별시 금천구청 도로과,독산4동-40212,방범등,서울특별시 금천구 독산4동 1015-18,2025-06-17,37.4682309,126.8997521
서울특별시 금천구청 도로과,독산4동-40213,방범등,서울특별시 금천구 독산4동 1025-22,2025-06-17,37.4673225,126.8999045
서울특별시 금천구청 도로과,독산4동-40214,방범등,서울특별시 금천구 독산4동 1013-29,2025-06-17,37.4688769,126.8993874
서울특별시 금천구청 도로과,독산4동-40215,방범등,서울특별시 금천구 독산4동 1027-3,2025-06-17,37.4670478,126.8988646
서울특별시 금천구청 도로과,독산4동-40216,방범등,서울특별시 금천구 독산4동 1023-8,2025-06-17,37.4671974,126.9013026
서울특별시 금천구청 도로과,독산4동-40217,방범등,서울특별시 금천구 독산4동 926,2025-06-17,37.4677774,126.9040456
서울특별시 금천구청 도로과,독산4동-40218,방범등,서울특별시 금천구 독산4동 1022-6,2025-06-17,37.4673547,126.9023850
서울특별시 금천구청 도로과,독산4동-40219,방범등,서울특별시 금천구 독산4동 198-18,2025-06-17,37.4702623,126.9013792
서울특별시 금천구청 도로과,독산4동-4022,방범등,서울특별시 금천구 독산4동 915-9,2025-06-17,37.4693305,126.9058280
서울특별시 금천구청 도로과,독산4동-40220,방범등,서울특별시 금천구 독산4동 1025,2025-06-17,37.4674112,126.8999186
서울특별시 금천구청 도로과,독산4동-40221,방범등,서울특별시 금천구 독산4동 199-37,2025-06-17,37.4708683,126.9005418
서울특별시 금천구청 도로과,독산4동-40222,방범등,서울특별시 금천구 독산4동 197-26,2025-06-17,37.4698914,126.9003309
서울특별시 금천구청 도로과,독산4동-40223,방범등,서울특별시 금천구 독산4동 378-26,2025-06-17,,
서울특별시 금천구청 도로과,독산4동-40224,방범등,서울특별시 금천구 독산4동 187-26,2025-06-17,37.4697939,126.9044509
서울특별시 금천구청 도로과,독산4동-40225,방범등,서울특별시 금천구 독산4동 198-7,2025-06-17,37.4705165,126.9015741
서울특별시 금천구청 도로과,독산4동-40226,방범등,서울특별시 금천구 독산4동 189-42,2025-06-17,37.4697052,126.9036753
서울특별시 금천구청 도로과,독산4동-40227,방범등,서울특별시 금천구 독산4동 917,2025-06-17,37.4695347,126.9064417
서울특별시 금천구청 도로과,독산4동-40228,방범등,서울특별시 금천구 독산4동 917-15,2025-06-17,37.4688223,126.9069368
서울특별시 금천구청 도로과,독산4동-40229,방범등,서울특별시 금천구 독산4동 198-34,2025-06-17,37.4703391,126.9004128
서울특별시 금천구청 도로과,독산4동-4023,방범등,서울특별시 금천구 독산4동 915-7,2025-06-17,37.4691576,126.9059586
서울특별시 금천구청 도로과,독산4동-40230,방범등,서울특별시 금천구 독산4동 1025-14,2025-06-17,37.4671509,126.9006477
서울특별시 금천구청 도로과,독산4동-40231,방범등,서울특별시 금천구 독산4동 1028-8,2025-06-17,37.4672111,126.8996648
서울특별시 금천구청 도로과,독산4동-40232,방범등,서울특별시 금천구 독산4동 926-4,2025-06-17,37.4675789,126.9043672
서울특별시 금천구청 도로과,독산4동-40233,방범등,서울특별시 금천구 독산4동 284-20,2025-06-17,37.4700371,126.8993242
서울특별시 금천구청 도로과,독산4동-40234,방범등,서울특별시 금천구 독산4동 285-30,2025-06-17,37.4696922,126.8994612
서울특별시 금천구청 도로과,독산4동-40235,방범등,서울특별시 금천구 독산4동 924-7,2025-06-17,37.4681239,126.9047392
서울특별시 금천구청 도로과,독산4동-40236,방범등,서울특별시 금천구 독산4동 287-4,2025-06-17,37.4710015,126.8988872
서울특별시 금천구청 도로과,독산4동-4024,방범등,서울특별시 금천구 독산4동 917,2025-06-17,37.4695347,126.9064417
서울특별시 금천구청 도로과,독산4동-4025,방범등,서울특별시 금천구 독산4동 917,2025-06-17,37.4695347,126.9064417
서울특별시 금천구청 도로과,독산4동-4026,방범등,서울특별시 금천구 독산4동 917 (금천호암노인종합복지관),2025-06-17,37.4695347,126.9064417
서울특별시 금천구청 도로과,독산4동-4027,방범등,서울특별시 금천구 독산4동 917-3,2025-06-17,37.4691544,126.9067240
서울특별시 금천구청 도로과,독산4동-4028,방범등,서울특별시 금천구 독산4동 917-3,2025-06-17,37.4691544,126.9067240
서울특별시 금천구청 도로과,독산4동-4029,방범등,서울특별시 금천구 독산4동 919-0,2025-06-17,37.4688414,126.9061997
서울특별시 금천구청 도로과,독산4동-403,방범등,서울특별시 금천구 독산4동 183-3,2025-06-17,37.4697203,126.9057071
서울특별시 금천구청 도로과,독산4동-4030,방범등,서울특별시 금천구 독산4동 919-2,2025-06-17,37.4686664,126.9063363
서울특별시 금천구청 도로과,독산4동-4031,방범등,서울특별시 금천구 독산4동 920-0,2025-06-17,37.4687007,126.9059122
서울특별시 금천구청 도로과,독산4동-4032,방범등,서울특별시 금천구 독산4동 920-3,2025-06-17,37.4684371,126.9061172
서울특별시 금천구청 도로과,독산4동-4033,방범등,서울특별시 금천구 독산4동 920-4,2025-06-17,37.4683773,126.9059968
서울특별시 금천구청 도로과,독산4동-4034,방범등,서울특별시 금천구 독산4동 921-7,2025-06-17,37.4685622,126.9056350
서울특별시 금천구청 도로과,독산4동-4035,방범등,서울특별시 금천구 독산4동 921-0,2025-06-17,37.4684983,126.9055054
서울특별시 금천구청 도로과,독산4동-4036,방범등,서울특별시 금천구 독산4동 921-2,2025-06-17,37.4683221,126.9056376
서울특별시 금천구청 도로과,독산4동-4037,방범등,서울특별시 금천구 독산4동 922-0,2025-06-17,37.4683579,126.9052148
서울특별시 금천구청 도로과,독산4동-4038,방범등,서울특별시 금천구 독산4동 922-2,2025-06-17,37.4681816,126.9053472
서울특별시 금천구청 도로과,독산4동-4039,방범등,서울특별시 금천구 독산4동 923-0,2025-06-17,37.4682181,126.9049238
서울특별시 금천구청 도로과,독산4동-404,방범등,서울특별시 금천구 독산4동 183-4 (행운빌라A),2025-06-17,37.4695686,126.9058396
서울특별시 금천구청 도로과,독산4동-4040,방범등,서울특별시 금천구 독산4동 924-0,2025-06-17,37.4680197,126.9046495
서울특별시 금천구청 도로과,독산4동-4041,방범등,서울특별시 금천구 독산4동 924-1,2025-06-17,37.4679745,126.9046830
서울특별시 금천구청 도로과,독산4동-4042,방범등,서울특별시 금천구 독산4동 925-2,2025-06-17,37.4677372,126.9045561
서울특별시 금천구청 도로과,독산4동-4043,방범등,서울특별시 금천구 독산4동 925-2,2025-06-17,37.4677372,126.9045561
서울특별시 금천구청 도로과,독산4동-4044,방범등,서울특별시 금천구 독산4동 925-2,2025-06-17,37.4677372,126.9045561
서울특별시 금천구청 도로과,독산4동-4045,방범등,서울특별시 금천구 독산4동 925-1,2025-06-17,37.4678346,126.9043952
서울특별시 금천구청 도로과,독산4동-4046,방범등,서울특별시 금천구 독산4동 927-0,2025-06-17,37.4676037,126.9039550
서울특별시 금천구청 도로과,독산4동-4047,방범등,서울특별시 금천구 독산4동 927-3,2025-06-17,37.4673298,126.9041661
서울특별시 금천구청 도로과,독산4동-4048,방범등,서울특별시 금천구 독산4동 928-1,2025-06-17,37.4671941,126.9038486
서울특별시 금천구청 도로과,독산4동-4049,방범등,서울특별시 금천구 독산4동 931-5,2025-06-17,37.4675436,126.9046198
서울특별시 금천구청 도로과,독산4동-405,방범등,서울특별시 금천구 독산4동 184-3,2025-06-17,37.4693327,126.9051982
서울특별시 금천구청 도로과,독산4동-4050,방범등,서울특별시 금천구 독산4동 931-1,2025-06-17,37.4675159,126.9048094
서울특별시 금천구청 도로과,독산4동-4051,방범등,서울특별시 금천구 독산4동 932-5,2025-06-17,37.4676842,126.9049045
서울특별시 금천구청 도로과,독산4동-4052,방범등,서울특별시 금천구 독산4동 933-5,2025-06-17,37.4678349,126.9052146
서울특별시 금천구청 도로과,독산4동-4053,방범등,서울특별시 금천구 독산4동 934-5,2025-06-17,37.4679749,126.9055036
서울특별시 금천구청 도로과,독산4동-4054,방범등,서울특별시 금천구 독산4동 934-0,2025-06-17,37.4680340,126.9056279
서울특별시 금천구청 도로과,독산4동-4055,방범등,서울특별시 금천구 독산4동 935-4,2025-06-17,37.4680258,126.9058594
서울특별시 금천구청 도로과,독산4동-4056,방범등,서울특별시 금천구 독산4동 935-0,2025-06-17,37.4681754,126.9059185
서울특별시 금천구청 도로과,독산4동-4058,방범등,서울특별시 금천구 독산4동 936-0,2025-06-17,37.4683174,126.9062092
서울특별시 금천구청 도로과,독산4동-4059,방범등,서울특별시 금천구 독산4동 937-0,2025-06-17,37.4684372,126.9065151
서울특별시 금천구청 도로과,독산4동-406,방범등,서울특별시 금천구 독산4동 184-4,2025-06-17,37.4690913,126.9049026
서울특별시 금천구청 도로과,독산4동-4060,방범등,서울특별시 금천구 독산4동 939-0,2025-06-17,37.4681370,126.9067430
서울특별시 금천구청 도로과,독산4동-4061,방범등,서울특별시 금천구 독산4동 939-2,2025-06-17,37.4679500,126.9068899
서울특별시 금천구청 도로과,독산4동-4062,방범등,서울특별시 금천구 독산4동 939-6,2025-06-17,37.4676093,126.9071485
서울특별시 금천구청 도로과,독산4동-4064,방범등,서울특별시 금천구 독산4동 939-9,2025-06-17,37.4676347,126.9069610
서울특별시 금천구청 도로과,독산4동-4065,방범등,서울특별시 금천구 독산4동 940-1,2025-06-17,37.4678977,126.9065314
서울특별시 금천구청 도로과,독산4동-4066,방범등,서울특별시 금천구 독산4동 940-0,2025-06-17,37.4679962,126.9064548
서울특별시 금천구청 도로과,독산4동-4067,방범등,서울특별시 금천구 독산4동 940-6,2025-06-17,37.4674976,126.9066948
서울특별시 금천구청 도로과,독산4동-4068,방범등,서울특별시 금천구 독산4동 941-0,2025-06-17,37.4678252,126.9061027
서울특별시 금천구청 도로과,독산4동-4069,방범등,서울특별시 금천구 독산4동 941-0,2025-06-17,37.4678252,126.9061027
서울특별시 금천구청 도로과,독산4동-407,방범등,서울특별시 금천구 독산4동 184-4,2025-06-17,37.4690913,126.9049026
서울특별시 금천구청 도로과,독산4동-4070,방범등,서울특별시 금천구 독산4동 941-1,2025-06-17,37.4677560,126.9062430
서울특별시 금천구청 도로과,독산4동-4071,방범등,서울특별시 금천구 독산4동 941-7,2025-06-17,37.4676524,126.9061499
서울특별시 금천구청 도로과,독산4동-4072,방범등,서울특별시 금천구 독산4동 942-5,2025-06-17,37.4673305,126.9060066
서울특별시 금천구청 도로과,독산4동-4073,방범등,서울특별시 금천구 독산4동 942-9,2025-06-17,37.4676402,126.9057577
서울특별시 금천구청 도로과,독산4동-4074,방범등,서울특별시 금천구 독산4동 943-3,2025-06-17,37.4673001,126.9057967
서울특별시 금천구청 도로과,독산4동-4075,방범등,서울특별시 금천구 독산4동 943-9,2025-06-17,37.4675276,126.9054531
서울특별시 금천구청 도로과,독산4동-4076,방범등,서울특별시 금천구 독산4동 944-2,2025-06-17,37.4672770,126.9053933
서울특별시 금천구청 도로과,독산4동-4077,방범등,서울특별시 금천구 독산4동 944-8,2025-06-17,37.4673779,126.9051434
서울특별시 금천구청 도로과,독산4동-4078,방범등,서울특별시 금천구 독산4동 944-6,2025-06-17,37.4672161,126.9052650
서울특별시 금천구청 도로과,독산4동-4079,방범등,서울특별시 금천구 독산4동 945-4,2025-06-17,37.4672180,126.9048714
서울특별시 금천구청 도로과,독산4동-408,방범등,서울특별시 금천구 독산4동 185-3,2025-06-17,37.4687967,126.9043491
서울특별시 금천구청 도로과,독산4동-4080,방범등,서울특별시 금천구 독산4동 945-3,2025-06-17,37.4671093,126.9049450
서울특별시 금천구청 도로과,독산4동-4081,방범등,서울특별시 금천구 독산4동 929-2,2025-06-17,37.4670882,126.9045681
서울특별시 금천구청 도로과,독산4동-4082,방범등,서울특별시 금천구 독산4동 929-6,2025-06-17,37.4668935,126.9042095
서울특별시 금천구청 도로과,독산4동-4083,방범등,서울특별시 금천구 독산4동 929-7,2025-06-17,37.4668509,126.9040802
서울특별시 금천구청 도로과,독산4동-4084,방범등,서울특별시 금천구 독산4동 1020-14,2025-06-17,37.4680843,126.9025348
서울특별시 금천구청 도로과,독산4동-4085,방범등,서울특별시 금천구 독산4동 1020-17,2025-06-17,37.4679302,126.9026552
서울특별시 금천구청 도로과,독산4동-4086,방범등,서울특별시 금천구 독산4동 1021-53,2025-06-17,37.4679422,126.9028729
서울특별시 금천구청 도로과,독산4동-4087,방범등,서울특별시 금천구 독산4동 1021-53,2025-06-17,37.4679422,126.9028729
서울특별시 금천구청 도로과,독산4동-4089,방범등,서울특별시 금천구 독산4동 1021-51,2025-06-17,37.4681332,126.9029352
서울특별시 금천구청 도로과,독산4동-409,방범등,서울특별시 금천구 독산4동 185-10,2025-06-17,37.4686302,126.9045314
서울특별시 금천구청 도로과,독산4동-4090,방범등,서울특별시 금천구 독산4동 1021-31,2025-06-17,37.4682448,126.9030903
서울특별시 금천구청 도로과,독산4동-4091,방범등,서울특별시 금천구 독산4동 1021-43,2025-06-17,37.4681027,126.9033365
서울특별시 금천구청 도로과,독산4동-4092,방범등,서울특별시 금천구 독산4동 1021-47,2025-06-17,37.4679747,126.9031237
서울특별시 금천구청 도로과,독산4동-4093,방범등,서울특별시 금천구 독산4동 1021-29,2025-06-17,37.4683680,126.9030296
서울특별시 금천구청 도로과,독산4동-4094,방범등,서울특별시 금천구 독산4동 1021-26,2025-06-17,37.4683045,126.9034096
서울특별시 금천구청 도로과,독산4동-4095,방범등,서울특별시 금천구 독산4동 1021-4,2025-06-17,37.4684329,126.9035322
서울특별시 금천구청 도로과,독산4동-4097,방범등,서울특별시 금천구 독산4동 1021-41,2025-06-17,37.4679963,126.9034374
서울특별시 금천구청 도로과,독산4동-4098,방범등,서울특별시 금천구 독산4동 1021-37,2025-06-17,37.4680335,126.9037916
서울특별시 금천구청 도로과,독산4동-4099,방범등,서울특별시 금천구 독산4동 1021-22,2025-06-17,37.4682395,126.9040044
서울특별시 금천구청 도로과,독산본동-101,방범등,서울특별시 금천구 독산3동(구 본동) 951-04,2025-06-17,37.4794029,126.9034402
서울특별시 금천구청 도로과,독산본동-1010,방범등,서울특별시 금천구 독산3동(구 본동) 959-00,2025-06-17,37.4788363,126.9030228
서울특별시 금천구청 도로과,독산본동-10100,방범등,서울특별시 금천구 독산3동(구 본동) 955-00,2025-06-17,37.4774146,126.9002445
서울특별시 금천구청 도로과,독산본동-10101,방범등,서울특별시 금천구 독산3동(구 본동) 953-09,2025-06-17,37.4779574,126.8997343
서울특별시 금천구청 도로과,독산본동-10102,방범등,서울특별시 금천구 독산3동(구 본동) 954-01,2025-06-17,37.4774488,126.8995115
서울특별시 금천구청 도로과,독산본동-10103,방범등,서울특별시 금천구 독산3동(구 본동) 954-02,2025-06-17,37.4774488,126.8995115
서울특별시 금천구청 도로과,독산본동-10104,방범등,서울특별시 금천구 독산3동(구 본동) 967-01,2025-06-17,37.4768432,126.8994494
서울특별시 금천구청 도로과,독산본동-10105,방범등,서울특별시 금천구 독산3동(구 본동) 955-10 월편,2025-06-17,37.4769730,126.9000970
서울특별시 금천구청 도로과,독산본동-10106,방범등,서울특별시 금천구 독산3동(구 본동) 966,2025-06-17,37.4766223,126.8999417
서울특별시 금천구청 도로과,독산본동-10107,방범등,서울특별시 금천구 독산3동(구 본동) 965-00,2025-06-17,37.4767972,126.9004928
서울특별시 금천구청 도로과,독산본동-10108,방범등,서울특별시 금천구 독산3동(구 본동) 965-10,2025-06-17,37.4767818,126.9007092
서울특별시 금천구청 도로과,독산본동-10109,방범등,서울특별시 금천구 독산3동(구 본동) 955-12,2025-06-17,37.4769426,126.9009700
서울특별시 금천구청 도로과,독산본동-1011,방범등,서울특별시 금천구 독산3동(구 본동) 959-03,2025-06-17,37.4786538,126.9031267
서울특별시 금천구청 도로과,독산본동-10111,방범등,서울특별시 금천구 독산3동(구 본동) 962-37,2025-06-17,37.4772994,126.9034391
서울특별시 금천구청 도로과,독산본동-10112,방범등,서울특별시 금천구 독산3동(구 본동) 964-16,2025-06-17,37.4770663,126.9017255
서울특별시 금천구청 도로과,독산본동-10113,방범등,서울특별시 금천구 독산3동(구 본동) 958-22,2025-06-17,37.4783219,126.9021746
서울특별시 금천구청 도로과,독산본동-10114,방범등,서울특별시 금천구 독산3동(구 본동) 954-4,2025-06-17,37.4770765,126.8992893
서울특별시 금천구청 도로과,독산본동-10115,방범등,서울특별시 금천구 독산3동(구 본동) 957-5,2025-06-17,37.4774385,126.9015903
서울특별시 금천구청 도로과,독산본동-10116,방범등,서울특별시 금천구 독산3동(구 본동) 958-35,2025-06-17,37.4777589,126.9018105
서울특별시 금천구청 도로과,독산본동-10117,방범등,서울특별시 금천구 독산3동(구 본동) 964-68,2025-06-17,37.4772218,126.9023409
서울특별시 금천구청 도로과,독산본동-10118,방범등,서울특별시 금천구 독산3동(구 본동) 962-13,2025-06-17,37.4770903,126.9030037
서울특별시 금천구청 도로과,독산본동-10119,방범등,서울특별시 금천구 독산3동(구 본동) 964-11,2025-06-17,37.4774665,126.9020619
서울특별시 금천구청 도로과,독산본동-1012,방범등,서울특별시 금천구 독산3동(구 본동) 958-65,2025-06-17,37.4783552,126.9028192
서울특별시 금천구청 도로과,독산본동-10120,방범등,서울특별시 금천구 독산3동(구 본동) 955-1,2025-06-17,37.4776642,126.9009847
서울특별시 금천구청 도로과,독산본동-10121,방범등,서울특별시 금천구 독산3동(구 본동) 957-16,2025-06-17,37.4773062,126.9015727
서울특별시 금천구청 도로과,독산본동-10122,방범등,서울특별시 금천구 독산3동(구 본동) 958-0,2025-06-17,37.4785597,126.9014675
서울특별시 금천구청 도로과,독산본동-10123,방범등,서울특별시 금천구 독산3동(구 본동) 959-4,2025-06-17,37.4785172,126.9031663
서울특별시 금천구청 도로과,독산본동-10124,방범등,서울특별시 금천구 독산3동(구 본동) 958-31,2025-06-17,37.4780089,126.9018580
서울특별시 금천구청 도로과,독산본동-10125,방범등,서울특별시 금천구 독산3동(구 본동) 964-5,2025-06-17,37.4777158,126.9023708
서울특별시 금천구청 도로과,독산본동-10127,방범등,서울특별시 금천구 독산3동(구 본동) 962-34,2025-06-17,37.4771434,126.9033563
서울특별시 금천구청 도로과,독산본동-10128,방범등,서울특별시 금천구 독산3동(구 본동) 959-24,2025-06-17,37.4781992,126.9032313
서울특별시 금천구청 도로과,독산본동-10129,방범등,서울특별시 금천구 독산3동(구 본동) 959-19,2025-06-17,37.4787031,126.9032695
서울특별시 금천구청 도로과,독산본동-1013,방범등,서울특별시 금천구 독산3동(구 본동) 959-16,2025-06-17,37.4785885,126.9033780
서울특별시 금천구청 도로과,독산본동-10130,방범등,서울특별시 금천구 독산3동(구 본동) 964-19,2025-06-17,37.4768836,126.9015283
서울특별시 금천구청 도로과,독산본동-10131,방범등,서울특별시 금천구 독산3동(구 본동) 971-12,2025-06-17,37.4764997,126.9023308
서울특별시 금천구청 도로과,독산본동-10132,방범등,서울특별시 금천구 독산3동(구 본동) 951-3,2025-06-17,37.4792494,126.9029742
서울특별시 금천구청 도로과,독산본동-1014,방범등,서울특별시 금천구 독산3동(구 본동) 959-06,2025-06-17,37.4784327,126.9032336
서울특별시 금천구청 도로과,독산본동-1015,방범등,서울특별시 금천구 독산3동(구 본동) 958-63,2025-06-17,37.4782364,126.9029074
서울특별시 금천구청 도로과,독산본동-1016,방범등,서울특별시 금천구 독산3동(구 본동) 959-08,2025-06-17,37.4782010,126.9031315
서울특별시 금천구청 도로과,독산본동-1017,방범등,서울특별시 금천구 독산3동(구 본동) 962-46,2025-06-17,37.4779740,126.9033288
서울특별시 금천구청 도로과,독산본동-1018,방범등,서울특별시 금천구 독산3동(구 본동) 962-00,2025-06-17,37.4779612,126.9031376
서울특별시 금천구청 도로과,독산본동-1019,방범등,서울특별시 금천구 독산3동(구 본동) 964-51,2025-06-17,37.4776896,126.9028231
서울특별시 금천구청 도로과,독산본동-102,방범등,서울특별시 금천구 독산3동(구 본동) 951-16,2025-06-17,37.4791753,126.9032238
서울특별시 금천구청 도로과,독산본동-1021,방범등,서울특별시 금천구 독산3동(구 본동) 962-38,2025-06-17,37.4774009,126.9034790
서울특별시 금천구청 도로과,독산본동-1022,방범등,서울특별시 금천구 독산3동(구 본동) 963-00,2025-06-17,37.4773296,126.9027964
서울특별시 금천구청 도로과,독산본동-1023,방범등,서울특별시 금천구 독산3동(구 본동) 963-02,2025-06-17,37.4771886,126.9027848
서울특별시 금천구청 도로과,독산본동-1024,방범등,서울특별시 금천구 독산3동(구 본동) 973,2025-06-17,37.4764502,126.9029362
서울특별시 금천구청 도로과,독산본동-1025,방범등,서울특별시 금천구 독산3동(구 본동) 962-29,2025-06-17,37.4769038,126.9034241
서울특별시 금천구청 도로과,독산본동-1026,방범등,서울특별시 금천구 독산3동(구 본동) 962-17,2025-06-17,37.4768878,126.9029732
서울특별시 금천구청 도로과,독산본동-1027,방범등,서울특별시 금천구 독산3동(구 본동) 962-21,2025-06-17,37.4766370,126.9029500
서울특별시 금천구청 도로과,독산본동-1028,방범등,서울특별시 금천구 독산3동(구 본동) 973-01,2025-06-17,37.4764084,126.9033156
서울특별시 금천구청 도로과,독산본동-1029,방범등,서울특별시 금천구 독산3동(구 본동) 971-51,2025-06-17,37.4764480,126.9027197
서울특별시 금천구청 도로과,독산본동-103,방범등,서울특별시 금천구 독산3동(구 본동) 959-20,2025-06-17,37.4788415,126.9032394
서울특별시 금천구청 도로과,독산본동-1030,방범등,서울특별시 금천구 독산3동(구 본동) 963-07,2025-06-17,37.4767218,126.9025298
서울특별시 금천구청 도로과,독산본동-1031,방범등,서울특별시 금천구 독산3동(구 본동) 971-00,2025-06-17,37.4763819,126.9019075
서울특별시 금천구청 도로과,독산본동-1032,방범등,서울특별시 금천구 독산3동(구 본동) 971-00,2025-06-17,37.4763819,126.9019075
서울특별시 금천구청 도로과,독산본동-1033,방범등,서울특별시 금천구 독산3동(구 본동) 963-11,2025-06-17,37.4766799,126.9019643
서울특별시 금천구청 도로과,독산본동-1034,방범등,서울특별시 금천구 독산3동(구 본동) 963-15,2025-06-17,37.4768710,126.9023282
서울특별시 금천구청 도로과,독산본동-1035,방범등,서울특별시 금천구 독산3동(구 본동) 963-01,2025-06-17,37.4772293,126.9026657
서울특별시 금천구청 도로과,독산본동-1037,방범등,서울특별시 금천구 독산3동(구 본동) 963-00,2025-06-17,37.4773296,126.9027964
서울특별시 금천구청 도로과,독산본동-1038,방범등,서울특별시 금천구 독산3동(구 본동) 964-00,2025-06-17,37.4779079,126.9027711
서울특별시 금천구청 도로과,독산본동-1039,방범등,서울특별시 금천구 독산3동(구 본동) 964-00,2025-06-17,37.4779079,126.9027711
서울특별시 금천구청 도로과,독산본동-104,방범등,서울특별시 금천구 독산3동(구 본동) 959-21,2025-06-17,37.4789710,126.9031684
서울특별시 금천구청 도로과,독산본동-1040,방범등,서울특별시 금천구 독산3동(구 본동) 964-00,2025-06-17,37.4779079,126.9027711
서울특별시 금천구청 도로과,독산본동-1041,방범등,서울특별시 금천구 독산3동(구 본동) 964-00,2025-06-17,37.4779079,126.9027711
서울특별시 금천구청 도로과,독산본동-1042,방범등,서울특별시 금천구 독산3동(구 본동) 964-01,2025-06-17,37.4778430,126.9025505
서울특별시 금천구청 도로과,독산본동-1043,방범등,서울특별시 금천구 독산3동(구 본동) 964-01,2025-06-17,37.4778430,126.9025505
서울특별시 금천구청 도로과,독산본동-1044,방범등,서울특별시 금천구 독산3동(구 본동) 964-05,2025-06-17,37.4777158,126.9023708
서울특별시 금천구청 도로과,독산본동-1045,방범등,서울특별시 금천구 독산3동(구 본동) 964-06,2025-06-17,37.4776291,126.9024637
서울특별시 금천구청 도로과,독산본동-1046,방범등,서울특별시 금천구 독산3동(구 본동) 964-09,2025-06-17,37.4775061,126.9022064
서울특별시 금천구청 도로과,독산본동-1047,방범등,서울특별시 금천구 독산3동(구 본동) 964-12,2025-06-17,37.4773708,126.9019428
서울특별시 금천구청 도로과,독산본동-1048,방범등,서울특별시 금천구 독산3동(구 본동) 957-16,2025-06-17,37.4773062,126.9015727
서울특별시 금천구청 도로과,독산본동-1050,방범등,"서울특별시 금천구 독산3동(구 본동) 957-7,8",2025-06-17,37.4773633,126.9012971
서울특별시 금천구청 도로과,독산본동-1051,방범등,서울특별시 금천구 독산3동(구 본동) 957-11,2025-06-17,37.4769969,126.9012031
서울특별시 금천구청 도로과,독산본동-1052,방범등,서울특별시 금천구 독산3동(구 본동) 964-30,2025-06-17,37.4766286,126.9012999
서울특별시 금천구청 도로과,독산본동-1053,방범등,서울특별시 금천구 독산3동(구 본동) 965-13,2025-06-17,37.4766191,126.9009752
서울특별시 금천구청 도로과,독산본동-1054,방범등,서울특별시 금천구 독산3동(구 본동) 965-12,2025-06-17,37.4767441,126.9009975
서울특별시 금천구청 도로과,독산본동-1055,방범등,서울특별시 금천구 독산3동(구 본동) 955-06,2025-06-17,37.4770647,126.9009788
서울특별시 금천구청 도로과,독산본동-1056,방범등,서울특별시 금천구 독산3동(구 본동) 955-05,2025-06-17,37.4772376,126.9009059
서울특별시 금천구청 도로과,독산본동-1059,방범등,서울특별시 금천구 독산3동(구 본동) 955-01,2025-06-17,37.4776642,126.9009847
서울특별시 금천구청 도로과,독산본동-106,방범등,서울특별시 금천구 독산3동(구 본동) 951-22 (951-0),2025-06-17,37.4791941,126.9028132
서울특별시 금천구청 도로과,독산본동-1060,방범등,서울특별시 금천구 독산3동(구 본동) 956-00,2025-06-17,37.4781182,126.9007668
서울특별시 금천구청 도로과,독산본동-1061,방범등,서울특별시 금천구 독산3동(구 본동) 956-00,2025-06-17,37.4781182,126.9007668
서울특별시 금천구청 도로과,독산본동-1063,방범등,서울특별시 금천구 독산3동(구 본동) 956-00,2025-06-17,37.4781182,126.9007668
서울특별시 금천구청 도로과,독산본동-1064,방범등,서울특별시 금천구 독산3동(구 본동) 957-00,2025-06-17,37.4780769,126.9014243
서울특별시 금천구청 도로과,독산본동-1065,방범등,서울특별시 금천구 독산3동(구 본동) 958-32,2025-06-17,37.4781265,126.9018244
서울특별시 금천구청 도로과,독산본동-1066,방범등,서울특별시 금천구 독산3동(구 본동) 958-31,2025-06-17,37.4780089,126.9018580
서울특별시 금천구청 도로과,독산본동-1067,방범등,서울특별시 금천구 독산3동(구 본동) 957-1,2025-06-17,37.4776350,126.9012986
서울특별시 금천구청 도로과,독산본동-1069,방범등,서울특별시 금천구 독산3동(구 본동) 958-34,2025-06-17,37.4779120,126.9018283
서울특별시 금천구청 도로과,독산본동-107,방범등,서울특별시 금천구 독산3동(구 본동) 951-21,2025-06-17,37.4791044,126.9028057
서울특별시 금천구청 도로과,독산본동-1070,방범등,서울특별시 금천구 독산3동(구 본동) 958-29,2025-06-17,37.4781640,126.9021547
서울특별시 금천구청 도로과,독산본동-1071,방범등,서울특별시 금천구 독산3동(구 본동) 958-26,2025-06-17,37.4783126,126.9024296
서울특별시 금천구청 도로과,독산본동-1072,방범등,서울특별시 금천구 독산3동(구 본동) 958-26,2025-06-17,37.4783126,126.9024296
서울특별시 금천구청 도로과,독산본동-1073,방범등,서울특별시 금천구 독산3동(구 본동) 958-58,2025-06-17,37.4785710,126.9026717
서울특별시 금천구청 도로과,독산본동-1074,방범등,서울특별시 금천구 독산3동(구 본동) 958-55,2025-06-17,37.4785387,126.9024534
서울특별시 금천구청 도로과,독산본동-1075,방범등,서울특별시 금천구 독산3동(구 본동) 958-52,2025-06-17,37.4786617,126.9024902
서울특별시 금천구청 도로과,독산본동-1076,방범등,서울특별시 금천구 독산3동(구 본동) 958-07,2025-06-17,37.4785959,126.9022252
서울특별시 금천구청 도로과,독산본동-1077,방범등,서울특별시 금천구 독산3동(구 본동) 958-06,2025-06-17,37.4787280,126.9021842
서울특별시 금천구청 도로과,독산본동-1078,방범등,서울특별시 금천구 독산3동(구 본동) 958-25,2025-06-17,37.4784399,126.9023450
서울특별시 금천구청 도로과,독산본동-1079,방범등,서울특별시 금천구 독산3동(구 본동) 958-20,2025-06-17,37.4783870,126.9020668
서울특별시 금천구청 도로과,독산본동-1080,방범등,서울특별시 금천구 독산3동(구 본동) 958-19,2025-06-17,37.4783629,126.9019780
서울특별시 금천구청 도로과,독산본동-1081,방범등,서울특별시 금천구 독산3동(구 본동) 958-106,2025-06-17,37.4781901,126.9019064
서울특별시 금천구청 도로과,독산본동-1082,방범등,서울특별시 금천구 독산3동(구 본동) 958-13,2025-06-17,37.4784133,126.9016735
서울특별시 금천구청 도로과,독산본동-1083,방범등,서울특별시 금천구 독산3동(구 본동) 952-12,2025-06-17,37.4791664,126.9015783
서울특별시 금천구청 도로과,독산본동-1084,방범등,서울특별시 금천구 독산3동(구 본동) 952-4,2025-06-17,37.4789602,126.9015261
서울특별시 금천구청 도로과,독산본동-1085,방범등,서울특별시 금천구 독산3동(구 본동) 952-17,2025-06-17,37.4789871,126.9018086
서울특별시 금천구청 도로과,독산본동-1086,방범등,서울특별시 금천구 독산3동(구 본동) 952-07,2025-06-17,37.4788526,126.9015312
서울특별시 금천구청 도로과,독산본동-1087,방범등,서울특별시 금천구 독산3동(구 본동) 952-20,2025-06-17,37.4790753,126.9020181
서울특별시 금천구청 도로과,독산본동-1088,방범등,서울특별시 금천구 독산3동(구 본동) 952-19,2025-06-17,37.4789568,126.9020806
서울특별시 금천구청 도로과,독산본동-1090,방범등,서울특별시 금천구 독산3동(구 본동) 952-19,2025-06-17,37.4789568,126.9020806
서울특별시 금천구청 도로과,독산본동-1091,방범등,서울특별시 금천구 독산3동(구 본동) 952-27,2025-06-17,37.4789720,126.9022745
서울특별시 금천구청 도로과,독산본동-1092,방범등,서울특별시 금천구 독산3동(구 본동) 958-71,2025-06-17,37.4788709,126.9026732
서울특별시 금천구청 도로과,독산본동-1093,방범등,서울특별시 금천구 독산3동(구 본동) 953-00,2025-06-17,37.4785777,126.9005454
서울특별시 금천구청 도로과,독산본동-1094,방범등,서울특별시 금천구 독산3동(구 본동) 956-00,2025-06-17,37.4781182,126.9007668
서울특별시 금천구청 도로과,독산본동-1095,방범등,서울특별시 금천구 독산3동(구 본동) 956-00,2025-06-17,37.4781182,126.9007668
서울특별시 금천구청 도로과,독산본동-1096,방범등,서울특별시 금천구 독산3동(구 본동) 956-00,2025-06-17,37.4781182,126.9007668
서울특별시 금천구청 도로과,독산본동-1097,방범등,서울특별시 금천구 독산3동(구 본동) 956-00,2025-06-17,37.4781182,126.9007668
서울특별시 금천구청 도로과,독산본동-1098,방범등,서울특별시 금천구 독산3동(구 본동) 953-09,2025-06-17,37.4779574,126.8997343
서울특별시 금천구청 도로과,독산본동-1099,방범등,서울특별시 금천구 독산3동(구 본동) 956-00,2025-06-17,37.4781182,126.9007668
서울특별시 금천구청 도로과,독산본동-20100,방범등,서울특별시 금천구 독산3동(구 본동) 980-27,2025-06-17,37.4740872,126.9014441
서울특별시 금천구청 도로과,독산본동-20101,방범등,서울특별시 금천구 독산3동(구 본동) 980-25,2025-06-17,37.4741812,126.9015814
서울특별시 금천구청 도로과,독산본동-20102,방범등,서울특별시 금천구 독산3동(구 본동) 985-11,2025-06-17,37.4739168,126.9016142
서울특별시 금천구청 도로과,독산본동-20103,방범등,서울특별시 금천구 독산3동(구 본동) 985-12,2025-06-17,37.4739287,126.9017597
서울특별시 금천구청 도로과,독산본동-20105,방범등,서울특별시 금천구 독산3동(구 본동) 980-19,2025-06-17,37.4741710,126.9019590
서울특별시 금천구청 도로과,독산본동-20106,방범등,서울특별시 금천구 독산3동(구 본동) 985-17,2025-06-17,37.4739221,126.9019452
서울특별시 금천구청 도로과,독산본동-20108,방범등,서울특별시 금천구 독산3동(구 본동) 981-38,2025-06-17,37.4741046,126.9003733
서울특별시 금천구청 도로과,독산본동-20109,방범등,서울특별시 금천구 독산3동(구 본동) 984-03,2025-06-17,37.4738962,126.9001276
서울특별시 금천구청 도로과,독산본동-2011,방범등,서울특별시 금천구 독산3동(구 본동) 965-22,2025-06-17,37.4761425,126.9004654
서울특별시 금천구청 도로과,독산본동-20110,방범등,서울특별시 금천구 독산3동(구 본동) 981-27,2025-06-17,37.4742394,126.9004284
서울특별시 금천구청 도로과,독산본동-20111,방범등,서울특별시 금천구 독산3동(구 본동) 981-29,2025-06-17,37.4744420,126.9006335
서울특별시 금천구청 도로과,독산본동-20112,방범등,서울특별시 금천구 독산3동(구 본동) 981-06,2025-06-17,37.4746967,126.9007280
서울특별시 금천구청 도로과,독산본동-20113,방범등,서울특별시 금천구 독산3동(구 본동) 982-10,2025-06-17,37.4747158,126.9001754
서울특별시 금천구청 도로과,독산본동-20114,방범등,서울특별시 금천구 독산3동(구 본동) 982-5,2025-06-17,37.4744639,126.8999619
서울특별시 금천구청 도로과,독산본동-20115,방범등,서울특별시 금천구 독산3동(구 본동) 982 (문성초교),2025-06-17,37.4746036,126.8993565
서울특별시 금천구청 도로과,독산본동-20115A,방범등,서울특별시 금천구 독산3동(구 본동) 982 (문성초교),2025-06-17,37.4746036,126.8993565
서울특별시 금천구청 도로과,독산본동-20115B,방범등,서울특별시 금천구 독산3동(구 본동) 982 (문성초교),2025-06-17,37.4746036,126.8993565
서울특별시 금천구청 도로과,독산본동-20116,방범등,서울특별시 금천구 독산3동(구 본동) 981-25,2025-06-17,37.4740462,126.8998547
서울특별시 금천구청 도로과,독산본동-20117,방범등,서울특별시 금천구 독산3동(구 본동) 982 (문성초교),2025-06-17,37.4746036,126.8993565
서울특별시 금천구청 도로과,독산본동-20118,방범등,서울특별시 금천구 독산3동(구 본동) 983-3,2025-06-17,37.4738528,126.8992586
서울특별시 금천구청 도로과,독산본동-20119,방범등,서울특별시 금천구 독산3동(구 본동) 982(983-2방향),2025-06-17,37.4746036,126.8993565
서울특별시 금천구청 도로과,독산본동-2012,방범등,서울특별시 금천구 독산3동(구 본동) 965-20,2025-06-17,37.4761377,126.9007760
서울특별시 금천구청 도로과,독산본동-20120,방범등,서울특별시 금천구 독산3동(구 본동) 982-6,2025-06-17,37.4740856,126.8989070
서울특별시 금천구청 도로과,독산본동-20121,방범등,서울특별시 금천구 독산3동(구 본동) 982-6,2025-06-17,37.4740856,126.8989070
서울특별시 금천구청 도로과,독산본동-20122,방범등,서울특별시 금천구 독산3동(구 본동) 982-6,2025-06-17,37.4740856,126.8989070
서울특별시 금천구청 도로과,독산본동-20124,방범등,서울특별시 금천구 독산3동(구 본동) 969-12,2025-06-17,37.4757744,126.9005850
서울특별시 금천구청 도로과,독산본동-20125,방범등,서울특별시 금천구 독산3동(구 본동) 980-44 (반수공원),2025-06-17,37.4741665,126.9023473
서울특별시 금천구청 도로과,독산본동-20126,방범등,서울특별시 금천구 독산3동(구 본동) 979-26,2025-06-17,37.4748005,126.9025817
서울특별시 금천구청 도로과,독산본동-20127,방범등,서울특별시 금천구 독산3동(구 본동) 964-28,2025-06-17,37.4763896,126.9013434
서울특별시 금천구청 도로과,독산본동-20128,방범등,서울특별시 금천구 독산3동(구 본동) 971-52,2025-06-17,37.4763193,126.9024711
서울특별시 금천구청 도로과,독산본동-20129,방범등,서울특별시 금천구 독산3동(구 본동) 979-69,2025-06-17,37.4746410,126.9022895
서울특별시 금천구청 도로과,독산본동-2013,방범등,서울특별시 금천구 독산3동(구 본동) 965-19,2025-06-17,37.4761393,126.9008823
서울특별시 금천구청 도로과,독산본동-20132,방범등,서울특별시 금천구 독산3동(구 본동) 973-09,2025-06-17,37.4756856,126.9031464
서울특별시 금천구청 도로과,독산본동-20133,방범등,서울특별시 금천구 독산3동(구 본동) 973-05,2025-06-17,37.4759472,126.9031658
서울특별시 금천구청 도로과,독산본동-20134,방범등,서울특별시 금천구 독산3동(구 본동) 981-18,2025-06-17,37.4742537,126.9002076
서울특별시 금천구청 도로과,독산본동-20135,방범등,서울특별시 금천구 독산3동(구 본동) 984-4,2025-06-17,37.4738997,126.9002259
서울특별시 금천구청 도로과,독산본동-20136,방범등,서울특별시 금천구 독산3동(구 본동) 981-35,2025-06-17,37.4741201,126.9007207
서울특별시 금천구청 도로과,독산본동-20138,방범등,서울특별시 금천구 독산3동(구 본동) 972-17,2025-06-17,37.4752519,126.9020753
서울특별시 금천구청 도로과,독산본동-2014,방범등,서울특별시 금천구 독산3동(구 본동) 965-28,2025-06-17,37.4759444,126.9003829
서울특별시 금천구청 도로과,독산본동-20141,방범등,서울특별시 금천구 독산3동(구 본동) 980-44 (반수공원),2025-06-17,37.4741665,126.9023473
서울특별시 금천구청 도로과,독산본동-20143,방범등,서울특별시 금천구 독산3동(구 본동) 970-27,2025-06-17,37.4755946,126.9010094
서울특별시 금천구청 도로과,독산본동-20144,방범등,서울특별시 금천구 독산3동(구 본동) 970-17,2025-06-17,37.4759499,126.9010934
서울특별시 금천구청 도로과,독산본동-20145,방범등,서울특별시 금천구 독산3동(구 본동) 973-38,2025-06-17,37.4761369,126.9030647
서울특별시 금천구청 도로과,독산본동-20146,방범등,서울특별시 금천구 독산3동(구 본동) 980-4,2025-06-17,37.4744041,126.9012276
서울특별시 금천구청 도로과,독산본동-20147,방범등,서울특별시 금천구 독산3동(구 본동) 978-8,2025-06-17,37.4745941,126.9027596
서울특별시 금천구청 도로과,독산본동-20148,방범등,서울특별시 금천구 독산3동(구 본동) 968-2,2025-06-17,37.4753466,126.8999243
서울특별시 금천구청 도로과,독산본동-20149,방범등,서울특별시 금천구 독산3동(구 본동) 985-16,2025-06-17,37.4738445,126.9019383
서울특별시 금천구청 도로과,독산본동-2015,방범등,서울특별시 금천구 독산3동(구 본동) 965-30,2025-06-17,37.4759625,126.9004954
서울특별시 금천구청 도로과,독산본동-20150,방범등,서울특별시 금천구 독산3동(구 본동) 985-19,2025-06-17,37.4738608,126.9022081
서울특별시 금천구청 도로과,독산본동-20151,방범등,서울특별시 금천구 독산3동(구 본동) 978-20,2025-06-17,37.4740509,126.9026409
서울특별시 금천구청 도로과,독산본동-20152,방범등,서울특별시 금천구 독산3동(구 본동) 973-9,2025-06-17,37.4756856,126.9031464
서울특별시 금천구청 도로과,독산본동-20153,방범등,서울특별시 금천구 독산3동(구 본동) 970,2025-06-17,37.4762865,126.9015155
서울특별시 금천구청 도로과,독산본동-20154,방범등,서울특별시 금천구 독산3동(구 본동) 982-2,2025-06-17,37.4748398,126.9000971
서울특별시 금천구청 도로과,독산본동-20155,방범등,서울특별시 금천구 독산3동(구 본동) 965-21,2025-06-17,37.4761473,126.9006590
서울특별시 금천구청 도로과,독산본동-20156,방범등,서울특별시 금천구 독산3동(구 본동) 965-28,2025-06-17,37.4759444,126.9003829
서울특별시 금천구청 도로과,독산본동-20157,방범등,서울특별시 금천구 독산3동(구 본동) 979-18,2025-06-17,37.4748875,126.9021483
서울특별시 금천구청 도로과,독산본동-20158,방범등,서울특별시 금천구 독산3동(구 본동) 982-1,2025-06-17,37.4749726,126.9000768
서울특별시 금천구청 도로과,독산본동-20159,방범등,서울특별시 금천구 독산3동(구 본동) 973-10,2025-06-17,37.4756818,126.9032985
서울특별시 금천구청 도로과,독산본동-2016,방범등,서울특별시 금천구 독산3동(구 본동) 965-26,2025-06-17,37.4758548,126.9000988
서울특별시 금천구청 도로과,독산본동-20160,방범등,서울특별시 금천구 독산3동(구 본동) 969-18,2025-06-17,37.4752537,126.9006958
서울특별시 금천구청 도로과,독산본동-20161,방범등,서울특별시 금천구 독산3동(구 본동) 972-3,2025-06-17,37.4757569,126.9019404
서울특별시 금천구청 도로과,독산본동-20162,방범등,서울특별시 금천구 독산3동(구 본동) 972-12,2025-06-17,37.4756674,126.9021357
서울특별시 금천구청 도로과,독산본동-2017,방범등,서울특별시 금천구 독산3동(구 본동) 968 (696-2건너),2025-06-17,37.4754599,126.8994054
서울특별시 금천구청 도로과,독산본동-20176,방범등,서울특별시 금천구 독산3동(구 본동) 964-8,2025-06-17,37.4776259,126.9022530
서울특별시 금천구청 도로과,독산본동-2018,방범등,서울특별시 금천구 독산3동(구 본동) 968-01,2025-06-17,37.4751683,126.8999808
서울특별시 금천구청 도로과,독산본동-2019,방범등,서울특별시 금천구 독산3동(구 본동) 982 (문성초교),2025-06-17,37.4746036,126.8993565
서울특별시 금천구청 도로과,독산본동-2020,방범등,서울특별시 금천구 독산3동(구 본동) 982 (문성초교),2025-06-17,37.4746036,126.8993565
서울특별시 금천구청 도로과,독산본동-2021,방범등,서울특별시 금천구 독산3동(구 본동) 982 (문성초교),2025-06-17,37.4746036,126.8993565
서울특별시 금천구청 도로과,독산본동-2022,방범등,서울특별시 금천구 독산3동(구 본동) 969-06,2025-06-17,37.4751600,126.9003442
서울특별시 금천구청 도로과,독산본동-2023,방범등,서울특별시 금천구 독산3동(구 본동) 981-01,2025-06-17,37.4749648,126.9004350
서울특별시 금천구청 도로과,독산본동-2024,방범등,서울특별시 금천구 독산3동(구 본동) 969-19,2025-06-17,37.4751350,126.9005734
서울특별시 금천구청 도로과,독산본동-2025,방범등,서울특별시 금천구 독산3동(구 본동) 969-19,2025-06-17,37.4751350,126.9005734
서울특별시 금천구청 도로과,독산본동-2026,방범등,서울특별시 금천구 독산3동(구 본동) 969-39,2025-06-17,37.4755346,126.9006412
서울특별시 금천구청 도로과,독산본동-2027,방범등,서울특별시 금천구 독산3동(구 본동) 969-9,2025-06-17,37.4755252,126.9002740
서울특별시 금천구청 도로과,독산본동-2028,방범등,서울특별시 금천구 독산3동(구 본동) 970-31,2025-06-17,37.4750851,126.9009696
서울특별시 금천구청 도로과,독산본동-2029,방범등,서울특별시 금천구 독산3동(구 본동) 969-22,2025-06-17,37.4751795,126.9007987
서울특별시 금천구청 도로과,독산본동-2030,방범등,서울특별시 금천구 독산3동(구 본동) 970-28,2025-06-17,37.4754472,126.9010170
서울특별시 금천구청 도로과,독산본동-2031,방범등,서울특별시 금천구 독산3동(구 본동) 969-27,2025-06-17,37.4757410,126.9008258
서울특별시 금천구청 도로과,독산본동-2032,방범등,서울특별시 금천구 독산3동(구 본동) 970-17,2025-06-17,37.4759499,126.9010934
서울특별시 금천구청 도로과,독산본동-2033,방범등,서울특별시 금천구 독산3동(구 본동) 970-04,2025-06-17,37.4759415,126.9014101
서울특별시 금천구청 도로과,독산본동-2034,방범등,서울특별시 금천구 독산3동(구 본동) 971-00(964-32건너),2025-06-17,37.4763819,126.9019075
서울특별시 금천구청 도로과,독산본동-2035,방범등,서울특별시 금천구 독산3동(구 본동) 971(970-7 앞),2025-06-17,37.4763819,126.9019075
서울특별시 금천구청 도로과,독산본동-2036,방범등,서울특별시 금천구 독산3동(구 본동) 971-21,2025-06-17,37.4761487,126.9021776
서울특별시 금천구청 도로과,독산본동-2037,방범등,서울특별시 금천구 독산3동(구 본동) 971-20,2025-06-17,37.4762324,126.9022248
서울특별시 금천구청 도로과,독산본동-2038,방범등,서울특별시 금천구 독산3동(구 본동) 971-23,2025-06-17,37.4760770,126.9022900
서울특별시 금천구청 도로과,독산본동-2039,방범등,서울특별시 금천구 독산3동(구 본동) 971-17,2025-06-17,37.4760648,126.9024571
서울특별시 금천구청 도로과,독산본동-204,방범등,서울특별시 금천구 독산3동(구 본동) 967-05,2025-06-17,37.4763400,126.8994102
서울특별시 금천구청 도로과,독산본동-2040,방범등,서울특별시 금천구 독산3동(구 본동) 971-16,2025-06-17,37.4761916,126.9026390
서울특별시 금천구청 도로과,독산본동-2041,방범등,서울특별시 금천구 독산3동(구 본동) 972-44,2025-06-17,37.4758995,126.9026509
서울특별시 금천구청 도로과,독산본동-2042,방범등,서울특별시 금천구 독산3동(구 본동) 972-41,2025-06-17,37.4756541,126.9026306
서울특별시 금천구청 도로과,독산본동-2044,방범등,서울특별시 금천구 독산3동(구 본동) 972-38,2025-06-17,37.4754740,126.9026397
서울특별시 금천구청 도로과,독산본동-2045,방범등,서울특별시 금천구 독산3동(구 본동) 973-16,2025-06-17,37.4753569,126.9031391
서울특별시 금천구청 도로과,독산본동-2046,방범등,서울특별시 금천구 독산3동(구 본동) 973-26,2025-06-17,37.4755133,126.9029674
서울특별시 금천구청 도로과,독산본동-2047,방범등,서울특별시 금천구 독산3동(구 본동) 973-20,2025-06-17,37.4751130,126.9029395
서울특별시 금천구청 도로과,독산본동-2048,방범등,서울특별시 금천구 독산3동(구 본동) 972-34,2025-06-17,37.4751259,126.9026303
서울특별시 금천구청 도로과,독산본동-2049,방범등,서울특별시 금천구 독산3동(구 본동) 972-32,2025-06-17,37.4751324,126.9024015
서울특별시 금천구청 도로과,독산본동-205,방범등,서울특별시 금천구 독산3동(구 본동) 967-03,2025-06-17,37.4765651,126.8994583
서울특별시 금천구청 도로과,독산본동-2050,방범등,서울특별시 금천구 독산3동(구 본동) 972-16,2025-06-17,37.4752305,126.9022133
서울특별시 금천구청 도로과,독산본동-2052,방범등,서울특별시 금천구 독산3동(구 본동) 972-12,2025-06-17,37.4756674,126.9021357
서울특별시 금천구청 도로과,독산본동-2053,방범등,서울특별시 금천구 독산3동(구 본동) 972-47,2025-06-17,37.4758992,126.9023020
서울특별시 금천구청 도로과,독산본동-2054,방범등,서울특별시 금천구 독산3동(구 본동) 970-09,2025-06-17,37.4759082,126.9017748
서울특별시 금천구청 도로과,독산본동-2055,방범등,서울특별시 금천구 독산3동(구 본동) 970-10,2025-06-17,37.4759648,126.9017033
서울특별시 금천구청 도로과,독산본동-2056,방범등,서울특별시 금천구 독산3동(구 본동) 970-15,2025-06-17,37.4759499,126.9010934
서울특별시 금천구청 도로과,독산본동-2057,방범등,서울특별시 금천구 독산3동(구 본동) 970-19,2025-06-17,37.4758016,126.9012590
서울특별시 금천구청 도로과,독산본동-2058,방범등,서울특별시 금천구 독산3동(구 본동) 970-04,2025-06-17,37.4759415,126.9014101
서울특별시 금천구청 도로과,독산본동-2059,방범등,서울특별시 금천구 독산3동(구 본동) 970-02,2025-06-17,37.4761446,126.9015175
서울특별시 금천구청 도로과,독산본동-206,방범등,서울특별시 금천구 독산3동(구 본동) 966-1,2025-06-17,37.4760549,126.8998077
서울특별시 금천구청 도로과,독산본동-2060,방범등,서울특별시 금천구 독산3동(구 본동) 972-05,2025-06-17,37.4756149,126.9016914
서울특별시 금천구청 도로과,독산본동-2061,방범등,서울특별시 금천구 독산3동(구 본동) 972-07,2025-06-17,37.4755552,126.9019424
서울특별시 금천구청 도로과,독산본동-2062,방범등,서울특별시 금천구 독산3동(구 본동) 970-23,2025-06-17,37.4755373,126.9013207
서울특별시 금천구청 도로과,독산본동-2063,방범등,서울특별시 금천구 독산3동(구 본동) 972-14,2025-06-17,37.4754062,126.9020967
서울특별시 금천구청 도로과,독산본동-2064,방범등,서울특별시 금천구 독산3동(구 본동) 970-49,2025-06-17,37.4754108,126.9011691
서울특별시 금천구청 도로과,독산본동-2065,방범등,서울특별시 금천구 독산3동(구 본동) 972-23,2025-06-17,37.4753187,126.9013516
서울특별시 금천구청 도로과,독산본동-2066,방범등,서울특별시 금천구 독산3동(구 본동) 979-08,2025-06-17,37.4750431,126.9014881
서울특별시 금천구청 도로과,독산본동-2067,방범등,서울특별시 금천구 독산3동(구 본동) 979-05,2025-06-17,37.4749577,126.9012502
서울특별시 금천구청 도로과,독산본동-2068,방범등,서울특별시 금천구 독산3동(구 본동) 972-28,2025-06-17,37.4751368,126.9019389
서울특별시 금천구청 도로과,독산본동-207,방범등,서울특별시 금천구 독산3동(구 본동) 966-1(965-24건너),2025-06-17,37.4760549,126.8998077
서울특별시 금천구청 도로과,독산본동-2070,방범등,서울특별시 금천구 독산3동(구 본동) 970-31,2025-06-17,37.4750851,126.9009696
서울특별시 금천구청 도로과,독산본동-2072,방범등,서울특별시 금천구 독산3동(구 본동) 979-49,2025-06-17,37.4747556,126.9009893
서울특별시 금천구청 도로과,독산본동-2073,방범등,서울특별시 금천구 독산3동(구 본동) 979-11,2025-06-17,37.4747825,126.9013649
서울특별시 금천구청 도로과,독산본동-2074,방범등,서울특별시 금천구 독산3동(구 본동) 979-12,2025-06-17,37.4747163,126.9014949
서울특별시 금천구청 도로과,독산본동-2075,방범등,서울특별시 금천구 독산3동(구 본동) 979-35,2025-06-17,37.4745621,126.9019136
서울특별시 금천구청 도로과,독산본동-2076,방범등,서울특별시 금천구 독산3동(구 본동) 979-33,2025-06-17,37.4744978,126.9020733
서울특별시 금천구청 도로과,독산본동-2077,방범등,서울특별시 금천구 독산3동(구 본동) 979-30,2025-06-17,37.4744424,126.9024816
서울특별시 금천구청 도로과,독산본동-2078,방범등,서울특별시 금천구 독산3동(구 본동) 978-13,2025-06-17,37.4744944,126.9027073
서울특별시 금천구청 도로과,독산본동-2079,방범등,서울특별시 금천구 독산3동(구 본동) 978-33,2025-06-17,37.4744715,126.9029833
서울특별시 금천구청 도로과,독산본동-208,방범등,서울특별시 금천구 독산3동(구 본동) 966-1,2025-06-17,37.4760549,126.8998077
서울특별시 금천구청 도로과,독산본동-2080,방범등,서울특별시 금천구 독산3동(구 본동) 978-25,2025-06-17,37.4742287,126.9031511
서울특별시 금천구청 도로과,독산본동-2081,방범등,서울특별시 금천구 독산3동(구 본동) 978-21,2025-06-17,37.4740316,126.9029319
서울특별시 금천구청 도로과,독산본동-2082,방범등,서울특별시 금천구 독산3동(구 본동) 978-38,2025-06-17,37.4740245,126.9031321
서울특별시 금천구청 도로과,독산본동-2084,방범등,서울특별시 금천구 독산3동(구 본동) 980-44 (반수공원),2025-06-17,37.4741665,126.9023473
서울특별시 금천구청 도로과,독산본동-2085,방범등,서울특별시 금천구 독산3동(구 본동) 980-44 (반수공원),2025-06-17,37.4741665,126.9023473
서울특별시 금천구청 도로과,독산본동-2086,방범등,서울특별시 금천구 독산3동(구 본동) 980-44 (반수공원),2025-06-17,37.4741665,126.9023473
서울특별시 금천구청 도로과,독산본동-2087,방범등,서울특별시 금천구 독산3동(구 본동) 980-44 (반수공원),2025-06-17,37.4741665,126.9023473
서울특별시 금천구청 도로과,독산본동-2088,방범등,서울특별시 금천구 독산3동(구 본동) 980-44 (반수공원),2025-06-17,37.4741665,126.9023473
서울특별시 금천구청 도로과,독산본동-209,방범등,서울특별시 금천구 독산3동(구 본동) 966-00,2025-06-17,37.4766223,126.8999417
서울특별시 금천구청 도로과,독산본동-2090,방범등,서울특별시 금천구 독산3동(구 본동) 980-52,2025-06-17,37.4742798,126.9021652
서울특별시 금천구청 도로과,독산본동-2091,방범등,서울특별시 금천구 독산3동(구 본동) 979-34,2025-06-17,37.4744777,126.9019027
서울특별시 금천구청 도로과,독산본동-2092,방범등,서울특별시 금천구 독산3동(구 본동) 980-08,2025-06-17,37.4743658,126.9015730
서울특별시 금천구청 도로과,독산본동-2093,방범등,서울특별시 금천구 독산3동(구 본동) 979-41,2025-06-17,37.4745557,126.9014385
서울특별시 금천구청 도로과,독산본동-2094,방범등,서울특별시 금천구 독산3동(구 본동) 980-01,2025-06-17,37.4743688,126.9010941
서울특별시 금천구청 도로과,독산본동-2097,방범등,서울특별시 금천구 독산3동(구 본동) 980-35,2025-06-17,37.4741807,126.9009606
서울특별시 금천구청 도로과,독산본동-2098,방범등,서울특별시 금천구 독산3동(구 본동) 980-32,2025-06-17,37.4741015,126.9011353
서울특별시 금천구청 도로과,독산본동-2099,방범등,서울특별시 금천구 독산3동(구 본동) 980-31,2025-06-17,37.4742022,126.9011490
서울특별시 금천구청 도로과,독산본동-301,방범등,서울특별시 금천구 독산3동(구 본동) 983-04,2025-06-17,37.4738609,126.8993934
서울특별시 금천구청 도로과,독산본동-3010,방범등,서울특별시 금천구 독산3동(구 본동) 985-04,2025-06-17,37.4736126,126.9010515
서울특별시 금천구청 도로과,독산본동-30100,방범등,서울특별시 금천구 독산3동(구 본동) 985-22,2025-06-17,37.4736697,126.9022863
서울특별시 금천구청 도로과,독산본동-30101,방범등,서울특별시 금천구 독산3동(구 본동) 990-12뒷편,2025-06-17,37.4731279,126.9029891
서울특별시 금천구청 도로과,독산본동-30102,방범등,서울특별시 금천구 독산3동(구 본동) 161-8,2025-06-17,37.4721505,126.9001386
서울특별시 금천구청 도로과,독산본동-30103,방범등,서울특별시 금천구 독산3동(구 본동) 178-18,2025-06-17,37.4712503,126.9025172
서울특별시 금천구청 도로과,독산본동-30104,방범등,서울특별시 금천구 독산3동(구 본동) 986-9,2025-06-17,37.4733259,126.9017304
서울특별시 금천구청 도로과,독산본동-30105,방범등,서울특별시 금천구 독산3동(구 본동) 987,2025-06-17,37.4735516,126.8994275
서울특별시 금천구청 도로과,독산본동-30106,방범등,서울특별시 금천구 독산3동(구 본동) 165-28,2025-06-17,37.4721389,126.9019612
서울특별시 금천구청 도로과,독산본동-30107,방범등,서울특별시 금천구 독산3동(구 본동) 178-32,2025-06-17,37.4714094,126.9028784
서울특별시 금천구청 도로과,독산본동-30108,방범등,서울특별시 금천구 독산3동(구 본동) 178-29,2025-06-17,37.4717349,126.9029120
서울특별시 금천구청 도로과,독산본동-30109,방범등,서울특별시 금천구 독산3동(구 본동) 987-22,2025-06-17,37.4734662,126.9000081
서울특별시 금천구청 도로과,독산본동-3011,방범등,서울특별시 금천구 독산3동(구 본동) 986-02,2025-06-17,37.4734202,126.9010771
서울특별시 금천구청 도로과,독산본동-30110,방범등,서울특별시 금천구 독산3동(구 본동) 160-10,2025-06-17,37.4724167,126.8998436
서울특별시 금천구청 도로과,독산본동-30111,방범등,서울특별시 금천구 독산3동(구 본동) 178-18,2025-06-17,37.4712503,126.9025172
서울특별시 금천구청 도로과,독산본동-30112,방범등,서울특별시 금천구 독산3동(구 본동) 990-37,2025-06-17,37.4736878,126.9027699
서울특별시 금천구청 도로과,독산본동-30113,방범등,서울특별시 금천구 독산3동(구 본동) 178-17,2025-06-17,37.4713829,126.9025204
서울특별시 금천구청 도로과,독산본동-30114,방범등,서울특별시 금천구 독산3동(구 본동) 989-15,2025-06-17,37.4726941,126.9023852
서울특별시 금천구청 도로과,독산본동-30115,방범등,서울특별시 금천구 독산3동(구 본동) 985-5,2025-06-17,37.4736977,126.9011009
서울특별시 금천구청 도로과,독산본동-30116,방범등,서울특별시 금천구 독산3동(구 본동) 986-11,2025-06-17,37.4733875,126.9021714
서울특별시 금천구청 도로과,독산본동-30117,방범등,서울특별시 금천구 독산3동(구 본동) 985-22,2025-06-17,37.4736697,126.9022863
서울특별시 금천구청 도로과,독산본동-30118,방범등,서울특별시 금천구 독산3동(구 본동) 985-21,2025-06-17,37.4737781,126.9024013
서울특별시 금천구청 도로과,독산본동-30119,방범등,서울특별시 금천구 독산3동(구 본동) 985-22,2025-06-17,37.4736697,126.9022863
서울특별시 금천구청 도로과,독산본동-3012,방범등,서울특별시 금천구 독산3동(구 본동) 985-40,2025-06-17,37.4736383,126.9015063
서울특별시 금천구청 도로과,독산본동-30120,방범등,서울특별시 금천구 독산3동(구 본동) 985-21,2025-06-17,37.4737781,126.9024013
서울특별시 금천구청 도로과,독산본동-30121,방범등,서울특별시 금천구 독산3동(구 본동) 162-10,2025-06-17,37.4715791,126.9004025
서울특별시 금천구청 도로과,독산본동-3013,방범등,서울특별시 금천구 독산3동(구 본동) 985-32,2025-06-17,37.4736924,126.9016455
서울특별시 금천구청 도로과,독산본동-3014,방범등,서울특별시 금천구 독산3동(구 본동) 985-26,2025-06-17,37.4735594,126.9020562
서울특별시 금천구청 도로과,독산본동-3016,방범등,서울특별시 금천구 독산3동(구 본동) 990-07,2025-06-17,37.4735178,126.9025828
서울특별시 금천구청 도로과,독산본동-3017,방범등,서울특별시 금천구 독산3동(구 본동) 990-10,2025-06-17,37.4733502,126.9028344
서울특별시 금천구청 도로과,독산본동-3018,방범등,서울특별시 금천구 독산3동(구 본동) 990-04,2025-06-17,37.4734736,126.9031125
서울특별시 금천구청 도로과,독산본동-3019,방범등,서울특별시 금천구 독산3동(구 본동) 990-14,2025-06-17,37.4729441,126.9026787
서울특별시 금천구청 도로과,독산본동-302,방범등,서울특별시 금천구 독산3동(구 본동) 983-05,2025-06-17,37.4737083,126.8992357
서울특별시 금천구청 도로과,독산본동-3020,방범등,서울특별시 금천구 독산3동(구 본동) 989-4,2025-06-17,37.4729311,126.9021948
서울특별시 금천구청 도로과,독산본동-30200,방범등,서울특별시 금천구 독산3동(구 본동) 983-13,2025-06-17,37.4729393,126.8990768
서울특별시 금천구청 도로과,독산본동-30201,방범등,서울특별시 금천구 독산3동(구 본동) 983-13,2025-06-17,37.4729393,126.8990768
서울특별시 금천구청 도로과,독산본동-30202,방범등,서울특별시 금천구 독산3동(구 본동) 160-3,2025-06-17,37.4725613,126.8998982
서울특별시 금천구청 도로과,독산본동-30203,방범등,서울특별시 금천구 독산3동(구 본동) 160-4,2025-06-17,37.4725298,126.9003644
서울특별시 금천구청 도로과,독산본동-30206,방범등,서울특별시 금천구 독산3동(구 본동) 989-16,2025-06-17,37.4725661,126.9022323
서울특별시 금천구청 도로과,독산본동-30207,방범등,서울특별시 금천구 독산3동(구 본동) 989-16,2025-06-17,37.4725661,126.9022323
서울특별시 금천구청 도로과,독산본동-30208,방범등,서울특별시 금천구 독산3동(구 본동) 990-18,2025-06-17,37.4725249,126.9029853
서울특별시 금천구청 도로과,독산본동-3021,방범등,서울특별시 금천구 독산3동(구 본동) 989-10,2025-06-17,37.4728162,126.9018669
서울특별시 금천구청 도로과,독산본동-30210,방범등,서울특별시 금천구 독산3동(구 본동) 160-3,2025-06-17,37.4725613,126.8998982
서울특별시 금천구청 도로과,독산본동-30211,방범등,서울특별시 금천구 독산3동(구 본동) 987-11,2025-06-17,37.4734519,126.9002534
서울특별시 금천구청 도로과,독산본동-30212,방범등,서울특별시 금천구 독산3동(구 본동) 178-28,2025-06-17,37.4718427,126.9029223
서울특별시 금천구청 도로과,독산본동-30213,방범등,서울특별시 금천구 독산3동(구 본동) 987-20,2025-06-17,37.4732538,126.9002336
서울특별시 금천구청 도로과,독산본동-30214,방범등,서울특별시 금천구 독산3동(구 본동) 160-13,2025-06-17,37.4724279,126.8996966
서울특별시 금천구청 도로과,독산본동-30215,방범등,서울특별시 금천구 독산3동(구 본동) 163-28,2025-06-17,37.4716426,126.9006519
서울특별시 금천구청 도로과,독산본동-30216,방범등,서울특별시 금천구 독산3동(구 본동) 984-18,2025-06-17,37.4736791,126.8998311
서울특별시 금천구청 도로과,독산본동-30217,방범등,서울특별시 금천구 독산3동(구 본동) 985-17,2025-06-17,37.4739221,126.9019452
서울특별시 금천구청 도로과,독산본동-30218,방범등,서울특별시 금천구 독산3동(구 본동) 161-22,2025-06-17,37.4721777,126.8994065
서울특별시 금천구청 도로과,독산본동-30219,방범등,서울특별시 금천구 독산3동(구 본동) 971-51,2025-06-17,37.4764480,126.9027197
서울특별시 금천구청 도로과,독산본동-3022,방범등,서울특별시 금천구 독산3동(구 본동) 986-22,2025-06-17,37.4731304,126.9022898
서울특별시 금천구청 도로과,독산본동-30220,방범등,서울특별시 금천구 독산3동(구 본동) 967-2,2025-06-17,37.4767075,126.8994400
서울특별시 금천구청 도로과,독산본동-30221,방범등,서울특별시 금천구 독산3동(구 본동) 160-6,2025-06-17,37.4723347,126.9003435
서울특별시 금천구청 도로과,독산본동-30222,방범등,서울특별시 금천구 독산3동(구 본동) 979-2,2025-06-17,37.4749786,126.9011326
서울특별시 금천구청 도로과,독산본동-30223,방범등,서울특별시 금천구 독산3동(구 본동) 986-6,2025-06-17,37.4733335,126.9015548
서울특별시 금천구청 도로과,독산본동-30224,방범등,서울특별시 금천구 독산3동(구 본동) 986-4,2025-06-17,37.4734306,126.9014261
서울특별시 금천구청 도로과,독산본동-30227,방범등,서울특별시 금천구 독산3동(구 본동) 965-18,2025-06-17,37.4762925,126.9008659
서울특별시 금천구청 도로과,독산본동-30228,방범등,서울특별시 금천구 독산3동(구 본동) 962-36,2025-06-17,37.4773025,126.9032606
서울특별시 금천구청 도로과,독산본동-30229,방범등,서울특별시 금천구 독산3동(구 본동) 963-7,2025-06-17,37.4767218,126.9025298
서울특별시 금천구청 도로과,독산본동-3023,방범등,서울특별시 금천구 독산3동(구 본동) 986-16,2025-06-17,37.4731472,126.9020010
서울특별시 금천구청 도로과,독산본동-30230,방범등,서울특별시 금천구 독산3동(구 본동) 978-11,2025-06-17,37.4744120,126.9031666
서울특별시 금천구청 도로과,독산본동-30231,방범등,서울특별시 금천구 독산3동(구 본동) 962-46,2025-06-17,37.4779740,126.9033288
서울특별시 금천구청 도로과,독산본동-3024,방범등,서울특별시 금천구 독산3동(구 본동) 986-25 (18),2025-06-17,37.4731720,126.9015624
서울특별시 금천구청 도로과,독산본동-3025,방범등,서울특별시 금천구 독산3동(구 본동) 986-29,2025-06-17,37.4731879,126.9013163
서울특별시 금천구청 도로과,독산본동-3026,방범등,서울특별시 금천구 독산3동(구 본동) 986-20,2025-06-17,37.4732248,126.9009684
서울특별시 금천구청 도로과,독산본동-3028,방범등,서울특별시 금천구 독산3동(구 본동) 987-14,2025-06-17,37.4732347,126.9005939
서울특별시 금천구청 도로과,독산본동-3029,방범등,서울특별시 금천구 독산3동(구 본동) 987-20,2025-06-17,37.4732538,126.9002336
서울특별시 금천구청 도로과,독산본동-303,방범등,서울특별시 금천구 독산3동(구 본동) 983-08,2025-06-17,37.4735552,126.8989507
서울특별시 금천구청 도로과,독산본동-3030,방범등,서울특별시 금천구 독산3동(구 본동) 987-20,2025-06-17,37.4732538,126.9002336
서울특별시 금천구청 도로과,독산본동-3031,방범등,서울특별시 금천구 독산3동(구 본동) 988-04,2025-06-17,37.4730277,126.8999558
서울특별시 금천구청 도로과,독산본동-3032,방범등,서울특별시 금천구 독산3동(구 본동) 987-03,2025-06-17,37.4732435,126.8995718
서울특별시 금천구청 도로과,독산본동-3033,방범등,서울특별시 금천구 독산3동(구 본동) 987-5,2025-06-17,37.4734408,126.8995986
서울특별시 금천구청 도로과,독산본동-3034,방범등,"서울특별시 금천구 독산3동(구 본동) 987-02,3",2025-06-17,37.4732876,126.8994015
서울특별시 금천구청 도로과,독산본동-3036,방범등,서울특별시 금천구 독산3동(구 본동) 983-12,2025-06-17,37.4731782,126.8990928
서울특별시 금천구청 도로과,독산본동-3037,방범등,서울특별시 금천구 독산3동(구 본동) 983-13,2025-06-17,37.4729393,126.8990768
서울특별시 금천구청 도로과,독산본동-3038,방범등,서울특별시 금천구 독산3동(구 본동) 988-12,2025-06-17,37.4728529,126.8996687
서울특별시 금천구청 도로과,독산본동-3039,방범등,서울특별시 금천구 독산3동(구 본동) 988-09,2025-06-17,37.4728255,126.9001143
서울특별시 금천구청 도로과,독산본동-304,방범등,서울특별시 금천구 독산3동(구 본동) 984-18,2025-06-17,37.4736791,126.8998311
서울특별시 금천구청 도로과,독산본동-3040,방범등,서울특별시 금천구 독산3동(구 본동) 988-08,2025-06-17,37.4727960,126.9004699
서울특별시 금천구청 도로과,독산본동-3041,방범등,서울특별시 금천구 독산3동(구 본동) 165-3,2025-06-17,37.4724564,126.9011469
서울특별시 금천구청 도로과,독산본동-3042,방범등,서울특별시 금천구 독산3동(구 본동) 165-03,2025-06-17,37.4724564,126.9011469
서울특별시 금천구청 도로과,독산본동-3043,방범등,서울특별시 금천구 독산3동(구 본동) 165-05,2025-06-17,37.4724051,126.9015797
서울특별시 금천구청 도로과,독산본동-3044,방범등,서울특별시 금천구 독산3동(구 본동) 165-10,2025-06-17,37.4723677,126.9022817
서울특별시 금천구청 도로과,독산본동-3045,방범등,서울특별시 금천구 독산3동(구 본동) 989-12,2025-06-17,37.4726930,126.9020808
서울특별시 금천구청 도로과,독산본동-3046,방범등,서울특별시 금천구 독산3동(구 본동) 990-23,2025-06-17,37.4726665,126.9025992
서울특별시 금천구청 도로과,독산본동-3047,방범등,서울특별시 금천구 독산3동(구 본동) 178-38,2025-06-17,37.4723358,126.9025974
서울특별시 금천구청 도로과,독산본동-3048,방범등,서울특별시 금천구 독산3동(구 본동) 178-36,2025-06-17,37.4722252,126.9027865
서울특별시 금천구청 도로과,독산본동-3049,방범등,서울특별시 금천구 독산3동(구 본동) 990-20,2025-06-17,37.4726726,126.9027650
서울특별시 금천구청 도로과,독산본동-3050,방범등,서울특별시 금천구 독산3동(구 본동) 1138,2025-06-17,37.4721006,126.9022346
서울특별시 금천구청 도로과,독산본동-3051,방범등,서울특별시 금천구 독산3동(구 본동) 1138,2025-06-17,37.4721006,126.9022346
서울특별시 금천구청 도로과,독산본동-3052,방범등,서울특별시 금천구 독산3동(구 본동) 1138,2025-06-17,37.4721006,126.9022346
서울특별시 금천구청 도로과,독산본동-3053,방범등,서울특별시 금천구 독산3동(구 본동) 1138,2025-06-17,37.4721006,126.9022346
서울특별시 금천구청 도로과,독산본동-3054,방범등,서울특별시 금천구 독산3동(구 본동) 164-21,2025-06-17,37.4719570,126.9016591
서울특별시 금천구청 도로과,독산본동-3055,방범등,서울특별시 금천구 독산3동(구 본동) 164-29,2025-06-17,37.4719826,126.9015103
서울특별시 금천구청 도로과,독산본동-3056,방범등,서울특별시 금천구 독산3동(구 본동) 164-40,2025-06-17,37.4720433,126.9011478
서울특별시 금천구청 도로과,독산본동-3057,방범등,서울특별시 금천구 독산3동(구 본동) 164-42,2025-06-17,37.4720756,126.9009167
서울특별시 금천구청 도로과,독산본동-3059,방범등,서울특별시 금천구 독산3동(구 본동) 165-01,2025-06-17,37.4725010,126.9007421
서울특별시 금천구청 도로과,독산본동-306,방범등,서울특별시 금천구 독산3동(구 본동) 984-13,2025-06-17,37.4737206,126.9002709
서울특별시 금천구청 도로과,독산본동-3060,방범등,서울특별시 금천구 독산3동(구 본동) 161-01,2025-06-17,37.4721097,126.9004763
서울특별시 금천구청 도로과,독산본동-3061,방범등,서울특별시 금천구 독산3동(구 본동) 161-06,2025-06-17,37.4721204,126.9003339
서울특별시 금천구청 도로과,독산본동-3062,방범등,서울특별시 금천구 독산3동(구 본동) 161-15,2025-06-17,37.4721619,126.8999703
서울특별시 금천구청 도로과,독산본동-3063,방범등,서울특별시 금천구 독산3동(구 본동) 160-10,2025-06-17,37.4724167,126.8998436
서울특별시 금천구청 도로과,독산본동-3064,방범등,서울특별시 금천구 독산3동(구 본동) 160-13,2025-06-17,37.4724279,126.8996966
서울특별시 금천구청 도로과,독산본동-3065,방범등,서울특별시 금천구 독산3동(구 본동) 161-18,2025-06-17,37.4721605,126.8996289
서울특별시 금천구청 도로과,독산본동-3066,방범등,서울특별시 금천구 독산3동(구 본동) 161-23,2025-06-17,37.4721856,126.8992812
서울특별시 금천구청 도로과,독산본동-3067,방범등,서울특별시 금천구 독산3동(구 본동) 160-18,2025-06-17,37.4724545,126.8993339
서울특별시 금천구청 도로과,독산본동-3068,방범등,서울특별시 금천구 독산3동(구 본동) 159-30,2025-06-17,37.4720869,126.8989896
서울특별시 금천구청 도로과,독산본동-3069,방범등,서울특별시 금천구 독산3동(구 본동) 159-09,2025-06-17,37.4722548,126.8989471
서울특별시 금천구청 도로과,독산본동-307,방범등,서울특별시 금천구 독산3동(구 본동) 984-09,2025-06-17,37.4737183,126.9006216
서울특별시 금천구청 도로과,독산본동-3070,방범등,서울특별시 금천구 독산3동(구 본동) 159-15,2025-06-17,37.4724797,126.8988069
서울특별시 금천구청 도로과,독산본동-3071,방범등,서울특별시 금천구 독산3동(구 본동) 159-26,2025-06-17,37.4717765,126.8989414
서울특별시 금천구청 도로과,독산본동-3072,방범등,서울특별시 금천구 독산3동(구 본동) 161-31,2025-06-17,37.4719215,126.8995844
서울특별시 금천구청 도로과,독산본동-3073,방범등,서울특별시 금천구 독산3동(구 본동) 161-12,2025-06-17,37.4718672,126.8999369
서울특별시 금천구청 도로과,독산본동-3074,방범등,서울특별시 금천구 독산3동(구 본동) 161-14,2025-06-17,37.4720643,126.8999593
서울특별시 금천구청 도로과,독산본동-3075,방범등,서울특별시 금천구 독산3동(구 본동) 161-10,2025-06-17,37.4719544,126.9001184
서울특별시 금천구청 도로과,독산본동-3076,방범등,서울특별시 금천구 독산3동(구 본동) 162-09,2025-06-17,37.4716894,126.9003601
서울특별시 금천구청 도로과,독산본동-3077,방범등,서울특별시 금천구 독산3동(구 본동) 161-03,2025-06-17,37.4718518,126.9004416
서울특별시 금천구청 도로과,독산본동-3078,방범등,서울특별시 금천구 독산3동(구 본동) 161-11,2025-06-17,37.4718555,126.9001081
서울특별시 금천구청 도로과,독산본동-3079,방범등,"서울특별시 금천구 독산3동(구 본동) 164-46,45",2025-06-17,37.4718149,126.9006657
서울특별시 금천구청 도로과,독산본동-308,방범등,서울특별시 금천구 독산3동(구 본동) 984-10,2025-06-17,37.4737169,126.9004188
서울특별시 금천구청 도로과,독산본동-3080,방범등,서울특별시 금천구 독산3동(구 본동) 163-20,2025-06-17,37.4714688,126.9010053
서울특별시 금천구청 도로과,독산본동-3081,방범등,서울특별시 금천구 독산3동(구 본동) 164-38,2025-06-17,37.4718478,126.9011029
서울특별시 금천구청 도로과,독산본동-3082,방범등,서울특별시 금천구 독산3동(구 본동) 164-37,2025-06-17,37.4717416,126.9010318
서울특별시 금천구청 도로과,독산본동-3083,방범등,서울특별시 금천구 독산3동(구 본동) 163-13,2025-06-17,37.4713885,126.9013795
서울특별시 금천구청 도로과,독산본동-3084,방범등,서울특별시 금천구 독산3동(구 본동) 164-26,2025-06-17,37.4716522,126.9014421
서울특별시 금천구청 도로과,독산본동-3085,방범등,서울특별시 금천구 독산3동(구 본동) 164-27,2025-06-17,37.4718194,126.9014757
서울특별시 금천구청 도로과,독산본동-3087,방범등,서울특별시 금천구 독산3동(구 본동) 164-25,2025-06-17,37.4716246,126.9015880
서울특별시 금천구청 도로과,독산본동-3088,방범등,서울특별시 금천구 독산3동(구 본동) 164-23,2025-06-17,37.4718458,126.9016356
서울특별시 금천구청 도로과,독산본동-3089,방범등,서울특별시 금천구 독산3동(구 본동) 164-09,2025-06-17,37.4717928,126.9021738
서울특별시 금천구청 도로과,독산본동-309,방범등,서울특별시 금천구 독산3동(구 본동) 984-09,2025-06-17,37.4737183,126.9006216
서울특별시 금천구청 도로과,독산본동-3090,방범등,서울특별시 금천구 독산3동(구 본동) 164-06,2025-06-17,37.4715053,126.9021104
서울특별시 금천구청 도로과,독산본동-3091,방범등,서울특별시 금천구 독산3동(구 본동) 163-03,2025-06-17,37.4711570,126.9020326
서울특별시 금천구청 도로과,독산본동-3092,방범등,서울특별시 금천구 독산3동(구 본동) 178-13,2025-06-17,37.4717994,126.9025677
서울특별시 금천구청 도로과,독산본동-3093,방범등,서울특별시 금천구 독산3동(구 본동) 178-15,2025-06-17,37.4715919,126.9025437
서울특별시 금천구청 도로과,독산본동-3094,방범등,서울특별시 금천구 독산3동(구 본동) 178-17,2025-06-17,37.4713829,126.9025204
서울특별시 금천구청 도로과,독산본동-3095,방범등,서울특별시 금천구 독산3동(구 본동) 178-28,2025-06-17,37.4718427,126.9029223
서울특별시 금천구청 도로과,독산본동-3096,방범등,서울특별시 금천구 독산3동(구 본동) 178-22,2025-06-17,37.4715868,126.9026774
서울특별시 금천구청 도로과,독산본동-3097,방범등,서울특별시 금천구 독산3동(구 본동) 178-19,2025-06-17,37.4712299,126.9026819
서울특별시 금천구청 도로과,독산본동-3098,방범등,서울특별시 금천구 독산3동(구 본동) 178-35,2025-06-17,37.4710453,126.9024220
서울특별시 금천구청 도로과,독산본동-3099,방범등,서울특별시 금천구 독산3동(구 본동) 161-27,2025-06-17,37.4720315,126.8992730
서울특별시 금천구청 도로과,독산본동-4058,방범등,서울특별시 금천구 독산3동(구 본동) 952,2025-06-17,37.4790966,126.9011268
서울특별시 금천구청 도로과,독산본동-4067,방범등,서울특별시 금천구 독산3동(구 본동) 965-20,2025-06-17,37.4761377,126.9007760
서울특별시 금천구청 도로과,시흥1동-101,방범등,서울특별시 금천구 시흥1동 998-12,2025-06-17,37.4541916,126.8986623
서울특별시 금천구청 도로과,시흥1동-102,방범등,서울특별시 금천구 시흥1동 122-8,2025-06-17,37.4543908,126.8988897
서울특별시 금천구청 도로과,시흥1동-103,방범등,서울특별시 금천구 시흥1동 120-19,2025-06-17,37.4543935,126.8987262
서울특별시 금천구청 도로과,시흥1동-104,방범등,서울특별시 금천구 시흥1동 120-15,2025-06-17,37.4545700,126.8985059
서울특별시 금천구청 도로과,시흥1동-105,방범등,서울특별시 금천구 시흥1동 120-14,2025-06-17,37.4545678,126.8983722
서울특별시 금천구청 도로과,시흥1동-106,방범등,서울특별시 금천구 시흥1동 120-3,2025-06-17,37.4545512,126.8981157
서울특별시 금천구청 도로과,시흥1동-107,방범등,서울특별시 금천구 시흥1동 120-3,2025-06-17,37.4545512,126.8981157
서울특별시 금천구청 도로과,시흥1동-108,방범등,서울특별시 금천구 시흥1동 120-3,2025-06-17,37.4545512,126.8981157
서울특별시 금천구청 도로과,시흥1동-109,방범등,서울특별시 금천구 시흥1동 120-1,2025-06-17,37.4545577,126.8982491
서울특별시 금천구청 도로과,시흥1동-110,방범등,서울특별시 금천구 시흥1동 120-6,2025-06-17,37.4543759,126.8981842
서울특별시 금천구청 도로과,시흥1동-111,방범등,서울특별시 금천구 시흥1동 120-21,2025-06-17,37.4543660,126.8983188
서울특별시 금천구청 도로과,시흥1동-112,방범등,서울특별시 금천구 시흥1동 118-87,2025-06-17,37.4542719,126.8981827
서울특별시 금천구청 도로과,시흥1동-113,방범등,서울특별시 금천구 시흥1동 1009 목련아파트 103동 뒤,2025-06-17,37.4545951,126.8976592
서울특별시 금천구청 도로과,시흥1동-114,방범등,서울특별시 금천구 시흥1동 1009 목련아파트 103동 뒤,2025-06-17,37.4545951,126.8976592
서울특별시 금천구청 도로과,시흥1동-115,방범등,서울특별시 금천구 시흥1동 118-92,2025-06-17,37.4542760,126.8979539
서울특별시 금천구청 도로과,시흥1동-117,방범등,서울특별시 금천구 시흥1동 998-6,2025-06-17,37.4539761,126.8980336
서울특별시 금천구청 도로과,시흥1동-118,방범등,서울특별시 금천구 시흥1동 1009 목련아파트 103동 옆,2025-06-17,37.4545951,126.8976592
서울특별시 금천구청 도로과,시흥1동-119,방범등,서울특별시 금천구 시흥1동 998 LG U+ 삼거리,2025-06-17,37.4541054,126.8975209
서울특별시 금천구청 도로과,시흥1동-121,방범등,서울특별시 금천구 시흥1동 998 LG U+ 월편,2025-06-17,37.4541054,126.8975209
서울특별시 금천구청 도로과,시흥1동-122,방범등,서울특별시 금천구 시흥1동 1009 목련아파트 103동 월편 삼거리,2025-06-17,37.4545951,126.8976592
서울특별시 금천구청 도로과,시흥1동-123,방범등,서울특별시 금천구 시흥1동 1009 목련아파트 103동 월편,2025-06-17,37.4545951,126.8976592
서울특별시 금천구청 도로과,시흥1동-124,방범등,서울특별시 금천구 시흥1동 1009 목련아파트 102동 월편,2025-06-17,37.4545951,126.8976592
서울특별시 금천구청 도로과,시흥1동-126,방범등,서울특별시 금천구 시흥1동 114-5,2025-06-17,37.4551682,126.8972605
서울특별시 금천구청 도로과,시흥1동-127,방범등,서울특별시 금천구 시흥1동 120-20,2025-06-17,37.4543813,126.8986034
서울특별시 금천구청 도로과,시흥1동-128,방범등,서울특별시 금천구 시흥1동 113-54 고명산업 옆(자전거 보관대),2025-06-17,37.4570396,126.8940410
서울특별시 금천구청 도로과,시흥1동-129,방범등,서울특별시 금천구 시흥1동 113-112,2025-06-17,37.4559655,126.8958325
서울특별시 금천구청 도로과,시흥1동-130,방범등,서울특별시 금천구 시흥1동 113-115,2025-06-17,37.4557323,126.8961595
서울특별시 금천구청 도로과,시흥1동-132,방범등,서울특별시 금천구 시흥1동 113-102 필승아파트 2동,2025-06-17,37.4555267,126.8965669
서울특별시 금천구청 도로과,시흥1동-133,방범등,서울특별시 금천구 시흥1동 113-94 필승아파트 1~2동 사이,2025-06-17,37.4562794,126.8965510
서울특별시 금천구청 도로과,시흥1동-135,방범등,서울특별시 금천구 시흥1동 110-4,2025-06-17,37.4553556,126.8972569
서울특별시 금천구청 도로과,시흥1동-136,방범등,서울특별시 금천구 시흥1동 117-6,2025-06-17,37.4551267,126.8973942
서울특별시 금천구청 도로과,시흥1동-137,방범등,서울특별시 금천구 시흥1동 114-2,2025-06-17,37.4550823,126.8977546
서울특별시 금천구청 도로과,시흥1동-138,방범등,서울특별시 금천구 시흥1동 114-9,2025-06-17,37.4550414,126.8980033
서울특별시 금천구청 도로과,시흥1동-139,방범등,서울특별시 금천구 시흥1동 115-10,2025-06-17,37.4551731,126.8985727
서울특별시 금천구청 도로과,시흥1동-140,방범등,서울특별시 금천구 시흥1동 119-07 앞,2025-06-17,37.4548185,126.8984037
서울특별시 금천구청 도로과,시흥1동-141,방범등,서울특별시 금천구 시흥1동 115-8,2025-06-17,37.4550894,126.8987021
서울특별시 금천구청 도로과,시흥1동-142,방범등,서울특별시 금천구 시흥1동 121-4,2025-06-17,37.4550814,126.8991013
서울특별시 금천구청 도로과,시흥1동-143,방범등,서울특별시 금천구 시흥1동 124-10,2025-06-17,37.4550127,126.8994305
서울특별시 금천구청 도로과,시흥1동-144,방범등,서울특별시 금천구 시흥1동 123-2,2025-06-17,37.4547749,126.8995922
서울특별시 금천구청 도로과,시흥1동-145,방범등,서울특별시 금천구 시흥1동 999-36,2025-06-17,37.4549081,126.8998274
서울특별시 금천구청 도로과,시흥1동-146,방범등,서울특별시 금천구 시흥1동 999-41,2025-06-17,37.4549843,126.8999742
서울특별시 금천구청 도로과,시흥1동-147,방범등,서울특별시 금천구 시흥1동 999-25 뒤,2025-06-17,37.4553986,126.8996410
서울특별시 금천구청 도로과,시흥1동-148,방범등,서울특별시 금천구 시흥1동 999-30,2025-06-17,37.4551833,126.8997157
서울특별시 금천구청 도로과,시흥1동-149,방범등,서울특별시 금천구 시흥1동 124-10,2025-06-17,37.4550127,126.8994305
서울특별시 금천구청 도로과,시흥1동-150,방범등,서울특별시 금천구 시흥1동 103-6,2025-06-17,37.4552651,126.8993707
서울특별시 금천구청 도로과,시흥1동-151,방범등,서울특별시 금천구 시흥1동 124-07,2025-06-17,37.4551393,126.8993813
서울특별시 금천구청 도로과,시흥1동-152,방범등,서울특별시 금천구 시흥1동 121-04 (115-4 앞),2025-06-17,37.4550814,126.8991013
서울특별시 금천구청 도로과,시흥1동-153,방범등,서울특별시 금천구 시흥1동 121-04 (115-6 앞),2025-06-17,37.4550814,126.8991013
서울특별시 금천구청 도로과,시흥1동-154,방범등,서울특별시 금천구 시흥1동 112-1,2025-06-17,37.4554589,126.8991902
서울특별시 금천구청 도로과,시흥1동-155,방범등,서울특별시 금천구 시흥1동 112-03,2025-06-17,37.4554867,126.8989655
서울특별시 금천구청 도로과,시흥1동-156,방범등,서울특별시 금천구 시흥1동 999-21,2025-06-17,37.4556492,126.8996156
서울특별시 금천구청 도로과,시흥1동-157,방범등,서울특별시 금천구 시흥1동 105-1,2025-06-17,37.4558226,126.8989135
서울특별시 금천구청 도로과,시흥1동-158,방범등,서울특별시 금천구 시흥1동 109-01,2025-06-17,37.4560725,126.8982952
서울특별시 금천구청 도로과,시흥1동-159,방범등,서울특별시 금천구 시흥1동 108-15,2025-06-17,37.4578855,126.8987897
서울특별시 금천구청 도로과,시흥1동-160,방범등,서울특별시 금천구 시흥1동 108-18 뒷편,2025-06-17,37.4579614,126.8985271
서울특별시 금천구청 도로과,시흥1동-161,방범등,서울특별시 금천구 시흥1동 108-25,2025-06-17,37.4577009,126.8981577
서울특별시 금천구청 도로과,시흥1동-162,방범등,서울특별시 금천구 시흥1동 108-25,2025-06-17,37.4577009,126.8981577
서울특별시 금천구청 도로과,시흥1동-163,방범등,서울특별시 금천구 시흥1동 108-21,2025-06-17,37.4578075,126.8985955
서울특별시 금천구청 도로과,시흥1동-164,방범등,서울특별시 금천구 시흥1동 108-21,2025-06-17,37.4578075,126.8985955
서울특별시 금천구청 도로과,시흥1동-165,방범등,서울특별시 금천구 시흥1동 108-30,2025-06-17,37.4573786,126.8979239
서울특별시 금천구청 도로과,시흥1동-166,방범등,서울특별시 금천구 시흥1동 108-28,2025-06-17,37.4574656,126.8983033
서울특별시 금천구청 도로과,시흥1동-167,방범등,서울특별시 금천구 시흥1동 108-42,2025-06-17,37.4571891,126.8983259
서울특별시 금천구청 도로과,시흥1동-168,방범등,서울특별시 금천구 시흥1동 108-42,2025-06-17,37.4571891,126.8983259
서울특별시 금천구청 도로과,시흥1동-169,방범등,서울특별시 금천구 시흥1동 108-53,2025-06-17,37.4573600,126.8986758
서울특별시 금천구청 도로과,시흥1동-170,방범등,서울특별시 금천구 시흥1동 108-37,2025-06-17,37.4571531,126.8981840
서울특별시 금천구청 도로과,시흥1동-171,방범등,서울특별시 금천구 시흥1동 108-48,2025-06-17,37.4575263,126.8987479
서울특별시 금천구청 도로과,시흥1동-172,방범등,서울특별시 금천구 시흥1동 1015 (베르빌A.),2025-06-17,37.4577195,126.8977179
서울특별시 금천구청 도로과,시흥1동-173,방범등,서울특별시 금천구 시흥1동 1015 (베르빌A.),2025-06-17,37.4577195,126.8977179
서울특별시 금천구청 도로과,시흥1동-174,방범등,서울특별시 금천구 시흥1동 1015 (베르빌A.),2025-06-17,37.4577195,126.8977179
서울특별시 금천구청 도로과,시흥1동-175,방범등,서울특별시 금천구 시흥1동 113-197,2025-06-17,37.4581520,126.8974072
서울특별시 금천구청 도로과,시흥1동-176,방범등,서울특별시 금천구 시흥1동 113-139,2025-06-17,37.4581007,126.8971976
서울특별시 금천구청 도로과,시흥1동-177,방범등,서울특별시 금천구 시흥1동 113-139,2025-06-17,37.4581007,126.8971976
서울특별시 금천구청 도로과,시흥1동-178,방범등,서울특별시 금천구 시흥1동 113-03,2025-06-17,37.4584704,126.8970997
서울특별시 금천구청 도로과,시흥1동-179,방범등,서울특별시 금천구 시흥1동 113-00,2025-06-17,37.4587190,126.8970005
서울특별시 금천구청 도로과,시흥1동-180,방범등,서울특별시 금천구 시흥1동 113-00,2025-06-17,37.4587190,126.8970005
서울특별시 금천구청 도로과,시흥1동-181,방범등,서울특별시 금천구 시흥1동 113-12 월편,2025-06-17,37.4582233,126.8975051
서울특별시 금천구청 도로과,시흥1동-182,방범등,서울특별시 금천구 시흥1동 113-6,2025-06-17,37.4583670,126.8973909
서울특별시 금천구청 도로과,시흥1동-183,방범등,서울특별시 금천구 시흥1동 113-15,2025-06-17,37.4585503,126.8981375
서울특별시 금천구청 도로과,시흥1동-184,방범등,서울특별시 금천구 시흥1동 113-14 앞 삼거리,2025-06-17,37.4588946,126.8977126
서울특별시 금천구청 도로과,시흥1동-185,방범등,서울특별시 금천구 시흥1동 113-14 월편,2025-06-17,37.4588946,126.8977126
서울특별시 금천구청 도로과,시흥1동-186,방범등,서울특별시 금천구 시흥1동 113-16 월편,2025-06-17,37.4589783,126.8982514
서울특별시 금천구청 도로과,시흥1동-187,방범등,서울특별시 금천구 시흥1동 113-16 월편,2025-06-17,37.4589783,126.8982514
서울특별시 금천구청 도로과,시흥1동-190,방범등,서울특별시 금천구 시흥1동 108-60,2025-06-17,37.4576731,126.8990218
서울특별시 금천구청 도로과,시흥1동-191,방범등,서울특별시 금천구 시흥1동 108-18,2025-06-17,37.4579614,126.8985271
서울특별시 금천구청 도로과,시흥1동-192,방범등,서울특별시 금천구 시흥1동 113-1,2025-06-17,37.4588676,126.8972547
서울특별시 금천구청 도로과,시흥1동-193,방범등,서울특별시 금천구 시흥1동 113-1,2025-06-17,37.4588676,126.8972547
서울특별시 금천구청 도로과,시흥1동-194,방범등,서울특별시 금천구 시흥1동 113-14 월편,2025-06-17,37.4588946,126.8977126
서울특별시 금천구청 도로과,시흥1동-195,방범등,서울특별시 금천구 시흥1동 113-16 월편,2025-06-17,37.4589783,126.8982514
서울특별시 금천구청 도로과,시흥1동-196,방범등,서울특별시 금천구 시흥1동 1015 베르빌 경로당 입구,2025-06-17,37.4577195,126.8977179
서울특별시 금천구청 도로과,시흥1동-197,방범등,서울특별시 금천구 시흥1동 1015 베르빌 경로당 입구,2025-06-17,37.4577195,126.8977179
서울특별시 금천구청 도로과,시흥1동-201,방범등,서울특별시 금천구 시흥1동 994-03,2025-06-17,37.4542959,126.9002972
서울특별시 금천구청 도로과,시흥1동-203,방범등,서울특별시 금천구 시흥1동 995-02 금천파출소 옥상,2025-06-17,37.4542341,126.8998392
서울특별시 금천구청 도로과,시흥1동-204,방범등,서울특별시 금천구 시흥1동 995-02 금천파출소 옥상,2025-06-17,37.4542341,126.8998392
서울특별시 금천구청 도로과,시흥1동-205,방범등,서울특별시 금천구 시흥1동 995-11 좌측,2025-06-17,37.4538003,126.9000050
서울특별시 금천구청 도로과,시흥1동-206,방범등,서울특별시 금천구 시흥1동 995-11 우측,2025-06-17,37.4538003,126.9000050
서울특별시 금천구청 도로과,시흥1동-207,방범등,서울특별시 금천구 시흥1동 995-13,2025-06-17,37.4536315,126.9001739
서울특별시 금천구청 도로과,시흥1동-208,방범등,서울특별시 금천구 시흥1동 992-24,2025-06-17,37.4531511,126.8999427
서울특별시 금천구청 도로과,시흥1동-210,방범등,서울특별시 금천구 시흥1동 995-15,2025-06-17,37.4537047,126.8994391
서울특별시 금천구청 도로과,시흥1동-211,방범등,서울특별시 금천구 시흥1동 995-14,2025-06-17,37.4534963,126.8995742
서울특별시 금천구청 도로과,시흥1동-212,방범등,서울특별시 금천구 시흥1동 995-16,2025-06-17,37.4538301,126.8992733
서울특별시 금천구청 도로과,시흥1동-213,방범등,서울특별시 금천구 시흥1동 995-6,2025-06-17,37.4541236,126.8996117
서울특별시 금천구청 도로과,시흥1동-214,방범등,서울특별시 금천구 시흥1동 995-59,2025-06-17,37.4540100,126.8993618
서울특별시 금천구청 도로과,시흥1동-215,방범등,서울특별시 금천구 시흥1동 995-53 월편,2025-06-17,37.4538762,126.8990251
서울특별시 금천구청 도로과,시흥1동-216,방범등,서울특별시 금천구 시흥1동 995-18,2025-06-17,37.4536269,126.8990119
서울특별시 금천구청 도로과,시흥1동-217,방범등,서울특별시 금천구 시흥1동 995-40 월편,2025-06-17,37.4536782,126.8985234
서울특별시 금천구청 도로과,시흥1동-219,방범등,서울특별시 금천구 시흥1동 995-29 월편,2025-06-17,37.4534468,126.8979267
서울특별시 금천구청 도로과,시흥1동-220,방범등,서울특별시 금천구 시흥1동 995-29,2025-06-17,37.4534468,126.8979267
서울특별시 금천구청 도로과,시흥1동-221,방범등,서울특별시 금천구 시흥1동 995-26 월편,2025-06-17,37.4533657,126.8981760
서울특별시 금천구청 도로과,시흥1동-222,방범등,서울특별시 금천구 시흥1동 992-12,2025-06-17,37.4530904,126.9002587
서울특별시 금천구청 도로과,시흥1동-223,방범등,서울특별시 금천구 시흥1동 995-23,2025-06-17,37.4533830,126.8987372
서울특별시 금천구청 도로과,시흥1동-224,방범등,서울특별시 금천구 시흥1동 992-02 건영아파트 입구,2025-06-17,37.4528899,126.8986753
서울특별시 금천구청 도로과,시흥1동-225,방범등,서울특별시 금천구 시흥1동 992-02 건영아파트 입구,2025-06-17,37.4528899,126.8986753
서울특별시 금천구청 도로과,시흥1동-226,방범등,서울특별시 금천구 시흥1동 993-19,2025-06-17,37.4527138,126.9009302
서울특별시 금천구청 도로과,시흥1동-227,방범등,서울특별시 금천구 시흥1동 995-65,2025-06-17,37.4534400,126.8993891
서울특별시 금천구청 도로과,시흥1동-228,방범등,서울특별시 금천구 시흥1동 995-14,2025-06-17,37.4534963,126.8995742
서울특별시 금천구청 도로과,시흥1동-229,방범등,서울특별시 금천구 시흥1동 992-04,2025-06-17,37.4533005,126.8996335
서울특별시 금천구청 도로과,시흥1동-230,방범등,서울특별시 금천구 시흥1동 992-05,2025-06-17,37.4533263,126.8998539
서울특별시 금천구청 도로과,시흥1동-231,방범등,서울특별시 금천구 시흥1동 992-06,2025-06-17,37.4534705,126.9001961
서울특별시 금천구청 도로과,시흥1동-232,방범등,서울특별시 금천구 시흥1동 992-13,2025-06-17,37.4529420,126.9003878
서울특별시 금천구청 도로과,시흥1동-233,방범등,서울특별시 금천구 시흥1동 992-15,2025-06-17,37.4528498,126.9005943
서울특별시 금천구청 도로과,시흥1동-234,방범등,서울특별시 금천구 시흥1동 992-20,2025-06-17,37.4526008,126.9004071
서울특별시 금천구청 도로과,시흥1동-235,방범등,서울특별시 금천구 시흥1동 992-20,2025-06-17,37.4526008,126.9004071
서울특별시 금천구청 도로과,시흥1동-236,방범등,서울특별시 금천구 시흥1동 992-25,2025-06-17,37.4531642,126.8996050
서울특별시 금천구청 도로과,시흥1동-237,방범등,서울특별시 금천구 시흥1동 992-38,2025-06-17,37.4529607,126.8996234
서울특별시 금천구청 도로과,시흥1동-238,방범등,서울특별시 금천구 시흥1동 992-43,2025-06-17,37.4528386,126.8998105
서울특별시 금천구청 도로과,시흥1동-239,방범등,서울특별시 금천구 시흥1동 992-12 삼거리,2025-06-17,37.4530904,126.9002587
서울특별시 금천구청 도로과,시흥1동-240,방범등,서울특별시 금천구 시흥1동 992-26,2025-06-17,37.4529088,126.8999637
서울특별시 금천구청 도로과,시흥1동-242,방범등,서울특별시 금천구 시흥1동 992-26,2025-06-17,37.4529088,126.8999637
서울특별시 금천구청 도로과,시흥1동-243,방범등,서울특별시 금천구 시흥1동 992-61,2025-06-17,37.4524543,126.8999453
서울특별시 금천구청 도로과,시흥1동-244,방범등,서울특별시 금천구 시흥1동 992-47 홈플러스 시흥점 뒤,2025-06-17,37.4519107,126.9008011
서울특별시 금천구청 도로과,시흥1동-245,방범등,서울특별시 금천구 시흥1동 992-47 홈플러스 시흥점 뒤,2025-06-17,37.4519107,126.9008011
서울특별시 금천구청 도로과,시흥1동-246,방범등,서울특별시 금천구 시흥1동 992-47 홈플러스 시흥점 뒤,2025-06-17,37.4519107,126.9008011
서울특별시 금천구청 도로과,시흥1동-247,방범등,서울특별시 금천구 시흥1동 992-47 홈플러스 시흥점 뒤,2025-06-17,37.4519107,126.9008011
서울특별시 금천구청 도로과,시흥1동-248,방범등,서울특별시 금천구 시흥1동 992-47 홈플러스 시흥점 뒤,2025-06-17,37.4519107,126.9008011
서울특별시 금천구청 도로과,시흥1동-252,방범등,서울특별시 금천구 시흥1동 555-10 철길 옆,2025-06-17,37.4518855,126.8957892
서울특별시 금천구청 도로과,시흥1동-253,방범등,서울특별시 금천구 시흥1동 555-10 철길 옆,2025-06-17,37.4518855,126.8957892
서울특별시 금천구청 도로과,시흥1동-254,방범등,서울특별시 금천구 시흥1동 555-10 철길 옆,2025-06-17,37.4518855,126.8957892
서울특별시 금천구청 도로과,시흥1동-255,방범등,서울특별시 금천구 시흥1동 555-10 철길 옆,2025-06-17,37.4518855,126.8957892
서울특별시 금천구청 도로과,시흥1동-256,방범등,서울특별시 금천구 시흥1동 555-10 철길 옆,2025-06-17,37.4518855,126.8957892
서울특별시 금천구청 도로과,시흥1동-259,방범등,서울특별시 금천구 시흥1동 555-3 시흥빗물펌프장 옆 삼거리,2025-06-17,37.4507082,126.8966730
서울특별시 금천구청 도로과,시흥1동-260,방범등,서울특별시 금천구 시흥1동 557-04,2025-06-17,37.4512407,126.8968560
서울특별시 금천구청 도로과,시흥1동-261,방범등,서울특별시 금천구 시흥1동 557-04,2025-06-17,37.4512407,126.8968560
서울특별시 금천구청 도로과,시흥1동-262,방범등,서울특별시 금천구 시흥1동 557-27,2025-06-17,37.4510278,126.8969341
서울특별시 금천구청 도로과,시흥1동-263,방범등,서울특별시 금천구 시흥1동 557-07,2025-06-17,37.4508504,126.8970395
서울특별시 금천구청 도로과,시흥1동-264,방범등,서울특별시 금천구 시흥1동 558-10,2025-06-17,37.4505849,126.8971984
서울특별시 금천구청 도로과,시흥1동-265,방범등,서울특별시 금천구 시흥1동 561-02 한전변전소 입구,2025-06-17,37.4499643,126.8971708
서울특별시 금천구청 도로과,시흥1동-266,방범등,서울특별시 금천구 시흥1동 561-02,2025-06-17,37.4499643,126.8971708
서울특별시 금천구청 도로과,시흥1동-267,방범등,서울특별시 금천구 시흥1동 558-01 금천노인종합복지관 입구,2025-06-17,37.4502204,126.8977850
서울특별시 금천구청 도로과,시흥1동-268,방범등,서울특별시 금천구 시흥1동 995-15,2025-06-17,37.4537047,126.8994391
서울특별시 금천구청 도로과,시흥1동-269,방범등,서울특별시 금천구 시흥1동 561-2 시흥빗물펌프장 뒤,2025-06-17,37.4499643,126.8971708
서울특별시 금천구청 도로과,시흥1동-270,방범등,서울특별시 금천구 시흥1동 561-2 뒤 철길 옆,2025-06-17,37.4499643,126.8971708
서울특별시 금천구청 도로과,시흥1동-271,방범등,서울특별시 금천구 시흥1동 561-2 뒤 철길 옆,2025-06-17,37.4499643,126.8971708
서울특별시 금천구청 도로과,시흥1동-272,방범등,서울특별시 금천구 시흥1동 561-2 뒤 철길 옆,2025-06-17,37.4499643,126.8971708
서울특별시 금천구청 도로과,시흥1동-273,방범등,서울특별시 금천구 시흥1동 562-5 뒤 철길 옆,2025-06-17,37.4494557,126.8971044
서울특별시 금천구청 도로과,시흥1동-274,방범등,서울특별시 금천구 시흥1동 555-3 시흥빗물펌프장 옆(CCTV옆),2025-06-17,37.4507082,126.8966730
서울특별시 금천구청 도로과,시흥1동-277,방범등,서울특별시 금천구 시흥1동 995-13,2025-06-17,37.4536315,126.9001739
서울특별시 금천구청 도로과,시흥1동-279,방범등,서울특별시 금천구 시흥1동 555-3 시흥빗물펌프장 옆(CCTV옆),2025-06-17,37.4507082,126.8966730
서울특별시 금천구청 도로과,시흥1동-301,방범등,서울특별시 금천구 시흥1동 991-22,2025-06-17,37.4508328,126.9009901
서울특별시 금천구청 도로과,시흥1동-302,방범등,서울특별시 금천구 시흥1동 991-25,2025-06-17,37.4505684,126.9010953
서울특별시 금천구청 도로과,시흥1동-303,방범등,서울특별시 금천구 시흥1동 991-27 사거리,2025-06-17,37.4503955,126.9011570
서울특별시 금천구청 도로과,시흥1동-304,방범등,서울특별시 금천구 시흥1동 990-29,2025-06-17,37.4503665,126.9008450
서울특별시 금천구청 도로과,시흥1동-305,방범등,서울특별시 금천구 시흥1동 991-30,2025-06-17,37.4506216,126.9009623
서울특별시 금천구청 도로과,시흥1동-306,방범등,서울특별시 금천구 시흥1동 991-31,2025-06-17,37.4507028,126.9009311
서울특별시 금천구청 도로과,시흥1동-307,방범등,서울특별시 금천구 시흥1동 991-33,2025-06-17,37.4508575,126.9008516
서울특별시 금천구청 도로과,시흥1동-308,방범등,서울특별시 금천구 시흥1동 991-40,2025-06-17,37.4505117,126.9008599
서울특별시 금천구청 도로과,시흥1동-309,방범등,서울특별시 금천구 시흥1동 990-18,2025-06-17,37.4505260,126.9005251
서울특별시 금천구청 도로과,시흥1동-311,방범등,서울특별시 금천구 시흥1동 990-16,2025-06-17,37.4505245,126.9003626
서울특별시 금천구청 도로과,시흥1동-312,방범등,서울특별시 금천구 시흥1동 991-46 옆,2025-06-17,37.4509635,126.9006246
서울특별시 금천구청 도로과,시흥1동-313,방범등,서울특별시 금천구 시흥1동 990-08,2025-06-17,37.4507527,126.8998212
서울특별시 금천구청 도로과,시흥1동-314,방범등,서울특별시 금천구 시흥1동 990-24,2025-06-17,37.4501789,126.9003007
서울특별시 금천구청 도로과,시흥1동-315,방범등,서울특별시 금천구 시흥1동 990-57,2025-06-17,37.4499236,126.9000877
서울특별시 금천구청 도로과,시흥1동-316,방범등,서울특별시 금천구 시흥1동 990-57,2025-06-17,37.4499236,126.9000877
서울특별시 금천구청 도로과,시흥1동-317,방범등,서울특별시 금천구 시흥1동 989-09,2025-06-17,37.4495477,126.9002796
서울특별시 금천구청 도로과,시흥1동-318,방범등,서울특별시 금천구 시흥1동 989-8,2025-06-17,37.4495999,126.9004704
서울특별시 금천구청 도로과,시흥1동-319,방범등,서울특별시 금천구 시흥1동 990-27 경일경영정보고,2025-06-17,37.4499176,126.9004847
서울특별시 금천구청 도로과,시흥1동-320,방범등,서울특별시 금천구 시흥1동 990-33,2025-06-17,37.4502489,126.9007778
서울특별시 금천구청 도로과,시흥1동-321,방범등,서울특별시 금천구 시흥1동 989-04,2025-06-17,37.4497871,126.9010349
서울특별시 금천구청 도로과,시흥1동-322,방범등,서울특별시 금천구 시흥1동 990-30,2025-06-17,37.4502776,126.9010358
서울특별시 금천구청 도로과,시흥1동-323,방범등,서울특별시 금천구 시흥1동 991-19,2025-06-17,37.4502788,126.9015385
서울특별시 금천구청 도로과,시흥1동-324,방범등,서울특별시 금천구 시흥1동 991-19,2025-06-17,37.4502788,126.9015385
서울특별시 금천구청 도로과,시흥1동-325,방범등,서울특별시 금천구 시흥1동 989-00,2025-06-17,37.4498325,126.9012924
서울특별시 금천구청 도로과,시흥1동-326,방범등,서울특별시 금천구 시흥1동 989,2025-06-17,37.4498325,126.9012924
서울특별시 금천구청 도로과,시흥1동-327,방범등,서울특별시 금천구 시흥1동 989-15,2025-06-17,37.4495605,126.9010670
서울특별시 금천구청 도로과,시흥1동-328,방범등,서울특별시 금천구 시흥1동 989-6,2025-06-17,37.4494143,126.9008498
서울특별시 금천구청 도로과,시흥1동-329,방범등,서울특별시 금천구 시흥1동 989-14 대도훼미리,2025-06-17,37.4492015,126.9004447
서울특별시 금천구청 도로과,시흥1동-330,방범등,서울특별시 금천구 시흥1동 989-11 좌측,2025-06-17,37.4490293,126.9003184
서울특별시 금천구청 도로과,시흥1동-331,방범등,서울특별시 금천구 시흥1동 989-12 양문교회 코너,2025-06-17,37.4487145,126.9000895
서울특별시 금천구청 도로과,시흥1동-332,방범등,서울특별시 금천구 시흥1동 493,2025-06-17,37.4486403,126.8999199
서울특별시 금천구청 도로과,시흥1동-333,방범등,서울특별시 금천구 시흥1동 493-00,2025-06-17,37.4486403,126.8999199
서울특별시 금천구청 도로과,시흥1동-334,방범등,서울특별시 금천구 시흥1동 989 월편,2025-06-17,37.4498325,126.9012924
서울특별시 금천구청 도로과,시흥1동-335,방범등,서울특별시 금천구 시흥1동 987-05,2025-06-17,37.4495274,126.9017623
서울특별시 금천구청 도로과,시흥1동-336,방범등,서울특별시 금천구 시흥1동 988-2 월편,2025-06-17,37.4492952,126.9015590
서울특별시 금천구청 도로과,시흥1동-337,방범등,서울특별시 금천구 시흥1동 987-14 101동,2025-06-17,37.4488463,126.9019911
서울특별시 금천구청 도로과,시흥1동-338,방범등,서울특별시 금천구 시흥1동 987-14 101동 월편,2025-06-17,37.4488463,126.9019911
서울특별시 금천구청 도로과,시흥1동-339,방범등,서울특별시 금천구 시흥1동 987-14 102동 월편,2025-06-17,37.4488463,126.9019911
서울특별시 금천구청 도로과,시흥1동-340,방범등,서울특별시 금천구 시흥1동 987-14 102동 월편 남서울어린이공원,2025-06-17,37.4488463,126.9019911
서울특별시 금천구청 도로과,시흥1동-341,방범등,서울특별시 금천구 시흥1동 985-32,2025-06-17,37.4467061,126.9027249
서울특별시 금천구청 도로과,시흥1동-342,방범등,서울특별시 금천구 시흥1동 789 남서울힐스테이트 102동 앞 서울어린이공원,2025-06-17,37.4478428,126.9012055
서울특별시 금천구청 도로과,시흥1동-347,방범등,서울특별시 금천구 시흥1동 789 남서울 힐스테이트 앞,2025-06-17,37.4478428,126.9012055
서울특별시 금천구청 도로과,시흥1동-348,방범등,서울특별시 금천구 시흥1동 985-02,2025-06-17,37.4476412,126.9022282
서울특별시 금천구청 도로과,시흥1동-349,방범등,서울특별시 금천구 시흥1동 986-4,2025-06-17,37.4480394,126.9024608
서울특별시 금천구청 도로과,시흥1동-350,방범등,서울특별시 금천구 시흥1동 986-4,2025-06-17,37.4480394,126.9024608
서울특별시 금천구청 도로과,시흥1동-351,방범등,서울특별시 금천구 시흥1동 985-12,2025-06-17,37.4468780,126.9030686
서울특별시 금천구청 도로과,시흥1동-352,방범등,서울특별시 금천구 시흥1동 985-12,2025-06-17,37.4468780,126.9030686
서울특별시 금천구청 도로과,시흥1동-353,방범등,서울특별시 금천구 시흥1동 985-12,2025-06-17,37.4468780,126.9030686
서울특별시 금천구청 도로과,시흥1동-354,방범등,서울특별시 금천구 시흥1동 985-09,2025-06-17,37.4473390,126.9026053
서울특별시 금천구청 도로과,시흥1동-355,방범등,서울특별시 금천구 시흥1동 985-13,2025-06-17,37.4468824,126.9025503
서울특별시 금천구청 도로과,시흥1동-356,방범등,서울특별시 금천구 시흥1동 789,2025-06-17,37.4478428,126.9012055
서울특별시 금천구청 도로과,시흥1동-360,방범등,서울특별시 금천구 시흥1동 492-21,2025-06-17,37.4466644,126.9008245
서울특별시 금천구청 도로과,시흥1동-361,방범등,서울특별시 금천구 시흥1동 492-49,2025-06-17,37.4465205,126.9007058
서울특별시 금천구청 도로과,시흥1동-362,방범등,서울특별시 금천구 시흥1동 492-21,2025-06-17,37.4466644,126.9008245
서울특별시 금천구청 도로과,시흥1동-363,방범등,서울특별시 금천구 시흥1동 492-19,2025-06-17,37.4469125,126.9008129
서울특별시 금천구청 도로과,시흥1동-365,방범등,서울특별시 금천구 시흥1동 492-08,2025-06-17,37.4473930,126.9008822
서울특별시 금천구청 도로과,시흥1동-366,방범등,서울특별시 금천구 시흥1동 492-40,2025-06-17,37.4472245,126.9003623
서울특별시 금천구청 도로과,시흥1동-367,방범등,서울특별시 금천구 시흥1동 492-32,2025-06-17,37.4469928,126.9005559
서울특별시 금천구청 도로과,시흥1동-368,방범등,서울특별시 금천구 시흥1동 492-34,2025-06-17,37.4468576,126.9003900
서울특별시 금천구청 도로과,시흥1동-369,방범등,서울특별시 금천구 시흥1동 492-52,2025-06-17,37.4467895,126.9005523
서울특별시 금천구청 도로과,시흥1동-370,방범등,서울특별시 금천구 시흥1동 492-46,2025-06-17,37.4467516,126.9002049
서울특별시 금천구청 도로과,시흥1동-371,방범등,서울특별시 금천구 시흥1동 492-36,2025-06-17,37.4470105,126.9003782
서울특별시 금천구청 도로과,시흥1동-372,방범등,서울특별시 금천구 시흥1동 492-41,2025-06-17,37.4471901,126.9001755
서울특별시 금천구청 도로과,시흥1동-373,방범등,서울특별시 금천구 시흥1동 492-12,2025-06-17,37.4473476,126.9002897
서울특별시 금천구청 도로과,시흥1동-375,방범등,서울특별시 금천구 시흥1동 988-18,2025-06-17,37.4495059,126.9014012
서울특별시 금천구청 도로과,시흥1동-376,방범등,서울특별시 금천구 시흥1동 988-5,2025-06-17,37.4492565,126.9012469
서울특별시 금천구청 도로과,시흥1동-377,방범등,서울특별시 금천구 시흥1동 989-11,2025-06-17,37.4490293,126.9003184
서울특별시 금천구청 도로과,시흥1동-379,방범등,서울특별시 금천구 시흥1동 492-34,2025-06-17,37.4468576,126.9003900
서울특별시 금천구청 도로과,시흥1동-380,방범등,서울특별시 금천구 시흥1동 492-20,2025-06-17,37.4468120,126.9008169
서울특별시 금천구청 도로과,시흥1동-381,방범등,서울특별시 금천구 시흥1동 990-22,2025-06-17,37.4503843,126.9003541
서울특별시 금천구청 도로과,시흥1동-382,방범등,서울특별시 금천구 시흥1동 990-2,2025-06-17,37.4506030,126.8994636
서울특별시 금천구청 도로과,시흥1동-383,방범등,서울특별시 금천구 시흥1동 492-09,2025-06-17,37.4473868,126.9007226
서울특별시 금천구청 도로과,시흥1동-384,방범등,서울특별시 금천구 시흥1동 991-15 월편,2025-06-17,37.4503635,126.9018231
서울특별시 금천구청 도로과,시흥1동-385,방범등,서울특별시 금천구 시흥1동 989-9,2025-06-17,37.4495477,126.9002796
서울특별시 금천구청 도로과,시흥1동-386,방범등,서울특별시 금천구 시흥1동 990-30,2025-06-17,37.4502776,126.9010358
서울특별시 금천구청 도로과,시흥1동-393,방범등,서울특별시 금천구 시흥1동 985-12 횡단보도 앞,2025-06-17,37.4468780,126.9030686
서울특별시 금천구청 도로과,시흥1동-394,방범등,서울특별시 금천구 시흥1동 492-24,2025-06-17,37.4467920,126.9006625
서울특별시 금천구청 도로과,시흥1동-396,방범등,서울특별시 금천구 시흥1동 989-7,2025-06-17,37.4496597,126.9006786
서울특별시 금천구청 도로과,시흥1동-397,방범등,서울특별시 금천구 시흥1동 989,2025-06-17,37.4498325,126.9012924
서울특별시 금천구청 도로과,시흥1동-398,방범등,서울특별시 금천구 시흥1동 989-8,2025-06-17,37.4495999,126.9004704
서울특별시 금천구청 도로과,시흥1동-399,방범등,서울특별시 금천구 시흥1동 989-10,2025-06-17,37.4492480,126.9007888
서울특별시 금천구청 도로과,시흥1동-400,방범등,서울특별시 금천구 시흥1동 990-21,2025-06-17,37.4503866,126.9006502
서울특별시 금천구청 도로과,시흥1동-401,방범등,서울특별시 금천구 시흥1동 995-14,2025-06-17,37.4534963,126.8995742
서울특별시 금천구청 도로과,시흥1동-403,방범등,서울특별시 금천구 시흥1동 995-48,2025-06-17,37.4538254,126.8988948
서울특별시 금천구청 도로과,시흥1동-404,방범등,서울특별시 금천구 시흥1동 995-2,2025-06-17,37.4542341,126.8998392
서울특별시 금천구청 도로과,시흥1동-405,방범등,서울특별시 금천구 시흥1동 995-11,2025-06-17,37.4538003,126.9000050
서울특별시 금천구청 도로과,시흥1동-406,방범등,서울특별시 금천구 시흥1동 991-31,2025-06-17,37.4507028,126.9009311
서울특별시 금천구청 도로과,시흥1동-407,방범등,서울특별시 금천구 시흥1동 124-7(115-3),2025-06-17,37.4551393,126.8993813
서울특별시 금천구청 도로과,시흥1동-408,방범등,서울특별시 금천구 시흥1동 115-5(115-4),2025-06-17,37.4552633,126.8989033
서울특별시 금천구청 도로과,시흥1동-409,방범등,서울특별시 금천구 시흥1동 905-17,2025-06-17,37.4498356,126.9043865
서울특별시 금천구청 도로과,시흥1동-412,방범등,서울특별시 금천구 시흥1동 894-3,2025-06-17,37.4523492,126.9046050
서울특별시 금천구청 도로과,시흥1동-413,방범등,서울특별시 금천구 시흥1동 894,2025-06-17,37.4525473,126.9051835
서울특별시 금천구청 도로과,시흥2동-1~16,방범등,서울특별시 금천구 시흥2동 1013,2025-06-17,37.4482696,126.9187780
서울특별시 금천구청 도로과,시흥2동-101,방범등,서울특별시 금천구 시흥2동 239-1,2025-06-17,37.4518742,126.9142789
서울특별시 금천구청 도로과,시흥2동-113,방범등,서울특별시 금천구 시흥2동 268-13,2025-06-17,37.4505157,126.9153858
서울특별시 금천구청 도로과,시흥2동-114,방범등,서울특별시 금천구 시흥2동 268-35,2025-06-17,37.4505079,126.9155810
서울특별시 금천구청 도로과,시흥2동-120,방범등,서울특별시 금천구 시흥2동 239-7,2025-06-17,37.4516666,126.9144039
서울특별시 금천구청 도로과,시흥2동-121,방범등,서울특별시 금천구 시흥2동 239-3,2025-06-17,37.4518177,126.9143171
서울특별시 금천구청 도로과,시흥2동-122,방범등,서울특별시 금천구 시흥2동 1013-7 옆,2025-06-17,37.4503528,126.9145641
서울특별시 금천구청 도로과,시흥2동-123,방범등,서울특별시 금천구 시흥2동 1013-7,2025-06-17,37.4503528,126.9145641
서울특별시 금천구청 도로과,시흥2동-124,방범등,서울특별시 금천구 시흥2동 1013-7,2025-06-17,37.4503528,126.9145641
서울특별시 금천구청 도로과,시흥2동-125,방범등,서울특별시 금천구 시흥2동 239-36 옆,2025-06-17,37.4507823,126.9145173
서울특별시 금천구청 도로과,시흥2동-127,방범등,서울특별시 금천구 시흥2동 243-30,2025-06-17,37.4508869,126.9139777
서울특별시 금천구청 도로과,시흥2동-128,방범등,서울특별시 금천구 시흥2동 243-38,2025-06-17,37.4506711,126.9140312
서울특별시 금천구청 도로과,시흥2동-130,방범등,서울특별시 금천구 시흥2동 243-28,2025-06-17,37.4509375,126.9137794
서울특별시 금천구청 도로과,시흥2동-131,방범등,서울특별시 금천구 시흥2동 266-2404,2025-06-17,37.4512129,126.9135245
서울특별시 금천구청 도로과,시흥2동-132,방범등,서울특별시 금천구 시흥2동 239-20,2025-06-17,37.4510009,126.9144341
서울특별시 금천구청 도로과,시흥2동-135,방범등,서울특별시 금천구 시흥2동 244-01,2025-06-17,37.4512955,126.9131003
서울특별시 금천구청 도로과,시흥2동-136,방범등,서울특별시 금천구 시흥2동 244-09,2025-06-17,37.4510388,126.9130755
서울특별시 금천구청 도로과,시흥2동-137,방범등,서울특별시 금천구 시흥2동 241-07,2025-06-17,37.4513922,126.9137592
서울특별시 금천구청 도로과,시흥2동-138,방범등,서울특별시 금천구 시흥2동 241-07,2025-06-17,37.4513922,126.9137592
서울특별시 금천구청 도로과,시흥2동-139,방범등,서울특별시 금천구 시흥2동 263-19,2025-06-17,37.4506347,126.9128473
서울특별시 금천구청 도로과,시흥2동-140,방범등,서울특별시 금천구 시흥2동 263-18,2025-06-17,37.4505270,126.9128238
서울특별시 금천구청 도로과,시흥2동-141,방범등,서울특별시 금천구 시흥2동 266-2745 애시안,2025-06-17,37.4506282,126.9135860
서울특별시 금천구청 도로과,시흥2동-142,방범등,서울특별시 금천구 시흥2동 266-2745,2025-06-17,37.4506282,126.9135860
서울특별시 금천구청 도로과,시흥2동-143,방범등,서울특별시 금천구 시흥2동 243-42,2025-06-17,37.4504664,126.9138889
서울특별시 금천구청 도로과,시흥2동-144,방범등,서울특별시 금천구 시흥2동 264-21,2025-06-17,37.4503382,126.9136474
서울특별시 금천구청 도로과,시흥2동-145,방범등,서울특별시 금천구 시흥2동 243-13,2025-06-17,37.4503386,126.9140556
서울특별시 금천구청 도로과,시흥2동-147,방범등,서울특별시 금천구 시흥2동 239-16,2025-06-17,37.4511047,126.9146328
서울특별시 금천구청 도로과,시흥2동-148,방범등,서울특별시 금천구 시흥2동 239-26,2025-06-17,37.4515257,126.9141721
서울특별시 금천구청 도로과,시흥2동-149,방범등,서울특별시 금천구 시흥2동 239-01,2025-06-17,37.4518742,126.9142789
서울특별시 금천구청 도로과,시흥2동-150,방범등,서울특별시 금천구 시흥2동 244-14,2025-06-17,37.4508293,126.9129533
서울특별시 금천구청 도로과,시흥2동-151,방범등,서울특별시 금천구 시흥2동 262-6,2025-06-17,37.4502227,126.9125751
서울특별시 금천구청 도로과,시흥2동-151,방범등,서울특별시 금천구 시흥2동 263-25,2025-06-17,37.4503089,126.9125600
서울특별시 금천구청 도로과,시흥2동-152,방범등,서울특별시 금천구 시흥2동 263-17,2025-06-17,37.4504235,126.9127821
서울특별시 금천구청 도로과,시흥2동-153,방범등,서울특별시 금천구 시흥2동 263-24,2025-06-17,37.4504601,126.9126137
서울특별시 금천구청 도로과,시흥2동-154,방범등,서울특별시 금천구 시흥2동 266-2745,2025-06-17,37.4506282,126.9135860
서울특별시 금천구청 도로과,시흥2동-156,방범등,서울특별시 금천구 시흥2동 1013-7,2025-06-17,37.4503528,126.9145641
서울특별시 금천구청 도로과,시흥2동-159,방범등,서울특별시 금천구 시흥2동 264-1 제일교회 옆,2025-06-17,37.4504145,126.9133124
서울특별시 금천구청 도로과,시흥2동-160,방범등,서울특별시 금천구 시흥2동 243-3,2025-06-17,37.4510017,126.9136024
서울특별시 금천구청 도로과,시흥2동-201,방범등,서울특별시 금천구 시흥2동 238-04,2025-06-17,37.4521296,126.9145870
서울특별시 금천구청 도로과,시흥2동-202,방범등,서울특별시 금천구 시흥2동 238-12,2025-06-17,37.4519967,126.9146970
서울특별시 금천구청 도로과,시흥2동-203,방범등,서울특별시 금천구 시흥2동 237-55,2025-06-17,37.4522006,126.9146883
서울특별시 금천구청 도로과,시흥2동-204,방범등,서울특별시 금천구 시흥2동 237-48,2025-06-17,37.4520795,126.9151723
서울특별시 금천구청 도로과,시흥2동-205,방범등,서울특별시 금천구 시흥2동 237-52,2025-06-17,37.4518902,126.9150469
서울특별시 금천구청 도로과,시흥2동-206,방범등,서울특별시 금천구 시흥2동 238-00,2025-06-17,37.4520078,126.9148501
서울특별시 금천구청 도로과,시흥2동-207,방범등,서울특별시 금천구 시흥2동 237-15,2025-06-17,37.4517643,126.9149336
서울특별시 금천구청 도로과,시흥2동-208,방범등,서울특별시 금천구 시흥2동 237-43,2025-06-17,37.4517408,126.9152350
서울특별시 금천구청 도로과,시흥2동-209,방범등,서울특별시 금천구 시흥2동 237-47,2025-06-17,37.4518965,126.9153343
서울특별시 금천구청 도로과,시흥2동-210,방범등,서울특별시 금천구 시흥2동 237-45,2025-06-17,37.4521080,126.9153043
서울특별시 금천구청 도로과,시흥2동-211,방범등,서울특별시 금천구 시흥2동 237-14,2025-06-17,37.4522712,126.9152943
서울특별시 금천구청 도로과,시흥2동-212,방범등,서울특별시 금천구 시흥2동 230-78,2025-06-17,37.4524428,126.9155881
서울특별시 금천구청 도로과,시흥2동-213,방범등,서울특별시 금천구 시흥2동 237-19,2025-06-17,37.4521578,126.9155120
서울특별시 금천구청 도로과,시흥2동-214,방범등,서울특별시 금천구 시흥2동 237-18,2025-06-17,37.4521404,126.9156814
서울특별시 금천구청 도로과,시흥2동-215,방범등,서울특별시 금천구 시흥2동 237-29,2025-06-17,37.4524246,126.9153693
서울특별시 금천구청 도로과,시흥2동-216,방범등,서울특별시 금천구 시흥2동 230-36,2025-06-17,37.4526945,126.9155497
서울특별시 금천구청 도로과,시흥2동-217,방범등,서울특별시 금천구 시흥2동 230-59,2025-06-17,37.4528766,126.9155829
서울특별시 금천구청 도로과,시흥2동-218,방범등,서울특별시 금천구 시흥2동 230-52,2025-06-17,37.4529313,126.9159343
서울특별시 금천구청 도로과,시흥2동-219,방범등,서울특별시 금천구 시흥2동 230-44,2025-06-17,37.4529769,126.9161708
서울특별시 금천구청 도로과,시흥2동-220,방범등,서울특별시 금천구 시흥2동 230-48,2025-06-17,37.4526667,126.9158545
서울특별시 금천구청 도로과,시흥2동-221,방범등,서울특별시 금천구 시흥2동 230-51,2025-06-17,37.4524327,126.9156646
서울특별시 금천구청 도로과,시흥2동-222,방범등,서울특별시 금천구 시흥2동 237-10,2025-06-17,37.4522289,126.9158497
서울특별시 금천구청 도로과,시흥2동-223,방범등,서울특별시 금천구 시흥2동 230-81,2025-06-17,37.4527920,126.9164678
서울특별시 금천구청 도로과,시흥2동-224,방범등,서울특별시 금천구 시흥2동 230-84,2025-06-17,37.4524494,126.9161976
서울특별시 금천구청 도로과,시흥2동-225,방범등,서울특별시 금천구 시흥2동 230-81 월편,2025-06-17,37.4527920,126.9164678
서울특별시 금천구청 도로과,시흥2동-226,방범등,서울특별시 금천구 시흥2동 230-15 월편 계단입구,2025-06-17,37.4528984,126.9164308
서울특별시 금천구청 도로과,시흥2동-227,방범등,서울특별시 금천구 시흥2동 230-15 월편,2025-06-17,37.4528984,126.9164308
서울특별시 금천구청 도로과,시흥2동-228,방범등,서울특별시 금천구 시흥2동 230-09,2025-06-17,37.4529143,126.9164623
서울특별시 금천구청 도로과,시흥2동-229,방범등,서울특별시 금천구 시흥2동 230-66,2025-06-17,37.4530428,126.9167935
서울특별시 금천구청 도로과,시흥2동-230,방범등,서울특별시 금천구 시흥2동 230-67 월편,2025-06-17,37.4530148,126.9167301
서울특별시 금천구청 도로과,시흥2동-231,방범등,서울특별시 금천구 시흥2동 232,2025-06-17,37.4534318,126.9172417
서울특별시 금천구청 도로과,시흥2동-232,방범등,서울특별시 금천구 시흥2동 230-97,2025-06-17,37.4532455,126.9170781
서울특별시 금천구청 도로과,시흥2동-233,방범등,서울특별시 금천구 시흥2동 230-04,2025-06-17,37.4531608,126.9169850
서울특별시 금천구청 도로과,시흥2동-234,방범등,서울특별시 금천구 시흥2동 232-01,2025-06-17,37.4531680,126.9166709
서울특별시 금천구청 도로과,시흥2동-235,방범등,서울특별시 금천구 시흥2동 230-15 월편 계단,2025-06-17,37.4528984,126.9164308
서울특별시 금천구청 도로과,시흥2동-236,방범등,서울특별시 금천구 시흥2동 230-45,2025-06-17,37.4528878,126.9160459
서울특별시 금천구청 도로과,시흥2동-237,방범등,서울특별시 금천구 시흥2동 230-69,2025-06-17,37.4526639,126.9162285
서울특별시 금천구청 도로과,시흥2동-238,방범등,서울특별시 금천구 시흥2동 1010-1,2025-06-17,37.4501322,126.9165270
서울특별시 금천구청 도로과,시흥2동-239,방범등,서울특별시 금천구 시흥2동 1010-1,2025-06-17,37.4501322,126.9165270
서울특별시 금천구청 도로과,시흥2동-241,방범등,서울특별시 금천구 시흥2동 230-50,2025-06-17,37.4525377,126.9156645
서울특별시 금천구청 도로과,시흥2동-242,방범등,서울특별시 금천구 시흥2동 산100-1,2025-06-17,37.4545208,126.9221437
서울특별시 금천구청 도로과,시흥2동-244,방범등,서울특별시 금천구 시흥2동 237-2,2025-06-17,37.4520380,126.9154937
서울특별시 금천구청 도로과,시흥2동-246,방범등,서울특별시 금천구 시흥2동 237-48,2025-06-17,37.4520795,126.9151723
서울특별시 금천구청 도로과,시흥2동-247,방범등,서울특별시 금천구 시흥2동 237-26,2025-06-17,37.4523002,126.9151379
서울특별시 금천구청 도로과,시흥2동-249,방범등,서울특별시 금천구 시흥2동 230-96 월편,2025-06-17,37.4524355,126.9160204
서울특별시 금천구청 도로과,시흥2동-250,방범등,서울특별시 금천구 시흥2동 239-22,2025-06-17,37.4511497,126.9143627
서울특별시 금천구청 도로과,시흥2동-251,방범등,서울특별시 금천구  시흥2동 266-2875,2025-06-17,37.4509813,126.9147118
서울특별시 금천구청 도로과,시흥2동-252,방범등,서울특별시 금천구시흥2동 243-13,2025-06-17,37.4503386,126.9140556
서울특별시 금천구청 도로과,시흥2동-253,방범등,서울특별시 금천구 시흥2동 1010,2025-06-17,37.4515733,126.9189130
서울특별시 금천구청 도로과,시흥2동-265,방범등,서울특별시 금천구 시흥2동 950-14,2025-06-17,,
서울특별시 금천구청 도로과,시흥2동-266,방범등,서울특별시 금천구 시흥2동 268-36,2025-06-17,37.4506537,126.9147617
서울특별시 금천구청 도로과,시흥2동-267,방범등,서울특별시 금천구 시흥2동 238-12,2025-06-17,37.4519967,126.9146970
서울특별시 금천구청 도로과,시흥2동-268,방범등,서울특별시 금천구 시흥2동 270-9,2025-06-17,37.4496841,126.9122029
서울특별시 금천구청 도로과,시흥2동-269,방범등,서울특별시 금천구 시흥2동 1010,2025-06-17,37.4515733,126.9189130
서울특별시 금천구청 도로과,시흥2동-동1,방범등,서울특별시 금천구 시흥2동 산100-4,2025-06-17,37.4512892,126.9163772
서울특별시 금천구청 도로과,시흥2동-동10,방범등,서울특별시 금천구 시흥2동 268-49 맞은편,2025-06-17,37.4505106,126.9152626
서울특별시 금천구청 도로과,시흥2동-동11,방범등,서울특별시 금천구 시흥2동 268-49 맞은편,2025-06-17,37.4505106,126.9152626
서울특별시 금천구청 도로과,시흥2동-동12,방범등,서울특별시 금천구 시흥2동 268-49 맞은편,2025-06-17,37.4505106,126.9152626
서울특별시 금천구청 도로과,시흥2동-동2,방범등,서울특별시 금천구 시흥2동 산100-4,2025-06-17,37.4512892,126.9163772
서울특별시 금천구청 도로과,시흥2동-동3,방범등,서울특별시 금천구 시흥2동 산100-4,2025-06-17,37.4512892,126.9163772
서울특별시 금천구청 도로과,시흥2동-동4,방범등,서울특별시 금천구 시흥2동 산100-4,2025-06-17,37.4512892,126.9163772
서울특별시 금천구청 도로과,시흥2동-동5,방범등,서울특별시 금천구 시흥2동 산100-4,2025-06-17,37.4512892,126.9163772
서울특별시 금천구청 도로과,시흥2동-벽1,방범등,서울특별시 금천구 시흥2동 1010,2025-06-17,37.4515733,126.9189130
서울특별시 금천구청 도로과,시흥2동-벽2,방범등,서울특별시 금천구 시흥2동 1010,2025-06-17,37.4515733,126.9189130
서울특별시 금천구청 도로과,시흥2동-벽3,방범등,서울특별시 금천구 시흥2동 1010,2025-06-17,37.4515733,126.9189130
서울특별시 금천구청 도로과,시흥2동-벽4,방범등,서울특별시 금천구 시흥2동 1010,2025-06-17,37.4515733,126.9189130
서울특별시 금천구청 도로과,시흥2동-벽5,방범등,서울특별시 금천구 시흥2동 1010,2025-06-17,37.4515733,126.9189130
서울특별시 금천구청 도로과,시흥2동-벽6,방범등,서울특별시 금천구 시흥2동 1010,2025-06-17,37.4515733,126.9189130
서울특별시 금천구청 도로과,시흥2동-벽7,방범등,서울특별시 금천구 시흥2동 1010,2025-06-17,37.4515733,126.9189130
서울특별시 금천구청 도로과,시흥2동-탑골길 01,방범등,서울특별시 금천구 시흥2동 1010-11,2025-06-17,37.4530862,126.9203800
서울특별시 금천구청 도로과,시흥2동-탑골길 02,방범등,서울특별시 금천구 시흥2동 1010-11,2025-06-17,37.4530862,126.9203800
서울특별시 금천구청 도로과,시흥2동-탑골길 03,방범등,서울특별시 금천구 시흥2동 1010-11,2025-06-17,37.4530862,126.9203800
서울특별시 금천구청 도로과,시흥2동-탑골길 04,방범등,서울특별시 금천구 시흥2동 1010-11,2025-06-17,37.4530862,126.9203800
서울특별시 금천구청 도로과,시흥2동-탑골길 05,방범등,서울특별시 금천구 시흥2동 1010-11,2025-06-17,37.4530862,126.9203800
서울특별시 금천구청 도로과,시흥2동-탑골길 06,방범등,서울특별시 금천구 시흥2동 1010-11,2025-06-17,37.4530862,126.9203800
서울특별시 금천구청 도로과,시흥2동-탑골길 07,방범등,서울특별시 금천구 시흥2동 1010-11,2025-06-17,37.4530862,126.9203800
서울특별시 금천구청 도로과,시흥2동-탑골길 08,방범등,서울특별시 금천구 시흥2동 1010-11,2025-06-17,37.4530862,126.9203800
서울특별시 금천구청 도로과,시흥2동-탑골길 09,방범등,서울특별시 금천구 시흥2동 1010-11,2025-06-17,37.4530862,126.9203800
서울특별시 금천구청 도로과,시흥2동-탑골길 10,방범등,서울특별시 금천구 시흥2동 1010-11,2025-06-17,37.4530862,126.9203800
서울특별시 금천구청 도로과,시흥2동-탑골길 11,방범등,서울특별시 금천구 시흥2동 1010-11,2025-06-17,37.4530862,126.9203800
서울특별시 금천구청 도로과,시흥2동-탑골길 12,방범등,서울특별시 금천구 시흥2동 1010-11,2025-06-17,37.4530862,126.9203800
서울특별시 금천구청 도로과,시흥2동-탑골길 13,방범등,서울특별시 금천구 시흥2동 1010-11,2025-06-17,37.4530862,126.9203800
서울특별시 금천구청 도로과,시흥2동-탑골길 14,방범등,서울특별시 금천구 시흥2동 1010-11,2025-06-17,37.4530862,126.9203800
서울특별시 금천구청 도로과,시흥2동-탑골길 15,방범등,서울특별시 금천구 시흥2동 1010-11,2025-06-17,37.4530862,126.9203800
서울특별시 금천구청 도로과,시흥2동-탑골길 16,방범등,서울특별시 금천구 시흥2동 1010-11,2025-06-17,37.4530862,126.9203800
서울특별시 금천구청 도로과,시흥2동-탑골길 17,방범등,서울특별시 금천구 시흥2동 1010-11,2025-06-17,37.4530862,126.9203800
서울특별시 금천구청 도로과,시흥2동-탑골길 19,방범등,서울특별시 금천구 시흥2동 1010,2025-06-17,37.4515733,126.9189130
서울특별시 금천구청 도로과,시흥2동-탑골길 20,방범등,서울특별시 금천구 시흥2동 1010,2025-06-17,37.4515733,126.9189130
서울특별시 금천구청 도로과,시흥2동-탑골길 21,방범등,서울특별시 금천구 시흥2동 1010,2025-06-17,37.4515733,126.9189130
서울특별시 금천구청 도로과,시흥2동-탑골길 22,방범등,서울특별시 금천구 시흥2동 1010,2025-06-17,37.4515733,126.9189130
서울특별시 금천구청 도로과,시흥2동-탑골길 23,방범등,서울특별시 금천구 시흥2동 1010,2025-06-17,37.4515733,126.9189130
서울특별시 금천구청 도로과,시흥2동-탑골길 24,방범등,서울특별시 금천구 시흥2동 1010,2025-06-17,37.4515733,126.9189130
서울특별시 금천구청 도로과,시흥2동-탑골길 25,방범등,서울특별시 금천구 시흥2동 1010,2025-06-17,37.4515733,126.9189130
서울특별시 금천구청 도로과,시흥2동-탑골길 26,방범등,서울특별시 금천구 시흥2동 1010,2025-06-17,37.4515733,126.9189130
서울특별시 금천구청 도로과,시흥2동-탑골길 27,방범등,서울특별시 금천구 시흥2동 1010,2025-06-17,37.4515733,126.9189130
서울특별시 금천구청 도로과,시흥2동-탑골길 28,방범등,서울특별시 금천구 시흥2동 산100-84,2025-06-17,37.4543976,126.9207682
서울특별시 금천구청 도로과,시흥2동-탑골길 29,방범등,서울특별시 금천구 시흥2동 산100-84,2025-06-17,37.4543976,126.9207682
서울특별시 금천구청 도로과,시흥2동-탑골길 30,방범등,서울특별시 금천구 시흥2동 산100-84,2025-06-17,37.4543976,126.9207682
서울특별시 금천구청 도로과,시흥2동-탑골길 31,방범등,서울특별시 금천구 시흥2동 산100-84,2025-06-17,37.4543976,126.9207682
서울특별시 금천구청 도로과,시흥2동-탑골길 32,방범등,서울특별시 금천구 시흥2동 산100-84,2025-06-17,37.4543976,126.9207682
서울특별시 금천구청 도로과,시흥2동-탑골길 33,방범등,서울특별시 금천구 시흥2동 산100-84,2025-06-17,37.4543976,126.9207682
서울특별시 금천구청 도로과,시흥2동-탑골길 34,방범등,서울특별시 금천구 시흥2동 산100-84,2025-06-17,37.4543976,126.9207682
서울특별시 금천구청 도로과,시흥2동-탑골길 35,방범등,서울특별시 금천구 시흥2동 산100-84,2025-06-17,37.4543976,126.9207682
서울특별시 금천구청 도로과,시흥2동-탑골길 37,방범등,서울특별시 금천구 시흥2동 1010-12,2025-06-17,37.4527126,126.9198598
서울특별시 금천구청 도로과,시흥2동-탑골길 38,방범등,서울특별시 금천구 시흥2동 1010-12 ,2025-06-17,37.4527126,126.9198598
서울특별시 금천구청 도로과,시흥2동-탑골길 39,방범등,서울특별시 금천구 시흥2동 1010-12,2025-06-17,37.4527126,126.9198598
서울특별시 금천구청 도로과,시흥2동-탑골길 40,방범등,서울특별시 금천구 시흥2동 1010-12 ,2025-06-17,37.4527126,126.9198598
서울특별시 금천구청 도로과,시흥2동-탑골길 41,방범등,서울특별시 금천구 시흥2동 1010-12 ,2025-06-17,37.4527126,126.9198598
서울특별시 금천구청 도로과,시흥2동-탑골길 42,방범등,서울특별시 금천구 시흥2동 1010-12 ,2025-06-17,37.4527126,126.9198598
서울특별시 금천구청 도로과,시흥2동-탑골길 43,방범등,서울특별시 금천구 시흥2동 1010-12 ,2025-06-17,37.4527126,126.9198598
서울특별시 금천구청 도로과,시흥2동-탑골길 44,방범등,서울특별시 금천구 시흥2동 1010-12 ,2025-06-17,37.4527126,126.9198598
서울특별시 금천구청 도로과,시흥2동-탑골길 45,방범등,서울특별시 금천구 시흥2동 1010-12 ,2025-06-17,37.4527126,126.9198598
서울특별시 금천구청 도로과,시흥2동-탑골길 46,방범등,서울특별시 금천구 시흥2동 1010-12 ,2025-06-17,37.4527126,126.9198598
서울특별시 금천구청 도로과,시흥2동-탑골길 47,방범등,서울특별시 금천구 시흥2동 1010-12 ,2025-06-17,37.4527126,126.9198598
서울특별시 금천구청 도로과,시흥2동-탑골길45,방범등,서울특별시 금천구 시흥2동 산100-84,2025-06-17,37.4543976,126.9207682
서울특별시 금천구청 도로과,시흥2동-탑골길46,방범등,서울특별시 금천구 시흥2동 산100-8,2025-06-17,37.4548172,126.9201161
서울특별시 금천구청 도로과,시흥2동-탑골길47,방범등,서울특별시 금천구 시흥2동 산100-8,2025-06-17,37.4548172,126.9201161
서울특별시 금천구청 도로과,시흥2동-탑골길49,방범등,서울특별시 금천구 시흥2동 산108-5,2025-06-17,37.4537270,126.9167588
서울특별시 금천구청 도로과,시흥2동-탑골길50,방범등,서울특별시 금천구 시흥2동 산108-5,2025-06-17,37.4537270,126.9167588
서울특별시 금천구청 도로과,시흥2동-탑골길51,방범등,서울특별시 금천구 시흥2동 산108-8,2025-06-17,37.4530860,126.9150679
서울특별시 금천구청 도로과,시흥2동-탑골길52,방범등,서울특별시 금천구 시흥2동 산108-8,2025-06-17,37.4530860,126.9150679
서울특별시 금천구청 도로과,시흥2동-탑골길53,방범등,서울특별시 금천구 시흥2동 산108-8,2025-06-17,37.4530860,126.9150679
서울특별시 금천구청 도로과,시흥2동-탑골길54,방범등,서울특별시 금천구 시흥2동 산108-8,2025-06-17,37.4530860,126.9150679
서울특별시 금천구청 도로과,시흥2동-탑골길55,방범등,서울특별시 금천구 시흥2동 산108-8,2025-06-17,37.4530860,126.9150679
서울특별시 금천구청 도로과,시흥2동-호압사1,방범등,서울특별시 금천구 시흥2동 234,2025-06-17,37.4525529,126.9255487
서울특별시 금천구청 도로과,시흥2동-호압사10,방범등,서울특별시 금천구 시흥2동 234,2025-06-17,37.4525529,126.9255487
서울특별시 금천구청 도로과,시흥2동-호압사11,방범등,서울특별시 금천구 시흥2동 234,2025-06-17,37.4525529,126.9255487
서울특별시 금천구청 도로과,시흥2동-호압사12,방범등,서울특별시 금천구 시흥2동 234,2025-06-17,37.4525529,126.9255487
서울특별시 금천구청 도로과,시흥2동-호압사13,방범등,서울특별시 금천구 시흥2동 234,2025-06-17,37.4525529,126.9255487
서울특별시 금천구청 도로과,시흥2동-호압사14,방범등,서울특별시 금천구 시흥2동 234,2025-06-17,37.4525529,126.9255487
서울특별시 금천구청 도로과,시흥2동-호압사15,방범등,서울특별시 금천구 시흥2동 234,2025-06-17,37.4525529,126.9255487
서울특별시 금천구청 도로과,시흥2동-호압사16,방범등,서울특별시 금천구 시흥2동 234,2025-06-17,37.4525529,126.9255487
서울특별시 금천구청 도로과,시흥2동-호압사17,방범등,서울특별시 금천구 시흥2동 234,2025-06-17,37.4525529,126.9255487
서울특별시 금천구청 도로과,시흥2동-호압사18,방범등,서울특별시 금천구 시흥2동 234,2025-06-17,37.4525529,126.9255487
서울특별시 금천구청 도로과,시흥2동-호압사19,방범등,서울특별시 금천구 시흥2동 234,2025-06-17,37.4525529,126.9255487
서울특별시 금천구청 도로과,시흥2동-호압사2,방범등,서울특별시 금천구 시흥2동 234,2025-06-17,37.4525529,126.9255487
서울특별시 금천구청 도로과,시흥2동-호압사20,방범등,서울특별시 금천구 시흥2동 234,2025-06-17,37.4525529,126.9255487
서울특별시 금천구청 도로과,시흥2동-호압사21,방범등,서울특별시 금천구 시흥2동 234,2025-06-17,37.4525529,126.9255487
서울특별시 금천구청 도로과,시흥2동-호압사22,방범등,서울특별시 금천구 시흥2동 234,2025-06-17,37.4525529,126.9255487
서울특별시 금천구청 도로과,시흥2동-호압사23,방범등,서울특별시 금천구 시흥2동 234,2025-06-17,37.4525529,126.9255487
서울특별시 금천구청 도로과,시흥2동-호압사24,방범등,서울특별시 금천구 시흥2동 234,2025-06-17,37.4525529,126.9255487
서울특별시 금천구청 도로과,시흥2동-호압사25,방범등,서울특별시 금천구 시흥2동 234,2025-06-17,37.4525529,126.9255487
서울특별시 금천구청 도로과,시흥2동-호압사26,방범등,서울특별시 금천구 시흥2동 234,2025-06-17,37.4525529,126.9255487
서울특별시 금천구청 도로과,시흥2동-호압사27,방범등,서울특별시 금천구 시흥2동 234,2025-06-17,37.4525529,126.9255487
서울특별시 금천구청 도로과,시흥2동-호압사28,방범등,서울특별시 금천구 시흥2동 234,2025-06-17,37.4525529,126.9255487
서울특별시 금천구청 도로과,시흥2동-호압사29,방범등,서울특별시 금천구 시흥2동 234,2025-06-17,37.4525529,126.9255487
서울특별시 금천구청 도로과,시흥2동-호압사3,방범등,서울특별시 금천구 시흥2동 234,2025-06-17,37.4525529,126.9255487
서울특별시 금천구청 도로과,시흥2동-호압사30,방범등,서울특별시 금천구 시흥2동 234,2025-06-17,37.4525529,126.9255487
서울특별시 금천구청 도로과,시흥2동-호압사31,방범등,서울특별시 금천구 시흥2동 234,2025-06-17,37.4525529,126.9255487
서울특별시 금천구청 도로과,시흥2동-호압사32,방범등,서울특별시 금천구 시흥2동 234,2025-06-17,37.4525529,126.9255487
서울특별시 금천구청 도로과,시흥2동-호압사33,방범등,서울특별시 금천구 시흥2동 234,2025-06-17,37.4525529,126.9255487
서울특별시 금천구청 도로과,시흥2동-호압사4,방범등,서울특별시 금천구 시흥2동 234,2025-06-17,37.4525529,126.9255487
서울특별시 금천구청 도로과,시흥2동-호압사5,방범등,서울특별시 금천구 시흥2동 234,2025-06-17,37.4525529,126.9255487
서울특별시 금천구청 도로과,시흥2동-호압사6,방범등,서울특별시 금천구 시흥2동 234,2025-06-17,37.4525529,126.9255487
서울특별시 금천구청 도로과,시흥2동-호압사7,방범등,서울특별시 금천구 시흥2동 234,2025-06-17,37.4525529,126.9255487
서울특별시 금천구청 도로과,시흥2동-호압사8,방범등,서울특별시 금천구 시흥2동 234,2025-06-17,37.4525529,126.9255487
서울특별시 금천구청 도로과,시흥2동-호압사9,방범등,서울특별시 금천구 시흥2동 234,2025-06-17,37.4525529,126.9255487
서울특별시 금천구청 도로과,시흥3동-101,방범등,서울특별시 금천구 시흥3동 937-01시흥동성당 뒤,2025-06-17,37.4474610,126.9040998
서울특별시 금천구청 도로과,시흥3동-102,방범등,서울특별시 금천구 시흥3동 937-01 시흥동성당 뒤,2025-06-17,37.4472425,126.9040219
서울특별시 금천구청 도로과,시흥3동-104,방범등,서울특별시 금천구 시흥3동 937-2 금천폭포공원 뒤,2025-06-17,37.4466338,126.9041862
서울특별시 금천구청 도로과,시흥3동-105,방범등,서울특별시 금천구 시흥3동 937-2 금천문화원,2025-06-17,37.4466338,126.9041862
서울특별시 금천구청 도로과,시흥3동-107,방범등,서울특별시 금천구 시흥3동 937-11 훼미리맨손 가동,2025-06-17,37.4461268,126.9043397
서울특별시 금천구청 도로과,시흥3동-108,방범등,서울특별시 금천구 시흥3동 937-15 훼미리맨숀 다동,2025-06-17,37.4459608,126.9043733
서울특별시 금천구청 도로과,시흥3동-109,방범등,서울특별시 금천구 시흥3동 937-17,2025-06-17,37.4455672,126.9044033
서울특별시 금천구청 도로과,시흥3동-110,방범등,서울특별시 금천구 시흥3동 937-12 훼미리맨숀,2025-06-17,37.4454055,126.9046332
서울특별시 금천구청 도로과,시흥3동-1100,방범등,서울특별시 금천구 시흥3동 939-5월편,2025-06-17,37.4446318,126.9046124
서울특별시 금천구청 도로과,시흥3동-1101,방범등,서울특별시 금천구 시흥3동 943-14,2025-06-17,37.4432438,126.9053262
서울특별시 금천구청 도로과,시흥3동-1102,방범등,서울특별시 금천구 시흥3동 982 건너편 기아대교 밑,2025-06-17,37.4395095,126.9020412
서울특별시 금천구청 도로과,시흥3동-1103,방범등,서울특별시 금천구 시흥3동 982 건너편 기아대교 밑,2025-06-17,37.4395095,126.9020412
서울특별시 금천구청 도로과,시흥3동-1106,방범등,서울특별시 금천구 시흥3동 940-09,2025-06-17,37.4427682,126.9040109
서울특별시 금천구청 도로과,시흥3동-111,방범등,서울특별시 금천구 시흥3동 937-25 청기와맨션 월편,2025-06-17,37.4451763,126.9044535
서울특별시 금천구청 도로과,시흥3동-112,방범등,서울특별시 금천구 시흥3동 937-1,2025-06-17,37.4472425,126.9040219
서울특별시 금천구청 도로과,시흥3동-113,방범등,서울특별시 금천구 시흥3동 937-13,2025-06-17,37.4453294,126.9043104
서울특별시 금천구청 도로과,시흥3동-114,방범등,서울특별시 금천구 시흥3동 937-25,2025-06-17,37.4451763,126.9044535
서울특별시 금천구청 도로과,시흥3동-115,방범등,서울특별시 금천구 시흥3동 937-26,2025-06-17,37.4449886,126.9044398
서울특별시 금천구청 도로과,시흥3동-116,방범등,서울특별시 금천구 시흥3동 937-26,2025-06-17,37.4449886,126.9044398
서울특별시 금천구청 도로과,시흥3동-117,방범등,서울특별시 금천구 시흥3동 937-26,2025-06-17,37.4449886,126.9044398
서울특별시 금천구청 도로과,시흥3동-118,방범등,서울특별시 금천구 시흥3동 산24-4 ,2025-06-17,37.4448960,126.9058125
서울특별시 금천구청 도로과,시흥3동-119,방범등,서울특별시 금천구 시흥3동 937-1,2025-06-17,37.4472425,126.9040219
서울특별시 금천구청 도로과,시흥3동-120,방범등,서울특별시 금천구 시흥3동 938-7,2025-06-17,37.4445224,126.9048556
서울특별시 금천구청 도로과,시흥3동-121,방범등,서울특별시 금천구 시흥3동 938-30,2025-06-17,37.4443610,126.9050004
서울특별시 금천구청 도로과,시흥3동-122,방범등,서울특별시 금천구 시흥3동 939-10,2025-06-17,37.4443558,126.9046136
서울특별시 금천구청 도로과,시흥3동-123,방범등,서울특별시 금천구 시흥3동 938-46,2025-06-17,37.4440026,126.9047775
서울특별시 금천구청 도로과,시흥3동-124,방범등,서울특별시 금천구 시흥3동 939-24,2025-06-17,37.4439057,126.9043261
서울특별시 금천구청 도로과,시흥3동-125,방범등,서울특별시 금천구 시흥3동 939-17,2025-06-17,37.4441562,126.9042193
서울특별시 금천구청 도로과,시흥3동-126,방범등,서울특별시 금천구 시흥3동 939-23,2025-06-17,37.4439057,126.9043261
서울특별시 금천구청 도로과,시흥3동-127,방범등,서울특별시 금천구 시흥3동 939-23,2025-06-17,37.4439057,126.9043261
서울특별시 금천구청 도로과,시흥3동-128,방범등,서울특별시 금천구 시흥3동 938-44,2025-06-17,37.4438568,126.9047966
서울특별시 금천구청 도로과,시흥3동-129,방범등,서울특별시 금천구 시흥3동 938-44,2025-06-17,37.4438568,126.9047966
서울특별시 금천구청 도로과,시흥3동-130,방범등,서울특별시 금천구 시흥3동 938-40,2025-06-17,37.4441022,126.9050889
서울특별시 금천구청 도로과,시흥3동-131,방범등,서울특별시 금천구 시흥3동 938-40,2025-06-17,37.4441022,126.9050889
서울특별시 금천구청 도로과,시흥3동-132,방범등,서울특별시 금천구 시흥3동 938-40,2025-06-17,37.4441022,126.9050889
서울특별시 금천구청 도로과,시흥3동-133,방범등,서울특별시 금천구 시흥3동 938-20,2025-06-17,37.4441175,126.9052836
서울특별시 금천구청 도로과,시흥3동-134,방범등,서울특별시 금천구 시흥3동 938-11,2025-06-17,37.4443495,126.9055932
서울특별시 금천구청 도로과,시흥3동-135,방범등,서울특별시 금천구 시흥3동 1005-0,2025-06-17,37.4442894,126.9067381
서울특별시 금천구청 도로과,시흥3동-136,방범등,서울특별시 금천구 시흥3동 1005-0,2025-06-17,37.4442894,126.9067381
서울특별시 금천구청 도로과,시흥3동-137,방범등,서울특별시 금천구 시흥3동 1005-0,2025-06-17,37.4442894,126.9067381
서울특별시 금천구청 도로과,시흥3동-138,방범등,서울특별시 금천구 시흥3동 945-00,2025-06-17,37.4434434,126.9062177
서울특별시 금천구청 도로과,시흥3동-139,방범등,서울특별시 금천구 시흥3동 944-09,2025-06-17,37.4437029,126.9055693
서울특별시 금천구청 도로과,시흥3동-140,방범등,서울특별시 금천구 시흥3동 944-17,2025-06-17,37.4437461,126.9053135
서울특별시 금천구청 도로과,시흥3동-141,방범등,서울특별시 금천구 시흥3동 943-09,2025-06-17,37.4435332,126.9055152
서울특별시 금천구청 도로과,시흥3동-142,방범등,서울특별시 금천구 시흥3동 945-00,2025-06-17,37.4434434,126.9062177
서울특별시 금천구청 도로과,시흥3동-147,방범등,서울특별시 금천구 시흥3동 945-03,2025-06-17,37.4430915,126.9061383
서울특별시 금천구청 도로과,시흥3동-148,방범등,서울특별시 금천구 시흥3동 943-20,2025-06-17,37.4432306,126.9055049
서울특별시 금천구청 도로과,시흥3동-149,방범등,서울특별시 금천구 시흥3동 943-05,2025-06-17,37.4432993,126.9051363
서울특별시 금천구청 도로과,시흥3동-150,방범등,서울특별시 금천구 시흥3동 942-17 앞,2025-06-17,37.4430334,126.9049068
서울특별시 금천구청 도로과,시흥3동-151,방범등,서울특별시 금천구 시흥3동 942-14,2025-06-17,37.4428395,126.9050585
서울특별시 금천구청 도로과,시흥3동-152,방범등,서울특별시 금천구 시흥3동 943-01,2025-06-17,37.4435431,126.9047711
서울특별시 금천구청 도로과,시흥3동-153,방범등,서울특별시 금천구 시흥3동 940-28,2025-06-17,37.4433520,126.9044272
서울특별시 금천구청 도로과,시흥3동-154,방범등,서울특별시 금천구 시흥3동 942-16,2025-06-17,37.4428611,126.9046817
서울특별시 금천구청 도로과,시흥3동-155,방범등,서울특별시 금천구 시흥3동 940-34,2025-06-17,37.4428675,126.9044288
서울특별시 금천구청 도로과,시흥3동-156,방범등,서울특별시 금천구 시흥3동 산6-20,2025-06-17,37.4419666,126.9078959
서울특별시 금천구청 도로과,시흥3동-157,방범등,서울특별시 금천구 시흥3동 945-38,2025-06-17,37.4425576,126.9063603
서울특별시 금천구청 도로과,시흥3동-158,방범등,서울특별시 금천구 시흥3동 937-12,2025-06-17,37.4454055,126.9046332
서울특별시 금천구청 도로과,시흥3동-159,방범등,서울특별시 금천구 시흥3동 940-17,2025-06-17,37.4424329,126.9043425
서울특별시 금천구청 도로과,시흥3동-160,방범등,서울특별시 금천구 시흥3동 941-1,2025-06-17,37.4424624,126.9046500
서울특별시 금천구청 도로과,시흥3동-162,방범등,서울특별시 금천구 시흥3동 942-13,2025-06-17,37.4428395,126.9050585
서울특별시 금천구청 도로과,시흥3동-163,방범등,서울특별시 금천구 시흥3동 942-09,2025-06-17,37.4427698,126.9056631
서울특별시 금천구청 도로과,시흥3동-164,방범등,서울특별시 금천구 시흥3동 942-08,2025-06-17,37.4427623,126.9058544
서울특별시 금천구청 도로과,시흥3동-165,방범등,서울특별시 금천구 시흥3동 945-36,2025-06-17,37.4426622,126.9061198
서울특별시 금천구청 도로과,시흥3동-166,방범등,서울특별시 금천구 시흥3동 945-40,2025-06-17,37.4425283,126.9060726
서울특별시 금천구청 도로과,시흥3동-167,방범등,서울특별시 금천구 시흥3동 945-33,2025-06-17,37.4425216,126.9065547
서울특별시 금천구청 도로과,시흥3동-168,방범등,서울특별시 금천구 시흥3동 945-35,2025-06-17,37.4428457,126.9062863
서울특별시 금천구청 도로과,시흥3동-169,방범등,서울특별시 금천구 시흥3동 945-24,2025-06-17,37.4427384,126.9066390
서울특별시 금천구청 도로과,시흥3동-170,방범등,서울특별시 금천구 시흥3동 945-12,2025-06-17,37.4428648,126.9066389
서울특별시 금천구청 도로과,시흥3동-172,방범등,서울특별시 금천구 시흥3동 1005-0,2025-06-17,37.4442894,126.9067381
서울특별시 금천구청 도로과,시흥3동-173,방범등,서울특별시 금천구 시흥3동 1004-0,2025-06-17,37.4435392,126.9072153
서울특별시 금천구청 도로과,시흥3동-174,방범등,서울특별시 금천구 시흥3동 945-07,2025-06-17,37.4432505,126.9064437
서울특별시 금천구청 도로과,시흥3동-175,방범등,서울특별시 금천구 시흥3동 1003-0,2025-06-17,37.4429798,126.9074654
서울특별시 금천구청 도로과,시흥3동-176,방범등,서울특별시 금천구 시흥3동 1004,2025-06-17,37.4435392,126.9072153
서울특별시 금천구청 도로과,시흥3동-177,방범등,서울특별시 금천구 시흥3동 1003-0,2025-06-17,37.4429798,126.9074654
서울특별시 금천구청 도로과,시흥3동-178,방범등,서울특별시 금천구 시흥3동 1003-02,2025-06-17,37.4426535,126.9071565
서울특별시 금천구청 도로과,시흥3동-179,방범등,서울특별시 금천구 시흥3동 산19-9,2025-06-17,37.4423712,126.9073370
서울특별시 금천구청 도로과,시흥3동-181,방범등,서울특별시 금천구 시흥3동 940-22,2025-06-17,37.4429362,126.9044391
서울특별시 금천구청 도로과,시흥3동-182,방범등,서울특별시 금천구 시흥3동 937-26,2025-06-17,37.4449886,126.9044398
서울특별시 금천구청 도로과,시흥3동-183,방범등,서울특별시 금천구 시흥3동 944-06 앞,2025-06-17,37.4438717,126.9055919
서울특별시 금천구청 도로과,시흥3동-184,방범등,서울특별시 금천구 시흥3동 944-07,2025-06-17,37.4437876,126.9055707
서울특별시 금천구청 도로과,시흥3동-185,방범등,서울특별시 금천구 시흥3동 944-13,2025-06-17,37.4438994,126.9054453
서울특별시 금천구청 도로과,시흥3동-186,방범등,서울특별시 금천구 시흥3동 945-05,2025-06-17,37.4431205,126.9063606
서울특별시 금천구청 도로과,시흥3동-187,방범등,서울특별시 금천구 시흥3동 1003-02,2025-06-17,37.4426535,126.9071565
서울특별시 금천구청 도로과,시흥3동-188,방범등,서울특별시 금천구 시흥3동 1003-01,2025-06-17,37.4426023,126.9078045
서울특별시 금천구청 도로과,시흥3동-189,방범등,서울특별시 금천구 시흥3동 945-13,2025-06-17,37.4429430,126.9066065
서울특별시 금천구청 도로과,시흥3동-190,방범등,서울특별시 금천구 시흥3동 940-33,2025-06-17,37.4430085,126.9044506
서울특별시 금천구청 도로과,시흥3동-191,방범등,서울특별시 금천구 시흥3동 943-02,2025-06-17,37.4433897,126.9048193
서울특별시 금천구청 도로과,시흥3동-192,방범등,서울특별시 금천구 시흥3동 939-6,2025-06-17,37.4444164,126.9044394
서울특별시 금천구청 도로과,시흥3동-193,방범등,서울특별시 금천구 시흥3동 산19-7,2025-06-17,37.4424836,126.9075517
서울특별시 금천구청 도로과,시흥3동-194,방범등,서울특별시 금천구 시흥3동 942-13,2025-06-17,37.4428395,126.9050585
서울특별시 금천구청 도로과,시흥3동-195,방범등,서울특별시 금천구 시흥3동 942-16,2025-06-17,37.4428611,126.9046817
서울특별시 금천구청 도로과,시흥3동-196,방범등,서울특별시 금천구 시흥3동 940-18,2025-06-17,37.4425471,126.9043089
서울특별시 금천구청 도로과,시흥3동-197,방범등,서울특별시 금천구 시흥3동 938-4,2025-06-17,37.4447047,126.9051051
서울특별시 금천구청 도로과,시흥3동-198,방범등,서울특별시 금천구 시흥3동 941-1,2025-06-17,37.4424624,126.9046500
서울특별시 금천구청 도로과,시흥3동-199,방범등,서울특별시 금천구 시흥3동 944-16,2025-06-17,37.4438456,126.9052165
서울특별시 금천구청 도로과,시흥3동-201,방범등,서울특별시 금천구 시흥3동 953-00,2025-06-17,37.4420745,126.9046458
서울특별시 금천구청 도로과,시흥3동-202,방범등,서울특별시 금천구 시흥3동 953-14,2025-06-17,37.4422234,126.9050299
서울특별시 금천구청 도로과,시흥3동-203,방범등,서울특별시 금천구 시흥3동 953-05,2025-06-17,37.4422796,126.9055140
서울특별시 금천구청 도로과,시흥3동-204,방범등,서울특별시 금천구 시흥3동 946-00,2025-06-17,37.4422835,126.9061421
서울특별시 금천구청 도로과,시흥3동-205,방범등,서울특별시 금천구 시흥3동 946-00,2025-06-17,37.4422835,126.9061421
서울특별시 금천구청 도로과,시흥3동-206,방범등,서울특별시 금천구 시흥3동 946-02,2025-06-17,37.4423205,126.9065631
서울특별시 금천구청 도로과,시흥3동-207,방범등,서울특별시 금천구 시흥3동 946-04,2025-06-17,37.4423401,126.9067422
서울특별시 금천구청 도로과,시흥3동-208,방범등,서울특별시 금천구 시흥3동 946-10,2025-06-17,37.4422883,126.9071484
서울특별시 금천구청 도로과,시흥3동-209,방범등,서울특별시 금천구 시흥3동 946-28,2025-06-17,37.4421541,126.9072793
서울특별시 금천구청 도로과,시흥3동-210,방범등,서울특별시 금천구 시흥3동 946-17 (18),2025-06-17,37.4419720,126.9073969
서울특별시 금천구청 도로과,시흥3동-2101,방범등,서울특별시 금천구 시흥3동 959-09,2025-06-17,37.4396467,126.9053579
서울특별시 금천구청 도로과,시흥3동-2102,방범등,서울특별시 금천구 시흥3동 959-09,2025-06-17,37.4396467,126.9053579
서울특별시 금천구청 도로과,시흥3동-2103,방범등,서울특별시 금천구 시흥3동 959-11,2025-06-17,37.4395431,126.9057539
서울특별시 금천구청 도로과,시흥3동-2104,방범등,서울특별시 금천구 시흥3동 958-03,2025-06-17,37.4396243,126.9061783
서울특별시 금천구청 도로과,시흥3동-2105,방범등,서울특별시 금천구 시흥3동 655-5,2025-06-17,37.4395921,126.9068804
서울특별시 금천구청 도로과,시흥3동-2106,방범등,서울특별시 금천구 시흥3동 655-5,2025-06-17,37.4395921,126.9068804
서울특별시 금천구청 도로과,시흥3동-2107,방범등,서울특별시 금천구 시흥3동 산9-10,2025-06-17,37.4391754,126.9058358
서울특별시 금천구청 도로과,시흥3동-2108,방범등,서울특별시 금천구 시흥3동 산9-10,2025-06-17,37.4391754,126.9058358
서울특별시 금천구청 도로과,시흥3동-2109,방범등,서울특별시 금천구 시흥3동 산9-3,2025-06-17,37.4389946,126.9056168
서울특별시 금천구청 도로과,시흥3동-211,방범등,서울특별시 금천구 시흥3동 947-10,2025-06-17,37.4417459,126.9075784
서울특별시 금천구청 도로과,시흥3동-2110,방범등,서울특별시 금천구 시흥3동 산9-3,2025-06-17,37.4389946,126.9056168
서울특별시 금천구청 도로과,시흥3동-2111,방범등,서울특별시 금천구 시흥3동 960-06,2025-06-17,37.4391734,126.9053668
서울특별시 금천구청 도로과,시흥3동-2112,방범등,서울특별시 금천구 시흥3동 961-01,2025-06-17,37.4389226,126.9047992
서울특별시 금천구청 도로과,시흥3동-2114,방범등,서울특별시 금천구 시흥3동 960-12,2025-06-17,37.4392059,126.9043904
서울특별시 금천구청 도로과,시흥3동-2115,방범등,서울특별시 금천구 시흥3동 960-12,2025-06-17,37.4392059,126.9043904
서울특별시 금천구청 도로과,시흥3동-2116,방범등,서울특별시 금천구 시흥3동 955-06,2025-06-17,37.4392518,126.9036760
서울특별시 금천구청 도로과,시흥3동-2117,방범등,서울특별시 금천구 시흥3동 946-01,2025-06-17,37.4422989,126.9063723
서울특별시 금천구청 도로과,시흥3동-2118,방범등,서울특별시 금천구 시흥3동 954-04,2025-06-17,37.4420813,126.9043540
서울특별시 금천구청 도로과,시흥3동-212,방범등,서울특별시 금천구 시흥3동 630-6,2025-06-17,37.4420536,126.9076678
서울특별시 금천구청 도로과,시흥3동-2121,방범등,서울특별시 금천구 시흥3동 946-08,2025-06-17,37.4422513,126.9067916
서울특별시 금천구청 도로과,시흥3동-2122,방범등,서울특별시 금천구 시흥3동 952-13,2025-06-17,37.4415192,126.9057454
서울특별시 금천구청 도로과,시흥3동-2123,방범등,서울특별시 금천구 시흥3동 948-11(8),2025-06-17,37.4412801,126.9067817
서울특별시 금천구청 도로과,시흥3동-2124,방범등,서울특별시 금천구 시흥3동 948-25,2025-06-17,37.4410238,126.9060940
서울특별시 금천구청 도로과,시흥3동-2125,방범등,서울특별시 금천구 시흥3동 950-13,2025-06-17,37.4405811,126.9054706
서울특별시 금천구청 도로과,시흥3동-2126,방범등,서울특별시 금천구 시흥3동 957-06,2025-06-17,37.4400826,126.9071669
서울특별시 금천구청 도로과,시흥3동-2127,방범등,서울특별시 금천구 시흥3동 957-05,2025-06-17,37.4402231,126.9069389
서울특별시 금천구청 도로과,시흥3동-2128,방범등,서울특별시 금천구 시흥3동 655-5,2025-06-17,37.4395921,126.9068804
서울특별시 금천구청 도로과,시흥3동-2129,방범등,서울특별시 금천구 시흥3동 949,2025-06-17,37.4406863,126.9062333
서울특별시 금천구청 도로과,시흥3동-213,방범등,서울특별시 금천구 시흥3동 947-10,2025-06-17,37.4417459,126.9075784
서울특별시 금천구청 도로과,시흥3동-2130,방범등,서울특별시 금천구 시흥3동 951-11,2025-06-17,37.4410470,126.9053814
서울특별시 금천구청 도로과,시흥3동-2131,방범등,서울특별시 금천구 시흥3동 949-2,2025-06-17,37.4408075,126.9066001
서울특별시 금천구청 도로과,시흥3동-2132,방범등,서울특별시 금천구 시흥3동 953,2025-06-17,37.4420745,126.9046458
서울특별시 금천구청 도로과,시흥3동-2133,방범등,서울특별시 금천구 시흥3동 952-10,2025-06-17,37.4415053,126.9050255
서울특별시 금천구청 도로과,시흥3동-2134,방범등,서울특별시 금천구 시흥3동 953-16,2025-06-17,37.4419561,126.9056971
서울특별시 금천구청 도로과,시흥3동-2135,방범등,서울특별시 금천구 시흥3동 953-4,2025-06-17,37.4422365,126.9053281
서울특별시 금천구청 도로과,시흥3동-2136,방범등,서울특별시 금천구 시흥3동 953-2,2025-06-17,37.4422206,126.9051194
서울특별시 금천구청 도로과,시흥3동-2137,방범등,서울특별시 금천구 시흥3동 653-27,2025-06-17,37.4416633,126.9081923
서울특별시 금천구청 도로과,시흥3동-2138,방범등,서울특별시 금천구 시흥3동 653-27,2025-06-17,37.4416633,126.9081923
서울특별시 금천구청 도로과,시흥3동-2139,방범등,서울특별시 금천구 시흥3동 948-28,2025-06-17,37.4412959,126.9074807
서울특별시 금천구청 도로과,시흥3동-214,방범등,서울특별시 금천구 시흥3동 산6-20,2025-06-17,37.4419666,126.9078959
서울특별시 금천구청 도로과,시흥3동-2140,방범등,서울특별시 금천구 시흥3동 949,2025-06-17,37.4406863,126.9062333
서울특별시 금천구청 도로과,시흥3동-2141,방범등,서울특별시 금천구 시흥3동 949-2,2025-06-17,37.4408075,126.9066001
서울특별시 금천구청 도로과,시흥3동-2142,방범등,서울특별시 금천구 시흥3동 948,2025-06-17,37.4412421,126.9063258
서울특별시 금천구청 도로과,시흥3동-2143,방범등,서울특별시 금천구 시흥3동 950-10,2025-06-17,37.4405695,126.9058602
서울특별시 금천구청 도로과,시흥3동-2144,방범등,서울특별시 금천구 시흥3동 954-7,2025-06-17,37.4421158,126.9039739
서울특별시 금천구청 도로과,시흥3동-2145,방범등,서울특별시 금천구 시흥3동 957-10,2025-06-17,37.4405116,126.9075423
서울특별시 금천구청 도로과,시흥3동-2146,방범등,서울특별시 금천구 시흥3동 957-10,2025-06-17,37.4405116,126.9075423
서울특별시 금천구청 도로과,시흥3동-2147,방범등,서울특별시 금천구 시흥3동 957-10,2025-06-17,37.4405116,126.9075423
서울특별시 금천구청 도로과,시흥3동-2148,방범등,서울특별시 금천구 시흥3동 957-10,2025-06-17,37.4405116,126.9075423
서울특별시 금천구청 도로과,시흥3동-2149,방범등,서울특별시 금천구 시흥3동 655-5,2025-06-17,37.4395921,126.9068804
서울특별시 금천구청 도로과,시흥3동-215,방범등,서울특별시 금천구 시흥3동 산6-20,2025-06-17,37.4419666,126.9078959
서울특별시 금천구청 도로과,시흥3동-2150,방범등,서울특별시 금천구 시흥3동 974-6,2025-06-17,37.4348825,126.9061965
서울특별시 금천구청 도로과,시흥3동-2151,방범등,서울특별시 금천구 시흥3동 937-17,2025-06-17,37.4455672,126.9044033
서울특별시 금천구청 도로과,시흥3동-2152,방범등,서울특별시 금천구 시흥3동 ,2025-06-17,37.44031,126.905794
서울특별시 금천구청 도로과,시흥3동-216,방범등,서울특별시 금천구 시흥3동 산6-20,2025-06-17,37.4419666,126.9078959
서울특별시 금천구청 도로과,시흥3동-217,방범등,서울특별시 금천구 시흥3동 산6-20,2025-06-17,37.4419666,126.9078959
서울특별시 금천구청 도로과,시흥3동-218,방범등,서울특별시 금천구 시흥3동 산6-20,2025-06-17,37.4419666,126.9078959
서울특별시 금천구청 도로과,시흥3동-219,방범등,서울특별시 금천구 시흥3동 947-09,2025-06-17,37.4417407,126.9073936
서울특별시 금천구청 도로과,시흥3동-220,방범등,서울특별시 금천구 시흥3동 947-09,2025-06-17,37.4417407,126.9073936
서울특별시 금천구청 도로과,시흥3동-221,방범등,서울특별시 금천구 시흥3동 947-05,2025-06-17,37.4417297,126.9067575
서울특별시 금천구청 도로과,시흥3동-223,방범등,서울특별시 금천구 시흥3동 947-01,2025-06-17,37.4417211,126.9062657
서울특별시 금천구청 도로과,시흥3동-224,방범등,서울특별시 금천구 시흥3동 946-27,2025-06-17,37.4419511,126.9060934
서울특별시 금천구청 도로과,시흥3동-225,방범등,서울특별시 금천구 시흥3동 947-00,2025-06-17,37.4417169,126.9060943
서울특별시 금천구청 도로과,시흥3동-226,방범등,서울특별시 금천구 시흥3동 953-15,2025-06-17,37.4419534,126.9055999
서울특별시 금천구청 도로과,시흥3동-227,방범등,서울특별시 금천구 시흥3동 953-18,2025-06-17,37.4419777,126.9050475
서울특별시 금천구청 도로과,시흥3동-228,방범등,서울특별시 금천구 시흥3동 953-0,2025-06-17,37.4420745,126.9046458
서울특별시 금천구청 도로과,시흥3동-229,방범등,서울특별시 금천구 시흥3동 953-00,2025-06-17,37.4420745,126.9046458
서울특별시 금천구청 도로과,시흥3동-230,방범등,서울특별시 금천구 시흥3동 954-18,2025-06-17,37.4416676,126.9040651
서울특별시 금천구청 도로과,시흥3동-231,방범등,서울특별시 금천구 시흥3동 954-14,2025-06-17,37.4418951,126.9039112
서울특별시 금천구청 도로과,시흥3동-232,방범등,서울특별시 금천구 시흥3동 954-06,2025-06-17,37.4420921,126.9041482
서울특별시 금천구청 도로과,시흥3동-233,방범등,서울특별시 금천구 시흥3동 952-00,2025-06-17,37.4416984,126.9048580
서울특별시 금천구청 도로과,시흥3동-234,방범등,서울특별시 금천구 시흥3동 951-00,2025-06-17,37.4412386,126.9045630
서울특별시 금천구청 도로과,시흥3동-235,방범등,서울특별시 금천구 시흥3동 951-01,2025-06-17,37.4412313,126.9048183
서울특별시 금천구청 도로과,시흥3동-236,방범등,서울특별시 금천구 시흥3동 951-03,2025-06-17,37.4412526,126.9052443
서울특별시 금천구청 도로과,시흥3동-237,방범등,서울특별시 금천구 시흥3동 952-13,2025-06-17,37.4415192,126.9057454
서울특별시 금천구청 도로과,시흥3동-238,방범등,서울특별시 금천구 시흥3동 947-04,2025-06-17,37.4415249,126.9062692
서울특별시 금천구청 도로과,시흥3동-239,방범등,서울특별시 금천구 시흥3동 947-04,2025-06-17,37.4415249,126.9062692
서울특별시 금천구청 도로과,시흥3동-240,방범등,서울특별시 금천구 시흥3동 947-04,2025-06-17,37.4415249,126.9062692
서울특별시 금천구청 도로과,시흥3동-244,방범등,서울특별시 금천구 시흥3동 947-15,2025-06-17,37.4415360,126.9069222
서울특별시 금천구청 도로과,시흥3동-245,방범등,서울특별시 금천구 시흥3동 948-14,2025-06-17,37.4412852,126.9071657
서울특별시 금천구청 도로과,시흥3동-246,방범등,서울특별시 금천구 시흥3동 947-11 월편,2025-06-17,37.4415595,126.9075607
서울특별시 금천구청 도로과,시흥3동-247,방범등,서울특별시 금천구 시흥3동 948-26,2025-06-17,37.4410919,126.9074225
서울특별시 금천구청 도로과,시흥3동-248,방범등,서울특별시 금천구 시흥3동 653-04,2025-06-17,37.4408608,126.9075764
서울특별시 금천구청 도로과,시흥3동-249,방범등,서울특별시 금천구 시흥3동 653-04,2025-06-17,37.4408608,126.9075764
서울특별시 금천구청 도로과,시흥3동-250,방범등,서울특별시 금천구 시흥3동 653-04,2025-06-17,37.4408608,126.9075764
서울특별시 금천구청 도로과,시흥3동-251,방범등,서울특별시 금천구 시흥3동 949-18,2025-06-17,37.4408239,126.9072808
서울특별시 금천구청 도로과,시흥3동-252,방범등,서울특별시 금천구 시흥3동 949-06,2025-06-17,37.4408156,126.9070006
서울특별시 금천구청 도로과,시흥3동-253,방범등,서울특별시 금천구 시흥3동 949-01,2025-06-17,37.4408056,126.9065096
서울특별시 금천구청 도로과,시흥3동-254,방범등,서울특별시 금천구 시흥3동 949-00,2025-06-17,37.4406863,126.9062333
서울특별시 금천구청 도로과,시흥3동-255,방범등,서울특별시 금천구 시흥3동 949-00,2025-06-17,37.4406863,126.9062333
서울특별시 금천구청 도로과,시흥3동-256,방범등,서울특별시 금천구 시흥3동 950-05,2025-06-17,37.4407899,126.9057680
서울특별시 금천구청 도로과,시흥3동-257,방범등,서울특별시 금천구 시흥3동 950-12,2025-06-17,37.4406705,126.9052140
서울특별시 금천구청 도로과,시흥3동-258,방범등,서울특별시 금천구 시흥3동 950-01,2025-06-17,37.4406625,126.9047506
서울특별시 금천구청 도로과,시흥3동-259,방범등,서울특별시 금천구 시흥3동 951-14,2025-06-17,37.4410305,126.9044662
서울특별시 금천구청 도로과,시흥3동-260,방범등,서울특별시 금천구 시흥3동 954-29,2025-06-17,37.4411930,126.9041858
서울특별시 금천구청 도로과,시흥3동-261,방범등,서울특별시 금천구 시흥3동 954-34,2025-06-17,37.4407929,126.9040154
서울특별시 금천구청 도로과,시흥3동-262,방범등,서울특별시 금천구 시흥3동 954-35,2025-06-17,37.4407172,126.9041680
서울특별시 금천구청 도로과,시흥3동-263,방범등,서울특별시 금천구 시흥3동 955-01,2025-06-17,37.4402492,126.9038587
서울특별시 금천구청 도로과,시흥3동-264,방범등,서울특별시 금천구 시흥3동 955-02,2025-06-17,37.4402602,126.9040677
서울특별시 금천구청 도로과,시흥3동-265,방범등,서울특별시 금천구 시흥3동 950-01,2025-06-17,37.4406625,126.9047506
서울특별시 금천구청 도로과,시흥3동-266,방범등,서울특별시 금천구 시흥3동 950-11,2025-06-17,37.4406667,126.9049823
서울특별시 금천구청 도로과,시흥3동-267,방범등,서울특별시 금천구 시흥3동 956-1,2025-06-17,37.4402850,126.9054242
서울특별시 금천구청 도로과,시흥3동-268,방범등,서울특별시 금천구 시흥3동 950-04,2025-06-17,37.4405707,126.9056926
서울특별시 금천구청 도로과,시흥3동-269,방범등,서울특별시 금천구 시흥3동 949-00,2025-06-17,37.4406863,126.9062333
서울특별시 금천구청 도로과,시흥3동-270,방범등,서울특별시 금천구 시흥3동 949-10,2025-06-17,37.4405911,126.9065032
서울특별시 금천구청 도로과,시흥3동-271,방범등,서울특별시 금천구 시흥3동 949-17,2025-06-17,37.4405973,126.9067869
서울특별시 금천구청 도로과,시흥3동-272,방범등,서울특별시 금천구 시흥3동 949-09,2025-06-17,37.4406004,126.9069312
서울특별시 금천구청 도로과,시흥3동-273,방범등,서울특별시 금천구 시흥3동 957-11,2025-06-17,37.4402945,126.9074459
서울특별시 금천구청 도로과,시흥3동-274,방범등,서울특별시 금천구 시흥3동 957-09,2025-06-17,37.4401117,126.9073639
서울특별시 금천구청 도로과,시흥3동-275,방범등,서울특별시 금천구 시흥3동 655-5,2025-06-17,37.4395921,126.9068804
서울특별시 금천구청 도로과,시흥3동-276,방범등,서울특별시 금천구 시흥3동 958-05,2025-06-17,37.4398692,126.9067040
서울특별시 금천구청 도로과,시흥3동-277,방범등,서울특별시 금천구 시흥3동 957-03,2025-06-17,37.4401060,126.9062517
서울특별시 금천구청 도로과,시흥3동-278,방범등,서울특별시 금천구 시흥3동 957-03,2025-06-17,37.4401060,126.9062517
서울특별시 금천구청 도로과,시흥3동-279,방범등,서울특별시 금천구 시흥3동 957-03,2025-06-17,37.4401060,126.9062517
서울특별시 금천구청 도로과,시흥3동-280,방범등,서울특별시 금천구 시흥3동 956-03,2025-06-17,37.4402914,126.9058271
서울특별시 금천구청 도로과,시흥3동-281,방범등,서울특별시 금천구 시흥3동 956-04,2025-06-17,37.4401038,126.9058287
서울특별시 금천구청 도로과,시흥3동-282,방범등,서울특별시 금천구 시흥3동 956-06,2025-06-17,37.4400927,126.9053589
서울특별시 금천구청 도로과,시흥3동-283,방범등,서울특별시 금천구 시흥3동 959-03,2025-06-17,37.4398498,126.9050246
서울특별시 금천구청 도로과,시흥3동-284,방범등,서울특별시 금천구 시흥3동 956-00,2025-06-17,37.4401800,126.9047141
서울특별시 금천구청 도로과,시흥3동-285,방범등,서울특별시 금천구 시흥3동 956-00,2025-06-17,37.4401800,126.9047141
서울특별시 금천구청 도로과,시흥3동-286,방범등,서울특별시 금천구 시흥3동 956-00,2025-06-17,37.4401800,126.9047141
서울특별시 금천구청 도로과,시흥3동-287,방범등,서울특별시 금천구 시흥3동 956-00,2025-06-17,37.4401800,126.9047141
서울특별시 금천구청 도로과,시흥3동-288,방범등,서울특별시 금천구 시흥3동 955-02,2025-06-17,37.4402602,126.9040677
서울특별시 금천구청 도로과,시흥3동-289,방범등,서울특별시 금천구 시흥3동 955-03,2025-06-17,37.4400346,126.9040408
서울특별시 금천구청 도로과,시흥3동-290,방범등,서울특별시 금천구 시흥3동 955-07,2025-06-17,37.4395566,126.9039382
서울특별시 금천구청 도로과,시흥3동-291,방범등,서울특별시 금천구 시흥3동 955-07,2025-06-17,37.4395566,126.9039382
서울특별시 금천구청 도로과,시흥3동-292,방범등,서울특별시 금천구 시흥3동 955-07,2025-06-17,37.4395566,126.9039382
서울특별시 금천구청 도로과,시흥3동-293,방범등,서울특별시 금천구 시흥3동 959-00,2025-06-17,37.4397298,126.9043597
서울특별시 금천구청 도로과,시흥3동-294,방범등,서울특별시 금천구 시흥3동 960-1,2025-06-17,37.4393826,126.9047425
서울특별시 금천구청 도로과,시흥3동-295,방범등,서울특별시 금천구 시흥3동 산6-5,2025-06-17,37.4432139,126.9092366
서울특별시 금천구청 도로과,시흥3동-296,방범등,서울특별시 금천구 시흥3동 산6-5,2025-06-17,37.4432139,126.9092366
서울특별시 금천구청 도로과,시흥3동-297,방범등,서울특별시 금천구 시흥3동 959-5,2025-06-17,37.4398638,126.9058688
서울특별시 금천구청 도로과,시흥3동-298,방범등,서울특별시 금천구 시흥3동 957-3,2025-06-17,37.4401060,126.9062517
서울특별시 금천구청 도로과,시흥3동-299,방범등,서울특별시 금천구 시흥3동 949-8,2025-06-17,37.4406100,126.9071760
서울특별시 금천구청 도로과,시흥3동-301,방범등,서울특별시 금천구 시흥3동 962-01,2025-06-17,37.4389455,126.9038657
서울특별시 금천구청 도로과,시흥3동-302,방범등,서울특별시 금천구 시흥3동 962-08,2025-06-17,37.4387417,126.9038056
서울특별시 금천구청 도로과,시흥3동-303,방범등,서울특별시 금천구 시흥3동 961-06,2025-06-17,37.4387512,126.9041874
서울특별시 금천구청 도로과,시흥3동-304,방범등,서울특별시 금천구 시흥3동 961-06,2025-06-17,37.4387512,126.9041874
서울특별시 금천구청 도로과,시흥3동-305,방범등,서울특별시 금천구 시흥3동 961-05,2025-06-17,37.4387337,126.9044620
서울특별시 금천구청 도로과,시흥3동-307,방범등,서울특별시 금천구 시흥3동 973-1,2025-06-17,37.4347798,126.9065504
서울특별시 금천구청 도로과,시흥3동-308,방범등,서울특별시 금천구 시흥3동 963-08,2025-06-17,37.4387638,126.9053882
서울특별시 금천구청 도로과,시흥3동-309,방범등,서울특별시 금천구 시흥3동 971-2,2025-06-17,37.4354465,126.9053366
서울특별시 금천구청 도로과,시흥3동-310,방범등,서울특별시 금천구 시흥3동 974-6,2025-06-17,37.4348825,126.9061965
서울특별시 금천구청 도로과,시흥3동-311,방범등,서울특별시 금천구 시흥3동 973-1,2025-06-17,37.4347798,126.9065504
서울특별시 금천구청 도로과,시흥3동-312,방범등,서울특별시 금천구 시흥3동 962-3 철재종합상가 2동,2025-06-17,37.4384648,126.9035580
서울특별시 금천구청 도로과,시흥3동-315,방범등,서울특별시 금천구 시흥3동 963-01,2025-06-17,37.4376809,126.9045434
서울특별시 금천구청 도로과,시흥3동-316,방범등,서울특별시 금천구 시흥3동 964-2 월편,2025-06-17,37.4372916,126.9045910
서울특별시 금천구청 도로과,시흥3동-317,방범등,서울특별시 금천구 시흥3동 963-01,2025-06-17,37.4376809,126.9045434
서울특별시 금천구청 도로과,시흥3동-318,방범등,서울특별시 금천구 시흥3동 963-0,2025-06-17,37.4377210,126.9043172
서울특별시 금천구청 도로과,시흥3동-319,방범등,서울특별시 금천구 시흥3동 965-00,2025-06-17,37.4369060,126.9040192
서울특별시 금천구청 도로과,시흥3동-320,방범등,서울특별시 금천구 시흥3동 964-14,2025-06-17,37.4366917,126.9051726
서울특별시 금천구청 도로과,시흥3동-321,방범등,서울특별시 금천구 시흥3동 964-14,2025-06-17,37.4366917,126.9051726
서울특별시 금천구청 도로과,시흥3동-322,방범등,서울특별시 금천구 시흥3동 964-14,2025-06-17,37.4366917,126.9051726
서울특별시 금천구청 도로과,시흥3동-323,방범등,서울특별시 금천구 시흥3동 964-14,2025-06-17,37.4366917,126.9051726
서울특별시 금천구청 도로과,시흥3동-324,방범등,서울특별시 금천구 시흥3동 964-14,2025-06-17,37.4366917,126.9051726
서울특별시 금천구청 도로과,시흥3동-325,방범등,서울특별시 금천구 시흥3동 973-6,2025-06-17,37.4358627,126.9059699
서울특별시 금천구청 도로과,시흥3동-326,방범등,서울특별시 금천구 시흥3동 973-06,2025-06-17,37.4358627,126.9059699
서울특별시 금천구청 도로과,시흥3동-327,방범등,서울특별시 금천구 시흥3동 973-06,2025-06-17,37.4358627,126.9059699
서울특별시 금천구청 도로과,시흥3동-328,방범등,서울특별시 금천구 시흥3동 973-04,2025-06-17,37.4353895,126.9066256
서울특별시 금천구청 도로과,시흥3동-329,방범등,서울특별시 금천구 시흥3동 973-02,2025-06-17,37.4346763,126.9069056
서울특별시 금천구청 도로과,시흥3동-330,방범등,서울특별시 금천구 시흥3동 973-2 천록빌라 1동,2025-06-17,37.4346763,126.9069056
서울특별시 금천구청 도로과,시흥3동-331,방범등,서울특별시 금천구 시흥3동 973-2 천록빌라 1동,2025-06-17,37.4346763,126.9069056
서울특별시 금천구청 도로과,시흥3동-332,방범등,서울특별시 금천구 시흥3동 973-2 천록빌라 2동,2025-06-17,37.4346763,126.9069056
서울특별시 금천구청 도로과,시흥3동-333,방범등,서울특별시 금천구 시흥3동 973-2 천록빌라 2동,2025-06-17,37.4346763,126.9069056
서울특별시 금천구청 도로과,시흥3동-334,방범등,서울특별시 금천구 시흥3동 974-05,2025-06-17,37.4347039,126.9062936
서울특별시 금천구청 도로과,시흥3동-335,방범등,서울특별시 금천구 시흥3동 974-06,2025-06-17,37.4348825,126.9061965
서울특별시 금천구청 도로과,시흥3동-336,방범등,서울특별시 금천구 시흥3동 974-06,2025-06-17,37.4348825,126.9061965
서울특별시 금천구청 도로과,시흥3동-337,방범등,서울특별시 금천구 시흥3동 974-00,2025-06-17,37.4347133,126.9060429
서울특별시 금천구청 도로과,시흥3동-338,방범등,서울특별시 금천구 시흥3동 974-00,2025-06-17,37.4347133,126.9060429
서울특별시 금천구청 도로과,시흥3동-339,방범등,서울특별시 금천구 시흥3동 971-09,2025-06-17,37.4350541,126.9055450
서울특별시 금천구청 도로과,시흥3동-340,방범등,서울특별시 금천구 시흥3동 972-09,2025-06-17,37.4352340,126.9059355
서울특별시 금천구청 도로과,시흥3동-341,방범등,서울특별시 금천구 시흥3동 972-07,2025-06-17,37.4355932,126.9056137
서울특별시 금천구청 도로과,시흥3동-342,방범등,서울특별시 금천구 시흥3동 972-12,2025-06-17,37.4357583,126.9055591
서울특별시 금천구청 도로과,시흥3동-343,방범등,서울특별시 금천구 시흥3동 971-00,2025-06-17,37.4359319,126.9049501
서울특별시 금천구청 도로과,시흥3동-344,방범등,서울특별시 금천구 시흥3동 974-00,2025-06-17,37.4347133,126.9060429
서울특별시 금천구청 도로과,시흥3동-345,방범등,서울특별시 금천구 시흥3동 974-01,2025-06-17,37.4344522,126.9061824
서울특별시 금천구청 도로과,시흥3동-346,방범등,서울특별시 금천구 시흥3동 974-02,2025-06-17,37.4343346,126.9063681
서울특별시 금천구청 도로과,시흥3동-347,방범등,서울특별시 금천구 시흥3동 974-08,2025-06-17,37.4341335,126.9064502
서울특별시 금천구청 도로과,시흥3동-348,방범등,서울특별시 금천구 시흥3동 974-08,2025-06-17,37.4341335,126.9064502
서울특별시 금천구청 도로과,시흥3동-351,방범등,서울특별시 금천구 시흥3동 978-09,2025-06-17,37.4341743,126.9053872
서울특별시 금천구청 도로과,시흥3동-352,방범등,서울특별시 금천구 시흥3동 978-09,2025-06-17,37.4341743,126.9053872
서울특별시 금천구청 도로과,시흥3동-353,방범등,서울특별시 금천구 시흥3동 976-05,2025-06-17,37.4345493,126.9056874
서울특별시 금천구청 도로과,시흥3동-354,방범등,서울특별시 금천구 시흥3동 978-09,2025-06-17,37.4341743,126.9053872
서울특별시 금천구청 도로과,시흥3동-355,방범등,서울특별시 금천구 시흥3동 976-00,2025-06-17,37.4347142,126.9055986
서울특별시 금천구청 도로과,시흥3동-356,방범등,서울특별시 금천구 시흥3동 971-06,2025-06-17,37.4350906,126.9052800
서울특별시 금천구청 도로과,시흥3동-357,방범등,서울특별시 금천구 시흥3동 970-03 ,2025-06-17,37.4348724,126.9048934
서울특별시 금천구청 도로과,시흥3동-361,방범등,서울특별시 금천구 시흥3동 970-03(진달래어린이공원),2025-06-17,37.4348724,126.9048934
서울특별시 금천구청 도로과,시흥3동-362,방범등,서울특별시 금천구 시흥3동 970-03(진달래어린이공원),2025-06-17,37.4348724,126.9048934
서울특별시 금천구청 도로과,시흥3동-363,방범등,서울특별시 금천구 시흥3동 970-05,2025-06-17,37.4349312,126.9042065
서울특별시 금천구청 도로과,시흥3동-364,방범등,서울특별시 금천구 시흥3동 970-9,2025-06-17,37.4349312,126.9042065
서울특별시 금천구청 도로과,시흥3동-365,방범등,서울특별시 금천구 시흥3동 978-06,2025-06-17,37.4343080,126.9042387
서울특별시 금천구청 도로과,시흥3동-366,방범등,서울특별시 금천구 시흥3동 978-05,2025-06-17,37.4342847,126.9045227
서울특별시 금천구청 도로과,시흥3동-367,방범등,서울특별시 금천구 시흥3동 978-03,2025-06-17,37.4341847,126.9051028
서울특별시 금천구청 도로과,시흥3동-372,방범등,서울특별시 금천구 시흥3동 979-01,2025-06-17,37.4346310,126.9037906
서울특별시 금천구청 도로과,시흥3동-373,방범등,서울특별시 금천구 시흥3동 973-02,2025-06-17,37.4346763,126.9069056
서울특별시 금천구청 도로과,시흥3동-374,방범등,서울특별시 금천구 시흥3동 973-02,2025-06-17,37.4346763,126.9069056
서울특별시 금천구청 도로과,시흥3동-375,방범등,서울특별시 금천구 시흥3동 974-04,2025-06-17,37.4345441,126.9063791
서울특별시 금천구청 도로과,시흥3동-376,방범등,서울특별시 금천구 시흥3동 973-04,2025-06-17,37.4353895,126.9066256
서울특별시 금천구청 도로과,시흥3동-377,방범등,서울특별시 금천구 시흥3동 970-05,2025-06-17,37.4349312,126.9042065
서울특별시 금천구청 도로과,시흥3동-378,방범등,서울특별시 금천구 시흥3동 971-06,2025-06-17,37.4350906,126.9052800
서울특별시 금천구청 도로과,시흥3동-379,방범등,서울특별시 금천구 시흥3동 978,2025-06-17,37.4341554,126.9045178
서울특별시 금천구청 도로과,시흥3동-380,방범등,서울특별시 금천구 시흥3동 978-09,2025-06-17,37.4341743,126.9053872
서울특별시 금천구청 도로과,시흥3동-381,방범등,서울특별시 금천구 시흥3동 964-2,2025-06-17,37.4372916,126.9045910
서울특별시 금천구청 도로과,시흥3동-382,방범등,서울특별시 금천구 시흥3동 965,2025-06-17,37.4369060,126.9040192
서울특별시 금천구청 도로과,시흥3동-383,방범등,서울특별시 금천구 시흥3동 965,2025-06-17,37.4369060,126.9040192
서울특별시 금천구청 도로과,시흥3동-384,방범등,서울특별시 금천구 시흥3동 970,2025-06-17,37.4351078,126.9042173
서울특별시 금천구청 도로과,시흥3동-385,방범등,서울특별시 금천구 시흥3동 970-05,2025-06-17,37.4349312,126.9042065
서울특별시 금천구청 도로과,시흥3동-386,방범등,서울특별시 금천구 시흥3동 976-6,2025-06-17,37.4340838,126.9060338
서울특별시 금천구청 도로과,시흥3동-387,방범등,서울특별시 금천구 시흥3동 974-8 천록빌라 2동 우측,2025-06-17,37.4341335,126.9064502
서울특별시 금천구청 도로과,시흥3동-388,방범등,서울특별시 금천구 시흥3동 976-6 ,2025-06-17,37.4340838,126.9060338
서울특별시 금천구청 도로과,시흥3동-389,방범등,서울특별시 금천구 시흥3동 978-6,2025-06-17,37.4343080,126.9042387
서울특별시 금천구청 도로과,시흥3동-390,방범등,서울특별시 금천구 시흥3동 961-6,2025-06-17,37.4387512,126.9041874
서울특별시 금천구청 도로과,시흥3동-391,방범등,서울특별시 금천구 시흥3동 979-2,2025-06-17,37.4343198,126.9035637
서울특별시 금천구청 도로과,시흥3동-393,방범등,서울특별시 금천구 시흥3동 963-9,2025-06-17,37.4388087,126.9054326
서울특별시 금천구청 도로과,시흥3동-394,방범등,서울특별시 금천구 시흥3동 961-1,2025-06-17,37.4389226,126.9047992
서울특별시 금천구청 도로과,시흥3동-395,방범등,서울특별시 금천구 시흥3동 974-04,2025-06-17,37.4345441,126.9063791
서울특별시 금천구청 도로과,시흥3동-396,방범등,서울특별시 금천구 시흥3동 961-04,2025-06-17,37.4389187,126.9050436
서울특별시 금천구청 도로과,시흥3동-397,방범등,서울특별시 금천구 시흥3동 961-8,2025-06-17,37.4387512,126.9041874
서울특별시 금천구청 도로과,시흥3동-398,방범등,서울특별시 금천구 시흥3동 961-8,2025-06-17,37.4387512,126.9041874
서울특별시 금천구청 도로과,시흥3동-401,방범등,서울특별시 금천구 시흥3동 982,2025-06-17,37.4395095,126.9020412
서울특별시 금천구청 도로과,시흥3동-402,방범등,서울특별시 금천구 시흥3동 982,2025-06-17,37.4395095,126.9020412
서울특별시 금천구청 도로과,시흥3동-403,방범등,서울특별시 금천구 시흥3동 982,2025-06-17,37.4395095,126.9020412
서울특별시 금천구청 도로과,시흥3동-404,방범등,서울특별시 금천구 시흥3동 983-15,2025-06-17,37.4405561,126.9024613
서울특별시 금천구청 도로과,시흥3동-405,방범등,서울특별시 금천구 시흥3동 982-00,2025-06-17,37.4395095,126.9020412
서울특별시 금천구청 도로과,시흥3동-406,방범등,서울특별시 금천구 시흥3동 983-15,2025-06-17,37.4405561,126.9024613
서울특별시 금천구청 도로과,시흥3동-407,방범등,서울특별시 금천구 시흥3동 982,2025-06-17,37.4395095,126.9020412
서울특별시 금천구청 도로과,시흥3동-408,방범등,서울특별시 금천구 시흥3동 983-15,2025-06-17,37.4405561,126.9024613
서울특별시 금천구청 도로과,시흥3동-409,방범등,서울특별시 금천구 시흥3동 983-15,2025-06-17,37.4405561,126.9024613
서울특별시 금천구청 도로과,시흥3동-410,방범등,서울특별시 금천구 시흥3동 984-34 옆,2025-06-17,37.4407124,126.9017530
서울특별시 금천구청 도로과,시흥3동-411,방범등,서울특별시 금천구 시흥3동 984-34 옆,2025-06-17,37.4407124,126.9017530
서울특별시 금천구청 도로과,시흥3동-412,방범등,서울특별시 금천구 시흥3동 983-15,2025-06-17,37.4405561,126.9024613
서울특별시 금천구청 도로과,시흥3동-413,방범등,서울특별시 금천구 시흥3동 984-33,2025-06-17,37.4409109,126.9016564
서울특별시 금천구청 도로과,시흥3동-414,방범등,서울특별시 금천구 시흥3동 984-30,2025-06-17,37.4410360,126.9020877
서울특별시 금천구청 도로과,시흥3동-415,방범등,서울특별시 금천구 시흥3동 984-53,2025-06-17,37.4405939,126.9010737
서울특별시 금천구청 도로과,시흥3동-416,방범등,서울특별시 금천구 시흥3동 984-53,2025-06-17,37.4405939,126.9010737
서울특별시 금천구청 도로과,시흥3동-417,방범등,서울특별시 금천구 시흥3동 984-53,2025-06-17,37.4405939,126.9010737
서울특별시 금천구청 도로과,시흥3동-418,방범등,서울특별시 금천구 시흥3동 984-55,2025-06-17,37.4417350,126.9029154
서울특별시 금천구청 도로과,시흥3동-419,방범등,서울특별시 금천구 시흥3동 984-23,2025-06-17,37.4421357,126.9031678
서울특별시 금천구청 도로과,시흥3동-420,방범등,서울특별시 금천구 시흥3동 984-26,2025-06-17,37.4420049,126.9029163
서울특별시 금천구청 도로과,시흥3동-421,방범등,서울특별시 금천구 시흥3동 984-43,2025-06-17,37.4419556,126.9027055
서울특별시 금천구청 도로과,시흥3동-422,방범등,서울특별시 금천구 시흥3동 984-11,2025-06-17,37.4423783,126.9025055
서울특별시 금천구청 도로과,시흥3동-423,방범등,서울특별시 금천구 시흥3동 984-8,2025-06-17,37.4425244,126.9028030
서울특별시 금천구청 도로과,시흥3동-424,방범등,서울특별시 금천구 시흥3동 985-27,2025-06-17,37.4456877,126.9033139
서울특별시 금천구청 도로과,시흥3동-425,방범등,서울특별시 금천구 시흥3동 985-35,2025-06-17,37.4457205,126.9030006
서울특별시 금천구청 도로과,시흥3동-426,방범등,서울특별시 금천구 시흥3동 791-42,2025-06-17,37.4457980,126.9024583
서울특별시 금천구청 도로과,시흥3동-427,방범등,서울특별시 금천구 시흥3동 791-40,2025-06-17,37.4459985,126.9023492
서울특별시 금천구청 도로과,시흥3동-428,방범등,서울특별시 금천구 시흥3동 791-40,2025-06-17,37.4459985,126.9023492
서울특별시 금천구청 도로과,시흥3동-429,방범등,서울특별시 금천구 시흥3동 985-23,2025-06-17,37.4458982,126.9033425
서울특별시 금천구청 도로과,시흥3동-430,방범등,서울특별시 금천구 시흥3동 985-22,2025-06-17,37.4459833,126.9032127
서울특별시 금천구청 도로과,시흥3동-431,방범등,서울특별시 금천구 시흥3동 985-33,2025-06-17,37.4459763,126.9030693
서울특별시 금천구청 도로과,시흥3동-432,방범등,서울특별시 금천구 시흥3동 982 현대빌라,2025-06-17,37.4395095,126.9020412
서울특별시 금천구청 도로과,시흥3동-433,방범등,서울특별시 금천구 시흥3동 982 현대빌라,2025-06-17,37.4395095,126.9020412
서울특별시 금천구청 도로과,시흥3동-434,방범등,서울특별시 금천구 시흥3동 982 현대빌라,2025-06-17,37.4395095,126.9020412
서울특별시 금천구청 도로과,시흥3동-435,방범등,서울특별시 금천구 시흥3동 982 현대빌라,2025-06-17,37.4395095,126.9020412
서울특별시 금천구청 도로과,시흥3동-436,방범등,서울특별시 금천구 시흥3동 982 현대빌라,2025-06-17,37.4395095,126.9020412
서울특별시 금천구청 도로과,시흥3동-437,방범등,서울특별시 금천구 시흥3동 983-15,2025-06-17,37.4405561,126.9024613
서울특별시 금천구청 도로과,시흥3동-438,방범등,서울특별시 금천구 시흥3동 985-26월편,2025-06-17,37.4458000,126.9026685
서울특별시 금천구청 도로과,시흥3동-439,방범등,서울특별시 금천구 시흥3동 985-26,2025-06-17,37.4458000,126.9026685
서울특별시 금천구청 도로과,시흥3동-440,방범등,서울특별시 금천구 시흥3동 984-1,2025-06-17,37.4454900,126.9033500
서울특별시 금천구청 도로과,시흥3동-441,방범등,서울특별시 금천구 시흥3동 937-2(금천문화원 앞),2025-06-17,37.4466338,126.9041862
서울특별시 금천구청 도로과,시흥3동-442,방범등,서울특별시 금천구 시흥3동 937-2(금천폭포공원뒤),2025-06-17,37.4466338,126.9041862
서울특별시 금천구청 도로과,시흥3동-443,방범등,서울특별시 금천구 시흥3동 964-9,2025-06-17,37.4367831,126.9047170
서울특별시 금천구청 도로과,시흥3동-444,방범등,서울특별시 금천구 시흥3동 972-1,2025-06-17,37.4357350,126.9057694
서울특별시 금천구청 도로과,시흥3동-445,방범등,서울특별시 금천구 시흥3동 964-13,2025-06-17,37.4362875,126.9050545
서울특별시 금천구청 도로과,시흥3동-446,방범등,서울특별시 금천구 시흥3동 1004,2025-06-17,37.4435392,126.9072153
서울특별시 금천구청 도로과,시흥3동-5152,방범등,서울특별시 금천구 시흥3동 955,2025-06-17,37.4401635,126.9037359
서울특별시 금천구청 도로과,시흥3동-5153,방범등,서울특별시 금천구 시흥3동 985-27,2025-06-17,37.4456877,126.9033139
서울특별시 금천구청 도로과,시흥3동-5154,방범등,서울특별시 금천구 시흥3동 957-8,2025-06-17,37.4403724,126.9071737
서울특별시 금천구청 도로과,시흥3동-5155,방범등,서울특별시 금천구 시흥3동 ,2025-06-17,37.44031,126.905794
서울특별시 금천구청 도로과,시흥3동-5156,방범등,서울특별시 금천구 시흥3동 977-3,2025-06-17,37.4346305,126.9051672
서울특별시 금천구청 도로과,시흥3동-5157,방범등,서울특별시 금천구 시흥3동 938-30,2025-06-17,37.4443610,126.9050004
서울특별시 금천구청 도로과,시흥3동-5158,방범등,서울특별시 금천구 시흥3동 963-12,2025-06-17,37.4389052,126.9055741
서울특별시 금천구청 도로과,시흥3동-5159,방범등,서울특별시 금천구 시흥3동 653-27,2025-06-17,37.4416633,126.9081923
서울특별시 금천구청 도로과,시흥3동-5160,방범등,서울특별시 금천구 시흥3동 960-7,2025-06-17,37.4391810,126.9050972
서울특별시 금천구청 도로과,시흥3동-5161,방범등,서울특별시 금천구 시흥3동 955-3,2025-06-17,37.4400346,126.9040408
서울특별시 금천구청 도로과,시흥3동-5162,방범등,서울특별시 금천구 시흥3동 944-4,2025-06-17,37.4440176,126.9054439
서울특별시 금천구청 도로과,시흥3동-5163,방범등,서울특별시 금천구 시흥3동 954-20,2025-06-17,37.4413385,126.9042039
서울특별시 금천구청 도로과,시흥3동-5164,방범등,서울특별시 금천구 시흥3동 984-20,2025-06-17,37.4422904,126.9032039
서울특별시 금천구청 도로과,시흥4동-101,방범등,서울특별시 금천구 시흥4동 3-129,2025-06-17,37.4607558,126.9109530
서울특별시 금천구청 도로과,시흥4동-102,방범등,서울특별시 금천구 시흥4동 3-129 월편 산쪽,2025-06-17,37.4607558,126.9109530
서울특별시 금천구청 도로과,시흥4동-103,방범등,서울특별시 금천구 시흥4동 3-118,2025-06-17,37.4606988,126.9112944
서울특별시 금천구청 도로과,시흥4동-104,방범등,서울특별시 금천구 시흥4동 3-090,2025-06-17,37.4611041,126.9115357
서울특별시 금천구청 도로과,시흥4동-105,방범등,서울특별시 금천구 시흥4동 3-207,2025-06-17,37.4610044,126.9117420
서울특별시 금천구청 도로과,시흥4동-106,방범등,서울특별시 금천구 시흥4동 3-202,2025-06-17,37.4609936,126.9119022
서울특별시 금천구청 도로과,시흥4동-107,방범등,서울특별시 금천구 시흥4동 3-212,2025-06-17,37.4606740,126.9116735
서울특별시 금천구청 도로과,시흥4동-108,방범등,서울특별시 금천구 시흥4동 3-194,2025-06-17,37.4609187,126.9121660
서울특별시 금천구청 도로과,시흥4동-109,방범등,서울특별시 금천구 시흥4동 3-192,2025-06-17,37.4604165,126.9119565
서울특별시 금천구청 도로과,시흥4동-110,방범등,서울특별시 금천구 시흥4동 3-041,2025-06-17,37.4602893,126.9124618
서울특별시 금천구청 도로과,시흥4동-1100,방범등,서울특별시 금천구 시흥4동 3-129 ,2025-06-17,37.4607558,126.9109530
서울특별시 금천구청 도로과,시흥4동-1101,방범등,서울특별시 금천구 시흥4동 3-203,2025-06-17,37.4607840,126.9119588
서울특별시 금천구청 도로과,시흥4동-1102,방범등,서울특별시 금천구 시흥4동 3-14,2025-06-17,37.4612490,126.9123394
서울특별시 금천구청 도로과,시흥4동-1103,방범등,서울특별시 금천구 시흥4동 3-61,2025-06-17,37.4624537,126.9112301
서울특별시 금천구청 도로과,시흥4동-1104,방범등,서울특별시 금천구 시흥4동 3-71,2025-06-17,37.4619353,126.9108594
서울특별시 금천구청 도로과,시흥4동-1105,방범등,서울특별시 금천구 시흥4동 3-53,2025-06-17,37.4601237,126.9120381
서울특별시 금천구청 도로과,시흥4동-1106,방범등,서울특별시 금천구 시흥4동 3-213,2025-06-17,37.4605484,126.9116183
서울특별시 금천구청 도로과,시흥4동-1107,방범등,서울특별시 금천구 시흥4동 1-58,2025-06-17,37.4632257,126.9111385
서울특별시 금천구청 도로과,시흥4동-1108,방범등,서울특별시 금천구 시흥4동 1-89,2025-06-17,37.4627011,126.9104292
서울특별시 금천구청 도로과,시흥4동-1109,방범등,서울특별시 금천구 시흥4동 3-223,2025-06-17,37.4620796,126.9110130
서울특별시 금천구청 도로과,시흥4동-111,방범등,서울특별시 금천구 시흥4동 3-167,2025-06-17,37.4601225,126.9123884
서울특별시 금천구청 도로과,시흥4동-1110,방범등,서울특별시 금천구 시흥4동 3-117,2025-06-17,37.4608925,126.9107780
서울특별시 금천구청 도로과,시흥4동-1111,방범등,서울특별시 금천구 시흥4동 3-196,2025-06-17,37.4613208,126.9117242
서울특별시 금천구청 도로과,시흥4동-1112,방범등,서울특별시 금천구 시흥4동 3-24,2025-06-17,37.4616308,126.9127166
서울특별시 금천구청 도로과,시흥4동-1113,방범등,서울특별시 금천구 시흥4동 3-32,2025-06-17,37.4614092,126.9131266
서울특별시 금천구청 도로과,시흥4동-1114,방범등,서울특별시 금천구 시흥4동 3-36,2025-06-17,37.4606372,126.9130086
서울특별시 금천구청 도로과,시흥4동-1115,방범등,서울특별시 금천구 시흥4동 1-70 유호그린빌라 마동,2025-06-17,37.4629417,126.9112943
서울특별시 금천구청 도로과,시흥4동-1116,방범등,서울특별시 금천구 시흥4동 3-129 시흥4 효봉주차장 월편,2025-06-17,37.4607558,126.9109530
서울특별시 금천구청 도로과,시흥4동-112,방범등,서울특별시 금천구 시흥4동 3-168,2025-06-17,37.4600405,126.9123254
서울특별시 금천구청 도로과,시흥4동-113,방범등,서울특별시 금천구 시흥4동 3-045,2025-06-17,37.4605261,126.9123628
서울특별시 금천구청 도로과,시흥4동-114,방범등,서울특별시 금천구 시흥4동 3-017,2025-06-17,37.4609175,126.9125197
서울특별시 금천구청 도로과,시흥4동-115,방범등,서울특별시 금천구 시흥4동 3-017 ,2025-06-17,37.4609175,126.9125197
서울특별시 금천구청 도로과,시흥4동-116,방범등,서울특별시 금천구 시흥4동 3-035,2025-06-17,37.4608306,126.9130090
서울특별시 금천구청 도로과,시흥4동-117,방범등,서울특별시 금천구 시흥4동 3-034,2025-06-17,37.4609895,126.9130243
서울특별시 금천구청 도로과,시흥4동-118,방범등,서울특별시 금천구 시흥4동 3-220,2025-06-17,37.4612615,126.9131057
서울특별시 금천구청 도로과,시흥4동-119,방범등,서울특별시 금천구 시흥4동 3-032,2025-06-17,37.4614092,126.9131266
서울특별시 금천구청 도로과,시흥4동-120,방범등,서울특별시 금천구 시흥4동 3-012,2025-06-17,37.4615360,126.9124118
서울특별시 금천구청 도로과,시흥4동-121,방범등,서울특별시 금천구 시흥4동 3-009,2025-06-17,37.4618427,126.9124560
서울특별시 금천구청 도로과,시흥4동-122,방범등,서울특별시 금천구 시흥4동 3-218,2025-06-17,37.4620544,126.9124866
서울특별시 금천구청 도로과,시흥4동-123,방범등,서울특별시 금천구 시흥4동 3-80,2025-06-17,37.4620383,126.9121327
서울특별시 금천구청 도로과,시흥4동-124,방범등,서울특별시 금천구 시흥4동 3-087,2025-06-17,37.4614611,126.9119019
서울특별시 금천구청 도로과,시흥4동-125,방범등,서울특별시 금천구 시흥4동 3-082,2025-06-17,37.4615924,126.9122272
서울특별시 금천구청 도로과,시흥4동-128,방범등,서울특별시 금천구 시흥4동 3-088,2025-06-17,37.4614699,126.9117298
서울특별시 금천구청 도로과,시흥4동-129,방범등,서울특별시 금천구 시흥4동 3-220,2025-06-17,37.4612615,126.9131057
서울특별시 금천구청 도로과,시흥4동-130,방범등,서울특별시 금천구 시흥4동 3-091,2025-06-17,37.4614658,126.9115688
서울특별시 금천구청 도로과,시흥4동-131,방범등,서울특별시 금천구 시흥4동 3-149,2025-06-17,37.4612114,126.9113485
서울특별시 금천구청 도로과,시흥4동-132,방범등,서울특별시 금천구 시흥4동 3-095,2025-06-17,37.4610689,126.9111835
서울특별시 금천구청 도로과,시흥4동-133,방범등,서울특별시 금천구 시흥4동 3-096,2025-06-17,37.4613155,126.9111892
서울특별시 금천구청 도로과,시흥4동-134,방범등,서울특별시 금천구 시흥4동 3-098,2025-06-17,37.4614730,126.9109669
서울특별시 금천구청 도로과,시흥4동-135,방범등,서울특별시 금천구 시흥4동 3-183,2025-06-17,37.4616861,126.9112020
서울특별시 금천구청 도로과,시흥4동-136,방범등,서울특별시 금천구 시흥4동 3-101,2025-06-17,37.4615172,126.9107316
서울특별시 금천구청 도로과,시흥4동-137,방범등,서울특별시 금천구 시흥4동 3-224,2025-06-17,37.4616925,126.9106589
서울특별시 금천구청 도로과,시흥4동-138,방범등,서울특별시 금천구 시흥4동 3-069,2025-06-17,37.4619186,126.9106395
서울특별시 금천구청 도로과,시흥4동-139,방범등,서울특별시 금천구 시흥4동 3-068,2025-06-17,37.4621387,126.9104776
서울특별시 금천구청 도로과,시흥4동-140,방범등,서울특별시 금천구 시흥4동 3-150 백산지구대 뒤,2025-06-17,37.4623257,126.9103048
서울특별시 금천구청 도로과,시흥4동-141,방범등,서울특별시 금천구 시흥4동 3-145,2025-06-17,37.4621404,126.9105842
서울특별시 금천구청 도로과,시흥4동-142,방범등,서울특별시 금천구 시흥4동 3-108,2025-06-17,37.4623116,126.9109500
서울특별시 금천구청 도로과,시흥4동-143,방범등,서울특별시 금천구 시흥4동 3-174,2025-06-17,37.4618211,126.9108565
서울특별시 금천구청 도로과,시흥4동-144,방범등,서울특별시 금천구 시흥4동 3-223,2025-06-17,37.4620796,126.9110130
서울특별시 금천구청 도로과,시흥4동-145,방범등,서울특별시 금천구 시흥4동 3-135,2025-06-17,37.4617635,126.9110025
서울특별시 금천구청 도로과,시흥4동-146,방범등,서울특별시 금천구 시흥4동 3-078,2025-06-17,37.4621014,126.9115885
서울특별시 금천구청 도로과,시흥4동-147,방범등,서울특별시 금천구 시흥4동 3-120,2025-06-17,37.4620096,126.9115842
서울특별시 금천구청 도로과,시흥4동-148,방범등,서울특별시 금천구 시흥4동 3-126,2025-06-17,37.4616474,126.9115730
서울특별시 금천구청 도로과,시흥4동-149,방범등,서울특별시 금천구 시흥4동 3-112,2025-06-17,37.4618629,126.9119724
서울특별시 금천구청 도로과,시흥4동-150,방범등,서울특별시 금천구 시흥4동 3-56,2025-06-17,37.4624818,126.9122971
서울특별시 금천구청 도로과,시흥4동-151,방범등,서울특별시 금천구 시흥4동 3-171,2025-06-17,37.4624839,126.9121633
서울특별시 금천구청 도로과,시흥4동-152,방범등,서울특별시 금천구 시흥4동 3-171 월편,2025-06-17,37.4624839,126.9121633
서울특별시 금천구청 도로과,시흥4동-153,방범등,서울특별시 금천구 시흥4동 3-57 월편,2025-06-17,37.4624644,126.9119946
서울특별시 금천구청 도로과,시흥4동-154,방범등,서울특별시 금천구 시흥4동 3-188 월편,2025-06-17,37.4624814,126.9113952
서울특별시 금천구청 도로과,시흥4동-155,방범등,서울특별시 금천구 시흥4동 3-062 앞 삼거리,2025-06-17,37.4624456,126.9109545
서울특별시 금천구청 도로과,시흥4동-156,방범등,서울특별시 금천구 시흥4동 3-062,2025-06-17,37.4624456,126.9109545
서울특별시 금천구청 도로과,시흥4동-157,방범등,서울특별시 금천구 시흥4동 3-063 앞 삼거리,2025-06-17,37.4624394,126.9106712
서울특별시 금천구청 도로과,시흥4동-158,방범등,서울특별시 금천구 시흥4동 3-66,2025-06-17,37.4624366,126.9103076
서울특별시 금천구청 도로과,시흥4동-159,방범등,서울특별시 금천구 시흥4동 3-150 백산지구대,2025-06-17,37.4623257,126.9103048
서울특별시 금천구청 도로과,시흥4동-160,방범등,서울특별시 금천구 시흥4동 1-74,2025-06-17,37.4625639,126.9105194
서울특별시 금천구청 도로과,시흥4동-161,방범등,서울특별시 금천구 시흥4동 1-38,2025-06-17,37.4627871,126.9106251
서울특별시 금천구청 도로과,시흥4동-162,방범등,서울특별시 금천구 시흥4동 1-37,2025-06-17,37.4628699,126.9107405
서울특별시 금천구청 도로과,시흥4동-163,방범등,서울특별시 금천구 시흥4동 1-70 유호그린빌 다동,2025-06-17,37.4629417,126.9112943
서울특별시 금천구청 도로과,시흥4동-164,방범등,서울특별시 금천구 시흥4동 1-34,2025-06-17,37.4631290,126.9110450
서울특별시 금천구청 도로과,시흥4동-165,방범등,서울특별시 금천구 시흥4동 1-60,2025-06-17,37.4633130,126.9112328
서울특별시 금천구청 도로과,시흥4동-166,방범등,서울특별시 금천구 시흥4동 1-70 유호그린빌 사동,2025-06-17,37.4629417,126.9112943
서울특별시 금천구청 도로과,시흥4동-167,방범등,서울특별시 금천구 시흥4동 1-69,2025-06-17,37.4636730,126.9114421
서울특별시 금천구청 도로과,시흥4동-168,방범등,서울특별시 금천구 시흥4동 1-71 심원사 우측,2025-06-17,37.4639263,126.9117907
서울특별시 금천구청 도로과,시흥4동-169,방범등,서울특별시 금천구 시흥4동 1-14 심원사 좌측,2025-06-17,37.4640170,126.9115291
서울특별시 금천구청 도로과,시흥4동-170,방범등,서울특별시 금천구 시흥4동 1-17,2025-06-17,37.4638402,126.9111593
서울특별시 금천구청 도로과,시흥4동-171,방범등,서울특별시 금천구 시흥4동 3-183,2025-06-17,37.4616861,126.9112020
서울특별시 금천구청 도로과,시흥4동-172,방범등,서울특별시 금천구 시흥4동 1-18,2025-06-17,37.4637627,126.9110798
서울특별시 금천구청 도로과,시흥4동-173,방범등,서울특별시 금천구 시흥4동 1-22,2025-06-17,37.4634501,126.9107459
서울특별시 금천구청 도로과,시흥4동-174,방범등,서울특별시 금천구 시흥4동 1-23,2025-06-17,37.4632037,126.9104927
서울특별시 금천구청 도로과,시흥4동-175,방범등,서울특별시 금천구 시흥4동 1-24,2025-06-17,37.4630444,126.9103338
서울특별시 금천구청 도로과,시흥4동-176,방범등,서울특별시 금천구 시흥4동 3-060,2025-06-17,37.4623785,126.9113907
서울특별시 금천구청 도로과,시흥4동-177,방범등,서울특별시 금천구 시흥4동 3-031,2025-06-17,37.4613333,126.9133198
서울특별시 금천구청 도로과,시흥4동-178,방범등,서울특별시 금천구 시흥4동 3-031,2025-06-17,37.4613333,126.9133198
서울특별시 금천구청 도로과,시흥4동-179,방범등,서울특별시 금천구 시흥4동 3-031,2025-06-17,37.4613333,126.9133198
서울특별시 금천구청 도로과,시흥4동-180,방범등,서울특별시 금천구 시흥4동 3-030,2025-06-17,37.4613491,126.9135208
서울특별시 금천구청 도로과,시흥4동-181,방범등,서울특별시 금천구 시흥4동 3-028,2025-06-17,37.4615757,126.9135188
서울특별시 금천구청 도로과,시흥4동-182,방범등,서울특별시 금천구 시흥4동 3-115,2025-06-17,37.4613787,126.9107394
서울특별시 금천구청 도로과,시흥4동-183,방범등,서울특별시 금천구 시흥4동 3-049,2025-06-17,37.4606336,126.9120556
서울특별시 금천구청 도로과,시흥4동-184,방범등,서울특별시 금천구 시흥4동 3-013,2025-06-17,37.4614003,126.9123970
서울특별시 금천구청 도로과,시흥4동-185,방범등,서울특별시 금천구 시흥4동 3-110,2025-06-17,37.4619162,126.9117425
서울특별시 금천구청 도로과,시흥4동-186,방범등,서울특별시 금천구 시흥4동 3-148,2025-06-17,37.4621361,126.9106893
서울특별시 금천구청 도로과,시흥4동-187,방범등,서울특별시 금천구 시흥4동 3-72,2025-06-17,37.4619436,126.9110086
서울특별시 금천구청 도로과,시흥4동-188,방범등,서울특별시 금천구 시흥4동 3-188,2025-06-17,37.4624814,126.9113952
서울특별시 금천구청 도로과,시흥4동-189,방범등,서울특별시 금천구 시흥4동 3-03,2025-06-17,37.4623390,126.9128049
서울특별시 금천구청 도로과,시흥4동-198,방범등,서울특별시 금천구 시흥4동 3-193,2025-06-17,37.4614593,126.9120030
서울특별시 금천구청 도로과,시흥4동-199,방범등,서울특별시 금천구 시흥4동 3-218,2025-06-17,37.4620544,126.9124866
서울특별시 금천구청 도로과,시흥4동-201,방범등,서울특별시 금천구 시흥4동 791-38 월편,2025-06-17,37.4623829,126.9060557
서울특별시 금천구청 도로과,시흥4동-202,방범등,서울특별시 금천구 시흥4동 791-04,2025-06-17,37.4620456,126.9059251
서울특별시 금천구청 도로과,시흥4동-203,방범등,서울특별시 금천구 시흥4동 791-19,2025-06-17,37.4617755,126.9063657
서울특별시 금천구청 도로과,시흥4동-204,방범등,서울특별시 금천구 시흥4동 793-17,2025-06-17,37.4615960,126.9066360
서울특별시 금천구청 도로과,시흥4동-205,방범등,서울특별시 금천구 시흥4동 793-16,2025-06-17,37.4616202,126.9067944
서울특별시 금천구청 도로과,시흥4동-206,방범등,서울특별시 금천구 시흥4동 793-07,2025-06-17,37.4617965,126.9073100
서울특별시 금천구청 도로과,시흥4동-207,방범등,서울특별시 금천구 시흥4동 793-07,2025-06-17,37.4617965,126.9073100
서울특별시 금천구청 도로과,시흥4동-208,방범등,서울특별시 금천구 시흥4동 793-06,2025-06-17,37.4618241,126.9075384
서울특별시 금천구청 도로과,시흥4동-209,방범등,서울특별시 금천구 시흥4동 793-06,2025-06-17,37.4618241,126.9075384
서울특별시 금천구청 도로과,시흥4동-210,방범등,서울특별시 금천구 시흥4동 793-00,2025-06-17,37.4620936,126.9078310
서울특별시 금천구청 도로과,시흥4동-2100,방범등,서울특별시 금천구 시흥4동 4-147,2025-06-17,37.4601521,126.9080992
서울특별시 금천구청 도로과,시흥4동-2101,방범등,서울특별시 금천구 시흥4동 4-146,2025-06-17,37.4600570,126.9078889
서울특별시 금천구청 도로과,시흥4동-2102,방범등,서울특별시 금천구 시흥4동 798-32,2025-06-17,37.4607891,126.9070162
서울특별시 금천구청 도로과,시흥4동-2103,방범등,서울특별시 금천구 시흥4동 793-6,2025-06-17,37.4618241,126.9075384
서울특별시 금천구청 도로과,시흥4동-2104,방범등,서울특별시 금천구 시흥4동 8-4,2025-06-17,37.4627312,126.9075503
서울특별시 금천구청 도로과,시흥4동-2105,방범등,서울특별시 금천구 시흥4동 4-7,2025-06-17,37.4610536,126.9099782
서울특별시 금천구청 도로과,시흥4동-2106,방범등,서울특별시 금천구 시흥4동 4-77,2025-06-17,37.4603588,126.9085622
서울특별시 금천구청 도로과,시흥4동-2107,방범등,서울특별시 금천구 시흥4동 793-18,2025-06-17,37.4615092,126.9066704
서울특별시 금천구청 도로과,시흥4동-2108,방범등,서울특별시 금천구 시흥4동 793-15,2025-06-17,37.4615102,126.9069062
서울특별시 금천구청 도로과,시흥4동-2109,방범등,서울특별시 금천구 시흥4동 796-1,2025-06-17,37.4619590,126.9103925
서울특별시 금천구청 도로과,시흥4동-211,방범등,서울특별시 금천구 시흥4동 798-41,2025-06-17,37.4605482,126.9073061
서울특별시 금천구청 도로과,시흥4동-2110,방범등,서울특별시 금천구 시흥4동 797,2025-06-17,37.4617290,126.9104226
서울특별시 금천구청 도로과,시흥4동-2111,방범등,서울특별시 금천구 시흥4동 797-20,2025-06-17,37.4610483,126.9090979
서울특별시 금천구청 도로과,시흥4동-2112,방범등,서울특별시 금천구 시흥4동 798-8,2025-06-17,37.4611236,126.9081457
서울특별시 금천구청 도로과,시흥4동-2113,방범등,서울특별시 금천구 시흥4동 4-14,2025-06-17,37.4606855,126.9084705
서울특별시 금천구청 도로과,시흥4동-2114,방범등,서울특별시 금천구 시흥4동 4-91,2025-06-17,37.4609215,126.9100513
서울특별시 금천구청 도로과,시흥4동-2115,방범등,서울특별시 금천구 시흥4동 799-38,2025-06-17,37.4612149,126.9068598
서울특별시 금천구청 도로과,시흥4동-2116,방범등,서울특별시 금천구 시흥4동 5-13,2025-06-17,37.4632852,126.9094576
서울특별시 금천구청 도로과,시흥4동-2117,방범등,서울특별시 금천구 시흥4동 58-12,2025-06-17,37.4573429,126.9073364
서울특별시 금천구청 도로과,시흥4동-2118,방범등,서울특별시 금천구 시흥4동 797-11,2025-06-17,37.4611739,126.9095768
서울특별시 금천구청 도로과,시흥4동-2119,방범등,서울특별시 금천구 시흥4동 794-12,2025-06-17,37.4621807,126.9084701
서울특별시 금천구청 도로과,시흥4동-212,방범등,서울특별시 금천구 시흥4동 794-03,2025-06-17,37.4622585,126.9082188
서울특별시 금천구청 도로과,시흥4동-2120,방범등,서울특별시 금천구 시흥4동 798-14,2025-06-17,37.4611095,126.9078400
서울특별시 금천구청 도로과,시흥4동-2121,방범등,서울특별시 금천구 시흥4동 793-5 월편 한울중담,2025-06-17,37.4619792,126.9076574
서울특별시 금천구청 도로과,시흥4동-2122,방범등,서울특별시 금천구 시흥4동 793-22월편 한울중 담,2025-06-17,37.4620160,126.9077475
서울특별시 금천구청 도로과,시흥4동-2123,방범등,서울특별시 금천구 시흥4동 793-22,2025-06-17,37.4620160,126.9077475
서울특별시 금천구청 도로과,시흥4동-2124,방범등,서울특별시 금천구 시흥4동 795-5,2025-06-17,37.4620387,126.9094752
서울특별시 금천구청 도로과,시흥4동-2127,방범등,서울특별시 금천구 시흥4동 817-17,2025-06-17,37.4561892,126.9078162
서울특별시 금천구청 도로과,시흥4동-213,방범등,서울특별시 금천구 시흥4동 795-35,2025-06-17,37.4617678,126.9083452
서울특별시 금천구청 도로과,시흥4동-214,방범등,서울특별시 금천구 시흥4동 799-09,2025-06-17,37.4616094,126.9077510
서울특별시 금천구청 도로과,시흥4동-215,방범등,서울특별시 금천구 시흥4동 799-05,2025-06-17,37.4614895,126.9080454
서울특별시 금천구청 도로과,시흥4동-216,방범등,서울특별시 금천구 시흥4동 799-14,2025-06-17,37.4613226,126.9079393
서울특별시 금천구청 도로과,시흥4동-217,방범등,서울특별시 금천구 시흥4동 798-05,2025-06-17,37.4612766,126.9082322
서울특별시 금천구청 도로과,시흥4동-218,방범등,서울특별시 금천구 시흥4동 798-03,2025-06-17,37.4610935,126.9083367
서울특별시 금천구청 도로과,시흥4동-219,방범등,서울특별시 금천구 시흥4동 798-10,2025-06-17,37.4609912,126.9080906
서울특별시 금천구청 도로과,시흥4동-220,방범등,서울특별시 금천구 시흥4동 799-18,2025-06-17,37.4612803,126.9076738
서울특별시 금천구청 도로과,시흥4동-221,방범등,서울특별시 금천구 시흥4동 798-19,2025-06-17,37.4610661,126.9077389
서울특별시 금천구청 도로과,시흥4동-222,방범등,서울특별시 금천구 시흥4동 798-23,2025-06-17,37.4608357,126.9077240
서울특별시 금천구청 도로과,시흥4동-223,방범등,서울특별시 금천구 시흥4동 798-27,2025-06-17,37.4608647,126.9073079
서울특별시 금천구청 도로과,시흥4동-224,방범등,서울특별시 금천구 시흥4동 799-36,2025-06-17,37.4609564,126.9068964
서울특별시 금천구청 도로과,시흥4동-225,방범등,서울특별시 금천구 시흥4동 798-25,2025-06-17,37.4609397,126.9074847
서울특별시 금천구청 도로과,시흥4동-226,방범등,서울특별시 금천구 시흥4동 799-24,2025-06-17,37.4613641,126.9072517
서울특별시 금천구청 도로과,시흥4동-227,방범등,서울특별시 금천구 시흥4동 799-27,2025-06-17,37.4612080,126.9072361
서울특별시 금천구청 도로과,시흥4동-228,방범등,서울특별시 금천구 시흥4동 799-21,2025-06-17,37.4614449,126.9074442
서울특별시 금천구청 도로과,시흥4동-230,방범등,서울특별시 금천구 시흥4동 792-01,2025-06-17,37.4622614,126.9067779
서울특별시 금천구청 도로과,시흥4동-232,방범등,서울특별시 금천구 시흥4동 798-48,2025-06-17,37.4606789,126.9076154
서울특별시 금천구청 도로과,시흥4동-233,방범등,서울특별시 금천구 시흥4동 798-64,2025-06-17,37.4609639,126.9084266
서울특별시 금천구청 도로과,시흥4동-234,방범등,서울특별시 금천구 시흥4동 798-58,2025-06-17,37.4608557,126.9080166
서울특별시 금천구청 도로과,시흥4동-235,방범등,서울특별시 금천구 시흥4동 산130-12,2025-06-17,37.4602200,126.9089606
서울특별시 금천구청 도로과,시흥4동-236,방범등,서울특별시 금천구 시흥4동 798-36,2025-06-17,37.4606271,126.9072196
서울특별시 금천구청 도로과,시흥4동-237,방범등,서울특별시 금천구 시흥4동 4-079,2025-06-17,37.4603065,126.9083727
서울특별시 금천구청 도로과,시흥4동-238,방범등,서울특별시 금천구 시흥4동 4-148,2025-06-17,37.4599520,126.9080132
서울특별시 금천구청 도로과,시흥4동-239,방범등,서울특별시 금천구 시흥4동 794-14,2025-06-17,37.4624314,126.9079367
서울특별시 금천구청 도로과,시흥4동-240,방범등,서울특별시 금천구 시흥4동 4-128,2025-06-17,37.4598719,126.9078052
서울특별시 금천구청 도로과,시흥4동-241,방범등,서울특별시 금천구 시흥4동 4-129,2025-06-17,37.4599728,126.9081205
서울특별시 금천구청 도로과,시흥4동-242,방범등,서울특별시 금천구 시흥4동 4-083,2025-06-17,37.4600338,126.9083317
서울특별시 금천구청 도로과,시흥4동-243,방범등,서울특별시 금천구 시흥4동 4-083,2025-06-17,37.4600338,126.9083317
서울특별시 금천구청 도로과,시흥4동-244,방범등,서울특별시 금천구 시흥4동 4-083,2025-06-17,37.4600338,126.9083317
서울특별시 금천구청 도로과,시흥4동-245,방범등,서울특별시 금천구 시흥4동 4-081 월편,2025-06-17,37.4601978,126.9085451
서울특별시 금천구청 도로과,시흥4동-246,방범등,서울특별시 금천구 시흥4동 4-036 월편 산쪽,2025-06-17,37.4604146,126.9088553
서울특별시 금천구청 도로과,시흥4동-247,방범등,서울특별시 금천구 시흥4동 4-074,2025-06-17,37.4605159,126.9090133
서울특별시 금천구청 도로과,시흥4동-248,방범등,서울특별시 금천구 시흥4동 4-075,2025-06-17,37.4603975,126.9087568
서울특별시 금천구청 도로과,시흥4동-249,방범등,서울특별시 금천구 시흥4동 4-044,2025-06-17,37.4606748,126.9088834
서울특별시 금천구청 도로과,시흥4동-250,방범등,서울특별시 금천구 시흥4동 4-121,2025-06-17,37.4607750,126.9087738
서울특별시 금천구청 도로과,시흥4동-251,방범등,서울특별시 금천구 시흥4동 4-011,2025-06-17,37.4608628,126.9090730
서울특별시 금천구청 도로과,시흥4동-252,방범등,서울특별시 금천구 시흥4동 4-70,2025-06-17,37.4607757,126.9093939
서울특별시 금천구청 도로과,시흥4동-253,방범등,서울특별시 금천구 시흥4동 4-136,2025-06-17,37.4605094,126.9094078
서울특별시 금천구청 도로과,시흥4동-254,방범등,서울특별시 금천구 시흥4동 4-136 월편,2025-06-17,37.4605094,126.9094078
서울특별시 금천구청 도로과,시흥4동-255,방범등,서울특별시 금천구 시흥4동 4-142 월편,2025-06-17,37.4605595,126.9096715
서울특별시 금천구청 도로과,시흥4동-256,방범등,서울특별시 금천구 시흥4동 4-133,2025-06-17,37.4606954,126.9098225
서울특별시 금천구청 도로과,시흥4동-257,방범등,서울특별시 금천구 시흥4동 4-119,2025-06-17,37.4609934,126.9097048
서울특별시 금천구청 도로과,시흥4동-258,방범등,서울특별시 금천구 시흥4동 4-064,2025-06-17,37.4609135,126.9093360
서울특별시 금천구청 도로과,시흥4동-259,방범등,서울특별시 금천구 시흥4동 4-118,2025-06-17,37.4610234,126.9098393
서울특별시 금천구청 도로과,시흥4동-260,방범등,서울특별시 금천구 시흥4동 4-005 (797-35 앞),2025-06-17,37.4611376,126.9103385
서울특별시 금천구청 도로과,시흥4동-261,방범등,서울특별시 금천구 시흥4동 4-087,2025-06-17,37.4607700,126.9102817
서울특별시 금천구청 도로과,시흥4동-262,방범등,서울특별시 금천구 시흥4동 4-135 월편 산쪽,2025-06-17,37.4606879,126.9101207
서울특별시 금천구청 도로과,시흥4동-264,방범등,서울특별시 금천구 시흥4동 4-028,2025-06-17,37.4606797,126.9104914
서울특별시 금천구청 도로과,시흥4동-265,방범등,서울특별시 금천구 시흥4동 4-028 월편 산쪽,2025-06-17,37.4606797,126.9104914
서울특별시 금천구청 도로과,시흥4동-266,방범등,서울특별시 금천구 시흥4동 4-144,2025-06-17,37.4609959,126.9103660
서울특별시 금천구청 도로과,시흥4동-267,방범등,서울특별시 금천구 시흥4동 4-005 (797-3 앞),2025-06-17,37.4611376,126.9103385
서울특별시 금천구청 도로과,시흥4동-268,방범등,서울특별시 금천구 시흥4동 797-02,2025-06-17,37.4613941,126.9104346
서울특별시 금천구청 도로과,시흥4동-269,방범등,서울특별시 금천구 시흥4동 797-08,2025-06-17,37.4615447,126.9101340
서울특별시 금천구청 도로과,시흥4동-270,방범등,서울특별시 금천구 시흥4동 797-37,2025-06-17,37.4613863,126.9096502
서울특별시 금천구청 도로과,시흥4동-271,방범등,서울특별시 금천구 시흥4동 797-16,2025-06-17,37.4612525,126.9092994
서울특별시 금천구청 도로과,시흥4동-272,방범등,서울특별시 금천구 시흥4동 797-21,2025-06-17,37.4611550,126.9090563
서울특별시 금천구청 도로과,시흥4동-273,방범등,서울특별시 금천구 시흥4동 798-64 (797-27 앞),2025-06-17,37.4609639,126.9084266
서울특별시 금천구청 도로과,시흥4동-274,방범등,서울특별시 금천구 시흥4동 796-36 사거리,2025-06-17,37.4614231,126.9086469
서울특별시 금천구청 도로과,시흥4동-275,방범등,서울특별시 금천구 시흥4동 795-36,2025-06-17,37.4615944,126.9084562
서울특별시 금천구청 도로과,시흥4동-276,방범등,서울특별시 금천구 시흥4동 796-36 (795-31앞),2025-06-17,37.4614231,126.9086469
서울특별시 금천구청 도로과,시흥4동-277,방범등,서울특별시 금천구 시흥4동 796-31,2025-06-17,37.4614941,126.9088384
서울특별시 금천구청 도로과,시흥4동-278,방범등,서울특별시 금천구 시흥4동 795-27,2025-06-17,37.4619349,126.9085695
서울특별시 금천구청 도로과,시흥4동-279,방범등,서울특별시 금천구 시흥4동 796-31,2025-06-17,37.4614941,126.9088384
서울특별시 금천구청 도로과,시흥4동-280,방범등,서울특별시 금천구 시흥4동 796-29,2025-06-17,37.4615615,126.9089960
서울특별시 금천구청 도로과,시흥4동-281,방범등,서울특별시 금천구 시흥4동 796-20,2025-06-17,37.4617129,126.9092204
서울특별시 금천구청 도로과,시흥4동-282,방범등,서울특별시 금천구 시흥4동 796-13,2025-06-17,37.4617567,126.9093268
서울특별시 금천구청 도로과,시흥4동-283,방범등,서울특별시 금천구 시흥4동 795-05 우성A.,2025-06-17,37.4620387,126.9094752
서울특별시 금천구청 도로과,시흥4동-284,방범등,서울특별시 금천구 시흥4동 795-02,2025-06-17,37.4622155,126.9100038
서울특별시 금천구청 도로과,시흥4동-285,방범등,서울특별시 금천구 시흥4동 795-07,2025-06-17,37.4622072,126.9094243
서울특별시 금천구청 도로과,시흥4동-286,방범등,서울특별시 금천구 시흥4동 795-18,2025-06-17,37.4620399,126.9089480
서울특별시 금천구청 도로과,시흥4동-287,방범등,서울특별시 금천구 시흥4동 5-13 (1-87 옆),2025-06-17,37.4632852,126.9094576
서울특별시 금천구청 도로과,시흥4동-288,방범등,서울특별시 금천구 시흥4동 5-13 (794-11 월편),2025-06-17,37.4632852,126.9094576
서울특별시 금천구청 도로과,시흥4동-289,방범등,서울특별시 금천구 시흥4동 5-13 (794-8 월편),2025-06-17,37.4632852,126.9094576
서울특별시 금천구청 도로과,시흥4동-290,방범등,서울특별시 금천구 시흥4동 794-07,2025-06-17,37.4623774,126.9086068
서울특별시 금천구청 도로과,시흥4동-291,방범등,서울특별시 금천구 시흥4동 794-01 (15 옆),2025-06-17,37.4624387,126.9082103
서울특별시 금천구청 도로과,시흥4동-292,방범등,서울특별시 금천구 시흥4동 794-0,2025-06-17,37.4624471,126.9078514
서울특별시 금천구청 도로과,시흥4동-293,방범등,서울특별시 금천구 시흥4동 1008-00 ,2025-06-17,37.4631646,126.9081210
서울특별시 금천구청 도로과,시흥4동-294,방범등,서울특별시 금천구 시흥4동 793-25,2025-06-17,37.4613198,126.9066924
서울특별시 금천구청 도로과,시흥4동-295,방범등,서울특별시 금천구 시흥4동 798-31,2025-06-17,37.4608442,126.9071499
서울특별시 금천구청 도로과,시흥4동-297,방범등,서울특별시 금천구 시흥4동 796-36 (38 옆),2025-06-17,37.4614231,126.9086469
서울특별시 금천구청 도로과,시흥4동-298,방범등,서울특별시 금천구 시흥4동 795-21,2025-06-17,37.4618641,126.9089313
서울특별시 금천구청 도로과,시흥4동-299,방범등,서울특별시 금천구 시흥4동 797-7,2025-06-17,37.4614077,126.9102494
서울특별시 금천구청 도로과,시흥4동-301,방범등,서울특별시 금천구 시흥4동 813-55,2025-06-17,37.4587759,126.9054902
서울특별시 금천구청 도로과,시흥4동-302,방범등,서울특별시 금천구 시흥4동 803-19 (사거리),2025-06-17,37.4591993,126.9056141
서울특별시 금천구청 도로과,시흥4동-303,방범등,서울특별시 금천구 시흥4동 804-44,2025-06-17,37.4591049,126.9059117
서울특별시 금천구청 도로과,시흥4동-304,방범등,서울특별시 금천구 시흥4동 804-42,2025-06-17,37.4592260,126.9059009
서울특별시 금천구청 도로과,시흥4동-305,방범등,서울특별시 금천구 시흥4동 789-33,2025-06-17,37.4618530,126.9049650
서울특별시 금천구청 도로과,시흥4동-306,방범등,서울특별시 금천구 시흥4동 789-57,2025-06-17,37.4610233,126.9049358
서울특별시 금천구청 도로과,시흥4동-307,방범등,서울특별시 금천구 시흥4동 804-25,2025-06-17,37.4595483,126.9058298
서울특별시 금천구청 도로과,시흥4동-308,방범등,서울특별시 금천구 시흥4동 804-13,2025-06-17,37.4597954,126.9057969
서울특별시 금천구청 도로과,시흥4동-309,방범등,서울특별시 금천구 시흥4동 804-14,2025-06-17,37.4598245,126.9059491
서울특별시 금천구청 도로과,시흥4동-310,방범등,서울특별시 금천구 시흥4동 803-02,2025-06-17,37.4596684,126.9054466
서울특별시 금천구청 도로과,시흥4동-311,방범등,서울특별시 금천구 시흥4동 804-08,2025-06-17,37.4599986,126.9058830
서울특별시 금천구청 도로과,시흥4동-312,방범등,서울특별시 금천구 시흥4동 803-04,2025-06-17,37.4595370,126.9054572
서울특별시 금천구청 도로과,시흥4동-313,방범등,서울특별시 금천구 시흥4동 805-00,2025-06-17,37.4604796,126.9063112
서울특별시 금천구청 도로과,시흥4동-314,방범등,서울특별시 금천구 시흥4동 805-09,2025-06-17,37.4600349,126.9064124
서울특별시 금천구청 도로과,시흥4동-315,방범등,서울특별시 금천구 시흥4동 790-60,2025-06-17,37.4611314,126.9057863
서울특별시 금천구청 도로과,시흥4동-316,방범등,서울특별시 금천구 시흥4동 804-24,2025-06-17,37.4596773,126.9058143
서울특별시 금천구청 도로과,시흥4동-317,방범등,서울특별시 금천구 시흥4동 805-18,2025-06-17,37.4598056,126.9064705
서울특별시 금천구청 도로과,시흥4동-318,방범등,서울특별시 금천구 시흥4동 805-20,2025-06-17,37.4596191,126.9065159
서울특별시 금천구청 도로과,시흥4동-319,방범등,서울특별시 금천구 시흥4동 804-32,2025-06-17,37.4594170,126.9062745
서울특별시 금천구청 도로과,시흥4동-320,방범등,서울특별시 금천구 시흥4동 804-29,2025-06-17,37.4595451,126.9062399
서울특별시 금천구청 도로과,시흥4동-321,방범등,서울특별시 금천구 시흥4동 805-23,2025-06-17,37.4598729,126.9067975
서울특별시 금천구청 도로과,시흥4동-322,방범등,서울특별시 금천구 시흥4동 805-53,2025-06-17,37.4601336,126.9070885
서울특별시 금천구청 도로과,시흥4동-323,방범등,서울특별시 금천구 시흥4동 805-47,2025-06-17,37.4602741,126.9070891
서울특별시 금천구청 도로과,시흥4동-324,방범등,서울특별시 금천구 시흥4동 805-40,2025-06-17,37.4604027,126.9067375
서울특별시 금천구청 도로과,시흥4동-325,방범등,서울특별시 금천구 시흥4동 805-35,2025-06-17,37.4606902,126.9068265
서울특별시 금천구청 도로과,시흥4동-326,방범등,서울특별시 금천구 시흥4동 800-19,2025-06-17,37.4607776,126.9066135
서울특별시 금천구청 도로과,시흥4동-327,방범등,서울특별시 금천구 시흥4동 800-05,2025-06-17,37.4606531,126.9063243
서울특별시 금천구청 도로과,시흥4동-328,방범등,서울특별시 금천구 시흥4동 805-32,2025-06-17,37.4605544,126.9064939
서울특별시 금천구청 도로과,시흥4동-330,방범등,서울특별시 금천구 시흥4동 805-25,2025-06-17,37.4599889,126.9068403
서울특별시 금천구청 도로과,시흥4동-331,방범등,서울특별시 금천구 시흥4동 805-09,2025-06-17,37.4600349,126.9064124
서울특별시 금천구청 도로과,시흥4동-332,방범등,서울특별시 금천구 시흥4동 800-03,2025-06-17,37.4607314,126.9061959
서울특별시 금천구청 도로과,시흥4동-333,방범등,서울특별시 금천구 시흥4동 805-51 월편,2025-06-17,37.4600166,126.9069888
서울특별시 금천구청 도로과,시흥4동-334,방범등,서울특별시 금천구 시흥4동 801-13,2025-06-17,37.4607332,126.9059816
서울특별시 금천구청 도로과,시흥4동-335,방범등,서울특별시 금천구 시흥4동 800-10,2025-06-17,37.4610355,126.9063287
서울특별시 금천구청 도로과,시흥4동-336,방범등,서울특별시 금천구 시흥4동 791-35,2025-06-17,37.4613048,126.9061359
서울특별시 금천구청 도로과,시흥4동-337,방범등,서울특별시 금천구 시흥4동 790-60,2025-06-17,37.4611314,126.9057863
서울특별시 금천구청 도로과,시흥4동-338,방범등,서울특별시 금천구 시흥4동 801-00,2025-06-17,37.4609071,126.9055634
서울특별시 금천구청 도로과,시흥4동-339,방범등,서울특별시 금천구 시흥4동 802-18,2025-06-17,37.4604522,126.9053004
서울특별시 금천구청 도로과,시흥4동-340,방범등,서울특별시 금천구 시흥4동 801-18,2025-06-17,37.4604392,126.9056584
서울특별시 금천구청 도로과,시흥4동-341,방범등,서울특별시 금천구 시흥4동 801-20,2025-06-17,37.4602603,126.9056948
서울특별시 금천구청 도로과,시흥4동-342,방범등,서울특별시 금천구 시흥4동 802-20,2025-06-17,37.4603611,126.9053948
서울특별시 금천구청 도로과,시흥4동-343,방범등,서울특별시 금천구 시흥4동 802-28,2025-06-17,37.4601522,126.9053593
서울특별시 금천구청 도로과,시흥4동-344,방범등,서울특별시 금천구 시흥4동 789-56,2025-06-17,37.4611672,126.9049060
서울특별시 금천구청 도로과,시흥4동-345,방범등,서울특별시 금천구 시흥4동 789-38,2025-06-17,37.4616236,126.9048026
서울특별시 금천구청 도로과,시흥4동-346,방범등,서울특별시 금천구 시흥4동 789-50,2025-06-17,37.4615081,126.9052185
서울특별시 금천구청 도로과,시흥4동-347,방범등,서울특별시 금천구 시흥4동 789-39,2025-06-17,37.4615378,126.9047657
서울특별시 금천구청 도로과,시흥4동-348,방범등,서울특별시 금천구 시흥4동 789-54 (47 앞),2025-06-17,37.4612398,126.9052694
서울특별시 금천구청 도로과,시흥4동-349,방범등,서울특별시 금천구 시흥4동 802-24,2025-06-17,37.4602907,126.9052192
서울특별시 금천구청 도로과,시흥4동-350,방범등,서울특별시 금천구 시흥4동 789-28,2025-06-17,37.4619331,126.9047880
서울특별시 금천구청 도로과,시흥4동-351,방범등,서울특별시 금천구 시흥4동 789-21,2025-06-17,37.4621662,126.9046621
서울특별시 금천구청 도로과,시흥4동-352,방범등,서울특별시 금천구 시흥4동 789-03,2025-06-17,37.4625430,126.9045520
서울특별시 금천구청 도로과,시흥4동-353,방범등,서울특별시 금천구 시흥4동 789-01,2025-06-17,37.4626312,126.9044983
서울특별시 금천구청 도로과,시흥4동-354,방범등,서울특별시 금천구 시흥4동 789-17,2025-06-17,37.4622794,126.9050632
서울특별시 금천구청 도로과,시흥4동-355,방범등,서울특별시 금천구 시흥4동 790-41,2025-06-17,37.4620231,126.9056030
서울특별시 금천구청 도로과,시흥4동-356,방범등,서울특별시 금천구 시흥4동 790-24,2025-06-17,37.4618631,126.9053582
서울특별시 금천구청 도로과,시흥4동-357,방범등,서울특별시 금천구 시흥4동 790-32,2025-06-17,37.4614370,126.9054419
서울특별시 금천구청 도로과,시흥4동-358,방범등,서울특별시 금천구 시흥4동 790-37,2025-06-17,37.4610986,126.9055114
서울특별시 금천구청 도로과,시흥4동-359,방범등,서울특별시 금천구 시흥4동 789-62,2025-06-17,37.4610522,126.9053080
서울특별시 금천구청 도로과,시흥4동-360,방범등,서울특별시 금천구 시흥4동 789-57,2025-06-17,37.4610233,126.9049358
서울특별시 금천구청 도로과,시흥4동-361,방범등,서울특별시 금천구 시흥4동 790-53,2025-06-17,37.4614601,126.9057173
서울특별시 금천구청 도로과,시흥4동-362,방범등,서울특별시 금천구 시흥4동 790-45,2025-06-17,37.4618703,126.9056337
서울특별시 금천구청 도로과,시흥4동-363,방범등,서울특별시 금천구 시흥4동 790-21,2025-06-17,37.4620906,126.9054307
서울특별시 금천구청 도로과,시흥4동-364,방범등,서울특별시 금천구 시흥4동 790-6,2025-06-17,37.4624361,126.9056397
서울특별시 금천구청 도로과,시흥4동-365,방범등,서울특별시 금천구 시흥4동 790-05,2025-06-17,37.4625496,126.9056135
서울특별시 금천구청 도로과,시흥4동-366,방범등,서울특별시 금천구 시흥4동 791-26,2025-06-17,37.4615226,126.9060311
서울특별시 금천구청 도로과,시흥4동-367,방범등,서울특별시 금천구 시흥4동 791-14,2025-06-17,37.4618435,126.9059654
서울특별시 금천구청 도로과,시흥4동-368,방범등,서울특별시 금천구 시흥4동 791-04,2025-06-17,37.4620456,126.9059251
서울특별시 금천구청 도로과,시흥4동-369,방범등,서울특별시 금천구 시흥4동 791-04,2025-06-17,37.4620456,126.9059251
서울특별시 금천구청 도로과,시흥4동-370,방범등,서울특별시 금천구 시흥4동 791-02,2025-06-17,37.4620611,126.9062044
서울특별시 금천구청 도로과,시흥4동-371,방범등,서울특별시 금천구 시흥4동 791-29,2025-06-17,37.4615695,126.9064104
서울특별시 금천구청 도로과,시흥4동-372,방범등,서울특별시 금천구 시흥4동 804-34,2025-06-17,37.4593004,126.9061678
서울특별시 금천구청 도로과,시흥4동-373,방범등,서울특별시 금천구 시흥4동 801-4,2025-06-17,37.4608496,126.9059575
서울특별시 금천구청 도로과,시흥4동-374,방범등,서울특별시 금천구 시흥4동 803-04,2025-06-17,37.4595370,126.9054572
서울특별시 금천구청 도로과,시흥4동-376,방범등,서울특별시 금천구 시흥4동 802-31,2025-06-17,37.4599842,126.9053932
서울특별시 금천구청 도로과,시흥4동-377,방범등,서울특별시 금천구 시흥4동 801-23,2025-06-17,37.4603766,126.9058015
서울특별시 금천구청 도로과,시흥4동-378,방범등,서울특별시 금천구 시흥4동 790-16,2025-06-17,37.4622221,126.9056861
서울특별시 금천구청 도로과,시흥4동-379,방범등,서울특별시 금천구 시흥4동 790-29,2025-06-17,37.4616615,126.9055157
서울특별시 금천구청 도로과,시흥4동-380,방범등,서울특별시 금천구 시흥4동 801-09,2025-06-17,37.4606847,126.9056066
서울특별시 금천구청 도로과,시흥4동-381,방범등,서울특별시 금천구 시흥4동 805-1,2025-06-17,37.4603398,126.9062863
서울특별시 금천구청 도로과,시흥4동-382,방범등,서울특별시 금천구 시흥4동 789-7,2025-06-17,37.4625559,126.9050152
서울특별시 금천구청 도로과,시흥4동-383,방범등,서울특별시 금천구 시흥4동 805-28,2025-06-17,37.4602278,126.9067143
서울특별시 금천구청 도로과,시흥4동-384,방범등,서울특별시 금천구 시흥4동 805-25,2025-06-17,37.4599889,126.9068403
서울특별시 금천구청 도로과,시흥4동-385,방범등,서울특별시 금천구 시흥4동 804-19,2025-06-17,37.4597431,126.9061066
서울특별시 금천구청 도로과,시흥4동-386,방범등,서울특별시 금천구 시흥4동 791-51,2025-06-17,37.4621449,126.9060992
서울특별시 금천구청 도로과,시흥4동-387,방범등,서울특별시 금천구 시흥4동 789-11,2025-06-17,37.4623716,126.9045378
서울특별시 금천구청 도로과,시흥4동-388,방범등,서울특별시 금천구 시흥4동 800-15,2025-06-17,37.4609271,126.9064069
서울특별시 금천구청 도로과,시흥4동-389,방범등,서울특별시 금천구 시흥4동 789-25,2025-06-17,37.4621645,126.9050446
서울특별시 금천구청 도로과,시흥4동-390,방범등,서울특별시 금천구 시흥4동 800-3,2025-06-17,37.4607314,126.9061959
서울특별시 금천구청 도로과,시흥4동-391,방범등,서울특별시 금천구 시흥4동 800-4,2025-06-17,37.4606170,126.9062079
서울특별시 금천구청 도로과,시흥4동-392,방범등,서울특별시 금천구 시흥4동 804-13,2025-06-17,37.4597954,126.9057969
서울특별시 금천구청 도로과,시흥4동-393,방범등,서울특별시 금천구 시흥4동 805-50월편,2025-06-17,37.4601053,126.9069451
서울특별시 금천구청 도로과,시흥4동-394,방범등,서울특별시 금천구 시흥4동 804-23,2025-06-17,37.4597369,126.9059340
서울특별시 금천구청 도로과,시흥4동-395,방범등,서울특별시 금천구 시흥4동 804-30,2025-06-17,37.4595669,126.9063470
서울특별시 금천구청 도로과,시흥4동-401,방범등,서울특별시 금천구 시흥4동 814-23,2025-06-17,37.4563416,126.9058207
서울특별시 금천구청 도로과,시흥4동-402,방범등,서울특별시 금천구 시흥4동 814-32,2025-06-17,37.4563736,126.9060984
서울특별시 금천구청 도로과,시흥4동-403,방범등,서울특별시 금천구 시흥4동 814-31,2025-06-17,37.4564747,126.9060761
서울특별시 금천구청 도로과,시흥4동-404,방범등,서울특별시 금천구 시흥4동 814-35,2025-06-17,37.4564223,126.9063788
서울특별시 금천구청 도로과,시흥4동-405,방범등,서울특별시 금천구 시흥4동 809-5,2025-06-17,37.4575026,126.9072174
서울특별시 금천구청 도로과,시흥4동-406,방범등,서울특별시 금천구 시흥4동 814-40,2025-06-17,37.4568462,126.9062124
서울특별시 금천구청 도로과,시흥4동-407,방범등,서울특별시 금천구 시흥4동 815-15,2025-06-17,37.4567896,126.9067576
서울특별시 금천구청 도로과,시흥4동-408,방범등,서울특별시 금천구 시흥4동 814-40,2025-06-17,37.4568462,126.9062124
서울특별시 금천구청 도로과,시흥4동-409,방범등,서울특별시 금천구 시흥4동 814-51,2025-06-17,37.4571126,126.9062286
서울특별시 금천구청 도로과,시흥4동-4100,방범등,서울특별시 금천구 시흥4동 812-1,2025-06-17,37.4591278,126.9066466
서울특별시 금천구청 도로과,시흥4동-4101,방범등,서울특별시 금천구 시흥4동 809-04,2025-06-17,37.4575779,126.9071189
서울특별시 금천구청 도로과,시흥4동-4103,방범등,서울특별시 금천구 시흥4동 815-06,2025-06-17,37.4572187,126.9065934
서울특별시 금천구청 도로과,시흥4동-4104,방범등,서울특별시 금천구 시흥4동 809-07,2025-06-17,37.4574956,126.9070286
서울특별시 금천구청 도로과,시흥4동-4105,방범등,서울특별시 금천구 시흥4동 809-09,2025-06-17,37.4573329,126.9070607
서울특별시 금천구청 도로과,시흥4동-4106,방범등,서울특별시 금천구 시흥4동 808-20,2025-06-17,37.4578127,126.9079374
서울특별시 금천구청 도로과,시흥4동-4107,방범등,서울특별시 금천구 시흥4동 810-09,2025-06-17,37.4582258,126.9074994
서울특별시 금천구청 도로과,시흥4동-4108,방범등,서울특별시 금천구 시흥4동 811-09,2025-06-17,37.4582016,126.9065140
서울특별시 금천구청 도로과,시흥4동-4109,방범등,서울특별시 금천구 시흥4동 811-24 (25 옆),2025-06-17,37.4578392,126.9065479
서울특별시 금천구청 도로과,시흥4동-411,방범등,서울특별시 금천구 시흥4동 815-3,2025-06-17,37.4573118,126.9064442
서울특별시 금천구청 도로과,시흥4동-4110,방범등,서울특별시 금천구 시흥4동 810-22,2025-06-17,37.4580491,126.9070060
서울특별시 금천구청 도로과,시흥4동-4111,방범등,서울특별시 금천구 시흥4동 812-08,2025-06-17,37.4589160,126.9063909
서울특별시 금천구청 도로과,시흥4동-4112,방범등,서울특별시 금천구 시흥4동 816-27,2025-06-17,37.4566726,126.9076820
서울특별시 금천구청 도로과,시흥4동-4113,방범등,서울특별시 금천구 시흥4동 704-56,2025-06-17,37.4594371,126.9088578
서울특별시 금천구청 도로과,시흥4동-4114,방범등,서울특별시 금천구 시흥4동 4-83,2025-06-17,37.4600338,126.9083317
서울특별시 금천구청 도로과,시흥4동-4115,방범등,서울특별시 금천구 시흥4동 813-26,2025-06-17,37.4579863,126.9055105
서울특별시 금천구청 도로과,시흥4동-4118,방범등,서울특별시 금천구 시흥4동 814-14,2025-06-17,37.4567778,126.9057890
서울특별시 금천구청 도로과,시흥4동-4119,방범등,서울특별시 금천구 시흥4동 810-25,2025-06-17,37.4578214,126.9070393
서울특별시 금천구청 도로과,시흥4동-412,방범등,서울특별시 금천구 시흥4동 814-55,2025-06-17,37.4572830,126.9060043
서울특별시 금천구청 도로과,시흥4동-4120,방범등,서울특별시 금천구 시흥4동 808-11,2025-06-17,37.4580383,126.9075616
서울특별시 금천구청 도로과,시흥4동-4121,방범등,서울특별시 금천구 시흥4동 808-23,2025-06-17,37.4580712,126.9081908
서울특별시 금천구청 도로과,시흥4동-4122,방범등,서울특별시 금천구 시흥4동 812-25,2025-06-17,37.4588043,126.9065752
서울특별시 금천구청 도로과,시흥4동-4123,방범등,서울특별시 금천구 시흥4동 810-9,2025-06-17,37.4582258,126.9074994
서울특별시 금천구청 도로과,시흥4동-4124,방범등,서울특별시 금천구 시흥4동 3-38,2025-06-17,37.4606714,126.9126322
서울특별시 금천구청 도로과,시흥4동-4125,방범등,서울특별시 금천구 시흥4동 3-39,2025-06-17,37.4605407,126.9125730
서울특별시 금천구청 도로과,시흥4동-4126,방범등,서울특별시 금천구 시흥4동 3-169,2025-06-17,37.4602225,126.9120984
서울특별시 금천구청 도로과,시흥4동-4127,방범등,서울특별시 금천구 시흥4동 3-44,2025-06-17,37.4605490,126.9122307
서울특별시 금천구청 도로과,시흥4동-4128,방범등,서울특별시 금천구 시흥4동 3-47,2025-06-17,37.4607090,126.9123037
서울특별시 금천구청 도로과,시흥4동-4129,방범등,서울특별시 금천구 시흥4동 3-155 코너,2025-06-17,37.4623839,126.9115998
서울특별시 금천구청 도로과,시흥4동-413,방범등,서울특별시 금천구 시흥4동 814-53,2025-06-17,37.4571895,126.9061452
서울특별시 금천구청 도로과,시흥4동-4130,방범등,서울특별시 금천구 시흥4동 3-189,2025-06-17,37.4622507,126.9122870
서울특별시 금천구청 도로과,시흥4동-4131,방범등,서울특별시 금천구 시흥4동 3-221,2025-06-17,37.4610090,126.9113437
서울특별시 금천구청 도로과,시흥4동-4132,방범등,서울특별시 금천구 시흥4동 3-99,2025-06-17,37.4612756,126.9109613
서울특별시 금천구청 도로과,시흥4동-4133,방범등,서울특별시 금천구 시흥4동 3-98,2025-06-17,37.4614730,126.9109669
서울특별시 금천구청 도로과,시흥4동-4134,방범등,서울특별시 금천구 시흥4동 3-58,2025-06-17,37.4623767,126.9117611
서울특별시 금천구청 도로과,시흥4동-4135,방범등,서울특별시 금천구 시흥4동 3-85,2025-06-17,37.4611420,126.9119882
서울특별시 금천구청 도로과,시흥4동-4135,방범등,서울특별시 금천구 시흥4동 3-56,2025-06-17,37.4624818,126.9122971
서울특별시 금천구청 도로과,시흥4동-4136,방범등,서울특별시 금천구 시흥4동 3-161,2025-06-17,37.4623752,126.9126208
서울특별시 금천구청 도로과,시흥4동-4137,방범등,서울특별시 금천구 시흥4동 796-33,2025-06-17,37.4613766,126.9089157
서울특별시 금천구청 도로과,시흥4동-4138,방범등,서울특별시 금천구 시흥4동 4-28,2025-06-17,37.4606797,126.9104914
서울특별시 금천구청 도로과,시흥4동-4139,방범등,서울특별시 금천구 시흥4동 3-216,2025-06-17,37.4605932,126.9114923
서울특별시 금천구청 도로과,시흥4동-414,방범등,서울특별시 금천구 시흥4동 813-47,2025-06-17,37.4575165,126.9058561
서울특별시 금천구청 도로과,시흥4동-4140,방범등,서울특별시 금천구 시흥4동 3-157,2025-06-17,37.4608342,126.9113968
서울특별시 금천구청 도로과,시흥4동-4142,방범등,서울특별시 금천구 시흥4동 789-13,2025-06-17,37.4622608,126.9047950
서울특별시 금천구청 도로과,시흥4동-4148,방범등,서울특별시 금천구 시흥4동 809-12,2025-06-17,37.4576084,126.9073065
서울특별시 금천구청 도로과,시흥4동-4149,방범등,서울특별시 금천구 시흥4동 3-36,2025-06-17,37.4606372,126.9130086
서울특별시 금천구청 도로과,시흥4동-415,방범등,서울특별시 금천구 시흥4동 813-49,2025-06-17,37.4574117,126.9057430
서울특별시 금천구청 도로과,시흥4동-4150,방범등,서울특별시 금천구 시흥4동 808-23,2025-06-17,37.4580712,126.9081908
서울특별시 금천구청 도로과,시흥4동-4152,방범등,서울특별시 금천구 시흥4동 789-39,2025-06-17,37.4615378,126.9047657
서울특별시 금천구청 도로과,시흥4동-4153,방범등,서울특별시 금천구 시흥4동 815-19,2025-06-17,37.4571770,126.9067131
서울특별시 금천구청 도로과,시흥4동-4154,방범등,서울특별시 금천구 시흥4동 815-17,2025-06-17,37.4569965,126.9067326
서울특별시 금천구청 도로과,시흥4동-4155,방범등,서울특별시 금천구 시흥4동 815-28,2025-06-17,37.4570281,126.9068684
서울특별시 금천구청 도로과,시흥4동-4156,방범등,서울특별시 금천구 시흥4동 815-21,2025-06-17,37.4573558,126.9066954
서울특별시 금천구청 도로과,시흥4동-4157,방범등,서울특별시 금천구 시흥4동 796-16,2025-06-17,37.4615228,126.9094879
서울특별시 금천구청 도로과,시흥4동-4158,방범등,서울특별시 금천구 시흥4동 796-24,2025-06-17,37.4615020,126.9091772
서울특별시 금천구청 도로과,시흥4동-4159,방범등,서울특별시 금천구 시흥4동 817-3,2025-06-17,37.4563021,126.9071146
서울특별시 금천구청 도로과,시흥4동-416,방범등,서울특별시 금천구 시흥4동 814-03,2025-06-17,37.4572543,126.9059137
서울특별시 금천구청 도로과,시흥4동-4160,방범등,서울특별시 금천구 시흥4동 806-24,2025-06-17,37.4591390,126.9070402
서울특별시 금천구청 도로과,시흥4동-4161,방범등,서울특별시 금천구 시흥4동 791-34,2025-06-17,37.4613537,126.9063500
서울특별시 금천구청 도로과,시흥4동-4162,방범등,서울특별시 금천구 시흥4동 169-28,2025-06-17,37.4555220,126.9088955
서울특별시 금천구청 도로과,시흥4동-4163,방범등,서울특별시 금천구 시흥4동 3-83,2025-06-17,37.4623375,126.9101710
서울특별시 금천구청 도로과,시흥4동-4164,방범등,서울특별시 금천구 시흥4동 813-43,2025-06-17,37.4575737,126.9061226
서울특별시 금천구청 도로과,시흥4동-4165,방범등,서울특별시 금천구 시흥4동 790-19,2025-06-17,37.4621823,126.9053020
서울특별시 금천구청 도로과,시흥4동-4166,방범등,서울특별시 금천구 시흥4동 810-31,2025-06-17,37.4576926,126.9066968
서울특별시 금천구청 도로과,시흥4동-4167,방범등,서울특별시 금천구 시흥4동 169-53,2025-06-17,37.4555966,126.9084444
서울특별시 금천구청 도로과,시흥4동-4168,방범등,서울특별시 금천구 시흥4동 169-32,2025-06-17,37.4556855,126.9090201
서울특별시 금천구청 도로과,시흥4동-4169,방범등,서울특별시 금천구 시흥4동 169-49,2025-06-17,37.4552338,126.9093197
서울특별시 금천구청 도로과,시흥4동-417,방범등,서울특별시 금천구 시흥4동 814-09,2025-06-17,37.4570414,126.9059420
서울특별시 금천구청 도로과,시흥4동-4170,방범등,서울특별시 금천구 시흥4동 169-33,2025-06-17,37.4555162,126.9092718
서울특별시 금천구청 도로과,시흥4동-4171,방범등,서울특별시 금천구 시흥4동 822-21,2025-06-17,37.4545242,126.9082296
서울특별시 금천구청 도로과,시흥4동-4173,방범등,서울특별시 금천구 시흥4동 817-26,2025-06-17,37.4562916,126.9079576
서울특별시 금천구청 도로과,시흥4동-4174,방범등,서울특별시 금천구 시흥4동 790-55,2025-06-17,37.4613724,126.9058578
서울특별시 금천구청 도로과,시흥4동-418,방범등,서울특별시 금천구 시흥4동 814-12,2025-06-17,37.4567499,126.9060195
서울특별시 금천구청 도로과,시흥4동-419,방범등,서울특별시 금천구 시흥4동 815-22,2025-06-17,37.4574378,126.9066892
서울특별시 금천구청 도로과,시흥4동-420,방범등,서울특별시 금천구 시흥4동 815-20,2025-06-17,37.4572678,126.9067047
서울특별시 금천구청 도로과,시흥4동-421,방범등,서울특별시 금천구 시흥4동 815-16,2025-06-17,37.4568955,126.9067578
서울특별시 금천구청 도로과,시흥4동-422,방범등,서울특별시 금천구 시흥4동 815-24,2025-06-17,37.4574397,126.9068447
서울특별시 금천구청 도로과,시흥4동-423,방범등,서울특별시 금천구 시흥4동 809-11,2025-06-17,37.4571471,126.9070426
서울특별시 금천구청 도로과,시흥4동-424,방범등,서울특별시 금천구 시흥4동 58-15,2025-06-17,37.4572424,126.9072790
서울특별시 금천구청 도로과,시흥4동-425,방범등,서울특별시 금천구 시흥4동 809-05,2025-06-17,37.4575026,126.9072174
서울특별시 금천구청 도로과,시흥4동-426,방범등,서울특별시 금천구 시흥4동 809-03,2025-06-17,37.4576793,126.9071932
서울특별시 금천구청 도로과,시흥4동-427,방범등,서울특별시 금천구 시흥4동 816-04,2025-06-17,37.4568254,126.9071156
서울특별시 금천구청 도로과,시흥4동-428,방범등,서울특별시 금천구 시흥4동 816-10,2025-06-17,37.4566116,126.9070743
서울특별시 금천구청 도로과,시흥4동-429,방범등,서울특별시 금천구 시흥4동 816-07 (815-32 앞),2025-06-17,37.4567192,126.9071105
서울특별시 금천구청 도로과,시흥4동-430,방범등,서울특별시 금천구 시흥4동 815-32,2025-06-17,37.4566620,126.9068976
서울특별시 금천구청 도로과,시흥4동-431,방범등,서울특별시 금천구 시흥4동 816-10,2025-06-17,37.4566116,126.9070743
서울특별시 금천구청 도로과,시흥4동-432,방범등,서울특별시 금천구 시흥4동 816-14,2025-06-17,37.4565060,126.9071260
서울특별시 금천구청 도로과,시흥4동-433,방범등,서울특별시 금천구 시흥4동 816-14,2025-06-17,37.4565060,126.9071260
서울특별시 금천구청 도로과,시흥4동-434,방범등,서울특별시 금천구 시흥4동 816-17,2025-06-17,37.4565289,126.9074071
서울특별시 금천구청 도로과,시흥4동-435,방범등,서울특별시 금천구 시흥4동 816-20,2025-06-17,37.4567797,126.9074009
서울특별시 금천구청 도로과,시흥4동-436,방범등,서울특별시 금천구 시흥4동 816-31,2025-06-17,37.4565896,126.9078590
서울특별시 금천구청 도로과,시흥4동-437,방범등,서울특별시 금천구 시흥4동 807-12 뒷편,2025-06-17,37.4588913,126.9079400
서울특별시 금천구청 도로과,시흥4동-438,방범등,서울특별시 금천구 시흥4동 806-12,2025-06-17,37.4589407,126.9074572
서울특별시 금천구청 도로과,시흥4동-439,방범등,"서울특별시 금천구 시흥4동 산126-10 
(순흥안씨주차장)",2025-06-17,37.4574687,126.9079425
서울특별시 금천구청 도로과,시흥4동-440,방범등,"서울특별시 금천구 시흥4동 산126-10 
(순흥안씨주차장)",2025-06-17,37.4574687,126.9079425
서울특별시 금천구청 도로과,시흥4동-441,방범등,서울특별시 금천구 시흥4동 58-01,2025-06-17,37.4576606,126.9075628
서울특별시 금천구청 도로과,시흥4동-442,방범등,서울특별시 금천구 시흥4동 809-00,2025-06-17,37.4577901,126.9073433
서울특별시 금천구청 도로과,시흥4동-443,방범등,서울특별시 금천구 시흥4동 808-08,2025-06-17,37.4581301,126.9076548
서울특별시 금천구청 도로과,시흥4동-445,방범등,서울특별시 금천구 시흥4동 808-16,2025-06-17,37.4578806,126.9078832
서울특별시 금천구청 도로과,시흥4동-446,방범등,서울특별시 금천구 시흥4동 808-19,2025-06-17,37.4578797,126.9080555
서울특별시 금천구청 도로과,시흥4동-447,방범등,서울특별시 금천구 시흥4동 808-22 월편,2025-06-17,37.4579781,126.9081831
서울특별시 금천구청 도로과,시흥4동-448,방범등,서울특별시 금천구 시흥4동 808-05,2025-06-17,37.4583398,126.9080262
서울특별시 금천구청 도로과,시흥4동-449,방범등,서울특별시 금천구 시흥4동 807-06 월편 삼거리,2025-06-17,37.4585998,126.9080743
서울특별시 금천구청 도로과,시흥4동-450,방범등,서울특별시 금천구 시흥4동 808-3,2025-06-17,37.4581772,126.9078911
서울특별시 금천구청 도로과,시흥4동-451,방범등,서울특별시 금천구 시흥4동 808-9,2025-06-17,37.4580580,126.9077688
서울특별시 금천구청 도로과,시흥4동-453,방범등,서울특별시 금천구 시흥4동 807-00,2025-06-17,37.4592175,126.9080395
서울특별시 금천구청 도로과,시흥4동-454,방범등,서울특별시 금천구 시흥4동 704-56,2025-06-17,37.4594371,126.9088578
서울특별시 금천구청 도로과,시흥4동-455,방범등,서울특별시 금천구 시흥4동 806 월드메르디앙 101동 앞,2025-06-17,37.4597258,126.9071311
서울특별시 금천구청 도로과,시흥4동-457,방범등,서울특별시 금천구 시흥4동 806 월드메르디앙 101동 앞,2025-06-17,37.4597258,126.9071311
서울특별시 금천구청 도로과,시흥4동-458,방범등,서울특별시 금천구 시흥4동 807-11 (806-3 앞),2025-06-17,37.4590491,126.9079999
서울특별시 금천구청 도로과,시흥4동-459,방범등,서울특별시 금천구 시흥4동 807-12 (806-4 앞),2025-06-17,37.4588913,126.9079400
서울특별시 금천구청 도로과,시흥4동-460,방범등,서울특별시 금천구 시흥4동 807-14,2025-06-17,37.4586575,126.9076924
서울특별시 금천구청 도로과,시흥4동-461,방범등,서울특별시 금천구 시흥4동 807-14 (807-15옆),2025-06-17,37.4586575,126.9076924
서울특별시 금천구청 도로과,시흥4동-462,방범등,서울특별시 금천구 시흥4동 814-37,2025-06-17,37.4565481,126.9063361
서울특별시 금천구청 도로과,시흥4동-463,방범등,서울특별시 금천구 시흥4동 806-16,2025-06-17,37.4588734,126.9072920
서울특별시 금천구청 도로과,시흥4동-464,방범등,서울특별시 금천구 시흥4동 806-07,2025-06-17,37.4592245,126.9074663
서울특별시 금천구청 도로과,시흥4동-465,방범등,서울특별시 금천구 시흥4동 806-22,2025-06-17,37.4591329,126.9072184
서울특별시 금천구청 도로과,시흥4동-467,방범등,서울특별시 금천구 시흥4동 806-19,2025-06-17,37.4589839,126.9070265
서울특별시 금천구청 도로과,시흥4동-468,방범등,서울특별시 금천구 시흥4동 811-00 (43 옆),2025-06-17,37.4587642,126.9069987
서울특별시 금천구청 도로과,시흥4동-469,방범등,서울특별시 금천구 시흥4동 811-00,2025-06-17,37.4587642,126.9069987
서울특별시 금천구청 도로과,시흥4동-470,방범등,서울특별시 금천구 시흥4동 811-01,2025-06-17,37.4586080,126.9069093
서울특별시 금천구청 도로과,시흥4동-471,방범등,서울특별시 금천구 시흥4동 811-05,2025-06-17,37.4583814,126.9067673
서울특별시 금천구청 도로과,시흥4동-472,방범등,서울특별시 금천구 시흥4동 811-06,2025-06-17,37.4584321,126.9066727
서울특별시 금천구청 도로과,시흥4동-473,방범등,서울특별시 금천구 시흥4동 811-09,2025-06-17,37.4582016,126.9065140
서울특별시 금천구청 도로과,시흥4동-474,방범등,서울특별시 금천구 시흥4동 811-11,2025-06-17,37.4581241,126.9063683
서울특별시 금천구청 도로과,시흥4동-475,방범등,서울특별시 금천구 시흥4동 811-12,2025-06-17,37.4579920,126.9062777
서울특별시 금천구청 도로과,시흥4동-476,방범등,서울특별시 금천구 시흥4동 813-41,2025-06-17,37.4577563,126.9060028
서울특별시 금천구청 도로과,시흥4동-477,방범등,서울특별시 금천구 시흥4동 813-38,2025-06-17,37.4576458,126.9058040
서울특별시 금천구청 도로과,시흥4동-478,방범등,서울특별시 금천구 시흥4동 811-18,2025-06-17,37.4576876,126.9062865
서울특별시 금천구청 도로과,시흥4동-479,방범등,서울특별시 금천구 시흥4동 810-33,2025-06-17,37.4576203,126.9066331
서울특별시 금천구청 도로과,시흥4동-480,방범등,서울특별시 금천구 시흥4동 810-26,2025-06-17,37.4579086,126.9068820
서울특별시 금천구청 도로과,시흥4동-481,방범등,서울특별시 금천구 시흥4동 811-29,2025-06-17,37.4580893,126.9066194
서울특별시 금천구청 도로과,시흥4동-482,방범등,서울특별시 금천구 시흥4동 811-35,2025-06-17,37.4583272,126.9068484
서울특별시 금천구청 도로과,시흥4동-483,방범등,서울특별시 금천구 시흥4동 810-18,2025-06-17,37.4582113,126.9070945
서울특별시 금천구청 도로과,시흥4동-484,방범등,서울특별시 금천구 시흥4동 810-07,2025-06-17,37.4585010,126.9073462
서울특별시 금천구청 도로과,시흥4동-485,방범등,서울특별시 금천구 시흥4동 813-33,2025-06-17,37.4577856,126.9057485
서울특별시 금천구청 도로과,시흥4동-486,방범등,서울특별시 금천구 시흥4동 813-38,2025-06-17,37.4576458,126.9058040
서울특별시 금천구청 도로과,시흥4동-487,방범등,서울특별시 금천구 시흥4동 813-29,2025-06-17,37.4579920,126.9057654
서울특별시 금천구청 도로과,시흥4동-488,방범등,서울특별시 금천구 시흥4동 813-11,2025-06-17,37.4581677,126.9060316
서울특별시 금천구청 도로과,시흥4동-489,방범등,서울특별시 금천구 시흥4동 813-20,2025-06-17,37.4583596,126.9055654
서울특별시 금천구청 도로과,시흥4동-490,방범등,서울특별시 금천구 시흥4동 813-07,2025-06-17,37.4582661,126.9062529
서울특별시 금천구청 도로과,시흥4동-491,방범등,서울특별시 금천구 시흥4동 813-06,2025-06-17,37.4584171,126.9061162
서울특별시 금천구청 도로과,시흥4동-492,방범등,서울특별시 금천구 시흥4동 813-05,2025-06-17,37.4583095,126.9060100
서울특별시 금천구청 도로과,시흥4동-493,방범등,서울특별시 금천구 시흥4동 812-14 앞,2025-06-17,37.4586599,126.9063556
서울특별시 금천구청 도로과,시흥4동-494,방범등,서울특별시 금천구 시흥4동 812-12,2025-06-17,37.4586250,126.9061943
서울특별시 금천구청 도로과,시흥4동-495,방범등,서울특별시 금천구 시흥4동 813-62,2025-06-17,37.4586637,126.9058174
서울특별시 금천구청 도로과,시흥4동-496,방범등,서울특별시 금천구 시흥4동 813-61,2025-06-17,37.4585943,126.9056946
서울특별시 금천구청 도로과,시흥4동-497,방범등,서울특별시 금천구 시흥4동 812-42 앞,2025-06-17,37.4591229,126.9064581
서울특별시 금천구청 도로과,시흥4동-498,방범등,서울특별시 금천구 시흥4동 812-41,2025-06-17,37.4592116,126.9065647
서울특별시 금천구청 도로과,시흥4동-499,방범등,서울특별시 금천구 시흥4동 812-1,2025-06-17,37.4591278,126.9066466
서울특별시 금천구청 도로과,시흥4동-501,방범등,서울특별시 금천구 시흥4동 820-12,2025-06-17,37.4546081,126.9066511
서울특별시 금천구청 도로과,시흥4동-502,방범등,서울특별시 금천구 시흥4동 820-12,2025-06-17,37.4546081,126.9066511
서울특별시 금천구청 도로과,시흥4동-503,방범등,서울특별시 금천구 시흥4동 820-12,2025-06-17,37.4546081,126.9066511
서울특별시 금천구청 도로과,시흥4동-504,방범등,서울특별시 금천구 시흥4동 820-12,2025-06-17,37.4546081,126.9066511
서울특별시 금천구청 도로과,시흥4동-505,방범등,서울특별시 금천구 시흥4동 822-01,2025-06-17,37.4544929,126.9073140
서울특별시 금천구청 도로과,시흥4동-506,방범등,서울특별시 금천구 시흥4동 822-46,2025-06-17,37.4544614,126.9075785
서울특별시 금천구청 도로과,시흥4동-507,방범등,서울특별시 금천구 시흥4동 822-10,2025-06-17,37.4546047,126.9080830
서울특별시 금천구청 도로과,시흥4동-508,방범등,서울특별시 금천구 시흥4동 170-16,2025-06-17,37.4547796,126.9083771
서울특별시 금천구청 도로과,시흥4동-509,방범등,서울특별시 금천구 시흥4동 170-15,2025-06-17,37.4548860,126.9082872
서울특별시 금천구청 도로과,시흥4동-510,방범등,서울특별시 금천구 시흥4동 169-41,2025-06-17,37.4549803,126.9087533
서울특별시 금천구청 도로과,시흥4동-511,방범등,서울특별시 금천구 시흥4동 169-14,2025-06-17,37.4552654,126.9087023
서울특별시 금천구청 도로과,시흥4동-512,방범등,서울특별시 금천구 시흥4동 169-50,2025-06-17,37.4551237,126.9093255
서울특별시 금천구청 도로과,시흥4동-513,방범등,서울특별시 금천구 시흥4동 169-53,2025-06-17,37.4555966,126.9084444
서울특별시 금천구청 도로과,시흥4동-515,방범등,서울특별시 금천구 시흥4동 169-01,2025-06-17,37.4556482,126.9092582
서울특별시 금천구청 도로과,시흥4동-516,방범등,서울특별시 금천구 시흥4동 169-30,2025-06-17,37.4554751,126.9090568
서울특별시 금천구청 도로과,시흥4동-517,방범등,서울특별시 금천구 시흥4동 169-29,2025-06-17,37.4554623,126.9089025
서울특별시 금천구청 도로과,시흥4동-518,방범등,서울특별시 금천구 시흥4동 169-12,2025-06-17,37.4556970,126.9088642
서울특별시 금천구청 도로과,시흥4동-519,방범등,서울특별시 금천구 시흥4동 169-21,2025-06-17,37.4556985,126.9086471
서울특별시 금천구청 도로과,시흥4동-520,방범등,서울특별시 금천구 시흥4동 821-28,2025-06-17,37.4552153,126.9081662
서울특별시 금천구청 도로과,시흥4동-521,방범등,서울특별시 금천구 시흥4동 821-25 ,2025-06-17,37.4551213,126.9080229
서울특별시 금천구청 도로과,시흥4동-522,방범등,서울특별시 금천구 시흥4동 821-23,2025-06-17,37.4548819,126.9078245
서울특별시 금천구청 도로과,시흥4동-523,방범등,서울특별시 금천구 시흥4동 821-22,2025-06-17,37.4548558,126.9077054
서울특별시 금천구청 도로과,시흥4동-524,방범등,서울특별시 금천구 시흥4동 821-05,2025-06-17,37.4549197,126.9072696
서울특별시 금천구청 도로과,시흥4동-525,방범등,서울특별시 금천구 시흥4동 821-06,2025-06-17,37.4548941,126.9072516
서울특별시 금천구청 도로과,시흥4동-526,방범등,서울특별시 금천구 시흥4동 820-12,2025-06-17,37.4546081,126.9066511
서울특별시 금천구청 도로과,시흥4동-527,방범등,서울특별시 금천구 시흥4동 821-03 ,2025-06-17,37.4548825,126.9070881
서울특별시 금천구청 도로과,시흥4동-528,방범등,서울특별시 금천구 시흥4동 821-00,2025-06-17,37.4550634,126.9069089
서울특별시 금천구청 도로과,시흥4동-529,방범등,서울특별시 금천구 시흥4동 819-39,2025-06-17,37.4551957,126.9064556
서울특별시 금천구청 도로과,시흥4동-530,방범등,서울특별시 금천구 시흥4동 819-39,2025-06-17,37.4551957,126.9064556
서울특별시 금천구청 도로과,시흥4동-531,방범등,서울특별시 금천구 시흥4동 820-03,2025-06-17,37.4548186,126.9063558
서울특별시 금천구청 도로과,시흥4동-532,방범등,서울특별시 금천구 시흥4동 819-09,2025-06-17,37.4551309,126.9060879
서울특별시 금천구청 도로과,시흥4동-533,방범등,서울특별시 금천구 시흥4동 819-40,2025-06-17,37.4552155,126.9065723
서울특별시 금천구청 도로과,시흥4동-534,방범등,서울특별시 금천구 시흥4동 818-02,2025-06-17,37.4554858,126.9067374
서울특별시 금천구청 도로과,시흥4동-535,방범등,서울특별시 금천구 시흥4동 818,2025-06-17,37.4556029,126.9067191
서울특별시 금천구청 도로과,시흥4동-536,방범등,서울특별시 금천구 시흥4동 818-01,2025-06-17,37.4555644,126.9068771
서울특별시 금천구청 도로과,시흥4동-537,방범등,서울특별시 금천구 시흥4동 817-50,2025-06-17,37.4559246,126.9067993
서울특별시 금천구청 도로과,시흥4동-538,방범등,서울특별시 금천구 시흥4동 818-11,2025-06-17,37.4555737,126.9070572
서울특별시 금천구청 도로과,시흥4동-539,방범등,서울특별시 금천구 시흥4동 818-07,2025-06-17,37.4552448,126.9069298
서울특별시 금천구청 도로과,시흥4동-540,방범등,서울특별시 금천구 시흥4동 818-09,2025-06-17,37.4552799,126.9070980
서울특별시 금천구청 도로과,시흥4동-542,방범등,서울특별시 금천구 시흥4동 821-20,2025-06-17,37.4550819,126.9076642
서울특별시 금천구청 도로과,시흥4동-543,방범등,서울특별시 금천구 시흥4동 818-22,2025-06-17,37.4553548,126.9077263
서울특별시 금천구청 도로과,시흥4동-544,방범등,서울특별시 금천구 시흥4동 821-27,2025-06-17,37.4552170,126.9079924
서울특별시 금천구청 도로과,시흥4동-545,방범등,서울특별시 금천구 시흥4동 818-27,2025-06-17,37.4554090,126.9082330
서울특별시 금천구청 도로과,시흥4동-546,방범등,서울특별시 금천구 시흥4동 818-12,2025-06-17,37.4555773,126.9071826
서울특별시 금천구청 도로과,시흥4동-547,방범등,서울특별시 금천구 시흥4동 817-39,2025-06-17,37.4559913,126.9071066
서울특별시 금천구청 도로과,시흥4동-548,방범등,서울특별시 금천구 시흥4동 818-13,2025-06-17,37.4554753,126.9072228
서울특별시 금천구청 도로과,시흥4동-549,방범등,서울특별시 금천구 시흥4동 817-29,2025-06-17,37.4558763,126.9077446
서울특별시 금천구청 도로과,시흥4동-550,방범등,서울특별시 금천구 시흥4동 818-29,2025-06-17,37.4555577,126.9076265
서울특별시 금천구청 도로과,시흥4동-551,방범등,서울특별시 금천구 시흥4동 818-25,2025-06-17,37.4555456,126.9079919
서울특별시 금천구청 도로과,시흥4동-552,방범등,서울특별시 금천구 시흥4동 169-05 (818-26옆),2025-06-17,37.4555318,126.9082855
서울특별시 금천구청 도로과,시흥4동-553,방범등,서울특별시 금천구 시흥4동 817-53,2025-06-17,37.4557737,126.9066675
서울특별시 금천구청 도로과,시흥4동-554,방범등,서울특별시 금천구 시흥4동 817-54,2025-06-17,37.4558582,126.9066632
서울특별시 금천구청 도로과,시흥4동-555,방범등,서울특별시 금천구 시흥4동 817-00,2025-06-17,37.4561913,126.9067261
서울특별시 금천구청 도로과,시흥4동-560,방범등,서울특별시 금천구 시흥4동 817-01,2025-06-17,37.4561994,126.9069793
서울특별시 금천구청 도로과,시흥4동-561,방범등,서울특별시 금천구 시흥4동 817-03,2025-06-17,37.4563021,126.9071146
서울특별시 금천구청 도로과,시흥4동-562,방범등,서울특별시 금천구 시흥4동 817-05,2025-06-17,37.4560646,126.9072517
서울특별시 금천구청 도로과,시흥4동-563,방범등,서울특별시 금천구 시흥4동 817-11,2025-06-17,37.4561865,126.9074895
서울특별시 금천구청 도로과,시흥4동-564,방범등,서울특별시 금천구 시흥4동 817-18,2025-06-17,37.4561849,126.9076811
서울특별시 금천구청 도로과,시흥4동-565,방범등,서울특별시 금천구 시흥4동 817-15,2025-06-17,37.4560431,126.9078259
서울특별시 금천구청 도로과,시흥4동-566,방범등,서울특별시 금천구 시흥4동 817-28,2025-06-17,37.4560382,126.9081056
서울특별시 금천구청 도로과,시흥4동-567,방범등,서울특별시 금천구 시흥4동 817-17,2025-06-17,37.4561892,126.9078162
서울특별시 금천구청 도로과,시흥4동-568,방범등,서울특별시 금천구 시흥4동 819-22,2025-06-17,37.4562075,126.9062418
서울특별시 금천구청 도로과,시흥4동-569,방범등,서울특별시 금천구 시흥4동 819-26 ,2025-06-17,37.4559713,126.9062937
서울특별시 금천구청 도로과,시흥4동-570,방범등,서울특별시 금천구 시흥4동 819-36,2025-06-17,37.4554609,126.9064046
서울특별시 금천구청 도로과,시흥4동-571,방범등,서울특별시 금천구 시흥4동 819-38,2025-06-17,37.4553323,126.9064291
서울특별시 금천구청 도로과,시흥4동-572,방범등,서울특별시 금천구 시흥4동 821-33,2025-06-17,37.4550442,126.9078448
서울특별시 금천구청 도로과,시흥4동-574,방범등,서울특별시 금천구 시흥4동 821-22,2025-06-17,37.4548558,126.9077054
서울특별시 금천구청 도로과,시흥4동-575,방범등,서울특별시 금천구 시흥4동 820-11,2025-06-17,37.4549362,126.9067463
서울특별시 금천구청 도로과,시흥4동-576,방범등,서울특별시 금천구 시흥4동 169-40,2025-06-17,37.4549564,126.9086113
서울특별시 금천구청 도로과,시흥4동-577,방범등,서울특별시 금천구 시흥4동 819-27,2025-06-17,37.4560057,126.9064313
서울특별시 금천구청 도로과,시흥4동-579,방범등,서울특별시 금천구 시흥4동 819-29,2025-06-17,37.4558508,126.9063204
서울특별시 금천구청 도로과,시흥4동-632,방범등,서울특별시 금천구 시흥4동 820-39,2025-06-17,37.4538762,126.9063298
서울특별시 금천구청 도로과,시흥4동-633,방범등,서울특별시 금천구 시흥4동 820-41,2025-06-17,37.4537775,126.9065175
서울특별시 금천구청 도로과,시흥4동-634,방범등,서울특별시 금천구 시흥4동 823-12,2025-06-17,37.4539959,126.9072229
서울특별시 금천구청 도로과,시흥4동-635,방범등,서울특별시 금천구 시흥4동 823-13,2025-06-17,37.4539181,126.9071844
서울특별시 금천구청 도로과,시흥4동-636,방범등,서울특별시 금천구 시흥4동 820-60,2025-06-17,37.4541159,126.9070378
서울특별시 금천구청 도로과,시흥4동-637,방범등,서울특별시 금천구 시흥4동 820-44,2025-06-17,37.4539034,126.9067405
서울특별시 금천구청 도로과,시흥4동-638,방범등,서울특별시 금천구 시흥4동 820-44,2025-06-17,37.4539034,126.9067405
서울특별시 금천구청 도로과,시흥4동-639,방범등,서울특별시 금천구 시흥4동 820-42,2025-06-17,37.4538737,126.9065154
서울특별시 금천구청 도로과,시흥4동-640,방범등,서울특별시 금천구 시흥4동 820-42,2025-06-17,37.4538737,126.9065154
서울특별시 금천구청 도로과,시흥4동-642,방범등,서울특별시 금천구 시흥4동 823-17,2025-06-17,37.4538754,126.9073315
서울특별시 금천구청 도로과,시흥4동-643,방범등,서울특별시 금천구 시흥4동 823-5,2025-06-17,37.4540102,126.9078287
서울특별시 금천구청 도로과,시흥4동-644,방범등,서울특별시 금천구 시흥4동 823-30,2025-06-17,37.4536825,126.9078053
서울특별시 금천구청 도로과,시흥4동-645,방범등,서울특별시 금천구 시흥4동 823-24,2025-06-17,37.4536281,126.9075807
서울특별시 금천구청 도로과,시흥4동-646,방범등,서울특별시 금천구 시흥4동 823-32,2025-06-17,37.4535513,126.9079112
서울특별시 금천구청 도로과,시흥4동-647,방범등,서울특별시 금천구 시흥4동 823-34,2025-06-17,37.4537315,126.9079857
서울특별시 금천구청 도로과,시흥4동-648,방범등,서울특별시 금천구 시흥4동 823-35,2025-06-17,37.4538394,126.9080173
서울특별시 금천구청 도로과,시흥4동-649,방범등,서울특별시 금천구 시흥4동 823-40,2025-06-17,37.4540111,126.9081643
서울특별시 금천구청 도로과,시흥4동-650,방범등,서울특별시 금천구 시흥4동 822-37,2025-06-17,37.4541979,126.9083026
서울특별시 금천구청 도로과,시흥4동-651,방범등,서울특별시 금천구 시흥4동 822-39,2025-06-17,37.4541285,126.9085824
서울특별시 금천구청 도로과,시흥4동-652,방범등,서울특별시 금천구 시흥4동 823-61,2025-06-17,37.4538471,126.9085993
서울특별시 금천구청 도로과,시흥4동-653,방범등,서울특별시 금천구 시흥4동 823-50,2025-06-17,37.4536591,126.9083036
서울특별시 금천구청 도로과,시흥4동-654,방범등,서울특별시 금천구 시흥4동 823-48,2025-06-17,37.4534766,126.9082362
서울특별시 금천구청 도로과,시흥4동-655,방범등,서울특별시 금천구 시흥4동 823-65,2025-06-17,37.4535301,126.9084676
서울특별시 금천구청 도로과,시흥4동-656,방범등,서울특별시 금천구 시흥4동 173-16,2025-06-17,37.4540399,126.9089092
서울특별시 금천구청 도로과,시흥4동-657,방범등,서울특별시 금천구 시흥4동 173-09,2025-06-17,37.4542244,126.9089739
서울특별시 금천구청 도로과,시흥4동-658,방범등,서울특별시 금천구 시흥4동 184-07,2025-06-17,37.4538205,126.9092864
서울특별시 금천구청 도로과,시흥4동-659,방범등,서울특별시 금천구 시흥4동 184-07,2025-06-17,37.4538205,126.9092864
서울특별시 금천구청 도로과,시흥4동-660,방범등,서울특별시 금천구 시흥4동 172-13,2025-06-17,37.4539654,126.9093771
서울특별시 금천구청 도로과,시흥4동-661,방범등,서울특별시 금천구 시흥4동 208-07,2025-06-17,37.4539700,126.9099281
서울특별시 금천구청 도로과,시흥4동-662,방범등,서울특별시 금천구 시흥4동 208-01,2025-06-17,37.4538710,126.9101039
서울특별시 금천구청 도로과,시흥4동-663,방범등,서울특별시 금천구 시흥4동 208-01,2025-06-17,37.4538710,126.9101039
서울특별시 금천구청 도로과,시흥4동-664,방범등,서울특별시 금천구 시흥4동 172-10,2025-06-17,37.4543302,126.9094946
서울특별시 금천구청 도로과,시흥4동-665,방범등,서울특별시 금천구 시흥4동 172-09,2025-06-17,37.4544184,126.9096764
서울특별시 금천구청 도로과,시흥4동-666,방범등,서울특별시 금천구 시흥4동 172-07,2025-06-17,37.4545242,126.9094302
서울특별시 금천구청 도로과,시흥4동-667,방범등,서울특별시 금천구 시흥4동 171-01,2025-06-17,37.4546056,126.9090128
서울특별시 금천구청 도로과,시흥4동-668,방범등,서울특별시 금천구 시흥4동 178-01,2025-06-17,37.4547531,126.9086557
서울특별시 금천구청 도로과,시흥4동-669,방범등,서울특별시 금천구 시흥4동 822-23,2025-06-17,37.4543764,126.9079506
서울특별시 금천구청 도로과,시흥4동-670,방범등,서울특별시 금천구 시흥4동 823-00,2025-06-17,37.4542265,126.9074125
서울특별시 금천구청 도로과,시흥4동-671,방범등,서울특별시 금천구 시흥4동 823-01,2025-06-17,37.4541851,126.9076605
서울특별시 금천구청 도로과,시흥4동-672,방범등,서울특별시 금천구 시흥4동 823-39,2025-06-17,37.4540897,126.9082005
서울특별시 금천구청 도로과,시흥4동-673,방범등,서울특별시 금천구 시흥4동 822-27,2025-06-17,37.4543795,126.9081934
서울특별시 금천구청 도로과,시흥4동-674,방범등,서울특별시 금천구 시흥4동 822-29,2025-06-17,37.4545317,126.9084510
서울특별시 금천구청 도로과,시흥4동-675,방범등,서울특별시 금천구 시흥4동 823-20,2025-06-17,37.4539184,126.9075502
서울특별시 금천구청 도로과,시흥4동-676,방범등,서울특별시 금천구 시흥4동 823-77,2025-06-17,37.4537783,126.9087210
서울특별시 금천구청 도로과,시흥4동-678,방범등,서울특별시 금천구 시흥4동 820-27,2025-06-17,37.4542883,126.9071451
서울특별시 금천구청 도로과,시흥4동-678,방범등,서울특별시 금천구 시흥4동 820-27,2025-06-17,37.4542883,126.9071451
서울특별시 금천구청 도로과,시흥4동-679,방범등,서울특별시 금천구 시흥4동 823-63,2025-06-17,37.4536956,126.9085402
서울특별시 금천구청 도로과,시흥4동-682,방범등,서울특별시 금천구 시흥4동 834-23,2025-06-17,37.4529034,126.9077306
서울특별시 금천구청 도로과,시흥4동-684,방범등,서울특별시 금천구 시흥4동 175-3,2025-06-17,37.4545138,126.9087212
서울특별시 금천구청 도로과,시흥4동-701,방범등,서울특별시 금천구 시흥4동 21-12,2025-06-17,37.4636528,126.9053970
서울특별시 금천구청 도로과,시흥4동-702,방범등,서울특별시 금천구 시흥4동 789-1,2025-06-17,37.4626312,126.9044983
서울특별시 금천구청 도로과,시흥4동-703,방범등,서울특별시 금천구 시흥4동 821-22,2025-06-17,37.4548558,126.9077054
서울특별시 금천구청 도로과,시흥4동-704,방범등,서울특별시 금천구 시흥4동 817-41,2025-06-17,37.4559091,126.9070909
서울특별시 금천구청 도로과,시흥4동-산기슭1,방범등,서울특별시 금천구 시흥4동 138-3,2025-06-17,37.4633466,126.9073923
서울특별시 금천구청 도로과,시흥4동-산기슭2,방범등,서울특별시 금천구 시흥4동 138-3,2025-06-17,37.4633466,126.9073923
서울특별시 금천구청 도로과,시흥4동-산기슭3,방범등,서울특별시 금천구 시흥4동 138-3,2025-06-17,37.4633466,126.9073923
서울특별시 금천구청 도로과,시흥4동-산기슭4,방범등,서울특별시 금천구 시흥4동 138-3,2025-06-17,37.4633466,126.9073923
서울특별시 금천구청 도로과,시흥4동-산기슭5,방범등,서울특별시 금천구 시흥4동 138-3,2025-06-17,37.4633466,126.9073923
서울특별시 금천구청 도로과,시흥4동-산기슭6,방범등,서울특별시 금천구 시흥4동 138-3,2025-06-17,37.4633466,126.9073923
서울특별시 금천구청 도로과,시흥4동-산기슭7,방범등,서울특별시 금천구 시흥4동 138-3,2025-06-17,37.4633466,126.9073923
서울특별시 금천구청 도로과,시흥4동-산기슭8,방범등,서울특별시 금천구 시흥4동 138-3,2025-06-17,37.4633466,126.9073923
서울특별시 금천구청 도로과,시흥4동-산기슭9,방범등,서울특별시 금천구 시흥4동 138-3,2025-06-17,37.4633466,126.9073923
서울특별시 금천구청 도로과,시흥5동-101,방범등,서울특별시 금천구 시흥5동 935 농협시흥중앙지점 옆,2025-06-17,37.4485587,126.9040109
서울특별시 금천구청 도로과,시흥5동-102,방범등,서울특별시 금천구 시흥5동 935 농협시흥중앙지점 주차장앞,2025-06-17,37.4485587,126.9040109
서울특별시 금천구청 도로과,시흥5동-103,방범등,서울특별시 금천구 시흥5동 935-14,2025-06-17,37.4480714,126.9041477
서울특별시 금천구청 도로과,시흥5동-104,방범등,서울특별시 금천구 시흥5동 936-08 성석교회,2025-06-17,37.4477666,126.9039834
서울특별시 금천구청 도로과,시흥5동-105,방범등,서울특별시 금천구 시흥5동 933-34,2025-06-17,37.4482261,126.9064540
서울특별시 금천구청 도로과,시흥5동-106,방범등,서울특별시 금천구 시흥5동 438-197 월편(골목 끝),2025-06-17,37.4465002,126.9058711
서울특별시 금천구청 도로과,시흥5동-107,방범등,서울특별시 금천구 시흥5동 438-218,2025-06-17,37.4473501,126.9059948
서울특별시 금천구청 도로과,시흥5동-109,방범등,서울특별시 금천구 시흥5동 925-28,2025-06-17,37.4484480,126.9084094
서울특별시 금천구청 도로과,시흥5동-1100,방범등,서울특별시 금천구 시흥5동 438-211 월편(백산초교 뒤),2025-06-17,37.4470949,126.9056539
서울특별시 금천구청 도로과,시흥5동-1101,방범등,서울특별시 금천구 시흥5동 923-46,2025-06-17,37.4485151,126.9072549
서울특별시 금천구청 도로과,시흥5동-1102,방범등,서울특별시 금천구 시흥5동 935-12 대문,2025-06-17,37.4482436,126.9042889
서울특별시 금천구청 도로과,시흥5동-1103,방범등,서울특별시 금천구 시흥5동 923-5,2025-06-17,37.4489436,126.9061145
서울특별시 금천구청 도로과,시흥5동-1104,방범등,서울특별시 금천구 시흥5동 933-22,2025-06-17,37.4486688,126.9059063
서울특별시 금천구청 도로과,시흥5동-1105,방범등,서울특별시 금천구 시흥5동 438-218,2025-06-17,37.4473501,126.9059948
서울특별시 금천구청 도로과,시흥5동-1106,방범등,서울특별시 금천구 시흥5동 438-231,2025-06-17,37.4471790,126.9060439
서울특별시 금천구청 도로과,시흥5동-1107,방범등,서울특별시 금천구 시흥5동 908-22,2025-06-17,37.4511919,126.9061410
서울특별시 금천구청 도로과,시흥5동-1108,방범등,서울특별시 금천구 시흥5동 438-5,2025-06-17,37.4470075,126.9050062
서울특별시 금천구청 도로과,시흥5동-1109,방범등,서울특별시 금천구 시흥5동 932-29,2025-06-17,37.4476493,126.9071926
서울특별시 금천구청 도로과,시흥5동-111,방범등,서울특별시 금천구 시흥5동 935-58,2025-06-17,37.4479030,126.9047800
서울특별시 금천구청 도로과,시흥5동-112,방범등,서울특별시 금천구 시흥5동 935-48,2025-06-17,37.4481014,126.9048469
서울특별시 금천구청 도로과,시흥5동-113,방범등,서울특별시 금천구 시흥5동 935-81,2025-06-17,37.4480146,126.9045615
서울특별시 금천구청 도로과,시흥5동-114,방범등,서울특별시 금천구 시흥5동 935-10,2025-06-17,37.4482773,126.9044866
서울특별시 금천구청 도로과,시흥5동-115,방범등,서울특별시 금천구 시흥5동 935-08,2025-06-17,37.4484348,126.9044289
서울특별시 금천구청 도로과,시흥5동-116,방범등,서울특별시 금천구 시흥5동 935-32,2025-06-17,37.4486070,126.9046973
서울특별시 금천구청 도로과,시흥5동-117,방범등,서울특별시 금천구 시흥5동 935-02,2025-06-17,37.4486200,126.9043292
서울특별시 금천구청 도로과,시흥5동-118,방범등,서울특별시 금천구 시흥5동 922-55,2025-06-17,37.4489520,126.9051900
서울특별시 금천구청 도로과,시흥5동-119,방범등,서울특별시 금천구 시흥5동 922-76,2025-06-17,37.4486323,126.9051288
서울특별시 금천구청 도로과,시흥5동-120,방범등,서울특별시 금천구 시흥5동 935-41,2025-06-17,37.4484826,126.9049901
서울특별시 금천구청 도로과,시흥5동-121,방범등,서울특별시 금천구 시흥5동 935-40,2025-06-17,37.4484395,126.9048854
서울특별시 금천구청 도로과,시흥5동-122,방범등,서울특별시 금천구 시흥5동 934-30,2025-06-17,37.4484397,126.9054056
서울특별시 금천구청 도로과,시흥5동-123,방범등,서울특별시 금천구 시흥5동 935-50,2025-06-17,37.4481951,126.9050713
서울특별시 금천구청 도로과,시흥5동-124,방범등,서울특별시 금천구 시흥5동 935-43,2025-06-17,37.4482718,126.9048239
서울특별시 금천구청 도로과,시흥5동-125,방범등,서울특별시 금천구 시흥5동 934-34,2025-06-17,37.4481359,126.9053152
서울특별시 금천구청 도로과,시흥5동-126,방범등,서울특별시 금천구 시흥5동 934-38,2025-06-17,37.4478587,126.9054015
서울특별시 금천구청 도로과,시흥5동-127,방범등,서울특별시 금천구 시흥5동 922-44,2025-06-17,37.4490442,126.9058574
서울특별시 금천구청 도로과,시흥5동-128,방범등,서울특별시 금천구 시흥5동 438-227,2025-06-17,37.4473947,126.9055538
서울특별시 금천구청 도로과,시흥5동-129,방범등,서울특별시 금천구 시흥5동 438-216 백산초교 뒤,2025-06-17,37.4471981,126.9056203
서울특별시 금천구청 도로과,시흥5동-130,방범등,서울특별시 금천구 시흥5동 438-210 월편(백산초교 뒤),2025-06-17,37.4469965,126.9056923
서울특별시 금천구청 도로과,시흥5동-131,방범등,서울특별시 금천구 시흥5동 438-189 월편(골목 끝),2025-06-17,37.4466941,126.9057740
서울특별시 금천구청 도로과,시흥5동-132,방범등,서울특별시 금천구 시흥5동 922-56,2025-06-17,37.4489377,126.9050643
서울특별시 금천구청 도로과,시흥5동-133,방범등,서울특별시 금천구 시흥5동 438-213 옆,2025-06-17,37.4466301,126.9059247
서울특별시 금천구청 도로과,시흥5동-134,방범등,서울특별시 금천구 시흥5동 438-204 신세계어린이집,2025-06-17,37.4468020,126.9058703
서울특별시 금천구청 도로과,시흥5동-135,방범등,서울특별시 금천구 시흥5동 438-58,2025-06-17,37.4470265,126.9058021
서울특별시 금천구청 도로과,시흥5동-136,방범등,서울특별시 금천구 시흥5동 438-198,2025-06-17,37.4471725,126.9057477
서울특별시 금천구청 도로과,시흥5동-137,방범등,서울특별시 금천구 시흥5동 438-226,2025-06-17,37.4474411,126.9056547
서울특별시 금천구청 도로과,시흥5동-138,방범등,서울특별시 금천구 시흥5동 438-205,2025-06-17,37.4469595,126.9061601
서울특별시 금천구청 도로과,시흥5동-139,방범등,서울특별시 금천구 시흥5동 438-209 옹벽 위,2025-06-17,37.4467599,126.9062136
서울특별시 금천구청 도로과,시흥5동-140,방범등,서울특별시 금천구 시흥5동 438-225,2025-06-17,37.4471264,126.9062462
서울특별시 금천구청 도로과,시흥5동-141,방범등,서울특별시 금천구 시흥5동 438-194,2025-06-17,37.4471402,126.9065582
서울특별시 금천구청 도로과,시흥5동-142,방범등,서울특별시 금천구 시흥5동 926-17 대문,2025-06-17,37.4483390,126.9090715
서울특별시 금천구청 도로과,시흥5동-143,방범등,서울특별시 금천구 시흥5동 438-194,2025-06-17,37.4471402,126.9065582
서울특별시 금천구청 도로과,시흥5동-144,방범등,서울특별시 금천구 시흥5동 224-1 청담어린이집 정문,2025-06-17,37.4520937,126.9131091
서울특별시 금천구청 도로과,시흥5동-145,방범등,서울특별시 금천구 시흥5동 200-5,2025-06-17,37.4527154,126.9107116
서울특별시 금천구청 도로과,시흥5동-146,방범등,서울특별시 금천구 시흥5동 212-12,2025-06-17,37.4533210,126.9112277
서울특별시 금천구청 도로과,시흥5동-147,방범등,서울특별시 금천구 시흥5동 933-13,2025-06-17,37.4476818,126.9062590
서울특별시 금천구청 도로과,시흥5동-148,방범등,서울특별시 금천구 시흥5동 922-52,2025-06-17,37.4489614,126.9052764
서울특별시 금천구청 도로과,시흥5동-149,방범등,서울특별시 금천구 시흥5동 933-8,2025-06-17,37.4476885,126.9060581
서울특별시 금천구청 도로과,시흥5동-150,방범등,서울특별시 금천구 시흥5동 934-15,2025-06-17,37.4478078,126.9057834
서울특별시 금천구청 도로과,시흥5동-151,방범등,서울특별시 금천구 시흥5동 934-14,2025-06-17,37.4479187,126.9057887
서울특별시 금천구청 도로과,시흥5동-152,방범등,서울특별시 금천구 시흥5동 933-03,2025-06-17,37.4482401,126.9058608
서울특별시 금천구청 도로과,시흥5동-153,방범등,서울특별시 금천구 시흥5동 934-05,2025-06-17,37.4482304,126.9055694
서울특별시 금천구청 도로과,시흥5동-154,방범등,서울특별시 금천구 시흥5동 922-72,2025-06-17,37.4486524,126.9055672
서울특별시 금천구청 도로과,시흥5동-155,방범등,서울특별시 금천구 시흥5동 934-27,2025-06-17,37.4482103,126.9054580
서울특별시 금천구청 도로과,시흥5동-156,방범등,서울특별시 금천구 시흥5동 933-20,2025-06-17,37.4484370,126.9059913
서울특별시 금천구청 도로과,시흥5동-157,방범등,서울특별시 금천구 시흥5동 933-18,2025-06-17,37.4482222,126.9060664
서울특별시 금천구청 도로과,시흥5동-158,방범등,서울특별시 금천구 시흥5동 933-14,2025-06-17,37.4477898,126.9062207
서울특별시 금천구청 도로과,시흥5동-159,방범등,서울특별시 금천구 시흥5동 922-70,2025-06-17,37.4488771,126.9056686
서울특별시 금천구청 도로과,시흥5동-160,방범등,서울특별시 금천구 시흥5동 922-63,2025-06-17,37.4488281,126.9054568
서울특별시 금천구청 도로과,시흥5동-162,방범등,서울특별시 금천구 시흥5동 922-32,2025-06-17,37.4491750,126.9059380
서울특별시 금천구청 도로과,시흥5동-163,방범등,서울특별시 금천구 시흥5동 922-34,2025-06-17,37.4492208,126.9057997
서울특별시 금천구청 도로과,시흥5동-164,방범등,서울특별시 금천구 시흥5동 922-33,2025-06-17,37.4492925,126.9058534
서울특별시 금천구청 도로과,시흥5동-165,방범등,서울특별시 금천구 시흥5동 922-41,2025-06-17,37.4492169,126.9054915
서울특별시 금천구청 도로과,시흥5동-167,방범등,서울특별시 금천구 시흥5동 922-21,2025-06-17,37.4495582,126.9059228
서울특별시 금천구청 도로과,시흥5동-168,방범등,서울특별시 금천구 시흥5동 922-22,2025-06-17,37.4496669,126.9058071
서울특별시 금천구청 도로과,시흥5동-169,방범등,서울특별시 금천구 시흥5동 933-22,2025-06-17,37.4486688,126.9059063
서울특별시 금천구청 도로과,시흥5동-170,방범등,서울특별시 금천구 시흥5동 923-21,2025-06-17,37.4487437,126.9062664
서울특별시 금천구청 도로과,시흥5동-171,방범등,서울특별시 금천구 시흥5동 923-22,2025-06-17,37.4486893,126.9064169
서울특별시 금천구청 도로과,시흥5동-172,방범등,서울특별시 금천구 시흥5동 933-30,2025-06-17,37.4483437,126.9064683
서울특별시 금천구청 도로과,시흥5동-173,방범등,서울특별시 금천구 시흥5동 933-31,2025-06-17,37.4483115,126.9063341
서울특별시 금천구청 도로과,시흥5동-174,방범등,서울특별시 금천구 시흥5동 923-38,2025-06-17,37.4485338,126.9067622
서울특별시 금천구청 도로과,시흥5동-175,방범등,서울특별시 금천구 시흥5동 923-52,2025-06-17,37.4483359,126.9068677
서울특별시 금천구청 도로과,시흥5동-176,방범등,서울특별시 금천구 시흥5동 933-39,2025-06-17,37.4481170,126.9066528
서울특별시 금천구청 도로과,시흥5동-177,방범등,서울특별시 금천구 시흥5동 923-54,2025-06-17,37.4482225,126.9069855
서울특별시 금천구청 도로과,시흥5동-178,방범등,서울특별시 금천구 시흥5동 923-54,2025-06-17,37.4482225,126.9069855
서울특별시 금천구청 도로과,시흥5동-179,방범등,서울특별시 금천구 시흥5동 933-39,2025-06-17,37.4481170,126.9066528
서울특별시 금천구청 도로과,시흥5동-180,방범등,서울특별시 금천구 시흥5동 933-42,2025-06-17,37.4480388,126.9062881
서울특별시 금천구청 도로과,시흥5동-181,방범등,서울특별시 금천구 시흥5동 933-64,2025-06-17,37.4477697,126.9069182
서울특별시 금천구청 도로과,시흥5동-182,방범등,서울특별시 금천구 시흥5동 933-55,2025-06-17,37.4478428,126.9066160
서울특별시 금천구청 도로과,시흥5동-183,방범등,서울특별시 금천구 시흥5동 933-57,2025-06-17,37.4476452,126.9064064
서울특별시 금천구청 도로과,시흥5동-184,방범등,서울특별시 금천구 시흥5동 932-33,2025-06-17,37.4477902,126.9071395
서울특별시 금천구청 도로과,시흥5동-185,방범등,서울특별시 금천구 시흥5동 932-29,2025-06-17,37.4476493,126.9071926
서울특별시 금천구청 도로과,시흥5동-186,방범등,서울특별시 금천구 시흥5동 932-25,2025-06-17,37.4475493,126.9073258
서울특별시 금천구청 도로과,시흥5동-187,방범등,서울특별시 금천구 시흥5동 932-05,2025-06-17,37.4478620,126.9074177
서울특별시 금천구청 도로과,시흥5동-188,방범등,서울특별시 금천구 시흥5동 923-58,2025-06-17,37.4482745,126.9072491
서울특별시 금천구청 도로과,시흥5동-189,방범등,서울특별시 금천구 시흥5동 932-39,2025-06-17,37.4479631,126.9070934
서울특별시 금천구청 도로과,시흥5동-190,방범등,서울특별시 금천구 시흥5동 923-35,2025-06-17,37.4487021,126.9068890
서울특별시 금천구청 도로과,시흥5동-191,방범등,서울특별시 금천구 시흥5동 923-30,2025-06-17,37.4490083,126.9067745
서울특별시 금천구청 도로과,시흥5동-192,방범등,서울특별시 금천구 시흥5동 923-86,2025-06-17,37.4491049,126.9066213
서울특별시 금천구청 도로과,시흥5동-193,방범등,서울특별시 금천구 시흥5동 923-76,2025-06-17,37.4489520,126.9064782
서울특별시 금천구청 도로과,시흥5동-194,방범등,서울특별시 금천구 시흥5동 923-16,2025-06-17,37.4490410,126.9063762
서울특별시 금천구청 도로과,시흥5동-195,방범등,서울특별시 금천구 시흥5동 923-10,2025-06-17,37.4491638,126.9063418
서울특별시 금천구청 도로과,시흥5동-196,방범등,서울특별시 금천구 시흥5동 923-50,2025-06-17,37.4484774,126.9070783
서울특별시 금천구청 도로과,시흥5동-197,방범등,서울특별시 금천구 시흥5동 923-07,2025-06-17,37.4491208,126.9061530
서울특별시 금천구청 도로과,시흥5동-198,방범등,서울특별시 금천구 시흥5동 935-45,2025-06-17,37.4480682,126.9047272
서울특별시 금천구청 도로과,시흥5동-199,방범등,서울특별시 금천구 시흥5동 923-40,2025-06-17,37.4485057,126.9069170
서울특별시 금천구청 도로과,시흥5동-201,방범등,서울특별시 금천구 시흥5동 920-45,2025-06-17,37.4504428,126.9076564
서울특별시 금천구청 도로과,시흥5동-202,방범등,서울특별시 금천구 시흥5동 908-2,2025-06-17,37.4519034,126.9063632
서울특별시 금천구청 도로과,시흥5동-203,방범등,서울특별시 금천구 시흥5동 908-37,2025-06-17,37.4510674,126.9063625
서울특별시 금천구청 도로과,시흥5동-204,방범등,서울특별시 금천구 시흥5동 908-34,2025-06-17,37.4512126,126.9064352
서울특별시 금천구청 도로과,시흥5동-205,방범등,서울특별시 금천구 시흥5동 908-17,2025-06-17,37.4514794,126.9063591
서울특별시 금천구청 도로과,시흥5동-206,방범등,서울특별시 금천구 시흥5동 908-17,2025-06-17,37.4514794,126.9063591
서울특별시 금천구청 도로과,시흥5동-207,방범등,서울특별시 금천구 시흥5동 908-10,2025-06-17,37.4516667,126.9064463
서울특별시 금천구청 도로과,시흥5동-208,방범등,서울특별시 금천구 시흥5동 908-43,2025-06-17,37.4516212,126.9066725
서울특별시 금천구청 도로과,시흥5동-209,방범등,서울특별시 금천구 시흥5동 908-42,2025-06-17,37.4512742,126.9066134
서울특별시 금천구청 도로과,시흥5동-210,방범등,서울특별시 금천구 시흥5동 909-49,2025-06-17,37.4511298,126.9068213
서울특별시 금천구청 도로과,시흥5동-2100,방범등,서울특별시 금천구 시흥5동 931-50,2025-06-17,37.4477505,126.9088999
서울특별시 금천구청 도로과,시흥5동-2101,방범등,서울특별시 금천구 시흥5동 930-00,2025-06-17,37.4473776,126.9090888
서울특별시 금천구청 도로과,시흥5동-2102,방범등,서울특별시 금천구 시흥5동 931-43 옥상,2025-06-17,37.4474626,126.9087094
서울특별시 금천구청 도로과,시흥5동-2103,방범등,서울특별시 금천구 시흥5동 931-41 물빛어린이집,2025-06-17,37.4476270,126.9086284
서울특별시 금천구청 도로과,시흥5동-2104,방범등,서울특별시 금천구 시흥5동 930-05,2025-06-17,37.4472963,126.9087007
서울특별시 금천구청 도로과,시흥5동-2105,방범등,서울특별시 금천구 시흥5동 930-05 좌측 서울하이퍼마켓,2025-06-17,37.4472963,126.9087007
서울특별시 금천구청 도로과,시흥5동-2106,방범등,서울특별시 금천구 시흥5동 931-33,2025-06-17,37.4475777,126.9083442
서울특별시 금천구청 도로과,시흥5동-2107,방범등,서울특별시 금천구 시흥5동 930-07,2025-06-17,37.4472618,126.9085869
서울특별시 금천구청 도로과,시흥5동-2108,방범등,서울특별시 금천구 시흥5동 930-10,2025-06-17,37.4472156,126.9084442
서울특별시 금천구청 도로과,시흥5동-2109,방범등,서울특별시 금천구 시흥5동 930-70 백운별장맨션,2025-06-17,37.4470856,126.9081699
서울특별시 금천구청 도로과,시흥5동-211,방범등,서울특별시 금천구 시흥5동 909-03,2025-06-17,37.4513026,126.9068538
서울특별시 금천구청 도로과,시흥5동-2110,방범등,서울특별시 금천구 시흥5동 931-22 앞,2025-06-17,37.4473082,126.9079856
서울특별시 금천구청 도로과,시흥5동-2111,방범등,서울특별시 금천구 시흥5동 930-10 뒤,2025-06-17,37.4472156,126.9084442
서울특별시 금천구청 도로과,시흥5동-2112,방범등,서울특별시 금천구 시흥5동 930-44,2025-06-17,37.4467622,126.9089244
서울특별시 금천구청 도로과,시흥5동-2113,방범등,서울특별시 금천구 시흥5동 420-1,2025-06-17,37.4466089,126.9084426
서울특별시 금천구청 도로과,시흥5동-2114,방범등,서울특별시 금천구 시흥5동 930-36,2025-06-17,37.4469211,126.9084948
서울특별시 금천구청 도로과,시흥5동-2115,방범등,서울특별시 금천구 시흥5동 930-44,2025-06-17,37.4467622,126.9089244
서울특별시 금천구청 도로과,시흥5동-2116,방범등,서울특별시 금천구 시흥5동 930-03,2025-06-17,37.4472460,126.9088990
서울특별시 금천구청 도로과,시흥5동-2117,방범등,서울특별시 금천구 시흥5동 930-49,2025-06-17,37.4468307,126.9091534
서울특별시 금천구청 도로과,시흥5동-2118,방범등,서울특별시 금천구 시흥5동 930-51 뒤,2025-06-17,37.4468354,126.9093067
서울특별시 금천구청 도로과,시흥5동-2119,방범등,서울특별시 금천구 시흥5동 930-18,2025-06-17,37.4471337,126.9091842
서울특별시 금천구청 도로과,시흥5동-212,방범등,서울특별시 금천구 시흥5동 909-60,2025-06-17,37.4514474,126.9069251
서울특별시 금천구청 도로과,시흥5동-2120,방범등,서울특별시 금천구 시흥5동 930-17,2025-06-17,37.4472296,126.9090938
서울특별시 금천구청 도로과,시흥5동-2121,방범등,서울특별시 금천구 시흥5동 930-51 앞,2025-06-17,37.4468354,126.9093067
서울특별시 금천구청 도로과,시흥5동-2122,방범등,서울특별시 금천구 시흥5동 930-52,2025-06-17,37.4467111,126.9093673
서울특별시 금천구청 도로과,시흥5동-2123,방범등,서울특별시 금천구 시흥5동 930-61,2025-06-17,37.4466535,126.9092147
서울특별시 금천구청 도로과,시흥5동-2124,방범등,서울특별시 금천구 시흥5동 420-4 ,2025-06-17,37.4464566,126.9086514
서울특별시 금천구청 도로과,시흥5동-2125,방범등,서울특별시 금천구 시흥5동 930-42,2025-06-17,37.4466257,126.9088194
서울특별시 금천구청 도로과,시흥5동-2126,방범등,서울특별시 금천구 시흥5동 931-20,2025-06-17,37.4474299,126.9080498
서울특별시 금천구청 도로과,시흥5동-2127,방범등,서울특별시 금천구 시흥5동 931-17,2025-06-17,37.4475236,126.9078969
서울특별시 금천구청 도로과,시흥5동-2128,방범등,서울특별시 금천구 시흥5동 931-16,2025-06-17,37.4476227,126.9079003
서울특별시 금천구청 도로과,시흥5동-2129,방범등,서울특별시 금천구 시흥5동 919-31,2025-06-17,37.4496349,126.9074502
서울특별시 금천구청 도로과,시흥5동-213,방범등,서울특별시 금천구 시흥5동 909-01,2025-06-17,37.4516803,126.9069078
서울특별시 금천구청 도로과,시흥5동-2130,방범등,서울특별시 금천구 시흥5동 924-10,2025-06-17,37.4488821,126.9083637
서울특별시 금천구청 도로과,시흥5동-2131,방범등,서울특별시 금천구 시흥5동 910-05,2025-06-17,37.4507716,126.9083451
서울특별시 금천구청 도로과,시흥5동-2132,방범등,서울특별시 금천구 시흥5동 910-19,2025-06-17,37.4507876,126.9081086
서울특별시 금천구청 도로과,시흥5동-2133,방범등,서울특별시 금천구 시흥5동 931-29 옥상,2025-06-17,37.4474826,126.9082640
서울특별시 금천구청 도로과,시흥5동-2134,방범등,서울특별시 금천구 시흥5동 930-29,2025-06-17,37.4469897,126.9088230
서울특별시 금천구청 도로과,시흥5동-2135,방범등,서울특별시 금천구 시흥5동 924-34,2025-06-17,37.4487592,126.9079903
서울특별시 금천구청 도로과,시흥5동-2136,방범등,서울특별시 금천구 시흥5동 908-06,2025-06-17,37.4518741,126.9064845
서울특별시 금천구청 도로과,시흥5동-2137,방범등,서울특별시 금천구 시흥5동 919-53,2025-06-17,37.4494082,126.9069371
서울특별시 금천구청 도로과,시흥5동-2138,방범등,서울특별시 금천구 시흥5동 924-24,2025-06-17,37.4485297,126.9081070
서울특별시 금천구청 도로과,시흥5동-2139,방범등,서울특별시 금천구 시흥5동 909-8,2025-06-17,37.4514734,126.9074159
서울특별시 금천구청 도로과,시흥5동-214,방범등,서울특별시 금천구 시흥5동 909-42,2025-06-17,37.4513485,126.9070465
서울특별시 금천구청 도로과,시흥5동-2140,방범등,서울특별시 금천구 시흥5동 920-20,2025-06-17,37.4505249,126.9072761
서울특별시 금천구청 도로과,시흥5동-2142,방범등,서울특별시 금천구 시흥5동 926-17,2025-06-17,37.4483390,126.9090715
서울특별시 금천구청 도로과,시흥5동-2143,방범등,서울특별시 금천구 시흥5동 919-25,2025-06-17,37.4498723,126.9077989
서울특별시 금천구청 도로과,시흥5동-2144,방범등,서울특별시 금천구 시흥5동 919-61,2025-06-17,37.4493510,126.9072325
서울특별시 금천구청 도로과,시흥5동-2145,방범등,서울특별시 금천구 시흥5동 910-9,2025-06-17,37.4505658,126.9082954
서울특별시 금천구청 도로과,시흥5동-2146,방범등,서울특별시 금천구 시흥5동 924-4,2025-06-17,37.4489045,126.9079024
서울특별시 금천구청 도로과,시흥5동-2147,방범등,서울특별시 금천구 시흥5동 920-34,2025-06-17,37.4502962,126.9067576
서울특별시 금천구청 도로과,시흥5동-2148,방범등,서울특별시 금천구 시흥5동 919-22,2025-06-17,37.4499745,126.9078022
서울특별시 금천구청 도로과,시흥5동-2149,방범등,서울특별시 금천구 시흥5동 908-4,2025-06-17,37.4517637,126.9063612
서울특별시 금천구청 도로과,시흥5동-215,방범등,서울특별시 금천구 시흥5동 909-14,2025-06-17,37.4514034,126.9075419
서울특별시 금천구청 도로과,시흥5동-2150,방범등,서울특별시 금천구 시흥5동 420-11,2025-06-17,37.4467755,126.9082455
서울특별시 금천구청 도로과,시흥5동-2151,방범등,서울특별시 금천구 시흥5동 909-37,2025-06-17,37.4512007,126.9072694
서울특별시 금천구청 도로과,시흥5동-2152,방범등,서울특별시 금천구 시흥5동 925-28,2025-06-17,37.4484480,126.9084094
서울특별시 금천구청 도로과,시흥5동-2153,방범등,서울특별시 금천구 시흥5동 931-45,2025-06-17,37.4475142,126.9088720
서울특별시 금천구청 도로과,시흥5동-216,방범등,서울특별시 금천구 시흥5동 909-22,2025-06-17,37.4512358,126.9079180
서울특별시 금천구청 도로과,시흥5동-217,방범등,서울특별시 금천구 시흥5동 909-26,2025-06-17,37.4510905,126.9077769
서울특별시 금천구청 도로과,시흥5동-218,방범등,서울특별시 금천구 시흥5동 921-02,2025-06-17,37.4506712,126.9060347
서울특별시 금천구청 도로과,시흥5동-219,방범등,서울특별시 금천구 시흥5동 921-14,2025-06-17,37.4505126,126.9063484
서울특별시 금천구청 도로과,시흥5동-220,방범등,서울특별시 금천구 시흥5동 272-10,2025-06-17,37.4501491,126.9101713
서울특별시 금천구청 도로과,시흥5동-221,방범등,서울특별시 금천구 시흥5동 921-10,2025-06-17,37.4506103,126.9065918
서울특별시 금천구청 도로과,시흥5동-222,방범등,서울특별시 금천구 시흥5동 921-08,2025-06-17,37.4507189,126.9065586
서울특별시 금천구청 도로과,시흥5동-223,방범등,서울특별시 금천구 시흥5동 920-51,2025-06-17,37.4506162,126.9068054
서울특별시 금천구청 도로과,시흥5동-224,방범등,서울특별시 금천구 시흥5동 920-26,2025-06-17,37.4504794,126.9068368
서울특별시 금천구청 도로과,시흥5동-225,방범등,서울특별시 금천구 시흥5동 920-24,2025-06-17,37.4504589,126.9070684
서울특별시 금천구청 도로과,시흥5동-226,방범등,서울특별시 금천구 시흥5동 920-12,2025-06-17,37.4507005,126.9076183
서울특별시 금천구청 도로과,시흥5동-227,방범등,서울특별시 금천구 시흥5동 921-13,2025-06-17,37.4503749,126.9064654
서울특별시 금천구청 도로과,시흥5동-228,방범등,서울특별시 금천구 시흥5동 921-29,2025-06-17,37.4504103,126.9063379
서울특별시 금천구청 도로과,시흥5동-229,방범등,서울특별시 금천구 시흥5동 921-22,2025-06-17,37.4502851,126.9060400
서울특별시 금천구청 도로과,시흥5동-230,방범등,서울특별시 금천구 시흥5동 921-23,2025-06-17,37.4501913,126.9060232
서울특별시 금천구청 도로과,시흥5동-231,방범등,서울특별시 금천구 시흥5동 921-26,2025-06-17,37.4502267,126.9064072
서울특별시 금천구청 도로과,시흥5동-232,방범등,서울특별시 금천구 시흥5동 920-35,2025-06-17,37.4502889,126.9069234
서울특별시 금천구청 도로과,시흥5동-233,방범등,서울특별시 금천구 시흥5동 920-38,2025-06-17,37.4502240,126.9071938
서울특별시 금천구청 도로과,시흥5동-234,방범등,서울특별시 금천구 시흥5동 920-36,2025-06-17,37.4503333,126.9071373
서울특별시 금천구청 도로과,시흥5동-235,방범등,서울특별시 금천구 시흥5동 920-23,2025-06-17,37.4504452,126.9071798
서울특별시 금천구청 도로과,시흥5동-236,방범등,서울특별시 금천구 시흥5동 920-15,2025-06-17,37.4506039,126.9074816
서울특별시 금천구청 도로과,시흥5동-237,방범등,서울특별시 금천구 시흥5동 920-41,2025-06-17,37.4503825,126.9075566
서울특별시 금천구청 도로과,시흥5동-238,방범등,서울특별시 금천구 시흥5동 910-06,2025-06-17,37.4507050,126.9079627
서울특별시 금천구청 도로과,시흥5동-239,방범등,서울특별시 금천구 시흥5동 910-13 (7),2025-06-17,37.4504978,126.9080160
서울특별시 금천구청 도로과,시흥5동-240,방범등,서울특별시 금천구 시흥5동 910-14,2025-06-17,37.4504110,126.9080363
서울특별시 금천구청 도로과,시흥5동-241,방범등,서울특별시 금천구 시흥5동 910-15,2025-06-17,37.4502813,126.9080179
서울특별시 금천구청 도로과,시흥5동-242,방범등,서울특별시 금천구 시흥5동 920-49,2025-06-17,37.4502318,126.9078257
서울특별시 금천구청 도로과,시흥5동-243,방범등,서울특별시 금천구 시흥5동 910-16,2025-06-17,37.4502899,126.9081227
서울특별시 금천구청 도로과,시흥5동-244,방범등,서울특별시 금천구 시흥5동 910-17,2025-06-17,37.4503001,126.9082238
서울특별시 금천구청 도로과,시흥5동-245,방범등,서울특별시 금천구 시흥5동 919-22,2025-06-17,37.4499745,126.9078022
서울특별시 금천구청 도로과,시흥5동-246,방범등,서울특별시 금천구 시흥5동 918-04,2025-06-17,37.4497398,126.9080449
서울특별시 금천구청 도로과,시흥5동-247,방범등,서울특별시 금천구 시흥5동 919-73,2025-06-17,37.4494953,126.9077818
서울특별시 금천구청 도로과,시흥5동-248,방범등,서울특별시 금천구 시흥5동 918-09,2025-06-17,37.4492988,126.9079980
서울특별시 금천구청 도로과,시흥5동-249,방범등,서울특별시 금천구 시흥5동 919-75,2025-06-17,37.4493027,126.9077215
서울특별시 금천구청 도로과,시흥5동-250,방범등,서울특별시 금천구 시흥5동 919-78 대흥빌라 옆 삼거리,2025-06-17,37.4488318,126.9073498
서울특별시 금천구청 도로과,시흥5동-251,방범등,서울특별시 금천구 시흥5동 918-12,2025-06-17,37.4491666,126.9080414
서울특별시 금천구청 도로과,시흥5동-252,방범등,서울특별시 금천구 시흥5동 918-20,2025-06-17,37.4491740,126.9082037
서울특별시 금천구청 도로과,시흥5동-253,방범등,서울특별시 금천구 시흥5동 919-78 대흥빌라,2025-06-17,37.4488318,126.9073498
서울특별시 금천구청 도로과,시흥5동-254,방범등,서울특별시 금천구 시흥5동 919-78 대흥빌라,2025-06-17,37.4488318,126.9073498
서울특별시 금천구청 도로과,시흥5동-255,방범등,서울특별시 금천구 시흥5동 919-78,2025-06-17,37.4488318,126.9073498
서울특별시 금천구청 도로과,시흥5동-256,방범등,서울특별시 금천구 시흥5동 919-78,2025-06-17,37.4488318,126.9073498
서울특별시 금천구청 도로과,시흥5동-257,방범등,서울특별시 금천구 시흥5동 919-78,2025-06-17,37.4488318,126.9073498
서울특별시 금천구청 도로과,시흥5동-258,방범등,서울특별시 금천구 시흥5동 919-86 (923-32앞),2025-06-17,37.4489860,126.9071108
서울특별시 금천구청 도로과,시흥5동-259,방범등,서울특별시 금천구 시흥5동 919-56,2025-06-17,37.4492270,126.9070599
서울특별시 금천구청 도로과,시흥5동-260,방범등,서울특별시 금천구 시흥5동 919-87,2025-06-17,37.4491427,126.9072188
서울특별시 금천구청 도로과,시흥5동-261,방범등,서울특별시 금천구 시흥5동 919-55,2025-06-17,37.4491867,126.9068297
서울특별시 금천구청 도로과,시흥5동-262,방범등,서울특별시 금천구 시흥5동 919-55,2025-06-17,37.4491867,126.9068297
서울특별시 금천구청 도로과,시흥5동-263,방범등,서울특별시 금천구 시흥5동 919-54,2025-06-17,37.4492869,126.9068897
서울특별시 금천구청 도로과,시흥5동-264,방범등,서울특별시 금천구 시흥5동 919-58,2025-06-17,37.4494653,126.9070609
서울특별시 금천구청 도로과,시흥5동-265,방범등,서울특별시 금천구 시흥5동 919-31,2025-06-17,37.4496349,126.9074502
서울특별시 금천구청 도로과,시흥5동-266,방범등,서울특별시 금천구 시흥5동 919-24,2025-06-17,37.4498600,126.9076245
서울특별시 금천구청 도로과,시흥5동-267,방범등,서울특별시 금천구 시흥5동 919-20,2025-06-17,37.4500189,126.9076265
서울특별시 금천구청 도로과,시흥5동-268,방범등,서울특별시 금천구 시흥5동 921-28,2025-06-17,37.4504252,126.9062293
서울특별시 금천구청 도로과,시흥5동-269,방범등,서울특별시 금천구 시흥5동 919-36,2025-06-17,37.4497325,126.9071097
서울특별시 금천구청 도로과,시흥5동-270,방범등,서울특별시 금천구 시흥5동 919-40,2025-06-17,37.4498458,126.9065010
서울특별시 금천구청 도로과,시흥5동-271,방범등,서울특별시 금천구 시흥5동 919-40,2025-06-17,37.4498458,126.9065010
서울특별시 금천구청 도로과,시흥5동-272,방범등,서울특별시 금천구 시흥5동 919-06,2025-06-17,37.4499149,126.9067454
서울특별시 금천구청 도로과,시흥5동-273,방범등,서울특별시 금천구 시흥5동 919-13,2025-06-17,37.4499542,126.9070960
서울특별시 금천구청 도로과,시흥5동-274,방범등,서울특별시 금천구 시흥5동 922-15,2025-06-17,37.4496923,126.9062277
서울특별시 금천구청 도로과,시흥5동-275,방범등,서울특별시 금천구 시흥5동 922-06,2025-06-17,37.4498335,126.9060933
서울특별시 금천구청 도로과,시흥5동-276,방범등,서울특별시 금천구 시흥5동 922-16,2025-06-17,37.4496109,126.9062003
서울특별시 금천구청 도로과,시흥5동-277,방범등,서울특별시 금천구 시흥5동 919-51,2025-06-17,37.4492970,126.9066734
서울특별시 금천구청 도로과,시흥5동-278,방범등,서울특별시 금천구 시흥5동 924-11,2025-06-17,37.4488397,126.9082338
서울특별시 금천구청 도로과,시흥5동-279,방범등,서울특별시 금천구 시흥5동 925-29,2025-06-17,37.4484833,126.9085397
서울특별시 금천구청 도로과,시흥5동-280,방범등,서울특별시 금천구 시흥5동 925-29,2025-06-17,37.4484833,126.9085397
서울특별시 금천구청 도로과,시흥5동-281,방범등,서울특별시 금천구 시흥5동 924-17,2025-06-17,37.4486979,126.9081651
서울특별시 금천구청 도로과,시흥5동-282,방범등,서울특별시 금천구 시흥5동 924-14,2025-06-17,37.4485696,126.9077982
서울특별시 금천구청 도로과,시흥5동-283,방범등,서울특별시 금천구 시흥5동 925-16,2025-06-17,37.4483484,126.9082134
서울특별시 금천구청 도로과,시흥5동-284,방범등,서울특별시 금천구 시흥5동 925-13,2025-06-17,37.4483166,126.9080221
서울특별시 금천구청 도로과,시흥5동-285,방범등,서울특별시 금천구 시흥5동 925-00,2025-06-17,37.4482149,126.9076410
서울특별시 금천구청 도로과,시흥5동-286,방범등,서울특별시 금천구 시흥5동 925-02,2025-06-17,37.4481153,126.9076886
서울특별시 금천구청 도로과,시흥5동-287,방범등,서울특별시 금천구 시흥5동 925-05,2025-06-17,37.4479049,126.9077911
서울특별시 금천구청 도로과,시흥5동-288,방범등,서울특별시 금천구 시흥5동 925-6,2025-06-17,37.4478382,126.9078256
서울특별시 금천구청 도로과,시흥5동-289,방범등,서울특별시 금천구 시흥5동 925-20,2025-06-17,37.4479459,126.9081492
서울특별시 금천구청 도로과,시흥5동-290,방범등,서울특별시 금천구 시흥5동 925-19 옥상,2025-06-17,37.4480522,126.9081569
서울특별시 금천구청 도로과,시흥5동-291,방범등,서울특별시 금천구 시흥5동 931-7 대문,2025-06-17,37.4477826,126.9084561
서울특별시 금천구청 도로과,시흥5동-292,방범등,서울특별시 금천구 시흥5동 925-32 별장길어린이공원 앞,2025-06-17,37.4481702,126.9085847
서울특별시 금천구청 도로과,시흥5동-294,방범등,서울특별시 금천구 시흥5동 931,2025-06-17,37.4479790,126.9087933
서울특별시 금천구청 도로과,시흥5동-295,방범등,서울특별시 금천구 시흥5동 925-32 별장길어린이공원 앞,2025-06-17,37.4481702,126.9085847
서울특별시 금천구청 도로과,시흥5동-296,방범등,서울특별시 금천구 시흥5동 920-31,2025-06-17,37.4502122,126.9067418
서울특별시 금천구청 도로과,시흥5동-297,방범등,서울특별시 금천구 시흥5동 925-32,2025-06-17,37.4481702,126.9085847
서울특별시 금천구청 도로과,시흥5동-298,방범등,서울특별시 금천구 시흥5동 919-63,2025-06-17,37.4493231,126.9073638
서울특별시 금천구청 도로과,시흥5동-299,방범등,서울특별시 금천구 시흥5동 925-31,2025-06-17,37.4483382,126.9084546
서울특별시 금천구청 도로과,시흥5동-300,방범등,서울특별시 금천구 시흥5동 925-8,2025-06-17,37.4480759,126.9079505
서울특별시 금천구청 도로과,시흥5동-301,방범등,서울특별시 금천구 시흥5동 911-7,2025-06-17,37.4506723,126.9087210
서울특별시 금천구청 도로과,시흥5동-302,방범등,서울특별시 금천구 시흥5동 911-15,2025-06-17,37.4504341,126.9086947
서울특별시 금천구청 도로과,시흥5동-303,방범등,서울특별시 금천구 시흥5동 917-2,2025-06-17,37.4500484,126.9087253
서울특별시 금천구청 도로과,시흥5동-304,방범등,서울특별시 금천구 시흥5동 917-11,2025-06-17,37.4499542,126.9085848
서울특별시 금천구청 도로과,시흥5동-305,방범등,서울특별시 금천구 시흥5동 917-13,2025-06-17,37.4498127,126.9085707
서울특별시 금천구청 도로과,시흥5동-306,방범등,서울특별시 금천구 시흥5동 917-20,2025-06-17,37.4496979,126.9087124
서울특별시 금천구청 도로과,시흥5동-307,방범등,서울특별시 금천구 시흥5동 917-34,2025-06-17,37.4494394,126.9085404
서울특별시 금천구청 도로과,시흥5동-308,방범등,서울특별시 금천구 시흥5동 917-33,2025-06-17,37.4494346,126.9086862
서울특별시 금천구청 도로과,시흥5동-309,방범등,서울특별시 금천구 시흥5동 917-37,2025-06-17,37.4492955,126.9086740
서울특별시 금천구청 도로과,시흥5동-310,방범등,서울특별시 금천구 시흥5동 917-40,2025-06-17,37.4493147,126.9089158
서울특별시 금천구청 도로과,시흥5동-3100,방범등,서울특별시 금천구 시흥5동 401-4,2025-06-17,37.4469677,126.9101656
서울특별시 금천구청 도로과,시흥5동-3101,방범등,서울특별시 금천구 시흥5동 926-11,2025-06-17,37.4486178,126.9089077
서울특별시 금천구청 도로과,시흥5동-3102,방범등,서울특별시 금천구 시흥5동 916-13,2025-06-17,37.4496306,126.9091505
서울특별시 금천구청 도로과,시흥5동-3103,방범등,서울특별시 금천구 시흥5동 911-8,2025-06-17,37.4506021,126.9088992
서울특별시 금천구청 도로과,시흥5동-3104,방범등,서울특별시 금천구 시흥5동 916-6,2025-06-17,37.4498595,126.9091670
서울특별시 금천구청 도로과,시흥5동-3105,방범등,서울특별시 금천구 시흥5동 272-9,2025-06-17,37.4501448,126.9103455
서울특별시 금천구청 도로과,시흥5동-3106,방범등,서울특별시 금천구 시흥5동 271-20 ,2025-06-17,37.4503206,126.9105747
서울특별시 금천구청 도로과,시흥5동-3107,방범등,서울특별시 금천구 시흥5동 926-56,2025-06-17,37.4484906,126.9091682
서울특별시 금천구청 도로과,시흥5동-311,방범등,서울특별시 금천구 시흥5동 916-20,2025-06-17,37.4493818,126.9091769
서울특별시 금천구청 도로과,시흥5동-312,방범등,서울특별시 금천구 시흥5동 916-13,2025-06-17,37.4496306,126.9091505
서울특별시 금천구청 도로과,시흥5동-313,방범등,서울특별시 금천구 시흥5동 916,2025-06-17,37.4500659,126.9091878
서울특별시 금천구청 도로과,시흥5동-314,방범등,서울특별시 금천구 시흥5동 916,2025-06-17,37.4500659,126.9091878
서울특별시 금천구청 도로과,시흥5동-315,방범등,서울특별시 금천구 시흥5동 911-10 월편,2025-06-17,37.4506043,126.9090732
서울특별시 금천구청 도로과,시흥5동-316,방범등,서울특별시 금천구 시흥5동 912,2025-06-17,37.4506906,126.9092680
서울특별시 금천구청 도로과,시흥5동-317,방범등,서울특별시 금천구 시흥5동 271-34,2025-06-17,37.4503487,126.9104007
서울특별시 금천구청 도로과,시흥5동-318,방범등,서울특별시 금천구 시흥5동 271-16,2025-06-17,37.4502982,126.9108271
서울특별시 금천구청 도로과,시흥5동-319,방범등,서울특별시 금천구 시흥5동 271-9,2025-06-17,37.4502891,126.9113119
서울특별시 금천구청 도로과,시흥5동-320,방범등,서울특별시 금천구 시흥5동 271-35,2025-06-17,37.4504459,126.9104215
서울특별시 금천구청 도로과,시흥5동-321,방범등,서울특별시 금천구 시흥5동 271-27,2025-06-17,37.4501372,126.9109082
서울특별시 금천구청 도로과,시흥5동-322,방범등,서울특별시 금천구 시흥5동 272-9,2025-06-17,37.4501448,126.9103455
서울특별시 금천구청 도로과,시흥5동-323,방범등,서울특별시 금천구 시흥5동 913-1,2025-06-17,37.4500226,126.9097804
서울특별시 금천구청 도로과,시흥5동-324,방범등,서울특별시 금천구 시흥5동 916-21,2025-06-17,37.4500487,126.9095048
서울특별시 금천구청 도로과,시흥5동-325,방범등,서울특별시 금천구 시흥5동 916-8,2025-06-17,37.4498386,126.9094463
서울특별시 금천구청 도로과,시흥5동-326,방범등,서울특별시 금천구 시흥5동 916-15,2025-06-17,37.4496394,126.9094305
서울특별시 금천구청 도로과,시흥5동-327,방범등,서울특별시 금천구 시흥5동 913-7,2025-06-17,37.4494891,126.9096448
서울특별시 금천구청 도로과,시흥5동-328,방범등,서울특별시 금천구 시흥5동 384-6,2025-06-17,37.4494519,126.9099133
서울특별시 금천구청 도로과,시흥5동-329,방범등,서울특별시 금천구 시흥5동 914,2025-06-17,37.4493160,126.9096957
서울특별시 금천구청 도로과,시흥5동-330,방범등,서울특별시 금천구 시흥5동 914-4,2025-06-17,37.4491327,126.9097791
서울특별시 금천구청 도로과,시흥5동-331,방범등,서울특별시 금천구 시흥5동 914-5,2025-06-17,37.4491678,126.9099047
서울특별시 금천구청 도로과,시흥5동-332,방범등,서울특별시 금천구 시흥5동 914-11,2025-06-17,37.4489280,126.9099175
서울특별시 금천구청 도로과,시흥5동-333,방범등,서울특별시 금천구 시흥5동 914-12,2025-06-17,37.4487548,126.9100021
서울특별시 금천구청 도로과,시흥5동-334,방범등,서울특별시 금천구 시흥5동 914-14,2025-06-17,37.4486700,126.9102474
서울특별시 금천구청 도로과,시흥5동-335,방범등,서울특별시 금천구 시흥5동 915-19,2025-06-17,37.4489535,126.9093769
서울특별시 금천구청 도로과,시흥5동-336,방범등,서울특별시 금천구 시흥5동 915-09,2025-06-17,37.4490947,126.9093733
서울특별시 금천구청 도로과,시흥5동-337,방범등,서울특별시 금천구 시흥5동 915-24,2025-06-17,37.4490338,126.9089943
서울특별시 금천구청 도로과,시흥5동-338,방범등,서울특별시 금천구 시흥5동 926-01,2025-06-17,37.4489435,126.9087431
서울특별시 금천구청 도로과,시흥5동-339,방범등,서울특별시 금천구 시흥5동 926-02 대문,2025-06-17,37.4488656,126.9087971
서울특별시 금천구청 도로과,시흥5동-340,방범등,서울특별시 금천구 시흥5동 926-12,2025-06-17,37.4485468,126.9090012
서울특별시 금천구청 도로과,시흥5동-341,방범등,서울특별시 금천구 시흥5동 926-27,2025-06-17,37.4479360,126.9090468
서울특별시 금천구청 도로과,시흥5동-342,방범등,서울특별시 금천구 시흥5동 926-22,2025-06-17,37.4481178,126.9092298
서울특별시 금천구청 도로과,시흥5동-343,방범등,서울특별시 금천구 시흥5동 926-33,2025-06-17,37.4477448,126.9092647
서울특별시 금천구청 도로과,시흥5동-344,방범등,서울특별시 금천구 시흥5동 930-17,2025-06-17,37.4472296,126.9090938
서울특별시 금천구청 도로과,시흥5동-345,방범등,서울특별시 금천구 시흥5동 916-19,2025-06-17,37.4493901,126.9093521
서울특별시 금천구청 도로과,시흥5동-346,방범등,서울특별시 금천구 시흥5동 929-11,2025-06-17,37.4468527,126.9099936
서울특별시 금천구청 도로과,시흥5동-347,방범등,서울특별시 금천구 시흥5동 929-14,2025-06-17,37.4469324,126.9098402
서울특별시 금천구청 도로과,시흥5동-348,방범등,서울특별시 금천구 시흥5동 929-19,2025-06-17,37.4471517,126.9098801
서울특별시 금천구청 도로과,시흥5동-349,방범등,서울특별시 금천구 시흥5동 928-15 송란빌라 앞,2025-06-17,37.4473207,126.9100218
서울특별시 금천구청 도로과,시흥5동-350,방범등,서울특별시 금천구 시흥5동 929-25,2025-06-17,37.4472902,126.9096708
서울특별시 금천구청 도로과,시흥5동-351,방범등,서울특별시 금천구 시흥5동 928-13,2025-06-17,37.4474530,126.9099651
서울특별시 금천구청 도로과,시흥5동-352,방범등,서울특별시 금천구 시흥5동 928-06,2025-06-17,37.4477987,126.9098293
서울특별시 금천구청 도로과,시흥5동-353,방범등,서울특별시 금천구 시흥5동 929-02,2025-06-17,37.4475241,126.9094487
서울특별시 금천구청 도로과,시흥5동-354,방범등,서울특별시 금천구 시흥5동 928-00,2025-06-17,37.4480312,126.9097050
서울특별시 금천구청 도로과,시흥5동-355,방범등,서울특별시 금천구 시흥5동 926-46,2025-06-17,37.4480671,126.9093530
서울특별시 금천구청 도로과,시흥5동-356,방범등,서울특별시 금천구 시흥5동 928-04,2025-06-17,37.4479441,126.9099757
서울특별시 금천구청 도로과,시흥5동-357,방범등,서울특별시 금천구 시흥5동 928-26,2025-06-17,37.4478590,126.9101138
서울특별시 금천구청 도로과,시흥5동-358,방범등,서울특별시 금천구 시흥5동 928-28 월편(신도브래뉴A 측),2025-06-17,37.4477848,126.9102113
서울특별시 금천구청 도로과,시흥5동-359,방범등,서울특별시 금천구 시흥5동 928-30 월편(신도브래뉴A 측),2025-06-17,37.4476692,126.9102166
서울특별시 금천구청 도로과,시흥5동-360,방범등,서울특별시 금천구 시흥5동 928-32,2025-06-17,37.4474382,126.9102081
서울특별시 금천구청 도로과,시흥5동-361,방범등,서울특별시 금천구 시흥5동 928-33 옆 송란빌라 뒤,2025-06-17,37.4473705,126.9101277
서울특별시 금천구청 도로과,시흥5동-362,방범등,서울특별시 금천구 시흥5동 927-08,2025-06-17,37.4482401,126.9096120
서울특별시 금천구청 도로과,시흥5동-363,방범등,서울특별시 금천구 시흥5동 926-48,2025-06-17,37.4481955,126.9094097
서울특별시 금천구청 도로과,시흥5동-364,방범등,서울특별시 금천구 시흥5동 927-05 세진빌라 입구,2025-06-17,37.4484988,126.9095617
서울특별시 금천구청 도로과,시흥5동-365,방범등,서울특별시 금천구 시흥5동 927-03 시흥5치안센터 옥상,2025-06-17,37.4486133,126.9094870
서울특별시 금천구청 도로과,시흥5동-366,방범등,서울특별시 금천구 시흥5동 926-61,2025-06-17,37.4487394,126.9090234
서울특별시 금천구청 도로과,시흥5동-367,방범등,서울특별시 금천구 시흥5동 927-00,2025-06-17,37.4487662,126.9093567
서울특별시 금천구청 도로과,시흥5동-368,방범등,서울특별시 금천구 시흥5동 927-12,2025-06-17,37.4485366,126.9101724
서울특별시 금천구청 도로과,시흥5동-369,방범등,서울특별시 금천구 시흥5동 927-26,2025-06-17,37.4482642,126.9101283
서울특별시 금천구청 도로과,시흥5동-380,방범등,서울특별시 금천구 시흥5동 927-18,2025-06-17,37.4485902,126.9097770
서울특별시 금천구청 도로과,시흥5동-382,방범등,서울특별시 금천구 시흥5동 272-12,2025-06-17,37.4502618,126.9100997
서울특별시 금천구청 도로과,시흥5동-383,방범등,서울특별시 금천구 시흥5동 927-05 세진빌라 안쪽 주차장,2025-06-17,37.4484988,126.9095617
서울특별시 금천구청 도로과,시흥5동-384,방범등,서울특별시 금천구 시흥5동 915-16,2025-06-17,37.4488274,126.9097032
서울특별시 금천구청 도로과,시흥5동-384,방범등,서울특별시 금천구 시흥5동 915-16,2025-06-17,37.4488274,126.9097032
서울특별시 금천구청 도로과,시흥5동-385,방범등,서울특별시 금천구 시흥5동 917-36,2025-06-17,37.4492344,126.9085224
서울특별시 금천구청 도로과,시흥5동-386,방범등,서울특별시 금천구 시흥5동 384-12,2025-06-17,37.4493791,126.9107070
서울특별시 금천구청 도로과,시흥5동-387,방범등,서울특별시 금천구 시흥5동 384-24,2025-06-17,37.4485965,126.9111819
서울특별시 금천구청 도로과,시흥5동-388,방범등,서울특별시 금천구 시흥5동 산73-7,2025-06-17,37.4411764,126.9176126
서울특별시 금천구청 도로과,시흥5동-389,방범등,서울특별시 금천구 시흥5동 917 거주자주차장 안(917-13월편),2025-06-17,37.4501159,126.9085973
서울특별시 금천구청 도로과,시흥5동-390,방범등,서울특별시 금천구 시흥5동 917 거주자주차장 안(917-7월편),2025-06-17,37.4501159,126.9085973
서울특별시 금천구청 도로과,시흥5동-391,방범등,서울특별시 금천구 시흥5동 917 거주자주차장 안(917-8 옆),2025-06-17,37.4501159,126.9085973
서울특별시 금천구청 도로과,시흥5동-392,방범등,서울특별시 금천구 시흥5동 917 거주자주차장 안(917-18 옆),2025-06-17,37.4501159,126.9085973
서울특별시 금천구청 도로과,시흥5동-393,방범등,서울특별시 금천구 시흥5동 912,2025-06-17,37.4506906,126.9092680
서울특별시 금천구청 도로과,시흥5동-394,방범등,서울특별시 금천구 시흥5동 384-7,2025-06-17,37.4494357,126.9100412
서울특별시 금천구청 도로과,시흥5동-395,방범등,서울특별시 금천구 시흥5동 928-25,2025-06-17,37.4478066,126.9100480
서울특별시 금천구청 도로과,시흥5동-397,방범등,서울특별시 금천구 시흥5동 384-24,2025-06-17,37.4485965,126.9111819
서울특별시 금천구청 도로과,시흥5동-398,방범등,서울특별시 금천구 시흥5동 927-10,2025-06-17,37.4481699,126.9098763
서울특별시 금천구청 도로과,시흥5동-399,방범등,서울특별시 금천구 시흥5동 917 거주자주차장 안(917-2 옆),2025-06-17,37.4501159,126.9085973
서울특별시 금천구청 도로과,시흥5동-401,방범등,서울특별시 금천구 시흥5동 836-00 (은행공원),2025-06-17,37.4521206,126.9069976
서울특별시 금천구청 도로과,시흥5동-402,방범등,서울특별시 금천구 시흥5동 836-00 (은행공원),2025-06-17,37.4521206,126.9069976
서울특별시 금천구청 도로과,시흥5동-405,방범등,서울특별시 금천구 시흥5동 836-00 (은행공원),2025-06-17,37.4521206,126.9069976
서울특별시 금천구청 도로과,시흥5동-406,방범등,서울특별시 금천구 시흥5동 836-03,2025-06-17,37.4521314,126.9072181
서울특별시 금천구청 도로과,시흥5동-407,방범등,서울특별시 금천구 시흥5동 836-06,2025-06-17,37.4520798,126.9075362
서울특별시 금천구청 도로과,시흥5동-408,방범등,서울특별시 금천구 시흥5동 836-18,2025-06-17,37.4521540,126.9080144
서울특별시 금천구청 도로과,시흥5동-409,방범등,서울특별시 금천구 시흥5동 836-19,2025-06-17,37.4520695,126.9080026
서울특별시 금천구청 도로과,시흥5동-410,방범등,서울특별시 금천구 시흥5동 836-33,2025-06-17,37.4517495,126.9080052
서울특별시 금천구청 도로과,시흥5동-4100,방범등,서울특별시 금천구 시흥5동 244-38,2025-06-17,37.4510492,126.9125569
서울특별시 금천구청 도로과,시흥5동-4101,방범등,서울특별시 금천구 시흥5동 244-24,2025-06-17,37.4511766,126.9126754
서울특별시 금천구청 도로과,시흥5동-4102,방범등,서울특별시 금천구 시흥5동 263-14,2025-06-17,37.4504643,126.9123228
서울특별시 금천구청 도로과,시흥5동-4103,방범등,서울특별시 금천구 시흥5동 263-7,2025-06-17,37.4505896,126.9122478
서울특별시 금천구청 도로과,시흥5동-4104,방범등,서울특별시 금천구 시흥5동 263-9,2025-06-17,37.4507715,126.9123137
서울특별시 금천구청 도로과,시흥5동-4105,방범등,서울특별시 금천구 시흥5동 1012 백운한비치A 우측,2025-06-17,37.4514449,126.9118661
서울특별시 금천구청 도로과,시흥5동-4106,방범등,서울특별시 금천구 시흥5동 1012 백운한비치아파트,2025-06-17,37.4514449,126.9118661
서울특별시 금천구청 도로과,시흥5동-4107,방범등,서울특별시 금천구 시흥5동 1014 금광포란채A 우측,2025-06-17,37.4510142,126.9115365
서울특별시 금천구청 도로과,시흥5동-4108,방범등,서울특별시 금천구 시흥5동 247-17,2025-06-17,37.4513852,126.9112152
서울특별시 금천구청 도로과,시흥5동-4109,방범등,서울특별시 금천구 시흥5동 1014 금광포란채A 우측,2025-06-17,37.4510142,126.9115365
서울특별시 금천구청 도로과,시흥5동-411,방범등,서울특별시 금천구 시흥5동 836-32,2025-06-17,37.4517465,126.9078956
서울특별시 금천구청 도로과,시흥5동-4110,방범등,서울특별시 금천구 시흥5동 249-3 헤어라인,2025-06-17,37.4512745,126.9107917
서울특별시 금천구청 도로과,시흥5동-4111,방범등,서울특별시 금천구 시흥5동 248-11,2025-06-17,37.4516868,126.9110233
서울특별시 금천구청 도로과,시흥5동-4112,방범등,서울특별시 금천구 시흥5동 247-12,2025-06-17,37.4515508,126.9113634
서울특별시 금천구청 도로과,시흥5동-4113,방범등,서울특별시 금천구 시흥5동 247-16,2025-06-17,37.4514531,126.9113463
서울특별시 금천구청 도로과,시흥5동-4114,방범등,서울특별시 금천구 시흥5동 247-19,2025-06-17,37.4518053,126.9116275
서울특별시 금천구청 도로과,시흥5동-4115,방범등,서울특별시 금천구 시흥5동 263-15,2025-06-17,37.4503580,126.9123227
서울특별시 금천구청 도로과,시흥5동-4116,방범등,서울특별시 금천구 시흥5동 832-00,2025-06-17,37.4532905,126.9083388
서울특별시 금천구청 도로과,시흥5동-4117,방범등,서울특별시 금천구 시흥5동 220-073,2025-06-17,37.4518851,126.9109066
서울특별시 금천구청 도로과,시흥5동-4118,방범등,서울특별시 금천구 시흥5동 827-19,2025-06-17,37.4519876,126.9107085
서울특별시 금천구청 도로과,시흥5동-4119,방범등,서울특별시 금천구 시흥5동 836-20,2025-06-17,37.4519353,126.9079883
서울특별시 금천구청 도로과,시흥5동-412,방범등,서울특별시 금천구 시흥5동 836-25,2025-06-17,37.4519660,126.9077852
서울특별시 금천구청 도로과,시흥5동-4120,방범등,서울특별시 금천구 시흥5동 184-6,2025-06-17,37.4538251,126.9096929
서울특별시 금천구청 도로과,시흥5동-4121,방범등,서울특별시 금천구 시흥5동 824-19,2025-06-17,37.4530827,126.9099833
서울특별시 금천구청 도로과,시흥5동-4122,방범등,서울특별시 금천구 시흥5동 827,2025-06-17,37.4520584,126.9088706
서울특별시 금천구청 도로과,시흥5동-4123,방범등,서울특별시 금천구 시흥5동 203-19,2025-06-17,37.4529010,126.9103272
서울특별시 금천구청 도로과,시흥5동-4124,방범등,서울특별시 금천구 시흥5동 828-10,2025-06-17,37.4516717,126.9090569
서울특별시 금천구청 도로과,시흥5동-4125,방범등,서울특별시 금천구 시흥5동 832-23,2025-06-17,37.4530503,126.9085453
서울특별시 금천구청 도로과,시흥5동-4126,방범등,서울특별시 금천구 시흥5동 826-41,2025-06-17,37.4521457,126.9106428
서울특별시 금천구청 도로과,시흥5동-4127,방범등,서울특별시 금천구 시흥5동 830-15,2025-06-17,37.4509869,126.9097902
서울특별시 금천구청 도로과,시흥5동-4128,방범등,서울특별시 금천구 시흥5동 259-5,2025-06-17,37.4507819,126.9113189
서울특별시 금천구청 도로과,시흥5동-4129,방범등,서울특별시 금천구 시흥5동 828-36,2025-06-17,37.4513503,126.9091699
서울특별시 금천구청 도로과,시흥5동-413,방범등,서울특별시 금천구 시흥5동 836-11,2025-06-17,37.4519031,126.9076683
서울특별시 금천구청 도로과,시흥5동-4130,방범등,서울특별시 금천구 시흥5동 836-20,2025-06-17,37.4519353,126.9079883
서울특별시 금천구청 도로과,시흥5동-4131,방범등,서울특별시 금천구 시흥5동 825-29,2025-06-17,37.4527140,126.9100676
서울특별시 금천구청 도로과,시흥5동-4132,방범등,서울특별시 금천구 시흥5동 828-34,2025-06-17,37.4513879,126.9097067
서울특별시 금천구청 도로과,시흥5동-4133,방범등,서울특별시 금천구 시흥5동 262-4 범일운수 주차장 앞,2025-06-17,37.4505109,126.9118650
서울특별시 금천구청 도로과,시흥5동-414,방범등,서울특별시 금천구 시흥5동 830-00,2025-06-17,37.4511425,126.9090198
서울특별시 금천구청 도로과,시흥5동-416,방범등,서울특별시 금천구 시흥5동 830-5,2025-06-17,37.4509438,126.9094881
서울특별시 금천구청 도로과,시흥5동-418,방범등,서울특별시 금천구 시흥5동 259-5 정문 입구좌측,2025-06-17,37.4507819,126.9113189
서울특별시 금천구청 도로과,시흥5동-421,방범등,서울특별시 금천구 시흥5동 828-29,2025-06-17,37.4514102,126.9102594
서울특별시 금천구청 도로과,시흥5동-422,방범등,서울특별시 금천구 시흥5동 828-38,2025-06-17,37.4512940,126.9089742
서울특별시 금천구청 도로과,시흥5동-423,방범등,서울특별시 금천구 시흥5동 249-11,2025-06-17,37.4509816,126.9103690
서울특별시 금천구청 도로과,시흥5동-424,방범등,서울특별시 금천구 시흥5동 249-9,2025-06-17,37.4511355,126.9105049
서울특별시 금천구청 도로과,시흥5동-425,방범등,서울특별시 금천구 시흥5동 249-3 동진부동산,2025-06-17,37.4512745,126.9107917
서울특별시 금천구청 도로과,시흥5동-426,방범등,서울특별시 금천구 시흥5동 249-07,2025-06-17,37.4511027,126.9106088
서울특별시 금천구청 도로과,시흥5동-427,방범등,서울특별시 금천구 시흥5동 1014-0 (255-2),2025-06-17,37.4510142,126.9115365
서울특별시 금천구청 도로과,시흥5동-428,방범등,서울특별시 금천구 시흥5동 254-2,2025-06-17,37.4509607,126.9110543
서울특별시 금천구청 도로과,시흥5동-429,방범등,서울특별시 금천구 시흥5동 259-05,2025-06-17,37.4507819,126.9113189
서울특별시 금천구청 도로과,시흥5동-430,방범등,서울특별시 금천구 시흥5동 259-4,2025-06-17,37.4507467,126.9114896
서울특별시 금천구청 도로과,시흥5동-431,방범등,서울특별시 금천구 시흥5동 260-02,2025-06-17,37.4508293,126.9111290
서울특별시 금천구청 도로과,시흥5동-432,방범등,서울특별시 금천구 시흥5동 253-14,2025-06-17,37.4507199,126.9109110
서울특별시 금천구청 도로과,시흥5동-433,방범등,서울특별시 금천구 시흥5동 253-05,2025-06-17,37.4509632,126.9106029
서울특별시 금천구청 도로과,시흥5동-434,방범등,서울특별시 금천구 시흥5동 253-7,2025-06-17,37.4508969,126.9104509
서울특별시 금천구청 도로과,시흥5동-435,방범등,서울특별시 금천구 시흥5동 836-18,2025-06-17,37.4521540,126.9080144
서울특별시 금천구청 도로과,시흥5동-436,방범등,서울특별시 금천구 시흥5동 832-14,2025-06-17,37.4523663,126.9083041
서울특별시 금천구청 도로과,시흥5동-437,방범등,서울특별시 금천구 시흥5동 832-14,2025-06-17,37.4523663,126.9083041
서울특별시 금천구청 도로과,시흥5동-438,방범등,서울특별시 금천구 시흥5동 832-14,2025-06-17,37.4523663,126.9083041
서울특별시 금천구청 도로과,시흥5동-440,방범등,서울특별시 금천구 시흥5동 827-46,2025-06-17,37.4518728,126.9089411
서울특별시 금천구청 도로과,시흥5동-441,방범등,서울특별시 금천구 시흥5동 828-09,2025-06-17,37.4515693,126.9090482
서울특별시 금천구청 도로과,시흥5동-442,방범등,서울특별시 금천구 시흥5동 827-43,2025-06-17,37.4518495,126.9093351
서울특별시 금천구청 도로과,시흥5동-443,방범등,서울특별시 금천구 시흥5동 828-48,2025-06-17,37.4515239,126.9095437
서울특별시 금천구청 도로과,시흥5동-444,방범등,서울특별시 금천구 시흥5동 827-38,2025-06-17,37.4517936,126.9095982
서울특별시 금천구청 도로과,시흥5동-445,방범등,서울특별시 금천구 시흥5동 827-35,2025-06-17,37.4517698,126.9098942
서울특별시 금천구청 도로과,시흥5동-446,방범등,서울특별시 금천구 시흥5동 827-30,2025-06-17,37.4518675,126.9101495
서울특별시 금천구청 도로과,시흥5동-447,방범등,서울특별시 금천구 시흥5동 827-29,2025-06-17,37.4517766,126.9102261
서울특별시 금천구청 도로과,시흥5동-448,방범등,서울특별시 금천구 시흥5동 828-49,2025-06-17,37.4516017,126.9104079
서울특별시 금천구청 도로과,시흥5동-449,방범등,서울특별시 금천구 시흥5동 827-28,2025-06-17,37.4517772,126.9103754
서울특별시 금천구청 도로과,시흥5동-451,방범등,서울특별시 금천구 시흥5동 827-230 우리보습학원,2025-06-17,,
서울특별시 금천구청 도로과,시흥5동-452,방범등,서울특별시 금천구 시흥5동 827-22,2025-06-17,37.4518930,126.9106886
서울특별시 금천구청 도로과,시흥5동-453,방범등,서울특별시 금천구 시흥5동 220-73,2025-06-17,37.4518851,126.9109066
서울특별시 금천구청 도로과,시흥5동-454,방범등,서울특별시 금천구 시흥5동 827-18,2025-06-17,37.4519460,126.9105318
서울특별시 금천구청 도로과,시흥5동-455,방범등,서울특별시 금천구 시흥5동 827-17,2025-06-17,37.4519676,126.9103817
서울특별시 금천구청 도로과,시흥5동-456,방범등,서울특별시 금천구 시흥5동 826-27,2025-06-17,37.4522224,126.9100684
서울특별시 금천구청 도로과,시흥5동-457,방범등,서울특별시 금천구 시흥5동 827-12,2025-06-17,37.4520435,126.9098585
서울특별시 금천구청 도로과,시흥5동-458,방범등,서울특별시 금천구 시흥5동 827-9,2025-06-17,37.4519696,126.9096009
서울특별시 금천구청 도로과,시흥5동-459,방범등,서울특별시 금천구 시흥5동 827-3,2025-06-17,37.4520301,126.9092346
서울특별시 금천구청 도로과,시흥5동-460,방범등,서울특별시 금천구 시흥5동 832-20,2025-06-17,37.4526758,126.9085409
서울특별시 금천구청 도로과,시흥5동-461,방범등,서울특별시 금천구 시흥5동 825-41,2025-06-17,37.4526611,126.9090609
서울특별시 금천구청 도로과,시흥5동-462,방범등,서울특별시 금천구 시흥5동 825-43,2025-06-17,37.4526421,126.9093631
서울특별시 금천구청 도로과,시흥5동-463,방범등,서울특별시 금천구 시흥5동 825-45,2025-06-17,37.4526228,126.9096670
서울특별시 금천구청 도로과,시흥5동-464,방범등,서울특별시 금천구 시흥5동 172-10,2025-06-17,37.4543483,126.9095172
서울특별시 금천구청 도로과,시흥5동-465,방범등,서울특별시 금천구 시흥5동 825-43,2025-06-17,37.4526421,126.9093631
서울특별시 금천구청 도로과,시흥5동-466,방범등,서울특별시 금천구 시흥5동 825-31,2025-06-17,37.4526271,126.9099480
서울특별시 금천구청 도로과,시흥5동-467,방범등,서울특별시 금천구 시흥5동 825-27,2025-06-17,37.4526098,126.9101847
서울특별시 금천구청 도로과,시흥5동-468,방범등,서울특별시 금천구 시흥5동 825-23,2025-06-17,37.4527078,126.9103006
서울특별시 금천구청 도로과,시흥5동-469,방범등,서울특별시 금천구 시흥5동 200-21,2025-06-17,37.4527542,126.9104205
서울특별시 금천구청 도로과,시흥5동-470,방범등,서울특별시 금천구 시흥5동 824-21,2025-06-17,37.4530476,126.9101243
서울특별시 금천구청 도로과,시흥5동-471,방범등,서울특별시 금천구 시흥5동 824-16,2025-06-17,37.4531217,126.9098268
서울특별시 금천구청 도로과,시흥5동-472,방범등,서울특별시 금천구 시흥5동 824-16,2025-06-17,37.4531217,126.9098268
서울특별시 금천구청 도로과,시흥5동-473,방범등,서울특별시 금천구 시흥5동 824-13,2025-06-17,37.4532802,126.9097100
서울특별시 금천구청 도로과,시흥5동-474,방범등,서울특별시 금천구 시흥5동 824-14,2025-06-17,37.4531594,126.9096563
서울특별시 금천구청 도로과,시흥5동-475,방범등,서울특별시 금천구 시흥5동 824-22,2025-06-17,37.4532489,126.9094475
서울특별시 금천구청 도로과,시흥5동-476,방범등,서울특별시 금천구 시흥5동 824-9,2025-06-17,37.4532301,126.9092579
서울특별시 금천구청 도로과,시흥5동-477,방범등,서울특별시 금천구 시흥5동 824-6,2025-06-17,37.4533535,126.9090947
서울특별시 금천구청 도로과,시흥5동-478,방범등,서울특별시 금천구 시흥5동 824-4,2025-06-17,37.4533686,126.9089712
서울특별시 금천구청 도로과,시흥5동-479,방범등,서울특별시 금천구 시흥5동 825-0,2025-06-17,37.4530922,126.9089171
서울특별시 금천구청 도로과,시흥5동-480,방범등,서울특별시 금천구 시흥5동 825-9,2025-06-17,37.4528830,126.9091985
서울특별시 금천구청 도로과,시흥5동-481,방범등,서울특별시 금천구 시흥5동 825-38,2025-06-17,37.4527985,126.9089463
서울특별시 금천구청 도로과,시흥5동-482,방범등,서울특별시 금천구 시흥5동 824-02,2025-06-17,37.4534941,126.9089955
서울특별시 금천구청 도로과,시흥5동-483,방범등,서울특별시 금천구 시흥5동 203-18,2025-06-17,37.4530374,126.9103066
서울특별시 금천구청 도로과,시흥5동-484,방범등,서울특별시 금천구 시흥5동 203-11,2025-06-17,37.4531618,126.9104421
서울특별시 금천구청 도로과,시흥5동-485,방범등,서울특별시 금천구 시흥5동 204-15 ,2025-06-17,37.4532607,126.9104273
서울특별시 금천구청 도로과,시흥5동-486,방범등,서울특별시 금천구 시흥5동 204-14 ,2025-06-17,37.4533446,126.9104995
서울특별시 금천구청 도로과,시흥5동-488,방범등,서울특별시 금천구 시흥5동 184-0,2025-06-17,37.4534540,126.9097810
서울특별시 금천구청 도로과,시흥5동-489,방범등,서울특별시 금천구 시흥5동 826-32,2025-06-17,37.4523715,126.9104506
서울특별시 금천구청 도로과,시흥5동-490,방범등,서울특별시 금천구 시흥5동 826-40,2025-06-17,37.4522319,126.9106864
서울특별시 금천구청 도로과,시흥5동-491,방범등,서울특별시 금천구 시흥5동 247-19,2025-06-17,37.4518053,126.9116275
서울특별시 금천구청 도로과,시흥5동-492,방범등,서울특별시 금천구 시흥5동 246-8,2025-06-17,37.4516860,126.9121578
서울특별시 금천구청 도로과,시흥5동-493,방범등,서울특별시 금천구 시흥5동 244-32,2025-06-17,37.4515163,126.9123743
서울특별시 금천구청 도로과,시흥5동-494,방범등,서울특별시 금천구 시흥5동 244-31,2025-06-17,37.4514940,126.9125193
서울특별시 금천구청 도로과,시흥5동-495,방범등,서울특별시 금천구 시흥5동 244-28,2025-06-17,37.4513381,126.9126146
서울특별시 금천구청 도로과,시흥5동-496,방범등,서울특별시 금천구 시흥5동 244-33,2025-06-17,37.4514238,126.9123222
서울특별시 금천구청 도로과,시흥5동-497,방범등,서울특별시 금천구 시흥5동 244-26,2025-06-17,37.4511917,126.9125178
서울특별시 금천구청 도로과,시흥5동-498,방범등,서울특별시 금천구 시흥5동 244-40,2025-06-17,37.4511099,126.9124638
서울특별시 금천구청 도로과,시흥5동-499,방범등,서울특별시 금천구 시흥5동 244-52,2025-06-17,37.4511795,126.9122830
서울특별시 금천구청 도로과,시흥5동-501,방범등,서울특별시 금천구 시흥5동 220-64,2025-06-17,37.4523110,126.9113359
서울특별시 금천구청 도로과,시흥5동-502,방범등,서울특별시 금천구 시흥5동 220-64,2025-06-17,37.4523110,126.9113359
서울특별시 금천구청 도로과,시흥5동-503,방범등,서울특별시 금천구 시흥5동 220-110,2025-06-17,37.4523297,126.9111661
서울특별시 금천구청 도로과,시흥5동-504,방범등,서울특별시 금천구 시흥5동 199,2025-06-17,37.4523179,126.9109680
서울특별시 금천구청 도로과,시흥5동-505,방범등,서울특별시 금천구 시흥5동 220-65,2025-06-17,37.4526209,126.9112019
서울특별시 금천구청 도로과,시흥5동-506,방범등,서울특별시 금천구 시흥5동 200-12,2025-06-17,37.4524190,126.9106243
서울특별시 금천구청 도로과,시흥5동-507,방범등,서울특별시 금천구 시흥5동 203-15,2025-06-17,37.4529817,126.9106924
서울특별시 금천구청 도로과,시흥5동-508,방범등,서울특별시 금천구 시흥5동 203-14,2025-06-17,37.4529815,126.9108076
서울특별시 금천구청 도로과,시흥5동-509,방범등,서울특별시 금천구 시흥5동 203-13,2025-06-17,37.4529788,126.9109210
서울특별시 금천구청 도로과,시흥5동-510,방범등,서울특별시 금천구 시흥5동 203-08,2025-06-17,37.4531390,126.9107786
서울특별시 금천구청 도로과,시흥5동-5100,방범등,서울특별시 금천구 시흥5동 245-5 월편,2025-06-17,37.4517216,126.9128685
서울특별시 금천구청 도로과,시흥5동-5101,방범등,서울특별시 금천구 시흥5동 224-1 청담어린이집 좌측,2025-06-17,37.4520937,126.9131091
서울특별시 금천구청 도로과,시흥5동-5102,방범등,서울특별시 금천구 시흥5동 224-1 청담어린이집 우측 옆,2025-06-17,37.4520937,126.9131091
서울특별시 금천구청 도로과,시흥5동-5103,방범등,서울특별시 금천구 시흥5동 228-44,2025-06-17,37.4521799,126.9137561
서울특별시 금천구청 도로과,시흥5동-5104,방범등,서울특별시 금천구 시흥5동 228-39,2025-06-17,37.4520830,126.9140990
서울특별시 금천구청 도로과,시흥5동-5105,방범등,서울특별시 금천구 시흥5동 228-04,2025-06-17,37.4522028,126.9141685
서울특별시 금천구청 도로과,시흥5동-5106,방범등,서울특별시 금천구 시흥5동 228-38,2025-06-17,37.4521048,126.9142916
서울특별시 금천구청 도로과,시흥5동-5107,방범등,서울특별시 금천구 시흥5동 218-14,2025-06-17,37.4537698,126.9125219
서울특별시 금천구청 도로과,시흥5동-5108,방범등,서울특별시 금천구 시흥5동 222-015,2025-06-17,37.4526466,126.9130517
서울특별시 금천구청 도로과,시흥5동-5109,방범등,서울특별시 금천구 시흥5동 220-65,2025-06-17,37.4526209,126.9112019
서울특별시 금천구청 도로과,시흥5동-511,방범등,서울특별시 금천구 시흥5동 203-05,2025-06-17,37.4530235,126.9110372
서울특별시 금천구청 도로과,시흥5동-5110,방범등,서울특별시 금천구 시흥5동 210-1,2025-06-17,37.4541750,126.9114567
서울특별시 금천구청 도로과,시흥5동-5111,방범등,서울특별시 금천구 시흥5동 214-13,2025-06-17,37.4541516,126.9116647
서울특별시 금천구청 도로과,시흥5동-5112,방범등,서울특별시 금천구 시흥5동 200-2,2025-06-17,37.4526139,126.9107569
서울특별시 금천구청 도로과,시흥5동-5113,방범등,서울특별시 금천구 시흥5동 212-11,2025-06-17,37.4533359,126.9113525
서울특별시 금천구청 도로과,시흥5동-5114,방범등,서울특별시 금천구 시흥5동 218-21,2025-06-17,37.4532953,126.9124179
서울특별시 금천구청 도로과,시흥5동-5115,방범등,서울특별시 금천구 시흥5동 219-8,2025-06-17,37.4528328,126.9121189
서울특별시 금천구청 도로과,시흥5동-5116,방범등,서울특별시 금천구 시흥5동 220-53,2025-06-17,37.4529003,126.9125526
서울특별시 금천구청 도로과,시흥5동-5117,방범등,서울특별시 금천구 시흥5동 224-1,2025-06-17,37.4520937,126.9131091
서울특별시 금천구청 도로과,시흥5동-5118,방범등,서울특별시 금천구 시흥5동 212-13,2025-06-17,37.4532235,126.9113404
서울특별시 금천구청 도로과,시흥5동-5119,방범등,서울특별시 금천구 시흥5동 833-3 늘해랑,2025-06-17,37.4533288,126.9070616
서울특별시 금천구청 도로과,시흥5동-512,방범등,서울특별시 금천구 시흥5동 203-08,2025-06-17,37.4531390,126.9107786
서울특별시 금천구청 도로과,시흥5동-5120,방범등,서울특별시 금천구 시흥5동 834 금강파크빌,2025-06-17,37.4530579,126.9069982
서울특별시 금천구청 도로과,시흥5동-5121,방범등,서울특별시 금천구 시흥5동 835-1,2025-06-17,37.4525433,126.9069634
서울특별시 금천구청 도로과,시흥5동-5122,방범등,서울특별시 금천구 시흥5동 919,2025-06-17,37.4500418,126.9065698
서울특별시 금천구청 도로과,시흥5동-5123,방범등,서울특별시 금천구 시흥5동 922-4,2025-06-17,37.4499182,126.9062907
서울특별시 금천구청 도로과,시흥5동-5124,방범등,서울특별시 금천구 시흥5동 923-12,2025-06-17,37.4493367,126.9062900
서울특별시 금천구청 도로과,시흥5동-5126,방범등,서울특별시 금천구 시흥5동 837-05,2025-06-17,37.4535691,126.9068039
서울특별시 금천구청 도로과,시흥5동-5127,방범등,서울특별시 금천구 시흥5동 271-5,2025-06-17,37.4501484,126.9118817
서울특별시 금천구청 도로과,시흥5동-5128,방범등,서울특별시 금천구 시흥5동 262-4,2025-06-17,37.4505109,126.9118650
서울특별시 금천구청 도로과,시흥5동-5129,방범등,서울특별시 금천구 시흥5동 262-4(범일운수),2025-06-17,37.4505109,126.9118650
서울특별시 금천구청 도로과,시흥5동-513,방범등,서울특별시 금천구 시흥5동 212-13,2025-06-17,37.4532235,126.9113404
서울특별시 금천구청 도로과,시흥5동-5130,방범등,서울특별시 금천구 시흥5동 922-15,2025-06-17,37.4496923,126.9062277
서울특별시 금천구청 도로과,시흥5동-5131,방범등,서울특별시 금천구 시흥5동 208-5,2025-06-17,37.4540835,126.9096746
서울특별시 금천구청 도로과,시흥5동-5132,방범등,서울특별시 금천구 시흥5동 922-46,2025-06-17,37.4490348,126.9056569
서울특별시 금천구청 도로과,시흥5동-5134,방범등,서울특별시 금천구 시흥5동 922,2025-06-17,37.4500045,126.9059623
서울특별시 금천구청 도로과,시흥5동-5136,방범등,서울특별시 금천구 시흥5동 934-28,2025-06-17,37.4482903,126.9054476
서울특별시 금천구청 도로과,시흥5동-5137,방범등,서울특별시 금천구 시흥5동 203-12,2025-06-17,37.4531736,126.9103305
서울특별시 금천구청 도로과,시흥5동-5138,방범등,서울특별시 금천구 시흥5동 1018,2025-06-17,37.4534953,126.9097244
서울특별시 금천구청 도로과,시흥5동-5139,방범등,서울특별시 금천구 시흥5동 1018,2025-06-17,37.4534953,126.9097244
서울특별시 금천구청 도로과,시흥5동-514,방범등,서울특별시 금천구 시흥5동 212-11,2025-06-17,37.4533359,126.9113525
서울특별시 금천구청 도로과,시흥5동-5140,방범등,서울특별시 금천구 시흥5동 1018,2025-06-17,37.4534953,126.9097244
서울특별시 금천구청 도로과,시흥5동-5141,방범등,서울특별시 금천구 시흥5동 1018,2025-06-17,37.4534953,126.9097244
서울특별시 금천구청 도로과,시흥5동-5142,방범등,서울특별시 금천구 시흥5동 1018,2025-06-17,37.4534953,126.9097244
서울특별시 금천구청 도로과,시흥5동-5143,방범등,서울특별시 금천구 시흥5동 1018,2025-06-17,37.4534953,126.9097244
서울특별시 금천구청 도로과,시흥5동-515,방범등,서울특별시 금천구 시흥5동 204-04,2025-06-17,37.4534220,126.9108753
서울특별시 금천구청 도로과,시흥5동-516,방범등,서울특별시 금천구 시흥5동 210-9,2025-06-17,37.4537132,126.9109719
서울특별시 금천구청 도로과,시흥5동-517,방범등,서울특별시 금천구 시흥5동 210-09,2025-06-17,37.4537132,126.9109719
서울특별시 금천구청 도로과,시흥5동-518,방범등,서울특별시 금천구 시흥5동 210-08,2025-06-17,37.4537639,126.9110655
서울특별시 금천구청 도로과,시흥5동-519,방범등,서울특별시 금천구 시흥5동 210-10,2025-06-17,37.4539699,126.9113072
서울특별시 금천구청 도로과,시흥5동-520,방범등,서울특별시 금천구 시흥5동 210-03,2025-06-17,37.4540064,126.9114132
서울특별시 금천구청 도로과,시흥5동-521,방범등,서울특별시 금천구 시흥5동 210-1,2025-06-17,37.4541750,126.9114567
서울특별시 금천구청 도로과,시흥5동-522,방범등,서울특별시 금천구 시흥5동 210-1,2025-06-17,37.4541750,126.9114567
서울특별시 금천구청 도로과,시흥5동-523,방범등,서울특별시 금천구 시흥5동 214-5,2025-06-17,37.4542791,126.9117118
서울특별시 금천구청 도로과,시흥5동-524,방범등,서울특별시 금천구 시흥5동 211-1,2025-06-17,37.4538259,126.9117371
서울특별시 금천구청 도로과,시흥5동-525,방범등,서울특별시 금천구 시흥5동 214-04,2025-06-17,37.4539909,126.9119034
서울특별시 금천구청 도로과,시흥5동-526,방범등,서울특별시 금천구 시흥5동 212-01,2025-06-17,37.4537900,126.9118328
서울특별시 금천구청 도로과,시흥5동-527,방범등,서울특별시 금천구 시흥5동 218-14,2025-06-17,37.4537698,126.9125219
서울특별시 금천구청 도로과,시흥5동-528,방범등,서울특별시 금천구 시흥5동 214-09,2025-06-17,37.4540089,126.9120514
서울특별시 금천구청 도로과,시흥5동-531,방범등,서울특별시 금천구 시흥5동 214-10,2025-06-17,37.4541389,126.9119953
서울특별시 금천구청 도로과,시흥5동-532,방범등,서울특별시 금천구 시흥5동 214-11,2025-06-17,37.4542194,126.9120514
서울특별시 금천구청 도로과,시흥5동-534,방범등,서울특별시 금천구 시흥5동 215-02,2025-06-17,37.4543943,126.9116384
서울특별시 금천구청 도로과,시흥5동-535,방범등,서울특별시 금천구 시흥5동 218-14,2025-06-17,37.4537698,126.9125219
서울특별시 금천구청 도로과,시흥5동-536,방범등,서울특별시 금천구 시흥5동 218-48,2025-06-17,37.4534910,126.9119133
서울특별시 금천구청 도로과,시흥5동-537,방범등,서울특별시 금천구 시흥5동 212-04,2025-06-17,37.4535038,126.9116554
서울특별시 금천구청 도로과,시흥5동-538,방범등,서울특별시 금천구 시흥5동 211-7,2025-06-17,37.4536204,126.9116020
서울특별시 금천구청 도로과,시흥5동-539,방범등,서울특별시 금천구 시흥5동 211-3,2025-06-17,37.4536691,126.9113076
서울특별시 금천구청 도로과,시흥5동-540,방범등,서울특별시 금천구 시흥5동 218-33,2025-06-17,37.4533038,126.9120806
서울특별시 금천구청 도로과,시흥5동-541,방범등,서울특별시 금천구 시흥5동 218-8,2025-06-17,37.4535694,126.9122870
서울특별시 금천구청 도로과,시흥5동-542,방범등,서울특별시 금천구 시흥5동 218-18,2025-06-17,37.4534009,126.9125046
서울특별시 금천구청 도로과,시흥5동-543,방범등,서울특별시 금천구 시흥5동 218-09,2025-06-17,37.4531636,126.9121345
서울특별시 금천구청 도로과,시흥5동-544,방범등,서울특별시 금천구 시흥5동 218-12,2025-06-17,37.4532138,126.9119520
서울특별시 금천구청 도로과,시흥5동-545,방범등,서울특별시 금천구 시흥5동 218-25,2025-06-17,37.4532880,126.9117034
서울특별시 금천구청 도로과,시흥5동-546,방범등,서울특별시 금천구 시흥5동 218-57 방범초소,2025-06-17,37.4532024,126.9116973
서울특별시 금천구청 도로과,시흥5동-547,방범등,서울특별시 금천구 시흥5동 219-27,2025-06-17,37.4529027,126.9113028
서울특별시 금천구청 도로과,시흥5동-548,방범등,서울특별시 금천구 시흥5동 219-05,2025-06-17,37.4530628,126.9114887
서울특별시 금천구청 도로과,시흥5동-549,방범등,서울특별시 금천구 시흥5동 219-26,2025-06-17,37.4528738,126.9114143
서울특별시 금천구청 도로과,시흥5동-550,방범등,서울특별시 금천구 시흥5동 220-63,2025-06-17,37.4525120,126.9113305
서울특별시 금천구청 도로과,시흥5동-551,방범등,서울특별시 금천구 시흥5동 218-24,2025-06-17,37.4532388,126.9118131
서울특별시 금천구청 도로과,시흥5동-552,방범등,서울특별시 금천구 시흥5동 219-18,2025-06-17,37.4530792,126.9117780
서울특별시 금천구청 도로과,시흥5동-553,방범등,서울특별시 금천구 시흥5동 219-20,2025-06-17,37.4528982,126.9117181
서울특별시 금천구청 도로과,시흥5동-554,방범등,서울특별시 금천구 시흥5동 220-059,2025-06-17,37.4526087,126.9117388
서울특별시 금천구청 도로과,시흥5동-555,방범등,서울특별시 금천구 시흥5동 219-10,2025-06-17,37.4530094,126.9120217
서울특별시 금천구청 도로과,시흥5동-556,방범등,서울특별시 금천구 시흥5동 220-131,2025-06-17,37.4529645,126.9122736
서울특별시 금천구청 도로과,시흥5동-557,방범등,서울특별시 금천구 시흥5동 218-13,2025-06-17,37.4531625,126.9124638
서울특별시 금천구청 도로과,시흥5동-558,방범등,서울특별시 금천구 시흥5동 220-124,2025-06-17,37.4531574,126.9127952
서울특별시 금천구청 도로과,시흥5동-559,방범등,서울특별시 금천구 시흥5동 220-38,2025-06-17,37.4532594,126.9130650
서울특별시 금천구청 도로과,시흥5동-560,방범등,서울특별시 금천구 시흥5동 220-046,2025-06-17,37.4531155,126.9132597
서울특별시 금천구청 도로과,시흥5동-561,방범등,서울특별시 금천구 시흥5동 220-2 백상유치원,2025-06-17,37.4536091,126.9139171
서울특별시 금천구청 도로과,시흥5동-562,방범등,서울특별시 금천구 시흥5동 220-045,2025-06-17,37.4529804,126.9134000
서울특별시 금천구청 도로과,시흥5동-5627,방범등,서울특별시 금천구 시흥5동 935-66,2025-06-17,37.4478710,126.9051882
서울특별시 금천구청 도로과,시흥5동-5628,방범등,서울특별시 금천구 시흥5동 917-4,2025-06-17,37.4500858,126.9088636
서울특별시 금천구청 도로과,시흥5동-5629,방범등,서울특별시 금천구 시흥5동 930-21,2025-06-17,37.4470281,126.9090484
서울특별시 금천구청 도로과,시흥5동-563,방범등,서울특별시 금천구 시흥5동 220-043,2025-06-17,37.4528707,126.9134893
서울특별시 금천구청 도로과,시흥5동-5630,방범등,서울특별시 금천구 시흥5동 218-33,2025-06-17,37.4533038,126.9120806
서울특별시 금천구청 도로과,시흥5동-5632,방범등,서울특별시 금천구 시흥5동 919-38,2025-06-17,37.4497786,126.9068064
서울특별시 금천구청 도로과,시흥5동-5634,방범등,서울특별시 금천구 시흥5동 932-17,2025-06-17,37.4474537,126.9075695
서울특별시 금천구청 도로과,시흥5동-5636,방범등,서울특별시 금천구 시흥5동 271-27 건우빌라측,2025-06-17,37.4501372,126.9109082
서울특별시 금천구청 도로과,시흥5동-5637,방범등,서울특별시 금천구 시흥5동 935-77,2025-06-17,37.4477938,126.9046358
서울특별시 금천구청 도로과,시흥5동-5638,방범등,서울특별시 금천구 시흥5동 245-9,2025-06-17,37.4517403,126.9125976
서울특별시 금천구청 도로과,시흥5동-5639,방범등,서울특별시 금천구 시흥5동 245-5,2025-06-17,37.4517216,126.9128685
서울특별시 금천구청 도로과,시흥5동-564,방범등,서울특별시 금천구 시흥5동 220-043,2025-06-17,37.4528707,126.9134893
서울특별시 금천구청 도로과,시흥5동-5640,방범등,서울특별시 금천구 시흥5동 211-11,2025-06-17,37.4535126,126.9111597
서울특별시 금천구청 도로과,시흥5동-5641,방범등,서울특별시 금천구 시흥5동 208-1 뒤,2025-06-17,37.4538783,126.9101330
서울특별시 금천구청 도로과,시흥5동-5642,방범등,서울특별시 금천구 시흥5동 935-13,2025-06-17,37.4481946,126.9041507
서울특별시 금천구청 도로과,시흥5동-5643,방범등,서울특별시 금천구 시흥5동 935-10,2025-06-17,37.4482773,126.9044866
서울특별시 금천구청 도로과,시흥5동-5643,방범등,서울특별시 금천구 시흥5동 827-26,2025-06-17,37.4518918,126.9104992
서울특별시 금천구청 도로과,시흥5동-5644,방범등,서울특별시 금천구 시흥5동 935-62,2025-06-17,37.4478046,126.9049622
서울특별시 금천구청 도로과,시흥5동-5644,방범등,서울특별시 금천구 시흥5동 834-12,2025-06-17,37.4527540,126.9074099
서울특별시 금천구청 도로과,시흥5동-5645,방범등,서울특별시 금천구 시흥5동 827-25,2025-06-17,37.4518181,126.9105635
서울특별시 금천구청 도로과,시흥5동-5646,방범등,서울특별시 금천구 시흥5동 200-21,2025-06-17,37.4527542,126.9104205
서울특별시 금천구청 도로과,시흥5동-565,방범등,서울특별시 금천구 시흥5동 220-044,2025-06-17,37.4528288,126.9133452
서울특별시 금천구청 도로과,시흥5동-566,방범등,서울특별시 금천구 시흥5동 222-004,2025-06-17,37.4527079,126.9131837
서울특별시 금천구청 도로과,시흥5동-567,방범등,서울특별시 금천구 시흥5동 228-17,2025-06-17,37.4525769,126.9134305
서울특별시 금천구청 도로과,시흥5동-568,방범등,서울특별시 금천구 시흥5동 228-18,2025-06-17,37.4524770,126.9134412
서울특별시 금천구청 도로과,시흥5동-569,방범등,서울특별시 금천구 시흥5동 228-33,2025-06-17,37.4522513,126.9135913
서울특별시 금천구청 도로과,시흥5동-570,방범등,서울특별시 금천구 시흥5동 228-26,2025-06-17,37.4523874,126.9131864
서울특별시 금천구청 도로과,시흥5동-571,방범등,서울특별시 금천구 시흥5동 228-21,2025-06-17,37.4524839,126.9133165
서울특별시 금천구청 도로과,시흥5동-572,방범등,서울특별시 금천구 시흥5동 220-049,2025-06-17,37.4528771,126.9129837
서울특별시 금천구청 도로과,시흥5동-573,방범등,서울특별시 금천구 시흥5동 220-047,2025-06-17,37.4530066,126.9132000
서울특별시 금천구청 도로과,시흥5동-574,방범등,서울특별시 금천구 시흥5동 222-008,2025-06-17,37.4528162,126.9131313
서울특별시 금천구청 도로과,시흥5동-575,방범등,서울특별시 금천구 시흥5동 220-53,2025-06-17,37.4529003,126.9125526
서울특별시 금천구청 도로과,시흥5동-576,방범등,서울특별시 금천구 시흥5동 220-003,2025-06-17,37.4526264,126.9128114
서울특별시 금천구청 도로과,시흥5동-577,방범등,서울특별시 금천구 시흥5동 220-105,2025-06-17,37.4525567,126.9127209
서울특별시 금천구청 도로과,시흥5동-578,방범등,서울특별시 금천구 시흥5동 220-105,2025-06-17,37.4525567,126.9127209
서울특별시 금천구청 도로과,시흥5동-579,방범등,서울특별시 금천구 시흥5동 220-1,2025-06-17,37.4527342,126.9124292
서울특별시 금천구청 도로과,시흥5동-580,방범등,서울특별시 금천구 시흥5동 220-027 맞은편,2025-06-17,37.4528344,126.9122604
서울특별시 금천구청 도로과,시흥5동-581,방범등,서울특별시 금천구 시흥5동 220-129,2025-06-17,37.4526170,126.9121156
서울특별시 금천구청 도로과,시흥5동-582,방범등,서울특별시 금천구 시흥5동 220-011,2025-06-17,37.4525143,126.9122949
서울특별시 금천구청 도로과,시흥5동-583,방범등,서울특별시 금천구 시흥5동 220-128,2025-06-17,37.4525131,126.9123765
서울특별시 금천구청 도로과,시흥5동-584,방범등,서울특별시 금천구 시흥5동 220-58,2025-06-17,37.4526594,126.9119124
서울특별시 금천구청 도로과,시흥5동-585,방범등,서울특별시 금천구 시흥5동 220-28,2025-06-17,37.4522111,126.9117515
서울특별시 금천구청 도로과,시흥5동-586,방범등,서울특별시 금천구 시흥5동 220-74,2025-06-17,37.4520711,126.9114789
서울특별시 금천구청 도로과,시흥5동-587,방범등,서울특별시 금천구 시흥5동 220-29 샘터속셈학원 뒤,2025-06-17,37.4520902,126.9116710
서울특별시 금천구청 도로과,시흥5동-588,방범등,서울특별시 금천구 시흥5동 220-28,2025-06-17,37.4522111,126.9117515
서울특별시 금천구청 도로과,시흥5동-589,방범등,서울특별시 금천구 시흥5동 220-10 월편,2025-06-17,37.4522539,126.9121130
서울특별시 금천구청 도로과,시흥5동-590,방범등,서울특별시 금천구 시흥5동 220-34 월편,2025-06-17,37.4522039,126.9123015
서울특별시 금천구청 도로과,시흥5동-591,방범등,서울특별시 금천구 시흥5동 220-12,2025-06-17,37.4520535,126.9117931
서울특별시 금천구청 도로과,시흥5동-592,방범등,서울특별시 금천구 시흥5동 220-33,2025-06-17,37.4520345,126.9119660
서울특별시 금천구청 도로과,시흥5동-593,방범등,서울특별시 금천구 시흥5동 224-13,2025-06-17,37.4519081,126.9135261
서울특별시 금천구청 도로과,시흥5동-594,방범등,서울특별시 금천구 시흥5동 220-25,2025-06-17,37.4520424,126.9123327
서울특별시 금천구청 도로과,시흥5동-595,방범등,서울특별시 금천구 시흥5동 220-18,2025-06-17,37.4520981,126.9125865
서울특별시 금천구청 도로과,시흥5동-596,방범등,서울특별시 금천구 시흥5동 220-17,2025-06-17,37.4522966,126.9125787
서울특별시 금천구청 도로과,시흥5동-597,방범등,서울특별시 금천구 시흥5동 220-17,2025-06-17,37.4522966,126.9125787
서울특별시 금천구청 도로과,시흥5동-598,방범등,서울특별시 금천구 시흥5동 222-5,2025-06-17,37.4525951,126.9129651
서울특별시 금천구청 도로과,시흥5동-599,방범등,서울특별시 금천구 시흥5동 245-9 월편,2025-06-17,37.4517403,126.9125976
서울특별시 금천구청 도로과,시흥5동-601,방범등,서울특별시 금천구 시흥5동 837-36,2025-06-17,37.4526804,126.9062460
서울특별시 금천구청 도로과,시흥5동-602,방범등,서울특별시 금천구 시흥5동 837-28,2025-06-17,37.4528167,126.9064167
서울특별시 금천구청 도로과,시흥5동-603,방범등,서울특별시 금천구 시흥5동 837-25,2025-06-17,37.4530307,126.9066352
서울특별시 금천구청 도로과,시흥5동-604,방범등,서울특별시 금천구 시흥5동 837-42,2025-06-17,37.4524699,126.9063859
서울특별시 금천구청 도로과,시흥5동-605,방범등,서울특별시 금천구 시흥5동 837-22,2025-06-17,37.4527944,126.9067632
서울특별시 금천구청 도로과,시흥5동-606,방범등,서울특별시 금천구 시흥5동 837-21,2025-06-17,37.4528532,126.9067673
서울특별시 금천구청 도로과,시흥5동-607,방범등,서울특별시 금천구 시흥5동 837-19,2025-06-17,37.4531362,126.9067930
서울특별시 금천구청 도로과,시흥5동-608,방범등,서울특별시 금천구 시흥5동 837-17,2025-06-17,37.4532602,126.9067157
서울특별시 금천구청 도로과,시흥5동-609,방범등,서울특별시 금천구 시흥5동 837-15,2025-06-17,37.4532157,126.9064587
서울특별시 금천구청 도로과,시흥5동-610,방범등,서울특별시 금천구 시흥5동 837-13,2025-06-17,37.4532837,126.9062818
서울특별시 금천구청 도로과,시흥5동-613,방범등,서울특별시 금천구 시흥5동 833-00,2025-06-17,37.4535965,126.9070366
서울특별시 금천구청 도로과,시흥5동-615,방범등,서울특별시 금천구 시흥5동 834-11,2025-06-17,37.4527717,126.9072771
서울특별시 금천구청 도로과,시흥5동-616,방범등,서울특별시 금천구 시흥5동 834-05,2025-06-17,37.4529433,126.9071192
서울특별시 금천구청 도로과,시흥5동-617,방범등,서울특별시 금천구 시흥5동 834-08,2025-06-17,37.4530629,126.9073051
서울특별시 금천구청 도로과,시흥5동-618,방범등,서울특별시 금천구 시흥5동 834-17,2025-06-17,37.4529897,126.9076221
서울특별시 금천구청 도로과,시흥5동-619,방범등,서울특별시 금천구 시흥5동 834-19,2025-06-17,37.4528431,126.9076078
서울특별시 금천구청 도로과,시흥5동-620,방범등,서울특별시 금천구 시흥5동 835-08,2025-06-17,37.4526055,126.9074226
서울특별시 금천구청 도로과,시흥5동-622,방범등,서울특별시 금천구 시흥5동 835-21,2025-06-17,37.4523977,126.9079311
서울특별시 금천구청 도로과,시흥5동-623,방범등,서울특별시 금천구 시흥5동 835-15,2025-06-17,37.4524888,126.9078996
서울특별시 금천구청 도로과,시흥5동-624,방범등,서울특별시 금천구 시흥5동 835-12,2025-06-17,37.4524987,126.9077253
서울특별시 금천구청 도로과,시흥5동-625,방범등,서울특별시 금천구 시흥5동 834-26,2025-06-17,37.4530214,126.9079591
서울특별시 금천구청 도로과,시흥5동-626,방범등,서울특별시 금천구 시흥5동 834-26,2025-06-17,37.4530214,126.9079591
서울특별시 금천구청 도로과,시흥5동-627,방범등,서울특별시 금천구 시흥5동 833-21,2025-06-17,37.4531826,126.9081154
서울특별시 금천구청 도로과,시흥5동-629,방범등,서울특별시 금천구 시흥5동 834-30,2025-06-17,37.4527337,126.9080722
서울특별시 금천구청 도로과,시흥5동-630,방범등,서울특별시 금천구 시흥5동 835-17,2025-06-17,37.4525672,126.9080464
서울특별시 금천구청 도로과,시흥5동-631,방범등,서울특별시 금천구 시흥5동 835-19,2025-06-17,37.4523460,126.9080553
서울특별시 금천구청 도로과,시흥5동-632,방범등,서울특별시 금천구 시흥5동 833-18,2025-06-17,37.4533775,126.9080023
서울특별시 금천구청 도로과,시흥5동-641,방범등,서울특별시 금천구 시흥5동 833-6,2025-06-17,37.4535124,126.9072986
서울특별시 금천구청 도로과,시흥5동-677,방범등,서울특별시 금천구 시흥5동 837-3,2025-06-17,37.4535762,126.9066243
서울특별시 금천구청 도로과,시흥5동-680,방범등,서울특별시 금천구 시흥5동 835-17,2025-06-17,37.4525672,126.9080464
서울특별시 금천구청 도로과,시흥5동-685,방범등,서울특별시 금천구 시흥5동 834-32,2025-06-17,37.4529949,126.9080959
서울특별시 금천구청 도로과,시흥5동-686,방범등,서울특별시 금천구 시흥5동 835,2025-06-17,37.4526298,126.9069733
서울특별시 금천구청 도로과,시흥5동-687,방범등,서울특별시 금천구 시흥5동 835-24,2025-06-17,37.4523190,126.9077530
서울특별시 금천구청 도로과,시흥5동-691,방범등,서울특별시 금천구 시흥5동 834 옆,2025-06-17,37.4530579,126.9069982
서울특별시 금천구청 도로과,시흥5동-692,방범등,서울특별시 금천구 시흥5동 220-161,2025-06-17,37.4530303,126.9133481
서울특별시 금천구청 도로과,시흥5동-700,방범등,서울특별시 금천구 시흥5동 172-7,2025-06-17,37.4545470,126.9094459
서울특별시 금천구청 도로과,시흥5동-701,방범등,서울특별시 금천구 시흥5동 172-9,2025-06-17,37.4544350,126.9096972
서울특별시 금천구청 도로과,시흥5동-702,방범등,서울특별시 금천구 시흥5동 172-12,2025-06-17,37.4541489,126.9094344
서울특별시 금천구청 도로과,시흥5동-703,방범등,서울특별시 금천구 시흥5동 172-13,2025-06-17,37.4539959,126.9093909
서울특별시 금천구청 도로과,시흥5동-704,방범등,서울특별시 금천구 시흥5동 208-6,2025-06-17,37.4540257,126.9098233
서울특별시 금천구청 도로과,시흥5동-705,방범등,서울특별시 금천구 시흥5동 219-8,2025-06-17,37.4528328,126.9121189
서울특별시 금천구청 도로과,시흥5동-706,방범등,서울특별시 금천구 시흥5동 826-21,2025-06-17,37.4522345,126.9098289
서울특별시 금천구청 도로과,시흥5동-707,방범등,서울특별시 금천구 시흥5동 247-5,2025-06-17,37.4517919,126.9113946
서울특별시 금천구청 도로과,시흥5동-708,방범등,서울특별시 금천구 시흥5동 241-5,2025-06-17,37.4517777,126.9127922
서울특별시 금천구청 도로과,시흥5동-709,방범등,서울특별시 금천구 시흥5동 220-73,2025-06-17,37.4518851,126.9109066
서울특별시 금천구청 도로과,시흥5동-710,방범등,서울특별시 금천구 시흥5동 917-26,2025-06-17,37.4495665,126.9089429
서울특별시 금천구청 도로과,시흥5동-711,방범등,서울특별시 금천구 시흥5동 925-33,2025-06-17,37.4478950,126.9079623
서울특별시 금천구청 도로과,시흥5동-712,방범등,서울특별시 금천구 시흥5동 826-10,2025-06-17,37.4522627,126.9093750
서울특별시 금천구청 도로과,시흥5동-714,방범등,서울특별시 금천구 시흥5동 222-15,2025-06-17,37.4526466,126.9130517
서울특별시 금천구청 도로과,시흥5동-715,방범등,서울특별시 금천구 시흥5동 228-19,2025-06-17,37.4523855,126.9134506
서울특별시 금천구청 도로과,시흥5동-716,방범등,서울특별시 금천구 시흥5동 228-33,2025-06-17,37.4522513,126.9135913
서울특별시 금천구청 도로과,시흥5동-717,방범등,서울특별시 금천구 시흥5동 246-9,2025-06-17,37.4517913,126.9120039
서울특별시 금천구청 도로과,시흥5동-718,방범등,서울특별시 금천구 시흥5동 913-7,2025-06-17,37.4494891,126.9096448
서울특별시 금천구청 도로과,시흥5동-719,방범등,서울특별시 금천구 시흥5동 914-3,2025-06-17,37.4492360,126.9097298
서울특별시 금천구청 도로과,시흥5동-720,방범등,서울특별시 금천구 시흥5동 926-63,2025-06-17,37.4488341,126.9091049
서울특별시 금천구청 도로과,시흥5동-721,방범등,서울특별시 금천구 시흥5동 930-38,2025-06-17,37.4468048,126.9085514
서울특별시 금천구청 도로과,시흥5동-722,방범등,서울특별시 금천구 시흥5동 923-52,2025-06-17,37.4483359,126.9068677
서울특별시 금천구청 도로과,시흥5동-723,방범등,서울특별시 금천구 시흥5동 384-5,2025-06-17,37.4494719,126.9097533
서울특별시 금천구청 도로과,시흥5동-724,방범등,서울특별시 금천구 시흥5동 913-3,2025-06-17,37.4498519,126.9097051
서울특별시 금천구청 도로과,시흥5동-725,방범등,서울특별시 금천구 시흥5동 263-23,2025-06-17,37.4507027,126.9120575
서울특별시 금천구청 도로과,시흥5동-726,방범등,서울특별시 금천구 시흥5동 916-23,2025-06-17,37.4495143,126.9091959
서울특별시 금천구청 도로과,시흥5동-727,방범등,서울특별시 금천구 시흥5동 916-18 ,2025-06-17,37.4494275,126.9094642
서울특별시 금천구청 도로과,시흥5동-728,방범등,서울특별시 금천구 시흥5동 925-7,2025-06-17,37.4479781,126.9079504
서울특별시 금천구청 도로과,시흥5동-729,방범등,서울특별시 금천구시흥5동 914-13,2025-06-17,37.4488624,126.9101542
서울특별시 금천구청 도로과,시흥5동-730,방범등,서울특별시 금천구 시흥5동 930-54,2025-06-17,37.4465805,126.9094314
서울특별시 금천구청 도로과,시흥본동-101,방범등,서울특별시 금천구 시흥1동 864-13,2025-06-17,37.4595579,126.9019536
서울특별시 금천구청 도로과,시흥본동-102,방범등,서울특별시 금천구 시흥1동 865-13,2025-06-17,37.4594542,126.9025109
서울특별시 금천구청 도로과,시흥본동-103,방범등,서울특별시 금천구 시흥1동 864-21,2025-06-17,37.4597218,126.9022874
서울특별시 금천구청 도로과,시흥본동-104,방범등,서울특별시 금천구 시흥1동 865-09,2025-06-17,37.4595990,126.9027622
서울특별시 금천구청 도로과,시흥본동-106,방범등,서울특별시 금천구 시흥1동 865-06,2025-06-17,37.4598338,126.9028990
서울특별시 금천구청 도로과,시흥본동-107,방범등,서울특별시 금천구 시흥1동 865-03,2025-06-17,37.4600352,126.9030964
서울특별시 금천구청 도로과,시흥본동-108,방범등,서울특별시 금천구 시흥1동 864-0,2025-06-17,37.4601906,126.9025705
서울특별시 금천구청 도로과,시흥본동-109,방범등,서울특별시 금천구 시흥1동 864-0,2025-06-17,37.4601906,126.9025705
서울특별시 금천구청 도로과,시흥본동-110,방범등,서울특별시 금천구 시흥1동 864-0,2025-06-17,37.4601906,126.9025705
서울특별시 금천구청 도로과,시흥본동-1100,방범등,서울특별시 금천구 시흥1동 862-20,2025-06-17,37.4609050,126.9036573
서울특별시 금천구청 도로과,시흥본동-1103,방범등,서울특별시 금천구 시흥1동 861-52,2025-06-17,37.4604353,126.9029071
서울특별시 금천구청 도로과,시흥본동-1105,방범등,서울특별시 금천구 시흥1동 861-54,2025-06-17,37.4607561,126.9028649
서울특별시 금천구청 도로과,시흥본동-1106,방범등,서울특별시 금천구 시흥1동 861-40,2025-06-17,37.4611222,126.9030289
서울특별시 금천구청 도로과,시흥본동-1107,방범등,서울특별시 금천구 시흥1동 861-37,2025-06-17,37.4613041,126.9028050
서울특별시 금천구청 도로과,시흥본동-1108,방범등,서울특별시 금천구 시흥1동 861-13,2025-06-17,37.4619418,126.9027812
서울특별시 금천구청 도로과,시흥본동-1109,방범등,서울특별시 금천구 시흥1동 861-14,2025-06-17,37.4620354,126.9027880
서울특별시 금천구청 도로과,시흥본동-111,방범등,서울특별시 금천구 시흥1동 864-0,2025-06-17,37.4601906,126.9025705
서울특별시 금천구청 도로과,시흥본동-1110,방범등,서울특별시 금천구 시흥1동 861-01,2025-06-17,37.4620391,126.9026684
서울특별시 금천구청 도로과,시흥본동-1111,방범등,서울특별시 금천구 시흥1동 861-03,2025-06-17,37.4618431,126.9026542
서울특별시 금천구청 도로과,시흥본동-1112,방범등,서울특별시 금천구 시흥1동 861-32,2025-06-17,37.4612948,126.9026370
서울특별시 금천구청 도로과,시흥본동-1113,방범등,서울특별시 금천구 시흥1동 861-45,2025-06-17,37.4609705,126.9026372
서울특별시 금천구청 도로과,시흥본동-1114,방범등,서울특별시 금천구 시흥1동 855-06,2025-06-17,37.4586796,126.9041241
서울특별시 금천구청 도로과,시흥본동-1115,방범등,서울특별시 금천구 시흥1동 855-21,2025-06-17,37.4584661,126.9039073
서울특별시 금천구청 도로과,시흥본동-1116,방범등,서울특별시 금천구 시흥1동 855-11,2025-06-17,37.4587190,126.9038854
서울특별시 금천구청 도로과,시흥본동-1117,방범등,서울특별시 금천구 시흥1동 860-32,2025-06-17,37.4602055,126.9046479
서울특별시 금천구청 도로과,시흥본동-1118,방범등,서울특별시 금천구 시흥1동 860-44,2025-06-17,37.4607097,126.9043713
서울특별시 금천구청 도로과,시흥본동-1119,방범등,서울특별시 금천구 시흥1동 860-52,2025-06-17,37.4611887,126.9043407
서울특별시 금천구청 도로과,시흥본동-112,방범등,서울특별시 금천구 시흥1동 864-0,2025-06-17,37.4601906,126.9025705
서울특별시 금천구청 도로과,시흥본동-1120,방범등,서울특별시 금천구 시흥1동 865-9,2025-06-17,37.4595990,126.9027622
서울특별시 금천구청 도로과,시흥본동-1121,방범등,서울특별시 금천구 시흥1동 858-26,2025-06-17,37.4593267,126.9031190
서울특별시 금천구청 도로과,시흥본동-1122,방범등,서울특별시 금천구 시흥1동 859-09,2025-06-17,37.4605943,126.9038313
서울특별시 금천구청 도로과,시흥본동-1123,방범등,서울특별시 금천구 시흥1동 862-4,2025-06-17,37.4611827,126.9033799
서울특별시 금천구청 도로과,시흥본동-1124,방범등,서울특별시 금천구 시흥1동 861-11,2025-06-17,37.4617434,126.9027883
서울특별시 금천구청 도로과,시흥본동-1126,방범등,서울특별시 금천구 시흥1동 855-10,2025-06-17,37.4587703,126.9037837
서울특별시 금천구청 도로과,시흥본동-1127,방범등,서울특별시 금천구 시흥1동 861-5,2025-06-17,37.4616350,126.9026450
서울특별시 금천구청 도로과,시흥본동-1128,방범등,서울특별시 금천구 시흥1동 865-14,2025-06-17,37.4593837,126.9024424
서울특별시 금천구청 도로과,시흥본동-1129,방범등,서울특별시 금천구 시흥1동 859-1,2025-06-17,37.4607389,126.9037528
서울특별시 금천구청 도로과,시흥본동-113,방범등,서울특별시 금천구 시흥1동 864-0,2025-06-17,37.4601906,126.9025705
서울특별시 금천구청 도로과,시흥본동-1130,방범등,서울특별시 금천구 시흥1동 853-3,2025-06-17,37.4583909,126.9037036
서울특별시 금천구청 도로과,시흥본동-1131,방범등,서울특별시 금천구 시흥1동 860-46,2025-06-17,37.4608441,126.9045638
서울특별시 금천구청 도로과,시흥본동-1132,방범등,서울특별시 금천구 시흥1동 864-12,2025-06-17,37.4596439,126.9018930
서울특별시 금천구청 도로과,시흥본동-1133,방범등,서울특별시 금천구 시흥1동 862-10,2025-06-17,37.4610836,126.9036061
서울특별시 금천구청 도로과,시흥본동-1134,방범등,서울특별시 금천구 시흥1동 855-2,2025-06-17,37.4588747,126.9040238
서울특별시 금천구청 도로과,시흥본동-114,방범등,서울특별시 금천구 시흥1동 864-0,2025-06-17,37.4601906,126.9025705
서울특별시 금천구청 도로과,시흥본동-115,방범등,서울특별시 금천구 시흥1동 864-0,2025-06-17,37.4601906,126.9025705
서울특별시 금천구청 도로과,시흥본동-116,방범등,서울특별시 금천구 시흥1동 861-52,2025-06-17,37.4604353,126.9029071
서울특별시 금천구청 도로과,시흥본동-117,방범등,서울특별시 금천구 시흥1동 864-0,2025-06-17,37.4601906,126.9025705
서울특별시 금천구청 도로과,시흥본동-118,방범등,서울특별시 금천구 시흥1동 864-0,2025-06-17,37.4601906,126.9025705
서울특별시 금천구청 도로과,시흥본동-119,방범등,서울특별시 금천구 시흥1동 864-0,2025-06-17,37.4601906,126.9025705
서울특별시 금천구청 도로과,시흥본동-120,방범등,서울특별시 금천구 시흥1동 864-01,2025-06-17,37.4600703,126.9021177
서울특별시 금천구청 도로과,시흥본동-121,방범등,서울특별시 금천구 시흥1동 865-17,2025-06-17,37.4592392,126.9026805
서울특별시 금천구청 도로과,시흥본동-122,방범등,서울특별시 금천구 시흥1동 858-40,2025-06-17,37.4591286,126.9028462
서울특별시 금천구청 도로과,시흥본동-123,방범등,서울특별시 금천구 시흥1동 858-26,2025-06-17,37.4593267,126.9031190
서울특별시 금천구청 도로과,시흥본동-124,방범등,서울특별시 금천구 시흥1동 865-30,2025-06-17,37.4596679,126.9030546
서울특별시 금천구청 도로과,시흥본동-125,방범등,서울특별시 금천구 시흥1동 865-36,2025-06-17,37.4598415,126.9032837
서울특별시 금천구청 도로과,시흥본동-126,방범등,서울특별시 금천구 시흥1동 858-18,2025-06-17,37.4596215,126.9034668
서울특별시 금천구청 도로과,시흥본동-127,방범등,서울특별시 금천구 시흥1동 865-38,2025-06-17,37.4599615,126.9032505
서울특별시 금천구청 도로과,시흥본동-128,방범등,서울특별시 금천구 시흥1동 845-24,2025-06-17,37.4564871,126.9043270
서울특별시 금천구청 도로과,시흥본동-129,방범등,서울특별시 금천구 시흥1동 865-47,2025-06-17,37.4601037,126.9034884
서울특별시 금천구청 도로과,시흥본동-130,방범등,서울특별시 금천구 시흥1동 865-46,2025-06-17,37.4600130,126.9034007
서울특별시 금천구청 도로과,시흥본동-131,방범등,서울특별시 금천구 시흥1동 865-48,2025-06-17,37.4601914,126.9035703
서울특별시 금천구청 도로과,시흥본동-132,방범등,서울특별시 금천구 시흥1동 865-00,2025-06-17,37.4603016,126.9033968
서울특별시 금천구청 도로과,시흥본동-133,방범등,서울특별시 금천구 시흥1동 865-00,2025-06-17,37.4603016,126.9033968
서울특별시 금천구청 도로과,시흥본동-134,방범등,서울특별시 금천구 시흥1동 858-02,2025-06-17,37.4599120,126.9040340
서울특별시 금천구청 도로과,시흥본동-135,방범등,서울특별시 금천구 시흥1동 858-03,2025-06-17,37.4598229,126.9039765
서울특별시 금천구청 도로과,시흥본동-136,방범등,서울특별시 금천구 시흥1동 858-05,2025-06-17,37.4599451,126.9037814
서울특별시 금천구청 도로과,시흥본동-137,방범등,서울특별시 금천구 시흥1동 858-12,2025-06-17,37.4596082,126.9037780
서울특별시 금천구청 도로과,시흥본동-138,방범등,서울특별시 금천구 시흥1동 858-30,2025-06-17,37.4593172,126.9032618
서울특별시 금천구청 도로과,시흥본동-139,방범등,서울특별시 금천구 시흥1동 858-31,2025-06-17,37.4592153,126.9033694
서울특별시 금천구청 도로과,시흥본동-140,방범등,서울특별시 금천구 시흥1동 857-22,2025-06-17,37.4589495,126.9033690
서울특별시 금천구청 도로과,시흥본동-142,방범등,서울특별시 금천구 시흥1동 857-19,2025-06-17,37.4589892,126.9035583
서울특별시 금천구청 도로과,시흥본동-143,방범등,서울특별시 금천구 시흥1동 857-25,2025-06-17,37.4587504,126.9034884
서울특별시 금천구청 도로과,시흥본동-144,방범등,서울특별시 금천구 시흥1동 855-18,2025-06-17,37.4586593,126.9036763
서울특별시 금천구청 도로과,시흥본동-145,방범등,서울특별시 금천구 시흥1동 857-18,2025-06-17,37.4589262,126.9036719
서울특별시 금천구청 도로과,시흥본동-146,방범등,서울특별시 금천구 시흥1동 855-01,2025-06-17,37.4589277,126.9039406
서울특별시 금천구청 도로과,시흥본동-147,방범등,서울특별시 금천구 시흥1동 855-00,2025-06-17,37.4590214,126.9041896
서울특별시 금천구청 도로과,시흥본동-154,방범등,서울특별시 금천구 시흥1동 855-00,2025-06-17,37.4590214,126.9041896
서울특별시 금천구청 도로과,시흥본동-155,방범등,서울특별시 금천구 시흥1동 856-09,2025-06-17,37.4591159,126.9044728
서울특별시 금천구청 도로과,시흥본동-156,방범등,서울특별시 금천구 시흥1동 856-06,2025-06-17,37.4593623,126.9044271
서울특별시 금천구청 도로과,시흥본동-157,방범등,서울특별시 금천구 시흥1동 856-05,2025-06-17,37.4594544,126.9044167
서울특별시 금천구청 도로과,시흥본동-158,방범등,서울특별시 금천구 시흥1동 857-03,2025-06-17,37.4595140,126.9041859
서울특별시 금천구청 도로과,시흥본동-159,방범등,서울특별시 금천구 시흥1동 856-00,2025-06-17,37.4598495,126.9043578
서울특별시 금천구청 도로과,시흥본동-160,방범등,서울특별시 금천구 시흥1동 860-29,2025-06-17,37.4600534,126.9044993
서울특별시 금천구청 도로과,시흥본동-161,방범등,서울특별시 금천구 시흥1동 856-20,2025-06-17,37.4598941,126.9046984
서울특별시 금천구청 도로과,시흥본동-162,방범등,서울특별시 금천구 시흥1동 856-15,2025-06-17,37.4593829,126.9046042
서울특별시 금천구청 도로과,시흥본동-163,방범등,서울특별시 금천구 시흥1동 856-11,2025-06-17,37.4591440,126.9046122
서울특별시 금천구청 도로과,시흥본동-164,방범등,서울특별시 금천구 시흥1동 860-23,2025-06-17,37.4602286,126.9043596
서울특별시 금천구청 도로과,시흥본동-165,방범등,서울특별시 금천구 시흥1동 860-22,2025-06-17,37.4602942,126.9043614
서울특별시 금천구청 도로과,시흥본동-166,방범등,서울특별시 금천구 시흥1동 860-17,2025-06-17,37.4605109,126.9043062
서울특별시 금천구청 도로과,시흥본동-167,방범등,서울특별시 금천구 시흥1동 859-20,2025-06-17,37.4604319,126.9038239
서울특별시 금천구청 도로과,시흥본동-168,방범등,서울특별시 금천구 시흥1동 860-18,2025-06-17,37.4605001,126.9041896
서울특별시 금천구청 도로과,시흥본동-169,방범등,서울특별시 금천구 시흥1동 860-12,2025-06-17,37.4607177,126.9041430
서울특별시 금천구청 도로과,시흥본동-170,방범등,서울특별시 금천구 시흥1동 860-12,2025-06-17,37.4607177,126.9041430
서울특별시 금천구청 도로과,시흥본동-171,방범등,서울특별시 금천구 시흥1동 859-00,2025-06-17,37.4608983,126.9038924
서울특별시 금천구청 도로과,시흥본동-172,방범등,서울특별시 금천구 시흥1동 860-05,2025-06-17,37.4610981,126.9041944
서울특별시 금천구청 도로과,시흥본동-173,방범등,서울특별시 금천구 시흥1동 860-01,2025-06-17,37.4612828,126.9040468
서울특별시 금천구청 도로과,시흥본동-174,방범등,서울특별시 금천구 시흥1동 860-53,2025-06-17,37.4613814,126.9040159
서울특별시 금천구청 도로과,시흥본동-175,방범등,서울특별시 금천구 시흥1동 860-51,2025-06-17,37.4614288,126.9043435
서울특별시 금천구청 도로과,시흥본동-176,방범등,서울특별시 금천구 시흥1동 863-38,2025-06-17,37.4615713,126.9041287
서울특별시 금천구청 도로과,시흥본동-177,방범등,서울특별시 금천구 시흥1동 863-32,2025-06-17,37.4619582,126.9039158
서울특별시 금천구청 도로과,시흥본동-178,방범등,서울특별시 금천구 시흥1동 863-43,2025-06-17,37.4620806,126.9040369
서울특별시 금천구청 도로과,시흥본동-179,방범등,서울특별시 금천구 시흥1동 863-44,2025-06-17,37.4621830,126.9040161
서울특별시 금천구청 도로과,시흥본동-180,방범등,서울특별시 금천구 시흥1동 863-44,2025-06-17,37.4621830,126.9040161
서울특별시 금천구청 도로과,시흥본동-181,방범등,서울특별시 금천구 시흥1동 863-28,2025-06-17,37.4621411,126.9036907
서울특별시 금천구청 도로과,시흥본동-182,방범등,서울특별시 금천구 시흥1동 863-25,2025-06-17,37.4618366,126.9037515
서울특별시 금천구청 도로과,시흥본동-183,방범등,서울특별시 금천구 시흥1동 863-35,2025-06-17,37.4616577,126.9039754
서울특별시 금천구청 도로과,시흥본동-184,방범등,서울특별시 금천구 시흥1동 863-21,2025-06-17,37.4615145,126.9036771
서울특별시 금천구청 도로과,시흥본동-185,방범등,서울특별시 금천구 시흥1동 863-19,2025-06-17,37.4617179,126.9036354
서울특별시 금천구청 도로과,시흥본동-186,방범등,서울특별시 금천구 시흥1동 863-10,2025-06-17,37.4617941,126.9034379
서울특별시 금천구청 도로과,시흥본동-187,방범등,서울특별시 금천구 시흥1동 863-16,2025-06-17,37.4620238,126.9035747
서울특별시 금천구청 도로과,시흥본동-188,방범등,서울특별시 금천구 시흥1동 863-15,2025-06-17,37.4621246,126.9035564
서울특별시 금천구청 도로과,시흥본동-189,방범등,서울특별시 금천구 시흥1동 861-30,2025-06-17,37.4620795,126.9030699
서울특별시 금천구청 도로과,시흥본동-190,방범등,서울특별시 금천구 시흥1동 861-28,2025-06-17,37.4618571,126.9030724
서울특별시 금천구청 도로과,시흥본동-191,방범등,서울특별시 금천구 시흥1동 863-06,2025-06-17,37.4614748,126.9033503
서울특별시 금천구청 도로과,시흥본동-192,방범등,서울특별시 금천구 시흥1동 862-01,2025-06-17,37.4613179,126.9035078
서울특별시 금천구청 도로과,시흥본동-193,방범등,서울특별시 금천구 시흥1동 862-00,2025-06-17,37.4612981,126.9033655
서울특별시 금천구청 도로과,시흥본동-194,방범등,서울특별시 금천구 시흥1동 861-58,2025-06-17,37.4609896,126.9030434
서울특별시 금천구청 도로과,시흥본동-195,방범등,서울특별시 금천구 시흥1동 862-12,2025-06-17,37.4609488,126.9033925
서울특별시 금천구청 도로과,시흥본동-196,방범등,서울특별시 금천구 시흥1동 862-14,2025-06-17,37.4606469,126.9034114
서울특별시 금천구청 도로과,시흥본동-197,방범등,서울특별시 금천구 시흥1동 859-11,2025-06-17,37.4605653,126.9037050
서울특별시 금천구청 도로과,시흥본동-198,방범등,서울특별시 금천구 시흥1동 862-14,2025-06-17,37.4606469,126.9034114
서울특별시 금천구청 도로과,시흥본동-199,방범등,서울특별시 금천구 시흥1동 859-01,2025-06-17,37.4607389,126.9037528
서울특별시 금천구청 도로과,시흥본동-201,방범등,서울특별시 금천구 시흥1동 882-58,2025-06-17,37.4549982,126.9012393
서울특별시 금천구청 도로과,시흥본동-202,방범등,서울특별시 금천구 시흥1동 882-56,2025-06-17,37.4551545,126.9011997
서울특별시 금천구청 도로과,시흥본동-204,방범등,서울특별시 금천구 시흥1동 881-58,2025-06-17,37.4561765,126.9016184
서울특별시 금천구청 도로과,시흥본동-205,방범등,서울특별시 금천구 시흥1동 882-47,2025-06-17,37.4553354,126.9007643
서울특별시 금천구청 도로과,시흥본동-206,방범등,서울특별시 금천구 시흥1동 882-50,2025-06-17,37.4553081,126.9010834
서울특별시 금천구청 도로과,시흥본동-207,방범등,서울특별시 금천구 시흥1동 882-43,2025-06-17,37.4555655,126.9010250
서울특별시 금천구청 도로과,시흥본동-208,방범등,서울특별시 금천구 시흥1동 882-41,2025-06-17,37.4557070,126.9009429
서울특별시 금천구청 도로과,시흥본동-209,방범등,서울특별시 금천구 시흥1동 882-45,2025-06-17,37.4554485,126.9006949
서울특별시 금천구청 도로과,시흥본동-210,방범등,서울특별시 금천구 시흥1동 882-38,2025-06-17,37.4558714,126.9008631
서울특별시 금천구청 도로과,시흥본동-2100,방범등,서울특별시 금천구 시흥1동 866-08,2025-06-17,37.4587741,126.9022039
서울특별시 금천구청 도로과,시흥본동-2101,방범등,서울특별시 금천구 시흥1동 866-10,2025-06-17,37.4591161,126.9023340
서울특별시 금천구청 도로과,시흥본동-2102,방범등,서울특별시 금천구 시흥1동 867-16,2025-06-17,37.4586511,126.9027997
서울특별시 금천구청 도로과,시흥본동-2103,방범등,서울특별시 금천구 시흥1동 866-10,2025-06-17,37.4591161,126.9023340
서울특별시 금천구청 도로과,시흥본동-2104,방범등,서울특별시 금천구 시흥1동 868-35,2025-06-17,37.4593199,126.9017333
서울특별시 금천구청 도로과,시흥본동-2105,방범등,서울특별시 금천구 시흥1동 868-35,2025-06-17,37.4593199,126.9017333
서울특별시 금천구청 도로과,시흥본동-2106,방범등,서울특별시 금천구 시흥1동 868-42,2025-06-17,37.4590482,126.9018140
서울특별시 금천구청 도로과,시흥본동-2107,방범등,서울특별시 금천구 시흥1동 868-41,2025-06-17,37.4590278,126.9016841
서울특별시 금천구청 도로과,시흥본동-2108,방범등,서울특별시 금천구 시흥1동 868-41,2025-06-17,37.4590278,126.9016841
서울특별시 금천구청 도로과,시흥본동-2109,방범등,서울특별시 금천구 시흥1동 868-24,2025-06-17,37.4586710,126.9015060
서울특별시 금천구청 도로과,시흥본동-211,방범등,서울특별시 금천구 시흥1동 882-20,2025-06-17,37.4560734,126.9008359
서울특별시 금천구청 도로과,시흥본동-2110,방범등,서울특별시 금천구 시흥1동 868-15,2025-06-17,37.4583461,126.9014215
서울특별시 금천구청 도로과,시흥본동-2111,방범등,서울특별시 금천구 시흥1동 868-58,2025-06-17,37.4582853,126.9017469
서울특별시 금천구청 도로과,시흥본동-2112,방범등,서울특별시 금천구 시흥1동 868-13,2025-06-17,37.4584053,126.9012810
서울특별시 금천구청 도로과,시흥본동-2113,방범등,서울특별시 금천구 시흥1동 868-05,2025-06-17,37.4587413,126.9011943
서울특별시 금천구청 도로과,시흥본동-2114,방범등,서울특별시 금천구 시흥1동 869-59,2025-06-17,37.4582631,126.9009415
서울특별시 금천구청 도로과,시흥본동-2115,방범등,서울특별시 금천구 시흥1동 869-64,2025-06-17,37.4585860,126.9008649
서울특별시 금천구청 도로과,시흥본동-2116,방범등,서울특별시 금천구 시흥1동 869-53,2025-06-17,37.4579672,126.9009972
서울특별시 금천구청 도로과,시흥본동-2117,방범등,서울특별시 금천구 시흥1동 869-07,2025-06-17,37.4583862,126.9001339
서울특별시 금천구청 도로과,시흥본동-2118,방범등,서울특별시 금천구 시흥1동 869-07,2025-06-17,37.4583862,126.9001339
서울특별시 금천구청 도로과,시흥본동-2119,방범등,서울특별시 금천구 시흥1동 869-11,2025-06-17,37.4585322,126.9005465
서울특별시 금천구청 도로과,시흥본동-212,방범등,서울특별시 금천구 시흥1동 882-19,2025-06-17,37.4561922,126.9007750
서울특별시 금천구청 도로과,시흥본동-2120,방범등,서울특별시 금천구 시흥1동 869-14,2025-06-17,37.4587392,126.9005014
서울특별시 금천구청 도로과,시흥본동-2121,방범등,서울특별시 금천구 시흥1동 869-70,2025-06-17,37.4589481,126.9009249
서울특별시 금천구청 도로과,시흥본동-2122,방범등,서울특별시 금천구 시흥1동 881-45,2025-06-17,37.4555133,126.9014648
서울특별시 금천구청 도로과,시흥본동-2123,방범등,서울특별시 금천구 시흥1동 866-06,2025-06-17,37.4587810,126.9020644
서울특별시 금천구청 도로과,시흥본동-2124,방범등,서울특별시 금천구 시흥1동 868-32,2025-06-17,37.4590887,126.9014690
서울특별시 금천구청 도로과,시흥본동-2125,방범등,서울특별시 금천구 시흥1동 871-8,2025-06-17,37.4578972,126.9011665
서울특별시 금천구청 도로과,시흥본동-2127,방범등,서울특별시 금천구 시흥1동 882-19,2025-06-17,37.4561922,126.9007750
서울특별시 금천구청 도로과,시흥본동-2128,방범등,서울특별시 금천구 시흥1동 866-5,2025-06-17,37.4590102,126.9020561
서울특별시 금천구청 도로과,시흥본동-2129,방범등,서울특별시 금천구 시흥1동 853-52,2025-06-17,37.4576025,126.9027800
서울특별시 금천구청 도로과,시흥본동-213,방범등,서울특별시 금천구 시흥1동 882-31,2025-06-17,37.4557359,126.9006257
서울특별시 금천구청 도로과,시흥본동-2130,방범등,서울특별시 금천구 시흥1동 881-8,2025-06-17,37.4564500,126.9013070
서울특별시 금천구청 도로과,시흥본동-2131,방범등,서울특별시 금천구 시흥1동 866-1,2025-06-17,37.4592243,126.9020066
서울특별시 금천구청 도로과,시흥본동-2132,방범등,서울특별시 금천구 시흥1동 882-54 뒤,2025-06-17,37.4551119,126.9007519
서울특별시 금천구청 도로과,시흥본동-2133,방범등,서울특별시 금천구 시흥1동 868-48,2025-06-17,37.4587073,126.9018442
서울특별시 금천구청 도로과,시흥본동-2134,방범등,서울특별시 금천구 시흥1동 873-7,2025-06-17,37.4572383,126.9024663
서울특별시 금천구청 도로과,시흥본동-2135,방범등,서울특별시 금천구 시흥1동 869-31,2025-06-17,37.4580370,126.9003321
서울특별시 금천구청 도로과,시흥본동-2136,방범등,서울특별시 금천구 시흥1동 872-42,2025-06-17,37.4571850,126.9015104
서울특별시 금천구청 도로과,시흥본동-2137,방범등,서울특별시 금천구 시흥1동 871-6,2025-06-17,37.4578400,126.9013924
서울특별시 금천구청 도로과,시흥본동-2138,방범등,서울특별시 금천구 시흥1동 872-31,2025-06-17,37.4568742,126.9016877
서울특별시 금천구청 도로과,시흥본동-2139,방범등,서울특별시 금천구 시흥1동 871-51,2025-06-17,37.4570687,126.9011015
서울특별시 금천구청 도로과,시흥본동-214,방범등,서울특별시 금천구 시흥1동 882-15,2025-06-17,37.4562943,126.9005691
서울특별시 금천구청 도로과,시흥본동-2140,방범등,서울특별시 금천구 시흥1동 869-23,2025-06-17,37.4583559,126.9007188
서울특별시 금천구청 도로과,시흥본동-2141,방범등,서울특별시 금천구 시흥1동 867-6,2025-06-17,37.4581149,126.9023196
서울특별시 금천구청 도로과,시흥본동-2142,방범등,서울특별시 금천구 시흥1동 882-1 월편,2025-06-17,37.4566056,126.9004465
서울특별시 금천구청 도로과,시흥본동-2143,방범등,서울특별시 금천구 시흥1동 882-2,2025-06-17,37.4565672,126.9006294
서울특별시 금천구청 도로과,시흥본동-2144,방범등,서울특별시 금천구 시흥1동 871-30,2025-06-17,37.4568475,126.9007813
서울특별시 금천구청 도로과,시흥본동-2146,방범등,서울특별시 금천구 시흥1동 871-30 월편,2025-06-17,37.4568475,126.9007813
서울특별시 금천구청 도로과,시흥본동-2147,방범등,서울특별시 금천구 시흥1동 854-29,2025-06-17,37.4577535,126.9025437
서울특별시 금천구청 도로과,시흥본동-2148,방범등,서울특별시 금천구 시흥1동 872-1,2025-06-17,37.4576610,126.9022560
서울특별시 금천구청 도로과,시흥본동-2149,방범등,서울특별시 금천구 시흥1동 871-45,2025-06-17,37.4574723,126.9016122
서울특별시 금천구청 도로과,시흥본동-2150,방범등,서울특별시 금천구 시흥1동 869-25,2025-06-17,37.4583033,126.9003816
서울특별시 금천구청 도로과,시흥본동-2151,방범등,서울특별시 금천구 시흥1동 867-2,2025-06-17,37.4583168,126.9021914
서울특별시 금천구청 도로과,시흥본동-2152,방범등,서울특별시 금천구 시흥1동 867,2025-06-17,37.4584922,126.9021306
서울특별시 금천구청 도로과,시흥본동-2154,방범등,서울특별시 금천구 시흥1동 869-48,2025-06-17,37.4580498,126.9008080
서울특별시 금천구청 도로과,시흥본동-2156,방범등,서울특별시 금천구 시흥1동 871-12,2025-06-17,37.4574840,126.9007480
서울특별시 금천구청 도로과,시흥본동-2157,방범등,서울특별시 금천구 시흥1동 872-48,2025-06-17,37.4573172,126.9020789
서울특별시 금천구청 도로과,시흥본동-216,방범등,서울특별시 금천구 시흥1동 870-30 계단위,2025-06-17,37.4567829,126.9001865
서울특별시 금천구청 도로과,시흥본동-217,방범등,서울특별시 금천구 시흥1동 882-11 계단,2025-06-17,37.4564094,126.9003246
서울특별시 금천구청 도로과,시흥본동-218,방범등,서울특별시 금천구 시흥1동 882-15,2025-06-17,37.4562943,126.9005691
서울특별시 금천구청 도로과,시흥본동-220,방범등,서울특별시 금천구 시흥1동 882-03,2025-06-17,37.4564435,126.9006098
서울특별시 금천구청 도로과,시흥본동-221,방범등,서울특별시 금천구 시흥1동 881-03,2025-06-17,37.4564564,126.9008947
서울특별시 금천구청 도로과,시흥본동-222,방범등,서울특별시 금천구 시흥1동 870-30옆 계단,2025-06-17,37.4567829,126.9001865
서울특별시 금천구청 도로과,시흥본동-223,방범등,서울특별시 금천구 시흥1동 871-27,2025-06-17,37.4571138,126.9007124
서울특별시 금천구청 도로과,시흥본동-224,방범등,서울특별시 금천구 시흥1동 871-26,2025-06-17,37.4571925,126.9006812
서울특별시 금천구청 도로과,시흥본동-225,방범등,서울특별시 금천구 시흥1동 870-27 시흥중앙교회,2025-06-17,37.4572287,126.9002534
서울특별시 금천구청 도로과,시흥본동-226,방범등,서울특별시 금천구 시흥1동 870-14,2025-06-17,37.4575635,126.9002521
서울특별시 금천구청 도로과,시흥본동-227,방범등,서울특별시 금천구 시흥1동 870-02,2025-06-17,37.4580337,126.9000608
서울특별시 금천구청 도로과,시흥본동-228,방범등,서울특별시 금천구 시흥1동 870-00,2025-06-17,37.4579346,126.8997338
서울특별시 금천구청 도로과,시흥본동-229,방범등,서울특별시 금천구 시흥1동 870-14,2025-06-17,37.4575635,126.9002521
서울특별시 금천구청 도로과,시흥본동-230,방범등,서울특별시 금천구 시흥1동 870-6,2025-06-17,37.4577921,126.9001663
서울특별시 금천구청 도로과,시흥본동-231,방범등,서울특별시 금천구 시흥1동 869-43,2025-06-17,37.4582073,126.9006242
서울특별시 금천구청 도로과,시흥본동-232,방범등,서울특별시 금천구 시흥1동 869-33,2025-06-17,37.4579564,126.9005261
서울특별시 금천구청 도로과,시흥본동-233,방범등,서울특별시 금천구 시흥1동 869-40,2025-06-17,37.4577614,126.9006340
서울특별시 금천구청 도로과,시흥본동-234,방범등,서울특별시 금천구 시흥1동 871-11,2025-06-17,37.4576555,126.9009837
서울특별시 금천구청 도로과,시흥본동-235,방범등,서울특별시 금천구 시흥1동 871-12,2025-06-17,37.4574840,126.9007480
서울특별시 금천구청 도로과,시흥본동-237,방범등,서울특별시 금천구 시흥1동 871-37,2025-06-17,37.4572294,126.9010153
서울특별시 금천구청 도로과,시흥본동-238,방범등,서울특별시 금천구 시흥1동 871-17,2025-06-17,37.4574185,126.9010780
서울특별시 금천구청 도로과,시흥본동-239,방범등,서울특별시 금천구 시흥1동 871-35,2025-06-17,37.4571520,126.9011574
서울특별시 금천구청 도로과,시흥본동-241,방범등,서울특별시 금천구 시흥1동 881-05,2025-06-17,37.4566270,126.9012408
서울특별시 금천구청 도로과,시흥본동-242,방범등,서울특별시 금천구 시흥1동 881-68,2025-06-17,37.4566888,126.9010612
서울특별시 금천구청 도로과,시흥본동-243,방범등,서울특별시 금천구 시흥1동 881-09,2025-06-17,37.4565147,126.9011531
서울특별시 금천구청 도로과,시흥본동-244,방범등,서울특별시 금천구 시흥1동 881-03,2025-06-17,37.4564564,126.9008947
서울특별시 금천구청 도로과,시흥본동-245,방범등,서울특별시 금천구 시흥1동 881-16,2025-06-17,37.4562502,126.9011534
서울특별시 금천구청 도로과,시흥본동-246,방범등,서울특별시 금천구 시흥1동 881-07,2025-06-17,37.4565422,126.9013694
서울특별시 금천구청 도로과,시흥본동-247,방범등,서울특별시 금천구 시흥1동 881-25,2025-06-17,37.4564287,126.9016472
서울특별시 금천구청 도로과,시흥본동-248,방범등,서울특별시 금천구 시흥1동 873-44,2025-06-17,37.4565800,126.9018665
서울특별시 금천구청 도로과,시흥본동-249,방범등,서울특별시 금천구 시흥1동 881-48,2025-06-17,37.4555967,126.9015606
서울특별시 금천구청 도로과,시흥본동-250,방범등,서울특별시 금천구 시흥1동 881-51,2025-06-17,37.4557781,126.9016563
서울특별시 금천구청 도로과,시흥본동-251,방범등,서울특별시 금천구 시흥1동 881-51,2025-06-17,37.4557781,126.9016563
서울특별시 금천구청 도로과,시흥본동-252,방범등,서울특별시 금천구 시흥1동 881-50,2025-06-17,37.4557362,126.9015572
서울특별시 금천구청 도로과,시흥본동-253,방범등,서울특별시 금천구 시흥1동 881-46,2025-06-17,37.4555943,126.9013691
서울특별시 금천구청 도로과,시흥본동-254,방범등,서울특별시 금천구 시흥1동 881-39,2025-06-17,37.4559234,126.9013530
서울특별시 금천구청 도로과,시흥본동-255,방범등,서울특별시 금천구 시흥1동 881-28,2025-06-17,37.4562484,126.9014698
서울특별시 금천구청 도로과,시흥본동-256,방범등,서울특별시 금천구 시흥1동 873-37 (45),2025-06-17,37.4567075,126.9021658
서울특별시 금천구청 도로과,시흥본동-257,방범등,서울특별시 금천구 시흥1동 873-38,2025-06-17,37.4567441,126.9020691
서울특별시 금천구청 도로과,시흥본동-258,방범등,서울특별시 금천구 시흥1동 873-35,2025-06-17,37.4568483,126.9021990
서울특별시 금천구청 도로과,시흥본동-259,방범등,서울특별시 금천구 시흥1동 853-50,2025-06-17,37.4574789,126.9029456
서울특별시 금천구청 도로과,시흥본동-260,방범등,서울특별시 금천구 시흥1동 853-53,2025-06-17,37.4576499,126.9026877
서울특별시 금천구청 도로과,시흥본동-261,방범등,서울특별시 금천구 시흥1동 873-05,2025-06-17,37.4573107,126.9023610
서울특별시 금천구청 도로과,시흥본동-262,방범등,서울특별시 금천구 시흥1동 873-12,2025-06-17,37.4571612,126.9023387
서울특별시 금천구청 도로과,시흥본동-263,방범등,서울특별시 금천구 시흥1동 873-27,2025-06-17,37.4571183,126.9026907
서울특별시 금천구청 도로과,시흥본동-264,방범등,서울특별시 금천구 시흥1동 873-15,2025-06-17,37.4570498,126.9021795
서울특별시 금천구청 도로과,시흥본동-265,방범등,서울특별시 금천구 시흥1동 873-7,2025-06-17,37.4572383,126.9024663
서울특별시 금천구청 도로과,시흥본동-266,방범등,서울특별시 금천구 시흥1동 873-19,2025-06-17,37.4569156,126.9019789
서울특별시 금천구청 도로과,시흥본동-267,방범등,서울특별시 금천구 시흥1동 873-22,2025-06-17,37.4566852,126.9017665
서울특별시 금천구청 도로과,시흥본동-268,방범등,서울특별시 금천구 시흥1동 872-14,2025-06-17,37.4570992,126.9016767
서울특별시 금천구청 도로과,시흥본동-269,방범등,서울특별시 금천구 시흥1동 871-41,2025-06-17,37.4574411,126.9013713
서울특별시 금천구청 도로과,시흥본동-270,방범등,서울특별시 금천구 시흥1동 871-23,2025-06-17,37.4575902,126.9017076
서울특별시 금천구청 도로과,시흥본동-271,방범등,서울특별시 금천구 시흥1동 872-46,2025-06-17,37.4574787,126.9019843
서울특별시 금천구청 도로과,시흥본동-272,방범등,서울특별시 금천구 시흥1동 871-24해태어린이공원 오거리,2025-06-17,37.4577830,126.9018534
서울특별시 금천구청 도로과,시흥본동-275,방범등,서울특별시 금천구 시흥1동 871-17,2025-06-17,37.4574185,126.9010780
서울특별시 금천구청 도로과,시흥본동-276,방범등,"서울특별시 금천구 시흥1동 871-24 
(해태공원)",2025-06-17,37.4577830,126.9018534
서울특별시 금천구청 도로과,시흥본동-279,방범등,"서울특별시 금천구 시흥1동 871-24 
(해태공원)",2025-06-17,37.4577830,126.9018534
서울특별시 금천구청 도로과,시흥본동-281,방범등,서울특별시 금천구 시흥1동 871-00,2025-06-17,37.4580016,126.9012424
서울특별시 금천구청 도로과,시흥본동-282,방범등,서울특별시 금천구 시흥1동 872-44,2025-06-17,37.4569983,126.9014925
서울특별시 금천구청 도로과,시흥본동-283,방범등,서울특별시 금천구 시흥1동 881-6,2025-06-17,37.4565994,126.9014579
서울특별시 금천구청 도로과,시흥본동-284,방범등,서울특별시 금천구 시흥1동 854-29,2025-06-17,37.4577535,126.9025437
서울특별시 금천구청 도로과,시흥본동-285,방범등,서울특별시 금천구 시흥1동 853-43,2025-06-17,37.4577363,126.9027681
서울특별시 금천구청 도로과,시흥본동-286,방범등,서울특별시 금천구 시흥1동 853-32,2025-06-17,37.4579285,126.9029571
서울특별시 금천구청 도로과,시흥본동-287,방범등,서울특별시 금천구 시흥1동 853-33,2025-06-17,37.4578776,126.9030516
서울특별시 금천구청 도로과,시흥본동-288,방범등,서울특별시 금천구 시흥1동 853-24,2025-06-17,37.4580968,126.9031281
서울특별시 금천구청 도로과,시흥본동-289,방범등,서울특별시 금천구 시흥1동 853-25,2025-06-17,37.4580459,126.9032254
서울특별시 금천구청 도로과,시흥본동-290,방범등,서울특별시 금천구 시흥1동 854-18,2025-06-17,37.4583308,126.9029119
서울특별시 금천구청 도로과,시흥본동-291,방범등,서울특별시 금천구 시흥1동 853-15,2025-06-17,37.4582383,126.9032645
서울특별시 금천구청 도로과,시흥본동-292,방범등,서울특별시 금천구 시흥1동 867-16,2025-06-17,37.4586511,126.9027997
서울특별시 금천구청 도로과,시흥본동-293,방범등,서울특별시 금천구 시흥1동 854-06,2025-06-17,37.4584639,126.9028793
서울특별시 금천구청 도로과,시흥본동-294,방범등,서울특별시 금천구 시흥1동 867-11,2025-06-17,37.4584855,126.9025103
서울특별시 금천구청 도로과,시흥본동-295,방범등,서울특별시 금천구 시흥1동 854-04,2025-06-17,37.4581899,126.9026402
서울특별시 금천구청 도로과,시흥본동-296,방범등,서울특별시 금천구 시흥1동 854-00,2025-06-17,37.4578938,126.9023488
서울특별시 금천구청 도로과,시흥본동-297,방범등,서울특별시 금천구 시흥1동 868-67,2025-06-17,37.4579847,126.9020274
서울특별시 금천구청 도로과,시흥본동-298,방범등,서울특별시 금천구 시흥1동 868-61,2025-06-17,37.4582439,126.9019535
서울특별시 금천구청 도로과,시흥본동-299,방범등,서울특별시 금천구 시흥1동 867-32,2025-06-17,37.4584655,126.9023360
서울특별시 금천구청 도로과,시흥본동-301,방범등,서울특별시 금천구 시흥1동 879-16,2025-06-17,37.4551681,126.9014519
서울특별시 금천구청 도로과,시흥본동-302,방범등,서울특별시 금천구 시흥1동 879-14,2025-06-17,37.4552732,126.9015502
서울특별시 금천구청 도로과,시흥본동-303,방범등,서울특별시 금천구 시흥1동 879-116,2025-06-17,37.4551658,126.9018681
서울특별시 금천구청 도로과,시흥본동-304,방범등,서울특별시 금천구 시흥1동 879-116,2025-06-17,37.4551658,126.9018681
서울특별시 금천구청 도로과,시흥본동-305,방범등,서울특별시 금천구 시흥1동 879-28,2025-06-17,37.4549950,126.9021152
서울특별시 금천구청 도로과,시흥본동-306,방범등,서울특별시 금천구 시흥1동 879-28,2025-06-17,37.4549950,126.9021152
서울특별시 금천구청 도로과,시흥본동-307,방범등,서울특별시 금천구 시흥1동 879-56,2025-06-17,37.4549611,126.9022793
서울특별시 금천구청 도로과,시흥본동-308,방범등,서울특별시 금천구 시흥1동 879-104,2025-06-17,37.4546462,126.9025033
서울특별시 금천구청 도로과,시흥본동-309,방범등,서울특별시 금천구 시흥1동 879-57,2025-06-17,37.4549265,126.9024108
서울특별시 금천구청 도로과,시흥본동-310,방범등,서울특별시 금천구 시흥1동 879-60,2025-06-17,37.4547663,126.9025902
서울특별시 금천구청 도로과,시흥본동-3100,방범등,서울특별시 금천구 시흥1동 849-02,2025-06-17,37.4571761,126.9036987
서울특별시 금천구청 도로과,시흥본동-3101,방범등,서울특별시 금천구 시흥1동 849-02,2025-06-17,37.4571761,126.9036987
서울특별시 금천구청 도로과,시흥본동-3102,방범등,서울특별시 금천구 시흥1동 850-06 현대시장 건물,2025-06-17,37.4575839,126.9041020
서울특별시 금천구청 도로과,시흥본동-3103,방범등,서울특별시 금천구 시흥1동 850-06 현대시장 건물,2025-06-17,37.4575839,126.9041020
서울특별시 금천구청 도로과,시흥본동-3104,방범등,서울특별시 금천구 시흥1동 850-06 현대시장 건물,2025-06-17,37.4575839,126.9041020
서울특별시 금천구청 도로과,시흥본동-3105,방범등,서울특별시 금천구 시흥1동 850-04,2025-06-17,37.4576363,126.9044601
서울특별시 금천구청 도로과,시흥본동-3106,방범등,서울특별시 금천구 시흥1동 848-15,2025-06-17,37.4575631,126.9047816
서울특별시 금천구청 도로과,시흥본동-3107,방범등,서울특별시 금천구 시흥1동 848-04,2025-06-17,37.4578121,126.9046110
서울특별시 금천구청 도로과,시흥본동-3108,방범등,서울특별시 금천구 시흥1동 848-03,2025-06-17,37.4578872,126.9046806
서울특별시 금천구청 도로과,시흥본동-3109,방범등,서울특별시 금천구 시흥1동 850-00,2025-06-17,37.4578951,126.9043246
서울특별시 금천구청 도로과,시흥본동-311,방범등,서울특별시 금천구 시흥1동 879-61,2025-06-17,37.4546422,126.9027348
서울특별시 금천구청 도로과,시흥본동-3110,방범등,서울특별시 금천구 시흥1동 850-00,2025-06-17,37.4578951,126.9043246
서울특별시 금천구청 도로과,시흥본동-3113,방범등,서울특별시 금천구 시흥1동 846-17,2025-06-17,37.4568418,126.9040211
서울특별시 금천구청 도로과,시흥본동-3114,방범등,서울특별시 금천구 시흥1동 849-28,2025-06-17,37.4571070,126.9040319
서울특별시 금천구청 도로과,시흥본동-3115,방범등,서울특별시 금천구 시흥1동 846-27,2025-06-17,37.4569073,126.9042725
서울특별시 금천구청 도로과,시흥본동-3116,방범등,서울특별시 금천구 시흥1동 846-29,2025-06-17,37.4569461,126.9044299
서울특별시 금천구청 도로과,시흥본동-3117,방범등,서울특별시 금천구 시흥1동 849-21,2025-06-17,37.4571086,126.9044709
서울특별시 금천구청 도로과,시흥본동-3118,방범등,서울특별시 금천구 시흥1동 849-21,2025-06-17,37.4571086,126.9044709
서울특별시 금천구청 도로과,시흥본동-3119,방범등,서울특별시 금천구 시흥1동 848-28,2025-06-17,37.4572205,126.9049495
서울특별시 금천구청 도로과,시흥본동-312,방범등,서울특별시 금천구 시흥1동 879-74,2025-06-17,37.4546024,126.9028843
서울특별시 금천구청 도로과,시흥본동-3120,방범등,서울특별시 금천구 시흥1동 848-16,2025-06-17,37.4574673,126.9048364
서울특별시 금천구청 도로과,시흥본동-3121,방범등,서울특별시 금천구 시흥1동 847-02,2025-06-17,37.4571375,126.9052373
서울특별시 금천구청 도로과,시흥본동-3122,방범등,서울특별시 금천구 시흥1동 847-04,2025-06-17,37.4568437,126.9050677
서울특별시 금천구청 도로과,시흥본동-3123,방범등,서울특별시 금천구 시흥1동 847-09,2025-06-17,37.4566141,126.9051127
서울특별시 금천구청 도로과,시흥본동-3124,방범등,서울특별시 금천구 시흥1동 845-36,2025-06-17,37.4565884,126.9047742
서울특별시 금천구청 도로과,시흥본동-3125,방범등,서울특별시 금천구 시흥1동 846-24,2025-06-17,37.4566586,126.9043831
서울특별시 금천구청 도로과,시흥본동-3126,방범등,서울특별시 금천구 시흥1동 845-25,2025-06-17,37.4564757,126.9044974
서울특별시 금천구청 도로과,시흥본동-3127,방범등,서울특별시 금천구 시흥1동 846-23,2025-06-17,37.4566349,126.9042803
서울특별시 금천구청 도로과,시흥본동-3128,방범등,서울특별시 금천구 시흥1동 845-24,2025-06-17,37.4564871,126.9043270
서울특별시 금천구청 도로과,시흥본동-313,방범등,서울특별시 금천구 시흥1동 879-93,2025-06-17,37.4541611,126.9031607
서울특별시 금천구청 도로과,시흥본동-3130,방범등,서울특별시 금천구 시흥1동 845-09,2025-06-17,37.4564015,126.9039976
서울특별시 금천구청 도로과,시흥본동-3131,방범등,서울특별시 금천구 시흥1동 846-02,2025-06-17,37.4565329,126.9036984
서울특별시 금천구청 도로과,시흥본동-3132,방범등,서울특별시 금천구 시흥1동 875-13,2025-06-17,37.4565136,126.9034058
서울특별시 금천구청 도로과,시흥본동-3133,방범등,서울특별시 금천구 시흥1동 846-29,2025-06-17,37.4569461,126.9044299
서울특별시 금천구청 도로과,시흥본동-3134,방범등,서울특별시 금천구 시흥1동 845-44,2025-06-17,37.4561119,126.9040770
서울특별시 금천구청 도로과,시흥본동-3135,방범등,서울특별시 금천구 시흥1동 845-11,2025-06-17,37.4562070,126.9040504
서울특별시 금천구청 도로과,시흥본동-3136,방범등,서울특별시 금천구 시흥1동 845-19,2025-06-17,37.4561777,126.9044402
서울특별시 금천구청 도로과,시흥본동-3137,방범등,서울특별시 금천구 시흥1동 845-32,2025-06-17,37.4562989,126.9047344
서울특별시 금천구청 도로과,시흥본동-3138,방범등,서울특별시 금천구 시흥1동 845-40,2025-06-17,37.4562763,126.9049602
서울특별시 금천구청 도로과,시흥본동-3139,방범등,서울특별시 금천구 시흥1동 847-21,2025-06-17,37.4563022,126.9051375
서울특별시 금천구청 도로과,시흥본동-314,방범등,서울특별시 금천구 시흥1동 879-89,2025-06-17,37.4543418,126.9031932
서울특별시 금천구청 도로과,시흥본동-3140,방범등,서울특별시 금천구 시흥1동 847-14,2025-06-17,37.4565216,126.9051309
서울특별시 금천구청 도로과,시흥본동-3141,방범등,서울특별시 금천구 시흥1동 844-31,2025-06-17,37.4560605,126.9047271
서울특별시 금천구청 도로과,시흥본동-3142,방범등,서울특별시 금천구 시흥1동 844-29,2025-06-17,37.4559332,126.9045002
서울특별시 금천구청 도로과,시흥본동-3143,방범등,서울특별시 금천구 시흥1동 844-21,2025-06-17,37.4558693,126.9043788
서울특별시 금천구청 도로과,시흥본동-3144,방범등,서울특별시 금천구 시흥1동 879-46,2025-06-17,37.4551590,126.9024461
서울특별시 금천구청 도로과,시흥본동-3145,방범등,서울특별시 금천구 시흥1동 879-48,2025-06-17,37.4551567,126.9026977
서울특별시 금천구청 도로과,시흥본동-3146,방범등,서울특별시 금천구 시흥1동 879-66,2025-06-17,37.4548489,126.9027030
서울특별시 금천구청 도로과,시흥본동-3147,방범등,서울특별시 금천구 시흥1동 875-17,2025-06-17,37.4565255,126.9031278
서울특별시 금천구청 도로과,시흥본동-3148,방범등,서울특별시 금천구 시흥1동 847-11,2025-06-17,37.4566755,126.9053848
서울특별시 금천구청 도로과,시흥본동-3149,방범등,서울특별시 금천구 시흥1동 879-95,2025-06-17,37.4542855,126.9030780
서울특별시 금천구청 도로과,시흥본동-315,방범등,서울특별시 금천구 시흥1동 879-77,2025-06-17,37.4548594,126.9032163
서울특별시 금천구청 도로과,시흥본동-3150,방범등,서울특별시 금천구 시흥1동 844-04,2025-06-17,37.4556796,126.9039698
서울특별시 금천구청 도로과,시흥본동-3151,방범등,서울특별시 금천구 시흥1동 844-03,2025-06-17,37.4556632,126.9038470
서울특별시 금천구청 도로과,시흥본동-3152,방범등,서울특별시 금천구 시흥1동 875-13,2025-06-17,37.4565136,126.9034058
서울특별시 금천구청 도로과,시흥본동-3153,방범등,서울특별시 금천구 시흥1동 848-08,2025-06-17,37.4577700,126.9049863
서울특별시 금천구청 도로과,시흥본동-3154,방범등,서울특별시 금천구 시흥1동 852-22,2025-06-17,37.4589198,126.9046119
서울특별시 금천구청 도로과,시흥본동-3156,방범등,서울특별시 금천구 시흥1동 877-4,2025-06-17,37.4555279,126.9029903
서울특별시 금천구청 도로과,시흥본동-3158,방범등,서울특별시 금천구 시흥1동 879-33,2025-06-17,37.4554294,126.9023532
서울특별시 금천구청 도로과,시흥본동-3159,방범등,서울특별시 금천구 시흥1동 845-31,2025-06-17,37.4562101,126.9047614
서울특별시 금천구청 도로과,시흥본동-316,방범등,서울특별시 금천구 시흥1동 878-22,2025-06-17,37.4550555,126.9033398
서울특별시 금천구청 도로과,시흥본동-3160,방범등,서울특별시 금천구 시흥1동 845-21,2025-06-17,37.4562954,126.9043717
서울특별시 금천구청 도로과,시흥본동-3161,방범등,서울특별시 금천구 시흥1동 844-14,2025-06-17,37.4557575,126.9042261
서울특별시 금천구청 도로과,시흥본동-3162,방범등,서울특별시 금천구 시흥1동 880-6,2025-06-17,37.4561718,126.9022249
서울특별시 금천구청 도로과,시흥본동-3164,방범등,서울특별시 금천구 시흥1동 874-25,2025-06-17,37.4569028,126.9030993
서울특별시 금천구청 도로과,시흥본동-3165,방범등,서울특별시 금천구 시흥1동 876-17,2025-06-17,37.4560170,126.9032977
서울특별시 금천구청 도로과,시흥본동-3166,방범등,서울특별시 금천구 시흥1동 852-53,2025-06-17,37.4581668,126.9048558
서울특별시 금천구청 도로과,시흥본동-3167,방범등,서울특별시 금천구 시흥1동 847-03,2025-06-17,37.4569851,126.9050407
서울특별시 금천구청 도로과,시흥본동-3168,방범등,서울특별시 금천구 시흥1동 879-24,2025-06-17,37.4549402,126.9016890
서울특별시 금천구청 도로과,시흥본동-3169,방범등,서울특별시 금천구 시흥1동 879-24,2025-06-17,37.4549402,126.9016890
서울특별시 금천구청 도로과,시흥본동-317,방범등,서울특별시 금천구 시흥1동 879-73,2025-06-17,37.4547375,126.9028892
서울특별시 금천구청 도로과,시흥본동-3170,방범등,서울특별시 금천구 시흥1동 879-22,2025-06-17,37.4551022,126.9016642
서울특별시 금천구청 도로과,시흥본동-3171,방범등,서울특별시 금천구 시흥1동 879-109,2025-06-17,37.4546737,126.9023488
서울특별시 금천구청 도로과,시흥본동-3172,방범등,서울특별시 금천구 시흥1동 880-9,2025-06-17,37.4561379,126.9020318
서울특별시 금천구청 도로과,시흥본동-3173,방범등,서울특별시 금천구 시흥1동 850-6,2025-06-17,37.4575839,126.9041020
서울특별시 금천구청 도로과,시흥본동-3174,방범등,서울특별시 금천구 시흥1동 879-95,2025-06-17,37.4542855,126.9030780
서울특별시 금천구청 도로과,시흥본동-3175,방범등,서울특별시 금천구 시흥1동 846-10,2025-06-17,37.4567288,126.9039478
서울특별시 금천구청 도로과,시흥본동-3176,방범등,서울특별시 금천구 시흥1동 848-14,2025-06-17,37.4576437,126.9049759
서울특별시 금천구청 도로과,시흥본동-3177,방범등,서울특별시 금천구 시흥1동 877-15,2025-06-17,37.4555988,126.9034657
서울특별시 금천구청 도로과,시흥본동-3178,방범등,서울특별시 금천구 시흥1동 878-8,2025-06-17,37.4554966,126.9037098
서울특별시 금천구청 도로과,시흥본동-318,방범등,서울특별시 금천구 시흥1동 879-70,2025-06-17,37.4549913,126.9028927
서울특별시 금천구청 도로과,시흥본동-3180,방범등,서울특별시 금천구 시흥1동 877,2025-06-17,37.4557771,126.9028376
서울특별시 금천구청 도로과,시흥본동-3181,방범등,서울특별시 금천구 시흥1동 845,2025-06-17,37.4563367,126.9036898
서울특별시 금천구청 도로과,시흥본동-3182,방범등,서울특별시 금천구 시흥1동 876-13,2025-06-17,37.4562773,126.9034759
서울특별시 금천구청 도로과,시흥본동-3183,방범등,서울특별시 금천구 시흥1동 875-30,2025-06-17,37.4563942,126.9032996
서울특별시 금천구청 도로과,시흥본동-3184,방범등,서울특별시 금천구 시흥1동 849-29,2025-06-17,37.4570115,126.9040551
서울특별시 금천구청 도로과,시흥본동-3185,방범등,서울특별시 금천구 시흥1동 846-6,2025-06-17,37.4567855,126.9037867
서울특별시 금천구청 도로과,시흥본동-3186,방범등,서울특별시 금천구 시흥1동 849-38,2025-06-17,37.4569466,126.9037928
서울특별시 금천구청 도로과,시흥본동-3187,방범등,서울특별시 금천구 시흥1동 875-10,2025-06-17,37.4566125,126.9033042
서울특별시 금천구청 도로과,시흥본동-3188,방범등,서울특별시 금천구 시흥1동 875-3,2025-06-17,37.4565403,126.9027713
서울특별시 금천구청 도로과,시흥본동-319,방범등,서울특별시 금천구 시흥1동 878-15,2025-06-17,37.4551981,126.9031483
서울특별시 금천구청 도로과,시흥본동-320,방범등,서울특별시 금천구 시흥1동 879-40,2025-06-17,37.4553078,126.9027188
서울특별시 금천구청 도로과,시흥본동-321,방범등,서울특별시 금천구 시흥1동 879-40 사거리,2025-06-17,37.4553078,126.9027188
서울특별시 금천구청 도로과,시흥본동-322,방범등,서울특별시 금천구 시흥1동 879-42,2025-06-17,37.4553011,126.9024757
서울특별시 금천구청 도로과,시흥본동-323,방범등,서울특별시 금천구 시흥1동 879-05,2025-06-17,37.4553380,126.9021663
서울특별시 금천구청 도로과,시흥본동-324,방범등,서울특별시 금천구 시흥1동 879-04,2025-06-17,37.4553452,126.9020404
서울특별시 금천구청 도로과,시흥본동-325,방범등,서울특별시 금천구 시흥1동 879-07,2025-06-17,37.4552109,126.9021533
서울특별시 금천구청 도로과,시흥본동-326,방범등,서울특별시 금천구 시흥1동 880-38,2025-06-17,37.4556783,126.9022929
서울특별시 금천구청 도로과,시흥본동-327,방범등,서울특별시 금천구 시흥1동 880-49,2025-06-17,37.4555554,126.9019139
서울특별시 금천구청 도로과,시흥본동-328,방범등,서울특별시 금천구 시흥1동 880-24,2025-06-17,37.4558288,126.9020778
서울특별시 금천구청 도로과,시흥본동-329,방범등,서울특별시 금천구 시흥1동 875-27,2025-06-17,37.4563228,126.9030144
서울특별시 금천구청 도로과,시흥본동-330,방범등,서울특별시 금천구 시흥1동 880-40,2025-06-17,37.4557312,126.9018901
서울특별시 금천구청 도로과,시흥본동-331,방범등,서울특별시 금천구 시흥1동 880-43,2025-06-17,37.4554883,126.9018212
서울특별시 금천구청 도로과,시흥본동-332,방범등,서울특별시 금천구 시흥1동 880-09,2025-06-17,37.4561379,126.9020318
서울특별시 금천구청 도로과,시흥본동-333,방범등,서울특별시 금천구 시흥1동 880-13,2025-06-17,37.4559876,126.9020602
서울특별시 금천구청 도로과,시흥본동-334,방범등,서울특별시 금천구 시흥1동 880-01,2025-06-17,37.4563148,126.9021566
서울특별시 금천구청 도로과,시흥본동-335,방범등,서울특별시 금천구 시흥1동 880-03,2025-06-17,37.4562974,126.9023233
서울특별시 금천구청 도로과,시흥본동-336,방범등,서울특별시 금천구 시흥1동 880-18,2025-06-17,37.4560965,126.9024710
서울특별시 금천구청 도로과,시흥본동-337,방범등,서울특별시 금천구 시흥1동 880-19,2025-06-17,37.4559709,126.9025125
서울특별시 금천구청 도로과,시흥본동-338,방범등,서울특별시 금천구 시흥1동 880-29,2025-06-17,37.4558533,126.9025552
서울특별시 금천구청 도로과,시흥본동-339,방범등,서울특별시 금천구 시흥1동 880-30,2025-06-17,37.4557735,126.9025939
서울특별시 금천구청 도로과,시흥본동-340,방범등,서울특별시 금천구 시흥1동 877-02,2025-06-17,37.4556200,126.9029059
서울특별시 금천구청 도로과,시흥본동-341,방범등,서울특별시 금천구 시흥1동 879-36,2025-06-17,37.4554759,126.9026451
서울특별시 금천구청 도로과,시흥본동-342,방범등,서울특별시 금천구 시흥1동 878-03,2025-06-17,37.4554114,126.9032187
서울특별시 금천구청 도로과,시흥본동-343,방범등,서울특별시 금천구 시흥1동 878-16,2025-06-17,37.4552472,126.9032597
서울특별시 금천구청 도로과,시흥본동-344,방범등,서울특별시 금천구 시흥1동 877-14,2025-06-17,37.4555845,126.9033325
서울특별시 금천구청 도로과,시흥본동-345,방범등,서울특별시 금천구 시흥1동 878-5,2025-06-17,37.4554435,126.9033785
서울특별시 금천구청 도로과,시흥본동-346,방범등,서울특별시 금천구 시흥1동 843-16,2025-06-17,37.4559690,126.9048717
서울특별시 금천구청 도로과,시흥본동-347,방범등,서울특별시 금천구 시흥1동 877-17,2025-06-17,37.4557737,126.9034215
서울특별시 금천구청 도로과,시흥본동-348,방범등,서울특별시 금천구 시흥1동 844-03,2025-06-17,37.4556632,126.9038470
서울특별시 금천구청 도로과,시흥본동-349,방범등,서울특별시 금천구 시흥1동 844-00,2025-06-17,37.4559208,126.9037859
서울특별시 금천구청 도로과,시흥본동-350,방범등,서울특별시 금천구 시흥1동 876-15,2025-06-17,37.4560562,126.9035393
서울특별시 금천구청 도로과,시흥본동-351,방범등,서울특별시 금천구 시흥1동 876-18,2025-06-17,37.4559861,126.9030979
서울특별시 금천구청 도로과,시흥본동-352,방범등,서울특별시 금천구 시흥1동 845-02,2025-06-17,37.4561603,126.9037319
서울특별시 금천구청 도로과,시흥본동-353,방범등,서울특별시 금천구 시흥1동 879-31,2025-06-17,37.4548279,126.9019831
서울특별시 금천구청 도로과,시흥본동-354,방범등,서울특별시 금천구 시흥1동 876-13,2025-06-17,37.4562773,126.9034759
서울특별시 금천구청 도로과,시흥본동-355,방범등,서울특별시 금천구 시흥1동 875-14,2025-06-17,37.4564766,126.9032565
서울특별시 금천구청 도로과,시흥본동-356,방범등,서울특별시 금천구 시흥1동 876-11,2025-06-17,37.4562001,126.9033636
서울특별시 금천구청 도로과,시흥본동-357,방범등,서울특별시 금천구 시흥1동 877-20,2025-06-17,37.4558869,126.9035705
서울특별시 금천구청 도로과,시흥본동-358,방범등,서울특별시 금천구 시흥1동 875-16,2025-06-17,37.4564071,126.9029726
서울특별시 금천구청 도로과,시흥본동-359,방범등,서울특별시 금천구 시흥1동 875-22,2025-06-17,37.4562263,126.9026031
서울특별시 금천구청 도로과,시흥본동-360,방범등,서울특별시 금천구 시흥1동 874-09,2025-06-17,37.4566147,126.9024468
서울특별시 금천구청 도로과,시흥본동-361,방범등,서울특별시 금천구 시흥1동 874-10,2025-06-17,37.4566390,126.9025809
서울특별시 금천구청 도로과,시흥본동-362,방범등,서울특별시 금천구 시흥1동 874-13,2025-06-17,37.4567464,126.9028922
서울특별시 금천구청 도로과,시흥본동-363,방범등,서울특별시 금천구 시흥1동 874-23,2025-06-17,37.4568220,126.9033217
서울특별시 금천구청 도로과,시흥본동-364,방범등,서울특별시 금천구 시흥1동 849-33,2025-06-17,37.4569353,126.9035425
서울특별시 금천구청 도로과,시흥본동-365,방범등,서울특별시 금천구 시흥1동 874-08,2025-06-17,37.4567064,126.9025497
서울특별시 금천구청 도로과,시흥본동-366,방범등,서울특별시 금천구 시흥1동 874-05,2025-06-17,37.4569066,126.9028593
서울특별시 금천구청 도로과,시흥본동-367,방범등,서울특별시 금천구 시흥1동 874-04,2025-06-17,37.4570062,126.9028677
서울특별시 금천구청 도로과,시흥본동-368,방범등,서울특별시 금천구 시흥1동 874-00,2025-06-17,37.4572526,126.9030299
서울특별시 금천구청 도로과,시흥본동-369,방범등,서울특별시 금천구 시흥1동 851-16,2025-06-17,37.4574103,126.9031066
서울특별시 금천구청 도로과,시흥본동-370,방범등,서울특별시 금천구 시흥1동 851-15,2025-06-17,37.4574691,126.9032276
서울특별시 금천구청 도로과,시흥본동-371,방범등,서울특별시 금천구 시흥1동 851-13,2025-06-17,37.4575616,126.9033205
서울특별시 금천구청 도로과,시흥본동-372,방범등,서울특별시 금천구 시흥1동 851-10,2025-06-17,37.4577363,126.9034409
서울특별시 금천구청 도로과,시흥본동-373,방범등,서울특별시 금천구 시흥1동 851-21,2025-06-17,37.4575931,126.9034478
서울특별시 금천구청 도로과,시흥본동-374,방범등,서울특별시 금천구 시흥1동 851-23,2025-06-17,37.4577500,126.9036226
서울특별시 금천구청 도로과,시흥본동-375,방범등,서울특별시 금천구 시흥1동 851-04,2025-06-17,37.4580237,126.9038320
서울특별시 금천구청 도로과,시흥본동-376,방범등,서울특별시 금천구 시흥1동 851-01,2025-06-17,37.4581687,126.9038623
서울특별시 금천구청 도로과,시흥본동-377,방범등,서울특별시 금천구 시흥1동 851-00,2025-06-17,37.4582354,126.9039320
서울특별시 금천구청 도로과,시흥본동-378,방범등,서울특별시 금천구 시흥1동 852-04,2025-06-17,37.4584271,126.9041681
서울특별시 금천구청 도로과,시흥본동-379,방범등,서울특별시 금천구 시흥1동 852-05,2025-06-17,37.4585129,126.9042080
서울특별시 금천구청 도로과,시흥본동-380,방범등,서울특별시 금천구 시흥1동 852-06,2025-06-17,37.4584513,126.9043053
서울특별시 금천구청 도로과,시흥본동-381,방범등,서울특별시 금천구 시흥1동 852-13,2025-06-17,37.4586757,126.9043752
서울특별시 금천구청 도로과,시흥본동-382,방범등,서울특별시 금천구 시흥1동 852-18,2025-06-17,37.4587004,126.9045631
서울특별시 금천구청 도로과,시흥본동-383,방범등,서울특별시 금천구 시흥1동 852-26,2025-06-17,37.4588673,126.9047711
서울특별시 금천구청 도로과,시흥본동-384,방범등,서울특별시 금천구 시흥1동 852-23,2025-06-17,37.4587566,126.9046522
서울특별시 금천구청 도로과,시흥본동-385,방범등,서울특별시 금천구 시흥1동 852-35,2025-06-17,37.4584836,126.9050273
서울특별시 금천구청 도로과,시흥본동-386,방범등,서울특별시 금천구 시흥1동 852-36,2025-06-17,37.4584691,126.9049018
서울특별시 금천구청 도로과,시흥본동-387,방범등,서울특별시 금천구 시흥1동 852-43,2025-06-17,37.4584857,126.9046368
서울특별시 금천구청 도로과,시흥본동-388,방범등,서울특별시 금천구 시흥1동 848-00,2025-06-17,37.4579789,126.9045362
서울특별시 금천구청 도로과,시흥본동-389,방범등,서울특별시 금천구 시흥1동 848-02,2025-06-17,37.4579948,126.9047245
서울특별시 금천구청 도로과,시흥본동-390,방범등,서울특별시 금천구 시흥1동 851-26,2025-06-17,37.4580789,126.9041360
서울특별시 금천구청 도로과,시흥본동-391,방범등,서울특별시 금천구 시흥1동 851-27,2025-06-17,37.4579689,126.9040285
서울특별시 금천구청 도로과,시흥본동-393,방범등,서울특별시 금천구 시흥1동 851-28,2025-06-17,37.4578621,126.9039238
서울특별시 금천구청 도로과,시흥본동-394,방범등,서울특별시 금천구 시흥1동 851-29,2025-06-17,37.4577585,126.9038400
서울특별시 금천구청 도로과,시흥본동-395,방범등,서울특별시 금천구 시흥1동 851-31,2025-06-17,37.4575571,126.9037166
서울특별시 금천구청 도로과,시흥본동-396,방범등,서울특별시 금천구 시흥1동 850-06 현대시장 건물,2025-06-17,37.4575839,126.9041020
서울특별시 금천구청 도로과,시흥본동-398,방범등,서울특별시 금천구 시흥1동 851-36,2025-06-17,37.4572421,126.9033718
서울특별시 금천구청 도로과,시흥본동-399,방범등,서울특별시 금천구 시흥1동 851-18,2025-06-17,37.4573160,126.9032497
서울특별시 금천구청 도로과,시흥본동-400,방범등,서울특별시 금천구 시흥1동 874-19,2025-06-17,37.4571460,126.9031427
서울특별시 금천구청 도로과,시흥본동-401,방범등,서울특별시 금천구 시흥1동 847-20,2025-06-17,37.4563126,126.9052538
서울특별시 금천구청 도로과,시흥본동-402,방범등,서울특별시 금천구 시흥1동 842-19,2025-06-17,37.4560210,126.9052142
서울특별시 금천구청 도로과,시흥본동-404,방범등,서울특별시 금천구 시흥1동 843-02,2025-06-17,37.4557807,126.9050149
서울특별시 금천구청 도로과,시흥본동-405,방범등,서울특별시 금천구 시흥1동 843-04,2025-06-17,37.4557086,126.9050469
서울특별시 금천구청 도로과,시흥본동-406,방범등,서울특별시 금천구 시흥1동 843-07,2025-06-17,37.4556560,126.9048352
서울특별시 금천구청 도로과,시흥본동-407,방범등,서울특별시 금천구 시흥1동 841-04,2025-06-17,37.4552541,126.9052039
서울특별시 금천구청 도로과,시흥본동-408,방범등,서울특별시 금천구 시흥1동 841-63,2025-06-17,37.4553376,126.9048727
서울특별시 금천구청 도로과,시흥본동-409,방범등,서울특별시 금천구 시흥1동 841-61,2025-06-17,37.4552155,126.9053537
서울특별시 금천구청 도로과,시흥본동-410,방범등,서울특별시 금천구 시흥1동 842-11,2025-06-17,37.4553669,126.9055077
서울특별시 금천구청 도로과,시흥본동-411,방범등,서울특별시 금천구 시흥1동 841-19 시흥초교 정문,2025-06-17,37.4548177,126.9048698
서울특별시 금천구청 도로과,시흥본동-413,방범등,서울특별시 금천구 시흥1동 841-00 시흥1동치안센터 좌측,2025-06-17,37.4554718,126.9042431
서울특별시 금천구청 도로과,시흥본동-414,방범등,서울특별시 금천구 시흥1동 841-00 시흥1동치안센터,2025-06-17,37.4554718,126.9042431
서울특별시 금천구청 도로과,시흥본동-416,방범등,서울특별시 금천구 시흥1동 841 금천다문화센터,2025-06-17,37.4554718,126.9042431
서울특별시 금천구청 도로과,시흥본동-417,방범등,서울특별시 금천구 시흥1동 841-32,2025-06-17,37.4551625,126.9038073
서울특별시 금천구청 도로과,시흥본동-419,방범등,서울특별시 금천구 시흥1동 841-51,2025-06-17,37.4541239,126.9036113
서울특별시 금천구청 도로과,시흥본동-420,방범등,서울특별시 금천구 시흥1동 841-60,2025-06-17,37.4542132,126.9036144
서울특별시 금천구청 도로과,시흥본동-421,방범등,서울특별시 금천구 시흥1동 840-11,2025-06-17,37.4540319,126.9040873
서울특별시 금천구청 도로과,시흥본동-422,방범등,서울특별시 금천구 시흥1동 840-22,2025-06-17,37.4541979,126.9044623
서울특별시 금천구청 도로과,시흥본동-423,방범등,서울특별시 금천구 시흥1동 840-22,2025-06-17,37.4541979,126.9044623
서울특별시 금천구청 도로과,시흥본동-424,방범등,서울특별시 금천구 시흥1동 840-22,2025-06-17,37.4541979,126.9044623
서울특별시 금천구청 도로과,시흥본동-425,방범등,서울특별시 금천구 시흥1동 841-20,2025-06-17,37.4544165,126.9043757
서울특별시 금천구청 도로과,시흥본동-426,방범등,서울특별시 금천구 시흥1동 840-04 월편,2025-06-17,37.4542289,126.9041324
서울특별시 금천구청 도로과,시흥본동-427,방범등,서울특별시 금천구 시흥1동 840-34,2025-06-17,37.4542107,126.9047804
서울특별시 금천구청 도로과,시흥본동-428,방범등,서울특별시 금천구 시흥1동 840-91 월편,2025-06-17,37.4540467,126.9051453
서울특별시 금천구청 도로과,시흥본동-429,방범등,서울특별시 금천구 시흥1동 840-57,2025-06-17,37.4540950,126.9054352
서울특별시 금천구청 도로과,시흥본동-430,방범등,서울특별시 금천구 시흥1동 840-66,2025-06-17,37.4540241,126.9057670
서울특별시 금천구청 도로과,시흥본동-431,방범등,서울특별시 금천구 시흥1동 840-70,2025-06-17,37.4537852,126.9059351
서울특별시 금천구청 도로과,시흥본동-433,방범등,서울특별시 금천구 시흥1동 838-01,2025-06-17,37.4536034,126.9056452
서울특별시 금천구청 도로과,시흥본동-434,방범등,서울특별시 금천구 시흥1동 838-6,2025-06-17,37.4534678,126.9054814
서울특별시 금천구청 도로과,시흥본동-435,방범등,서울특별시 금천구 시흥1동 839-25,2025-06-17,37.4536475,126.9052322
서울특별시 금천구청 도로과,시흥본동-436,방범등,서울특별시 금천구 시흥1동 839-22,2025-06-17,37.4535433,126.9050911
서울특별시 금천구청 도로과,시흥본동-437,방범등,서울특별시 금천구 시흥1동 840-54,2025-06-17,37.4538781,126.9052206
서울특별시 금천구청 도로과,시흥본동-438,방범등,서울특별시 금천구 시흥1동 839-19,2025-06-17,37.4535942,126.9049725
서울특별시 금천구청 도로과,시흥본동-439,방범등,서울특별시 금천구 시흥1동 840-51,2025-06-17,37.4539025,126.9050778
서울특별시 금천구청 도로과,시흥본동-440,방범등,서울특별시 금천구 시흥1동 840-31,2025-06-17,37.4539572,126.9047169
서울특별시 금천구청 도로과,시흥본동-441,방범등,서울특별시 금천구 시흥1동 839-10,2025-06-17,37.4535969,126.9046606
서울특별시 금천구청 도로과,시흥본동-442,방범등,서울특별시 금천구 시흥1동 840-19,2025-06-17,37.4539735,126.9044022
서울특별시 금천구청 도로과,시흥본동-443,방범등,서울특별시 금천구 시흥1동 839-06,2025-06-17,37.4536206,126.9043648
서울특별시 금천구청 도로과,시흥본동-444,방범등,서울특별시 금천구 시흥1동 840-18,2025-06-17,37.4538861,126.9043945
서울특별시 금천구청 도로과,시흥본동-445,방범등,서울특별시 금천구 시흥1동 839-00,2025-06-17,37.4536531,126.9040103
서울특별시 금천구청 도로과,시흥본동-446,방범등,서울특별시 금천구 시흥1동 839-14,2025-06-17,37.4533314,126.9046089
서울특별시 금천구청 도로과,시흥본동-447,방범등,서울특별시 금천구 시흥1동 839-31,2025-06-17,37.4532996,126.9050913
서울특별시 금천구청 도로과,시흥본동-448,방범등,서울특별시 금천구 시흥1동 839-39,2025-06-17,37.4531532,126.9048934
서울특별시 금천구청 도로과,시흥본동-449,방범등,서울특별시 금천구 시흥1동 839-49,2025-06-17,37.4529056,126.9052355
서울특별시 금천구청 도로과,시흥본동-450,방범등,서울특별시 금천구 시흥1동 838-24,2025-06-17,37.4529305,126.9054534
서울특별시 금천구청 도로과,시흥본동-451,방범등,서울특별시 금천구 시흥1동 838-18,2025-06-17,37.4531310,126.9056064
서울특별시 금천구청 도로과,시흥본동-452,방범등,서울특별시 금천구 시흥1동 838-12,2025-06-17,37.4532476,126.9054839
서울특별시 금천구청 도로과,시흥본동-453,방범등,서울특별시 금천구 시흥1동 838-5,2025-06-17,37.4534557,126.9056300
서울특별시 금천구청 도로과,시흥본동-454,방범등,서울특별시 금천구 시흥1동 838-14,2025-06-17,37.4532299,126.9057615
서울특별시 금천구청 도로과,시흥본동-455,방범등,서울특별시 금천구 시흥1동 838-21,2025-06-17,37.4530564,126.9057261
서울특별시 금천구청 도로과,시흥본동-456,방범등,서울특별시 금천구 시흥1동 838-31,2025-06-17,37.4527488,126.9057014
서울특별시 금천구청 도로과,시흥본동-457,방범등,서울특별시 금천구 시흥1동 840-15,2025-06-17,37.4537883,126.9042248
서울특별시 금천구청 도로과,시흥본동-458,방범등,서울특별시 금천구 시흥1동 839-40,2025-06-17,37.4530826,126.9050211
서울특별시 금천구청 도로과,시흥본동-459,방범등,서울특별시 금천구 시흥1동 840-61,2025-06-17,37.4538038,126.9054935
서울특별시 금천구청 도로과,시흥본동-460,방범등,서울특별시 금천구 시흥1동 840-97,2025-06-17,37.4539406,126.9054474
서울특별시 금천구청 도로과,시흥본동-461,방범등,서울특별시 금천구 시흥1동 842-14,2025-06-17,37.4555704,126.9054480
서울특별시 금천구청 도로과,시흥본동-465,방범등,서울특별시 금천구 시흥1동 840-70,2025-06-17,37.4537852,126.9059351
서울특별시 금천구청 도로과,시흥본동-466,방범등,서울특별시 금천구 시흥1동 839-28,2025-06-17,37.4535381,126.9053204
서울특별시 금천구청 도로과,시흥본동-467,방범등,서울특별시 금천구 시흥1동 838-14,2025-06-17,37.4532299,126.9057615
서울특별시 금천구청 도로과,시흥본동-468,방범등,서울특별시 금천구 시흥1동 842-18,2025-06-17,37.4559457,126.9053802
서울특별시 금천구청 도로과,시흥본동-469,방범등,서울특별시 금천구 시흥1동 840-52,2025-06-17,37.4537956,126.9050623
서울특별시 금천구청 도로과,시흥본동-501,방범등,서울특별시 금천구 시흥1동 895-2 월편,2025-06-17,37.4522216,126.9053956
서울특별시 금천구청 도로과,시흥본동-502,방범등,서울특별시 금천구 시흥1동 895-4,2025-06-17,37.4521625,126.9055496
서울특별시 금천구청 도로과,시흥본동-508,방범등,서울특별시 금천구 시흥1동 885-10,2025-06-17,37.4539223,126.9020363
서울특별시 금천구청 도로과,시흥본동-509,방범등,서울특별시 금천구 시흥1동 884-04,2025-06-17,37.4543666,126.9017970
서울특별시 금천구청 도로과,시흥본동-511,방범등,서울특별시 금천구 시흥1동 883-05,2025-06-17,37.4544297,126.9012421
서울특별시 금천구청 도로과,시흥본동-512,방범등,서울특별시 금천구 시흥1동 884-11,2025-06-17,37.4542259,126.9024727
서울특별시 금천구청 도로과,시흥본동-516,방범등,서울특별시 금천구 시흥1동 888-19,2025-06-17,37.4536665,126.9022650
서울특별시 금천구청 도로과,시흥본동-518,방범등,서울특별시 금천구 시흥1동 888-16,2025-06-17,37.4533337,126.9024048
서울특별시 금천구청 도로과,시흥본동-519,방범등,서울특별시 금천구 시흥1동 888-14,2025-06-17,37.4529710,126.9025477
서울특별시 금천구청 도로과,시흥본동-520,방범등,서울특별시 금천구 시흥1동 887-03,2025-06-17,37.4528762,126.9028572
서울특별시 금천구청 도로과,시흥본동-521,방범등,서울특별시 금천구 시흥1동 887-05,2025-06-17,37.4527347,126.9029099
서울특별시 금천구청 도로과,시흥본동-522,방범등,서울특별시 금천구 시흥1동 891-19,2025-06-17,37.4525267,126.9026694
서울특별시 금천구청 도로과,시흥본동-523,방범등,서울특별시 금천구 시흥1동 891-17,2025-06-17,37.4523654,126.9027866
서울특별시 금천구청 도로과,시흥본동-524,방범등,서울특별시 금천구 시흥1동 891-14,2025-06-17,37.4521038,126.9028874
서울특별시 금천구청 도로과,시흥본동-525,방범등,서울특별시 금천구 시흥1동 891-11,2025-06-17,37.4518438,126.9029869
서울특별시 금천구청 도로과,시흥본동-527,방범등,서울특별시 금천구 시흥1동 892-54,2025-06-17,37.4516819,126.9036259
서울특별시 금천구청 도로과,시흥본동-528,방범등,서울특별시 금천구 시흥1동 892-56,2025-06-17,37.4518309,126.9035861
서울특별시 금천구청 도로과,시흥본동-529,방범등,서울특별시 금천구 시흥1동 892-45,2025-06-17,37.4519872,126.9035112
서울특별시 금천구청 도로과,시흥본동-530,방범등,서울특별시 금천구 시흥1동 892-78,2025-06-17,37.4520065,126.9036211
서울특별시 금천구청 도로과,시흥본동-531,방범등,서울특별시 금천구 시흥1동 892-61,2025-06-17,37.4518607,126.9039176
서울특별시 금천구청 도로과,시흥본동-532,방범등,서울특별시 금천구 시흥1동 892-80,2025-06-17,37.4518513,126.9040368
서울특별시 금천구청 도로과,시흥본동-534,방범등,서울특별시 금천구 시흥1동 892-64,2025-06-17,37.4521165,126.9039718
서울특별시 금천구청 도로과,시흥본동-535,방범등,서울특별시 금천구 시흥1동 892-63,2025-06-17,37.4520485,126.9038513
서울특별시 금천구청 도로과,시흥본동-536,방범등,서울특별시 금천구 시흥1동 883-05,2025-06-17,37.4544297,126.9012421
서울특별시 금천구청 도로과,시흥본동-537,방범등,서울특별시 금천구 시흥1동 892-79,2025-06-17,37.4524931,126.9039111
서울특별시 금천구청 도로과,시흥본동-538,방범등,서울특별시 금천구 시흥1동 892-17,2025-06-17,37.4525814,126.9035446
서울특별시 금천구청 도로과,시흥본동-539,방범등,서울특별시 금천구 시흥1동 892-28,2025-06-17,37.4523990,126.9034928
서울특별시 금천구청 도로과,시흥본동-540,방범등,서울특별시 금천구 시흥1동 892-20,2025-06-17,37.4524821,126.9032497
서울특별시 금천구청 도로과,시흥본동-541,방범등,서울특별시 금천구 시흥1동 892-01,2025-06-17,37.4525968,126.9030586
서울특별시 금천구청 도로과,시흥본동-542,방범등,서울특별시 금천구 시흥1동 887-13,2025-06-17,37.4529121,126.9032288
서울특별시 금천구청 도로과,시흥본동-543,방범등,서울특별시 금천구 시흥1동 892-07,2025-06-17,37.4526601,126.9034704
서울특별시 금천구청 도로과,시흥본동-544,방범등,서울특별시 금천구 시흥1동 892-09,2025-06-17,37.4527157,126.9036473
서울특별시 금천구청 도로과,시흥본동-545,방범등,서울특별시 금천구 시흥1동 887-24,2025-06-17,37.4530015,126.9038219
서울특별시 금천구청 도로과,시흥본동-549,방범등,서울특별시 금천구 시흥1동 886-12,2025-06-17,37.4532776,126.9035573
서울특별시 금천구청 도로과,시흥본동-550,방범등,서울특별시 금천구 시흥1동 886-14,2025-06-17,37.4532820,126.9029513
서울특별시 금천구청 도로과,시흥본동-551,방범등,서울특별시 금천구 시흥1동 886-14,2025-06-17,37.4532820,126.9029513
서울특별시 금천구청 도로과,시흥본동-552,방범등,서울특별시 금천구 시흥1동 886-00,2025-06-17,37.4535287,126.9026369
서울특별시 금천구청 도로과,시흥본동-553,방범등,서울특별시 금천구 시흥1동 886-02,2025-06-17,37.4535835,126.9028188
서울특별시 금천구청 도로과,시흥본동-555,방범등,서울특별시 금천구 시흥1동 887-05,2025-06-17,37.4527347,126.9029099
서울특별시 금천구청 도로과,시흥본동-556,방범등,서울특별시 금천구 시흥1동 886-09,2025-06-17,37.4535373,126.9035669
서울특별시 금천구청 도로과,시흥본동-557,방범등,서울특별시 금천구 시흥1동 887-24,2025-06-17,37.4530015,126.9038219
서울특별시 금천구청 도로과,시흥본동-558,방범등,서울특별시 금천구 시흥1동 886-9,2025-06-17,37.4535373,126.9035669
서울특별시 금천구청 도로과,시흥본동-559,방범등,서울특별시 금천구 시흥1동 886-11,2025-06-17,37.4532733,126.9037825
서울특별시 금천구청 도로과,시흥본동-565,방범등,서울특별시 금천구 시흥1동 894-06,2025-06-17,37.4522624,126.9043398
서울특별시 금천구청 도로과,시흥본동-566,방범등,서울특별시 금천구 시흥1동 894-05,2025-06-17,37.4522520,126.9044767
서울특별시 금천구청 도로과,시흥본동-569,방범등,서울특별시 금천구 시흥1동 894-29,2025-06-17,37.4523935,126.9049047
서울특별시 금천구청 도로과,시흥본동-571,방범등,서울특별시 금천구 시흥1동 895-00,2025-06-17,37.4524303,126.9054090
서울특별시 금천구청 도로과,시흥본동-572,방범등,서울특별시 금천구 시흥1동 895-01,2025-06-17,37.4523062,126.9054044
서울특별시 금천구청 도로과,시흥본동-573,방범등,서울특별시 금천구 시흥1동 894-22,2025-06-17,37.4522052,126.9049127
서울특별시 금천구청 도로과,시흥본동-574,방범등,서울특별시 금천구 시흥1동 895-5,2025-06-17,37.4522128,126.9056200
서울특별시 금천구청 도로과,시흥본동-575,방범등,서울특별시 금천구 시흥1동 894-24,2025-06-17,37.4521076,126.9051305
서울특별시 금천구청 도로과,시흥본동-576,방범등,서울특별시 금천구 시흥1동 894-20,2025-06-17,37.4520312,126.9048419
서울특별시 금천구청 도로과,시흥본동-577,방범등,서울특별시 금천구 시흥1동 894-22,2025-06-17,37.4522052,126.9049127
서울특별시 금천구청 도로과,시흥본동-579,방범등,서울특별시 금천구 시흥1동 894-15,2025-06-17,37.4519488,126.9045426
서울특별시 금천구청 도로과,시흥본동-583,방범등,서울특별시 금천구 시흥1동 892-14,2025-06-17,37.4527521,126.9037869
서울특별시 금천구청 도로과,시흥본동-585,방범등,서울특별시 금천구 시흥1동 892-40,2025-06-17,37.4521210,126.9032995
서울특별시 금천구청 도로과,시흥본동-586,방범등,서울특별시 금천구 시흥1동 894-0,2025-06-17,37.4525473,126.9051835
서울특별시 금천구청 도로과,시흥본동-587,방범등,서울특별시 금천구 시흥1동 892-73,2025-06-17,37.4521456,126.9031398
서울특별시 금천구청 도로과,시흥본동-588,방범등,서울특별시 금천구 시흥1동 892-62,2025-06-17,37.4519485,126.9038826
서울특별시 금천구청 도로과,시흥본동-589,방범등,서울특별시 금천구 시흥1동 886-6,2025-06-17,37.4535669,126.9032543
서울특별시 금천구청 도로과,시흥본동-590,방범등,서울특별시 금천구 시흥1동 886-6,2025-06-17,37.4535669,126.9032543
서울특별시 금천구청 도로과,시흥본동-591,방범등,서울특별시 금천구 시흥1동 890,2025-06-17,37.4523057,126.9018833
서울특별시 금천구청 도로과,시흥본동-592,방범등,서울특별시 금천구 시흥1동 886-12,2025-06-17,37.4532776,126.9035573
서울특별시 금천구청 도로과,시흥본동-595,방범등,서울특별시 금천구 시흥1동 886,2025-06-17,37.4535287,126.9026369
서울특별시 금천구청 도로과,시흥본동-596,방범등,서울특별시 금천구 시흥1동 892-49,2025-06-17,37.4517754,126.9032809
서울특별시 금천구청 도로과,시흥본동-597,방범등,서울특별시 금천구 시흥1동 886-2,2025-06-17,37.4535835,126.9028188
서울특별시 금천구청 도로과,시흥본동-598,방범등,서울특별시 금천구 시흥1동 886-6,2025-06-17,37.4535669,126.9032543
서울특별시 금천구청 도로과,시흥본동-601,방범등,서울특별시 금천구 시흥1동 903-01,2025-06-17,37.4511350,126.9024596
서울특별시 금천구청 도로과,시흥본동-602,방범등,서울특별시 금천구 시흥1동 903-11,2025-06-17,37.4512508,126.9026352
서울특별시 금천구청 도로과,시흥본동-603,방범등,서울특별시 금천구 시흥1동 903-09,2025-06-17,37.4504323,126.9029590
서울특별시 금천구청 도로과,시흥본동-604,방범등,서울특별시 금천구 시흥1동 903-09,2025-06-17,37.4504323,126.9029590
서울특별시 금천구청 도로과,시흥본동-605,방범등,서울특별시 금천구 시흥1동 903-09,2025-06-17,37.4504323,126.9029590
서울특별시 금천구청 도로과,시흥본동-606,방범등,서울특별시 금천구 시흥1동 903-09,2025-06-17,37.4504323,126.9029590
서울특별시 금천구청 도로과,시흥본동-6100,방범등,서울특별시 금천구 시흥1동 905-36,2025-06-17,37.4495340,126.9037498
서울특별시 금천구청 도로과,시흥본동-6101,방범등,서울특별시 금천구 시흥1동 906-06,2025-06-17,37.4498356,126.9054238
서울특별시 금천구청 도로과,시흥본동-6102,방범등,서울특별시 금천구 시흥1동 901-5,2025-06-17,37.4511663,126.9033054
서울특별시 금천구청 도로과,시흥본동-6103,방범등,서울특별시 금천구 시흥1동 907-31,2025-06-17,37.4503983,126.9048174
서울특별시 금천구청 도로과,시흥본동-6105,방범등,서울특별시 금천구 시흥1동 901-5,2025-06-17,37.4511663,126.9033054
서울특별시 금천구청 도로과,시흥본동-6106,방범등,서울특별시 금천구 시흥1동 902-28,2025-06-17,37.4510240,126.9034126
서울특별시 금천구청 도로과,시흥본동-6107,방범등,서울특별시 금천구 시흥1동 861-43,2025-06-17,37.4613157,126.9031465
서울특별시 금천구청 도로과,시흥본동-6108,방범등,서울특별시 금천구 시흥1동 861-41,2025-06-17,37.4611281,126.9031627
서울특별시 금천구청 도로과,시흥본동-6109,방범등,서울특별시 금천구 시흥1동 863-46,2025-06-17,37.4621909,126.9042187
서울특별시 금천구청 도로과,시흥본동-611,방범등,서울특별시 금천구 시흥1동 900-22,2025-06-17,37.4506440,126.9039805
서울특별시 금천구청 도로과,시흥본동-6110,방범등,서울특별시 금천구 시흥1동 855-09,2025-06-17,37.4588529,126.9038654
서울특별시 금천구청 도로과,시흥본동-6111,방범등,서울특별시 금천구 시흥1동 861-07,2025-06-17,37.4614316,126.9026503
서울특별시 금천구청 도로과,시흥본동-6112,방범등,서울특별시 금천구 시흥1동 840,2025-06-17,37.4542115,126.9038638
서울특별시 금천구청 도로과,시흥본동-6113,방범등,서울특별시 금천구 시흥1동 861-21,2025-06-17,37.4616497,126.9029756
서울특별시 금천구청 도로과,시흥본동-6114,방범등,서울특별시 금천구 시흥1동 861-19,2025-06-17,37.4618606,126.9029375
서울특별시 금천구청 도로과,시흥본동-6115,방범등,서울특별시 금천구 시흥1동 872-14,2025-06-17,37.4570992,126.9016767
서울특별시 금천구청 도로과,시흥본동-6116,방범등,서울특별시 금천구 시흥1동 863-9,2025-06-17,37.4616939,126.9034574
서울특별시 금천구청 도로과,시흥본동-6117,방범등,서울특별시 금천구 시흥1동 861-61,2025-06-17,37.4606923,126.9030714
서울특별시 금천구청 도로과,시흥본동-6118,방범등,서울특별시 금천구 시흥1동 864,2025-06-17,37.4601906,126.9025705
서울특별시 금천구청 도로과,시흥본동-6119,방범등,서울특별시 금천구 시흥1동 864,2025-06-17,37.4601906,126.9025705
서울특별시 금천구청 도로과,시흥본동-612,방범등,서울특별시 금천구 시흥1동 902-15,2025-06-17,37.4503156,126.9035707
서울특별시 금천구청 도로과,시흥본동-6120,방범등,서울특별시 금천구 시흥1동 841-19,2025-06-17,37.4548177,126.9048698
서울특별시 금천구청 도로과,시흥본동-6122,방범등,서울특별시 금천구 시흥1동 868-54,2025-06-17,37.4584676,126.9017278
서울특별시 금천구청 도로과,시흥본동-6124,방범등,서울특별시 금천구 시흥1동 854-05,2025-06-17,37.4583435,126.9027727
서울특별시 금천구청 도로과,시흥본동-6125,방범등,서울특별시 금천구 시흥1동 882-8,2025-06-17,37.4565378,126.9003744
서울특별시 금천구청 도로과,시흥본동-6126,방범등,서울특별시 금천구 시흥1동 882-17,2025-06-17,37.4562430,126.9006859
서울특별시 금천구청 도로과,시흥본동-6128,방범등,서울특별시 금천구 시흥1동 803-17,2025-06-17,,
서울특별시 금천구청 도로과,시흥본동-6129,방범등,서울특별시 금천구 시흥1동 880-1,2025-06-17,37.4563148,126.9021566
서울특별시 금천구청 도로과,시흥본동-613,방범등,서울특별시 금천구 시흥1동 900-20,2025-06-17,37.4508238,126.9037441
서울특별시 금천구청 도로과,시흥본동-6130,방범등,서울특별시 금천구 시흥1동 892-9,2025-06-17,37.4527157,126.9036473
서울특별시 금천구청 도로과,시흥본동-6131,방범등,서울특별시 금천구 시흥1동 886-19,2025-06-17,37.4532963,126.9026797
서울특별시 금천구청 도로과,시흥본동-6132,방범등,서울특별시 금천구 시흥1동 888-16,2025-06-17,37.4533337,126.9024048
서울특별시 금천구청 도로과,시흥본동-6133,방범등,서울특별시 금천구 시흥1동 901-26,2025-06-17,37.4515328,126.9039396
서울특별시 금천구청 도로과,시흥본동-6134,방범등,서울특별시 금천구 시흥1동 901-24,2025-06-17,37.4515520,126.9037585
서울특별시 금천구청 도로과,시흥본동-6135,방범등,서울특별시 금천구 시흥1동 840-87,2025-06-17,37.4542383,126.9042459
서울특별시 금천구청 도로과,시흥본동-6136,방범등,서울특별시 금천구 시흥1동 853-39,2025-06-17,37.4577419,126.9030561
서울특별시 금천구청 도로과,시흥본동-6138,방범등,서울특별시 금천구 시흥1동 889-13,2025-06-17,37.4527940,126.9016720
서울특별시 금천구청 도로과,시흥본동-6139,방범등,서울특별시 금천구 시흥1동 851-1,2025-06-17,37.4581687,126.9038623
서울특별시 금천구청 도로과,시흥본동-614,방범등,서울특별시 금천구 시흥1동 902-22,2025-06-17,37.4507728,126.9035165
서울특별시 금천구청 도로과,시흥본동-6149,방범등,서울특별시 금천구 시흥1동 882-24,2025-06-17,37.4561595,126.9005633
서울특별시 금천구청 도로과,시흥본동-615,방범등,서울특별시 금천구 시흥1동 900-20,2025-06-17,37.4508238,126.9037441
서울특별시 금천구청 도로과,시흥본동-6150,방범등,서울특별시 금천구 시흥1동 ,2025-06-17,37.453541,126.903263
서울특별시 금천구청 도로과,시흥본동-6151,방범등,서울특별시 금천구 시흥1동 ,2025-06-17,37.453541,126.903263
서울특별시 금천구청 도로과,시흥본동-6152,방범등,서울특별시 금천구 시흥1동 864-31,2025-06-17,37.4598337,126.9021756
서울특별시 금천구청 도로과,시흥본동-6153,방범등,서울특별시 금천구 시흥1동 905-49,2025-06-17,37.4492356,126.9039077
서울특별시 금천구청 도로과,시흥본동-6154,방범등,서울특별시 금천구 시흥1동 879-57,2025-06-17,37.4549265,126.9024108
서울특별시 금천구청 도로과,시흥본동-6155,방범등,서울특별시 금천구 시흥1동 880-45,2025-06-17,37.4554491,126.9021728
서울특별시 금천구청 도로과,시흥본동-617,방범등,서울특별시 금천구 시흥1동 902-01,2025-06-17,37.4509506,126.9031918
서울특별시 금천구청 도로과,시흥본동-618,방범등,서울특별시 금천구 시흥1동 901-0,2025-06-17,37.4513397,126.9029269
서울특별시 금천구청 도로과,시흥본동-619,방범등,서울특별시 금천구 시흥1동 901-06,2025-06-17,37.4513120,126.9031324
서울특별시 금천구청 도로과,시흥본동-620,방범등,서울특별시 금천구 시흥1동 901-07,2025-06-17,37.4513516,126.9032919
서울특별시 금천구청 도로과,시흥본동-621,방범등,서울특별시 금천구 시흥1동 901-14,2025-06-17,37.4515045,126.9036081
서울특별시 금천구청 도로과,시흥본동-622,방범등,서울특별시 금천구 시흥1동 901-15,2025-06-17,37.4514175,126.9036421
서울특별시 금천구청 도로과,시흥본동-623,방범등,서울특별시 금천구 시흥1동 900-02,2025-06-17,37.4510939,126.9037168
서울특별시 금천구청 도로과,시흥본동-624,방범등,서울특별시 금천구 시흥1동 900-06,2025-06-17,37.4511944,126.9041027
서울특별시 금천구청 도로과,시흥본동-625,방범등,서울특별시 금천구 시흥1동 897-19,2025-06-17,37.4516368,126.9042711
서울특별시 금천구청 도로과,시흥본동-626,방범등,서울특별시 금천구 시흥1동 898-00,2025-06-17,37.4512202,126.9043158
서울특별시 금천구청 도로과,시흥본동-627,방범등,서울특별시 금천구 시흥1동 900-7,2025-06-17,37.4510961,126.9040842
서울특별시 금천구청 도로과,시흥본동-628,방범등,서울특별시 금천구 시흥1동 900-23,2025-06-17,37.4508158,126.9042018
서울특별시 금천구청 도로과,시흥본동-629,방범등,서울특별시 금천구 시흥1동 900-33 월편,2025-06-17,37.4509778,126.9040395
서울특별시 금천구청 도로과,시흥본동-630,방범등,서울특별시 금천구 시흥1동 898-17,2025-06-17,37.4510284,126.9046420
서울특별시 금천구청 도로과,시흥본동-631,방범등,서울특별시 금천구 시흥1동 898-17,2025-06-17,37.4510284,126.9046420
서울특별시 금천구청 도로과,시흥본동-632,방범등,서울특별시 금천구 시흥1동 899-01,2025-06-17,37.4508421,126.9046279
서울특별시 금천구청 도로과,시흥본동-636,방범등,서울특별시 금천구 시흥1동 900-24,2025-06-17,37.4507160,126.9042139
서울특별시 금천구청 도로과,시흥본동-637,방범등,서울특별시 금천구 시흥1동 898-27,2025-06-17,37.4509712,126.9050539
서울특별시 금천구청 도로과,시흥본동-638,방범등,서울특별시 금천구 시흥1동 898-24,2025-06-17,37.4509612,126.9052610
서울특별시 금천구청 도로과,시흥본동-641,방범등,서울특별시 금천구 시흥1동 896-29,2025-06-17,37.4510953,126.9054871
서울특별시 금천구청 도로과,시흥본동-642,방범등,서울특별시 금천구 시흥1동 898-10,2025-06-17,37.4511350,126.9052309
서울특별시 금천구청 도로과,시흥본동-643,방범등,서울특별시 금천구 시흥1동 898-08,2025-06-17,37.4514272,126.9051582
서울특별시 금천구청 도로과,시흥본동-644,방범등,서울특별시 금천구 시흥1동 896-24,2025-06-17,37.4513272,126.9055371
서울특별시 금천구청 도로과,시흥본동-645,방범등,서울특별시 금천구 시흥1동 896-17,2025-06-17,37.4515065,126.9057722
서울특별시 금천구청 도로과,시흥본동-646,방범등,서울특별시 금천구 시흥1동 897-18,2025-06-17,37.4516523,126.9052061
서울특별시 금천구청 도로과,시흥본동-648,방범등,서울특별시 금천구 시흥1동 897-5,2025-06-17,37.4515476,126.9048010
서울특별시 금천구청 도로과,시흥본동-649,방범등,서울특별시 금천구 시흥1동 898-6,2025-06-17,37.4511787,126.9049858
서울특별시 금천구청 도로과,시흥본동-650,방범등,서울특별시 금천구 시흥1동 897-2,2025-06-17,37.4516909,126.9046279
서울특별시 금천구청 도로과,시흥본동-651,방범등,서울특별시 금천구 시흥1동 896-06,2025-06-17,37.4519667,126.9054959
서울특별시 금천구청 도로과,시흥본동-654,방범등,서울특별시 금천구 시흥1동 904-02,2025-06-17,37.4497898,126.9032117
서울특별시 금천구청 도로과,시흥본동-655,방범등,서울특별시 금천구 시흥1동 904-06,2025-06-17,37.4495261,126.9033115
서울특별시 금천구청 도로과,시흥본동-656,방범등,서울특별시 금천구 시흥1동 904-10,2025-06-17,37.4494315,126.9033979
서울특별시 금천구청 도로과,시흥본동-657,방범등,서울특별시 금천구 시흥1동 905-37,2025-06-17,37.4494339,126.9037879
서울특별시 금천구청 도로과,시흥본동-658,방범등,서울특별시 금천구 시흥1동 904-16,2025-06-17,37.4491513,126.9034937
서울특별시 금천구청 도로과,시흥본동-659,방범등,서울특별시 금천구 시흥1동 905-41,2025-06-17,37.4493436,126.9038243
서울특별시 금천구청 도로과,시흥본동-660,방범등,서울특별시 금천구 시흥1동 904-20,2025-06-17,37.4489089,126.9035281
서울특별시 금천구청 도로과,시흥본동-661,방범등,서울특별시 금천구 시흥1동 905-57,2025-06-17,37.4489355,126.9041230
서울특별시 금천구청 도로과,시흥본동-662,방범등,서울특별시 금천구 시흥1동 905-91,2025-06-17,37.4490067,126.9044217
서울특별시 금천구청 도로과,시흥본동-663,방범등,서울특별시 금천구 시흥1동 905-59,2025-06-17,37.4490742,126.9042044
서울특별시 금천구청 도로과,시흥본동-664,방범등,서울특별시 금천구 시흥1동 905-60,2025-06-17,37.4490490,126.9040767
서울특별시 금천구청 도로과,시흥본동-665,방범등,서울특별시 금천구 시흥1동 905-94,2025-06-17,37.4492519,126.9045829
서울특별시 금천구청 도로과,시흥본동-666,방범등,서울특별시 금천구 시흥1동 905-88,2025-06-17,37.4493253,126.9042986
서울특별시 금천구청 도로과,시흥본동-667,방범등,서울특별시 금천구 시흥1동 905-49,2025-06-17,37.4492356,126.9039077
서울특별시 금천구청 도로과,시흥본동-668,방범등,서울특별시 금천구 시흥1동 905-67,2025-06-17,37.4494152,126.9040777
서울특별시 금천구청 도로과,시흥본동-669,방범등,서울특별시 금천구 시흥1동 905-85,2025-06-17,37.4494497,126.9043842
서울특별시 금천구청 도로과,시흥본동-670,방범등,서울특별시 금천구 시흥1동 905-74,2025-06-17,37.4496444,126.9041809
서울특별시 금천구청 도로과,시흥본동-671,방범등,서울특별시 금천구 시흥1동 905-70,2025-06-17,37.4495644,126.9038608
서울특별시 금천구청 도로과,시흥본동-673,방범등,서울특별시 금천구 시흥1동 905-07,2025-06-17,37.4499956,126.9040501
서울특별시 금천구청 도로과,시흥본동-674,방범등,서울특별시 금천구 시흥1동 905-25,2025-06-17,37.4497963,126.9038039
서울특별시 금천구청 도로과,시흥본동-675,방범등,서울특별시 금천구 시흥1동 905-29,2025-06-17,37.4497315,126.9035311
서울특별시 금천구청 도로과,시흥본동-676,방범등,서울특별시 금천구 시흥1동 905-05,2025-06-17,37.4500543,126.9038501
서울특별시 금천구청 도로과,시흥본동-678,방범등,서울특별시 금천구 시흥1동 905-14,2025-06-17,37.4500877,126.9044310
서울특별시 금천구청 도로과,시흥본동-679,방범등,서울특별시 금천구 시흥1동 905-11,2025-06-17,37.4500566,126.9043034
서울특별시 금천구청 도로과,시흥본동-680,방범등,서울특별시 금천구 시흥1동 905-16,2025-06-17,37.4498663,126.9045117
서울특별시 금천구청 도로과,시흥본동-681,방범등,서울특별시 금천구 시흥1동 905-2,2025-06-17,37.4498908,126.9036351
서울특별시 금천구청 도로과,시흥본동-682,방범등,서울특별시 금천구 시흥1동 905-82,2025-06-17,37.4494129,126.9046653
서울특별시 금천구청 도로과,시흥본동-683,방범등,서울특별시 금천구 시흥1동 906-15,2025-06-17,37.4494231,126.9050766
서울특별시 금천구청 도로과,시흥본동-684,방범등,서울특별시 금천구 시흥1동 906-08,2025-06-17,37.4496606,126.9053721
서울특별시 금천구청 도로과,시흥본동-685,방범등,서울특별시 금천구 시흥1동 906-03,2025-06-17,37.4498468,126.9051138
서울특별시 금천구청 도로과,시흥본동-686,방범등,서울특별시 금천구 시흥1동 906-01,2025-06-17,37.4498550,126.9049234
서울특별시 금천구청 도로과,시흥본동-687,방범등,서울특별시 금천구 시흥1동 907-33,2025-06-17,37.4501935,126.9048775
서울특별시 금천구청 도로과,시흥본동-688,방범등,서울특별시 금천구 시흥1동 900-20,2025-06-17,37.4508238,126.9037441
서울특별시 금천구청 도로과,시흥본동-689,방범등,서울특별시 금천구 시흥1동 907-23,2025-06-17,37.4501824,126.9051979
서울특별시 금천구청 도로과,시흥본동-690,방범등,서울특별시 금천구 시흥1동 907-05,2025-06-17,37.4501767,126.9055920
서울특별시 금천구청 도로과,시흥본동-691,방범등,서울특별시 금천구 시흥1동 907-14,2025-06-17,37.4506709,126.9055188
서울특별시 금천구청 도로과,시흥본동-692,방범등,서울특별시 금천구 시흥1동 907-38,2025-06-17,37.4505433,126.9055099
서울특별시 금천구청 도로과,시흥본동-693,방범등,서울특별시 금천구 시흥1동 905-86,2025-06-17,37.4493540,126.9044194
서울특별시 금천구청 도로과,시흥본동-694,방범등,서울특별시 금천구 시흥1동 905-67,2025-06-17,37.4494152,126.9040777
서울특별시 금천구청 도로과,시흥본동-695,방범등,서울특별시 금천구 시흥1동 896-10,2025-06-17,37.4518157,126.9054064
서울특별시 금천구청 도로과,시흥본동-696,방범등,서울특별시 금천구 시흥1동 906-6,2025-06-17,37.4498356,126.9054238
서울특별시 금천구청 도로과,시흥본동-697,방범등,서울특별시 금천구 시흥1동 898-7,2025-06-17,37.4513424,126.9049296
서울특별시 금천구청 도로과,시흥본동-698,방범등,서울특별시 금천구 시흥1동 907-20,2025-06-17,37.4505034,126.9051103
서울특별시 금천구청 도로과,시흥본동-699,방범등,서울특별시 금천구 시흥1동 897-13,2025-06-17,37.4517395,126.9050605
,,,,,,
,,,,,,
,,,,,,
,,,,,,
,,,,,,
,,,,,,
,,,,,,
,,,,,,
,,,,,,
,,,,,,
,,,,,,
,,,,,,
,,,,,,
,,,,,,
,,,,,,
,,,,,,
,,,,,,
,,,,,,
,,,,,,
,,,,,,
,,,,,,
,,,,,,
,,,,,,
,,,,,,
,,,,,,
,,,,,,
,,,,,,
,,,,,,
,,,,,,
,,,,,,
,,,,,,
,,,,,,
,,,,,,
,,,,,,
,,,,,,
,,,,,,
,,,,,,
,,,,,,
,,,,,,
,,,,,,
,,,,,,
,,,,,,
,,,,,,
,,,,,,
,,,,,,
,,,,,,
,,,,,,
,,,,,,
,,,,,,
,,,,,,
,,,,,,
,,,,,,
,,,,,,
,,,,,,
,,,,,,
,,,,,,
,,,,,,
,,,,,,
,,,,,,
,,,,,,
,,,,,,
,,,,,,
,,,,,,
,,,,,,
,,,,,,
,,,,,,
,,,,,,
,,,,,,
,,,,,,
,,,,,,
,,,,,,
,,,,,,
,,,,,,
,,,,,,
,,,,,,
,,,,,,
,,,,,,
,,,,,,
,,,,,,
,,,,,,
,,,,,,
,,,,,,
,,,,,,
,,,,,,
,,,,,,
,,,,,,
,,,,,,
,,,,,,
,,,,,,
,,,,,,
,,,,,,
,,,,,,
,,,,,,
,,,,,,
,,,,,,
,,,,,,
,,,,,,
,,,,,,
,,,,,,
,,,,,,
,,,,,,
,,,,,,
,,,,,,
,,,,,,
,,,,,,
,,,,,,
,,,,,,
,,,,,,
,,,,,,
,,,,,,
,,,,,,
,,,,,,
,,,,,,
,,,,,,
,,,,,,
,,,,,,
,,,,,,
,,,,,,
,,,,,,
,,,,,,
,,,,,,
,,,,,,
,,,,,,
,,,,,,
,,,,,,
,,,,,,
,,,,,,
,,,,,,
,,,,,,
,,,,,,
,,,,,,
,,,,,,
,,,,,,
,,,,,,
,,,,,,
,,,,,,
,,,,,,
,,,,,,
,,,,,,
,,,,,,
,,,,,,
,,,,,,
,,,,,,
,,,,,,
,,,,,,
,,,,,,
,,,,,,
,,,,,,
,,,,,,
,,,,,,
,,,,,,
,,,,,,
,,,,,,
,,,,,,
,,,,,,
,,,,,,
,,,,,,
,,,,,,
,,,,,,
,,,,,,
,,,,,,
,,,,,,
,,,,,,
,,,,,,
,,,,,,
,,,,,,
,,,,,,
,,,,,,
,,,,,,
,,,,,,
,,,,,,
,,,,,,
,,,,,,
,,,,,,
,,,,,,
,,,,,,
,,,,,,
,,,,,,
,,,,,,
,,,,,,
,,,,,,
,,,,,,
,,,,,,
,,,,,,
,,,,,,
,,,,,,
,,,,,,
,,,,,,
,,,,,,
,,,,,,
,,,,,,
,,,,,,
,,,,,,
,,,,,,
,,,,,,
,,,,,,
,,,,,,
,,,,,,
,,,,,,
,,,,,,
,,,,,,
,,,,,,
,,,,,,
,,,,,,
,,,,,,
,,,,,,
,,,,,,
,,,,,,
,,,,,,
,,,,,,
,,,,,,
,,,,,,
,,,,,,
,,,,,,
,,,,,,
,,,,,,
,,,,,,
,,,,,,
,,,,,,
,,,,,,
,,,,,,
,,,,,,
,,,,,,
,,,,,,
,,,,,,
,,,,,,
,,,,,,
,,,,,,
,,,,,,
,,,,,,
,,,,,,
,,,,,,
,,,,,,
,,,,,,
,,,,,,
,,,,,,
,,,,,,
,,,,,,
,,,,,,
,,,,,,
,,,,,,
,,,,,,
,,,,,,
,,,,,,
,,,,,,
,,,,,,
,,,,,,
,,,,,,
,,,,,,
,,,,,,
,,,,,,
,,,,,,
,,,,,,
,,,,,,
,,,,,,
,,,,,,
,,,,,,
,,,,,,
,,,,,,
,,,,,,
,,,,,,
,,,,,,
,,,,,,
,,,,,,
,,,,,,
,,,,,,
,,,,,,
,,,,,,
,,,,,,
,,,,,,
,,,,,,
,,,,,,
,,,,,,
,,,,,,
,,,,,,
,,,,,,
,,,,,,
,,,,,,
,,,,,,
,,,,,,
,,,,,,
,,,,,,
,,,,,,
,,,,,,
,,,,,,
,,,,,,
,,,,,,
,,,,,,
,,,,,,
,,,,,,
,,,,,,
,,,,,,
,,,,,,
,,,,,,
,,,,,,
,,,,,,
,,,,,,
,,,,,,
,,,,,,
,,,,,,
,,,,,,
,,,,,,
,,,,,,
,,,,,,
,,,,,,
,,,,,,
,,,,,,
,,,,,,
,,,,,,
,,,,,,
,,,,,,
,,,,,,
,,,,,,
,,,,,,
,,,,,,
,,,,,,
,,,,,,
,,,,,,
,,,,,,
,,,,,,
,,,,,,
,,,,,,
,,,,,,
,,,,,,
,,,,,,
,,,,,,
,,,,,,
,,,,,,
,,,,,,
,,,,,,
,,,,,,
,,,,,,
,,,,,,
,,,,,,
,,,,,,
,,,,,,
,,,,,,
,,,,,,
,,,,,,
,,,,,,
,,,,,,
,,,,,,
,,,,,,
,,,,,,
,,,,,,
,,,,,,
,,,,,,
,,,,,,
,,,,,,
,,,,,,
,,,,,,
,,,,,,
,,,,,,
,,,,,,
,,,,,,
,,,,,,
,,,,,,
,,,,,,
,,,,,,
,,,,,,
,,,,,,
,,,,,,
,,,,,,
,,,,,,
,,,,,,
,,,,,,
,,,,,,
,,,,,,
,,,,,,
,,,,,,
,,,,,,
,,,,,,
,,,,,,
,,,,,,
,,,,,,
,,,,,,
,,,,,,
,,,,,,
,,,,,,
,,,,,,
,,,,,,
,,,,,,
,,,,,,
,,,,,,
,,,,,,
,,,,,,
,,,,,,
,,,,,,
,,,,,,
,,,,,,
,,,,,,
,,,,,,
,,,,,,
,,,,,,
,,,,,,
,,,,,,
,,,,,,
,,,,,,
,,,,,,
,,,,,,
,,,,,,
,,,,,,
,,,,,,
,,,,,,
,,,,,,
,,,,,,
,,,,,,
,,,,,,
,,,,,,
,,,,,,
,,,,,,
,,,,,,
,,,,,,
,,,,,,
,,,,,,
,,,,,,
,,,,,,
,,,,,,
,,,,,,
,,,,,,
,,,,,,
,,,,,,
,,,,,,
,,,,,,
,,,,,,
,,,,,,
,,,,,,
,,,,,,
,,,,,,
,,,,,,
,,,,,,
,,,,,,
,,,,,,
,,,,,,
,,,,,,
,,,,,,
,,,,,,
,,,,,,
,,,,,,
,,,,,,
,,,,,,
,,,,,,
,,,,,,
,,,,,,
,,,,,,
,,,,,,
,,,,,,
,,,,,,
,,,,,,
,,,,,,
,,,,,,
,,,,,,
,,,,,,
,,,,,,
,,,,,,
,,,,,,
,,,,,,
,,,,,,
,,,,,,
,,,,,,
,,,,,,
,,,,,,
,,,,,,
,,,,,,
,,,,,,
,,,,,,
,,,,,,
,,,,,,
,,,,,,
,,,,,,
,,,,,,
,,,,,,
,,,,,,
,,,,,,
,,,,,,
,,,,,,
,,,,,,
,,,,,,
,,,,,,
,,,,,,
,,,,,,
,,,,,,
,,,,,,
,,,,,,
,,,,,,
,,,,,,
,,,,,,
,,,,,,
,,,,,,
,,,,,,
,,,,,,
,,,,,,
,,,,,,
,,,,,,
,,,,,,
,,,,,,
,,,,,,
,,,,,,
,,,,,,
,,,,,,
,,,,,,
,,,,,,
,,,,,,
,,,,,,
,,,,,,
,,,,,,
,,,,,,
,,,,,,
,,,,,,
,,,,,,
,,,,,,
,,,,,,
,,,,,,
,,,,,,
,,,,,,
,,,,,,
,,,,,,
,,,,,,
,,,,,,
,,,,,,
,,,,,,
,,,,,,
,,,,,,
,,,,,,
,,,,,,
,,,,,,
,,,,,,
,,,,,,
,,,,,,
,,,,,,
,,,,,,
,,,,,,
,,,,,,
,,,,,,
,,,,,,
,,,,,,
,,,,,,
,,,,,,
,,,,,,
,,,,,,
,,,,,,
,,,,,,
,,,,,,
,,,,,,
,,,,,,
,,,,,,
,,,,,,
,,,,,,
,,,,,,
,,,,,,
,,,,,,
,,,,,,
,,,,,,
