"보안등위치명",설치개수,소재지도로명주소,소재지지번주소,위도,경도,설치년도,설치형태,관리기관전화번호,관리기관명,데이터기준일자
02-04-03,2,서울특별시 도봉구 도당로2길 17,서울특별시 도봉구 쌍문제2동 25-7,127.036036,37.659426,2007-01-26,한전주,02-2091-4083,서울특별시 도봉구청,2017-05-17
02-08-03,1,서울특별시 도봉구 쌍문제2동 715-2,서울특별시 도봉구 쌍문제2동 715-2,127.040867,37.660503,2008-01-01,한전주,02-2091-4083,서울특별시 도봉구청,2017-05-17
02-06-03,1,서울특별시 도봉구 쌍문제2동 36-73,서울특별시 도봉구 쌍문제2동 36-73,127.038386,37.658717,2007-10-29,한전주,02-2091-4083,서울특별시 도봉구청,2017-05-17
02-14-03,1,서울특별시 도봉구 도봉로123길27,서울특별시 도봉구 쌍문제2동 81-240,127.035297,37.653005,2014-07-17,벽부등,02-2091-4083,서울특별시 도봉구청,2017-05-17
02-18-03,1,서울특별시 도봉구 쌍문제2동 55-4,서울특별시 도봉구 쌍문제2동 55-4,127.037624,37.656666,2006-11-17,한전주,02-2091-4083,서울특별시 도봉구청,2017-05-17
02-07-03,1,서울특별시 도봉구 쌍문제2동 195,서울특별시 도봉구 쌍문제2동 195,127.034848,37.659069,2010-04-05,한전주,02-2091-4083,서울특별시 도봉구청,2017-05-17
02-05-03,1,서울특별시 도봉구 방학로5길 64,서울특별시 도봉구 쌍문제2동 29-14,127.037841,37.660081,2008-01-01,한전주,02-2091-4083,서울특별시 도봉구청,2017-05-17
02-11-03,1,서울특별시 도봉구 쌍문제2동 648,서울특별시 도봉구 쌍문제2동 648,127.037845,37.656127,2008-01-01,한전주,02-2091-4083,서울특별시 도봉구청,2017-05-17
02-16-03,1,서울특별시 도봉구 쌍문제2동 81-140,서울특별시 도봉구 쌍문제2동 81-140,127.03457,37.652262,2008-01-01,한전주,02-2091-4083,서울특별시 도봉구청,2017-05-17
02-15-03,1,서울특별시 도봉구 쌍문제2동 81-404,서울특별시 도봉구 쌍문제2동 81-404,127.034319,37.652802,2006-03-31,한전주,02-2091-4083,서울특별시 도봉구청,2017-05-17
02-03-03,1,서울특별시 도봉구 도봉로139길 43,서울특별시 도봉구 쌍문제2동 713-51,127.039223,37.660645,2008-01-01,한전주,02-2091-4083,서울특별시 도봉구청,2017-05-17
02-13-03,1,서울특별시 도봉구 도봉로125길 7,서울특별시 도봉구 쌍문제2동 81-226,127.036886,37.653063,2008-01-01,한전주,02-2091-4083,서울특별시 도봉구청,2017-05-17
02-02-03,1,서울특별시 도봉구 쌍문제2동 8-10,서울특별시 도봉구 쌍문제2동 8-10,127.037599,37.660774,2007-11-20,벽부등,02-2091-4083,서울특별시 도봉구청,2017-05-17
02-20-03,1,서울특별시 도봉구 쌍문제2동 69-3,서울특별시 도봉구 쌍문제2동 69-3,127.03575,37.655469,2008-01-01,전용주,02-2091-4083,서울특별시 도봉구청,2017-05-17
02-10-03,1,서울특별시 도봉구 쌍문동 21-2,서울특별시 도봉구 쌍문제2동 25-46,127.036605,37.658775,2006-02-16,한전주,02-2091-4083,서울특별시 도봉구청,2017-05-17
02-01-03,1,서울특별시 도봉구 도봉로141길 29,서울특별시 도봉구 쌍문제2동 708-1,127.040335,37.661675,2008-01-01,한전주,02-2091-4083,서울특별시 도봉구청,2017-05-17
02-08-04,1,서울특별시 도봉구 쌍문제2동 715-2,서울특별시 도봉구 쌍문제2동 715-2,127.040584,37.660287,2008-01-01,한전주,02-2091-4083,서울특별시 도봉구청,2017-05-17
02-05-04,2,서울특별시 도봉구 쌍문제2동 27-3,서울특별시 도봉구 쌍문제2동 27-3,127.037633,37.660304,2007-03-17,한전주,02-2091-4083,서울특별시 도봉구청,2017-05-17
02-15-04,2,서울특별시 도봉구 도봉로121길39-4,서울특별시 도봉구 쌍문제2동 81-275,127.034052,37.652361,2013-09-12,한전주,02-2091-4083,서울특별시 도봉구청,2017-05-17
02-19-04,2,서울특별시 도봉구 해등로 169,서울특별시 도봉구 쌍문제2동 삼익세라믹아파트,127.03572,37.656739,2008-01-01,한전주,02-2091-4083,서울특별시 도봉구청,2017-05-17
02-07-04,1,서울특별시 도봉구 쌍문제2동 195,서울특별시 도봉구 쌍문제2동 195,127.034593,37.659064,2008-01-01,한전주,02-2091-4083,서울특별시 도봉구청,2017-05-17
02-11-04,1,서울특별시 도봉구 쌍문제2동 668,서울특별시 도봉구 쌍문제2동 668,127.03764,37.656067,2008-01-01,벽부등,02-2091-4083,서울특별시 도봉구청,2017-05-17
02-13-04,1,서울특별시 도봉구 쌍문제2동 81-227,서울특별시 도봉구 쌍문제2동 81-227,127.036705,37.653101,2008-01-01,한전주,02-2091-4083,서울특별시 도봉구청,2017-05-17
02-10-04,1,서울특별시 도봉구 쌍문제2동 25-81,서울특별시 도봉구 쌍문제2동 25-81,127.036912,37.658759,2007-07-18,한전주,02-2091-4083,서울특별시 도봉구청,2017-05-17
02-18-04,1,서울특별시 도봉구 쌍문제2동 70-7,서울특별시 도봉구 쌍문제2동 70-7,127.037773,37.656868,2006-11-17,한전주,02-2091-4083,서울특별시 도봉구청,2017-05-17
02-17-04,1,서울특별시 도봉구 쌍문제2동 80-5,서울특별시 도봉구 쌍문제2동 80-5,127.035469,37.65267,2008-01-01,한전주,02-2091-4083,서울특별시 도봉구청,2017-05-17
02-09-04,1,서울특별시 도봉구 쌍문동 616,서울특별시 도봉구 쌍문제2동 619,127.038803,37.65745,2017-02-01,한전주,02-2091-4083,서울특별시 도봉구청,2017-05-17
02-16-04,1,서울특별시 도봉구 쌍문제2동 81-137,서울특별시 도봉구 쌍문제2동 81-137,127.034433,37.652019,2008-01-01,한전주,02-2091-4083,서울특별시 도봉구청,2017-05-17
02-20-04,1,서울특별시 도봉구 쌍문제2동 72,서울특별시 도봉구 쌍문제2동 72,127.036011,37.655487,2008-01-01,전용주,02-2091-4083,서울특별시 도봉구청,2017-05-17
02-06-04,2,서울특별시 도봉구 방학로3가길 18,서울특별시 도봉구 쌍문제2동 37-3,127.037938,37.658738,2008-01-01,한전주,02-2091-4083,서울특별시 도봉구청,2017-05-17
02-14-04,1,서울특별시 도봉구 쌍문제2동 81-20,서울특별시 도봉구 쌍문제2동 81-20,127.035194,37.653141,2006-12-20,한전주,02-2091-4083,서울특별시 도봉구청,2017-05-17
02-04-04,1,서울특별시 도봉구 도당로2길 21,서울특별시 도봉구 쌍문제2동 25-88,127.036316,37.659436,2006-06-23,한전주,02-2091-4083,서울특별시 도봉구청,2017-05-17
02-02-04,1,서울특별시 도봉구 쌍문제2동 8-4,서울특별시 도봉구 쌍문제2동 8-4,127.037429,37.661148,2008-01-01,한전주,02-2091-4083,서울특별시 도봉구청,2017-05-17
02-03-04,1,서울특별시 도봉구 쌍문제2동 712-41,서울특별시 도봉구 쌍문제2동 712-41,127.039165,37.660372,2008-01-01,한전주,02-2091-4083,서울특별시 도봉구청,2017-05-17
14-19-04,1,서울특별시 도봉구 도봉제1동 537,서울특별시 도봉구 도봉제1동 537,127.019646,37.674353,2008-01-01,한전주,02-2091-4083,서울특별시 도봉구청,2017-05-17
14-23-04,1,서울특별시 도봉구 도봉제1동 605-27,서울특별시 도봉구 도봉제1동 605-27,127.04248,37.673274,2008-04-17,벽부등,02-2091-4083,서울특별시 도봉구청,2017-05-17
14-15-04,1,서울특별시 도봉구 도봉로169다길 37,서울특별시 도봉구 도봉제1동 598-2,127.042202,37.677838,2007-05-23,한전주,02-2091-4083,서울특별시 도봉구청,2017-05-17
14-20-04,1,서울특별시 도봉구 도봉제1동 산104-1,서울특별시 도봉구 도봉제1동 산104-1,127.043062,37.67627,2008-01-01,한전주,02-2091-4083,서울특별시 도봉구청,2017-05-17
14-04-04,1,서울특별시 도봉구 도봉제1동 574-18,서울특별시 도봉구 도봉제1동 574-18,127.043239,37.685071,2007-07-20,한전주,02-2091-4083,서울특별시 도봉구청,2017-05-17
14-17-05,1,서울특별시 도봉구 도봉로173길 35,서울특별시 도봉구 도봉제1동 587-17,127.041755,37.679659,2007-11-12,한전주,02-2091-4083,서울특별시 도봉구청,2017-05-17
14-27-05,1,서울특별시 도봉구 시루봉로29길 26,서울특별시 도봉구 도봉제1동 617-2,127.043314,37.672475,2008-01-01,한전주,02-2091-4083,서울특별시 도봉구청,2017-05-17
14-23-05,1,서울특별시 도봉구 도봉로155길 24,서울특별시 도봉구 도봉제1동 605-24,127.042747,37.673136,2006-04-08,한전주,02-2091-4083,서울특별시 도봉구청,2017-05-17
14-22-05,1,서울특별시 도봉구 도봉제1동 606-2,서울특별시 도봉구 도봉제1동 606-2,127.040631,37.672985,2008-01-01,벽부등,02-2091-4083,서울특별시 도봉구청,2017-05-17
14-06-05,1,서울특별시 도봉구 도봉제1동 570-13,서울특별시 도봉구 도봉제1동 570-13,127.045278,37.685376,2006-05-09,벽부등,02-2091-4083,서울특별시 도봉구청,2017-05-17
14-11-05,1,서울특별시 도봉구 도봉제1동 580,서울특별시 도봉구 도봉제1동 580,127.043491,37.682907,2006-05-16,한전주,02-2091-4083,서울특별시 도봉구청,2017-05-17
14-03-05,1,서울특별시 도봉구 도봉산길 43,서울특별시 도봉구 도봉제1동 554-16,127.040871,37.686885,2007-12-27,한전주,02-2091-4083,서울특별시 도봉구청,2017-05-17
14-28-05,1,서울특별시 도봉구 도봉제1동 612-6,서울특별시 도봉구 도봉제1동 612-6,127.041402,37.671065,2008-01-01,한전주,02-2091-4083,서울특별시 도봉구청,2017-05-17
14-15-05,2,서울특별시 도봉구 도봉로167길 51,서울특별시 도봉구 도봉제1동 598-1,127.04171,37.677768,2006-12-07,한전주,02-2091-4083,서울특별시 도봉구청,2017-05-17
14-07-05,1,서울특별시 도봉구 도봉제1동 562-25,서울특별시 도봉구 도봉제1동 562-25,127.04544,37.682608,2008-01-01,벽부등,02-2091-4083,서울특별시 도봉구청,2017-05-17
14-01-05,1,서울특별시 도봉구 도봉제1동 351,서울특별시 도봉구 도봉제1동 351,127.041175,37.69052,2007-09-17,한전주,02-2091-4083,서울특별시 도봉구청,2017-05-17
14-16-05,1,서울특별시 도봉구 도봉로173길 15,서울특별시 도봉구 도봉제1동 585-3,127.042715,37.680414,2008-01-01,한전주,02-2091-4083,서울특별시 도봉구청,2017-05-17
14-18-05,1,서울특별시 도봉구 도봉로173다길 6-7,서울특별시 도봉구 도봉제1동 427-118,127.039891,37.678992,2007-08-31,한전주,02-2091-4083,서울특별시 도봉구청,2017-05-17
14-19-05,1,서울특별시 도봉구 도봉제1동 537-1,서울특별시 도봉구 도봉제1동 537-1,127.020066,37.674101,2008-01-01,한전주,02-2091-4083,서울특별시 도봉구청,2017-05-17
14-24-05,1,서울특별시 도봉구 도봉제1동 616-31,서울특별시 도봉구 도봉제1동 616-31,127.042823,37.673004,2006-04-12,벽부등,02-2091-4083,서울특별시 도봉구청,2017-05-17
14-21-05,1,서울특별시 도봉구 도봉제1동 601-27,서울특별시 도봉구 도봉제1동 601-27,127.043678,37.675216,2006-04-08,한전주,02-2091-4083,서울특별시 도봉구청,2017-05-17
14-12-05,1,서울특별시 도봉구 도봉로169가길 22,서울특별시 도봉구 도봉제1동 583-2,127.043554,37.68063,2007-07-26,한전주,02-2091-4083,서울특별시 도봉구청,2017-05-17
14-09-05,1,서울특별시 도봉구 도봉제1동 576-36,서울특별시 도봉구 도봉제1동 576-36,127.042467,37.683947,2008-01-01,한전주,02-2091-4083,서울특별시 도봉구청,2017-05-17
14-04-05,1,서울특별시 도봉구 도봉제1동 572-10,서울특별시 도봉구 도봉제1동 572-10,127.042249,37.68573,2008-01-30,한전주,02-2091-4083,서울특별시 도봉구청,2017-05-17
14-08-05,1,서울특별시 도봉구 도봉제1동 567-5,서울특별시 도봉구 도봉제1동 567-5,127.043595,37.683625,2008-01-01,한전주,02-2091-4083,서울특별시 도봉구청,2017-05-17
14-05-05,1,서울특별시 도봉구 도봉산1길 19,서울특별시 도봉구 도봉제1동 559-9,127.045247,37.68652,2006-10-20,한전주,02-2091-4083,서울특별시 도봉구청,2017-05-17
14-26-05,1,서울특별시 도봉구 시루봉로27가길 19,서울특별시 도봉구 도봉제1동 613-10,127.041589,37.671848,2008-01-01,한전주,02-2091-4083,서울특별시 도봉구청,2017-05-17
03-16-03,1,서울특별시 도봉구 쌍문제3동 103-106,서울특별시 도봉구 쌍문제3동 103-106,127.031527,37.644654,2008-01-01,벽부등,02-2091-4083,서울특별시 도봉구청,2017-05-17
03-01-03,1,서울특별시 도봉구 도봉로 503-7,서울특별시 도봉구 쌍문제3동 88-120,127.035389,37.650757,2008-01-01,한전주,02-2091-4083,서울특별시 도봉구청,2017-05-17
03-13-03,1,서울특별시 도봉구 쌍문제3동 375-24,서울특별시 도봉구 쌍문제3동 375-24,127.025531,37.64652,2007-11-21,벽부등,02-2091-4083,서울특별시 도봉구청,2017-05-17
03-15-03,1,서울특별시 도봉구 도봉로103길21,서울특별시 도봉구 쌍문제3동 103-244,127.030831,37.645082,2008-01-01,한전주,02-2091-4083,서울특별시 도봉구청,2017-05-17
03-17-03,1,서울특별시 도봉구 쌍문제3동 103-53,서울특별시 도봉구 쌍문제3동 103-53,127.031631,37.646883,2007-11-26,벽부등,02-2091-4083,서울특별시 도봉구청,2017-05-17
03-02-03,1,서울특별시 도봉구 쌍문제3동 143-46,서울특별시 도봉구 쌍문제3동 143-46,127.033541,37.650816,2008-01-01,벽부등,02-2091-4083,서울특별시 도봉구청,2017-05-17
03-07-03,1,서울특별시 도봉구 쌍문제3동 315-18,서울특별시 도봉구 쌍문제3동 315-18,127.030402,37.64883,2006-11-03,한전주,02-2091-4083,서울특별시 도봉구청,2017-05-17
03-08-20,1,서울특별시 도봉구 도봉로113가길 19-1,서울특별시 도봉구 쌍문제3동 120-16,127.032261,37.649415,2006-03-17,한전주,02-2091-4083,서울특별시 도봉구청,2017-05-17
03-10-20,1,서울특별시 도봉구 쌍문제3동 123-71,서울특별시 도봉구 쌍문제3동 123-71,127.031067,37.64749,2008-01-01,벽부등,02-2091-4083,서울특별시 도봉구청,2017-05-17
03-11-20,1,서울특별시 도봉구 쌍문제3동 340-6,서울특별시 도봉구 쌍문제3동 340-6,127.027786,37.648524,2008-01-01,한전주,02-2091-4083,서울특별시 도봉구청,2017-05-17
03-17-21,1,서울특별시 도봉구 쌍문제3동 103-9,서울특별시 도봉구 쌍문제3동 103-9,127.031891,37.645604,2008-01-01,한전주,02-2091-4083,서울특별시 도봉구청,2017-05-17
03-09-21,1,서울특별시 도봉구 쌍문제3동 98-35,서울특별시 도봉구 쌍문제3동 98-35,127.032774,37.64824,2008-01-01,한전주,02-2091-4083,서울특별시 도봉구청,2017-05-17
03-02-21,1,서울특별시 도봉구 노해로48길 106-11,서울특별시 도봉구 쌍문제3동,127.033981,37.650123,2015-07-06,벽부등,02-2091-4083,서울특별시 도봉구청,2017-05-17
03-03-21,1,서울특별시 도봉구 쌍문제3동 138-124,서울특별시 도봉구 쌍문제3동 138-124,127.032086,37.649975,2008-01-01,벽부등,02-2091-4083,서울특별시 도봉구청,2017-05-17
03-16-21,1,서울특별시 도봉구 도봉로 417,서울특별시 도봉구 쌍문제3동 103-249,127.029879,37.644316,2008-01-01,벽부등,02-2091-4083,서울특별시 도봉구청,2017-05-17
03-11-21,1,서울특별시 도봉구 쌍문제3동 380-13,서울특별시 도봉구 쌍문제3동 380-13,127.027843,37.648356,2006-07-06,벽부등,02-2091-4083,서울특별시 도봉구청,2017-05-17
03-01-21,1,서울특별시 도봉구 도봉로 495,서울특별시 도봉구 쌍문제3동 88-56,127.035033,37.649718,2015-09-15,벽부등,02-2091-4083,서울특별시 도봉구청,2017-05-17
03-04-21,1,서울특별시 도봉구 쌍문제3동 139-82,서울특별시 도봉구 쌍문제3동 139-82,127.030898,37.650235,2007-05-23,한전주,02-2091-4083,서울특별시 도봉구청,2017-05-17
03-06-21,1,서울특별시 도봉구 쌍문동 330-2,서울특별시 도봉구 쌍문제3동 330-2,127.028257,37.649135,2008-01-01,한전주,02-2091-4083,서울특별시 도봉구청,2017-05-17
03-08-21,1,서울특별시 도봉구 도봉로117길 51-12,서울특별시 도봉구 쌍문제3동 120-27,127.032102,37.649307,2008-01-01,한전주,02-2091-4083,서울특별시 도봉구청,2017-05-17
03-10-21,1,서울특별시 도봉구 쌍문제3동 123-14,서울특별시 도봉구 쌍문제3동 123-14,127.030919,37.648194,2008-01-01,벽부등,02-2091-4083,서울특별시 도봉구청,2017-05-17
03-19-21,1,서울특별시 도봉구 쌍문제3동 94-36,서울특별시 도봉구 쌍문제3동 94-36,127.033206,37.648505,2008-01-01,한전주,02-2091-4083,서울특별시 도봉구청,2017-05-17
03-10-22,1,서울특별시 도봉구 쌍문제3동 123-12,서울특별시 도봉구 쌍문제3동 123-12,127.031118,37.648253,2008-04-18,한전주,02-2091-4083,서울특별시 도봉구청,2017-05-17
03-19-22,1,서울특별시 도봉구 쌍문제3동 94-56,서울특별시 도봉구 쌍문제3동 94-56,127.033011,37.648463,2008-01-01,벽부등,02-2091-4083,서울특별시 도봉구청,2017-05-17
03-16-22,1,서울특별시 도봉구 쌍문제3동 103-127,서울특별시 도봉구 쌍문제3동 103-127,127.030502,37.644365,2008-01-01,한전주,02-2091-4083,서울특별시 도봉구청,2017-05-17
03-04-22,1,서울특별시 도봉구 노해로48길 83-5,서울특별시 도봉구 쌍문제3동 139-7,127.030867,37.650496,2008-01-01,벽부등,02-2091-4083,서울특별시 도봉구청,2017-05-17
03-08-22,1,서울특별시 도봉구 쌍문제3동 120-29,서울특별시 도봉구 쌍문제3동 120-29,127.032132,37.649081,2008-01-01,통신주,02-2091-4083,서울특별시 도봉구청,2017-05-17
03-03-22,1,서울특별시 도봉구 쌍문제3동 138-128,서울특별시 도봉구 쌍문제3동 138-128,127.031993,37.650335,2008-01-01,벽부등,02-2091-4083,서울특별시 도봉구청,2017-05-17
03-02-22,1,서울특별시 도봉구 쌍문제3동 141-45,서울특별시 도봉구 쌍문제3동 141-45,127.03381,37.64996,2016-05-16,벽부등,02-2091-4083,서울특별시 도봉구청,2017-05-17
03-06-22,1,서울특별시 도봉구 노해로44길 17-18,서울특별시 도봉구 쌍문제3동 315-121,127.028156,37.649536,2008-01-01,한전주,02-2091-4083,서울특별시 도봉구청,2017-05-17
03-09-22,1,서울특별시 도봉구 쌍문제3동 98-37,서울특별시 도봉구 쌍문제3동 98-37,127.032672,37.648079,2008-01-01,벽부등,02-2091-4083,서울특별시 도봉구청,2017-05-17
03-17-22,1,서울특별시 도봉구 우이천로24길 42,서울특별시 도봉구 쌍문제3동 103-244,127.031715,37.645307,2008-01-01,한전주,02-2091-4083,서울특별시 도봉구청,2017-05-17
03-11-22,1,서울특별시 도봉구 쌍문제3동 315-216,서울특별시 도봉구 쌍문제3동 315-216,127.028447,37.648623,2008-01-01,통신주,02-2091-4083,서울특별시 도봉구청,2017-05-17
03-02-23,1,서울특별시 도봉구 쌍문제3동 141-37,서울특별시 도봉구 쌍문제3동 141-37,127.033947,37.650345,2008-01-01,벽부등,02-2091-4083,서울특별시 도봉구청,2017-05-17
03-09-23,1,서울특별시 도봉구 쌍문제3동 98-34,서울특별시 도봉구 쌍문제3동 98-34,127.033008,37.648156,2008-01-01,벽부등,02-2091-4083,서울특별시 도봉구청,2017-05-17
03-03-23,1,서울특별시 도봉구 쌍문제3동 138-146,서울특별시 도봉구 쌍문제3동 138-146,127.031765,37.650319,2008-01-01,한전주,02-2091-4083,서울특별시 도봉구청,2017-05-17
03-06-23,1,서울특별시 도봉구 쌍문제3동 315-92,서울특별시 도봉구 쌍문제3동 315-92,127.02853,37.649496,2008-01-01,벽부등,02-2091-4083,서울특별시 도봉구청,2017-05-17
03-04-23,1,서울특별시 도봉구 쌍문제3동 139-86,서울특별시 도봉구 쌍문제3동 139-86,127.030989,37.650062,2008-01-01,벽부등,02-2091-4083,서울특별시 도봉구청,2017-05-17
03-16-23,1,서울특별시 도봉구 쌍문제3동 103-129,서울특별시 도봉구 쌍문제3동 103-129,127.030637,37.644623,2008-01-01,한전주,02-2091-4083,서울특별시 도봉구청,2017-05-17
03-08-23,1,서울특별시 도봉구 도봉로117길 51-18,서울특별시 도봉구 쌍문제3동 120-30,127.032147,37.648964,2008-01-01,벽부등,02-2091-4083,서울특별시 도봉구청,2017-05-17
03-17-23,1,서울특별시 도봉구 쌍문제3동 142-16,서울특별시 도봉구 쌍문제3동 142-16,127.031778,37.644835,2007-10-19,한전주,02-2091-4083,서울특별시 도봉구청,2017-05-17
11-01-14,1,서울특별시 도봉구 창제3동 552-86,서울특별시 도봉구 창제3동 552-86,127.037996,37.636769,2008-01-01,벽부등,02-2091-4083,서울특별시 도봉구청,2017-05-17
11-10-14,1,서울특별시 도봉구 덕릉로60마길5-3,서울특별시 도봉구 창제3동 538-3,127.040413,37.637483,2006-04-14,한전주,02-2091-4083,서울특별시 도봉구청,2017-05-17
11-06-14,1,서울특별시 도봉구 창제3동 536-14,서울특별시 도봉구 창제3동 536-14,127.039284,37.63625,2008-01-01,벽부등,02-2091-4083,서울특별시 도봉구청,2017-05-17
11-03-14,1,서울특별시 도봉구 창제3동 449-82,서울특별시 도봉구 창제3동 449-82,127.040777,37.64031,2006-09-22,한전주,02-2091-4083,서울특별시 도봉구청,2017-05-17
11-08-14,1,서울특별시 도봉구 덕릉로60바길 26,서울특별시 도봉구 창제3동 451-13,127.041456,37.638997,2013-12-17,한전주,02-2091-4083,서울특별시 도봉구청,2017-05-17
11-07-14,1,서울특별시 도봉구 덕릉로60나길16-10,서울특별시 도봉구 창제3동 448-48,127.041252,37.639654,2013-10-16,한전주,02-2091-4083,서울특별시 도봉구청,2017-05-17
11-11-14,1,서울특별시 도봉구 창제3동 529-3,서울특별시 도봉구 창제3동 529-3,127.040074,37.635409,2008-01-01,벽부등,02-2091-4083,서울특별시 도봉구청,2017-05-17
11-12-14,1,서울특별시 도봉구 창제3동 471-5,서울특별시 도봉구 창제3동 471-5,127.040892,37.635949,2008-01-01,벽부등,02-2091-4083,서울특별시 도봉구청,2017-05-17
11-13-14,1,서울특별시 도봉구 덕릉로60길 135-7,서울특별시 도봉구 창제3동 474-7,127.04321,37.63477,2006-10-23,한전주,02-2091-4083,서울특별시 도봉구청,2017-05-17
11-15-14,1,서울특별시 도봉구 창제3동 480-21,서울특별시 도봉구 창제3동 480-21,127.041163,37.635191,2008-01-01,벽부등,02-2091-4083,서울특별시 도봉구청,2017-05-17
11-17-14,1,서울특별시 도봉구 우이천로8길12,서울특별시 도봉구 창제3동 522-4,127.039301,37.634844,2013-12-17,한전주,02-2091-4083,서울특별시 도봉구청,2017-05-17
11-02-15,1,서울특별시 도봉구 덕릉로54가길 26,서울특별시 도봉구 창제3동 557-47,127.038895,37.638367,2008-01-01,한전주,02-2091-4083,서울특별시 도봉구청,2017-05-17
11-01-15,1,서울특별시 도봉구 창제3동 552-84,서울특별시 도봉구 창제3동 552-84,127.038272,37.636575,2008-01-01,한전주,02-2091-4083,서울특별시 도봉구청,2017-05-17
11-09-15,1,서울특별시 도봉구 덕릉로60나길20,서울특별시 도봉구 창제3동 461-12,127.042283,37.638429,2013-10-16,한전주,02-2091-4083,서울특별시 도봉구청,2017-05-17
11-15-15,1,서울특별시 도봉구 창제3동 476-17,서울특별시 도봉구 창제3동 476-17,127.041023,37.635285,2008-01-01,한전주,02-2091-4083,서울특별시 도봉구청,2017-05-17
11-12-15,1,서울특별시 도봉구 창제3동 471-1,서울특별시 도봉구 창제3동 471-1,127.041415,37.636083,2008-01-01,통신주,02-2091-4083,서울특별시 도봉구청,2017-05-17
11-06-15,1,서울특별시 도봉구 창제3동 547-11,서울특별시 도봉구 창제3동 547-11,127.038814,37.636364,2008-01-01,벽부등,02-2091-4083,서울특별시 도봉구청,2017-05-17
11-10-15,1,서울특별시 도봉구 덕릉로60길49-1,서울특별시 도봉구 창제3동 453-1,127.040617,37.638033,2013-12-16,한전주,02-2091-4083,서울특별시 도봉구청,2017-05-17
11-03-15,1,서울특별시 도봉구 창제3동 568-33,서울특별시 도봉구 창제3동 568-33,127.040531,37.640461,2008-01-01,한전주,02-2091-4083,서울특별시 도봉구청,2017-05-17
11-07-15,1,서울특별시 도봉구 창제3동 448-49,서울특별시 도봉구 창제3동 448-49,127.041544,37.639464,2007-10-01,한전주,02-2091-4083,서울특별시 도봉구청,2017-05-17
11-08-15,1,서울특별시 도봉구 덕릉로60바길20,서울특별시 도봉구 창제3동 452-62,127.041263,37.638753,2013-12-17,한전주,02-2091-4083,서울특별시 도봉구청,2017-05-17
11-11-15,1,서울특별시 도봉구 창제3동 528-45,서울특별시 도봉구 창제3동 528-45,127.039792,37.635347,2008-01-01,벽부등,02-2091-4083,서울특별시 도봉구청,2017-05-17
11-16-15,1,서울특별시 도봉구 우이천로4다길 21-3,서울특별시 도봉구 창제3동 479-19,127.040559,37.634816,2008-01-01,벽부등,02-2091-4083,서울특별시 도봉구청,2017-05-17
11-13-15,1,서울특별시 도봉구 덕릉로60길 135-62,서울특별시 도봉구 창제3동 492-54,127.043357,37.634527,2006-05-17,한전주,02-2091-4083,서울특별시 도봉구청,2017-05-17
11-17-15,1,서울특별시 도봉구 창제3동 522-19,서울특별시 도봉구 창제3동 522-19,127.039374,37.63454,2008-01-01,한전주,02-2091-4083,서울특별시 도봉구청,2017-05-17
01-18-17,1,서울특별시 도봉구 쌍문제1동 505-10,서울특별시 도봉구 쌍문제1동 505-10,127.013812,37.654267,2008-01-01,전용주,02-2091-4083,서울특별시 도봉구청,2017-05-17
01-23-17,1,서울특별시 도봉구 쌍문제1동 523-3,서울특별시 도봉구 쌍문제1동 523-3,127.017282,37.65704,2008-01-01,전용주,02-2091-4083,서울특별시 도봉구청,2017-05-17
01-17-17,1,서울특별시 도봉구 쌍문제1동 423-18,서울특별시 도봉구 쌍문제1동 423-18,127.013272,37.65158,2007-02-22,한전주,02-2091-4083,서울특별시 도봉구청,2017-05-17
01-22-17,1,서울특별시 도봉구 쌍문제1동 23-16,서울특별시 도봉구 쌍문제1동 23-16,127.019018,37.656701,2008-01-01,한전주,02-2091-4083,서울특별시 도봉구청,2017-05-17
01-15-17,1,서울특별시 도봉구 쌍문제1동 431-7,서울특별시 도봉구 쌍문제1동 431-7,127.01787,37.653247,2008-01-01,벽부등,02-2091-4083,서울특별시 도봉구청,2017-05-17
01-07-17,1,서울특별시 도봉구 쌍문제1동 414-186,서울특별시 도봉구 쌍문제1동 414-186,127.019407,37.649174,2008-01-01,전용주,02-2091-4083,서울특별시 도봉구청,2017-05-17
01-01-18,1,서울특별시 도봉구 노해로41나길 4-2,서울특별시 도봉구 쌍문제1동 309-54,127.026334,37.649867,2008-01-01,벽부등,02-2091-4083,서울특별시 도봉구청,2017-05-17
01-17-18,1,서울특별시 도봉구 쌍문제1동 423-7,서울특별시 도봉구 쌍문제1동 423-7,127.013676,37.651635,2008-01-09,벽부등,02-2091-4083,서울특별시 도봉구청,2017-05-17
01-11-18,1,서울특별시 도봉구 우이천로38라길 38,서울특별시 도봉구 쌍문제1동 460-307,127.023899,37.653435,2008-01-01,한전주,02-2091-4083,서울특별시 도봉구청,2017-05-17
02-12-04,1,서울특별시 도봉구 도봉로127길 42,서울특별시 도봉구 쌍문제2동 75-89,127.034738,37.654431,2008-01-01,한전주,02-2091-4083,서울특별시 도봉구청,2017-05-17
02-03-05,1,서울특별시 도봉구 도봉로135길53,서울특별시 도봉구 쌍문제2동 712-40,127.03911,37.660196,2013-10-18,한전주,02-2091-4083,서울특별시 도봉구청,2017-05-17
02-09-05,1,서울특별시 도봉구 쌍문제2동 574,서울특별시 도봉구 쌍문제2동 574,127.039036,37.657478,2006-08-04,한전주,02-2091-4083,서울특별시 도봉구청,2017-05-17
02-05-05,2,서울특별시 도봉구 도봉로139길 75-15,서울특별시 도봉구 쌍문제2동 28-1,127.037637,37.659955,2007-03-17,한전주,02-2091-4083,서울특별시 도봉구청,2017-05-17
02-08-05,1,서울특별시 도봉구 방학로3길 63,서울특별시 도봉구 쌍문제2동 715-3,127.040337,37.660117,2008-01-01,한전주,02-2091-4083,서울특별시 도봉구청,2017-05-17
02-12-05,1,서울특별시 도봉구 쌍문제2동 153-6,서울특별시 도봉구 쌍문제2동 153-6,127.034393,37.654478,2006-06-23,전용주,02-2091-4083,서울특별시 도봉구청,2017-05-17
02-17-05,1,서울특별시 도봉구 쌍문제2동 79-21,서울특별시 도봉구 쌍문제2동 79-21,127.035231,37.652368,2008-01-01,한전주,02-2091-4083,서울특별시 도봉구청,2017-05-17
02-04-05,1,서울특별시 도봉구 도봉로139길 81-8,서울특별시 도봉구 쌍문제2동 25-87,127.036458,37.659442,2008-04-18,한전주,02-2091-4083,서울특별시 도봉구청,2017-05-17
02-11-05,1,서울특별시 도봉구 쌍문제2동 668-20,서울특별시 도봉구 쌍문제2동 668-20,127.037554,37.65594,2008-01-01,벽부등,02-2091-4083,서울특별시 도봉구청,2017-05-17
02-14-05,1,서울특별시 도봉구 쌍문제2동 81-23,서울특별시 도봉구 쌍문제2동 81-23,127.035434,37.653608,2008-01-01,한전주,02-2091-4083,서울특별시 도봉구청,2017-05-17
02-07-05,1,서울특별시 도봉구 방학로11길 89,서울특별시 도봉구 쌍문제2동 192-10,127.034316,37.659055,2008-01-01,한전주,02-2091-4083,서울특별시 도봉구청,2017-05-17
02-10-05,2,서울특별시 도봉구 쌍문제2동 23-21,서울특별시 도봉구 쌍문제2동 23-21,127.037214,37.658718,2007-08-20,한전주,02-2091-4083,서울특별시 도봉구청,2017-05-17
02-16-05,1,서울특별시 도봉구 쌍문제2동 81-136,서울특별시 도봉구 쌍문제2동 81-136,127.034305,37.651847,2008-01-01,한전주,02-2091-4083,서울특별시 도봉구청,2017-05-17
02-13-05,1,서울특별시 도봉구 쌍문제2동 701,서울특별시 도봉구 쌍문제2동 701,127.036931,37.653297,2008-01-01,한전주,02-2091-4083,서울특별시 도봉구청,2017-05-17
02-15-05,2,서울특별시 도봉구 도봉로121길39-14,서울특별시 도봉구 쌍문제2동 81-127,127.033859,37.652018,2013-09-12,한전주,02-2091-4083,서울특별시 도봉구청,2017-05-17
02-06-05,1,서울특별시 도봉구 방학로5길 79,서울특별시 도봉구 쌍문제2동 36-9,127.037909,37.659108,2008-01-01,한전주,02-2091-4083,서울특별시 도봉구청,2017-05-17
02-02-05,1,서울특별시 도봉구 방학로5길 32,서울특별시 도봉구 쌍문제2동 8-19,127.037757,37.661419,2008-01-01,한전주,02-2091-4083,서울특별시 도봉구청,2017-05-17
02-20-05,1,서울특별시 도봉구 쌍문제2동 68-2,서울특별시 도봉구 쌍문제2동 68-2,127.036279,37.655501,2008-01-01,한전주,02-2091-4083,서울특별시 도봉구청,2017-05-17
02-19-05,1,서울특별시 도봉구 쌍문제2동 56-6,서울특별시 도봉구 쌍문제2동 56-6,127.036212,37.65669,2008-01-01,한전주,02-2091-4083,서울특별시 도봉구청,2017-05-17
02-01-05,1,서울특별시 도봉구 쌍문제2동 709-20,서울특별시 도봉구 쌍문제2동 709-20,127.039542,37.661693,2008-01-01,한전주,02-2091-4083,서울특별시 도봉구청,2017-05-17
02-11-06,2,서울특별시 도봉구 도봉로129길 20-10,서울특별시 도봉구 쌍문제2동 668-15,127.037431,37.655756,2006-09-19,한전주,02-2091-4083,서울특별시 도봉구청,2017-05-17
02-08-06,1,서울특별시 도봉구 쌍문제2동 715-5,서울특별시 도봉구 쌍문제2동 715-5,127.040073,37.659911,2008-01-01,한전주,02-2091-4083,서울특별시 도봉구청,2017-05-17
02-13-06,1,서울특별시 도봉구 쌍문제2동 700,서울특별시 도봉구 쌍문제2동 700,127.036988,37.653765,2008-01-01,한전주,02-2091-4083,서울특별시 도봉구청,2017-05-17
02-20-06,1,서울특별시 도봉구 쌍문제2동 69-70,서울특별시 도봉구 쌍문제2동 69-70,127.03647,37.655681,2008-01-01,벽부등,02-2091-4083,서울특별시 도봉구청,2017-05-17
02-04-06,1,서울특별시 도봉구 방학로7길 68,서울특별시 도봉구 쌍문제2동 26-89,127.036413,37.659685,2008-01-01,벽부등,02-2091-4083,서울특별시 도봉구청,2017-05-17
02-02-06,1,서울특별시 도봉구 쌍문제2동 8-1,서울특별시 도봉구 쌍문제2동 8-1,127.037757,37.661092,2008-01-01,한전주,02-2091-4083,서울특별시 도봉구청,2017-05-17
02-16-06,1,서울특별시 도봉구 쌍문제2동 81-143,서울특별시 도봉구 쌍문제2동 81-143,127.034692,37.651864,2007-06-14,한전주,02-2091-4083,서울특별시 도봉구청,2017-05-17
02-15-06,1,서울특별시 도봉구 쌍문제2동 81-395,서울특별시 도봉구 쌍문제2동 81-395,127.03365,37.651893,2008-01-01,통신주,02-2091-4083,서울특별시 도봉구청,2017-05-17
02-14-06,1,서울특별시 도봉구 쌍문제2동 75-34,서울특별시 도봉구 쌍문제2동 75-34,127.035596,37.65387,2007-07-04,한전주,02-2091-4083,서울특별시 도봉구청,2017-05-17
02-17-06,1,서울특별시 도봉구 도봉로121길 21,서울특별시 도봉구 쌍문제2동 81-146,127.035185,37.652189,2008-01-01,한전주,02-2091-4083,서울특별시 도봉구청,2017-05-17
02-12-06,1,서울특별시 도봉구 쌍문제2동 산83-28,서울특별시 도봉구 쌍문제2동 산83-28,127.034662,37.65469,2008-01-01,한전주,02-2091-4083,서울특별시 도봉구청,2017-05-17
02-06-06,1,서울특별시 도봉구 쌍문제2동 36-8,서울특별시 도봉구 쌍문제2동 36-8,127.037888,37.65931,2008-01-01,벽부등,02-2091-4083,서울특별시 도봉구청,2017-05-17
02-03-06,2,서울특별시 도봉구 도봉로137길 25-16,서울특별시 도봉구 쌍문제2동 713-2,127.038948,37.659804,2008-01-01,한전주,02-2091-4083,서울특별시 도봉구청,2017-05-17
02-05-06,1,서울특별시 도봉구 쌍문제2동 25-18,서울특별시 도봉구 쌍문제2동 25-18,127.037681,37.65969,2007-03-18,한전주,02-2091-4083,서울특별시 도봉구청,2017-05-17
03-03-03,1,서울특별시 도봉구 쌍문제3동 138-17,서울특별시 도봉구 쌍문제3동 138-17,127.032706,37.650606,2008-01-01,통신주,02-2091-4083,서울특별시 도봉구청,2017-05-17
03-09-03,1,서울특별시 도봉구 쌍문제3동 123-29,서울특별시 도봉구 쌍문제3동 123-29,127.031733,37.647966,2006-11-23,한전주,02-2091-4083,서울특별시 도봉구청,2017-05-17
03-10-03,1,서울특별시 도봉구 쌍문제3동 315-361,서울특별시 도봉구 쌍문제3동 315-361,127.029063,37.648072,2008-02-21,한전주,02-2091-4083,서울특별시 도봉구청,2017-05-17
03-19-03,2,서울특별시 도봉구 쌍문제3동 141-52,서울특별시 도봉구 쌍문제3동 141-52,127.033847,37.649676,2014-04-01,한전주,02-2091-4083,서울특별시 도봉구청,2017-05-17
03-14-03,1,서울특별시 도봉구 쌍문제3동 103-63,서울특별시 도봉구 쌍문제3동 103-63,127.031243,37.646898,2008-01-01,한전주,02-2091-4083,서울특별시 도봉구청,2017-05-17
03-18-03,1,서울특별시 도봉구 도봉로113길83,서울특별시 도봉구 쌍문제3동 96-22,127.033189,37.647775,2008-01-01,한전주,02-2091-4083,서울특별시 도봉구청,2017-05-17
03-05-04,1,서울특별시 도봉구 쌍문제3동 139-38,서울특별시 도봉구 쌍문제3동 139-38,127.030004,37.650199,2008-01-01,한전주,02-2091-4083,서울특별시 도봉구청,2017-05-17
03-14-04,1,서울특별시 도봉구 쌍문제3동 103-61,서울특별시 도봉구 쌍문제3동 103-61,127.031371,37.64663,2008-01-01,한전주,02-2091-4083,서울특별시 도봉구청,2017-05-17
03-19-04,2,서울특별시 도봉구 쌍문제3동 88-104,서울특별시 도봉구 쌍문제3동 88-104,127.03455,37.649406,2006-06-08,한전주,02-2091-4083,서울특별시 도봉구청,2017-05-17
03-18-04,1,서울특별시 도봉구 쌍문제3동 96-32,서울특별시 도봉구 쌍문제3동 96-32,127.033301,37.647529,2007-09-10,한전주,02-2091-4083,서울특별시 도봉구청,2017-05-17
03-17-04,1,서울특별시 도봉구 도봉로109길 27-6,서울특별시 도봉구 쌍문제3동 103-55,127.031704,37.64673,2006-11-11,한전주,02-2091-4083,서울특별시 도봉구청,2017-05-17
03-04-04,1,서울특별시 도봉구 쌍문제3동 138-41,서울특별시 도봉구 쌍문제3동 138-41,127.032199,37.650408,2008-01-01,한전주,02-2091-4083,서울특별시 도봉구청,2017-05-17
03-16-04,1,서울특별시 도봉구 쌍문제3동 103-104,서울특별시 도봉구 쌍문제3동 103-104,127.031401,37.644777,2007-11-26,벽부등,02-2091-4083,서울특별시 도봉구청,2017-05-17
03-15-04,1,서울특별시 도봉구 쌍문제3동 103-243,서울특별시 도봉구 쌍문제3동 103-243,127.030411,37.645138,2008-01-01,한전주,02-2091-4083,서울특별시 도봉구청,2017-05-17
03-13-04,1,서울특별시 도봉구 쌍문제3동 724-25,서울특별시 도봉구 쌍문제3동 724-25,127.025879,37.646484,2007-06-08,한전주,02-2091-4083,서울특별시 도봉구청,2017-05-17
03-09-04,1,서울특별시 도봉구 도봉로113길 47-10,서울특별시 도봉구 쌍문제3동 123-42,127.031489,37.647938,2008-01-01,한전주,02-2091-4083,서울특별시 도봉구청,2017-05-17
03-01-04,1,서울특별시 도봉구 쌍문제3동 88-121,서울특별시 도봉구 쌍문제3동 88-121,127.035287,37.650563,2008-01-01,통신주,02-2091-4083,서울특별시 도봉구청,2017-05-17
03-03-04,2,서울특별시 도봉구 쌍문제3동 138-15,서울특별시 도봉구 쌍문제3동 138-15,127.032713,37.650448,2006-12-08,한전주,02-2091-4083,서울특별시 도봉구청,2017-05-17
03-07-04,1,서울특별시 도봉구 노해로46길 53,서울특별시 도봉구 쌍문제3동 315-187,127.030515,37.648568,2008-01-01,한전주,02-2091-4083,서울특별시 도봉구청,2017-05-17
03-08-04,1,서울특별시 도봉구 쌍문제3동 122-64,서울특별시 도봉구 쌍문제3동 122-64,127.031134,37.649625,2007-10-15,벽부등,02-2091-4083,서울특별시 도봉구청,2017-05-17
03-11-04,1,서울특별시 도봉구 쌍문제3동 315-43,서울특별시 도봉구 쌍문제3동 315-43,127.030022,37.647183,2008-01-01,한전주,02-2091-4083,서울특별시 도봉구청,2017-05-17
03-06-04,1,서울특별시 도봉구 쌍문제3동 315-84,서울특별시 도봉구 쌍문제3동 315-84,127.029268,37.649478,2008-01-01,벽부등,02-2091-4083,서울특별시 도봉구청,2017-05-17
03-02-04,1,서울특별시 도봉구 쌍문제3동 143-52,서울특별시 도봉구 쌍문제3동 143-52,127.033417,37.650504,2008-01-01,한전주,02-2091-4083,서울특별시 도봉구청,2017-05-17
03-10-05,1,서울특별시 도봉구 노해로44길 42-6,서울특별시 도봉구 쌍문제3동 315-372,127.029461,37.648037,2007-11-24,벽부등,02-2091-4083,서울특별시 도봉구청,2017-05-17
03-14-05,2,서울특별시 도봉구 도봉로19길 35-17,서울특별시 도봉구 쌍문제3동 103-59,127.0315,37.646352,2008-01-01,한전주,02-2091-4083,서울특별시 도봉구청,2017-05-17
03-05-05,1,서울특별시 도봉구 노해로 174,서울특별시 도봉구 쌍문제3동 316-1,127.028058,37.649685,2015-05-11,한전주,02-2091-4083,서울특별시 도봉구청,2017-05-17
03-18-05,1,서울특별시 도봉구 쌍문제3동 96-48,서울특별시 도봉구 쌍문제3동 96-48,127.033148,37.64732,2006-04-24,벽부등,02-2091-4083,서울특별시 도봉구청,2017-05-17
03-02-05,1,서울특별시 도봉구 노해로48길 95-1,서울특별시 도봉구 쌍문제3동 143-57,127.033779,37.650523,2008-01-01,한전주,02-2091-4083,서울특별시 도봉구청,2017-05-17
03-17-05,1,서울특별시 도봉구 쌍문제3동 103-39,서울특별시 도봉구 쌍문제3동 103-39,127.031801,37.646523,2006-11-11,벽부등,02-2091-4083,서울특별시 도봉구청,2017-05-17
03-15-05,1,서울특별시 도봉구 쌍문제3동 103-142,서울특별시 도봉구 쌍문제3동 103-142,127.030307,37.644866,2006-04-19,한전주,02-2091-4083,서울특별시 도봉구청,2017-05-17
03-04-05,1,서울특별시 도봉구 쌍문제3동 138-40,서울특별시 도봉구 쌍문제3동 138-40,127.032171,37.650572,2006-07-21,한전주,02-2091-4083,서울특별시 도봉구청,2017-05-17
03-06-05,1,서울특별시 도봉구 쌍문제3동 315-180,서울특별시 도봉구 쌍문제3동 315-180,127.029158,37.649238,2008-01-01,한전주,02-2091-4083,서울특별시 도봉구청,2017-05-17
03-13-05,1,서울특별시 도봉구 쌍문제3동 374-3,서울특별시 도봉구 쌍문제3동 374-3,127.026254,37.646499,2008-01-01,한전주,02-2091-4083,서울특별시 도봉구청,2017-05-17
03-16-05,1,서울특별시 도봉구 쌍문제3동 103-235,서울특별시 도봉구 쌍문제3동 103-235,127.031248,37.644687,2008-01-01,한전주,02-2091-4083,서울특별시 도봉구청,2017-05-17
03-11-23,1,서울특별시 도봉구 쌍문제3동 315-467,서울특별시 도봉구 쌍문제3동 315-467,127.028775,37.648343,2008-01-01,벽부등,02-2091-4083,서울특별시 도봉구청,2017-05-17
03-10-23,1,서울특별시 도봉구 쌍문제3동 315-27,서울특별시 도봉구 쌍문제3동 315-27,127.030757,37.647365,2008-01-01,벽부등,02-2091-4083,서울특별시 도봉구청,2017-05-17
03-09-24,1,서울특별시 도봉구 도봉로113길 17-5,서울특별시 도봉구 쌍문제3동 98-32,127.032906,37.647991,2008-01-01,벽부등,02-2091-4083,서울특별시 도봉구청,2017-05-17
03-08-24,1,서울특별시 도봉구 쌍문제3동 120-20,서울특별시 도봉구 쌍문제3동 120-20,127.032307,37.64901,2006-03-17,한전주,02-2091-4083,서울특별시 도봉구청,2017-05-17
03-19-24,1,서울특별시 도봉구 쌍문제3동 94-41,서울특별시 도봉구 쌍문제3동 94-41,127.033016,37.648632,2008-01-01,벽부등,02-2091-4083,서울특별시 도봉구청,2017-05-17
03-03-24,1,서울특별시 도봉구 쌍문제3동 138-145,서울특별시 도봉구 쌍문제3동 138-145,127.031756,37.650146,2008-01-01,한전주,02-2091-4083,서울특별시 도봉구청,2017-05-17
03-06-24,1,서울특별시 도봉구 쌍문제3동 315-93,서울특별시 도봉구 쌍문제3동 315-93,127.028694,37.64939,2007-04-14,한전주,02-2091-4083,서울특별시 도봉구청,2017-05-17
03-04-24,1,서울특별시 도봉구 쌍문제3동 139-53,서울특별시 도봉구 쌍문제3동 139-53,127.030999,37.649667,2007-05-01,한전주,02-2091-4083,서울특별시 도봉구청,2017-05-17
14-20-15,1,서울특별시 도봉구 도봉제1동 597-38,서울특별시 도봉구 도봉제1동 597-38,127.043326,37.677562,2007-08-01,벽부등,02-2091-4083,서울특별시 도봉구청,2017-05-17
14-18-16,1,서울특별시 도봉구 도봉제1동 427-15,서울특별시 도봉구 도봉제1동 427-15,127.039769,37.679681,2008-01-01,한전주,02-2091-4083,서울특별시 도봉구청,2017-05-17
14-17-16,1,서울특별시 도봉구 도봉로171길 30,서울특별시 도봉구 도봉제1동 587-21,127.042204,37.679243,2008-01-01,한전주,02-2091-4083,서울특별시 도봉구청,2017-05-17
14-06-16,1,서울특별시 도봉구 도봉제1동 569-2,서울특별시 도봉구 도봉제1동 569-2,127.044361,37.685405,2008-01-01,한전주,02-2091-4083,서울특별시 도봉구청,2017-05-17
14-24-16,1,서울특별시 도봉구 도봉제1동 618-5,서울특별시 도봉구 도봉제1동 618-5,127.042719,37.672428,2008-01-01,벽부등,02-2091-4083,서울특별시 도봉구청,2017-05-17
14-10-16,1,서울특별시 도봉구 도봉로169가길 55,서울특별시 도봉구 도봉제1동 579,127.042885,37.682456,2008-01-01,한전주,02-2091-4083,서울특별시 도봉구청,2017-05-17
14-16-16,1,서울특별시 도봉구 도봉로173길 40-10,서울특별시 도봉구 도봉제1동 586-7,127.041286,37.680073,2008-01-01,한전주,02-2091-4083,서울특별시 도봉구청,2017-05-17
14-02-16,1,서울특별시 도봉구 도봉제1동 498,서울특별시 도봉구 도봉제1동 498,127.035402,37.68609,2008-01-01,한전주,02-2091-4083,서울특별시 도봉구청,2017-05-17
14-04-16,1,서울특별시 도봉구 도봉산3길 12-18,서울특별시 도봉구 도봉제1동 556-30,127.043047,37.687018,2008-01-01,한전주,02-2091-4083,서울특별시 도봉구청,2017-05-17
14-01-16,1,서울특별시 도봉구 도봉제1동 349,서울특별시 도봉구 도봉제1동 349,127.040998,37.689925,2008-01-01,전용주,02-2091-4083,서울특별시 도봉구청,2017-05-17
14-20-16,1,서울특별시 도봉구 도봉제1동 597-35,서울특별시 도봉구 도봉제1동 597-35,127.043465,37.677767,2006-10-20,한전주,02-2091-4083,서울특별시 도봉구청,2017-05-17
14-15-16,1,서울특별시 도봉구 도봉제1동 593,서울특별시 도봉구 도봉제1동 593,127.04048,37.678442,2014-07-07,한전주,02-2091-4083,서울특별시 도봉구청,2017-05-17
14-28-16,1,서울특별시 도봉구 도봉로19가길5,서울특별시 도봉구 도봉제1동 609-18,127.040034,37.670487,2013-12-12,벽부등,02-2091-4083,서울특별시 도봉구청,2017-05-17
14-23-16,1,서울특별시 도봉구 도봉제1동 604-36,서울특별시 도봉구 도봉제1동 604-36,127.042661,37.674332,2008-01-01,벽부등,02-2091-4083,서울특별시 도봉구청,2017-05-17
14-25-16,1,서울특별시 도봉구 시루봉로23가길 36,서울특별시 도봉구 도봉제1동 607,203529,463712,2008-01-01,한전주,02-2091-4083,서울특별시 도봉구청,2017-05-17
14-07-16,1,서울특별시 도봉구 도봉제1동 568-19,서울특별시 도봉구 도봉제1동 568-19,127.044773,37.684521,2006-10-26,한전주,02-2091-4083,서울특별시 도봉구청,2017-05-17
14-19-16,1,서울특별시 도봉구 도봉제1동 527,서울특별시 도봉구 도봉제1동 527,127.028274,37.677095,2007-07-07,한전주,02-2091-4083,서울특별시 도봉구청,2017-05-17
14-12-16,1,서울특별시 도봉구 도봉제1동 582-13,서울특별시 도봉구 도봉제1동 582-13,127.044758,37.681285,2008-01-01,한전주,02-2091-4083,서울특별시 도봉구청,2017-05-17
14-05-16,1,서울특별시 도봉구 도봉제1동 558-6,서울특별시 도봉구 도봉제1동 558-6,127.044087,37.686197,2008-01-01,벽부등,02-2091-4083,서울특별시 도봉구청,2017-05-17
14-09-16,1,서울특별시 도봉구 도봉제1동 573-12,서울특별시 도봉구 도봉제1동 573-12,127.041124,37.685387,2006-09-25,한전주,02-2091-4083,서울특별시 도봉구청,2017-05-17
14-22-16,1,서울특별시 도봉구 도봉제1동 602-31,서울특별시 도봉구 도봉제1동 602-31,127.04331,37.674551,2008-01-01,벽부등,02-2091-4083,서울특별시 도봉구청,2017-05-17
14-21-16,1,서울특별시 도봉구 도봉제1동 600-28,서울특별시 도봉구 도봉제1동 600-28,127.044082,37.676366,2010-04-05,한전주,02-2091-4083,서울특별시 도봉구청,2017-05-17
14-11-16,1,서울특별시 도봉구 도봉로177길 20,서울특별시 도봉구 도봉제1동 563-23,127.044869,37.681585,2008-01-01,벽부등,02-2091-4083,서울특별시 도봉구청,2017-05-17
14-27-16,1,서울특별시 도봉구 도봉제1동 619-31,서울특별시 도봉구 도봉제1동 619-31,127.042754,37.670525,2008-01-01,벽부등,02-2091-4083,서울특별시 도봉구청,2017-05-17
14-08-16,1,서울특별시 도봉구 도봉로181나길 16,서울특별시 도봉구 도봉제1동 566-24,127.044519,37.683423,2006-10-20,한전주,02-2091-4083,서울특별시 도봉구청,2017-05-17
14-06-17,2,서울특별시 도봉구 도봉제1동 569-5,서울특별시 도봉구 도봉제1동 569-5,127.044639,37.685401,2006-12-29,한전주,02-2091-4083,서울특별시 도봉구청,2017-05-17
01-21-18,1,서울특별시 도봉구 쌍문제1동 486-14,서울특별시 도봉구 쌍문제1동 486-14,127.017284,37.655667,2008-01-01,벽부등,02-2091-4083,서울특별시 도봉구청,2017-05-17
01-14-18,1,서울특별시 도봉구 쌍문제1동 460-262,서울특별시 도봉구 쌍문제1동 460-262,127.022365,37.653577,2008-01-01,벽부등,02-2091-4083,서울특별시 도봉구청,2017-05-17
01-23-18,1,서울특별시 도봉구 쌍문제1동 524-19,서울특별시 도봉구 쌍문제1동 524-19,127.017122,37.656788,2008-01-01,벽부등,02-2091-4083,서울특별시 도봉구청,2017-05-17
01-08-18,1,서울특별시 도봉구 쌍문제1동 719-3,서울특별시 도봉구 쌍문제1동 719-3,127.022086,37.650399,2008-01-01,한전주,02-2091-4083,서울특별시 도봉구청,2017-05-17
01-24-18,1,서울특별시 도봉구 쌍문제1동 493-10,서울특별시 도봉구 쌍문제1동 493-10,127.015187,37.655936,2007-02-02,한전주,02-2091-4083,서울특별시 도봉구청,2017-05-17
01-03-18,1,서울특별시 도봉구 쌍문제1동 273-5,서울특별시 도봉구 쌍문제1동 273-5,127.026188,37.65149,2007-02-15,한전주,02-2091-4083,서울특별시 도봉구청,2017-05-17
01-12-18,1,서울특별시 도봉구 우이천로38길 75,서울특별시 도봉구 쌍문제1동 460-387,127.022811,37.652458,2008-01-01,한전주,02-2091-4083,서울특별시 도봉구청,2017-05-17
01-09-18,1,서울특별시 도봉구 쌍문제1동 286-22,서울특별시 도봉구 쌍문제1동 286-22,127.023946,37.65099,2008-01-01,전용주,02-2091-4083,서울특별시 도봉구청,2017-05-17
01-15-18,1,서울특별시 도봉구 우이천로 446-51,서울특별시 도봉구 쌍문제1동 473-3,127.017712,37.653166,2007-03-15,전용주,02-2091-4083,서울특별시 도봉구청,2017-05-17
01-18-18,1,서울특별시 도봉구 우이천로38가길 1,서울특별시 도봉구 쌍문제1동 505-2,127.013632,37.654266,2007-01-11,한전주,02-2091-4083,서울특별시 도봉구청,2017-05-17
01-19-18,1,서울특별시 도봉구 쌍문제1동 498-46,서울특별시 도봉구 쌍문제1동 498-46,127.01489,37.654974,2006-12-11,한전주,02-2091-4083,서울특별시 도봉구청,2017-05-17
01-25-18,1,서울특별시 도봉구 삼양로162가길 42-10,서울특별시 도봉구 쌍문제1동 518-14,127.014857,37.659527,2008-01-01,한전주,02-2091-4083,서울특별시 도봉구청,2017-05-17
01-04-18,1,서울특별시 도봉구 쌍문제1동 355-2,서울특별시 도봉구 쌍문제1동 355-2,127.02594,37.648764,2007-10-09,전용주,02-2091-4083,서울특별시 도봉구청,2017-05-17
01-07-18,1,서울특별시 도봉구 쌍문제1동 414-88,서울특별시 도봉구 쌍문제1동 414-88,127.019201,37.649227,2008-01-01,한전주,02-2091-4083,서울특별시 도봉구청,2017-05-17
01-20-18,1,서울특별시 도봉구 쌍문제1동 484-21,서울특별시 도봉구 쌍문제1동 484-21,127.016584,37.655041,2007-04-23,벽부등,02-2091-4083,서울특별시 도봉구청,2017-05-17
01-16-18,1,서울특별시 도봉구 쌍문제1동 419-9,서울특별시 도봉구 쌍문제1동 419-9,127.01602,37.649162,2008-01-01,통신주,02-2091-4083,서울특별시 도봉구청,2017-05-17
01-05-18,1,서울특별시 도봉구 쌍문제1동 360-31,서울특별시 도봉구 쌍문제1동 360-31,127.023989,37.649634,2008-01-01,한전주,02-2091-4083,서울특별시 도봉구청,2017-05-17
01-16-19,1,서울특별시 도봉구 삼양로144나길 43,서울특별시 도봉구 쌍문제1동 419-13,127.016249,37.649103,2008-01-01,한전주,02-2091-4083,서울특별시 도봉구청,2017-05-17
01-21-19,1,서울특별시 도봉구 쌍문제1동 486-15,서울특별시 도봉구 쌍문제1동 486-15,127.017176,37.655671,2007-09-17,한전주,02-2091-4083,서울특별시 도봉구청,2017-05-17
01-24-19,1,서울특별시 도봉구 쌍문제1동 493-3,서울특별시 도봉구 쌍문제1동 493-3,127.015251,37.656189,2008-01-01,전용주,02-2091-4083,서울특별시 도봉구청,2017-05-17
01-05-19,1,서울특별시 도봉구 우이천로34가길6,서울특별시 도봉구 쌍문제1동 360-41,127.023751,37.649579,2012-03-19,전용주,02-2091-4083,서울특별시 도봉구청,2017-05-17
01-08-19,1,서울특별시 도봉구 우이천로 394,서울특별시 도봉구 쌍문제1동 443-11,127.022236,37.650183,2008-01-01,한전주,02-2091-4083,서울특별시 도봉구청,2017-05-17
01-11-19,1,서울특별시 도봉구 우이천로38라길 25-10,서울특별시 도봉구 쌍문제1동 460-309,127.023578,37.653752,2008-01-01,한전주,02-2091-4083,서울특별시 도봉구청,2017-05-17
01-12-19,1,서울특별시 도봉구 우이천로38길 72-5,서울특별시 도봉구 쌍문제1동 460-347,127.022845,37.651408,2008-01-01,벽부등,02-2091-4083,서울특별시 도봉구청,2017-05-17
01-01-19,1,서울특별시 도봉구 노해로41나길 8,서울특별시 도봉구 쌍문제1동 309-51,127.026255,37.649975,2008-01-01,벽부등,02-2091-4083,서울특별시 도봉구청,2017-05-17
01-18-19,2,서울특별시 도봉구 삼양로 574-48,서울특별시 도봉구 쌍문제1동 505-14,127.014301,37.654437,2008-01-01,한전주,02-2091-4083,서울특별시 도봉구청,2017-05-17
01-14-19,1,서울특별시 도봉구 쌍문제1동 460-241,서울특별시 도봉구 쌍문제1동 460-241,127.022545,37.654267,2008-01-01,전용주,02-2091-4083,서울특별시 도봉구청,2017-05-17
01-09-19,1,서울특별시 도봉구 쌍문제1동 286-38,서울특별시 도봉구 쌍문제1동 286-38,127.023751,37.651183,2008-01-01,독립주,02-2091-4083,서울특별시 도봉구청,2017-05-17
01-20-19,1,서울특별시 도봉구 쌍문제1동 494-5,서울특별시 도봉구 쌍문제1동 494-5,127.016638,37.654932,2008-01-01,벽부등,02-2091-4083,서울특별시 도봉구청,2017-05-17
01-03-19,1,서울특별시 도봉구 쌍문제1동 273-15,서울특별시 도봉구 쌍문제1동 273-15,127.026267,37.651675,2006-02-16,한전주,02-2091-4083,서울특별시 도봉구청,2017-05-17
01-25-19,1,서울특별시 도봉구 쌍문제1동 531-29,서울특별시 도봉구 쌍문제1동 531-29,127.014926,37.659252,2008-01-01,한전주,02-2091-4083,서울특별시 도봉구청,2017-05-17
01-23-19,1,서울특별시 도봉구 쌍문제1동 524-51,서울특별시 도봉구 쌍문제1동 524-51,127.01714,37.656715,2008-01-01,한전주,02-2091-4083,서울특별시 도봉구청,2017-05-17
01-17-19,1,서울특별시 도봉구 쌍문제1동 422-37,서울특별시 도봉구 쌍문제1동 422-37,127.013694,37.651795,2008-01-01,통신주,02-2091-4083,서울특별시 도봉구청,2017-05-17
02-19-06,1,서울특별시 도봉구 쌍문제2동 105 세라믹아파트105동,서울특별시 도봉구 쌍문제2동 105 세라믹아파트105동,127.036615,37.65664,2008-01-01,한전주,02-2091-4083,서울특별시 도봉구청,2017-05-17
02-01-06,1,서울특별시 도봉구 쌍문제2동 709,서울특별시 도봉구 쌍문제2동 709,127.039293,37.661702,2008-01-01,한전주,02-2091-4083,서울특별시 도봉구청,2017-05-17
02-07-06,1,서울특별시 도봉구 쌍문제2동 195-1,서울특별시 도봉구 쌍문제2동 195-1,127.033987,37.659959,2006-09-19,한전주,02-2091-4083,서울특별시 도봉구청,2017-05-17
02-20-07,1,서울특별시 도봉구 쌍문제2동 69-42,서울특별시 도봉구 쌍문제2동 69-42,127.036626,37.655989,2007-03-30,전용주,02-2091-4083,서울특별시 도봉구청,2017-05-17
02-09-07,2,서울특별시 도봉구 도봉로133길 8-9,서울특별시 도봉구 쌍문제2동 554-9,127.039325,37.657972,2008-01-01,한전주,02-2091-4083,서울특별시 도봉구청,2017-05-17
02-11-07,1,서울특별시 도봉구 도봉로129길20-10,서울특별시 도봉구 쌍문제2동 668-15,127.037612,37.655738,2013-11-12,벽부등,02-2091-4083,서울특별시 도봉구청,2017-05-17
02-15-07,1,서울특별시 도봉구 쌍문제2동 81-397,서울특별시 도봉구 쌍문제2동 81-397,127.033524,37.651776,2008-01-01,한전주,02-2091-4083,서울특별시 도봉구청,2017-05-17
02-07-07,1,서울특별시 도봉구 쌍문제2동 192-2,서울특별시 도봉구 쌍문제2동 192-2,127.034499,37.65838,2008-01-01,한전주,02-2091-4083,서울특별시 도봉구청,2017-05-17
02-16-07,1,서울특별시 도봉구 쌍문제2동 79-9,서울특별시 도봉구 쌍문제2동 79-9,127.035067,37.652087,2008-01-01,벽부등,02-2091-4083,서울특별시 도봉구청,2017-05-17
02-10-07,1,서울특별시 도봉구 쌍문제2동 23-30,서울특별시 도봉구 쌍문제2동 23-30,127.037221,37.658397,2007-01-26,한전주,02-2091-4083,서울특별시 도봉구청,2017-05-17
02-14-07,1,서울특별시 도봉구 쌍문제2동 75-37,서울특별시 도봉구 쌍문제2동 75-37,127.035818,37.654226,2008-01-01,한전주,02-2091-4083,서울특별시 도봉구청,2017-05-17
02-01-07,1,서울특별시 도봉구 도봉로135길 78,서울특별시 도봉구 쌍문제2동 709-2,127.039213,37.661378,2008-01-01,한전주,02-2091-4083,서울특별시 도봉구청,2017-05-17
02-17-07,1,서울특별시 도봉구 쌍문제2동 79-17,서울특별시 도봉구 쌍문제2동 79-17,127.035463,37.652242,2007-11-21,벽부등,02-2091-4083,서울특별시 도봉구청,2017-05-17
02-12-07,1,서울특별시 도봉구 쌍문제2동 73,서울특별시 도봉구 쌍문제2동 73,127.034572,37.654974,2006-06-13,한전주,02-2091-4083,서울특별시 도봉구청,2017-05-17
02-04-07,1,서울특별시 도봉구 쌍문제2동 25-89,서울특별시 도봉구 쌍문제2동 25-89,127.036264,37.659609,2006-06-14,벽부등,02-2091-4083,서울특별시 도봉구청,2017-05-17
02-06-07,1,서울특별시 도봉구 쌍문제2동 25-77,서울특별시 도봉구 쌍문제2동 25-77,127.037515,37.659342,2008-01-01,벽부등,02-2091-4083,서울특별시 도봉구청,2017-05-17
02-05-07,1,서울특별시 도봉구 쌍문제2동 25-19,서울특별시 도봉구 쌍문제2동 25-19,127.037634,37.659572,2008-01-01,벽부등,02-2091-4083,서울특별시 도봉구청,2017-05-17
02-03-07,1,서울특별시 도봉구 쌍문제2동 712-28,서울특별시 도봉구 쌍문제2동 712-28,127.038657,37.659474,2006-04-05,벽부등,02-2091-4083,서울특별시 도봉구청,2017-05-17
02-02-07,1,서울특별시 도봉구 쌍문제2동 711-11,서울특별시 도봉구 쌍문제2동 711-11,127.037997,37.661055,2006-12-14,한전주,02-2091-4083,서울특별시 도봉구청,2017-05-17
02-13-07,1,서울특별시 도봉구 쌍문제2동 75-59,서울특별시 도봉구 쌍문제2동 75-59,127.036909,37.653809,2008-01-01,한전주,02-2091-4083,서울특별시 도봉구청,2017-05-17
02-08-07,1,서울특별시 도봉구 쌍문제2동 715-7,서울특별시 도봉구 쌍문제2동 715-7,127.040438,37.659742,2007-04-30,한전주,02-2091-4083,서울특별시 도봉구청,2017-05-17
02-09-08,1,서울특별시 도봉구 쌍문제2동 597,서울특별시 도봉구 쌍문제2동 597,127.039645,37.657846,2008-01-01,한전주,02-2091-4083,서울특별시 도봉구청,2017-05-17
02-05-08,1,서울특별시 도봉구 방학로5길 74,서울특별시 도봉구 쌍문제2동 36-7,127.037706,37.659466,2007-04-17,한전주,02-2091-4083,서울특별시 도봉구청,2017-05-17
02-17-08,1,서울특별시 도봉구 쌍문제2동 80-33,서울특별시 도봉구 쌍문제2동 80-33,127.035689,37.652302,2008-01-01,한전주,02-2091-4083,서울특별시 도봉구청,2017-05-17
02-16-08,1,서울특별시 도봉구 쌍문제2동 81-155,서울특별시 도봉구 쌍문제2동 81-155,127.034943,37.651804,2007-06-14,한전주,02-2091-4083,서울특별시 도봉구청,2017-05-17
02-20-08,1,서울특별시 도봉구 도봉로129길 32-13,서울특별시 도봉구 쌍문제2동 68-1,127.036706,37.656198,2008-01-01,전용주,02-2091-4083,서울특별시 도봉구청,2017-05-17
02-10-08,1,서울특별시 도봉구 쌍문제2동 23-20,서울특별시 도봉구 쌍문제2동 23-20,127.037354,37.658391,2008-01-01,통신주,02-2091-4083,서울특별시 도봉구청,2017-05-17
02-07-08,1,서울특별시 도봉구 도당로11,서울특별시 도봉구 쌍문제2동 221-14,127.033829,37.6601,2008-01-01,한전주,02-2091-4083,서울특별시 도봉구청,2017-05-17
02-14-08,1,서울특별시 도봉구 도봉로127길 43-3,서울특별시 도봉구 쌍문제2동 75-27,127.035096,37.654126,2008-04-07,한전주,02-2091-4083,서울특별시 도봉구청,2017-05-17
02-06-08,1,서울특별시 도봉구 쌍문제2동 25-78,서울특별시 도봉구 쌍문제2동 25-78,127.037657,37.659275,2008-01-01,벽부등,02-2091-4083,서울특별시 도봉구청,2017-05-17
02-12-08,1,서울특별시 도봉구 노해로57길 85,서울특별시 도봉구 쌍문제2동 153,127.035704,37.654776,2008-01-01,한전주,02-2091-4083,서울특별시 도봉구청,2017-05-17
02-15-08,1,서울특별시 도봉구 쌍문제2동 81-341,서울특별시 도봉구 쌍문제2동 81-341,127.033556,37.652104,2007-11-22,벽부등,02-2091-4083,서울특별시 도봉구청,2017-05-17
02-04-08,1,서울특별시 도봉구 쌍문제2동 25-7,서울특별시 도봉구 쌍문제2동 25-7,127.036141,37.659541,2007-03-17,벽부등,02-2091-4083,서울특별시 도봉구청,2017-05-17
02-02-08,1,서울특별시 도봉구 방학로5길 40,서울특별시 도봉구 쌍문제2동 8-4,127.037785,37.660901,2008-01-01,한전주,02-2091-4083,서울특별시 도봉구청,2017-05-17
03-07-05,1,서울특별시 도봉구 쌍문제3동 315-55,서울특별시 도봉구 쌍문제3동 315-55,127.030209,37.648693,2008-01-01,전용주,02-2091-4083,서울특별시 도봉구청,2017-05-17
03-11-05,1,서울특별시 도봉구 쌍문제3동 332-7,서울특별시 도봉구 쌍문제3동 332-7,127.028685,37.647924,2008-02-21,한전주,02-2091-4083,서울특별시 도봉구청,2017-05-17
03-01-05,2,서울특별시 도봉구 쌍문제3동 88-138,서울특별시 도봉구 쌍문제3동 88-138,127.035119,37.65071,2008-01-01,한전주,02-2091-4083,서울특별시 도봉구청,2017-05-17
03-08-05,1,서울특별시 도봉구 쌍문제3동 120-56,서울특별시 도봉구 쌍문제3동 120-56,127.031519,37.649442,2008-01-01,벽부등,02-2091-4083,서울특별시 도봉구청,2017-05-17
03-09-05,1,서울특별시 도봉구 도봉로113길 47-4,서울특별시 도봉구 쌍문제3동 123-41,127.031433,37.648145,2008-01-01,전용주,02-2091-4083,서울특별시 도봉구청,2017-05-17
03-03-05,1,서울특별시 도봉구 쌍문제3동 138-6,서울특별시 도봉구 쌍문제3동 138-6,127.033003,37.650473,2008-01-01,통신주,02-2091-4083,서울특별시 도봉구청,2017-05-17
03-19-05,1,서울특별시 도봉구 쌍문제3동 88-84,서울특별시 도봉구 쌍문제3동 88-84,127.034088,37.649287,2008-01-01,한전주,02-2091-4083,서울특별시 도봉구청,2017-05-17
03-09-06,1,서울특별시 도봉구 쌍문제3동 123-44,서울특별시 도봉구 쌍문제3동 123-44,127.031219,37.648013,2008-01-01,한전주,02-2091-4083,서울특별시 도봉구청,2017-05-17
03-14-06,1,서울특별시 도봉구 도봉로109길 46,서울특별시 도봉구 쌍문제3동 123-74,127.030809,37.646965,2008-01-01,한전주,02-2091-4083,서울특별시 도봉구청,2017-05-17
03-07-06,1,서울특별시 도봉구 노해로46길 51,서울특별시 도봉구 쌍문제3동 315-186,127.030481,37.648713,2014-12-30,벽부등,02-2091-4083,서울특별시 도봉구청,2017-05-17
03-06-06,1,서울특별시 도봉구 쌍문제3동 315-244,서울특별시 도봉구 쌍문제3동 315-244,127.029497,37.649018,2008-01-01,벽부등,02-2091-4083,서울특별시 도봉구청,2017-05-17
03-19-06,1,서울특별시 도봉구 도봉로115길 12,서울특별시 도봉구 쌍문제3동 88-91,127.033853,37.648722,2015-06-26,독립주,02-2091-4083,서울특별시 도봉구청,2017-05-17
03-01-06,1,서울특별시 도봉구 쌍문제3동 88-140,서울특별시 도봉구 쌍문제3동 88-140,127.034997,37.650825,2008-01-01,한전주,02-2091-4083,서울특별시 도봉구청,2017-05-17
03-13-06,1,서울특별시 도봉구 노해로38길 134,서울특별시 도봉구 쌍문제3동 375-5,127.026548,37.646281,2008-01-01,한전주,02-2091-4083,서울특별시 도봉구청,2017-05-17
03-15-06,1,서울특별시 도봉구 쌍문제3동 103-251,서울특별시 도봉구 쌍문제3동 103-251,127.030229,37.644546,2008-01-01,한전주,02-2091-4083,서울특별시 도봉구청,2017-05-17
03-10-06,2,서울특별시 도봉구 노해로44길46,서울특별시 도봉구 쌍문제3동 315-277,127.029699,37.648235,2013-09-25,한전주,02-2091-4083,서울특별시 도봉구청,2017-05-17
03-04-06,1,서울특별시 도봉구 쌍문제3동 138-54,서울특별시 도봉구 쌍문제3동 138-54,127.031832,37.650599,2007-10-13,한전주,02-2091-4083,서울특별시 도봉구청,2017-05-17
03-18-06,1,서울특별시 도봉구 쌍문제3동 96-46,서울특별시 도봉구 쌍문제3동 96-46,127.032894,37.647299,2008-01-01,한전주,02-2091-4083,서울특별시 도봉구청,2017-05-17
03-05-06,1,서울특별시 도봉구 노해로 184-9,서울특별시 도봉구 쌍문제3동 726,127.028986,37.65056,2006-03-22,한전주,02-2091-4083,서울특별시 도봉구청,2017-05-17
03-16-06,1,서울특별시 도봉구 쌍문제3동 103-191,서울특별시 도봉구 쌍문제3동 103-191,127.03124,37.644509,2008-01-01,벽부등,02-2091-4083,서울특별시 도봉구청,2017-05-17
03-03-06,1,서울특별시 도봉구 쌍문제3동 138-15,서울특별시 도봉구 쌍문제3동 138-15,127.0333,37.650774,2008-01-01,한전주,02-2091-4083,서울특별시 도봉구청,2017-05-17
14-01-06,2,서울특별시 도봉구 도봉로191길63,서울특별시 도봉구 도봉제1동 342-1,127.041938,37.690866,2013-10-07,한전주,02-2091-4083,서울특별시 도봉구청,2017-05-17
14-17-06,1,서울특별시 도봉구 도봉제1동 587-25,서울특별시 도봉구 도봉제1동 587-25,127.041852,37.679467,2006-08-21,한전주,02-2091-4083,서울특별시 도봉구청,2017-05-17
14-03-06,2,서울특별시 도봉구 도봉제1동 도봉산매표소,서울특별시 도봉구 도봉제1동 도봉산매표소,127.036143,37.686435,2012-07-20,한전주,02-2091-4083,서울특별시 도봉구청,2017-05-17
14-19-06,1,서울특별시 도봉구 도봉제1동 536,서울특별시 도봉구 도봉제1동 536,127.020794,37.674351,2008-01-01,한전주,02-2091-4083,서울특별시 도봉구청,2017-05-17
14-02-06,1,서울특별시 도봉구 도봉산4길27-21,서울특별시 도봉구 도봉제1동 286-7,127.040962,37.688488,2012-09-18,한전주,02-2091-4083,서울특별시 도봉구청,2017-05-17
14-06-06,1,서울특별시 도봉구 도봉제1동 560-6,서울특별시 도봉구 도봉제1동 560-6,127.045792,37.685015,2008-01-01,벽부등,02-2091-4083,서울특별시 도봉구청,2017-05-17
14-05-06,1,서울특별시 도봉구 도봉산1길 13-3,서울특별시 도봉구 도봉제1동 559-3,127.045428,37.686702,2008-01-01,한전주,02-2091-4083,서울특별시 도봉구청,2017-05-17
14-20-06,1,서울특별시 도봉구 도봉제1동 산104-1,서울특별시 도봉구 도봉제1동 산104-1,127.042377,37.676076,2008-01-01,전용주,02-2091-4083,서울특별시 도봉구청,2017-05-17
14-22-06,1,서울특별시 도봉구 도봉제1동 606-14,서울특별시 도봉구 도봉제1동 606-14,127.04073,37.672809,2008-01-01,한전주,02-2091-4083,서울특별시 도봉구청,2017-05-17
14-04-06,1,서울특별시 도봉구 도봉제1동 574-21,서울특별시 도봉구 도봉제1동 574-21,127.04246,37.685519,2008-03-26,한전주,02-2091-4083,서울특별시 도봉구청,2017-05-17
14-23-06,1,서울특별시 도봉구 도봉로157길 23,서울특별시 도봉구 도봉제1동 605-21,127.042798,37.673483,2006-04-08,한전주,02-2091-4083,서울특별시 도봉구청,2017-05-17
14-11-06,2,서울특별시 도봉구 도봉로177길 27-23,서울특별시 도봉구 도봉제1동 580-17,127.043812,37.682716,2008-01-01,한전주,02-2091-4083,서울특별시 도봉구청,2017-05-17
14-27-06,1,서울특별시 도봉구 도봉로155길 9,서울특별시 도봉구 도봉제1동 617,127.043379,37.672846,2006-07-25,한전주,02-2091-4083,서울특별시 도봉구청,2017-05-17
14-20-17,1,서울특별시 도봉구 도봉제1동 597-13,서울특별시 도봉구 도봉제1동 597-13,127.043167,37.677989,2008-01-01,벽부등,02-2091-4083,서울특별시 도봉구청,2017-05-17
14-02-17,1,서울특별시 도봉구 도봉제1동 499,서울특별시 도봉구 도봉제1동 499,127.035999,37.686178,2006-12-08,한전주,02-2091-4083,서울특별시 도봉구청,2017-05-17
14-17-17,1,서울특별시 도봉구 도봉로171길 30-5,서울특별시 도봉구 도봉제1동 588,127.041678,37.679596,2007-11-12,한전주,02-2091-4083,서울특별시 도봉구청,2017-05-17
14-21-17,1,서울특별시 도봉구 도봉로163길 8-10,서울특별시 도봉구 도봉제1동 600-22,127.044061,37.676486,2008-01-01,벽부등,02-2091-4083,서울특별시 도봉구청,2017-05-17
14-08-17,1,서울특별시 도봉구 도봉제1동 566-23,서울특별시 도봉구 도봉제1동 566-23,127.044574,37.683581,2008-01-01,한전주,02-2091-4083,서울특별시 도봉구청,2017-05-17
14-16-17,1,서울특별시 도봉구 도봉로173길 40-8,서울특별시 도봉구 도봉제1동 586-16,127.041513,37.679856,2007-08-18,한전주,02-2091-4083,서울특별시 도봉구청,2017-05-17
14-11-17,1,서울특별시 도봉구 도봉로181길 38,서울특별시 도봉구 도봉제1동 563-8,127.045039,37.681828,2008-01-01,한전주,02-2091-4083,서울특별시 도봉구청,2017-05-17
14-10-17,1,서울특별시 도봉구 도봉로169가길 65,서울특별시 도봉구 도봉제1동 579-2,127.043351,37.682775,2008-01-01,한전주,02-2091-4083,서울특별시 도봉구청,2017-05-17
14-01-17,1,서울특별시 도봉구 도봉로191길 88-13,서울특별시 도봉구 도봉제1동 383,127.040714,37.690281,2008-01-01,전용주,02-2091-4083,서울특별시 도봉구청,2017-05-17
14-18-17,1,서울특별시 도봉구 도봉제1동 425-2,서울특별시 도봉구 도봉제1동 425-2,127.039353,37.679607,2007-08-17,한전주,02-2091-4083,서울특별시 도봉구청,2017-05-17
14-22-17,1,서울특별시 도봉구 도봉로159길 16,서울특별시 도봉구 도봉제1동 602-37,127.043346,37.674459,2008-01-01,한전주,02-2091-4083,서울특별시 도봉구청,2017-05-17
14-28-17,1,서울특별시 도봉구 도봉제1동 610-6,서울특별시 도봉구 도봉제1동 610-6,127.040079,37.670441,2008-01-01,통신주,02-2091-4083,서울특별시 도봉구청,2017-05-17
14-27-17,1,서울특별시 도봉구 도봉제1동 619-42,서울특별시 도봉구 도봉제1동 619-42,127.042846,37.67098,2008-01-01,벽부등,02-2091-4083,서울특별시 도봉구청,2017-05-17
14-23-17,1,서울특별시 도봉구 도봉로159길 19,서울특별시 도봉구 도봉제1동 604-51,127.042938,37.674387,2008-01-01,한전주,02-2091-4083,서울특별시 도봉구청,2017-05-17
14-26-17,1,서울특별시 도봉구 도봉제1동 614-7,서울특별시 도봉구 도봉제1동 614-7,127.041264,37.672235,2008-02-22,벽부등,02-2091-4083,서울특별시 도봉구청,2017-05-17
14-12-17,1,서울특별시 도봉구 도봉제1동 582-5,서울특별시 도봉구 도봉제1동 582-5,127.044644,37.681199,2008-01-01,한전주,02-2091-4083,서울특별시 도봉구청,2017-05-17
14-15-17,2,서울특별시 도봉구 도봉로169길 93,서울특별시 도봉구 도봉제1동 593-2,127.040764,37.678478,2008-01-01,한전주,02-2091-4083,서울특별시 도봉구청,2017-05-17
14-04-17,1,서울특별시 도봉구 해등로32가길 62,서울특별시 도봉구 도봉제1동 556-79,127.04223,37.687063,2008-01-01,한전주,02-2091-4083,서울특별시 도봉구청,2017-05-17
14-05-17,1,서울특별시 도봉구 도봉제1동 557-10,서울특별시 도봉구 도봉제1동 557-10,127.044305,37.686518,2007-08-14,한전주,02-2091-4083,서울특별시 도봉구청,2017-05-17
14-24-17,1,서울특별시 도봉구 도봉로159길 9,서울특별시 도봉구 도봉제1동 603-28,127.043656,37.674375,2008-01-01,한전주,02-2091-4083,서울특별시 도봉구청,2017-05-17
14-07-17,1,서울특별시 도봉구 도봉제1동 568-7,서울특별시 도봉구 도봉제1동 568-7,127.044569,37.684565,2006-10-26,한전주,02-2091-4083,서울특별시 도봉구청,2017-05-17
14-09-17,1,서울특별시 도봉구 도봉제1동 573-11,서울특별시 도봉구 도봉제1동 573-11,127.041135,37.685718,2008-01-01,통신주,02-2091-4083,서울특별시 도봉구청,2017-05-17
14-25-17,1,서울특별시 도봉구 시루봉로23나길 18,서울특별시 도봉구 도봉제1동 445-1,127.040228,37.673307,2007-06-27,한전주,02-2091-4083,서울특별시 도봉구청,2017-05-17
14-17-18,1,서울특별시 도봉구 도봉로173길 44,서울특별시 도봉구 도봉제1동 589-19,127.041255,37.679425,2007-11-12,한전주,02-2091-4083,서울특별시 도봉구청,2017-05-17
14-06-18,1,서울특별시 도봉구 도봉제1동 570-13,서울특별시 도봉구 도봉제1동 570-13,127.045164,37.685664,2008-01-01,한전주,02-2091-4083,서울특별시 도봉구청,2017-05-17
14-27-18,1,서울특별시 도봉구 도봉제1동 619-3,서울특별시 도봉구 도봉제1동 619-3,127.042618,37.670983,2008-01-01,벽부등,02-2091-4083,서울특별시 도봉구청,2017-05-17
14-11-18,1,서울특별시 도봉구 도봉로181가길 49,서울특별시 도봉구 도봉제1동 563-16,127.045107,37.681693,2007-09-04,한전주,02-2091-4083,서울특별시 도봉구청,2017-05-17
14-12-18,1,서울특별시 도봉구 도봉로177길 11-11,서울특별시 도봉구 도봉제1동 582-7,127.044484,37.681387,2006-08-30,한전주,02-2091-4083,서울특별시 도봉구청,2017-05-17
14-08-18,1,서울특별시 도봉구 도봉제1동 565-4,서울특별시 도봉구 도봉제1동 565-4,127.04476,37.683852,2007-06-26,한전주,02-2091-4083,서울특별시 도봉구청,2017-05-17
14-21-18,1,서울특별시 도봉구 도봉로169나길 73,서울특별시 도봉구 도봉제1동 600-38,127.043665,37.676387,2008-01-01,한전주,02-2091-4083,서울특별시 도봉구청,2017-05-17
14-19-18,1,서울특별시 도봉구 도봉제1동 535,서울특별시 도봉구 도봉제1동 535,127.027806,37.677485,2008-01-01,벽부등,02-2091-4083,서울특별시 도봉구청,2017-05-17
14-24-18,1,서울특별시 도봉구 도봉제1동 603-5,서울특별시 도봉구 도봉제1동 603-5,127.0431,37.67439,2006-12-27,통신주,02-2091-4083,서울특별시 도봉구청,2017-05-17
14-16-18,1,서울특별시 도봉구 도봉로175길 71,서울특별시 도봉구 도봉제1동 586,127.04194,37.680589,2008-01-01,전용주,02-2091-4083,서울특별시 도봉구청,2017-05-17
14-20-18,1,서울특별시 도봉구 도봉제1동 597-23,서울특별시 도봉구 도봉제1동 597-23,127.043138,37.677756,2006-10-20,한전주,02-2091-4083,서울특별시 도봉구청,2017-05-17
01-07-19,1,서울특별시 도봉구 쌍문제1동 414-94,서울특별시 도봉구 쌍문제1동 414-94,127.01898,37.649238,2008-01-01,한전주,02-2091-4083,서울특별시 도봉구청,2017-05-17
01-04-19,1,서울특별시 도봉구 쌍문제1동 349-2,서울특별시 도봉구 쌍문제1동 349-2,127.025682,37.648824,2007-10-13,벽부등,02-2091-4083,서울특별시 도봉구청,2017-05-17
01-24-20,1,서울특별시 도봉구 삼양로 598,서울특별시 도봉구 쌍문제1동 507-61,127.014315,37.65658,2015-12-21,전용주,02-2091-4083,서울특별시 도봉구청,2017-05-17
01-01-20,1,서울특별시 도봉구 쌍문제1동 309-40,서울특별시 도봉구 쌍문제1동 309-40,127.026152,37.650079,2008-01-01,한전주,02-2091-4083,서울특별시 도봉구청,2017-05-17
01-23-20,1,서울특별시 도봉구 우이천로50길34-5,서울특별시 도봉구 쌍문제1동 524-49,127.017469,37.656675,2014-03-18,벽부등,02-2091-4083,서울특별시 도봉구청,2017-05-17
01-21-20,1,서울특별시 도봉구 쌍문제1동 485-16,서울특별시 도봉구 쌍문제1동 485-16,127.016869,37.655635,2007-10-31,전용주,02-2091-4083,서울특별시 도봉구청,2017-05-17
01-09-20,1,서울특별시 도봉구 우이천로34길 61,서울특별시 도봉구 쌍문제1동 286-21,127.024272,37.651219,2007-09-22,한전주,02-2091-4083,서울특별시 도봉구청,2017-05-17
01-25-20,1,서울특별시 도봉구 쌍문제1동 518-12,서울특별시 도봉구 쌍문제1동 518-12,127.014867,37.658955,2008-01-01,한전주,02-2091-4083,서울특별시 도봉구청,2017-05-17
01-20-20,1,서울특별시 도봉구 우이천로 470,서울특별시 도봉구 쌍문제1동 494-6,127.016216,37.654797,2008-01-01,한전주,02-2091-4083,서울특별시 도봉구청,2017-05-17
01-07-20,1,서울특별시 도봉구 쌍문제1동 414-223,서울특별시 도봉구 쌍문제1동 414-223,127.019439,37.649447,2008-01-01,전용주,02-2091-4083,서울특별시 도봉구청,2017-05-17
01-16-20,1,서울특별시 도봉구 우이천로39길 80,서울특별시 도봉구 쌍문제1동 420-67,127.016679,37.648986,2008-01-01,한전주,02-2091-4083,서울특별시 도봉구청,2017-05-17
01-04-20,1,서울특별시 도봉구 쌍문제1동 363-9,서울특별시 도봉구 쌍문제1동 363-9,127.025345,37.64898,2007-09-17,벽부등,02-2091-4083,서울특별시 도봉구청,2017-05-17
01-11-20,1,서울특별시 도봉구 쌍문제1동 460-286,서울특별시 도봉구 쌍문제1동 460-286,127.023836,37.653856,2008-01-01,벽부등,02-2091-4083,서울특별시 도봉구청,2017-05-17
01-14-20,1,서울특별시 도봉구 시루봉로1길 120-8,서울특별시 도봉구 쌍문제1동 460-257,127.022471,37.654066,2008-01-01,벽부등,02-2091-4083,서울특별시 도봉구청,2017-05-17
01-03-20,1,서울특별시 도봉구 쌍문제1동 273-9,서울특별시 도봉구 쌍문제1동 273-9,127.026348,37.651862,2008-01-01,벽부등,02-2091-4083,서울특별시 도봉구청,2017-05-17
01-15-20,2,서울특별시 도봉구 우이천로 446,서울특별시 도봉구 쌍문제1동 474-2,127.017417,37.653157,2008-01-01,한전주,02-2091-4083,서울특별시 도봉구청,2017-05-17
01-19-20,1,서울특별시 도봉구 쌍문제1동 497-14,서울특별시 도봉구 쌍문제1동 497-14,127.014853,37.654622,2008-01-01,한전주,02-2091-4083,서울특별시 도봉구청,2017-05-17
01-18-20,1,서울특별시 도봉구 쌍문제1동 728,서울특별시 도봉구 쌍문제1동 728,127.014302,37.654054,2008-01-01,전용주,02-2091-4083,서울특별시 도봉구청,2017-05-17
01-12-20,1,서울특별시 도봉구 우이천로38길 67,서울특별시 도봉구 쌍문제1동 460-16,127.022995,37.652238,2008-01-01,한전주,02-2091-4083,서울특별시 도봉구청,2017-05-17
01-05-20,1,서울특별시 도봉구 우이천로34길 24,서울특별시 도봉구 쌍문제1동 294-38,127.02381,37.649806,2008-01-01,한전주,02-2091-4083,서울특별시 도봉구청,2017-05-17
01-17-20,1,서울특별시 도봉구 쌍문제1동 423-4,서울특별시 도봉구 쌍문제1동 423-4,127.013636,37.651939,2007-02-22,한전주,02-2091-4083,서울특별시 도봉구청,2017-05-17
01-14-21,1,서울특별시 도봉구 쌍문제1동 460-246,서울특별시 도봉구 쌍문제1동 460-246,127.02229,37.654084,2008-01-01,벽부등,02-2091-4083,서울특별시 도봉구청,2017-05-17
01-23-21,1,서울특별시 도봉구 해등로 351,서울특별시 도봉구 쌍문제1동 523-14,127.01752,37.656941,2008-01-01,한전주,02-2091-4083,서울특별시 도봉구청,2017-05-17
01-08-21,1,서울특별시 도봉구 쌍문제1동 447-1,서울특별시 도봉구 쌍문제1동 447-1,127.022193,37.650087,2008-01-01,전용주,02-2091-4083,서울특별시 도봉구청,2017-05-17
01-07-21,1,서울특별시 도봉구 쌍문제1동 414-87,서울특별시 도봉구 쌍문제1동 414-87,127.019242,37.649447,2008-01-01,한전주,02-2091-4083,서울특별시 도봉구청,2017-05-17
01-24-21,1,서울특별시 도봉구 삼양로 598,서울특별시 도봉구 쌍문제1동 507-61,127.014296,37.656479,2015-12-21,전용주,02-2091-4083,서울특별시 도봉구청,2017-05-17
01-19-21,1,서울특별시 도봉구 우이천로45길 18,서울특별시 도봉구 쌍문제1동 497-15,127.014856,37.654401,2008-01-01,벽부등,02-2091-4083,서울특별시 도봉구청,2017-05-17
01-25-21,1,서울특별시 도봉구 삼양로162가길 12,서울특별시 도봉구 쌍문제1동 518-11,127.014812,37.658635,2008-01-01,한전주,02-2091-4083,서울특별시 도봉구청,2017-05-17
01-12-21,1,서울특별시 도봉구 쌍문제1동 460-65,서울특별시 도봉구 쌍문제1동 460-65,127.023304,37.652256,2006-05-09,벽부등,02-2091-4083,서울특별시 도봉구청,2017-05-17
01-09-21,1,서울특별시 도봉구 쌍문제1동 286,서울특별시 도봉구 쌍문제1동 286,127.024536,37.65113,2007-09-22,한전주,02-2091-4083,서울특별시 도봉구청,2017-05-17
01-16-21,1,서울특별시 도봉구 쌍문제1동 420-9,서울특별시 도봉구 쌍문제1동 420-9,127.017167,37.648868,2008-01-01,한전주,02-2091-4083,서울특별시 도봉구청,2017-05-17
01-18-21,1,서울특별시 도봉구 쌍문제1동 728-1,서울특별시 도봉구 쌍문제1동 728-1,127.014299,37.653902,2008-01-01,벽부등,02-2091-4083,서울특별시 도봉구청,2017-05-17
01-17-21,1,서울특별시 도봉구 쌍문제1동 425-8,서울특별시 도봉구 쌍문제1동 425-8,127.0136,37.65216,2007-05-08,한전주,02-2091-4083,서울특별시 도봉구청,2017-05-17
01-11-21,1,서울특별시 도봉구 쌍문제1동 460-278,서울특별시 도봉구 쌍문제1동 460-278,127.023686,37.654081,2008-01-01,한전주,02-2091-4083,서울특별시 도봉구청,2017-05-17
02-08-08,1,서울특별시 도봉구 도봉로137길 13-1,서울특별시 도봉구 쌍문제2동 716-2,127.040198,37.659549,2008-01-01,벽부등,02-2091-4083,서울특별시 도봉구청,2017-05-17
02-01-08,1,서울특별시 도봉구 도봉로135길 78,서울특별시 도봉구 쌍문제2동 709-5,127.039207,37.661092,2007-04-25,한전주,02-2091-4083,서울특별시 도봉구청,2017-05-17
02-11-09,1,서울특별시 도봉구 도봉로129길20,서울특별시 도봉구 쌍문제2동 668-18,127.037261,37.655468,2014-03-06,벽부등,02-2091-4083,서울특별시 도봉구청,2017-05-17
02-04-09,1,서울특별시 도봉구 쌍문제2동 26-101,서울특별시 도봉구 쌍문제2동 26-101,127.036408,37.659937,2008-01-01,한전주,02-2091-4083,서울특별시 도봉구청,2017-05-17
02-20-09,1,서울특별시 도봉구 쌍문제2동 665,서울특별시 도봉구 쌍문제2동 665,127.037255,37.656261,2006-11-17,한전주,02-2091-4083,서울특별시 도봉구청,2017-05-17
02-12-09,2,서울특별시 도봉구 도봉로129길 45-12,서울특별시 도봉구 쌍문제2동 153,127.034676,37.654496,2008-01-01,한전주,02-2091-4083,서울특별시 도봉구청,2017-05-17
02-14-09,1,서울특별시 도봉구 쌍문제2동 81-9,서울특별시 도봉구 쌍문제2동 81-9,127.034987,37.653942,2008-04-07,한전주,02-2091-4083,서울특별시 도봉구청,2017-05-17
02-15-09,1,서울특별시 도봉구 쌍문제2동 81-119,서울특별시 도봉구 쌍문제2동 81-119,127.033408,37.65214,2008-01-01,한전주,02-2091-4083,서울특별시 도봉구청,2017-05-17
02-06-09,1,서울특별시 도봉구 쌍문제2동 36-21,서울특별시 도봉구 쌍문제2동 36-21,127.037681,37.659004,2007-09-05,한전주,02-2091-4083,서울특별시 도봉구청,2017-05-17
02-05-09,1,서울특별시 도봉구 도당로2길 41,서울특별시 도봉구 쌍문제2동 25-86,127.037457,37.659499,2007-03-17,한전주,02-2091-4083,서울특별시 도봉구청,2017-05-17
02-17-09,1,서울특별시 도봉구 쌍문제2동 80-27,서울특별시 도봉구 쌍문제2동 80-27,127.035954,37.652407,2008-01-01,한전주,02-2091-4083,서울특별시 도봉구청,2017-05-17
02-10-09,1,서울특별시 도봉구 쌍문제2동 23-33,서울특별시 도봉구 쌍문제2동 23-33,127.037458,37.658511,2007-11-26,벽부등,02-2091-4083,서울특별시 도봉구청,2017-05-17
02-09-09,1,서울특별시 도봉구 쌍문제2동 589,서울특별시 도봉구 쌍문제2동 589,127.039456,37.658055,2008-01-01,한전주,02-2091-4083,서울특별시 도봉구청,2017-05-17
02-13-09,2,서울특별시 도봉구 쌍문제2동 75-58,서울특별시 도봉구 쌍문제2동 75-58,127.036638,37.653382,2008-01-01,한전주,02-2091-4083,서울특별시 도봉구청,2017-05-17
02-02-09,1,서울특별시 도봉구 쌍문제2동 711-13,서울특별시 도봉구 쌍문제2동 711-13,127.03807,37.660849,2008-01-01,벽부등,02-2091-4083,서울특별시 도봉구청,2017-05-17
02-08-09,1,서울특별시 도봉구 쌍문제2동 713-31,서울특별시 도봉구 쌍문제2동 713-31,127.039851,37.659831,2008-01-01,한전주,02-2091-4083,서울특별시 도봉구청,2017-05-17
02-01-09,1,서울특별시 도봉구 쌍문제2동 709-8,서울특별시 도봉구 쌍문제2동 709-8,127.039142,37.660998,2008-01-01,벽부등,02-2091-4083,서울특별시 도봉구청,2017-05-17
02-16-09,1,서울특별시 도봉구 쌍문제2동 85-5,서울특별시 도봉구 쌍문제2동 85-5,127.035028,37.651481,2007-06-13,벽부등,02-2091-4083,서울특별시 도봉구청,2017-05-17
02-16-10,1,서울특별시 도봉구 노해로239,서울특별시 도봉구 쌍문제2동 85-35,127.03463,37.651432,2013-10-23,벽부등,02-2091-4083,서울특별시 도봉구청,2017-05-17
02-03-10,2,서울특별시 도봉구 도봉로139길 55-23,서울특별시 도봉구 쌍문제2동 712-24,127.038476,37.659783,2008-01-01,한전주,02-2091-4083,서울특별시 도봉구청,2017-05-17
02-01-10,1,서울특별시 도봉구 도봉로139길 44,서울특별시 도봉구 쌍문제2동 709-11,127.039337,37.660729,2006-12-05,한전주,02-2091-4083,서울특별시 도봉구청,2017-05-17
02-06-10,1,서울특별시 도봉구 쌍문제2동 37-1,서울특별시 도봉구 쌍문제2동 37-1,127.037663,37.65888,2008-01-01,벽부등,02-2091-4083,서울특별시 도봉구청,2017-05-17
02-17-10,1,서울특별시 도봉구 쌍문제2동 80-29,서울특별시 도봉구 쌍문제2동 80-29,127.035943,37.652769,2008-01-01,벽부등,02-2091-4083,서울특별시 도봉구청,2017-05-17
02-15-10,2,서울특별시 도봉구 쌍문제2동 81-294,서울특별시 도봉구 쌍문제2동 81-294,127.033556,37.652426,2008-01-01,한전주,02-2091-4083,서울특별시 도봉구청,2017-05-17
02-05-10,1,서울특별시 도봉구 쌍문제2동 25-16,서울특별시 도봉구 쌍문제2동 25-16,127.037371,37.659834,2006-10-19,벽부등,02-2091-4083,서울특별시 도봉구청,2017-05-17
02-11-10,1,서울특별시 도봉구 해등로17길 42,서울특별시 도봉구 쌍문제2동 671,127.037636,37.655232,2006-01-05,한전주,02-2091-4083,서울특별시 도봉구청,2017-05-17
02-20-10,1,서울특별시 도봉구 쌍문제2동 69-23,서울특별시 도봉구 쌍문제2동 69-23,127.037009,37.655992,2006-11-17,한전주,02-2091-4083,서울특별시 도봉구청,2017-05-17
02-14-10,1,서울특별시 도봉구 쌍문제2동 81-185,서울특별시 도봉구 쌍문제2동 81-185,127.034802,37.653515,2008-01-01,벽부등,02-2091-4083,서울특별시 도봉구청,2017-05-17
02-10-10,1,서울특별시 도봉구 도봉로133길 50,서울특별시 도봉구 쌍문제2동 21-5,127.036416,37.658369,2006-06-05,한전주,02-2091-4083,서울특별시 도봉구청,2017-05-17
02-13-10,1,서울특별시 도봉구 쌍문제2동 81-206,서울특별시 도봉구 쌍문제2동 81-206,127.036496,37.653149,2008-01-01,한전주,02-2091-4083,서울특별시 도봉구청,2017-05-17
02-09-10,2,서울특별시 도봉구 쌍등,서울특별시 도봉구 쌍문제2동 554-11,127.039699,37.658576,2008-01-22,한전주,02-2091-4083,서울특별시 도봉구청,2017-05-17
02-02-10,1,서울특별시 도봉구 방학로5길 47,서울특별시 도봉구 쌍문제2동 711-23,127.037932,37.660585,2006-12-06,한전주,02-2091-4083,서울특별시 도봉구청,2017-05-17
02-08-10,1,서울특별시 도봉구 쌍문제2동 716-4,서울특별시 도봉구 쌍문제2동 716-4,127.039897,37.659628,2008-01-01,한전주,02-2091-4083,서울특별시 도봉구청,2017-05-17
02-06-11,1,서울특별시 도봉구 방학로3가길 22,서울특별시 도봉구 쌍문제2동 36-23,127.037636,37.658748,2006-07-11,한전주,02-2091-4083,서울특별시 도봉구청,2017-05-17
14-07-06,1,서울특별시 도봉구 도봉제1동 562-30,서울특별시 도봉구 도봉제1동 562-30,127.045173,37.683212,2007-08-24,한전주,02-2091-4083,서울특별시 도봉구청,2017-05-17
14-25-06,1,서울특별시 도봉구 도봉제1동 607-16,서울특별시 도봉구 도봉제1동 607-16,127.039372,37.672324,2008-01-01,통신주,02-2091-4083,서울특별시 도봉구청,2017-05-17
14-24-06,1,서울특별시 도봉구 도봉로157길 19,서울특별시 도봉구 도봉제1동 616,127.04296,37.673513,2006-08-31,한전주,02-2091-4083,서울특별시 도봉구청,2017-05-17
14-15-06,1,서울특별시 도봉구 도봉제1동 산98-1,서울특별시 도봉구 도봉제1동 산98-1,127.04149,37.677598,2006-12-13,한전주,02-2091-4083,서울특별시 도봉구청,2017-05-17
14-16-06,1,서울특별시 도봉구 도봉로173길7,서울특별시 도봉구 도봉제1동 584-19,127.043111,37.68045,2013-08-02,벽부등,02-2091-4083,서울특별시 도봉구청,2017-05-17
14-28-06,1,서울특별시 도봉구 시루봉로 292-7,서울특별시 도봉구 도봉제1동 612-36,127.041508,37.670909,2006-06-16,벽부등,02-2091-4083,서울특별시 도봉구청,2017-05-17
14-08-06,1,서울특별시 도봉구 도봉제1동 567-4,서울특별시 도봉구 도봉제1동 567-4,127.043634,37.683914,2008-01-01,한전주,02-2091-4083,서울특별시 도봉구청,2017-05-17
14-09-06,1,서울특별시 도봉구 도봉제1동 576-40,서울특별시 도봉구 도봉제1동 576-40,127.042244,37.684198,2008-01-01,한전주,02-2091-4083,서울특별시 도봉구청,2017-05-17
14-21-06,1,서울특별시 도봉구 도봉제1동 601-29,서울특별시 도봉구 도봉제1동 601-29,127.043888,37.675222,2008-01-01,벽부등,02-2091-4083,서울특별시 도봉구청,2017-05-17
14-26-06,1,서울특별시 도봉구 도봉제1동 613-20,서울특별시 도봉구 도봉제1동 613-20,127.041791,37.671623,2007-12-29,벽부등,02-2091-4083,서울특별시 도봉구청,2017-05-17
14-12-06,1,서울특별시 도봉구 도봉제1동 583-22,서울특별시 도봉구 도봉제1동 583-22,127.04353,37.680902,2007-07-26,한전주,02-2091-4083,서울특별시 도봉구청,2017-05-17
14-21-07,1,서울특별시 도봉구 도봉로169나길 81,서울특별시 도봉구 도봉제1동 601,127.043653,37.676107,2006-10-13,한전주,02-2091-4083,서울특별시 도봉구청,2017-05-17
14-27-07,1,서울특별시 도봉구 도봉제1동 617-13,서울특별시 도봉구 도봉제1동 617-13,127.043458,37.672537,2008-02-16,벽부등,02-2091-4083,서울특별시 도봉구청,2017-05-17
14-28-07,1,서울특별시 도봉구 도당로19가길 35,서울특별시 도봉구 도봉제1동 612-34,127.041633,37.670631,2008-01-01,한전주,02-2091-4083,서울특별시 도봉구청,2017-05-17
14-24-07,1,서울특별시 도봉구 도봉제1동 616-6,서울특별시 도봉구 도봉제1동 616-6,127.042999,37.673174,2006-08-32,벽부등,02-2091-4083,서울특별시 도봉구청,2017-05-17
14-11-07,1,서울특별시 도봉구 도봉제1동 580-15,서울특별시 도봉구 도봉제1동 580-15,127.043819,37.68248,2008-01-01,벽부등,02-2091-4083,서울특별시 도봉구청,2017-05-17
14-10-07,1,서울특별시 도봉구 도봉제1동 198-1,서울특별시 도봉구 도봉제1동 198-1,127.042662,37.682835,2008-01-01,벽부등,02-2091-4083,서울특별시 도봉구청,2017-05-17
14-08-07,1,서울특별시 도봉구 도봉제1동 567-2,서울특별시 도봉구 도봉제1동 567-2,127.043691,37.684283,2008-01-01,한전주,02-2091-4083,서울특별시 도봉구청,2017-05-17
14-04-07,2,서울특별시 도봉구 도봉산3길46,서울특별시 도봉구 도봉제1동 574-15,127.043511,37.685451,2013-11-05,한전주,02-2091-4083,서울특별시 도봉구청,2017-05-17
14-22-07,1,서울특별시 도봉구 도봉제1동 606-15,서울특별시 도봉구 도봉제1동 606-15,127.040983,37.673041,2008-01-01,한전주,02-2091-4083,서울특별시 도봉구청,2017-05-17
14-19-07,1,서울특별시 도봉구 도봉제1동 536,서울특별시 도봉구 도봉제1동 536,127.021738,37.674732,2008-01-01,한전주,02-2091-4083,서울특별시 도봉구청,2017-05-17
14-01-07,1,서울특별시 도봉구 도봉제1동 352-18,서울특별시 도봉구 도봉제1동 352-18,127.042154,37.690882,2008-01-01,한전주,02-2091-4083,서울특별시 도봉구청,2017-05-17
14-18-07,1,서울특별시 도봉구 도봉제1동 589-2,서울특별시 도봉구 도봉제1동 589-2,127.040651,37.679223,2008-01-01,한전주,02-2091-4083,서울특별시 도봉구청,2017-05-17
14-26-07,1,서울특별시 도봉구 시루봉로27가길 9,서울특별시 도봉구 도봉제1동 613-19,127.041973,37.671846,2008-01-01,한전주,02-2091-4083,서울특별시 도봉구청,2017-05-17
14-06-07,1,서울특별시 도봉구 도봉산1길 49,서울특별시 도봉구 도봉제1동 560-15,127.045234,37.685099,2008-01-01,한전주,02-2091-4083,서울특별시 도봉구청,2017-05-17
14-03-07,1,서울특별시 도봉구 도봉제1동 산86,서울특별시 도봉구 도봉제1동 산86,127.033023,37.687746,2013-01-09,전용주,02-2091-4083,서울특별시 도봉구청,2017-05-17
14-25-07,1,서울특별시 도봉구 도봉제1동 454-13,서울특별시 도봉구 도봉제1동 454-13,127.039524,37.672508,2007-09-21,한전주,02-2091-4083,서울특별시 도봉구청,2017-05-17
14-15-07,1,서울특별시 도봉구 도봉제1동 산98-17,서울특별시 도봉구 도봉제1동 산98-17,127.041101,37.677423,2006-12-13,한전주,02-2091-4083,서울특별시 도봉구청,2017-05-17
14-20-07,1,서울특별시 도봉구 도봉제1동 산104-1,서울특별시 도봉구 도봉제1동 산104-1,127.042381,37.676365,2008-01-01,전용주,02-2091-4083,서울특별시 도봉구청,2017-05-17
14-23-07,1,서울특별시 도봉구 도봉로157길 27,서울특별시 도봉구 도봉제1동 605-20,127.042529,37.673522,2008-01-01,한전주,02-2091-4083,서울특별시 도봉구청,2017-05-17
14-16-07,1,서울특별시 도봉구 도봉로173길 20,서울특별시 도봉구 도봉제1동 585-4,127.042476,37.680249,2008-01-01,한전주,02-2091-4083,서울특별시 도봉구청,2017-05-17
14-12-07,1,서울특별시 도봉구 도봉제1동 583-20,서울특별시 도봉구 도봉제1동 583-20,127.043505,37.681239,2007-07-26,한전주,02-2091-4083,서울특별시 도봉구청,2017-05-17
14-07-07,1,서울특별시 도봉구 도봉로 875-9,서울특별시 도봉구 도봉제1동 562-29,127.045471,37.683062,2007-01-11,벽부등,02-2091-4083,서울특별시 도봉구청,2017-05-17
14-09-07,1,서울특별시 도봉구 도봉로177길 94-3,서울특별시 도봉구 도봉제1동 576-8,127.042513,37.684307,2008-01-01,한전주,02-2091-4083,서울특별시 도봉구청,2017-05-17
14-25-18,1,서울특별시 도봉구 도봉제1동 445,서울특별시 도봉구 도봉제1동 445,127.040118,37.673696,2007-06-27,한전주,02-2091-4083,서울특별시 도봉구청,2017-05-17
14-04-18,1,서울특별시 도봉구 도봉제1동 556-84,서울특별시 도봉구 도봉제1동 556-84,127.042271,37.686717,2008-01-01,한전주,02-2091-4083,서울특별시 도봉구청,2017-05-17
14-01-18,1,서울특별시 도봉구 도봉제1동 383,서울특별시 도봉구 도봉제1동 383,127.040351,37.69002,2008-01-01,한전주,02-2091-4083,서울특별시 도봉구청,2017-05-17
14-28-18,1,서울특별시 도봉구 도당로19가길 10,서울특별시 도봉구 도봉제1동 610-24,127.040271,37.670472,2008-01-01,한전주,02-2091-4083,서울특별시 도봉구청,2017-05-17
14-23-18,1,서울특별시 도봉구 시루봉로27길 63,서울특별시 도봉구 도봉제1동 604-49,127.042907,37.674114,2008-01-01,한전주,02-2091-4083,서울특별시 도봉구청,2017-05-17
14-09-18,2,서울특별시 도봉구 도봉로181길 79,서울특별시 도봉구 도봉제1동 573-19,127.041874,37.685372,2008-01-01,한전주,02-2091-4083,서울특별시 도봉구청,2017-05-17
14-10-18,1,서울특별시 도봉구 도봉제1동 579-2,서울특별시 도봉구 도봉제1동 579-2,127.043155,37.682771,2008-01-01,벽부등,02-2091-4083,서울특별시 도봉구청,2017-05-17
14-17-19,1,서울특별시 도봉구 도봉로173길72,서울특별시 도봉구 도봉제1동 427-146,127.040041,37.679111,2012-06-04,벽부등,02-2091-4083,서울특별시 도봉구청,2017-05-17
14-06-19,1,서울특별시 도봉구 도봉로187길 17,서울특별시 도봉구 도봉제1동 570-12,127.044792,37.685846,2006-10-10,한전주,02-2091-4083,서울특별시 도봉구청,2017-05-17
14-27-19,1,서울특별시 도봉구 도봉제1동 611-25,서울특별시 도봉구 도봉제1동 611-25,127.042045,37.669981,2008-01-01,한전주,02-2091-4083,서울특별시 도봉구청,2017-05-17
14-04-19,1,서울특별시 도봉구 도봉로187길 63,서울특별시 도봉구 도봉제1동 556-81,127.042321,37.686379,2008-01-01,한전주,02-2091-4083,서울특별시 도봉구청,2017-05-17
14-20-19,2,서울특별시 도봉구 도봉로169다길 21,서울특별시 도봉구 도봉제1동 598-19,127.042951,37.677225,2006-04-08,한전주,02-2091-4083,서울특별시 도봉구청,2017-05-17
14-19-19,1,서울특별시 도봉구 도봉제1동 535,서울특별시 도봉구 도봉제1동 535,127.027959,37.677453,2008-01-01,한전주,02-2091-4083,서울특별시 도봉구청,2017-05-17
14-12-19,1,서울특별시 도봉구 도봉로177가길 9-3,서울특별시 도봉구 도봉제1동 582-1,127.044131,37.681319,2008-01-01,한전주,02-2091-4083,서울특별시 도봉구청,2017-05-17
14-11-19,2,서울특별시 도봉구 도봉제1동 563-5,서울특별시 도봉구 도봉제1동 563-5,127.045074,37.682102,2007-09-04,한전주,02-2091-4083,서울특별시 도봉구청,2017-05-17
14-10-19,1,서울특별시 도봉구 도봉로175길 25,서울특별시 도봉구 도봉제1동 578-1,127.042319,37.682568,2007-04-05,한전주,02-2091-4083,서울특별시 도봉구청,2017-05-17
14-02-19,1,서울특별시 도봉구 도봉제1동 411-1,서울특별시 도봉구 도봉제1동 411-1,127.036365,37.686085,2008-01-01,벽부등,02-2091-4083,서울특별시 도봉구청,2017-05-17
14-07-19,1,서울특별시 도봉구 도봉로183길 26,서울특별시 도봉구 도봉제1동 568-4,127.044338,37.68482,2006-12-15,한전주,02-2091-4083,서울특별시 도봉구청,2017-05-17
14-21-19,1,서울특별시 도봉구 도봉제1동 596-16,서울특별시 도봉구 도봉제1동 596-16,127.044596,37.677572,2008-01-01,벽부등,02-2091-4083,서울특별시 도봉구청,2017-05-17
14-26-19,1,서울특별시 도봉구 시루봉로295-4,서울특별시 도봉구 도봉제1동 613-39,127.041927,37.671369,2014-06-05,한전주,02-2091-4083,서울특별시 도봉구청,2017-05-17
14-15-19,1,서울특별시 도봉구 도봉제1동 593-24,서울특별시 도봉구 도봉제1동 593-24,127.041447,37.67843,2008-02-16,벽부등,02-2091-4083,서울특별시 도봉구청,2017-05-17
14-24-19,1,서울특별시 도봉구 도봉제1동 603-4,서울특별시 도봉구 도봉제1동 603-4,127.043232,37.674192,2008-03-31,벽부등,02-2091-4083,서울특별시 도봉구청,2017-05-17
14-18-19,1,서울특별시 도봉구 도봉제1동 425-2,서울특별시 도봉구 도봉제1동 425-2,127.038783,37.679835,2008-01-01,한전주,02-2091-4083,서울특별시 도봉구청,2017-05-17
14-22-19,1,서울특별시 도봉구 도봉로159길 26,서울특별시 도봉구 도봉제1동 602-23,127.042822,37.67447,2008-01-01,한전주,02-2091-4083,서울특별시 도봉구청,2017-05-17
14-09-19,1,서울특별시 도봉구 도봉제1동 573-22,서울특별시 도봉구 도봉제1동 573-22,127.041956,37.685188,2007-08-06,한전주,02-2091-4083,서울특별시 도봉구청,2017-05-17
14-28-19,1,서울특별시 도봉구 도봉제1동 610-29,서울특별시 도봉구 도봉제1동 610-29,127.040431,37.67018,2008-01-01,통신주,02-2091-4083,서울특별시 도봉구청,2017-05-17
14-25-19,1,서울특별시 도봉구 도봉제1동 산96-4,서울특별시 도봉구 도봉제1동 산96-4,127.039686,37.674051,2008-01-01,전용주,02-2091-4083,서울특별시 도봉구청,2017-05-17
14-01-19,1,서울특별시 도봉구 도봉제1동 383,서울특별시 도봉구 도봉제1동 383,127.040101,37.690053,2008-01-01,한전주,02-2091-4083,서울특별시 도봉구청,2017-05-17
14-23-19,1,서울특별시 도봉구 시루봉로27길 57,서울특별시 도봉구 도봉제1동 604-46,127.042866,37.673834,2006-04-08,한전주,02-2091-4083,서울특별시 도봉구청,2017-05-17
14-05-19,1,서울특별시 도봉구 도봉제1동 557-5,서울특별시 도봉구 도봉제1동 557-5,127.044554,37.686529,2008-01-01,한전주,02-2091-4083,서울특별시 도봉구청,2017-05-17
14-15-20,2,서울특별시 도봉구 도봉로169길 81,서울특별시 도봉구 도봉제1동 593-35,127.041625,37.678694,2008-01-01,한전주,02-2091-4083,서울특별시 도봉구청,2017-05-17
14-07-20,1,서울특별시 도봉구 도봉로183길 33,서울특별시 도봉구 도봉제1동 568-1,127.044048,37.684822,2008-01-01,한전주,02-2091-4083,서울특별시 도봉구청,2017-05-17
14-04-20,1,서울특별시 도봉구 도봉로187길 55,서울특별시 도봉구 도봉제1동 572-14,127.042831,37.685919,2008-01-01,한전주,02-2091-4083,서울특별시 도봉구청,2017-05-17
14-20-20,1,서울특별시 도봉구 도봉로169다길 25,서울특별시 도봉구 도봉제1동 598-22,127.042758,37.67736,2006-04-08,한전주,02-2091-4083,서울특별시 도봉구청,2017-05-17
01-04-21,1,서울특별시 도봉구 쌍문제1동 349-7,서울특별시 도봉구 쌍문제1동 349-7,127.025371,37.648606,2006-05-24,벽부등,02-2091-4083,서울특별시 도봉구청,2017-05-17
01-20-21,1,서울특별시 도봉구 우이천로44길 7-26,서울특별시 도봉구 쌍문제1동 494-7,127.016261,37.65468,2008-01-01,전용주,02-2091-4083,서울특별시 도봉구청,2017-05-17
01-05-21,1,서울특별시 도봉구 우이천로34나길 1-7,서울특별시 도봉구 쌍문제1동 298-4,127.024125,37.649795,2006-06-28,한전주,02-2091-4083,서울특별시 도봉구청,2017-05-17
01-24-22,1,서울특별시 도봉구 삼양로 598,서울특별시 도봉구 쌍문제1동 507-61,127.014234,37.65632,2015-12-21,한전주,02-2091-4083,서울특별시 도봉구청,2017-05-17
01-09-22,1,서울특별시 도봉구 쌍문제1동 286-53,서울특별시 도봉구 쌍문제1동 286-53,127.024499,37.650696,2006-03-09,한전주,02-2091-4083,서울특별시 도봉구청,2017-05-17
01-23-22,1,서울특별시 도봉구 우이천로50길42,서울특별시 도봉구 쌍문제1동 524-25,127.017758,37.656914,2014-07-24,벽부등,02-2091-4083,서울특별시 도봉구청,2017-05-17
01-18-22,1,서울특별시 도봉구 쌍문제1동 729,서울특별시 도봉구 쌍문제1동 729,127.014296,37.653783,2008-01-01,한전주,02-2091-4083,서울특별시 도봉구청,2017-05-17
01-08-22,1,서울특별시 도봉구 쌍문제1동 451-3,서울특별시 도봉구 쌍문제1동 451-3,127.023003,37.650327,2006-09-28,한전주,02-2091-4083,서울특별시 도봉구청,2017-05-17
01-03-22,1,서울특별시 도봉구 쌍문제1동 273-25,서울특별시 도봉구 쌍문제1동 273-25,127.025989,37.651842,2008-01-01,벽부등,02-2091-4083,서울특별시 도봉구청,2017-05-17
01-04-22,1,서울특별시 도봉구 우이천로32길 18,서울특별시 도봉구 쌍문제1동 349-2,127.025473,37.648606,2007-08-11,한전주,02-2091-4083,서울특별시 도봉구청,2017-05-17
01-20-22,1,서울특별시 도봉구 우이천로44길 7-26,서울특별시 도봉구 쌍문제1동 482,127.016318,37.654707,2008-01-01,한전주,02-2091-4083,서울특별시 도봉구청,2017-05-17
01-14-22,1,서울특별시 도봉구 쌍문제1동 460-260,서울특별시 도봉구 쌍문제1동 460-260,127.022335,37.6538,2008-01-01,한전주,02-2091-4083,서울특별시 도봉구청,2017-05-17
01-15-22,1,서울특별시 도봉구 쌍문제1동 478-94,서울특별시 도봉구 쌍문제1동 478-94,127.018117,37.654466,2008-01-01,한전주,02-2091-4083,서울특별시 도봉구청,2017-05-17
01-12-22,1,서울특별시 도봉구 쌍문제1동 460-62,서울특별시 도봉구 쌍문제1동 460-62,127.023188,37.652154,2008-01-01,벽부등,02-2091-4083,서울특별시 도봉구청,2017-05-17
01-19-22,1,서울특별시 도봉구 삼양로 574-41,서울특별시 도봉구 쌍문제1동 498-56,127.014664,37.654356,2008-01-01,벽부등,02-2091-4083,서울특별시 도봉구청,2017-05-17
01-11-22,1,서울특별시 도봉구 쌍문제1동 460-280,서울특별시 도봉구 쌍문제1동 460-280,127.023471,37.653913,2008-01-01,한전주,02-2091-4083,서울특별시 도봉구청,2017-05-17
01-17-22,2,서울특별시 도봉구 쌍문제1동 422-17,서울특별시 도봉구 쌍문제1동 422-17,127.01363,37.65226,2007-01-02,한전주,02-2091-4083,서울특별시 도봉구청,2017-05-17
01-25-22,1,서울특별시 도봉구 삼양로162길 4,서울특별시 도봉구 쌍문제1동 515-2,127.014732,37.658338,2008-01-01,한전주,02-2091-4083,서울특별시 도봉구청,2017-05-17
01-16-22,1,서울특별시 도봉구 쌍문제1동 420-92,서울특별시 도봉구 쌍문제1동 420-92,127.017586,37.648805,2008-01-01,한전주,02-2091-4083,서울특별시 도봉구청,2017-05-17
01-21-22,1,서울특별시 도봉구 쌍문제1동 485-31,서울특별시 도봉구 쌍문제1동 485-31,127.016878,37.655368,2008-01-01,벽부등,02-2091-4083,서울특별시 도봉구청,2017-05-17
01-07-22,1,서울특별시 도봉구 쌍문제1동 414-90,서울특별시 도봉구 쌍문제1동 414-90,127.01904,37.64946,2008-01-01,한전주,02-2091-4083,서울특별시 도봉구청,2017-05-17
01-16-23,1,서울특별시 도봉구 삼양로40길,서울특별시 도봉구 쌍문제1동 422-79,127.014867,37.649698,2008-01-01,전용주,02-2091-4083,서울특별시 도봉구청,2017-05-17
01-17-23,1,서울특별시 도봉구 쌍문제1동 422-43,서울특별시 도봉구 쌍문제1동 422-43,127.013948,37.652302,2007-07-06,한전주,02-2091-4083,서울특별시 도봉구청,2017-05-17
01-11-23,1,서울특별시 도봉구 우이천로38마길 32,서울특별시 도봉구 쌍문제1동 460-275,127.023253,37.65412,2008-01-01,한전주,02-2091-4083,서울특별시 도봉구청,2017-05-17
01-20-23,1,서울특별시 도봉구 우이천로44길 7,서울특별시 도봉구 쌍문제1동 490-3,127.016318,37.654581,2008-01-01,전용주,02-2091-4083,서울특별시 도봉구청,2017-05-17
01-12-23,1,서울특별시 도봉구 우이천로38길 59,서울특별시 도봉구 쌍문제1동 460-146,127.023311,37.651886,2006-10-09,한전주,02-2091-4083,서울특별시 도봉구청,2017-05-17
01-21-23,1,서울특별시 도봉구 쌍문제1동 485-64,서울특별시 도봉구 쌍문제1동 485-64,127.01721,37.655333,2007-02-27,한전주,02-2091-4083,서울특별시 도봉구청,2017-05-17
01-23-23,1,서울특별시 도봉구 우이천로50길 44-3,서울특별시 도봉구 쌍문제1동 524-47,127.017758,37.656797,2008-01-01,벽부등,02-2091-4083,서울특별시 도봉구청,2017-05-17
01-14-23,1,서울특별시 도봉구 시루봉로1길 128,서울특별시 도봉구 쌍문제1동 460-253,127.022018,37.653895,2008-01-01,벽부등,02-2091-4083,서울특별시 도봉구청,2017-05-17
01-07-23,1,서울특별시 도봉구 쌍문제1동 414-106,서울특별시 도봉구 쌍문제1동 414-106,127.018772,37.649507,2008-01-01,한전주,02-2091-4083,서울특별시 도봉구청,2017-05-17
01-08-23,1,서울특별시 도봉구 쌍문제1동 449-11,서울특별시 도봉구 쌍문제1동 449-11,127.023139,37.650246,2008-01-01,한전주,02-2091-4083,서울특별시 도봉구청,2017-05-17
01-15-23,1,서울특별시 도봉구 쌍문제1동 478-93,서울특별시 도봉구 쌍문제1동 478-93,127.017972,37.654571,2008-01-01,한전주,02-2091-4083,서울특별시 도봉구청,2017-05-17
01-24-23,1,서울특별시 도봉구 쌍문제1동 507-35,서울특별시 도봉구 쌍문제1동 507-35,127.014119,37.655768,2007-10-05,한전주,02-2091-4083,서울특별시 도봉구청,2017-05-17
01-03-23,1,서울특별시 도봉구 쌍문제1동 273-21,서울특별시 도봉구 쌍문제1동 273-21,127.025814,37.651507,2008-01-01,통신주,02-2091-4083,서울특별시 도봉구청,2017-05-17
02-09-11,1,서울특별시 도봉구 쌍문제2동 554-10,서울특별시 도봉구 쌍문제2동 554-10,127.03942,37.658608,2008-03-15,한전주,02-2091-4083,서울특별시 도봉구청,2017-05-17
02-01-11,1,서울특별시 도봉구 도봉로137길 47-3,서울특별시 도봉구 쌍문제2동 709-12,127.039496,37.660756,2006-06-09,한전주,02-2091-4083,서울특별시 도봉구청,2017-05-17
02-14-11,1,서울특별시 도봉구 쌍문제2동 81-188,서울특별시 도봉구 쌍문제2동 81-188,127.034979,37.653388,2008-01-01,벽부등,02-2091-4083,서울특별시 도봉구청,2017-05-17
02-08-11,2,서울특별시 도봉구 방학로3길 81,서울특별시 도봉구 쌍문제2동 716-12,127.039824,37.659468,2013-11-01,한전주,02-2091-4083,서울특별시 도봉구청,2017-05-17
02-20-11,1,서울특별시 도봉구 쌍문제2동 69-36,서울특별시 도봉구 쌍문제2동 69-36,127.036901,37.655828,2006-11-17,한전주,02-2091-4083,서울특별시 도봉구청,2017-05-17
02-11-11,1,서울특별시 도봉구 쌍문제2동 669-5,서울특별시 도봉구 쌍문제2동 669-5,127.037801,37.655471,2008-01-01,한전주,02-2091-4083,서울특별시 도봉구청,2017-05-17
02-17-11,1,서울특별시 도봉구 도봉로123길 9,서울특별시 도봉구 쌍문제2동 81-56,127.036319,37.652639,2008-01-01,한전주,02-2091-4083,서울특별시 도봉구청,2017-05-17
02-04-11,1,서울특별시 도봉구 방학로7길 52,서울특별시 도봉구 쌍문제2동 26-112,127.03637,37.660223,2008-01-01,한전주,02-2091-4083,서울특별시 도봉구청,2017-05-17
02-13-11,1,서울특별시 도봉구 쌍문제2동 81-331,서울특별시 도봉구 쌍문제2동 81-331,127.03621,37.653115,2008-01-01,벽부등,02-2091-4083,서울특별시 도봉구청,2017-05-17
02-03-11,1,서울특별시 도봉구 쌍문제2동 30-9,서울특별시 도봉구 쌍문제2동 30-9,127.038422,37.659992,2008-01-01,한전주,02-2091-4083,서울특별시 도봉구청,2017-05-17
02-02-11,1,서울특별시 도봉구 쌍문제2동 711-26,서울특별시 도봉구 쌍문제2동 711-26,127.038434,37.660582,2006-12-06,한전주,02-2091-4083,서울특별시 도봉구청,2017-05-17
02-05-11,1,서울특별시 도봉구 쌍문제2동 25-29,서울특별시 도봉구 쌍문제2동 25-29,127.037093,37.659649,2008-01-01,벽부등,02-2091-4083,서울특별시 도봉구청,2017-05-17
02-15-11,1,서울특별시 도봉구 쌍문제2동 81-117,서울특별시 도봉구 쌍문제2동 81-117,127.033783,37.652558,2008-01-01,벽부등,02-2091-4083,서울특별시 도봉구청,2017-05-17
02-16-11,1,서울특별시 도봉구 쌍문제2동 85-17,서울특별시 도봉구 쌍문제2동 85-17,127.034311,37.65161,2007-11-22,벽부등,02-2091-4083,서울특별시 도봉구청,2017-05-17
02-04-12,1,서울특별시 도봉구 도봉로139길 99,서울특별시 도봉구 쌍문제2동 26-5,127.036323,37.660451,2008-01-01,한전주,02-2091-4083,서울특별시 도봉구청,2017-05-17
02-05-12,1,서울특별시 도봉구 도당로2길 37,서울특별시 도봉구 쌍문제2동 25-27,127.037096,37.659474,2007-10-29,한전주,02-2091-4083,서울특별시 도봉구청,2017-05-17
02-08-12,1,서울특별시 도봉구 방학로3길 79-5,서울특별시 도봉구 쌍문제2동 716-6,127.040164,37.659431,2008-01-01,벽부등,02-2091-4083,서울특별시 도봉구청,2017-05-17
02-06-12,1,서울특별시 도봉구 쌍문제2동 23-39,서울특별시 도봉구 쌍문제2동 23-39,127.037475,37.658739,2008-01-01,벽부등,02-2091-4083,서울특별시 도봉구청,2017-05-17
02-10-12,1,서울특별시 도봉구 해등로 190,서울특별시 도봉구 쌍문제2동 723,127.036242,37.658343,2006-02-16,한전주,02-2091-4083,서울특별시 도봉구청,2017-05-17
02-15-12,1,서울특별시 도봉구 쌍문제2동 81-116,서울특별시 도봉구 쌍문제2동 81-116,127.033738,37.652711,2008-01-01,한전주,02-2091-4083,서울특별시 도봉구청,2017-05-17
02-20-12,1,서울특별시 도봉구 도봉로125길 61,서울특별시 도봉구 쌍문제2동 69-49,127.036739,37.655326,2006-11-17,한전주,02-2091-4083,서울특별시 도봉구청,2017-05-17
02-14-12,1,서울특별시 도봉구 쌍문제2동 81-187,서울특별시 도봉구 쌍문제2동 81-187,127.034891,37.65325,2007-08-17,벽부등,02-2091-4083,서울특별시 도봉구청,2017-05-17
02-17-12,1,서울특별시 도봉구 쌍문제2동 81-204,서울특별시 도봉구 쌍문제2동 81-204,127.036472,37.652583,2007-06-21,벽부등,02-2091-4083,서울특별시 도봉구청,2017-05-17
02-09-12,1,서울특별시 도봉구 쌍문제2동 554-14,서울특별시 도봉구 쌍문제2동 554-14,127.039262,37.658342,2008-01-01,한전주,02-2091-4083,서울특별시 도봉구청,2017-05-17
02-02-12,1,서울특별시 도봉구 쌍문제2동 711-18,서울특별시 도봉구 쌍문제2동 711-18,127.038485,37.660719,2008-01-01,한전주,02-2091-4083,서울특별시 도봉구청,2017-05-17
02-13-12,1,서울특별시 도봉구 쌍문제2동 81-201,서울특별시 도봉구 쌍문제2동 81-201,127.036277,37.652755,2008-01-01,한전주,02-2091-4083,서울특별시 도봉구청,2017-05-17
02-16-12,1,서울특별시 도봉구 쌍문제2동 85-28,서울특별시 도봉구 쌍문제2동 85-28,127.034193,37.651495,2008-01-01,벽부등,02-2091-4083,서울특별시 도봉구청,2017-05-17
02-01-12,1,서울특별시 도봉구 도봉로139길 42-6,서울특별시 도봉구 쌍문제2동 709-15,127.039383,37.660945,2006-06-09,벽부등,02-2091-4083,서울특별시 도봉구청,2017-05-17
02-11-12,1,서울특별시 도봉구 쌍문제2동 658-5,서울특별시 도봉구 쌍문제2동 658-5,127.038145,37.655597,2008-01-01,벽부등,02-2091-4083,서울특별시 도봉구청,2017-05-17
02-15-13,1,서울특별시 도봉구 노해로57길 42,서울특별시 도봉구 쌍문제2동 81-86,127.033917,37.653036,2008-01-01,한전주,02-2091-4083,서울특별시 도봉구청,2017-05-17
02-16-13,1,서울특별시 도봉구 노해로 231,서울특별시 도봉구 쌍문제2동 85-25,127.033939,37.651478,2008-01-01,한전주,02-2091-4083,서울특별시 도봉구청,2017-05-17
02-17-13,1,서울특별시 도봉구 도봉로121길 6-7,서울특별시 도봉구 쌍문제2동 80-42,127.036228,37.652216,2008-01-01,벽부등,02-2091-4083,서울특별시 도봉구청,2017-05-17
02-10-13,1,서울특별시 도봉구 쌍문제2동 25-72,서울특별시 도봉구 쌍문제2동 25-72,127.036022,37.658602,2008-01-01,전용주,02-2091-4083,서울특별시 도봉구청,2017-05-17
02-03-13,1,서울특별시 도봉구 쌍문제2동 712-12,서울특별시 도봉구 쌍문제2동 712-12,127.038737,37.660262,2008-01-01,벽부등,02-2091-4083,서울특별시 도봉구청,2017-05-17
14-05-07,1,서울특별시 도봉구 도봉제1동 559-32,서울특별시 도봉구 도봉제1동 559-32,127.045534,37.686974,2008-01-01,벽부등,02-2091-4083,서울특별시 도봉구청,2017-05-17
14-17-07,2,서울특별시 도봉구 도봉동 587-16,서울특별시 도봉구 도봉제1동 587-16,127.042057,37.679874,2008-01-01,한전주,02-2091-4083,서울특별시 도봉구청,2017-05-17
14-07-08,1,서울특별시 도봉구 도봉로875-3,서울특별시 도봉구 도봉제1동 562-27,127.045596,37.682801,2014-03-06,전용주,02-2091-4083,서울특별시 도봉구청,2017-05-17
14-27-08,1,서울특별시 도봉구 도봉제1동 617,서울특별시 도봉구 도봉제1동 617,127.043476,37.672729,2006-10-18,벽부등,02-2091-4083,서울특별시 도봉구청,2017-05-17
14-04-08,1,서울특별시 도봉구 도봉로185길 37,서울특별시 도봉구 도봉제1동 574-13,127.043171,37.685406,2008-04-18,한전주,02-2091-4083,서울특별시 도봉구청,2017-05-17
14-19-08,1,서울특별시 도봉구 도봉제1동 536,서울특별시 도봉구 도봉제1동 536,127.022586,37.674946,2008-01-01,한전주,02-2091-4083,서울특별시 도봉구청,2017-05-17
14-02-08,1,서울특별시 도봉구 도봉산길 산정약수터,서울특별시 도봉구 도봉제1동 산6-6,127.029941,37.686194,2006-08-28,한전주,02-2091-4083,서울특별시 도봉구청,2017-05-17
14-26-08,1,서울특별시 도봉구 도봉제1동 613-25,서울특별시 도봉구 도봉제1동 613-25,127.042132,37.671715,2008-01-01,벽부등,02-2091-4083,서울특별시 도봉구청,2017-05-17
14-23-08,1,서울특별시 도봉구 도봉제1동 605-19,서울특별시 도봉구 도봉제1동 605-19,127.042431,37.673436,2008-04-17,벽부등,02-2091-4083,서울특별시 도봉구청,2017-05-17
14-17-08,1,서울특별시 도봉구 도봉제1동 587-27,서울특별시 도봉구 도봉제1동 587-27,127.042192,37.679731,2008-01-01,벽부등,02-2091-4083,서울특별시 도봉구청,2017-05-17
14-01-08,1,서울특별시 도봉구 도봉로 191길58,서울특별시 도봉구 도봉제1동 352-18,127.042335,37.690848,2008-01-01,한전주,02-2091-4083,서울특별시 도봉구청,2017-05-17
14-16-08,1,서울특별시 도봉구 도봉제1동 585-8,서울특별시 도봉구 도봉제1동 585-8,127.042147,37.68052,2008-01-01,한전주,02-2091-4083,서울특별시 도봉구청,2017-05-17
14-20-08,1,서울특별시 도봉구 도봉제1동 산102,서울특별시 도봉구 도봉제1동 산102,127.042734,37.676522,2008-01-01,전용주,02-2091-4083,서울특별시 도봉구청,2017-05-17
14-18-08,1,서울특별시 도봉구 도봉제1동 591-5,서울특별시 도봉구 도봉제1동 591-5,127.040481,37.679406,2008-01-01,한전주,02-2091-4083,서울특별시 도봉구청,2017-05-17
14-22-08,1,서울특별시 도봉구 시루봉로23길 100,서울특별시 도봉구 도봉제1동 602-20,127.042643,37.674612,2008-01-01,한전주,02-2091-4083,서울특별시 도봉구청,2017-05-17
03-11-06,1,서울특별시 도봉구 쌍문제3동 337-1,서울특별시 도봉구 쌍문제3동 337-1,127.028343,37.647985,2008-02-21,한전주,02-2091-4083,서울특별시 도봉구청,2017-05-17
03-08-06,1,서울특별시 도봉구 쌍문제3동 122-41,서울특별시 도봉구 쌍문제3동 122-41,127.031499,37.649276,2008-01-01,한전주,02-2091-4083,서울특별시 도봉구청,2017-05-17
03-09-07,1,서울특별시 도봉구 쌍문제3동 123-8,서울특별시 도봉구 쌍문제3동 123-8,127.031148,37.647561,2008-01-01,한전주,02-2091-4083,서울특별시 도봉구청,2017-05-17
03-04-07,1,서울특별시 도봉구 노해로48길57-6,서울특별시 도봉구 쌍문제3동 138-57,127.031558,37.65055,2013-12-27,벽부등,02-2091-4083,서울특별시 도봉구청,2017-05-17
03-17-07,1,서울특별시 도봉구 쌍문제3동 103-38,서울특별시 도봉구 쌍문제3동 103-38,127.0317,37.646493,2006-11-11,벽부등,02-2091-4083,서울특별시 도봉구청,2017-05-17
03-11-07,1,서울특별시 도봉구 쌍문제3동 315-261,서울특별시 도봉구 쌍문제3동 315-261,127.02836,37.648119,2007-11-27,벽부등,02-2091-4083,서울특별시 도봉구청,2017-05-17
03-07-07,1,서울특별시 도봉구 쌍문제3동 315-52,서울특별시 도봉구 쌍문제3동 315-52,127.030357,37.648082,2008-01-01,통신주,02-2091-4083,서울특별시 도봉구청,2017-05-17
03-10-07,1,서울특별시 도봉구 노해로44길 48,서울특별시 도봉구 쌍문제3동 315-48,127.029982,37.648127,2007-10-29,한전주,02-2091-4083,서울특별시 도봉구청,2017-05-17
03-18-07,1,서울특별시 도봉구 쌍문제3동 96-45,서울특별시 도봉구 쌍문제3동 96-45,127.033127,37.647078,2008-01-01,벽부등,02-2091-4083,서울특별시 도봉구청,2017-05-17
03-05-07,2,서울특별시 도봉구 쌍문제3동 315-76,서울특별시 도봉구 쌍문제3동 315-76,127.0288,37.650222,2007-11-27,한전주,02-2091-4083,서울특별시 도봉구청,2017-05-17
03-16-07,1,서울특별시 도봉구 쌍문제3동 103-91,서울특별시 도봉구 쌍문제3동 103-91,127.031398,37.644448,2008-01-01,벽부등,02-2091-4083,서울특별시 도봉구청,2017-05-17
03-03-07,1,서울특별시 도봉구 쌍문제3동 138-30,서울특별시 도봉구 쌍문제3동 138-30,127.033135,37.650421,2008-01-01,벽부등,02-2091-4083,서울특별시 도봉구청,2017-05-17
03-15-07,1,서울특별시 도봉구 우이천로 298-20,서울특별시 도봉구 쌍문제3동 103-169,127.030174,37.644514,2007-04-26,한전주,02-2091-4083,서울특별시 도봉구청,2017-05-17
03-13-07,1,서울특별시 도봉구 쌍문제3동 375-9,서울특별시 도봉구 쌍문제3동 375-9,127.026956,37.64585,2008-01-01,한전주,02-2091-4083,서울특별시 도봉구청,2017-05-17
03-08-07,1,서울특별시 도봉구 쌍문제3동 122-43,서울특별시 도봉구 쌍문제3동 122-43,127.031602,37.648911,2008-01-01,한전주,02-2091-4083,서울특별시 도봉구청,2017-05-17
03-06-07,1,서울특별시 도봉구 쌍문제3동 315-288,서울특별시 도봉구 쌍문제3동 315-288,127.029906,37.648916,2008-01-01,한전주,02-2091-4083,서울특별시 도봉구청,2017-05-17
03-04-08,1,서울특별시 도봉구 쌍문제3동 138-67,서울특별시 도봉구 쌍문제3동 138-67,127.031171,37.650841,2008-01-01,한전주,02-2091-4083,서울특별시 도봉구청,2017-05-17
03-13-08,1,서울특별시 도봉구 쌍문제3동 375-10,서울특별시 도봉구 쌍문제3동 375-10,127.025811,37.646692,2008-01-01,벽부등,02-2091-4083,서울특별시 도봉구청,2017-05-17
03-09-08,1,서울특별시 도봉구 도봉로109가길 6,서울특별시 도봉구 쌍문제3동 123-61,127.031081,37.647235,2006-04-03,한전주,02-2091-4083,서울특별시 도봉구청,2017-05-17
14-04-23,1,서울특별시 도봉구 도봉제1동 555-2,서울특별시 도봉구 도봉제1동 555-2,127.04379,37.686332,2008-01-01,한전주,02-2091-4083,서울특별시 도봉구청,2017-05-17
14-25-23,1,서울특별시 도봉구 도봉제1동 산96-4,서울특별시 도봉구 도봉제1동 산96-4,127.038673,37.674614,2008-01-01,전용주,02-2091-4083,서울특별시 도봉구청,2017-05-17
14-19-23,1,서울특별시 도봉구 도봉제1동 525,서울특별시 도봉구 도봉제1동 525,127.029019,37.677111,2008-02-22,한전주,02-2091-4083,서울특별시 도봉구청,2017-05-17
14-08-23,1,서울특별시 도봉구 도봉로181가길 6,서울특별시 도봉구 도봉제1동 565-2,127.045165,37.68368,2007-08-25,한전주,02-2091-4083,서울특별시 도봉구청,2017-05-17
14-28-23,1,서울특별시 도봉구 도당로27길 65,서울특별시 도봉구 도봉제1동 610-35,127.040895,37.670153,2008-01-01,한전주,02-2091-4083,서울특별시 도봉구청,2017-05-17
14-05-23,1,서울특별시 도봉구 도봉산1길 7,서울특별시 도봉구 도봉제1동 559-25,127.045156,37.687036,2006-10-20,한전주,02-2091-4083,서울특별시 도봉구청,2017-05-17
14-26-23,1,서울특별시 도봉구 도봉제1동 613-13,서울특별시 도봉구 도봉제1동 613-13,127.041456,37.671494,2008-01-01,벽부등,02-2091-4083,서울특별시 도봉구청,2017-05-17
14-15-23,1,서울특별시 도봉구 도봉로169길 61,서울특별시 도봉구 도봉제1동 593-56,127.042601,37.679189,2008-01-01,한전주,02-2091-4083,서울특별시 도봉구청,2017-05-17
14-22-23,1,서울특별시 도봉구 시루봉로23다길 5-5,서울특별시 도봉구 도봉제1동 599-31,127.042428,37.675144,2008-01-01,한전주,02-2091-4083,서울특별시 도봉구청,2017-05-17
14-18-23,1,서울특별시 도봉구 도봉제1동 산70-6,서울특별시 도봉구 도봉제1동 산70-6,127.039168,37.679993,2008-01-01,전용주,02-2091-4083,서울특별시 도봉구청,2017-05-17
14-21-23,1,서울특별시 도봉구 도봉제1동 600-46,서울특별시 도봉구 도봉제1동 600-46,127.044326,37.676716,2008-02-12,한전주,02-2091-4083,서울특별시 도봉구청,2017-05-17
14-07-23,1,서울특별시 도봉구 도봉제1동 568-31,서울특별시 도봉구 도봉제1동 568-31,127.04513,37.684331,2008-01-01,벽부등,02-2091-4083,서울특별시 도봉구청,2017-05-17
14-27-23,1,서울특별시 도봉구 도봉제1동 611-7,서울특별시 도봉구 도봉제1동 611-7,127.041945,37.670473,2008-01-01,한전주,02-2091-4083,서울특별시 도봉구청,2017-05-17
14-07-24,1,서울특별시 도봉구 도봉산1길 66,서울특별시 도봉구 도봉제1동 568-23,127.045292,37.684497,2012-11-28,벽부등,02-2091-4083,서울특별시 도봉구청,2017-05-17
14-25-24,1,서울특별시 도봉구 도봉제1동 산96-4,서울특별시 도봉구 도봉제1동 산96-4,127.038216,37.67461,2008-01-01,전용주,02-2091-4083,서울특별시 도봉구청,2017-05-17
14-10-24,1,서울특별시 도봉구 도봉제1동 579-15,서울특별시 도봉구 도봉제1동 579-15,127.043339,37.682278,2008-01-01,통신주,02-2091-4083,서울특별시 도봉구청,2017-05-17
14-27-24,1,서울특별시 도봉구 도봉제1동 620-4,서울특별시 도봉구 도봉제1동 620-4,127.04317,37.670881,2008-01-01,벽부등,02-2091-4083,서울특별시 도봉구청,2017-05-17
14-16-24,1,서울특별시 도봉구 도봉로169가길33,서울특별시 도봉구 도봉제1동 585,127.04295,37.68055,2013-09-06,한전주,02-2091-4083,서울특별시 도봉구청,2017-05-17
03-09-32,2,서울특별시 도봉구 쌍문제3동 123-46,서울특별시 도봉구 쌍문제3동 123-46,127.031193,37.648337,2007-10-12,한전주,02-2091-4083,서울특별시 도봉구청,2017-05-17
03-02-33,1,서울특별시 도봉구 노해로48길106-5,서울특별시 도봉구 쌍문제3동 141-29,127.034138,37.650123,2013-10-23,벽부등,02-2091-4083,서울특별시 도봉구청,2017-05-17
03-19-33,1,서울특별시 도봉구 쌍문제3동 94-49,서울특별시 도봉구 쌍문제3동 94-49,127.032757,37.648415,2006-08-19,벽부등,02-2091-4083,서울특별시 도봉구청,2017-05-17
03-08-33,1,서울특별시 도봉구 도봉로113길56,서울특별시 도봉구 쌍문제3동 122-37,127.031074,37.648372,2012-11-07,한전주,02-2091-4083,서울특별시 도봉구청,2017-05-17
03-03-33,1,서울특별시 도봉구 쌍문제3동 138-1,서울특별시 도봉구 쌍문제3동 138-1,127.033142,37.650881,2008-01-01,한전주,02-2091-4083,서울특별시 도봉구청,2017-05-17
03-09-33,1,서울특별시 도봉구 쌍문제3동 123-28,서울특별시 도봉구 쌍문제3동 123-28,127.031617,37.648133,2008-01-01,벽부등,02-2091-4083,서울특별시 도봉구청,2017-05-17
03-08-34,1,서울특별시 도봉구 도봉로117길 67-8,서울특별시 도봉구 쌍문제3동 122-82,127.031089,37.649223,2015-12-21,벽부등,02-2091-4083,서울특별시 도봉구청,2017-05-17
03-09-34,1,서울특별시 도봉구 쌍문제3동 123-63,서울특별시 도봉구 쌍문제3동 123-63,127.031325,37.647727,2008-01-01,벽부등,02-2091-4083,서울특별시 도봉구청,2017-05-17
03-19-34,1,서울특별시 도봉구 쌍문제3동 94-40,서울특별시 도봉구 쌍문제3동 94-40,127.033066,37.648716,2008-01-01,벽부등,02-2091-4083,서울특별시 도봉구청,2017-05-17
03-03-34,1,서울특별시 도봉구 쌍문제3동 138-132,서울특별시 도봉구 쌍문제3동 138-132,127.032056,37.649858,2010-04-16,벽부등,02-2091-4083,서울특별시 도봉구청,2017-05-17
03-09-35,1,서울특별시 도봉구 노해로60가길 16-4,서울특별시 도봉구 쌍문제3동 98-11,127.032532,37.648424,2008-01-01,벽부등,02-2091-4083,서울특별시 도봉구청,2017-05-17
03-19-35,1,서울특별시 도봉구 쌍문제3동 94-1,서울특별시 도봉구 쌍문제3동 94-1,127.033938,37.649202,2008-01-01,벽부등,02-2091-4083,서울특별시 도봉구청,2017-05-17
03-08-35,1,서울특별시 도봉구 도봉로117길 67-12,서울특별시 도봉구 쌍문제3동 122-82,127.031249,37.649131,2016-12-02,벽부등,02-2091-4083,서울특별시 도봉구청,2017-05-17
03-03-35,1,서울특별시 도봉구 쌍문제3동 138-109,서울특별시 도봉구 쌍문제3동 138-109,127.032357,37.650079,2010-04-16,벽부등,02-2091-4083,서울특별시 도봉구청,2017-05-17
03-09-36,1,서울특별시 도봉구 쌍문제3동 98-57,서울특별시 도봉구 쌍문제3동 98-57,127.032017,37.647777,2008-01-01,벽부등,02-2091-4083,서울특별시 도봉구청,2017-05-17
03-19-36,1,서울특별시 도봉구 쌍문제3동 94-51,서울특별시 도봉구 쌍문제3동 94-51,127.032827,37.648872,2008-01-01,벽부등,02-2091-4083,서울특별시 도봉구청,2017-05-17
01-09-23,1,서울특별시 도봉구 쌍문제1동 294-35,서울특별시 도봉구 쌍문제1동 294-35,127.024284,37.650534,2008-01-01,한전주,02-2091-4083,서울특별시 도봉구청,2017-05-17
01-19-23,1,서울특별시 도봉구 쌍문제1동 498-58,서울특별시 도봉구 쌍문제1동 498-58,127.01462,37.654399,2008-01-01,벽부등,02-2091-4083,서울특별시 도봉구청,2017-05-17
01-05-23,1,서울특별시 도봉구 우이천로34나길 1-13,서울특별시 도봉구 쌍문제1동 363-11,127.024498,37.649624,2008-01-01,벽부등,02-2091-4083,서울특별시 도봉구청,2017-05-17
01-25-23,1,서울특별시 도봉구 삼양로162길 21,서울특별시 도봉구 쌍문제1동 516-3,127.015208,37.658194,2008-01-01,한전주,02-2091-4083,서울특별시 도봉구청,2017-05-17
01-11-24,1,서울특별시 도봉구 우이천로38라길 44,서울특별시 도봉구 쌍문제1동 460-289,127.023743,37.653656,2016-12-02,벽부등,02-2091-4083,서울특별시 도봉구청,2017-05-17
01-20-24,1,서울특별시 도봉구 우이천로44길 7-6,서울특별시 도봉구 쌍문제1동 494-14,127.016488,37.654491,2008-01-01,한전주,02-2091-4083,서울특별시 도봉구청,2017-05-17
01-24-24,1,서울특별시 도봉구 삼양로 616,서울특별시 도봉구 쌍문제1동 509-1,127.014495,37.658022,2015-12-21,전용주,02-2091-4083,서울특별시 도봉구청,2017-05-17
01-17-24,1,서울특별시 도봉구 쌍문제1동 422-52,서울특별시 도봉구 쌍문제1동 422-52,127.013982,37.652093,2007-05-09,전용주,02-2091-4083,서울특별시 도봉구청,2017-05-17
01-25-24,1,서울특별시 도봉구 쌍문제1동 531-67,서울특별시 도봉구 쌍문제1동 531-67,201346.997,462114.112,2008-01-01,한전주,02-2091-4083,서울특별시 도봉구청,2017-05-17
01-09-24,1,서울특별시 도봉구 쌍문제1동 296-8,서울특별시 도봉구 쌍문제1동 296-8,127.023955,37.650228,2008-01-01,한전주,02-2091-4083,서울특별시 도봉구청,2017-05-17
01-15-24,1,서울특별시 도봉구 쌍문제1동 478-59,서울특별시 도봉구 쌍문제1동 478-59,127.017646,37.654528,2008-01-01,벽부등,02-2091-4083,서울특별시 도봉구청,2017-05-17
01-04-24,1,서울특별시 도봉구 쌍문제1동 349-16,서울특별시 도봉구 쌍문제1동 349-16,127.025294,37.648241,2008-01-01,전용주,02-2091-4083,서울특별시 도봉구청,2017-05-17
01-08-24,1,서울특별시 도봉구 우이천로38길 18,서울특별시 도봉구 쌍문제1동 446-2,127.022697,37.650246,2007-02-12,벽부등,02-2091-4083,서울특별시 도봉구청,2017-05-17
01-21-24,1,서울특별시 도봉구 쌍문제1동 485-37,서울특별시 도봉구 쌍문제1동 485-37,127.017431,37.655315,2008-01-01,벽부등,02-2091-4083,서울특별시 도봉구청,2017-05-17
01-03-24,1,서울특별시 도봉구 쌍문제1동 285-5,서울특별시 도봉구 쌍문제1동 285-5,127.025746,37.652029,2008-01-01,한전주,02-2091-4083,서울특별시 도봉구청,2017-05-17
01-12-24,1,서울특별시 도봉구 우이천로38라길 6,서울특별시 도봉구 쌍문제1동 460-127,127.023547,37.652129,2008-01-01,한전주,02-2091-4083,서울특별시 도봉구청,2017-05-17
01-14-24,1,서울특별시 도봉구 우이천로38길 116,서울특별시 도봉구 쌍문제1동 460-254,127.021882,37.653904,2007-05-30,벽부등,02-2091-4083,서울특별시 도봉구청,2017-05-17
01-16-24,1,서울특별시 도봉구 쌍문제1동 420-6,서울특별시 도봉구 쌍문제1동 420-6,127.014735,37.649632,2008-01-01,벽부등,02-2091-4083,서울특별시 도봉구청,2017-05-17
01-05-24,1,서울특별시 도봉구 우이천로32길 35-03,서울특별시 도봉구 쌍문제1동 363-1,127.024816,37.64948,2008-01-01,전용주,02-2091-4083,서울특별시 도봉구청,2017-05-17
01-17-25,2,서울특별시 도봉구 삼양로144길 19,서울특별시 도봉구 쌍문제1동 422-54,127.014028,37.651842,2007-05-08,한전주,02-2091-4083,서울특별시 도봉구청,2017-05-17
01-23-25,1,서울특별시 도봉구 우이천로50길 46-5,서울특별시 도봉구 쌍문제1동 524-69,127.0182,37.656869,2008-01-01,벽부등,02-2091-4083,서울특별시 도봉구청,2017-05-17
01-25-25,1,서울특별시 도봉구 해등로36길 13-13,서울특별시 도봉구 쌍문제1동 531-68,127.015208,37.65887,2008-01-01,벽부등,02-2091-4083,서울특별시 도봉구청,2017-05-17
01-19-25,1,서울특별시 도봉구 쌍문제1동 498-6,서울특별시 도봉구 쌍문제1동 498-6,127.01465,37.654145,2010-03-29,벽부등,02-2091-4083,서울특별시 도봉구청,2017-05-17
01-14-25,1,서울특별시 도봉구 우이천로38길 107,서울특별시 도봉구 쌍문제1동 460-269,127.021803,37.653715,2008-01-01,벽부등,02-2091-4083,서울특별시 도봉구청,2017-05-17
01-21-25,1,서울특별시 도봉구 쌍문제1동 480-22,서울특별시 도봉구 쌍문제1동 480-22,127.017538,37.655161,2008-01-01,벽부등,02-2091-4083,서울특별시 도봉구청,2017-05-17
01-05-25,1,서울특별시 도봉구 쌍문제1동 299-6,서울특별시 도봉구 쌍문제1동 299-6,127.024714,37.64966,2006-06-28,한전주,02-2091-4083,서울특별시 도봉구청,2017-05-17
01-20-25,1,서울특별시 도봉구 쌍문제1동 494-9,서울특별시 도봉구 쌍문제1동 494-9,127.016689,37.654743,2008-01-01,한전주,02-2091-4083,서울특별시 도봉구청,2017-05-17
01-08-25,1,서울특별시 도봉구 우이천로38길 18-6,서울특별시 도봉구 쌍문제1동 449,127.022856,37.65021,2007-02-12,한전주,02-2091-4083,서울특별시 도봉구청,2017-05-17
01-18-25,1,서울특별시 도봉구 쌍문제1동 503-11,서울특별시 도봉구 쌍문제1동 503-11,127.013474,37.654919,2008-01-01,한전주,02-2091-4083,서울특별시 도봉구청,2017-05-17
01-15-25,1,서울특별시 도봉구 쌍문제1동 478-86,서울특별시 도봉구 쌍문제1동 478-86,127.017707,37.654357,2008-01-01,벽부등,02-2091-4083,서울특별시 도봉구청,2017-05-17
01-12-25,1,서울특별시 도봉구 우이천로38라길 10,서울특별시 도봉구 쌍문제1동 460-23,127.023649,37.6523,2008-01-01,한전주,02-2091-4083,서울특별시 도봉구청,2017-05-17
01-09-25,1,서울특별시 도봉구 우이천로34길 30,서울특별시 도봉구 쌍문제1동 296-6,127.023841,37.65012,2008-01-01,한전주,02-2091-4083,서울특별시 도봉구청,2017-05-17
01-18-26,1,서울특별시 도봉구 쌍문제1동 505-17,서울특별시 도봉구 쌍문제1동 505-17,127.013816,37.654342,2013-03-25,벽부등,02-2091-4083,서울특별시 도봉구청,2017-05-17
01-08-26,1,서울특별시 도봉구 쌍문제1동 449-4,서울특별시 도봉구 쌍문제1동 449-4,127.022966,37.650043,2008-01-01,한전주,02-2091-4083,서울특별시 도봉구청,2017-05-17
02-20-13,1,서울특별시 도봉구 쌍문제2동 69-47,서울특별시 도봉구 쌍문제2동 69-47,127.034628,37.655332,2008-01-01,한전주,02-2091-4083,서울특별시 도봉구청,2017-05-17
02-09-13,1,서울특별시 도봉구 쌍문제2동 561,서울특별시 도봉구 쌍문제2동 561,127.039087,37.658179,2007-11-21,벽부등,02-2091-4083,서울특별시 도봉구청,2017-05-17
02-05-13,1,서울특별시 도봉구 도당로2길 31,서울특별시 도봉구 쌍문제2동 25-34,127.036866,37.659469,2008-01-01,한전주,02-2091-4083,서울특별시 도봉구청,2017-05-17
02-13-13,1,서울특별시 도봉구 쌍문제2동 81-287,서울특별시 도봉구 쌍문제2동 81-287,127.035669,37.652978,2008-01-01,한전주,02-2091-4083,서울특별시 도봉구청,2017-05-17
02-08-13,1,서울특별시 도봉구 쌍문제2동 716-18,서울특별시 도봉구 쌍문제2동 716-18,127.04002,37.659052,2008-01-01,한전주,02-2091-4083,서울특별시 도봉구청,2017-05-17
02-14-13,1,서울특별시 도봉구 쌍문제2동 81-89,서울특별시 도봉구 쌍문제2동 81-89,127.03443,37.653337,2008-01-01,한전주,02-2091-4083,서울특별시 도봉구청,2017-05-17
02-11-13,1,서울특별시 도봉구 해등로17길 26,서울특별시 도봉구 쌍문제2동 669,127.037932,37.655914,2008-01-01,한전주,02-2091-4083,서울특별시 도봉구청,2017-05-17
02-01-13,1,서울특별시 도봉구 쌍문제2동 709-17,서울특별시 도봉구 쌍문제2동 709-17,127.039397,37.661278,2008-01-01,벽부등,02-2091-4083,서울특별시 도봉구청,2017-05-17
02-02-13,1,서울특별시 도봉구 쌍문제2동 711-4,서울특별시 도봉구 쌍문제2동 711-4,127.038462,37.661051,2008-01-01,한전주,02-2091-4083,서울특별시 도봉구청,2017-05-17
02-15-14,1,서울특별시 도봉구 노해로57길 49,서울특별시 도봉구 쌍문제2동 81-407,127.033942,37.653213,2015-09-15,벽부등,02-2091-4083,서울특별시 도봉구청,2017-05-17
02-10-14,1,서울특별시 도봉구 쌍문제2동 21-3,서울특별시 도봉구 쌍문제2동 21-3,127.035761,37.658792,2007-04-25,한전주,02-2091-4083,서울특별시 도봉구청,2017-05-17
02-17-14,1,서울특별시 도봉구 도봉로121길 8,서울특별시 도봉구 쌍문제2동 80-57,127.036115,37.652036,2008-01-01,벽부등,02-2091-4083,서울특별시 도봉구청,2017-05-17
02-09-14,1,서울특별시 도봉구 방학로3길 99,서울특별시 도봉구 쌍문제2동 556,127.039137,37.658695,2008-01-01,한전주,02-2091-4083,서울특별시 도봉구청,2017-05-17
02-20-14,1,서울특별시 도봉구 쌍문제2동 69-33,서울특별시 도봉구 쌍문제2동 69-33,127.034949,37.655361,2007-11-24,한전주,02-2091-4083,서울특별시 도봉구청,2017-05-17
02-06-14,1,서울특별시 도봉구 쌍문제2동 25-78,서울특별시 도봉구 쌍문제2동 25-78,127.037257,37.659141,2008-01-01,한전주,02-2091-4083,서울특별시 도봉구청,2017-05-17
02-04-14,1,서울특별시 도봉구 쌍문제2동 26-68,서울특별시 도봉구 쌍문제2동 26-68,127.036116,37.660618,2008-01-01,벽부등,02-2091-4083,서울특별시 도봉구청,2017-05-17
02-05-14,1,서울특별시 도봉구 쌍문제2동 25-32,서울특별시 도봉구 쌍문제2동 25-32,127.03684,37.659651,2008-01-01,벽부등,02-2091-4083,서울특별시 도봉구청,2017-05-17
02-13-14,2,서울특별시 도봉구 쌍문제2동 81-362,서울특별시 도봉구 쌍문제2동 81-362,127.035847,37.653265,2008-01-01,한전주,02-2091-4083,서울특별시 도봉구청,2017-05-17
02-08-14,1,서울특별시 도봉구 쌍문제2동 716-23,서울특별시 도봉구 쌍문제2동 716-23,127.040008,37.658934,2007-05-09,한전주,02-2091-4083,서울특별시 도봉구청,2017-05-17
02-03-14,1,서울특별시 도봉구 쌍문제2동 712-13,서울특별시 도봉구 쌍문제2동 712-13,127.038528,37.660299,2006-12-06,한전주,02-2091-4083,서울특별시 도봉구청,2017-05-17
02-11-14,1,서울특별시 도봉구 쌍문제2동 658-2,서울특별시 도봉구 쌍문제2동 658-2,127.038247,37.655848,2008-01-01,벽부등,02-2091-4083,서울특별시 도봉구청,2017-05-17
02-16-14,1,서울특별시 도봉구 노해로 229,서울특별시 도봉구 쌍문제2동 85-16,127.03427,37.651788,2008-01-01,벽부등,02-2091-4083,서울특별시 도봉구청,2017-05-17
02-14-14,1,서울특별시 도봉구 쌍문제2동 81-325,서울특별시 도봉구 쌍문제2동 81-325,127.034551,37.653618,2008-01-01,벽부등,02-2091-4083,서울특별시 도봉구청,2017-05-17
02-02-14,1,서울특별시 도봉구 쌍문제2동 710-3,서울특별시 도봉구 쌍문제2동 710-3,127.038556,37.661377,2008-01-01,한전주,02-2091-4083,서울특별시 도봉구청,2017-05-17
02-16-15,1,서울특별시 도봉구 노해로57길 10,서울특별시 도봉구 쌍문제2동 137-55,127.03327,37.651685,2006-08-02,한전주,02-2091-4083,서울특별시 도봉구청,2017-05-17
02-03-15,1,서울특별시 도봉구 쌍문제2동 29-8,서울특별시 도봉구 쌍문제2동 29-8,127.038041,37.660254,2008-01-01,벽부등,02-2091-4083,서울특별시 도봉구청,2017-05-17
02-09-15,1,서울특별시 도봉구 방학로3길 103,서울특별시 도봉구 쌍문제2동 557,127.038925,37.658552,2008-01-01,한전주,02-2091-4083,서울특별시 도봉구청,2017-05-17
02-17-15,1,서울특별시 도봉구 쌍문제2동 80-56,서울특별시 도봉구 쌍문제2동 80-56,127.035884,37.652124,2008-01-01,벽부등,02-2091-4083,서울특별시 도봉구청,2017-05-17
02-06-15,1,서울특별시 도봉구 방학로3가길 30-6,서울특별시 도봉구 쌍문제2동 25-57,127.037127,37.658955,2008-01-01,전용주,02-2091-4083,서울특별시 도봉구청,2017-05-17
02-11-15,1,서울특별시 도봉구 해등로17길 26,서울특별시 도봉구 쌍문제2동 648,127.038111,37.656035,2006-09-07,한전주,02-2091-4083,서울특별시 도봉구청,2017-05-17
02-10-15,1,서울특별시 도봉구 쌍문제2동 21-56,서울특별시 도봉구 쌍문제2동 21-56,127.036309,37.658502,2008-01-01,한전주,02-2091-4083,서울특별시 도봉구청,2017-05-17
02-14-15,1,서울특별시 도봉구 쌍문제2동 81-318,서울특별시 도봉구 쌍문제2동 81-318,127.034313,37.653693,2007-03-06,한전주,02-2091-4083,서울특별시 도봉구청,2017-05-17
02-02-15,1,서울특별시 도봉구 쌍문제2동 710,서울특별시 도봉구 쌍문제2동 710,127.038545,37.661693,2008-01-01,한전주,02-2091-4083,서울특별시 도봉구청,2017-05-17
02-15-15,1,서울특별시 도봉구 쌍문제2동 81-90,서울특별시 도봉구 쌍문제2동 81-90,127.03415,37.653413,2008-01-01,한전주,02-2091-4083,서울특별시 도봉구청,2017-05-17
03-10-08,2,서울특별시 도봉구 쌍문제3동 315-46,서울특별시 도봉구 쌍문제3동 315-46,127.029851,37.647811,2007-12-31,한전주,02-2091-4083,서울특별시 도봉구청,2017-05-17
03-15-08,1,서울특별시 도봉구 쌍문제3동 103-138,서울특별시 도봉구 쌍문제3동 103-138,127.029739,37.644593,2007-04-30,한전주,02-2091-4083,서울특별시 도봉구청,2017-05-17
03-07-08,1,서울특별시 도봉구 쌍문제3동 315-345,서울특별시 도봉구 쌍문제3동 315-345,127.030522,37.648146,2008-01-01,전용주,02-2091-4083,서울특별시 도봉구청,2017-05-17
03-19-08,1,서울특별시 도봉구 노해로60길 55,서울특별시 도봉구 쌍문제3동 88-89,127.033869,37.648919,2008-01-01,한전주,02-2091-4083,서울특별시 도봉구청,2017-05-17
03-01-08,1,서울특별시 도봉구 쌍문제3동 88-7,서울특별시 도봉구 쌍문제3동 88-7,127.034959,37.650473,2008-01-01,한전주,02-2091-4083,서울특별시 도봉구청,2017-05-17
03-05-08,1,서울특별시 도봉구 쌍문제3동 139-109,서울특별시 도봉구 쌍문제3동 139-109,127.029839,37.649994,2016-09-27,벽부등,02-2091-4083,서울특별시 도봉구청,2017-05-17
03-03-08,1,서울특별시 도봉구 쌍문제3동 138-71,서울특별시 도봉구 쌍문제3동 138-71,127.033373,37.650269,2007-02-16,한전주,02-2091-4083,서울특별시 도봉구청,2017-05-17
03-06-08,1,서울특별시 도봉구 쌍문제3동 315-247,서울특별시 도봉구 쌍문제3동 315-247,127.029689,37.64877,2008-01-01,한전주,02-2091-4083,서울특별시 도봉구청,2017-05-17
03-16-08,1,서울특별시 도봉구 쌍문제3동 103-103,서울특별시 도봉구 쌍문제3동 103-103,127.031175,37.644415,2008-01-01,한전주,02-2091-4083,서울특별시 도봉구청,2017-05-17
03-11-08,1,서울특별시 도봉구 쌍문제3동 315-209,서울특별시 도봉구 쌍문제3동 315-209,127.028409,37.648244,2007-09-20,벽부등,02-2091-4083,서울특별시 도봉구청,2017-05-17
03-08-08,1,서울특별시 도봉구 쌍문제3동 122-49,서울특별시 도봉구 쌍문제3동 122-49,127.031375,37.648872,2008-01-01,통신주,02-2091-4083,서울특별시 도봉구청,2017-05-17
03-02-08,1,서울특별시 도봉구 쌍문제3동 143-37,서울특별시 도봉구 쌍문제3동 143-37,127.033777,37.651024,2008-01-01,벽부등,02-2091-4083,서울특별시 도봉구청,2017-05-17
03-05-09,1,서울특별시 도봉구 노해로46길 5,서울특별시 도봉구 쌍문제3동 315-79,127.028567,37.64992,2012-05-15,한전주,02-2091-4083,서울특별시 도봉구청,2017-05-17
03-06-09,1,서울특별시 도봉구 쌍문제3동 315-241,서울특별시 도봉구 쌍문제3동 315-241,127.029296,37.648899,2008-01-01,한전주,02-2091-4083,서울특별시 도봉구청,2017-05-17
03-13-09,1,서울특별시 도봉구 노해로136-10,서울특별시 도봉구 쌍문제3동 375-17,127.025862,37.646615,2012-04-02,벽부등,02-2091-4083,서울특별시 도봉구청,2017-05-17
03-15-09,1,서울특별시 도봉구 쌍문제3동 103-140,서울특별시 도봉구 쌍문제3동 103-140,127.029418,37.644651,2007-04-30,한전주,02-2091-4083,서울특별시 도봉구청,2017-05-17
03-19-09,1,서울특별시 도봉구 도봉로113길 4-3,서울특별시 도봉구 쌍문제3동 88-43,127.033951,37.648186,2015-11-24,벽부등,02-2091-4083,서울특별시 도봉구청,2017-05-17
03-08-09,1,서울특별시 도봉구 쌍문제3동 122-89,서울특별시 도봉구 쌍문제3동 122-89,127.031064,37.648801,2006-11-22,한전주,02-2091-4083,서울특별시 도봉구청,2017-05-17
03-02-09,1,서울특별시 도봉구 쌍문제3동 143-7,서울특별시 도봉구 쌍문제3동 143-7,127.034089,37.651018,2008-01-01,벽부등,02-2091-4083,서울특별시 도봉구청,2017-05-17
03-18-09,1,서울특별시 도봉구 쌍문제3동 100-26,서울특별시 도봉구 쌍문제3동 100-26,127.032611,37.647042,2008-01-01,통신주,02-2091-4083,서울특별시 도봉구청,2017-05-17
03-10-09,1,서울특별시 도봉구 쌍문제3동 315-40,서울특별시 도봉구 쌍문제3동 315-40,127.029973,37.647649,2008-01-01,한전주,02-2091-4083,서울특별시 도봉구청,2017-05-17
03-16-09,1,서울특별시 도봉구 쌍문제3동 103-101,서울특별시 도봉구 쌍문제3동 103-101,127.031253,37.644277,2007-11-06,한전주,02-2091-4083,서울특별시 도봉구청,2017-05-17
03-04-09,1,서울특별시 도봉구 노해로 226-8,서울특별시 도봉구 쌍문제3동 139-4,127.03115,37.650514,2008-01-01,한전주,02-2091-4083,서울특별시 도봉구청,2017-05-17
03-03-09,1,서울특별시 도봉구 도봉로117길 26-5,서울특별시 도봉구 쌍문제3동 138-92,127.033405,37.650009,2006-03-17,한전주,02-2091-4083,서울특별시 도봉구청,2017-05-17
03-01-09,1,서울특별시 도봉구 쌍문제3동 88-5,서울특별시 도봉구 쌍문제3동 88-5,127.035158,37.650359,2008-01-01,벽부등,02-2091-4083,서울특별시 도봉구청,2017-05-17
03-07-09,1,서울특별시 도봉구 쌍문제3동 315-20,서울특별시 도봉구 쌍문제3동 315-20,127.030597,37.648329,2006-11-03,한전주,02-2091-4083,서울특별시 도봉구청,2017-05-17
03-11-09,1,서울특별시 도봉구 쌍문제3동 315-266,서울특별시 도봉구 쌍문제3동 315-266,127.028502,37.648325,2007-09-20,벽부등,02-2091-4083,서울특별시 도봉구청,2017-05-17
03-09-09,1,서울특별시 도봉구 쌍문제3동 98-19,서울특별시 도봉구 쌍문제3동 98-19,127.033078,37.648203,2006-08-19,벽부등,02-2091-4083,서울특별시 도봉구청,2017-05-17
03-17-09,1,서울특별시 도봉구 쌍문제3동 103-207,서울특별시 도봉구 쌍문제3동 103-207,127.031723,37.646084,2008-01-01,통신주,02-2091-4083,서울특별시 도봉구청,2017-05-17
03-05-10,1,서울특별시 도봉구 노해로46길 15,서울특별시 도봉구 쌍문제3동 315-82,127.029042,37.649731,2006-04-13,한전주,02-2091-4083,서울특별시 도봉구청,2017-05-17
03-10-10,1,서울특별시 도봉구 쌍문제3동 315-272,서울특별시 도봉구 쌍문제3동 315-272,127.029538,37.647583,2008-01-01,한전주,02-2091-4083,서울특별시 도봉구청,2017-05-17
03-18-10,1,서울특별시 도봉구 노해로60길 102-8,서울특별시 도봉구 쌍문제3동 100-19,127.032441,37.647225,2008-01-01,벽부등,02-2091-4083,서울특별시 도봉구청,2017-05-17
03-08-10,1,서울특별시 도봉구 쌍문제3동 122-53,서울특별시 도봉구 쌍문제3동 122-53,127.031153,37.648452,2008-01-01,한전주,02-2091-4083,서울특별시 도봉구청,2017-05-17
03-19-10,1,서울특별시 도봉구 쌍문제3동 88-28,서울특별시 도봉구 쌍문제3동 88-28,127.033668,37.648374,2008-01-01,벽부등,02-2091-4083,서울특별시 도봉구청,2017-05-17
14-07-18,1,서울특별시 도봉구 도봉제1동 568-5,서울특별시 도봉구 도봉제1동 568-5,127.044559,37.684739,2008-01-01,벽부등,02-2091-4083,서울특별시 도봉구청,2017-05-17
03-16-24,1,서울특별시 도봉구 쌍문제3동 103-131,서울특별시 도봉구 쌍문제3동 103-131,127.030718,37.644763,2008-01-01,벽부등,02-2091-4083,서울특별시 도봉구청,2017-05-17
03-17-24,1,서울특별시 도봉구 쌍문제3동 103-228,서울특별시 도봉구 쌍문제3동 103-228,127.032371,37.64555,2008-01-01,벽부등,02-2091-4083,서울특별시 도봉구청,2017-05-17
03-10-24,1,서울특별시 도봉구 쌍문제3동 315-28,서울특별시 도봉구 쌍문제3동 315-28,127.02992,37.647331,2008-01-01,벽부등,02-2091-4083,서울특별시 도봉구청,2017-05-17
03-02-24,1,서울특별시 도봉구 쌍문제3동 141-20,서울특별시 도봉구 쌍문제3동 141-20,127.033689,37.650214,2008-01-01,벽부등,02-2091-4083,서울특별시 도봉구청,2017-05-17
03-02-25,2,서울특별시 도봉구 노해로60길34-11,서울특별시 도봉구 쌍문제3동 141-6,127.033711,37.650018,2013-09-12,한전주,02-2091-4083,서울특별시 도봉구청,2017-05-17
03-11-25,1,서울특별시 도봉구 쌍문제3동 334-5,서울특별시 도봉구 쌍문제3동 334-5,127.028814,37.647712,2007-04-20,벽부등,02-2091-4083,서울특별시 도봉구청,2017-05-17
03-06-25,1,서울특별시 도봉구 노해로44길 31,서울특별시 도봉구 쌍문제3동 315-435,127.029042,37.648497,2012-11-07,한전주,02-2091-4083,서울특별시 도봉구청,2017-05-17
03-17-25,1,서울특별시 도봉구 쌍문제3동 103-23,서울특별시 도봉구 쌍문제3동 103-23,127.032556,37.646531,2008-01-01,벽부등,02-2091-4083,서울특별시 도봉구청,2017-05-17
03-16-25,1,서울특별시 도봉구 쌍문제3동 103-199,서울특별시 도봉구 쌍문제3동 103-199,127.03098,37.644701,2007-04-09,벽부등,02-2091-4083,서울특별시 도봉구청,2017-05-17
03-09-25,1,서울특별시 도봉구 도봉로113길 17-22,서울특별시 도봉구 쌍문제3동 98-42,127.032815,37.647802,2008-01-01,벽부등,02-2091-4083,서울특별시 도봉구청,2017-05-17
03-10-25,1,서울특별시 도봉구 쌍문제3동 334-1,서울특별시 도봉구 쌍문제3동 334-1,127.028989,37.648008,2008-01-01,한전주,02-2091-4083,서울특별시 도봉구청,2017-05-17
03-04-25,1,서울특별시 도봉구 쌍문제3동 139-51,서울특별시 도봉구 쌍문제3동 139-51,127.03132,37.649725,2008-01-01,한전주,02-2091-4083,서울특별시 도봉구청,2017-05-17
03-03-25,1,서울특별시 도봉구 쌍문제3동 138-131,서울특별시 도봉구 쌍문제3동 138-131,127.031797,37.650005,2008-01-01,벽부등,02-2091-4083,서울특별시 도봉구청,2017-05-17
03-19-25,1,서울특별시 도봉구 쌍문제3동 94-45,서울특별시 도봉구 쌍문제3동 94-45,127.033159,37.648886,2008-01-01,한전주,02-2091-4083,서울특별시 도봉구청,2017-05-17
03-08-25,1,서울특별시 도봉구 쌍문제3동 120-5,서울특별시 도봉구 쌍문제3동 120-5,127.0321,37.648828,2008-01-01,벽부등,02-2091-4083,서울특별시 도봉구청,2017-05-17
03-11-26,1,서울특별시 도봉구 노해로42길14,서울특별시 도봉구 쌍문제3동 340-3,127.02777,37.648661,2013-03-18,통신주,02-2091-4083,서울특별시 도봉구청,2017-05-17
03-17-26,1,서울특별시 도봉구 쌍문제3동 103-202,서울특별시 도봉구 쌍문제3동 103-202,127.032071,37.646075,2008-01-01,한전주,02-2091-4083,서울특별시 도봉구청,2017-05-17
03-06-26,1,서울특별시 도봉구 노해로42길59-10,서울특별시 도봉구 쌍문제3동 315-247,127.029512,37.64896,2013-10-02,벽부등,02-2091-4083,서울특별시 도봉구청,2017-05-17
03-03-26,1,서울특별시 도봉구 쌍문제3동 138-143,서울특별시 도봉구 쌍문제3동 138-143,127.03178,37.649876,2008-01-01,벽부등,02-2091-4083,서울특별시 도봉구청,2017-05-17
03-10-26,1,서울특별시 도봉구 노해로44길 42,서울특별시 도봉구 쌍문제3동 315-363,127.029526,37.648262,2012-11-07,한전주,02-2091-4083,서울특별시 도봉구청,2017-05-17
03-19-26,1,서울특별시 도봉구 도봉로115길 27,서울특별시 도봉구 쌍문제3동 94-51,127.03302,37.648937,2008-01-01,전용주,02-2091-4083,서울특별시 도봉구청,2017-05-17
03-02-26,2,서울특별시 도봉구 노해로60길34-5,서울특별시 도봉구 쌍문제3동 141-47,127.03404,37.649883,2013-09-25,한전주,02-2091-4083,서울특별시 도봉구청,2017-05-17
03-16-26,1,서울특별시 도봉구 쌍문제3동 103-123,서울특별시 도봉구 쌍문제3동 103-123,127.030866,37.644569,2008-01-01,한전주,02-2091-4083,서울특별시 도봉구청,2017-05-17
03-09-26,1,서울특별시 도봉구 쌍문제3동 98-80,서울특별시 도봉구 쌍문제3동 98-80,127.032632,37.647453,2008-01-01,한전주,02-2091-4083,서울특별시 도봉구청,2017-05-17
03-08-26,1,서울특별시 도봉구 쌍문제3동 120-8,서울특별시 도봉구 쌍문제3동 120-8,127.032343,37.648755,2008-01-01,한전주,02-2091-4083,서울특별시 도봉구청,2017-05-17
03-11-27,1,서울특별시 도봉구 노해로42길21,서울특별시 도봉구 쌍문제3동 380-13,127.027994,37.648317,2013-03-18,한전주,02-2091-4083,서울특별시 도봉구청,2017-05-17
03-08-27,1,서울특별시 도봉구 쌍문제3동 120-10,서울특별시 도봉구 쌍문제3동 120-10,127.032331,37.648516,2006-06-30,한전주,02-2091-4083,서울특별시 도봉구청,2017-05-17
03-10-27,1,서울특별시 도봉구 도봉로109길46-15,서울특별시 도봉구 쌍문제3동 315-24,127.030711,37.647819,2013-05-02,벽부등,02-2091-4083,서울특별시 도봉구청,2017-05-17
03-19-27,1,서울특별시 도봉구 쌍문제3동 94-52,서울특별시 도봉구 쌍문제3동 94-52,127.032912,37.64873,2006-08-09,벽부등,02-2091-4083,서울특별시 도봉구청,2017-05-17
03-06-27,1,서울특별시 도봉구 노해로170-9,서울특별시 도봉구 쌍문제3동 315-91,127.02839,37.649558,2013-11-01,벽부등,02-2091-4083,서울특별시 도봉구청,2017-05-17
03-02-27,1,서울특별시 도봉구 쌍문제3동 141-49,서울특별시 도봉구 쌍문제3동 141-49,127.03424,37.649705,2007-03-20,벽부등,02-2091-4083,서울특별시 도봉구청,2017-05-17
03-17-27,1,서울특별시 도봉구 쌍문제3동 103-224,서울특별시 도봉구 쌍문제3동 103-224,127.032458,37.645648,2008-01-01,벽부등,02-2091-4083,서울특별시 도봉구청,2017-05-17
03-03-27,1,서울특별시 도봉구 도봉로117길 56,서울특별시 도봉구 쌍문제3동 138-142,127.031796,37.649757,2008-01-01,한전주,02-2091-4083,서울특별시 도봉구청,2017-05-17
01-20-26,1,서울특별시 도봉구 우이천로44길 21,서울특별시 도봉구 쌍문제1동 494-11,127.017247,37.654554,2008-01-01,한전주,02-2091-4083,서울특별시 도봉구청,2017-05-17
01-25-26,1,서울특별시 도봉구 쌍문제1동 531-44,서울특별시 도봉구 쌍문제1동 531-44,127.015241,37.658957,2008-01-01,한전주,02-2091-4083,서울특별시 도봉구청,2017-05-17
01-03-26,1,서울특별시 도봉구 노해로45길 41,서울특별시 도봉구 쌍문제1동 281-21,127.025842,37.650881,2015-11-24,한전주,02-2091-4083,서울특별시 도봉구청,2017-05-17
01-07-26,1,서울특별시 도봉구 쌍문제1동 414-82,서울특별시 도봉구 쌍문제1동 414-82,127.019079,37.649682,2008-01-01,한전주,02-2091-4083,서울특별시 도봉구청,2017-05-17
01-14-26,1,서울특별시 도봉구 우이천로38나길 61,서울특별시 도봉구 쌍문제1동 460-231,127.021882,37.653535,2008-01-01,한전주,02-2091-4083,서울특별시 도봉구청,2017-05-17
01-16-26,1,서울특별시 도봉구 쌍문제1동 418-9,서울특별시 도봉구 쌍문제1동 418-9,127.018517,37.648789,2008-01-01,전용주,02-2091-4083,서울특별시 도봉구청,2017-05-17
01-12-26,1,서울특별시 도봉구 쌍문제1동 460-58,서울특별시 도봉구 쌍문제1동 460-58,127.02334,37.652656,2008-01-01,전용주,02-2091-4083,서울특별시 도봉구청,2017-05-17
01-24-26,1,서울특별시 도봉구 쌍문제1동 507-37,서울특별시 도봉구 쌍문제1동 507-37,127.014158,37.659613,2008-01-01,한전주,02-2091-4083,서울특별시 도봉구청,2017-05-17
01-05-26,1,서울특별시 도봉구 쌍문제1동 299-1,서울특별시 도봉구 쌍문제1동 299-1,127.024522,37.649808,2007-11-16,한전주,02-2091-4083,서울특별시 도봉구청,2017-05-17
01-15-26,1,서울특별시 도봉구 우이천로42길 21,서울특별시 도봉구 쌍문제1동 478-90,127.017553,37.65413,2008-01-01,한전주,02-2091-4083,서울특별시 도봉구청,2017-05-17
01-21-26,1,서울특별시 도봉구 쌍문제1동 480-12,서울특별시 도봉구 쌍문제1동 480-12,127.017666,37.655004,2010-03-29,벽부등,02-2091-4083,서울특별시 도봉구청,2017-05-17
01-19-26,1,서울특별시 도봉구 쌍문제1동 498-97,서울특별시 도봉구 쌍문제1동 498-97,127.015046,37.654007,2006-06-24,벽부등,02-2091-4083,서울특별시 도봉구청,2017-05-17
01-23-26,1,서울특별시 도봉구 우이천로50길 44,서울특별시 도봉구 쌍문제1동 524-10,127.018132,37.657004,2008-01-01,한전주,02-2091-4083,서울특별시 도봉구청,2017-05-17
01-23-27,1,서울특별시 도봉구 쌍문제1동 524-9,서울특별시 도봉구 쌍문제1동 524-9,127.018117,37.657122,2008-01-01,통신주,02-2091-4083,서울특별시 도봉구청,2017-05-17
01-15-27,1,서울특별시 도봉구 쌍문제1동 478-88,서울특별시 도봉구 쌍문제1동 478-88,127.017769,37.654211,2007-02-07,전용주,02-2091-4083,서울특별시 도봉구청,2017-05-17
01-16-27,1,서울특별시 도봉구 우이천로45길 9,서울특별시 도봉구 쌍문제1동 427,127.0183,37.648805,2008-01-01,한전주,02-2091-4083,서울특별시 도봉구청,2017-05-17
01-09-27,1,서울특별시 도봉구 쌍문제1동 297-8,서울특별시 도봉구 쌍문제1동 297-8,127.023455,37.6501,2008-01-01,벽부등,02-2091-4083,서울특별시 도봉구청,2017-05-17
01-20-27,1,서울특별시 도봉구 우이천로48길 4,서울특별시 도봉구 쌍문제1동,127.016061,37.65585,2015-07-06,벽부등,02-2091-4083,서울특별시 도봉구청,2017-05-17
01-04-27,1,서울특별시 도봉구 쌍문제1동 349-24,서울특별시 도봉구 쌍문제1동 349-24,127.025279,37.647771,2008-01-01,한전주,02-2091-4083,서울특별시 도봉구청,2017-05-17
01-18-27,1,서울특별시 도봉구 삼양로 574-23,서울특별시 도봉구 쌍문제1동 503-38,127.013696,37.654657,2014-07-10,벽부등,02-2091-4083,서울특별시 도봉구청,2017-05-17
01-07-27,1,서울특별시 도봉구 쌍문제1동 414-193,서울특별시 도봉구 쌍문제1동 414-193,127.019331,37.64967,2007-09-11,한전주,02-2091-4083,서울특별시 도봉구청,2017-05-17
01-25-27,1,서울특별시 도봉구 쌍문제1동 531-29,서울특별시 도봉구 쌍문제1동 531-29,127.015189,37.659059,2008-01-01,한전주,02-2091-4083,서울특별시 도봉구청,2017-05-17
01-12-27,1,서울특별시 도봉구 쌍문제1동 460-56,서울특별시 도봉구 쌍문제1동 460-56,127.023151,37.652867,2008-01-01,한전주,02-2091-4083,서울특별시 도봉구청,2017-05-17
01-17-27,1,서울특별시 도봉구 쌍문제1동 422-65,서울특별시 도봉구 쌍문제1동 422-65,127.014272,37.651758,2006-08-05,전용주,02-2091-4083,서울특별시 도봉구청,2017-05-17
01-08-27,2,서울특별시 도봉구 쌍문제1동 449-7,서울특별시 도봉구 쌍문제1동 449-7,127.02342,37.649731,2008-01-01,벽부등,02-2091-4083,서울특별시 도봉구청,2017-05-17
01-05-27,1,서울특별시 도봉구 쌍문제1동 299,서울특별시 도봉구 쌍문제1동 299,127.02476,37.649816,2008-01-01,한전주,02-2091-4083,서울특별시 도봉구청,2017-05-17
01-14-27,1,서울특별시 도봉구 우이천로38길 99,서울특별시 도봉구 쌍문제1동 460-8,127.021998,37.653417,2008-01-01,한전주,02-2091-4083,서울특별시 도봉구청,2017-05-17
01-21-27,1,서울특별시 도봉구 쌍문제1동 480-48,서울특별시 도봉구 쌍문제1동 480-48,127.017483,37.655043,2008-01-01,벽부등,02-2091-4083,서울특별시 도봉구청,2017-05-17
01-19-27,1,서울특별시 도봉구 쌍문제1동 498-98,서울특별시 도봉구 쌍문제1동 498-98,127.015419,37.654067,2008-01-01,한전주,02-2091-4083,서울특별시 도봉구청,2017-05-17
01-15-28,1,서울특별시 도봉구 쌍문제1동 478-15,서울특별시 도봉구 쌍문제1동 478-15,127.018104,37.654111,2008-01-01,벽부등,02-2091-4083,서울특별시 도봉구청,2017-05-17
01-20-28,1,서울특별시 도봉구 쌍문제1동 487-13,서울특별시 도봉구 쌍문제1동 487-13,127.016155,37.656008,2008-01-01,벽부등,02-2091-4083,서울특별시 도봉구청,2017-05-17
01-04-28,1,서울특별시 도봉구 우이천로32길 14,서울특별시 도봉구 쌍문제1동 349-9,127.025185,37.648429,2014-10-28,벽부등,02-2091-4083,서울특별시 도봉구청,2017-05-17
01-21-28,2,서울특별시 도봉구 쌍문제1동 485-61,서울특별시 도봉구 쌍문제1동 485-61,127.016807,37.655203,2007-05-31,한전주,02-2091-4083,서울특별시 도봉구청,2017-05-17
01-14-28,1,서울특별시 도봉구 우이천로38나길 59,서울특별시 도봉구 쌍문제1동 460-174,127.021757,37.653328,2008-01-01,한전주,02-2091-4083,서울특별시 도봉구청,2017-05-17
02-13-15,1,서울특별시 도봉구 쌍문제2동 75-44,서울특별시 도봉구 쌍문제2동 75-44,127.036026,37.653602,2006-05-04,한전주,02-2091-4083,서울특별시 도봉구청,2017-05-17
02-08-15,1,서울특별시 도봉구 방학로3길 89,서울특별시 도봉구 쌍문제2동 716-21,127.039614,37.659073,2007-06-26,한전주,02-2091-4083,서울특별시 도봉구청,2017-05-17
02-04-15,1,서울특별시 도봉구 쌍문제2동 26-10,서울특별시 도봉구 쌍문제2동 26-10,127.035984,37.660413,2008-01-01,한전주,02-2091-4083,서울특별시 도봉구청,2017-05-17
02-05-15,1,서울특별시 도봉구 쌍문제2동 25-2,서울특별시 도봉구 쌍문제2동 25-2,127.03724,37.660045,2008-01-01,한전주,02-2091-4083,서울특별시 도봉구청,2017-05-17
02-01-15,1,서울특별시 도봉구 쌍문제2동 707-23,서울특별시 도봉구 쌍문제2동 707-23,127.041249,37.661023,2008-01-01,벽부등,02-2091-4083,서울특별시 도봉구청,2017-05-17
02-11-16,1,서울특별시 도봉구 해등로17길 19,서울특별시 도봉구 쌍문제2동 644,127.038304,37.656143,2006-09-07,한전주,02-2091-4083,서울특별시 도봉구청,2017-05-17
02-02-16,1,서울특별시 도봉구 쌍문제2동 710-9,서울특별시 도봉구 쌍문제2동 710-9,127.038726,37.661542,2008-04-10,한전주,02-2091-4083,서울특별시 도봉구청,2017-05-17
02-06-16,1,서울특별시 도봉구 노해로44길 19,서울특별시 도봉구 쌍문제2동 25-48,127.036892,37.659013,2008-01-01,벽부등,02-2091-4083,서울특별시 도봉구청,2017-05-17
02-15-16,1,서울특별시 도봉구 쌍문제2동 81-276,서울특별시 도봉구 쌍문제2동 81-276,127.033973,37.6535,2007-02-10,한전주,02-2091-4083,서울특별시 도봉구청,2017-05-17
02-13-16,1,서울특별시 도봉구 쌍문제2동 75-46,서울특별시 도봉구 쌍문제2동 75-46,127.036332,37.653695,2006-12-20,벽부등,02-2091-4083,서울특별시 도봉구청,2017-05-17
02-10-16,1,서울특별시 도봉구 해등로 184,서울특별시 도봉구 쌍문제2동 45-8,127.036126,37.657953,2007-08-24,한전주,02-2091-4083,서울특별시 도봉구청,2017-05-17
02-20-16,1,서울특별시 도봉구 쌍문제2동 74-6,서울특별시 도봉구 쌍문제2동 74-6,127.035756,37.655165,2008-01-01,한전주,02-2091-4083,서울특별시 도봉구청,2017-05-17
02-01-16,1,서울특별시 도봉구 쌍문제2동 709-24,서울특별시 도봉구 쌍문제2동 709-24,127.039876,37.6615,2008-01-01,한전주,02-2091-4083,서울특별시 도봉구청,2017-05-17
02-04-16,1,서울특별시 도봉구 쌍문제2동 11-7,서울특별시 도봉구 쌍문제2동 11-7,127.035518,37.660357,2006-12-11,한전주,02-2091-4083,서울특별시 도봉구청,2017-05-17
02-09-16,1,서울특별시 도봉구 방학로3길 113,서울특별시 도봉구 쌍문제2동 563,127.038673,37.6583,2006-11-17,한전주,02-2091-4083,서울특별시 도봉구청,2017-05-17
02-17-16,1,서울특별시 도봉구 해등로17길,서울특별시 도봉구 쌍문제2동 81-149,127.035707,37.652009,2008-01-01,한전주,02-2091-4083,서울특별시 도봉구청,2017-05-17
02-08-16,1,서울특별시 도봉구 방학로3길 95,서울특별시 도봉구 쌍문제2동 716-24,127.039495,37.658873,2008-01-01,한전주,02-2091-4083,서울특별시 도봉구청,2017-05-17
02-05-16,2,서울특별시 도봉구 쌍문제2동 25-14,서울특별시 도봉구 쌍문제2동 25-14,127.036916,37.659874,2008-04-18,한전주,02-2091-4083,서울특별시 도봉구청,2017-05-17
02-16-16,1,서울특별시 도봉구 쌍문제2동 81-123,서울특별시 도봉구 쌍문제2동 81-123,127.033683,37.651689,2007-11-27,벽부등,02-2091-4083,서울특별시 도봉구청,2017-05-17
02-14-16,1,서울특별시 도봉구 쌍문제2동 81-235,서울특별시 도봉구 쌍문제2동 81-235,127.034404,37.653961,2008-03-15,한전주,02-2091-4083,서울특별시 도봉구청,2017-05-17
02-03-16,1,서울특별시 도봉구 쌍문제2동 29-10,서울특별시 도봉구 쌍문제2동 29-10,127.038049,37.660097,2008-01-01,벽부등,02-2091-4083,서울특별시 도봉구청,2017-05-17
02-05-17,1,서울특별시 도봉구 쌍문제2동 25-38,서울특별시 도봉구 쌍문제2동 25-38,127.036535,37.659739,2008-01-01,벽부등,02-2091-4083,서울특별시 도봉구청,2017-05-17
02-02-17,1,서울특별시 도봉구 쌍문제2동 710-10,서울특별시 도봉구 쌍문제2동 710-10,127.038737,37.661693,2006-11-16,한전주,02-2091-4083,서울특별시 도봉구청,2017-05-17
02-01-17,1,서울특별시 도봉구 쌍문제2동 709-27,서울특별시 도봉구 쌍문제2동 709-27,127.039675,37.661311,2006-09-25,한전주,02-2091-4083,서울특별시 도봉구청,2017-05-17
02-11-17,1,서울특별시 도봉구 해등로17길 12,서울특별시 도봉구 쌍문제2동 639-5,127.038497,37.656495,2007-01-20,한전주,02-2091-4083,서울특별시 도봉구청,2017-05-17
02-09-17,1,서울특별시 도봉구 방학로3길 121,서울특별시 도봉구 쌍문제2동 568,127.038513,37.658093,2006-11-17,한전주,02-2091-4083,서울특별시 도봉구청,2017-05-17
02-15-17,2,서울특별시 도봉구 도봉로123길 55,서울특별시 도봉구 쌍문제2동 81-99,127.033803,37.65355,2008-01-01,한전주,02-2091-4083,서울특별시 도봉구청,2017-05-17
02-13-17,1,서울특별시 도봉구 도봉로127길 10,서울특별시 도봉구 쌍문제2동 697,127.037179,37.654335,2015-11-24,한전주,02-2091-4083,서울특별시 도봉구청,2017-05-17
02-08-17,1,서울특별시 도봉구 도봉로135길 10,서울특별시 도봉구 쌍문제2동 716-27,127.039828,37.658731,2008-01-01,한전주,02-2091-4083,서울특별시 도봉구청,2017-05-17
02-20-17,1,서울특별시 도봉구 도봉로125길 57,서울특별시 도봉구 쌍문제2동 74-4,127.036758,37.655077,2006-12-06,한전주,02-2091-4083,서울특별시 도봉구청,2017-05-17
02-04-17,1,서울특별시 도봉구 쌍문제2동 12-3,서울특별시 도봉구 쌍문제2동 12-3,127.035066,37.660234,2008-01-01,한전주,02-2091-4083,서울특별시 도봉구청,2017-05-17
02-14-17,1,서울특별시 도봉구 노해로57길 68,서울특별시 도봉구 쌍문제2동 81-8,127.034563,37.65409,2008-01-01,한전주,02-2091-4083,서울특별시 도봉구청,2017-05-17
02-17-17,1,서울특별시 도봉구 쌍문제2동 81-180,서울특별시 도봉구 쌍문제2동 81-180,127.035614,37.651878,2007-06-14,한전주,02-2091-4083,서울특별시 도봉구청,2017-05-17
02-16-17,1,서울특별시 도봉구 쌍문제2동 81-122,서울특별시 도봉구 쌍문제2동 81-122,127.033751,37.651594,2008-01-01,벽부등,02-2091-4083,서울특별시 도봉구청,2017-05-17
03-09-10,1,서울특별시 도봉구 쌍문제3동 123-68,서울특별시 도봉구 쌍문제3동 123-68,127.031306,37.647312,2006-09-08,벽부등,02-2091-4083,서울특별시 도봉구청,2017-05-17
03-04-10,1,서울특별시 도봉구 쌍문제3동 139-5,서울특별시 도봉구 쌍문제3동 139-5,127.031156,37.650326,2006-09-25,한전주,02-2091-4083,서울특별시 도봉구청,2017-05-17
03-16-10,1,서울특별시 도봉구 쌍문제3동 103-100,서울특별시 도봉구 쌍문제3동 103-100,127.031057,37.644202,2007-11-27,벽부등,02-2091-4083,서울특별시 도봉구청,2017-05-17
03-15-10,1,서울특별시 도봉구 쌍문제3동 103-143,서울특별시 도봉구 쌍문제3동 103-143,127.029223,37.644462,2008-01-01,벽부등,02-2091-4083,서울특별시 도봉구청,2017-05-17
03-07-10,1,서울특별시 도봉구 노해로46길 55,서울특별시 도봉구 쌍문제3동 315-1,127.030787,37.648334,2008-01-01,벽부등,02-2091-4083,서울특별시 도봉구청,2017-05-17
03-01-10,1,서울특별시 도봉구 쌍문제3동 88-130,서울특별시 도봉구 쌍문제3동 88-130,127.035011,37.650104,2008-01-01,통신주,02-2091-4083,서울특별시 도봉구청,2017-05-17
03-06-10,1,서울특별시 도봉구 쌍문동 158-4,서울특별시 도봉구 쌍문제3동 315-181,127.029005,37.649015,2006-11-20,한전주,02-2091-4083,서울특별시 도봉구청,2017-05-17
03-03-10,1,서울특별시 도봉구 쌍문제3동 138-162,서울특별시 도봉구 쌍문제3동 138-162,127.033012,37.649827,2008-01-01,한전주,02-2091-4083,서울특별시 도봉구청,2017-05-17
03-11-10,1,서울특별시 도봉구 쌍문제3동 315-421,서울특별시 도봉구 쌍문제3동 315-421,127.028888,37.64824,2007-11-26,벽부등,02-2091-4083,서울특별시 도봉구청,2017-05-17
14-12-08,1,서울특별시 도봉구 도봉제1동 593-16,서울특별시 도봉구 도봉제1동 593-16,127.044132,37.680684,2008-02-12,한전주,02-2091-4083,서울특별시 도봉구청,2017-05-17
14-03-08,1,서울특별시 도봉구 도봉산4나길 28-12,서울특별시 도봉구 도봉제1동 272-334,127.043212,37.688665,2013-06-05,벽부등,02-2091-4083,서울특별시 도봉구청,2017-05-17
14-25-08,1,서울특별시 도봉구 시루봉로23가길 25,서울특별시 도봉구 도봉제1동 450-1,127.039106,37.672829,2007-07-03,한전주,02-2091-4083,서울특별시 도봉구청,2017-05-17
14-24-08,1,서울특별시 도봉구 도봉로157길 17,서울특별시 도봉구 도봉제1동 616-4,127.043062,37.673356,2008-04-17,벽부등,02-2091-4083,서울특별시 도봉구청,2017-05-17
14-08-08,1,서울특별시 도봉구 도봉로181길 29,서울특별시 도봉구 도봉제1동 566,127.044113,37.684191,2008-01-01,한전주,02-2091-4083,서울특별시 도봉구청,2017-05-17
14-10-08,1,서울특별시 도봉구 도봉로175길 10,서울특별시 도봉구 도봉제1동 577,127.04282,37.682812,2006-08-31,한전주,02-2091-4083,서울특별시 도봉구청,2017-05-17
14-21-08,2,서울특별시 도봉구 도봉제1동 601-1,서울특별시 도봉구 도봉제1동 601-1,127.04405,37.676076,2008-01-01,한전주,02-2091-4083,서울특별시 도봉구청,2017-05-17
14-11-08,1,서울특별시 도봉구 도봉로177가길 10-16,서울특별시 도봉구 도봉제1동 581-1,127.043917,37.682261,2007-10-15,한전주,02-2091-4083,서울특별시 도봉구청,2017-05-17
14-15-08,1,서울특별시 도봉구 도봉제1동 산98-17,서울특별시 도봉구 도봉제1동 산98-17,127.040818,37.677737,2006-12-13,한전주,02-2091-4083,서울특별시 도봉구청,2017-05-17
14-09-08,1,서울특별시 도봉구 도봉제1동 576-7,서울특별시 도봉구 도봉제1동 576-7,127.042731,37.684388,2008-01-01,한전주,02-2091-4083,서울특별시 도봉구청,2017-05-17
14-28-08,1,서울특별시 도봉구 도당로19가길 39,서울특별시 도봉구 도봉제1동 612-28,127.04185,37.670639,2010-03-26,한전주,02-2091-4083,서울특별시 도봉구청,2017-05-17
14-06-08,1,서울특별시 도봉구 도봉제1동 569-27,서울특별시 도봉구 도봉제1동 569-27,127.045203,37.685224,2008-01-01,전용주,02-2091-4083,서울특별시 도봉구청,2017-05-17
14-24-09,1,서울특별시 도봉구 도봉로157길 10,서울특별시 도봉구 도봉제1동 616-8,127.043459,37.673504,2006-08-31,한전주,02-2091-4083,서울특별시 도봉구청,2017-05-17
14-12-09,1,서울특별시 도봉구 도봉제1동 583-22,서울특별시 도봉구 도봉제1동 583-22,127.043848,37.680731,2008-02-12,한전주,02-2091-4083,서울특별시 도봉구청,2017-05-17
14-08-09,2,서울특별시 도봉구 도봉로181길 33-3,서울특별시 도봉구 도봉제1동 566-16,127.044045,37.683957,2006-05-09,한전주,02-2091-4083,서울특별시 도봉구청,2017-05-17
14-26-09,1,서울특별시 도봉구 시루봉로27가길 5,서울특별시 도봉구 도봉제1동 613-24,127.042538,37.6719,2008-01-01,한전주,02-2091-4083,서울특별시 도봉구청,2017-05-17
14-16-09,1,서울특별시 도봉구 도봉로175길 61,서울특별시 도봉구 도봉제1동 산68-45,127.042466,37.681712,2008-01-01,한전주,02-2091-4083,서울특별시 도봉구청,2017-05-17
14-09-09,1,서울특별시 도봉구 도봉제1동 576-42,서울특별시 도봉구 도봉제1동 576-42,127.042086,37.684412,2008-01-01,한전주,02-2091-4083,서울특별시 도봉구청,2017-05-17
14-25-09,1,서울특별시 도봉구 시루봉로23가길 11-58,서울특별시 도봉구 도봉제1동 451-4,127.03872,37.672532,2007-07-03,전용주,02-2091-4083,서울특별시 도봉구청,2017-05-17
14-17-09,2,서울특별시 도봉구 도봉제1동 578-15,서울특별시 도봉구 도봉제1동 578-15,127.042349,37.679808,2008-01-01,한전주,02-2091-4083,서울특별시 도봉구청,2017-05-17
14-18-09,1,서울특별시 도봉구 도봉제1동 427-36,서울특별시 도봉구 도봉제1동 427-36,127.039973,37.67937,2008-01-01,벽부등,02-2091-4083,서울특별시 도봉구청,2017-05-17
14-11-09,1,서울특별시 도봉구 도봉로177가길 10,서울특별시 도봉구 도봉제1동 581-5,127.04394,37.681701,2007-10-15,한전주,02-2091-4083,서울특별시 도봉구청,2017-05-17
14-02-09,2,서울특별시 도봉구 도봉제1동 493,서울특별시 도봉구 도봉제1동 493,127.030232,37.686166,2008-01-01,한전주,02-2091-4083,서울특별시 도봉구청,2017-05-17
14-28-09,1,서울특별시 도봉구 도봉제1동 612-33,서울특별시 도봉구 도봉제1동 612-33,127.041787,37.670793,2008-01-01,벽부등,02-2091-4083,서울특별시 도봉구청,2017-05-17
14-01-09,1,서울특별시 도봉구 도봉제1동 352-41,서울특별시 도봉구 도봉제1동 352-41,127.042205,37.691159,2007-08-09,한전주,02-2091-4083,서울특별시 도봉구청,2017-05-17
14-12-20,1,서울특별시 도봉구 도봉제1동 582-24,서울특별시 도봉구 도봉제1동 582-24,127.044759,37.681087,2008-01-01,벽부등,02-2091-4083,서울특별시 도봉구청,2017-05-17
14-16-20,1,서울특별시 도봉구 도봉제1동 584-2,서울특별시 도봉구 도봉제1동 584-2,127.043037,37.680073,2006-06-16,벽부등,02-2091-4083,서울특별시 도봉구청,2017-05-17
14-05-20,1,서울특별시 도봉구 도봉산3길 17-15,서울특별시 도봉구 도봉제1동 558-25,127.044838,37.68645,2007-04-20,한전주,02-2091-4083,서울특별시 도봉구청,2017-05-17
14-28-20,1,서울특별시 도봉구 도봉제1동 610-27,서울특별시 도봉구 도봉제1동 610-27,127.040431,37.670343,2008-01-01,벽부등,02-2091-4083,서울특별시 도봉구청,2017-05-17
14-24-20,1,서울특별시 도봉구 도봉제1동 616-31,서울특별시 도봉구 도봉제1동 616-31,127.042982,37.672954,2008-01-01,벽부등,02-2091-4083,서울특별시 도봉구청,2017-05-17
14-25-20,1,서울특별시 도봉구 도봉제1동 산96-4,서울특별시 도봉구 도봉제1동 산96-4,127.039512,37.674242,2008-01-01,전용주,02-2091-4083,서울특별시 도봉구청,2017-05-17
14-11-20,2,서울특별시 도봉구 도봉로181가길 37,서울특별시 도봉구 도봉제1동 563,127.04513,37.682387,2008-01-01,한전주,02-2091-4083,서울특별시 도봉구청,2017-05-17
14-18-20,1,서울특별시 도봉구 도봉제1동 425-7,서울특별시 도봉구 도봉제1동 425-7,127.03863,37.680015,2008-01-01,벽부등,02-2091-4083,서울특별시 도봉구청,2017-05-17
14-21-20,1,서울특별시 도봉구 도봉로169나길 63,서울특별시 도봉구 도봉제1동 600-17,203857,464121,2008-01-01,한전주,02-2091-4083,서울특별시 도봉구청,2017-05-17
14-23-20,1,서울특별시 도봉구 도봉제1동 604-13,서울특별시 도봉구 도봉제1동 604-13,127.042163,37.673815,2008-01-01,벽부등,02-2091-4083,서울특별시 도봉구청,2017-05-17
14-09-20,1,서울특별시 도봉구 도봉로181길 73,서울특별시 도봉구 도봉제1동 573-23,127.042108,37.685202,2008-01-01,한전주,02-2091-4083,서울특별시 도봉구청,2017-05-17
14-26-20,1,서울특별시 도봉구 도봉제1동 613-34,서울특별시 도봉구 도봉제1동 613-34,127.042196,37.671479,2008-01-01,벽부등,02-2091-4083,서울특별시 도봉구청,2017-05-17
14-19-20,1,서울특별시 도봉구 도봉제1동 535,서울특별시 도봉구 도봉제1동 535,127.028142,37.677422,2008-01-01,한전주,02-2091-4083,서울특별시 도봉구청,2017-05-17
14-10-20,1,서울특별시 도봉구 도봉로175길 29,서울특별시 도봉구 도봉제1동 578-17,127.042361,37.682113,2008-01-01,한전주,02-2091-4083,서울특별시 도봉구청,2017-05-17
14-06-20,1,서울특별시 도봉구 도봉로187길 23,서울특별시 도봉구 도봉제1동 570-7,127.044462,37.685844,2007-04-03,한전주,02-2091-4083,서울특별시 도봉구청,2017-05-17
14-22-20,1,서울특별시 도봉구 도봉제1동 136-12,서울특별시 도봉구 도봉제1동 136-12,127.042323,37.67487,2008-01-01,벽부등,02-2091-4083,서울특별시 도봉구청,2017-05-17
14-08-20,1,서울특별시 도봉구 도봉로181길 21,서울특별시 도봉구 도봉제1동 566-3,127.044741,37.684032,2006-09-08,한전주,02-2091-4083,서울특별시 도봉구청,2017-05-17
14-27-20,1,서울특별시 도봉구 도봉제1동 611-19,서울특별시 도봉구 도봉제1동 611-19,127.042223,37.670188,2008-01-01,한전주,02-2091-4083,서울특별시 도봉구청,2017-05-17
14-01-20,1,서울특별시 도봉구 도봉제1동 산6-1,서울특별시 도봉구 도봉제1동 산6-1,127.039855,37.690074,2008-01-01,한전주,02-2091-4083,서울특별시 도봉구청,2017-05-17
14-23-21,1,서울특별시 도봉구 도봉로159길 27-24,서울특별시 도봉구 도봉제1동 604-25,127.042454,37.673783,2015-11-24,벽부등,02-2091-4083,서울특별시 도봉구청,2017-05-17
14-12-21,1,서울특별시 도봉구 도봉제1동 582-9,서울특별시 도봉구 도봉제1동 582-9,127.04441,37.681516,2008-01-01,벽부등,02-2091-4083,서울특별시 도봉구청,2017-05-17
14-07-21,1,서울특별시 도봉구 도봉산3길 57,서울특별시 도봉구 도봉제1동 568,127.04376,37.684811,2008-01-01,한전주,02-2091-4083,서울특별시 도봉구청,2017-05-17
14-05-21,1,서울특별시 도봉구 도봉제1동 557-17,서울특별시 도봉구 도봉제1동 557-17,127.045018,37.686523,2008-01-01,한전주,02-2091-4083,서울특별시 도봉구청,2017-05-17
14-09-21,1,서울특별시 도봉구 도봉로181길 89,서울특별시 도봉구 도봉제1동 573-25,127.042343,37.685037,2008-01-01,한전주,02-2091-4083,서울특별시 도봉구청,2017-05-17
14-19-21,1,서울특별시 도봉구 도봉제1동 534,서울특별시 도봉구 도봉제1동 534,127.028337,37.677344,2008-01-01,한전주,02-2091-4083,서울특별시 도봉구청,2017-05-17
14-04-21,2,서울특별시 도봉구 도봉로181길 86-10,서울특별시 도봉구 도봉제1동 572-18,127.04214,37.68601,2008-01-01,한전주,02-2091-4083,서울특별시 도봉구청,2017-05-17
14-21-21,1,서울특별시 도봉구 도봉제1동 600-11,서울특별시 도봉구 도봉제1동 600-11,127.044116,37.677073,2008-01-01,벽부등,02-2091-4083,서울특별시 도봉구청,2017-05-17
14-15-21,1,서울특별시 도봉구 도봉로169길 77,서울특별시 도봉구 도봉제1동 593-49,127.041932,37.678829,2008-01-01,한전주,02-2091-4083,서울특별시 도봉구청,2017-05-17
14-22-21,1,서울특별시 도봉구 시루봉로23다길,서울특별시 도봉구 도봉제1동 599-37,127.042519,37.674801,2008-01-01,한전주,02-2091-4083,서울특별시 도봉구청,2017-05-17
14-24-21,1,서울특별시 도봉구 도봉로159길11,서울특별시 도봉구 도봉제1동 603-2,127.043493,37.67417,2008-01-01,벽부등,02-2091-4083,서울특별시 도봉구청,2017-05-17
14-18-21,1,서울특별시 도봉구 도봉제1동 425-1,서울특별시 도봉구 도봉제1동 425-1,127.038461,37.680161,2008-01-01,전용주,02-2091-4083,서울특별시 도봉구청,2017-05-17
14-16-21,1,서울특별시 도봉구  도봉로175길20-6,서울특별시 도봉구 도봉제1동 585-7,127.042556,37.680649,2012-09-14,한전주,02-2091-4083,서울특별시 도봉구청,2017-05-17
14-10-21,1,서울특별시 도봉구 도봉로175길 35,서울특별시 도봉구 도봉제1동 578-5,127.042383,37.681898,2008-01-01,한전주,02-2091-4083,서울특별시 도봉구청,2017-05-17
14-02-21,1,서울특별시 도봉구 도봉산길49-4,서울특별시 도봉구 도봉제1동 554-4,127.04002,37.686848,2012-05-08,벽부등,02-2091-4083,서울특별시 도봉구청,2017-05-17
01-07-28,1,서울특별시 도봉구 우이천로39길 18-5,서울특별시 도봉구 쌍문제1동 414-43,127.019558,37.649643,2012-04-09,벽부등,02-2091-4083,서울특별시 도봉구청,2017-05-17
01-17-28,1,서울특별시 도봉구 쌍문제1동 422-111,서울특별시 도봉구 쌍문제1동 422-111,127.014273,37.651961,2006-04-12,한전주,02-2091-4083,서울특별시 도봉구청,2017-05-17
01-08-28,1,서울특별시 도봉구 쌍문제1동 448-3,서울특별시 도봉구 쌍문제1동 448-3,127.022731,37.649949,2008-01-01,벽부등,02-2091-4083,서울특별시 도봉구청,2017-05-17
01-25-28,1,서울특별시 도봉구 쌍문제1동 531-2,서울특별시 도봉구 쌍문제1동 531-2,127.015228,37.659223,2008-01-01,전용주,02-2091-4083,서울특별시 도봉구청,2017-05-17
01-12-28,2,서울특별시 도봉구 우이천로38마길 6,서울특별시 도봉구 쌍문제1동 460-6,127.022786,37.653233,2008-01-01,한전주,02-2091-4083,서울특별시 도봉구청,2017-05-17
01-24-28,1,서울특별시 도봉구 쌍문제1동 507-45,서울특별시 도봉구 쌍문제1동 507-45,127.014428,37.657628,2007-02-09,전용주,02-2091-4083,서울특별시 도봉구청,2017-05-17
01-23-28,1,서울특별시 도봉구 쌍문제1동 524-8,서울특별시 도봉구 쌍문제1동 524-8,127.018461,37.657137,2008-01-01,통신주,02-2091-4083,서울특별시 도봉구청,2017-05-17
01-09-28,1,서울특별시 도봉구 쌍문제1동 297-7,서울특별시 도봉구 쌍문제1동 297-7,127.023599,37.6499,2006-09-05,한전주,02-2091-4083,서울특별시 도봉구청,2017-05-17
01-05-28,1,서울특별시 도봉구 쌍문제1동 299-9,서울특별시 도봉구 쌍문제1동 299-9,127.024855,37.650067,2006-08-07,한전주,02-2091-4083,서울특별시 도봉구청,2017-05-17
01-19-28,1,서울특별시 도봉구 쌍문제1동 427-42,서울특별시 도봉구 쌍문제1동 427-42,127.015392,37.654249,2008-01-01,벽부등,02-2091-4083,서울특별시 도봉구청,2017-05-17
01-04-29,2,서울특별시 도봉구 우이천로30길 9(쌍등),서울특별시 도봉구 쌍문제1동 349-5,127.025518,37.648056,2008-01-01,한전주,02-2091-4083,서울특별시 도봉구청,2017-05-17
01-05-29,1,서울특별시 도봉구 노해로41길 55,서울특별시 도봉구 쌍문제1동 292-1,127.024555,37.650129,2008-01-01,한전주,02-2091-4083,서울특별시 도봉구청,2017-05-17
01-17-29,1,서울특별시 도봉구 쌍문제1동 422-48,서울특별시 도봉구 쌍문제1동 422-48,127.014273,37.652119,2007-02-07,통신주,02-2091-4083,서울특별시 도봉구청,2017-05-17
01-07-29,1,서울특별시 도봉구 쌍문제1동 414-151,서울특별시 도봉구 쌍문제1동 414-151,127.01983,37.649526,2008-01-01,한전주,02-2091-4083,서울특별시 도봉구청,2017-05-17
01-12-29,1,서울특별시 도봉구 쌍문제1동 460-131,서울특별시 도봉구 쌍문제1동 460-131,127.023945,37.652249,2008-01-01,한전주,02-2091-4083,서울특별시 도봉구청,2017-05-17
01-03-29,1,서울특별시 도봉구 쌍문제1동 273-52,서울특별시 도봉구 쌍문제1동 273-52,127.026272,37.652085,2008-01-01,벽부등,02-2091-4083,서울특별시 도봉구청,2017-05-17
01-19-29,1,서울특별시 도봉구 쌍문제1동 498-51,서울특별시 도봉구 쌍문제1동 498-51,127.014944,37.654377,2007-09-22,한전주,02-2091-4083,서울특별시 도봉구청,2017-05-17
01-21-29,1,서울특별시 도봉구 쌍문제1동 480-35,서울특별시 도봉구 쌍문제1동 480-35,127.017335,37.654801,2008-01-01,벽부등,02-2091-4083,서울특별시 도봉구청,2017-05-17
01-25-29,1,서울특별시 도봉구 쌍문제1동 531-21,서울특별시 도봉구 쌍문제1동 531-21,127.015777,37.658889,2006-09-16,한전주,02-2091-4083,서울특별시 도봉구청,2017-05-17
01-24-29,1,서울특별시 도봉구 삼양로 621,서울특별시 도봉구 쌍문제1동 507-44,127.014415,37.657365,2007-02-09,전용주,02-2091-4083,서울특별시 도봉구청,2017-05-17
01-09-29,1,서울특별시 도봉구 쌍문제1동 286-60,서울특별시 도봉구 쌍문제1동 286-60,127.023274,37.649934,2008-01-01,한전주,02-2091-4083,서울특별시 도봉구청,2017-05-17
01-20-29,1,서울특별시 도봉구 쌍문제1동 480-30,서울특별시 도봉구 쌍문제1동 480-30,127.017191,37.654701,2007-02-08,벽부등,02-2091-4083,서울특별시 도봉구청,2017-05-17
01-15-29,1,서울특별시 도봉구 우이천로42나길33,서울특별시 도봉구 쌍문제1동 478-47,127.018154,37.654265,2008-01-01,한전주,02-2091-4083,서울특별시 도봉구청,2017-05-17
01-14-29,1,서울특별시 도봉구 우이천로38나길 51,서울특별시 도봉구 쌍문제1동 460-177,127.0217,37.652922,2008-01-01,한전주,02-2091-4083,서울특별시 도봉구청,2017-05-17
01-08-29,1,서울특별시 도봉구 쌍문제1동 448-5,서울특별시 도봉구 쌍문제1동 448-5,127.022708,37.649778,2007-03-26,벽부등,02-2091-4083,서울특별시 도봉구청,2017-05-17
01-23-29,1,서울특별시 도봉구 쌍문제1동 524-52,서울특별시 도봉구 쌍문제1동 524-52,127.018546,37.657052,2008-01-01,한전주,02-2091-4083,서울특별시 도봉구청,2017-05-17
01-14-30,1,서울특별시 도봉구 우이천로38나길38,서울특별시 도봉구 쌍문제1동 460-166,127.021859,37.652427,2012-03-22,벽부등,02-2091-4083,서울특별시 도봉구청,2017-05-17
01-12-30,1,서울특별시 도봉구 쌍문제1동 460-132,서울특별시 도봉구 쌍문제1동 460-132,127.023763,37.652084,2008-01-01,벽부등,02-2091-4083,서울특별시 도봉구청,2017-05-17
01-04-30,1,서울특별시 도봉구 노해로346-9,서울특별시 도봉구 쌍문제1동 346-29,127.025767,37.647903,2008-01-24,한전주,02-2091-4083,서울특별시 도봉구청,2017-05-17
01-19-30,1,서울특별시 도봉구 우이천로45길 18,서울특별시 도봉구 쌍문제1동 497-5,127.015094,37.654401,2008-01-01,한전주,02-2091-4083,서울특별시 도봉구청,2017-05-17
01-24-30,1,서울특별시 도봉구 삼양로 617,서울특별시 도봉구 쌍문제1동 508-16,127.014392,37.65714,2006-08-31,전용주,02-2091-4083,서울특별시 도봉구청,2017-05-17
01-17-30,1,서울특별시 도봉구 삼양로146길 17,서울특별시 도봉구 쌍문제1동 422-47,127.014244,37.652383,2007-02-20,한전주,02-2091-4083,서울특별시 도봉구청,2017-05-17
01-15-30,2,서울특별시 도봉구 우이천로42길 34,서울특별시 도봉구 쌍문제1동 478-13,127.018371,37.654289,2006-10-28,한전주,02-2091-4083,서울특별시 도봉구청,2017-05-17
01-07-30,1,서울특별시 도봉구 쌍문제1동 414-190,서울특별시 도봉구 쌍문제1동 414-190,127.019731,37.649391,2008-01-01,전용주,02-2091-4083,서울특별시 도봉구청,2017-05-17
02-06-17,1,서울특별시 도봉구 노해로44길 9,서울특별시 도봉구 쌍문제2동 36-26,127.037933,37.658862,2008-01-01,벽부등,02-2091-4083,서울특별시 도봉구청,2017-05-17
02-03-17,1,서울특별시 도봉구 쌍문제2동 29-13,서울특별시 도봉구 쌍문제2동 29-13,127.038127,37.659855,2008-01-01,벽부등,02-2091-4083,서울특별시 도봉구청,2017-05-17
02-03-18,1,서울특별시 도봉구 방학로5길 73,서울특별시 도봉구 쌍문제2동,127.037985,37.659468,2017-02-02,NULL,02-2091-4083,서울특별시 도봉구청,2017-05-17
02-04-18,1,서울특별시 도봉구 방학로7길 40,서울특별시 도봉구 쌍문제2동 26-4,127.03633,37.660911,2008-01-01,한전주,02-2091-4083,서울특별시 도봉구청,2017-05-17
02-17-18,1,서울특별시 도봉구 도봉로121가길 11,서울특별시 도봉구 쌍문제2동 81-150,127.035265,37.651847,2007-06-14,한전주,02-2091-4083,서울특별시 도봉구청,2017-05-17
02-05-18,1,서울특별시 도봉구 쌍문제2동 25-97,서울특별시 도봉구 쌍문제2동 25-97,127.036722,37.659948,2008-01-01,벽부등,02-2091-4083,서울특별시 도봉구청,2017-05-17
02-14-18,1,서울특별시 도봉구 도봉로123길 20,서울특별시 도봉구 쌍문제2동 81-233,127.035781,37.652928,2015-07-06,벽부등,02-2091-4083,서울특별시 도봉구청,2017-05-17
02-09-18,1,서울특별시 도봉구 방학로3길 123,서울특별시 도봉구 쌍문제2동 569,127.038423,37.657896,2008-01-01,한전주,02-2091-4083,서울특별시 도봉구청,2017-05-17
02-15-18,1,서울특별시 도봉구 쌍문제2동 81-100,서울특별시 도봉구 쌍문제2동 81-100,127.033478,37.65346,2008-01-01,벽부등,02-2091-4083,서울특별시 도봉구청,2017-05-17
02-08-18,2,서울특별시 도봉구 도봉로603-1,서울특별시 도봉구 쌍문제2동 716-31,127.040164,37.658612,2013-10-21,한전주,02-2091-4083,서울특별시 도봉구청,2017-05-17
02-06-18,1,서울특별시 도봉구 쌍문제2동 24-1,서울특별시 도봉구 쌍문제2동 24-1,127.037657,37.659151,2008-01-01,벽부등,02-2091-4083,서울특별시 도봉구청,2017-05-17
02-16-18,1,서울특별시 도봉구 쌍문제2동 81-364,서울특별시 도봉구 쌍문제2동 81-364,127.034042,37.651699,2008-01-01,벽부등,02-2091-4083,서울특별시 도봉구청,2017-05-17
02-13-18,1,서울특별시 도봉구 도봉로127길 21,서울특별시 도봉구 쌍문제2동 75-50,127.036575,37.654067,2007-02-28,한전주,02-2091-4083,서울특별시 도봉구청,2017-05-17
02-02-18,1,서울특별시 도봉구 쌍문제2동 710-8,서울특별시 도봉구 쌍문제2동 710-8,127.038859,37.661382,2008-01-01,벽부등,02-2091-4083,서울특별시 도봉구청,2017-05-17
02-01-18,1,서울특별시 도봉구 도봉로137길 47,서울특별시 도봉구 쌍문제2동 709-29,127.039884,37.6612,2008-01-01,한전주,02-2091-4083,서울특별시 도봉구청,2017-05-17
02-11-18,1,서울특별시 도봉구 해등로 157,서울특별시 도봉구 쌍문제2동 639-9,127.038621,37.656702,2007-01-20,한전주,02-2091-4083,서울특별시 도봉구청,2017-05-17
02-14-19,1,서울특별시 도봉구 도봉로127길 31-19,서울특별시 도봉구 쌍문제2동 81-336,127.035346,37.653448,2015-11-24,벽부등,02-2091-4083,서울특별시 도봉구청,2017-05-17
02-09-19,1,서울특별시 도봉구 쌍문제2동 43-4,서울특별시 도봉구 쌍문제2동 43-4,127.038027,37.657684,2017-02-01,한전주,02-2091-4083,서울특별시 도봉구청,2017-05-17
02-04-19,1,서울특별시 도봉구 방학로7길 62,서울특별시 도봉구 쌍문제2동 26-88,127.036141,37.659694,2007-03-17,벽부등,02-2091-4083,서울특별시 도봉구청,2017-05-17
02-08-19,1,서울특별시 도봉구 쌍문제2동 36-18,서울특별시 도봉구 쌍문제2동 36-18,127.039043,37.658874,2008-01-01,벽부등,02-2091-4083,서울특별시 도봉구청,2017-05-17
02-15-19,1,서울특별시 도봉구 쌍문제2동 81-342,서울특별시 도봉구 쌍문제2동 81-342,127.033433,37.653365,2007-03-27,한전주,02-2091-4083,서울특별시 도봉구청,2017-05-17
02-17-19,1,서울특별시 도봉구 쌍문제2동 81-177,서울특별시 도봉구 쌍문제2동 81-177,127.035634,37.651711,2008-01-01,벽부등,02-2091-4083,서울특별시 도봉구청,2017-05-17
02-13-19,1,서울특별시 도봉구 도봉로127길 10,서울특별시 도봉구 쌍문제2동 698,127.037634,37.65427,2008-01-01,한전주,02-2091-4083,서울특별시 도봉구청,2017-05-17
02-01-19,1,서울특별시 도봉구 쌍문제2동 709-32,서울특별시 도봉구 쌍문제2동 709-32,127.039881,37.661026,2008-01-01,한전주,02-2091-4083,서울특별시 도봉구청,2017-05-17
02-20-19,1,서울특별시 도봉구 도봉로127길 15,서울특별시 도봉구 쌍문제2동 683,127.036926,37.654688,2008-01-01,한전주,02-2091-4083,서울특별시 도봉구청,2017-05-17
02-03-19,1,서울특별시 도봉구 쌍문제2동 712,서울특별시 도봉구 쌍문제2동 712,127.03856,37.660618,2008-01-01,한전주,02-2091-4083,서울특별시 도봉구청,2017-05-17
02-02-19,1,서울특별시 도봉구 쌍문제2동 710-26,서울특별시 도봉구 쌍문제2동 710-26,127.03913,37.661191,2007-04-27,벽부등,02-2091-4083,서울특별시 도봉구청,2017-05-17
02-11-19,1,서울특별시 도봉구 쌍문제2동 639,서울특별시 도봉구 쌍문제2동 639,127.038343,37.65694,2008-01-01,벽부등,02-2091-4083,서울특별시 도봉구청,2017-05-17
02-05-19,1,서울특별시 도봉구 쌍문제2동 26-98,서울특별시 도봉구 쌍문제2동 26-98,127.036968,37.660135,2008-01-01,벽부등,02-2091-4083,서울특별시 도봉구청,2017-05-17
02-04-20,1,서울특별시 도봉구 도당로 22,서울특별시 도봉구 쌍문제2동 대웅APT월편,127.035052,37.66042,2012-12-07,한전주,02-2091-4083,서울특별시 도봉구청,2017-05-17
02-09-20,1,서울특별시 도봉구 쌍문제2동 619,서울특별시 도봉구 쌍문제2동 619,127.038403,37.657567,2008-01-01,한전주,02-2091-4083,서울특별시 도봉구청,2017-05-17
02-17-20,1,서울특별시 도봉구 쌍문제2동 81-411,서울특별시 도봉구 쌍문제2동 81-411,127.035572,37.65162,2007-06-13,한전주,02-2091-4083,서울특별시 도봉구청,2017-05-17
02-05-20,1,서울특별시 도봉구 쌍문제2동 27-5,서울특별시 도봉구 쌍문제2동 27-5,127.037287,37.660271,2008-01-01,전용주,02-2091-4083,서울특별시 도봉구청,2017-05-17
02-13-20,1,서울특별시 도봉구 도봉로125길 40,서울특별시 도봉구 쌍문제2동 684,127.036977,37.654171,2008-01-01,한전주,02-2091-4083,서울특별시 도봉구청,2017-05-17
14-19-09,1,서울특별시 도봉구 도봉제1동 536,서울특별시 도봉구 도봉제1동 536,127.023508,37.675071,2008-01-01,한전주,02-2091-4083,서울특별시 도봉구청,2017-05-17
14-03-09,1,서울특별시 도봉구 도봉산4길3-14,서울특별시 도봉구 도봉제1동 282-296,127.041154,37.687434,2013-07-29,한전주,02-2091-4083,서울특별시 도봉구청,2017-05-17
14-20-09,1,서울특별시 도봉구 도봉제1동 산98-9,서울특별시 도봉구 도봉제1동 산98-9,127.042692,37.676718,2008-01-01,전용주,02-2091-4083,서울특별시 도봉구청,2017-05-17
14-07-09,1,서울특별시 도봉구 도봉로 883-5,서울특별시 도봉구 도봉제1동 562-31,127.045721,37.683287,2012-11-28,한전주,02-2091-4083,서울특별시 도봉구청,2017-05-17
14-05-09,2,서울특별시 도봉구 도봉제1동 558-35,서울특별시 도봉구 도봉제1동 558-35,127.045019,37.686183,2007-09-08,한전주,02-2091-4083,서울특별시 도봉구청,2017-05-17
14-22-09,1,서울특별시 도봉구 도봉제1동 602-17,서울특별시 도봉구 도봉제1동 602-17,127.042961,37.674908,2008-01-01,한전주,02-2091-4083,서울특별시 도봉구청,2017-05-17
14-10-09,1,서울특별시 도봉구 도봉로175길 16,서울특별시 도봉구 도봉제1동 198-2,127.042223,37.682776,2008-01-01,한전주,02-2091-4083,서울특별시 도봉구청,2017-05-17
14-06-09,1,서울특별시 도봉구 도봉로183길 12,서울특별시 도봉구 도봉제1동 569-30,127.045126,37.684877,2008-01-01,한전주,02-2091-4083,서울특별시 도봉구청,2017-05-17
14-21-09,1,서울특별시 도봉구 도봉로163길 7-6,서울특별시 도봉구 도봉제1동 601-2,127.044038,37.675945,2008-01-01,벽부등,02-2091-4083,서울특별시 도봉구청,2017-05-17
14-15-09,2,서울특별시 도봉구 도봉로167길 64,서울특별시 도봉구 도봉제1동 593-27,127.041466,37.677964,2006-12-07,한전주,02-2091-4083,서울특별시 도봉구청,2017-05-17
14-23-09,1,서울특별시 도봉구 도봉제1동 605-15,서울특별시 도봉구 도봉제1동 605-15,127.042212,37.673363,2008-01-01,벽부등,02-2091-4083,서울특별시 도봉구청,2017-05-17
14-27-09,1,서울특별시 도봉구 도봉동 617-15,서울특별시 도봉구 도봉제1동 617-15,127.043665,37.672825,2008-01-01,한전주,02-2091-4083,서울특별시 도봉구청,2017-05-17
14-05-10,1,서울특별시 도봉구 도봉제1동 558-27,서울특별시 도봉구 도봉제1동 558-27,127.044819,37.686172,2007-04-20,한전주,02-2091-4083,서울특별시 도봉구청,2017-05-17
14-12-10,1,서울특별시 도봉구 도봉로177가길 9-14,서울특별시 도봉구 도봉제1동 583-12,127.044337,37.680932,2006-05-16,한전주,02-2091-4083,서울특별시 도봉구청,2017-05-17
14-01-10,1,서울특별시 도봉구 도봉제1동 352-2,서울특별시 도봉구 도봉제1동 352-2,127.041669,37.691199,2008-01-01,한전주,02-2091-4083,서울특별시 도봉구청,2017-05-17
14-27-10,1,서울특별시 도봉구 도당로31길 86,서울특별시 도봉구 도봉제1동 620-2,127.043067,37.671088,2008-01-01,한전주,02-2091-4083,서울특별시 도봉구청,2017-05-17
14-18-10,1,서울특별시 도봉구 도봉로173가길 9,서울특별시 도봉구 도봉제1동 591-2,127.040334,37.67955,2006-11-01,한전주,02-2091-4083,서울특별시 도봉구청,2017-05-17
14-23-10,1,서울특별시 도봉구 도봉로157길 36,서울특별시 도봉구 도봉제1동 605-14,127.042189,37.673522,2008-01-01,한전주,02-2091-4083,서울특별시 도봉구청,2017-05-17
14-03-10,1,서울특별시 도봉구 도봉로181길 86-4,서울특별시 도봉구 도봉제1동 572-1,127.041811,37.68573,2014-12-31,벽부등,02-2091-4083,서울특별시 도봉구청,2017-05-17
14-19-10,1,서울특별시 도봉구 도봉제1동 536,서울특별시 도봉구 도봉제1동 536,127.024363,37.675357,2008-01-01,전용주,02-2091-4083,서울특별시 도봉구청,2017-05-17
14-22-10,1,서울특별시 도봉구 시루봉로23길 116,서울특별시 도봉구 도봉제1동 602-13,127.043199,37.675134,2008-01-01,한전주,02-2091-4083,서울특별시 도봉구청,2017-05-17
14-21-10,1,서울특별시 도봉구 도봉로 795-19,서울특별시 도봉구 도봉제1동 601-13,127.044083,37.675549,2008-01-01,한전주,02-2091-4083,서울특별시 도봉구청,2017-05-17
14-16-10,1,서울특별시 도봉구 도봉로175길 61,서울특별시 도봉구 도봉제1동 산68-45,127.042488,37.68136,2008-01-01,한전주,02-2091-4083,서울특별시 도봉구청,2017-05-17
14-17-10,1,서울특별시 도봉구 도봉로171길 18,서울특별시 도봉구 도봉제1동 587-22,127.042694,37.679534,2008-01-01,한전주,02-2091-4083,서울특별시 도봉구청,2017-05-17
14-02-10,1,서울특별시 도봉구 도봉산역 횡단보도앞,서울특별시 도봉구 도봉제1동 299,127.045412,37.688853,2016-12-02,전용주,02-2091-4083,서울특별시 도봉구청,2017-05-17
14-08-10,1,서울특별시 도봉구 도봉제1동 566-20,서울특별시 도봉구 도봉제1동 566-20,127.043919,37.683553,2008-01-01,한전주,02-2091-4083,서울특별시 도봉구청,2017-05-17
14-28-10,2,서울특별시 도봉구 도당로29길 77,서울특별시 도봉구 도봉제1동 612-44,127.042297,37.670645,2007-04-14,한전주,02-2091-4083,서울특별시 도봉구청,2017-05-17
14-20-10,1,서울특별시 도봉구 도봉제1동 598-7,서울특별시 도봉구 도봉제1동 598-7,127.042656,37.677044,2008-01-01,전용주,02-2091-4083,서울특별시 도봉구청,2017-05-17
14-09-10,1,서울특별시 도봉구 도봉제1동 573-3,서울특별시 도봉구 도봉제1동 573-3,127.041965,37.684701,2008-01-01,한전주,02-2091-4083,서울특별시 도봉구청,2017-05-17
14-24-10,2,서울특별시 도봉구 도봉제1동 616-13,서울특별시 도봉구 도봉제1동 616-13,127.043534,37.673272,2008-01-01,한전주,02-2091-4083,서울특별시 도봉구청,2017-05-17
14-07-10,1,서울특별시 도봉구 도봉제1동 561-7,서울특별시 도봉구 도봉제1동 561-7,127.045399,37.684175,2006-09-15,한전주,02-2091-4083,서울특별시 도봉구청,2017-05-17
14-25-10,1,서울특별시 도봉구 도봉제1동 451-4,서울특별시 도봉구 도봉제1동 451-4,127.038972,37.672287,2008-01-01,전용주,02-2091-4083,서울특별시 도봉구청,2017-05-17
14-15-10,1,서울특별시 도봉구 도봉제1동 593-25,서울특별시 도봉구 도봉제1동 593-25,127.041493,37.678222,2006-04-08,한전주,02-2091-4083,서울특별시 도봉구청,2017-05-17
14-26-10,2,서울특별시 도봉구 도봉제1동 614-29,서울특별시 도봉구 도봉제1동 614-29,127.042586,37.672177,2008-01-01,한전주,02-2091-4083,서울특별시 도봉구청,2017-05-17
03-09-37,1,서울특별시 도봉구 노해로60가길7,서울특별시 도봉구 쌍문제3동 100-1,127.03248,37.647434,2013-03-18,통신주,02-2091-4083,서울특별시 도봉구청,2017-05-17
03-19-37,1,서울특별시 도봉구 쌍문제3동 88-95,서울특별시 도봉구 쌍문제3동 88-95,127.034271,37.649023,2008-01-01,한전주,02-2091-4083,서울특별시 도봉구청,2017-05-17
03-19-38,1,서울특별시 도봉구 쌍문제3동 98-69,서울특별시 도봉구 쌍문제3동 98-69,127.032082,37.648287,2008-01-01,벽부등,02-2091-4083,서울특별시 도봉구청,2017-05-17
03-09-38,1,서울특별시 도봉구 도봉로109길 18,서울특별시 도봉구 쌍문제3동 123-10,127.031206,37.647841,2016-05-16,벽부등,02-2091-4083,서울특별시 도봉구청,2017-05-17
03-19-39,1,서울특별시 도봉구 쌍문제3동 88-26,서울특별시 도봉구 쌍문제3동 88-26,127.03414,37.64954,2008-01-01,한전주,02-2091-4083,서울특별시 도봉구청,2017-05-17
03-19-41,1,서울특별시 도봉구 도봉로117길 5-13,서울특별시 도봉구 쌍문제3동 88-99,127.034209,37.648829,2008-01-01,한전주,02-2091-4083,서울특별시 도봉구청,2017-05-17
03-19-42,1,서울특별시 도봉구 쌍문제3동 94-47,서울특별시 도봉구 쌍문제3동 94-47,127.032437,37.648532,2008-01-01,벽부등,02-2091-4083,서울특별시 도봉구청,2017-05-17
03-19-43,1,서울특별시 도봉구 쌍문제3동 88-39,서울특별시 도봉구 쌍문제3동 88-39,127.033447,37.648128,2007-04-15,한전주,02-2091-4083,서울특별시 도봉구청,2017-05-17
03-19-44,1,서울특별시 도봉구 쌍문제3동 88-81,서울특별시 도봉구 쌍문제3동 88-81,127.033683,37.648603,2007-04-15,한전주,02-2091-4083,서울특별시 도봉구청,2017-05-17
03-19-45,1,서울특별시 도봉구 쌍문제3동 94-16,서울특별시 도봉구 쌍문제3동 94-16,127.032677,37.648846,2007-04-16,벽부등,02-2091-4083,서울특별시 도봉구청,2017-05-17
03-19-46,1,서울특별시 도봉구 도봉로117길5-6,서울특별시 도봉구 쌍문제3동 88-82,127.034391,37.649216,2012-05-23,벽부등,02-2091-4083,서울특별시 도봉구청,2017-05-17
04-22-01,1,서울특별시 도봉구 쌍문제4동 59-12,서울특별시 도봉구 쌍문제4동 59-12,127.031116,37.655494,2008-01-01,한전주,02-2091-4083,서울특별시 도봉구청,2017-05-17
04-01-01,1,서울특별시 도봉구 노해로57길 7,서울특별시 도봉구 쌍문제4동 137-40,127.033213,37.651451,2006-10-17,한전주,02-2091-4083,서울특별시 도봉구청,2017-05-17
04-23-01,1,서울특별시 도봉구 쌍문제4동 59-9,서울특별시 도봉구 쌍문제4동 59-9,127.028303,37.655332,2008-01-01,벽부등,02-2091-4083,서울특별시 도봉구청,2017-05-17
04-16-01,1,서울특별시 도봉구 쌍문제4동 118-2,서울특별시 도봉구 쌍문제4동 118-2,127.030427,37.655861,2008-01-01,한전주,02-2091-4083,서울특별시 도봉구청,2017-05-17
04-04-01,1,서울특별시 도봉구 쌍문제4동 137-192,서울특별시 도봉구 쌍문제4동 137-192,127.030999,37.651554,2008-01-01,한전주,02-2091-4083,서울특별시 도봉구청,2017-05-17
04-17-01,1,서울특별시 도봉구 쌍문제4동 248-2,서울특별시 도봉구 쌍문제4동 248-2,127.028253,37.658705,2008-01-01,한전주,02-2091-4083,서울특별시 도봉구청,2017-05-17
04-06-01,1,서울특별시 도봉구 쌍문제4동 159-11,서울특별시 도봉구 쌍문제4동 159-11,127.033259,37.655483,2006-05-19,한전주,02-2091-4083,서울특별시 도봉구청,2017-05-17
04-07-01,2,서울특별시 도봉구 시루봉로2길 80,서울특별시 도봉구 쌍문제4동 159-20,127.032705,37.655487,2007-01-19,한전주,02-2091-4083,서울특별시 도봉구청,2017-05-17
04-02-01,1,서울특별시 도봉구 쌍문제4동 137-132,서울특별시 도봉구 쌍문제4동 137-132,127.031216,37.651635,2008-01-01,한전주,02-2091-4083,서울특별시 도봉구청,2017-05-17
04-18-01,1,서울특별시 도봉구 쌍문제4동 53,서울특별시 도봉구 쌍문제4동 53,127.029709,37.658417,2010-04-05,한전주,02-2091-4083,서울특별시 도봉구청,2017-05-17
04-20-01,1,서울특별시 도봉구 쌍문제4동 239-3,서울특별시 도봉구 쌍문제4동 239-3,127.029851,37.657306,2008-01-01,한전주,02-2091-4083,서울특별시 도봉구청,2017-05-17
04-21-01,1,서울특별시 도봉구 시루봉로 62-7,서울특별시 도봉구 쌍문제4동 59-7,127.028229,37.656399,2007-02-28,한전주,02-2091-4083,서울특별시 도봉구청,2017-05-17
04-03-01,1,서울특별시 도봉구 노해로53길 15,서울특별시 도봉구 쌍문제4동 137-246,127.030992,37.651731,2008-01-01,벽부등,02-2091-4083,서울특별시 도봉구청,2017-05-17
04-22-02,1,서울특별시 도봉구 쌍문제4동 159-4,서울특별시 도봉구 쌍문제4동 159-4,127.030711,37.655443,2013-06-04,한전주,02-2091-4083,서울특별시 도봉구청,2017-05-17
04-03-02,1,서울특별시 도봉구 쌍문제4동 137-146,서울특별시 도봉구 쌍문제4동 137-146,127.03065,37.651879,2006-03-22,한전주,02-2091-4083,서울특별시 도봉구청,2017-05-17
04-21-02,1,서울특별시 도봉구 시루봉로62-7,서울특별시 도봉구 쌍문제4동 쌍문4동 주민센터,127.028308,37.656507,2012-09-12,벽부등,02-2091-4083,서울특별시 도봉구청,2017-05-17
04-17-02,1,서울특별시 도봉구 쌍문제4동 245-2,서울특별시 도봉구 쌍문제4동 245-2,127.0286,37.658891,2008-01-01,한전주,02-2091-4083,서울특별시 도봉구청,2017-05-17
04-07-02,1,서울특별시 도봉구 시루봉로2길 80,서울특별시 도봉구 쌍문제4동 158-11,127.032274,37.655524,2007-01-19,한전주,02-2091-4083,서울특별시 도봉구청,2017-05-17
04-04-02,2,서울특별시 도봉구 쌍문제4동 137-208,서울특별시 도봉구 쌍문제4동 137-208,127.030644,37.651532,2006-03-31,한전주,02-2091-4083,서울특별시 도봉구청,2017-05-17
04-01-02,1,서울특별시 도봉구 쌍문제4동 137-63,서울특별시 도봉구 쌍문제4동 137-63,127.033042,37.651575,2008-01-01,통신주,02-2091-4083,서울특별시 도봉구청,2017-05-17
04-06-02,1,서울특별시 도봉구 쌍문제4동 158-1,서울특별시 도봉구 쌍문제4동 158-1,127.033599,37.655471,2006-05-19,한전주,02-2091-4083,서울특별시 도봉구청,2017-05-17
04-23-02,1,서울특별시 도봉구 시루봉로2길,서울특별시 도봉구 쌍문제4동 산67-4,127.028637,37.655335,2008-01-01,벽부등,02-2091-4083,서울특별시 도봉구청,2017-05-17
04-02-02,1,서울특별시 도봉구 노해로53길 20,서울특별시 도봉구 쌍문제4동 137-135,127.031038,37.651947,2008-01-01,한전주,02-2091-4083,서울특별시 도봉구청,2017-05-17
01-05-30,1,서울특별시 도봉구 노해로41길 55,서울특별시 도봉구 쌍문제1동 294-12,127.024272,37.650165,2008-01-01,벽부등,02-2091-4083,서울특별시 도봉구청,2017-05-17
01-08-30,1,서울특별시 도봉구 쌍문제1동 449-2,서울특별시 도봉구 쌍문제1동 449-2,127.022843,37.649786,2008-01-01,전용주,02-2091-4083,서울특별시 도봉구청,2017-05-17
01-23-30,1,서울특별시 도봉구 해등로 339-7,서울특별시 도봉구 쌍문제1동 524-54,127.018642,37.656905,2008-03-04,벽부등,02-2091-4083,서울특별시 도봉구청,2017-05-17
01-25-30,1,서울특별시 도봉구 쌍문제1동 531-58,서울특별시 도봉구 쌍문제1동 531-58,127.015602,37.658678,2008-01-01,벽부등,02-2091-4083,서울특별시 도봉구청,2017-05-17
01-09-30,1,서울특별시 도봉구 우이천로38길46,서울특별시 도봉구 쌍문제1동 460-115,127.023388,37.651336,2012-03-22,벽부등,02-2091-4083,서울특별시 도봉구청,2017-05-17
01-03-30,1,서울특별시 도봉구 쌍문제1동 273-50,서울특별시 도봉구 쌍문제1동 273-50,127.026584,37.652074,2008-01-01,전용주,02-2091-4083,서울특별시 도봉구청,2017-05-17
01-21-30,1,서울특별시 도봉구 쌍문제1동 480-28,서울특별시 도봉구 쌍문제1동 480-28,127.017492,37.654662,2008-01-01,한전주,02-2091-4083,서울특별시 도봉구청,2017-05-17
01-19-31,1,서울특별시 도봉구 우이천로45길 10,서울특별시 도봉구 쌍문제1동 498-70,127.015377,37.654437,2007-09-22,한전주,02-2091-4083,서울특별시 도봉구청,2017-05-17
01-25-31,1,서울특별시 도봉구 쌍문제1동 531-18,서울특별시 도봉구 쌍문제1동 531-18,127.015837,37.658519,2006-09-16,한전주,02-2091-4083,서울특별시 도봉구청,2017-05-17
01-09-31,1,서울특별시 도봉구 쌍문제1동 286-52,서울특별시 도봉구 쌍문제1동 286-52,127.024359,37.650796,2008-01-01,한전주,02-2091-4083,서울특별시 도봉구청,2017-05-17
01-14-31,1,서울특별시 도봉구 쌍문제1동 460-158,서울특별시 도봉구 쌍문제1동 460-158,127.021622,37.652694,2008-01-01,벽부등,02-2091-4083,서울특별시 도봉구청,2017-05-17
01-15-31,1,서울특별시 도봉구 쌍문제1동 478-76,서울특별시 도봉구 쌍문제1동 478-76,127.018315,37.654594,2008-01-01,벽부등,02-2091-4083,서울특별시 도봉구청,2017-05-17
01-21-31,1,서울특별시 도봉구 쌍문제1동 480-17,서울특별시 도봉구 쌍문제1동 480-17,127.017721,37.654742,2008-01-01,벽부등,02-2091-4083,서울특별시 도봉구청,2017-05-17
01-07-31,1,서울특별시 도봉구 쌍문제1동 414-51,서울특별시 도봉구 쌍문제1동 414-51,127.019619,37.649209,2007-12-29,전용주,02-2091-4083,서울특별시 도봉구청,2017-05-17
01-08-31,1,서울특별시 도봉구 쌍문제1동 415,서울특별시 도봉구 쌍문제1동 415,127.022918,37.649517,2008-01-01,한전주,02-2091-4083,서울특별시 도봉구청,2017-05-17
01-24-31,1,서울특별시 도봉구 삼양로 617,서울특별시 도봉구 쌍문제1동 508-24,127.014381,37.65696,2007-02-09,전용주,02-2091-4083,서울특별시 도봉구청,2017-05-17
01-04-31,1,서울특별시 도봉구 쌍문제1동 349-28,서울특별시 도봉구 쌍문제1동 349-28,127.025715,37.647758,2008-01-01,한전주,02-2091-4083,서울특별시 도봉구청,2017-05-17
01-12-31,1,서울특별시 도봉구 쌍문제1동 460-136,서울특별시 도봉구 쌍문제1동 460-136,127.023545,37.651732,2008-01-01,한전주,02-2091-4083,서울특별시 도봉구청,2017-05-17
01-05-31,1,서울특별시 도봉구 쌍문제1동 291-8,서울특별시 도봉구 쌍문제1동 291-8,127.025028,37.650138,2007-02-15,한전주,02-2091-4083,서울특별시 도봉구청,2017-05-17
01-20-31,1,서울특별시 도봉구 쌍문제1동 520-26,서울특별시 도봉구 쌍문제1동 520-26,127.015909,37.655903,2008-01-01,벽부등,02-2091-4083,서울특별시 도봉구청,2017-05-17
01-23-31,1,서울특별시 도봉구 쌍문제1동 524-56,서울특별시 도봉구 쌍문제1동 524-56,127.018828,37.656951,2008-03-04,벽부등,02-2091-4083,서울특별시 도봉구청,2017-05-17
01-07-32,1,서울특별시 도봉구 노해로37길 120,서울특별시 도봉구 쌍문제1동 414-302,127.019648,37.649066,2008-01-01,한전주,02-2091-4083,서울특별시 도봉구청,2017-05-17
01-09-32,1,서울특별시 도봉구 쌍문제1동 294-14,서울특별시 도봉구 쌍문제1동 294-14,127.024419,37.650579,2008-01-01,벽부등,02-2091-4083,서울특별시 도봉구청,2017-05-17
01-15-32,1,서울특별시 도봉구 우이천로42길 39-4,서울특별시 도봉구 쌍문제1동 478-65,127.018551,37.654544,2008-01-01,한전주,02-2091-4083,서울특별시 도봉구청,2017-05-17
01-21-32,1,서울특별시 도봉구 쌍문제1동 480-1,서울특별시 도봉구 쌍문제1동 480-1,127.017921,37.654802,2007-06-15,한전주,02-2091-4083,서울특별시 도봉구청,2017-05-17
01-24-32,2,서울특별시 도봉구 삼양로 606-9,서울특별시 도봉구 쌍문제1동 508-29,127.014324,37.65677,2007-02-09,전용주,02-2091-4083,서울특별시 도봉구청,2017-05-17
01-05-32,1,서울특별시 도봉구 우이천로32길 57,서울특별시 도봉구 쌍문제1동 285-14,127.025107,37.650363,2007-09-21,한전주,02-2091-4083,서울특별시 도봉구청,2017-05-17
01-08-32,1,서울특별시 도봉구 쌍문제1동 416-12,서울특별시 도봉구 쌍문제1동 416-12,127.023064,37.649344,2008-01-01,한전주,02-2091-4083,서울특별시 도봉구청,2017-05-17
01-04-32,1,서울특별시 도봉구 쌍문제1동 355-2,서울특별시 도봉구 쌍문제1동 355-2,127.026017,37.64884,2007-10-09,벽부등,02-2091-4083,서울특별시 도봉구청,2017-05-17
01-25-32,1,서울특별시 도봉구 쌍문제1동 531-17,서울특별시 도봉구 쌍문제1동 531-17,127.015796,37.658323,2008-01-01,전용주,02-2091-4083,서울특별시 도봉구청,2017-05-17
01-12-32,1,서울특별시 도봉구 쌍문제1동 460-19,서울특별시 도봉구 쌍문제1동 460-19,127.023784,37.651535,2008-01-01,한전주,02-2091-4083,서울특별시 도봉구청,2017-05-17
01-20-32,1,서울특별시 도봉구 쌍문제1동 484-22,서울특별시 도봉구 쌍문제1동 484-22,127.016313,37.654905,2008-01-01,벽부등,02-2091-4083,서울특별시 도봉구청,2017-05-17
01-23-32,2,서울특별시 도봉구 쌍문제1동 524-57,서울특별시 도봉구 쌍문제1동 524-57,127.019057,37.656767,2008-01-01,한전주,02-2091-4083,서울특별시 도봉구청,2017-05-17
01-19-33,1,서울특별시 도봉구 우이천로45길 2-6,서울특별시 도봉구 쌍문제1동 495-64,127.015797,37.654635,2008-01-01,한전주,02-2091-4083,서울특별시 도봉구청,2017-05-17
02-01-20,2,서울특별시 도봉구 도봉로137길 38,서울특별시 도봉구 쌍문제2동 714,127.039869,37.660846,2006-06-09,한전주,02-2091-4083,서울특별시 도봉구청,2017-05-17
02-20-20,1,서울특별시 도봉구 쌍문제2동 75-65,서울특별시 도봉구 쌍문제2동 75-65,127.036366,37.654282,2008-04-08,한전주,02-2091-4083,서울특별시 도봉구청,2017-05-17
02-11-20,1,서울특별시 도봉구 쌍문제2동 644,서울특별시 도봉구 쌍문제2동 644,127.038236,37.656558,2006-06-15,독립주,02-2091-4083,서울특별시 도봉구청,2017-05-17
02-08-20,1,서울특별시 도봉구 도봉로135길 24,서울특별시 도봉구 쌍문제2동 713-45,127.039307,37.658996,2008-01-01,한전주,02-2091-4083,서울특별시 도봉구청,2017-05-17
02-14-20,1,서울특별시 도봉구 노해로59길 65,서울특별시 도봉구 쌍문제2동 75-39,127.036258,37.654171,2017-02-01,한전주,02-2091-4083,서울특별시 도봉구청,2017-05-17
02-02-20,1,서울특별시 도봉구 도봉로139길 50-12,서울특별시 도봉구 쌍문제2동 710-30,127.038794,37.661045,2007-11-22,벽부등,02-2091-4083,서울특별시 도봉구청,2017-05-17
02-01-21,1,서울특별시 도봉구 도봉로141길 17,서울특별시 도봉구 쌍문제2동 714-12,127.040947,37.661666,2008-02-11,한전주,02-2091-4083,서울특별시 도봉구청,2017-05-17
02-20-21,1,서울특별시 도봉구 쌍문제2동 75-13,서울특별시 도봉구 쌍문제2동 75-13,127.036264,37.654478,2007-11-30,벽부등,02-2091-4083,서울특별시 도봉구청,2017-05-17
02-14-21,1,서울특별시 도봉구 도봉로127길 43-22,서울특별시 도봉구 쌍문제2동 75-102,127.034801,37.654081,2008-01-01,한전주,02-2091-4083,서울특별시 도봉구청,2017-05-17
02-13-21,1,서울특별시 도봉구 쌍문제2동 684,서울특별시 도봉구 쌍문제2동 684,127.03694,37.654538,2008-01-01,한전주,02-2091-4083,서울특별시 도봉구청,2017-05-17
02-05-21,1,서울특별시 도봉구 쌍문제2동 26-8,서울특별시 도봉구 쌍문제2동 26-8,127.037082,37.660387,2008-01-01,한전주,02-2091-4083,서울특별시 도봉구청,2017-05-17
02-09-21,1,서울특별시 도봉구 쌍문제2동 43-1,서울특별시 도봉구 쌍문제2동 43-1,127.037826,37.657746,2006-02-16,한전주,02-2091-4083,서울특별시 도봉구청,2017-05-17
02-11-21,1,서울특별시 도봉구 쌍문제2동 641,서울특별시 도봉구 쌍문제2동 641,127.037944,37.656702,2008-01-01,한전주,02-2091-4083,서울특별시 도봉구청,2017-05-17
02-02-21,1,서울특별시 도봉구 쌍문제2동 710-33,서울특별시 도봉구 쌍문제2동 710-33,127.038827,37.660738,2008-01-01,벽부등,02-2091-4083,서울특별시 도봉구청,2017-05-17
02-17-21,1,서울특별시 도봉구 쌍문제2동 81-171,서울특별시 도봉구 쌍문제2동 81-171,127.035856,37.651568,2007-08-24,벽부등,02-2091-4083,서울특별시 도봉구청,2017-05-17
02-14-22,2,서울특별시 도봉구 노해로57길67,서울특별시 도봉구 쌍문제2동 152-13,127.034268,37.654121,2013-08-23,벽부등,02-2091-4083,서울특별시 도봉구청,2017-05-17
02-11-22,1,서울특별시 도봉구 쌍문제2동 645,서울특별시 도봉구 쌍문제2동 645,127.037914,37.656471,2008-01-01,벽부등,02-2091-4083,서울특별시 도봉구청,2017-05-17
02-09-22,1,서울특별시 도봉구 해등로,서울특별시 도봉구 쌍문제2동 49-5,127.037534,37.657612,2008-01-01,벽부등,02-2091-4083,서울특별시 도봉구청,2017-05-17
02-13-22,1,서울특별시 도봉구 쌍문제2동 681-1,서울특별시 도봉구 쌍문제2동 681-1,127.037002,37.654925,2008-01-01,한전주,02-2091-4083,서울특별시 도봉구청,2017-05-17
02-02-22,2,서울특별시 도봉구 도봉로139길50,서울특별시 도봉구 쌍문제2동 710-32,127.038884,37.660666,2013-11-05,한전주,02-2091-4083,서울특별시 도봉구청,2017-05-17
02-17-22,1,서울특별시 도봉구 쌍문제2동 80-52,서울특별시 도봉구 쌍문제2동 80-52,127.036022,37.651662,2008-01-01,벽부등,02-2091-4083,서울특별시 도봉구청,2017-05-17
02-05-22,1,서울특별시 도봉구 쌍문제2동 26-40,서울특별시 도봉구 쌍문제2동 26-40,127.036736,37.6604,2008-01-01,전용주,02-2091-4083,서울특별시 도봉구청,2017-05-17
02-20-22,1,서울특별시 도봉구 쌍문제2동 75-12,서울특별시 도봉구 쌍문제2동 75-12,127.036317,37.654654,2008-04-07,한전주,02-2091-4083,서울특별시 도봉구청,2017-05-17
02-01-22,1,서울특별시 도봉구 쌍문제2동 714-30,서울특별시 도봉구 쌍문제2동 714-30,127.03995,37.660403,2008-01-01,벽부등,02-2091-4083,서울특별시 도봉구청,2017-05-17
02-08-22,1,서울특별시 도봉구 쌍문제2동 713-42,서울특별시 도봉구 쌍문제2동 713-42,127.039296,37.659265,2008-01-01,한전주,02-2091-4083,서울특별시 도봉구청,2017-05-17
02-15-23,2,서울특별시 도봉구 쌍문제2동 81-105,서울특별시 도봉구 쌍문제2동 81-105,127.03335,37.653208,2013-10-02,한전주,02-2091-4083,서울특별시 도봉구청,2017-05-17
02-20-23,1,서울특별시 도봉구 쌍문제2동 69-71,서울특별시 도봉구 쌍문제2동 69-71,127.0367,37.65653,2008-01-01,한전주,02-2091-4083,서울특별시 도봉구청,2017-05-17
02-01-23,1,서울특별시 도봉구 쌍문제2동 714-18,서울특별시 도봉구 쌍문제2동 714-18,127.040624,37.660443,2008-01-01,벽부등,02-2091-4083,서울특별시 도봉구청,2017-05-17
02-09-23,2,서울특별시 도봉구 쌍문제2동 21-49,서울특별시 도봉구 쌍문제2동 21-49,127.037506,37.657925,2007-02-07,한전주,02-2091-4083,서울특별시 도봉구청,2017-05-17
02-11-23,1,서울특별시 도봉구 해등로17길 10-5,서울특별시 도봉구 쌍문제2동 642,127.037998,37.656593,2015-11-24,벽부등,02-2091-4083,서울특별시 도봉구청,2017-05-17
02-17-23,1,서울특별시 도봉구 쌍문제2동 80-49,서울특별시 도봉구 쌍문제2동 80-49,127.036241,37.651817,2007-09-08,한전주,02-2091-4083,서울특별시 도봉구청,2017-05-17
02-13-23,1,서울특별시 도봉구 쌍문제2동 681-2,서울특별시 도봉구 쌍문제2동 681-2,127.037086,37.654815,2008-01-01,한전주,02-2091-4083,서울특별시 도봉구청,2017-05-17
02-05-23,1,서울특별시 도봉구 쌍문제2동 26-42,서울특별시 도봉구 쌍문제2동 26-42,127.036671,37.660476,2008-01-01,한전주,02-2091-4083,서울특별시 도봉구청,2017-05-17
02-14-23,1,서울특별시 도봉구 도봉로127길 31-25,서울특별시 도봉구 쌍문제2동 81-289,127.035353,37.653236,2016-05-16,벽부등,02-2091-4083,서울특별시 도봉구청,2017-05-17
14-11-10,1,서울특별시 도봉구 도봉제1동 581-8,서울특별시 도봉구 도봉제1동 581-8,127.044423,37.681708,2008-01-01,벽부등,02-2091-4083,서울특별시 도봉구청,2017-05-17
14-04-10,2,서울특별시 도봉구 도봉제1동 574-10,서울특별시 도봉구 도봉제1동 574-10,127.043001,37.685838,2013-11-12,한전주,02-2091-4083,서울특별시 도봉구청,2017-05-17
14-06-10,1,서울특별시 도봉구 도봉로183길 12-3,서울특별시 도봉구 도봉제1동 569-33,127.045075,37.684999,2008-01-01,벽부등,02-2091-4083,서울특별시 도봉구청,2017-05-17
03-17-10,1,서울특별시 도봉구 쌍문제3동 103-205,서울특별시 도봉구 쌍문제3동 103-205,127.031671,37.645997,2008-01-01,한전주,02-2091-4083,서울특별시 도봉구청,2017-05-17
03-02-10,2,서울특별시 도봉구 쌍문제3동 143-34,서울특별시 도봉구 쌍문제3동 143-34,127.033807,37.65084,2006-05-17,한전주,02-2091-4083,서울특별시 도봉구청,2017-05-17
03-13-10,1,서울특별시 도봉구 우이천로329,서울특별시 도봉구 쌍문제3동 389-17,127.02673,37.646285,2016-05-16,한전주,02-2091-4083,서울특별시 도봉구청,2017-05-17
03-17-11,1,서울특별시 도봉구 쌍문제3동 103-204,서울특별시 도봉구 쌍문제3동 103-204,127.031915,37.645806,2008-01-01,한전주,02-2091-4083,서울특별시 도봉구청,2017-05-17
03-02-11,1,서울특별시 도봉구 쌍문제3동 143-9,서울특별시 도봉구 쌍문제3동 143-9,127.034059,37.650798,2008-01-01,한전주,02-2091-4083,서울특별시 도봉구청,2017-05-17
03-19-11,1,서울특별시 도봉구 도봉로115길5,서울특별시 도봉구 쌍문제3동 88-112,127.033984,37.648499,2014-08-26,벽부등,02-2091-4083,서울특별시 도봉구청,2017-05-17
03-04-11,1,서울특별시 도봉구 쌍문제3동 139-9,서울특별시 도봉구 쌍문제3동 139-9,127.030801,37.650692,2008-01-01,벽부등,02-2091-4083,서울특별시 도봉구청,2017-05-17
03-18-11,1,서울특별시 도봉구 도봉로109길 30,서울특별시 도봉구 쌍문제3동 100-35,127.031625,37.647046,2008-01-01,한전주,02-2091-4083,서울특별시 도봉구청,2017-05-17
03-16-11,1,서울특별시 도봉구 쌍문제3동 103-92,서울특별시 도봉구 쌍문제3동 103-92,127.031194,37.644117,2007-11-06,벽부등,02-2091-4083,서울특별시 도봉구청,2017-05-17
03-08-11,1,서울특별시 도봉구 쌍문제3동 122-52,서울특별시 도봉구 쌍문제3동 122-52,127.031452,37.648427,2008-01-01,벽부등,02-2091-4083,서울특별시 도봉구청,2017-05-17
03-06-11,1,서울특별시 도봉구 쌍문동 174-5,서울특별시 도봉구 쌍문제3동 315-230,127.028881,37.648791,2006-09-05,한전주,02-2091-4083,서울특별시 도봉구청,2017-05-17
03-09-11,1,서울특별시 도봉구 쌍문제3동 123-69,서울특별시 도봉구 쌍문제3동 123-69,127.031273,37.647136,2008-01-01,한전주,02-2091-4083,서울특별시 도봉구청,2017-05-17
03-11-11,2,서울특별시 도봉구 노해로42길 23,서울특별시 도봉구 쌍문제3동 333-7,127.02809,37.648191,2008-02-21,한전주,02-2091-4083,서울특별시 도봉구청,2017-05-17
03-03-11,1,서울특별시 도봉구 도봉로117길 34-5,서울특별시 도봉구 쌍문제3동 138-96,127.033031,37.650036,2008-01-01,벽부등,02-2091-4083,서울특별시 도봉구청,2017-05-17
03-01-11,1,서울특별시 도봉구 쌍문제3동 88-45,서울특별시 도봉구 쌍문제3동 88-45,127.034851,37.650273,2007-05-21,벽부등,02-2091-4083,서울특별시 도봉구청,2017-05-17
03-10-11,1,서울특별시 도봉구 쌍문제3동 112,서울특별시 도봉구 쌍문제3동 112,127.029683,37.647477,2007-03-23,벽부등,02-2091-4083,서울특별시 도봉구청,2017-05-17
03-05-11,1,서울특별시 도봉구 쌍문제3동 139-95,서울특별시 도봉구 쌍문제3동 139-95,127.029345,37.650022,2008-01-01,한전주,02-2091-4083,서울특별시 도봉구청,2017-05-17
03-01-12,1,서울특별시 도봉구 노해로 60길 23,서울특별시 도봉구 쌍문제3동 88-16,127.034641,37.650216,2008-01-01,한전주,02-2091-4083,서울특별시 도봉구청,2017-05-17
03-16-12,1,서울특별시 도봉구 쌍문제3동 103-91,서울특별시 도봉구 쌍문제3동 103-91,127.031088,37.64396,2008-01-01,벽부등,02-2091-4083,서울특별시 도봉구청,2017-05-17
03-05-12,1,서울특별시 도봉구 쌍문제3동 139-104,서울특별시 도봉구 쌍문제3동 139-104,127.029642,37.650134,2008-01-01,한전주,02-2091-4083,서울특별시 도봉구청,2017-05-17
03-04-12,1,서울특별시 도봉구 쌍문제3동 139-14,서울특별시 도봉구 쌍문제3동 139-14,127.030709,37.650282,2008-01-01,벽부등,02-2091-4083,서울특별시 도봉구청,2017-05-17
03-18-12,1,서울특별시 도봉구 쌍문제3동 100-12,서울특별시 도봉구 쌍문제3동 100-12,127.031664,37.647279,2008-01-01,한전주,02-2091-4083,서울특별시 도봉구청,2017-05-17
03-07-12,1,서울특별시 도봉구 쌍문제3동 122-31,서울특별시 도봉구 쌍문제3동 122-31,127.030789,37.648655,2008-01-01,벽부등,02-2091-4083,서울특별시 도봉구청,2017-05-17
03-11-12,1,서울특별시 도봉구 노해로44길 20-6,서울특별시 도봉구 쌍문제3동 315-443,127.028226,37.64847,2008-02-21,한전주,02-2091-4083,서울특별시 도봉구청,2017-05-17
03-19-12,1,서울특별시 도봉구 쌍문제3동 88-37,서울특별시 도봉구 쌍문제3동 88-37,127.033807,37.648323,2008-01-01,벽부등,02-2091-4083,서울특별시 도봉구청,2017-05-17
03-09-12,1,서울특별시 도봉구 쌍문제3동 123-5,서울특별시 도봉구 쌍문제3동 123-5,127.031674,37.647671,2008-01-01,한전주,02-2091-4083,서울특별시 도봉구청,2017-05-17
03-08-12,1,서울특별시 도봉구 쌍문제3동 122-104,서울특별시 도봉구 쌍문제3동 122-104,127.031415,37.648585,2008-01-01,벽부등,02-2091-4083,서울특별시 도봉구청,2017-05-17
03-06-12,1,서울특별시 도봉구 노해로42길 55-14,서울특별시 도봉구 쌍문제3동 315-233,127.029121,37.648695,2008-01-01,한전주,02-2091-4083,서울특별시 도봉구청,2017-05-17
03-02-12,1,서울특별시 도봉구 쌍문제3동 141-22,서울특별시 도봉구 쌍문제3동 141-22,127.033665,37.650452,2008-01-01,벽부등,02-2091-4083,서울특별시 도봉구청,2017-05-17
03-03-12,1,서울특별시 도봉구 도봉로117길 26-17,서울특별시 도봉구 쌍문제3동 138-87,127.033054,37.650235,2008-01-01,벽부등,02-2091-4083,서울특별시 도봉구청,2017-05-17
03-17-12,1,서울특별시 도봉구 우이천로24길 67,서울특별시 도봉구 쌍문제3동 103-32,127.032191,37.646262,2008-01-01,한전주,02-2091-4083,서울특별시 도봉구청,2017-05-17
03-09-28,1,서울특별시 도봉구 쌍문제3동 98-86,서울특별시 도봉구 쌍문제3동 98-86,127.032511,37.647924,2008-01-01,전용주,02-2091-4083,서울특별시 도봉구청,2017-05-17
03-03-28,1,서울특별시 도봉구 노해로54길 21,서울특별시 도봉구 쌍문제3동 138-152,127.031354,37.649974,2008-01-01,벽부등,02-2091-4083,서울특별시 도봉구청,2017-05-17
03-02-28,1,서울특별시 도봉구 쌍문제3동 143-67,서울특별시 도봉구 쌍문제3동 143-67,127.03357,37.650679,2008-01-01,벽부등,02-2091-4083,서울특별시 도봉구청,2017-05-17
03-16-28,1,서울특별시 도봉구 쌍문제3동 103-166,서울특별시 도봉구 쌍문제3동 103-166,127.030392,37.644143,2007-01-30,벽부등,02-2091-4083,서울특별시 도봉구청,2017-05-17
03-19-28,1,서울특별시 도봉구 쌍문제3동 94-22,서울특별시 도봉구 쌍문제3동 94-22,127.032635,37.649049,2008-01-01,한전주,02-2091-4083,서울특별시 도봉구청,2017-05-17
03-08-28,1,서울특별시 도봉구 쌍문제3동 122-35,서울특별시 도봉구 쌍문제3동 122-35,127.030863,37.648463,2008-01-01,벽부등,02-2091-4083,서울특별시 도봉구청,2017-05-17
03-09-29,1,서울특별시 도봉구 노해로60가길 12-4,서울특별시 도봉구 쌍문제3동 98-82,127.032305,37.647856,2008-01-01,한전주,02-2091-4083,서울특별시 도봉구청,2017-05-17
03-19-29,1,서울특별시 도봉구 도봉로115길 31-6,서울특별시 도봉구 쌍문제3동 94-20,127.032623,37.648721,2007-05-03,벽부등,02-2091-4083,서울특별시 도봉구청,2017-05-17
03-17-29,1,서울특별시 도봉구 우이천로24길52-10,서울특별시 도봉구 쌍문제3동 103-214,127.032211,37.645787,2012-12-21,통신주,02-2091-4083,서울특별시 도봉구청,2017-05-17
03-02-29,1,서울특별시 도봉구 쌍문제3동 141-49,서울특별시 도봉구 쌍문제3동 141-49,127.034282,37.649786,2007-10-09,벽부등,02-2091-4083,서울특별시 도봉구청,2017-05-17
03-03-29,1,서울특별시 도봉구 쌍문제3동 138-149,서울특별시 도봉구 쌍문제3동 138-149,127.031517,37.650309,2007-03-13,벽부등,02-2091-4083,서울특별시 도봉구청,2017-05-17
03-08-29,1,서울특별시 도봉구 쌍문제3동 120-46,서울특별시 도봉구 쌍문제3동 120-46,127.031718,37.648783,2008-01-01,벽부등,02-2091-4083,서울특별시 도봉구청,2017-05-17
03-16-29,1,서울특별시 도봉구 쌍문제3동 103-178,서울특별시 도봉구 쌍문제3동 103-178,127.030482,37.643747,2008-01-01,벽부등,02-2091-4083,서울특별시 도봉구청,2017-05-17
03-09-30,1,서울특별시 도봉구 쌍문제3동 98-71,서울특별시 도봉구 쌍문제3동 98-71,127.032185,37.647566,2007-06-30,한전주,02-2091-4083,서울특별시 도봉구청,2017-05-17
03-16-30,1,서울특별시 도봉구 쌍문제3동 103-161,서울특별시 도봉구 쌍문제3동 103-161,127.030285,37.643866,2008-01-01,벽부등,02-2091-4083,서울특별시 도봉구청,2017-05-17
03-19-30,1,서울특별시 도봉구 쌍문제3동 94-49,서울특별시 도봉구 쌍문제3동 94-49,127.032705,37.648572,2008-01-01,벽부등,02-2091-4083,서울특별시 도봉구청,2017-05-17
03-02-30,1,서울특별시 도봉구 쌍문제3동 141-51,서울특별시 도봉구 쌍문제3동 141-51,127.034034,37.649661,2007-10-09,벽부등,02-2091-4083,서울특별시 도봉구청,2017-05-17
03-03-30,1,서울특별시 도봉구 쌍문제3동 138-174,서울특별시 도봉구 쌍문제3동 138-174,127.031301,37.65017,2008-01-01,벽부등,02-2091-4083,서울특별시 도봉구청,2017-05-17
03-17-30,1,서울특별시 도봉구 우이천로24길 72,서울특별시 도봉구 쌍문제3동 103-16,127.032409,37.646358,2016-12-02,벽부등,02-2091-4083,서울특별시 도봉구청,2017-05-17
03-08-30,1,서울특별시 도봉구 도봉로113길 38,서울특별시 도봉구 쌍문제3동 120-11,127.032113,37.648496,2006-09-08,벽부등,02-2091-4083,서울특별시 도봉구청,2017-05-17
03-16-31,1,서울특별시 도봉구 우이천로290-5,서울특별시 도봉구 쌍문제3동 103-157,127.030275,37.644046,2013-08-07,벽부등,02-2091-4083,서울특별시 도봉구청,2017-05-17
03-02-31,1,서울특별시 도봉구 쌍문제3동 143-32,서울특별시 도봉구 쌍문제3동 143-32,127.033818,37.65068,2007-10-09,벽부등,02-2091-4083,서울특별시 도봉구청,2017-05-17
03-19-31,1,서울특별시 도봉구 쌍문제3동 94-48,서울특별시 도봉구 쌍문제3동 94-48,127.032625,37.648468,2008-01-01,벽부등,02-2091-4083,서울특별시 도봉구청,2017-05-17
03-03-31,1,서울특별시 도봉구 쌍문제3동 138-155,서울특별시 도봉구 쌍문제3동 138-155,127.031559,37.649742,2008-01-01,한전주,02-2091-4083,서울특별시 도봉구청,2017-05-17
03-08-31,1,서울특별시 도봉구 쌍문제3동 122-48,서울특별시 도봉구 쌍문제3동 122-48,127.031709,37.648574,2006-10-16,벽부등,02-2091-4083,서울특별시 도봉구청,2017-05-17
03-09-31,1,서울특별시 도봉구 쌍문제3동 98-92,서울특별시 도봉구 쌍문제3동 98-92,127.032671,37.647887,2006-06-22,벽부등,02-2091-4083,서울특별시 도봉구청,2017-05-17
03-08-32,1,서울특별시 도봉구 쌍문제3동 122-68,서울특별시 도봉구 쌍문제3동 122-68,127.031157,37.649391,2008-01-01,한전주,02-2091-4083,서울특별시 도봉구청,2017-05-17
03-19-32,1,서울특별시 도봉구 쌍문제3동 94-29,서울특별시 도봉구 쌍문제3동 94-29,127.032906,37.648343,2008-01-01,한전주,02-2091-4083,서울특별시 도봉구청,2017-05-17
03-03-32,1,서울특별시 도봉구 쌍문제3동 138-168,서울특별시 도봉구 쌍문제3동 138-168,127.032558,37.650002,2006-08-06,벽부등,02-2091-4083,서울특별시 도봉구청,2017-05-17
14-18-18,1,서울특별시 도봉구 도봉제1동 425-6,서울특별시 도봉구 도봉제1동 425-6,127.039175,37.679667,2008-01-01,한전주,02-2091-4083,서울특별시 도봉구청,2017-05-17
14-26-18,1,서울특별시 도봉구 도봉제1동 614-3,서울특별시 도봉구 도봉제1동 614-3,127.041028,37.672229,2008-01-01,한전주,02-2091-4083,서울특별시 도봉구청,2017-05-17
14-15-18,1,서울특별시 도봉구 도봉로169길 91,서울특별시 도봉구 도봉제1동 593-9,127.041183,37.67855,2008-01-01,한전주,02-2091-4083,서울특별시 도봉구청,2017-05-17
14-22-18,1,서울특별시 도봉구 도봉제1동 602-29,서울특별시 도봉구 도봉제1동 602-29,127.043088,37.674661,2008-01-01,벽부등,02-2091-4083,서울특별시 도봉구청,2017-05-17
14-05-18,1,서울특별시 도봉구 도봉제1동 557-9,서울특별시 도봉구 도봉제1동 557-9,127.044082,37.68664,2008-01-01,한전주,02-2091-4083,서울특별시 도봉구청,2017-05-17
01-04-33,1,서울특별시 도봉구 쌍문제1동 349-11,서울특별시 도봉구 쌍문제1동 349-11,127.025621,37.648283,2008-01-01,벽부등,02-2091-4083,서울특별시 도봉구청,2017-05-17
01-09-33,1,서울특별시 도봉구 우이천로34길58,서울특별시 도봉구 쌍문제1동 294-18,127.024147,37.650318,2013-01-02,통신주,02-2091-4083,서울특별시 도봉구청,2017-05-17
01-08-33,1,서울특별시 도봉구 우이천로34길 372-11,서울특별시 도봉구 쌍문제1동 416-1,127.022969,37.649246,2008-01-01,한전주,02-2091-4083,서울특별시 도봉구청,2017-05-17
01-12-33,1,서울특별시 도봉구 쌍문제1동 286-33,서울특별시 도봉구 쌍문제1동 286-33,127.024018,37.651412,2006-10-12,벽부등,02-2091-4083,서울특별시 도봉구청,2017-05-17
01-14-33,1,서울특별시 도봉구 쌍문제1동 460-157,서울특별시 도봉구 쌍문제1동 460-157,127.021983,37.652546,2008-01-01,한전주,02-2091-4083,서울특별시 도봉구청,2017-05-17
01-07-33,1,서울특별시 도봉구 노해로37길 114,서울특별시 도봉구 쌍문제1동 414-304,127.02009,37.649174,2008-01-01,한전주,02-2091-4083,서울특별시 도봉구청,2017-05-17
01-25-33,1,서울특별시 도봉구 쌍문제1동 531-55,서울특별시 도봉구 쌍문제1동 531-55,127.016153,37.658361,2008-01-01,전용주,02-2091-4083,서울특별시 도봉구청,2017-05-17
01-11-33,1,서울특별시 도봉구 쌍문제1동 460-291,서울특별시 도봉구 쌍문제1동 460-291,127.024449,37.652937,2008-01-01,벽부등,02-2091-4083,서울특별시 도봉구청,2017-05-17
01-21-33,1,서울특별시 도봉구 쌍문제1동 486-96,서울특별시 도봉구 쌍문제1동 486-96,127.018356,37.654954,2008-01-01,한전주,02-2091-4083,서울특별시 도봉구청,2017-05-17
01-20-33,2,서울특별시 도봉구 쌍문제1동 484-23,서울특별시 도봉구 쌍문제1동 484-23,127.016405,37.655925,2008-01-01,한전주,02-2091-4083,서울특별시 도봉구청,2017-05-17
01-15-33,1,서울특별시 도봉구 쌍문제1동 478-44,서울특별시 도봉구 쌍문제1동 478-44,127.018695,37.654405,2008-01-01,한전주,02-2091-4083,서울특별시 도봉구청,2017-05-17
01-15-34,2,서울특별시 도봉구 우이천로42길 44,서울특별시 도봉구 쌍문제1동 478-43,127.019004,37.654436,2007-02-22,한전주,02-2091-4083,서울특별시 도봉구청,2017-05-17
01-14-34,1,서울특별시 도봉구 쌍문제1동 460-155,서울특별시 도봉구 쌍문제1동 460-155,127.022103,37.652615,2008-01-01,벽부등,02-2091-4083,서울특별시 도봉구청,2017-05-17
01-04-34,1,서울특별시 도봉구 우이천로32길23-6,서울특별시 도봉구 쌍문제1동 304-14,127.025627,37.649554,2012-08-07,벽부등,02-2091-4083,서울특별시 도봉구청,2017-05-17
01-21-34,1,서울특별시 도봉구 쌍문제1동 486-97,서울특별시 도봉구 쌍문제1동 486-97,127.018098,37.655042,2006-05-08,벽부등,02-2091-4083,서울특별시 도봉구청,2017-05-17
01-07-34,1,서울특별시 도봉구 노해로37길112-3,서울특별시 도봉구 쌍문제1동 414-327,127.020079,37.649337,2012-04-09,벽부등,02-2091-4083,서울특별시 도봉구청,2017-05-17
01-12-34,1,서울특별시 도봉구 쌍문제1동 460-348,서울특별시 도봉구 쌍문제1동 460-348,127.022701,37.651391,2008-01-01,한전주,02-2091-4083,서울특별시 도봉구청,2017-05-17
01-24-34,1,서울특별시 도봉구 쌍문제1동 508-14,서울특별시 도봉구 쌍문제1동 508-14,127.013891,37.656855,2008-01-01,전용주,02-2091-4083,서울특별시 도봉구청,2017-05-17
01-25-34,1,서울특별시 도봉구 해등로36길 19,서울특별시 도봉구 쌍문제1동 531-26,127.015469,37.658347,2008-01-01,한전주,02-2091-4083,서울특별시 도봉구청,2017-05-17
01-11-34,1,서울특별시 도봉구 쌍문제1동 460-293,서울특별시 도봉구 쌍문제1동 460-293,127.024442,37.65307,2008-01-01,한전주,02-2091-4083,서울특별시 도봉구청,2017-05-17
01-05-34,1,서울특별시 도봉구 쌍문제1동 291-2,서울특별시 도봉구 쌍문제1동 291-2,127.024814,37.650236,2008-01-01,한전주,02-2091-4083,서울특별시 도봉구청,2017-05-17
01-20-34,1,서울특별시 도봉구 우이천로46길 4-5,서울특별시 도봉구 쌍문제1동 494-6,127.016477,37.654896,2008-01-01,벽부등,02-2091-4083,서울특별시 도봉구청,2017-05-17
01-19-34,1,서울특별시 도봉구 쌍문제1동 495-70,서울특별시 도봉구 쌍문제1동 495-70,127.015105,37.655492,2007-01-11,벽부등,02-2091-4083,서울특별시 도봉구청,2017-05-17
01-15-35,1,서울특별시 도봉구 쌍문제1동 478-25,서울특별시 도봉구 쌍문제1동 478-25,127.019329,37.654435,2013-10-10,한전주,02-2091-4083,서울특별시 도봉구청,2017-05-17
01-23-35,1,서울특별시 도봉구 삼양로162길 38,서울특별시 도봉구 쌍문제1동 530-13,127.015775,37.657725,2008-01-01,벽부등,02-2091-4083,서울특별시 도봉구청,2017-05-17
01-04-35,1,서울특별시 도봉구 우이천로 348,서울특별시 도봉구 쌍문제1동 349-26,127.02548,37.647543,2014-11-16,벽부등,02-2091-4083,서울특별시 도봉구청,2017-05-17
01-05-35,1,서울특별시 도봉구 쌍문제1동 289-3,서울특별시 도봉구 쌍문제1동 289-3,127.024797,37.650505,2007-02-15,한전주,02-2091-4083,서울특별시 도봉구청,2017-05-17
01-24-35,1,서울특별시 도봉구 쌍문제1동 508-8,서울특별시 도봉구 쌍문제1동 508-8,127.013666,37.656885,2008-01-01,전용주,02-2091-4083,서울특별시 도봉구청,2017-05-17
01-12-35,1,서울특별시 도봉구 쌍문제1동 460-162,서울특별시 도봉구 쌍문제1동 460-162,127.022106,37.652064,2008-01-01,벽부등,02-2091-4083,서울특별시 도봉구청,2017-05-17
01-19-35,1,서울특별시 도봉구 쌍문제1동 495-9,서울특별시 도봉구 쌍문제1동 495-9,127.015662,37.655768,2008-01-01,한전주,02-2091-4083,서울특별시 도봉구청,2017-05-17
01-21-35,1,서울특별시 도봉구 쌍문제1동 480-40,서울특별시 도봉구 쌍문제1동 480-40,127.017985,37.655053,2008-01-01,벽부등,02-2091-4083,서울특별시 도봉구청,2017-05-17
01-07-35,1,서울특별시 도봉구 쌍문제1동 414-127,서울특별시 도봉구 쌍문제1동 414-127,127.02051,37.649228,2008-01-01,한전주,02-2091-4083,서울특별시 도봉구청,2017-05-17
01-14-35,1,서울특별시 도봉구 쌍문제1동 460-154,서울특별시 도봉구 쌍문제1동 460-154,127.022084,37.652817,2008-01-01,벽부등,02-2091-4083,서울특별시 도봉구청,2017-05-17
02-02-23,1,서울특별시 도봉구 방학로5길 32,서울특별시 도봉구 쌍문제2동 8-19,127.037756,37.661253,2007-08-16,한전주,02-2091-4083,서울특별시 도봉구청,2017-05-17
02-01-24,1,서울특별시 도봉구 쌍문제2동 707-13,서울특별시 도봉구 쌍문제2동 707-13,127.041753,37.661679,2008-02-11,한전주,02-2091-4083,서울특별시 도봉구청,2017-05-17
02-17-24,1,서울특별시 도봉구 쌍문제2동 80-55,서울특별시 도봉구 쌍문제2동 80-55,127.035919,37.651786,2008-01-01,벽부등,02-2091-4083,서울특별시 도봉구청,2017-05-17
02-05-24,1,서울특별시 도봉구 쌍문제2동 26-32,서울특별시 도봉구 쌍문제2동 26-32,127.036663,37.660828,2006-09-18,벽부등,02-2091-4083,서울특별시 도봉구청,2017-05-17
02-13-24,1,서울특별시 도봉구 도봉로127길 10,서울특별시 도봉구 쌍문제2동 697,127.037266,37.65453,2006-01-05,한전주,02-2091-4083,서울특별시 도봉구청,2017-05-17
02-09-24,2,서울특별시 도봉구 도봉로133길 41,서울특별시 도봉구 쌍문제2동 44-1,127.037236,37.657892,2017-02-01,한전주,02-2091-4083,서울특별시 도봉구청,2017-05-17
02-08-24,1,서울특별시 도봉구 쌍문제2동 713-26,서울특별시 도봉구 쌍문제2동 713-26,127.039512,37.659767,2008-01-01,한전주,02-2091-4083,서울특별시 도봉구청,2017-05-17
02-15-24,2,서울특별시 도봉구 도당로123길78,서울특별시 도봉구 쌍문제2동 81-108,127.033214,37.652992,2013-10-02,한전주,02-2091-4083,서울특별시 도봉구청,2017-05-17
02-20-24,1,서울특별시 도봉구 쌍문제2동 68-1,서울특별시 도봉구 쌍문제2동 68-1,127.036702,37.656361,2008-01-01,한전주,02-2091-4083,서울특별시 도봉구청,2017-05-17
02-09-25,2,서울특별시 도봉구 해등로 180,서울특별시 도봉구 쌍문제2동 45-6,127.036732,37.658005,2017-02-01,한전주,02-2091-4083,서울특별시 도봉구청,2017-05-17
02-01-25,1,서울특별시 도봉구 쌍문제2동 714-10,서울특별시 도봉구 쌍문제2동 714-10,127.040631,37.660722,2008-01-01,전용주,02-2091-4083,서울특별시 도봉구청,2017-05-17
02-20-25,1,서울특별시 도봉구 쌍문제2동 67-9,서울특별시 도봉구 쌍문제2동 67-9,127.036915,37.65624,2008-01-01,벽부등,02-2091-4083,서울특별시 도봉구청,2017-05-17
02-02-25,1,서울특별시 도봉구 쌍문제2동 26-8,서울특별시 도봉구 쌍문제2동 26-8,127.03739,37.660892,2008-01-01,벽부등,02-2091-4083,서울특별시 도봉구청,2017-05-17
02-08-25,1,서울특별시 도봉구 쌍문제2동 713-25,서울특별시 도봉구 쌍문제2동 713-25,127.039554,37.659865,2008-01-01,벽부등,02-2091-4083,서울특별시 도봉구청,2017-05-17
02-05-25,1,서울특별시 도봉구 도봉로139길 80-5,서울특별시 도봉구 쌍문제2동 26-17,127.03698,37.66073,2008-01-01,한전주,02-2091-4083,서울특별시 도봉구청,2017-05-17
02-15-25,1,서울특별시 도봉구 쌍문제2동 81-110,서울특별시 도봉구 쌍문제2동 81-110,127.033328,37.652869,2008-01-01,한전주,02-2091-4083,서울특별시 도봉구청,2017-05-17
02-13-25,1,서울특별시 도봉구 쌍문제2동 691,서울특별시 도봉구 쌍문제2동 691,127.03756,37.654507,2008-01-01,한전주,02-2091-4083,서울특별시 도봉구청,2017-05-17
02-17-25,1,서울특별시 도봉구 쌍문제2동 80-30,서울특별시 도봉구 쌍문제2동 80-30,127.035622,37.652183,2008-01-01,벽부등,02-2091-4083,서울특별시 도봉구청,2017-05-17
02-09-26,1,서울특별시 도봉구 방학로 3가길 7-3,서울특별시 도봉구 쌍문제2동 23-1,127.038362,37.658639,2008-01-01,벽부등,02-2091-4083,서울특별시 도봉구청,2017-05-17
02-02-26,1,서울특별시 도봉구 쌍문제2동 8-5,서울특별시 도봉구 쌍문제2동 8-5,127.037643,37.66104,2008-01-01,벽부등,02-2091-4083,서울특별시 도봉구청,2017-05-17
02-13-26,2,서울특별시 도봉구 해등로17길50,서울특별시 도봉구 쌍문제2동 680,127.037487,37.654927,2013-10-21,한전주,02-2091-4083,서울특별시 도봉구청,2017-05-17
02-17-26,1,서울특별시 도봉구 도봉로121길 14-7,서울특별시 도봉구 쌍문제2동 80-36,127.035797,37.652459,2008-01-01,한전주,02-2091-4083,서울특별시 도봉구청,2017-05-17
02-20-26,1,서울특별시 도봉구 쌍문제2동 69-23,서울특별시 도봉구 쌍문제2동 69-23,127.036787,37.656099,2008-01-01,벽부등,02-2091-4083,서울특별시 도봉구청,2017-05-17
02-05-26,1,서울특별시 도봉구 도봉로139길 80-10,서울특별시 도봉구 쌍문제2동 26-12,127.037082,37.660901,2008-01-01,한전주,02-2091-4083,서울특별시 도봉구청,2017-05-17
02-15-26,1,서울특별시 도봉구 쌍문제2동 81-263,서울특별시 도봉구 쌍문제2동 81-263,127.033373,37.652661,2008-01-01,벽부등,02-2091-4083,서울특별시 도봉구청,2017-05-17
02-08-26,1,서울특별시 도봉구 쌍문제2동 713-30,서울특별시 도봉구 쌍문제2동 713-30,127.039607,37.660064,2008-01-01,한전주,02-2091-4083,서울특별시 도봉구청,2017-05-17
02-01-26,1,서울특별시 도봉구 쌍문제2동 708-27,서울특별시 도봉구 쌍문제2동 708-27,127.040244,37.660891,2007-04-30,한전주,02-2091-4083,서울특별시 도봉구청,2017-05-17
02-20-27,1,서울특별시 도봉구 도봉로129길 32,서울특별시 도봉구 쌍문제2동 69-44,127.036717,37.655531,2008-01-01,한전주,02-2091-4083,서울특별시 도봉구청,2017-05-17
02-02-27,1,서울특별시 도봉구 방학로5길 29,서울특별시 도봉구 쌍문제2동 711,127.038307,37.661703,2008-01-01,한전주,02-2091-4083,서울특별시 도봉구청,2017-05-17
02-05-27,1,서울특별시 도봉구 쌍문제2동 26-18,서울특별시 도봉구 쌍문제2동 26-18,127.037102,37.660635,2008-01-01,벽부등,02-2091-4083,서울특별시 도봉구청,2017-05-17
02-13-27,1,서울특별시 도봉구 쌍문제2동 690,서울특별시 도봉구 쌍문제2동 690,127.037875,37.655067,2008-01-01,전용주,02-2091-4083,서울특별시 도봉구청,2017-05-17
02-08-27,1,서울특별시 도봉구 쌍문제2동 713-23,서울특별시 도봉구 쌍문제2동 713-23,127.039421,37.659874,2008-01-01,벽부등,02-2091-4083,서울특별시 도봉구청,2017-05-17
02-17-27,1,서울특별시 도봉구 쌍문제2동 80-41,서울특별시 도봉구 쌍문제2동 80-41,127.036162,37.652116,2008-01-01,한전주,02-2091-4083,서울특별시 도봉구청,2017-05-17
02-15-27,1,서울특별시 도봉구 쌍문제2동 81-261,서울특별시 도봉구 쌍문제2동 81-261,127.033147,37.652746,2008-01-01,벽부등,02-2091-4083,서울특별시 도봉구청,2017-05-17
03-10-12,1,서울특별시 도봉구 쌍문제3동 315-31,서울특별시 도봉구 쌍문제3동 315-31,127.030215,37.647323,2008-01-01,한전주,02-2091-4083,서울특별시 도봉구청,2017-05-17
03-16-13,1,서울특별시 도봉구 우이천로24길 12,서울특별시 도봉구 쌍문제3동 103-85,127.03091,37.644045,2008-01-01,한전주,02-2091-4083,서울특별시 도봉구청,2017-05-17
03-06-13,1,서울특별시 도봉구 쌍문제3동 315-199,서울특별시 도봉구 쌍문제3동 315-199,127.029383,37.648645,2008-01-01,벽부등,02-2091-4083,서울특별시 도봉구청,2017-05-17
03-10-13,1,서울특별시 도봉구 노해로46길 79,서울특별시 도봉구 쌍문제3동 117-4,127.030311,37.647442,2008-01-01,한전주,02-2091-4083,서울특별시 도봉구청,2017-05-17
03-09-13,1,서울특별시 도봉구 쌍문제3동 123-36,서울특별시 도봉구 쌍문제3동 123-36,127.031582,37.647851,2008-01-01,벽부등,02-2091-4083,서울특별시 도봉구청,2017-05-17
03-18-13,1,서울특별시 도봉구 쌍문제3동 100-34,서울특별시 도봉구 쌍문제3동 100-34,127.031842,37.647095,2006-07-20,한전주,02-2091-4083,서울특별시 도봉구청,2017-05-17
03-07-13,1,서울특별시 도봉구 쌍문제3동 122-99,서울특별시 도봉구 쌍문제3동 122-99,127.030807,37.648859,2008-01-01,벽부등,02-2091-4083,서울특별시 도봉구청,2017-05-17
03-02-13,1,서울특별시 도봉구 쌍문제3동 143-58,서울특별시 도봉구 쌍문제3동 143-58,127.034077,37.650552,2008-01-01,한전주,02-2091-4083,서울특별시 도봉구청,2017-05-17
03-04-13,1,서울특별시 도봉구 쌍문제3동 139-19,서울특별시 도봉구 쌍문제3동 139-19,127.030398,37.650512,2006-11-20,벽부등,02-2091-4083,서울특별시 도봉구청,2017-05-17
03-08-13,1,서울특별시 도봉구 쌍문제3동 120-44,서울특별시 도봉구 쌍문제3동 120-44,127.031892,37.648491,2008-01-01,한전주,02-2091-4083,서울특별시 도봉구청,2017-05-17
03-19-13,1,서울특별시 도봉구 쌍문제3동 88-24,서울특별시 도봉구 쌍문제3동 88-24,127.034014,37.648123,2008-01-01,벽부등,02-2091-4083,서울특별시 도봉구청,2017-05-17
03-01-13,1,서울특별시 도봉구 쌍문제3동 88-48,서울특별시 도봉구 쌍문제3동 88-48,127.034821,37.65006,2006-12-11,벽부등,02-2091-4083,서울특별시 도봉구청,2017-05-17
03-11-13,1,서울특별시 도봉구 쌍문제3동 315-115,서울특별시 도봉구 쌍문제3동 315-115,127.028094,37.648489,2008-01-01,벽부등,02-2091-4083,서울특별시 도봉구청,2017-05-17
03-17-13,1,서울특별시 도봉구 쌍문제3동 103-31,서울특별시 도봉구 쌍문제3동 103-31,127.032033,37.646433,2008-01-01,벽부등,02-2091-4083,서울특별시 도봉구청,2017-05-17
03-05-13,1,서울특별시 도봉구 쌍문제3동 139-105,서울특별시 도봉구 쌍문제3동 139-105,127.029768,37.649841,2008-01-01,한전주,02-2091-4083,서울특별시 도봉구청,2017-05-17
03-03-13,1,서울특별시 도봉구 쌍문제3동 138-162,서울특별시 도봉구 쌍문제3동 138-162,127.032796,37.650211,2008-01-01,벽부등,02-2091-4083,서울특별시 도봉구청,2017-05-17
03-07-14,1,서울특별시 도봉구 도봉로109가길 45-5,서울특별시 도봉구 쌍문제3동 122-28,127.030617,37.64901,2008-01-01,한전주,02-2091-4083,서울특별시 도봉구청,2017-05-17
03-17-14,1,서울특별시 도봉구 쌍문제3동 103-29,서울특별시 도봉구 쌍문제3동 103-29,127.032345,37.64653,2008-01-01,한전주,02-2091-4083,서울특별시 도봉구청,2017-05-17
03-03-14,1,서울특별시 도봉구 도봉로117길 42,서울특별시 도봉구 쌍문제3동 138-170,127.032703,37.64982,2007-10-13,벽부등,02-2091-4083,서울특별시 도봉구청,2017-05-17
03-08-14,1,서울특별시 도봉구 쌍문제3동 120-40,서울특별시 도봉구 쌍문제3동 120-40,127.031869,37.648758,2008-01-01,한전주,02-2091-4083,서울특별시 도봉구청,2017-05-17
03-04-14,1,서울특별시 도봉구 쌍문제3동 139-27,서울특별시 도봉구 쌍문제3동 139-27,127.030378,37.650257,2006-11-20,한전주,02-2091-4083,서울특별시 도봉구청,2017-05-17
03-06-14,1,서울특별시 도봉구 쌍문제3동 315-287,서울특별시 도봉구 쌍문제3동 315-287,127.029425,37.648497,2007-10-01,한전주,02-2091-4083,서울특별시 도봉구청,2017-05-17
03-18-14,1,서울특별시 도봉구 쌍문제3동 100-10,서울특별시 도봉구 쌍문제3동 100-10,127.032031,37.647261,2007-10-11,전용주,02-2091-4083,서울특별시 도봉구청,2017-05-17
03-02-14,2,서울특별시 도봉구 쌍문제3동 143-27,서울특별시 도봉구 쌍문제3동 143-27,127.034323,37.65077,2008-01-01,통신주,02-2091-4083,서울특별시 도봉구청,2017-05-17
03-19-14,2,서울특별시 도봉구 쌍문제3동 88-116,서울특별시 도봉구 쌍문제3동 88-116,127.033862,37.647969,2007-04-15,한전주,02-2091-4083,서울특별시 도봉구청,2017-05-17
03-10-14,1,서울특별시 도봉구 노해로46길 75,서울특별시 도봉구 쌍문제3동 117-1,127.030469,37.647658,2008-01-01,벽부등,02-2091-4083,서울특별시 도봉구청,2017-05-17
03-09-14,1,서울특별시 도봉구 쌍문제3동 98-58,서울특별시 도봉구 쌍문제3동 98-58,127.031967,37.647622,2008-01-01,한전주,02-2091-4083,서울특별시 도봉구청,2017-05-17
03-01-14,1,서울특별시 도봉구 쌍문제3동 88-17,서울특별시 도봉구 쌍문제3동 88-17,127.034463,37.64993,2008-01-01,한전주,02-2091-4083,서울특별시 도봉구청,2017-05-17
03-05-14,1,서울특별시 도봉구 쌍문제3동 139-74,서울특별시 도봉구 쌍문제3동 139-74,127.030352,37.650187,2008-01-01,한전주,02-2091-4083,서울특별시 도봉구청,2017-05-17
03-11-14,1,서울특별시 도봉구 쌍문제3동 315-147,서울특별시 도봉구 쌍문제3동 315-147,127.027958,37.648694,2007-05-16,벽부등,02-2091-4083,서울특별시 도봉구청,2017-05-17
03-16-14,1,서울특별시 도봉구 쌍문제3동 103-83,서울특별시 도봉구 쌍문제3동 103-83,127.030809,37.643954,2008-01-01,한전주,02-2091-4083,서울특별시 도봉구청,2017-05-17
14-12-11,1,서울특별시 도봉구 도봉로177가길 9-7,서울특별시 도봉구 도봉제1동 582-3,127.044219,37.681165,2008-01-01,한전주,02-2091-4083,서울특별시 도봉구청,2017-05-17
14-21-11,1,서울특별시 도봉구 도봉제1동 601-20,서울특별시 도봉구 도봉제1동 601-20,127.044063,37.675819,2006-09-08,한전주,02-2091-4083,서울특별시 도봉구청,2017-05-17
14-25-21,1,서울특별시 도봉구 도봉제1동 산96-4,서울특별시 도봉구 도봉제1동 산96-4,127.039302,37.674435,2008-01-01,전용주,02-2091-4083,서울특별시 도봉구청,2017-05-17
14-20-21,1,서울특별시 도봉구 도봉로169다길 29,서울특별시 도봉구 도봉제1동 598-5,127.042538,37.677488,2006-04-08,한전주,02-2091-4083,서울특별시 도봉구청,2017-05-17
14-11-21,1,서울특별시 도봉구 도봉로179길 13,서울특별시 도봉구 도봉제1동 564-23,127.044949,37.682603,2006-10-10,한전주,02-2091-4083,서울특별시 도봉구청,2017-05-17
14-06-21,1,서울특별시 도봉구 도봉로187길 31,서울특별시 도봉구 도봉제1동 570-1,127.04414,37.685846,2007-07-25,한전주,02-2091-4083,서울특별시 도봉구청,2017-05-17
14-08-21,1,서울특별시 도봉구 도봉로181길 15,서울특별시 도봉구 도봉제1동 565,127.045041,37.683965,2006-09-08,한전주,02-2091-4083,서울특별시 도봉구청,2017-05-17
14-28-21,1,서울특별시 도봉구 도봉제1동 609-29,서울특별시 도봉구 도봉제1동 609-29,127.040526,37.670879,2007-08-30,벽부등,02-2091-4083,서울특별시 도봉구청,2017-05-17
14-27-21,1,서울특별시 도봉구 도당로29길 71,서울특별시 도봉구 도봉제1동 611-16,127.04227,37.670452,2008-01-01,한전주,02-2091-4083,서울특별시 도봉구청,2017-05-17
14-01-21,1,서울특별시 도봉구 도봉로191길,서울특별시 도봉구 도봉제1동 산6-1,127.039648,37.689822,2012-09-12,전용주,02-2091-4083,서울특별시 도봉구청,2017-05-17
14-23-22,1,서울특별시 도봉구 도봉로159길 27-5,서울특별시 도봉구 도봉제1동 604-37,127.042663,37.674198,2017-02-17,NULL,02-2091-4083,서울특별시 도봉구청,2017-05-17
14-06-22,1,서울특별시 도봉구 도봉산3길 35,서울특별시 도봉구 도봉제1동 570,127.043817,37.685712,2008-01-01,한전주,02-2091-4083,서울특별시 도봉구청,2017-05-17
14-16-22,1,서울특별시 도봉구 도봉로173길20-9,서울특별시 도봉구 도봉제1동 585-7,127.042205,37.680388,2012-09-14,통신주,02-2091-4083,서울특별시 도봉구청,2017-05-17
14-18-22,1,서울특별시 도봉구 도봉제1동 425-10,서울특별시 도봉구 도봉제1동 425-10,127.039272,37.679818,2008-01-01,한전주,02-2091-4083,서울특별시 도봉구청,2017-05-17
14-28-22,1,서울특별시 도봉구 도당로27길 73,서울특별시 도봉구 도봉제1동 609-4,127.040861,37.670551,2008-01-01,한전주,02-2091-4083,서울특별시 도봉구청,2017-05-17
14-20-22,1,서울특별시 도봉구 도봉로169나길 66,서울특별시 도봉구 도봉제1동 597-52,127.043099,37.677206,2008-01-01,한전주,02-2091-4083,서울특별시 도봉구청,2017-05-17
14-07-22,1,서울특별시 도봉구 도봉제1동 568-48,서울특별시 도봉구 도봉제1동 568-48,127.043696,37.684408,2008-01-01,한전주,02-2091-4083,서울특별시 도봉구청,2017-05-17
14-24-22,1,서울특별시 도봉구 도봉제1동 616-30,서울특별시 도봉구 도봉제1동 616-30,127.043098,37.672946,2008-01-01,한전주,02-2091-4083,서울특별시 도봉구청,2017-05-17
14-12-22,1,서울특별시 도봉구 도봉로177길7-6,서울특별시 도봉구 도봉제1동 582-21,127.044767,37.680819,2013-07-25,벽부등,02-2091-4083,서울특별시 도봉구청,2017-05-17
14-25-22,1,서울특별시 도봉구 도봉제1동 산96-4,서울특별시 도봉구 도봉제1동 산96-4,127.038972,37.674576,2008-01-01,전용주,02-2091-4083,서울특별시 도봉구청,2017-05-17
14-10-22,1,서울특별시 도봉구 도봉로169가길 45-14,서울특별시 도봉구 도봉제1동 578-8,127.042568,37.681775,2008-01-01,전용주,02-2091-4083,서울특별시 도봉구청,2017-05-17
14-15-22,2,서울특별시 도봉구 도봉로169길 69,서울특별시 도봉구 도봉제1동 593-53,127.042158,37.678937,2008-01-01,한전주,02-2091-4083,서울특별시 도봉구청,2017-05-17
14-01-22,1,서울특별시 도봉구 도봉로191길88-94,서울특별시 도봉구 도봉제1동 385,127.039432,37.689885,2008-01-01,한전주,02-2091-4083,서울특별시 도봉구청,2017-05-17
14-05-22,1,서울특별시 도봉구 도봉산1길 12,서울특별시 도봉구 도봉제1동 557-15,127.045154,37.686809,2006-10-20,한전주,02-2091-4083,서울특별시 도봉구청,2017-05-17
14-04-22,1,서울특별시 도봉구 도봉로181길 86-6,서울특별시 도봉구 도봉제1동 572-2,127.041901,37.685812,2008-01-01,벽부등,02-2091-4083,서울특별시 도봉구청,2017-05-17
14-19-22,2,서울특별시 도봉구 도봉제1동 527,서울특별시 도봉구 도봉제1동 527,127.02854,37.677243,2007-07-07,한전주,02-2091-4083,서울특별시 도봉구청,2017-05-17
14-26-22,1,서울특별시 도봉구 도봉제1동 613-6,서울특별시 도봉구 도봉제1동 613-6,127.041388,37.67156,2008-01-01,벽부등,02-2091-4083,서울특별시 도봉구청,2017-05-17
14-27-22,1,서울특별시 도봉구 도봉제1동 611-13,서울특별시 도봉구 도봉제1동 611-13,127.04209,37.670418,2008-01-01,벽부등,02-2091-4083,서울특별시 도봉구청,2017-05-17
14-09-22,1,서울특별시 도봉구 도봉제1동 576-63,서울특별시 도봉구 도봉제1동 576-63,127.042686,37.684557,2008-01-01,한전주,02-2091-4083,서울특별시 도봉구청,2017-05-17
14-21-22,1,서울특별시 도봉구 도봉제1동 600-14,서울특별시 도봉구 도봉제1동 600-14,127.044142,37.676904,2008-02-12,한전주,02-2091-4083,서울특별시 도봉구청,2017-05-17
14-08-22,1,서울특별시 도봉구 도봉로181길 13,서울특별시 도봉구 도봉제1동 565-1,127.045288,37.683888,2006-09-15,한전주,02-2091-4083,서울특별시 도봉구청,2017-05-17
14-06-23,1,서울특별시 도봉구 도봉제1동 569-42,서울특별시 도봉구 도봉제1동 569-42,127.044163,37.685251,2008-01-01,벽부등,02-2091-4083,서울특별시 도봉구청,2017-05-17
14-11-23,1,서울특별시 도봉구 도봉제1동 564-1,서울특별시 도봉구 도봉제1동 564-1,127.044449,37.682662,2008-01-30,한전주,02-2091-4083,서울특별시 도봉구청,2017-05-17
14-12-23,1,서울특별시 도봉구 도봉로177가길 9-9,서울특별시 도봉구 도봉제1동 582-4,127.044279,37.681102,2015-11-24,한전주,02-2091-4083,서울특별시 도봉구청,2017-05-17
14-20-23,1,서울특별시 도봉구 도봉제1동 597-25,서울특별시 도봉구 도봉제1동 597-25,127.042973,37.677573,2006-10-20,벽부등,02-2091-4083,서울특별시 도봉구청,2017-05-17
14-01-23,1,서울특별시 도봉구 도봉로191길 88-112,서울특별시 도봉구 도봉제1동 385-2,127.039001,37.689561,2008-01-01,벽부등,02-2091-4083,서울특별시 도봉구청,2017-05-17
01-07-36,1,서울특별시 도봉구 쌍문제1동 414-6,서울특별시 도봉구 쌍문제1동 414-6,127.020197,37.649657,2008-01-01,전용주,02-2091-4083,서울특별시 도봉구청,2017-05-17
01-05-36,1,서울특별시 도봉구 쌍문제1동 294-2,서울특별시 도봉구 쌍문제1동 294-2,127.024727,37.650624,2008-01-01,전용주,02-2091-4083,서울특별시 도봉구청,2017-05-17
01-12-36,1,서울특별시 도봉구 쌍문제1동 460-80,서울특별시 도봉구 쌍문제1동 460-80,127.022248,37.652538,2006-11-23,벽부등,02-2091-4083,서울특별시 도봉구청,2017-05-17
01-21-36,1,서울특별시 도봉구 쌍문제1동 480-2,서울특별시 도봉구 쌍문제1동 480-2,127.017933,37.654986,2008-01-01,벽부등,02-2091-4083,서울특별시 도봉구청,2017-05-17
01-14-36,1,서울특별시 도봉구 쌍문제1동 460-170,서울특별시 도봉구 쌍문제1동 460-170,127.021923,37.653043,2008-01-01,한전주,02-2091-4083,서울특별시 도봉구청,2017-05-17
01-24-36,1,서울특별시 도봉구 쌍문제1동 513-2,서울특별시 도봉구 쌍문제1동 513-2,127.014291,37.659751,2008-01-01,통신주,02-2091-4083,서울특별시 도봉구청,2017-05-17
01-19-36,1,서울특별시 도봉구 쌍문제1동 496-21,서울특별시 도봉구 쌍문제1동 496-21,127.015188,37.655008,2008-01-01,벽부등,02-2091-4083,서울특별시 도봉구청,2017-05-17
01-04-37,1,서울특별시 도봉구 우이천로 352,서울특별시 도봉구 쌍문제1동 349-32,127.025203,37.647726,2015-09-15,한전주,02-2091-4083,서울특별시 도봉구청,2017-05-17
01-21-37,1,서울특별시 도봉구 우이천로46가길 26,서울특별시 도봉구 쌍문제1동 486-16,127.017384,37.6555,2008-01-01,벽부등,02-2091-4083,서울특별시 도봉구청,2017-05-17
01-14-37,2,서울특별시 도봉구 우이천로38길 91,서울특별시 도봉구 쌍문제1동 460-10,127.022211,37.653138,2008-01-01,한전주,02-2091-4083,서울특별시 도봉구청,2017-05-17
01-17-37,1,서울특별시 도봉구 쌍문제1동 422-82,서울특별시 도봉구 쌍문제1동 422-82,127.014267,37.651567,2008-01-01,벽부등,02-2091-4083,서울특별시 도봉구청,2017-05-17
01-12-37,1,서울특별시 도봉구 시루봉로1길 76,서울특별시 도봉구 쌍문제1동 460-23,127.023797,37.652255,2006-11-23,한전주,02-2091-4083,서울특별시 도봉구청,2017-05-17
01-24-37,1,서울특별시 도봉구 우이천로 485-3,서울특별시 도봉구 쌍문제1동 494-25,127.015253,37.656428,2008-01-01,벽부등,02-2091-4083,서울특별시 도봉구청,2017-05-17
01-25-37,1,서울특별시 도봉구 쌍문제1동 531-14,서울특별시 도봉구 쌍문제1동 531-14,127.015626,37.658003,2008-01-01,벽부등,02-2091-4083,서울특별시 도봉구청,2017-05-17
01-08-37,1,서울특별시 도봉구 쌍문제1동 452-22,서울특별시 도봉구 쌍문제1동 452-22,127.022499,37.650842,2007-04-06,한전주,02-2091-4083,서울특별시 도봉구청,2017-05-17
01-15-37,1,서울특별시 도봉구 쌍문제1동 486-107,서울특별시 도봉구 쌍문제1동 486-107,127.01914,37.654842,2007-09-22,한전주,02-2091-4083,서울특별시 도봉구청,2017-05-17
01-19-37,1,서울특별시 도봉구 쌍문제1동 427-43,서울특별시 도봉구 쌍문제1동 427-43,127.015682,37.654423,2006-08-05,벽부등,02-2091-4083,서울특별시 도봉구청,2017-05-17
01-07-37,1,서울특별시 도봉구 쌍문제1동 414-229,서울특별시 도봉구 쌍문제1동 414-229,127.020441,37.649665,2008-01-01,벽부등,02-2091-4083,서울특별시 도봉구청,2017-05-17
01-12-38,1,서울특별시 도봉구 우이천로38길62,서울특별시 도봉구 쌍문제1동 460-238,127.02328,37.652038,2013-07-19,벽부등,02-2091-4083,서울특별시 도봉구청,2017-05-17
01-14-38,1,서울특별시 도봉구 쌍문제1동 460-363,서울특별시 도봉구 쌍문제1동 460-363,127.022352,37.652992,2008-01-01,통신주,02-2091-4083,서울특별시 도봉구청,2017-05-17
01-17-38,1,서울특별시 도봉구 쌍문제1동 422-165,서울특별시 도봉구 쌍문제1동 422-165,127.01411,37.651542,2008-01-01,벽부등,02-2091-4083,서울특별시 도봉구청,2017-05-17
01-21-38,1,서울특별시 도봉구 쌍문제1동 486-68,서울특별시 도봉구 쌍문제1동 486-68,127.018483,37.655406,2008-01-01,통신주,02-2091-4083,서울특별시 도봉구청,2017-05-17
01-23-38,1,서울특별시 도봉구 쌍문제1동 522-1,서울특별시 도봉구 쌍문제1동 522-1,127.016786,37.657417,2008-01-01,한전주,02-2091-4083,서울특별시 도봉구청,2017-05-17
01-07-38,1,서울특별시 도봉구 쌍문제1동 414-128,서울특별시 도봉구 쌍문제1동 414-128,127.020442,37.64949,2008-01-01,한전주,02-2091-4083,서울특별시 도봉구청,2017-05-17
01-08-38,1,서울특별시 도봉구 쌍문제1동 460-13,서울특별시 도봉구 쌍문제1동 460-13,127.021923,37.652182,2008-01-01,한전주,02-2091-4083,서울특별시 도봉구청,2017-05-17
01-24-38,1,서울특별시 도봉구 쌍문제1동 509-1,서울특별시 도봉구 쌍문제1동 509-1,127.014531,37.658258,2008-01-01,벽부등,02-2091-4083,서울특별시 도봉구청,2017-05-17
01-15-38,1,서울특별시 도봉구 쌍문제1동 486-113,서울특별시 도봉구 쌍문제1동 486-113,201674.090,461727.812,2008-01-01,한전주,02-2091-4083,서울특별시 도봉구청,2017-05-17
01-25-38,1,서울특별시 도봉구 삼양로162길 51-9,서울특별시 도봉구 쌍문제1동 525,127.016682,37.657987,2007-09-08,전용주,02-2091-4083,서울특별시 도봉구청,2017-05-17
01-19-38,1,서울특별시 도봉구 쌍문제1동 495-80,서울특별시 도봉구 쌍문제1동 495-80,127.014932,37.655539,2008-01-01,벽부등,02-2091-4083,서울특별시 도봉구청,2017-05-17
01-12-39,1,서울특별시 도봉구 우이천로38길 83,서울특별시 도봉구 쌍문제1동 460-11,127.022599,37.652707,2014-11-25,NULL,02-2091-4083,서울특별시 도봉구청,2017-05-17
01-07-39,1,서울특별시 도봉구 쌍문제1동 414-132,서울특별시 도봉구 쌍문제1동 414-132,127.020736,37.64939,2008-01-01,벽부등,02-2091-4083,서울특별시 도봉구청,2017-05-17
01-08-39,2,서울특별시 도봉구 우이천로34길 13,서울특별시 도봉구 쌍문제1동 449-7,127.023093,37.649732,2008-01-01,벽부등,02-2091-4083,서울특별시 도봉구청,2017-05-17
01-24-39,1,서울특별시 도봉구 쌍문제1동 509-11,서울특별시 도봉구 쌍문제1동 509-11,127.014548,37.658401,2008-01-01,벽부등,02-2091-4083,서울특별시 도봉구청,2017-05-17
01-17-39,1,서울특별시 도봉구 쌍문제1동 422-103,서울특별시 도봉구 쌍문제1동 422-103,127.013963,37.651517,2008-01-01,한전주,02-2091-4083,서울특별시 도봉구청,2017-05-17
02-09-27,1,서울특별시 도봉구 쌍문제2동 21-16,서울특별시 도봉구 쌍문제2동 21-16,127.037588,37.658215,2008-01-01,한전주,02-2091-4083,서울특별시 도봉구청,2017-05-17
02-01-27,1,서울특별시 도봉구 쌍문제2동 708-24,서울특별시 도봉구 쌍문제2동 708-24,127.040409,37.661194,2008-01-01,벽부등,02-2091-4083,서울특별시 도봉구청,2017-05-17
02-20-28,1,서울특별시 도봉구 쌍문제2동 69-5,서울특별시 도봉구 쌍문제2동 69-5,127.035175,37.655243,2008-01-01,전용주,02-2091-4083,서울특별시 도봉구청,2017-05-17
02-01-28,1,서울특별시 도봉구 도봉로139길 24,서울특별시 도봉구 쌍문제2동 708-20,127.040482,37.660936,2006-10-13,한전주,02-2091-4083,서울특별시 도봉구청,2017-05-17
02-13-28,1,서울특별시 도봉구 도봉로129길 15,서울특별시 도봉구 쌍문제2동 707,127.037423,37.655234,2008-01-01,한전주,02-2091-4083,서울특별시 도봉구청,2017-05-17
02-05-28,1,서울특별시 도봉구 쌍문제2동 25-85,서울특별시 도봉구 쌍문제2동 25-85,127.037448,37.659611,2007-04-17,한전주,02-2091-4083,서울특별시 도봉구청,2017-05-17
02-08-28,1,서울특별시 도봉구 쌍문제2동 713-5,서울특별시 도봉구 쌍문제2동 713-5,127.039299,37.659929,2008-01-01,한전주,02-2091-4083,서울특별시 도봉구청,2017-05-17
02-17-28,1,서울특별시 도봉구 쌍문제2동 81-70,서울특별시 도봉구 쌍문제2동 81-70,127.035116,37.653065,2008-01-01,한전주,02-2091-4083,서울특별시 도봉구청,2017-05-17
02-09-28,2,서울특별시 도봉구 쌍문제2동 23-49,서울특별시 도봉구 쌍문제2동 23-49,127.037635,37.658387,2008-01-01,한전주,02-2091-4083,서울특별시 도봉구청,2017-05-17
02-15-28,1,서울특별시 도봉구 쌍문제2동 81-111,서울특별시 도봉구 쌍문제2동 81-111,127.033069,37.652618,2008-01-01,벽부등,02-2091-4083,서울특별시 도봉구청,2017-05-17
02-02-28,1,서울특별시 도봉구 쌍문제2동 711-15,서울특별시 도봉구 쌍문제2동 711-15,127.038283,37.660852,2008-01-01,벽부등,02-2091-4083,서울특별시 도봉구청,2017-05-17
02-17-29,1,서울특별시 도봉구 노해로59길 28,서울특별시 도봉구 쌍문제2동 79-2,127.03537,37.652503,2013-02-08,벽부등,02-2091-4083,서울특별시 도봉구청,2017-05-17
02-08-29,1,서울특별시 도봉구 쌍문제2동 713-7,서울특별시 도봉구 쌍문제2동 713-7,127.039212,37.659697,2008-01-01,벽부등,02-2091-4083,서울특별시 도봉구청,2017-05-17
02-13-29,1,서울특별시 도봉구 도봉로129길 23,서울특별시 도봉구 쌍문제2동 672,127.037176,37.655324,2017-02-01,한전주,02-2091-4083,서울특별시 도봉구청,2017-05-17
02-09-29,1,서울특별시 도봉구 쌍문제2동 23-16,서울특별시 도봉구 쌍문제2동 23-16,127.037837,37.658461,2007-11-27,벽부등,02-2091-4083,서울특별시 도봉구청,2017-05-17
02-20-29,1,서울특별시 도봉구 쌍문제2동 69-5,서울특별시 도봉구 쌍문제2동 69-5,127.035311,37.655189,2008-01-01,전용주,02-2091-4083,서울특별시 도봉구청,2017-05-17
02-01-29,1,서울특별시 도봉구 쌍문제2동 708-19,서울특별시 도봉구 쌍문제2동 708-19,127.040802,37.660979,2008-01-01,한전주,02-2091-4083,서울특별시 도봉구청,2017-05-17
02-02-29,1,서울특별시 도봉구 방학로5길 26,서울특별시 도봉구 쌍문제2동 8-25,127.037726,37.661642,2006-11-15,한전주,02-2091-4083,서울특별시 도봉구청,2017-05-17
02-15-30,1,서울특별시 도봉구 노해로57길 19-6,서울특별시 도봉구 쌍문제2동 81-382,127.033089,37.652397,2008-01-01,벽부등,02-2091-4083,서울특별시 도봉구청,2017-05-17
02-02-30,1,서울특별시 도봉구 쌍문제2동 710-40,서울특별시 도봉구 쌍문제2동 710-40,127.038824,37.660912,2008-01-01,벽부등,02-2091-4083,서울특별시 도봉구청,2017-05-17
02-09-30,1,서울특별시 도봉구 쌍문제2동 21-16,서울특별시 도봉구 쌍문제2동 21-16,127.038031,37.658367,2008-01-01,벽부등,02-2091-4083,서울특별시 도봉구청,2017-05-17
02-17-30,1,서울특별시 도봉구 해등로17길 107,서울특별시 도봉구 쌍문제2동 81-55,127.03608,37.652466,2014-04-29,벽부등,02-2091-4083,서울특별시 도봉구청,2017-05-17
02-08-30,1,서울특별시 도봉구 도봉로135길 34,서울특별시 도봉구 쌍문제2동 31-26,127.038917,37.659405,2006-12-05,한전주,02-2091-4083,서울특별시 도봉구청,2017-05-17
02-20-30,1,서울특별시 도봉구 쌍문제2동 69-5,서울특별시 도봉구 쌍문제2동 69-5,127.035425,37.655135,2008-01-01,전용주,02-2091-4083,서울특별시 도봉구청,2017-05-17
02-13-30,1,서울특별시 도봉구 쌍문제2동 75-59,서울특별시 도봉구 쌍문제2동 75-59,127.0369,37.653513,2008-01-01,벽부등,02-2091-4083,서울특별시 도봉구청,2017-05-17
02-01-30,1,서울특별시 도봉구 쌍문제2동 708-8,서울특별시 도봉구 쌍문제2동 708-8,127.040501,37.661374,2006-04-03,벽부등,02-2091-4083,서울특별시 도봉구청,2017-05-17
02-05-30,1,서울특별시 도봉구 도당로2길 31,서울특별시 도봉구 쌍문제2동 25-34,127.036866,37.659523,2016-12-02,한전주,02-2091-4083,서울특별시 도봉구청,2017-05-17
02-08-31,1,서울특별시 도봉구 도봉로135길 29,서울특별시 도봉구 쌍문제2동 31-34,127.038951,37.65927,2006-10-02,한전주,02-2091-4083,서울특별시 도봉구청,2017-05-17
02-13-31,1,서울특별시 도봉구 쌍문제2동 81-37,서울특별시 도봉구 쌍문제2동 81-37,127.036147,37.653033,2008-01-01,벽부등,02-2091-4083,서울특별시 도봉구청,2017-05-17
02-20-31,1,서울특별시 도봉구 쌍문제2동 69-5,서울특별시 도봉구 쌍문제2동 69-5,127.035549,37.655081,2008-01-01,전용주,02-2091-4083,서울특별시 도봉구청,2017-05-17
02-15-31,1,서울특별시 도봉구 쌍문제2동 81-112,서울특별시 도봉구 쌍문제2동 81-112,127.033282,37.652314,2007-08-17,벽부등,02-2091-4083,서울특별시 도봉구청,2017-05-17
02-09-31,1,서울특별시 도봉구 쌍문제2동 41-1,서울특별시 도봉구 쌍문제2동 41-1,127.038351,37.658319,2007-03-20,벽부등,02-2091-4083,서울특별시 도봉구청,2017-05-17
02-01-31,2,서울특별시 도봉구 방학로3길 30,서울특별시 도봉구 쌍문제2동 708-6,127.040724,37.661376,2006-08-02,한전주,02-2091-4083,서울특별시 도봉구청,2017-05-17
02-15-32,1,서울특별시 도봉구 쌍문제2동 81-87,서울특별시 도봉구 쌍문제2동 81-87,127.034413,37.652952,2008-01-01,한전주,02-2091-4083,서울특별시 도봉구청,2017-05-17
14-20-11,1,서울특별시 도봉구 도봉로169다길 3,서울특별시 도봉구 도봉제1동 599,127.043469,37.676598,2008-01-01,한전주,02-2091-4083,서울특별시 도봉구청,2017-05-17
14-25-11,1,서울특별시 도봉구 도봉제1동 450-1,서울특별시 도봉구 도봉제1동 450-1,127.039435,37.672822,2008-01-01,한전주,02-2091-4083,서울특별시 도봉구청,2017-05-17
14-06-11,1,서울특별시 도봉구 도봉제1동 569-7,서울특별시 도봉구 도봉제1동 569-7,127.044712,37.685143,2008-01-01,벽부등,02-2091-4083,서울특별시 도봉구청,2017-05-17
14-17-11,1,서울특별시 도봉구 도봉로171길 24,서울특별시 도봉구 도봉제1동 587-28,127.042445,37.679386,2008-01-01,한전주,02-2091-4083,서울특별시 도봉구청,2017-05-17
14-02-11,1,서울특별시 도봉구 도봉제1동 494-2,서울특별시 도봉구 도봉제1동 494-2,127.030857,37.68625,2008-01-01,한전주,02-2091-4083,서울특별시 도봉구청,2017-05-17
14-23-11,1,서울특별시 도봉구 도봉제1동 605-12,서울특별시 도봉구 도봉제1동 605-12,127.041952,37.673249,2008-01-01,한전주,02-2091-4083,서울특별시 도봉구청,2017-05-17
14-01-11,1,서울특별시 도봉구 도봉제1동 352-2,서울특별시 도봉구 도봉제1동 352-2,127.04155,37.69126,2008-01-01,벽부등,02-2091-4083,서울특별시 도봉구청,2017-05-17
14-15-11,1,서울특별시 도봉구 도봉제1동 593-17,서울특별시 도봉구 도봉제1동 593-17,127.041361,37.678111,2006-04-08,한전주,02-2091-4083,서울특별시 도봉구청,2017-05-17
14-16-11,1,서울특별시 도봉구 도봉로175길 61,서울특별시 도봉구 도봉제1동 산68-44,127.04248,37.681032,2008-01-01,한전주,02-2091-4083,서울특별시 도봉구청,2017-05-17
14-27-11,1,서울특별시 도봉구 도당로31길 80,서울특별시 도봉구 도봉제1동 620-8,127.043008,37.670726,2008-01-01,한전주,02-2091-4083,서울특별시 도봉구청,2017-05-17
14-26-11,1,서울특별시 도봉구 시루봉로29길 9-5,서울특별시 도봉구 도봉제1동 618-44,127.04288,37.671891,2008-01-01,한전주,02-2091-4083,서울특별시 도봉구청,2017-05-17
14-18-11,1,서울특별시 도봉구 도봉로175길 102,서울특별시 도봉구 도봉제1동 590-4,127.04064,37.679721,2006-05-22,한전주,02-2091-4083,서울특별시 도봉구청,2017-05-17
14-03-11,1,서울특별시 도봉구 도봉산길 86-1,서울특별시 도봉구 도봉제1동 509-1,127.034708,37.688525,2015-09-15,한전주,02-2091-4083,서울특별시 도봉구청,2017-05-17
14-24-11,1,서울특별시 도봉구 도봉제1동 616-14,서울특별시 도봉구 도봉제1동 616-14,127.043718,37.673465,2008-01-01,벽부등,02-2091-4083,서울특별시 도봉구청,2017-05-17
14-22-11,1,서울특별시 도봉구 도봉제1동 602-1,서울특별시 도봉구 도봉제1동 602-1,127.043436,37.675355,2008-01-01,한전주,02-2091-4083,서울특별시 도봉구청,2017-05-17
14-04-11,2,서울특별시 도봉구 도봉산3길 36,서울특별시 도봉구 도봉제1동 571-1,127.043523,37.685838,2013-11-05,한전주,02-2091-4083,서울특별시 도봉구청,2017-05-17
14-19-11,1,서울특별시 도봉구 도봉제1동 535,서울특별시 도봉구 도봉제1동 535,127.025308,37.675649,2008-01-01,한전주,02-2091-4083,서울특별시 도봉구청,2017-05-17
14-28-11,1,서울특별시 도봉구 도당로29길 79,서울특별시 도봉구 도봉제1동 612-27,127.042345,37.670906,2008-01-01,한전주,02-2091-4083,서울특별시 도봉구청,2017-05-17
14-09-11,1,서울특별시 도봉구 도봉제1동 576,서울특별시 도봉구 도봉제1동 576,127.042303,37.684732,2008-01-01,한전주,02-2091-4083,서울특별시 도봉구청,2017-05-17
14-11-11,2,서울특별시 도봉구 도봉제1동 581-10,서울특별시 도봉구 도봉제1동 581-10,127.044276,37.681851,2008-02-14,한전주,02-2091-4083,서울특별시 도봉구청,2017-05-17
14-07-11,1,서울특별시 도봉구 도봉산1길 59,서울특별시 도봉구 도봉제1동 561-13,127.045393,37.684495,2006-09-15,한전주,02-2091-4083,서울특별시 도봉구청,2017-05-17
14-05-11,1,서울특별시 도봉구 도봉제1동 558-18,서울특별시 도봉구 도봉제1동 558-18,127.044471,37.686072,2008-01-01,한전주,02-2091-4083,서울특별시 도봉구청,2017-05-17
14-08-11,1,서울특별시 도봉구 도봉로181나길 10-8,서울특별시 도봉구 도봉제1동 566-14,127.044168,37.683657,2008-01-01,한전주,02-2091-4083,서울특별시 도봉구청,2017-05-17
14-02-12,1,서울특별시 도봉구 도봉제1동 502,서울특별시 도봉구 도봉제1동 502,127.032524,37.685389,2006-06-23,한전주,02-2091-4083,서울특별시 도봉구청,2017-05-17
14-08-12,1,서울특별시 도봉구 도봉제1동 566-35,서울특별시 도봉구 도봉제1동 566-35,127.044151,37.683092,2008-01-01,한전주,02-2091-4083,서울특별시 도봉구청,2017-05-17
14-01-12,2,서울특별시 도봉구 도봉제1동 352-28,서울특별시 도봉구 도봉제1동 352-28,127.041789,37.691185,2008-01-01,한전주,02-2091-4083,서울특별시 도봉구청,2017-05-17
14-17-12,1,서울특별시 도봉구 도봉로171길 36,서울특별시 도봉구 도봉제1동 588-2,127.042002,37.679137,2008-01-01,한전주,02-2091-4083,서울특별시 도봉구청,2017-05-17
14-26-12,1,서울특별시 도봉구 시루봉로29길 10,서울특별시 도봉구 도봉제1동,127.043187,37.67171,2014-11-03,벽부등,02-2091-4083,서울특별시 도봉구청,2017-05-17
14-25-12,1,서울특별시 도봉구 도봉제1동 607-18,서울특별시 도봉구 도봉제1동 607-18,127.039978,37.672378,2008-02-16,벽부등,02-2091-4083,서울특별시 도봉구청,2017-05-17
14-23-12,1,서울특별시 도봉구 도봉제1동 605-13,서울특별시 도봉구 도봉제1동 605-13,127.041978,37.673528,2006-11-22,한전주,02-2091-4083,서울특별시 도봉구청,2017-05-17
14-21-12,1,서울특별시 도봉구 도봉제1동 601-13,서울특별시 도봉구 도봉제1동 601-13,127.044042,37.67542,2008-01-01,벽부등,02-2091-4083,서울특별시 도봉구청,2017-05-17
14-03-12,1,서울특별시 도봉구 도봉산길 86,서울특별시 도봉구 도봉제1동 산22-1,127.034288,37.687278,2015-11-24,한전주,02-2091-4083,서울특별시 도봉구청,2017-05-17
14-09-12,1,서울특별시 도봉구 도봉제1동 573-4,서울특별시 도봉구 도봉제1동 573-4,127.041784,37.684861,2008-01-01,한전주,02-2091-4083,서울특별시 도봉구청,2017-05-17
14-24-12,1,서울특별시 도봉구 도봉제1동 616-25,서울특별시 도봉구 도봉제1동 616-25,127.043495,37.673035,2007-04-26,벽부등,02-2091-4083,서울특별시 도봉구청,2017-05-17
04-20-02,1,서울특별시 도봉구 쌍문제4동 산69-3,서울특별시 도봉구 쌍문제4동 산69-3,127.029704,37.657552,2010-03-31,한전주,02-2091-4083,서울특별시 도봉구청,2017-05-17
04-06-03,1,서울특별시 도봉구 쌍문제4동 158-10,서울특별시 도봉구 쌍문제4동 158-10,127.03385,37.65546,2008-01-01,전용주,02-2091-4083,서울특별시 도봉구청,2017-05-17
04-03-03,1,서울특별시 도봉구 쌍문제4동 137-151,서울특별시 도봉구 쌍문제4동 137-151,127.030582,37.652263,2008-01-01,한전주,02-2091-4083,서울특별시 도봉구청,2017-05-17
04-17-03,1,서울특별시 도봉구 쌍문제4동 247-2,서울특별시 도봉구 쌍문제4동 247-2,127.028901,37.659081,2008-01-01,한전주,02-2091-4083,서울특별시 도봉구청,2017-05-17
04-01-03,1,서울특별시 도봉구 노해로 221,서울특별시 도봉구 쌍문제4동 137-66,127.032726,37.651316,2008-01-01,벽부등,02-2091-4083,서울특별시 도봉구청,2017-05-17
04-02-03,1,서울특별시 도봉구 쌍문제4동 137-138,서울특별시 도봉구 쌍문제4동 137-138,127.030961,37.652276,2008-01-01,한전주,02-2091-4083,서울특별시 도봉구청,2017-05-17
04-21-03,1,서울특별시 도봉구 쌍문제4동 산69-2,서울특별시 도봉구 쌍문제4동 산69-2,127.028827,37.656422,2008-01-01,한전주,02-2091-4083,서울특별시 도봉구청,2017-05-17
04-07-03,1,서울특별시 도봉구 쌍문제4동 159-21,서울특별시 도봉구 쌍문제4동 159-21,127.032012,37.65554,2006-03-22,한전주,02-2091-4083,서울특별시 도봉구청,2017-05-17
04-23-03,1,서울특별시 도봉구 쌍문제4동 59-10,서울특별시 도봉구 쌍문제4동 59-10,127.029583,37.655357,2008-01-01,벽부등,02-2091-4083,서울특별시 도봉구청,2017-05-17
04-22-03,1,서울특별시 도봉구 쌍문제4동 162-10,서울특별시 도봉구 쌍문제4동 162-10,127.030327,37.655406,2008-01-01,한전주,02-2091-4083,서울특별시 도봉구청,2017-05-17
04-04-03,1,서울특별시 도봉구 노해로 201-7,서울특별시 도봉구 쌍문제4동 137-244,127.03072,37.65128,2008-01-01,한전주,02-2091-4083,서울특별시 도봉구청,2017-05-17
04-04-04,1,서울특별시 도봉구 쌍문제4동 137-204,서울특별시 도봉구 쌍문제4동 137-204,127.030318,37.651217,2008-01-01,벽부등,02-2091-4083,서울특별시 도봉구청,2017-05-17
14-28-24,1,서울특별시 도봉구 도봉제1동 609-16,서울특별시 도봉구 도봉제1동 609-16,127.040243,37.670733,2008-01-01,벽부등,02-2091-4083,서울특별시 도봉구청,2017-05-17
14-20-24,1,서울특별시 도봉구 도봉로165길56,서울특별시 도봉구 도봉제1동 597-43,127.043646,37.677178,2012-07-23,통신주,02-2091-4083,서울특별시 도봉구청,2017-05-17
14-26-24,1,서울특별시 도봉구 시루봉로27길 8,서울특별시 도봉구 도봉제1동 618-37,127.042563,37.671489,2008-01-01,한전주,02-2091-4083,서울특별시 도봉구청,2017-05-17
14-18-24,1,서울특별시 도봉구 도봉제1동 427-62,서울특별시 도봉구 도봉제1동 427-62,127.039427,37.679325,2008-01-01,전용주,02-2091-4083,서울특별시 도봉구청,2017-05-17
14-15-24,2,서울특별시 도봉구 도봉로169길 55,서울특별시 도봉구 도봉제1동 594-8,127.042839,37.679333,2008-01-01,한전주,02-2091-4083,서울특별시 도봉구청,2017-05-17
14-24-24,1,서울특별시 도봉구 도봉제1동 618-16,서울특별시 도봉구 도봉제1동 618-16,127.042916,37.672675,2008-01-01,벽부등,02-2091-4083,서울특별시 도봉구청,2017-05-17
14-21-24,1,서울특별시 도봉구 도봉제1동 600-8,서울특별시 도봉구 도봉제1동 600-8,127.044335,37.676857,2008-01-01,벽부등,02-2091-4083,서울특별시 도봉구청,2017-05-17
14-04-24,1,서울특별시 도봉구 도봉로187길 63,서울특별시 도봉구 도봉제1동 572-17,127.042582,37.686217,2008-01-01,한전주,02-2091-4083,서울특별시 도봉구청,2017-05-17
14-08-24,1,서울특별시 도봉구 도봉제1동 565-11,서울특별시 도봉구 도봉제1동 565-11,127.044957,37.683362,2006-10-20,벽부등,02-2091-4083,서울특별시 도봉구청,2017-05-17
14-05-24,1,서울특별시 도봉구 도봉산1길 1,서울특별시 도봉구 도봉제1동 559,127.045157,37.687281,2006-10-20,한전주,02-2091-4083,서울특별시 도봉구청,2017-05-17
14-22-24,1,서울특별시 도봉구 도봉제1동 136-14,서울특별시 도봉구 도봉제1동 136-14,127.04229,37.674677,2008-01-01,벽부등,02-2091-4083,서울특별시 도봉구청,2017-05-17
14-01-24,1,서울특별시 도봉구 도봉제1동 386-1,서울특별시 도봉구 도봉제1동 386-1,127.040059,37.689559,2008-01-01,전용주,02-2091-4083,서울특별시 도봉구청,2017-05-17
14-11-24,1,서울특별시 도봉구 도봉로177길 48,서울특별시 도봉구 도봉제1동 566-44,127.044209,37.682564,2008-01-01,한전주,02-2091-4083,서울특별시 도봉구청,2017-05-17
14-19-24,1,서울특별시 도봉구 도봉제1동 527,서울특별시 도봉구 도봉제1동 527,127.029555,37.677077,2008-02-22,한전주,02-2091-4083,서울특별시 도봉구청,2017-05-17
14-06-24,1,서울특별시 도봉구 도봉로185길 6,서울특별시 도봉구 도봉제1동 570-13,127.044951,37.685468,2007-08-30,한전주,02-2091-4083,서울특별시 도봉구청,2017-05-17
14-09-24,1,서울특별시 도봉구 도봉제1동 575-14,서울특별시 도봉구 도봉제1동 575-14,127.042954,37.684415,2007-06-12,한전주,02-2091-4083,서울특별시 도봉구청,2017-05-17
14-28-25,1,서울특별시 도봉구 도봉로153길55,서울특별시 도봉구 도봉제1동 610-32,127.040419,37.670009,2013-03-18,한전주,02-2091-4083,서울특별시 도봉구청,2017-05-17
14-04-25,2,서울특별시 도봉구 도봉제1동 572-12,서울특별시 도봉구 도봉제1동 572-12,127.042718,37.685622,2013-09-04,한전주,02-2091-4083,서울특별시 도봉구청,2017-05-17
14-08-25,1,서울특별시 도봉구 도봉제1동 566-29,서울특별시 도봉구 도봉제1동 566-29,127.043975,37.6834,2008-01-01,통신주,02-2091-4083,서울특별시 도봉구청,2017-05-17
14-21-25,1,서울특별시 도봉구 도봉제1동 600-1,서울특별시 도봉구 도봉제1동 600-1,127.044581,37.677403,2008-01-01,벽부등,02-2091-4083,서울특별시 도봉구청,2017-05-17
14-10-25,1,서울특별시 도봉구 도봉로177길 110,서울특별시 도봉구 도봉제1동 579-3,127.043362,37.682667,2008-01-01,벽부등,02-2091-4083,서울특별시 도봉구청,2017-05-17
14-01-25,1,서울특별시 도봉구 도봉제1동 346-3,서울특별시 도봉구 도봉제1동 346-3,127.040556,37.689461,2006-05-26,한전주,02-2091-4083,서울특별시 도봉구청,2017-05-17
01-21-39,1,서울특별시 도봉구 쌍문제1동 485-10,서울특별시 도봉구 쌍문제1동 485-10,127.017722,37.655801,2006-05-04,벽부등,02-2091-4083,서울특별시 도봉구청,2017-05-17
01-25-39,1,서울특별시 도봉구 쌍문제1동 531-11,서울특별시 도봉구 쌍문제1동 531-11,127.016614,37.658115,2008-01-01,전용주,02-2091-4083,서울특별시 도봉구청,2017-05-17
01-23-39,1,서울특별시 도봉구 쌍문제1동 524-56,서울특별시 도봉구 쌍문제1동 524-56,127.018767,37.657025,2008-03-04,벽부등,02-2091-4083,서울특별시 도봉구청,2017-05-17
01-14-39,1,서울특별시 도봉구 우이천로38길 87,서울특별시 도봉구 쌍문제1동 460-148,127.02247,37.652842,2008-01-01,한전주,02-2091-4083,서울특별시 도봉구청,2017-05-17
01-19-39,1,서울특별시 도봉구 삼양로154길 29,서울특별시 도봉구 쌍문제1동 495-13,127.014414,37.655509,2012-10-05,한전주,02-2091-4083,서울특별시 도봉구청,2017-05-17
01-15-39,1,서울특별시 도봉구 쌍문제1동 486-112,서울특별시 도봉구 쌍문제1동 486-112,127.019209,37.655211,2008-01-01,한전주,02-2091-4083,서울특별시 도봉구청,2017-05-17
01-07-40,1,서울특별시 도봉구 노해로37길 98,서울특별시 도봉구 쌍문제1동 414-47,127.020918,37.649174,2008-01-01,한전주,02-2091-4083,서울특별시 도봉구청,2017-05-17
01-25-40,1,서울특별시 도봉구 삼양로162길 51-15,서울특별시 도봉구 쌍문제1동 531-79,127.016738,37.658167,2008-01-01,벽부등,02-2091-4083,서울특별시 도봉구청,2017-05-17
01-14-40,1,서울특별시 도봉구 우이천로38마길88,서울특별시 도봉구 쌍문제1동 460-102,127.022618,37.653057,2012-03-26,한전주,02-2091-4083,서울특별시 도봉구청,2017-05-17
01-15-40,1,서울특별시 도봉구 쌍문제1동 486-112,서울특별시 도봉구 쌍문제1동 486-112,127.019397,37.654945,2008-01-01,벽부등,02-2091-4083,서울특별시 도봉구청,2017-05-17
01-23-40,1,서울특별시 도봉구 쌍문제1동 530-4,서울특별시 도봉구 쌍문제1동 530-4,127.016205,37.657752,2008-01-01,벽부등,02-2091-4083,서울특별시 도봉구청,2017-05-17
01-08-40,1,서울특별시 도봉구 쌍문제1동 452-2,서울특별시 도봉구 쌍문제1동 452-2,127.022844,37.650489,2008-01-01,벽부등,02-2091-4083,서울특별시 도봉구청,2017-05-17
01-17-40,1,서울특별시 도봉구 쌍문제1동 422-120,서울특별시 도봉구 쌍문제1동 422-120,127.013802,37.6515,2008-01-01,한전주,02-2091-4083,서울특별시 도봉구청,2017-05-17
01-21-40,1,서울특별시 도봉구 쌍문제1동 480-34,서울특별시 도봉구 쌍문제1동 480-34,127.017552,37.654939,2008-01-01,한전주,02-2091-4083,서울특별시 도봉구청,2017-05-17
01-24-40,1,서울특별시 도봉구 삼양로154길373,서울특별시 도봉구 쌍문제1동 494-8,127.014573,37.656275,2012-10-05,한전주,02-2091-4083,서울특별시 도봉구청,2017-05-17
01-17-41,1,서울특별시 도봉구 삼양로 538-6,서울특별시 도봉구 쌍문제1동 422-80,127.013586,37.651473,2008-01-01,전용주,02-2091-4083,서울특별시 도봉구청,2017-05-17
01-24-41,1,서울특별시 도봉구 삼양로154길373,서울특별시 도봉구 쌍문제1동 494-10,127.014534,37.655884,2012-10-05,한전주,02-2091-4083,서울특별시 도봉구청,2017-05-17
01-23-41,1,서울특별시 도봉구 쌍문제1동 524-2,서울특별시 도봉구 쌍문제1동 524-2,127.017947,37.657064,2008-01-01,벽부등,02-2091-4083,서울특별시 도봉구청,2017-05-17
01-14-41,1,서울특별시 도봉구 우이천로38마길 42,서울특별시 도봉구 쌍문제1동 460-2,127.023355,37.654345,2008-01-01,한전주,02-2091-4083,서울특별시 도봉구청,2017-05-17
01-08-41,1,서울특별시 도봉구 쌍문동 460-17,서울특별시 도봉구 쌍문제1동 460-17,127.02219,37.650128,2008-01-01,한전주,02-2091-4083,서울특별시 도봉구청,2017-05-17
01-07-41,1,서울특별시 도봉구 노해로37길94-3,서울특별시 도봉구 쌍문제1동 416-53,127.021167,37.649417,2012-04-09,벽부등,02-2091-4083,서울특별시 도봉구청,2017-05-17
01-21-41,1,서울특별시 도봉구 쌍문제1동 485-63,서울특별시 도봉구 쌍문제1동 485-63,127.016579,37.655268,2008-01-01,한전주,02-2091-4083,서울특별시 도봉구청,2017-05-17
01-15-41,1,서울특별시 도봉구 쌍문제1동 478-39,서울특별시 도봉구 쌍문제1동 478-39,127.019617,37.654203,2008-01-01,한전주,02-2091-4083,서울특별시 도봉구청,2017-05-17
01-24-42,1,서울특별시 도봉구 삼양로620,서울특별시 도봉구 쌍문제1동 510-1,127.014583,37.658586,2013-10-14,벽부등,02-2091-4083,서울특별시 도봉구청,2017-05-17
01-25-42,2,서울특별시 도봉구 쌍문제1동 531-83,서울특별시 도봉구 쌍문제1동 531-83,127.016546,37.658392,2008-01-01,한전주,02-2091-4083,서울특별시 도봉구청,2017-05-17
01-23-42,1,서울특별시 도봉구 삼양로162길,서울특별시 도봉구 쌍문제1동 530-13,127.015937,37.657908,2012-10-09,통신주,02-2091-4083,서울특별시 도봉구청,2017-05-17
01-14-42,1,서울특별시 도봉구 쌍문제1동 460-158,서울특별시 도봉구 쌍문제1동 460-158,127.021748,37.652564,2008-01-01,전용주,02-2091-4083,서울특별시 도봉구청,2017-05-17
01-08-42,1,서울특별시 도봉구 우이천로38나길 15-3,서울특별시 도봉구 쌍문제1동 460-364,127.02237,37.651512,2014-11-11,벽부등,02-2091-4083,서울특별시 도봉구청,2017-05-17
01-15-42,1,서울특별시 도봉구 우이천로48가길87,서울특별시 도봉구 쌍문제1동 478-113,127.019718,37.654157,2012-05-16,전용주,02-2091-4083,서울특별시 도봉구청,2017-05-17
01-07-42,1,서울특별시 도봉구 노해로37길 90-1,서울특별시 도봉구 쌍문제1동 414-136,127.02139,37.649074,2013-09-27,한전주,02-2091-4083,서울특별시 도봉구청,2017-05-17
01-17-42,1,서울특별시 도봉구 삼양로 538-6,서울특별시 도봉구 쌍문제1동 422-118,127.013416,37.651446,2008-01-01,전용주,02-2091-4083,서울특별시 도봉구청,2017-05-17
01-23-43,1,서울특별시 도봉구 우이천로50길21,서울특별시 도봉구 쌍문제1동 523-5,127.016692,37.656789,2012-11-15,한전주,02-2091-4083,서울특별시 도봉구청,2017-05-17
01-15-43,1,서울특별시 도봉구 우이천로48길87,서울특별시 도봉구 쌍문제1동 478-113,127.019706,37.654058,2008-01-01,한전주,02-2091-4083,서울특별시 도봉구청,2017-05-17
01-14-43,1,서울특별시 도봉구 우이천로38길 84,서울특별시 도봉구 쌍문제1동 460-77,127.022576,37.65288,2015-11-24,전용주,02-2091-4083,서울특별시 도봉구청,2017-05-17
02-08-32,1,서울특별시 도봉구 쌍문제2동 31-12,서울특별시 도봉구 쌍문제2동 31-12,127.038744,37.658911,2008-01-01,벽부등,02-2091-4083,서울특별시 도봉구청,2017-05-17
02-13-32,1,서울특별시 도봉구 해등로17길,서울특별시 도봉구 쌍문제2동 75-56,127.036642,37.65356,2012-10-09,통신주,02-2091-4083,서울특별시 도봉구청,2017-05-17
02-20-32,1,서울특별시 도봉구 도봉로123-5길 55,서울특별시 도봉구 쌍문제2동 74-6,127.035923,37.655234,2008-01-01,벽부등,02-2091-4083,서울특별시 도봉구청,2017-05-17
02-09-32,1,서울특별시 도봉구 쌍문제2동 38-6,서울특별시 도봉구 쌍문제2동 38-6,127.038531,37.658397,2008-01-01,한전주,02-2091-4083,서울특별시 도봉구청,2017-05-17
02-01-32,1,서울특별시 도봉구 쌍문제2동 707-15,서울특별시 도봉구 쌍문제2동 707-15,127.040979,37.661269,2007-03-10,벽부등,02-2091-4083,서울특별시 도봉구청,2017-05-17
02-01-33,2,서울특별시 도봉구 도봉로139길 10-6,서울특별시 도봉구 쌍문제2동 707-21,127.041355,37.661206,2013-10-14,한전주,02-2091-4083,서울특별시 도봉구청,2017-05-17
02-08-33,1,서울특별시 도봉구 쌍문제2동 31-15,서울특별시 도봉구 쌍문제2동 31-15,127.038634,37.658826,2008-01-01,벽부등,02-2091-4083,서울특별시 도봉구청,2017-05-17
02-13-33,1,서울특별시 도봉구 해등로17길92,서울특별시 도봉구 쌍문제2동 81-33,127.036481,37.653289,2013-03-18,통신주,02-2091-4083,서울특별시 도봉구청,2017-05-17
02-20-33,1,서울특별시 도봉구 도봉로125길 55,서울특별시 도봉구 쌍문제2동 74-7,127.036173,37.655252,2008-01-01,벽부등,02-2091-4083,서울특별시 도봉구청,2017-05-17
02-09-33,1,서울특별시 도봉구 도봉로133길 13,서울특별시 도봉구 쌍문제2동 620,127.038998,37.657407,2016-12-23,한전주,02-2091-4083,서울특별시 도봉구청,2017-05-17
02-08-34,1,서울특별시 도봉구 쌍문제2동 31-10,서울특별시 도봉구 쌍문제2동 31-10,127.038589,37.659045,2008-01-01,벽부등,02-2091-4083,서울특별시 도봉구청,2017-05-17
14-11-01,1,서울특별시 도봉구 도봉로169가길 48,서울특별시 도봉구 도봉제1동 580-6,127.043494,37.681576,2008-01-01,한전주,02-2091-4083,서울특별시 도봉구청,2017-05-17
14-15-01,1,서울특별시 도봉구 도봉로169나길 34,서울특별시 도봉구 도봉제1동 593-95,127.043739,37.678159,2017-02-08,한전주,02-2091-4083,서울특별시 도봉구청,2017-05-17
14-10-01,1,서울특별시 도봉구 도봉로169가길 69,서울특별시 도봉구 도봉제1동 577-5,127.043396,37.682964,2008-01-01,통신주,02-2091-4083,서울특별시 도봉구청,2017-05-17
14-09-01,1,서울특별시 도봉구 도봉제1동 576-17,서울특별시 도봉구 도봉제1동 576-17,127.043432,37.683193,2008-01-01,한전주,02-2091-4083,서울특별시 도봉구청,2017-05-17
14-04-01,1,서울특별시 도봉구 도봉로181길 50,서울특별시 도봉구 도봉제1동 575-5,127.043273,37.684559,2006-08-04,한전주,02-2091-4083,서울특별시 도봉구청,2017-05-17
14-07-01,1,서울특별시 도봉구 도봉로184가길 9,서울특별시 도봉구 도봉제1동 562-4,127.045091,37.683518,2007-08-24,한전주,02-2091-4083,서울특별시 도봉구청,2017-05-17
14-28-01,1,서울특별시 도봉구 도봉제1동 612,서울특별시 도봉구 도봉제1동 612,127.04103,37.670978,2008-01-01,한전주,02-2091-4083,서울특별시 도봉구청,2017-05-17
14-06-01,2,서울특별시 도봉구 도봉로187길 3-2,서울특별시 도봉구 도봉제1동 560-12,127.045567,37.685845,2007-08-31,한전주,02-2091-4083,서울특별시 도봉구청,2017-05-17
14-03-01,2,서울특별시 도봉구 도봉로181길 89,서울특별시 도봉구 도봉제1동 555,127.041618,37.685685,2006-02-10,한전주,02-2091-4083,서울특별시 도봉구청,2017-05-17
14-23-01,1,서울특별시 도봉구 도봉제1동 605-41,서울특별시 도봉구 도봉제1동 605-41,127.041825,37.673128,2007-11-15,벽부등,02-2091-4083,서울특별시 도봉구청,2017-05-17
14-17-01,1,서울특별시 도봉구 도봉로175길 93-1,서울특별시 도봉구 도봉제1동 589-10,127.041014,37.679946,2006-05-19,한전주,02-2091-4083,서울특별시 도봉구청,2017-05-17
14-21-01,1,서울특별시 도봉구 도봉제1동 601-41,서울특별시 도봉구 도봉제1동 601-41,127.043679,37.674588,2008-01-01,한전주,02-2091-4083,서울특별시 도봉구청,2017-05-17
14-26-01,1,서울특별시 도봉구 도봉제1동 613-2,서울특별시 도봉구 도봉제1동 613-2,127.04102,37.671628,2008-01-01,한전주,02-2091-4083,서울특별시 도봉구청,2017-05-17
14-08-01,1,서울특별시 도봉구 도봉로177길 50,서울특별시 도봉구 도봉제1동 566-43,127.043991,37.682839,2006-06-05,한전주,02-2091-4083,서울특별시 도봉구청,2017-05-17
14-18-01,2,서울특별시 도봉구 도봉동 587-16,서울특별시 도봉구 도봉제1동 592-1,127.040848,37.678743,2008-01-01,한전주,02-2091-4083,서울특별시 도봉구청,2017-05-17
14-01-01,1,서울특별시 도봉구 도봉제1동 352-15,서울특별시 도봉구 도봉제1동 352-15,127.040022,37.69129,2008-01-01,한전주,02-2091-4083,서울특별시 도봉구청,2017-05-17
14-19-01,1,서울특별시 도봉구 도봉제1동 539,서울특별시 도봉구 도봉제1동 539,127.018709,37.675152,2008-01-01,한전주,02-2091-4083,서울특별시 도봉구청,2017-05-17
14-22-01,1,서울특별시 도봉구 도봉제1동 606-22,서울특별시 도봉구 도봉제1동 606-22,127.0407,37.67324,2008-01-01,벽부등,02-2091-4083,서울특별시 도봉구청,2017-05-17
14-24-01,1,서울특별시 도봉구 도봉제1동 618-9,서울특별시 도봉구 도봉제1동 618-9,127.042666,37.671969,2008-01-01,벽부등,02-2091-4083,서울특별시 도봉구청,2017-05-17
14-25-01,1,서울특별시 도봉구 시루봉로285,서울특별시 도봉구 도봉제1동 608-22,127.039796,37.671297,2008-01-01,한전주,02-2091-4083,서울특별시 도봉구청,2017-05-17
14-27-01,1,서울특별시 도봉구 시루봉로29길 6,서울특별시 도봉구 도봉제1동 617-27,127.043141,37.671486,2008-01-01,한전주,02-2091-4083,서울특별시 도봉구청,2017-05-17
14-16-01,1,서울특별시 도봉구 도봉제1동 584-5,서울특별시 도봉구 도봉제1동 584-5,127.043296,37.680204,2008-01-01,벽부등,02-2091-4083,서울특별시 도봉구청,2017-05-17
14-05-01,1,서울특별시 도봉구 도봉로187길10,서울특별시 도봉구 도봉제1동 559-20,127.045267,37.686086,2008-01-01,한전주,02-2091-4083,서울특별시 도봉구청,2017-05-17
14-18-12,1,서울특별시 도봉구 도봉제1동 427-121,서울특별시 도봉구 도봉제1동 427-121,127.040127,37.679749,2007-06-30,한전주,02-2091-4083,서울특별시 도봉구청,2017-05-17
14-22-12,1,서울특별시 도봉구 도봉로169나길 87,서울특별시 도봉구 도봉제1동 601-17,127.043653,37.675576,2008-01-01,한전주,02-2091-4083,서울특별시 도봉구청,2017-05-17
14-15-12,2,서울특별시 도봉구 도봉로167길 70,서울특별시 도봉구 도봉제1동 593-5,127.041239,37.678049,2008-01-01,한전주,02-2091-4083,서울특별시 도봉구청,2017-05-17
14-06-12,1,서울특별시 도봉구 도봉로183길 24,서울특별시 도봉구 도봉제1동 569-9,127.044656,37.684882,2008-01-01,한전주,02-2091-4083,서울특별시 도봉구청,2017-05-17
14-16-12,1,서울특별시 도봉구 도봉로175길 61,서울특별시 도봉구 도봉제1동 585-6,127.042318,37.680811,2008-01-01,한전주,02-2091-4083,서울특별시 도봉구청,2017-05-17
14-05-12,1,서울특별시 도봉구 도봉로187길 24-7,서울특별시 도봉구 도봉제1동 558-12,127.044407,37.686324,2008-01-01,한전주,02-2091-4083,서울특별시 도봉구청,2017-05-17
14-04-12,1,서울특별시 도봉구 도봉제1동 556-78,서울특별시 도봉구 도봉제1동 556-78,127.043293,37.686064,2008-01-01,한전주,02-2091-4083,서울특별시 도봉구청,2017-05-17
14-12-12,1,서울특별시 도봉구 도봉로169가길 38,서울특별시 도봉구 도봉제1동 583,127.044044,37.681495,2008-01-01,한전주,02-2091-4083,서울특별시 도봉구청,2017-05-17
14-19-12,1,서울특별시 도봉구 도봉제1동 535,서울특별시 도봉구 도봉제1동 535,127.026133,37.67615,2008-01-01,한전주,02-2091-4083,서울특별시 도봉구청,2017-05-17
14-28-12,1,서울특별시 도봉구 시루봉로 296-4,서울특별시 도봉구 도봉제1동 612-14,127.041904,37.671008,2006-04-03,벽부등,02-2091-4083,서울특별시 도봉구청,2017-05-17
14-10-12,1,서울특별시 도봉구 도봉제1동 579-7,서울특별시 도봉구 도봉제1동 579-7,127.043333,37.681795,2008-01-01,한전주,02-2091-4083,서울특별시 도봉구청,2017-05-17
14-07-12,1,서울특별시 도봉구 도봉산1길 59,서울특별시 도봉구 도봉제1동 561,127.045393,37.684805,2006-09-15,한전주,02-2091-4083,서울특별시 도봉구청,2017-05-17
14-15-13,1,서울특별시 도봉구 도봉산3길 25,서울특별시 도봉구 도봉제1동 593-7,127.041183,37.678307,2008-01-01,한전주,02-2091-4083,서울특별시 도봉구청,2017-05-17
14-18-13,1,서울특별시 도봉구 도봉제1동 422-2,서울특별시 도봉구 도봉제1동 422-2,127.04009,37.680031,2008-01-01,한전주,02-2091-4083,서울특별시 도봉구청,2017-05-17
14-06-13,1,서울특별시 도봉구 도봉제1동 569-18,서울특별시 도봉구 도봉제1동 569-18,127.043754,37.685069,2008-01-01,한전주,02-2091-4083,서울특별시 도봉구청,2017-05-17
14-04-13,1,서울특별시 도봉구 도봉제1동 556-76,서울특별시 도봉구 도봉제1동 556-76,127.043716,37.68607,2008-01-01,벽부등,02-2091-4083,서울특별시 도봉구청,2017-05-17
14-03-13,1,서울특별시 도봉구 도봉산길 86,서울특별시 도봉구 도봉제1동 산22-1,127.033971,37.687394,2015-11-24,한전주,02-2091-4083,서울특별시 도봉구청,2017-05-17
14-16-13,1,서울특별시 도봉구 도봉제1동 586-17,서울특별시 도봉구 도봉제1동 586-17,127.041592,37.680279,2008-01-01,한전주,02-2091-4083,서울특별시 도봉구청,2017-05-17
14-01-13,1,서울특별시 도봉구 도봉로191길73,서울특별시 도봉구 도봉제1동 351,127.041337,37.690416,2008-01-01,한전주,02-2091-4083,서울특별시 도봉구청,2017-05-17
14-27-13,1,서울특별시 도봉구 도봉제1동 620-33,서울특별시 도봉구 도봉제1동 620-33,127.042937,37.670333,2008-01-01,한전주,02-2091-4083,서울특별시 도봉구청,2017-05-17
14-20-13,2,서울특별시 도봉구 도봉로169다길 12,서울특별시 도봉구 도봉제1동 597-49,127.043205,37.677022,2007-11-10,한전주,02-2091-4083,서울특별시 도봉구청,2017-05-17
14-17-13,2,서울특별시 도봉구 도봉로171길 42,서울특별시 도봉구 도봉제1동 588-4,127.041658,37.678963,2008-01-01,한전주,02-2091-4083,서울특별시 도봉구청,2017-05-17
14-12-13,1,서울특별시 도봉구 도봉로169가길 10-25,서울특별시 도봉구 도봉제1동 583-14,127.044234,37.680639,2008-01-01,벽부등,02-2091-4083,서울특별시 도봉구청,2017-05-17
14-25-13,1,서울특별시 도봉구 도봉제1동 607-14,서울특별시 도봉구 도봉제1동 607-14,127.03961,37.672618,2008-01-01,한전주,02-2091-4083,서울특별시 도봉구청,2017-05-17
14-23-13,1,서울특별시 도봉구 도봉로159길 11-16,서울특별시 도봉구 도봉제1동 605-3,127.041679,37.673315,2008-01-01,벽부등,02-2091-4083,서울특별시 도봉구청,2017-05-17
14-10-13,1,서울특별시 도봉구 도봉로169가길 45-10,서울특별시 도봉구 도봉제1동 578-22,127.042931,37.681784,2008-01-01,한전주,02-2091-4083,서울특별시 도봉구청,2017-05-17
03-04-15,1,서울특별시 도봉구 쌍문제3동 139-64,서울특별시 도봉구 쌍문제3동 139-64,127.030437,37.650073,2008-01-01,통신주,02-2091-4083,서울특별시 도봉구청,2017-05-17
03-10-15,2,서울특별시 도봉구 쌍문제3동 315-22,서울특별시 도봉구 쌍문제3동 315-22,127.030586,37.647885,2008-01-01,한전주,02-2091-4083,서울특별시 도봉구청,2017-05-17
03-09-15,1,서울특별시 도봉구 쌍문제3동 98-62,서울특별시 도봉구 쌍문제3동 98-62,127.032031,37.647912,2008-01-01,한전주,02-2091-4083,서울특별시 도봉구청,2017-05-17
03-11-15,1,서울특별시 도봉구 쌍문제3동 325-3,서울특별시 도봉구 쌍문제3동 325-3,127.027647,37.648748,2008-01-01,한전주,02-2091-4083,서울특별시 도봉구청,2017-05-17
03-17-15,1,서울특별시 도봉구 도봉로109길6(월편),서울특별시 도봉구 쌍문제3동 103-1,127.03303,37.646622,2012-04-12,전용주,02-2091-4083,서울특별시 도봉구청,2017-05-17
03-05-15,1,서울특별시 도봉구 노해로48길 26-7,서울특별시 도봉구 쌍문제3동 139-112,127.029847,37.649794,2008-01-01,벽부등,02-2091-4083,서울특별시 도봉구청,2017-05-17
03-06-15,2,서울특별시 도봉구 쌍문제3동 315-412,서울특별시 도봉구 쌍문제3동 315-412,127.028861,37.648563,2007-10-08,한전주,02-2091-4083,서울특별시 도봉구청,2017-05-17
03-18-15,1,서울특별시 도봉구 쌍문제3동 100-5,서울특별시 도봉구 쌍문제3동 100-5,127.032218,37.647381,2006-03-06,벽부등,02-2091-4083,서울특별시 도봉구청,2017-05-17
11-02-05,1,서울특별시 도봉구 창제3동 557-10,서울특별시 도봉구 창제3동 557-10,127.038806,37.638615,2008-02-16,벽부등,02-2091-4083,서울특별시 도봉구청,2017-05-17
11-03-05,1,서울특별시 도봉구 덕릉로62길6,서울특별시 도봉구 창제3동 568-42,127.040664,37.640898,2013-12-16,한전주,02-2091-4083,서울특별시 도봉구청,2017-05-17
11-07-05,1,서울특별시 도봉구 창제3동 448-42,서울특별시 도봉구 창제3동 448-42,127.040404,37.638896,2008-01-01,전용주,02-2091-4083,서울특별시 도봉구청,2017-05-17
11-10-05,1,서울특별시 도봉구 우이천로12길 33-6,서울특별시 도봉구 창제3동 533-8,127.039959,37.636565,2008-01-01,벽부등,02-2091-4083,서울특별시 도봉구청,2017-05-17
11-12-05,1,서울특별시 도봉구 창제3동 533-22,서울특별시 도봉구 창제3동 533-22,127.04033,37.636141,2008-01-01,벽부등,02-2091-4083,서울특별시 도봉구청,2017-05-17
11-14-05,1,서울특별시 도봉구 창제3동 487-21,서울특별시 도봉구 창제3동 487-21,127.042645,37.634,2006-07-21,한전주,02-2091-4083,서울특별시 도봉구청,2017-05-17
11-18-05,1,서울특별시 도봉구 우이천로 152-1,서울특별시 도봉구 창제3동 524-19,127.038691,37.634263,2014-12-08,한전주,02-2091-4083,서울특별시 도봉구청,2017-05-17
11-16-05,1,서울특별시 도봉구 우이천로4가길14,서울특별시 도봉구 창제3동 502-7,127.039788,37.634213,2013-12-17,한전주,02-2091-4083,서울특별시 도봉구청,2017-05-17
11-13-05,1,서울특별시 도봉구 덕릉로60길 121-20,서울특별시 도봉구 창제3동 474-8,127.042892,37.63487,2008-01-01,한전주,02-2091-4083,서울특별시 도봉구청,2017-05-17
11-06-06,1,서울특별시 도봉구 우이천로12길 11-5,서울특별시 도봉구 창제3동 548-18,127.038701,37.636105,2008-01-01,한전주,02-2091-4083,서울특별시 도봉구청,2017-05-17
11-03-06,1,서울특별시 도봉구 덕릉로62길12,서울특별시 도봉구 창제3동 568-24,127.0408,37.640655,2013-12-16,한전주,02-2091-4083,서울특별시 도봉구청,2017-05-17
11-08-06,1,서울특별시 도봉구 덕릉로62길 80,서울특별시 도봉구 창제3동 452-25,127.042645,37.638492,2013-12-16,한전주,02-2091-4083,서울특별시 도봉구청,2017-05-17
11-11-06,1,서울특별시 도봉구 우이천로12길 2-3,서울특별시 도봉구 창제3동 550-15,127.038565,37.635529,2008-01-01,벽부등,02-2091-4083,서울특별시 도봉구청,2017-05-17
11-02-06,1,서울특별시 도봉구 덕릉로58길 8-8,서울특별시 도봉구 창제3동 557-85,127.038736,37.638484,2008-01-01,한전주,02-2091-4083,서울특별시 도봉구청,2017-05-17
11-14-06,1,서울특별시 도봉구 덕릉로60길 164-23,서울특별시 도봉구 창제3동 504-8,127.042268,37.632951,2008-01-01,벽부등,02-2091-4083,서울특별시 도봉구청,2017-05-17
11-05-06,1,서울특별시 도봉구 창제3동 565-10,서울특별시 도봉구 창제3동 565-10,127.039986,37.63906,2007-06-14,벽부등,02-2091-4083,서울특별시 도봉구청,2017-05-17
11-10-06,1,서울특별시 도봉구 덕릉로60마길 9,서울특별시 도봉구 창제3동 539-4,127.040243,37.637574,2013-12-17,한전주,02-2091-4083,서울특별시 도봉구청,2017-05-17
11-12-06,1,서울특별시 도봉구 우이천로12길 36,서울특별시 도봉구 창제3동 533-18,127.040186,37.636339,2006-08-09,한전주,02-2091-4083,서울특별시 도봉구청,2017-05-17
11-13-06,1,서울특별시 도봉구 창제3동 474-41,서울특별시 도봉구 창제3동 474-41,127.043117,37.635014,2008-01-01,벽부등,02-2091-4083,서울특별시 도봉구청,2017-05-17
11-15-06,1,서울특별시 도봉구 우이천로8길52,서울특별시 도봉구 창제3동 476-3,127.041137,37.635699,2013-12-17,한전주,02-2091-4083,서울특별시 도봉구청,2017-05-17
11-18-06,1,서울특별시 도봉구 우이천로 150-1,서울특별시 도봉구 창제3동 524-21,127.038755,37.634144,2014-12-08,한전주,02-2091-4083,서울특별시 도봉구청,2017-05-17
11-16-06,1,서울특별시 도봉구 우이천로4가길26,서울특별시 도봉구 창제3동 522-8,127.039584,37.634537,2013-12-17,한전주,02-2091-4083,서울특별시 도봉구청,2017-05-17
11-17-06,1,서울특별시 도봉구 창제3동 519-5,서울특별시 도봉구 창제3동 519-5,127.039303,37.633919,2007-07-26,벽부등,02-2091-4083,서울특별시 도봉구청,2017-05-17
11-09-06,1,서울특별시 도봉구 덕릉로62길 120,서울특별시 도봉구 창제3동 465-22,127.04278,37.636771,2013-12-13,한전주,02-2091-4083,서울특별시 도봉구청,2017-05-17
11-04-07,1,서울특별시 도봉구 덕릉로60길148,서울특별시 도봉구 창제3동 487-11,127.042926,37.63414,2013-12-16,한전주,02-2091-4083,서울특별시 도봉구청,2017-05-17
11-02-07,1,서울특별시 도봉구 창제3동 557-19,서울특별시 도봉구 창제3동 557-19,127.038447,37.638194,2008-01-01,한전주,02-2091-4083,서울특별시 도봉구청,2017-05-17
11-15-07,1,서울특별시 도봉구 우이천로8길 48-5,서울특별시 도봉구 창제3동 475-1,127.041307,37.635492,2008-01-01,한전주,02-2091-4083,서울특별시 도봉구청,2017-05-17
11-09-07,1,서울특별시 도봉구 덕릉로60차길26,서울특별시 도봉구 창제3동 465-12,127.042622,37.636933,2013-12-13,한전주,02-2091-4083,서울특별시 도봉구청,2017-05-17
11-01-07,1,서울특별시 도봉구 창제3동 552-6,서울특별시 도봉구 창제3동 552-6,127.037574,37.637008,2007-06-01,한전주,02-2091-4083,서울특별시 도봉구청,2017-05-17
11-05-07,1,서울특별시 도봉구 덕릉로60길30,서울특별시 도봉구 창제3동 563-5,127.040187,37.638997,2013-12-16,한전주,02-2091-4083,서울특별시 도봉구청,2017-05-17
11-08-07,2,서울특별시 도봉구 덕릉로62길 52-16,서울특별시 도봉구 창제3동 452-32,127.042249,37.638762,2013-10-02,한전주,02-2091-4083,서울특별시 도봉구청,2017-05-17
11-03-07,1,서울특별시 도봉구 덕릉로62길18,서울특별시 도봉구 창제3동 449-95,127.041264,37.640258,2013-12-16,한전주,02-2091-4083,서울특별시 도봉구청,2017-05-17
11-10-07,1,서울특별시 도봉구 창제3동 533-5,서울특별시 도봉구 창제3동 533-5,127.039899,37.636901,2008-01-01,벽부등,02-2091-4083,서울특별시 도봉구청,2017-05-17
11-06-07,1,서울특별시 도봉구 창제3동 548-1,서울특별시 도봉구 창제3동 548-1,127.039031,37.636121,2007-10-08,벽부등,02-2091-4083,서울특별시 도봉구청,2017-05-17
11-11-07,1,서울특별시 도봉구 창제3동 550-12,서울특별시 도봉구 창제3동 550-12,127.038899,37.635475,2008-01-01,벽부등,02-2091-4083,서울특별시 도봉구청,2017-05-17
01-07-43,1,서울특별시 도봉구 쌍문제1동 416-48,서울특별시 도봉구 쌍문제1동 416-48,127.021597,37.649201,2006-06-15,한전주,02-2091-4083,서울특별시 도봉구청,2017-05-17
01-25-43,1,서울특별시 도봉구 쌍문제1동 531-36,서울특별시 도봉구 쌍문제1동 531-36,127.016204,37.658408,2008-01-01,전용주,02-2091-4083,서울특별시 도봉구청,2017-05-17
01-17-43,1,서울특별시 도봉구 삼양로538-6,서울특별시 도봉구 쌍문제1동 423-2,127.013133,37.651401,2008-01-01,전용주,02-2091-4083,서울특별시 도봉구청,2017-05-17
01-23-44,1,서울특별시 도봉구 우이천로50길38-7,서울특별시 도봉구 쌍문제1동 524-74,127.017837,37.656608,2013-01-30,벽부등,02-2091-4083,서울특별시 도봉구청,2017-05-17
01-07-44,1,서울특별시 도봉구 쌍문제1동 414-84,서울특별시 도봉구 쌍문제1동 414-84,127.018878,37.649526,2008-01-01,통신주,02-2091-4083,서울특별시 도봉구청,2017-05-17
01-14-44,1,서울특별시 도봉구 우이천로38나길 48,서울특별시 도봉구 쌍문제1동 460-159,127.021754,37.652801,2016-12-02,벽부등,02-2091-4083,서울특별시 도봉구청,2017-05-17
01-25-44,1,서울특별시 도봉구 쌍문제1동 531-80,서울특별시 도봉구 쌍문제1동 531-80,127.016819,37.658405,2008-01-01,통신주,02-2091-4083,서울특별시 도봉구청,2017-05-17
01-17-44,1,서울특별시 도봉구 삼양로 538-6,서울특별시 도봉구 쌍문제1동 423-47,127.013235,37.651203,2006-09-12,한전주,02-2091-4083,서울특별시 도봉구청,2017-05-17
01-06-44,1,서울특별시 도봉구 우이천로 353,서울특별시 도봉구 쌍문제1동 363-4,127.024543,37.647588,2008-01-01,한전주,02-2091-4083,서울특별시 도봉구청,2017-05-17
01-19-45,1,서울특별시 도봉구 삼양로154길 36,서울특별시 도봉구 쌍문제1동 495-69,127.01523,37.655617,2008-01-01,벽부등,02-2091-4083,서울특별시 도봉구청,2017-05-17
01-25-45,1,서울특별시 도봉구 삼양로162길 51-15,서울특별시 도봉구 쌍문제1동 산299-1,127.01692,37.658203,2008-01-01,전용주,02-2091-4083,서울특별시 도봉구청,2017-05-17
01-14-45,1,서울특별시 도봉구 우이천로38마길 42,서울특별시 도봉구 쌍문제1동 460-277,127.023629,37.654282,2016-05-11,한전주,02-2091-4083,서울특별시 도봉구청,2017-05-17
01-17-45,1,서울특별시 도봉구 쌍문제1동 423-68,서울특별시 도봉구 쌍문제1동 423-68,127.013632,37.651248,2014-09-25,전용주,02-2091-4083,서울특별시 도봉구청,2017-05-17
01-15-45,1,서울특별시 도봉구 우이천로48길24,서울특별시 도봉구 쌍문제1동 471-1,127.019582,37.653941,2012-05-16,전용주,02-2091-4083,서울특별시 도봉구청,2017-05-17
01-07-45,1,서울특별시 도봉구 쌍문제1동 435,서울특별시 도봉구 쌍문제1동 435,127.018697,37.64994,2008-01-01,벽부등,02-2091-4083,서울특별시 도봉구청,2017-05-17
01-15-46,1,서울특별시 도봉구 우이천로48길24,서울특별시 도봉구 쌍문제1동 471-38,127.019434,37.653941,2012-05-16,벽부등,02-2091-4083,서울특별시 도봉구청,2017-05-17
01-17-46,1,서울특별시 도봉구 쌍문제1동 423-71,서울특별시 도봉구 쌍문제1동 423-71,127.013813,37.651221,2008-01-01,한전주,02-2091-4083,서울특별시 도봉구청,2017-05-17
01-06-46,1,서울특별시 도봉구 쌍문제1동 371-6,서울특별시 도봉구 쌍문제1동 371-6,127.024838,37.647408,2008-01-01,한전주,02-2091-4083,서울특별시 도봉구청,2017-05-17
01-25-46,1,서울특별시 도봉구 삼양로162길 51-6,서울특별시 도봉구 쌍문제1동 531-8,127.017021,37.658013,2008-01-01,한전주,02-2091-4083,서울특별시 도봉구청,2017-05-17
01-19-46,1,서울특별시 도봉구 삼양로154길 40,서울특별시 도봉구 쌍문제1동 495-23,127.0154,37.655671,2008-01-01,벽부등,02-2091-4083,서울특별시 도봉구청,2017-05-17
01-07-46,1,서울특별시 도봉구 쌍문제1동 434-7,서울특별시 도봉구 쌍문제1동 434-7,127.018911,37.649901,2008-01-01,벽부등,02-2091-4083,서울특별시 도봉구청,2017-05-17
01-07-47,1,서울특별시 도봉구 우이천로39나길14-7,서울특별시 도봉구 쌍문제1동 414-104,127.018764,37.649743,2014-03-20,벽부등,02-2091-4083,서울특별시 도봉구청,2017-05-17
01-15-47,1,서울특별시 도봉구 쌍문제1동 471-21,서울특별시 도봉구 쌍문제1동 471-21,127.019235,37.653945,2008-01-01,한전주,02-2091-4083,서울특별시 도봉구청,2017-05-17
01-19-47,2,서울특별시 도봉구 삼양로154길 14,서울특별시 도봉구 쌍문제1동 497-37,127.014231,37.655627,2006-11-01,한전주,02-2091-4083,서울특별시 도봉구청,2017-05-17
01-17-47,1,서울특별시 도봉구 삼양로 538-17,서울특별시 도봉구 쌍문제1동 422-97,127.014051,37.651275,2008-01-01,한전주,02-2091-4083,서울특별시 도봉구청,2017-05-17
01-06-47,1,서울특별시 도봉구 쌍문제1동 371-1,서울특별시 도봉구 쌍문제1동 371-1,127.024951,37.647489,2006-12-11,벽부등,02-2091-4083,서울특별시 도봉구청,2017-05-17
01-25-47,1,서울특별시 도봉구 쌍문제1동 525-9,서울특별시 도봉구 쌍문제1동 525-9,127.018428,37.657553,2008-02-14,한전주,02-2091-4083,서울특별시 도봉구청,2017-05-17
01-07-48,1,서울특별시 도봉구 쌍문제1동 414-45,서울특별시 도봉구 쌍문제1동 414-45,127.020813,37.649335,2016-07-12,독립주,02-2091-4083,서울특별시 도봉구청,2017-05-17
01-19-48,1,서울특별시 도봉구 쌍문제1동 498-6,서울특별시 도봉구 쌍문제1동 498-6,127.0146,37.654857,2008-01-01,벽부등,02-2091-4083,서울특별시 도봉구청,2017-05-17
01-25-48,1,서울특별시 도봉구 쌍문제1동 525-18,서울특별시 도봉구 쌍문제1동 525-18,127.018521,37.657736,2008-01-01,한전주,02-2091-4083,서울특별시 도봉구청,2017-05-17
01-15-48,1,서울특별시 도봉구 쌍문제1동 471-34,서울특별시 도봉구 쌍문제1동 471-34,127.018951,37.653914,2008-01-01,벽부등,02-2091-4083,서울특별시 도봉구청,2017-05-17
01-06-48,1,서울특별시 도봉구 쌍문제1동 358-4,서울특별시 도봉구 쌍문제1동 358-4,127.02495,37.647276,2008-01-01,한전주,02-2091-4083,서울특별시 도봉구청,2017-05-17
01-17-48,1,서울특별시 도봉구 삼양로 538-21,서울특별시 도봉구 쌍문제1동 422-98,127.014266,37.651293,2008-01-01,한전주,02-2091-4083,서울특별시 도봉구청,2017-05-17
01-17-49,1,서울특별시 도봉구 삼양로534-5,서울특별시 도봉구 쌍문제1동 423-49,127.013531,37.650879,2013-10-18,벽부등,02-2091-4083,서울특별시 도봉구청,2017-05-17
14-12-01,1,서울특별시 도봉구 도봉제1동 583-18,서울특별시 도봉구 도봉제1동 583-18,127.043589,37.68013,2008-01-01,한전주,02-2091-4083,서울특별시 도봉구청,2017-05-17
14-20-01,1,서울특별시 도봉구 도봉제1동 599-16,서울특별시 도봉구 도봉제1동 599-16,127.043149,37.675895,2008-01-01,한전주,02-2091-4083,서울특별시 도봉구청,2017-05-17
14-02-01,1,서울특별시 도봉구 도봉제1동 산4,서울특별시 도봉구 도봉제1동 산4,127.02888,37.686681,2006-10-17,전용주,02-2091-4083,서울특별시 도봉구청,2017-05-17
14-19-02,1,서울특별시 도봉구 도봉제1동 538,서울특별시 도봉구 도봉제1동 538,127.018957,37.674985,2008-01-01,한전주,02-2091-4083,서울특별시 도봉구청,2017-05-17
14-08-02,1,서울특별시 도봉구 도봉제1동 566-32,서울특별시 도봉구 도봉제1동 566-32,127.043782,37.683008,2007-07-16,한전주,02-2091-4083,서울특별시 도봉구청,2017-05-17
14-11-02,1,서울특별시 도봉구 도봉제1동 580-6,서울특별시 도봉구 도봉제1동 580-6,127.04348,37.68177,2006-09-15,한전주,02-2091-4083,서울특별시 도봉구청,2017-05-17
14-15-02,1,서울특별시 도봉구 도봉제1동 593-37,서울특별시 도봉구 도봉제1동 593-37,127.043141,37.678097,2008-01-01,한전주,02-2091-4083,서울특별시 도봉구청,2017-05-17
14-20-02,1,서울특별시 도봉구 도봉제1동 599-15,서울특별시 도봉구 도봉제1동 599-15,127.042937,37.675963,2008-01-01,한전주,02-2091-4083,서울특별시 도봉구청,2017-05-17
14-01-02,1,서울특별시 도봉구 도봉제1동 352-25,서울특별시 도봉구 도봉제1동 352-25,127.040425,37.691173,2007-05-02,한전주,02-2091-4083,서울특별시 도봉구청,2017-05-17
14-10-02,1,서울특별시 도봉구 도봉로169가길 69-5,서울특별시 도봉구 도봉제1동 577,203808,464821,2008-01-01,한전주,02-2091-4083,서울특별시 도봉구청,2017-05-17
14-22-02,1,서울특별시 도봉구 도봉제1동 606-1,서울특별시 도봉구 도봉제1동 606-1,127.040305,37.673137,2007-04-05,한전주,02-2091-4083,서울특별시 도봉구청,2017-05-17
14-21-02,1,서울특별시 도봉구 도봉로169나길 107-4,서울특별시 도봉구 도봉제1동 601-40,127.043811,37.674846,2007-10-01,한전주,02-2091-4083,서울특별시 도봉구청,2017-05-17
14-23-02,1,서울특별시 도봉구 도봉제1동 605-35,서울특별시 도봉구 도봉제1동 605-35,127.042173,37.673122,2008-01-01,벽부등,02-2091-4083,서울특별시 도봉구청,2017-05-17
14-26-02,1,서울특별시 도봉구 도봉제1동 614-37,서울특별시 도봉구 도봉제1동 614-37,127.041037,37.671888,2007-08-11,한전주,02-2091-4083,서울특별시 도봉구청,2017-05-17
14-16-02,2,서울특별시 도봉구 도봉로171길 2,서울특별시 도봉구 도봉제1동 584-7,127.043338,37.679937,2008-01-01,한전주,02-2091-4083,서울특별시 도봉구청,2017-05-17
14-03-02,1,서울특별시 도봉구 도봉로181길 91,서울특별시 도봉구 도봉제1동 555,127.041425,37.686064,2008-01-01,한전주,02-2091-4083,서울특별시 도봉구청,2017-05-17
14-27-02,2,서울특별시 도봉구 도봉제1동 617-28,서울특별시 도봉구 도봉제1동 617-28,127.043209,37.67185,2007-05-01,한전주,02-2091-4083,서울특별시 도봉구청,2017-05-17
14-24-02,1,서울특별시 도봉구 도봉로155길 13,서울특별시 도봉구 도봉제1동 618-21,127.043282,37.672865,2006-10-13,한전주,02-2091-4083,서울특별시 도봉구청,2017-05-17
14-28-02,1,서울특별시 도봉구 도봉제1동 612-40,서울특별시 도봉구 도봉제1동 612-40,127.041191,37.670816,2008-01-01,벽부등,02-2091-4083,서울특별시 도봉구청,2017-05-17
14-07-02,1,서울특별시 도봉구 도봉로181가길 19,서울특별시 도봉구 도봉제1동 562-16,127.044951,37.683157,2007-08-24,한전주,02-2091-4083,서울특별시 도봉구청,2017-05-17
14-18-02,1,서울특별시 도봉구 도봉로171길 60,서울특별시 도봉구 도봉제1동 592,127.040461,37.678677,2007-07-27,한전주,02-2091-4083,서울특별시 도봉구청,2017-05-17
14-05-02,1,서울특별시 도봉구 도봉제1동 559-17,서울특별시 도봉구 도봉제1동 559-17,127.045414,37.68616,2008-01-01,벽부등,02-2091-4083,서울특별시 도봉구청,2017-05-17
14-02-02,1,서울특별시 도봉구 도봉제1동 산4,서울특별시 도봉구 도봉제1동 산4,127.029005,37.686491,2008-01-01,전용주,02-2091-4083,서울특별시 도봉구청,2017-05-17
14-04-02,2,서울특별시 도봉구 도봉제1동 575-3,서울특별시 도봉구 도봉제1동 575-3,127.042858,37.684771,2008-01-01,한전주,02-2091-4083,서울특별시 도봉구청,2017-05-17
14-17-02,1,서울특별시 도봉구 도봉로175길 93-2,서울특별시 도봉구 도봉제1동 589-14,127.040798,37.679802,2006-05-19,한전주,02-2091-4083,서울특별시 도봉구청,2017-05-17
14-25-02,2,서울특별시 도봉구 시루봉로 285,서울특별시 도봉구 도봉제1동 608-22,127.039899,37.671802,2008-01-01,한전주,02-2091-4083,서울특별시 도봉구청,2017-05-17
14-09-02,1,서울특별시 도봉구 도봉제1동 576-18,서울특별시 도봉구 도봉제1동 576-18,127.043079,37.683401,2007-07-03,한전주,02-2091-4083,서울특별시 도봉구청,2017-05-17
14-12-02,1,서울특별시 도봉구 도봉제1동 583-28,서울특별시 도봉구 도봉제1동 583-28,127.043862,37.680307,2008-01-01,전용주,02-2091-4083,서울특별시 도봉구청,2017-05-17
14-03-03,1,서울특별시 도봉구 도봉산길 35,서울특별시 도봉구 도봉제1동 555,127.041058,37.686447,2008-01-01,한전주,02-2091-4083,서울특별시 도봉구청,2017-05-17
14-22-03,1,서울특별시 도봉구 도봉제1동 606-7,서울특별시 도봉구 도봉제1동 606-7,127.040347,37.672918,2008-03-20,한전주,02-2091-4083,서울특별시 도봉구청,2017-05-17
14-16-03,1,서울특별시 도봉구 도봉로171길 12,서울특별시 도봉구 도봉제1동 584-7,127.043015,37.679721,2012-05-07,한전주,02-2091-4083,서울특별시 도봉구청,2017-05-17
14-04-03,1,서울특별시 도봉구 도봉로181길 60-7,서울특별시 도봉구 도봉제1동 574-23,127.043001,37.684973,2008-01-01,한전주,02-2091-4083,서울특별시 도봉구청,2017-05-17
14-01-03,1,서울특별시 도봉구 도봉제1동 352-26,서울특별시 도봉구 도봉제1동 352-26,127.041109,37.691002,2008-01-01,한전주,02-2091-4083,서울특별시 도봉구청,2017-05-17
14-21-03,1,서울특별시 도봉구 도봉제1동 601-37,서울특별시 도봉구 도봉제1동 601-37,127.043667,37.674973,2006-04-08,한전주,02-2091-4083,서울특별시 도봉구청,2017-05-17
03-01-15,1,서울특별시 도봉구 쌍문제3동 88-65,서울특별시 도봉구 쌍문제3동 88-65,127.034708,37.649844,2008-04-21,한전주,02-2091-4083,서울특별시 도봉구청,2017-05-17
03-07-15,1,서울특별시 도봉구 쌍문제3동 122-13,서울특별시 도봉구 쌍문제3동 122-13,127.030753,37.649063,2008-01-01,벽부등,02-2091-4083,서울특별시 도봉구청,2017-05-17
03-08-15,1,서울특별시 도봉구 쌍문제3동 120-48,서울특별시 도봉구 쌍문제3동 120-48,127.031887,37.648962,2008-01-01,벽부등,02-2091-4083,서울특별시 도봉구청,2017-05-17
03-02-15,1,서울특별시 도봉구 노해로60길 8-6,서울특별시 도봉구 쌍문제3동 143-13,127.034675,37.650937,2008-01-01,한전주,02-2091-4083,서울특별시 도봉구청,2017-05-17
03-16-15,1,서울특별시 도봉구 쌍문제3동 103-74,서울특별시 도봉구 쌍문제3동 103-74,127.030969,37.643713,2008-01-01,한전주,02-2091-4083,서울특별시 도봉구청,2017-05-17
03-19-15,1,서울특별시 도봉구 쌍문제3동 88-39,서울특별시 도봉구 쌍문제3동 88-39,127.03342,37.64817,2008-01-01,한전주,02-2091-4083,서울특별시 도봉구청,2017-05-17
03-03-15,1,서울특별시 도봉구 쌍문제3동 138-108,서울특별시 도봉구 쌍문제3동 138-108,127.032499,37.650086,2008-01-01,한전주,02-2091-4083,서울특별시 도봉구청,2017-05-17
03-02-16,2,서울특별시 도봉구 노해로60길 8-12,서울특별시 도봉구 쌍문제3동 143-20,127.034539,37.65073,2007-10-12,한전주,02-2091-4083,서울특별시 도봉구청,2017-05-17
03-11-16,1,서울특별시 도봉구 노해로44길 8,서울특별시 도봉구 쌍문제3동 328-1,127.027807,37.648848,2007-10-20,한전주,02-2091-4083,서울특별시 도봉구청,2017-05-17
03-01-16,1,서울특별시 도봉구 쌍문제3동 88-56,서울특별시 도봉구 쌍문제3동 88-56,127.03492,37.649786,2008-01-01,벽부등,02-2091-4083,서울특별시 도봉구청,2017-05-17
03-16-16,1,서울특별시 도봉구 쌍문제3동 103-72,서울특별시 도봉구 쌍문제3동 103-72,127.030779,37.643535,2008-01-01,벽부등,02-2091-4083,서울특별시 도봉구청,2017-05-17
03-09-16,1,서울특별시 도봉구 쌍문제3동 123-63,서울특별시 도봉구 쌍문제3동 123-63,127.031364,37.647515,2008-01-01,벽부등,02-2091-4083,서울특별시 도봉구청,2017-05-17
03-03-16,1,서울특별시 도봉구 쌍문제3동 138-106,서울특별시 도봉구 쌍문제3동 138-106,127.032474,37.650293,2008-03-24,벽부등,02-2091-4083,서울특별시 도봉구청,2017-05-17
03-05-16,1,서울특별시 도봉구 쌍문제3동 726,서울특별시 도봉구 쌍문제3동 726,127.028869,37.65061,2006-01-26,한전주,02-2091-4083,서울특별시 도봉구청,2017-05-17
03-07-16,1,서울특별시 도봉구 쌍문제3동 122-22,서울특별시 도봉구 쌍문제3동 122-22,127.03053,37.649428,2008-01-01,한전주,02-2091-4083,서울특별시 도봉구청,2017-05-17
03-04-16,1,서울특별시 도봉구 쌍문제3동 139-56,서울특별시 도봉구 쌍문제3동 139-56,127.030727,37.64993,2008-01-01,한전주,02-2091-4083,서울특별시 도봉구청,2017-05-17
03-06-16,1,서울특별시 도봉구 노해로44길 19,서울특별시 도봉구 쌍문제3동 315-103,127.028223,37.648846,2007-10-02,한전주,02-2091-4083,서울특별시 도봉구청,2017-05-17
03-10-16,1,서울특별시 도봉구 쌍문제3동 123-22,서울특별시 도봉구 쌍문제3동 123-22,127.030901,37.647817,2008-03-07,한전주,02-2091-4083,서울특별시 도봉구청,2017-05-17
03-17-16,1,서울특별시 도봉구 쌍문제3동 103-19,서울특별시 도봉구 쌍문제3동 103-19,127.03268,37.646482,2008-01-01,벽부등,02-2091-4083,서울특별시 도봉구청,2017-05-17
03-18-16,1,서울특별시 도봉구 도봉로113길 12,서울특별시 도봉구 쌍문제3동 100-30,127.032543,37.646856,2008-01-01,한전주,02-2091-4083,서울특별시 도봉구청,2017-05-17
03-19-16,1,서울특별시 도봉구 쌍문제3동 88-38,서울특별시 도봉구 쌍문제3동 88-38,127.033498,37.648305,2008-01-01,한전주,02-2091-4083,서울특별시 도봉구청,2017-05-17
03-02-17,1,서울특별시 도봉구 쌍문제3동 143-60,서울특별시 도봉구 쌍문제3동 143-60,127.034602,37.650349,2008-01-01,한전주,02-2091-4083,서울특별시 도봉구청,2017-05-17
03-09-17,2,서울특별시 도봉구 노해로60가길 16-12,서울특별시 도봉구 쌍문제3동 98-60,127.032101,37.6481,2007-07-13,한전주,02-2091-4083,서울특별시 도봉구청,2017-05-17
03-08-17,1,서울특별시 도봉구 쌍문제3동 120-50,서울특별시 도봉구 쌍문제3동 120-50,127.03183,37.649112,2006-08-25,한전주,02-2091-4083,서울특별시 도봉구청,2017-05-17
03-18-17,1,서울특별시 도봉구 쌍문제3동 96-11,서울특별시 도봉구 쌍문제3동 96-11,127.033083,37.647613,2008-01-01,한전주,02-2091-4083,서울특별시 도봉구청,2017-05-17
03-11-17,1,서울특별시 도봉구 노해로44길 4,서울특별시 도봉구 쌍문제3동 324,127.02749,37.648966,2007-10-20,한전주,02-2091-4083,서울특별시 도봉구청,2017-05-17
03-06-17,1,서울특별시 도봉구 노해로44길 16,서울특별시 도봉구 쌍문제3동 327,127.028192,37.648785,2008-01-01,한전주,02-2091-4083,서울특별시 도봉구청,2017-05-17
03-04-17,1,서울특별시 도봉구 쌍문제3동 139-90,서울특별시 도봉구 쌍문제3동 139-90,127.03049,37.649568,2006-11-04,한전주,02-2091-4083,서울특별시 도봉구청,2017-05-17
03-05-17,1,서울특별시 도봉구 쌍문제3동 315-174,서울특별시 도봉구 쌍문제3동 315-174,127.029099,37.650091,2008-01-01,벽부등,02-2091-4083,서울특별시 도봉구청,2017-05-17
03-03-17,1,서울특별시 도봉구 쌍문제3동 138-119,서울특별시 도봉구 쌍문제3동 138-119,127.032214,37.650271,2008-01-01,벽부등,02-2091-4083,서울특별시 도봉구청,2017-05-17
03-10-17,1,서울특별시 도봉구 쌍문제3동 315-26,서울특별시 도봉구 쌍문제3동 315-26,127.030823,37.647522,2008-01-01,벽부등,02-2091-4083,서울특별시 도봉구청,2017-05-17
03-01-17,1,서울특별시 도봉구 쌍문제3동 88-72,서울특별시 도봉구 쌍문제3동 88-72,127.034602,37.649597,2008-01-01,통신주,02-2091-4083,서울특별시 도봉구청,2017-05-17
03-07-17,1,서울특별시 도봉구 쌍문제3동 122-23,서울특별시 도봉구 쌍문제3동 122-23,127.030533,37.649266,2008-01-01,벽부등,02-2091-4083,서울특별시 도봉구청,2017-05-17
03-19-17,1,서울특별시 도봉구 도봉로115길 11,서울특별시 도봉구 쌍문제3동 88-81,127.033699,37.648802,2008-01-01,한전주,02-2091-4083,서울특별시 도봉구청,2017-05-17
11-12-07,1,서울특별시 도봉구 창제3동 456-29,서울특별시 도봉구 창제3동 456-29,127.040629,37.636283,2007-06-27,한전주,02-2091-4083,서울특별시 도봉구청,2017-05-17
11-13-07,1,서울특별시 도봉구 창제3동 474-26,서울특별시 도봉구 창제3동 474-26,127.042885,37.635347,2008-01-01,한전주,02-2091-4083,서울특별시 도봉구청,2017-05-17
11-18-07,1,서울특별시 도봉구 우이천로 144-2,서울특별시 도봉구 창제3동,127.039074,37.633723,2014-12-08,한전주,02-2091-4083,서울특별시 도봉구청,2017-05-17
11-16-07,1,서울특별시 도봉구 우이천로8길20,서울특별시 도봉구 창제3동 527-25,127.039596,37.634979,2013-12-17,한전주,02-2091-4083,서울특별시 도봉구청,2017-05-17
11-17-07,1,서울특별시 도봉구 창제3동 518-2,서울특별시 도봉구 창제3동 518-2,127.039644,37.633482,2008-01-01,벽부등,02-2091-4083,서울특별시 도봉구청,2017-05-17
11-07-07,1,서울특별시 도봉구 덕릉로60바길 17,서울특별시 도봉구 창제3동 451,127.040731,37.639051,2008-01-01,한전주,02-2091-4083,서울특별시 도봉구청,2017-05-17
11-01-08,1,서울특별시 도봉구 창제3동 552-54,서울특별시 도봉구 창제3동 552-54,127.037806,37.637249,2007-06-01,한전주,02-2091-4083,서울특별시 도봉구청,2017-05-17
11-12-08,1,서울특별시 도봉구 우이천로12길52,서울특별시 도봉구 창제3동 456-3,127.040752,37.636591,2013-12-17,한전주,02-2091-4083,서울특별시 도봉구청,2017-05-17
11-10-08,1,서울특별시 도봉구 덕릉로60마길 25,서울특별시 도봉구 창제3동 537-3,127.039857,37.637105,2013-12-17,한전주,02-2091-4083,서울특별시 도봉구청,2017-05-17
11-14-08,1,서울특별시 도봉구 덕릉로60길140,서울특별시 도봉구 창제3동 487-1,127.042745,37.634419,2013-12-16,한전주,02-2091-4083,서울특별시 도봉구청,2017-05-17
11-02-08,1,서울특별시 도봉구 창제3동 557-15,서울특별시 도봉구 창제3동 557-15,127.038252,37.638041,2008-01-01,벽부등,02-2091-4083,서울특별시 도봉구청,2017-05-17
11-08-08,1,서울특별시 도봉구 창제3동 452-38,서울특별시 도봉구 창제3동 452-38,127.041944,37.638851,2008-01-01,한전주,02-2091-4083,서울특별시 도봉구청,2017-05-17
11-05-08,1,서울특별시 도봉구 창제3동 563-9,서울특별시 도봉구 창제3동 563-9,127.040088,37.638867,2008-01-01,한전주,02-2091-4083,서울특별시 도봉구청,2017-05-17
11-07-08,1,서울특별시 도봉구 창제3동 448-72,서울특별시 도봉구 창제3동 448-72,127.040496,37.639345,2008-01-01,벽부등,02-2091-4083,서울특별시 도봉구청,2017-05-17
11-06-08,1,서울특별시 도봉구 우이천로12길15,서울특별시 도봉구 창제3동 548-12,127.039098,37.635952,2013-12-17,한전주,02-2091-4083,서울특별시 도봉구청,2017-05-17
11-11-08,1,서울특별시 도봉구 창제3동 548-24,서울특별시 도봉구 창제3동 548-24,127.039087,37.635651,2007-03-19,벽부등,02-2091-4083,서울특별시 도봉구청,2017-05-17
11-13-08,1,서울특별시 도봉구 창제3동 474-37,서울특별시 도봉구 창제3동 474-37,127.042711,37.635482,2008-01-01,벽부등,02-2091-4083,서울특별시 도봉구청,2017-05-17
11-18-08,1,서울특별시 도봉구 우이천로 132,서울특별시 도봉구 창제3동 518-16,127.04012,37.632698,2014-12-08,한전주,02-2091-4083,서울특별시 도봉구청,2017-05-17
11-15-08,1,서울특별시 도봉구 우이천로8길 48-12,서울특별시 도봉구 창제3동 476-5,127.041397,37.635312,2008-01-01,벽부등,02-2091-4083,서울특별시 도봉구청,2017-05-17
11-17-08,1,서울특별시 도봉구 창제3동 519-8,서울특별시 도봉구 창제3동 519-8,127.039456,37.633629,2007-03-22,벽부등,02-2091-4083,서울특별시 도봉구청,2017-05-17
11-09-08,1,서울특별시 도봉구 덕릉로60차길 26,서울특별시 도봉구 창제3동 465-21,127.042769,37.636951,2013-12-13,한전주,02-2091-4083,서울특별시 도봉구청,2017-05-17
11-16-08,1,서울특별시 도봉구 창제3동 527-32,서울특별시 도봉구 창제3동 527-32,127.039858,37.634565,2008-01-01,벽부등,02-2091-4083,서울특별시 도봉구청,2017-05-17
11-09-09,1,서울특별시 도봉구 덕릉로62길 106,서울특별시 도봉구 창제3동 462-21,127.042747,37.637356,2013-12-13,한전주,02-2091-4083,서울특별시 도봉구청,2017-05-17
11-07-09,1,서울특별시 도봉구 창제3동 448-66,서울특별시 도봉구 창제3동 448-66,127.040701,37.639381,2008-01-01,벽부등,02-2091-4083,서울특별시 도봉구청,2017-05-17
11-01-09,1,서울특별시 도봉구 창제3동 552-69,서울특별시 도봉구 창제3동 552-69,127.037969,37.637115,2007-05-10,벽부등,02-2091-4083,서울특별시 도봉구청,2017-05-17
11-12-09,1,서울특별시 도봉구 덕릉로60길88,서울특별시 도봉구 창제3동 470-3,127.041103,37.636573,2013-12-16,한전주,02-2091-4083,서울특별시 도봉구청,2017-05-17
11-14-09,1,서울특별시 도봉구 창제3동 491-9,서울특별시 도봉구 창제3동 491-9,127.042452,37.633821,2008-01-01,벽부등,02-2091-4083,서울특별시 도봉구청,2017-05-17
11-02-09,1,서울특별시 도봉구 창제3동 557-69,서울특별시 도봉구 창제3동 557-69,127.038027,37.637991,2008-01-01,한전주,02-2091-4083,서울특별시 도봉구청,2017-05-17
11-05-09,1,서울특별시 도봉구 창제3동 563-6,서울특별시 도봉구 창제3동 563-6,127.03983,37.638807,2008-01-01,한전주,02-2091-4083,서울특별시 도봉구청,2017-05-17
11-06-09,1,서울특별시 도봉구 우이천로12길21,서울특별시 도봉구 창제3동 536-17,127.039347,37.636042,2013-12-17,한전주,02-2091-4083,서울특별시 도봉구청,2017-05-17
11-08-09,2,서울특별시 도봉구 창제3동 452-14,서울특별시 도봉구 창제3동 452-14,127.042228,37.639212,2007-05-11,한전주,02-2091-4083,서울특별시 도봉구청,2017-05-17
11-11-09,1,서울특별시 도봉구 창제3동 548-2,서울특별시 도봉구 창제3동 548-2,127.039271,37.635885,2008-01-01,벽부등,02-2091-4083,서울특별시 도봉구청,2017-05-17
11-10-09,1,서울특별시 도봉구 덕릉로60마길13,서울특별시 도봉구 창제3동 539-5,127.04013,37.637429,2013-12-17,한전주,02-2091-4083,서울특별시 도봉구청,2017-05-17
11-13-09,1,서울특별시 도봉구 창제3동 474-24,서울특별시 도봉구 창제3동 474-24,127.043131,37.635456,2008-01-01,벽부등,02-2091-4083,서울특별시 도봉구청,2017-05-17
11-15-09,1,서울특별시 도봉구 창제3동 480-3,서울특별시 도봉구 창제3동 480-3,127.041526,37.635195,2008-01-01,한전주,02-2091-4083,서울특별시 도봉구청,2017-05-17
01-06-49,1,서울특별시 도봉구 쌍문제1동 372-5,서울특별시 도봉구 쌍문제1동 372-5,127.025119,37.647185,2008-01-01,벽부등,02-2091-4083,서울특별시 도봉구청,2017-05-17
01-19-49,1,서울특별시 도봉구 쌍문제1동 498-92,서울특별시 도봉구 쌍문제1동 498-92,127.01469,37.654057,2008-01-01,벽부등,02-2091-4083,서울특별시 도봉구청,2017-05-17
01-25-49,1,서울특별시 도봉구 쌍문제1동 531-92,서울특별시 도봉구 쌍문제1동 531-92,127.018548,37.657882,2008-01-01,전용주,02-2091-4083,서울특별시 도봉구청,2017-05-17
01-06-50,1,서울특별시 도봉구 노해로37길 8,서울특별시 도봉구 쌍문제1동 371-3,127.0252,37.647254,2015-02-12,벽부등,02-2091-4083,서울특별시 도봉구청,2017-05-17
01-15-50,1,서울특별시 도봉구 쌍문제1동 471-41,서울특별시 도봉구 쌍문제1동 471-41,127.019238,37.653835,2008-01-01,벽부등,02-2091-4083,서울특별시 도봉구청,2017-05-17
01-17-50,1,서울특별시 도봉구 쌍문제1동 422-86,서울특별시 도봉구 쌍문제1동 422-86,127.01387,37.650959,2008-01-01,한전주,02-2091-4083,서울특별시 도봉구청,2017-05-17
01-19-50,1,서울특별시 도봉구 쌍문제1동 495-63,서울특별시 도봉구 쌍문제1동 495-63,127.015588,37.654725,2008-01-01,벽부등,02-2091-4083,서울특별시 도봉구청,2017-05-17
01-25-50,1,서울특별시 도봉구 쌍문제1동 531-93,서울특별시 도봉구 쌍문제1동 531-93,127.018518,37.657991,2008-01-01,전용주,02-2091-4083,서울특별시 도봉구청,2017-05-17
01-19-51,1,서울특별시 도봉구 쌍문제1동 498-83,서울특별시 도봉구 쌍문제1동 498-83,127.015018,37.654169,2016-12-02,한전주,02-2091-4083,서울특별시 도봉구청,2017-05-17
01-17-51,1,서울특별시 도봉구 쌍문제1동 422-128,서울특별시 도봉구 쌍문제1동 422-128,127.014074,37.650959,2006-06-29,한전주,02-2091-4083,서울특별시 도봉구청,2017-05-17
01-25-51,1,서울특별시 도봉구 쌍문제1동 531-75,서울특별시 도봉구 쌍문제1동 531-75,127.016928,37.658379,2008-01-01,한전주,02-2091-4083,서울특별시 도봉구청,2017-05-17
01-17-52,1,서울특별시 도봉구 쌍문제1동 422-88,서울특별시 도봉구 쌍문제1동 422-88,127.014366,37.650957,2006-06-29,전용주,02-2091-4083,서울특별시 도봉구청,2017-05-17
01-15-52,2,서울특별시 도봉구 쌍문제1동 471-25,서울특별시 도봉구 쌍문제1동 471-25,127.018879,37.654049,2006-10-12,한전주,02-2091-4083,서울특별시 도봉구청,2017-05-17
01-03-53,1,서울특별시 도봉구 쌍문제1동 306-33,서울특별시 도봉구 쌍문제1동 306-33,127.025359,37.650157,2008-01-01,한전주,02-2091-4083,서울특별시 도봉구청,2017-05-17
01-25-53,1,서울특별시 도봉구 쌍문제1동 525-12,서울특별시 도봉구 쌍문제1동 525-12,127.016752,37.657815,2007-08-18,벽부등,02-2091-4083,서울특별시 도봉구청,2017-05-17
01-17-53,1,서울특별시 도봉구 쌍문제1동 422-131,서울특별시 도봉구 쌍문제1동 422-131,127.014352,37.650799,2006-06-29,전용주,02-2091-4083,서울특별시 도봉구청,2017-05-17
01-15-53,1,서울특별시 도봉구 쌍문제1동 471-40,서울특별시 도봉구 쌍문제1동 471-40,127.018709,37.65404,2006-12-11,벽부등,02-2091-4083,서울특별시 도봉구청,2017-05-17
01-25-54,1,서울특별시 도봉구 삼양로162길 47,서울특별시 도봉구 쌍문제1동 525-4,127.016625,37.657689,2008-01-01,벽부등,02-2091-4083,서울특별시 도봉구청,2017-05-17
01-17-54,1,서울특별시 도봉구 쌍문제1동 422-132,서울특별시 도봉구 쌍문제1동 422-132,127.014334,37.65064,2006-06-29,한전주,02-2091-4083,서울특별시 도봉구청,2017-05-17
01-15-54,1,서울특별시 도봉구 쌍문제1동 471-19,서울특별시 도봉구 쌍문제1동 471-19,127.018478,37.654059,2008-01-01,한전주,02-2091-4083,서울특별시 도봉구청,2017-05-17
01-25-55,1,서울특별시 도봉구 삼양로162길 39,서울특별시 도봉구 쌍문제1동 531-13,127.016285,37.657896,2008-01-01,한전주,02-2091-4083,서울특별시 도봉구청,2017-05-17
01-03-55,1,서울특별시 도봉구 쌍문제1동 273-26,서울특별시 도봉구 쌍문제1동 273-26,127.025942,37.652084,2008-01-01,벽부등,02-2091-4083,서울특별시 도봉구청,2017-05-17
01-17-55,1,서울특별시 도봉구 쌍문제1동 422-123,서울특별시 도봉구 쌍문제1동 422-123,127.014062,37.650428,2008-01-01,벽부등,02-2091-4083,서울특별시 도봉구청,2017-05-17
01-17-56,2,서울특별시 도봉구 삼양로 142길 11,서울특별시 도봉구 쌍문제1동 422-133,127.013915,37.650653,2006-07-11,한전주,02-2091-4083,서울특별시 도봉구청,2017-05-17
01-15-56,1,서울특별시 도봉구 우이천로48길 87,서울특별시 도봉구 쌍문제1동 478-38,127.019514,37.654139,2008-01-01,벽부등,02-2091-4083,서울특별시 도봉구청,2017-05-17
01-03-57,1,서울특별시 도봉구 쌍문제1동 281-17,서울특별시 도봉구 쌍문제1동 281-17,127.026063,37.650597,2008-01-01,한전주,02-2091-4083,서울특별시 도봉구청,2017-05-17
01-25-57,1,서울특별시 도봉구 쌍문제1동 531-72,서울특별시 도봉구 쌍문제1동 531-72,127.015274,37.65851,2008-01-01,통신주,02-2091-4083,서울특별시 도봉구청,2017-05-17
01-17-57,1,서울특별시 도봉구 삼양로538-6,서울특별시 도봉구 쌍문제1동 423-46,127.013439,37.65123,2014-09-25,전용주,02-2091-4083,서울특별시 도봉구청,2017-05-17
01-25-58,1,서울특별시 도봉구 삼양로162가길 70,서울특별시 도봉구 쌍문제1동 516-3,127.01471,37.660338,2008-01-01,한전주,02-2091-4083,서울특별시 도봉구청,2017-05-17
01-17-58,1,서울특별시 도봉구 쌍문제1동 422-84,서울특별시 도봉구 쌍문제1동 422-84,127.014425,37.651457,2008-01-01,한전주,02-2091-4083,서울특별시 도봉구청,2017-05-17
01-03-58,1,서울특별시 도봉구 시루봉로1길37-7,서울특별시 도봉구 쌍문제1동 273-23,127.025938,37.651696,2012-07-12,벽부등,02-2091-4083,서울특별시 도봉구청,2017-05-17
01-15-58,1,서울특별시 도봉구 쌍문제1동 481-1,서울특별시 도봉구 쌍문제1동 481-1,127.017012,37.654088,2006-03-09,한전주,02-2091-4083,서울특별시 도봉구청,2017-05-17
01-17-59,1,서울특별시 도봉구 쌍문제1동 422-82,서울특별시 도봉구 쌍문제1동 422-82,127.014411,37.65132,2008-01-01,벽부등,02-2091-4083,서울특별시 도봉구청,2017-05-17
01-15-59,1,서울특별시 도봉구 쌍문제1동 477-2,서울특별시 도봉구 쌍문제1동 477-2,127.017338,37.654135,2008-01-01,한전주,02-2091-4083,서울특별시 도봉구청,2017-05-17
14-06-03,1,서울특별시 도봉구 도봉제1동 560-8,서울특별시 도봉구 도봉제1동 560-8,127.045569,37.685299,2008-01-01,벽부등,02-2091-4083,서울특별시 도봉구청,2017-05-17
14-18-03,1,서울특별시 도봉구 도봉제1동 637-31,서울특별시 도봉구 도봉제1동 637-31,127.040327,37.679115,2008-01-01,한전주,02-2091-4083,서울특별시 도봉구청,2017-05-17
14-20-03,1,서울특별시 도봉구 시루봉로 23다길 27-6,서울특별시 도봉구 도봉제1동 599-10,127.043268,37.676098,2008-01-01,한전주,02-2091-4083,서울특별시 도봉구청,2017-05-17
14-27-03,2,서울특별시 도봉구 시루봉로29길 16,서울특별시 도봉구 도봉제1동 617-4,127.043257,37.672121,2007-05-01,한전주,02-2091-4083,서울특별시 도봉구청,2017-05-17
14-02-03,1,서울특별시 도봉구 산정약수터,서울특별시 도봉구 도봉제1동 산6-6,127.029261,37.686365,2008-01-01,전용주,02-2091-4083,서울특별시 도봉구청,2017-05-17
02-01-34,1,서울특별시 도봉구 쌍문제2동 707-23,서울특별시 도봉구 쌍문제2동 707-23,127.041297,37.660849,2008-01-01,한전주,02-2091-4083,서울특별시 도봉구청,2017-05-17
02-20-34,1,서울특별시 도봉구 쌍문제2동 74-4,서울특별시 도봉구 쌍문제2동 74-4,127.036504,37.655251,2008-01-01,벽부등,02-2091-4083,서울특별시 도봉구청,2017-05-17
02-09-34,1,서울특별시 도봉구 도봉로133길 9,서울특별시 도봉구 쌍문제2동 574,127.0392,37.657341,2017-02-01,한전주,02-2091-4083,서울특별시 도봉구청,2017-05-17
02-20-35,1,서울특별시 도봉구 쌍문제2동 74-6,서울특별시 도봉구 쌍문제2동 74-6,127.036353,37.655256,2008-01-01,벽부등,02-2091-4083,서울특별시 도봉구청,2017-05-17
02-01-35,1,서울특별시 도봉구 쌍문제2동 709,서울특별시 도봉구 쌍문제2동 709,127.0391,37.661702,2008-01-01,한전주,02-2091-4083,서울특별시 도봉구청,2017-05-17
02-01-36,1,서울특별시 도봉구 도봉로141길 47,서울특별시 도봉구 쌍문제2동 709-20,127.039398,37.661577,2014-11-11,벽부등,02-2091-4083,서울특별시 도봉구청,2017-05-17
02-09-36,1,서울특별시 도봉구 쌍문제2동 554-15,서울특별시 도봉구 쌍문제2동 554-15,127.039495,37.658247,2007-05-15,한전주,02-2091-4083,서울특별시 도봉구청,2017-05-17
02-20-36,1,서울특별시 도봉구 도봉로129길54,서울특별시 도봉구 쌍문제2동 69-3,127.035421,37.655475,2012-10-29,벽부등,02-2091-4083,서울특별시 도봉구청,2017-05-17
02-08-36,2,서울특별시 도봉구 쌍문동 31-8,서울특별시 도봉구 쌍문제2동 31-8,127.038468,37.659324,2008-01-01,한전주,02-2091-4083,서울특별시 도봉구청,2017-05-17
02-15-36,1,서울특별시 도봉구 쌍문제2동 81-94,서울특별시 도봉구 쌍문제2동 81-94,127.033782,37.652794,2008-01-01,통신주,02-2091-4083,서울특별시 도봉구청,2017-05-17
02-20-37,1,서울특별시 도봉구 도봉로125길51,서울특별시 도봉구 쌍문제2동 75-61,127.036732,37.654891,2013-06-03,벽부등,02-2091-4083,서울특별시 도봉구청,2017-05-17
02-08-37,1,서울특별시 도봉구 쌍문제2동 716-37,서울특별시 도봉구 쌍문제2동 716-37,127.040773,37.659628,2007-10-05,한전주,02-2091-4083,서울특별시 도봉구청,2017-05-17
02-15-37,1,서울특별시 도봉구 노해로57길 19-11,서울특별시 도봉구 쌍문제2동 81-231,127.032976,37.652613,2008-01-01,한전주,02-2091-4083,서울특별시 도봉구청,2017-05-17
02-09-37,1,서울특별시 도봉구 쌍문제2동 22-1,서울특별시 도봉구 쌍문제2동 22-1,127.03765,37.658609,2008-01-01,벽부등,02-2091-4083,서울특별시 도봉구청,2017-05-17
02-09-38,1,서울특별시 도봉구 도봉로133길 8-22,서울특별시 도봉구 쌍문제2동 581,127.039642,37.658368,2008-01-01,벽부등,02-2091-4083,서울특별시 도봉구청,2017-05-17
02-15-38,1,서울특별시 도봉구 쌍문제2동 81-100,서울특별시 도봉구 쌍문제2동 81-100,127.033499,37.653686,2008-01-01,한전주,02-2091-4083,서울특별시 도봉구청,2017-05-17
02-08-38,1,서울특별시 도봉구 쌍문제2동 716-13,서울특별시 도봉구 쌍문제2동 716-13,127.039746,37.659323,2007-03-15,벽부등,02-2091-4083,서울특별시 도봉구청,2017-05-17
02-09-39,1,서울특별시 도봉구 쌍문제2동 571,서울특별시 도봉구 쌍문제2동 571,127.038663,37.657652,2008-01-01,벽부등,02-2091-4083,서울특별시 도봉구청,2017-05-17
02-08-39,1,서울특별시 도봉구 쌍문제2동 713-9,서울특별시 도봉구 쌍문제2동 713-9,127.038995,37.659615,2007-03-16,한전주,02-2091-4083,서울특별시 도봉구청,2017-05-17
02-08-40,1,서울특별시 도봉구 도볼로135길26,서울특별시 도봉구 쌍문제2동 713-43,127.039153,37.659171,2012-11-08,한전주,02-2091-4083,서울특별시 도봉구청,2017-05-17
02-09-40,1,서울특별시 도봉구 방학로3길 95,서울특별시 도봉구 쌍문제2동 554,127.039368,37.658836,2016-12-12,한전주,02-2091-4083,서울특별시 도봉구청,2017-05-17
02-08-41,1,서울특별시 도봉구 방학로3길83,서울특별시 도봉구 쌍문제2동 716-13,127.039678,37.659188,2013-04-30,통신주,02-2091-4083,서울특별시 도봉구청,2017-05-17
02-08-42,1,서울특별시 도봉구 방학로3길 79-12,서울특별시 도봉구 쌍문제2동 716-10,127.039976,37.659397,2015-05-11,벽부등,02-2091-4083,서울특별시 도봉구청,2017-05-17
02-08-43,1,서울특별시 도봉구 방학로3길 79-12,서울특별시 도봉구 쌍문제2동 716-10,127.040123,37.65926,2015-06-26,벽부등,02-2091-4083,서울특별시 도봉구청,2017-05-17
10-27-08,1,서울특별시 도봉구 도봉로454,서울특별시 도봉구 쌍문제2동 650-47,127.033621,37.64614,2008-01-01,벽부등,02-2091-4083,서울특별시 도봉구청,2017-05-17
03-18-01,1,서울특별시 도봉구 쌍문제3동 96-1,서울특별시 도봉구 쌍문제3동 96-1,127.033481,37.647965,2007-08-30,벽부등,02-2091-4083,서울특별시 도봉구청,2017-05-17
03-01-01,1,서울특별시 도봉구 노해로246,서울특별시 도봉구 쌍문제3동 88-2,127.03514,37.651054,2007-09-21,벽부등,02-2091-4083,서울특별시 도봉구청,2017-05-17
03-15-01,1,서울특별시 도봉구 쌍문제3동 395-6,서울특별시 도봉구 쌍문제3동 395-6,127.031468,37.645058,2008-01-01,한전주,02-2091-4083,서울특별시 도봉구청,2017-05-17
03-13-01,1,서울특별시 도봉구 노해로 136-4,서울특별시 도봉구 쌍문제3동 380-23,127.025733,37.646795,2008-01-01,벽부등,02-2091-4083,서울특별시 도봉구청,2017-05-17
03-16-17,2,서울특별시 도봉구 쌍문제3동 103-123,서울특별시 도봉구 쌍문제3동 103-123,127.030671,37.644263,2007-11-29,한전주,02-2091-4083,서울특별시 도봉구청,2017-05-17
03-17-17,1,서울특별시 도봉구 쌍문제3동 103-14,서울특별시 도봉구 쌍문제3동 103-14,127.032578,37.646314,2008-02-23,벽부등,02-2091-4083,서울특별시 도봉구청,2017-05-17
03-08-18,1,서울특별시 도봉구 도봉로113길 40-22,서울특별시 도봉구 쌍문제3동 120-33,127.031807,37.649415,2008-03-26,한전주,02-2091-4083,서울특별시 도봉구청,2017-05-17
03-03-18,1,서울특별시 도봉구 쌍문제3동 138-109,서울특별시 도봉구 쌍문제3동 138-109,127.03238,37.649964,2007-08-21,벽부등,02-2091-4083,서울특별시 도봉구청,2017-05-17
03-05-18,1,서울특별시 도봉구 노해로46길 4,서울특별시 도봉구 쌍문제3동 315-89,127.028442,37.649884,2016-05-16,벽부등,02-2091-4083,서울특별시 도봉구청,2017-05-17
03-18-18,1,서울특별시 도봉구 쌍문제3동 100-5,서울특별시 도봉구 쌍문제3동 100-5,127.032256,37.647484,2008-01-01,벽부등,02-2091-4083,서울특별시 도봉구청,2017-05-17
03-09-18,1,서울특별시 도봉구 쌍문제3동 98-76,서울특별시 도봉구 쌍문제3동 98-76,127.03272,37.647697,2008-01-01,벽부등,02-2091-4083,서울특별시 도봉구청,2017-05-17
03-06-18,1,서울특별시 도봉구 쌍문제3동 315-104,서울특별시 도봉구 쌍문제3동 315-104,127.028102,37.648992,2007-11-29,벽부등,02-2091-4083,서울특별시 도봉구청,2017-05-17
03-04-18,1,서울특별시 도봉구 쌍문제3동 139-51,서울특별시 도봉구 쌍문제3동 139-51,127.031342,37.649768,2006-04-05,한전주,02-2091-4083,서울특별시 도봉구청,2017-05-17
03-10-18,1,서울특별시 도봉구 쌍문제3동 315-423,서울특별시 도봉구 쌍문제3동 315-423,127.030839,37.647595,2008-03-07,벽부등,02-2091-4083,서울특별시 도봉구청,2017-05-17
03-16-18,1,서울특별시 도봉구 쌍문제3동 103-155,서울특별시 도봉구 쌍문제3동 103-155,127.030172,37.64395,2008-01-01,벽부등,02-2091-4083,서울특별시 도봉구청,2017-05-17
03-02-18,1,서울특별시 도봉구 쌍문제3동 88-12,서울특별시 도봉구 쌍문제3동 88-12,127.034831,37.65053,2008-01-01,한전주,02-2091-4083,서울특별시 도봉구청,2017-05-17
03-19-18,2,서울특별시 도봉구 도봉로115길 11,서울특별시 도봉구 쌍문제3동 94-26,127.033631,37.648703,2008-01-01,한전주,02-2091-4083,서울특별시 도봉구청,2017-05-17
03-01-18,1,서울특별시 도봉구 쌍문제3동 88-74,서울특별시 도봉구 쌍문제3동 88-74,127.034287,37.649564,2008-01-01,한전주,02-2091-4083,서울특별시 도봉구청,2017-05-17
03-11-18,1,서울특별시 도봉구 쌍문제3동 341-3,서울특별시 도봉구 쌍문제3동 341-3,127.027326,37.648617,2008-01-01,한전주,02-2091-4083,서울특별시 도봉구청,2017-05-17
03-17-18,1,서울특별시 도봉구 쌍문제3동 103-210,서울특별시 도봉구 쌍문제3동 103-210,127.032417,37.646136,2006-10-25,한전주,02-2091-4083,서울특별시 도봉구청,2017-05-17
03-01-19,1,서울특별시 도봉구 쌍문제3동 88-48,서울특별시 도봉구 쌍문제3동 88-48,127.034714,37.650103,2006-12-11,벽부등,02-2091-4083,서울특별시 도봉구청,2017-05-17
03-09-19,1,서울특별시 도봉구 도봉로113길 29-15,서울특별시 도봉구 쌍문제3동 98-16,127.032294,37.648127,2008-01-01,한전주,02-2091-4083,서울특별시 도봉구청,2017-05-17
03-11-19,1,서울특별시 도봉구 쌍문제3동 346-2,서울특별시 도봉구 쌍문제3동 346-2,127.026974,37.648428,2006-11-23,한전주,02-2091-4083,서울특별시 도봉구청,2017-05-17
03-03-19,1,서울특별시 도봉구 도봉로117길 51,서울특별시 도봉구 쌍문제3동 138-113,127.032283,37.649739,2008-01-01,한전주,02-2091-4083,서울특별시 도봉구청,2017-05-17
14-22-13,1,서울특별시 도봉구 도봉로169나길 87,서울특별시 도봉구 도봉제1동 601-22,127.043653,37.675792,2008-01-01,한전주,02-2091-4083,서울특별시 도봉구청,2017-05-17
14-07-13,1,서울특별시 도봉구 도봉제1동 561-1,서울특별시 도봉구 도봉제1동 561-1,127.045648,37.684825,2006-10-26,벽부등,02-2091-4083,서울특별시 도봉구청,2017-05-17
14-05-13,1,서울특별시 도봉구 도봉제1동 558-2,서울특별시 도봉구 도봉제1동 558-2,127.043885,37.68619,2008-01-01,한전주,02-2091-4083,서울특별시 도봉구청,2017-05-17
14-24-13,1,서울특별시 도봉구 도봉제1동 603-27,서울특별시 도봉구 도봉제1동 603-27,127.043244,37.673907,2008-01-01,벽부등,02-2091-4083,서울특별시 도봉구청,2017-05-17
14-09-13,1,서울특별시 도봉구 도봉제1동 573-9,서울특별시 도봉구 도봉제1동 573-9,127.041601,37.684992,2008-01-01,한전주,02-2091-4083,서울특별시 도봉구청,2017-05-17
14-11-13,1,서울특별시 도봉구 도봉로177길 27-13,서울특별시 도봉구 도봉제1동 581-14,127.044099,37.682333,2008-02-14,벽부등,02-2091-4083,서울특별시 도봉구청,2017-05-17
14-21-13,1,서울특별시 도봉구 도봉로 783,서울특별시 도봉구 도봉제1동 601-55,127.04405,37.674403,2006-10-17,한전주,02-2091-4083,서울특별시 도봉구청,2017-05-17
14-08-13,1,서울특별시 도봉구 도봉로181나길 16-8,서울특별시 도봉구 도봉제1동 566-26,127.044236,37.683423,2007-10-27,한전주,02-2091-4083,서울특별시 도봉구청,2017-05-17
14-28-13,1,서울특별시 도봉구 도봉제1동 609-2,서울특별시 도봉구 도봉제1동 609-2,127.040901,37.670894,2008-01-01,벽부등,02-2091-4083,서울특별시 도봉구청,2017-05-17
14-02-13,1,서울특별시 도봉구 도봉제1동 산59-1,서울특별시 도봉구 도봉제1동 산59-1,127.033439,37.685454,2008-01-01,한전주,02-2091-4083,서울특별시 도봉구청,2017-05-17
14-26-13,1,서울특별시 도봉구 도봉제1동 614-22,서울특별시 도봉구 도봉제1동 614-22,127.04225,37.672392,2008-01-01,통신주,02-2091-4083,서울특별시 도봉구청,2017-05-17
14-19-13,1,서울특별시 도봉구 도봉제1동 535,서울특별시 도봉구 도봉제1동 535,127.026929,37.676478,2008-01-01,한전주,02-2091-4083,서울특별시 도봉구청,2017-05-17
14-03-14,1,서울특별시 도봉구 도봉산길 86,서울특별시 도봉구 도봉제1동 산22-1,127.033708,37.687506,2015-11-24,한전주,02-2091-4083,서울특별시 도봉구청,2017-05-17
14-20-14,1,서울특별시 도봉구 도봉제1동 597-41,서울특별시 도봉구 도봉제1동 597-41,127.043369,37.677194,2008-01-01,한전주,02-2091-4083,서울특별시 도봉구청,2017-05-17
11-18-09,1,서울특별시 도봉구 우이천로 120,서울특별시 도봉구 창제3동 504-33,127.040331,37.632375,2014-12-08,한전주,02-2091-4083,서울특별시 도봉구청,2017-05-17
11-17-09,1,서울특별시 도봉구 창제3동 519-15,서울특별시 도봉구 창제3동 519-15,127.039352,37.633721,2008-01-01,벽부등,02-2091-4083,서울특별시 도봉구청,2017-05-17
11-16-09,1,서울특별시 도봉구 우이천로4나길26,서울특별시 도봉구 창제3동 527-20,127.040105,37.634835,2013-12-17,한전주,02-2091-4083,서울특별시 도봉구청,2017-05-17
11-01-10,1,서울특별시 도봉구 덕릉로54길14,서울특별시 도봉구 창제3동 552-8,127.037966,37.637412,2013-12-13,한전주,02-2091-4083,서울특별시 도봉구청,2017-05-17
11-09-10,2,서울특별시 도봉구 덕릉로62길102,서울특별시 도봉구 창제3동 462-20,127.042735,37.637627,2013-12-13,한전주,02-2091-4083,서울특별시 도봉구청,2017-05-17
11-05-10,1,서울특별시 도봉구 창제3동 563-9,서울특별시 도봉구 창제3동 563-9,127.040254,37.638807,2008-01-01,벽부등,02-2091-4083,서울특별시 도봉구청,2017-05-17
11-14-10,1,서울특별시 도봉구 창제3동 491-1,서울특별시 도봉구 창제3동 491-1,127.042875,37.633862,2007-12-04,한전주,02-2091-4083,서울특별시 도봉구청,2017-05-17
11-02-10,1,서울특별시 도봉구 창제3동 557-61,서울특별시 도봉구 창제3동 557-61,127.03792,37.637882,2006-01-10,벽부등,02-2091-4083,서울특별시 도봉구청,2017-05-17
11-03-10,1,서울특별시 도봉구 창제3동 449-91,서울특별시 도봉구 창제3동 449-91,127.040394,37.639606,2008-01-01,한전주,02-2091-4083,서울특별시 도봉구청,2017-05-17
11-07-10,1,서울특별시 도봉구 덕릉로60나길 10-10,서울특별시 도봉구 창제3동 448-54,127.041071,37.639456,2006-06-19,벽부등,02-2091-4083,서울특별시 도봉구청,2017-05-17
11-06-10,1,서울특별시 도봉구 우이천로12길27,서울특별시 도봉구 창제3동 536-9,127.039596,37.636159,2013-12-17,한전주,02-2091-4083,서울특별시 도봉구청,2017-05-17
11-08-10,1,서울특별시 도봉구 덕릉로62길48,서울특별시 도봉구 창제3동 451-7,127.04183,37.63942,2013-12-16,한전주,02-2091-4083,서울특별시 도봉구청,2017-05-17
11-11-10,1,서울특별시 도봉구 창제3동 528-32,서울특별시 도봉구 창제3동 528-32,127.03946,37.635754,2008-01-01,한전주,02-2091-4083,서울특별시 도봉구청,2017-05-17
11-10-10,1,서울특별시 도봉구 덕릉로60마길 13-5,서울특별시 도봉구 창제3동 538-20,127.040085,37.63712,2006-04-05,한전주,02-2091-4083,서울특별시 도봉구청,2017-05-17
11-12-10,1,서울특별시 도봉구 창제3동 470-6,서울특별시 도봉구 창제3동 470-6,127.041022,37.63637,2008-01-01,한전주,02-2091-4083,서울특별시 도봉구청,2017-05-17
11-13-10,1,서울특별시 도봉구 창제3동 474-44,서울특별시 도봉구 창제3동 474-44,127.042785,37.635009,2008-01-01,한전주,02-2091-4083,서울특별시 도봉구청,2017-05-17
11-18-10,1,서울특별시 도봉구 우이천로 120,서울특별시 도봉구 창제3동 504-33,127.04074,37.632104,2014-12-08,한전주,02-2091-4083,서울특별시 도봉구청,2017-05-17
11-15-10,1,서울특별시 도봉구 창제3동 480-6,서울특별시 도봉구 창제3동 480-6,127.041754,37.635012,2008-01-01,벽부등,02-2091-4083,서울특별시 도봉구청,2017-05-17
11-16-10,1,서울특별시 도봉구 창제3동 528-53,서울특별시 도봉구 창제3동 528-53,127.039904,37.63501,2008-01-01,벽부등,02-2091-4083,서울특별시 도봉구청,2017-05-17
11-17-10,1,서울특별시 도봉구 창제3동 519-14,서울특별시 도봉구 창제3동 519-14,127.039282,37.633847,2007-03-30,한전주,02-2091-4083,서울특별시 도봉구청,2017-05-17
11-09-11,1,서울특별시 도봉구 덕릉로62길 92-8,서울특별시 도봉구 창제3동 462-15,127.04226,37.637969,2008-01-01,벽부등,02-2091-4083,서울특별시 도봉구청,2017-05-17
11-01-11,1,서울특별시 도봉구 덕릉로54길18,서울특별시 도봉구 창제3동 552-51,127.038226,37.637259,2013-12-13,한전주,02-2091-4083,서울특별시 도봉구청,2017-05-17
11-05-11,2,서울특별시 도봉구 창제3동 562-24,서울특별시 도봉구 창제3동 562-24,127.039921,37.638435,2006-03-29,한전주,02-2091-4083,서울특별시 도봉구청,2017-05-17
11-02-11,1,서울특별시 도봉구 창제3동 557-75,서울특별시 도봉구 창제3동 557-75,127.038205,37.637653,2007-09-29,한전주,02-2091-4083,서울특별시 도봉구청,2017-05-17
11-06-11,1,서울특별시 도봉구 우이천로12길29,서울특별시 도봉구 창제3동 537-17,127.0398,37.636249,2013-12-13,한전주,02-2091-4083,서울특별시 도봉구청,2017-05-17
11-16-11,1,서울특별시 도봉구 우이천로8길28,서울특별시 도봉구 창제3동 528-54,127.040083,37.635195,2013-12-17,한전주,02-2091-4083,서울특별시 도봉구청,2017-05-17
11-14-11,1,서울특별시 도봉구 창제3동 491-9,서울특별시 도봉구 창제3동 491-9,127.042553,37.633735,2007-12-04,한전주,02-2091-4083,서울특별시 도봉구청,2017-05-17
11-07-11,1,서울특별시 도봉구 덕릉로60나길 10-4,서울특별시 도봉구 창제3동 448-53,127.040946,37.639537,2008-01-01,벽부등,02-2091-4083,서울특별시 도봉구청,2017-05-17
11-08-11,2,서울특별시 도봉구 덕릉로60바길32,서울특별시 도봉구 창제3동 451-9,127.041671,37.63924,2013-12-16,한전주,02-2091-4083,서울특별시 도봉구청,2017-05-17
11-12-11,1,서울특별시 도봉구 덕릉로60길 90-5,서울특별시 도봉구 창제3동 470-8,127.041137,37.636222,2006-04-19,한전주,02-2091-4083,서울특별시 도봉구청,2017-05-17
11-10-11,1,서울특별시 도봉구 창제3동 538-22,서울특별시 도봉구 창제3동 538-22,127.040139,37.636946,2008-01-01,벽부등,02-2091-4083,서울특별시 도봉구청,2017-05-17
11-11-11,1,서울특별시 도봉구 창제3동 528-32,서울특별시 도봉구 창제3동 528-32,127.039616,37.635817,2006-12-18,벽부등,02-2091-4083,서울특별시 도봉구청,2017-05-17
11-15-11,1,서울특별시 도봉구 창제3동 480-27,서울특별시 도봉구 창제3동 480-27,127.041524,37.634919,2008-01-01,전용주,02-2091-4083,서울특별시 도봉구청,2017-05-17
11-17-11,2,서울특별시 도봉구 창제3동 519-2,서울특별시 도봉구 창제3동 519-2,127.039209,37.634118,2006-03-17,한전주,02-2091-4083,서울특별시 도봉구청,2017-05-17
11-13-11,1,서울특별시 도봉구 덕릉로60길 109-60,서울특별시 도봉구 창제3동 474-21,127.042901,37.635703,2015-11-24,벽부등,02-2091-4083,서울특별시 도봉구청,2017-05-17
01-25-59,1,서울특별시 도봉구 쌍문제1동 533-31,서울특별시 도봉구 쌍문제1동 533-31,127.015784,37.661129,2007-01-31,한전주,02-2091-4083,서울특별시 도봉구청,2017-05-17
01-17-60,1,서울특별시 도봉구 쌍문제1동 422-8,서울특별시 도봉구 쌍문제1동 422-8,127.01439,37.651104,2008-01-01,벽부등,02-2091-4083,서울특별시 도봉구청,2017-05-17
01-15-60,1,서울특별시 도봉구 쌍문제1동 478-82,서울특별시 도봉구 쌍문제1동 478-82,127.01795,37.654184,2008-01-01,벽부등,02-2091-4083,서울특별시 도봉구청,2017-05-17
01-17-61,1,서울특별시 도봉구 삼양로144길 25,서울특별시 도봉구 쌍문제1동 422-65,127.01447,37.651806,2007-03-30,전용주,02-2091-4083,서울특별시 도봉구청,2017-05-17
01-25-61,1,서울특별시 도봉구 쌍문제1동 531-1,서울특별시 도봉구 쌍문제1동 531-1,127.016865,37.658552,2008-01-01,한전주,02-2091-4083,서울특별시 도봉구청,2017-05-17
01-15-61,1,서울특별시 도봉구 쌍문제1동 478-25,서울특별시 도봉구 쌍문제1동 478-25,127.019265,37.654752,2008-01-01,벽부등,02-2091-4083,서울특별시 도봉구청,2017-05-17
01-17-62,1,서울특별시 도봉구 삼양로144길 25-5,서울특별시 도봉구 쌍문제1동 422 57,127.014482,37.652085,2007-03-30,전용주,02-2091-4083,서울특별시 도봉구청,2017-05-17
01-25-62,1,서울특별시 도봉구 삼양로162가길42-59,서울특별시 도봉구 쌍문제1동 533-1,127.015568,37.661299,2013-10-23,한전주,02-2091-4083,서울특별시 도봉구청,2017-05-17
01-25-63,1,서울특별시 도봉구 삼양로162길 51-26,서울특별시 도봉구 쌍문제1동 531-77,127.01658,37.658284,2014-12-29,벽부등,02-2091-4083,서울특별시 도봉구청,2017-05-17
01-17-63,1,서울특별시 도봉구 삼양로144길 25-13,서울특별시 도봉구 쌍문제1동 422-47,127.014459,37.652311,2007-03-30,전용주,02-2091-4083,서울특별시 도봉구청,2017-05-17
01-15-63,2,서울특별시 도봉구 우이천로446-51,서울특별시 도봉구 쌍문제1동 470-4,127.018176,37.653328,2008-01-01,전용주,02-2091-4083,서울특별시 도봉구청,2017-05-17
01-15-64,1,서울특별시 도봉구 쌍문제1동 473-11,서울특별시 도봉구 쌍문제1동 473-11,127.017382,37.653536,2008-01-01,벽부등,02-2091-4083,서울특별시 도봉구청,2017-05-17
01-17-64,1,서울특별시 도봉구 삼양로144길 25-17,서울특별시 도봉구 쌍문제1동 422-8,127.014425,37.652536,2007-06-30,전용주,02-2091-4083,서울특별시 도봉구청,2017-05-17
01-15-65,1,서울특별시 도봉구 우이천로 42길 48-5,서울특별시 도봉구 쌍문제1동 478-61,127.019174,37.654112,2008-01-01,벽부등,02-2091-4083,서울특별시 도봉구청,2017-05-17
01-15-66,1,서울특별시 도봉구 쌍문제1동 470-10,서울특별시 도봉구 쌍문제1동 470-10,127.018803,37.651518,2008-01-01,한전주,02-2091-4083,서울특별시 도봉구청,2017-05-17
01-17-66,1,서울특별시 도봉구 삼양로146길 20,서울특별시 도봉구 쌍문제1동 423-14,127.013111,37.652428,2008-01-01,벽부등,02-2091-4083,서울특별시 도봉구청,2017-05-17
01-17-67,1,서울특별시 도봉구 쌍문제1동 424-22,서울특별시 도봉구 쌍문제1동 424-22,127.014431,37.651546,2006-11-01,벽부등,02-2091-4083,서울특별시 도봉구청,2017-05-17
01-15-67,1,서울특별시 도봉구 쌍문제1동 470-16,서울특별시 도봉구 쌍문제1동 470-16,127.019073,37.651679,2008-01-01,한전주,02-2091-4083,서울특별시 도봉구청,2017-05-17
01-15-68,1,서울특별시 도봉구 우이천로446-31,서울특별시 도봉구 쌍문제1동 472-14,127.018337,37.653504,2012-08-27,벽부등,02-2091-4083,서울특별시 도봉구청,2017-05-17
01-17-68,1,서울특별시 도봉구 삼양로142길 33,서울특별시 도봉구 쌍문제1동 422-83,127.014771,37.651567,2006-11-01,한전주,02-2091-4083,서울특별시 도봉구청,2017-05-17
01-17-73,1,서울특별시 도봉구 삼양로10,서울특별시 도봉구 쌍문제1동 425-8,127.013383,37.652275,2012-07-10,통신주,02-2091-4083,서울특별시 도봉구청,2017-05-17
01-17-74,1,서울특별시 도봉구 삼양로142길7,서울특별시 도봉구 쌍문제1동 423-94,127.013864,37.65057,2012-10-02,통신주,02-2091-4083,서울특별시 도봉구청,2017-05-17
01-17-75,1,서울특별시 도봉구 삼양로534,서울특별시 도봉구 쌍문제1동 423-91,127.013342,37.650812,2012-10-25,벽부등,02-2091-4083,서울특별시 도봉구청,2017-05-17
01-17-76,1,서울특별시 도봉구 덕성여대정문,서울특별시 도봉구 쌍문제1동 422-83,127.01455,37.651589,2013-10-11,전용주,02-2091-4083,서울특별시 도봉구청,2017-05-17
01-17-77,1,서울특별시 도봉구 덕성여대정문,서울특별시 도봉구 쌍문제1동 422-83,127.014739,37.651601,2013-10-11,전용주,02-2091-4083,서울특별시 도봉구청,2017-05-17
03-17-28,1,서울특별시 도봉구 쌍문제1동 103-52,서울특별시 도봉구 쌍문제1동 103-52,127.032297,37.646794,2012-05-15,벽부등,02-2091-4083,서울특별시 도봉구청,2017-05-17
02-12-01,1,서울특별시 도봉구 도봉로129길 45-13,서울특별시 도봉구 쌍문제2동 73,127.035685,37.654946,2008-01-01,한전주,02-2091-4083,서울특별시 도봉구청,2017-05-17
02-17-01,1,서울특별시 도봉구 도봉로123길 33-15,서울특별시 도봉구 쌍문제2동 81-73,127.034834,37.652604,2006-12-12,벽부등,02-2091-4083,서울특별시 도봉구청,2017-05-17
02-13-01,1,서울특별시 도봉구 도봉로125길 3,서울특별시 도봉구 쌍문제2동 81-26,127.036591,37.652783,2008-01-01,한전주,02-2091-4083,서울특별시 도봉구청,2017-05-17
02-15-01,1,서울특별시 도봉구 쌍문제2동 81-89,서울특별시 도봉구 쌍문제2동 81-89,127.03458,37.653242,2008-01-01,한전주,02-2091-4083,서울특별시 도봉구청,2017-05-17
02-14-01,1,서울특별시 도봉구 쌍문제2동 75-47,서울특별시 도봉구 쌍문제2동 75-47,127.036179,37.653852,2006-12-20,한전주,02-2091-4083,서울특별시 도봉구청,2017-05-17
02-09-01,1,서울특별시 도봉구 해등로156,서울특별시 도봉구 쌍문제2동 630,127.039177,37.657071,2007-03-14,벽부등,02-2091-4083,서울특별시 도봉구청,2017-05-17
02-07-01,1,서울특별시 도봉구 쌍문제2동 192-5,서울특별시 도봉구 쌍문제2동 192-5,127.034614,37.6586,2008-01-01,한전주,02-2091-4083,서울특별시 도봉구청,2017-05-17
02-16-01,1,서울특별시 도봉구 쌍문제2동 81-132,서울특별시 도봉구 쌍문제2동 81-132,127.034223,37.652532,2008-01-01,한전주,02-2091-4083,서울특별시 도봉구청,2017-05-17
03-11-01,1,서울특별시 도봉구 쌍문제3동 334-37,서울특별시 도봉구 쌍문제3동 334-37,127.02911,37.6479,2006-05-12,한전주,02-2091-4083,서울특별시 도봉구청,2017-05-17
03-07-01,2,서울특별시 도봉구 노해로46길 36,서울특별시 도봉구 쌍문제3동 315-15,127.029926,37.649343,2006-11-03,한전주,02-2091-4083,서울특별시 도봉구청,2017-05-17
03-16-01,1,서울특별시 도봉구 쌍문제3동 103-195,서울특별시 도봉구 쌍문제3동 103-195,127.031761,37.644473,2008-01-01,벽부등,02-2091-4083,서울특별시 도봉구청,2017-05-17
03-04-01,2,서울특별시 도봉구 쌍문제3동 138-173,서울특별시 도봉구 쌍문제3동 138-173,127.032361,37.650699,2007-07-06,한전주,02-2091-4083,서울특별시 도봉구청,2017-05-17
03-02-01,1,서울특별시 도봉구 쌍문제3동 143-49,서울특별시 도봉구 쌍문제3동 143-49,127.033348,37.650915,2008-01-01,벽부등,02-2091-4083,서울특별시 도봉구청,2017-05-17
03-03-01,1,서울특별시 도봉구 쌍문제3동 138-20,서울특별시 도봉구 쌍문제3동 138-20,127.032676,37.650913,2007-10-25,벽부등,02-2091-4083,서울특별시 도봉구청,2017-05-17
03-05-01,1,서울특별시 도봉구 쌍문제3동 139-70,서울특별시 도봉구 쌍문제3동 139-70,127.030389,37.649861,2006-04-19,한전주,02-2091-4083,서울특별시 도봉구청,2017-05-17
03-10-01,1,서울특별시 도봉구 쌍문제3동 315-361,서울특별시 도봉구 쌍문제3동 315-361,127.029337,37.648347,2008-01-01,한전주,02-2091-4083,서울특별시 도봉구청,2017-05-17
03-08-01,1,서울특별시 도봉구 쌍문제3동 139-53,서울특별시 도봉구 쌍문제3동 139-53,127.030852,37.649565,2006-06-28,한전주,02-2091-4083,서울특별시 도봉구청,2017-05-17
03-17-01,1,서울특별시 도봉구 쌍문제3동 103-47,서울특별시 도봉구 쌍문제3동 103-47,127.032062,37.646663,2006-11-18,벽부등,02-2091-4083,서울특별시 도봉구청,2017-05-17
03-19-01,1,서울특별시 도봉구 도봉로117길 46,서울특별시 도봉구 쌍문제3동 138-107,127.032567,37.649757,2008-01-01,한전주,02-2091-4083,서울특별시 도봉구청,2017-05-17
03-09-01,1,서울특별시 도봉구 쌍문제3동 123-1,서울특별시 도봉구 쌍문제3동 123-1,127.03176,37.648411,2006-06-24,한전주,02-2091-4083,서울특별시 도봉구청,2017-05-17
03-14-01,1,서울특별시 도봉구 도봉로109길 52,서울특별시 도봉구 쌍문제3동 315-29,127.030367,37.646965,2008-01-01,한전주,02-2091-4083,서울특별시 도봉구청,2017-05-17
03-06-01,1,서울특별시 도봉구 쌍문제3동 315-14,서울특별시 도봉구 쌍문제3동 315-14,127.029994,37.649461,2006-07-30,한전주,02-2091-4083,서울특별시 도봉구청,2017-05-17
03-14-02,1,서울특별시 도봉구 도봉로113길 47-5,서울특별시 도봉구 쌍문제3동 123-61,127.031183,37.646947,2008-01-01,한전주,02-2091-4083,서울특별시 도봉구청,2017-05-17
03-13-02,1,서울특별시 도봉구 쌍문제3동 375-10,서울특별시 도봉구 쌍문제3동 375-10,127.026024,37.646675,2008-01-01,벽부등,02-2091-4083,서울특별시 도봉구청,2017-05-17
03-15-02,1,서울특별시 도봉구 도봉로103길 10,서울특별시 도봉구 쌍문제3동 103-245,127.031352,37.645,2008-01-01,한전주,02-2091-4083,서울특별시 도봉구청,2017-05-17
03-06-02,1,서울특별시 도봉구 쌍문제3동 315-13,서울특별시 도봉구 쌍문제3동 315-13,127.029809,37.649603,2008-01-01,한전주,02-2091-4083,서울특별시 도봉구청,2017-05-17
03-04-02,1,서울특별시 도봉구 노해로54길 59,서울특별시 도봉구 쌍문제3동 138-29,127.03242,37.650541,2008-01-01,한전주,02-2091-4083,서울특별시 도봉구청,2017-05-17
03-17-02,1,서울특별시 도봉구 쌍문제3동 103-46,서울특별시 도봉구 쌍문제3동 103-46,127.032096,37.646824,2008-01-01,벽부등,02-2091-4083,서울특별시 도봉구청,2017-05-17
03-18-02,1,서울특별시 도봉구 쌍문제3동 96-16,서울특별시 도봉구 쌍문제3동 96-16,127.033412,37.647851,2008-01-01,벽부등,02-2091-4083,서울특별시 도봉구청,2017-05-17
03-05-02,1,서울특별시 도봉구 쌍문제3동 139-129,서울특별시 도봉구 쌍문제3동 139-129,127.029956,37.650619,2007-10-12,한전주,02-2091-4083,서울특별시 도봉구청,2017-05-17
03-08-02,1,서울특별시 도봉구 쌍문제3동 122-70,서울특별시 도봉구 쌍문제3동 122-70,127.030904,37.64929,2008-01-01,한전주,02-2091-4083,서울특별시 도봉구청,2017-05-17
03-09-02,1,서울특별시 도봉구 쌍문제3동 123-26,서울특별시 도봉구 쌍문제3동 123-26,127.031791,37.648244,2008-01-01,한전주,02-2091-4083,서울특별시 도봉구청,2017-05-17
03-03-02,1,서울특별시 도봉구 쌍문제3동 138-157,서울특별시 도봉구 쌍문제3동 138-157,127.032958,37.650871,2007-10-13,벽부등,02-2091-4083,서울특별시 도봉구청,2017-05-17
03-07-02,1,서울특별시 도봉구 쌍문제3동 315-177,서울특별시 도봉구 쌍문제3동 315-177,127.030204,37.649109,2008-01-01,한전주,02-2091-4083,서울특별시 도봉구청,2017-05-17
03-11-02,1,서울특별시 도봉구 도봉로109길 77,서울특별시 도봉구 쌍문제3동 111-4,127.029291,37.64774,2008-02-21,한전주,02-2091-4083,서울특별시 도봉구청,2017-05-17
03-19-02,2,서울특별시 도봉구 도봉로117길 26,서울특별시 도봉구 쌍문제3동 141-40,127.033462,37.649802,2014-04-01,한전주,02-2091-4083,서울특별시 도봉구청,2017-05-17
03-02-02,1,서울특별시 도봉구 쌍문제3동 143-42,서울특별시 도봉구 쌍문제3동 143-42,127.033507,37.650977,2008-01-01,벽부등,02-2091-4083,서울특별시 도봉구청,2017-05-17
03-10-02,1,서울특별시 도봉구 쌍문제3동 315-370,서울특별시 도봉구 쌍문제3동 315-370,127.029303,37.64815,2007-05-01,한전주,02-2091-4083,서울특별시 도봉구청,2017-05-17
03-06-03,2,서울특별시 도봉구 노해로46길 25,서울특별시 도봉구 쌍문제3동 315-12,127.029405,37.649605,2006-11-04,한전주,02-2091-4083,서울특별시 도봉구청,2017-05-17
03-11-03,1,서울특별시 도봉구 쌍문제3동 111-5,서울특별시 도봉구 쌍문제3동 111-5,127.029269,37.647608,2008-01-01,통신주,02-2091-4083,서울특별시 도봉구청,2017-05-17
03-04-03,2,서울특별시 도봉구 노해로 218-7,서울특별시 도봉구 쌍문제3동 138-39,127.032431,37.650415,2008-03-18,한전주,02-2091-4083,서울특별시 도봉구청,2017-05-17
14-08-03,1,서울특별시 도봉구 도봉로177길 56,서울특별시 도봉구 도봉제1동 566-32,127.043866,37.683066,2008-01-01,한전주,02-2091-4083,서울특별시 도봉구청,2017-05-17
14-10-14,1,서울특별시 도봉구 도봉제1동 578-9,서울특별시 도봉구 도봉제1동 578-9,127.042852,37.681968,2008-01-01,한전주,02-2091-4083,서울특별시 도봉구청,2017-05-17
14-16-14,1,서울특별시 도봉구 도봉제1동 586-4,서울특별시 도봉구 도봉제1동 586-4,127.041856,37.680119,2008-01-01,한전주,02-2091-4083,서울특별시 도봉구청,2017-05-17
14-25-14,1,서울특별시 도봉구 시루봉로23가길 28,서울특별시 도봉구 도봉제1동 607-1,127.039752,37.672784,2007-09-08,한전주,02-2091-4083,서울특별시 도봉구청,2017-05-17
14-11-14,1,서울특별시 도봉구 도봉로177길 36,서울특별시 도봉구 도봉제1동 564-13,127.044446,37.68227,2008-01-01,한전주,02-2091-4083,서울특별시 도봉구청,2017-05-17
14-01-14,1,서울특별시 도봉구 도봉제1동 349,서울특별시 도봉구 도봉제1동 349,127.041131,37.690338,2007-09-14,한전주,02-2091-4083,서울특별시 도봉구청,2017-05-17
14-07-14,1,서울특별시 도봉구 도봉제1동 568-10,서울특별시 도봉구 도봉제1동 568-10,127.044919,37.684745,2008-01-01,벽부등,02-2091-4083,서울특별시 도봉구청,2017-05-17
14-18-14,1,서울특별시 도봉구 도봉로173가길 22,서울특별시 도봉구 도봉제1동 424,127.039835,37.680028,2007-07-06,한전주,02-2091-4083,서울특별시 도봉구청,2017-05-17
14-15-14,1,서울특별시 도봉구 도봉로167길 72,서울특별시 도봉구 도봉제1동 593-4,127.04094,37.678176,2008-01-01,한전주,02-2091-4083,서울특별시 도봉구청,2017-05-17
14-28-14,1,서울특별시 도봉구 도봉제1동 610-13,서울특별시 도봉구 도봉제1동 610-13,127.039688,37.670118,2008-01-01,벽부등,02-2091-4083,서울특별시 도봉구청,2017-05-17
14-27-14,1,서울특별시 도봉구 도봉제1동 619-26,서울특별시 도봉구 도봉제1동 619-26,127.042686,37.670295,2008-01-01,벽부등,02-2091-4083,서울특별시 도봉구청,2017-05-17
14-22-14,1,서울특별시 도봉구 도봉제1동 599-48,서울특별시 도봉구 도봉제1동 599-48,127.043532,37.675581,2008-01-01,한전주,02-2091-4083,서울특별시 도봉구청,2017-05-17
14-21-14,2,서울특별시 도봉구 도봉제1동 601-46,서울특별시 도봉구 도봉제1동 601-46,127.04407,37.674825,2006-10-17,한전주,02-2091-4083,서울특별시 도봉구청,2017-05-17
14-02-14,1,서울특별시 도봉구 도봉동 산60,서울특별시 도봉구 도봉제1동 산60,127.034141,37.685477,2008-01-01,한전주,02-2091-4083,서울특별시 도봉구청,2017-05-17
14-06-14,1,서울특별시 도봉구 도봉제1동 569,서울특별시 도봉구 도봉제1동 569,127.043801,37.685398,2008-01-01,한전주,02-2091-4083,서울특별시 도봉구청,2017-05-17
14-23-14,1,서울특별시 도봉구 도봉로157길 41,서울특별시 도봉구 도봉제1동 605-6,127.041702,37.673531,2008-01-01,한전주,02-2091-4083,서울특별시 도봉구청,2017-05-17
14-19-14,1,서울특별시 도봉구 도봉로169길 346-9,서울특별시 도봉구 도봉제1동 534,127.027432,37.676671,2008-01-01,한전주,02-2091-4083,서울특별시 도봉구청,2017-05-17
14-05-14,1,서울특별시 도봉구 도봉산3길 21,서울특별시 도봉구 도봉제1동 558,127.043988,37.686459,2008-01-01,한전주,02-2091-4083,서울특별시 도봉구청,2017-05-17
14-26-14,1,서울특별시 도봉구 도봉제1동 614-17,서울특별시 도봉구 도봉제1동 614-17,127.041974,37.672327,2008-01-01,벽부등,02-2091-4083,서울특별시 도봉구청,2017-05-17
14-08-14,1,서울특별시 도봉구 도봉제1동 565-31,서울특별시 도봉구 도봉제1동 565-31,127.04466,37.682694,2006-10-09,벽부등,02-2091-4083,서울특별시 도봉구청,2017-05-17
14-17-14,2,서울특별시 도봉구 도봉로171길 50,서울특별시 도봉구 도봉제1동 588-7,127.041252,37.67882,2008-01-01,한전주,02-2091-4083,서울특별시 도봉구청,2017-05-17
14-09-14,1,서울특별시 도봉구 도봉제1동 573-5,서울특별시 도봉구 도봉제1동 573-5,127.041415,37.685159,2006-05-16,한전주,02-2091-4083,서울특별시 도봉구청,2017-05-17
14-12-14,1,서울특별시 도봉구 도봉로177길7-6,서울특별시 도봉구 도봉제1동 582-22,127.045062,37.680882,2013-10-18,한전주,02-2091-4083,서울특별시 도봉구청,2017-05-17
14-24-14,1,서울특별시 도봉구 도봉로159길 10,서울특별시 도봉구 도봉제1동 613-37,127.043867,37.674359,2008-01-01,한전주,02-2091-4083,서울특별시 도봉구청,2017-05-17
14-06-15,1,서울특별시 도봉구 도봉로185길 20,서울특별시 도봉구 도봉제1동 570-23,127.044055,37.685468,2007-08-30,벽부등,02-2091-4083,서울특별시 도봉구청,2017-05-17
14-11-15,1,서울특별시 도봉구 도봉로177길 30,서울특별시 도봉구 도봉제1동 564-16,127.04459,37.682031,2008-02-12,한전주,02-2091-4083,서울특별시 도봉구청,2017-05-17
14-10-15,1,서울특별시 도봉구 도봉제1동 579-15,서울특별시 도봉구 도봉제1동 579-15,127.042904,37.682172,2007-05-28,한전주,02-2091-4083,서울특별시 도봉구청,2017-05-17
14-26-15,1,서울특별시 도봉구 도봉제1동 614-14,서울특별시 도봉구 도봉제1동 614-14,127.041697,37.672253,2007-08-21,벽부등,02-2091-4083,서울특별시 도봉구청,2017-05-17
14-28-15,2,서울특별시 도봉구 도당로19길 78,서울특별시 도봉구 도봉제1동 609-21,127.039739,37.670478,2008-01-01,한전주,02-2091-4083,서울특별시 도봉구청,2017-05-17
14-17-15,2,서울특별시 도봉구 도봉로171길 30,서울특별시 도봉구 도봉제1동 587-29,127.042329,37.679315,2008-01-01,한전주,02-2091-4083,서울특별시 도봉구청,2017-05-17
14-04-15,1,서울특별시 도봉구 도봉제1동 556-41,서울특별시 도봉구 도봉제1동 556-41,127.043439,37.686999,2008-01-01,한전주,02-2091-4083,서울특별시 도봉구청,2017-05-17
14-19-15,1,서울특별시 도봉구 도봉제1동 533,서울특별시 도봉구 도봉제1동 533,127.02791,37.676888,2008-01-01,한전주,02-2091-4083,서울특별시 도봉구청,2017-05-17
14-02-15,1,서울특별시 도봉구 도봉제1동 산61,서울특별시 도봉구 도봉제1동 산61,127.034799,37.685633,2008-01-01,한전주,02-2091-4083,서울특별시 도봉구청,2017-05-17
14-16-15,1,서울특별시 도봉구 도봉제1동 586-27,서울특별시 도봉구 도봉제1동 586-27,127.041404,37.680153,2008-01-01,벽부등,02-2091-4083,서울특별시 도봉구청,2017-05-17
14-21-15,1,서울특별시 도봉구 도봉로791-6,서울특별시 도봉구 도봉제1동 601-48,127.044117,37.675107,2014-08-26,한전주,02-2091-4083,서울특별시 도봉구청,2017-05-17
11-05-12,1,서울특별시 도봉구 우이천로4다길 38,서울특별시 도봉구 창제3동 542-1,127.039028,37.637414,2016-12-02,전용주,02-2091-4083,서울특별시 도봉구청,2017-05-17
11-02-12,1,서울특별시 도봉구 창제3동 557-29,서울특별시 도봉구 창제3동 557-29,127.038295,37.637743,2008-01-01,벽부등,02-2091-4083,서울특별시 도봉구청,2017-05-17
11-09-12,2,서울특별시 도봉구 덕릉로62길 98,서울특별시 도봉구 창제3동 462-18,127.042702,37.638014,2013-12-16,한전주,02-2091-4083,서울특별시 도봉구청,2017-05-17
11-06-12,1,서울특별시 도봉구 창제3동 537-13,서울특별시 도봉구 창제3동 537-13,127.039622,37.636544,2006-11-22,벽부등,02-2091-4083,서울특별시 도봉구청,2017-05-17
11-08-12,1,서울특별시 도봉구 창제3동 451-22,서울특별시 도봉구 창제3동 451-22,127.041929,37.639105,2008-01-01,벽부등,02-2091-4083,서울특별시 도봉구청,2017-05-17
11-12-12,1,서울특별시 도봉구 덕릉로60길92,서울특별시 도봉구 창제3동 470-11,127.04133,37.636177,2013-12-16,한전주,02-2091-4083,서울특별시 도봉구청,2017-05-17
11-01-12,1,서울특별시 도봉구 창제3동 552-79,서울특별시 도봉구 창제3동 552-79,127.038176,37.637032,2008-01-01,벽부등,02-2091-4083,서울특별시 도봉구청,2017-05-17
11-03-12,1,서울특별시 도봉구 창제3동 449-89,서울특별시 도봉구 창제3동 449-89,127.040459,37.639865,2008-01-01,벽부등,02-2091-4083,서울특별시 도봉구청,2017-05-17
11-07-12,1,서울특별시 도봉구 덕릉로60나길 10-3,서울특별시 도봉구 창제3동 448-45,127.040799,37.639673,2008-01-01,벽부등,02-2091-4083,서울특별시 도봉구청,2017-05-17
11-16-12,1,서울특별시 도봉구 우이천로8길36,서울특별시 도봉구 창제3동 529-15,127.040423,37.635348,2013-12-13,한전주,02-2091-4083,서울특별시 도봉구청,2017-05-17
11-11-12,1,서울특별시 도봉구 우이천로4다길47,서울특별시 도봉구 창제3동 535-2,127.040072,37.635889,2013-12-13,한전주,02-2091-4083,서울특별시 도봉구청,2017-05-17
11-10-12,1,서울특별시 도봉구 창제3동 538-8,서울특별시 도봉구 창제3동 538-8,127.040439,37.636996,2008-01-01,벽부등,02-2091-4083,서울특별시 도봉구청,2017-05-17
11-13-12,1,서울특별시 도봉구 덕릉로60길 131-14,서울특별시 도봉구 창제3동 474-89,127.043312,37.635068,2008-01-01,벽부등,02-2091-4083,서울특별시 도봉구청,2017-05-17
11-14-12,1,서울특별시 도봉구 창제3동 481-13,서울특별시 도봉구 창제3동 481-13,127.042228,37.633684,2007-12-04,한전주,02-2091-4083,서울특별시 도봉구청,2017-05-17
11-15-12,1,서울특별시 도봉구 창제3동 480-19,서울특별시 도봉구 창제3동 480-19,127.04143,37.634826,2006-12-27,벽부등,02-2091-4083,서울특별시 도봉구청,2017-05-17
11-17-12,1,서울특별시 도봉구 창제3동 524-7,서울특별시 도봉구 창제3동 524-7,127.039145,37.63435,2008-01-01,벽부등,02-2091-4083,서울특별시 도봉구청,2017-05-17
11-09-13,1,서울특별시 도봉구 덕릉로62길88,서울특별시 도봉구 창제3동 462-12,127.042679,37.638248,2013-12-16,한전주,02-2091-4083,서울특별시 도봉구청,2017-05-17
11-11-13,1,서울특별시 도봉구 창제3동 535-4,서울특별시 도봉구 창제3동 535-4,127.040064,37.635754,2006-03-23,벽부등,02-2091-4083,서울특별시 도봉구청,2017-05-17
11-12-13,1,서울특별시 도봉구 창제3동 471-3,서울특별시 도봉구 창제3동 471-3,127.041114,37.635951,2008-01-01,벽부등,02-2091-4083,서울특별시 도봉구청,2017-05-17
11-08-13,1,서울특별시 도봉구 창제3동 451-24,서울특별시 도봉구 창제3동 451-24,127.041722,37.638926,2007-05-17,벽부등,02-2091-4083,서울특별시 도봉구청,2017-05-17
11-05-13,1,서울특별시 도봉구 창제3동 562-29,서울특별시 도봉구 창제3동 562-29,127.039742,37.638545,2008-01-01,통신주,02-2091-4083,서울특별시 도봉구청,2017-05-17
11-16-13,1,서울특별시 도봉구 우이천로4다길27,서울특별시 도봉구 창제3동 478-9,127.040547,37.635141,2013-12-13,한전주,02-2091-4083,서울특별시 도봉구청,2017-05-17
11-01-13,1,서울특별시 도봉구 창제3동 552-3,서울특별시 도봉구 창제3동 552-3,127.038155,37.6368,2008-01-01,벽부등,02-2091-4083,서울특별시 도봉구청,2017-05-17
11-02-13,1,서울특별시 도봉구 창제3동 557-36,서울특별시 도봉구 창제3동 557-36,127.038457,37.637908,2007-10-31,한전주,02-2091-4083,서울특별시 도봉구청,2017-05-17
11-03-13,1,서울특별시 도봉구 창제3동 449-85,서울특별시 도봉구 창제3동 449-85,127.040577,37.640081,2006-12-22,벽부등,02-2091-4083,서울특별시 도봉구청,2017-05-17
11-06-13,1,서울특별시 도봉구 창제3동 536-12,서울특별시 도봉구 창제3동 536-12,127.039352,37.636452,2007-08-21,한전주,02-2091-4083,서울특별시 도봉구청,2017-05-17
11-10-13,1,서울특별시 도봉구 창제3동 538-6,서울특별시 도봉구 창제3동 538-6,127.04043,37.63717,2006-04-14,한전주,02-2091-4083,서울특별시 도봉구청,2017-05-17
11-07-13,2,서울특별시 도봉구 덕릉로60나길16,서울특별시 도봉구 창제3동 448-2,127.040913,37.639853,2013-10-16,한전주,02-2091-4083,서울특별시 도봉구청,2017-05-17
11-14-13,1,서울특별시 도봉구 창제3동 500-6,서울특별시 도봉구 창제3동 500-6,127.041876,37.633539,2007-12-04,한전주,02-2091-4083,서울특별시 도봉구청,2017-05-17
11-15-13,1,서울특별시 도봉구 창제3동 480-18,서울특별시 도봉구 창제3동 480-18,127.041272,37.63496,2008-01-01,한전주,02-2091-4083,서울특별시 도봉구청,2017-05-17
11-17-13,1,서울특별시 도봉구 우이천로8길 6,서울특별시 도봉구 창제3동 524-1,127.038961,37.634691,2013-12-17,한전주,02-2091-4083,서울특별시 도봉구청,2017-05-17
11-09-14,1,서울특별시 도봉구 창제3동 462-6,서울특별시 도봉구 창제3동 462-6,127.042113,37.638195,2008-01-01,통신주,02-2091-4083,서울특별시 도봉구청,2017-05-17
11-16-14,1,서울특별시 도봉구 우이천로4다길21,서울특별시 도봉구 창제3동 479-22,127.040695,37.634897,2013-12-13,한전주,02-2091-4083,서울특별시 도봉구청,2017-05-17
11-02-14,1,서울특별시 도봉구 창제3동 557-52,서울특별시 도봉구 창제3동 557-52,127.038647,37.63812,2007-10-31,한전주,02-2091-4083,서울특별시 도봉구청,2017-05-17
02-11-01,1,서울특별시 도봉구 쌍문제2동 646,서울특별시 도봉구 쌍문제2동 646,127.037443,37.656313,2006-02-16,한전주,02-2091-4083,서울특별시 도봉구청,2017-05-17
02-05-01,1,서울특별시 도봉구 쌍문제2동 36-7,서울특별시 도봉구 쌍문제2동 36-7,127.037868,37.65966,2008-01-01,벽부등,02-2091-4083,서울특별시 도봉구청,2017-05-17
02-06-01,2,서울특별시 도봉구 쌍문제2동 31-54,서울특별시 도봉구 쌍문제2동 31-54,127.038328,37.659117,2007-10-29,한전주,02-2091-4083,서울특별시 도봉구청,2017-05-17
02-08-01,1,서울특별시 도봉구 도봉로139길 11,서울특별시 도봉구 쌍문제2동 715,127.041141,37.660843,2008-01-01,한전주,02-2091-4083,서울특별시 도봉구청,2017-05-17
02-03-01,1,서울특별시 도봉구 도봉로135길 42,서울특별시 도봉구 쌍문제2동 713,127.039836,37.660161,2006-12-05,한전주,02-2091-4083,서울특별시 도봉구청,2017-05-17
02-04-01,1,서울특별시 도봉구 도당로2길 7,서울특별시 도봉구 쌍문제2동 13-2,127.035291,37.659406,2007-02-22,한전주,02-2091-4083,서울특별시 도봉구청,2017-05-17
02-18-01,1,서울특별시 도봉구 쌍문제2동 57-8,서울특별시 도봉구 쌍문제2동 57-8,127.037124,37.656514,2008-01-01,한전주,02-2091-4083,서울특별시 도봉구청,2017-05-17
02-02-01,1,서울특별시 도봉구 쌍문제2동 26-76,서울특별시 도봉구 쌍문제2동 26-76,127.037189,37.660573,2006-07-03,한전주,02-2091-4083,서울특별시 도봉구청,2017-05-17
02-01-01,2,서울특별시 도봉구 도봉로141길 9,서울특별시 도봉구 쌍문제2동 707-5,127.04148,37.661665,2013-12-03,한전주,02-2091-4083,서울특별시 도봉구청,2017-05-17
02-19-01,2,서울특별시 도봉구 쌍문제2동 삼익세라믹아파트,서울특별시 도봉구 쌍문제2동 삼익세라믹아파트,127.03453,37.65673,2014-07-10,한전주,02-2091-4083,서울특별시 도봉구청,2017-05-17
02-10-01,1,서울특별시 도봉구 쌍문제2동 25-69,서울특별시 도봉구 쌍문제2동 25-69,127.036354,37.659161,2008-01-01,벽부등,02-2091-4083,서울특별시 도봉구청,2017-05-17
02-11-02,1,서울특별시 도봉구 도봉로131길 8,서울특별시 도봉구 쌍문제2동 647,127.037703,37.65618,2008-01-01,한전주,02-2091-4083,서울특별시 도봉구청,2017-05-17
02-10-02,1,서울특별시 도봉구 방학로7길 80,서울특별시 도봉구 쌍문제2동 25-70,127.036493,37.659129,2007-04-30,한전주,02-2091-4083,서울특별시 도봉구청,2017-05-17
02-04-02,1,서울특별시 도봉구 도당로2길 13,서울특별시 도봉구 쌍문제2동 19-22,127.035755,37.659424,2007-08-24,한전주,02-2091-4083,서울특별시 도봉구청,2017-05-17
02-08-02,1,서울특별시 도봉구 도봉로139길 7,서울특별시 도봉구 쌍문제2동 715-8,127.040947,37.660783,2008-01-01,한전주,02-2091-4083,서울특별시 도봉구청,2017-05-17
02-17-02,2,서울특별시 도봉구 쌍문제2동 81-71,서울특별시 도봉구 쌍문제2동 81-71,127.034959,37.652802,2013-11-21,한전주,02-2091-4083,서울특별시 도봉구청,2017-05-17
02-12-02,1,서울특별시 도봉구 쌍문제2동 73,서울특별시 도봉구 쌍문제2동 73,127.035725,37.65457,2008-01-01,한전주,02-2091-4083,서울특별시 도봉구청,2017-05-17
02-07-02,2,서울특별시 도봉구 쌍문제2동 192-1,서울특별시 도봉구 쌍문제2동 192-1,127.034512,37.658834,2008-01-01,한전주,02-2091-4083,서울특별시 도봉구청,2017-05-17
02-05-02,1,서울특별시 도봉구 방학로5길 66,서울특별시 도봉구 쌍문제2동 36-6,127.037859,37.659815,2008-01-01,한전주,02-2091-4083,서울특별시 도봉구청,2017-05-17
02-06-02,1,서울특별시 도봉구 쌍문제2동 36-68,서울특별시 도봉구 쌍문제2동 36-68,127.038284,37.658853,2007-11-26,벽부등,02-2091-4083,서울특별시 도봉구청,2017-05-17
02-16-02,1,서울특별시 도봉구 도봉로121길 31,서울특별시 도봉구 쌍문제2동 79-7,127.03471,37.652369,2008-01-01,한전주,02-2091-4083,서울특별시 도봉구청,2017-05-17
02-18-02,1,서울특별시 도봉구 쌍문제2동 57-14,서울특별시 도봉구 쌍문제2동 57-14,127.037363,37.656405,2008-01-25,한전주,02-2091-4083,서울특별시 도봉구청,2017-05-17
02-14-02,1,서울특별시 도봉구 쌍문제2동 81-24,서울특별시 도봉구 쌍문제2동 81-24,127.035856,37.653425,2008-01-01,벽부등,02-2091-4083,서울특별시 도봉구청,2017-05-17
02-15-02,1,서울특별시 도봉구 쌍문제2동 81-84,서울특별시 도봉구 쌍문제2동 81-84,127.034544,37.653093,2008-01-01,한전주,02-2091-4083,서울특별시 도봉구청,2017-05-17
02-09-02,2,서울특별시 도봉구 해등로166,서울특별시 도봉구 쌍문제2동 619,127.038202,37.657369,2008-01-01,한전주,02-2091-4083,서울특별시 도봉구청,2017-05-17
02-03-02,1,서울특별시 도봉구 도봉로135길 40-3,서울특별시 도봉구 쌍문제2동 713,127.039859,37.66063,2006-12-08,한전주,02-2091-4083,서울특별시 도봉구청,2017-05-17
02-13-02,1,서울특별시 도봉구 쌍문제2동 81-210,서울특별시 도봉구 쌍문제2동 81-210,127.036845,37.652812,2008-01-01,한전주,02-2091-4083,서울특별시 도봉구청,2017-05-17
02-19-02,2,서울특별시 도봉구 쌍문제2동 삼익세라믹아파트,서울특별시 도봉구 쌍문제2동 삼익세라믹아파트,127.034927,37.65673,2008-01-01,한전주,02-2091-4083,서울특별시 도봉구청,2017-05-17
02-01-02,1,서울특별시 도봉구 쌍문제2동 708-5,서울특별시 도봉구 쌍문제2동 708-5,127.040834,37.661666,2008-01-01,한전주,02-2091-4083,서울특별시 도봉구청,2017-05-17
02-02-02,1,서울특별시 도봉구 도봉로139길 78,서울특별시 도봉구 쌍문제2동 10-2,127.037541,37.660584,2006-04-26,한전주,02-2091-4083,서울특별시 도봉구청,2017-05-17
02-12-03,1,서울특별시 도봉구 도봉로127길 42,서울특별시 도봉구 쌍문제2동 75-89,127.035288,37.65436,2007-04-13,한전주,02-2091-4083,서울특별시 도봉구청,2017-05-17
02-19-03,2,서울특별시 도봉구 쌍문제2동 60-18,서울특별시 도봉구 쌍문제2동 60-18,127.035403,37.656757,2014-07-10,한전주,02-2091-4083,서울특별시 도봉구청,2017-05-17
02-09-03,2,서울특별시 도봉구 해등로166,서울특별시 도봉구 쌍문제2동 619,127.038282,37.657522,2017-02-01,한전주,02-2091-4083,서울특별시 도봉구청,2017-05-17
02-17-03,1,서울특별시 도봉구 쌍문제2동 81-60,서울특별시 도봉구 쌍문제2동 81-60,127.035618,37.652894,2008-03-11,한전주,02-2091-4083,서울특별시 도봉구청,2017-05-17
14-11-03,1,서울특별시 도봉구 도봉로169가길 52,서울특별시 도봉구 도봉제1동 580-4,127.043441,37.682198,2008-01-01,한전주,02-2091-4083,서울특별시 도봉구청,2017-05-17
14-26-03,1,서울특별시 도봉구 도봉제1동 613-7,서울특별시 도봉구 도봉제1동 613-7,127.041391,37.671677,2008-01-01,벽부등,02-2091-4083,서울특별시 도봉구청,2017-05-17
14-19-03,1,서울특별시 도봉구 도봉제1동 538,서울특별시 도봉구 도봉제1동 538,127.019017,37.674687,2008-01-01,통신주,02-2091-4083,서울특별시 도봉구청,2017-05-17
14-07-03,2,서울특별시 도봉구 도봉로181가길 21,서울특별시 도봉구 도봉제1동 562-17,127.045021,37.682965,2007-08-25,한전주,02-2091-4083,서울특별시 도봉구청,2017-05-17
14-17-03,1,서울특별시 도봉구 도봉로177가길 9,서울특별시 도봉구 도봉제1동 588-9,127.040831,37.679106,2007-07-27,한전주,02-2091-4083,서울특별시 도봉구청,2017-05-17
14-15-03,1,서울특별시 도봉구 도봉로169나길38,서울특별시 도봉구 도봉제1동 593-37,127.042577,37.677955,2014-01-17,한전주,02-2091-4083,서울특별시 도봉구청,2017-05-17
14-10-03,1,서울특별시 도봉구 도봉제1동 577,서울특별시 도봉구 도봉제1동 577,127.042918,37.683267,2008-01-01,통신주,02-2091-4083,서울특별시 도봉구청,2017-05-17
14-05-03,1,서울특별시 도봉구 도봉산1길 21,서울특별시 도봉구 도봉제1동 559-15,127.045252,37.686267,2007-08-14,한전주,02-2091-4083,서울특별시 도봉구청,2017-05-17
14-24-03,1,서울특별시 도봉구 도봉로155길 17-11,서울특별시 도봉구 도봉제1동 618-14,127.042903,37.672522,2008-04-17,벽부등,02-2091-4083,서울특별시 도봉구청,2017-05-17
14-12-03,1,서울특별시 도봉구 도봉제1동 583-18,서울특별시 도봉구 도봉제1동 583-18,127.043586,37.680304,2008-01-01,벽부등,02-2091-4083,서울특별시 도봉구청,2017-05-17
14-28-03,2,서울특별시 도봉구 도당로27길 74,서울특별시 도봉구 도봉제1동 612-39,127.041038,37.670649,2008-01-01,한전주,02-2091-4083,서울특별시 도봉구청,2017-05-17
14-09-03,1,서울특별시 도봉구 도봉제1동 576-21,서울특별시 도봉구 도봉제1동 576-21,127.042834,37.683606,2007-07-03,한전주,02-2091-4083,서울특별시 도봉구청,2017-05-17
14-25-03,1,서울특별시 도봉구 시루봉로23가길 6,서울특별시 도봉구 도봉제1동 607-24,127.039649,37.671946,2006-08-02,한전주,02-2091-4083,서울특별시 도봉구청,2017-05-17
14-23-03,1,서울특별시 도봉구 도봉제1동 605-26,서울특별시 도봉구 도봉제1동 605-26,127.042477,37.673082,2008-04-17,벽부등,02-2091-4083,서울특별시 도봉구청,2017-05-17
14-08-04,1,서울특별시 도봉구 도봉산3길 85,서울특별시 도봉구 도봉제1동 567-7,127.043538,37.683127,2008-01-01,한전주,02-2091-4083,서울특별시 도봉구청,2017-05-17
14-11-04,1,서울특별시 도봉구 도봉제1동 580-2,서울특별시 도봉구 도봉제1동 580-2,127.043456,37.682571,2008-01-01,한전주,02-2091-4083,서울특별시 도봉구청,2017-05-17
14-01-04,2,서울특별시 도봉구 도봉로191길9,서울특별시 도봉구 도봉제1동 352-9,127.041462,37.690893,2013-10-07,한전주,02-2091-4083,서울특별시 도봉구청,2017-05-17
14-16-04,1,서울특별시 도봉구 도봉제1동 584-4,서울특별시 도봉구 도봉제1동 584-4,127.042718,37.68001,2008-01-01,한전주,02-2091-4083,서울특별시 도봉구청,2017-05-17
14-12-04,1,서울특별시 도봉구 도봉로169가길 10-9,서울특별시 도봉구 도봉제1동 583-28,127.043848,37.680468,2008-01-01,한전주,02-2091-4083,서울특별시 도봉구청,2017-05-17
14-07-04,2,서울특별시 도봉구 도봉로181가길 29,서울특별시 도봉구 도봉제1동 562-23,127.045153,37.682684,2008-01-01,한전주,02-2091-4083,서울특별시 도봉구청,2017-05-17
14-02-04,1,서울특별시 도봉구 도봉제1동 산6-6,서울특별시 도봉구 도봉제1동 산6-6,127.029556,37.686275,2008-01-01,한전주,02-2091-4083,서울특별시 도봉구청,2017-05-17
14-25-04,1,서울특별시 도봉구 도봉제1동 607-23,서울특별시 도봉구 도봉제1동 607-23,127.03924,37.672169,2008-01-01,한전주,02-2091-4083,서울특별시 도봉구청,2017-05-17
14-06-04,2,서울특별시 도봉구 도봉산1길 39,서울특별시 도봉구 도봉제1동 560-2,127.045146,37.685492,2008-01-01,한전주,02-2091-4083,서울특별시 도봉구청,2017-05-17
14-03-04,1,서울특별시 도봉구 도봉산길 41-8,서울특별시 도봉구 도봉제1동 554-31,127.040982,37.686747,2006-08-25,한전주,02-2091-4083,서울특별시 도봉구청,2017-05-17
14-17-04,1,서울특별시 도봉구 도봉로173가길 2,서울특별시 도봉구 도봉제1동 588-8,127.040798,37.67928,2008-01-01,한전주,02-2091-4083,서울특별시 도봉구청,2017-05-17
14-21-04,1,서울특별시 도봉구 도봉제1동 601-35,서울특별시 도봉구 도봉제1동 601-35,127.043814,37.675104,2008-01-01,한전주,02-2091-4083,서울특별시 도봉구청,2017-05-17
14-28-04,1,서울특별시 도봉구 도당로19가길 29,서울특별시 도봉구 도봉제1동 612-38,127.041323,37.67064,2008-01-01,한전주,02-2091-4083,서울특별시 도봉구청,2017-05-17
14-27-04,1,서울특별시 도봉구 도봉제1동 617-3,서울특별시 도봉구 도봉제1동 617-3,127.04347,37.672398,2008-01-01,벽부등,02-2091-4083,서울특별시 도봉구청,2017-05-17
14-05-04,1,서울특별시 도봉구 도봉제1동 559-14,서울특별시 도봉구 도봉제1동 559-14,127.045499,37.686441,2006-06-05,벽부등,02-2091-4083,서울특별시 도봉구청,2017-05-17
14-18-04,1,서울특별시 도봉구 도봉제1동 427-118,서울특별시 도봉구 도봉제1동 427-118,127.040048,37.679029,2008-01-01,통신주,02-2091-4083,서울특별시 도봉구청,2017-05-17
14-26-04,1,서울특별시 도봉구 시루봉로27가길 20,서울특별시 도봉구 도봉제1동 614-36,127.041395,37.671901,2008-01-01,한전주,02-2091-4083,서울특별시 도봉구청,2017-05-17
14-22-04,1,서울특별시 도봉구 시루봉로23나길 6,서울특별시 도봉구 도봉제1동 606-8,127.040375,37.672748,2008-03-20,한전주,02-2091-4083,서울특별시 도봉구청,2017-05-17
14-10-04,1,서울특별시 도봉구 도봉제1동 198-1,서울특별시 도봉구 도봉제1동 198-1,127.042877,37.683294,2007-07-03,전용주,02-2091-4083,서울특별시 도봉구청,2017-05-17
14-09-04,1,서울특별시 도봉구 도봉로177길 86,서울특별시 도봉구 도봉제1동 576-31,127.042649,37.683766,2007-06-19,한전주,02-2091-4083,서울특별시 도봉구청,2017-05-17
14-18-15,1,서울특별시 도봉구 도봉제1동 427-14,서울특별시 도봉구 도봉제1동 427-14,127.039973,37.679702,2008-01-01,한전주,02-2091-4083,서울특별시 도봉구청,2017-05-17
14-01-15,2,서울특별시 도봉구 도봉로191길 88,서울특별시 도봉구 도봉제1동 349,127.041031,37.690001,2013-10-07,한전주,02-2091-4083,서울특별시 도봉구청,2017-05-17
14-05-15,1,서울특별시 도봉구 도봉제1동 558-10,서울특별시 도봉구 도봉제1동 558-10,127.044068,37.686432,2008-01-01,통신주,02-2091-4083,서울특별시 도봉구청,2017-05-17
14-24-15,1,서울특별시 도봉구 도봉제1동 603-30,서울특별시 도봉구 도봉제1동 603-30,127.043904,37.673898,2008-01-01,벽부등,02-2091-4083,서울특별시 도봉구청,2017-05-17
14-07-15,1,서울특별시 도봉구 도봉제1동 568-21,서울특별시 도봉구 도봉제1동 568-21,127.045004,37.684524,2006-10-26,한전주,02-2091-4083,서울특별시 도봉구청,2017-05-17
14-03-15,1,서울특별시 도봉구 도봉산길 86,서울특별시 도봉구 도봉제1동 산22-1,127.033411,37.687632,2015-11-24,한전주,02-2091-4083,서울특별시 도봉구청,2017-05-17
14-08-15,1,서울특별시 도봉구 도봉제1동 565-21,서울특별시 도봉구 도봉제1동 565-21,127.044545,37.682991,2008-01-01,한전주,02-2091-4083,서울특별시 도봉구청,2017-05-17
14-22-15,1,서울특별시 도봉구 도봉제1동 602-12,서울특별시 도봉구 도봉제1동 602-12,127.043442,37.674975,2008-02-11,한전주,02-2091-4083,서울특별시 도봉구청,2017-05-17
14-25-15,1,서울특별시 도봉구 도봉제1동 607-7,서울특별시 도봉구 도봉제1동 607-7,127.040096,37.672628,2007-09-08,한전주,02-2091-4083,서울특별시 도봉구청,2017-05-17
14-23-15,2,서울특별시 도봉구 도봉제1동 604-40,서울특별시 도봉구 도봉제1동 604-40,127.042619,37.673876,2006-04-24,한전주,02-2091-4083,서울특별시 도봉구청,2017-05-17
14-12-15,1,서울특별시 도봉구 도봉제1동 582-10,서울특별시 도봉구 도봉제1동 582-10,127.044586,37.681575,2008-01-01,한전주,02-2091-4083,서울특별시 도봉구청,2017-05-17
14-27-15,1,서울특별시 도봉구 도봉제1동 619-29,서울특별시 도봉구 도봉제1동 619-29,127.042883,37.670422,2008-01-01,벽부등,02-2091-4083,서울특별시 도봉구청,2017-05-17
14-09-15,1,서울특별시 도봉구 도봉제1동 573-18,서울특별시 도봉구 도봉제1동 573-18,127.041586,37.685359,2008-01-01,한전주,02-2091-4083,서울특별시 도봉구청,2017-05-17
14-15-15,1,서울특별시 도봉구 도봉로167길 72-1,서울특별시 도봉구 도봉제1동 산98-16,127.040639,37.678271,2008-01-01,전용주,02-2091-4083,서울특별시 도봉구청,2017-05-17
03-08-19,1,서울특별시 도봉구 쌍문제3동 120-24,서울특별시 도봉구 쌍문제3동 120-24,127.032081,37.649484,2008-01-01,한전주,02-2091-4083,서울특별시 도봉구청,2017-05-17
03-18-19,1,서울특별시 도봉구 쌍문제3동 96-4,서울특별시 도봉구 쌍문제3동 96-4,127.032976,37.647134,2008-01-01,벽부등,02-2091-4083,서울특별시 도봉구청,2017-05-17
03-06-19,1,서울특별시 도봉구 쌍문제3동 315-103,서울특별시 도봉구 쌍문제3동 315-103,127.027994,37.649056,2007-11-29,벽부등,02-2091-4083,서울특별시 도봉구청,2017-05-17
03-05-19,1,서울특별시 도봉구 노해로184-14,서울특별시 도봉구 쌍문제3동 315-65,127.029394,37.650276,2016-05-12,한전주,02-2091-4083,서울특별시 도봉구청,2017-05-17
03-10-19,1,서울특별시 도봉구 쌍문제3동 315-28,서울특별시 도봉구 쌍문제3동 315-28,127.030617,37.647129,2006-11-14,벽부등,02-2091-4083,서울특별시 도봉구청,2017-05-17
03-04-19,1,서울특별시 도봉구 쌍문제3동 139-47,서울특별시 도봉구 쌍문제3동 139-47,127.03104,37.649903,2008-01-01,통신주,02-2091-4083,서울특별시 도봉구청,2017-05-17
03-02-19,1,서울특별시 도봉구 쌍문제3동 143-18,서울특별시 도봉구 쌍문제3동 143-18,127.034438,37.650476,2007-01-22,한전주,02-2091-4083,서울특별시 도봉구청,2017-05-17
03-16-19,1,서울특별시 도봉구 쌍문제3동 103-162,서울특별시 도봉구 쌍문제3동 103-162,127.030425,37.644016,2006-02-24,한전주,02-2091-4083,서울특별시 도봉구청,2017-05-17
03-19-19,1,서울특별시 도봉구 쌍문제3동 94-27,서울특별시 도봉구 쌍문제3동 94-27,127.033439,37.648779,2008-01-01,한전주,02-2091-4083,서울특별시 도봉구청,2017-05-17
03-17-19,1,서울특별시 도봉구 쌍문제3동 103-222,서울특별시 도봉구 쌍문제3동 103-222,127.032276,37.645981,2006-07-30,한전주,02-2091-4083,서울특별시 도봉구청,2017-05-17
03-18-20,1,서울특별시 도봉구 쌍문제3동 96-47,서울특별시 도봉구 쌍문제3동 96-47,127.032973,37.647416,2008-01-01,한전주,02-2091-4083,서울특별시 도봉구청,2017-05-17
03-17-20,1,서울특별시 도봉구 쌍문제3동 103-216,서울특별시 도봉구 쌍문제3동 103-216,127.032092,37.645579,2008-01-01,벽부등,02-2091-4083,서울특별시 도봉구청,2017-05-17
03-19-20,1,서울특별시 도봉구 쌍문제3동 94-38,서울특별시 도봉구 쌍문제3동 94-38,127.033332,37.648729,2008-01-01,벽부등,02-2091-4083,서울특별시 도봉구청,2017-05-17
03-09-20,1,서울특별시 도봉구 쌍문제3동 98-11,서울특별시 도봉구 쌍문제3동 98-11,127.032478,37.64841,2007-05-21,벽부등,02-2091-4083,서울특별시 도봉구청,2017-05-17
03-01-20,1,서울특별시 도봉구 쌍문제3동 88-67,서울특별시 도봉구 쌍문제3동 88-67,127.034675,37.64973,2006-12-11,벽부등,02-2091-4083,서울특별시 도봉구청,2017-05-17
03-16-20,1,서울특별시 도봉구 쌍문제3동 103-250,서울특별시 도봉구 쌍문제3동 103-250,127.029992,37.644238,2008-01-01,벽부등,02-2091-4083,서울특별시 도봉구청,2017-05-17
03-02-20,1,서울특별시 도봉구 쌍문제3동 141-31,서울특별시 도봉구 쌍문제3동 141-31,127.034237,37.650365,2008-01-01,벽부등,02-2091-4083,서울특별시 도봉구청,2017-05-17
03-04-20,1,서울특별시 도봉구 쌍문제3동 139-83,서울특별시 도봉구 쌍문제3동 139-83,127.030925,37.650083,2008-01-01,벽부등,02-2091-4083,서울특별시 도봉구청,2017-05-17
03-06-20,1,서울특별시 도봉구 쌍문제3동 329-1,서울특별시 도봉구 쌍문제3동 329-1,127.027799,37.649037,2007-11-29,벽부등,02-2091-4083,서울특별시 도봉구청,2017-05-17
03-03-20,1,서울특별시 도봉구 쌍문제3동 138-133,서울특별시 도봉구 쌍문제3동 138-133,127.032093,37.649722,2007-10-09,한전주,02-2091-4083,서울특별시 도봉구청,2017-05-17
10-17-02,1,서울특별시 도봉구 창제2동 582-75,서울특별시 도봉구 창제2동 582-75,127.037186,37.64098,2008-01-01,한전주,02-2091-4083,서울특별시 도봉구청,2017-05-17
10-22-02,1,서울특별시 도봉구 창제2동 635-21,서울특별시 도봉구 창제2동 635-21,127.034316,37.641819,2007-08-06,한전주,02-2091-4083,서울특별시 도봉구청,2017-05-17
10-16-02,1,서울특별시 도봉구 창제2동 601-70,서울특별시 도봉구 창제2동 601-70,127.038238,37.641024,2008-01-01,벽부등,02-2091-4083,서울특별시 도봉구청,2017-05-17
10-21-02,1,서울특별시 도봉구 덕릉로53길 76,서울특별시 도봉구 창제2동 632-26,127.034656,37.640331,2008-01-01,한전주,02-2091-4083,서울특별시 도봉구청,2017-05-17
10-02-02,1,서울특별시 도봉구 창제2동 585-41,서울특별시 도봉구 창제2동 585-41,127.036405,37.639508,2008-01-01,한전주,02-2091-4083,서울특별시 도봉구청,2017-05-17
10-23-03,1,서울특별시 도봉구 창제2동 630-26,서울특별시 도봉구 창제2동 630-26,127.036092,37.642845,2008-01-01,한전주,02-2091-4083,서울특별시 도봉구청,2017-05-17
10-21-03,1,서울특별시 도봉구 창제2동 632-35,서울특별시 도봉구 창제2동 632-35,127.034881,37.640176,2008-01-01,한전주,02-2091-4083,서울특별시 도봉구청,2017-05-17
10-24-03,2,서울특별시 도봉구 도봉로110마길 50,서울특별시 도봉구 창제2동 623-53,127.036541,37.644035,2008-01-01,한전주,02-2091-4083,서울특별시 도봉구청,2017-05-17
14-18-82,1,서울특별시 도봉구 도봉제1동 431-5,서울특별시 도봉구 도봉제1동 431-5,127.03577,37.67983,2008-01-01,벽부등,02-2091-4083,서울특별시 도봉구청,2017-05-17
14-02-83,2,서울특별시 도봉구 도봉산4나길 43,서울특별시 도봉구 도봉제1동 288-1,127.044987,37.688739,2007-07-26,한전주,02-2091-4083,서울특별시 도봉구청,2017-05-17
14-18-84,1,서울특별시 도봉구 도봉제1동 431-12,서울특별시 도봉구 도봉제1동 431-12,127.036524,37.679371,2008-01-01,한전주,02-2091-4083,서울특별시 도봉구청,2017-05-17
14-19-84,1,서울특별시 도봉구 도봉제1동 470-7,서울특별시 도봉구 도봉제1동 470-7,127.039065,37.678554,2008-01-01,통신주,02-2091-4083,서울특별시 도봉구청,2017-05-17
14-18-85,1,서울특별시 도봉구 도봉제1동 591-1,서울특별시 도봉구 도봉제1동 591-1,127.040128,37.679546,2008-01-01,벽부등,02-2091-4083,서울특별시 도봉구청,2017-05-17
14-02-85,1,서울특별시 도봉구 도봉제1동 554-14,서울특별시 도봉구 도봉제1동 554-14,127.040323,37.686825,2007-11-30,벽부등,02-2091-4083,서울특별시 도봉구청,2017-05-17
14-18-86,1,서울특별시 도봉구 도봉로173길 22,서울특별시 도봉구 도봉제1동 429-21,127.038871,37.678992,2012-07-23,벽부등,02-2091-4083,서울특별시 도봉구청,2017-05-17
14-02-88,1,서울특별시 도봉구 도봉산4가길 10,서울특별시 도봉구 도봉제1동 286-28,127.041449,37.688325,2008-01-01,한전주,02-2091-4083,서울특별시 도봉구청,2017-05-17
14-18-88,1,서울특별시 도봉구 도봉로173길,서울특별시 도봉구 도봉제1동 435-33,127.036405,37.678388,2012-10-05,한전주,02-2091-4083,서울특별시 도봉구청,2017-05-17
14-02-89,1,서울특별시 도봉구 도봉제1동 287-14,서울특별시 도봉구 도봉제1동 287-14,127.041974,37.688766,2008-01-01,벽부등,02-2091-4083,서울특별시 도봉구청,2017-05-17
14-18-89,1,서울특별시 도봉구 도봉로173나길1,서울특별시 도봉구 도봉제1동 427-70,127.039503,37.679082,2013-07-09,한전주,02-2091-4083,서울특별시 도봉구청,2017-05-17
14-02-90,1,서울특별시 도봉구 도봉제1동 554-23,서울특별시 도봉구 도봉제1동 554-23,127.040001,37.686668,2006-03-09,벽부등,02-2091-4083,서울특별시 도봉구청,2017-05-17
14-18-90,1,서울특별시 도봉구 도봉로로173다길32-24,서울특별시 도봉구 도봉제1동 431-5,127.036135,37.679727,2014-03-06,전용주,02-2091-4083,서울특별시 도봉구청,2017-05-17
14-02-91,1,서울특별시 도봉구 도봉제1동 554-10,서울특별시 도봉구 도봉제1동 554-10,127.040351,37.686722,2008-01-01,전용주,02-2091-4083,서울특별시 도봉구청,2017-05-17
14-18-91,1,서울특별시 도봉구 도봉로173다길 18-54,서울특별시 도봉구 도봉제1동 산66-10,127.036706,37.680443,2014-05-19,전용주,02-2091-4083,서울특별시 도봉구청,2017-05-17
14-02-92,1,서울특별시 도봉구 도봉산길 89,서울특별시 도봉구 도봉제1동 산62-2,127.030553,37.686202,2008-01-01,한전주,02-2091-4083,서울특별시 도봉구청,2017-05-17
14-18-92,1,서울특별시 도봉구 도봉로173다길 32-9,서울특별시 도봉구 도봉제1동 431-10,127.036131,37.679208,2014-12-30,전용주,02-2091-4083,서울특별시 도봉구청,2017-05-17
14-19-93,1,서울특별시 도봉구 도봉제1동 438-1,서울특별시 도봉구 도봉제1동 438-1,127.03882,37.678525,2008-01-01,한전주,02-2091-4083,서울특별시 도봉구청,2017-05-17
14-02-93,1,서울특별시 도봉구 도봉제1동 산63,서울특별시 도봉구 도봉제1동 산63,127.031349,37.6861,2008-01-01,한전주,02-2091-4083,서울특별시 도봉구청,2017-05-17
14-19-94,1,서울특별시 도봉구 도봉제1동 438,서울특별시 도봉구 도봉제1동 438,127.038878,37.678326,2008-01-01,한전주,02-2091-4083,서울특별시 도봉구청,2017-05-17
14-02-94,1,서울특별시 도봉구 도봉산4가길 18,서울특별시 도봉구 도봉제1동 산62-1,127.048089,37.682286,2008-01-01,벽부등,02-2091-4083,서울특별시 도봉구청,2017-05-17
14-19-95,1,서울특별시 도봉구 도봉제1동 산97-4,서울특별시 도봉구 도봉제1동 산97-4,127.038995,37.678136,2006-08-31,한전주,02-2091-4083,서울특별시 도봉구청,2017-05-17
14-02-96,1,서울특별시 도봉구 도봉제1동 282-307,서울특별시 도봉구 도봉제1동 282-307,127.041717,37.687883,2008-01-01,벽부등,02-2091-4083,서울특별시 도봉구청,2017-05-17
14-19-96,1,서울특별시 도봉구 도봉로169길 126-3,서울특별시 도봉구 도봉제1동 438,127.04001,37.678585,2008-01-01,한전주,02-2091-4083,서울특별시 도봉구청,2017-05-17
14-02-97,1,서울특별시 도봉구 도봉제1동 282-316,서울특별시 도봉구 도봉제1동 282-316,127.041904,37.688221,2008-01-01,벽부등,02-2091-4083,서울특별시 도봉구청,2017-05-17
14-19-98,1,서울특별시 도봉구 도봉제1동 산77-5,서울특별시 도봉구 도봉제1동 산77-5,127.032746,37.678832,2071015,한전주,02-2091-4083,서울특별시 도봉구청,2017-05-17
15-28-25,1,서울특별시 도봉구 도봉로156길 6,서울특별시 도봉구 도봉제2동 623,127.044524,37.672692,2008-01-01,벽부등,02-2091-4083,서울특별시 도봉구청,2017-05-17
15-10-25,1,서울특별시 도봉구 도봉제2동 95-78,서울특별시 도봉구 도봉제2동 95-78,127.047651,37.673506,2007-03-19,한전주,02-2091-4083,서울특별시 도봉구청,2017-05-17
15-29-26,1,서울특별시 도봉구 도봉로154길 18-10,서울특별시 도봉구 도봉제2동 622-37,127.045182,37.67083,2007-10-26,한전주,02-2091-4083,서울특별시 도봉구청,2017-05-17
15-10-26,1,서울특별시 도봉구 도봉제2동 95-78,서울특별시 도봉구 도봉제2동 95-78,127.047563,37.673607,2008-01-01,벽부등,02-2091-4083,서울특별시 도봉구청,2017-05-17
15-06-26,1,서울특별시 도봉구 도봉제2동 625-1,서울특별시 도봉구 도봉제2동 625-1,127.04585,37.675695,2008-01-01,벽부등,02-2091-4083,서울특별시 도봉구청,2017-05-17
15-03-26,1,서울특별시 도봉구 도봉제2동 89-11,서울특별시 도봉구 도봉제2동 89-11,127.045724,37.679425,2008-01-01,한전주,02-2091-4083,서울특별시 도봉구청,2017-05-17
15-27-26,1,서울특별시 도봉구 도봉제2동 625-122,서울특별시 도봉구 도봉제2동 625-122,127.046022,37.674522,2008-01-01,한전주,02-2091-4083,서울특별시 도봉구청,2017-05-17
15-29-27,1,서울특별시 도봉구 도봉로154길 18,서울특별시 도봉구 도봉제2동 622-34,127.045224,37.671146,2008-01-01,한전주,02-2091-4083,서울특별시 도봉구청,2017-05-17
15-10-27,1,서울특별시 도봉구 도봉제2동 95-30,서울특별시 도봉구 도봉제2동 95-30,127.047794,37.673676,2007-03-19,한전주,02-2091-4083,서울특별시 도봉구청,2017-05-17
15-06-27,1,서울특별시 도봉구 도봉제2동 625-47,서울특별시 도봉구 도봉제2동 625-47,127.046557,37.674933,2008-01-01,벽부등,02-2091-4083,서울특별시 도봉구청,2017-05-17
15-27-27,1,서울특별시 도봉구 도봉제2동 625-126,서울특별시 도봉구 도봉제2동 625-126,127.045521,37.674441,2008-01-01,벽부등,02-2091-4083,서울특별시 도봉구청,2017-05-17
15-06-28,1,서울특별시 도봉구 도봉제2동 625-38,서울특별시 도봉구 도봉제2동 625-38,127.046822,37.675071,2008-01-01,벽부등,02-2091-4083,서울특별시 도봉구청,2017-05-17
15-03-28,1,서울특별시 도봉구 도봉로152가길 224,서울특별시 도봉구 도봉제2동 637-126,127.045718,37.679701,2008-02-20,벽부등,02-2091-4083,서울특별시 도봉구청,2017-05-17
15-27-28,1,서울특별시 도봉구 도봉제2동 625-139,서울특별시 도봉구 도봉제2동 625-139,127.045122,37.67438,2006-02-14,벽부등,02-2091-4083,서울특별시 도봉구청,2017-05-17
15-10-28,1,서울특별시 도봉구 도봉제2동 95-9,서울특별시 도봉구 도봉제2동 95-9,127.047923,37.673842,2007-03-19,한전주,02-2091-4083,서울특별시 도봉구청,2017-05-17
15-29-29,1,서울특별시 도봉구 도봉제2동 622-1,서울특별시 도봉구 도봉제2동 622-1,127.044347,37.671063,2008-01-01,벽부등,02-2091-4083,서울특별시 도봉구청,2017-05-17
15-27-29,1,서울특별시 도봉구 도봉제2동 624-14,서울특별시 도봉구 도봉제2동 624-14,127.044788,37.673039,2008-01-01,벽부등,02-2091-4083,서울특별시 도봉구청,2017-05-17
15-06-29,1,서울특별시 도봉구 도봉제2동 625-20,서울특별시 도봉구 도봉제2동 625-20,127.046783,37.674839,2008-01-01,한전주,02-2091-4083,서울특별시 도봉구청,2017-05-17
15-03-29,1,서울특별시 도봉구 도봉로152가길 224,서울특별시 도봉구 도봉제2동 92-47,127.045741,37.679873,2008-02-20,벽부등,02-2091-4083,서울특별시 도봉구청,2017-05-17
15-10-29,2,서울특별시 도봉구 도봉제2동 95-14,서울특별시 도봉구 도봉제2동 95-14,127.047712,37.674254,2008-01-01,한전주,02-2091-4083,서울특별시 도봉구청,2017-05-17
15-29-30,1,서울특별시 도봉구 도봉로154길 6-10,서울특별시 도봉구 도봉제2동 622-3,127.04433,37.670872,2008-01-01,벽부등,02-2091-4083,서울특별시 도봉구청,2017-05-17
15-10-30,1,서울특별시 도봉구 도봉제2동 633-13,서울특별시 도봉구 도봉제2동 633-13,127.047592,37.674033,2008-01-01,벽부등,02-2091-4083,서울특별시 도봉구청,2017-05-17
10-01-13,1,서울특별시 도봉구 덕릉로53길 23,서울특별시 도봉구 창제2동 553-16,127.036199,37.638512,2008-01-01,한전주,02-2091-4083,서울특별시 도봉구청,2017-05-17
10-10-13,1,서울특별시 도봉구 창제2동 608-5,서울특별시 도봉구 창제2동 608-5,127.039126,37.644601,2008-01-01,한전주,02-2091-4083,서울특별시 도봉구청,2017-05-17
10-06-13,1,서울특별시 도봉구 창제2동 630-25,서울특별시 도봉구 창제2동 630-25,127.034758,37.642953,2008-01-01,한전주,02-2091-4083,서울특별시 도봉구청,2017-05-17
10-08-13,1,서울특별시 도봉구 창제2동 674-124,서울특별시 도봉구 창제2동 674-124,127.040317,37.645338,2007-09-20,한전주,02-2091-4083,서울특별시 도봉구청,2017-05-17
10-05-13,1,서울특별시 도봉구 창제2동 601-106,서울특별시 도봉구 창제2동 601-106,127.039513,37.640948,2006-04-18,벽부등,02-2091-4083,서울특별시 도봉구청,2017-05-17
10-13-14,1,서울특별시 도봉구 창제2동 607-16,서울특별시 도봉구 창제2동 607-16,127.039849,37.643591,2008-01-01,한전주,02-2091-4083,서울특별시 도봉구청,2017-05-17
10-05-14,1,서울특별시 도봉구 창제2동 601-23,서울특별시 도봉구 창제2동 601-23,127.039245,37.640582,2008-01-01,벽부등,02-2091-4083,서울특별시 도봉구청,2017-05-17
10-06-14,1,서울특별시 도봉구 창제2동 630-29,서울특별시 도봉구 창제2동 630-29,127.039738,37.642246,2008-01-01,한전주,02-2091-4083,서울특별시 도봉구청,2017-05-17
10-01-14,1,서울특별시 도봉구 창제2동 553-19,서울특별시 도봉구 창제2동 553-19,127.036166,37.638275,2008-01-01,한전주,02-2091-4083,서울특별시 도봉구청,2017-05-17
10-23-14,1,서울특별시 도봉구 창제2동 593-10,서울특별시 도봉구 창제2동 593-10,127.037801,37.643389,2006-06-01,한전주,02-2091-4083,서울특별시 도봉구청,2017-05-17
10-04-14,1,서울특별시 도봉구 창제2동 581-25,서울특별시 도봉구 창제2동 581-25,127.037587,37.640064,2008-01-01,한전주,02-2091-4083,서울특별시 도봉구청,2017-05-17
10-24-14,2,서울특별시 도봉구 창제2동 623-42,서울특별시 도봉구 창제2동 623-42,127.037183,37.643943,2006-10-17,한전주,02-2091-4083,서울특별시 도봉구청,2017-05-17
11-15-17,1,서울특별시 도봉구 창제3동 479-1,서울특별시 도봉구 창제3동 479-1,127.040817,37.63513,2008-01-01,벽부등,02-2091-4083,서울특별시 도봉구청,2017-05-17
11-16-18,1,서울특별시 도봉구 우이천로4다길31,서울특별시 도봉구 창제3동 501-20,127.041045,37.634276,2013-12-13,한전주,02-2091-4083,서울특별시 도봉구청,2017-05-17
11-06-18,1,서울특별시 도봉구 창제3동 554,서울특별시 도봉구 창제3동 554,127.038432,37.636637,2008-01-01,한전주,02-2091-4083,서울특별시 도봉구청,2017-05-17
11-05-18,1,서울특별시 도봉구 창제3동 559-5,서울특별시 도봉구 창제3동 559-5,127.039497,37.637974,2006-08-02,한전주,02-2091-4083,서울특별시 도봉구청,2017-05-17
11-01-18,1,서울특별시 도봉구 창제3동 552-60,서울특별시 도봉구 창제3동 552-60,127.037674,37.636813,2006-03-06,벽부등,02-2091-4083,서울특별시 도봉구청,2017-05-17
11-10-18,1,서울특별시 도봉구 덕릉로60길 68-8,서울특별시 도봉구 창제3동 455-12,127.040707,37.637051,2006-10-19,벽부등,02-2091-4083,서울특별시 도봉구청,2017-05-17
11-02-18,1,서울특별시 도봉구 창제3동 557-40,서울특별시 도봉구 창제3동 557-40,127.038949,37.637846,2006-10-19,한전주,02-2091-4083,서울특별시 도봉구청,2017-05-17
11-03-18,1,서울특별시 도봉구 창제3동 568-10,서울특별시 도봉구 창제3동 568-10,127.039949,37.640113,2008-01-01,벽부등,02-2091-4083,서울특별시 도봉구청,2017-05-17
11-07-18,1,서울특별시 도봉구 창제3동 448-14,서울특별시 도봉구 창제3동 448-14,127.041451,37.639877,2006-09-22,한전주,02-2091-4083,서울특별시 도봉구청,2017-05-17
11-09-18,1,서울특별시 도봉구 덕릉로60자길22,서울특별시 도봉구 창제3동 458-4,127.041557,37.638114,2013-12-17,한전주,02-2091-4083,서울특별시 도봉구청,2017-05-17
11-11-18,1,서울특별시 도봉구 창제3동 527-10,서울특별시 도봉구 창제3동 527-10,127.039549,37.635288,2007-01-15,벽부등,02-2091-4083,서울특별시 도봉구청,2017-05-17
11-13-18,1,서울특별시 도봉구 덕릉로60타길 5,서울특별시 도봉구 창제3동 492-43,127.043776,37.633815,2007-12-01,한전주,02-2091-4083,서울특별시 도봉구청,2017-05-17
11-14-18,1,서울특별시 도봉구 창제3동 484-32,서울특별시 도봉구 창제3동 484-32,127.041921,37.634041,2008-01-01,벽부등,02-2091-4083,서울특별시 도봉구청,2017-05-17
11-15-18,1,서울특별시 도봉구 창제3동 479-4,서울특별시 도봉구 창제3동 479-4,127.040901,37.635016,2006-10-19,한전주,02-2091-4083,서울특별시 도봉구청,2017-05-17
11-17-18,1,서울특별시 도봉구 창제3동 519-29,서울특별시 도봉구 창제3동 519-29,127.03943,37.634341,2008-01-01,벽부등,02-2091-4083,서울특별시 도봉구청,2017-05-17
11-16-19,1,서울특별시 도봉구 창제3동 501-18,서울특별시 도봉구 창제3동 501-18,127.040958,37.634225,2008-01-01,벽부등,02-2091-4083,서울특별시 도봉구청,2017-05-17
11-01-19,1,서울특별시 도봉구 창제3동 552-35,서울특별시 도봉구 창제3동 552-35,127.03759,37.637458,2006-09-08,벽부등,02-2091-4083,서울특별시 도봉구청,2017-05-17
11-10-19,1,서울특별시 도봉구 덕릉로60길74,서울특별시 도봉구 창제3동 456-1,127.040945,37.636961,2013-12-16,한전주,02-2091-4083,서울특별시 도봉구청,2017-05-17
11-06-19,2,서울특별시 도봉구 창제3동 547-5,서울특별시 도봉구 창제3동 547-5,127.038844,37.636526,2006-03-27,한전주,02-2091-4083,서울특별시 도봉구청,2017-05-17
11-09-19,1,서울특별시 도봉구 덕릉로60자길21,서울특별시 도봉구 창제3동 458-6,127.041376,37.637852,2013-12-17,한전주,02-2091-4083,서울특별시 도봉구청,2017-05-17
11-02-19,1,서울특별시 도봉구 창제3동 557-38,서울특별시 도봉구 창제3동 557-38,127.038793,37.637922,2007-11-01,한전주,02-2091-4083,서울특별시 도봉구청,2017-05-17
11-03-19,1,서울특별시 도봉구 덕릉로60길5,서울특별시 도봉구 창제3동 568-15,127.039859,37.63997,2013-12-16,한전주,02-2091-4083,서울특별시 도봉구청,2017-05-17
11-07-19,1,서울특별시 도봉구 창제3동 448-16,서울특별시 도봉구 창제3동 448-16,127.041129,37.640083,2006-04-28,한전주,02-2091-4083,서울특별시 도봉구청,2017-05-17
11-08-19,1,서울특별시 도봉구 창제3동 452-46,서울특별시 도봉구 창제3동 452-46,127.041053,37.638158,2007-12-01,한전주,02-2091-4083,서울특별시 도봉구청,2017-05-17
11-11-19,1,서울특별시 도봉구 창제3동 527-12,서울특별시 도봉구 창제3동 527-12,127.039428,37.635092,2008-02-01,벽부등,02-2091-4083,서울특별시 도봉구청,2017-05-17
11-13-19,1,서울특별시 도봉구 덕릉로60타길 6,서울특별시 도봉구 창제3동 495-3,127.043775,37.633536,2006-04-21,벽부등,02-2091-4083,서울특별시 도봉구청,2017-05-17
11-14-19,1,서울특별시 도봉구 우이천로4길 46-10,서울특별시 도봉구 창제3동 484-21,127.042121,37.633726,2008-01-01,한전주,02-2091-4083,서울특별시 도봉구청,2017-05-17
11-15-19,1,서울특별시 도봉구 창제3동 479-7,서울특별시 도봉구 창제3동 479-7,127.041091,37.634746,2008-01-01,벽부등,02-2091-4083,서울특별시 도봉구청,2017-05-17
11-17-19,2,서울특별시 도봉구 창제3동 519-27,서울특별시 도봉구 창제3동 519-27,127.039494,37.63406,2008-01-01,한전주,02-2091-4083,서울특별시 도봉구청,2017-05-17
11-16-20,1,서울특별시 도봉구 창제3동 502-21,서울특별시 도봉구 창제3동 502-21,127.040949,37.634077,2008-01-01,벽부등,02-2091-4083,서울특별시 도봉구청,2017-05-17
11-03-20,1,서울특별시 도봉구 덕릉로60길 8,서울특별시 도봉구 창제3동 569-11,127.039927,37.639799,2013-12-16,한전주,02-2091-4083,서울특별시 도봉구청,2017-05-17
11-07-20,1,서울특별시 도봉구 덕릉로62길30,서울특별시 도봉구 창제3동 448-8,127.041547,37.640078,2013-12-16,한전주,02-2091-4083,서울특별시 도봉구청,2017-05-17
11-06-20,1,서울특별시 도봉구 창제3동 546-7,서울특별시 도봉구 창제3동 546-7,127.039134,37.636531,2008-01-01,벽부등,02-2091-4083,서울특별시 도봉구청,2017-05-17
11-08-20,1,서울특별시 도봉구 창제3동 452-44,서울특별시 도봉구 창제3동 452-44,127.041321,37.638338,2008-01-01,한전주,02-2091-4083,서울특별시 도봉구청,2017-05-17
04-02-17,1,서울특별시 도봉구 쌍문제4동 137-107,서울특별시 도봉구 쌍문제4동 137-107,127.032113,37.651704,2008-01-01,한전주,02-2091-4083,서울특별시 도봉구청,2017-05-17
04-02-18,1,서울특별시 도봉구 쌍문제4동 137-45,서울특별시 도봉구 쌍문제4동 137-45,127.0326,37.651746,2008-01-25,한전주,02-2091-4083,서울특별시 도봉구청,2017-05-17
04-02-19,1,서울특별시 도봉구 쌍문제4동 137-34,서울특별시 도봉구 쌍문제4동 137-34,127.03266,37.651867,2008-01-01,벽부등,02-2091-4083,서울특별시 도봉구청,2017-05-17
04-06-20,2,서울특별시 도봉구 쌍문제4동 158-3,서울특별시 도봉구 쌍문제4동 158-3,127.034181,37.656668,2008-01-01,한전주,02-2091-4083,서울특별시 도봉구청,2017-05-17
04-02-20,1,서울특별시 도봉구 쌍문제4동 137-43,서울특별시 도봉구 쌍문제4동 137-43,127.032577,37.652114,2008-01-01,한전주,02-2091-4083,서울특별시 도봉구청,2017-05-17
04-02-21,1,서울특별시 도봉구 쌍문제4동 137-39,서울특별시 도봉구 쌍문제4동 137-39,127.032542,37.65244,2007-08-27,한전주,02-2091-4083,서울특별시 도봉구청,2017-05-17
04-02-22,1,서울특별시 도봉구 쌍문제4동 137-37,서울특별시 도봉구 쌍문제4동 137-37,127.032531,37.652567,2008-03-27,한전주,02-2091-4083,서울특별시 도봉구청,2017-05-17
04-02-23,1,서울특별시 도봉구 쌍문제4동 137-13,서울특별시 도봉구 쌍문제4동 137-13,127.032955,37.652342,2008-01-01,한전주,02-2091-4083,서울특별시 도봉구청,2017-05-17
04-02-24,1,서울특별시 도봉구 쌍문제4동 137-10,서울특별시 도봉구 쌍문제4동 137-10,127.032982,37.652069,2008-01-01,한전주,02-2091-4083,서울특별시 도봉구청,2017-05-17
04-02-25,1,서울특별시 도봉구 노해로 223-13,서울특별시 도봉구 쌍문제4동 137-15,127.032964,37.651775,2006-07-28,한전주,02-2091-4083,서울특별시 도봉구청,2017-05-17
04-02-26,1,서울특별시 도봉구 노해로209-18,서울특별시 도봉구 쌍문제4동 137-121,127.031451,37.65184,2013-02-05,통신주,02-2091-4083,서울특별시 도봉구청,2017-05-17
04-02-27,1,서울특별시 도봉구 노해로55길 10,서울특별시 도봉구 쌍문제4동 137-78,127.032247,37.651609,2016-05-16,한전주,02-2091-4083,서울특별시 도봉구청,2017-05-17
04-03-45,1,서울특별시 도봉구 쌍문제4동 137-191,서울특별시 도봉구 쌍문제4동 137-191,127.029563,37.651856,2008-01-01,전용주,02-2091-4083,서울특별시 도봉구청,2017-05-17
09-02-01,1,서울특별시 도봉구 창제1동 655-5,서울특별시 도봉구 창제1동 655-5,127.034727,37.646743,2008-01-01,한전주,02-2091-4083,서울특별시 도봉구청,2017-05-17
09-01-01,1,서울특별시 도봉구 도봉로 110길 11,서울특별시 도봉구 창제1동 655-26,127.034367,37.646387,2008-01-01,한전주,02-2091-4083,서울특별시 도봉구청,2017-05-17
09-03-01,1,서울특별시 도봉구 창제1동 657-142,서울특별시 도봉구 창제1동 657-142,127.035641,37.647078,2008-01-01,벽부등,02-2091-4083,서울특별시 도봉구청,2017-05-17
09-05-11-1,1,서울특별시 도봉구 도봉로110바길 11,서울특별시 도봉구 창제1동 651-33,127.037327,37.646942,2016-05-16,한전주,02-2091-4083,서울특별시 도봉구청,2017-05-17
09-04-01,1,서울특별시 도봉구 창제1동 667-62,서울특별시 도봉구 창제1동 667-62,127.037361,37.647404,2006-12-04,한전주,02-2091-4083,서울특별시 도봉구청,2017-05-17
09-29-01,1,서울특별시 도봉구 창제1동 산156-2,서울특별시 도봉구 창제1동 산156-2,127.045295,37.647167,2008-01-01,한전주,02-2091-4083,서울특별시 도봉구청,2017-05-17
09-07-01,1,서울특별시 도봉구 창제1동 662-102,서울특별시 도봉구 창제1동 662-102,127.037544,37.648957,2008-01-01,한전주,02-2091-4083,서울특별시 도봉구청,2017-05-17
09-28-01,1,서울특별시 도봉구 창제1동 372,서울특별시 도봉구 창제1동 372,127.047398,37.646761,2008-01-01,통신주,02-2091-4083,서울특별시 도봉구청,2017-05-17
09-08-01,1,서울특별시 도봉구 창제1동 658-48,서울특별시 도봉구 창제1동 658-48,127.035792,37.648156,2006-12-04,한전주,02-2091-4083,서울특별시 도봉구청,2017-05-17
09-09-01,1,서울특별시 도봉구 창제1동 663-37,서울특별시 도봉구 창제1동 663-37,127.036064,37.649067,2008-01-01,한전주,02-2091-4083,서울특별시 도봉구청,2017-05-17
09-10-01,1,서울특별시 도봉구 창제1동 661-33,서울특별시 도봉구 창제1동 661-33,127.035555,37.649159,2008-01-01,한전주,02-2091-4083,서울특별시 도봉구청,2017-05-17
09-25-01,1,서울특별시 도봉구 창제1동 369-1,서울특별시 도봉구 창제1동 369-1,127.046281,37.648598,2008-01-01,전용주,02-2091-4083,서울특별시 도봉구청,2017-05-17
09-12-01,1,서울특별시 도봉구 창제1동 366-1,서울특별시 도봉구 창제1동 366-1,127.045111,37.647261,2007-12-05,한전주,02-2091-4083,서울특별시 도봉구청,2017-05-17
09-06-01,2,서울특별시 도봉구 도봉로110나길 34,서울특별시 도봉구 창제1동 657-126,127.035149,37.647486,2008-01-01,한전주,02-2091-4083,서울특별시 도봉구청,2017-05-17
09-01-02,1,서울특별시 도봉구 창제1동 655-29,서울특별시 도봉구 창제1동 655-29,127.034523,37.646646,2008-01-01,한전주,02-2091-4083,서울특별시 도봉구청,2017-05-17
09-10-02,2,서울특별시 도봉구 도봉로 496,서울특별시 도봉구 창제1동 661-28,127.035785,37.649468,2007-05-22,한전주,02-2091-4083,서울특별시 도봉구청,2017-05-17
09-29-02,1,서울특별시 도봉구 창제1동 산156-2,서울특별시 도봉구 창제1동 산156-2,127.045447,37.647,2008-01-01,한전주,02-2091-4083,서울특별시 도봉구청,2017-05-17
09-04-02,1,서울특별시 도봉구 창제1동 667-58,서울특별시 도봉구 창제1동 667-58,127.037536,37.647407,2008-01-01,벽부등,02-2091-4083,서울특별시 도봉구청,2017-05-17
09-06-02,1,서울특별시 도봉구 도봉로116길 4-3,서울특별시 도봉구 창제1동 657-42,127.035739,37.647882,2008-01-01,한전주,02-2091-4083,서울특별시 도봉구청,2017-05-17
09-05-02,1,서울특별시 도봉구 도봉로110길 93-1,서울특별시 도봉구 창제1동 676-11,127.038559,37.646701,2007-12-01,한전주,02-2091-4083,서울특별시 도봉구청,2017-05-17
09-03-02,1,서울특별시 도봉구 창제1동 657-95,서울특별시 도봉구 창제1동 657-95,127.035615,37.647316,2008-01-01,벽부등,02-2091-4083,서울특별시 도봉구청,2017-05-17
14-02-98,1,서울특별시 도봉구 도봉산4나길43,서울특별시 도봉구 도봉제1동 297-1,127.04458,37.688703,2012-04-19,벽부등,02-2091-4083,서울특별시 도봉구청,2017-05-17
14-19-99,1,서울특별시 도봉구 도봉제1동 산77,서울특별시 도봉구 도봉제1동 산77,127.032557,37.679184,2008-01-01,전용주,02-2091-4083,서울특별시 도봉구청,2017-05-17
14-02-99,1,서울특별시 도봉구 도봉산4나길43,서울특별시 도봉구 도봉제1동 296번지,127.045235,37.688785,2012-07-20,한전주,02-2091-4083,서울특별시 도봉구청,2017-05-17
14-02-100,1,서울특별시 도봉구 도봉산4나길 19-6,서울특별시 도봉구 도봉제1동 290,127.043649,37.688507,2016-05-16,전용주,02-2091-4083,서울특별시 도봉구청,2017-05-17
14-19-100,1,서울특별시 도봉구 도봉로169길 483,서울특별시 도봉구 도봉제1동 544,127.018329,37.673862,2014-03-06,전용주,02-2091-4083,서울특별시 도봉구청,2017-05-17
14-19-101,1,서울특별시 도봉구 도봉로169길 483,서울특별시 도봉구 도봉제1동 544,127.018159,37.673961,2014-03-06,전용주,02-2091-4083,서울특별시 도봉구청,2017-05-17
14-19-102,1,서울특별시 도봉구 도봉로169길 139,서울특별시 도봉구 도봉제1동 441,127.040296,37.678422,2008-01-01,한전주,02-2091-4083,서울특별시 도봉구청,2017-05-17
14-19-103,1,서울특별시 도봉구 도봉로173길,서울특별시 도봉구 도봉제1동 98-5,127.040254,37.678352,2010-03-26,전용주,02-2091-4083,서울특별시 도봉구청,2017-05-17
14-19-107,1,서울특별시 도봉구 도봉로169길 126-3,서울특별시 도봉구 도봉제1동 470-7,127.039335,37.678325,2006-09-04,한전주,02-2091-4083,서울특별시 도봉구청,2017-05-17
14-19-108,1,서울특별시 도봉구 도봉로169라길,서울특별시 도봉구 도봉제1동 산77-2,127.033146,37.678724,2008-01-01,전용주,02-2091-4083,서울특별시 도봉구청,2017-05-17
14-19-109,1,서울특별시 도봉구 도봉로169길 187-57,서울특별시 도봉구 도봉제1동 440,127.03521,37.677501,2008-01-01,전용주,02-2091-4083,서울특별시 도봉구청,2017-05-17
14-19-110,1,서울특별시 도봉구 도봉제1동 산79,서울특별시 도봉구 도봉제1동 산79,127.032002,37.679129,2008-01-01,한전주,02-2091-4083,서울특별시 도봉구청,2017-05-17
14-19-111,1,서울특별시 도봉구 도봉제1동 산79,서울특별시 도봉구 도봉제1동 산79,127.031998,37.679093,2008-01-01,한전주,02-2091-4083,서울특별시 도봉구청,2017-05-17
14-19-112,1,서울특별시 도봉구 도봉제1동 475-3,서울특별시 도봉구 도봉제1동 475-3,127.031272,37.677758,2008-01-01,한전주,02-2091-4083,서울특별시 도봉구청,2017-05-17
14-19-113,1,서울특별시 도봉구 도봉로169길 483,서울특별시 도봉구 도봉제1동 544,127.018,37.674069,2008-01-01,한전주,02-2091-4083,서울특별시 도봉구청,2017-05-17
14-10-26,1,서울특별시 도봉구 도봉로175길5,서울특별시 도봉구 도봉제2동 579-5,127.043089,37.682611,2014-01-17,독립주,02-2091-4083,서울특별시 도봉구청,2017-05-17
15-06-01,1,서울특별시 도봉구 도봉로164길 8,서울특별시 도봉구 도봉제2동 625,127.045084,37.67598,2006-02-14,한전주,02-2091-4083,서울특별시 도봉구청,2017-05-17
15-27-01,1,서울특별시 도봉구 도봉제2동 624-15,서울특별시 도봉구 도봉제2동 624-15,127.044529,37.672854,2008-01-01,벽부등,02-2091-4083,서울특별시 도봉구청,2017-05-17
15-02-01,1,서울특별시 도봉구 도봉로180길 50,서울특별시 도봉구 도봉제2동 83-3,127.050402,37.681907,2008-04-05,한전주,02-2091-4083,서울특별시 도봉구청,2017-05-17
15-28-01,1,서울특별시 도봉구 도봉로154가길 7-3,서울특별시 도봉구 도봉제2동 623-42,127.045181,37.671728,2008-01-01,벽부등,02-2091-4083,서울특별시 도봉구청,2017-05-17
15-05-01,1,서울특별시 도봉구 마들로28길 63,서울특별시 도봉구 도봉제2동 631-25,127.048379,37.675114,2008-01-01,한전주,02-2091-4083,서울특별시 도봉구청,2017-05-17
15-10-01,1,서울특별시 도봉구 도봉제2동 636-8,서울특별시 도봉구 도봉제2동 636-8,127.046821,37.669885,2007-02-26,한전주,02-2091-4083,서울특별시 도봉구청,2017-05-17
15-29-01,1,서울특별시 도봉구 마들로 665,서울특별시 도봉구 도봉제2동 622-57,127.046007,37.669412,2008-01-01,한전주,02-2091-4083,서울특별시 도봉구청,2017-05-17
15-09-01,1,서울특별시 도봉구 도봉로156길30-6,서울특별시 도봉구 도봉제2동 623-91,127.046031,37.672349,2014-03-11,벽부등,02-2091-4083,서울특별시 도봉구청,2017-05-17
15-08-01,1,서울특별시 도봉구 도봉제2동 624-68,서울특별시 도봉구 도봉제2동 624-68,127.045812,37.673063,2008-03-24,벽부등,02-2091-4083,서울특별시 도봉구청,2017-05-17
15-07-01,1,서울특별시 도봉구 도봉제2동 625-160,서울특별시 도봉구 도봉제2동 625-160,127.045204,37.676034,2010-03-26,한전주,02-2091-4083,서울특별시 도봉구청,2017-05-17
15-01-01,1,서울특별시 도봉구 도봉제2동 654,서울특별시 도봉구 도봉제2동 654,127.049684,37.690915,2006-08-23,한전주,02-2091-4083,서울특별시 도봉구청,2017-05-17
15-03-02,1,서울특별시 도봉구 도봉로168길 20-3,서울특별시 도봉구 도봉제2동 628-9,127.046137,37.678431,2008-01-01,벽부등,02-2091-4083,서울특별시 도봉구청,2017-05-17
15-10-02,1,서울특별시 도봉구 마들로 672-19,서울특별시 도봉구 도봉제2동 636-6,127.046971,37.670169,2007-07-09,한전주,02-2091-4083,서울특별시 도봉구청,2017-05-17
15-02-02,1,서울특별시 도봉구 도봉제2동 61-2,서울특별시 도봉구 도봉제2동 61-2,127.049874,37.682041,2008-04-05,한전주,02-2091-4083,서울특별시 도봉구청,2017-05-17
15-28-02,1,서울특별시 도봉구 도봉로154가길 7,서울특별시 도봉구 도봉제2동 623-55,127.045316,37.671693,2008-01-01,한전주,02-2091-4083,서울특별시 도봉구청,2017-05-17
15-29-02,1,서울특별시 도봉구 도봉제2동 622-60,서울특별시 도봉구 도봉제2동 622-60,127.045827,37.669522,2007-08-01,벽부등,02-2091-4083,서울특별시 도봉구청,2017-05-17
15-08-02,1,서울특별시 도봉구 도봉로160길 24,서울특별시 도봉구 도봉제2동 624-107,127.046044,37.674106,2008-01-01,한전주,02-2091-4083,서울특별시 도봉구청,2017-05-17
15-27-02,1,서울특별시 도봉구 도봉제2동 624-21,서울특별시 도봉구 도봉제2동 624-21,127.044874,37.673066,2008-01-01,벽부등,02-2091-4083,서울특별시 도봉구청,2017-05-17
10-19-14,1,서울특별시 도봉구 덕릉로53길 51,서울특별시 도봉구 창제2동 585-69,127.034851,37.639404,2008-01-01,벽부등,02-2091-4083,서울특별시 도봉구청,2017-05-17
10-25-14,1,서울특별시 도봉구 창제2동 621-62,서울특별시 도봉구 창제2동 621-62,127.036044,37.645999,2008-01-01,벽부등,02-2091-4083,서울특별시 도봉구청,2017-05-17
10-08-14,1,서울특별시 도봉구 창제2동 674-119,서울특별시 도봉구 창제2동 674-119,127.040418,37.645139,2008-01-01,한전주,02-2091-4083,서울특별시 도봉구청,2017-05-17
10-07-14,1,서울특별시 도봉구 덕릉로63길 20-30,서울특별시 도봉구 창제2동 442-56,127.041175,37.642961,2007-08-31,전용주,02-2091-4083,서울특별시 도봉구청,2017-05-17
10-21-14,1,서울특별시 도봉구 덕릉로59길 67,서울특별시 도봉구 창제2동 632-1,127.035592,37.641802,2008-01-01,한전주,02-2091-4083,서울특별시 도봉구청,2017-05-17
10-22-14,1,서울특별시 도봉구 도봉로110라길 70-21,서울특별시 도봉구 창제2동 645-8,127.035237,37.642531,2007-11-08,한전주,02-2091-4083,서울특별시 도봉구청,2017-05-17
10-27-14,1,서울특별시 도봉구 창제2동 628-1,서울특별시 도봉구 창제2동 628-1,127.035241,37.644714,2008-01-01,한전주,02-2091-4083,서울특별시 도봉구청,2017-05-17
10-09-14,1,서울특별시 도봉구 창제2동 674-114,서울특별시 도봉구 창제2동 674-114,127.03825,37.646116,2007-06-08,벽부등,02-2091-4083,서울특별시 도봉구청,2017-05-17
10-11-14,1,서울특별시 도봉구 창제2동 608-67,서울특별시 도봉구 창제2동 608-67,127.037912,37.644633,2007-03-29,벽부등,02-2091-4083,서울특별시 도봉구청,2017-05-17
10-10-14,1,서울특별시 도봉구 창제2동 608-5,서울특별시 도봉구 창제2동 608-5,127.039378,37.644655,2008-01-10,한전주,02-2091-4083,서울특별시 도봉구청,2017-05-17
10-02-14,1,서울특별시 도봉구 창제2동 578-82,서울특별시 도봉구 창제2동 578-82,127.036574,37.639006,2008-01-01,한전주,02-2091-4083,서울특별시 도봉구청,2017-05-17
10-17-14,1,서울특별시 도봉구 창제2동 582-60,서울특별시 도봉구 창제2동 582-60,127.036663,37.640178,2008-01-01,벽부등,02-2091-4083,서울특별시 도봉구청,2017-05-17
10-26-15,1,서울특별시 도봉구 창제2동 624-16,서울특별시 도봉구 창제2동 624-16,127.034936,37.645411,2006-04-06,벽부등,02-2091-4083,서울특별시 도봉구청,2017-05-17
10-08-15,1,서울특별시 도봉구 창제2동 608-212,서울특별시 도봉구 창제2동 608-212,127.040145,37.645137,2008-01-01,한전주,02-2091-4083,서울특별시 도봉구청,2017-05-17
10-22-15,1,서울특별시 도봉구 창제2동 630-4,서울특별시 도봉구 창제2동 630-4,127.035387,37.642628,2008-01-01,한전주,02-2091-4083,서울특별시 도봉구청,2017-05-17
10-18-15,1,서울특별시 도봉구 창제2동 585-11,서울특별시 도봉구 창제2동 585-11,127.036023,37.640365,2008-01-01,벽부등,02-2091-4083,서울특별시 도봉구청,2017-05-17
10-24-15,1,서울특별시 도봉구 창제2동 623-37,서울특별시 도봉구 창제2동 623-37,127.03755,37.643977,2008-01-01,한전주,02-2091-4083,서울특별시 도봉구청,2017-05-17
10-01-15,1,서울특별시 도봉구 덕릉로53길 19,서울특별시 도봉구 창제2동 553-22,127.036414,37.638377,2008-01-01,한전주,02-2091-4083,서울특별시 도봉구청,2017-05-17
10-25-15,2,서울특별시 도봉구 창제2동 623-2,서울특별시 도봉구 창제2동 623-2,127.036561,37.645234,2006-03-17,한전주,02-2091-4083,서울특별시 도봉구청,2017-05-17
10-04-15,1,서울특별시 도봉구 창제2동 581-24,서울특별시 도봉구 창제2동 581-24,127.037821,37.640096,2007-09-29,벽부등,02-2091-4083,서울특별시 도봉구청,2017-05-17
10-07-15,1,서울특별시 도봉구 덕릉로 285,서울특별시 도봉구 창제2동 442-8,127.041379,37.642799,2007-08-31,전용주,02-2091-4083,서울특별시 도봉구청,2017-05-17
10-10-15,1,서울특별시 도봉구 도봉로104길 142,서울특별시 도봉구 창제2동 608-5,127.03959,37.644728,2006-07-20,한전주,02-2091-4083,서울특별시 도봉구청,2017-05-17
10-13-15,1,서울특별시 도봉구 덕릉로61길 28-21,서울특별시 도봉구 창제2동 603-62,127.039437,37.642526,2015-05-11,벽부등,02-2091-4083,서울특별시 도봉구청,2017-05-17
10-19-15,1,서울특별시 도봉구 창제2동 585-89,서울특별시 도봉구 창제2동 585-89,127.035071,37.639011,2008-01-01,한전주,02-2091-4083,서울특별시 도봉구청,2017-05-17
10-23-15,1,서울특별시 도봉구 창제2동 593-27,서울특별시 도봉구 창제2동 593-27,127.036353,37.643008,2006-06-01,한전주,02-2091-4083,서울특별시 도봉구청,2017-05-17
10-17-15,1,서울특별시 도봉구 창제2동 582-65,서울특별시 도봉구 창제2동 582-65,127.037144,37.640379,2006-04-21,한전주,02-2091-4083,서울특별시 도봉구청,2017-05-17
10-06-15,2,서울특별시 도봉구 창제2동 603-26,서울특별시 도봉구 창제2동 603-26,127.040196,37.642039,2008-01-01,한전주,02-2091-4083,서울특별시 도봉구청,2017-05-17
10-09-15,1,서울특별시 도봉구 창제2동 674-47,서울특별시 도봉구 창제2동 674-47,127.03836,37.645871,2006-04-06,벽부등,02-2091-4083,서울특별시 도봉구청,2017-05-17
10-05-15,1,서울특별시 도봉구 창제2동 601-28,서울특별시 도봉구 창제2동 601-28,127.039357,37.640414,2008-01-01,벽부등,02-2091-4083,서울특별시 도봉구청,2017-05-17
10-21-15,2,서울특별시 도봉구 창제2동 632-39,서울특별시 도봉구 창제2동 632-39,127.035336,37.641408,2008-01-01,한전주,02-2091-4083,서울특별시 도봉구청,2017-05-17
10-12-15,1,서울특별시 도봉구 덕릉로63가길 24-5,서울특별시 도봉구 창제2동 609-154,127.03883,37.643737,2006-06-26,벽부등,02-2091-4083,서울특별시 도봉구청,2017-05-17
10-23-16,1,서울특별시 도봉구 창제2동 630-27,서울특별시 도봉구 창제2동 630-27,127.035746,37.642713,2006-06-01,한전주,02-2091-4083,서울특별시 도봉구청,2017-05-17
10-27-16,1,서울특별시 도봉구 창제2동 628-16,서울특별시 도봉구 창제2동 628-16,127.035286,37.644347,2006-02-16,한전주,02-2091-4083,서울특별시 도봉구청,2017-05-17
10-24-16,1,서울특별시 도봉구 창제2동 623-39,서울특별시 도봉구 창제2동 623-39,127.037508,37.64419,2008-01-01,벽부등,02-2091-4083,서울특별시 도봉구청,2017-05-17
11-09-20,1,서울특별시 도봉구 창제3동 467-6,서울특별시 도봉구 창제3동 467-6,127.041224,37.636814,2008-01-01,벽부등,02-2091-4083,서울특별시 도봉구청,2017-05-17
05-22-10,1,서울특별시 도봉구 도봉로 700-11,서울특별시 도봉구 방학제1동 705-38,127.044115,37.666962,2008-01-01,한전주,02-2091-4083,서울특별시 도봉구청,2017-05-17
05-05-10,1,서울특별시 도봉구 도당로29길 19,서울특별시 도봉구 방학제1동 649-21,127.04184,37.668122,2006-04-25,한전주,02-2091-4083,서울특별시 도봉구청,2017-05-17
05-24-10,2,서울특별시 도봉구 도봉로146길 40,서울특별시 도봉구 방학제1동 713-1,127.045363,37.664013,2008-03-13,한전주,02-2091-4083,서울특별시 도봉구청,2017-05-17
05-25-10,1,서울특별시 도봉구 마들로18길 9,서울특별시 도봉구 방학제1동 724-4,127.047305,37.661961,2008-01-01,한전주,02-2091-4083,서울특별시 도봉구청,2017-05-17
05-10-10,1,서울특별시 도봉구 방학로2길 60,서울특별시 도봉구 방학제1동 683-41,127.040973,37.665647,2006-05-04,한전주,02-2091-4083,서울특별시 도봉구청,2017-05-17
05-02-10,1,서울특별시 도봉구 방학제1동 647-8,서울특별시 도봉구 방학제1동 647-8,127.039723,37.668565,2008-01-01,벽부등,02-2091-4083,서울특별시 도봉구청,2017-05-17
05-03-10,1,서울특별시 도봉구 도당로13가길 100,서울특별시 도봉구 방학제1동 658-33,127.040112,37.667639,2008-01-01,벽부등,02-2091-4083,서울특별시 도봉구청,2017-05-17
05-01-10,1,서울특별시 도봉구 도당로23길 37,서울특별시 도봉구 방학제1동 646-18,127.040042,37.669175,2007-07-20,한전주,02-2091-4083,서울특별시 도봉구청,2017-05-17
05-11-10,1,서울특별시 도봉구 도봉로145가길 20,서울특별시 도봉구 방학제1동 681-31,127.041594,37.663855,2008-01-01,한전주,02-2091-4083,서울특별시 도봉구청,2017-05-17
05-14-10,1,서울특별시 도봉구 방학제1동 698,서울특별시 도봉구 방학제1동 698,127.038165,37.665443,2008-01-01,한전주,02-2091-4083,서울특별시 도봉구청,2017-05-17
05-13-10,1,서울특별시 도봉구 방학로 126-13,서울특별시 도봉구 방학제1동 690-71,127.038065,37.663662,2008-01-01,한전주,02-2091-4083,서울특별시 도봉구청,2017-05-17
05-04-10,1,서울특별시 도봉구 도당로31길 45,서울특별시 도봉구 방학제1동 652-23,127.042669,37.669188,2007-08-11,한전주,02-2091-4083,서울특별시 도봉구청,2017-05-17
05-06-10,1,서울특별시 도봉구 방학제1동 684-11,서울특별시 도봉구 방학제1동 684-11,127.039491,37.665918,2008-01-01,벽부등,02-2091-4083,서울특별시 도봉구청,2017-05-17
05-20-10,1,서울특별시 도봉구 방학제1동 674-22,서울특별시 도봉구 방학제1동 674-22,127.038669,37.661829,2008-01-01,한전주,02-2091-4083,서울특별시 도봉구청,2017-05-17
05-12-10,1,서울특별시 도봉구 방학로 112-18,서울특별시 도봉구 방학제1동 689-10,127.039812,37.663301,2008-01-01,한전주,02-2091-4083,서울특별시 도봉구청,2017-05-17
05-17-10,1,서울특별시 도봉구 방학제1동 693-18,서울특별시 도봉구 방학제1동 693-18,127.035426,37.663617,2008-01-01,벽부등,02-2091-4083,서울특별시 도봉구청,2017-05-17
05-18-10,1,서울특별시 도봉구 방학제1동,서울특별시 도봉구 방학제1동,127.035848,37.66244,2016-05-16,벽부등,02-2091-4083,서울특별시 도봉구청,2017-05-17
05-09-10,1,서울특별시 도봉구 도봉로149길 25,서울특별시 도봉구 방학제1동 703-37,127.041616,37.666575,2008-01-01,한전주,02-2091-4083,서울특별시 도봉구청,2017-05-17
05-01-11,1,서울특별시 도봉구 방학제1동 646-29,서울특별시 도봉구 방학제1동 646-29,127.040372,37.669201,2008-01-01,한전주,02-2091-4083,서울특별시 도봉구청,2017-05-17
05-21-11,1,서울특별시 도봉구 도봉로143길 38-4,서울특별시 도봉구 방학제1동 675-9,127.039926,37.661984,2008-01-01,한전주,02-2091-4083,서울특별시 도봉구청,2017-05-17
05-25-11,1,서울특별시 도봉구 방학제1동 724-19,서울특별시 도봉구 방학제1동 724-19,127.047677,37.661859,2008-01-01,한전주,02-2091-4083,서울특별시 도봉구청,2017-05-17
05-24-11,2,서울특별시 도봉구 도봉로146길 48,서울특별시 도봉구 방학제1동 713-12,127.045381,37.663808,2008-04-07,한전주,02-2091-4083,서울특별시 도봉구청,2017-05-17
05-05-11,1,서울특별시 도봉구 방학제1동 655-23,서울특별시 도봉구 방학제1동 655-23,127.042086,37.668165,2008-01-01,벽부등,02-2091-4083,서울특별시 도봉구청,2017-05-17
05-18-11,1,서울특별시 도봉구 방학제1동 673-19,서울특별시 도봉구 방학제1동 673-19,127.038854,37.662492,2008-01-25,한전주,02-2091-4083,서울특별시 도봉구청,2017-05-17
05-15-11,1,서울특별시 도봉구 방학제1동 700-52,서울특별시 도봉구 방학제1동 700-52,127.038103,37.665621,2008-02-21,벽부등,02-2091-4083,서울특별시 도봉구청,2017-05-17
05-02-11,1,서울특별시 도봉구 도당로13나길 107,서울특별시 도봉구 방학제1동 648-26,127.040123,37.668243,2008-04-11,한전주,02-2091-4083,서울특별시 도봉구청,2017-05-17
05-14-11,1,서울특별시 도봉구 도봉로145길 90,서울특별시 도봉구 방학제1동 698-15,127.037856,37.665252,2008-01-01,한전주,02-2091-4083,서울특별시 도봉구청,2017-05-17
05-12-11,1,서울특별시 도봉구 방학제1동 689-7,서울특별시 도봉구 방학제1동 689-7,127.040032,37.663395,2007-02-23,벽부등,02-2091-4083,서울특별시 도봉구청,2017-05-17
05-03-11,1,서울특별시 도봉구 도당로125,서울특별시 도봉구 방학제1동 658-35,127.040112,37.667468,2008-01-01,벽부등,02-2091-4083,서울특별시 도봉구청,2017-05-17
05-16-11,1,서울특별시 도봉구 방학제1동 694-9,서울특별시 도봉구 방학제1동 694-9,127.036831,37.663376,2006-11-24,한전주,02-2091-4083,서울특별시 도봉구청,2017-05-17
05-04-11,1,서울특별시 도봉구 도당로31길 42,서울특별시 도봉구 방학제1동 653-20,127.042688,37.668909,2008-01-01,한전주,02-2091-4083,서울특별시 도봉구청,2017-05-17
05-17-11,1,서울특별시 도봉구 방학제1동 692-8,서울특별시 도봉구 방학제1동 692-8,127.035335,37.662971,2008-01-01,벽부등,02-2091-4083,서울특별시 도봉구청,2017-05-17
05-08-11,1,서울특별시 도봉구 도봉로147길 36-4,서울특별시 도봉구 방학제1동 685-51,127.040632,37.665306,2008-01-01,벽부등,02-2091-4083,서울특별시 도봉구청,2017-05-17
09-12-02,1,서울특별시 도봉구 창제1동 366-1,서울특별시 도봉구 창제1동 366-1,127.045323,37.647239,2007-12-05,한전주,02-2091-4083,서울특별시 도봉구청,2017-05-17
09-09-02,1,서울특별시 도봉구 창제1동 663-39,서울특별시 도봉구 창제1동 663-39,127.036335,37.648865,2008-01-01,한전주,02-2091-4083,서울특별시 도봉구청,2017-05-17
09-11-02,1,서울특별시 도봉구 창제1동 661-88,서울특별시 도봉구 창제1동 661-88,127.03722,37.649938,2007-06-29,전용주,02-2091-4083,서울특별시 도봉구청,2017-05-17
09-25-02,1,서울특별시 도봉구 창제1동 369-1,서울특별시 도봉구 창제1동 369-1,127.046429,37.648599,2008-01-01,전용주,02-2091-4083,서울특별시 도봉구청,2017-05-17
09-07-02,1,서울특별시 도봉구 창제1동 664-45,서울특별시 도봉구 창제1동 664-45,127.037559,37.648702,2008-01-01,한전주,02-2091-4083,서울특별시 도봉구청,2017-05-17
09-29-03,1,서울특별시 도봉구 창제1동 산156-1,서울특별시 도봉구 창제1동 산156-1,127.045561,37.646795,2008-01-01,한전주,02-2091-4083,서울특별시 도봉구청,2017-05-17
09-06-03,1,서울특별시 도봉구 도봉로114길 21-4,서울특별시 도봉구 창제1동 657-148,127.03567,37.647666,2008-01-01,벽부등,02-2091-4083,서울특별시 도봉구청,2017-05-17
09-01-03,1,서울특별시 도봉구 창제1동 651-83,서울특별시 도봉구 창제1동 651-83,127.035563,37.646859,2006-11-17,한전주,02-2091-4083,서울특별시 도봉구청,2017-05-17
09-04-03,1,서울특별시 도봉구 창제1동 667-133,서울특별시 도봉구 창제1동 667-133,127.037805,37.647344,2006-04-28,벽부등,02-2091-4083,서울특별시 도봉구청,2017-05-17
09-12-03,1,서울특별시 도봉구 창제1동 366-1,서울특별시 도봉구 창제1동 366-1,127.044882,37.647296,2012-08-07,벽부등,02-2091-4083,서울특별시 도봉구청,2017-05-17
09-03-03,1,서울특별시 도봉구 창제1동 657-94,서울특별시 도봉구 창제1동 657-94,127.03596,37.646893,2007-11-09,한전주,02-2091-4083,서울특별시 도봉구청,2017-05-17
09-09-03,1,서울특별시 도봉구 창제1동 663-44,서울특별시 도봉구 창제1동 663-44,127.036343,37.649064,2008-01-01,벽부등,02-2091-4083,서울특별시 도봉구청,2017-05-17
09-07-03,1,서울특별시 도봉구 창제1동 664-36,서울특별시 도봉구 창제1동 664-36,127.03754,37.648525,2008-01-01,벽부등,02-2091-4083,서울특별시 도봉구청,2017-05-17
09-02-03,1,서울특별시 도봉구 도봉로110길 39-16,서울특별시 도봉구 창제1동 651-79,127.035659,37.646468,2008-01-01,한전주,02-2091-4083,서울특별시 도봉구청,2017-05-17
09-08-03,1,서울특별시 도봉구 창제1동 658-43,서울특별시 도봉구 창제1동 658-43,127.036054,37.648488,2007-10-29,한전주,02-2091-4083,서울특별시 도봉구청,2017-05-17
09-10-03,1,서울특별시 도봉구 창제1동 661-24,서울특별시 도봉구 창제1동 661-24,127.03597,37.649755,2008-01-01,한전주,02-2091-4083,서울특별시 도봉구청,2017-05-17
09-25-03,1,서울특별시 도봉구 창제1동 68,서울특별시 도봉구 창제1동 68,127.046304,37.648086,2008-01-01,전용주,02-2091-4083,서울특별시 도봉구청,2017-05-17
09-11-03,1,서울특별시 도봉구 창제1동 662-20,서울특별시 도봉구 창제1동 662-20,127.037087,37.649863,2008-01-01,벽부등,02-2091-4083,서울특별시 도봉구청,2017-05-17
09-05-03,1,서울특별시 도봉구 도봉로110바길 4-17,서울특별시 도봉구 창제1동 676-15,127.038435,37.646683,2008-01-01,벽부등,02-2091-4083,서울특별시 도봉구청,2017-05-17
09-29-04,1,서울특별시 도봉구 창제1동 367,서울특별시 도봉구 창제1동 367,127.045592,37.646729,2008-01-01,한전주,02-2091-4083,서울특별시 도봉구청,2017-05-17
09-06-04,2,서울특별시 도봉구 창제1동 657-125,서울특별시 도봉구 창제1동 657-125,127.035916,37.647522,2006-07-29,한전주,02-2091-4083,서울특별시 도봉구청,2017-05-17
09-08-04,1,서울특별시 도봉구 창제1동 658-66,서울특별시 도봉구 창제1동 658-66,127.036108,37.648184,2006-12-04,한전주,02-2091-4083,서울특별시 도봉구청,2017-05-17
14-06-32,1,서울특별시 도봉구 도봉로187길 28,서울특별시 도봉구 도봉제1동 558-14,127.044271,37.685847,2014-12-31,벽부등,02-2091-4083,서울특별시 도봉구청,2017-05-17
14-11-32,1,서울특별시 도봉구 도봉로181가길 34,서울특별시 도봉구 도봉제1동 564-22,127.045156,37.682551,2008-01-01,한전주,02-2091-4083,서울특별시 도봉구청,2017-05-17
14-21-32,1,서울특별시 도봉구 도봉로169나길 43,서울특별시 도봉구 도봉제1동 596-26,127.043903,37.677864,2008-01-01,벽부등,02-2091-4083,서울특별시 도봉구청,2017-05-17
14-28-32,1,서울특별시 도봉구 도봉제1동 610,서울특별시 도봉구 도봉제1동 610,127.039697,37.670307,2008-03-06,벽부등,02-2091-4083,서울특별시 도봉구청,2017-05-17
14-04-32,1,서울특별시 도봉구 도봉로185길39,서울특별시 도봉구 도봉제1동 574-11,127.042902,37.685415,2012-11-30,통신주,02-2091-4083,서울특별시 도봉구청,2017-05-17
14-01-32,1,서울특별시 도봉구 도봉제1동 347,서울특별시 도봉구 도봉제1동 347,127.041003,37.689715,2007-06-05,한전주,02-2091-4083,서울특별시 도봉구청,2017-05-17
14-25-32,1,서울특별시 도봉구 도봉제1동 613-43,서울특별시 도봉구 도봉제1동 613-43,127.040925,37.671456,2006-04-03,한전주,02-2091-4083,서울특별시 도봉구청,2017-05-17
14-15-32,1,서울특별시 도봉구 도봉제1동 593-40,서울특별시 도봉구 도봉제1동 593-40,127.043126,37.678435,2008-01-01,한전주,02-2091-4083,서울특별시 도봉구청,2017-05-17
14-22-32,1,서울특별시 도봉구 도봉제1동 604-3,서울특별시 도봉구 도봉제1동 604-3,127.042323,37.674432,2008-01-01,한전주,02-2091-4083,서울특별시 도봉구청,2017-05-17
14-19-32,1,서울특별시 도봉구 도봉제1동 467-2,서울특별시 도봉구 도봉제1동 467-2,127.032657,37.676408,2008-02-23,한전주,02-2091-4083,서울특별시 도봉구청,2017-05-17
14-02-32,1,서울특별시 도봉구 도봉로181길 116,서울특별시 도봉구 도봉제1동 554-20,127.040661,37.68646,2006-05-18,한전주,02-2091-4083,서울특별시 도봉구청,2017-05-17
14-19-33,1,서울특별시 도봉구 도봉제1동 463-1,서울특별시 도봉구 도봉제1동 463-1,127.033092,37.676539,2007-08-17,한전주,02-2091-4083,서울특별시 도봉구청,2017-05-17
15-09-02,1,서울특별시 도봉구 도봉로156길 32,서울특별시 도봉구 도봉제2동 623-83,127.046036,37.672611,2008-01-01,한전주,02-2091-4083,서울특별시 도봉구청,2017-05-17
15-05-02,1,서울특별시 도봉구 도봉제2동 631-18,서울특별시 도봉구 도봉제2동 631-18,127.048053,37.67523,2008-01-01,한전주,02-2091-4083,서울특별시 도봉구청,2017-05-17
10-02-03,1,서울특별시 도봉구 창제2동 578-95,서울특별시 도봉구 창제2동 578-95,127.036059,37.63913,2008-01-01,한전주,02-2091-4083,서울특별시 도봉구청,2017-05-17
10-26-03,1,서울특별시 도봉구 도봉로110라길 18,서울특별시 도봉구 창제2동 624-38,127.03576,37.645414,2007-08-31,한전주,02-2091-4083,서울특별시 도봉구청,2017-05-17
10-09-03,1,서울특별시 도봉구 창제2동 674-89,서울특별시 도봉구 창제2동 674-89,127.039638,37.646238,2005-11-09,한전주,02-2091-4083,서울특별시 도봉구청,2017-05-17
10-22-03,1,서울특별시 도봉구 우이천로22길 16-14,서울특별시 도봉구 창제2동 635-19,127.03441,37.641765,2008-01-01,한전주,02-2091-4083,서울특별시 도봉구청,2017-05-17
10-03-03,1,서울특별시 도봉구 창제2동 578-34,서울특별시 도봉구 창제2동 578-34,127.037681,37.638967,2008-01-01,벽부등,02-2091-4083,서울특별시 도봉구청,2017-05-17
10-17-03,1,서울특별시 도봉구 덕릉로59길 45,서울특별시 도봉구 창제2동 582-4,127.037412,37.64126,2008-01-01,한전주,02-2091-4083,서울특별시 도봉구청,2017-05-17
10-15-03,1,서울특별시 도봉구 창제2동 607-42,서울특별시 도봉구 창제2동 607-42,127.039149,37.642997,2008-01-01,한전주,02-2091-4083,서울특별시 도봉구청,2017-05-17
10-13-03,1,서울특별시 도봉구 창제2동 609-62,서울특별시 도봉구 창제2동 609-62,127.04004,37.644273,2008-01-01,한전주,02-2091-4083,서울특별시 도봉구청,2017-05-17
10-16-03,1,서울특별시 도봉구 창제2동 601-97,서울특별시 도봉구 창제2동 601-97,127.03799,37.641176,2008-01-15,한전주,02-2091-4083,서울특별시 도봉구청,2017-05-17
10-08-03,1,서울특별시 도봉구 창제2동 674-17,서울특별시 도봉구 창제2동 674-17,127.040494,37.645352,2008-01-01,벽부등,02-2091-4083,서울특별시 도봉구청,2017-05-17
10-06-03,1,서울특별시 도봉구 창제2동 603-66,서울특별시 도봉구 창제2동 603-66,127.039072,37.642129,2008-01-01,벽부등,02-2091-4083,서울특별시 도봉구청,2017-05-17
10-12-03,1,서울특별시 도봉구 창제2동 609-118,서울특별시 도봉구 창제2동 609-118,127.039168,37.644371,2007-11-09,한전주,02-2091-4083,서울특별시 도봉구청,2017-05-17
10-04-03,1,서울특별시 도봉구 덕릉로59길 9,서울특별시 도봉구 창제2동 581-1,127.038703,37.640349,2008-01-01,전용주,02-2091-4083,서울특별시 도봉구청,2017-05-17
10-18-03,1,서울특별시 도봉구 창제2동 585-132,서울특별시 도봉구 창제2동 585-132,127.036189,37.640053,2008-01-01,한전주,02-2091-4083,서울특별시 도봉구청,2017-05-17
10-01-03,1,서울특별시 도봉구 우이천로 200,서울특별시 도봉구 창제2동 553-10,127.036244,37.637899,2008-01-01,한전주,02-2091-4083,서울특별시 도봉구청,2017-05-17
10-25-03,2,서울특별시 도봉구 도봉로110아길 18,서울특별시 도봉구 창제2동 623-11,127.037503,37.645552,2008-01-10,한전주,02-2091-4083,서울특별시 도봉구청,2017-05-17
10-05-03,1,서울특별시 도봉구 창제2동 601-50,서울특별시 도봉구 창제2동 601-50,127.038975,37.641433,2008-01-01,한전주,02-2091-4083,서울특별시 도봉구청,2017-05-17
10-11-03,1,서울특별시 도봉구 창제2동 609-72,서울특별시 도봉구 창제2동 609-72,127.038381,37.644028,2008-01-01,벽부등,02-2091-4083,서울특별시 도봉구청,2017-05-17
10-19-03,2,서울특별시 도봉구 창제2동 585-115,서울특별시 도봉구 창제2동 585-115,127.035075,37.638656,2007-03-13,한전주,02-2091-4083,서울특별시 도봉구청,2017-05-17
10-07-03,1,서울특별시 도봉구 창제2동 609-85,서울특별시 도봉구 창제2동 609-85,127.040563,37.644849,2007-05-23,한전주,02-2091-4083,서울특별시 도봉구청,2017-05-17
10-10-03,2,서울특별시 도봉구 도봉로108길 74,서울특별시 도봉구 창제2동 608-132,127.03806,37.645638,2006-10-21,한전주,02-2091-4083,서울특별시 도봉구청,2017-05-17
10-20-03,1,서울특별시 도봉구 창제2동 632-68,서울특별시 도봉구 창제2동 632-68,127.034385,37.641147,2008-01-01,한전주,02-2091-4083,서울특별시 도봉구청,2017-05-17
10-06-04,1,서울특별시 도봉구 덕릉로61길 28-5,서울특별시 도봉구 창제2동 603-68,127.038931,37.641989,2008-01-01,한전주,02-2091-4083,서울특별시 도봉구청,2017-05-17
10-08-04,1,서울특별시 도봉구 창제2동 674-115,서울특별시 도봉구 창제2동 674-115,127.040446,37.645583,2008-01-01,한전주,02-2091-4083,서울특별시 도봉구청,2017-05-17
10-23-04,1,서울특별시 도봉구 창제2동 630-12,서울특별시 도봉구 창제2동 630-12,127.036299,37.642919,2008-01-01,한전주,02-2091-4083,서울특별시 도봉구청,2017-05-17
10-12-04,1,서울특별시 도봉구 창제2동 609-105,서울특별시 도봉구 창제2동 609-105,127.039481,37.644296,2006-04-05,한전주,02-2091-4083,서울특별시 도봉구청,2017-05-17
10-24-04,1,서울특별시 도봉구 창제2동 623-105,서울특별시 도봉구 창제2동 623-105,127.03602,37.644806,2008-01-01,한전주,02-2091-4083,서울특별시 도봉구청,2017-05-17
10-21-04,1,서울특별시 도봉구 창제2동 632-37,서울특별시 도봉구 창제2동 632-37,127.035077,37.640387,2008-01-01,한전주,02-2091-4083,서울특별시 도봉구청,2017-05-17
10-27-04,1,서울특별시 도봉구 도봉로110가길30,서울특별시 도봉구 창제2동 650-41,127.033364,37.64516,2012-04-11,전용주,02-2091-4083,서울특별시 도봉구청,2017-05-17
10-15-04,1,서울특별시 도봉구 창제2동 607-50,서울특별시 도봉구 창제2동 607-50,127.039065,37.64278,2008-01-01,한전주,02-2091-4083,서울특별시 도봉구청,2017-05-17
10-26-04,1,서울특별시 도봉구 창제2동 624-37,서울특별시 도봉구 창제2동 624-37,127.035806,37.645254,2008-01-01,한전주,02-2091-4083,서울특별시 도봉구청,2017-05-17
10-04-04,1,서울특별시 도봉구 창제2동 581-12,서울특별시 도봉구 창제2동 581-12,127.038709,37.640494,2008-01-01,한전주,02-2091-4083,서울특별시 도봉구청,2017-05-17
10-07-16,1,서울특별시 도봉구 창제2동 442-51,서울특별시 도봉구 창제2동 442-51,127.041066,37.642246,2007-05-11,한전주,02-2091-4083,서울특별시 도봉구청,2017-05-17
10-22-16,1,서울특별시 도봉구 창제2동 645-2,서울특별시 도봉구 창제2동 645-2,127.035245,37.642355,2007-01-05,한전주,02-2091-4083,서울특별시 도봉구청,2017-05-17
10-10-16,1,서울특별시 도봉구 창제2동 608-96,서울특별시 도봉구 창제2동 608-96,127.039162,37.645063,2008-01-01,한전주,02-2091-4083,서울특별시 도봉구청,2017-05-17
10-09-16,1,서울특별시 도봉구 창제2동 674-41,서울특별시 도봉구 창제2동 674-41,127.038097,37.645818,2008-04-21,벽부등,02-2091-4083,서울특별시 도봉구청,2017-05-17
10-11-16,2,서울특별시 도봉구 창제2동 608-199,서울특별시 도봉구 창제2동 608-199,127.038078,37.644195,2007-03-29,한전주,02-2091-4083,서울특별시 도봉구청,2017-05-17
10-12-16,1,서울특별시 도봉구 창제2동 609-25,서울특별시 도봉구 창제2동 609-25,127.039472,37.644111,2008-01-01,한전주,02-2091-4083,서울특별시 도봉구청,2017-05-17
10-01-16,1,서울특별시 도봉구 덕릉로 219,서울특별시 도봉구 창제2동 553-8,127.036459,37.638097,2008-01-01,한전주,02-2091-4083,서울특별시 도봉구청,2017-05-17
10-19-16,1,서울특별시 도봉구 창제2동 585-87,서울특별시 도봉구 창제2동 585-87,127.034916,37.638976,2007-06-26,벽부등,02-2091-4083,서울특별시 도봉구청,2017-05-17
10-04-16,1,서울특별시 도봉구 창제2동 581-23,서울특별시 도봉구 창제2동 581-23,127.037728,37.640225,2008-01-01,한전주,02-2091-4083,서울특별시 도봉구청,2017-05-17
10-25-16,1,서울특별시 도봉구 도봉로106길 63,서울특별시 도봉구 창제2동 623-90,127.036519,37.645089,2006-03-17,한전주,02-2091-4083,서울특별시 도봉구청,2017-05-17
10-18-16,1,서울특별시 도봉구 창제2동 585-11,서울특별시 도봉구 창제2동 585-11,127.035854,37.6404,2008-01-01,한전주,02-2091-4083,서울특별시 도봉구청,2017-05-17
10-05-16,1,서울특별시 도봉구 덕릉로 265,서울특별시 도봉구 창제2동 603-6,127.040041,37.64106,2007-06-11,벽부등,02-2091-4083,서울특별시 도봉구청,2017-05-17
10-02-16,1,서울특별시 도봉구 창제2동 578-130,서울특별시 도봉구 창제2동 578-130,127.036559,37.63856,2008-01-01,벽부등,02-2091-4083,서울특별시 도봉구청,2017-05-17
10-13-16,1,서울특별시 도봉구 창제2동 607-7,서울특별시 도봉구 창제2동 607-7,127.040253,37.642678,2007-03-08,한전주,02-2091-4083,서울특별시 도봉구청,2017-05-17
10-08-16,1,서울특별시 도봉구 창제2동 608-214,서울특별시 도봉구 창제2동 608-214,127.039995,37.644807,2007-06-12,한전주,02-2091-4083,서울특별시 도봉구청,2017-05-17
10-17-16,1,서울특별시 도봉구 창제2동 582-80,서울특별시 도봉구 창제2동 582-80,127.037332,37.640568,2008-03-24,한전주,02-2091-4083,서울특별시 도봉구청,2017-05-17
15-27-30,1,서울특별시 도봉구 도봉제2동 624-33,서울특별시 도봉구 도봉제2동 624-33,127.045571,37.674043,2008-01-01,벽부등,02-2091-4083,서울특별시 도봉구청,2017-05-17
15-03-30,1,서울특별시 도봉구 도봉로152가길 224,서울특별시 도봉구 도봉제2동 92-42,127.045775,37.680026,2008-02-20,벽부등,02-2091-4083,서울특별시 도봉구청,2017-05-17
15-06-30,1,서울특별시 도봉구 도봉제2동 625-34,서울특별시 도봉구 도봉제2동 625-34,127.046433,37.67459,2008-01-01,벽부등,02-2091-4083,서울특별시 도봉구청,2017-05-17
15-29-31,1,서울특별시 도봉구 도봉제2동 622-11,서울특별시 도봉구 도봉제2동 622-11,127.044599,37.670376,2008-01-01,한전주,02-2091-4083,서울특별시 도봉구청,2017-05-17
15-27-31,1,서울특별시 도봉구 도봉로162길 12-11,서울특별시 도봉구 도봉제2동 625-110,127.045613,37.67462,2006-03-22,벽부등,02-2091-4083,서울특별시 도봉구청,2017-05-17
15-10-31,1,서울특별시 도봉구 도봉제2동 95-14,서울특별시 도봉구 도봉제2동 95-14,127.047412,37.674142,2008-01-01,벽부등,02-2091-4083,서울특별시 도봉구청,2017-05-17
15-03-31,1,서울특별시 도봉구 도봉제2동 92-58,서울특별시 도봉구 도봉제2동 92-58,127.045288,37.677387,2008-02-20,벽부등,02-2091-4083,서울특별시 도봉구청,2017-05-17
15-06-31,1,서울특별시 도봉구 도봉로162길 28,서울특별시 도봉구 도봉제2동 625-33,127.046395,37.674692,2008-01-01,한전주,02-2091-4083,서울특별시 도봉구청,2017-05-17
15-29-32,1,서울특별시 도봉구 도봉제2동 622-52,서울특별시 도봉구 도봉제2동 622-52,127.045595,37.669652,2008-01-01,벽부등,02-2091-4083,서울특별시 도봉구청,2017-05-17
15-27-32,1,서울특별시 도봉구 도봉로160길24,서울특별시 도봉구 도봉제2동 624-108,127.045851,37.674145,2013-10-11,한전주,02-2091-4083,서울특별시 도봉구청,2017-05-17
15-10-32,1,서울특별시 도봉구 도봉제2동 97-1,서울특별시 도봉구 도봉제2동 97-1,127.047317,37.67402,2008-01-01,벽부등,02-2091-4083,서울특별시 도봉구청,2017-05-17
15-06-32,1,서울특별시 도봉구 도봉제2동 625-22,서울특별시 도봉구 도봉제2동 625-22,127.046658,37.674603,2008-01-01,한전주,02-2091-4083,서울특별시 도봉구청,2017-05-17
15-03-32,1,서울특별시 도봉구 도봉로152가길 172-1,서울특별시 도봉구 도봉제2동 92-61,127.04532,37.677224,2008-01-01,한전주,02-2091-4083,서울특별시 도봉구청,2017-05-17
15-03-33,1,서울특별시 도봉구 도봉제2동 92-63,서울특별시 도봉구 도봉제2동 92-63,127.04524,37.677106,2008-01-01,벽부등,02-2091-4083,서울특별시 도봉구청,2017-05-17
15-10-33,1,서울특별시 도봉구 도봉제2동 95-86,서울특별시 도봉구 도봉제2동 95-86,127.047143,37.673859,2008-01-01,벽부등,02-2091-4083,서울특별시 도봉구청,2017-05-17
15-29-33,1,서울특별시 도봉구 도봉로154길 6,서울특별시 도봉구 도봉제2동 622,127.044293,37.671164,2008-01-01,한전주,02-2091-4083,서울특별시 도봉구청,2017-05-17
15-27-33,1,서울특별시 도봉구 도봉제2동 625-109,서울특별시 도봉구 도봉제2동 625-109,127.045692,37.674519,2016-09-27,벽부등,02-2091-4083,서울특별시 도봉구청,2017-05-17
15-10-34,1,서울특별시 도봉구 도봉제2동 95-86,서울특별시 도봉구 도봉제2동 95-86,127.047083,37.673749,2008-01-01,벽부등,02-2091-4083,서울특별시 도봉구청,2017-05-17
05-06-11,1,서울특별시 도봉구 방학제1동 701-51,서울특별시 도봉구 방학제1동 701-51,127.040429,37.666859,2010-04-28,벽부등,02-2091-4083,서울특별시 도봉구청,2017-05-17
05-09-11,1,서울특별시 도봉구 도봉로149길 21,서울특별시 도봉구 방학제1동 703-39,127.041775,37.666421,2008-01-01,한전주,02-2091-4083,서울특별시 도봉구청,2017-05-17
05-11-11,1,서울특별시 도봉구 방학제1동 681-36,서울특별시 도봉구 방학제1동 681-36,127.041277,37.663997,2008-01-01,벽부등,02-2091-4083,서울특별시 도봉구청,2017-05-17
05-10-11,1,서울특별시 도봉구 방학로2길 54,서울특별시 도봉구 방학제1동 683-36,127.040972,37.66545,2006-03-08,한전주,02-2091-4083,서울특별시 도봉구청,2017-05-17
05-13-11,1,서울특별시 도봉구 방학로126-10,서울특별시 도봉구 방학제1동 690-70,127.038069,37.66346,2010-04-07,한전주,02-2091-4083,서울특별시 도봉구청,2017-05-17
05-20-11,1,서울특별시 도봉구 방학제1동 674-33,서울특별시 도봉구 방학제1동 674-33,127.038352,37.661829,2008-01-01,한전주,02-2091-4083,서울특별시 도봉구청,2017-05-17
05-12-12,2,서울특별시 도봉구 방학로2길 13-15,서울특별시 도봉구 방학제1동 689-4,127.039814,37.663568,2008-01-01,한전주,02-2091-4083,서울특별시 도봉구청,2017-05-17
05-04-12,2,서울특별시 도봉구 도봉로151길 14,서울특별시 도봉구 방학제1동 652-28,127.042572,37.668675,2007-05-07,한전주,02-2091-4083,서울특별시 도봉구청,2017-05-17
05-24-12,1,서울특별시 도봉구 방학제1동 713-2,서울특별시 도봉구 방학제1동 713-2,127.045403,37.663567,2008-01-01,한전주,02-2091-4083,서울특별시 도봉구청,2017-05-17
05-03-12,1,서울특별시 도봉구 도당로25길4,서울특별시 도봉구 방학제1동 658-43,127.040406,37.667603,2013-07-05,벽부등,02-2091-4083,서울특별시 도봉구청,2017-05-17
05-22-12,1,서울특별시 도봉구 도봉로 700-9,서울특별시 도봉구 방학제1동 705-37,127.043835,37.667,2007-07-04,한전주,02-2091-4083,서울특별시 도봉구청,2017-05-17
05-21-12,1,서울특별시 도봉구 도봉로143길 36-3,서울특별시 도봉구 방학제1동 675-6,127.040075,37.662017,2008-01-01,한전주,02-2091-4083,서울특별시 도봉구청,2017-05-17
05-20-12,1,서울특별시 도봉구 방학제1동 674-30,서울특별시 도봉구 방학제1동 674-30,127.037989,37.661838,2008-01-01,한전주,02-2091-4083,서울특별시 도봉구청,2017-05-17
05-15-12,1,서울특별시 도봉구 방학제1동 700-12,서울특별시 도봉구 방학제1동 700-12,127.037865,37.665777,2008-01-01,한전주,02-2091-4083,서울특별시 도봉구청,2017-05-17
05-17-12,1,서울특별시 도봉구 방학제1동 693,서울특별시 도봉구 방학제1동 693,127.03505,37.66394,2008-01-01,한전주,02-2091-4083,서울특별시 도봉구청,2017-05-17
05-05-12,1,서울특별시 도봉구 방학제1동 649-16,서울특별시 도봉구 방학제1동 649-16,127.041634,37.668346,2013-11-05,벽부등,02-2091-4083,서울특별시 도봉구청,2017-05-17
05-08-12,1,서울특별시 도봉구 방학제1동 685-39,서울특별시 도봉구 방학제1동 685-39,127.040331,37.665268,2008-03-27,벽부등,02-2091-4083,서울특별시 도봉구청,2017-05-17
05-25-12,1,서울특별시 도봉구 방학로 39-3,서울특별시 도봉구 방학제1동 724-15,127.04777,37.662132,2006-06-16,벽부등,02-2091-4083,서울특별시 도봉구청,2017-05-17
05-11-12,1,서울특별시 도봉구 도봉로145가길 27,서울특별시 도봉구 방학제1동 680-20,127.041261,37.663629,2007-03-03,한전주,02-2091-4083,서울특별시 도봉구청,2017-05-17
05-18-12,1,서울특별시 도봉구 방학로 117-4,서울특별시 도봉구 방학제1동 673-22,127.039162,37.662504,2006-09-19,한전주,02-2091-4083,서울특별시 도봉구청,2017-05-17
05-09-12,1,서울특별시 도봉구 방학제1동 703-48,서울특별시 도봉구 방학제1동 703-48,127.041765,37.666247,2008-01-01,벽부등,02-2091-4083,서울특별시 도봉구청,2017-05-17
05-13-12,1,서울특별시 도봉구 방학제1동 690-64,서울특별시 도봉구 방학제1동 690-64,127.03813,37.66317,2008-01-01,벽부등,02-2091-4083,서울특별시 도봉구청,2017-05-17
05-02-12,1,서울특별시 도봉구 도당로13나길 110,서울특별시 도봉구 방학제1동 648-27,127.040331,37.668253,2008-01-01,한전주,02-2091-4083,서울특별시 도봉구청,2017-05-17
05-10-12,1,서울특별시 도봉구 방학제1동 683-37,서울특별시 도봉구 방학제1동 683-37,127.041086,37.665446,2008-01-01,한전주,02-2091-4083,서울특별시 도봉구청,2017-05-17
05-16-12,2,서울특별시 도봉구 방학제1동 691-2,서울특별시 도봉구 방학제1동 691-2,127.036514,37.663283,2008-03-03,한전주,02-2091-4083,서울특별시 도봉구청,2017-05-17
05-06-12,1,서울특별시 도봉구 방학제1동 701-29,서울특별시 도봉구 방학제1동 701-29,127.040081,37.667223,2008-01-01,벽부등,02-2091-4083,서울특별시 도봉구청,2017-05-17
05-14-12,1,서울특별시 도봉구 도봉로145길 80-2,서울특별시 도봉구 방학제1동 698-16,127.038172,37.664955,2008-01-01,벽부등,02-2091-4083,서울특별시 도봉구청,2017-05-17
05-20-13,1,서울특별시 도봉구 방학제1동 674-22,서울특별시 도봉구 방학제1동 674-22,127.038002,37.662005,2008-01-01,벽부등,02-2091-4083,서울특별시 도봉구청,2017-05-17
05-09-13,1,서울특별시 도봉구 도봉로149길 21-9,서울특별시 도봉구 방학제1동 703-41,127.041766,37.666044,2008-01-28,한전주,02-2091-4083,서울특별시 도봉구청,2017-05-17
11-13-20,1,서울특별시 도봉구 덕릉로60타길 5-7,서울특별시 도봉구 창제3동 492-28,127.043526,37.633878,2008-01-01,벽부등,02-2091-4083,서울특별시 도봉구청,2017-05-17
11-02-20,1,서울특별시 도봉구 덕릉로54가길 10-6,서울특별시 도봉구 창제3동 557-23,127.038634,37.637745,2006-03-10,벽부등,02-2091-4083,서울특별시 도봉구청,2017-05-17
11-10-20,1,서울특별시 도봉구 창제3동 456-6,서울특별시 도봉구 창제3동 456-6,127.040617,37.636806,2008-01-01,벽부등,02-2091-4083,서울특별시 도봉구청,2017-05-17
11-11-20,1,서울특별시 도봉구 창제3동 522-24,서울특별시 도봉구 창제3동 522-24,127.039279,37.63501,2008-01-01,벽부등,02-2091-4083,서울특별시 도봉구청,2017-05-17
11-14-20,1,서울특별시 도봉구 창제3동 492-5,서울특별시 도봉구 창제3동 492-5,127.043192,37.633934,2008-01-01,한전주,02-2091-4083,서울특별시 도봉구청,2017-05-17
14-25-33,1,서울특별시 도봉구 도봉제1동 608-15,서울특별시 도봉구 도봉제1동 608-15,127.040777,37.672123,2008-01-01,한전주,02-2091-4083,서울특별시 도봉구청,2017-05-17
14-15-33,1,서울특별시 도봉구 도봉제1동 593-73,서울특별시 도봉구 도봉제1동 593-73,127.042909,37.678533,2008-01-01,한전주,02-2091-4083,서울특별시 도봉구청,2017-05-17
14-27-33,1,서울특별시 도봉구 도봉제1동 611-3,서울특별시 도봉구 도봉제1동 611-3,127.041601,37.670373,2016-09-27,벽부등,02-2091-4083,서울특별시 도봉구청,2017-05-17
14-18-33,1,서울특별시 도봉구 도봉제1동 산66-16,서울특별시 도봉구 도봉제1동 산66-16,127.037511,37.679419,2008-01-01,한전주,02-2091-4083,서울특별시 도봉구청,2017-05-17
14-09-33,1,서울특별시 도봉구 도봉로181길 77,서울특별시 도봉구 도봉제1동 573-23,127.042018,37.685256,2012-04-04,한전주,02-2091-4083,서울특별시 도봉구청,2017-05-17
14-01-33,2,서울특별시 도봉구 도봉제1동 345,서울특별시 도봉구 도봉제1동 345,127.041337,37.689524,2014-04-15,한전주,02-2091-4083,서울특별시 도봉구청,2017-05-17
14-11-33,1,서울특별시 도봉구 도봉로177가길 10-8,서울특별시 도봉구 도봉제1동 581-3,127.043929,37.681964,2006-10-13,벽부등,02-2091-4083,서울특별시 도봉구청,2017-05-17
14-21-33,1,서울특별시 도봉구 도봉제1동 601-44,서울특별시 도봉구 도봉제1동 601-44,127.044038,37.674576,2007-03-05,독립주,02-2091-4083,서울특별시 도봉구청,2017-05-17
14-22-33,1,서울특별시 도봉구 도봉제1동 604-4,서울특별시 도봉구 도봉제1동 604-4,127.042123,37.674238,2008-01-01,한전주,02-2091-4083,서울특별시 도봉구청,2017-05-17
14-02-33,2,서울특별시 도봉구 도봉산4길3-14,서울특별시 도봉구 도봉제1동 282-296,127.04112,37.687659,2013-07-29,한전주,02-2091-4083,서울특별시 도봉구청,2017-05-17
14-28-33,1,서울특별시 도봉구 도봉제1동 609-31,서울특별시 도봉구 도봉제1동 609-31,127.040482,37.671068,2008-01-01,한전주,02-2091-4083,서울특별시 도봉구청,2017-05-17
14-09-34,1,서울특별시 도봉구 도봉로177길76-5,서울특별시 도봉구 도봉제1동 576-25,127.043138,37.683817,2012-10-29,통신주,02-2091-4083,서울특별시 도봉구청,2017-05-17
14-15-34,1,서울특별시 도봉구 도봉제1동 593-83,서울특별시 도봉구 도봉제1동 593-83,127.042681,37.678623,2008-01-01,한전주,02-2091-4083,서울특별시 도봉구청,2017-05-17
14-02-34,2,서울특별시 도봉구 도봉산4길282-17,서울특별시 도봉구 도봉제1동 282-17,127.04103,37.688064,2013-07-29,한전주,02-2091-4083,서울특별시 도봉구청,2017-05-17
14-19-34,1,서울특별시 도봉구 도봉제1동 468,서울특별시 도봉구 도봉제1동 468,127.033496,37.676918,2006-06-23,한전주,02-2091-4083,서울특별시 도봉구청,2017-05-17
14-01-34,1,서울특별시 도봉구 도봉로191길 73-20,서울특별시 도봉구 도봉제1동 349,127.041405,37.689902,2008-01-01,한전주,02-2091-4083,서울특별시 도봉구청,2017-05-17
14-27-34,1,서울특별시 도봉구 도봉제1동 620-29,서울특별시 도봉구 도봉제1동 620-29,127.043117,37.670461,2008-01-01,벽부등,02-2091-4083,서울특별시 도봉구청,2017-05-17
14-11-34,1,서울특별시 도봉구 도봉로181가길49,서울특별시 도봉구 도봉제1동 563-11,127.045044,37.681791,2013-11-29,벽부등,02-2091-4083,서울특별시 도봉구청,2017-05-17
14-21-34,1,서울특별시 도봉구 도봉제1동 600-12,서울특별시 도봉구 도봉제1동 600-12,127.043805,37.677069,2008-01-01,벽부등,02-2091-4083,서울특별시 도봉구청,2017-05-17
14-22-34,1,서울특별시 도봉구 도봉제1동 604-14,서울특별시 도봉구 도봉제1동 604-14,127.041888,37.673997,2008-01-01,한전주,02-2091-4083,서울특별시 도봉구청,2017-05-17
14-28-34,1,서울특별시 도봉구 도봉제1동 609-6,서울특별시 도봉구 도봉제1동 609-6,127.040576,37.670734,2008-01-01,벽부등,02-2091-4083,서울특별시 도봉구청,2017-05-17
14-25-34,1,서울특별시 도봉구 시루봉로23길 40-8,서울특별시 도봉구 도봉제1동 608-15,127.040624,37.672188,2008-01-01,한전주,02-2091-4083,서울특별시 도봉구청,2017-05-17
14-15-35,1,서울특별시 도봉구 도봉제1동 593-52,서울특별시 도봉구 도봉제1동 593-52,127.042417,37.678706,2008-01-01,한전주,02-2091-4083,서울특별시 도봉구청,2017-05-17
14-02-35,2,서울특별시 도봉구 도봉산4길 27-21,서울특별시 도봉구 도봉제1동 286-23,127.040996,37.688299,2012-09-18,한전주,02-2091-4083,서울특별시 도봉구청,2017-05-17
14-21-35,1,서울특별시 도봉구 도봉제1동 601-35,서울특별시 도봉구 도봉제1동 601-35,127.043837,37.675029,2008-01-01,벽부등,02-2091-4083,서울특별시 도봉구청,2017-05-17
14-28-35,1,서울특별시 도봉구 시루봉로296-6,서울특별시 도봉구 도봉제1동 612-7,127.041791,37.670945,2012-04-28,벽부등,02-2091-4083,서울특별시 도봉구청,2017-05-17
14-01-35,1,서울특별시 도봉구 도봉제1동 342-11,서울특별시 도봉구 도봉제1동 342-11,127.041775,37.689409,2007-05-08,한전주,02-2091-4083,서울특별시 도봉구청,2017-05-17
14-18-35,1,서울특별시 도봉구 도봉로173다길 12-11,서울특별시 도봉구 도봉제1동 산66-15,127.037307,37.679569,2008-01-01,전용주,02-2091-4083,서울특별시 도봉구청,2017-05-17
14-27-35,1,서울특별시 도봉구 도봉제1동 620-17,서울특별시 도봉구 도봉제1동 620-17,127.043045,37.670181,2008-01-01,벽부등,02-2091-4083,서울특별시 도봉구청,2017-05-17
14-09-35,1,서울특별시 도봉구 도봉로177길 94-20,서울특별시 도봉구 도봉제1동 576-12,127.04305,37.68397,2015-12-21,벽부등,02-2091-4083,서울특별시 도봉구청,2017-05-17
14-19-35,1,서울특별시 도봉구 도봉제1동 469,서울특별시 도봉구 도봉제1동 469,127.033874,37.677374,2006-09-29,한전주,02-2091-4083,서울특별시 도봉구청,2017-05-17
14-25-35,1,서울특별시 도봉구 도봉제1동 608-10,서울특별시 도봉구 도봉제1동 608-10,127.04065,37.672642,2008-01-01,한전주,02-2091-4083,서울특별시 도봉구청,2017-05-17
14-22-35,1,서울특별시 도봉구 도봉제1동 604-16,서울특별시 도봉구 도봉제1동 604-16,127.041766,37.673873,2008-01-01,한전주,02-2091-4083,서울특별시 도봉구청,2017-05-17
14-15-36,1,서울특별시 도봉구 도봉제1동 594-12,서울특별시 도봉구 도봉제1동 594-12,127.043205,37.679218,2008-01-01,벽부등,02-2091-4083,서울특별시 도봉구청,2017-05-17
10-18-04,1,서울특별시 도봉구 창제2동 585-122,서울특별시 도봉구 창제2동 585-122,127.036275,37.639807,2008-04-14,벽부등,02-2091-4083,서울특별시 도봉구청,2017-05-17
10-20-04,1,서울특별시 도봉구 창제2동 632-98,서울특별시 도봉구 창제2동 632-98,127.034193,37.640969,2008-01-01,한전주,02-2091-4083,서울특별시 도봉구청,2017-05-17
10-11-04,1,서울특별시 도봉구 도봉로106길 102,서울특별시 도봉구 창제2동 608-25,127.038491,37.645061,2008-01-01,한전주,02-2091-4083,서울특별시 도봉구청,2017-05-17
10-09-04,1,서울특별시 도봉구 창제2동 674-66,서울특별시 도봉구 창제2동 674-66,127.039585,37.646096,2006-08-05,벽부등,02-2091-4083,서울특별시 도봉구청,2017-05-17
10-10-04,1,서울특별시 도봉구 도봉로108길 76,서울특별시 도봉구 창제2동 608-10,127.03814,37.645575,2007-09-08,벽부등,02-2091-4083,서울특별시 도봉구청,2017-05-17
10-02-04,1,서울특별시 도봉구 창제2동 578-89,서울특별시 도봉구 창제2동 578-89,127.036084,37.638806,2008-01-01,벽부등,02-2091-4083,서울특별시 도봉구청,2017-05-17
10-19-04,1,서울특별시 도봉구 창제2동 585-121,서울특별시 도봉구 창제2동 585-121,127.034955,37.638639,2008-01-01,벽부등,02-2091-4083,서울특별시 도봉구청,2017-05-17
10-01-04,2,서울특별시 도봉구 창제2동 553-9,서울특별시 도봉구 창제2동 553-9,127.035776,37.638179,2008-02-12,한전주,02-2091-4083,서울특별시 도봉구청,2017-05-17
10-13-04,1,서울특별시 도봉구 창제2동 609-22,서울특별시 도봉구 창제2동 609-22,127.039809,37.644222,2007-08-18,한전주,02-2091-4083,서울특별시 도봉구청,2017-05-17
10-07-04,1,서울특별시 도봉구 창제2동 609-88,서울특별시 도봉구 창제2동 609-88,127.040632,37.644629,2008-01-01,벽부등,02-2091-4083,서울특별시 도봉구청,2017-05-17
10-05-04,1,서울특별시 도봉구 창제2동 601-49,서울특별시 도봉구 창제2동 601-49,127.038813,37.641271,2008-01-01,한전주,02-2091-4083,서울특별시 도봉구청,2017-05-17
10-16-04,1,서울특별시 도봉구 덕릉로59길 32-14,서울특별시 도봉구 창제2동 601-94,127.038262,37.641466,2006-08-02,한전주,02-2091-4083,서울특별시 도봉구청,2017-05-17
10-03-04,1,서울특별시 도봉구 덕릉로59가길 41-7,서울특별시 도봉구 창제2동 578-28,127.037547,37.6388,2008-01-01,벽부등,02-2091-4083,서울특별시 도봉구청,2017-05-17
10-22-04,1,서울특별시 도봉구 창제2동 635-15,서울특별시 도봉구 창제2동 635-15,127.034497,37.642033,2007-10-05,벽부등,02-2091-4083,서울특별시 도봉구청,2017-05-17
10-17-04,1,서울특별시 도봉구 창제2동 582-4,서울특별시 도봉구 창제2동 582-4,127.037111,37.641346,2008-01-01,한전주,02-2091-4083,서울특별시 도봉구청,2017-05-17
10-27-05,1,서울특별시 도봉구 창제2동 650-39,서울특별시 도봉구 창제2동 650-39,127.033561,37.645473,2008-01-01,벽부등,02-2091-4083,서울특별시 도봉구청,2017-05-17
10-04-05,1,서울특별시 도봉구 창제2동 581-15,서울특별시 도봉구 창제2동 581-15,127.038457,37.640411,2008-01-01,벽부등,02-2091-4083,서울특별시 도봉구청,2017-05-17
10-17-05,1,서울특별시 도봉구 덕릉로59길 52,서울특별시 도봉구 창제2동 596-6,127.037163,37.641395,2008-01-01,한전주,02-2091-4083,서울특별시 도봉구청,2017-05-17
10-09-05,1,서울특별시 도봉구 창제2동 674-62,서울특별시 도봉구 창제2동 674-62,127.039175,37.646036,2008-03-12,벽부등,02-2091-4083,서울특별시 도봉구청,2017-05-17
10-24-05,2,서울특별시 도봉구 도봉로110마길 37,서울특별시 도봉구 창제2동 623-104,127.036473,37.644467,2006-10-11,한전주,02-2091-4083,서울특별시 도봉구청,2017-05-17
10-10-05,1,서울특별시 도봉구 창제2동 608-148,서울특별시 도봉구 창제2동 608-148,127.038173,37.64537,2008-01-01,한전주,02-2091-4083,서울특별시 도봉구청,2017-05-17
10-26-05,1,서울특별시 도봉구 창제2동 624-33,서울특별시 도봉구 창제2동 624-33,127.035821,37.645022,2008-01-01,한전주,02-2091-4083,서울특별시 도봉구청,2017-05-17
10-05-05,1,서울특별시 도봉구 창제2동 601-45,서울특별시 도봉구 창제2동 601-45,127.038551,37.640996,2008-01-01,한전주,02-2091-4083,서울특별시 도봉구청,2017-05-17
10-23-05,1,서울특별시 도봉구 덕릉로63가길76,서울특별시 도봉구 창제2동 630-32,127.036507,37.642575,2012-03-21,한전주,02-2091-4083,서울특별시 도봉구청,2017-05-17
10-21-05,1,서울특별시 도봉구 덕릉로59차길 30-5,서울특별시 도봉구 창제2동 632-20,127.035067,37.640657,2006-09-22,벽부등,02-2091-4083,서울특별시 도봉구청,2017-05-17
10-06-05,1,서울특별시 도봉구 덕릉로61길 36,서울특별시 도봉구 창제2동 603-70,127.038614,37.641899,2008-01-01,한전주,02-2091-4083,서울특별시 도봉구청,2017-05-17
10-03-05,1,서울특별시 도봉구 창제2동 578-19,서울특별시 도봉구 창제2동 578-19,127.037356,37.638629,2008-01-01,벽부등,02-2091-4083,서울특별시 도봉구청,2017-05-17
10-18-05,1,서울특별시 도봉구 덕릉로59마길 42-3,서울특별시 도봉구 창제2동 585-40,127.036222,37.639575,2006-07-20,벽부등,02-2091-4083,서울특별시 도봉구청,2017-05-17
10-19-05,1,서울특별시 도봉구 창제2동 585-120,서울특별시 도봉구 창제2동 585-120,127.034801,37.638703,2008-01-01,한전주,02-2091-4083,서울특별시 도봉구청,2017-05-17
10-25-05,2,서울특별시 도봉구 도봉로106길 86,서울특별시 도봉구 창제2동 623-24,127.037553,37.64526,2008-01-01,한전주,02-2091-4083,서울특별시 도봉구청,2017-05-17
15-07-02,1,서울특별시 도봉구 도봉제2동 625-160,서울특별시 도봉구 도봉제2동 625-160,127.045493,37.675957,2010-03-26,한전주,02-2091-4083,서울특별시 도봉구청,2017-05-17
15-06-02,2,서울특별시 도봉구 도봉로152가길 134,서울특별시 도봉구 도봉제2동 625-91,127.045058,37.675746,2006-02-14,한전주,02-2091-4083,서울특별시 도봉구청,2017-05-17
15-01-02,1,서울특별시 도봉구 도봉제2동 654,서울특별시 도봉구 도봉제2동 654,127.049616,37.690659,2006-08-23,한전주,02-2091-4083,서울특별시 도봉구청,2017-05-17
15-29-03,1,서울특별시 도봉구 도봉제2동 622-53,서울특별시 도봉구 도봉제2동 622-53,127.045857,37.669629,2007-11-02,벽부등,02-2091-4083,서울특별시 도봉구청,2017-05-17
15-29-34,1,서울특별시 도봉구 도봉로154길18-26,서울특별시 도봉구 도봉제2동 622-25,127.0451,37.670177,2012-09-25,한전주,02-2091-4083,서울특별시 도봉구청,2017-05-17
15-03-34,1,서울특별시 도봉구 도봉제2동 92-67,서울특별시 도봉구 도봉제2동 92-67,127.045256,37.676836,2008-01-01,한전주,02-2091-4083,서울특별시 도봉구청,2017-05-17
15-06-35,1,서울특별시 도봉구 도봉제2동 625-18,서울특별시 도봉구 도봉제2동 625-18,127.047141,37.674992,2008-01-01,벽부등,02-2091-4083,서울특별시 도봉구청,2017-05-17
15-03-35,1,서울특별시 도봉구 도봉로152가길 160,서울특별시 도봉구 도봉제2동 92-49,127.045172,37.676656,2008-01-01,한전주,02-2091-4083,서울특별시 도봉구청,2017-05-17
15-29-35,1,서울특별시 도봉구 도봉로152길23-4,서울특별시 도봉구 도봉제2동 622-81,127.045263,37.669622,2014-09-25,벽부등,02-2091-4083,서울특별시 도봉구청,2017-05-17
15-10-35,1,서울특별시 도봉구 도봉제2동 95-5,서울특별시 도봉구 도봉제2동 95-5,127.047599,37.673839,2008-01-01,한전주,02-2091-4083,서울특별시 도봉구청,2017-05-17
15-03-36,2,서울특별시 도봉구 도봉로152가길 154,서울특별시 도봉구 도봉제2동 92-70,127.045172,37.676386,2008-01-01,한전주,02-2091-4083,서울특별시 도봉구청,2017-05-17
15-06-36,1,서울특별시 도봉구 도봉제2동 625-154,서울특별시 도봉구 도봉제2동 625-154,127.045064,37.675236,2008-01-01,벽부등,02-2091-4083,서울특별시 도봉구청,2017-05-17
15-10-36,1,서울특별시 도봉구 도봉제2동 95-9,서울특별시 도봉구 도봉제2동 95-9,127.047486,37.673923,2008-01-01,벽부등,02-2091-4083,서울특별시 도봉구청,2017-05-17
15-03-37,1,서울특별시 도봉구 도봉제2동 92-72,서울특별시 도봉구 도봉제2동 92-72,127.045091,37.676225,2008-03-26,벽부등,02-2091-4083,서울특별시 도봉구청,2017-05-17
15-10-37,1,서울특별시 도봉구 도봉제2동 95-25,서울특별시 도봉구 도봉제2동 95-25,127.047357,37.673785,2008-01-01,벽부등,02-2091-4083,서울특별시 도봉구청,2017-05-17
15-03-38,2,서울특별시 도봉구 도봉로152가길 182,서울특별시 도봉구 도봉제2동 92-55,127.045411,37.67771,2008-01-01,한전주,02-2091-4083,서울특별시 도봉구청,2017-05-17
15-10-38,1,서울특별시 도봉구 도봉제2동 95-27,서울특별시 도봉구 도봉제2동 95-27,127.047219,37.673593,2008-01-01,한전주,02-2091-4083,서울특별시 도봉구청,2017-05-17
15-10-39,1,서울특별시 도봉구 마들로28가길 9-1,서울특별시 도봉구 도봉제2동 95-46,127.047143,37.67343,2008-01-01,한전주,02-2091-4083,서울특별시 도봉구청,2017-05-17
15-06-39,1,서울특별시 도봉구 도봉로162길25,서울특별시 도봉구 도봉제2동 625-50,127.046321,37.674757,2013-09-25,벽부등,02-2091-4083,서울특별시 도봉구청,2017-05-17
15-03-39,1,서울특별시 도봉구 도봉제2동 89-106,서울특별시 도봉구 도봉제2동 89-106,127.04613,37.680216,2008-01-01,벽부등,02-2091-4083,서울특별시 도봉구청,2017-05-17
15-10-40,1,서울특별시 도봉구 도봉제2동 95-49,서울특별시 도봉구 도봉제2동 95-49,127.047113,37.673335,2008-01-01,벽부등,02-2091-4083,서울특별시 도봉구청,2017-05-17
15-03-40,1,서울특별시 도봉구 도봉제2동 92-42,서울특별시 도봉구 도봉제2동 92-42,127.045323,37.677605,2008-01-01,벽부등,02-2091-4083,서울특별시 도봉구청,2017-05-17
15-10-41,1,서울특별시 도봉구 마들로 706,서울특별시 도봉구 도봉제2동 95-69,127.047018,37.673169,2008-01-01,한전주,02-2091-4083,서울특별시 도봉구청,2017-05-17
15-03-41,2,서울특별시 도봉구 도봉로152가길6,서울특별시 도봉구 도봉제2동 637-126,127.045434,37.677864,2012-08-23,한전주,02-2091-4083,서울특별시 도봉구청,2017-05-17
15-10-42,2,서울특별시 도봉구 마들로28길 39,서울특별시 도봉구 도봉제2동 632,127.048061,37.674241,2007-03-19,한전주,02-2091-4083,서울특별시 도봉구청,2017-05-17
15-03-42,1,서울특별시 도봉구 도봉로152가길2,서울특별시 도봉구 도봉제2동 92-93,127.045841,37.680427,2012-09-14,벽부등,02-2091-4083,서울특별시 도봉구청,2017-05-17
15-10-43,1,서울특별시 도봉구 도봉제2동 637-125,서울특별시 도봉구 도봉제2동 637-125,127.048215,37.674561,2006-05-18,한전주,02-2091-4083,서울특별시 도봉구청,2017-05-17
15-10-45,1,서울특별시 도봉구 도봉제2동 632-131,서울특별시 도봉구 도봉제2동 632-131,127.048301,37.674751,2008-01-01,한전주,02-2091-4083,서울특별시 도봉구청,2017-05-17
15-10-46,1,서울특별시 도봉구 마들로 728-12,서울특별시 도봉구 도봉제2동 632-4,127.047994,37.67488,2008-01-01,한전주,02-2091-4083,서울특별시 도봉구청,2017-05-17
15-10-47,1,서울특별시 도봉구 도봉제2동 636-9,서울특별시 도봉구 도봉제2동 636-9,127.046641,37.669457,2006-06-16,전용주,02-2091-4083,서울특별시 도봉구청,2017-05-17
15-10-49,1,서울특별시 도봉구 도봉제2동 636-12,서울특별시 도봉구 도봉제2동 636-12,127.046749,37.669783,2008-01-01,전용주,02-2091-4083,서울특별시 도봉구청,2017-05-17
15-10-50,1,서울특별시 도봉구 도봉제2동 95-37,서울특별시 도봉구 도봉제2동 95-37,127.047807,37.673999,2007-05-03,벽부등,02-2091-4083,서울특별시 도봉구청,2017-05-17
15-10-51,1,서울특별시 도봉구 도봉제2동 95-11,서울특별시 도봉구 도봉제2동 95-11,127.047867,37.674123,2007-05-03,벽부등,02-2091-4083,서울특별시 도봉구청,2017-05-17
15-10-52,1,서울특별시 도봉구 마들로28나길2,서울특별시 도봉구 도봉제2동 634-18,127.04688,37.672822,2012-09-21,통신주,02-2091-4083,서울특별시 도봉구청,2017-05-17
15-10-53,1,서울특별시 도봉구 마들로28가길706,서울특별시 도봉구 도봉제2동 95-67,127.046847,37.673215,2012-09-21,한전주,02-2091-4083,서울특별시 도봉구청,2017-05-17
15-10-54,1,서울특별시 도봉구 마들로672-6,서울특별시 도봉구 도봉제2동 636-4,127.046713,37.670192,2012-10-19,통신주,02-2091-4083,서울특별시 도봉구청,2017-05-17
05-02-01,1,서울특별시 도봉구 방학제1동 647,서울특별시 도봉구 방학제1동 647,127.039586,37.668814,2006-05-18,한전주,02-2091-4083,서울특별시 도봉구청,2017-05-17
05-16-01,1,서울특별시 도봉구 방학로6길 20-23,서울특별시 도봉구 방학제1동 697-37,127.038072,37.664741,2008-01-01,한전주,02-2091-4083,서울특별시 도봉구청,2017-05-17
11-15-20,1,서울특별시 도봉구 덕릉로60길 120-21,서울특별시 도봉구 창제3동 484-11,127.041227,37.634519,2008-01-01,벽부등,02-2091-4083,서울특별시 도봉구청,2017-05-17
11-17-20,1,서울특별시 도봉구 창제3동 519-24,서울특별시 도봉구 창제3동 519-24,127.039828,37.633753,2007-01-05,벽부등,02-2091-4083,서울특별시 도봉구청,2017-05-17
11-02-21,1,서울특별시 도봉구 덕릉로60가길 50,서울특별시 도봉구 창제3동 557-24,127.038838,37.637628,2008-01-01,한전주,02-2091-4083,서울특별시 도봉구청,2017-05-17
11-16-21,1,서울특별시 도봉구 창제3동 501-17,서울특별시 도봉구 창제3동 501-17,127.040778,37.634188,2012-05-17,벽부등,02-2091-4083,서울특별시 도봉구청,2017-05-17
11-05-21,1,서울특별시 도봉구 창제3동 560-44,서울특별시 도봉구 창제3동 560-44,127.039197,37.637635,2008-01-01,한전주,02-2091-4083,서울특별시 도봉구청,2017-05-17
11-03-21,1,서울특별시 도봉구 창제3동 569-19,서울특별시 도봉구 창제3동 569-19,127.039628,37.63968,2008-01-01,벽부등,02-2091-4083,서울특별시 도봉구청,2017-05-17
11-06-21,1,서울특별시 도봉구 창제3동 537-10,서울특별시 도봉구 창제3동 537-10,127.03931,37.636716,2006-03-17,벽부등,02-2091-4083,서울특별시 도봉구청,2017-05-17
11-07-21,1,서울특별시 도봉구 덕릉로62길 38,서울특별시 도봉구 창제3동 449-109,127.04183,37.639907,2013-12-16,한전주,02-2091-4083,서울특별시 도봉구청,2017-05-17
11-08-21,1,서울특별시 도봉구 덕릉로60아길9,서울특별시 도봉구 창제3동 452-40,127.041682,37.638591,2013-12-17,한전주,02-2091-4083,서울특별시 도봉구청,2017-05-17
11-10-21,1,서울특별시 도봉구 창제3동 456-17,서울특별시 도봉구 창제3동 456-17,127.040484,37.6367,2008-01-01,한전주,02-2091-4083,서울특별시 도봉구청,2017-05-17
11-13-21,1,서울특별시 도봉구 우이천로4라길 11-32,서울특별시 도봉구 창제3동 492-26,127.043458,37.633977,2008-01-01,벽부등,02-2091-4083,서울특별시 도봉구청,2017-05-17
11-15-21,1,서울특별시 도봉구 창제3동 484-13,서울특별시 도봉구 창제3동 484-13,127.041265,37.63437,2008-01-01,벽부등,02-2091-4083,서울특별시 도봉구청,2017-05-17
11-17-21,1,서울특별시 도봉구 우이천로4가길 5-11,서울특별시 도봉구 창제3동 519-31,127.039765,37.633645,2008-01-01,한전주,02-2091-4083,서울특별시 도봉구청,2017-05-17
11-11-21,1,서울특별시 도봉구 우이천로10길10-4,서울특별시 도봉구 창제3동 549-17,127.039096,37.635159,2013-09-25,벽부등,02-2091-4083,서울특별시 도봉구청,2017-05-17
11-16-22,1,서울특별시 도봉구 창제3동 502-26,서울특별시 도봉구 창제3동 502-26,127.040728,37.633997,2008-01-01,벽부등,02-2091-4083,서울특별시 도봉구청,2017-05-17
11-08-22,1,서울특별시 도봉구 창제3동 453-13,서울특별시 도봉구 창제3동 453-13,127.040745,37.637696,2008-01-01,한전주,02-2091-4083,서울특별시 도봉구청,2017-05-17
11-09-22,1,서울특별시 도봉구 덕릉로60자길2,서울특별시 도봉구 창제3동 457-14,127.040945,37.637231,2013-12-16,한전주,02-2091-4083,서울특별시 도봉구청,2017-05-17
11-02-22,1,서울특별시 도봉구 창제3동 557-76,서울특별시 도봉구 창제3동 557-76,127.038739,37.637434,2006-03-09,한전주,02-2091-4083,서울특별시 도봉구청,2017-05-17
11-03-22,1,서울특별시 도봉구 창제3동 569-30,서울특별시 도봉구 창제3동 569-30,127.039525,37.639515,2006-07-05,한전주,02-2091-4083,서울특별시 도봉구청,2017-05-17
11-06-22,1,서울특별시 도봉구 우이천로4다길75,서울특별시 도봉구 창제3동 545-2,127.039314,37.636952,2013-12-13,한전주,02-2091-4083,서울특별시 도봉구청,2017-05-17
11-07-22,1,서울특별시 도봉구 창제3동 448-57,서울특별시 도봉구 창제3동 448-57,127.040943,37.639281,2008-01-01,벽부등,02-2091-4083,서울특별시 도봉구청,2017-05-17
11-10-22,1,서울특별시 도봉구 창제3동 456-10,서울특별시 도봉구 창제3동 456-10,127.040176,37.636717,2008-01-01,한전주,02-2091-4083,서울특별시 도봉구청,2017-05-17
11-11-22,1,서울특별시 도봉구 우이천로10길14,서울특별시 도봉구 창제3동 549-16,127.039097,37.635267,2013-12-17,한전주,02-2091-4083,서울특별시 도봉구청,2017-05-17
11-13-22,1,서울특별시 도봉구 덕릉로60길 135-36,서울특별시 도봉구 창제3동 492-38,127.043243,37.634374,2007-03-12,한전주,02-2091-4083,서울특별시 도봉구청,2017-05-17
11-15-22,1,서울특별시 도봉구 창제3동 484-15,서울특별시 도봉구 창제3동 484-15,127.041393,37.634147,2008-01-01,벽부등,02-2091-4083,서울특별시 도봉구청,2017-05-17
11-17-22,1,서울특별시 도봉구 우이천로4길 13,서울특별시 도봉구 창제3동 507-5,127.040094,37.633717,2006-03-29,벽부등,02-2091-4083,서울특별시 도봉구청,2017-05-17
11-15-23,1,서울특별시 도봉구 우이천로4길 35,서울특별시 도봉구 창제3동 484-31,127.041363,37.634059,2007-09-28,한전주,02-2091-4083,서울특별시 도봉구청,2017-05-17
11-08-23,1,서울특별시 도봉구 덕릉로62길48,서울특별시 도봉구 창제3동 451-7,127.042057,37.639456,2013-12-16,한전주,02-2091-4083,서울특별시 도봉구청,2017-05-17
11-05-23,1,서울특별시 도봉구 덕릉로54길59,서울특별시 도봉구 창제3동 555-13,127.038724,37.637097,2013-12-13,한전주,02-2091-4083,서울특별시 도봉구청,2017-05-17
11-06-23,1,서울특별시 도봉구 우이천로4다길77,서울특별시 도봉구 창제3동 541-4,127.039257,37.637042,2013-12-13,한전주,02-2091-4083,서울특별시 도봉구청,2017-05-17
11-09-23,1,서울특별시 도봉구 덕릉로60길81,서울특별시 도봉구 창제3동 467-6,127.04116,37.636798,2013-12-16,한전주,02-2091-4083,서울특별시 도봉구청,2017-05-17
11-11-23,1,서울특별시 도봉구 우이천로10길6,서울특별시 도봉구 창제3동 525-15,127.03878,37.635123,2013-12-17,한전주,02-2091-4083,서울특별시 도봉구청,2017-05-17
11-02-23,1,서울특별시 도봉구 덕릉로54가길 6-7,서울특별시 도봉구 창제3동 557-25,127.038623,37.637511,2007-06-04,한전주,02-2091-4083,서울특별시 도봉구청,2017-05-17
11-03-23,1,서울특별시 도봉구 창제3동 569-39,서울특별시 도봉구 창제3동 569-39,127.039408,37.639337,2008-01-01,벽부등,02-2091-4083,서울특별시 도봉구청,2017-05-17
14-28-36,1,서울특별시 도봉구 도봉로153길50,서울특별시 도봉구 도봉제1동 610-33,127.040643,37.669993,2013-03-11,벽부등,02-2091-4083,서울특별시 도봉구청,2017-05-17
14-02-36,1,서울특별시 도봉구 도봉제1동 286-27,서울특별시 도봉구 도봉제1동 286-27,127.041234,37.688569,2006-06-09,벽부등,02-2091-4083,서울특별시 도봉구청,2017-05-17
14-21-36,1,서울특별시 도봉구 도봉로163길 801,서울특별시 도봉구 도봉제1동 600-29,127.044492,37.676026,2012-07-20,한전주,02-2091-4083,서울특별시 도봉구청,2017-05-17
14-19-36,1,서울특별시 도봉구 도봉제1동 470,서울특별시 도봉구 도봉제1동 470,127.034717,37.677699,2008-01-01,한전주,02-2091-4083,서울특별시 도봉구청,2017-05-17
14-25-36,1,서울특별시 도봉구 도봉제1동 615-1,서울특별시 도봉구 도봉제1동 615-1,127.041031,37.672699,2008-01-01,한전주,02-2091-4083,서울특별시 도봉구청,2017-05-17
14-01-36,1,서울특별시 도봉구 도봉제1동 294-2,서울특별시 도봉구 도봉제1동 294-2,127.042052,37.689271,2008-01-01,한전주,02-2091-4083,서울특별시 도봉구청,2017-05-17
14-22-36,1,서울특별시 도봉구 도봉제1동 605,서울특별시 도봉구 도봉제1동 605,127.04152,37.673622,2008-01-01,한전주,02-2091-4083,서울특별시 도봉구청,2017-05-17
14-18-36,1,서울특별시 도봉구 도봉제1동 산66-13,서울특별시 도봉구 도봉제1동 산66-13,127.037272,37.679693,2007-06-05,전용주,02-2091-4083,서울특별시 도봉구청,2017-05-17
14-19-37,1,서울특별시 도봉구 도봉제1동 470,서울특별시 도봉구 도봉제1동 470,127.034642,37.677824,2008-01-01,한전주,02-2091-4083,서울특별시 도봉구청,2017-05-17
14-01-37,1,서울특별시 도봉구 도봉제1동 287-1,서울특별시 도봉구 도봉제1동 287-1,127.041977,37.689201,2008-01-01,전용주,02-2091-4083,서울특별시 도봉구청,2017-05-17
14-28-37,1,서울특별시 도봉구 도봉로153길58-8,서울특별시 도봉구 도봉제1동 610-12,127.039898,37.670108,2013-04-24,NULL,02-2091-4083,서울특별시 도봉구청,2017-05-17
14-02-37,1,서울특별시 도봉구 도봉제1동 286-13,서울특별시 도봉구 도봉제1동 286-13,127.041404,37.688479,2008-01-01,한전주,02-2091-4083,서울특별시 도봉구청,2017-05-17
14-22-37,1,서울특별시 도봉구 시루봉로23길 60,서울특별시 도봉구 도봉제1동 605-2,127.041362,37.673459,2008-01-01,한전주,02-2091-4083,서울특별시 도봉구청,2017-05-17
14-15-37,1,서울특별시 도봉구 도봉제1동 593-69,서울특별시 도봉구 도봉제1동 593-69,127.043216,37.678711,2008-01-01,벽부등,02-2091-4083,서울특별시 도봉구청,2017-05-17
14-21-37,1,서울특별시 도봉구 도봉로823,서울특별시 도봉구 도봉제1동 596-29,127.044221,37.677954,2013-11-22,한전주,02-2091-4083,서울특별시 도봉구청,2017-05-17
14-25-37,1,서울특별시 도봉구 도봉제1동 608-2,서울특별시 도봉구 도봉제1동 608-2,127.040927,37.672453,2006-04-06,벽부등,02-2091-4083,서울특별시 도봉구청,2017-05-17
09-25-04,1,서울특별시 도봉구 창제1동 369-2,서울특별시 도봉구 창제1동 369-2,127.046582,37.648272,2007-08-18,전용주,02-2091-4083,서울특별시 도봉구청,2017-05-17
09-09-04,1,서울특별시 도봉구 창제1동 663-43,서울특별시 도봉구 창제1동 663-43,127.036491,37.649057,2007-09-12,벽부등,02-2091-4083,서울특별시 도봉구청,2017-05-17
09-07-04,1,서울특별시 도봉구 도봉로116길 35,서울특별시 도봉구 창제1동 664-33,127.037506,37.648287,2006-12-04,한전주,02-2091-4083,서울특별시 도봉구청,2017-05-17
09-01-04,1,서울특별시 도봉구 창제1동 651-2,서울특별시 도봉구 창제1동 651-2,127.035601,37.646895,2008-01-01,한전주,02-2091-4083,서울특별시 도봉구청,2017-05-17
09-02-04,1,서울특별시 도봉구 창제1동 651-66,서울특별시 도봉구 창제1동 651-66,127.035932,37.646422,2008-01-01,벽부등,02-2091-4083,서울특별시 도봉구청,2017-05-17
09-03-04,1,서울특별시 도봉구 창제1동 657-92,서울특별시 도봉구 창제1동 657-92,127.035933,37.647137,2008-01-01,벽부등,02-2091-4083,서울특별시 도봉구청,2017-05-17
09-04-04,1,서울특별시 도봉구 도봉로112길 57-5,서울특별시 도봉구 창제1동 667-106,127.037982,37.647305,2006-04-28,벽부등,02-2091-4083,서울특별시 도봉구청,2017-05-17
09-12-04,1,서울특별시 도봉구 창제1동 366-1,서울특별시 도봉구 창제1동 366-1,127.04458,37.647277,2012-08-07,벽부등,02-2091-4083,서울특별시 도봉구청,2017-05-17
09-10-04,1,서울특별시 도봉구 창제1동 661-83,서울특별시 도봉구 창제1동 661-83,127.036101,37.649783,2007-05-22,한전주,02-2091-4083,서울특별시 도봉구청,2017-05-17
09-11-04,1,서울특별시 도봉구 창제1동 662-48,서울특별시 도봉구 창제1동 662-48,127.0373,37.649436,2008-01-01,벽부등,02-2091-4083,서울특별시 도봉구청,2017-05-17
09-05-04,1,서울특별시 도봉구 창제1동 676-20,서울특별시 도봉구 창제1동 676-20,127.038136,37.646632,2007-12-04,한전주,02-2091-4083,서울특별시 도봉구청,2017-05-17
09-02-05,1,서울특별시 도봉구 창제1동 651-71,서울특별시 도봉구 창제1동 651-71,127.035983,37.646662,2008-01-01,통신주,02-2091-4083,서울특별시 도봉구청,2017-05-17
09-25-05,1,서울특별시 도봉구 창제1동 산158,서울특별시 도봉구 창제1동 산158,127.046009,37.647167,2008-01-01,전용주,02-2091-4083,서울특별시 도봉구청,2017-05-17
09-04-05,1,서울특별시 도봉구 창제1동 667-114,서울특별시 도봉구 창제1동 667-114,127.037688,37.647226,2006-04-26,한전주,02-2091-4083,서울특별시 도봉구청,2017-05-17
09-08-05,1,서울특별시 도봉구 도봉로116길 13,서울특별시 도봉구 창제1동 658-65,127.036305,37.648206,2006-12-04,한전주,02-2091-4083,서울특별시 도봉구청,2017-05-17
09-09-05,1,서울특별시 도봉구 창제1동 663-46,서울특별시 도봉구 창제1동 663-46,127.036481,37.649162,2007-09-12,벽부등,02-2091-4083,서울특별시 도봉구청,2017-05-17
09-03-05,1,서울특별시 도봉구 창제1동 657-141,서울특별시 도봉구 창제1동 657-141,127.035927,37.647218,2006-12-29,한전주,02-2091-4083,서울특별시 도봉구청,2017-05-17
09-07-05,1,서울특별시 도봉구 창제1동 664-16,서울특별시 도봉구 창제1동 664-16,127.037804,37.648515,2008-01-01,한전주,02-2091-4083,서울특별시 도봉구청,2017-05-17
15-10-03,1,서울특별시 도봉구 도봉제2동 636-8,서울특별시 도봉구 도봉제2동 636-8,127.046659,37.669628,2006-06-16,전용주,02-2091-4083,서울특별시 도봉구청,2017-05-17
15-05-03,1,서울특별시 도봉구 도봉제2동 631-31,서울특별시 도봉구 도봉제2동 631-31,127.048244,37.675339,2008-01-01,한전주,02-2091-4083,서울특별시 도봉구청,2017-05-17
15-28-03,1,서울특별시 도봉구 도봉제2동 623-73,서울특별시 도봉구 도봉제2동 623-73,127.045148,37.671517,2007-12-13,벽부등,02-2091-4083,서울특별시 도봉구청,2017-05-17
15-08-03,1,서울특별시 도봉구 도봉제2동 624-111,서울특별시 도봉구 도봉제2동 624-111,127.046007,37.673842,2008-01-01,한전주,02-2091-4083,서울특별시 도봉구청,2017-05-17
15-09-03,1,서울특별시 도봉구 도봉제2동 623-78,서울특별시 도봉구 도봉제2동 623-78,127.045759,37.672521,2013-11-13,벽부등,02-2091-4083,서울특별시 도봉구청,2017-05-17
15-27-03,1,서울특별시 도봉구 도봉제2동 624-18,서울특별시 도봉구 도봉제2동 624-18,127.045067,37.673012,2008-01-01,벽부등,02-2091-4083,서울특별시 도봉구청,2017-05-17
15-07-03,1,서울특별시 도봉구 도봉제2동 625-1,서울특별시 도봉구 도봉제2동 625-1,127.045773,37.675874,2010-03-26,한전주,02-2091-4083,서울특별시 도봉구청,2017-05-17
15-01-03,1,서울특별시 도봉구 도봉제2동 654-1,서울특별시 도봉구 도봉제2동 654-1,127.049413,37.690636,2008-01-01,한전주,02-2091-4083,서울특별시 도봉구청,2017-05-17
15-03-03,1,서울특별시 도봉구 도봉로168길 16-3,서울특별시 도봉구 도봉제2동 628-8,127.04589,37.678589,2008-01-01,한전주,02-2091-4083,서울특별시 도봉구청,2017-05-17
15-06-03,1,서울특별시 도봉구 도봉제2동 625-153,서울특별시 도봉구 도봉제2동 625-153,127.045254,37.675463,2008-01-01,벽부등,02-2091-4083,서울특별시 도봉구청,2017-05-17
15-02-03,1,서울특별시 도봉구 도봉제2동 83-2,서울특별시 도봉구 도봉제2동 83-2,127.049413,37.682203,2008-04-05,벽부등,02-2091-4083,서울특별시 도봉구청,2017-05-17
15-29-04,1,서울특별시 도봉구 도봉로152길 29,서울특별시 도봉구 도봉제2동 622-65,127.045508,37.669461,2008-01-01,벽부등,02-2091-4083,서울특별시 도봉구청,2017-05-17
15-01-04,2,서울특별시 도봉구 도봉제2동 1-69,서울특별시 도봉구 도봉제2동 1-69,127.04907,37.690701,2012-07-23,한전주,02-2091-4083,서울특별시 도봉구청,2017-05-17
15-02-04,1,서울특별시 도봉구 도봉로180길 50,서울특별시 도봉구 도봉제2동 83-2,127.049064,37.682349,2008-04-05,한전주,02-2091-4083,서울특별시 도봉구청,2017-05-17
15-08-04,1,서울특별시 도봉구 도봉로156길 17-10,서울특별시 도봉구 도봉제2동 624-49,127.045465,37.673215,2015-05-12,벽부등,02-2091-4083,서울특별시 도봉구청,2017-05-17
15-05-04,1,서울특별시 도봉구 도봉제2동 631-13,서울특별시 도봉구 도봉제2동 631-13,127.048446,37.675528,2008-01-01,한전주,02-2091-4083,서울특별시 도봉구청,2017-05-17
15-09-04,2,서울특별시 도봉구 도봉로156길 22,서울특별시 도봉구 도봉제2동 623-77,127.045488,37.672655,2006-05-22,한전주,02-2091-4083,서울특별시 도봉구청,2017-05-17
15-03-04,1,서울특별시 도봉구 도봉로168길 16,서울특별시 도봉구 도봉제2동 628-12,127.045803,37.678436,2008-01-01,벽부등,02-2091-4083,서울특별시 도봉구청,2017-05-17
15-28-04,1,서울특별시 도봉구 도봉제2동 623-74,서울특별시 도봉구 도봉제2동 623-74,127.045279,37.671446,2007-03-05,벽부등,02-2091-4083,서울특별시 도봉구청,2017-05-17
15-06-04,1,서울특별시 도봉구 도봉로152가길 132,서울특별시 도봉구 도봉제2동 625-155,127.044977,37.675234,2006-02-14,한전주,02-2091-4083,서울특별시 도봉구청,2017-05-17
15-07-04,1,서울특별시 도봉구 도봉제2동 625-5,서울특별시 도봉구 도봉제2동 625-5,127.046175,37.675754,2010-03-26,한전주,02-2091-4083,서울특별시 도봉구청,2017-05-17
15-27-04,1,서울특별시 도봉구 도봉로152가길 86,서울특별시 도봉구 도봉제2동 624-13,127.044603,37.673089,2006-09-12,한전주,02-2091-4083,서울특별시 도봉구청,2017-05-17
15-10-04,1,서울특별시 도봉구 도봉제2동 635-11,서울특별시 도봉구 도봉제2동 635-11,127.046756,37.670376,2008-01-01,벽부등,02-2091-4083,서울특별시 도봉구청,2017-05-17
15-09-05,1,서울특별시 도봉구 도봉제2동 623-102,서울특별시 도봉구 도봉제2동 623-102,127.046305,37.6722,2008-01-01,전용주,02-2091-4083,서울특별시 도봉구청,2017-05-17
15-08-05,1,서울특별시 도봉구 도봉로156길 17-18,서울특별시 도봉구 도봉제2동 624-46,127.045544,37.673476,2008-01-01,한전주,02-2091-4083,서울특별시 도봉구청,2017-05-17
15-28-05,1,서울특별시 도봉구 도봉제2동 623-52,서울특별시 도봉구 도봉제2동 623-52,127.04486,37.67163,2008-01-07,한전주,02-2091-4083,서울특별시 도봉구청,2017-05-17
15-05-05,1,서울특별시 도봉구 마들로28길 93,서울특별시 도봉구 도봉제2동 631-29,127.048822,37.676051,2007-01-23,한전주,02-2091-4083,서울특별시 도봉구청,2017-05-17
15-10-05,1,서울특별시 도봉구 도봉제2동 636-6,서울특별시 도봉구 도봉제2동 636-6,127.046745,37.670097,2008-01-01,벽부등,02-2091-4083,서울특별시 도봉구청,2017-05-17
15-01-05,2,서울특별시 도봉구 도봉제2동 1-17답,서울특별시 도봉구 도봉제2동 1-17답,127.048741,37.690719,2012-07-25,한전주,02-2091-4083,서울특별시 도봉구청,2017-05-17
15-07-05,1,서울특별시 도봉구 도봉제2동 626-25,서울특별시 도봉구 도봉제2동 626-25,127.046753,37.675511,2008-01-01,벽부등,02-2091-4083,서울특별시 도봉구청,2017-05-17
15-29-05,1,서울특별시 도봉구 도봉제2동 622-64,서울특별시 도봉구 도봉제2동 622-64,127.045588,37.669547,2008-01-01,벽부등,02-2091-4083,서울특별시 도봉구청,2017-05-17
15-06-05,1,서울특별시 도봉구 도봉제2동 625-154,서울특별시 도봉구 도봉제2동 625-154,127.045237,37.675206,2007-11-01,벽부등,02-2091-4083,서울특별시 도봉구청,2017-05-17
15-27-05,1,서울특별시 도봉구 도봉로152가길 86,서울특별시 도봉구 도봉제2동 624-124,127.044989,37.673332,2008-01-01,한전주,02-2091-4083,서울특별시 도봉구청,2017-05-17
15-02-05,1,서울특별시 도봉구 도봉제2동 63-7,서울특별시 도봉구 도봉제2동 63-7,127.048648,37.682535,2008-04-05,한전주,02-2091-4083,서울특별시 도봉구청,2017-05-17
05-13-01,1,서울특별시 도봉구 방학로 122-5,서울특별시 도봉구 방학제1동 690-55,127.038421,37.663135,2008-01-01,벽부등,02-2091-4083,서울특별시 도봉구청,2017-05-17
05-15-01,1,서울특별시 도봉구 방학제1동 696-1,서울특별시 도봉구 방학제1동 696-1,127.036608,37.664997,2008-01-01,한전주,02-2091-4083,서울특별시 도봉구청,2017-05-17
05-19-01,1,서울특별시 도봉구 도당로 40-6,서울특별시 도봉구 방학제1동 671-22,127.035326,37.661965,2006-09-18,한전주,02-2091-4083,서울특별시 도봉구청,2017-05-17
05-21-01,1,서울특별시 도봉구 방학제1동 677-15,서울특별시 도봉구 방학제1동 677-15,127.041274,37.661987,2008-01-01,통신주,02-2091-4083,서울특별시 도봉구청,2017-05-17
05-09-01,1,서울특별시 도봉구 도당로 132,서울특별시 도봉구 방학제1동 702,127.040981,37.667217,2008-01-01,한전주,02-2091-4083,서울특별시 도봉구청,2017-05-17
05-10-01,1,서울특별시 도봉구 도봉로 689,서울특별시 도봉구 방학제1동 703-56,127.042509,37.666056,2008-01-01,한전주,02-2091-4083,서울특별시 도봉구청,2017-05-17
05-06-01,1,서울특별시 도봉구 방학제1동 701-9,서울특별시 도봉구 방학제1동 701-9,127.03877,37.666506,2008-01-01,벽부등,02-2091-4083,서울특별시 도봉구청,2017-05-17
05-01-01,1,서울특별시 도봉구 도당로21길 39,서울특별시 도봉구 방학제1동 646-7,127.039753,37.6691,2008-01-01,한전주,02-2091-4083,서울특별시 도봉구청,2017-05-17
05-18-01,1,서울특별시 도봉구 방학로7길 6-8,서울특별시 도봉구 방학제1동 671-10,127.035858,37.66224,2008-01-01,한전주,02-2091-4083,서울특별시 도봉구청,2017-05-17
05-03-01,1,서울특별시 도봉구 도당로23길 17,서울특별시 도봉구 방학제1동 648-20,127.040055,37.668054,2006-06-16,벽부등,02-2091-4083,서울특별시 도봉구청,2017-05-17
10-28-17,1,서울특별시 도봉구 덕릉로59마길36,서울특별시 도봉구 창제2동 585-63,127.035769,37.638908,2012-10-05,통신주,02-2091-4083,서울특별시 도봉구청,2017-05-17
10-09-17,1,서울특별시 도봉구 창제2동 674-21,서울특별시 도봉구 창제2동 674-21,127.037754,37.646276,2008-01-01,한전주,02-2091-4083,서울특별시 도봉구청,2017-05-17
10-23-17,1,서울특별시 도봉구 도봉로104길 79,서울특별시 도봉구 창제2동,127.036468,37.643497,2015-06-30,한전주,02-2091-4083,서울특별시 도봉구청,2017-05-17
10-01-17,1,서울특별시 도봉구 창제2동 553-8,서울특별시 도봉구 창제2동 553-8,127.036595,37.638253,2008-01-01,한전주,02-2091-4083,서울특별시 도봉구청,2017-05-17
10-24-17,1,서울특별시 도봉구 도봉로110아길 46,서울특별시 도봉구 창제2동 623-38,127.037673,37.644196,2008-01-01,한전주,02-2091-4083,서울특별시 도봉구청,2017-05-17
10-21-17,1,서울특별시 도봉구 창제2동 632-47,서울특별시 도봉구 창제2동 632-47,127.034986,37.641036,2008-01-01,한전주,02-2091-4083,서울특별시 도봉구청,2017-05-17
10-22-17,1,서울특별시 도봉구 창제2동 635-3,서울특별시 도봉구 창제2동 635-3,127.034938,37.641995,2008-01-01,벽부등,02-2091-4083,서울특별시 도봉구청,2017-05-17
10-02-17,1,서울특별시 도봉구 창제2동 578-132,서울특별시 도봉구 창제2동 578-132,127.036784,37.638429,2008-01-01,한전주,02-2091-4083,서울특별시 도봉구청,2017-05-17
10-25-17,1,서울특별시 도봉구 창제2동 621-24,서울특별시 도봉구 창제2동 621-24,127.036591,37.645685,2006-03-17,벽부등,02-2091-4083,서울특별시 도봉구청,2017-05-17
10-04-17,1,서울특별시 도봉구 창제2동 581-36,서울특별시 도봉구 창제2동 581-36,127.037847,37.640534,2008-01-01,벽부등,02-2091-4083,서울특별시 도봉구청,2017-05-17
10-10-17,1,서울특별시 도봉구 도봉로106길 101-5,서울특별시 도봉구 창제2동 608-126,127.038415,37.64535,2015-01-06,벽부등,02-2091-4083,서울특별시 도봉구청,2017-05-17
10-18-17,2,서울특별시 도봉구 창제2동 585-11,서울특별시 도봉구 창제2동 585-11,127.035664,37.640215,2008-01-01,한전주,02-2091-4083,서울특별시 도봉구청,2017-05-17
10-27-17,1,서울특별시 도봉구 창제2동 628-24,서울특별시 도봉구 창제2동 628-24,127.03513,37.644176,2008-01-01,벽부등,02-2091-4083,서울특별시 도봉구청,2017-05-17
10-05-17,1,서울특별시 도봉구 창제2동 601-4,서울특별시 도봉구 창제2동 601-4,127.039902,37.640978,2007-06-11,벽부등,02-2091-4083,서울특별시 도봉구청,2017-05-17
10-11-17,1,서울특별시 도봉구 도봉로110아길 41,서울특별시 도봉구 창제2동 608-77,127.037663,37.64435,2006-06-26,벽부등,02-2091-4083,서울특별시 도봉구청,2017-05-17
10-19-17,1,서울특별시 도봉구 창제2동 585-96,서울특별시 도봉구 창제2동 585-96,127.035592,37.638718,2008-01-01,한전주,02-2091-4083,서울특별시 도봉구청,2017-05-17
10-07-17,1,서울특별시 도봉구 창제2동 442-37,서울특별시 도봉구 창제2동 442-37,127.040695,37.643033,2007-01-20,벽부등,02-2091-4083,서울특별시 도봉구청,2017-05-17
10-08-17,1,서울특별시 도봉구 창제2동 608-212,서울특별시 도봉구 창제2동 608-212,127.039859,37.645032,2006-03-08,한전주,02-2091-4083,서울특별시 도봉구청,2017-05-17
10-17-17,1,서울특별시 도봉구 창제2동 582-82,서울특별시 도봉구 창제2동 582-82,127.037507,37.640761,2008-01-01,한전주,02-2091-4083,서울특별시 도봉구청,2017-05-17
10-09-18,1,서울특별시 도봉구 창제2동 674-22,서울특별시 도봉구 창제2동 674-22,127.037832,37.645943,2008-01-01,한전주,02-2091-4083,서울특별시 도봉구청,2017-05-17
10-08-18,1,서울특별시 도봉구 창제2동 608-167,서울특별시 도봉구 창제2동 608-167,127.039682,37.645359,2008-01-10,한전주,02-2091-4083,서울특별시 도봉구청,2017-05-17
10-24-18,1,서울특별시 도봉구 도봉로104길 91-18,서울특별시 도봉구 창제2동 623-32,127.037391,37.64444,2008-01-01,벽부등,02-2091-4083,서울특별시 도봉구청,2017-05-17
10-07-18,1,서울특별시 도봉구 창제2동 596-15,서울특별시 도봉구 창제2동 596-15,127.036924,37.641466,2007-01-20,벽부등,02-2091-4083,서울특별시 도봉구청,2017-05-17
10-25-18,1,서울특별시 도봉구 창제2동 623-7,서울특별시 도봉구 창제2동 623-7,127.037059,37.644933,2006-03-17,한전주,02-2091-4083,서울특별시 도봉구청,2017-05-17
11-07-23,1,서울특별시 도봉구 창제3동 448-15,서울특별시 도봉구 창제3동 448-15,127.041282,37.639983,2008-01-01,벽부등,02-2091-4083,서울특별시 도봉구청,2017-05-17
11-10-23,1,서울특별시 도봉구 우이천로12길74-11,서울특별시 도봉구 창제3동 532-1,127.040469,37.636537,2013-12-17,한전주,02-2091-4083,서울특별시 도봉구청,2017-05-17
11-13-23,1,서울특별시 도봉구 덕릉로60길 135-5,서울특별시 도봉구 창제3동 474-8,127.043017,37.634689,2006-10-23,한전주,02-2091-4083,서울특별시 도봉구청,2017-05-17
11-16-23,1,서울특별시 도봉구 우이천로4나길 5,서울특별시 도봉구 창제3동 501-13,127.040547,37.633942,2013-12-17,한전주,02-2091-4083,서울특별시 도봉구청,2017-05-17
11-17-23,1,서울특별시 도봉구 창제3동 518-43,서울특별시 도봉구 창제3동 518-43,127.040215,37.633405,2007-10-17,벽부등,02-2091-4083,서울특별시 도봉구청,2017-05-17
11-07-24,1,서울특별시 도봉구 덕릉로60나길 16-14,서울특별시 도봉구 창제3동 448-49,127.041332,37.639402,2014-05-09,벽부등,02-2091-4083,서울특별시 도봉구청,2017-05-17
11-08-24,1,서울특별시 도봉구 덕릉로62길54,서울특별시 도봉구 창제3동 452-10,127.042204,37.639456,2013-12-16,한전주,02-2091-4083,서울특별시 도봉구청,2017-05-17
11-17-24,1,서울특별시 도봉구 우이천로4길 12-6,서울특별시 도봉구 창제3동 509,127.040354,37.633195,2006-06-20,벽부등,02-2091-4083,서울특별시 도봉구청,2017-05-17
11-02-24,1,서울특별시 도봉구 창제3동 557-9,서울특별시 도봉구 창제3동 557-9,127.038478,37.6389,2008-01-01,한전주,02-2091-4083,서울특별시 도봉구청,2017-05-17
11-16-24,1,서울특별시 도봉구 창제3동 501-8,서울특별시 도봉구 창제3동 501-8,127.040621,37.634175,2008-01-01,벽부등,02-2091-4083,서울특별시 도봉구청,2017-05-17
11-03-24,1,서울특별시 도봉구 창제3동 569-50,서울특별시 도봉구 창제3동 569-50,127.039299,37.639173,2006-03-13,한전주,02-2091-4083,서울특별시 도봉구청,2017-05-17
11-05-24,1,서울특별시 도봉구 창제3동 560-30,서울특별시 도봉구 창제3동 560-30,127.039483,37.637586,2008-02-18,한전주,02-2091-4083,서울특별시 도봉구청,2017-05-17
11-09-24,1,서울특별시 도봉구 덕릉로60차길14,서울특별시 도봉구 창제3동 467-4,127.041511,37.636852,2013-12-17,한전주,02-2091-4083,서울특별시 도봉구청,2017-05-17
11-11-24,1,서울특별시 도봉구 창제3동 525-16,서울특별시 도봉구 창제3동 525-16,127.038863,37.634959,2007-10-11,전용주,02-2091-4083,서울특별시 도봉구청,2017-05-17
11-15-24,1,서울특별시 도봉구 우이천로4길45,서울특별시 도봉구 창제3동 482-25,127.041759,37.634212,2013-12-16,한전주,02-2091-4083,서울특별시 도봉구청,2017-05-17
11-14-24,1,서울특별시 도봉구 우이천로4길53-16,서울특별시 도봉구 창제3동 482-2,127.041648,37.633927,2012-06-19,벽부등,02-2091-4083,서울특별시 도봉구청,2017-05-17
11-13-24,1,서울특별시 도봉구 덕릉로60타길 11,서울특별시 도봉구 창제3동 492-51,127.044013,37.633698,2007-03-26,한전주,02-2091-4083,서울특별시 도봉구청,2017-05-17
11-10-24,1,서울특별시 도봉구 덕릉로60길 66,서울특별시 도봉구 창제3동 455-2,127.040738,37.637234,2015-07-06,벽부등,02-2091-4083,서울특별시 도봉구청,2017-05-17
11-13-25,1,서울특별시 도봉구 덕릉로60길 35-4,서울특별시 도봉구 창제3동 474-9,127.042892,37.634545,2008-01-01,벽부등,02-2091-4083,서울특별시 도봉구청,2017-05-17
11-16-25,1,서울특별시 도봉구 우이천로4나길11,서울특별시 도봉구 창제3동 501-3,127.040354,37.634276,2013-12-17,한전주,02-2091-4083,서울특별시 도봉구청,2017-05-17
11-03-25,1,서울특별시 도봉구 창제3동 569-66,서울특별시 도봉구 창제3동 569-66,127.039234,37.638888,2008-01-01,벽부등,02-2091-4083,서울특별시 도봉구청,2017-05-17
11-05-25,1,서울특별시 도봉구 창제3동 560-36,서울특별시 도봉구 창제3동 560-36,127.039628,37.637874,2008-01-01,벽부등,02-2091-4083,서울특별시 도봉구청,2017-05-17
11-06-25,1,서울특별시 도봉구 창제3동 547-3,서울특별시 도봉구 창제3동 547-3,127.038973,37.636691,2008-01-01,벽부등,02-2091-4083,서울특별시 도봉구청,2017-05-17
05-15-13,1,서울특별시 도봉구 방학제1동 700-13,서울특별시 도봉구 방학제1동 700-13,127.03801,37.6659,2008-01-01,벽부등,02-2091-4083,서울특별시 도봉구청,2017-05-17
05-16-13,1,서울특별시 도봉구 방학로8길 12,서울특별시 도봉구 방학제1동 694-12,127.036086,37.663298,2006-10-19,한전주,02-2091-4083,서울특별시 도봉구청,2017-05-17
05-21-13,2,서울특별시 도봉구 방학로3길 12-19,서울특별시 도봉구 방학제1동 675-24,127.040125,37.662189,2006-06-09,한전주,02-2091-4083,서울특별시 도봉구청,2017-05-17
05-08-13,1,서울특별시 도봉구 도봉로147길 43,서울특별시 도봉구 방학제1동 686-30,127.040271,37.665109,2006-11-02,한전주,02-2091-4083,서울특별시 도봉구청,2017-05-17
05-25-13,1,서울특별시 도봉구 방학동 724-24,서울특별시 도봉구 방학제1동 724-22,127.048125,37.661928,2008-01-01,한전주,02-2091-4083,서울특별시 도봉구청,2017-05-17
05-04-13,1,서울특별시 도봉구 도봉로 729,서울특별시 도봉구 방학제1동 653-14,127.043311,37.6698,2006-11-23,한전주,02-2091-4083,서울특별시 도봉구청,2017-05-17
05-14-13,1,서울특별시 도봉구 방학제1동 698-22,서울특별시 도봉구 방학제1동 698-22,127.038365,37.664765,2008-01-01,한전주,02-2091-4083,서울특별시 도봉구청,2017-05-17
05-22-13,2,서울특별시 도봉구 방학제1동 705-38,서울특별시 도봉구 방학제1동 705-38,127.044494,37.666052,2007-05-31,벽부등,02-2091-4083,서울특별시 도봉구청,2017-05-17
05-02-13,1,서울특별시 도봉구 도당로13나길 116,서울특별시 도봉구 방학제1동 648-36,127.040649,37.668255,2008-04-11,한전주,02-2091-4083,서울특별시 도봉구청,2017-05-17
05-10-13,1,서울특별시 도봉구 방학제1동 683-26,서울특별시 도봉구 방학제1동 683-26,127.041331,37.665454,2008-01-01,벽부등,02-2091-4083,서울특별시 도봉구청,2017-05-17
05-03-13,1,서울특별시 도봉구 방학제1동 658-45,서울특별시 도봉구 방학제1동 658-45,127.040703,37.667404,2007-04-10,한전주,02-2091-4083,서울특별시 도봉구청,2017-05-17
09-11-05,2,서울특별시 도봉구 도봉로118길37,서울특별시 도봉구 창제1동 662-54,127.037314,37.648945,2014-01-17,한전주,02-2091-4083,서울특별시 도봉구청,2017-05-17
09-05-05,1,서울특별시 도봉구 창제1동 676-27,서울특별시 도봉구 창제1동 676-27,127.037823,37.646586,2007-12-04,한전주,02-2091-4083,서울특별시 도봉구청,2017-05-17
09-02-06,1,서울특별시 도봉구 창제1동 651-5,서울특별시 도봉구 창제1동 651-5,127.03622,37.646768,2006-04-12,벽부등,02-2091-4083,서울특별시 도봉구청,2017-05-17
09-09-06,1,서울특별시 도봉구 창제1동 663-47,서울특별시 도봉구 창제1동 663-47,127.036466,37.649316,2007-09-13,한전주,02-2091-4083,서울특별시 도봉구청,2017-05-17
09-07-06,1,서울특별시 도봉구 창제1동 664-18,서울특별시 도봉구 창제1동 664-18,127.037809,37.648305,2008-01-01,한전주,02-2091-4083,서울특별시 도봉구청,2017-05-17
09-01-06,1,서울특별시 도봉구 창제1동 659-32,서울특별시 도봉구 창제1동 659-32,127.034819,37.647609,2008-01-01,한전주,02-2091-4083,서울특별시 도봉구청,2017-05-17
09-04-06,2,서울특별시 도봉구 창제1동 667-108,서울특별시 도봉구 창제1동 667-108,127.038297,37.647354,2008-04-16,한전주,02-2091-4083,서울특별시 도봉구청,2017-05-17
09-06-06,2,서울특별시 도봉구 도봉로114길39,서울특별시 도봉구 창제1동 657-111,127.036464,37.647576,2014-07-22,한전주,02-2091-4083,서울특별시 도봉구청,2017-05-17
09-11-06,1,서울특별시 도봉구 창제1동 662-15,서울특별시 도봉구 창제1동 662-15,127.037542,37.649418,2008-01-01,벽부등,02-2091-4083,서울특별시 도봉구청,2017-05-17
09-05-06,1,서울특별시 도봉구 창제1동 676-28,서울특별시 도봉구 창제1동 676-28,127.037606,37.646551,2008-01-01,벽부등,02-2091-4083,서울특별시 도봉구청,2017-05-17
09-08-06,1,서울특별시 도봉구 창제1동 658-63,서울특별시 도봉구 창제1동 658-63,127.036282,37.648457,2008-01-01,벽부등,02-2091-4083,서울특별시 도봉구청,2017-05-17
09-25-06,1,서울특별시 도봉구 노해로66길,서울특별시 도봉구 창제1동 산158,127.046276,37.647212,2008-01-01,전용주,02-2091-4083,서울특별시 도봉구청,2017-05-17
09-05-07,1,서울특별시 도봉구 창제1동 676-32,서울특별시 도봉구 창제1동 676-32,127.037469,37.646535,2006-12-01,한전주,02-2091-4083,서울특별시 도봉구청,2017-05-17
09-06-07,1,서울특별시 도봉구 도봉로114길35-4,서울특별시 도봉구 창제1동 657-110,127.036452,37.647756,2014-07-22,벽부등,02-2091-4083,서울특별시 도봉구청,2017-05-17
09-09-07,1,서울특별시 도봉구 창제1동 663-30,서울특별시 도봉구 창제1동 663-30,127.036674,37.649338,2007-09-12,벽부등,02-2091-4083,서울특별시 도봉구청,2017-05-17
09-01-07,1,서울특별시 도봉구 창제1동 659-6,서울특별시 도봉구 창제1동 659-6,127.035244,37.647846,2008-01-01,한전주,02-2091-4083,서울특별시 도봉구청,2017-05-17
09-10-07,1,서울특별시 도봉구 창제1동 661-72,서울특별시 도봉구 창제1동 661-72,127.036502,37.650686,2007-11-06,벽부등,02-2091-4083,서울특별시 도봉구청,2017-05-17
09-04-07,1,서울특별시 도봉구 창제1동 667-88,서울특별시 도봉구 창제1동 667-88,127.03858,37.647407,2006-03-29,벽부등,02-2091-4083,서울특별시 도봉구청,2017-05-17
09-02-07,1,서울특별시 도봉구 창제1동 651-53,서울특별시 도봉구 창제1동 651-53,127.036238,37.646532,2006-10-12,벽부등,02-2091-4083,서울특별시 도봉구청,2017-05-17
09-07-07,1,서울특별시 도봉구 창제1동 667-22,서울특별시 도봉구 창제1동 667-22,127.037902,37.648258,2008-01-01,통신주,02-2091-4083,서울특별시 도봉구청,2017-05-17
09-08-07,1,서울특별시 도봉구 창제1동 658-59,서울특별시 도봉구 창제1동 658-59,127.036222,37.648493,2008-01-01,한전주,02-2091-4083,서울특별시 도봉구청,2017-05-17
09-25-07,1,서울특별시 도봉구 창제1동 산159-1,서울특별시 도봉구 창제1동 산159-1,127.046538,37.647311,2008-01-01,통신주,02-2091-4083,서울특별시 도봉구청,2017-05-17
09-11-07,1,서울특별시 도봉구 창제1동 662-14,서울특별시 도봉구 창제1동 662-14,127.037538,37.649762,2008-01-01,한전주,02-2091-4083,서울특별시 도봉구청,2017-05-17
09-03-07,1,서울특별시 도봉구 창제1동 657-82,서울특별시 도봉구 창제1동 657-82,127.036264,37.647048,2008-01-01,벽부등,02-2091-4083,서울특별시 도봉구청,2017-05-17
09-01-08,1,서울특별시 도봉구 창제1동 659-30,서울특별시 도봉구 창제1동 659-30,127.035409,37.648118,2008-01-01,한전주,02-2091-4083,서울특별시 도봉구청,2017-05-17
09-03-08,1,서울특별시 도봉구 창제1동 657-35,서울특별시 도봉구 창제1동 657-35,127.0365,37.646933,2007-11-09,한전주,02-2091-4083,서울특별시 도봉구청,2017-05-17
09-25-08,1,서울특별시 도봉구 창제1동 371-1,서울특별시 도봉구 창제1동 371-1,127.047105,37.647189,2008-01-01,통신주,02-2091-4083,서울특별시 도봉구청,2017-05-17
09-04-08,2,서울특별시 도봉구 도봉로112길67,서울특별시 도봉구 창제1동 667-96,127.038628,37.647134,2014-05-29,한전주,02-2091-4083,서울특별시 도봉구청,2017-05-17
09-05-08,1,서울특별시 도봉구 창제1동 676-33,서울특별시 도봉구 창제1동 676-33,127.037445,37.646712,2006-12-01,한전주,02-2091-4083,서울특별시 도봉구청,2017-05-17
09-10-08,1,서울특별시 도봉구 창제1동 661-11,서울특별시 도봉구 창제1동 661-11,127.03608,37.649246,2008-01-01,한전주,02-2091-4083,서울특별시 도봉구청,2017-05-17
09-08-08,1,서울특별시 도봉구 창제1동 658-71,서울특별시 도봉구 창제1동 658-71,127.036236,37.648713,2008-01-01,벽부등,02-2091-4083,서울특별시 도봉구청,2017-05-17
09-02-08,1,서울특별시 도봉구 창제1동 651-51,서울특별시 도봉구 창제1동 651-51,127.036553,37.646476,2006-06-19,한전주,02-2091-4083,서울특별시 도봉구청,2017-05-17
09-11-08,1,서울특별시 도봉구 도봉로110바길 48,서울특별시 도봉구 창제1동 665-3,127.038039,37.649017,2008-03-08,한전주,02-2091-4083,서울특별시 도봉구청,2017-05-17
09-09-08,1,서울특별시 도봉구 창제1동 663-61,서울특별시 도봉구 창제1동 663-61,127.036767,37.649255,2007-08-28,한전주,02-2091-4083,서울특별시 도봉구청,2017-05-17
15-03-05,1,서울특별시 도봉구 도봉로152가길 224,서울특별시 도봉구 도봉제2동 637-63,127.045798,37.68017,2008-02-20,벽부등,02-2091-4083,서울특별시 도봉구청,2017-05-17
15-10-06,1,서울특별시 도봉구 도봉제2동 635-7,서울특별시 도봉구 도봉제2동 635-7,127.046484,37.670272,2007-05-09,한전주,02-2091-4083,서울특별시 도봉구청,2017-05-17
15-07-06,1,서울특별시 도봉구 도봉로164길33-20,서울특별시 도봉구 도봉제2동 626-108,127.046872,37.675647,2014-10-22,벽부등,02-2091-4083,서울특별시 도봉구청,2017-05-17
15-09-06,1,서울특별시 도봉구 도봉제2동 623-121,서울특별시 도봉구 도봉제2동 623-121,127.046319,37.67193,2008-01-01,전용주,02-2091-4083,서울특별시 도봉구청,2017-05-17
15-08-06,1,서울특별시 도봉구 도봉제2동 624-46,서울특별시 도봉구 도봉제2동 624-46,127.045377,37.673541,2008-01-01,벽부등,02-2091-4083,서울특별시 도봉구청,2017-05-17
15-29-06,2,서울특별시 도봉구 도봉로152길23,서울특별시 도봉구 도봉제2동 622-78,127.045179,37.669485,2014-09-25,벽부등,02-2091-4083,서울특별시 도봉구청,2017-05-17
15-27-06,1,서울특별시 도봉구 도봉로152가길 88,서울특별시 도봉구 도봉제2동 624-8,127.044675,37.673488,2008-01-01,한전주,02-2091-4083,서울특별시 도봉구청,2017-05-17
15-02-06,1,서울특별시 도봉구 도봉제2동 63,서울특별시 도봉구 도봉제2동 63,127.048468,37.682728,2008-04-04,한전주,02-2091-4083,서울특별시 도봉구청,2017-05-17
15-01-06,1,서울특별시 도봉구 도봉제2동 5-9,서울특별시 도봉구 도봉제2동 5-9,127.048333,37.690692,2012-07-25,한전주,02-2091-4083,서울특별시 도봉구청,2017-05-17
15-03-06,1,서울특별시 도봉구 도봉로152가길 224,서울특별시 도봉구 도봉제2동 92-93,127.045832,37.680323,2008-02-20,벽부등,02-2091-4083,서울특별시 도봉구청,2017-05-17
15-06-06,1,서울특별시 도봉구 도봉제2동 625-95,서울특별시 도봉구 도봉제2동 625-95,127.045337,37.675166,2007-03-15,한전주,02-2091-4083,서울특별시 도봉구청,2017-05-17
15-05-06,1,서울특별시 도봉구 마들로 744-20,서울특별시 도봉구 도봉제2동 631-3,127.048278,37.675817,2008-01-01,전용주,02-2091-4083,서울특별시 도봉구청,2017-05-17
15-08-07,1,서울특별시 도봉구 도봉제2동 624-61,서울특별시 도봉구 도봉제2동 624-61,127.045812,37.673463,2008-01-01,벽부등,02-2091-4083,서울특별시 도봉구청,2017-05-17
15-28-07,1,서울특별시 도봉구 도봉로154길 7,서울특별시 도봉구 도봉제2동 623-66,127.044391,37.671297,2008-01-01,한전주,02-2091-4083,서울특별시 도봉구청,2017-05-17
15-27-07,1,서울특별시 도봉구 도봉제2동 624-25,서울특별시 도봉구 도봉제2동 624-25,127.045083,37.672839,2008-01-01,벽부등,02-2091-4083,서울특별시 도봉구청,2017-05-17
15-01-07,2,서울특별시 도봉구 도봉로180길,서울특별시 도봉구 도봉제2동 86-4,127.047789,37.690666,2012-07-25,한전주,02-2091-4083,서울특별시 도봉구청,2017-05-17
15-02-07,1,서울특별시 도봉구 도봉제2동 63,서울특별시 도봉구 도봉제2동 63,127.048236,37.682833,2008-04-04,한전주,02-2091-4083,서울특별시 도봉구청,2017-05-17
15-29-07,1,서울특별시 도봉구 도봉로152길 15,서울특별시 도봉구 도봉제2동 622-85,127.04493,37.669503,2008-01-01,한전주,02-2091-4083,서울특별시 도봉구청,2017-05-17
15-05-07,1,서울특별시 도봉구 도봉제2동 631,서울특별시 도봉구 도봉제2동 631,127.048506,37.676085,2008-01-01,벽부등,02-2091-4083,서울특별시 도봉구청,2017-05-17
15-03-07,1,서울특별시 도봉구 도봉로152가길 150,서울특별시 도봉구 도봉제2동,127.045319,37.676127,2015-07-06,전용주,02-2091-4083,서울특별시 도봉구청,2017-05-17
15-06-07,1,서울특별시 도봉구 도봉제2동 625-87,서울특별시 도봉구 도봉제2동 625-87,127.045523,37.675396,2008-01-01,벽부등,02-2091-4083,서울특별시 도봉구청,2017-05-17
15-09-07,1,서울특별시 도봉구 도봉제2동 623-98,서울특별시 도봉구 도봉제2동 623-98,127.045839,37.672289,2006-04-05,벽부등,02-2091-4083,서울특별시 도봉구청,2017-05-17
15-10-07,2,서울특별시 도봉구 마들로28나길684-9,서울특별시 도봉구 도봉제2동 634-11,127.046971,37.671484,2008-01-01,한전주,02-2091-4083,서울특별시 도봉구청,2017-05-17
15-07-07,1,서울특별시 도봉구 도봉제2동 626-110,서울특별시 도봉구 도봉제2동 626-110,127.047076,37.675565,2008-01-01,벽부등,02-2091-4083,서울특별시 도봉구청,2017-05-17
10-02-05,1,서울특별시 도봉구 창제2동 578-83,서울특별시 도봉구 창제2동 578-83,127.036424,37.638832,2008-01-01,한전주,02-2091-4083,서울특별시 도봉구청,2017-05-17
10-15-05,1,서울특별시 도봉구 창제2동 603-75,서울특별시 도봉구 창제2동 603-75,127.038921,37.642544,2008-01-01,한전주,02-2091-4083,서울특별시 도봉구청,2017-05-17
10-08-05,1,서울특별시 도봉구 창제2동 674-86,서울특별시 도봉구 창제2동 674-86,127.040305,37.645706,2008-01-01,벽부등,02-2091-4083,서울특별시 도봉구청,2017-05-17
10-22-05,1,서울특별시 도봉구 창제2동 635-30,서울특별시 도봉구 창제2동 635-30,127.034283,37.641999,2007-07-12,벽부등,02-2091-4083,서울특별시 도봉구청,2017-05-17
10-07-05,1,서울특별시 도봉구 창제2동 609-2,서울특별시 도봉구 창제2동 609-2,127.040615,37.644291,2007-05-10,벽부등,02-2091-4083,서울특별시 도봉구청,2017-05-17
10-11-05,1,서울특별시 도봉구 창제2동 608-49,서울특별시 도봉구 창제2동 608-49,127.0382,37.645014,2007-11-09,한전주,02-2091-4083,서울특별시 도봉구청,2017-05-17
10-13-05,1,서울특별시 도봉구 창제2동 609-15,서울특별시 도봉구 창제2동 609-15,127.039927,37.643946,2007-03-09,벽부등,02-2091-4083,서울특별시 도봉구청,2017-05-17
10-16-05,1,서울특별시 도봉구 창제2동 601-86,서울특별시 도봉구 창제2동 601-86,127.038514,37.641513,2008-01-01,한전주,02-2091-4083,서울특별시 도봉구청,2017-05-17
10-23-06,1,서울특별시 도봉구 창제2동 593-7,서울특별시 도봉구 창제2동 593-7,127.036555,37.643015,2008-01-01,한전주,02-2091-4083,서울특별시 도봉구청,2017-05-17
10-04-06,1,서울특별시 도봉구 창제2동 581-18,서울특별시 도봉구 창제2동 581-18,127.038355,37.64024,2008-01-01,벽부등,02-2091-4083,서울특별시 도봉구청,2017-05-17
10-01-18,1,서울특별시 도봉구 창제2동 553-1,서울특별시 도봉구 창제2동 553-1,127.036718,37.638193,2008-01-01,한전주,02-2091-4083,서울특별시 도봉구청,2017-05-17
10-17-18,1,서울특별시 도봉구 덕릉로59길 35,서울특별시 도봉구 창제2동 582-84,127.037695,37.640971,2006-11-22,한전주,02-2091-4083,서울특별시 도봉구청,2017-05-17
10-05-18,1,서울특별시 도봉구 창제2동 601-10,서울특별시 도봉구 창제2동 601-10,127.039772,37.641153,2007-06-12,한전주,02-2091-4083,서울특별시 도봉구청,2017-05-17
10-19-18,1,서울특별시 도봉구 우이천로220,서울특별시 도봉구 창제2동 585-73,127.034419,37.639041,2012-05-18,한전주,02-2091-4083,서울특별시 도봉구청,2017-05-17
10-13-18,1,서울특별시 도봉구 창제2동 607-8,서울특별시 도봉구 창제2동 607-8,127.040309,37.644247,2007-03-09,벽부등,02-2091-4083,서울특별시 도봉구청,2017-05-17
10-27-18,1,서울특별시 도봉구 창제2동 628-17,서울특별시 도봉구 창제2동 628-17,127.035319,37.64409,2008-01-01,한전주,02-2091-4083,서울특별시 도봉구청,2017-05-17
10-11-18,1,서울특별시 도봉구 창제2동 609-143,서울특별시 도봉구 창제2동 609-143,127.038224,37.643877,2008-01-30,한전주,02-2091-4083,서울특별시 도봉구청,2017-05-17
10-18-18,1,서울특별시 도봉구 창제2동 585-10,서울특별시 도봉구 창제2동 585-10,127.035447,37.639977,2008-01-01,한전주,02-2091-4083,서울특별시 도봉구청,2017-05-17
10-21-18,1,서울특별시 도봉구 창제2동 632-60,서울특별시 도봉구 창제2동 632-60,127.034809,37.640852,2008-01-01,한전주,02-2091-4083,서울특별시 도봉구청,2017-05-17
10-22-18,1,서울특별시 도봉구 도봉로110라길 65,서울특별시 도봉구 창제2동 593-29,127.036139,37.643196,2008-01-01,한전주,02-2091-4083,서울특별시 도봉구청,2017-05-17
10-04-18,1,서울특별시 도봉구 창제2동 581-21,서울특별시 도봉구 창제2동 581-21,127.038124,37.640393,2008-01-01,벽부등,02-2091-4083,서울특별시 도봉구청,2017-05-17
10-02-18,1,서울특별시 도봉구 덕릉로59가길 54,서울특별시 도봉구 창제2동 578-66,127.036935,37.638584,2008-01-01,한전주,02-2091-4083,서울특별시 도봉구청,2017-05-17
10-19-19,1,서울특별시 도봉구 우이천로16길5-1,서울특별시 도봉구 창제2동 585-121,127.03483,37.638535,2013-08-07,벽부등,02-2091-4083,서울특별시 도봉구청,2017-05-17
10-05-19,1,서울특별시 도봉구 창제2동 603-11,서울특별시 도봉구 창제2동 603-11,127.039928,37.641234,2008-01-01,벽부등,02-2091-4083,서울특별시 도봉구청,2017-05-17
10-24-19,1,서울특별시 도봉구 도봉로104길 91-16,서울특별시 도봉구 창제2동 623-32,127.03763,37.644572,2006-11-16,한전주,02-2091-4083,서울특별시 도봉구청,2017-05-17
10-11-19,1,서울특별시 도봉구 창제2동 609-145,서울특별시 도봉구 창제2동 609-145,127.0383,37.643765,2008-01-01,한전주,02-2091-4083,서울특별시 도봉구청,2017-05-17
10-25-19,1,서울특별시 도봉구 도봉로106길 79,서울특별시 도봉구 창제2동 623-12,127.037312,37.644963,2007-11-09,한전주,02-2091-4083,서울특별시 도봉구청,2017-05-17
10-08-19,1,서울특별시 도봉구 도봉로104길 147-17,서울특별시 도봉구 창제2동 609-176,127.039499,37.645557,2008-01-01,한전주,02-2091-4083,서울특별시 도봉구청,2017-05-17
10-27-19,1,서울특별시 도봉구 창제2동 629-6,서울특별시 도봉구 창제2동 629-6,127.035356,37.643866,2008-01-01,한전주,02-2091-4083,서울특별시 도봉구청,2017-05-17
10-21-19,1,서울특별시 도봉구 창제2동 632-25,서울특별시 도봉구 창제2동 632-25,127.035873,37.64122,2008-01-01,한전주,02-2091-4083,서울특별시 도봉구청,2017-05-17
10-07-19,1,서울특별시 도봉구 덕릉로63길8,서울특별시 도봉구 창제2동 442-14,127.040576,37.641755,2012-08-14,한전주,02-2091-4083,서울특별시 도봉구청,2017-05-17
10-18-19,1,서울특별시 도봉구 덕릉로59자길 45,서울특별시 도봉구 창제2동 585-154,127.035327,37.639846,2008-01-01,한전주,02-2091-4083,서울특별시 도봉구청,2017-05-17
10-09-19,1,서울특별시 도봉구 창제2동 674-37,서울특별시 도봉구 창제2동 674-37,127.037901,37.645675,2007-12-31,벽부등,02-2091-4083,서울특별시 도봉구청,2017-05-17
10-02-19,1,서울특별시 도봉구 창제2동 578-35,서울특별시 도봉구 창제2동 578-35,127.037653,37.638874,2008-01-01,한전주,02-2091-4083,서울특별시 도봉구청,2017-05-17
10-04-19,1,서울특별시 도봉구 창제2동 581-40,서울특별시 도봉구 창제2동 581-40,127.038008,37.640925,2008-01-01,한전주,02-2091-4083,서울특별시 도봉구청,2017-05-17
10-22-19,1,서울특별시 도봉구 덕릉로59길96,서울특별시 도봉구 창제2동 645-9,127.034953,37.642419,2012-09-19,벽부등,02-2091-4083,서울특별시 도봉구청,2017-05-17
10-01-19,1,서울특별시 도봉구 창제2동 578-141,서울특별시 도봉구 창제2동 578-141,127.036962,37.638045,2008-01-01,벽부등,02-2091-4083,서울특별시 도봉구청,2017-05-17
10-17-19,1,서울특별시 도봉구 덕릉로59길 39,서울특별시 도봉구 창제2동 582-1,127.0376,37.641151,2008-01-01,한전주,02-2091-4083,서울특별시 도봉구청,2017-05-17
10-11-20,1,서울특별시 도봉구 도봉로110아길57-67,서울특별시 도봉구 창제2동 609-57,127.038467,37.643926,2013-11-28,벽부등,02-2091-4083,서울특별시 도봉구청,2017-05-17
10-02-20,1,서울특별시 도봉구 창제2동 578-51,서울특별시 도봉구 창제2동 578-51,127.037365,37.63917,2008-01-01,한전주,02-2091-4083,서울특별시 도봉구청,2017-05-17
10-01-20,1,서울특별시 도봉구 창제2동 553-38,서울특별시 도봉구 창제2동 553-38,127.035181,37.638249,2013-11-21,벽부등,02-2091-4083,서울특별시 도봉구청,2017-05-17
10-05-20,1,서울특별시 도봉구 덕릉로59길 16,서울특별시 도봉구 창제2동 601-35,127.038772,37.640565,2008-01-01,한전주,02-2091-4083,서울특별시 도봉구청,2017-05-17
10-25-20,1,서울특별시 도봉구 창제2동 623-10,서울특별시 도봉구 창제2동 623-10,127.037578,37.644986,2006-07-22,한전주,02-2091-4083,서울특별시 도봉구청,2017-05-17
10-18-20,1,서울특별시 도봉구 덕릉로53길 42,서울특별시 도봉구 창제2동 585-24,127.034986,37.639574,2008-01-01,한전주,02-2091-4083,서울특별시 도봉구청,2017-05-17
05-23-16,1,서울특별시 도봉구 도봉로150라길 23,서울특별시 도봉구 방학제1동 714-11,127.044686,37.665001,2008-01-01,벽부등,02-2091-4083,서울특별시 도봉구청,2017-05-17
05-24-16,1,서울특별시 도봉구 도봉로146길 36,서울특별시 도봉구 방학제1동 713-18,127.044858,37.663061,2008-01-01,한전주,02-2091-4083,서울특별시 도봉구청,2017-05-17
05-05-16,1,서울특별시 도봉구 도봉로151길15-4,서울특별시 도봉구 방학제1동 655-7,127.042288,37.668549,2013-09-27,벽부등,02-2091-4083,서울특별시 도봉구청,2017-05-17
05-16-16,1,서울특별시 도봉구 방학제1동 694-11,서울특별시 도봉구 방학제1동 694-11,127.036726,37.663446,2008-01-01,벽부등,02-2091-4083,서울특별시 도봉구청,2017-05-17
05-01-16,1,서울특별시 도봉구 방학제1동 645-30,서울특별시 도봉구 방학제1동 645-30,127.04062,37.66984,2008-01-01,벽부등,02-2091-4083,서울특별시 도봉구청,2017-05-17
05-12-16,2,서울특별시 도봉구 방학로 112-50,서울특별시 도봉구 방학제1동 687-4,127.039861,37.664405,2007-03-19,한전주,02-2091-4083,서울특별시 도봉구청,2017-05-17
05-08-16,1,서울특별시 도봉구 방학제1동 686-38,서울특별시 도봉구 방학제1동 686-38,127.040551,37.664752,2008-01-01,벽부등,02-2091-4083,서울특별시 도봉구청,2017-05-17
05-11-16,1,서울특별시 도봉구 방학제1동 680-42,서울특별시 도봉구 방학제1동 680-42,127.041445,37.663303,2007-06-26,벽부등,02-2091-4083,서울특별시 도봉구청,2017-05-17
05-09-16,2,서울특별시 도봉구 도당로 142-7,서울특별시 도봉구 방학제1동 704-14,127.042084,37.666763,2006-03-27,한전주,02-2091-4083,서울특별시 도봉구청,2017-05-17
05-21-16,1,서울특별시 도봉구 방학로3길 12,서울특별시 도봉구 방학제1동 676-45,127.040818,37.662163,2008-01-01,한전주,02-2091-4083,서울특별시 도봉구청,2017-05-17
05-13-16,1,서울특별시 도봉구 방학로 130-30,서울특별시 도봉구 방학제1동 690-16,127.037774,37.664275,2008-01-01,한전주,02-2091-4083,서울특별시 도봉구청,2017-05-17
05-10-16,1,서울특별시 도봉구 도봉로147길 20,서울특별시 도봉구 방학제1동 683-22,127.041628,37.665092,2007-01-10,벽부등,02-2091-4083,서울특별시 도봉구청,2017-05-17
05-22-16,1,서울특별시 도봉구 도봉로150다길 16,서울특별시 도봉구 방학제1동 716,127.044581,37.666876,2008-01-01,한전주,02-2091-4083,서울특별시 도봉구청,2017-05-17
05-22-17,1,서울특별시 도봉구 마들로 637-22,서울특별시 도봉구 방학제1동 717-4,127.044713,37.666962,2008-01-01,벽부등,02-2091-4083,서울특별시 도봉구청,2017-05-17
05-11-17,1,서울특별시 도봉구 방학제1동 680-34,서울특별시 도봉구 방학제1동 680-34,127.041743,37.663553,2008-01-01,벽부등,02-2091-4083,서울특별시 도봉구청,2017-05-17
05-04-17,1,서울특별시 도봉구 도봉로153길 19,서울특별시 도봉구 방학제1동 652,127.042326,37.669906,2008-01-01,한전주,02-2091-4083,서울특별시 도봉구청,2017-05-17
05-02-17,1,서울특별시 도봉구 도당로27길 15,서울특별시 도봉구 방학제1동 648-40,127.040883,37.668126,2008-01-01,한전주,02-2091-4083,서울특별시 도봉구청,2017-05-17
05-21-17,1,서울특별시 도봉구 방학제1동 676-22,서울특별시 도봉구 방학제1동 676-22,127.040847,37.662443,2008-01-01,통신주,02-2091-4083,서울특별시 도봉구청,2017-05-17
05-10-17,1,서울특별시 도봉구 방학제1동 682-12,서울특별시 도봉구 방학제1동 682-12,127.041621,37.665017,2008-01-01,벽부등,02-2091-4083,서울특별시 도봉구청,2017-05-17
05-01-17,1,서울특별시 도봉구 방학제1동 645-25,서울특별시 도봉구 방학제1동 645-25,127.040571,37.669931,2008-01-01,전용주,02-2091-4083,서울특별시 도봉구청,2017-05-17
05-16-17,2,서울특별시 도봉구 방학로6길 17,서울특별시 도봉구 방학제1동 694-8,127.036705,37.663767,2007-07-27,한전주,02-2091-4083,서울특별시 도봉구청,2017-05-17
05-15-17,1,서울특별시 도봉구 방학제1동 700-32,서울특별시 도봉구 방학제1동 700-32,127.038339,37.666236,2008-01-21,벽부등,02-2091-4083,서울특별시 도봉구청,2017-05-17
05-20-17,1,서울특별시 도봉구 방학로7길 30,서울특별시 도봉구 방학제1동 266-3,127.036292,37.661242,2007-09-12,한전주,02-2091-4083,서울특별시 도봉구청,2017-05-17
05-23-17,1,서울특별시 도봉구 도봉로150바길 26,서울특별시 도봉구 방학제1동 714-1,127.044734,37.664556,2008-03-26,한전주,02-2091-4083,서울특별시 도봉구청,2017-05-17
05-24-17,1,서울특별시 도봉구 도봉로146길 36,서울특별시 도봉구 방학제1동 713,127.044764,37.664178,2008-01-01,한전주,02-2091-4083,서울특별시 도봉구청,2017-05-17
05-03-17,1,서울특별시 도봉구 도당로29길 9,서울특별시 도봉구 방학제1동 657-6,127.041796,37.667694,2008-01-01,한전주,02-2091-4083,서울특별시 도봉구청,2017-05-17
05-13-17,1,서울특별시 도봉구 방학제1동 697-5,서울특별시 도봉구 방학제1동 697-5,127.037515,37.664265,2006-08-31,한전주,02-2091-4083,서울특별시 도봉구청,2017-05-17
05-05-17,1,서울특별시 도봉구 도당로31길 27,서울특별시 도봉구 방학제1동 655-5,127.042558,37.668478,2008-01-01,한전주,02-2091-4083,서울특별시 도봉구청,2017-05-17
05-08-17,1,서울특별시 도봉구 도봉로145길 40,서울특별시 도봉구 방학제1동 686-37,127.040332,37.664691,2008-01-01,한전주,02-2091-4083,서울특별시 도봉구청,2017-05-17
05-08-18,1,서울특별시 도봉구 도봉로145길 40-4,서울특별시 도봉구 방학제1동 686-35,127.040326,37.664855,2008-01-01,벽부등,02-2091-4083,서울특별시 도봉구청,2017-05-17
05-15-18,1,서울특별시 도봉구 방학제1동 696-27,서울특별시 도봉구 방학제1동 696-27,127.037381,37.665017,2008-01-01,한전주,02-2091-4083,서울특별시 도봉구청,2017-05-17
05-22-18,1,서울특별시 도봉구 도봉로150다길 22,서울특별시 도봉구 방학제1동 717-3,127.044554,37.667127,2008-01-01,한전주,02-2091-4083,서울특별시 도봉구청,2017-05-17
05-21-18,1,서울특별시 도봉구 방학제1동 676-23,서울특별시 도봉구 방학제1동 676-23,127.040204,37.662397,2008-01-01,한전주,02-2091-4083,서울특별시 도봉구청,2017-05-17
05-25-18,2,서울특별시 도봉구 방학제1동 712,서울특별시 도봉구 방학제1동 712,127.044925,37.662341,2008-01-01,한전주,02-2091-4083,서울특별시 도봉구청,2017-05-17
09-06-08,1,서울특별시 도봉구 창제1동 657-106,서울특별시 도봉구 창제1동 657-106,127.036441,37.647954,2008-01-01,한전주,02-2091-4083,서울특별시 도봉구청,2017-05-17
09-07-08,1,서울특별시 도봉구 창제1동 667-24,서울특별시 도봉구 창제1동 667-24,127.037973,37.648061,2008-03-25,벽부등,02-2091-4083,서울특별시 도봉구청,2017-05-17
09-25-09,1,서울특별시 도봉구 창제1동 산159-1,서울특별시 도봉구 창제1동 산159-1,127.046759,37.647379,2008-01-01,통신주,02-2091-4083,서울특별시 도봉구청,2017-05-17
09-01-09,1,서울특별시 도봉구 창제1동 659-4,서울특별시 도봉구 창제1동 659-4,127.035526,37.648325,2007-02-15,한전주,02-2091-4083,서울특별시 도봉구청,2017-05-17
09-10-09,1,서울특별시 도봉구 창제1동 661-8,서울특별시 도봉구 창제1동 661-8,127.036324,37.64966,2008-01-01,한전주,02-2091-4083,서울특별시 도봉구청,2017-05-17
09-08-09,1,서울특별시 도봉구 도봉로118길 62,서울특별시 도봉구 창제1동 658-31,127.03617,37.648846,2007-11-07,한전주,02-2091-4083,서울특별시 도봉구청,2017-05-17
09-02-09,1,서울특별시 도봉구 창제1동 651-20,서울특별시 도봉구 창제1동 651-20,127.036535,37.646579,2008-01-01,통신주,02-2091-4083,서울특별시 도봉구청,2017-05-17
09-03-09,1,서울특별시 도봉구 창제1동 657-30,서울특별시 도봉구 창제1동 657-30,127.036489,37.647072,2010-03-04,벽부등,02-2091-4083,서울특별시 도봉구청,2017-05-17
09-04-09,1,서울특별시 도봉구 창제1동 667-97,서울특별시 도봉구 창제1동 667-97,127.038349,37.647095,2008-01-01,한전주,02-2091-4083,서울특별시 도봉구청,2017-05-17
09-06-09,1,서울특별시 도봉구 도봉로116길18,서울특별시 도봉구 창제1동 657-104,127.036419,37.648116,2014-07-22,벽부등,02-2091-4083,서울특별시 도봉구청,2017-05-17
14-18-37,1,서울특별시 도봉구 도봉제1동 산66-13,서울특별시 도봉구 도봉제1동 산66-13,127.037066,37.679978,2008-01-01,전용주,02-2091-4083,서울특별시 도봉구청,2017-05-17
14-18-38,1,서울특별시 도봉구 도봉로173다길 18-42,서울특별시 도봉구 도봉제1동 431-11,127.037069,37.679488,2006-06-19,한전주,02-2091-4083,서울특별시 도봉구청,2017-05-17
14-22-38,1,서울특별시 도봉구 도봉제1동 산104-10,서울특별시 도봉구 도봉제1동 산104-10,127.042302,37.675726,2008-01-01,벽부등,02-2091-4083,서울특별시 도봉구청,2017-05-17
14-28-38,1,서울특별시 도봉구 시루봉로 292-7,서울특별시 도봉구 도봉제1동 612-36,127.041491,37.670806,2014-05-21,벽부등,02-2091-4083,서울특별시 도봉구청,2017-05-17
14-25-38,1,서울특별시 도봉구 도봉제1동 615-5,서울특별시 도봉구 도봉제1동 615-5,127.041301,37.672595,2008-01-01,벽부등,02-2091-4083,서울특별시 도봉구청,2017-05-17
14-21-38,1,서울특별시 도봉구 도봉로169나길 39,서울특별시 도봉구 도봉제1동 596,127.043875,37.677957,2013-11-22,한전주,02-2091-4083,서울특별시 도봉구청,2017-05-17
14-15-38,1,서울특별시 도봉구 도봉제1동 593-69,서울특별시 도봉구 도봉제1동 593-69,127.043269,37.678569,2008-01-01,벽부등,02-2091-4083,서울특별시 도봉구청,2017-05-17
14-01-38,1,서울특별시 도봉구 도봉제1동 287-1,서울특별시 도봉구 도봉제1동 287-1,127.042219,37.689033,2008-01-01,전용주,02-2091-4083,서울특별시 도봉구청,2017-05-17
14-19-38,1,서울특별시 도봉구 도봉로169라길,서울특별시 도봉구 도봉제1동 470,127.034211,37.677939,2008-01-01,전용주,02-2091-4083,서울특별시 도봉구청,2017-05-17
14-21-39,1,서울특별시 도봉구 도봉로159길 6,서울특별시 도봉구 도봉제1동 601-55,127.044019,37.674513,2014-08-05,벽부등,02-2091-4083,서울특별시 도봉구청,2017-05-17
14-19-39,1,서울특별시 도봉구 우이천로42가길 18,서울특별시 도봉구 도봉제1동 470,127.033815,37.677931,2008-01-01,전용주,02-2091-4083,서울특별시 도봉구청,2017-05-17
14-25-39,1,서울특별시 도봉구 시루봉로27나길 20,서울특별시 도봉구 도봉제1동 615-57,127.041602,37.672454,2006-09-18,한전주,02-2091-4083,서울특별시 도봉구청,2017-05-17
14-18-39,1,서울특별시 도봉구 도봉로173다길 18-44,서울특별시 도봉구 도봉제1동 431-34,127.036808,37.679849,2008-01-01,한전주,02-2091-4083,서울특별시 도봉구청,2017-05-17
14-02-39,1,서울특별시 도봉구 도봉제1동 282-299,서울특별시 도봉구 도봉제1동 282-299,127.041449,37.687951,2008-03-12,통신주,02-2091-4083,서울특별시 도봉구청,2017-05-17
14-01-39,1,서울특별시 도봉구 도봉로191길88,서울특별시 도봉구 도봉제1동 348,127.040736,37.689965,2008-01-01,전용주,02-2091-4083,서울특별시 도봉구청,2017-05-17
14-21-40,1,서울특별시 도봉구 도봉로 791,서울특별시 도봉구 도봉제1동 601-51,127.044322,37.675092,2014-08-26,한전주,02-2091-4083,서울특별시 도봉구청,2017-05-17
14-22-40,1,서울특별시 도봉구 도봉제1동 602-9,서울특별시 도봉구 도봉제1동 602-9,127.043283,37.674816,2008-01-01,벽부등,02-2091-4083,서울특별시 도봉구청,2017-05-17
14-15-40,1,서울특별시 도봉구 도봉로169나길18-17,서울특별시 도봉구 도봉제1동 593-62,127.043008,37.678771,2013-09-03,벽부등,02-2091-4083,서울특별시 도봉구청,2017-05-17
14-19-40,1,서울특별시 도봉구 도봉로169라길,서울특별시 도봉구 도봉제1동 470,127.03352,37.677949,2008-01-01,한전주,02-2091-4083,서울특별시 도봉구청,2017-05-17
14-18-40,1,서울특별시 도봉구 도봉제1동 431-33,서울특별시 도봉구 도봉제1동 431-33,127.036739,37.679941,2008-01-01,한전주,02-2091-4083,서울특별시 도봉구청,2017-05-17
14-25-40,1,서울특별시 도봉구 도봉제1동 615-55,서울특별시 도봉구 도봉제1동 615-55,127.041613,37.672565,2008-01-01,한전주,02-2091-4083,서울특별시 도봉구청,2017-05-17
14-01-40,1,서울특별시 도봉구 도봉제1동 383,서울특별시 도봉구 도봉제1동 383,127.040688,37.690004,2008-01-01,한전주,02-2091-4083,서울특별시 도봉구청,2017-05-17
14-02-40,1,서울특별시 도봉구 도봉제1동 282-303,서울특별시 도봉구 도봉제1동 282-303,127.041585,37.687686,2008-01-30,한전주,02-2091-4083,서울특별시 도봉구청,2017-05-17
14-21-41,1,서울특별시 도봉구 도봉로169나길 63-3,서울특별시 도봉구 도봉제1동 600-16,127.042524,37.678992,2015-02-12,벽부등,02-2091-4083,서울특별시 도봉구청,2017-05-17
10-25-06,1,서울특별시 도봉구 창제2동 621-32,서울특별시 도봉구 창제2동 621-32,127.037251,37.645537,2008-01-01,한전주,02-2091-4083,서울특별시 도봉구청,2017-05-17
10-21-06,1,서울특별시 도봉구 창제2동 632-62,서울특별시 도봉구 창제2동 632-62,127.035335,37.640815,2008-01-01,벽부등,02-2091-4083,서울특별시 도봉구청,2017-05-17
10-24-06,2,서울특별시 도봉구 창제2동 623-102,서울특별시 도봉구 창제2동 623-102,127.03642,37.644814,2006-03-17,한전주,02-2091-4083,서울특별시 도봉구청,2017-05-17
10-17-06,1,서울특별시 도봉구 창제2동 582-81,서울특별시 도봉구 창제2동 582-81,127.03662,37.641203,2008-01-01,한전주,02-2091-4083,서울특별시 도봉구청,2017-05-17
10-13-06,1,서울특별시 도봉구 도봉로104길 42-25,서울특별시 도봉구 창제2동 609-16,127.039816,37.643935,2007-03-09,한전주,02-2091-4083,서울특별시 도봉구청,2017-05-17
10-15-06,1,서울특별시 도봉구 창제2동 603-74,서울특별시 도봉구 창제2동 603-74,127.038718,37.642323,2008-01-01,한전주,02-2091-4083,서울특별시 도봉구청,2017-05-17
10-27-06,1,서울특별시 도봉구 창제2동 650-37,서울특별시 도봉구 창제2동 650-37,127.0337,37.645711,2007-12-27,한전주,02-2091-4083,서울특별시 도봉구청,2017-05-17
10-03-06,1,서울특별시 도봉구 창제2동 578-10,서울특별시 도봉구 창제2동 578-10,127.037094,37.63849,2008-01-01,벽부등,02-2091-4083,서울특별시 도봉구청,2017-05-17
10-10-06,1,서울특별시 도봉구 도봉로106길 97-3,서울특별시 도봉구 창제2동 608-147,127.038185,37.645179,2008-01-01,벽부등,02-2091-4083,서울특별시 도봉구청,2017-05-17
10-11-06,1,서울특별시 도봉구 창제2동 608-35,서울특별시 도봉구 창제2동 608-35,127.038422,37.644745,2006-05-18,한전주,02-2091-4083,서울특별시 도봉구청,2017-05-17
10-02-06,1,서울특별시 도봉구 덕릉로59마길 51,서울특별시 도봉구 창제2동 578-100,127.036369,37.63898,2012-05-17,벽부등,02-2091-4083,서울특별시 도봉구청,2017-05-17
10-09-06,1,서울특별시 도봉구 도봉로110길 98-5,서울특별시 도봉구 창제2동 674-8,127.039137,37.646259,2008-01-01,벽부등,02-2091-4083,서울특별시 도봉구청,2017-05-17
10-12-06,1,서울특별시 도봉구 창제2동 609-32,서울특별시 도봉구 창제2동 609-32,127.039282,37.643771,2008-01-01,한전주,02-2091-4083,서울특별시 도봉구청,2017-05-17
10-22-06,1,서울특별시 도봉구 우이천로22길 24,서울특별시 도봉구 창제2동 635-27,127.033923,37.642098,2006-10-12,한전주,02-2091-4083,서울특별시 도봉구청,2017-05-17
10-08-06,1,서울특별시 도봉구 창제2동 674-78,서울특별시 도봉구 창제2동 674-78,127.040509,37.645748,2008-01-01,전용주,02-2091-4083,서울특별시 도봉구청,2017-05-17
10-20-06,1,서울특별시 도봉구 우이천로 232,서울특별시 도봉구 창제2동 632-78,127.034711,37.639974,2008-01-01,한전주,02-2091-4083,서울특별시 도봉구청,2017-05-17
10-16-06,1,서울특별시 도봉구 창제2동 601-87,서울특별시 도봉구 창제2동 601-87,127.038485,37.641703,2008-01-01,한전주,02-2091-4083,서울특별시 도봉구청,2017-05-17
10-01-06,1,서울특별시 도봉구 창제2동 553-41,서울특별시 도봉구 창제2동 553-41,127.035585,37.638294,2008-01-01,한전주,02-2091-4083,서울특별시 도봉구청,2017-05-17
10-18-06,1,서울특별시 도봉구 창제2동 585-60,서울특별시 도봉구 창제2동 585-60,127.035872,37.63902,2006-06-26,벽부등,02-2091-4083,서울특별시 도봉구청,2017-05-17
10-19-06,1,서울특별시 도봉구 창제2동 585-103,서울특별시 도봉구 창제2동 585-103,127.034669,37.638865,2008-01-01,벽부등,02-2091-4083,서울특별시 도봉구청,2017-05-17
10-05-06,1,서울특별시 도봉구 창제2동 601-44,서울특별시 도봉구 창제2동 601-44,127.03838,37.64079,2008-01-01,한전주,02-2091-4083,서울특별시 도봉구청,2017-05-17
10-23-07,1,서울특별시 도봉구 창제2동 593-9,서울특별시 도봉구 창제2동 593-9,127.036942,37.643177,2008-01-01,한전주,02-2091-4083,서울특별시 도봉구청,2017-05-17
10-08-07,1,서울특별시 도봉구 덕릉로63길 102-22,서울특별시 도봉구 창제2동 674-135,127.040429,37.645962,2008-01-01,전용주,02-2091-4083,서울특별시 도봉구청,2017-05-17
10-16-07,1,서울특별시 도봉구 덕릉로59아길 7,서울특별시 도봉구 창제2동 601-100,127.037639,37.641449,2008-01-01,한전주,02-2091-4083,서울특별시 도봉구청,2017-05-17
10-17-07,1,서울특별시 도봉구 덕릉로59자길 11,서울특별시 도봉구 창제2동 582-66,127.03646,37.641044,2008-01-01,한전주,02-2091-4083,서울특별시 도봉구청,2017-05-17
10-22-07,2,서울특별시 도봉구 덕릉로59길100,서울특별시 도봉구 창제2동 645-11,127.034535,37.642387,2013-07-10,한전주,02-2091-4083,서울특별시 도봉구청,2017-05-17
10-21-07,1,서울특별시 도봉구 창제2동 632-62,서울특별시 도봉구 창제2동 632-62,127.035511,37.64085,2008-01-01,전용주,02-2091-4083,서울특별시 도봉구청,2017-05-17
10-27-07,1,서울특별시 도봉구 도봉로110가길 6,서울특별시 도봉구 창제2동 650-32,127.033936,37.646099,2008-01-01,한전주,02-2091-4083,서울특별시 도봉구청,2017-05-17
10-03-07,2,서울특별시 도봉구 덕릉로55길 6,서울특별시 도봉구 창제2동 578-4,127.037377,37.638376,2008-01-01,전용주,02-2091-4083,서울특별시 도봉구청,2017-05-17
10-18-07,1,서울특별시 도봉구 덕릉로53길 45,서울특별시 도봉구 창제2동 585-145,127.035259,37.63917,2008-01-01,한전주,02-2091-4083,서울특별시 도봉구청,2017-05-17
10-04-07,2,서울특별시 도봉구 창제2동 581-11,서울특별시 도봉구 창제2동 581-11,127.038499,37.640255,2007-10-29,한전주,02-2091-4083,서울특별시 도봉구청,2017-05-17
10-25-07,1,서울특별시 도봉구 도봉로108길 54,서울특별시 도봉구 창제2동 623-8,127.036973,37.645521,2008-01-01,한전주,02-2091-4083,서울특별시 도봉구청,2017-05-17
10-06-07,1,서울특별시 도봉구 덕릉로59라길 27,서울특별시 도봉구 창제2동 603-52,127.039214,37.6417,2008-01-01,한전주,02-2091-4083,서울특별시 도봉구청,2017-05-17
10-01-07,1,서울특별시 도봉구 창제2동 553-43,서울특별시 도봉구 창제2동 553-43,127.035325,37.638044,2008-01-01,한전주,02-2091-4083,서울특별시 도봉구청,2017-05-17
10-24-20,1,서울특별시 도봉구 창제2동 623-47,서울특별시 도봉구 창제2동 623-47,127.037026,37.64478,2006-10-17,한전주,02-2091-4083,서울특별시 도봉구청,2017-05-17
10-08-20,1,서울특별시 도봉구 창제2동 608-173,서울특별시 도봉구 창제2동 608-173,127.039387,37.645854,2008-01-01,한전주,02-2091-4083,서울특별시 도봉구청,2017-05-17
10-22-20,1,서울특별시 도봉구 우이천로22길18-13,서울특별시 도봉구 창제2동 635-14,127.034527,37.642127,2013-02-26,벽부등,02-2091-4083,서울특별시 도봉구청,2017-05-17
10-21-20,1,서울특별시 도봉구 덕릉로53길 82,서울특별시 도봉구 창제2동 632-61,127.034409,37.640674,2008-01-01,한전주,02-2091-4083,서울특별시 도봉구청,2017-05-17
05-25-01,1,서울특별시 도봉구 도봉로 644-45,서울특별시 도봉구 방학제1동 726-152,127.042931,37.662016,2006-11-02,한전주,02-2091-4083,서울특별시 도봉구청,2017-05-17
05-23-01,1,서울특별시 도봉구 도봉로150나길 6,서울특별시 도봉구 방학제1동 707-3,127.044023,37.666046,2008-01-01,한전주,02-2091-4083,서울특별시 도봉구청,2017-05-17
05-08-01,1,서울특별시 도봉구 방학로2가길 25,서울특별시 도봉구 방학제1동 685,127.039311,37.665208,2008-01-01,한전주,02-2091-4083,서울특별시 도봉구청,2017-05-17
05-04-01,1,서울특별시 도봉구 도봉로725,서울특별시 도봉구 방학제1동 653-3,127.043116,37.669143,2013-11-28,벽부등,02-2091-4083,서울특별시 도봉구청,2017-05-17
05-14-01,1,서울특별시 도봉구 방학제1동 699-17,서울특별시 도봉구 방학제1동 699-17,127.039079,37.665546,2008-01-01,벽부등,02-2091-4083,서울특별시 도봉구청,2017-05-17
05-07-01,1,서울특별시 도봉구 도당로 116,서울특별시 도봉구 방학제1동 684-10,127.039352,37.666135,2008-01-01,한전주,02-2091-4083,서울특별시 도봉구청,2017-05-17
05-17-01,1,서울특별시 도봉구 방학제1동 692-1,서울특별시 도봉구 방학제1동 692-1,127.034973,37.662976,2008-01-01,한전주,02-2091-4083,서울특별시 도봉구청,2017-05-17
05-20-01,1,서울특별시 도봉구 방학로5길 13,서울특별시 도봉구 방학제1동 674,127.037688,37.662223,2008-01-01,한전주,02-2091-4083,서울특별시 도봉구청,2017-05-17
05-05-01,1,서울특별시 도봉구 도당로27길 32,서울특별시 도봉구 방학제1동 649,127.040996,37.668711,2008-01-01,한전주,02-2091-4083,서울특별시 도봉구청,2017-05-17
05-16-02,1,서울특별시 도봉구 도봉로145길 89,서울특별시 도봉구 방학제1동 697-33,127.037762,37.66503,2008-01-01,한전주,02-2091-4083,서울특별시 도봉구청,2017-05-17
05-13-02,1,서울특별시 도봉구 방학로 122-7,서울특별시 도봉구 방학제1동 690-56,127.038441,37.663401,2008-01-01,한전주,02-2091-4083,서울특별시 도봉구청,2017-05-17
05-10-02,1,서울특별시 도봉구 도봉로149길 11,서울특별시 도봉구 방학제1동 703-50,127.042151,37.666087,2008-01-01,한전주,02-2091-4083,서울특별시 도봉구청,2017-05-17
05-08-02,1,서울특별시 도봉구 도봉로147길 57,서울특별시 도봉구 방학제1동 686-1,127.039473,37.665133,2008-01-01,한전주,02-2091-4083,서울특별시 도봉구청,2017-05-17
05-03-02,1,서울특별시 도봉구 방학제1동 648-17,서울특별시 도봉구 방학제1동 648-17,127.039755,37.668243,2007-04-04,벽부등,02-2091-4083,서울특별시 도봉구청,2017-05-17
05-18-02,1,서울특별시 도봉구 방학로7길 8,서울특별시 도봉구 방학제1동 671-13,127.036156,37.66226,2006-09-18,한전주,02-2091-4083,서울특별시 도봉구청,2017-05-17
05-01-02,2,서울특별시 도봉구 도당로13라길 117,서울특별시 도봉구 방학제1동 645-5,127.039741,37.669446,2007-02-16,한전주,02-2091-4083,서울특별시 도봉구청,2017-05-17
05-07-02,1,서울특별시 도봉구 방학제1동 684-25,서울특별시 도봉구 방학제1동 684-25,127.039729,37.666127,2008-01-01,한전주,02-2091-4083,서울특별시 도봉구청,2017-05-17
05-21-02,1,서울특별시 도봉구 방학제1동 677-18,서울특별시 도봉구 방학제1동 677-18,127.041293,37.6618,2008-02-11,한전주,02-2091-4083,서울특별시 도봉구청,2017-05-17
05-25-02,1,서울특별시 도봉구 도봉로644-45,서울특별시 도봉구 방학제1동 711,127.043543,37.662097,2006-11-02,한전주,02-2091-4083,서울특별시 도봉구청,2017-05-17
05-17-02,1,서울특별시 도봉구 방학동 693-30,서울특별시 도봉구 방학제1동 693-29,127.035101,37.663186,2008-01-01,한전주,02-2091-4083,서울특별시 도봉구청,2017-05-17
05-05-02,1,서울특별시 도봉구 방학제1동 649-39,서울특별시 도봉구 방학제1동 649-39,127.041096,37.668403,2008-01-01,벽부등,02-2091-4083,서울특별시 도봉구청,2017-05-17
05-04-02,1,서울특별시 도봉구 도봉로 725,서울특별시 도봉구 방학제1동 653-2,127.043128,37.669233,2013-11-28,벽부등,02-2091-4083,서울특별시 도봉구청,2017-05-17
05-15-02,1,서울특별시 도봉구 방학제1동 696-39,서울특별시 도봉구 방학제1동 696-39,127.036802,37.664793,2008-01-01,벽부등,02-2091-4083,서울특별시 도봉구청,2017-05-17
05-19-02,2,서울특별시 도봉구 도당로 40-19,서울특별시 도봉구 방학제1동 671-12,127.035745,37.66201,2008-01-01,한전주,02-2091-4083,서울특별시 도봉구청,2017-05-17
05-23-02,1,서울특별시 도봉구 방학제1동 707-2,서울특별시 도봉구 방학제1동 707-2,127.043635,37.666048,2008-01-01,한전주,02-2091-4083,서울특별시 도봉구청,2017-05-17
05-09-02,1,서울특별시 도봉구 방학로2길 88,서울특별시 도봉구 방학제1동 702-15,127.040984,37.666954,2008-01-01,한전주,02-2091-4083,서울특별시 도봉구청,2017-05-17
05-11-02,1,서울특별시 도봉구 방학로2길 26,서울특별시 도봉구 방학제1동 681-37,127.040962,37.66414,2008-01-01,한전주,02-2091-4083,서울특별시 도봉구청,2017-05-17
05-14-02,1,서울특별시 도봉구 방학로6가길 50,서울특별시 도봉구 방학제1동 699-26,127.038871,37.665937,2007-11-06,한전주,02-2091-4083,서울특별시 도봉구청,2017-05-17
05-02-02,1,서울특별시 도봉구 도당로19길 36,서울특별시 도봉구 방학제1동 647-1,127.03979,37.668814,2007-01-02,한전주,02-2091-4083,서울특별시 도봉구청,2017-05-17
05-06-02,1,서울특별시 도봉구 방학로4길 76,서울특별시 도봉구 방학제1동 701-2,127.038729,37.666239,2007-11-19,한전주,02-2091-4083,서울특별시 도봉구청,2017-05-17
05-01-13,1,서울특별시 도봉구 도당로13라길 129-4,서울특별시 도봉구 방학제1동 645-39,127.040487,37.66954,2006-06-16,벽부등,02-2091-4083,서울특별시 도봉구청,2017-05-17
05-24-13,1,서울특별시 도봉구 방학제1동 713-11,서울특별시 도봉구 방학제1동 713-11,127.045518,37.663467,2008-01-01,벽부등,02-2091-4083,서울특별시 도봉구청,2017-05-17
05-13-13,1,서울특별시 도봉구 방학로 130-6,서울특별시 도봉구 방학제1동 690-75,127.037757,37.663275,2007-08-17,한전주,02-2091-4083,서울특별시 도봉구청,2017-05-17
05-18-13,1,서울특별시 도봉구 방학제1동 673-30,서울특별시 도봉구 방학제1동 673-30,127.038829,37.662382,2008-01-01,벽부등,02-2091-4083,서울특별시 도봉구청,2017-05-17
05-23-13,1,서울특별시 도봉구 도봉로150길 28,서울특별시 도봉구 방학제1동 715,127.04461,37.666022,2007-08-03,한전주,02-2091-4083,서울특별시 도봉구청,2017-05-17
05-11-13,1,서울특별시 도봉구 방학제1동 681-42,서울특별시 도봉구 방학제1동 681-42,127.041045,37.663629,2008-01-01,벽부등,02-2091-4083,서울특별시 도봉구청,2017-05-17
05-25-14,1,서울특별시 도봉구 마들로18길25,서울특별시 도봉구 방학제1동 724-20,127.048099,37.661744,2012-07-02,한전주,02-2091-4083,서울특별시 도봉구청,2017-05-17
05-04-14,1,서울특별시 도봉구 도당로29길 50,서울특별시 도봉구 방학제1동 652-7,127.042176,37.669414,2006-07-07,한전주,02-2091-4083,서울특별시 도봉구청,2017-05-17
05-15-14,1,서울특별시 도봉구 방학제1동 700-19,서울특별시 도봉구 방학제1동 700-19,127.038069,37.66582,2007-04-03,한전주,02-2091-4083,서울특별시 도봉구청,2017-05-17
05-13-14,1,서울특별시 도봉구 방학로 130-14,서울특별시 도봉구 방학제1동 690-72,127.037765,37.663599,2007-07-30,한전주,02-2091-4083,서울특별시 도봉구청,2017-05-17
05-01-14,1,서울특별시 도봉구 도당로27길 43,서울특별시 도봉구 방학제1동 646-44,127.040719,37.669387,2007-12-20,한전주,02-2091-4083,서울특별시 도봉구청,2017-05-17
05-22-14,2,서울특별시 도봉구 방학동 716-13,서울특별시 도봉구 방학제1동 716-13,127.044635,37.66628,2008-01-01,한전주,02-2091-4083,서울특별시 도봉구청,2017-05-17
05-02-14,1,서울특별시 도봉구 방학제1동 648-30,서울특별시 도봉구 방학제1동 648-30,127.040356,37.667974,2007-08-01,벽부등,02-2091-4083,서울특별시 도봉구청,2017-05-17
05-20-14,1,서울특별시 도봉구 도당로6길 36,서울특별시 도봉구 방학제1동 265-3,127.037102,37.661324,2008-01-01,벽부등,02-2091-4083,서울특별시 도봉구청,2017-05-17
05-03-14,1,서울특별시 도봉구 방학제1동 648-2,서울특별시 도봉구 방학제1동 648-2,127.039468,37.668053,2007-04-06,한전주,02-2091-4083,서울특별시 도봉구청,2017-05-17
05-12-14,2,서울특별시 도봉구 방학로 112-42,서울특별시 도봉구 방학제1동 688-3,127.039849,37.664009,2008-01-01,한전주,02-2091-4083,서울특별시 도봉구청,2017-05-17
05-05-14,2,서울특별시 도봉구 도당로29길 27,서울특별시 도봉구 방학제1동 649-12,127.041885,37.668468,2006-04-25,한전주,02-2091-4083,서울특별시 도봉구청,2017-05-17
05-24-14,1,서울특별시 도봉구 방학동 713-18,서울특별시 도봉구 방학제1동 713-18,127.045452,37.662949,2008-04-07,한전주,02-2091-4083,서울특별시 도봉구청,2017-05-17
05-21-14,1,서울특별시 도봉구 방학로3길 12-13,서울특별시 도봉구 방학제1동 675-28,127.040381,37.66199,2008-01-01,벽부등,02-2091-4083,서울특별시 도봉구청,2017-05-17
05-11-14,1,서울특별시 도봉구 방학로2길 10,서울특별시 도봉구 방학제1동 680-24,127.040953,37.663418,2008-01-01,한전주,02-2091-4083,서울특별시 도봉구청,2017-05-17
05-14-14,1,서울특별시 도봉구 방학제1동 698-34,서울특별시 도봉구 방학제1동 698-34,127.038689,37.664939,2008-01-01,벽부등,02-2091-4083,서울특별시 도봉구청,2017-05-17
05-23-14,1,서울특별시 도봉구 방학제1동 715-1,서울특별시 도봉구 방학제1동 715-1,127.044611,37.665851,2008-01-01,벽부등,02-2091-4083,서울특별시 도봉구청,2017-05-17
05-18-14,1,서울특별시 도봉구 방학로121-1,서울특별시 도봉구 방학제1동 673-15,127.038616,37.662686,2013-10-14,벽부등,02-2091-4083,서울특별시 도봉구청,2017-05-17
05-06-14,1,서울특별시 도봉구 방학제1동 701-6,서울특별시 도봉구 방학제1동 701-6,127.039002,37.666298,2008-01-01,벽부등,02-2091-4083,서울특별시 도봉구청,2017-05-17
05-10-14,1,서울특별시 도봉구 도볼로147길 24-4,서울특별시 도봉구 방학제1동 683-24,127.041357,37.66526,2008-01-01,한전주,02-2091-4083,서울특별시 도봉구청,2017-05-17
05-08-14,1,서울특별시 도봉구 도봉로147길 37,서울특별시 도봉구 방학제1동 686-45,127.040599,37.665112,2006-03-08,한전주,02-2091-4083,서울특별시 도봉구청,2017-05-17
05-16-14,1,서울특별시 도봉구 방학로8길 18,서울특별시 도봉구 방학제1동 694-16,127.036009,37.663694,2008-01-01,한전주,02-2091-4083,서울특별시 도봉구청,2017-05-17
05-09-14,1,서울특별시 도봉구 방학제1동 703-44,서울특별시 도봉구 방학제1동 703-44,127.0417,37.665835,2006-07-07,벽부등,02-2091-4083,서울특별시 도봉구청,2017-05-17
05-12-15,1,서울특별시 도봉구 방학로4길 32,서울특별시 도봉구 방학제1동 687-36,127.039838,37.664162,2008-01-01,전용주,02-2091-4083,서울특별시 도봉구청,2017-05-17
05-08-15,1,서울특별시 도봉구 방학제1동 686-53,서울특별시 도봉구 방학제1동 686-53,127.04059,37.664919,2008-01-01,벽부등,02-2091-4083,서울특별시 도봉구청,2017-05-17
05-15-15,1,서울특별시 도봉구 방학로6가길 41-5,서울특별시 도봉구 방학제1동 700-23,127.038195,37.665901,2008-01-01,벽부등,02-2091-4083,서울특별시 도봉구청,2017-05-17
05-22-15,1,서울특별시 도봉구 방학동 716-16,서울특별시 도봉구 방학제1동 716-16,127.044598,37.666656,2008-01-01,한전주,02-2091-4083,서울특별시 도봉구청,2017-05-17
05-06-15,1,서울특별시 도봉구 도당로 120,서울특별시 도봉구 방학제1동 701-24,127.039666,37.667056,2015-09-15,벽부등,02-2091-4083,서울특별시 도봉구청,2017-05-17
05-11-15,1,서울특별시 도봉구 방학제1동 680-25,서울특별시 도봉구 방학제1동 680-25,127.040945,37.663009,2008-01-01,한전주,02-2091-4083,서울특별시 도봉구청,2017-05-17
14-01-41,1,서울특별시 도봉구 도봉로191길88-13,서울특별시 도봉구 도봉제1동 384-10,127.040532,37.69002,2014-04-15,전용주,02-2091-4083,서울특별시 도봉구청,2017-05-17
14-19-41,1,서울특별시 도봉구 도봉로169라길 44-6,서울특별시 도봉구 도봉제1동 산77-2,127.03318,37.6783,2008-01-01,전용주,02-2091-4083,서울특별시 도봉구청,2017-05-17
14-25-41,1,서울특별시 도봉구 도봉제1동 615-50,서울특별시 도봉구 도봉제1동 615-50,127.041938,37.672552,2008-01-01,벽부등,02-2091-4083,서울특별시 도봉구청,2017-05-17
14-15-41,1,서울특별시 도봉구 도봉제1동 593-71,서울특별시 도봉구 도봉제1동 593-71,127.043402,37.678466,2016-09-27,벽부등,02-2091-4083,서울특별시 도봉구청,2017-05-17
14-02-41,1,서울특별시 도봉구 도봉제1동 282-312,서울특별시 도봉구 도봉제1동 282-312,127.041948,37.687722,2008-01-01,한전주,02-2091-4083,서울특별시 도봉구청,2017-05-17
14-22-41,1,서울특별시 도봉구 도봉제1동 599-9,서울특별시 도봉구 도봉제1동 599-9,127.043327,37.675801,2008-02-21,한전주,02-2091-4083,서울특별시 도봉구청,2017-05-17
14-18-42,1,서울특별시 도봉구 도봉로173다길 18-54,서울특별시 도봉구 도봉제1동 산66-10,203244,464511,2008-01-01,전용주,02-2091-4083,서울특별시 도봉구청,2017-05-17
14-22-42,1,서울특별시 도봉구 도봉제1동 602-33,서울특별시 도봉구 도봉제1동 602-33,127.043333,37.674711,2006-11-27,벽부등,02-2091-4083,서울특별시 도봉구청,2017-05-17
14-25-42,1,서울특별시 도봉구 시루봉로27나길 12,서울특별시 도봉구 도봉제1동 615-48,127.041991,37.672448,2008-01-01,한전주,02-2091-4083,서울특별시 도봉구청,2017-05-17
14-19-42,1,서울특별시 도봉구 도봉제1동 산77-2,서울특별시 도봉구 도봉제1동 산77-2,127.033151,37.678778,2008-01-01,전용주,02-2091-4083,서울특별시 도봉구청,2017-05-17
14-01-42,1,서울특별시 도봉구 도봉제1동 349,서울특별시 도봉구 도봉제1동 349,127.041371,37.689713,2013-09-03,한전주,02-2091-4083,서울특별시 도봉구청,2017-05-17
14-01-43,1,서울특별시 도봉구 도봉로191길,서울특별시 도봉구 도봉제1동 385-2,127.039602,37.689605,2012-09-12,전용주,02-2091-4083,서울특별시 도봉구청,2017-05-17
14-02-43,1,서울특별시 도봉구 도봉산4가길 10,서울특별시 도봉구 도봉제1동 282-316,127.041812,37.688289,2008-01-01,한전주,02-2091-4083,서울특별시 도봉구청,2017-05-17
14-18-43,1,서울특별시 도봉구 도봉로173다길 32-24,서울특별시 도봉구 도봉제1동 431-5,127.036264,37.679975,2008-01-01,전용주,02-2091-4083,서울특별시 도봉구청,2017-05-17
14-22-43,1,서울특별시 도봉구 도봉제1동 136-11,서울특별시 도봉구 도봉제1동 136-11,127.042257,37.675089,2008-01-01,벽부등,02-2091-4083,서울특별시 도봉구청,2017-05-17
14-19-43,1,서울특별시 도봉구 도봉로169라길 44-6,서울특별시 도봉구 도봉제1동 산77-2,127.03301,37.679093,2007-10-15,한전주,02-2091-4083,서울특별시 도봉구청,2017-05-17
14-25-43,1,서울특별시 도봉구 시루봉로27나길 6-3,서울특별시 도봉구 도봉제1동 615-45,127.042279,37.672558,2008-01-01,벽부등,02-2091-4083,서울특별시 도봉구청,2017-05-17
14-25-44,1,서울특별시 도봉구 시루봉로27길 25,서울특별시 도봉구 도봉제1동 615-41,127.042596,37.672439,2008-01-01,한전주,02-2091-4083,서울특별시 도봉구청,2017-05-17
14-18-44,1,서울특별시 도봉구 도봉제1동 431-5,서울특별시 도봉구 도봉제1동 431-5,127.036284,37.679686,2008-01-01,벽부등,02-2091-4083,서울특별시 도봉구청,2017-05-17
14-22-44,1,서울특별시 도봉구 도봉제1동 599-40,서울특별시 도봉구 도봉제1동 599-40,127.042638,37.674901,2008-01-01,벽부등,02-2091-4083,서울특별시 도봉구청,2017-05-17
14-02-44,1,서울특별시 도봉구 도봉제1동 282-314,서울특별시 도봉구 도봉제1동 282-314,127.041778,37.688487,2007-07-27,한전주,02-2091-4083,서울특별시 도봉구청,2017-05-17
14-19-44,1,서울특별시 도봉구 도봉제1동 산79,서울특별시 도봉구 도봉제1동 산79,127.032842,37.678276,2008-01-01,한전주,02-2091-4083,서울특별시 도봉구청,2017-05-17
14-01-44,1,서울특별시 도봉구 도볼로191길,서울특별시 도봉구 도봉제1동 385-2,127.039375,37.689678,2012-09-12,전용주,02-2091-4083,서울특별시 도봉구청,2017-05-17
14-19-45,1,서울특별시 도봉구 도봉제1동 산79,서울특별시 도봉구 도봉제1동 산79,127.032674,37.67842,2008-01-01,한전주,02-2091-4083,서울특별시 도봉구청,2017-05-17
14-02-45,1,서울특별시 도봉구 도봉제1동 287-8,서울특별시 도봉구 도봉제1동 287-8,127.041647,37.688729,2008-01-01,통신주,02-2091-4083,서울특별시 도봉구청,2017-05-17
14-01-45,1,서울특별시 도봉구 도봉로191길 99,서울특별시 도봉구 도봉제1동 343-3,127.041515,37.689598,2008-01-01,전용주,02-2091-4083,서울특별시 도봉구청,2017-05-17
14-25-45,1,서울특별시 도봉구 시루봉로27길 25,서울특별시 도봉구 도봉제1동 615-41,127.042653,37.67252,2008-01-01,한전주,02-2091-4083,서울특별시 도봉구청,2017-05-17
14-18-45,1,서울특별시 도봉구 도봉제1동 431-5,서울특별시 도봉구 도봉제1동 431-5,127.035978,37.680082,2007-08-10,한전주,02-2091-4083,서울특별시 도봉구청,2017-05-17
14-19-46,1,서울특별시 도봉구 도봉로169라길 111-4,서울특별시 도봉구 도봉제1동 산79,127.032137,37.67867,2008-01-01,한전주,02-2091-4083,서울특별시 도봉구청,2017-05-17
14-25-46,1,서울특별시 도봉구 시루봉로27길 31,서울특별시 도봉구 도봉제1동 615-38,127.04268,37.672727,2007-07-12,한전주,02-2091-4083,서울특별시 도봉구청,2017-05-17
14-02-46,1,서울특별시 도봉구 도봉제1동 282-320,서울특별시 도봉구 도봉제1동 282-320,127.042204,37.68871,2006-10-13,벽부등,02-2091-4083,서울특별시 도봉구청,2017-05-17
14-01-46,1,서울특별시 도봉구 도봉제1동 385-2,서울특별시 도봉구 도봉제1동 385-2,127.038808,37.689441,2008-01-01,전용주,02-2091-4083,서울특별시 도봉구청,2017-05-17
14-18-46,1,서울특별시 도봉구 도봉제1동 431-3,서울특별시 도봉구 도봉제1동 431-3,127.035719,37.680367,2007-07-06,한전주,02-2091-4083,서울특별시 도봉구청,2017-05-17
14-19-47,1,서울특별시 도봉구 도봉제1동 488,서울특별시 도봉구 도봉제1동 488,127.031756,37.678734,2006-04-03,한전주,02-2091-4083,서울특별시 도봉구청,2017-05-17
10-11-07,1,서울특별시 도봉구 도봉로104길 121-6,서울특별시 도봉구 창제2동 608-34,127.038502,37.644602,2008-01-01,벽부등,02-2091-4083,서울특별시 도봉구청,2017-05-17
10-26-07,1,서울특별시 도봉구 도봉로108길285,서울특별시 도봉구 창제2동 624-49,127.035518,37.645186,2014-05-21,전용주,02-2091-4083,서울특별시 도봉구청,2017-05-17
10-12-07,1,서울특별시 도봉구 창제2동 609-34,서울특별시 도봉구 창제2동 609-34,127.039234,37.6441,2007-10-31,한전주,02-2091-4083,서울특별시 도봉구청,2017-05-17
10-20-07,2,서울특별시 도봉구 창제2동 632-53,서울특별시 도봉구 창제2동 632-53,127.034565,37.639511,2008-01-01,한전주,02-2091-4083,서울특별시 도봉구청,2017-05-17
10-09-07,1,서울특별시 도봉구 창제2동 674-1,서울특별시 도봉구 창제2동 674-1,127.039077,37.646481,2006-06-26,한전주,02-2091-4083,서울특별시 도봉구청,2017-05-17
10-15-07,1,서울특별시 도봉구 덕릉로59라길 40,서울특별시 도봉구 창제2동 601-90,127.038353,37.642034,2008-01-01,한전주,02-2091-4083,서울특별시 도봉구청,2017-05-17
10-13-07,1,서울특별시 도봉구 창제2동 607-47,서울특별시 도봉구 창제2동 607-47,127.039465,37.643575,2008-01-01,한전주,02-2091-4083,서울특별시 도봉구청,2017-05-17
10-05-07,1,서울특별시 도봉구 창제2동 601-42,서울특별시 도봉구 창제2동 601-42,127.038738,37.640655,2007-05-01,벽부등,02-2091-4083,서울특별시 도봉구청,2017-05-17
10-07-07,1,서울특별시 도봉구 창제2동 609-9,서울특별시 도봉구 창제2동 609-9,127.040605,37.643553,2007-08-30,전용주,02-2091-4083,서울특별시 도봉구청,2017-05-17
10-02-07,1,서울특별시 도봉구 창제2동 578-106,서울특별시 도봉구 창제2동 578-106,127.03637,37.639139,2008-01-01,한전주,02-2091-4083,서울특별시 도봉구청,2017-05-17
10-23-08,1,서울특별시 도봉구 창제2동 593-26,서울특별시 도봉구 창제2동 593-26,127.037483,37.643379,2008-01-01,한전주,02-2091-4083,서울특별시 도봉구청,2017-05-17
10-05-08,1,서울특별시 도봉구 창제2동 601-60,서울특별시 도봉구 창제2동 601-60,127.038941,37.640919,2007-05-17,벽부등,02-2091-4083,서울특별시 도봉구청,2017-05-17
10-25-08,1,서울특별시 도봉구 창제2동 623-6,서울특별시 도봉구 창제2동 623-6,127.036716,37.645495,2008-01-01,한전주,02-2091-4083,서울특별시 도봉구청,2017-05-17
10-13-08,1,서울특별시 도봉구 창제2동 607-40,서울특별시 도봉구 창제2동 607-40,127.039494,37.642977,2008-01-01,벽부등,02-2091-4083,서울특별시 도봉구청,2017-05-17
10-24-08,2,서울특별시 도봉구 창제2동 623-58,서울특별시 도봉구 창제2동 623-58,127.03705,37.644575,2006-02-16,한전주,02-2091-4083,서울특별시 도봉구청,2017-05-17
10-08-08,1,서울특별시 도봉구 창제2동 674-77,서울특별시 도봉구 창제2동 674-77,127.040167,37.645969,2008-01-01,벽부등,02-2091-4083,서울특별시 도봉구청,2017-05-17
10-26-08,1,서울특별시 도봉구 창제2동 624-51,서울특별시 도봉구 창제2동 624-51,127.035531,37.645455,2008-01-01,한전주,02-2091-4083,서울특별시 도봉구청,2017-05-17
10-17-08,1,서울특별시 도봉구 창제2동 582-15,서울특별시 도봉구 창제2동 582-15,127.036372,37.640726,2008-01-01,벽부등,02-2091-4083,서울특별시 도봉구청,2017-05-17
15-02-08,1,서울특별시 도봉구 도봉제2동 63,서울특별시 도봉구 도봉제2동 63,127.047946,37.682945,2008-04-04,한전주,02-2091-4083,서울특별시 도봉구청,2017-05-17
15-09-08,1,서울특별시 도봉구 도봉제2동 623-111,서울특별시 도봉구 도봉제2동 623-111,127.045747,37.672169,2008-01-01,한전주,02-2091-4083,서울특별시 도봉구청,2017-05-17
15-08-08,1,서울특별시 도봉구 도봉제2동 624-65,서울특별시 도봉구 도봉제2동 624-65,127.045842,37.673275,2008-01-01,벽부등,02-2091-4083,서울특별시 도봉구청,2017-05-17
15-03-08,1,서울특별시 도봉구 도봉로152가길 150,서울특별시 도봉구 도봉제2동,127.045331,37.67626,2015-07-06,전용주,02-2091-4083,서울특별시 도봉구청,2017-05-17
15-06-08,1,서울특별시 도봉구 도봉제2동 625-195,서울특별시 도봉구 도봉제2동 625-195,127.045815,37.675529,2008-01-01,벽부등,02-2091-4083,서울특별시 도봉구청,2017-05-17
15-29-08,1,서울특별시 도봉구 도봉제2동 622-50,서울특별시 도봉구 도봉제2동 622-50,127.045057,37.669799,2008-01-01,벽부등,02-2091-4083,서울특별시 도봉구청,2017-05-17
15-27-08,1,서울특별시 도봉구 도봉제2동 624-117,서울특별시 도봉구 도봉제2동 624-117,127.044795,37.673733,2006-05-12,벽부등,02-2091-4083,서울특별시 도봉구청,2017-05-17
15-10-08,2,서울특별시 도봉구 마들로28나길 28,서울특별시 도봉구 도봉제2동 634-15,127.046994,37.671844,2008-01-01,한전주,02-2091-4083,서울특별시 도봉구청,2017-05-17
15-01-08,2,서울특별시 도봉구 도봉제2동 653,서울특별시 도봉구 도봉제2동 653,127.047176,37.69063,2012-07-25,한전주,02-2091-4083,서울특별시 도봉구청,2017-05-17
15-05-08,1,서울특별시 도봉구 도봉제2동 630-15,서울특별시 도봉구 도봉제2동 630-15,127.048979,37.67633,2008-01-01,한전주,02-2091-4083,서울특별시 도봉구청,2017-05-17
15-06-09,1,서울특별시 도봉구 도봉제2동 625-198,서울특별시 도봉구 도봉제2동 625-198,127.045727,37.675392,2008-01-01,한전주,02-2091-4083,서울특별시 도봉구청,2017-05-17
15-03-09,1,서울특별시 도봉구 도봉로152가길 156,서울특별시 도봉구 도봉제2동 92-69,127.045355,37.676372,2015-07-06,전용주,02-2091-4083,서울특별시 도봉구청,2017-05-17
15-08-09,1,서울특별시 도봉구 도봉제2동 624-67,서울특별시 도봉구 도봉제2동 624-67,127.045818,37.673139,2007-07-24,한전주,02-2091-4083,서울특별시 도봉구청,2017-05-17
15-01-09,2,서울특별시 도봉구 도봉제2동 652,서울특별시 도봉구 도봉제2동 652,127.046541,37.690594,2012-07-25,한전주,02-2091-4083,서울특별시 도봉구청,2017-05-17
15-07-09,1,서울특별시 도봉구 마들로735-13,서울특별시 도봉구 도봉제2동 625-95,127.047291,37.675619,2014-01-08,벽부등,02-2091-4083,서울특별시 도봉구청,2017-05-17
15-29-09,1,서울특별시 도봉구 도봉로152길 13,서울특별시 도봉구 도봉제2동 622-8,127.044669,37.669521,2008-01-01,한전주,02-2091-4083,서울특별시 도봉구청,2017-05-17
05-20-02,1,서울특별시 도봉구 방학로5길 9-8,서울특별시 도봉구 방학제1동 674-2,127.038122,37.662227,2008-01-01,한전주,02-2091-4083,서울특별시 도봉구청,2017-05-17
05-14-03,1,서울특별시 도봉구 방학제1동 699-25,서울특별시 도봉구 방학제1동 699-25,127.038814,37.665797,2008-01-01,벽부등,02-2091-4083,서울특별시 도봉구청,2017-05-17
05-18-03,1,서울특별시 도봉구 방학로5길 10-18,서울특별시 도봉구 방학제1동 672-4,127.036586,37.66229,2008-01-01,한전주,02-2091-4083,서울특별시 도봉구청,2017-05-17
05-21-03,1,서울특별시 도봉구 방학제1동 675-37,서울특별시 도봉구 방학제1동 675-37,127.040785,37.661806,2008-01-01,한전주,02-2091-4083,서울특별시 도봉구청,2017-05-17
05-15-03,1,서울특별시 도봉구 방학제1동 696-31,서울특별시 도봉구 방학제1동 696-31,127.037015,37.664971,2008-01-01,벽부등,02-2091-4083,서울특별시 도봉구청,2017-05-17
05-03-03,1,서울특별시 도봉구 방학제1동 648-17,서울특별시 도봉구 방학제1동 648-17,127.039851,37.668242,2008-03-01,한전주,02-2091-4083,서울특별시 도봉구청,2017-05-17
05-05-03,1,서울특별시 도봉구 방학제1동 649-35,서울특별시 도봉구 방학제1동 649-35,127.041382,37.66832,2007-07-03,벽부등,02-2091-4083,서울특별시 도봉구청,2017-05-17
05-11-03,1,서울특별시 도봉구 방학로2길 34,서울특별시 도봉구 방학제1동 681,127.040994,37.664576,2008-01-01,한전주,02-2091-4083,서울특별시 도봉구청,2017-05-17
05-10-03,1,서울특별시 도봉구 도봉로149길 11-5,서울특별시 도봉구 방학제1동 703-51,127.042117,37.665846,2008-01-01,한전주,02-2091-4083,서울특별시 도봉구청,2017-05-17
05-19-03,2,서울특별시 도봉구 방학로7길 8,서울특별시 도봉구 방학제1동 671-13,127.036196,37.662061,2006-09-18,한전주,02-2091-4083,서울특별시 도봉구청,2017-05-17
05-09-03,1,서울특별시 도봉구 방학로2길 86,서울특별시 도봉구 방학제1동 702-13,127.041086,37.666684,2006-11-23,한전주,02-2091-4083,서울특별시 도봉구청,2017-05-17
05-01-03,1,서울특별시 도봉구 도봉로149길 11-5,서울특별시 도봉구 방학제1동 645-6,127.039841,37.669595,2006-03-09,한전주,02-2091-4083,서울특별시 도봉구청,2017-05-17
05-17-03,1,서울특별시 도봉구 방학제1동 693-31,서울특별시 도봉구 방학제1동 693-31,127.035089,37.663311,2008-01-01,한전주,02-2091-4083,서울특별시 도봉구청,2017-05-17
05-13-03,2,서울특별시 도봉구 방학로 126-14,서울특별시 도봉구 방학제1동 690-59,127.03844,37.66366,2008-01-01,한전주,02-2091-4083,서울특별시 도봉구청,2017-05-17
05-02-03,1,서울특별시 도봉구 도봉로151길 55,서울특별시 도봉구 방학제1동 647-23,127.04012,37.66882,2008-01-01,한전주,02-2091-4083,서울특별시 도봉구청,2017-05-17
05-08-03,1,서울특별시 도봉구 도봉로147길 54-7,서울특별시 도봉구 방학제1동 685-11,127.039544,37.665414,2008-01-01,한전주,02-2091-4083,서울특별시 도봉구청,2017-05-17
05-07-03,1,서울특별시 도봉구 방학제1동 684-34,서울특별시 도봉구 방학제1동 684-34,127.04001,37.666121,2008-01-01,한전주,02-2091-4083,서울특별시 도봉구청,2017-05-17
05-12-03,1,서울특별시 도봉구 방학로4길 32,서울특별시 도봉구 방학제1동 687-41,127.039328,37.664162,2008-01-01,전용주,02-2091-4083,서울특별시 도봉구청,2017-05-17
05-16-03,1,서울특별시 도봉구 방학로6가길 16,서울특별시 도봉구 방학제1동 697-22,127.037411,37.664915,2007-09-21,한전주,02-2091-4083,서울특별시 도봉구청,2017-05-17
05-04-03,1,서울특별시 도봉구 방학제1동 653-11,서울특별시 도봉구 방학제1동 653-11,127.043116,37.669801,2008-01-01,벽부등,02-2091-4083,서울특별시 도봉구청,2017-05-17
05-25-03,1,서울특별시 도봉구 방학제1동 711-1,서울특별시 도봉구 방학제1동 711-1,127.04396,37.662164,2006-11-02,한전주,02-2091-4083,서울특별시 도봉구청,2017-05-17
05-20-03,1,서울특별시 도봉구 방학제1동 674-5,서울특별시 도봉구 방학제1동 674-5,127.038312,37.66222,2007-01-12,한전주,02-2091-4083,서울특별시 도봉구청,2017-05-17
05-06-03,1,서울특별시 도봉구 방학로4길 68,서울특별시 도봉구 방학제1동 684,127.039023,37.666039,2007-04-13,한전주,02-2091-4083,서울특별시 도봉구청,2017-05-17
05-23-03,1,서울특별시 도봉구 도봉로 690,서울특별시 도봉구 방학제1동 707,127.043398,37.66604,2008-01-01,한전주,02-2091-4083,서울특별시 도봉구청,2017-05-17
05-10-04,1,서울특별시 도봉구 도봉로 683,서울특별시 도봉구 방학제1동 703-14,127.041795,37.665621,2006-07-07,한전주,02-2091-4083,서울특별시 도봉구청,2017-05-17
05-17-04,1,서울특별시 도봉구 도당로10길 11,서울특별시 도봉구 방학제1동 693-29,127.035429,37.663349,2008-01-01,한전주,02-2091-4083,서울특별시 도봉구청,2017-05-17
05-14-04,2,서울특별시 도봉구 방학로6가길 46,서울특별시 도봉구 방학제1동 699-24,127.038559,37.665728,2008-01-01,한전주,02-2091-4083,서울특별시 도봉구청,2017-05-17
05-15-04,1,서울특별시 도봉구 방학제1동 696-11,서울특별시 도봉구 방학제1동 696-11,127.036938,37.665041,2008-01-01,벽부등,02-2091-4083,서울특별시 도봉구청,2017-05-17
05-21-04,1,서울특별시 도봉구 방학제1동 675-27,서울특별시 도봉구 방학제1동 675-27,127.040369,37.66181,2006-11-16,한전주,02-2091-4083,서울특별시 도봉구청,2017-05-17
05-19-04,2,서울특별시 도봉구 방학로5길 10-22,서울특별시 도봉구 방학제1동 672-3,127.036593,37.662109,2008-01-01,한전주,02-2091-4083,서울특별시 도봉구청,2017-05-17
05-01-04,1,서울특별시 도봉구 방학제1동 645-13,서울특별시 도봉구 방학제1동 645-13,127.039885,37.669724,2006-03-09,벽부등,02-2091-4083,서울특별시 도봉구청,2017-05-17
05-23-04,1,서울특별시 도봉구 방학로 76,서울특별시 도봉구 방학제1동 708-2,127.043041,37.664518,2008-01-01,한전주,02-2091-4083,서울특별시 도봉구청,2017-05-17
10-04-20,1,서울특별시 도봉구 덕릉로59길 35,서울특별시 도봉구 창제2동 581-41,127.037831,37.641016,2008-01-01,한전주,02-2091-4083,서울특별시 도봉구청,2017-05-17
10-17-20,1,서울특별시 도봉구 덕릉로59바길 10-4,서울특별시 도봉구 창제2동 582-76,127.037061,37.640899,2008-01-01,한전주,02-2091-4083,서울특별시 도봉구청,2017-05-17
05-06-13,1,서울특별시 도봉구 방학제1동 701-29,서울특별시 도봉구 방학제1동 701-29,127.03995,37.667125,2008-01-01,벽부등,02-2091-4083,서울특별시 도봉구청,2017-05-17
11-09-27,1,서울특별시 도봉구 창제3동 457-17,서울특별시 도봉구 창제3동 457-17,127.041855,37.637239,2008-01-01,한전주,02-2091-4083,서울특별시 도봉구청,2017-05-17
11-08-27,1,서울특별시 도봉구 창제3동 543-1,서울특별시 도봉구 창제3동 543-1,127.038846,37.637227,2008-01-01,한전주,02-2091-4083,서울특별시 도봉구청,2017-05-17
11-03-27,1,서울특별시 도봉구 창제3동 569-94,서울특별시 도봉구 창제3동 569-94,127.038981,37.638967,2008-01-01,벽부등,02-2091-4083,서울특별시 도봉구청,2017-05-17
11-05-27,1,서울특별시 도봉구 창제3동 562-13,서울특별시 도봉구 창제3동 562-13,127.040087,37.638321,2007-06-18,벽부등,02-2091-4083,서울특별시 도봉구청,2017-05-17
11-06-27,1,서울특별시 도봉구 창제3동 554-1,서울특별시 도봉구 창제3동 554-1,127.038682,37.636876,2008-01-01,벽부등,02-2091-4083,서울특별시 도봉구청,2017-05-17
11-11-27,1,서울특별시 도봉구 창제3동 525-2,서울특별시 도봉구 창제3동 525-2,127.038909,37.635008,2008-01-01,벽부등,02-2091-4083,서울특별시 도봉구청,2017-05-17
11-13-27,1,서울특별시 도봉구 우이천로4라길 11-39,서울특별시 도봉구 창제3동 492-16,127.043742,37.634284,2008-01-01,한전주,02-2091-4083,서울특별시 도봉구청,2017-05-17
11-15-27,1,서울특별시 도봉구 덕릉로60길120-14,서울특별시 도봉구 창제3동 482-43,127.04168,37.634843,2013-12-17,한전주,02-2091-4083,서울특별시 도봉구청,2017-05-17
11-16-27,1,서울특별시 도봉구 창제3동 511-8,서울특별시 도봉구 창제3동 511-8,127.040784,37.634465,2008-01-01,벽부등,02-2091-4083,서울특별시 도봉구청,2017-05-17
11-06-28,1,서울특별시 도봉구 덕릉로54길29,서울특별시 도봉구 창제3동 554-1,127.038622,37.637043,2013-12-13,한전주,02-2091-4083,서울특별시 도봉구청,2017-05-17
11-03-28,1,서울특별시 도봉구 창제3동 569-91,서울특별시 도봉구 창제3동 569-91,127.03913,37.639126,2008-01-01,한전주,02-2091-4083,서울특별시 도봉구청,2017-05-17
11-08-28,1,서울특별시 도봉구 덕릉로62길,서울특별시 도봉구 창제3동 810-1,127.042075,37.639529,2013-10-02,한전주,02-2091-4083,서울특별시 도봉구청,2017-05-17
11-09-28,1,서울특별시 도봉구 창제3동 459-5,서울특별시 도봉구 창제3동 459-5,127.04186,37.637741,2007-12-01,한전주,02-2091-4083,서울특별시 도봉구청,2017-05-17
11-13-28,1,서울특별시 도봉구 덕릉로60타길 11-32,서울특별시 도봉구 창제3동 492-26,127.043391,37.634068,2007-03-12,한전주,02-2091-4083,서울특별시 도봉구청,2017-05-17
11-15-28,1,서울특별시 도봉구 창제3동 482-16,서울특별시 도봉구 창제3동 482-16,127.041852,37.634617,2008-01-01,한전주,02-2091-4083,서울특별시 도봉구청,2017-05-17
11-16-28,1,서울특별시 도봉구 창제3동 521-5,서울특별시 도봉구 창제3동 521-5,127.040398,37.634771,2008-01-01,벽부등,02-2091-4083,서울특별시 도봉구청,2017-05-17
11-05-29,1,서울특별시 도봉구 덕릉로60길36,서울특별시 도봉구 창제3동 562-3,127.040323,37.638601,2013-12-16,한전주,02-2091-4083,서울특별시 도봉구청,2017-05-17
11-03-29,1,서울특별시 도봉구 덕릉로62길14,서울특별시 도봉구 창제3동 449-80,127.040913,37.640474,2013-12-16,한전주,02-2091-4083,서울특별시 도봉구청,2017-05-17
11-06-29,1,서울특별시 도봉구 창제3동 548-14,서울특별시 도봉구 창제3동 548-14,127.038855,37.635976,2008-01-01,한전주,02-2091-4083,서울특별시 도봉구청,2017-05-17
11-09-29,1,서울특별시 도봉구 창제3동 459-2,서울특별시 도봉구 창제3동 459-2,127.041495,37.637115,2008-01-01,한전주,02-2091-4083,서울특별시 도봉구청,2017-05-17
11-15-29,1,서울특별시 도봉구 창제3동 482-13,서울특별시 도봉구 창제3동 482-13,127.041984,37.634421,2008-01-01,벽부등,02-2091-4083,서울특별시 도봉구청,2017-05-17
11-16-29,1,서울특별시 도봉구 창제3동 521-17,서울특별시 도봉구 창제3동 521-17,127.040386,37.634656,2008-01-01,벽부등,02-2091-4083,서울특별시 도봉구청,2017-05-17
11-05-30,1,서울특별시 도봉구 덕릉로60길44,서울특별시 도봉구 창제3동 562-6,127.040447,37.638249,2013-12-16,한전주,02-2091-4083,서울특별시 도봉구청,2017-05-17
11-15-30,1,서울특별시 도봉구 우이천로4길 49,서울특별시 도봉구 창제3동 482-13,127.042133,37.634356,2013-12-16,한전주,02-2091-4083,서울특별시 도봉구청,2017-05-17
11-16-30,1,서울특별시 도봉구 우이천로4나길19,서울특별시 도봉구 창제3동 521-13,127.040162,37.634582,2013-12-17,한전주,02-2091-4083,서울특별시 도봉구청,2017-05-17
11-13-30,1,서울특별시 도봉구 덕릉로60길 11-35,서울특별시 도봉구 창제3동 492-40,127.04347,37.634275,2008-01-01,한전주,02-2091-4083,서울특별시 도봉구청,2017-05-17
11-03-30,1,서울특별시 도봉구 창제3동 569-18,서울특별시 도봉구 창제3동 569-18,127.039833,37.639544,2008-01-01,한전주,02-2091-4083,서울특별시 도봉구청,2017-05-17
11-06-30,1,서울특별시 도봉구 창제3동 544-7,서울특별시 도봉구 창제3동 544-7,127.039037,37.636802,2006-03-27,벽부등,02-2091-4083,서울특별시 도봉구청,2017-05-17
11-09-30,1,서울특별시 도봉구 창제3동 466-2,서울특별시 도봉구 창제3동 466-2,127.041465,37.637375,2008-01-01,한전주,02-2091-4083,서울특별시 도봉구청,2017-05-17
11-03-31,1,서울특별시 도봉구 덕릉로60가길 18,서울특별시 도봉구 창제3동 569-49,127.039519,37.639051,2006-04-15,한전주,02-2091-4083,서울특별시 도봉구청,2017-05-17
11-05-31,1,서울특별시 도봉구 창제3동 560-19,서울특별시 도봉구 창제3동 560-19,127.040129,37.638011,2008-01-01,한전주,02-2091-4083,서울특별시 도봉구청,2017-05-17
11-06-31,1,서울특별시 도봉구 창제3동 536-8,서울특별시 도봉구 창제3동 536-8,127.039519,37.636279,2008-01-01,벽부등,02-2091-4083,서울특별시 도봉구청,2017-05-17
11-09-31,1,서울특별시 도봉구 창제3동 457-16,서울특별시 도봉구 창제3동 457-16,127.041841,37.637477,2008-01-01,한전주,02-2091-4083,서울특별시 도봉구청,2017-05-17
14-18-47,2,서울특별시 도봉구 도봉제1동 431-1,서울특별시 도봉구 도봉제1동 431-1,127.035614,37.68019,2007-07-06,전용주,02-2091-4083,서울특별시 도봉구청,2017-05-17
14-25-47,1,서울특별시 도봉구 도봉로155길 23,서울특별시 도봉구 도봉제1동 615-36,127.042699,37.672894,2008-01-01,한전주,02-2091-4083,서울특별시 도봉구청,2017-05-17
14-19-48,1,서울특별시 도봉구 도봉로169길 114,서울특별시 도봉구 도봉제1동 산79,127.031423,37.678463,2006-10-02,한전주,02-2091-4083,서울특별시 도봉구청,2017-05-17
14-02-48,1,서울특별시 도봉구 도봉제1동 282-317,서울특별시 도봉구 도봉제1동 282-317,127.042187,37.688272,2008-01-01,벽부등,02-2091-4083,서울특별시 도봉구청,2017-05-17
09-11-09,1,서울특별시 도봉구 노해로62길 65-21,서울특별시 도봉구 창제1동 665-2,127.038765,37.649062,2008-01-01,한전주,02-2091-4083,서울특별시 도봉구청,2017-05-17
09-05-09,1,서울특별시 도봉구 창제1동 676-40,서울특별시 도봉구 창제1동 676-40,127.037754,37.646737,2008-01-01,한전주,02-2091-4083,서울특별시 도봉구청,2017-05-17
09-09-09,1,서울특별시 도봉구 창제1동 663-57,서울특별시 도봉구 창제1동 663-57,127.03674,37.64917,2008-01-01,벽부등,02-2091-4083,서울특별시 도봉구청,2017-05-17
09-25-10,1,서울특별시 도봉구 창제1동 산159-1,서울특별시 도봉구 창제1동 산159-1,127.046961,37.647439,2007-10-10,전용주,02-2091-4083,서울특별시 도봉구청,2017-05-17
09-09-10,1,서울특별시 도봉구 창제1동 663-55,서울특별시 도봉구 창제1동 663-55,127.036759,37.648905,2006-12-05,한전주,02-2091-4083,서울특별시 도봉구청,2017-05-17
09-03-10,1,서울특별시 도봉구 창제1동 657-66,서울특별시 도봉구 창제1동 657-66,127.036471,37.647228,2006-06-08,한전주,02-2091-4083,서울특별시 도봉구청,2017-05-17
09-05-10,1,서울특별시 도봉구 도봉로112길 58-4,서울특별시 도봉구 창제1동 676-46,127.038016,37.646872,2006-04-28,벽부등,02-2091-4083,서울특별시 도봉구청,2017-05-17
09-02-10,1,서울특별시 도봉구 창제1동 651-24,서울특별시 도봉구 창제1동 651-24,127.03673,37.646788,2008-01-01,통신주,02-2091-4083,서울특별시 도봉구청,2017-05-17
09-11-10,1,서울특별시 도봉구 노해로62길 33,서울특별시 도봉구 창제1동 665-1,127.038867,37.649071,2008-01-01,벽부등,02-2091-4083,서울특별시 도봉구청,2017-05-17
09-07-10,1,서울특별시 도봉구 창제1동 667-52,서울특별시 도봉구 창제1동 667-52,127.037445,37.648029,2008-01-01,벽부등,02-2091-4083,서울특별시 도봉구청,2017-05-17
09-08-10,1,서울특별시 도봉구 창제1동 658-29,서울특별시 도봉구 창제1동 658-29,127.036527,37.648791,2008-01-01,벽부등,02-2091-4083,서울특별시 도봉구청,2017-05-17
09-10-10,1,서울특별시 도봉구 창제1동 661-78,서울특별시 도봉구 창제1동 661-78,127.036431,37.649845,2008-01-01,한전주,02-2091-4083,서울특별시 도봉구청,2017-05-17
09-04-10,1,서울특별시 도봉구 창제1동 667-103,서울특별시 도봉구 창제1동 667-103,127.03804,37.647055,2008-01-01,한전주,02-2091-4083,서울특별시 도봉구청,2017-05-17
09-06-10,1,서울특별시 도봉구 창제1동 657-99,서울특별시 도봉구 창제1동 657-99,127.036753,37.647875,2008-01-01,통신주,02-2091-4083,서울특별시 도봉구청,2017-05-17
09-01-10,2,서울특별시 도봉구 창제1동 659-36,서울특별시 도봉구 창제1동 659-36,127.035704,37.648624,2006-03-17,한전주,02-2091-4083,서울특별시 도봉구청,2017-05-17
09-25-11,1,서울특별시 도봉구 창제1동 372,서울특별시 도봉구 창제1동 372,127.048082,37.646897,2008-01-01,전용주,02-2091-4083,서울특별시 도봉구청,2017-05-17
09-06-11,1,서울특별시 도봉구 창제1동 657-17,서울특별시 도봉구 창제1동 657-17,127.036603,37.647768,2007-01-12,벽부등,02-2091-4083,서울특별시 도봉구청,2017-05-17
09-11-11,1,서울특별시 도봉구 창제1동 665-10,서울특별시 도봉구 창제1동 665-10,127.038719,37.648815,2008-01-01,벽부등,02-2091-4083,서울특별시 도봉구청,2017-05-17
09-03-11,1,서울특별시 도봉구 창제1동 657-68,서울특별시 도봉구 창제1동 657-68,127.036455,37.647447,2006-07-06,벽부등,02-2091-4083,서울특별시 도봉구청,2017-05-17
09-09-11,1,서울특별시 도봉구 창제1동 663-75,서울특별시 도봉구 창제1동 663-75,127.037098,37.648943,2006-12-05,한전주,02-2091-4083,서울특별시 도봉구청,2017-05-17
09-08-11,1,서울특별시 도봉구 창제1동 658-32,서울특별시 도봉구 창제1동 658-32,127.036505,37.6486,2008-01-01,벽부등,02-2091-4083,서울특별시 도봉구청,2017-05-17
09-10-11,1,서울특별시 도봉구 창제1동 661-4,서울특별시 도봉구 창제1동 661-4,127.03657,37.650081,2008-01-01,한전주,02-2091-4083,서울특별시 도봉구청,2017-05-17
09-01-11,1,서울특별시 도봉구 창제1동 651-2,서울특별시 도봉구 창제1동 651-2,127.035482,37.646854,2008-01-01,한전주,02-2091-4083,서울특별시 도봉구청,2017-05-17
09-04-11,1,서울특별시 도봉구 창제1동 667-109,서울특별시 도봉구 창제1동 667-109,127.037739,37.647033,2006-03-17,한전주,02-2091-4083,서울특별시 도봉구청,2017-05-17
09-07-11,1,서울특별시 도봉구 창제1동 667-34,서울특별시 도봉구 창제1동 667-34,127.037587,37.647795,2008-01-01,벽부등,02-2091-4083,서울특별시 도봉구청,2017-05-17
09-03-12,1,서울특별시 도봉구 창제1동 657-74,서울특별시 도봉구 창제1동 657-74,127.036951,37.646967,2016-09-27,한전주,02-2091-4083,서울특별시 도봉구청,2017-05-17
09-10-12,1,서울특별시 도봉구 도봉로 502-5,서울특별시 도봉구 창제1동 661-61,127.036046,37.650126,2008-01-01,한전주,02-2091-4083,서울특별시 도봉구청,2017-05-17
09-07-12,1,서울특별시 도봉구 창제1동 667-130,서울특별시 도봉구 창제1동 667-130,127.03782,37.647669,2007-12-04,한전주,02-2091-4083,서울특별시 도봉구청,2017-05-17
09-09-12,1,서울특별시 도봉구 창제1동 663-67,서울특별시 도봉구 창제1동 663-67,127.037071,37.649237,2006-12-05,한전주,02-2091-4083,서울특별시 도봉구청,2017-05-17
09-04-12,1,서울특별시 도봉구 창제1동 667-94,서울특별시 도봉구 창제1동 667-94,127.038568,37.647281,2008-01-01,벽부등,02-2091-4083,서울특별시 도봉구청,2017-05-17
15-27-09,1,서울특별시 도봉구 도봉로152가길 102,서울특별시 도봉구 도봉제2동 624,127.044753,37.673926,2008-01-01,한전주,02-2091-4083,서울특별시 도봉구청,2017-05-17
15-28-09,2,서울특별시 도봉구 도봉로152가길 46,서울특별시 도봉구 도봉제2동 623-65,127.044409,37.671546,2007-08-03,한전주,02-2091-4083,서울특별시 도봉구청,2017-05-17
15-05-09,1,서울특별시 도봉구 도봉제2동 630-15,서울특별시 도봉구 도봉제2동 630-15,127.049041,37.67644,2008-01-01,한전주,02-2091-4083,서울특별시 도봉구청,2017-05-17
15-09-09,1,서울특별시 도봉구 도봉제2동 623-150,서울특별시 도봉구 도봉제2동 623-150,127.04621,37.671632,2008-01-01,벽부등,02-2091-4083,서울특별시 도봉구청,2017-05-17
15-02-09,1,서울특별시 도봉구 도봉제2동 62-3,서울특별시 도봉구 도봉제2동 62-3,127.04758,37.68305,2008-04-04,한전주,02-2091-4083,서울특별시 도봉구청,2017-05-17
15-10-09,2,서울특별시 도봉구 마들로28나길 20,서울특별시 도봉구 도봉제2동 98-25,127.047051,37.672124,2007-08-21,한전주,02-2091-4083,서울특별시 도봉구청,2017-05-17
15-05-10,1,서울특별시 도봉구 도봉제2동 629-19,서울특별시 도봉구 도봉제2동 629-19,127.049207,37.676795,2007-11-07,한전주,02-2091-4083,서울특별시 도봉구청,2017-05-17
15-28-10,1,서울특별시 도봉구 도봉로152가길 54,서울특별시 도봉구 도봉제2동 623-33,127.04446,37.671876,2008-01-01,한전주,02-2091-4083,서울특별시 도봉구청,2017-05-17
15-08-10,1,서울특별시 도봉구 도봉제2동 624-70,서울특별시 도봉구 도봉제2동 624-70,127.045791,37.67293,2008-01-01,전용주,02-2091-4083,서울특별시 도봉구청,2017-05-17
15-29-10,1,서울특별시 도봉구 도봉로152가길 10,서울특별시 도봉구 도봉제2동 622-7,127.044313,37.669578,2008-01-01,한전주,02-2091-4083,서울특별시 도봉구청,2017-05-17
15-27-10,1,서울특별시 도봉구 도봉로152가길 102,서울특별시 도봉구 도봉제2동 624,127.044786,37.674162,2008-01-01,한전주,02-2091-4083,서울특별시 도봉구청,2017-05-17
15-03-10,1,서울특별시 도봉구 도봉로152가길 156-1,서울특별시 도봉구 도봉제2동 92-69,127.045379,37.676506,2015-07-06,전용주,02-2091-4083,서울특별시 도봉구청,2017-05-17
15-01-10,1,서울특별시 도봉구 도봉제2동 652,서울특별시 도봉구 도봉제2동 652,204099.864,465634.554,2008-01-01,한전주,02-2091-4083,서울특별시 도봉구청,2017-05-17
15-10-10,1,서울특별시 도봉구 도봉제2동 98-25,서울특별시 도봉구 도봉제2동 98-25,127.046994,37.672248,2008-01-01,한전주,02-2091-4083,서울특별시 도봉구청,2017-05-17
15-07-10,1,서울특별시 도봉구 도봉제2동 626-110,서울특별시 도봉구 도봉제2동 626-110,127.047377,37.675836,2008-01-01,벽부등,02-2091-4083,서울특별시 도봉구청,2017-05-17
15-09-10,1,서울특별시 도봉구 도봉제2동 623-134,서울특별시 도봉구 도봉제2동 623-134,127.045629,37.671301,2008-01-01,한전주,02-2091-4083,서울특별시 도봉구청,2017-05-17
15-06-10,1,서울특별시 도봉구 도봉제2동 625-80,서울특별시 도봉구 도봉제2동 625-80,127.045671,37.675262,2008-01-01,벽부등,02-2091-4083,서울특별시 도봉구청,2017-05-17
15-02-10,1,서울특별시 도봉구 도봉제2동 58-7,서울특별시 도봉구 도봉제2동 58-7,127.047119,37.683205,2008-04-04,한전주,02-2091-4083,서울특별시 도봉구청,2017-05-17
15-02-11,1,서울특별시 도봉구 도봉제2동 62-35,서울특별시 도봉구 도봉제2동 62-35,127.046531,37.683394,2008-04-04,한전주,02-2091-4083,서울특별시 도봉구청,2017-05-17
15-27-11,1,서울특별시 도봉구 도봉로152가길 102,서울특별시 도봉구 도봉제2동 624,127.04493,37.674229,2008-01-01,한전주,02-2091-4083,서울특별시 도봉구청,2017-05-17
15-29-11,1,서울특별시 도봉구 도봉로152가길 10,서울특별시 도봉구 도봉제2동 622-7,127.044227,37.669854,2008-01-01,전용주,02-2091-4083,서울특별시 도봉구청,2017-05-17
15-08-11,1,서울특별시 도봉구 도봉로156길 27,서울특별시 도봉구 도봉제2동 624-71,127.045771,37.672719,2008-01-01,한전주,02-2091-4083,서울특별시 도봉구청,2017-05-17
15-28-11,1,서울특별시 도봉구 도봉로152가길 52-5,서울특별시 도봉구 도봉제2동 623-34,127.044693,37.671899,2008-01-01,한전주,02-2091-4083,서울특별시 도봉구청,2017-05-17
15-06-11,1,서울특별시 도봉구 도봉제2동 625-84,서울특별시 도봉구 도봉제2동 625-84,127.045545,37.675111,2008-01-01,벽부등,02-2091-4083,서울특별시 도봉구청,2017-05-17
15-03-11,1,서울특별시 도봉구 도봉로152가길 160,서울특별시 도봉구 도봉제2동 92-68,127.045403,37.676651,2015-07-06,전용주,02-2091-4083,서울특별시 도봉구청,2017-05-17
15-10-11,2,서울특별시 도봉구 마들로28나길 16,서울특별시 도봉구 도봉제2동 98-22,127.04721,37.672223,2008-01-01,한전주,02-2091-4083,서울특별시 도봉구청,2017-05-17
15-09-11,2,서울특별시 도봉구 도봉제2동 623-141,서울특별시 도봉구 도봉제2동 623-141,127.045722,37.671715,2008-01-01,한전주,02-2091-4083,서울특별시 도봉구청,2017-05-17
15-07-11,1,서울특별시 도봉구 마들로 735,서울특별시 도봉구 도봉제2동 626-98,127.047643,37.675799,2008-01-01,벽부등,02-2091-4083,서울특별시 도봉구청,2017-05-17
15-28-12,2,서울특별시 도봉구 도봉로152가길 58,서울특별시 도봉구 도봉제2동 623-32,127.044519,37.672196,2007-08-03,한전주,02-2091-4083,서울특별시 도봉구청,2017-05-17
15-29-12,2,서울특별시 도봉구 도봉로152가길 12,서울특별시 도봉구 도봉제2동 622-84,127.044292,37.670072,2006-02-14,한전주,02-2091-4083,서울특별시 도봉구청,2017-05-17
15-02-12,1,서울특별시 도봉구 도봉로180가길 9,서울특별시 도봉구 도봉제2동 58-3,127.046344,37.68353,2006-08-31,전용주,02-2091-4083,서울특별시 도봉구청,2017-05-17
15-09-12,1,서울특별시 도봉구 도봉제2동 623-139,서울특별시 도봉구 도봉제2동 623-139,127.045838,37.671929,2008-01-01,한전주,02-2091-4083,서울특별시 도봉구청,2017-05-17
15-03-12,1,서울특별시 도봉구 도봉제2동 89-163,서울특별시 도봉구 도봉제2동 89-163,127.047201,37.680052,2016-09-27,벽부등,02-2091-4083,서울특별시 도봉구청,2017-05-17
15-10-12,2,서울특별시 도봉구 마들로28나길 14,서울특별시 도봉구 도봉제2동 98-20,127.047255,37.672475,2008-01-01,한전주,02-2091-4083,서울특별시 도봉구청,2017-05-17
10-09-20,1,서울특별시 도봉구 도봉로110길 90,서울특별시 도봉구 창제2동 674-109,127.038435,37.646386,2008-01-01,한전주,02-2091-4083,서울특별시 도봉구청,2017-05-17
10-27-20,1,서울특별시 도봉구 창제2동 628-26,서울특별시 도봉구 창제2동 628-26,127.035368,37.643693,2008-01-01,한전주,02-2091-4083,서울특별시 도봉구청,2017-05-17
10-07-20,1,서울특별시 도봉구 덕릉로63길 20-16,서울특별시 도봉구 창제2동 442-19,127.040832,37.64262,2015-05-12,벽부등,02-2091-4083,서울특별시 도봉구청,2017-05-17
10-02-21,1,서울특별시 도봉구 창제2동 578-45,서울특별시 도봉구 창제2동 578-45,127.037852,37.639178,2008-01-01,벽부등,02-2091-4083,서울특별시 도봉구청,2017-05-17
10-22-21,1,서울특별시 도봉구 도봉로110다길 51,서울특별시 도봉구 창제2동 819,127.032008,37.64252,2014-06-20,한전주,02-2091-4083,서울특별시 도봉구청,2017-05-17
10-18-21,2,서울특별시 도봉구 창제2동 585-1,서울특별시 도봉구 창제2동 585-1,127.035525,37.640656,2008-01-01,한전주,02-2091-4083,서울특별시 도봉구청,2017-05-17
10-07-21,1,서울특별시 도봉구 덕릉로63길 20-30,서울특별시 도봉구 창제2동 442-5,127.041078,37.642864,2015-05-12,한전주,02-2091-4083,서울특별시 도봉구청,2017-05-17
10-08-21,1,서울특별시 도봉구 도봉로108길 90,서울특별시 도봉구 창제2동 608-2,127.038978,37.645773,2006-07-20,한전주,02-2091-4083,서울특별시 도봉구청,2017-05-17
10-27-21,1,서울특별시 도봉구 창제2동 628-20,서울특별시 도봉구 창제2동 628-20,127.035113,37.643334,2006-03-09,한전주,02-2091-4083,서울특별시 도봉구청,2017-05-17
10-17-21,1,서울특별시 도봉구 덕릉로59바길 9,서울특별시 도봉구 창제2동 582-76,127.036837,37.641421,2008-01-01,한전주,02-2091-4083,서울특별시 도봉구청,2017-05-17
10-05-21,1,서울특별시 도봉구 덕릉로59나길 5,서울특별시 도봉구 창제2동 601-43,127.03885,37.640819,2015-09-15,벽부등,02-2091-4083,서울특별시 도봉구청,2017-05-17
10-04-21,1,서울특별시 도봉구 창제2동 582-62,서울특별시 도봉구 창제2동 582-62,127.036874,37.639995,2008-01-01,한전주,02-2091-4083,서울특별시 도봉구청,2017-05-17
10-11-21,1,서울특별시 도봉구 창제2동 609-37,서울특별시 도봉구 창제2동 609-37,127.038689,37.644017,2006-06-26,벽부등,02-2091-4083,서울특별시 도봉구청,2017-05-17
10-19-21,1,서울특별시 도봉구 덕릉로53길 37,서울특별시 도봉구 창제2동 585-93,127.03555,37.638893,2016-12-02,벽부등,02-2091-4083,서울특별시 도봉구청,2017-05-17
10-01-21,1,서울특별시 도봉구 우이천로212,서울특별시 도봉구 창제2동 553-6,127.034921,37.638287,2014-05-21,벽부등,02-2091-4083,서울특별시 도봉구청,2017-05-17
10-27-22,1,서울특별시 도봉구 도봉로104길 63,서울특별시 도봉구 창제2동 629-26,127.035521,37.643422,2006-03-09,한전주,02-2091-4083,서울특별시 도봉구청,2017-05-17
10-04-22,1,서울특별시 도봉구 창제2동 581-28,서울특별시 도봉구 창제2동 581-28,127.036928,37.640048,2008-01-01,한전주,02-2091-4083,서울특별시 도봉구청,2017-05-17
10-09-22,1,서울특별시 도봉구 창제2동 674-110,서울특별시 도봉구 창제2동 674-110,127.040193,37.646174,2007-11-07,전용주,02-2091-4083,서울특별시 도봉구청,2017-05-17
10-05-22,1,서울특별시 도봉구 덕릉로59나길 18,서울특별시 도봉구 창제2동 601-62,127.039644,37.640862,2007-11-12,벽부등,02-2091-4083,서울특별시 도봉구청,2017-05-17
10-22-22,1,서울특별시 도봉구 도봉로110라길 70-27,서울특별시 도봉구 창제2동,127.03496,37.642705,2015-02-12,벽부등,02-2091-4083,서울특별시 도봉구청,2017-05-17
10-25-22,1,서울특별시 도봉구 창제2동 621-66,서울특별시 도봉구 창제2동 621-66,127.036552,37.645946,2008-01-01,벽부등,02-2091-4083,서울특별시 도봉구청,2017-05-17
10-17-22,1,서울특별시 도봉구 덕릉로59자길18,서울특별시 도봉구 창제2동 582-23,127.036164,37.640877,2013-09-25,벽부등,02-2091-4083,서울특별시 도봉구청,2017-05-17
10-11-22,1,서울특별시 도봉구 창제2동 609-143,서울특별시 도봉구 창제2동 609-143,127.038121,37.644036,2008-01-01,벽부등,02-2091-4083,서울특별시 도봉구청,2017-05-17
10-18-22,1,서울특별시 도봉구 창제2동 585-1,서울특별시 도봉구 창제2동 585-1,127.035749,37.640523,2008-01-01,한전주,02-2091-4083,서울특별시 도봉구청,2017-05-17
10-08-22,1,서울특별시 도봉구 창제2동 608-192,서울특별시 도봉구 창제2동 608-192,127.039228,37.645507,2008-01-10,한전주,02-2091-4083,서울특별시 도봉구청,2017-05-17
10-02-22,1,서울특별시 도봉구 창제2동 578-85,서울특별시 도봉구 창제2동 578-85,127.036292,37.63869,2006-12-08,벽부등,02-2091-4083,서울특별시 도봉구청,2017-05-17
10-17-23,1,서울특별시 도봉구 덕릉로59자길23,서울특별시 도봉구 창제2동 582-10,127.036018,37.640584,2013-09-27,벽부등,02-2091-4083,서울특별시 도봉구청,2017-05-17
10-21-23,1,서울특별시 도봉구 덕릉로59아길 17,서울특별시 도봉구 창제2동 804,127.035396,37.641936,2013-01-01,한전주,02-2091-4083,서울특별시 도봉구청,2017-05-17
10-02-23,1,서울특별시 도봉구 창제2동 578-157,서울특별시 도봉구 창제2동 578-157,127.036895,37.639491,2008-01-01,벽부등,02-2091-4083,서울특별시 도봉구청,2017-05-17
10-27-23,1,서울특별시 도봉구 창제2동 629-9,서울특별시 도봉구 창제2동 629-9,127.036025,37.643428,2008-01-01,한전주,02-2091-4083,서울특별시 도봉구청,2017-05-17
10-25-23,1,서울특별시 도봉구 창제2동 621-27,서울특별시 도봉구 창제2동 621-27,127.037056,37.645772,2008-01-01,벽부등,02-2091-4083,서울특별시 도봉구청,2017-05-17
10-09-23,1,서울특별시 도봉구 창제2동 674-14,서울특별시 도봉구 창제2동 674-14,127.037895,37.646204,2006-06-20,벽부등,02-2091-4083,서울특별시 도봉구청,2017-05-17
10-05-23,1,서울특별시 도봉구 덕릉로61길 26,서울특별시 도봉구 창제2동 603-52,127.039101,37.64165,2014-10-27,한전주,02-2091-4083,서울특별시 도봉구청,2017-05-17
10-04-23,1,서울특별시 도봉구 창제2동 581-29,서울특별시 도봉구 창제2동 581-29,127.03788,37.640367,2007-01-03,벽부등,02-2091-4083,서울특별시 도봉구청,2017-05-17
05-04-18,1,서울특별시 도봉구 방학제1동 651-10,서울특별시 도봉구 방학제1동 651-10,127.041854,37.669841,2006-06-16,벽부등,02-2091-4083,서울특별시 도봉구청,2017-05-17
05-16-18,1,서울특별시 도봉구 방학제1동 694-24,서울특별시 도봉구 방학제1동 694-24,127.036514,37.664073,2007-08-30,벽부등,02-2091-4083,서울특별시 도봉구청,2017-05-17
05-01-18,1,서울특별시 도봉구 방학제1동 645-22,서울특별시 도봉구 방학제1동 645-22,127.040391,37.66974,2008-01-01,벽부등,02-2091-4083,서울특별시 도봉구청,2017-05-17
05-11-18,1,서울특별시 도봉구 방학로2길 22,서울특별시 도봉구 방학제1동 681-39,127.040961,37.663941,2008-01-01,한전주,02-2091-4083,서울특별시 도봉구청,2017-05-17
05-23-18,1,서울특별시 도봉구 방학제1동 715-2,서울특별시 도봉구 방학제1동 715-2,127.044637,37.665601,2008-01-01,벽부등,02-2091-4083,서울특별시 도봉구청,2017-05-17
05-12-18,1,서울특별시 도봉구 도봉로145길 43,서울특별시 도봉구 방학제1동 687-10,127.040199,37.66459,2008-01-01,한전주,02-2091-4083,서울특별시 도봉구청,2017-05-17
05-03-18,1,서울특별시 도봉구 방학제1동 657-5,서울특별시 도봉구 방학제1동 657-5,127.041514,37.667758,2008-01-01,벽부등,02-2091-4083,서울특별시 도봉구청,2017-05-17
05-05-18,1,서울특별시 도봉구 방학제1동 655-14,서울특별시 도봉구 방학제1동 655-14,127.042345,37.668278,2008-01-01,한전주,02-2091-4083,서울특별시 도봉구청,2017-05-17
05-09-18,2,서울특별시 도봉구 도당로 146-7,서울특별시 도봉구 방학제1동 704-30,127.042394,37.666817,2008-01-01,한전주,02-2091-4083,서울특별시 도봉구청,2017-05-17
05-24-18,1,서울특별시 도봉구 방학로56,서울특별시 도봉구 방학제1동 713-36,127.04611,37.662988,2017-02-08,벽부등,02-2091-4083,서울특별시 도봉구청,2017-05-17
05-13-18,1,서울특별시 도봉구 방학제1동 690-6,서울특별시 도봉구 방학제1동 690-6,127.037336,37.664082,2006-08-31,한전주,02-2091-4083,서울특별시 도봉구청,2017-05-17
05-20-18,1,서울특별시 도봉구 도당로6길42,서울특별시 도봉구 방학제1동 265-3,127.037073,37.661612,2012-08-13,한전주,02-2091-4083,서울특별시 도봉구청,2017-05-17
05-02-18,1,서울특별시 도봉구 도당로13가길 98,서울특별시 도봉구 방학제1동 648-23,127.040123,37.667892,2008-01-01,벽부등,02-2091-4083,서울특별시 도봉구청,2017-05-17
05-14-18,1,서울특별시 도봉구 도봉로145길 80-6,서울특별시 도봉구 방학제1동 698-16,127.037991,37.665135,2008-01-01,한전주,02-2091-4083,서울특별시 도봉구청,2017-05-17
05-13-19,1,서울특별시 도봉구 방학로6길 14-6,서울특별시 도봉구 방학제1동 690-2,127.037514,37.663739,2008-01-01,한전주,02-2091-4083,서울특별시 도봉구청,2017-05-17
05-02-19,1,서울특별시 도봉구 방학제1동,서울특별시 도봉구 방학제1동,127.040762,37.668257,2012-05-09,벽부등,02-2091-4083,서울특별시 도봉구청,2017-05-17
05-10-19,1,서울특별시 도봉구 도봉로145길 22,서울특별시 도봉구 방학제1동 682-24,127.04138,37.664675,2008-01-01,한전주,02-2091-4083,서울특별시 도봉구청,2017-05-17
05-12-19,1,서울특별시 도봉구 방학제1동 687-7,서울특별시 도봉구 방학제1동 687-7,127.040201,37.664378,2008-01-01,벽부등,02-2091-4083,서울특별시 도봉구청,2017-05-17
05-22-19,2,서울특별시 도봉구 방학제1동 717-18,서울특별시 도봉구 방학제1동 717-18,127.044526,37.667467,2006-11-24,한전주,02-2091-4083,서울특별시 도봉구청,2017-05-17
05-20-19,2,서울특별시 도봉구 방학로5길16,서울특별시 도봉구 방학제1동 264-1,127.037343,37.661821,2013-10-02,한전주,02-2091-4083,서울특별시 도봉구청,2017-05-17
05-08-19,1,서울특별시 도봉구 도봉로145길 54,서울특별시 도봉구 방학제1동 686-16,127.039781,37.664693,2007-03-19,한전주,02-2091-4083,서울특별시 도봉구청,2017-05-17
05-16-19,1,서울특별시 도봉구 방학로8길 32,서울특별시 도봉구 방학제1동 694-6,127.036381,37.664172,2010-03-26,한전주,02-2091-4083,서울특별시 도봉구청,2017-05-17
05-11-19,1,서울특별시 도봉구 방학로2길 32,서울특별시 도봉구 방학제1동 681-2,127.040959,37.664358,2008-01-01,한전주,02-2091-4083,서울특별시 도봉구청,2017-05-17
05-25-19,1,서울특별시 도봉구 마들로18길 47,서울특별시 도봉구 방학제1동 725-54,127.049062,37.661464,2008-01-01,한전주,02-2091-4083,서울특별시 도봉구청,2017-05-17
05-24-19,1,서울특별시 도봉구 도봉로150바길 57-3,서울특별시 도봉구 방학제1동 713-40,127.045703,37.663488,2017-02-08,벽부등,02-2091-4083,서울특별시 도봉구청,2017-05-17
05-14-19,1,서울특별시 도봉구 방학제1동 699-19,서울특별시 도봉구 방학제1동 699-19,127.038777,37.665484,2008-01-01,벽부등,02-2091-4083,서울특별시 도봉구청,2017-05-17
11-05-34,1,서울특별시 도봉구 덕릉로60라길 24,서울특별시 도봉구 창제3동 560-28,127.039608,37.637385,2006-09-16,한전주,02-2091-4083,서울특별시 도봉구청,2017-05-17
11-03-34,1,서울특별시 도봉구 창제3동 443-21,서울특별시 도봉구 창제3동 443-21,127.041192,37.641587,2008-01-01,벽부등,02-2091-4083,서울특별시 도봉구청,2017-05-17
11-09-34,1,서울특별시 도봉구 덕릉로60카길 24,서울특별시 도봉구 창제3동 459-2,127.041591,37.637735,2007-05-19,한전주,02-2091-4083,서울특별시 도봉구청,2017-05-17
11-16-34,1,서울특별시 도봉구 창제3동 527-29,서울특별시 도봉구 창제3동 527-29,127.039671,37.634805,2008-03-24,한전주,02-2091-4083,서울특별시 도봉구청,2017-05-17
11-05-35,1,서울특별시 도봉구 덕릉로60라길 21,서울특별시 도봉구 창제3동 560-27,127.039722,37.637466,2008-01-01,한전주,02-2091-4083,서울특별시 도봉구청,2017-05-17
11-09-35,1,서울특별시 도봉구 창제3동 460-9,서울특별시 도봉구 창제3동 460-9,127.041716,37.637974,2006-04-28,벽부등,02-2091-4083,서울특별시 도봉구청,2017-05-17
11-15-35,1,서울특별시 도봉구 덕릉로60길120-6,서울특별시 도봉구 창제3동 480-7,127.041918,37.634951,2013-12-17,한전주,02-2091-4083,서울특별시 도봉구청,2017-05-17
11-16-35,1,서울특별시 도봉구 우이천로4길 25,서울특별시 도봉구 창제3동 502-26,127.040893,37.633908,2015-05-11,벽부등,02-2091-4083,서울특별시 도봉구청,2017-05-17
09-06-12,1,서울특별시 도봉구 창제1동 657-49,서울특별시 도봉구 창제1동 657-49,127.036989,37.647608,2008-01-01,한전주,02-2091-4083,서울특별시 도봉구청,2017-05-17
09-05-12,1,서울특별시 도봉구 도봉로112길 66-3,서울특별시 도봉구 창제1동 676-61,127.038503,37.646908,2007-03-08,벽부등,02-2091-4083,서울특별시 도봉구청,2017-05-17
09-01-12,1,서울특별시 도봉구 창제1동 659-1,서울특별시 도봉구 창제1동 659-1,127.035648,37.649032,2007-05-24,벽부등,02-2091-4083,서울특별시 도봉구청,2017-05-17
09-02-12,1,서울특별시 도봉구 창제1동 651-89,서울특별시 도봉구 창제1동 651-89,127.037142,37.646729,2008-01-01,벽부등,02-2091-4083,서울특별시 도봉구청,2017-05-17
09-08-12,1,서울특별시 도봉구 창제1동 658-30,서울특별시 도봉구 창제1동 658-30,127.036579,37.648404,2008-01-01,벽부등,02-2091-4083,서울특별시 도봉구청,2017-05-17
09-11-12,1,서울특별시 도봉구 창제1동 665-13,서울특별시 도봉구 창제1동 665-13,127.038751,37.648559,2008-01-01,벽부등,02-2091-4083,서울특별시 도봉구청,2017-05-17
09-25-12,1,서울특별시 도봉구 노해로66길 창일초교옆,서울특별시 도봉구 창제1동 372,127.048375,37.64694,2014-03-18,벽부등,02-2091-4083,서울특별시 도봉구청,2017-05-17
09-05-13,1,서울특별시 도봉구 도봉로112길 72,서울특별시 도봉구 창제1동 676-63,127.038764,37.646962,2006-12-21,벽부등,02-2091-4083,서울특별시 도봉구청,2017-05-17
09-10-13,1,서울특별시 도봉구 창제1동 661-83,서울특별시 도봉구 창제1동 661-83,127.036137,37.650322,2008-01-01,벽부등,02-2091-4083,서울특별시 도봉구청,2017-05-17
09-03-13,1,서울특별시 도봉구 창제1동 657-65,서울특별시 도봉구 창제1동 657-65,127.036713,37.64731,2008-01-28,한전주,02-2091-4083,서울특별시 도봉구청,2017-05-17
09-25-13,2,서울특별시 도봉구 덕릉로 358,서울특별시 도봉구 창제1동,127.049126,37.64531,2014-10-27,한전주,02-2091-4083,서울특별시 도봉구청,2017-05-17
09-08-13,1,서울특별시 도봉구 창제1동 658-56,서울특별시 도봉구 창제1동 658-56,127.036696,37.648224,2006-12-04,한전주,02-2091-4083,서울특별시 도봉구청,2017-05-17
09-11-13,1,서울특별시 도봉구 창제1동 665-17,서울특별시 도봉구 창제1동 665-17,127.03896,37.648684,2008-01-01,벽부등,02-2091-4083,서울특별시 도봉구청,2017-05-17
09-02-13,1,서울특별시 도봉구 창제1동 651-39,서울특별시 도봉구 창제1동 651-39,127.03686,37.64651,2008-01-01,한전주,02-2091-4083,서울특별시 도봉구청,2017-05-17
09-06-13,1,서울특별시 도봉구 창제1동 657-50,서울특별시 도봉구 창제1동 657-50,127.036958,37.647795,2006-08-03,한전주,02-2091-4083,서울특별시 도봉구청,2017-05-17
09-01-13,1,서울특별시 도봉구 창제1동 659-18,서울특별시 도봉구 창제1동 659-18,127.035546,37.648944,2008-01-01,벽부등,02-2091-4083,서울특별시 도봉구청,2017-05-17
09-09-13,1,서울특별시 도봉구 도봉로110바길 62,서울특별시 도봉구 창제1동 663-73,127.037295,37.649073,2015-06-26,벽부등,02-2091-4083,서울특별시 도봉구청,2017-05-17
09-07-13,1,서울특별시 도봉구 창제1동 667-129,서울특별시 도봉구 창제1동 667-129,127.037845,37.647769,2006-02-08,벽부등,02-2091-4083,서울특별시 도봉구청,2017-05-17
09-10-14,1,서울특별시 도봉구 창제1동 661-3,서울특별시 도봉구 창제1동 661-3,127.036185,37.650401,2008-01-01,벽부등,02-2091-4083,서울특별시 도봉구청,2017-05-17
09-06-14,1,서울특별시 도봉구 창제1동 657-113,서울특별시 도봉구 창제1동 657-113,127.036803,37.647592,2008-01-01,한전주,02-2091-4083,서울특별시 도봉구청,2017-05-17
09-08-14,1,서울특별시 도봉구 창제1동 658-8,서울특별시 도봉구 창제1동 658-8,127.036799,37.648439,2006-08-02,벽부등,02-2091-4083,서울특별시 도봉구청,2017-05-17
09-09-14,2,서울특별시 도봉구 창제1동 663-25,서울특별시 도봉구 창제1동 663-25,127.036847,37.649417,2008-01-01,한전주,02-2091-4083,서울특별시 도봉구청,2017-05-17
09-25-14,2,서울특별시 도봉구 덕릉로 358,서울특별시 도봉구 창제1동 녹천지하차도,127.049371,37.645356,2014-10-27,한전주,02-2091-4083,서울특별시 도봉구청,2017-05-17
09-01-14,1,서울특별시 도봉구 도봉로118길 12,서울특별시 도봉구 창제1동 659-28,127.035875,37.648918,2008-01-01,한전주,02-2091-4083,서울특별시 도봉구청,2017-05-17
09-02-14,1,서울특별시 도봉구 도봉로112길 14,서울특별시 도봉구 창제1동 651-81,127.035375,37.646639,2006-05-11,벽부등,02-2091-4083,서울특별시 도봉구청,2017-05-17
09-03-14,2,서울특별시 도봉구 창제1동 657-81,서울특별시 도봉구 창제1동 657-81,127.036746,37.646965,2007-11-09,한전주,02-2091-4083,서울특별시 도봉구청,2017-05-17
09-05-14,1,서울특별시 도봉구 도봉로112길66-4,서울특별시 도봉구 창제1동 676-56,127.038475,37.646801,2012-11-13,벽부등,02-2091-4083,서울특별시 도봉구청,2017-05-17
09-07-14,1,서울특별시 도봉구 창제1동 667-127,서울특별시 도봉구 창제1동 667-127,127.037803,37.647851,2008-01-01,벽부등,02-2091-4083,서울특별시 도봉구청,2017-05-17
09-25-15,1,서울특별시 도봉구 창제1동 녹천역1번출구,서울특별시 도봉구 창제1동 녹천역1번출구,127.050944,37.645408,2016-05-16,한전주,02-2091-4083,서울특별시 도봉구청,2017-05-17
09-01-15,1,서울특별시 도봉구 창제1동 659-35,서울특별시 도봉구 창제1동 659-35,127.03538,37.648574,2008-01-01,한전주,02-2091-4083,서울특별시 도봉구청,2017-05-17
09-07-15,2,서울특별시 도봉구 창제1동 667-7,서울특별시 도봉구 창제1동 667-7,127.038336,37.647719,2007-09-13,한전주,02-2091-4083,서울특별시 도봉구청,2017-05-17
09-08-15,1,서울특별시 도봉구 도봉로110바길 45-4,서울특별시 도봉구 창제1동 658-10,127.036974,37.64845,2008-01-01,벽부등,02-2091-4083,서울특별시 도봉구청,2017-05-17
14-01-48,1,서울특별시 도봉구 도봉제1동 349,서울특별시 도봉구 도봉제1동 349,127.041606,37.690161,2008-01-01,한전주,02-2091-4083,서울특별시 도봉구청,2017-05-17
14-25-48,1,서울특별시 도봉구 도봉로155길 23,서울특별시 도봉구 도봉제1동 615-36,127.04254,37.672923,2007-09-04,한전주,02-2091-4083,서울특별시 도봉구청,2017-05-17
15-07-12,1,서울특별시 도봉구 도봉제2동 626-134,서울특별시 도봉구 도봉제2동 626-134,127.047536,37.675973,2008-01-01,한전주,02-2091-4083,서울특별시 도봉구청,2017-05-17
15-27-12,1,서울특별시 도봉구 도봉제2동 624-119,서울특별시 도봉구 도봉제2동 624-119,127.045179,37.674205,2008-01-01,한전주,02-2091-4083,서울특별시 도봉구청,2017-05-17
15-08-12,1,서울특별시 도봉구 도봉제2동 624-101,서울특별시 도봉구 도봉제2동 624-101,127.046143,37.6735,2007-05-31,한전주,02-2091-4083,서울특별시 도봉구청,2017-05-17
15-01-12,1,서울특별시 도봉구 마들로,서울특별시 도봉구 도봉제2동 652,127.04653,37.689873,2008-01-01,한전주,02-2091-4083,서울특별시 도봉구청,2017-05-17
15-05-12,1,서울특별시 도봉구 도봉제2동 629-20,서울특별시 도봉구 도봉제2동 629-20,127.049188,37.677102,2008-03-20,한전주,02-2091-4083,서울특별시 도봉구청,2017-05-17
15-06-12,1,서울특별시 도봉구 도봉제2동 625-74,서울특별시 도봉구 도봉제2동 625-74,127.045768,37.675089,2008-01-01,벽부등,02-2091-4083,서울특별시 도봉구청,2017-05-17
15-10-13,1,서울특별시 도봉구 마들로28나길12-19,서울특별시 도봉구 도봉제2동 98-11,127.047029,37.672727,2013-12-11,통신주,02-2091-4083,서울특별시 도봉구청,2017-05-17
15-08-13,1,서울특별시 도봉구 도봉제2동 624-93,서울특별시 도봉구 도봉제2동 624-93,127.046402,37.673235,2006-05-02,벽부등,02-2091-4083,서울특별시 도봉구청,2017-05-17
15-29-13,1,서울특별시 도봉구 도봉로152가길 16,서울특별시 도봉구 도봉제2동 622-6,127.044386,37.670233,2008-01-01,벽부등,02-2091-4083,서울특별시 도봉구청,2017-05-17
15-06-13,1,서울특별시 도봉구 도봉제2동 625-119,서울특별시 도봉구 도봉제2동 625-119,127.045977,37.674802,2008-01-01,한전주,02-2091-4083,서울특별시 도봉구청,2017-05-17
15-28-13,1,서울특별시 도봉구 도봉제2동 623-16,서울특별시 도봉구 도봉제2동 623-16,127.04472,37.672177,2007-05-28,벽부등,02-2091-4083,서울특별시 도봉구청,2017-05-17
15-07-13,1,서울특별시 도봉구 도봉제2동 626-149,서울특별시 도봉구 도봉제2동 626-149,127.04735,37.676092,2008-01-01,전용주,02-2091-4083,서울특별시 도봉구청,2017-05-17
10-22-08,2,서울특별시 도봉구 덕릉로59길96,서울특별시 도봉구 창제2동 645-9,127.03479,37.642235,2013-07-10,한전주,02-2091-4083,서울특별시 도봉구청,2017-05-17
10-15-08,1,서울특별시 도봉구 창제2동 632-1,서울특별시 도봉구 창제2동 632-1,127.038149,37.641892,2008-01-01,한전주,02-2091-4083,서울특별시 도봉구청,2017-05-17
10-16-08,1,서울특별시 도봉구 창제2동 596-18,서울특별시 도봉구 창제2동 596-18,127.036629,37.641532,2008-01-01,한전주,02-2091-4083,서울특별시 도봉구청,2017-05-17
10-01-08,1,서울특별시 도봉구 우이천로16길 6-6,서울특별시 도봉구 창제2동 553-36,127.03519,37.638134,2008-01-01,벽부등,02-2091-4083,서울특별시 도봉구청,2017-05-17
10-06-08,1,서울특별시 도봉구 창제2동 603-98,서울특별시 도봉구 창제2동 603-98,127.039534,37.641366,2006-12-22,한전주,02-2091-4083,서울특별시 도봉구청,2017-05-17
10-34-08,2,서울특별시 도봉구 창제2동 623-109,서울특별시 도봉구 창제2동 623-109,127.036893,37.644466,2008-01-01,한전주,02-2091-4083,서울특별시 도봉구청,2017-05-17
10-12-08,1,서울특별시 도봉구 창제2동 609-133,서울특별시 도봉구 창제2동 609-133,127.039008,37.643969,2010-04-05,한전주,02-2091-4083,서울특별시 도봉구청,2017-05-17
10-02-08,1,서울특별시 도봉구 덕릉로57길 29-10,서울특별시 도봉구 창제2동 578-124,127.036652,37.639395,2008-01-01,한전주,02-2091-4083,서울특별시 도봉구청,2017-05-17
10-10-08,1,서울특별시 도봉구 창제2동 608-120,서울특별시 도봉구 창제2동 608-120,127.038569,37.645726,2006-08-05,한전주,02-2091-4083,서울특별시 도봉구청,2017-05-17
10-07-08,1,서울특별시 도봉구 창제2동 442-3,서울특별시 도봉구 창제2동 442-3,127.040541,37.642895,2007-01-20,한전주,02-2091-4083,서울특별시 도봉구청,2017-05-17
10-04-08,1,서울특별시 도봉구 창제2동 581-47,서울특별시 도봉구 창제2동 581-47,127.038262,37.63987,2008-01-01,한전주,02-2091-4083,서울특별시 도봉구청,2017-05-17
10-19-08,1,서울특별시 도봉구 우이천로 220-12,서울특별시 도봉구 창제2동 585-100,127.035145,37.638891,2008-01-01,벽부등,02-2091-4083,서울특별시 도봉구청,2017-05-17
10-11-08,1,서울특별시 도봉구 창제2동 608-46,서울특별시 도봉구 창제2동 608-46,127.038587,37.644378,2006-11-14,벽부등,02-2091-4083,서울특별시 도봉구청,2017-05-17
10-21-08,1,서울특별시 도봉구 창제2동 582-35,서울특별시 도봉구 창제2동 582-35,127.035788,37.640792,2008-01-01,벽부등,02-2091-4083,서울특별시 도봉구청,2017-05-17
10-18-08,1,서울특별시 도봉구 창제2동 585-55,서울특별시 도봉구 창제2동 585-55,127.035603,37.639439,2008-01-01,한전주,02-2091-4083,서울특별시 도봉구청,2017-05-17
10-17-09,1,서울특별시 도봉구 창제2동 582-14,서울특별시 도봉구 창제2동 582-14,127.036177,37.640746,2008-01-01,한전주,02-2091-4083,서울특별시 도봉구청,2017-05-17
10-03-09,1,서울특별시 도봉구 창제2동 578-143,서울특별시 도봉구 창제2동 578-143,127.037827,37.638912,2008-01-01,한전주,02-2091-4083,서울특별시 도봉구청,2017-05-17
10-23-09,1,서울특별시 도봉구 도봉로110라길 69-28,서울특별시 도봉구 창제2동 593-24,127.037697,37.643467,2008-01-01,한전주,02-2091-4083,서울특별시 도봉구청,2017-05-17
10-18-09,1,서울특별시 도봉구 창제2동 585-57,서울특별시 도봉구 창제2동 585-57,127.035853,37.63941,2007-04-24,벽부등,02-2091-4083,서울특별시 도봉구청,2017-05-17
10-26-09,1,서울특별시 도봉구 창제2동 624-17,서울특별시 도봉구 창제2동 624-17,127.035234,37.645436,2008-01-01,한전주,02-2091-4083,서울특별시 도봉구청,2017-05-17
10-07-09,1,서울특별시 도봉구 창제2동 442-5,서울특별시 도봉구 창제2동 442-5,127.040914,37.642813,2008-01-01,한전주,02-2091-4083,서울특별시 도봉구청,2017-05-17
10-24-09,1,서울특별시 도봉구 도봉로104길 91-18,서울특별시 도봉구 창제2동 623-32,127.037142,37.644431,2008-01-01,한전주,02-2091-4083,서울특별시 도봉구청,2017-05-17
10-18-23,1,서울특별시 도봉구 창제2동 582-8,서울특별시 도봉구 창제2동 582-8,127.036034,37.640442,2008-01-01,한전주,02-2091-4083,서울특별시 도봉구청,2017-05-17
10-08-23,1,서울특별시 도봉구 창제2동 608-190,서울특별시 도봉구 창제2동 608-190,127.039398,37.645235,2006-12-14,한전주,02-2091-4083,서울특별시 도봉구청,2017-05-17
10-25-24,1,서울특별시 도봉구 도봉로106길 69,서울특별시 도봉구 창제2동 623-6,127.036836,37.644918,2008-01-01,한전주,02-2091-4083,서울특별시 도봉구청,2017-05-17
10-17-24,1,서울특별시 도봉구 덕릉로59자길 15,서울특별시 도봉구 창제2동 582-19,127.036274,37.640872,2014-04-17,벽부등,02-2091-4083,서울특별시 도봉구청,2017-05-17
10-27-24,1,서울특별시 도봉구 창제2동 629-8,서울특별시 도봉구 창제2동 629-8,127.035994,37.64371,2008-01-01,한전주,02-2091-4083,서울특별시 도봉구청,2017-05-17
10-21-24,1,서울특별시 도봉구 창제2동 632-76,서울특별시 도봉구 창제2동 632-76,127.035125,37.641093,2008-01-01,한전주,02-2091-4083,서울특별시 도봉구청,2017-05-17
10-04-24,1,서울특별시 도봉구 창제2동 581-55,서울특별시 도봉구 창제2동 581-55,127.03771,37.639623,2006-12-08,벽부등,02-2091-4083,서울특별시 도봉구청,2017-05-17
10-02-24,1,서울특별시 도봉구 덕릉로59다길 51,서울특별시 도봉구 창제2동 578-61,127.036561,37.638863,2008-01-01,벽부등,02-2091-4083,서울특별시 도봉구청,2017-05-17
10-18-24,1,서울특별시 도봉구 창제2동 585-25,서울특별시 도봉구 창제2동 585-25,127.036329,37.64017,2008-01-01,벽부등,02-2091-4083,서울특별시 도봉구청,2017-05-17
10-08-24,1,서울특별시 도봉구 창제2동 608-187,서울특별시 도봉구 창제2동 608-187,127.039545,37.644956,2008-01-01,한전주,02-2091-4083,서울특별시 도봉구청,2017-05-17
10-27-25,1,서울특별시 도봉구 창제2동 629-4,서울특별시 도봉구 창제2동 629-4,127.035963,37.643975,2006-02-16,한전주,02-2091-4083,서울특별시 도봉구청,2017-05-17
10-04-25,1,서울특별시 도봉구 창제2동 581-49,서울특별시 도봉구 창제2동 581-49,127.038169,37.640106,2008-01-01,벽부등,02-2091-4083,서울특별시 도봉구청,2017-05-17
10-08-25,1,서울특별시 도봉구 도봉로108길 86-13,서울특별시 도봉구 창제2동 608-100,127.039069,37.645214,2007-09-13,한전주,02-2091-4083,서울특별시 도봉구청,2017-05-17
10-02-25,1,서울특별시 도봉구 덕릉로57길31,서울특별시 도봉구 창제2동 578-120,127.036917,37.639726,2012-11-01,벽부등,02-2091-4083,서울특별시 도봉구청,2017-05-17
10-21-25,1,서울특별시 도봉구 덕릉로53길74-4,서울특별시 도봉구 창제2동 632-32,127.034783,37.640386,2012-05-15,벽부등,02-2091-4083,서울특별시 도봉구청,2017-05-17
10-18-25,1,서울특별시 도봉구 창제2동 585-135,서울특별시 도봉구 창제2동 585-135,127.036512,37.64008,2008-01-01,벽부등,02-2091-4083,서울특별시 도봉구청,2017-05-17
10-04-26,1,서울특별시 도봉구 창제2동 581-21,서울특별시 도봉구 창제2동 581-21,127.038142,37.640555,2008-01-01,한전주,02-2091-4083,서울특별시 도봉구청,2017-05-17
10-08-26,1,서울특별시 도봉구 도봉로108길 86-7,서울특별시 도봉구 창제2동 608-102,127.038899,37.645512,2008-01-01,한전주,02-2091-4083,서울특별시 도봉구청,2017-05-17
10-21-26,1,서울특별시 도봉구 덕릉로59차길 30,서울특별시 도봉구 창제2동 632-16,127.035203,37.640565,2014-07-07,벽부등,02-2091-4083,서울특별시 도봉구청,2017-05-17
10-02-26,1,서울특별시 도봉구 덕릉로59다길57,서울특별시 도봉구 창제2동 578-69,127.036454,37.638623,2013-05-21,전용주,02-2091-4083,서울특별시 도봉구청,2017-05-17
10-18-26,1,서울특별시 도봉구 덕릉로59바길37-3,서울특별시 도봉구 창제2동 585-122,127.036185,37.639862,2012-05-09,벽부등,02-2091-4083,서울특별시 도봉구청,2017-05-17
10-08-27,1,서울특별시 도봉구 창제2동 608-104,서울특별시 도봉구 창제2동 608-104,127.038765,37.645748,2008-01-01,한전주,02-2091-4083,서울특별시 도봉구청,2017-05-17
10-04-27,1,서울특별시 도봉구 덕릉로59길 31,서울특별시 도봉구 창제2동 581-41,127.037945,37.6408,2008-01-01,전용주,02-2091-4083,서울특별시 도봉구청,2017-05-17
10-27-27,1,서울특별시 도봉구 도봉로110라길 38,서울특별시 도봉구 창제2동 629-27,127.035896,37.644522,2006-07-20,한전주,02-2091-4083,서울특별시 도봉구청,2017-05-17
10-08-28,1,서울특별시 도봉구 창제2동 674-135,서울특별시 도봉구 창제2동 674-135,127.040242,37.645838,2006-03-23,벽부등,02-2091-4083,서울특별시 도봉구청,2017-05-17
10-04-28,1,서울특별시 도봉구 덕릉로59길 31,서울특별시 도봉구 창제2동 581-41,127.037843,37.640674,2008-01-01,전용주,02-2091-4083,서울특별시 도봉구청,2017-05-17
05-08-04,1,서울특별시 도봉구 방학로4길 54,서울특별시 도봉구 방학제1동,127.0393,37.665342,2015-07-06,벽부등,02-2091-4083,서울특별시 도봉구청,2017-05-17
05-07-04,1,서울특별시 도봉구 방학제1동 684-43,서울특별시 도봉구 방학제1동 684-43,127.040271,37.666119,2006-07-14,한전주,02-2091-4083,서울특별시 도봉구청,2017-05-17
05-05-04,1,서울특별시 도봉구 도당로27길 20-7,서울특별시 도봉구 방학제1동 649-48,127.041268,37.668261,2008-02-02,벽부등,02-2091-4083,서울특별시 도봉구청,2017-05-17
05-18-04,1,서울특별시 도봉구 방학제1동 672-15,서울특별시 도봉구 방학제1동 672-15,127.036797,37.662532,2008-01-01,통신주,02-2091-4083,서울특별시 도봉구청,2017-05-17
05-06-04,1,서울특별시 도봉구 방학로4길 62,서울특별시 도봉구 방학제1동 684-6,127.039276,37.665711,2008-01-01,한전주,02-2091-4083,서울특별시 도봉구청,2017-05-17
05-04-04,1,서울특별시 도봉구 도봉로153길 13,서울특별시 도봉구 방학제1동 652-20,127.042773,37.669832,2007-12-31,한전주,02-2091-4083,서울특별시 도봉구청,2017-05-17
05-16-04,1,서울특별시 도봉구 방학로6길 20-17,서울특별시 도봉구 방학제1동 697-25,127.037751,37.66461,2008-01-01,한전주,02-2091-4083,서울특별시 도봉구청,2017-05-17
05-09-04,1,서울특별시 도봉구 방학로2길 76,서울특별시 도봉구 방학제1동 703-2,127.04099,37.666313,2006-11-23,한전주,02-2091-4083,서울특별시 도봉구청,2017-05-17
05-02-15,1,서울특별시 도봉구 방학제1동 647-51,서울특별시 도봉구 방학제1동 647-51,127.040691,37.668426,2006-06-16,벽부등,02-2091-4083,서울특별시 도봉구청,2017-05-17
05-23-15,1,서울특별시 도봉구 도봉로150라길 17,서울특별시 도봉구 방학제1동 715-3,127.044654,37.665357,2008-01-01,한전주,02-2091-4083,서울특별시 도봉구청,2017-05-17
05-01-15,1,서울특별시 도봉구 방학제1동 645-31,서울특별시 도봉구 방학제1동 645-31,127.0408,37.669937,2008-01-01,벽부등,02-2091-4083,서울특별시 도봉구청,2017-05-17
05-16-15,1,서울특별시 도봉구 방학로8길 32-14,서울특별시 도봉구 방학제1동 694-12,127.036429,37.6637,2008-01-01,한전주,02-2091-4083,서울특별시 도봉구청,2017-05-17
05-25-15,2,서울특별시 도봉구 방학제1동 712,서울특별시 도봉구 방학제1동 712,127.044882,37.662647,2008-01-01,한전주,02-2091-4083,서울특별시 도봉구청,2017-05-17
05-21-15,2,서울특별시 도봉구 방학로3길 12-7,서울특별시 도봉구 방학제1동 675-31,127.040544,37.66212,2008-01-01,한전주,02-2091-4083,서울특별시 도봉구청,2017-05-17
05-03-15,1,서울특별시 도봉구 방학제1동 657-9,서울특별시 도봉구 방학제1동 657-9,127.041507,37.667496,2008-01-01,벽부등,02-2091-4083,서울특별시 도봉구청,2017-05-17
05-20-15,1,서울특별시 도봉구 도당로6길 30-6,서울특별시 도봉구 방학제1동 264-47,127.036628,37.661471,2008-01-01,한전주,02-2091-4083,서울특별시 도봉구청,2017-05-17
05-04-15,1,서울특별시 도봉구 방학제1동 652-7,서울특별시 도봉구 방학제1동 652-7,127.0422,37.669531,2008-01-01,벽부등,02-2091-4083,서울특별시 도봉구청,2017-05-17
05-09-15,2,서울특별시 도봉구 도당로 142-14,서울특별시 도봉구 방학제1동 704-5,127.041879,37.666468,2006-03-27,한전주,02-2091-4083,서울특별시 도봉구청,2017-05-17
05-14-15,1,서울특별시 도봉구 방학제1동 698-32,서울특별시 도봉구 방학제1동 698-32,127.038966,37.664923,2008-01-01,한전주,02-2091-4083,서울특별시 도봉구청,2017-05-17
05-24-15,1,서울특별시 도봉구 방학제1동 713-41,서울특별시 도봉구 방학제1동 713-41,127.046017,37.663439,2008-01-01,벽부등,02-2091-4083,서울특별시 도봉구청,2017-05-17
05-05-15,1,서울특별시 도봉구 도당로29길 31,서울특별시 도봉구 방학제1동 649-11,127.041892,37.668693,2008-01-01,한전주,02-2091-4083,서울특별시 도봉구청,2017-05-17
05-13-15,1,서울특별시 도봉구 방학로 130-20,서울특별시 도봉구 방학제1동 690-12,127.037763,37.663897,2008-01-01,한전주,02-2091-4083,서울특별시 도봉구청,2017-05-17
05-04-16,1,서울특별시 도봉구 도당로 110-10,서울특별시 도봉구 방학제1동 651-14,127.042142,37.66981,2008-01-01,벽부등,02-2091-4083,서울특별시 도봉구청,2017-05-17
05-20-16,1,서울특별시 도봉구 도당로6길 30-7,서울특별시 도봉구 방학제1동 264-50,127.036703,37.661284,2016-12-02,벽부등,02-2091-4083,서울특별시 도봉구청,2017-05-17
11-08-25,1,서울특별시 도봉구 창제3동 453-10,서울특별시 도봉구 창제3동 453-10,127.040929,37.638062,2008-01-01,벽부등,02-2091-4083,서울특별시 도봉구청,2017-05-17
11-09-25,1,서울특별시 도봉구 덕릉로60차길12,서울특별시 도봉구 창제3동 467-1,127.041976,37.636888,2013-12-17,한전주,02-2091-4083,서울특별시 도봉구청,2017-05-17
11-11-25,1,서울특별시 도봉구 창제3동 535-3,서울특별시 도봉구 창제3동 535-3,127.039864,37.635672,2008-01-01,통신주,02-2091-4083,서울특별시 도봉구청,2017-05-17
11-15-25,1,서울특별시 도봉구 창제3동 482-33,서울특별시 도봉구 창제3동 482-33,127.041515,37.634504,2007-01-13,한전주,02-2091-4083,서울특별시 도봉구청,2017-05-17
11-02-25,1,서울특별시 도봉구 덕르로54가길7,서울특별시 도봉구 창제3동 557-72,127.038272,37.637808,2012-06-15,벽부등,02-2091-4083,서울특별시 도봉구청,2017-05-17
11-17-25,1,서울특별시 도봉구 창제3동 518-11,서울특별시 도봉구 창제3동 518-11,127.040132,37.632949,2008-01-01,벽부등,02-2091-4083,서울특별시 도봉구청,2017-05-17
11-02-26,1,서울특별시 도봉구 창제3동 557-65,서울특별시 도봉구 창제3동 557-65,127.037827,37.637721,2016-05-16,NULL,02-2091-4083,서울특별시 도봉구청,2017-05-17
11-05-26,1,서울특별시 도봉구 덕릉로60다길 21-11,서울특별시 도봉구 창제3동 560-19,127.039937,37.637979,2008-01-01,벽부등,02-2091-4083,서울특별시 도봉구청,2017-05-17
11-03-26,1,서울특별시 도봉구 창제3동 569-73,서울특별시 도봉구 창제3동 569-73,127.039085,37.638778,2010-03-17,벽부등,02-2091-4083,서울특별시 도봉구청,2017-05-17
11-06-26,1,서울특별시 도봉구 창제3동 544-2,서울특별시 도봉구 창제3동 544-2,127.038697,37.636717,2007-10-01,벽부등,02-2091-4083,서울특별시 도봉구청,2017-05-17
11-08-26,1,서울특별시 도봉구 창제3동 452-42,서울특별시 도봉구 창제3동 452-42,127.041469,37.638433,2008-01-01,벽부등,02-2091-4083,서울특별시 도봉구청,2017-05-17
11-09-26,1,서울특별시 도봉구 덕릉로60차길22,서울특별시 도봉구 창제3동 457-23,127.042157,37.636906,2013-12-17,한전주,02-2091-4083,서울특별시 도봉구청,2017-05-17
11-11-26,1,서울특별시 도봉구 우이천로4다길39,서울특별시 도봉구 창제3동 530-4,127.040219,37.635645,2013-12-13,한전주,02-2091-4083,서울특별시 도봉구청,2017-05-17
11-13-26,1,서울특별시 도봉구 창제3동 474-53,서울특별시 도봉구 창제3동 474-53,127.0424,37.635447,2008-01-01,통신주,02-2091-4083,서울특별시 도봉구청,2017-05-17
11-15-26,2,서울특별시 도봉구 덕릉로60길 120-22,서울특별시 도봉구 창제3동 482-45,127.041408,37.634726,2008-01-01,한전주,02-2091-4083,서울특별시 도봉구청,2017-05-17
11-16-26,1,서울특별시 도봉구 창제3동 501-7,서울특별시 도봉구 창제3동 501-7,127.040609,37.634473,2008-01-01,벽부등,02-2091-4083,서울특별시 도봉구청,2017-05-17
11-17-26,1,서울특별시 도봉구 창제3동 518-10,서울특별시 도봉구 창제3동 518-10,127.040015,37.633081,2007-04-15,벽부등,02-2091-4083,서울특별시 도봉구청,2017-05-17
11-02-27,1,서울특별시 도봉구 덕릉로54가길 23,서울특별시 도봉구 창제3동 557-86,127.038615,37.638378,2016-05-16,벽부등,02-2091-4083,서울특별시 도봉구청,2017-05-17
14-01-49,1,서울특별시 도봉구 도봉로191길 99,서울특별시 도봉구 도봉제1동 343-3,127.04162,37.68974,2017-02-08,전용주,02-2091-4083,서울특별시 도봉구청,2017-05-17
14-25-49,1,서울특별시 도봉구 도봉제1동 615-32,서울특별시 도봉구 도봉제1동 615-32,127.042501,37.672827,2007-09-13,벽부등,02-2091-4083,서울특별시 도봉구청,2017-05-17
14-19-49,1,서울특별시 도봉구 도봉로169라길 111,서울특별시 도봉구 도봉제1동 산79,127.031128,37.67849,2007-02-23,한전주,02-2091-4083,서울특별시 도봉구청,2017-05-17
14-01-50,2,서울특별시 도봉구 도봉로191길 58,서울특별시 도봉구 도봉제1동 379-2,127.043833,37.693577,2013-02-04,한전주,02-2091-4083,서울특별시 도봉구청,2017-05-17
14-18-50,1,서울특별시 도봉구 도봉로173다길 32-64,서울특별시 도봉구 도봉제1동 433-4,127.035595,37.679849,2007-08-10,한전주,02-2091-4083,서울특별시 도봉구청,2017-05-17
14-25-50,1,서울특별시 도봉구 도봉로155길 29,서울특별시 도봉구 도봉제1동 615-31,127.042249,37.672924,2006-08-31,한전주,02-2091-4083,서울특별시 도봉구청,2017-05-17
14-19-50,1,서울특별시 도봉구 도봉제1동 478,서울특별시 도봉구 도봉제1동 478,127.030994,37.678247,2008-01-01,한전주,02-2091-4083,서울특별시 도봉구청,2017-05-17
14-01-51,2,서울특별시 도봉구 평화로15번길 9-25,서울특별시 도봉구 도봉제1동 381,127.043505,37.693622,2013-01-31,한전주,02-2091-4083,서울특별시 도봉구청,2017-05-17
14-18-51,1,서울특별시 도봉구 도봉제1동 433-3,서울특별시 도봉구 도봉제1동 433-3,127.035747,37.679591,2007-06-27,한전주,02-2091-4083,서울특별시 도봉구청,2017-05-17
14-25-51,1,서울특별시 도봉구 도봉로155길 29-3,서울특별시 도봉구 도봉제1동 615-27,127.042189,37.672765,2007-05-15,벽부등,02-2091-4083,서울특별시 도봉구청,2017-05-17
14-19-51,1,서울특별시 도봉구 도봉제1동 475-2,서울특별시 도봉구 도봉제1동 475-2,127.031153,37.677818,2008-01-01,한전주,02-2091-4083,서울특별시 도봉구청,2017-05-17
14-25-52,1,서울특별시 도봉구 도봉로155길 35,서울특별시 도봉구 도봉제1동 615-24,127.041956,37.672931,2006-08-31,한전주,02-2091-4083,서울특별시 도봉구청,2017-05-17
14-01-52,1,서울특별시 도봉구 도봉제1동 380,서울특별시 도봉구 도봉제1동 380,127.043142,37.693668,2013-01-31,한전주,02-2091-4083,서울특별시 도봉구청,2017-05-17
14-18-52,1,서울특별시 도봉구 도봉로173다길 32-29,서울특별시 도봉구 도봉제1동 431-10,127.036094,37.679453,2007-02-10,한전주,02-2091-4083,서울특별시 도봉구청,2017-05-17
14-19-52,1,서울특별시 도봉구 도봉제1동 478,서울특별시 도봉구 도봉제1동 478,127.03146,37.677601,2008-01-01,전용주,02-2091-4083,서울특별시 도봉구청,2017-05-17
14-02-53,1,서울특별시 도봉구 도봉산길 10-3,서울특별시 도봉구 도봉제1동 281-7,127.042549,37.687893,2014-10-06,벽부등,02-2091-4083,서울특별시 도봉구청,2017-05-17
14-19-53,1,서울특별시 도봉구 도봉제1동 475,서울특별시 도봉구 도봉제1동 475,127.031295,37.677279,2008-02-22,한전주,02-2091-4083,서울특별시 도봉구청,2017-05-17
14-01-53,1,서울특별시 도봉구 도봉제1동 379-1,서울특별시 도봉구 도봉제1동 379-1,127.042836,37.693857,2013-01-31,한전주,02-2091-4083,서울특별시 도봉구청,2017-05-17
14-18-53,1,서울특별시 도봉구 도봉제1동 433-6,서울특별시 도봉구 도봉제1동 433-6,127.035869,37.67915,2007-07-26,한전주,02-2091-4083,서울특별시 도봉구청,2017-05-17
14-25-53,1,서울특별시 도봉구 도봉제1동 615-23,서울특별시 도봉구 도봉제1동 615-23,127.041925,37.672796,2006-08-32,벽부등,02-2091-4083,서울특별시 도봉구청,2017-05-17
14-01-54,1,서울특별시 도봉구 도봉제1동 379,서울특별시 도봉구 도봉제1동 379,127.042661,37.693626,2008-01-01,한전주,02-2091-4083,서울특별시 도봉구청,2017-05-17
14-18-54,1,서울특별시 도봉구 도봉로173다길 42-26,서울특별시 도봉구 도봉제1동 434,127.035787,37.678948,2007-08-10,벽부등,02-2091-4083,서울특별시 도봉구청,2017-05-17
14-25-54,1,서울특별시 도봉구 도봉로155길 43,서울특별시 도봉구 도봉제1동 615-13,127.041605,37.672938,2006-04-17,한전주,02-2091-4083,서울특별시 도봉구청,2017-05-17
14-19-54,1,서울특별시 도봉구 도봉제1동 474,서울특별시 도봉구 도봉제1동 474,127.031468,37.677259,2010-04,벽부등,02-2091-4083,서울특별시 도봉구청,2017-05-17
14-25-55,1,서울특별시 도봉구 도봉제1동 615-17,서울특별시 도봉구 도봉제1동 615-17,127.041619,37.672744,2008-01-01,벽부등,02-2091-4083,서울특별시 도봉구청,2017-05-17
14-19-55,1,서울특별시 도봉구 도봉제1동 산79,서울특별시 도봉구 도봉제1동 산79,127.0315,37.677016,2008-02-22,한전주,02-2091-4083,서울특별시 도봉구청,2017-05-17
14-01-55,1,서울특별시 도봉구 도봉로191길 100-11,서울특별시 도봉구 도봉제1동 287-3,127.041223,37.689172,2008-01-01,한전주,02-2091-4083,서울특별시 도봉구청,2017-05-17
14-18-55,1,서울특별시 도봉구 도봉제1동 433-2,서울특별시 도봉구 도봉제1동 433-2,127.035909,37.679341,2008-01-01,전용주,02-2091-4083,서울특별시 도봉구청,2017-05-17
14-18-56,2,서울특별시 도봉구 도봉제1동 432-5,서울특별시 도봉구 도봉제1동 432-5,127.036395,37.679184,2007-06-27,한전주,02-2091-4083,서울특별시 도봉구청,2017-05-17
14-25-56,2,서울특별시 도봉구 도봉로155길 47,서울특별시 도봉구 도봉제1동 615-7,127.041309,37.672942,2006-08-31,한전주,02-2091-4083,서울특별시 도봉구청,2017-05-17
14-19-56,1,서울특별시 도봉구 도봉제1동 473,서울특별시 도봉구 도봉제1동 473,127.031961,37.676748,2008-02-22,한전주,02-2091-4083,서울특별시 도봉구청,2017-05-17
14-01-56,1,서울특별시 도봉구 도봉제1동 산1-3,서울특별시 도봉구 도봉제1동 산1-3,127.042873,37.693617,2008-01-01,한전주,02-2091-4083,서울특별시 도봉구청,2017-05-17
14-25-57,1,서울특별시 도봉구 시루봉로23길 275,서울특별시 도봉구 도봉제1동 608-22,127.039796,37.671063,2008-01-01,한전주,02-2091-4083,서울특별시 도봉구청,2017-05-17
14-01-57,1,서울특별시 도봉구 도봉제1동 381-4,서울특별시 도봉구 도봉제1동 381-4,127.043063,37.694032,2008-01-01,한전주,02-2091-4083,서울특별시 도봉구청,2017-05-17
10-09-09,1,서울특별시 도봉구 창제2동 674-131,서울특별시 도봉구 창제2동 674-131,127.038856,37.646176,2008-01-01,벽부등,02-2091-4083,서울특별시 도봉구청,2017-05-17
10-25-09,1,서울특별시 도봉구 창제2동 621-66,서울특별시 도봉구 창제2동 621-66,127.036568,37.645865,2008-01-01,한전주,02-2091-4083,서울특별시 도봉구청,2017-05-17
10-11-09,1,서울특별시 도봉구 창제2동 608-63,서울특별시 도봉구 창제2동 608-63,127.038344,37.644303,2006-10-21,한전주,02-2091-4083,서울특별시 도봉구청,2017-05-17
10-27-09,1,서울특별시 도봉구 창제2동 650-2,서울특별시 도봉구 창제2동 650-2,127.034147,37.646009,2007-10-31,한전주,02-2091-4083,서울특별시 도봉구청,2017-05-17
10-16-09,1,서울특별시 도봉구 창제2동 596-6,서울특별시 도봉구 창제2동 596-6,127.037475,37.641322,2008-01-01,한전주,02-2091-4083,서울특별시 도봉구청,2017-05-17
10-02-09,1,서울특별시 도봉구 덕릉로59다길 43,서울특별시 도봉구 창제2동 578-171,127.036906,37.639095,2015-05-11,벽부등,02-2091-4083,서울특별시 도봉구청,2017-05-17
10-15-09,2,서울특별시 도봉구 창제2동 632-1,서울특별시 도봉구 창제2동 632-1,127.037959,37.641765,2008-01-01,한전주,02-2091-4083,서울특별시 도봉구청,2017-05-17
10-22-09,1,서울특별시 도봉구 창제2동 635-37,서울특별시 도봉구 창제2동 635-37,127.035128,37.641952,2008-01-01,한전주,02-2091-4083,서울특별시 도봉구청,2017-05-17
10-01-09,2,서울특별시 도봉구 창제2동 553-41,서울특별시 도봉구 창제2동 553-41,127.035378,37.638414,2006-08-05,한전주,02-2091-4083,서울특별시 도봉구청,2017-05-17
10-20-09,1,서울특별시 도봉구 덕릉로53길 58,서울특별시 도봉구 창제2동 585-164,127.034819,37.6397,2008-01-01,한전주,02-2091-4083,서울특별시 도봉구청,2017-05-17
10-19-09,1,서울특별시 도봉구 창제2동 585-99,서울특별시 도봉구 창제2동 585-99,127.035302,37.638885,2008-01-01,통신주,02-2091-4083,서울특별시 도봉구청,2017-05-17
10-04-09,1,서울특별시 도봉구 창제2동 581-50,서울특별시 도봉구 창제2동 581-50,127.037974,37.640044,2008-01-01,한전주,02-2091-4083,서울특별시 도봉구청,2017-05-17
10-05-09,1,서울특별시 도봉구 덕릉로59아길 11,서울특별시 도봉구 창제2동 601-38,127.039044,37.640836,2008-01-01,한전주,02-2091-4083,서울특별시 도봉구청,2017-05-17
10-21-09,1,서울특별시 도봉구 창제2동 632-85,서울특별시 도봉구 창제2동 632-85,127.035658,37.641005,2008-01-01,한전주,02-2091-4083,서울특별시 도봉구청,2017-05-17
10-10-09,1,서울특별시 도봉구 창제2동 608-205,서울특별시 도봉구 창제2동 608-205,127.038509,37.645535,2006-06-23,한전주,02-2091-4083,서울특별시 도봉구청,2017-05-17
10-08-09,2,서울특별시 도봉구 덕릉로63길 89,서울특별시 도봉구 창제2동 674-76,127.040066,37.645962,2008-01-01,한전주,02-2091-4083,서울특별시 도봉구청,2017-05-17
10-12-09,1,서울특별시 도봉구 창제2동 609-40,서울특별시 도봉구 창제2동 609-40,127.038752,37.643931,2008-01-01,벽부등,02-2091-4083,서울특별시 도봉구청,2017-05-17
10-13-09,1,서울특별시 도봉구 창제2동 607-31,서울특별시 도봉구 창제2동 607-31,127.039559,37.642683,2008-01-01,한전주,02-2091-4083,서울특별시 도봉구청,2017-05-17
10-22-10,1,서울특별시 도봉구 덕릉로63가길 98,서울특별시 도봉구 창제2동 645-2,127.03526,37.64208,2008-01-01,한전주,02-2091-4083,서울특별시 도봉구청,2017-05-17
10-07-10,1,서울특별시 도봉구 창제2동 442-2,서울특별시 도봉구 창제2동 442-2,127.040668,37.642552,2008-01-01,한전주,02-2091-4083,서울특별시 도봉구청,2017-05-17
10-26-10,1,서울특별시 도봉구 창제2동 624-19,서울특별시 도봉구 창제2동 624-19,127.03528,37.6451,2008-01-01,벽부등,02-2091-4083,서울특별시 도봉구청,2017-05-17
10-18-10,1,서울특별시 도봉구 창제2동 585-58,서울특별시 도봉구 창제2동 585-58,127.036084,37.639254,2008-01-01,한전주,02-2091-4083,서울특별시 도봉구청,2017-05-17
10-23-10,1,서울특별시 도봉구 도봉로104길 103,서울특별시 도봉구 창제2동 593-20,127.037708,37.643971,2008-01-01,한전주,02-2091-4083,서울특별시 도봉구청,2017-05-17
10-05-10,1,서울특별시 도봉구 창제2동 601-69,서울특별시 도봉구 창제2동 601-69,127.03917,37.640969,2008-01-01,벽부등,02-2091-4083,서울특별시 도봉구청,2017-05-17
10-27-10,1,서울특별시 도봉구 도봉로110다길 10,서울특별시 도봉구 창제2동 650-4,127.03397,37.645729,2008-01-01,한전주,02-2091-4083,서울특별시 도봉구청,2017-05-17
10-11-10,1,서울특별시 도봉구 창제2동 608-80,서울특별시 도봉구 창제2동 608-80,127.038192,37.644565,2008-01-01,벽부등,02-2091-4083,서울특별시 도봉구청,2017-05-17
10-25-10,1,서울특별시 도봉구 도봉로108길 48,서울특별시 도봉구 창제2동 623-1,127.036474,37.645476,2008-01-01,한전주,02-2091-4083,서울특별시 도봉구청,2017-05-17
10-17-10,1,서울특별시 도봉구 창제2동 582-11,서울특별시 도봉구 창제2동 582-11,127.03626,37.640551,2008-01-01,벽부등,02-2091-4083,서울특별시 도봉구청,2017-05-17
10-04-10,1,서울특별시 도봉구 덕릉로59가길 26,서울특별시 도봉구 창제2동 581-44,127.037853,37.639719,2008-01-01,벽부등,02-2091-4083,서울특별시 도봉구청,2017-05-17
10-08-10,1,서울특별시 도봉구 창제2동 674-138,서울특별시 도봉구 창제2동 674-138,127.03992,37.645945,2008-01-01,벽부등,02-2091-4083,서울특별시 도봉구청,2017-05-17
10-16-10,1,서울특별시 도봉구 덕릉로59길 32-8,서울특별시 도봉구 창제2동 601-80,127.038069,37.641268,2007-11-15,벽부등,02-2091-4083,서울특별시 도봉구청,2017-05-17
10-13-10,1,서울특별시 도봉구 덕릉로59라길 50,서울특별시 도봉구 창제2동 607-11,127.039883,37.642637,2007-03-30,한전주,02-2091-4083,서울특별시 도봉구청,2017-05-17
10-20-10,1,서울특별시 도봉구 우이천로20길7,서울특별시 도봉구 창제2동 635-42,127.033736,37.640656,2013-04-17,한전주,02-2091-4083,서울특별시 도봉구청,2017-05-17
10-10-10,1,서울특별시 도봉구 창제2동 608-119,서울특별시 도봉구 창제2동 608-119,127.038623,37.645446,2008-01-01,한전주,02-2091-4083,서울특별시 도봉구청,2017-05-17
05-03-04,2,서울특별시 도봉구 도당로13나길 98,서울특별시 도봉구 방학제1동 648-8,127.039461,37.668243,2008-01-01,한전주,02-2091-4083,서울특별시 도봉구청,2017-05-17
05-20-04,1,서울특별시 도봉구 방학동 674-7,서울특별시 도봉구 방학제1동 674-7,127.038664,37.662217,2007-01-12,한전주,02-2091-4083,서울특별시 도봉구청,2017-05-17
05-02-04,1,서울특별시 도봉구 방학제1동 647-34,서울특별시 도봉구 방학제1동 647-34,127.040447,37.668825,2008-01-01,한전주,02-2091-4083,서울특별시 도봉구청,2017-05-17
05-11-04,1,서울특별시 도봉구 방학제1동 681-4,서울특별시 도봉구 방학제1동 681-4,127.041275,37.664439,2008-01-01,벽부등,02-2091-4083,서울특별시 도봉구청,2017-05-17
05-13-04,1,서울특별시 도봉구 방학로 122-17,서울특별시 도봉구 방학제1동 690-39,127.038452,37.663815,2008-01-01,한전주,02-2091-4083,서울특별시 도봉구청,2017-05-17
05-16-05,1,서울특별시 도봉구 방학제1동 697-17,서울특별시 도봉구 방학제1동 697-17,127.037731,37.664399,2006-08-31,한전주,02-2091-4083,서울특별시 도봉구청,2017-05-17
05-02-05,1,서울특별시 도봉구 도봉로151길 45,서울특별시 도봉구 방학제1동 647-43,127.040656,37.668819,2007-03-19,한전주,02-2091-4083,서울특별시 도봉구청,2017-05-17
05-14-05,1,서울특별시 도봉구 도봉로147길 68-4,서울특별시 도봉구 방학제1동 699-13,127.03883,37.665333,2014-12-19,벽부등,02-2091-4083,서울특별시 도봉구청,2017-05-17
05-13-05,1,서울특별시 도봉구 방학로 122-29,서울특별시 도봉구 방학제1동 690-34,127.038458,37.664253,2008-01-01,한전주,02-2091-4083,서울특별시 도봉구청,2017-05-17
05-05-05,2,서울특별시 도봉구 도당로27길 20-6,서울특별시 도봉구 방학제1동 649-47,127.04099,37.66826,2008-02-02,한전주,02-2091-4083,서울특별시 도봉구청,2017-05-17
05-18-05,1,서울특별시 도봉구 방학제1동 672-24,서울특별시 도봉구 방학제1동 672-24,127.037111,37.662475,2008-01-01,벽부등,02-2091-4083,서울특별시 도봉구청,2017-05-17
05-15-05,1,서울특별시 도봉구 방학제1동 696-13,서울특별시 도봉구 방학제1동 696-13,127.037028,37.66535,2008-01-01,벽부등,02-2091-4083,서울특별시 도봉구청,2017-05-17
05-07-05,1,서울특별시 도봉구 도당로 124-33,서울특별시 도봉구 방학제1동 701-57,127.040428,37.666126,2006-07-14,한전주,02-2091-4083,서울특별시 도봉구청,2017-05-17
05-10-05,1,서울특별시 도봉구 방학제1동 683-9,서울특별시 도봉구 방학제1동 683-9,127.041438,37.665829,2008-01-01,한전주,02-2091-4083,서울특별시 도봉구청,2017-05-17
05-04-05,1,서울특별시 도봉구 방학제1동 652-16,서울특별시 도봉구 방학제1동 652-16,127.042748,37.669683,2008-01-01,벽부등,02-2091-4083,서울특별시 도봉구청,2017-05-17
05-21-05,1,서울특별시 도봉구 시루봉로143길36,서울특별시 도봉구 방학제1동 675-26,127.04012,37.661855,2014-10-22,벽부등,02-2091-4083,서울특별시 도봉구청,2017-05-17
05-09-05,1,서울특별시 도봉구 방학로2길 72,서울특별시 도봉구 방학제1동 703-4,127.041129,37.666102,2007-07-31,한전주,02-2091-4083,서울특별시 도봉구청,2017-05-17
05-03-05,1,서울특별시 도봉구 방학제1동 648-3,서울특별시 도봉구 방학제1동 648-3,127.039472,37.667882,2008-01-01,통신주,02-2091-4083,서울특별시 도봉구청,2017-05-17
05-08-05,1,서울특별시 도봉구 방학제1동 685-18,서울특별시 도봉구 방학제1동 685-18,127.039775,37.665339,2007-09-04,벽부등,02-2091-4083,서울특별시 도봉구청,2017-05-17
05-01-05,1,서울특별시 도봉구 방학제1동 645-16,서울특별시 도봉구 방학제1동 645-16,127.040083,37.669898,2008-01-01,벽부등,02-2091-4083,서울특별시 도봉구청,2017-05-17
05-17-05,1,서울특별시 도봉구 도당로10길 17,서울특별시 도봉구 방학제1동 693-46,127.035654,37.663233,2008-01-01,한전주,02-2091-4083,서울특별시 도봉구청,2017-05-17
05-06-05,1,서울특별시 도봉구 방학로2가길 20,서울특별시 도봉구 방학제1동 684-21,127.039755,37.665702,2006-09-25,한전주,02-2091-4083,서울특별시 도봉구청,2017-05-17
05-11-05,1,서울특별시 도봉구 방학제1동 681-11,서울특별시 도봉구 방학제1동 681-11,127.04144,37.664496,2008-01-01,벽부등,02-2091-4083,서울특별시 도봉구청,2017-05-17
05-23-05,1,서울특별시 도봉구 도봉로 666,서울특별시 도봉구 방학제1동 708,127.043394,37.664447,2007-09-28,벽부등,02-2091-4083,서울특별시 도봉구청,2017-05-17
05-19-05,2,서울특별시 도봉구 방학로5길 10-14,서울특별시 도봉구 방학제1동 672-13,127.036902,37.662149,2008-01-01,한전주,02-2091-4083,서울특별시 도봉구청,2017-05-17
05-05-06,1,서울특별시 도봉구 도당로27길 12,서울특별시 도봉구 방학제1동 649-55,127.041012,37.667875,2008-01-01,한전주,02-2091-4083,서울특별시 도봉구청,2017-05-17
05-04-06,1,서울특별시 도봉구 방학제1동 652-18,서울특별시 도봉구 방학제1동 652-18,127.042584,37.669648,2008-01-01,벽부등,02-2091-4083,서울특별시 도봉구청,2017-05-17
05-14-06,1,서울특별시 도봉구 방학제1동 698-27,서울특별시 도봉구 방학제1동 698-27,127.038886,37.665135,2006-06-05,벽부등,02-2091-4083,서울특별시 도봉구청,2017-05-17
05-06-06,2,서울특별시 도봉구 방학로2가길 10,서울특별시 도봉구 방학제1동 684-39,127.040302,37.665706,2006-09-25,한전주,02-2091-4083,서울특별시 도봉구청,2017-05-17
05-02-06,1,서울특별시 도봉구 도봉로151길 45-6,서울특별시 도봉구 방학제1동 647-41,127.040687,37.668627,2007-03-19,한전주,02-2091-4083,서울특별시 도봉구청,2017-05-17
05-24-06,1,서울특별시 도봉구 방학제1동 713-6,서울특별시 도봉구 방학제1동 713-6,127.044844,37.663217,2008-01-01,한전주,02-2091-4083,서울특별시 도봉구청,2017-05-17
05-21-06,1,서울특별시 도봉구 방학제1동 675-20,서울특별시 도봉구 방학제1동 675-20,127.039893,37.661819,2006-11-16,한전주,02-2091-4083,서울특별시 도봉구청,2017-05-17
05-12-06,1,서울특별시 도봉구 방학로4길 20,서울특별시 도봉구 방학제1동 688,127.039445,37.663652,2008-01-01,전용주,02-2091-4083,서울특별시 도봉구청,2017-05-17
05-10-06,1,서울특별시 도봉구 도봉로147길 24-7,서울특별시 도봉구 방학제1동 683-6,127.041346,37.665648,2008-01-01,벽부등,02-2091-4083,서울특별시 도봉구청,2017-05-17
11-15-31,1,서울특별시 도봉구 우이천로4길 53-4,서울특별시 도봉구 창제3동 487-37,127.042258,37.634446,2008-01-01,벽부등,02-2091-4083,서울특별시 도봉구청,2017-05-17
11-06-32,1,서울특별시 도봉구 덕릉로54길41,서울특별시 도봉구 창제3동 554-6,127.038345,37.636445,2012-12-07,통신주,02-2091-4083,서울특별시 도봉구청,2017-05-17
11-05-32,2,서울특별시 도봉구 덕릉로60라길 18,서울특별시 도봉구 창제3동 560-25,127.03988,37.637736,2006-09-16,한전주,02-2091-4083,서울특별시 도봉구청,2017-05-17
11-03-32,1,서울특별시 도봉구 창제3동 443-1,서울특별시 도봉구 창제3동 443-1,127.041987,37.642353,2008-01-01,한전주,02-2091-4083,서울특별시 도봉구청,2017-05-17
11-09-32,1,서울특별시 도봉구 창제3동 460-19,서울특별시 도봉구 창제3동 460-19,127.042057,37.637588,2008-01-01,전용주,02-2091-4083,서울특별시 도봉구청,2017-05-17
11-15-32,1,서울특별시 도봉구 창제3동 482-10,서울특별시 도봉구 창제3동 482-10,127.0421,37.634607,2007-06-01,한전주,02-2091-4083,서울특별시 도봉구청,2017-05-17
11-16-32,1,서울특별시 도봉구 창제3동 527-17,서울특별시 도봉구 창제3동 527-17,127.039821,37.635085,2008-01-01,벽부등,02-2091-4083,서울특별시 도봉구청,2017-05-17
11-15-33,1,서울특별시 도봉구 창제3동 481-10,서울특별시 도봉구 창제3동 481-10,127.042163,37.634831,2008-01-01,벽부등,02-2091-4083,서울특별시 도봉구청,2017-05-17
11-05-33,1,서울특별시 도봉구 덕릉로60라길 31,서울특별시 도봉구 창제3동 539-29,127.039552,37.63724,2008-01-01,한전주,02-2091-4083,서울특별시 도봉구청,2017-05-17
11-03-33,1,서울특별시 도봉구 창제3동 446-3,서울특별시 도봉구 창제3동 446-3,127.040132,37.63972,2008-01-01,벽부등,02-2091-4083,서울특별시 도봉구청,2017-05-17
11-16-33,1,서울특별시 도봉구 창제3동 505-6,서울특별시 도봉구 창제3동 505-6,127.040283,37.633813,2006-03-28,벽부등,02-2091-4083,서울특별시 도봉구청,2017-05-17
11-12-03,1,서울특별시 도봉구 창제3동 477-5,서울특별시 도봉구 창제3동 477-5,127.040757,37.63581,2008-01-01,한전주,02-2091-4083,서울특별시 도봉구청,2017-05-17
11-14-03,1,서울특별시 도봉구 창제3동 487-26,서울특별시 도봉구 창제3동 487-26,127.042214,37.634195,2008-01-01,벽부등,02-2091-4083,서울특별시 도봉구청,2017-05-17
11-18-03,1,서울특별시 도봉구 우이천로 162-2,서울특별시 도봉구 창제3동,127.038396,37.635104,2014-12-08,한전주,02-2091-4083,서울특별시 도봉구청,2017-05-17
11-16-03,1,서울특별시 도봉구 창제3동 502-20,서울특별시 도봉구 창제3동 502-20,127.039971,37.634131,2008-01-01,벽부등,02-2091-4083,서울특별시 도봉구청,2017-05-17
11-13-04,1,서울특별시 도봉구 창제3동 474-47,서울특별시 도봉구 창제3동 474-47,127.042615,37.63523,2008-01-01,한전주,02-2091-4083,서울특별시 도봉구청,2017-05-17
11-05-04,1,서울특별시 도봉구 덕릉로60길 14,서울특별시 도봉구 창제3동 566,127.040017,37.639502,2013-12-16,한전주,02-2091-4083,서울특별시 도봉구청,2017-05-17
11-01-04,1,서울특별시 도봉구 창제3동 552-32,서울특별시 도봉구 창제3동 552-32,127.03737,37.637223,2008-01-01,벽부등,02-2091-4083,서울특별시 도봉구청,2017-05-17
11-08-04,1,서울특별시 도봉구 덕릉로62길70,서울특별시 도봉구 창제3동 452-17,127.0426,37.639014,2013-12-16,한전주,02-2091-4083,서울특별시 도봉구청,2017-05-17
11-10-04,1,서울특별시 도봉구 우이천로12길37,서울특별시 도봉구 창제3동 533-17,127.040095,37.636384,2013-12-17,한전주,02-2091-4083,서울특별시 도봉구청,2017-05-17
11-14-04,1,서울특별시 도봉구 창제3동 487-14,서울특별시 도봉구 창제3동 487-14,127.042558,37.634212,2006-06-13,한전주,02-2091-4083,서울특별시 도봉구청,2017-05-17
11-03-04,1,서울특별시 도봉구 덕릉로60가길 14,서울특별시 도봉구 창제3동 569-36,127.039598,37.639223,2008-01-01,벽부등,02-2091-4083,서울특별시 도봉구청,2017-05-17
11-06-04,1,서울특별시 도봉구 창제3동 550-8,서울특별시 도봉구 창제3동 550-8,127.038484,37.635908,2008-01-01,한전주,02-2091-4083,서울특별시 도봉구청,2017-05-17
11-07-04,1,서울특별시 도봉구 창제3동 562-1,서울특별시 도봉구 창제3동 562-1,127.040521,37.638608,2008-01-01,통신주,02-2091-4083,서울특별시 도봉구청,2017-05-17
11-15-04,1,서울특별시 도봉구 덕릉로60길 108-8,서울특별시 도봉구 창제3동 475-11,127.041647,37.635402,2008-01-01,한전주,02-2091-4083,서울특별시 도봉구청,2017-05-17
11-18-04,1,서울특별시 도봉구 우이천로 154-1,서울특별시 도봉구 창제3동 524-17,127.038591,37.634493,2014-12-08,한전주,02-2091-4083,서울특별시 도봉구청,2017-05-17
11-16-04,1,서울특별시 도봉구 창제3동 521-9,서울특별시 도봉구 창제3동 521-9,127.040065,37.634342,2008-01-01,벽부등,02-2091-4083,서울특별시 도봉구청,2017-05-17
11-01-05,1,서울특별시 도봉구 창제3동 552-29,서울특별시 도봉구 창제3동 552-29,127.037151,37.636981,2008-01-01,한전주,02-2091-4083,서울특별시 도봉구청,2017-05-17
11-15-05,1,서울특별시 도봉구 창제3동 471-11,서울특별시 도봉구 창제3동 471-11,127.041564,37.635604,2008-01-01,한전주,02-2091-4083,서울특별시 도봉구청,2017-05-17
11-05-05,1,서울특별시 도봉구 덕릉로60길22,서울특별시 도봉구 창제3동 565-6,127.040085,37.639322,2013-12-16,한전주,02-2091-4083,서울특별시 도봉구청,2017-05-17
11-11-05,1,서울특별시 도봉구 창제3동 547-57,서울특별시 도봉구 창제3동 547-57,127.038701,37.635322,2008-01-01,벽부등,02-2091-4083,서울특별시 도봉구청,2017-05-17
11-06-05,1,서울특별시 도봉구 우이천로12길5,서울특별시 도봉구 창제3동 550-9,127.038622,37.635745,2013-12-17,한전주,02-2091-4083,서울특별시 도봉구청,2017-05-17
11-08-05,1,서울특별시 도봉구 덕릉로62길 78,서울특별시 도봉구 창제3동 452-24,127.042623,37.638735,2013-12-16,한전주,02-2091-4083,서울특별시 도봉구청,2017-05-17
05-03-16,1,서울특별시 도봉구 도당로29길 5,서울특별시 도봉구 방학제1동 657-8,127.041755,37.667445,2008-01-01,한전주,02-2091-4083,서울특별시 도봉구청,2017-05-17
05-14-16,1,서울특별시 도봉구 도봉로147길 63,서울특별시 도봉구 방학제1동,127.039076,37.665133,2017-02-03,한전주,02-2091-4083,서울특별시 도봉구청,2017-05-17
14-18-57,1,서울특별시 도봉구 도봉로173다길 18-19,서울특별시 도봉구 도봉제1동 432-1,127.03674,37.679173,2008-01-01,한전주,02-2091-4083,서울특별시 도봉구청,2017-05-17
14-19-57,1,서울특별시 도봉구 도봉제1동 478,서울특별시 도봉구 도봉제1동 478,127.030789,37.678675,2008-01-01,한전주,02-2091-4083,서울특별시 도봉구청,2017-05-17
14-02-58,1,서울특별시 도봉구 도봉제1동 288-16,서울특별시 도봉구 도봉제1동 288-16,127.042795,37.68887,2008-01-01,벽부등,02-2091-4083,서울특별시 도봉구청,2017-05-17
14-19-58,1,서울특별시 도봉구 도봉제1동 478,서울특별시 도봉구 도봉제1동 478,127.030348,37.679009,2008-01-01,한전주,02-2091-4083,서울특별시 도봉구청,2017-05-17
14-25-58,1,서울특별시 도봉구 시루봉로27나길 26,서울특별시 도봉구 도봉제1동 615-4,127.041253,37.672455,2008-01-01,한전주,02-2091-4083,서울특별시 도봉구청,2017-05-17
14-18-58,1,서울특별시 도봉구 도봉제1동 435-25,서울특별시 도봉구 도봉제1동 435-25,127.037093,37.679203,2006-10-26,한전주,02-2091-4083,서울특별시 도봉구청,2017-05-17
14-19-59,1,서울특별시 도봉구 도봉로169라길 111,서울특별시 도봉구 도봉제1동 484,202664,464418,2008-01-01,전용주,02-2091-4083,서울특별시 도봉구청,2017-05-17
14-18-59,1,서울특별시 도봉구 도봉로173다길 40,서울특별시 도봉구 도봉제1동 434,127.035958,37.679002,2007-07-26,한전주,02-2091-4083,서울특별시 도봉구청,2017-05-17
14-02-59,1,서울특별시 도봉구 도봉제1동 287-16,서울특별시 도봉구 도봉제1동 287-16,127.042795,37.688942,2008-01-01,한전주,02-2091-4083,서울특별시 도봉구청,2017-05-17
14-25-59,1,서울특별시 도봉구 시루봉로23가길 22-5,서울특별시 도봉구 도봉제1동 607-13,127.039854,37.67246,2008-01-01,벽부등,02-2091-4083,서울특별시 도봉구청,2017-05-17
14-01-59,1,서울특별시 도봉구 도봉로191길 60,서울특별시 도봉구 도봉제1동 352-18,127.041915,37.691145,2015-09-15,한전주,02-2091-4083,서울특별시 도봉구청,2017-05-17
14-02-60,1,서울특별시 도봉구 도봉제1동 298-1,서울특별시 도봉구 도봉제1동 298-1,127.042935,37.688829,2008-01-01,한전주,02-2091-4083,서울특별시 도봉구청,2017-05-17
14-25-60,1,서울특별시 도봉구 도봉제1동 615-25,서울특별시 도봉구 도봉제1동 615-25,127.042189,37.672856,2008-01-01,벽부등,02-2091-4083,서울특별시 도봉구청,2017-05-17
14-19-60,1,서울특별시 도봉구 도봉제1동 479,서울특별시 도봉구 도봉제1동 479,127.029916,37.679267,2008-01-01,한전주,02-2091-4083,서울특별시 도봉구청,2017-05-17
14-25-61,1,서울특별시 도봉구 시루봉로23길 23-3,서울특별시 도봉구 도봉제1동 607-29,127.039899,37.672108,2012-07-26,벽부등,02-2091-4083,서울특별시 도봉구청,2017-05-17
14-18-61,1,서울특별시 도봉구 도봉제1동 435-59,서울특별시 도봉구 도봉제1동 435-59,127.036043,37.678583,2008-01-01,한전주,02-2091-4083,서울특별시 도봉구청,2017-05-17
14-02-61,1,서울특별시 도봉구 도봉제1동 282-329,서울특별시 도봉구 도봉제1동 282-329,127.042833,37.688631,2008-01-01,한전주,02-2091-4083,서울특별시 도봉구청,2017-05-17
14-19-61,1,서울특별시 도봉구 도봉제1동 482,서울특별시 도봉구 도봉제1동 482,127.029746,37.678954,2008-01-01,전용주,02-2091-4083,서울특별시 도봉구청,2017-05-17
14-01-62,1,서울특별시 도봉구 도봉제1동 352-36,서울특별시 도봉구 도봉제1동 352-36,127.041996,37.689795,2008-01-01,한전주,02-2091-4083,서울특별시 도봉구청,2017-05-17
14-19-62,1,서울특별시 도봉구 도봉제1동 480,서울특별시 도봉구 도봉제1동 480,127.029522,37.679179,2007-03-14,한전주,02-2091-4083,서울특별시 도봉구청,2017-05-17
14-25-62,1,서울특별시 도봉구 시루봉로23길285,서울특별시 도봉구 도봉제1동 608-22,127.039828,37.671446,2013-05-07,한전주,02-2091-4083,서울특별시 도봉구청,2017-05-17
14-18-62,1,서울특별시 도봉구 도봉제1동 435-32,서울특별시 도봉구 도봉제1동 435-32,127.036616,37.678405,2007-08-14,한전주,02-2091-4083,서울특별시 도봉구청,2017-05-17
14-01-63,1,서울특별시 도봉구 도봉제1동 352-20,서울특별시 도봉구 도봉제1동 352-20,127.04193,37.689473,2008-01-01,한전주,02-2091-4083,서울특별시 도봉구청,2017-05-17
14-02-63,1,서울특별시 도봉구 도봉제1동 281-6,서울특별시 도봉구 도봉제1동 281-6,127.042844,37.687928,2006-08-25,한전주,02-2091-4083,서울특별시 도봉구청,2017-05-17
14-19-63,1,서울특별시 도봉구 도봉제1동 483-2,서울특별시 도봉구 도봉제1동 483-2,127.029174,37.67929,2008-01-01,한전주,02-2091-4083,서울특별시 도봉구청,2017-05-17
14-18-63,1,서울특별시 도봉구 도봉제1동 435-29,서울특별시 도봉구 도봉제1동 435-29,127.037048,37.678537,2008-01-01,통신주,02-2091-4083,서울특별시 도봉구청,2017-05-17
09-06-15,1,서울특별시 도봉구 창제1동 657-9,서울특별시 도봉구 창제1동 657-9,127.036975,37.648044,2007-10-17,벽부등,02-2091-4083,서울특별시 도봉구청,2017-05-17
09-02-15,1,서울특별시 도봉구 창제1동 651-22,서울특별시 도봉구 창제1동 651-22,127.036525,37.646793,2008-01-01,벽부등,02-2091-4083,서울특별시 도봉구청,2017-05-17
09-03-15,1,서울특별시 도봉구 창제1동 657-73,서울특별시 도봉구 창제1동 657-73,127.037064,37.64708,2008-01-01,통신주,02-2091-4083,서울특별시 도봉구청,2017-05-17
09-09-15,1,서울특별시 도봉구 창제1동 663-23,서울특별시 도봉구 창제1동 663-23,127.036458,37.649391,2007-01-05,벽부등,02-2091-4083,서울특별시 도봉구청,2017-05-17
09-25-16,1,서울특별시 도봉구 창제1동 녹천역1번출구,서울특별시 도봉구 창제1동 녹천역1번출구,127.051102,37.645032,2016-05-16,한전주,02-2091-4083,서울특별시 도봉구청,2017-05-17
09-01-16,1,서울특별시 도봉구 창제1동 659-2,서울특별시 도봉구 창제1동 659-2,127.035617,37.648485,2008-01-01,한전주,02-2091-4083,서울특별시 도봉구청,2017-05-17
09-10-16,1,서울특별시 도봉구 창제1동 662-69,서울특별시 도봉구 창제1동 662-69,127.036534,37.650807,2007-06-14,한전주,02-2091-4083,서울특별시 도봉구청,2017-05-17
09-03-16,1,서울특별시 도봉구 창제1동 657-58,서울특별시 도봉구 창제1동 657-58,127.037007,37.647299,2007-07-17,벽부등,02-2091-4083,서울특별시 도봉구청,2017-05-17
10-02-10,1,서울특별시 도봉구 창제2동 578-160,서울특별시 도봉구 창제2동 578-160,127.037008,37.639778,2006-08-22,한전주,02-2091-4083,서울특별시 도봉구청,2017-05-17
10-01-10,1,서울특별시 도봉구 창제2동 553-12,서울특별시 도봉구 창제2동 553-12,127.035747,37.638761,2008-01-01,한전주,02-2091-4083,서울특별시 도봉구청,2017-05-17
10-06-10,1,서울특별시 도봉구 창제2동 603-24,서울특별시 도봉구 창제2동 603-24,127.039659,37.641694,2008-01-01,전용주,02-2091-4083,서울특별시 도봉구청,2017-05-17
10-12-10,1,서울특별시 도봉구 창제2동 609-158,서울특별시 도봉구 창제2동 609-158,127.03853,37.643772,2006-03-20,한전주,02-2091-4083,서울특별시 도봉구청,2017-05-17
10-19-10,1,서울특별시 도봉구 덕릉로53길 39,서울특별시 도봉구 창제2동 585-91,127.035383,37.63899,2008-01-01,한전주,02-2091-4083,서울특별시 도봉구청,2017-05-17
10-03-10,1,서울특별시 도봉구 창제2동 578-145,서울특별시 도봉구 창제2동 578-145,127.037975,37.639004,2008-01-01,벽부등,02-2091-4083,서울특별시 도봉구청,2017-05-17
15-09-13,1,서울특별시 도봉구 도봉제2동 623-166,서울특별시 도봉구 도봉제2동 623-166,127.046204,37.671902,2010-04-21,벽부등,02-2091-4083,서울특별시 도봉구청,2017-05-17
15-05-13,1,서울특별시 도봉구 도봉제2동 631-29,서울특별시 도봉구 도봉제2동 631-29,127.0487,37.675839,2007-01-23,한전주,02-2091-4083,서울특별시 도봉구청,2017-05-17
15-01-13,1,서울특별시 도봉구 도봉제2동 652,서울특별시 도봉구 도봉제2동 652,127.046609,37.689648,2008-01-01,전용주,02-2091-4083,서울특별시 도봉구청,2017-05-17
15-27-13,1,서울특별시 도봉구 도봉로160길 16,서울특별시 도봉구 도봉제2동 624-34,127.045386,37.674188,2008-01-01,한전주,02-2091-4083,서울특별시 도봉구청,2017-05-17
15-02-13,2,서울특별시 도봉구 도봉로180길 9,서울특별시 도봉구 도봉제2동 58-3,127.046372,37.683918,2008-03-19,한전주,02-2091-4083,서울특별시 도봉구청,2017-05-17
15-01-14,1,서울특별시 도봉구 마들로,서울특별시 도봉구 도봉제2동 83,127.046733,37.689441,2008-01-01,한전주,02-2091-4083,서울특별시 도봉구청,2017-05-17
15-09-14,1,서울특별시 도봉구 도봉제2동 623-94,서울특별시 도봉구 도봉제2동 623-94,127.045462,37.672525,2006-05-22,벽부등,02-2091-4083,서울특별시 도봉구청,2017-05-17
15-08-14,1,서울특별시 도봉구 도봉제2동 624-90,서울특별시 도봉구 도봉제2동 624-90,127.046122,37.673258,2008-01-01,벽부등,02-2091-4083,서울특별시 도봉구청,2017-05-17
15-27-14,2,서울특별시 도봉구 도봉제2동 625-124,서울특별시 도봉구 도봉제2동 625-124,127.045617,37.674234,2008-01-01,한전주,02-2091-4083,서울특별시 도봉구청,2017-05-17
15-06-14,1,서울특별시 도봉구 도봉제2동 625-182,서울특별시 도봉구 도봉제2동 625-182,127.046116,37.674827,2008-01-01,벽부등,02-2091-4083,서울특별시 도봉구청,2017-05-17
15-05-14,1,서울특별시 도봉구 마들로57,서울특별시 도봉구 도봉제2동 631-36,127.04826,37.67497,2012-03-26,벽부등,02-2091-4083,서울특별시 도봉구청,2017-05-17
15-28-14,1,서울특별시 도봉구 도봉제2동 623-19,서울특별시 도봉구 도봉제2동 623-19,127.044903,37.672163,2007-05-28,벽부등,02-2091-4083,서울특별시 도봉구청,2017-05-17
15-10-14,1,서울특별시 도봉구 도봉제2동 98-15,서울특별시 도봉구 도봉제2동 98-15,127.047063,37.672544,2008-01-01,한전주,02-2091-4083,서울특별시 도봉구청,2017-05-17
15-29-14,1,서울특별시 도봉구 도봉로154길 6-14,서울특별시 도봉구 도봉제2동 622-5,127.044306,37.670486,2006-02-14,한전주,02-2091-4083,서울특별시 도봉구청,2017-05-17
15-07-14,1,서울특별시 도봉구 도봉로164길 33-34,서울특별시 도봉구 도봉제2동 626-131,127.047099,37.676151,2008-01-01,한전주,02-2091-4083,서울특별시 도봉구청,2017-05-17
15-02-14,1,서울특별시 도봉구 도봉로180길 9,서울특별시 도봉구 도봉제2동 58-3,127.046531,37.684228,2008-01-01,한전주,02-2091-4083,서울특별시 도봉구청,2017-05-17
15-28-15,1,서울특별시 도봉구 도봉로156길 6,서울특별시 도봉구 도봉제2동 623-8,127.044569,37.672575,2008-01-01,한전주,02-2091-4083,서울특별시 도봉구청,2017-05-17
15-01-15,1,서울특별시 도봉구 도봉제2동,서울특별시 도봉구 도봉제2동,127.046498,37.690166,2012-05-08,한전주,02-2091-4083,서울특별시 도봉구청,2017-05-17
15-08-15,1,서울특별시 도봉구 도봉로156길 29-8,서울특별시 도봉구 도봉제2동 624-75,127.0461,37.673115,2008-01-01,한전주,02-2091-4083,서울특별시 도봉구청,2017-05-17
15-10-15,2,서울특별시 도봉구 마들로28나길 10,서울특별시 도봉구 도봉제2동 98-14,127.04729,37.672655,2008-01-01,한전주,02-2091-4083,서울특별시 도봉구청,2017-05-17
15-27-15,1,서울특별시 도봉구 도봉제2동 624-41,서울특별시 도봉구 도봉제2동 624-41,127.04558,37.673767,2008-01-01,한전주,02-2091-4083,서울특별시 도봉구청,2017-05-17
15-07-15,1,서울특별시 도봉구 도봉제2동 626-130,서울특별시 도봉구 도봉제2동 626-130,127.047296,37.676522,2008-01-01,전용주,02-2091-4083,서울특별시 도봉구청,2017-05-17
15-29-15,1,서울특별시 도봉구 도봉제2동 622-76,서울특별시 도봉구 도봉제2동 622-76,127.044498,37.670513,2008-01-01,벽부등,02-2091-4083,서울특별시 도봉구청,2017-05-17
15-09-15,1,서울특별시 도봉구 도봉제2동 623-157,서울특별시 도봉구 도봉제2동 623-157,127.045988,37.671656,2008-01-01,벽부등,02-2091-4083,서울특별시 도봉구청,2017-05-17
15-02-15,1,서울특별시 도봉구 도봉제2동 81-1,서울특별시 도봉구 도봉제2동 81-1,127.048883,37.682745,2008-04-05,한전주,02-2091-4083,서울특별시 도봉구청,2017-05-17
15-06-15,1,서울특별시 도봉구 도봉제2동 625-87,서울특별시 도봉구 도봉제2동 625-87,127.045991,37.675023,2008-01-01,벽부등,02-2091-4083,서울특별시 도봉구청,2017-05-17
15-08-16,1,서울특별시 도봉구 도봉제2동 624-72,서울특별시 도봉구 도봉제2동 624-72,127.046049,37.672784,2008-01-01,벽부등,02-2091-4083,서울특별시 도봉구청,2017-05-17
15-02-16,1,서울특별시 도봉구 도봉제2동 79-3,서울특별시 도봉구 도봉제2동 79-3,127.04903,37.683122,2008-01-01,한전주,02-2091-4083,서울특별시 도봉구청,2017-05-17
05-13-06,1,서울특별시 도봉구 방학제1동 690-32,서울특별시 도봉구 방학제1동 690-32,127.038464,37.664583,2008-01-01,벽부등,02-2091-4083,서울특별시 도봉구청,2017-05-17
05-19-06,1,서울특별시 도봉구 방학로5길 10-8,서울특별시 도봉구 방학제1동 672-22,127.037207,37.66218,2008-01-01,한전주,02-2091-4083,서울특별시 도봉구청,2017-05-17
05-23-06,1,서울특별시 도봉구 도봉로 678,서울특별시 도봉구 방학제1동 708-10,127.043963,37.664331,2006-08-31,한전주,02-2091-4083,서울특별시 도봉구청,2017-05-17
05-01-06,1,서울특별시 도봉구 도봉로153길 57-6,서울특별시 도봉구 방학제1동 645-42,127.040067,37.669631,2008-01-01,한전주,02-2091-4083,서울특별시 도봉구청,2017-05-17
05-03-06,1,서울특별시 도봉구 방학제1동 658-14,서울특별시 도봉구 방학제1동 658-14,127.039532,37.667545,2008-01-01,벽부등,02-2091-4083,서울특별시 도봉구청,2017-05-17
05-20-06,1,서울특별시 도봉구 방학로5길 9-36,서울특별시 도봉구 방학제1동 674-12,127.039123,37.662207,2006-09-19,한전주,02-2091-4083,서울특별시 도봉구청,2017-05-17
05-15-06,1,서울특별시 도봉구 도당로 90-8,서울특별시 도봉구 방학제1동 696-28,127.037266,37.665145,2008-01-01,한전주,02-2091-4083,서울특별시 도봉구청,2017-05-17
05-07-06,1,서울특별시 도봉구 도당로 124-17,서울특별시 도봉구 방학제1동 684-11,127.04045,37.66654,2008-01-01,한전주,02-2091-4083,서울특별시 도봉구청,2017-05-17
05-09-06,2,서울특별시 도봉구 도봉로149길 29-11,서울특별시 도봉구 방학제1동 703-28,127.041373,37.666232,2008-01-01,한전주,02-2091-4083,서울특별시 도봉구청,2017-05-17
05-17-06,1,서울특별시 도봉구 방학제1동 693-23,서울특별시 도봉구 방학제1동 693-23,127.035728,37.663461,2007-06-19,벽부등,02-2091-4083,서울특별시 도봉구청,2017-05-17
05-08-06,1,서울특별시 도봉구 도봉로147길 49,서울특별시 도봉구 방학제1동 686-22,127.039833,37.665123,2008-03-27,한전주,02-2091-4083,서울특별시 도봉구청,2017-05-17
05-16-06,1,서울특별시 도봉구 방학제1동 697-20,서울특별시 도봉구 방학제1동 697-20,127.037363,37.664602,2008-01-01,벽부등,02-2091-4083,서울특별시 도봉구청,2017-05-17
05-11-06,1,서울특별시 도봉구 방학제1동 681-13,서울특별시 도봉구 방학제1동 681-13,127.041945,37.664394,2008-03-10,한전주,02-2091-4083,서울특별시 도봉구청,2017-05-17
05-18-06,1,서울특별시 도봉구 방학제1동 672-34,서울특별시 도봉구 방학제1동 672-34,127.037407,37.662609,2008-01-01,벽부등,02-2091-4083,서울특별시 도봉구청,2017-05-17
05-03-07,1,서울특별시 도봉구 도당로 117,서울특별시 도봉구 방학제1동 658-7,127.039477,37.667369,2006-10-19,벽부등,02-2091-4083,서울특별시 도봉구청,2017-05-17
05-07-07,1,서울특별시 도봉구 도당로 124-17,서울특별시 도봉구 방학제1동 701-56,127.0401,37.666549,2008-01-01,한전주,02-2091-4083,서울특별시 도봉구청,2017-05-17
05-19-07,1,서울특별시 도봉구 도당로 40-5,서울특별시 도봉구 방학제1동 671-17,127.035152,37.662046,2015-11-24,벽부등,02-2091-4083,서울특별시 도봉구청,2017-05-17
05-08-07,1,서울특별시 도봉구 방학제1동 685-31,서울특별시 도봉구 방학제1동 685-31,127.04011,37.665335,2008-03-27,벽부등,02-2091-4083,서울특별시 도봉구청,2017-05-17
05-21-07,1,서울특별시 도봉구 방학제1동 675-18,서울특별시 도봉구 방학제1동 675-18,127.039542,37.661819,2006-11-16,한전주,02-2091-4083,서울특별시 도봉구청,2017-05-17
05-11-07,1,서울특별시 도봉구 방학제1동 681-15,서울특별시 도봉구 방학제1동 681-15,127.041781,37.664208,2008-01-01,벽부등,02-2091-4083,서울특별시 도봉구청,2017-05-17
10-27-28,1,서울특별시 도봉구 창제2동 629-2,서울특별시 도봉구 창제2동 629-2,127.035855,37.644778,2007-02-16,한전주,02-2091-4083,서울특별시 도봉구청,2017-05-17
10-18-28,1,서울특별시 도봉구 덕릉로59바길55,서울특별시 도봉구 창제2동 585-60,127.035506,37.639318,2014-05-29,벽부등,02-2091-4083,서울특별시 도봉구청,2017-05-17
10-27-29,1,서울특별시 도봉구 창제2동 629-1,서울특별시 도봉구 창제2동 629-1,127.035598,37.644764,2008-02-01,한전주,02-2091-4083,서울특별시 도봉구청,2017-05-17
10-08-29,1,서울특별시 도봉구 창제2동 608-169,서울특별시 도봉구 창제2동 608-169,127.039971,37.64544,2007-07-23,한전주,02-2091-4083,서울특별시 도봉구청,2017-05-17
10-18-29,1,서울특별시 도봉구 덕릉로59자길 47,서울특별시 도봉구 창제2동 585-166,127.035219,37.63972,2016-05-16,벽부등,02-2091-4083,서울특별시 도봉구청,2017-05-17
10-27-30,1,서울특별시 도봉구 창제2동 628-6,서울특별시 도봉구 창제2동 628-6,127.034969,37.644716,2007-01-13,한전주,02-2091-4083,서울특별시 도봉구청,2017-05-17
10-04-30,1,서울특별시 도봉구 덕릉로59마길 13,서울특별시 도봉구 창제2동 581-73,127.037548,37.640377,2008-01-01,전용주,02-2091-4083,서울특별시 도봉구청,2017-05-17
10-27-31,1,서울특별시 도봉구 창제2동 628-1,서울특별시 도봉구 창제2동 628-1,127.035103,37.644725,2008-01-01,통신주,02-2091-4083,서울특별시 도봉구청,2017-05-17
10-04-31,1,서울특별시 도봉구 창제2동 581-5,서울특별시 도봉구 창제2동 581-5,127.03777,37.639468,2010-03-31,한전주,02-2091-4083,서울특별시 도봉구청,2017-05-17
10-04-32,1,서울특별시 도봉구 창제2동 581-14,서울특별시 도봉구 창제2동 581-14,127.038513,37.64063,2008-01-01,한전주,02-2091-4083,서울특별시 도봉구청,2017-05-17
10-27-32,1,서울특별시 도봉구 창제2동 629-9,서울특별시 도봉구 창제2동 629-9,127.035987,37.643395,2006-03-17,한전주,02-2091-4083,서울특별시 도봉구청,2017-05-17
10-27-33,1,서울특별시 도봉구 도봉로110가길9,서울특별시 도봉구 창제2동 650-20,127.033796,37.645784,2012-04-11,통신주,02-2091-4083,서울특별시 도봉구청,2017-05-17
10-04-33,1,서울특별시 도봉구 창제2동 581-74,서울특별시 도봉구 창제2동 581-74,127.038043,37.639641,2008-01-01,한전주,02-2091-4083,서울특별시 도봉구청,2017-05-17
10-04-34,1,서울특별시 도봉구 덕릉로59가길 16,서울특별시 도봉구 창제2동 581-47,127.038261,37.639998,2010-03-29,한전주,02-2091-4083,서울특별시 도봉구청,2017-05-17
14-16-25,1,서울특별시 도봉구 도봉로173길30-4,서울특별시 도봉구 도봉제1동 586-14,127.041941,37.680048,2013-10-18,벽부등,02-2091-4083,서울특별시 도봉구청,2017-05-17
14-07-25,1,서울특별시 도봉구 도봉제1동 568-46,서울특별시 도봉구 도봉제1동 568-46,127.044107,37.684453,2008-01-01,한전주,02-2091-4083,서울특별시 도봉구청,2017-05-17
14-20-25,1,서울특별시 도봉구 도봉로165길28-4,서울특별시 도봉구 도봉제1동 597-40,127.043352,37.67735,2012-07-13,벽부등,02-2091-4083,서울특별시 도봉구청,2017-05-17
14-19-25,1,서울특별시 도봉구 도봉제1동 527,서울특별시 도봉구 도봉제1동 527,127.030121,37.677102,2008-02-22,한전주,02-2091-4083,서울특별시 도봉구청,2017-05-17
14-26-25,1,서울특별시 도봉구 시루봉로27나길 23-3,서울특별시 도봉구 도봉제1동 614-7,127.041265,37.672304,2016-05-16,독립주,02-2091-4083,서울특별시 도봉구청,2017-05-17
14-18-25,1,서울특별시 도봉구 도봉제1동 427-28,서울특별시 도봉구 도봉제1동 427-28,127.039665,37.679339,2008-01-01,전용주,02-2091-4083,서울특별시 도봉구청,2017-05-17
14-25-25,1,서울특별시 도봉구 도봉제1동 산96-4,서울특별시 도봉구 도봉제1동 산96-4,127.038123,37.674875,2008-01-01,전용주,02-2091-4083,서울특별시 도봉구청,2017-05-17
14-24-25,1,서울특별시 도봉구 도봉제1동 616-21,서울특별시 도봉구 도봉제1동 616-21,127.04369,37.672879,2008-01-01,벽부등,02-2091-4083,서울특별시 도봉구청,2017-05-17
14-15-25,1,서울특별시 도봉구 도봉로169길 47,서울특별시 도봉구 도봉제1동 594-25,127.043077,37.679504,2008-01-01,한전주,02-2091-4083,서울특별시 도봉구청,2017-05-17
14-27-25,1,서울특별시 도봉구 도봉제1동 619-36,서울특별시 도봉구 도봉제1동 619-36,127.042803,37.670747,2008-01-01,벽부등,02-2091-4083,서울특별시 도봉구청,2017-05-17
14-09-25,1,서울특별시 도봉구 도봉제1동 576-10,서울특별시 도봉구 도봉제1동 576-10,127.043236,37.684142,2008-01-01,한전주,02-2091-4083,서울특별시 도봉구청,2017-05-17
14-05-25,1,서울특별시 도봉구 도봉제1동 557,서울특별시 도봉구 도봉제1동 557,127.044302,37.687012,2008-01-01,한전주,02-2091-4083,서울특별시 도봉구청,2017-05-17
14-06-25,1,서울특별시 도봉구 도봉로187길 9,서울특별시 도봉구 도봉제1동 560,127.045155,37.685835,2008-01-01,한전주,02-2091-4083,서울특별시 도봉구청,2017-05-17
14-22-25,2,서울특별시 도봉구 도봉제1동 599-27,서울특별시 도봉구 도봉제1동 599-27,127.042914,37.675334,2008-03-04,한전주,02-2091-4083,서울특별시 도봉구청,2017-05-17
14-11-25,1,서울특별시 도봉구 도봉제1동 580-21,서울특별시 도봉구 도봉제1동 580-21,127.043752,37.681571,2008-01-01,벽부등,02-2091-4083,서울특별시 도봉구청,2017-05-17
14-26-26,1,서울특별시 도봉구 시루봉로27가길 11,서울특별시 도봉구 도봉제1동 613-19,127.04214,37.671837,2016-12-02,벽부등,02-2091-4083,서울특별시 도봉구청,2017-05-17
14-28-26,1,서울특별시 도봉구 도봉제1동 610-9,서울특별시 도봉구 도봉제1동 610-9,127.040129,37.670113,2008-01-01,벽부등,02-2091-4083,서울특별시 도봉구청,2017-05-17
14-20-26,1,서울특별시 도봉구 도봉로169다길66,서울특별시 도봉구 도봉제1동 597-51,127.043393,37.676783,2012-09-05,한전주,02-2091-4083,서울특별시 도봉구청,2017-05-17
14-06-26,1,서울특별시 도봉구 도봉제1동 560-16,서울특별시 도봉구 도봉제1동 560-16,127.045558,37.685097,2008-01-01,한전주,02-2091-4083,서울특별시 도봉구청,2017-05-17
14-07-26,1,서울특별시 도봉구 도봉제1동 568-39,서울특별시 도봉구 도봉제1동 568-39,127.044468,37.684305,2006-10-26,벽부등,02-2091-4083,서울특별시 도봉구청,2017-05-17
14-08-26,1,서울특별시 도봉구 도봉제1동 566-5,서울특별시 도봉구 도봉제1동 566-5,127.044353,37.684138,2006-09-08,한전주,02-2091-4083,서울특별시 도봉구청,2017-05-17
14-04-26,1,서울특별시 도봉구 도봉제1동 556-46,서울특별시 도봉구 도봉제1동 556-46,127.04403,37.686779,2008-01-01,한전주,02-2091-4083,서울특별시 도봉구청,2017-05-17
14-19-26,1,서울특별시 도봉구 도봉제1동 472-3,서울특별시 도봉구 도봉제1동 472-3,127.030459,37.677108,2008-02-22,한전주,02-2091-4083,서울특별시 도봉구청,2017-05-17
14-24-26,1,서울특별시 도봉구 도봉로769,서울특별시 도봉구 도봉제1동 616-17,127.04367,37.673325,2013-05-21,벽부등,02-2091-4083,서울특별시 도봉구청,2017-05-17
14-09-26,1,서울특별시 도봉구 도봉제1동 576-12,서울특별시 도봉구 도봉제1동 576-12,127.04281,37.684172,2008-01-01,벽부등,02-2091-4083,서울특별시 도봉구청,2017-05-17
14-15-26,2,서울특별시 도봉구 도봉로169길 43,서울특별시 도봉구 도봉제1동 594-24,127.043406,37.67972,2008-01-01,한전주,02-2091-4083,서울특별시 도봉구청,2017-05-17
14-01-26,1,서울특별시 도봉구 도봉제1동 384-6,서울특별시 도봉구 도봉제1동 384-6,127.04093,37.689438,2006-05-26,한전주,02-2091-4083,서울특별시 도봉구청,2017-05-17
14-22-26,1,서울특별시 도봉구 도봉제1동 599-46,서울특별시 도봉구 도봉제1동 599-46,127.043007,37.675448,2008-02-21,한전주,02-2091-4083,서울특별시 도봉구청,2017-05-17
14-18-26,1,서울특별시 도봉구 도봉로173나길,서울특별시 도봉구 도봉제1동 427-67,127.039506,37.679226,2007-08-31,한전주,02-2091-4083,서울특별시 도봉구청,2017-05-17
14-05-26,1,서울특별시 도봉구 도봉제1동 557-2,서울특별시 도봉구 도봉제1동 557-2,127.044485,37.686914,2008-01-01,벽부등,02-2091-4083,서울특별시 도봉구청,2017-05-17
14-21-26,1,서울특별시 도봉구 도봉로165길 8,서울특별시 도봉구 도봉제1동 596-15,127.044439,37.677483,2006-08-31,한전주,02-2091-4083,서울특별시 도봉구청,2017-05-17
14-11-26,1,서울특별시 도봉구 도봉제1동 580-21,서울특별시 도봉구 도봉제1동 580-21,127.043769,37.681725,2008-01-01,벽부등,02-2091-4083,서울특별시 도봉구청,2017-05-17
14-27-26,1,서울특별시 도봉구 도봉제1동 611,서울특별시 도봉구 도봉제1동 611,127.041043,37.669987,2008-01-01,한전주,02-2091-4083,서울특별시 도봉구청,2017-05-17
14-24-27,1,서울특별시 도봉구 도봉로157길8-4,서울특별시 도봉구 도봉제1동 616-17,127.043543,37.673056,2013-05-21,벽부등,02-2091-4083,서울특별시 도봉구청,2017-05-17
09-06-16,1,서울특별시 도봉구 창제1동 657-126,서울특별시 도봉구 창제1동 657-126,127.035186,37.647578,2016-09-27,벽부등,02-2091-4083,서울특별시 도봉구청,2017-05-17
09-09-16,1,서울특별시 도봉구 덕릉로59나길 29-3,서울특별시 도봉구 창제1동 663-20,127.03651,37.649576,2008-01-01,벽부등,02-2091-4083,서울특별시 도봉구청,2017-05-17
09-02-16,1,서울특별시 도봉구 도봉로112길 14,서울특별시 도봉구 창제1동 651-5,127.035353,37.646729,2006-05-11,벽부등,02-2091-4083,서울특별시 도봉구청,2017-05-17
09-08-16,1,서울특별시 도봉구 창제1동 658-11,서울특별시 도봉구 창제1동 658-11,127.037159,37.648471,2006-03-17,한전주,02-2091-4083,서울특별시 도봉구청,2017-05-17
09-07-16,1,서울특별시 도봉구 창제1동 667-13,서울특별시 도봉구 창제1동 667-13,127.038268,37.647898,2008-01-01,벽부등,02-2091-4083,서울특별시 도봉구청,2017-05-17
09-25-17,1,서울특별시 도봉구 노해로66길 103,서울특별시 도봉구 창제1동 60-3,127.04884,37.646553,2016-12-02,한전주,02-2091-4083,서울특별시 도봉구청,2017-05-17
09-03-17,1,서울특별시 도봉구 창제1동 657-56,서울특별시 도봉구 창제1동 657-56,127.036984,37.647481,2008-01-01,벽부등,02-2091-4083,서울특별시 도봉구청,2017-05-17
09-09-17,2,서울특별시 도봉구 도봉로 110바길 75,서울특별시 도봉구 창제1동 663-18,127.036997,37.649612,2008-01-01,한전주,02-2091-4083,서울특별시 도봉구청,2017-05-17
09-08-17,1,서울특별시 도봉구 도봉로116길 33,서울특별시 도봉구 창제1동 658-18,127.037155,37.648251,2006-04-28,한전주,02-2091-4083,서울특별시 도봉구청,2017-05-17
09-02-17,2,서울특별시 도봉구 창제1동 651-83,서울특별시 도봉구 창제1동 651-83,127.035178,37.646777,2008-01-01,한전주,02-2091-4083,서울특별시 도봉구청,2017-05-17
09-01-17,1,서울특별시 도봉구 도봉로118길6-8,서울특별시 도봉구 창제1동 659-17,127.035455,37.648788,2013-02-25,한전주,02-2091-4083,서울특별시 도봉구청,2017-05-17
09-06-17,1,서울특별시 도봉구 창제1동 657-48,서울특별시 도봉구 창제1동 657-48,127.037256,37.647642,2006-12-04,한전주,02-2091-4083,서울특별시 도봉구청,2017-05-17
09-07-17,1,서울특별시 도봉구 창제1동 667-15,서울특별시 도봉구 창제1동 667-15,127.038293,37.648073,2008-01-01,한전주,02-2091-4083,서울특별시 도봉구청,2017-05-17
09-08-18,1,서울특별시 도봉구 창제1동 658-26,서울특별시 도봉구 창제1동 658-26,127.036801,37.648561,2007-06-07,벽부등,02-2091-4083,서울특별시 도봉구청,2017-05-17
09-06-18,1,서울특별시 도봉구 도봉로110바길 31,서울특별시 도봉구 창제1동 657-18,127.037234,37.647882,2006-03-27,벽부등,02-2091-4083,서울특별시 도봉구청,2017-05-17
09-10-18,1,서울특별시 도봉구 창제1동 662-71,서울특별시 도봉구 창제1동 662-71,127.036832,37.650909,2008-01-01,벽부등,02-2091-4083,서울특별시 도봉구청,2017-05-17
09-09-18,1,서울특별시 도봉구 창제1동 663-17,서울특별시 도봉구 창제1동 663-17,127.036805,37.649819,2008-12-18,벽부등,02-2091-4083,서울특별시 도봉구청,2017-05-17
09-02-18,1,서울특별시 도봉구 창제1동 651-7,서울특별시 도봉구 창제1동 651-7,203197.844,460783.553,2006-10-20,벽부등,02-2091-4083,서울특별시 도봉구청,2017-05-17
09-03-18,1,서울특별시 도봉구 창제1동 657-37,서울특별시 도봉구 창제1동 657-37,127.037328,37.647018,2006-12-04,한전주,02-2091-4083,서울특별시 도봉구청,2017-05-17
09-07-18,1,서울특별시 도봉구 창제1동 667-16,서울특별시 도봉구 창제1동 667-16,127.038249,37.648187,2008-01-01,벽부등,02-2091-4083,서울특별시 도봉구청,2017-05-17
09-08-19,1,서울특별시 도봉구 도봉로118길 34,서울특별시 도봉구 창제1동 658-3,127.037121,37.648828,2006-12-04,한전주,02-2091-4083,서울특별시 도봉구청,2017-05-17
09-10-19,1,서울특별시 도봉구 창제1동 662-73,서울특별시 도봉구 창제1동 662-73,127.036878,37.650677,2008-01-01,한전주,02-2091-4083,서울특별시 도봉구청,2017-05-17
09-09-19,1,서울특별시 도봉구 창제1동 663-53,서울특별시 도봉구 창제1동 663-53,127.036546,37.648979,2008-01-01,벽부등,02-2091-4083,서울특별시 도봉구청,2017-05-17
09-03-19,1,서울특별시 도봉구 창제1동 657-83,서울특별시 도봉구 창제1동 657-83,127.036287,37.646918,2006-04-12,한전주,02-2091-4083,서울특별시 도봉구청,2017-05-17
09-07-19,1,서울특별시 도봉구 창제1동 665-14,서울특별시 도봉구 창제1동 665-14,127.038811,37.648313,2007-08-10,한전주,02-2091-4083,서울특별시 도봉구청,2017-05-17
09-06-19,1,서울특별시 도봉구 창제1동 657-4,서울특별시 도봉구 창제1동 657-4,127.037018,37.647899,2006-03-28,벽부등,02-2091-4083,서울특별시 도봉구청,2017-05-17
09-08-20,1,서울특별시 도봉구 창제1동 658-25,서울특별시 도봉구 창제1동 658-25,127.036793,37.648653,2007-03-05,한전주,02-2091-4083,서울특별시 도봉구청,2017-05-17
09-03-20,1,서울특별시 도봉구 창제1동 657-133,서울특별시 도봉구 창제1동 657-133,127.03616,37.647228,2008-01-01,벽부등,02-2091-4083,서울특별시 도봉구청,2017-05-17
09-06-20,2,서울특별시 도봉구 도봉로110나길 21,서울특별시 도봉구 창제1동 655-21,127.03486,37.647225,2014-04-15,한전주,02-2091-4083,서울특별시 도봉구청,2017-05-17
09-07-20,1,서울특별시 도봉구 창제1동 665-17,서울특별시 도봉구 창제1동 665-17,127.03909,37.648346,2006-03-13,전용주,02-2091-4083,서울특별시 도봉구청,2017-05-17
09-09-21,1,서울특별시 도봉구 창제1동 663-1,서울특별시 도봉구 창제1동 663-1,127.036962,37.650105,2008-01-01,한전주,02-2091-4083,서울특별시 도봉구청,2017-05-17
09-06-21,1,서울특별시 도봉구 도봉로114길 28,서울특별시 도봉구 창제1동 657-140,127.035915,37.647367,2014-11-16,벽부등,02-2091-4083,서울특별시 도봉구청,2017-05-17
09-03-21,1,서울특별시 도봉구 창제1동 657-33,서울특별시 도봉구 창제1동 657-33,127.036484,37.647167,2008-01-01,벽부등,02-2091-4083,서울특별시 도봉구청,2017-05-17
09-10-21,1,서울특별시 도봉구 창제1동 662-86,서울특별시 도봉구 창제1동 662-86,127.037275,37.650673,2008-01-01,한전주,02-2091-4083,서울특별시 도봉구청,2017-05-17
15-27-16,1,서울특별시 도봉구 도봉제2동 624-43,서울특별시 도봉구 도봉제2동 624-43,127.045513,37.67366,2007-03-13,한전주,02-2091-4083,서울특별시 도봉구청,2017-05-17
15-01-16,1,서울특별시 도봉구 도봉제2동 10-1,서울특별시 도봉구 도봉제2동 10-1,127.046285,37.690871,2012-05-22,벽부등,02-2091-4083,서울특별시 도봉구청,2017-05-17
15-10-16,2,서울특별시 도봉구 마들로28길 10,서울특별시 도봉구 도봉제2동 98-1,127.047358,37.672916,2008-01-01,한전주,02-2091-4083,서울특별시 도봉구청,2017-05-17
15-28-16,1,서울특별시 도봉구 도봉제2동 623-14,서울특별시 도봉구 도봉제2동 623-14,127.044736,37.672432,2008-01-01,벽부등,02-2091-4083,서울특별시 도봉구청,2017-05-17
15-06-16,1,서울특별시 도봉구 도봉제2동 625-70,서울특별시 도봉구 도봉제2동 625-70,127.046131,37.674956,2008-01-01,벽부등,02-2091-4083,서울특별시 도봉구청,2017-05-17
15-09-16,1,서울특별시 도봉구 도봉제2동 623-151,서울특별시 도봉구 도봉제2동 623-151,127.045917,37.671444,2008-01-01,벽부등,02-2091-4083,서울특별시 도봉구청,2017-05-17
15-10-17,1,서울특별시 도봉구 마들로28길 10,서울특별시 도봉구 도봉제2동 95-96,127.047335,37.673115,2006-06-16,한전주,02-2091-4083,서울특별시 도봉구청,2017-05-17
15-02-17,1,서울특별시 도봉구 도봉제2동 79-8,서울특별시 도봉구 도봉제2동 79-8,127.049044,37.683423,2008-01-01,한전주,02-2091-4083,서울특별시 도봉구청,2017-05-17
15-08-17,1,서울특별시 도봉구 도봉제2동 624-104,서울특별시 도봉구 도봉제2동 624-104,127.046431,37.673477,2007-06-07,벽부등,02-2091-4083,서울특별시 도봉구청,2017-05-17
15-01-17,1,서울특별시 도봉구 도봉제2동 10-1,서울특별시 도봉구 도봉제2동 10-1,127.046168,37.690871,2012-05-22,벽부등,02-2091-4083,서울특별시 도봉구청,2017-05-17
15-27-17,1,서울특별시 도봉구 도봉로156길 17-14,서울특별시 도봉구 도봉제2동 624-47,127.045488,37.673395,2007-10-31,한전주,02-2091-4083,서울특별시 도봉구청,2017-05-17
15-06-17,1,서울특별시 도봉구 도봉제2동 625-53,서울특별시 도봉구 도봉제2동 625-53,127.046283,37.675038,2008-01-01,한전주,02-2091-4083,서울특별시 도봉구청,2017-05-17
15-29-17,1,서울특별시 도봉구 도봉제2동 622-15,서울특별시 도봉구 도봉제2동 622-15,127.044513,37.670925,2008-01-01,한전주,02-2091-4083,서울특별시 도봉구청,2017-05-17
15-09-17,1,서울특별시 도봉구 도봉제2동 623-152,서울특별시 도봉구 도봉제2동 623-152,127.046145,37.671432,2008-01-01,벽부등,02-2091-4083,서울특별시 도봉구청,2017-05-17
15-07-17,1,서울특별시 도봉구 도봉제2동 626-105,서울특별시 도봉구 도봉제2동 626-105,127.046944,37.675882,2008-01-01,한전주,02-2091-4083,서울특별시 도봉구청,2017-05-17
15-29-18,1,서울특별시 도봉구 도봉로152가길 20-16,서울특별시 도봉구 도봉제2동 622-10,127.044738,37.670341,2008-01-01,벽부등,02-2091-4083,서울특별시 도봉구청,2017-05-17
15-02-18,1,서울특별시 도봉구 도봉제2동 79-4,서울특별시 도봉구 도봉제2동 79-4,127.049129,37.683652,2008-01-01,한전주,02-2091-4083,서울특별시 도봉구청,2017-05-17
15-27-18,1,서울특별시 도봉구 도봉제2동 624-27,서울특별시 도봉구 도봉제2동 624-27,127.045451,37.673064,2008-01-01,한전주,02-2091-4083,서울특별시 도봉구청,2017-05-17
15-01-18,1,서울특별시 도봉구 도봉제2동 10-1,서울특별시 도봉구 도봉제2동 10-1,127.046009,37.690867,2012-05-22,벽부등,02-2091-4083,서울특별시 도봉구청,2017-05-17
15-07-18,1,서울특별시 도봉구 도봉제2동 626-117,서울특별시 도봉구 도봉제2동 626-117,127.046968,37.675412,2008-01-01,한전주,02-2091-4083,서울특별시 도봉구청,2017-05-17
15-10-18,1,서울특별시 도봉구 도봉제2동 98-4,서울특별시 도봉구 도봉제2동 98-4,127.047106,37.672986,2008-01-01,벽부등,02-2091-4083,서울특별시 도봉구청,2017-05-17
15-28-18,1,서울특별시 도봉구 도봉로154가길 11-6,서울특별시 도봉구 도봉제2동,127.044965,37.671935,2015-07-06,벽부등,02-2091-4083,서울특별시 도봉구청,2017-05-17
15-09-18,1,서울특별시 도봉구 도봉제2동 623-87,서울특별시 도봉구 도봉제2동 623-87,127.04647,37.672432,2008-01-01,벽부등,02-2091-4083,서울특별시 도봉구청,2017-05-17
15-06-18,1,서울특별시 도봉구 도봉제2동 625-69,서울특별시 도봉구 도봉제2동 625-69,127.046199,37.675077,2008-01-01,한전주,02-2091-4083,서울특별시 도봉구청,2017-05-17
15-28-19,1,서울특별시 도봉구 도봉제2동 623-38,서울특별시 도봉구 도봉제2동 623-38,127.045066,37.671896,2008-01-01,벽부등,02-2091-4083,서울특별시 도봉구청,2017-05-17
15-01-19,1,서울특별시 도봉구 도봉제2동 10-1,서울특별시 도봉구 도봉제2동 10-1,127.045889,37.690864,2012-05-22,벽부등,02-2091-4083,서울특별시 도봉구청,2017-05-17
15-29-19,1,서울특별시 도봉구 도봉로125가길 20-20,서울특별시 도봉구 도봉제2동 622-24,127.044772,37.670079,2008-01-01,벽부등,02-2091-4083,서울특별시 도봉구청,2017-05-17
15-09-19,1,서울특별시 도봉구 도봉제2동 623-105,서울특별시 도봉구 도봉제2동 623-105,127.046019,37.672188,2006-08-04,벽부등,02-2091-4083,서울특별시 도봉구청,2017-05-17
15-27-19,1,서울특별시 도봉구 도봉로160길 5,서울특별시 도봉구 도봉제2동 625-141,127.044818,37.674355,2008-01-01,한전주,02-2091-4083,서울특별시 도봉구청,2017-05-17
15-07-19,1,서울특별시 도봉구 도봉로164-43,서울특별시 도봉구 도봉제2동 626-161,127.047161,37.675333,2013-05-09,한전주,02-2091-4083,서울특별시 도봉구청,2017-05-17
15-02-19,1,서울특별시 도봉구 도봉로180나길 29,서울특별시 도봉구 도봉제2동 65-2,127.049224,37.683826,2008-01-01,한전주,02-2091-4083,서울특별시 도봉구청,2017-05-17
15-10-19,1,서울특별시 도봉구 도봉제2동 95-70,서울특별시 도봉구 도봉제2동 95-70,127.047,37.67303,2008-01-01,벽부등,02-2091-4083,서울특별시 도봉구청,2017-05-17
15-06-19,1,서울특별시 도봉구 도봉로160가길 19-11,서울특별시 도봉구 도봉제2동 625-80,127.04592,37.675224,2006-07-19,벽부등,02-2091-4083,서울특별시 도봉구청,2017-05-17
15-01-20,1,서울특별시 도봉구 도봉제2동 10-1,서울특별시 도봉구 도봉제2동 10-1,127.045793,37.690865,2012-05-22,벽부등,02-2091-4083,서울특별시 도봉구청,2017-05-17
10-27-34,1,서울특별시 도봉구 도봉로110라길62,서울특별시 도봉구 창제2동 629-24,127.035995,37.644249,2012-12-21,통신주,02-2091-4083,서울특별시 도봉구청,2017-05-17
10-04-35,1,서울특별시 도봉구 창제2동 581-26,서울특별시 도봉구 창제2동 581-26,127.037554,37.639931,2010-03-29,벽부등,02-2091-4083,서울특별시 도봉구청,2017-05-17
10-27-35,1,서울특별시 도봉구 도봉로104길 61-25,서울특별시 도봉구 창제2동 628-3,127.035257,37.644507,2015-11-24,벽부등,02-2091-4083,서울특별시 도봉구청,2017-05-17
10-04-36,1,서울특별시 도봉구 창제2동 581-26,서울특별시 도봉구 창제2동 581-26,127.037743,37.639814,2010-03-29,벽부등,02-2091-4083,서울특별시 도봉구청,2017-05-17
10-27-36,1,서울특별시 도봉구 도봉로110라길 55,서울특별시 도봉구 창제2동 623-94,127.036028,37.643524,2017-02-08,NULL,02-2091-4083,서울특별시 도봉구청,2017-05-17
10-04-37,1,서울특별시 도봉구 창제2동 581-34,서울특별시 도봉구 창제2동 581-34,127.037726,37.640408,2016-05-16,벽부등,02-2091-4083,서울특별시 도봉구청,2017-05-17
10-04-38,1,서울특별시 도봉구 창제2동,서울특별시 도봉구 창제2동,127.03776,37.640453,2016-05-16,벽부등,02-2091-4083,서울특별시 도봉구청,2017-05-17
10-04-39,1,서울특별시 도봉구 창제2동,서울특별시 도봉구 창제2동,127.037664,37.64034,2016-05-16,벽부등,02-2091-4083,서울특별시 도봉구청,2017-05-17
11-08-01,1,서울특별시 도봉구 창제3동 산197-1,서울특별시 도봉구 창제3동 산197-1,127.042891,37.639564,2010-04-05,한전주,02-2091-4083,서울특별시 도봉구청,2017-05-17
11-01-01,1,서울특별시 도봉구 덕릉로54길 8,서울특별시 도봉구 창제3동 552-21,127.037694,37.637574,2013-12-13,한전주,02-2091-4083,서울특별시 도봉구청,2017-05-17
11-13-01,1,서울특별시 도봉구 창제3동 474-70,서울특별시 도봉구 창제3동 474-70,127.042119,37.63546,2008-01-01,벽부등,02-2091-4083,서울특별시 도봉구청,2017-05-17
11-09-01,1,서울특별시 도봉구 창제3동 474-30,서울특별시 도봉구 창제3동 474-30,127.042511,37.635719,2007-03-28,벽부등,02-2091-4083,서울특별시 도봉구청,2017-05-17
11-14-01,1,서울특별시 도봉구 우이천로4길 50-9,서울특별시 도봉구 창제3동 476-6,127.042325,37.633933,2008-01-01,한전주,02-2091-4083,서울특별시 도봉구청,2017-05-17
11-15-01,1,서울특별시 도봉구 덕릉로60길102,서울특별시 도봉구 창제3동 471-12,127.0415,37.63587,2013-12-17,한전주,02-2091-4083,서울특별시 도봉구청,2017-05-17
11-02-01,1,서울특별시 도봉구 창제3동 557-96,서울특별시 도봉구 창제3동 557-96,127.03806,37.63818,2008-01-01,벽부등,02-2091-4083,서울특별시 도봉구청,2017-05-17
11-03-01,1,서울특별시 도봉구 창제3동 산192,서울특별시 도봉구 창제3동 산192,127.042362,37.642291,2008-01-01,한전주,02-2091-4083,서울특별시 도봉구청,2017-05-17
11-05-01,1,서울특별시 도봉구 창제3동 569-119,서울특별시 도봉구 창제3동 569-119,127.039398,37.63866,2008-01-01,한전주,02-2091-4083,서울특별시 도봉구청,2017-05-17
11-07-01,1,서울특별시 도봉구 덕릉로60길 47,서울특별시 도봉구 창제3동 560-13,127.040628,37.63815,2008-01-01,벽부등,02-2091-4083,서울특별시 도봉구청,2017-05-17
11-10-01,1,서울특별시 도봉구 창제3동 533-12,서울특별시 도봉구 창제3동 533-12,127.039632,37.636836,2008-01-01,벽부등,02-2091-4083,서울특별시 도봉구청,2017-05-17
11-18-01,1,서울특별시 도봉구 우이천로 166,서울특별시 도봉구 창제3동 547-59,127.0383,37.635484,2014-12-08,한전주,02-2091-4083,서울특별시 도봉구청,2017-05-17
11-16-01,1,서울특별시 도봉구 우이천로4가길 6,서울특별시 도봉구 창제3동 507-4,127.040014,37.633853,2013-12-17,한전주,02-2091-4083,서울특별시 도봉구청,2017-05-17
11-17-01,1,서울특별시 도봉구 창제3동 516-13,서울특별시 도봉구 창제3동 516-13,127.040979,37.631959,2008-01-01,전용주,02-2091-4083,서울특별시 도봉구청,2017-05-17
11-01-02,1,서울특별시 도봉구 창제3동 552-45,서울특별시 도봉구 창제3동 552-45,127.037234,37.637435,2010-04-21,벽부등,02-2091-4083,서울특별시 도봉구청,2017-05-17
11-13-02,1,서울특별시 도봉구 창제3동 474-68,서울특별시 도봉구 창제3동 474-68,127.042092,37.63561,2006-02-15,벽부등,02-2091-4083,서울특별시 도봉구청,2017-05-17
11-09-02,1,서울특별시 도봉구 창제3동 462-2,서울특별시 도봉구 창제3동 462-2,127.042809,37.637469,2016-09-27,벽부등,02-2091-4083,서울특별시 도봉구청,2017-05-17
11-03-02,1,서울특별시 도봉구 창제3동 443-10,서울특별시 도봉구 창제3동 443-10,127.041866,37.642206,2008-01-01,벽부등,02-2091-4083,서울특별시 도봉구청,2017-05-17
11-08-02,1,서울특별시 도봉구 덕릉로62길60,서울특별시 도봉구 창제3동 452-1,127.042578,37.639429,2013-12-16,한전주,02-2091-4083,서울특별시 도봉구청,2017-05-17
11-02-02,1,서울특별시 도봉구 덕릉로 228-12,서울특별시 도봉구 창제3동 557-91,127.038306,37.638448,2006-12-22,벽부등,02-2091-4083,서울특별시 도봉구청,2017-05-17
11-05-02,1,서울특별시 도봉구 창제3동 569-114,서울특별시 도봉구 창제3동 569-114,127.039489,37.638859,2006-04-15,한전주,02-2091-4083,서울특별시 도봉구청,2017-05-17
11-15-02,1,서울특별시 도봉구 덕릉로60길 104,서울특별시 도봉구 창제3동 471-13,127.041692,37.635798,2013-12-16,한전주,02-2091-4083,서울특별시 도봉구청,2017-05-17
11-07-02,1,서울특별시 도봉구 창제3동 450-7,서울특별시 도봉구 창제3동 450-7,127.040654,37.63846,2007-06-20,한전주,02-2091-4083,서울특별시 도봉구청,2017-05-17
11-10-02,1,서울특별시 도봉구 창제3동 533-7,서울특별시 도봉구 창제3동 533-7,127.03985,37.636708,2008-01-01,벽부등,02-2091-4083,서울특별시 도봉구청,2017-05-17
11-12-02,1,서울특별시 도봉구 창제3동 531-11,서울특별시 도봉구 창제3동 531-11,127.040426,37.635713,2008-01-01,전용주,02-2091-4083,서울특별시 도봉구청,2017-05-17
11-14-02,1,서울특별시 도봉구 창제3동 487-23,서울특별시 도봉구 창제3동 487-23,127.042321,37.634018,2008-01-01,한전주,02-2091-4083,서울특별시 도봉구청,2017-05-17
11-16-02,1,서울특별시 도봉구 창제3동 502-13,서울특별시 도봉구 창제3동 502-13,127.040255,37.634036,2008-01-01,한전주,02-2091-4083,서울특별시 도봉구청,2017-05-17
14-15-27,1,서울특별시 도봉구 도봉제1동 594-24,서울특별시 도봉구 도봉제1동 594-24,127.043349,37.679513,2008-01-01,벽부등,02-2091-4083,서울특별시 도봉구청,2017-05-17
14-28-27,1,서울특별시 도봉구 도봉제1동 610-16,서울특별시 도봉구 도봉제1동 610-16,127.039955,37.669989,2006-11-21,한전주,02-2091-4083,서울특별시 도봉구청,2017-05-17
14-27-27,1,서울특별시 도봉구 도봉제1동 620-27,서울특별시 도봉구 도봉제1동 620-27,127.042891,37.670117,2008-03-20,벽부등,02-2091-4083,서울특별시 도봉구청,2017-05-17
14-19-27,1,서울특별시 도봉구 도봉제1동 472-3,서울특별시 도봉구 도봉제1동 472-3,127.031004,37.677033,2008-02-22,한전주,02-2091-4083,서울특별시 도봉구청,2017-05-17
14-09-27,1,서울특별시 도봉구 도봉제1동 576-12,서울특별시 도봉구 도봉제1동 576-12,127.043035,37.684075,2008-01-01,한전주,02-2091-4083,서울특별시 도봉구청,2017-05-17
14-04-27,1,서울특별시 도봉구 도봉산3길 12-10,서울특별시 도봉구 도봉제1동 556-42,127.043637,37.686928,2008-01-01,한전주,02-2091-4083,서울특별시 도봉구청,2017-05-17
04-21-04,1,서울특별시 도봉구 쌍문제4동 산69-2,서울특별시 도봉구 쌍문제4동 산69-2,127.029201,37.656434,2008-01-01,한전주,02-2091-4083,서울특별시 도봉구청,2017-05-17
04-22-04,1,서울특별시 도봉구 쌍문제4동 159-25,서울특별시 도봉구 쌍문제4동 159-25,127.02991,37.655372,2008-01-01,한전주,02-2091-4083,서울특별시 도봉구청,2017-05-17
04-17-04,1,서울특별시 도봉구 쌍문제4동 217,서울특별시 도봉구 쌍문제4동 217,127.029165,37.65922,2008-01-01,한전주,02-2091-4083,서울특별시 도봉구청,2017-05-17
04-07-04,1,서울특별시 도봉구 쌍문제4동 160-1,서울특별시 도봉구 쌍문제4동 160-1,127.031571,37.655535,2008-01-01,한전주,02-2091-4083,서울특별시 도봉구청,2017-05-17
04-01-04,1,서울특별시 도봉구 쌍문제4동 137-73,서울특별시 도봉구 쌍문제4동 137-73,127.032648,37.6515,2008-01-01,벽부등,02-2091-4083,서울특별시 도봉구청,2017-05-17
04-06-04,1,서울특별시 도봉구 쌍문제4동 159-16,서울특별시 도봉구 쌍문제4동 159-16,127.034278,37.65539,2008-01-01,전용주,02-2091-4083,서울특별시 도봉구청,2017-05-17
04-03-04,1,서울특별시 도봉구 노해로51길 20,서울특별시 도봉구 쌍문제4동 137-163,127.03038,37.65183,2008-01-01,벽부등,02-2091-4083,서울특별시 도봉구청,2017-05-17
04-02-04,1,서울특별시 도봉구 쌍문제4동 137-125,서울특별시 도봉구 쌍문제4동 137-125,127.031368,37.652293,2006-12-18,한전주,02-2091-4083,서울특별시 도봉구청,2017-05-17
04-06-05,1,서울특별시 도봉구 쌍문제4동 69-58,서울특별시 도봉구 쌍문제4동 69-58,127.034507,37.655316,2007-04-16,한전주,02-2091-4083,서울특별시 도봉구청,2017-05-17
04-02-05,1,서울특별시 도봉구 쌍문제4동 137-127,서울특별시 도봉구 쌍문제4동 137-127,127.031384,37.652009,2008-01-01,한전주,02-2091-4083,서울특별시 도봉구청,2017-05-17
04-04-05,1,서울특별시 도봉구 노해로51길 8,서울특별시 도봉구 쌍문제4동 137-211,127.030301,37.651362,2008-01-01,한전주,02-2091-4083,서울특별시 도봉구청,2017-05-17
04-07-05,1,서울특별시 도봉구 쌍문제4동 160-2,서울특별시 도봉구 쌍문제4동 160-2,127.03127,37.655607,2008-01-01,전용주,02-2091-4083,서울특별시 도봉구청,2017-05-17
04-17-05,2,서울특별시 도봉구 쌍문제4동 217-3,서울특별시 도봉구 쌍문제4동 217-3,127.029436,37.659348,2008-01-01,한전주,02-2091-4083,서울특별시 도봉구청,2017-05-17
04-21-05,1,서울특별시 도봉구 쌍문제4동 산69-12,서울특별시 도봉구 쌍문제4동 산69-12,127.029567,37.656452,2008-01-01,한전주,02-2091-4083,서울특별시 도봉구청,2017-05-17
04-03-05,1,서울특별시 도봉구 쌍문제4동 137-175,서울특별시 도봉구 쌍문제4동 137-175,127.030191,37.651809,2008-01-01,한전주,02-2091-4083,서울특별시 도봉구청,2017-05-17
04-04-06,1,서울특별시 도봉구 노해로51길 16,서울특별시 도봉구 쌍문제4동 137-210,127.030233,37.651506,2008-01-01,한전주,02-2091-4083,서울특별시 도봉구청,2017-05-17
04-21-06,1,서울특별시 도봉구 해등로241-14,서울특별시 도봉구 쌍문제4동 231-3,127.029929,37.656479,2008-01-01,한전주,02-2091-4083,서울특별시 도봉구청,2017-05-17
04-06-06,1,서울특별시 도봉구 노해로57길 93,서울특별시 도봉구 쌍문제4동 158,127.034484,37.655541,2008-01-01,한전주,02-2091-4083,서울특별시 도봉구청,2017-05-17
04-17-06,1,서울특별시 도봉구 쌍문제4동 200-1,서울특별시 도봉구 쌍문제4동 200-1,127.029803,37.659218,2008-01-01,한전주,02-2091-4083,서울특별시 도봉구청,2017-05-17
04-01-06,1,서울특별시 도봉구 쌍문제4동 137-80,서울특별시 도봉구 쌍문제4동 137-80,127.032256,37.651421,2006-11-29,벽부등,02-2091-4083,서울특별시 도봉구청,2017-05-17
04-03-06,1,서울특별시 도봉구 쌍문제4동 137-168,서울특별시 도봉구 쌍문제4동 137-168,127.030328,37.652008,2008-01-01,벽부등,02-2091-4083,서울특별시 도봉구청,2017-05-17
04-07-06,1,서울특별시 도봉구 쌍문제4동 160,서울특별시 도봉구 쌍문제4동 160,127.031771,37.655555,2006-09-18,한전주,02-2091-4083,서울특별시 도봉구청,2017-05-17
04-04-07,1,서울특별시 도봉구 쌍문제4동 137-220,서울특별시 도봉구 쌍문제4동 137-220,127.029936,37.651484,2008-01-01,한전주,02-2091-4083,서울특별시 도봉구청,2017-05-17
04-06-07,2,서울특별시 도봉구 쌍문제4동 158,서울특별시 도봉구 쌍문제4동 158,127.034448,37.655906,2008-01-01,한전주,02-2091-4083,서울특별시 도봉구청,2017-05-17
04-07-07,1,서울특별시 도봉구 쌍문제4동 83,서울특별시 도봉구 쌍문제4동 83,127.030082,37.655856,2006-09-19,한전주,02-2091-4083,서울특별시 도봉구청,2017-05-17
04-17-07,1,서울특별시 도봉구 쌍문제4동 215-1,서울특별시 도봉구 쌍문제4동 215-1,127.030052,37.659057,2008-01-01,한전주,02-2091-4083,서울특별시 도봉구청,2017-05-17
04-03-07,2,서울특별시 도봉구 쌍문제4동 137-173,서울특별시 도봉구 쌍문제4동 137-173,127.030088,37.652259,2006-06-29,한전주,02-2091-4083,서울특별시 도봉구청,2017-05-17
04-01-07,1,서울특별시 도봉구 쌍문제4동 137-237,서울특별시 도봉구 쌍문제4동 137-237,127.031876,37.651268,2007-09-08,벽부등,02-2091-4083,서울특별시 도봉구청,2017-05-17
09-03-22,1,서울특별시 도봉구 도봉로112길 27-5,서울특별시 도봉구 창제1동 657-85,127.036223,37.647159,2016-12-02,벽부등,02-2091-4083,서울특별시 도봉구청,2017-05-17
09-10-22,2,서울특별시 도봉구 창제1동 662-33,서울특별시 도봉구 창제1동 662-33,127.037434,37.650689,2006-05-22,한전주,02-2091-4083,서울특별시 도봉구청,2017-05-17
09-08-22,1,서울특별시 도봉구 창제1동 658-46,서울특별시 도봉구 창제1동 658-46,127.035762,37.648445,2008-01-01,벽부등,02-2091-4083,서울특별시 도봉구청,2017-05-17
09-09-22,1,서울특별시 도봉구 도봉로110나길84-7,서울특별시 도봉구 창제1동 663-9,127.036773,37.649628,2012-11-29,통신주,02-2091-4083,서울특별시 도봉구청,2017-05-17
09-07-23,1,서울특별시 도봉구 창제1동 667-122,서울특별시 도봉구 창제1동 667-122,127.03898,37.647756,2006-12-08,한전주,02-2091-4083,서울특별시 도봉구청,2017-05-17
09-10-23,1,서울특별시 도봉구 창제1동 662-4,서울특별시 도봉구 창제1동 662-4,127.037115,37.651201,2006-04-28,한전주,02-2091-4083,서울특별시 도봉구청,2017-05-17
09-10-24,1,서울특별시 도봉구 창제1동 661-15,서울특별시 도봉구 창제1동 661-15,127.035913,37.649032,2008-01-01,한전주,02-2091-4083,서울특별시 도봉구청,2017-05-17
09-10-25,1,서울특별시 도봉구 창제1동 661-16,서울특별시 도봉구 창제1동 661-16,127.035739,37.649092,2007-06-14,벽부등,02-2091-4083,서울특별시 도봉구청,2017-05-17
09-11-26,1,서울특별시 도봉구 창제1동 665-13,서울특별시 도봉구 창제1동 665-13,127.038627,37.648676,2008-01-01,벽부등,02-2091-4083,서울특별시 도봉구청,2017-05-17
09-07-26,1,서울특별시 도봉구 창제1동 667-5,서울특별시 도봉구 창제1동 667-5,127.038636,37.647729,2007-01-05,한전주,02-2091-4083,서울특별시 도봉구청,2017-05-17
09-07-27,1,서울특별시 도봉구 창제1동 354,서울특별시 도봉구 창제1동 354,127.04085,37.64737,2006-12-20,한전주,02-2091-4083,서울특별시 도봉구청,2017-05-17
09-10-27,1,서울특별시 도봉구 창제1동 662-65,서울특별시 도봉구 창제1동 662-65,127.037208,37.65096,2008-01-01,벽부등,02-2091-4083,서울특별시 도봉구청,2017-05-17
09-10-28,1,서울특별시 도봉구 창제1동 662-3,서울특별시 도봉구 창제1동 662-3,127.037519,37.651101,2007-07-23,벽부등,02-2091-4083,서울특별시 도봉구청,2017-05-17
09-07-28,1,서울특별시 도봉구 창제1동 354,서울특별시 도봉구 창제1동 354,127.040554,37.647051,2006-12-20,한전주,02-2091-4083,서울특별시 도봉구청,2017-05-17
09-11-28,1,서울특별시 도봉구 창제1동 665-22,서울특별시 도봉구 창제1동 665-22,127.03839,37.649036,2008-01-01,한전주,02-2091-4083,서울특별시 도봉구청,2017-05-17
09-07-29,1,서울특별시 도봉구 창제1동 403-5,서울특별시 도봉구 창제1동 403-5,127.04094,37.647292,2006-12-20,전용주,02-2091-4083,서울특별시 도봉구청,2017-05-17
09-10-29,1,서울특별시 도봉구 도봉로 502-7,서울특별시 도봉구 창제1동 661-62,127.036159,37.650081,2008-01-01,벽부등,02-2091-4083,서울특별시 도봉구청,2017-05-17
09-10-30,1,서울특별시 도봉구 도봉로120길 9,서울특별시 도봉구 창제1동 662-72,127.03676,37.650774,2008-01-01,벽부등,02-2091-4083,서울특별시 도봉구청,2017-05-17
09-07-30,1,서울특별시 도봉구 창제1동 667-35,서울특별시 도봉구 창제1동 667-35,127.037613,37.647651,2008-01-28,한전주,02-2091-4083,서울특별시 도봉구청,2017-05-17
09-10-31,1,서울특별시 도봉구 창제1동 661-85,서울특별시 도봉구 창제1동 661-85,127.036737,37.65036,2008-01-01,전용주,02-2091-4083,서울특별시 도봉구청,2017-05-17
14-19-64,1,서울특별시 도봉구 도봉제1동 470-3,서울특별시 도봉구 도봉제1동 470-3,127.035054,37.677785,2007-08-20,한전주,02-2091-4083,서울특별시 도봉구청,2017-05-17
14-01-64,1,서울특별시 도봉구 도봉제1동 352-27,서울특별시 도봉구 도봉제1동 352-27,127.041407,37.691412,2006-03-09,한전주,02-2091-4083,서울특별시 도봉구청,2017-05-17
14-18-64,1,서울특별시 도봉구 도봉제1동 435-28,서울특별시 도봉구 도봉제1동 435-28,127.036983,37.678654,2008-01-01,벽부등,02-2091-4083,서울특별시 도봉구청,2017-05-17
14-02-64,1,서울특별시 도봉구 도봉제1동 281-13,서울특별시 도봉구 도봉제1동 281-13,127.042832,37.68764,2008-01-01,한전주,02-2091-4083,서울특별시 도봉구청,2017-05-17
14-02-65,1,서울특별시 도봉구 도봉산4길 4-13,서울특별시 도봉구 도봉제1동 280-4,127.043116,37.68764,2008-01-01,벽부등,02-2091-4083,서울특별시 도봉구청,2017-05-17
14-18-65,1,서울특별시 도봉구 도봉제1동 435-27,서울특별시 도봉구 도봉제1동 435-27,127.036938,37.678834,2008-01-01,벽부등,02-2091-4083,서울특별시 도봉구청,2017-05-17
14-01-65,1,서울특별시 도봉구 도봉로191길 88-94,서울특별시 도봉구 도봉제1동 산3-1,127.039727,37.69002,2006-03-09,한전주,02-2091-4083,서울특별시 도봉구청,2017-05-17
14-19-65,1,서울특별시 도봉구 도봉제1동 470-3,서울특별시 도봉구 도봉제1동 470-3,127.035491,37.677906,2006-10-13,한전주,02-2091-4083,서울특별시 도봉구청,2017-05-17
14-01-66,1,서울특별시 도봉구 평화로,서울특별시 도봉구 도봉제1동 376,127.043493,37.693001,2006-03-10,한전주,02-2091-4083,서울특별시 도봉구청,2017-05-17
14-02-66,1,서울특별시 도봉구 도봉제1동 280-7,서울특별시 도봉구 도봉제1동 280-7,127.04332,37.687883,2008-01-01,한전주,02-2091-4083,서울특별시 도봉구청,2017-05-17
14-18-66,1,서울특별시 도봉구 도봉로173길 142,서울특별시 도봉구 도봉제1동 435-64,127.036116,37.678317,2008-01-01,한전주,02-2091-4083,서울특별시 도봉구청,2017-05-17
14-19-66,1,서울특별시 도봉구 도봉제1동 470-3,서울특별시 도봉구 도봉제1동 470-3,127.035834,37.677901,2008-01-01,한전주,02-2091-4083,서울특별시 도봉구청,2017-05-17
14-01-67,1,서울특별시 도봉구 평화로15번길,서울특별시 도봉구 도봉제1동 376-7,127.041838,37.693576,2012-04-16,한전주,02-2091-4083,서울특별시 도봉구청,2017-05-17
14-18-67,1,서울특별시 도봉구 도봉제1동 435-21,서울특별시 도봉구 도봉제1동 435-21,127.037195,37.678895,2008-01-01,한전주,02-2091-4083,서울특별시 도봉구청,2017-05-17
10-09-10,1,서울특별시 도봉구 도봉로108길 89-5,서울특별시 도봉구 창제2동 674-59,127.03891,37.646061,2008-01-01,벽부등,02-2091-4083,서울특별시 도봉구청,2017-05-17
10-22-11,1,서울특별시 도봉구 창제2동 635-28,서울특별시 도봉구 창제2동 635-28,127.034028,37.642042,2008-02-11,벽부등,02-2091-4083,서울특별시 도봉구청,2017-05-17
10-10-11,2,서울특별시 도봉구 창제2동 608-116,서울특별시 도봉구 창제2동 608-116,127.03879,37.645185,2007-07-26,한전주,02-2091-4083,서울특별시 도봉구청,2017-05-17
10-24-11,1,서울특별시 도봉구 창제2동 623-45,서울특별시 도봉구 창제2동 623-45,127.037099,37.644137,2006-05-30,한전주,02-2091-4083,서울특별시 도봉구청,2017-05-17
10-17-11,1,서울특별시 도봉구 창제2동 582-7,서울특별시 도봉구 창제2동 582-7,127.03643,37.640396,2008-01-01,한전주,02-2091-4083,서울특별시 도봉구청,2017-05-17
10-25-11,1,서울특별시 도봉구 창제2동 621-16,서울특별시 도봉구 창제2동 621-16,127.036137,37.645658,2006-07-21,벽부등,02-2091-4083,서울특별시 도봉구청,2017-05-17
10-13-11,1,서울특별시 도봉구 창제2동 607-11,서울특별시 도봉구 창제2동 607-11,127.039877,37.642833,2007-07-03,한전주,02-2091-4083,서울특별시 도봉구청,2017-05-17
10-26-11,1,서울특별시 도봉구 창제2동 624-23,서울특별시 도봉구 창제2동 624-23,127.035298,37.644988,2007-09-20,전용주,02-2091-4083,서울특별시 도봉구청,2017-05-17
10-11-11,1,서울특별시 도봉구 창제2동 608-42,서울특별시 도봉구 창제2동 608-42,127.038097,37.644739,2008-01-01,한전주,02-2091-4083,서울특별시 도봉구청,2017-05-17
10-07-11,1,서울특별시 도봉구 덕릉로63길 20-10,서울특별시 도봉구 창제2동 442-10,127.040801,37.642385,2008-01-01,벽부등,02-2091-4083,서울특별시 도봉구청,2017-05-17
10-18-11,2,서울특별시 도봉구 창제2동 585-53,서울특별시 도봉구 창제2동 585-53,127.035935,37.63978,2008-01-01,한전주,02-2091-4083,서울특별시 도봉구청,2017-05-17
10-05-11,1,서울특별시 도봉구 창제2동 601-60,서울특별시 도봉구 창제2동 601-60,127.039239,37.641043,2008-01-01,한전주,02-2091-4083,서울특별시 도봉구청,2017-05-17
10-12-11,1,서울특별시 도봉구 창제2동 609-44,서울특별시 도봉구 창제2동 609-44,127.038051,37.643596,2007-11-09,한전주,02-2091-4083,서울특별시 도봉구청,2017-05-17
10-08-11,1,서울특별시 도봉구 창제2동 674-83,서울특별시 도봉구 창제2동 674-83,127.040103,37.645624,2008-01-01,벽부등,02-2091-4083,서울특별시 도봉구청,2017-05-17
10-09-11,1,서울특별시 도봉구 창제2동 674-54,서울특별시 도봉구 창제2동 674-54,127.038668,37.645994,2006-10-20,한전주,02-2091-4083,서울특별시 도봉구청,2017-05-17
10-21-11,1,서울특별시 도봉구 덕릉로59차길 8,서울특별시 도봉구 창제2동 632-65,127.036053,37.641404,2008-01-01,한전주,02-2091-4083,서울특별시 도봉구청,2017-05-17
10-04-11,1,서울특별시 도봉구 덕릉로57길 14,서울특별시 도봉구 창제2동 581-5,127.037876,37.639584,2008-01-01,한전주,02-2091-4083,서울특별시 도봉구청,2017-05-17
10-19-11,2,서울특별시 도봉구 창제2동 585-79,서울특별시 도봉구 창제2동 585-79,127.035059,37.639228,2008-01-01,한전주,02-2091-4083,서울특별시 도봉구청,2017-05-17
10-02-11,1,서울특별시 도봉구 창제2동 578-72,서울특별시 도봉구 창제2동 578-72,127.037126,37.639481,2008-01-01,한전주,02-2091-4083,서울특별시 도봉구청,2017-05-17
10-01-11,2,서울특별시 도봉구 창제2동 553-49,서울특별시 도봉구 창제2동 553-49,127.035876,37.638699,2008-01-01,한전주,02-2091-4083,서울특별시 도봉구청,2017-05-17
10-06-11,1,서울특별시 도봉구 창제2동 603-23,서울특별시 도봉구 창제2동 603-23,127.039882,37.641703,2008-01-01,한전주,02-2091-4083,서울특별시 도봉구청,2017-05-17
10-27-11,1,서울특별시 도봉구 창제2동 629-9,서울특별시 도봉구 창제2동 629-9,127.035842,37.643377,2008-01-01,벽부등,02-2091-4083,서울특별시 도봉구청,2017-05-17
10-16-11,1,서울특별시 도봉구 덕릉로59라길 11,서울특별시 도봉구 창제2동 601-65,127.038432,37.641394,2007-11-16,벽부등,02-2091-4083,서울특별시 도봉구청,2017-05-17
10-27-12,1,서울특별시 도봉구 창제2동 650-64,서울특별시 도봉구 창제2동 650-64,127.032818,37.644456,2008-01-01,한전주,02-2091-4083,서울특별시 도봉구청,2017-05-17
10-12-12,1,서울특별시 도봉구 도봉로110아길 67-3,서울특별시 도봉구 창제2동 609-47,127.038161,37.643377,2008-01-01,한전주,02-2091-4083,서울특별시 도봉구청,2017-05-17
10-22-12,1,서울특별시 도봉구 창제2동 645-5,서울특별시 도봉구 창제2동 645-5,127.034819,37.642782,2008-01-01,벽부등,02-2091-4083,서울특별시 도봉구청,2017-05-17
10-17-12,1,서울특별시 도봉구 창제2동 582-70,서울특별시 도봉구 창제2동 582-70,127.03664,37.64061,2008-01-01,한전주,02-2091-4083,서울특별시 도봉구청,2017-05-17
10-08-12,1,서울특별시 도봉구 창제2동 674-87,서울특별시 도봉구 창제2동 674-87,127.04014,37.64538,2008-01-01,한전주,02-2091-4083,서울특별시 도봉구청,2017-05-17
10-01-12,1,서울특별시 도봉구 덕릉로53길 25,서울특별시 도봉구 창제2동 553-14,127.035983,37.638494,2008-01-01,벽부등,02-2091-4083,서울특별시 도봉구청,2017-05-17
10-24-12,1,서울특별시 도봉구 창제2동 623-97,서울특별시 도봉구 창제2동 623-97,127.037013,37.64377,2008-01-01,벽부등,02-2091-4083,서울특별시 도봉구청,2017-05-17
10-11-12,2,서울특별시 도봉구 창제2동 608-40,서울특별시 도봉구 창제2동 608-40,127.037959,37.644971,2008-01-01,한전주,02-2091-4083,서울특별시 도봉구청,2017-05-17
10-23-12,1,서울특별시 도봉구 창제2동 593-3,서울특별시 도봉구 창제2동 593-3,127.036621,37.64356,2006-06-01,벽부등,02-2091-4083,서울특별시 도봉구청,2017-05-17
10-05-12,1,서울특별시 도봉구 덕릉로59나길 15-6,서울특별시 도봉구 창제2동 601-58,127.039134,37.641241,2008-01-01,한전주,02-2091-4083,서울특별시 도봉구청,2017-05-17
10-26-12,1,서울특별시 도봉구 창제2동 624-6,서울특별시 도봉구 창제2동 624-6,127.034432,37.645373,2006-04-06,한전주,02-2091-4083,서울특별시 도봉구청,2017-05-17
11-18-02,1,서울특별시 도봉구 우이천로 162-3,서울특별시 도봉구 창제3동 547-63,127.038342,37.635285,2014-12-08,한전주,02-2091-4083,서울특별시 도봉구청,2017-05-17
11-17-02,1,서울특별시 도봉구 창제3동 524-1,서울특별시 도봉구 창제3동 524-1,127.03905,37.634671,2007-10-11,벽부등,02-2091-4083,서울특별시 도봉구청,2017-05-17
11-09-03,1,서울특별시 도봉구 창제3동 461-4,서울특별시 도봉구 창제3동 461-4,127.041607,37.638329,2008-01-01,벽부등,02-2091-4083,서울특별시 도봉구청,2017-05-17
11-08-03,1,서울특별시 도봉구 덕릉로62길66,서울특별시 도봉구 창제3동 452-13,127.042589,37.639249,2013-12-16,한전주,02-2091-4083,서울특별시 도봉구청,2017-05-17
11-01-03,1,서울특별시 도봉구 창제3동 552-39,서울특별시 도봉구 창제3동 552-39,127.037408,37.637325,2008-01-01,벽부등,02-2091-4083,서울특별시 도봉구청,2017-05-17
11-03-03,1,서울특별시 도봉구 창제3동 443-14,서울특별시 도봉구 창제3동 443-14,127.04171,37.642111,2008-01-01,벽부등,02-2091-4083,서울특별시 도봉구청,2017-05-17
11-13-03,1,서울특별시 도봉구 창제3동 474-51,서울특별시 도봉구 창제3동 474-51,127.042387,37.635542,2006-03-09,한전주,02-2091-4083,서울특별시 도봉구청,2017-05-17
11-05-03,1,서울특별시 도봉구 창제3동 569-113,서울특별시 도봉구 창제3동 569-113,127.039696,37.639295,2008-01-01,한전주,02-2091-4083,서울특별시 도봉구청,2017-05-17
11-17-03,1,서울특별시 도봉구 우이천로4가길 5-11,서울특별시 도봉구 창제3동 519-31,127.03957,37.633871,2016-12-02,벽부등,02-2091-4083,서울특별시 도봉구청,2017-05-17
11-07-03,1,서울특별시 도봉구 창제3동 450-2,서울특별시 도봉구 창제3동 450-2,127.040728,37.638571,2006-04-28,벽부등,02-2091-4083,서울특별시 도봉구청,2017-05-17
11-06-03,1,서울특별시 도봉구 우이천로4다길69,서울특별시 도봉구 창제3동 537-10,127.039495,37.636727,2013-12-13,한전주,02-2091-4083,서울특별시 도봉구청,2017-05-17
11-15-03,1,서울특별시 도봉구 덕릉로60길104,서울특별시 도봉구 창제3동 475-8,127.04193,37.635528,2013-12-16,한전주,02-2091-4083,서울특별시 도봉구청,2017-05-17
11-10-03,1,서울특별시 도봉구 우이천로12길33,서울특별시 도봉구 창제3동 533-17,127.039846,37.636375,2013-12-13,한전주,02-2091-4083,서울특별시 도봉구청,2017-05-17
05-14-07,1,서울특별시 도봉구 도봉로145길 74-30,서울특별시 도봉구 방학제1동 698-24,127.038577,37.665134,2008-01-01,한전주,02-2091-4083,서울특별시 도봉구청,2017-05-17
05-20-07,1,서울특별시 도봉구 방학로5길 9-38,서울특별시 도봉구 방학제1동 674-13,127.039174,37.662153,2006-09-19,한전주,02-2091-4083,서울특별시 도봉구청,2017-05-17
05-01-07,1,서울특별시 도봉구 방학제1동 645-47,서울특별시 도봉구 방학제1동 645-47,127.040012,37.669559,2006-04-26,벽부등,02-2091-4083,서울특별시 도봉구청,2017-05-17
05-25-07,1,서울특별시 도봉구 방학제1동 712-12,서울특별시 도봉구 방학제1동 712-12,127.046132,37.662323,2008-01-01,한전주,02-2091-4083,서울특별시 도봉구청,2017-05-17
05-02-07,1,서울특별시 도봉구 도당로25길 27,서울특별시 도봉구 방학제1동 647-31,127.040357,37.668683,2008-01-01,통신주,02-2091-4083,서울특별시 도봉구청,2017-05-17
05-05-07,1,서울특별시 도봉구 방학제1동 649-32,서울특별시 도봉구 방학제1동 649-32,127.041449,37.668056,2008-01-01,벽부등,02-2091-4083,서울특별시 도봉구청,2017-05-17
05-18-07,1,서울특별시 도봉구 방학로 127,서울특별시 도봉구 방학제1동 673-3,127.03816,37.662667,2008-01-01,벽부등,02-2091-4083,서울특별시 도봉구청,2017-05-17
05-09-07,1,서울특별시 도봉구 도봉로149길 34,서울특별시 도봉구 방학제1동 702-11,127.04133,37.666654,2006-11-23,한전주,02-2091-4083,서울특별시 도봉구청,2017-05-17
05-06-07,1,서울특별시 도봉구 방학제1동 684-41,서울특별시 도봉구 방학제1동 684-41,127.04056,37.665881,2008-01-01,벽부등,02-2091-4083,서울특별시 도봉구청,2017-05-17
05-16-07,1,서울특별시 도봉구 방학로6가길 14,서울특별시 도봉구 방학제1동 697-21,127.03719,37.664787,2008-01-01,한전주,02-2091-4083,서울특별시 도봉구청,2017-05-17
05-24-07,2,서울특별시 도봉구 도봉로150바길 60,서울특별시 도봉구 방학제1동 713-4,127.044828,37.663425,2008-01-01,한전주,02-2091-4083,서울특별시 도봉구청,2017-05-17
05-17-07,1,서울특별시 도봉구 도당로 60-7,서울특별시 도봉구 방학제1동 693-8,127.035262,37.663588,2007-10-09,한전주,02-2091-4083,서울특별시 도봉구청,2017-05-17
05-13-07,1,서울특별시 도봉구 방학제1동 690-33,서울특별시 도봉구 방학제1동 690-33,127.038298,37.664614,2008-01-01,벽부등,02-2091-4083,서울특별시 도봉구청,2017-05-17
05-04-07,1,서울특별시 도봉구 도당로31길 47-2,서울특별시 도봉구 방학제1동 652-13,127.042714,37.669509,2008-03-24,한전주,02-2091-4083,서울특별시 도봉구청,2017-05-17
05-10-07,1,서울특별시 도봉구 도봉로145나길 35,서울특별시 도봉구 방학제1동 683-2,127.041321,37.665936,2008-01-01,한전주,02-2091-4083,서울특별시 도봉구청,2017-05-17
05-15-07,1,서울특별시 도봉구 도봉로145길 96,서울특별시 도봉구 방학제1동 696-24,127.037526,37.665253,2008-01-01,한전주,02-2091-4083,서울특별시 도봉구청,2017-05-17
05-21-08,1,서울특별시 도봉구 도봉로143길 50,서울특별시 도봉구 방학제1동 675-16,127.039236,37.661828,2008-01-01,한전주,02-2091-4083,서울특별시 도봉구청,2017-05-17
05-11-08,1,서울특별시 도봉구 도봉로145가길 12,서울특별시 도봉구 방학제1동 681-24,127.041951,37.664094,2008-03-10,한전주,02-2091-4083,서울특별시 도봉구청,2017-05-17
05-14-08,1,서울특별시 도봉구 방학제1동 698-6,서울특별시 도봉구 방학제1동 698-6,127.038346,37.665139,2008-01-01,벽부등,02-2091-4083,서울특별시 도봉구청,2017-05-17
05-13-08,1,서울특별시 도봉구 방학로 126-29,서울특별시 도봉구 방학제1동 690-17,127.038081,37.664397,2008-01-01,한전주,02-2091-4083,서울특별시 도봉구청,2017-05-17
05-18-08,1,서울특별시 도봉구 방학제1동 673-39,서울특별시 도봉구 방학제1동 673-39,127.038156,37.662442,2008-01-01,벽부등,02-2091-4083,서울특별시 도봉구청,2017-05-17
04-21-07,1,서울특별시 도봉구 쌍문제4동 산69-2,서울특별시 도봉구 쌍문제4동 산69-2,127.029918,37.656813,2008-01-01,한전주,02-2091-4083,서울특별시 도봉구청,2017-05-17
04-02-07,1,서울특별시 도봉구 쌍문제4동 137-119,서울특별시 도봉구 쌍문제4동 137-119,127.031709,37.651667,2008-01-01,한전주,02-2091-4083,서울특별시 도봉구청,2017-05-17
04-07-08,1,서울특별시 도봉구 시루봉로2길 84-8,서울특별시 도봉구 쌍문제4동 산83-1,127.032592,37.655019,2014-08-22,한전주,02-2091-4083,서울특별시 도봉구청,2017-05-17
04-01-08,1,서울특별시 도봉구 쌍문제4동 137-84,서울특별시 도봉구 쌍문제4동 137-84,127.031862,37.651398,2006-05-26,한전주,02-2091-4083,서울특별시 도봉구청,2017-05-17
04-06-08,2,서울특별시 도봉구 쌍문제4동 174-7,서울특별시 도봉구 쌍문제4동 174-7,127.034405,37.656253,2014-07-10,한전주,02-2091-4083,서울특별시 도봉구청,2017-05-17
04-03-08,1,서울특별시 도봉구 쌍문제4동 137-185,서울특별시 도봉구 쌍문제4동 137-185,127.028144,37.652859,2006-06-30,한전주,02-2091-4083,서울특별시 도봉구청,2017-05-17
04-02-08,2,서울특별시 도봉구 쌍문제4동 137-109,서울특별시 도봉구 쌍문제4동 137-109,127.03184,37.651917,2008-01-01,한전주,02-2091-4083,서울특별시 도봉구청,2017-05-17
04-17-08,1,서울특별시 도봉구 해등로 242-12,서울특별시 도봉구 쌍문제4동 215-1,127.030111,37.658885,2008-01-01,한전주,02-2091-4083,서울특별시 도봉구청,2017-05-17
04-04-08,1,서울특별시 도봉구 쌍문제4동 137-222,서울특별시 도봉구 쌍문제4동 137-222,127.02997,37.651242,2008-01-01,벽부등,02-2091-4083,서울특별시 도봉구청,2017-05-17
04-21-08,1,서울특별시 도봉구 쌍문제4동 231-2,서울특별시 도봉구 쌍문제4동 231-2,127.029903,37.657095,2008-01-01,한전주,02-2091-4083,서울특별시 도봉구청,2017-05-17
04-03-09,1,서울특별시 도봉구 노해로49길 26,서울특별시 도봉구 쌍문제4동 137-184,127.029803,37.651947,2008-01-01,한전주,02-2091-4083,서울특별시 도봉구청,2017-05-17
04-17-09,1,서울특별시 도봉구 쌍문제4동 199-1,서울특별시 도봉구 쌍문제4동 199-1,127.030675,37.659062,2008-01-01,한전주,02-2091-4083,서울특별시 도봉구청,2017-05-17
04-06-09,2,서울특별시 도봉구 해등로25길 41,서울특별시 도봉구 쌍문제4동 158-5,127.034372,37.656658,2008-01-01,한전주,02-2091-4083,서울특별시 도봉구청,2017-05-17
04-04-09,1,서울특별시 도봉구 쌍문제4동 137-226,서울특별시 도봉구 쌍문제4동 137-226,127.029589,37.651197,2008-01-01,전용주,02-2091-4083,서울특별시 도봉구청,2017-05-17
04-01-09,1,서울특별시 도봉구 쌍문제4동 137-88,서울특별시 도봉구 쌍문제4동 137-88,127.031837,37.651618,2007-09-08,한전주,02-2091-4083,서울특별시 도봉구청,2017-05-17
04-06-10,1,서울특별시 도봉구 도봉로131길 86,서울특별시 도봉구 쌍문제4동 158-4,127.033828,37.65655,2008-01-01,한전주,02-2091-4083,서울특별시 도봉구청,2017-05-17
04-21-10,1,서울특별시 도봉구 쌍문제4동 257-2,서울특별시 도봉구 쌍문제4동 257-2,127.028062,37.657001,2007-07-09,한전주,02-2091-4083,서울특별시 도봉구청,2017-05-17
04-17-10,1,서울특별시 도봉구 쌍문제4동 210-5,서울특별시 도봉구 쌍문제4동 210-5,127.031125,37.65919,2008-01-01,한전주,02-2091-4083,서울특별시 도봉구청,2017-05-17
04-02-10,1,서울특별시 도봉구 쌍문제4동 137-116,서울특별시 도봉구 쌍문제4동 137-116,127.031768,37.652134,2008-01-01,벽부등,02-2091-4083,서울특별시 도봉구청,2017-05-17
04-01-10,1,서울특별시 도봉구 쌍문제4동 137-94,서울특별시 도봉구 쌍문제4동 137-94,127.031434,37.651583,2008-01-01,한전주,02-2091-4083,서울특별시 도봉구청,2017-05-17
04-03-10,1,서울특별시 도봉구 노해로49길 26,서울특별시 도봉구 쌍문제4동 137-183,127.029825,37.651776,2008-01-01,벽부등,02-2091-4083,서울특별시 도봉구청,2017-05-17
04-06-11,2,서울특별시 도봉구 쌍문제4동 174-5,서울특별시 도봉구 쌍문제4동 174-5,127.033496,37.65646,2008-01-01,한전주,02-2091-4083,서울특별시 도봉구청,2017-05-17
04-17-11,1,서울특별시 도봉구 쌍문제4동 209,서울특별시 도봉구 쌍문제4동 209,127.031599,37.659276,2008-01-01,한전주,02-2091-4083,서울특별시 도봉구청,2017-05-17
04-03-11,1,서울특별시 도봉구 쌍문제4동 137-190,서울특별시 도봉구 쌍문제4동 137-190,127.029512,37.651481,2006-08-03,한전주,02-2091-4083,서울특별시 도봉구청,2017-05-17
04-02-11,1,서울특별시 도봉구 쌍문제4동 137-115,서울특별시 도봉구 쌍문제4동 137-115,127.031748,37.652351,2008-01-01,한전주,02-2091-4083,서울특별시 도봉구청,2017-05-17
04-01-11,1,서울특별시 도봉구 쌍문제4동 137-95,서울특별시 도봉구 쌍문제4동 137-95,127.031468,37.651331,2008-01-01,한전주,02-2091-4083,서울특별시 도봉구청,2017-05-17
04-01-12,1,서울특별시 도봉구 쌍문제4동 137-98,서울특별시 도봉구 쌍문제4동 137-98,127.031152,37.651207,2008-01-01,벽부등,02-2091-4083,서울특별시 도봉구청,2017-05-17
04-17-12,1,서울특별시 도봉구 쌍문제4동 220,서울특별시 도봉구 쌍문제4동 220,127.031938,37.659333,2008-01-01,한전주,02-2091-4083,서울특별시 도봉구청,2017-05-17
04-02-12,1,서울특별시 도봉구 노해로49길 68,서울특별시 도봉구 쌍문제4동 137-101,127.032058,37.652424,2008-01-01,한전주,02-2091-4083,서울특별시 도봉구청,2017-05-17
04-03-12,1,서울특별시 도봉구 쌍문제4동 137-191,서울특별시 도봉구 쌍문제4동 137-191,127.029545,37.651721,2008-01-01,벽부등,02-2091-4083,서울특별시 도봉구청,2017-05-17
04-17-13,2,서울특별시 도봉구 쌍문제4동 248-2,서울특별시 도봉구 쌍문제4동 248-2,127.032472,37.659277,2007-09-12,한전주,02-2091-4083,서울특별시 도봉구청,2017-05-17
04-01-13,1,서울특별시 도봉구 쌍문제4동 137-99,서울특별시 도봉구 쌍문제4동 137-99,127.031134,37.651394,2008-01-01,벽부등,02-2091-4083,서울특별시 도봉구청,2017-05-17
04-02-13,1,서울특별시 도봉구 쌍문제4동 137-102,서울특별시 도봉구 쌍문제4동 137-102,127.032161,37.652266,2008-01-01,벽부등,02-2091-4083,서울특별시 도봉구청,2017-05-17
04-03-14,1,서울특별시 도봉구 노해로49길 38,서울특별시 도봉구 쌍문제4동 137-170,127.030338,37.652224,2015-12-21,한전주,02-2091-4083,서울특별시 도봉구청,2017-05-17
14-19-67,1,서울특별시 도봉구 도봉제1동 441-1,서울특별시 도봉구 도봉제1동 441-1,127.034757,37.677102,2008-01-01,벽부등,02-2091-4083,서울특별시 도봉구청,2017-05-17
14-01-68,1,서울특별시 도봉구 평화로15번길,서울특별시 도봉구 도봉제1동 376-1,127.042642,37.693209,2012-04-17,한전주,02-2091-4083,서울특별시 도봉구청,2017-05-17
14-18-68,1,서울특별시 도봉구 도봉제1동 435-12,서울특별시 도봉구 도봉제1동 435-12,127.037561,37.678677,2006-10-26,벽부등,02-2091-4083,서울특별시 도봉구청,2017-05-17
14-19-68,1,서울특별시 도봉구 도봉로169라길 111,서울특별시 도봉구 도봉제1동 479,127.029917,37.679095,2015-09-15,한전주,02-2091-4083,서울특별시 도봉구청,2017-05-17
14-02-68,1,서울특별시 도봉구 도봉산4나길 11-6,서울특별시 도봉구 도봉제1동 291-4,127.043286,37.688496,2008-01-01,한전주,02-2091-4083,서울특별시 도봉구청,2017-05-17
14-01-69,1,서울특별시 도봉구 인강학교입구,서울특별시 도봉구 도봉제1동 의정부시개(인강학교입구),127.044681,37.693615,2013-02-04,한전주,02-2091-4083,서울특별시 도봉구청,2017-05-17
14-19-69,1,서울특별시 도봉구 도봉제1동 441,서울특별시 도봉구 도봉제1동 441,127.034931,37.677257,2007-08-10,한전주,02-2091-4083,서울특별시 도봉구청,2017-05-17
14-02-69,1,서울특별시 도봉구 도봉제1동 291,서울특별시 도봉구 도봉제1동 291,127.043286,37.688748,2008-01-01,통신주,02-2091-4083,서울특별시 도봉구청,2017-05-17
14-01-70,1,서울특별시 도봉구 인강학교입구,서울특별시 도봉구 도봉제1동 의정부시개(인강학교입구),127.04436,37.693605,2013-02-04,한전주,02-2091-4083,서울특별시 도봉구청,2017-05-17
14-18-70,1,서울특별시 도봉구 도봉제1동 산66-10,서울특별시 도봉구 도봉제1동 산66-10,127.036643,37.680584,2008-01-01,전용주,02-2091-4083,서울특별시 도봉구청,2017-05-17
14-19-70,1,서울특별시 도봉구 도봉제1동 산440,서울특별시 도봉구 도봉제1동 산440,127.034768,37.677267,2008-01-01,한전주,02-2091-4083,서울특별시 도봉구청,2017-05-17
14-02-70,1,서울특별시 도봉구 도봉제1동 291-8,서울특별시 도봉구 도봉제1동 291-8,127.043604,37.688838,2008-01-01,한전주,02-2091-4083,서울특별시 도봉구청,2017-05-17
14-02-71,1,서울특별시 도봉구 도봉제1동 288-2,서울특별시 도봉구 도봉제1동 288-2,127.043978,37.688856,2008-01-01,독립주,02-2091-4083,서울특별시 도봉구청,2017-05-17
14-19-71,1,서울특별시 도봉구 도봉제1동 441-5,서울특별시 도봉구 도봉제1동 441-5,127.034761,37.67692,2007-06-05,한전주,02-2091-4083,서울특별시 도봉구청,2017-05-17
14-01-71,2,서울특별시 도봉구 도봉로191길92-6,서울특별시 도봉구 도봉제1동 346-1,127.04077,37.689551,2013-08-27,한전주,02-2091-4083,서울특별시 도봉구청,2017-05-17
14-18-71,1,서울특별시 도봉구 도봉제1동 427-12,서울특별시 도봉구 도봉제1동 427-12,127.038065,37.678819,2008-01-01,한전주,02-2091-4083,서울특별시 도봉구청,2017-05-17
14-02-72,1,서울특별시 도봉구 도봉제1동 290,서울특별시 도봉구 도봉제1동 290,127.043638,37.688631,2008-03-18,한전주,02-2091-4083,서울특별시 도봉구청,2017-05-17
14-19-72,1,서울특별시 도봉구 도봉제1동 480,서울특별시 도봉구 도봉제1동 480,127.029624,37.679058,2016-05-16,한전주,02-2091-4083,서울특별시 도봉구청,2017-05-17
14-01-72,1,서울특별시 도봉구 도봉산4길45-6,서울특별시 도봉구 도봉제1동 287,127.041511,37.689218,2013-09-03,벽부등,02-2091-4083,서울특별시 도봉구청,2017-05-17
14-18-73,1,서울특별시 도봉구 도봉제1동 434,서울특별시 도봉구 도봉제1동 434,127.03537,37.679123,2008-01-01,통신주,02-2091-4083,서울특별시 도봉구청,2017-05-17
14-01-73,1,서울특별시 도봉구 도봉로191길81,서울특별시 도봉구 도봉제1동 349,127.041292,37.69029,2013-09-03,전용주,02-2091-4083,서울특별시 도봉구청,2017-05-17
14-02-73,2,서울특별시 도봉구 도봉산4나길19,서울특별시 도봉구 도봉제1동 291-6,127.043626,37.688262,2013-10-23,한전주,02-2091-4083,서울특별시 도봉구청,2017-05-17
14-19-73,1,서울특별시 도봉구 도봉로169길 187,서울특별시 도봉구 도봉제1동 441,127.034642,37.677363,2007-08-10,한전주,02-2091-4083,서울특별시 도봉구청,2017-05-17
14-02-74,1,서울특별시 도봉구 도봉제1동 288-14,서울특별시 도봉구 도봉제1동 288-14,127.043978,37.688279,2008-01-01,한전주,02-2091-4083,서울특별시 도봉구청,2017-05-17
14-18-74,2,서울특별시 도봉구 도봉제1동 427-16,서울특별시 도봉구 도봉제1동 427-16,127.039077,37.67893,2008-02-14,한전주,02-2091-4083,서울특별시 도봉구청,2017-05-17
14-01-74,1,서울특별시 도봉구 도봉로191길73-6,서울특별시 도봉구 도봉제1동 349-3,127.041577,37.690237,2013-09-10,벽부등,02-2091-4083,서울특별시 도봉구청,2017-05-17
14-19-74,1,서울특별시 도봉구 도봉로169길 187 45,서울특별시 도봉구 도봉제1동 산440,127.035425,37.67737,2008-01-01,벽부등,02-2091-4083,서울특별시 도봉구청,2017-05-17
14-02-75,1,서울특별시 도봉구 도봉제1동 290-5,서울특별시 도봉구 도봉제1동 290-5,127.043932,37.688649,2007-07-25,한전주,02-2091-4083,서울특별시 도봉구청,2017-05-17
14-01-75,1,서울특별시 도봉구 도봉로191가길16,서울특별시 도봉구 도봉제1동 352-5,127.040963,37.691254,2013-09-10,한전주,02-2091-4083,서울특별시 도봉구청,2017-05-17
14-18-75,1,서울특별시 도봉구 도봉로173길,서울특별시 도봉구 도봉제1동 429-21,127.03903,37.679145,2010-04-16,한전주,02-2091-4083,서울특별시 도봉구청,2017-05-17
14-18-76,1,서울특별시 도봉구 도봉제1동 427-66,서울특별시 도봉구 도봉제1동 427-66,127.039495,37.679131,2008-01-01,통신주,02-2091-4083,서울특별시 도봉구청,2017-05-17
14-19-76,1,서울특별시 도봉구 도봉제1동 434,서울특별시 도봉구 도봉제1동 434,127.036068,37.678023,2008-01-01,한전주,02-2091-4083,서울특별시 도봉구청,2017-05-17
14-01-76,1,서울특별시 도봉구 도봉로191가길18-5,서울특별시 도봉구 도봉제1동 352-6,127.040884,37.691353,2013-09-10,벽부등,02-2091-4083,서울특별시 도봉구청,2017-05-17
14-18-77,2,서울특별시 도봉구 도봉제1동 433-4,서울특별시 도봉구 도봉제1동 433-4,127.035494,37.679771,2007-08-10,한전주,02-2091-4083,서울특별시 도봉구청,2017-05-17
10-06-12,1,서울특별시 도봉구 창제2동 603-17,서울특별시 도봉구 창제2동 603-17,127.039439,37.641924,2008-01-01,한전주,02-2091-4083,서울특별시 도봉구청,2017-05-17
10-25-12,1,서울특별시 도봉구 도봉로110라길 15-3,서울특별시 도봉구 창제2동 623-76,127.035987,37.64545,2008-01-01,한전주,02-2091-4083,서울특별시 도봉구청,2017-05-17
10-07-12,1,서울특별시 도봉구 창제2동 442-24,서울특별시 도봉구 창제2동 442-24,127.040651,37.642061,2008-01-01,벽부등,02-2091-4083,서울특별시 도봉구청,2017-05-17
10-09-12,1,서울특별시 도봉구 창제2동 674-106,서울특별시 도봉구 창제2동 674-106,127.038519,37.646061,2008-01-01,벽부등,02-2091-4083,서울특별시 도봉구청,2017-05-17
10-13-12,1,서울특별시 도봉구 창제2동 607-12,서울특별시 도봉구 창제2동 607-12,127.039865,37.642999,2007-07-03,한전주,02-2091-4083,서울특별시 도봉구청,2017-05-17
10-02-12,1,서울특별시 도봉구 창제2동 578-71,서울특별시 도봉구 창제2동 578-71,127.036916,37.639259,2008-01-01,벽부등,02-2091-4083,서울특별시 도봉구청,2017-05-17
10-04-12,1,서울특별시 도봉구 창제2동 581-52,서울특별시 도봉구 창제2동 581-52,127.037953,37.639877,2006-11-10,벽부등,02-2091-4083,서울특별시 도봉구청,2017-05-17
10-19-12,1,서울특별시 도봉구 창제2동 585-74,서울특별시 도봉구 창제2동 585-74,127.034663,37.639104,2008-01-01,한전주,02-2091-4083,서울특별시 도봉구청,2017-05-17
10-18-12,1,서울특별시 도봉구 덕릉로59바길40-3,서울특별시 도봉구 창제2동 585-16,127.035871,37.639963,2013-11-12,벽부등,02-2091-4083,서울특별시 도봉구청,2017-05-17
10-10-12,1,서울특별시 도봉구 창제2동 608-4,서울특별시 도봉구 창제2동 608-4,127.039011,37.644777,2006-05-02,한전주,02-2091-4083,서울특별시 도봉구청,2017-05-17
10-21-12,1,서울특별시 도봉구 덕릉로59길 62-1,서울특별시 도봉구 창제2동 596-20,127.03628,37.64167,2008-01-01,한전주,02-2091-4083,서울특별시 도봉구청,2017-05-17
10-12-13,1,서울특별시 도봉구 도봉로110아길 67-3,서울특별시 도봉구 창제2동 609-50,127.038331,37.643395,2008-01-01,벽부등,02-2091-4083,서울특별시 도봉구청,2017-05-17
10-21-13,1,서울특별시 도봉구 덕릉로59길 71,서울특별시 도봉구 창제2동 632-2,127.03593,37.641638,2008-01-01,한전주,02-2091-4083,서울특별시 도봉구청,2017-05-17
10-23-13,1,서울특별시 도봉구 도봉로 110라길 69-5,서울특별시 도봉구 창제2동 593-27,127.036507,37.643323,2006-06-01,벽부등,02-2091-4083,서울특별시 도봉구청,2017-05-17
10-17-13,1,서울특별시 도봉구 창제2동 582-55,서울특별시 도봉구 창제2동 582-55,127.036932,37.640497,2008-01-01,벽부등,02-2091-4083,서울특별시 도봉구청,2017-05-17
10-22-13,1,서울특별시 도봉구 도봉로110라길 70-30,서울특별시 도봉구 창제2동 630-4,127.035136,37.642666,2007-11-16,한전주,02-2091-4083,서울특별시 도봉구청,2017-05-17
10-13-13,1,서울특별시 도봉구 창제2동 607-13,서울특별시 도봉구 창제2동 607-13,127.039861,37.643315,2006-03-16,한전주,02-2091-4083,서울특별시 도봉구청,2017-05-17
10-24-13,1,서울특별시 도봉구 창제2동 623-42,서울특별시 도봉구 창제2동 623-42,127.03718,37.644051,2008-01-01,한전주,02-2091-4083,서울특별시 도봉구청,2017-05-17
10-18-13,1,서울특별시 도봉구 창제2동 585-129,서울특별시 도봉구 창제2동 585-129,127.036008,37.640161,2008-01-01,벽부등,02-2091-4083,서울특별시 도봉구청,2017-05-17
10-26-13,1,서울특별시 도봉구 창제2동 624-46,서울특별시 도봉구 창제2동 624-46,127.035257,37.645229,2008-01-01,벽부등,02-2091-4083,서울특별시 도봉구청,2017-05-17
10-19-13,1,서울특별시 도봉구 창제2동 585-71,서울특별시 도봉구 창제2동 585-71,127.034615,37.639337,2008-01-01,벽부등,02-2091-4083,서울특별시 도봉구청,2017-05-17
10-25-13,1,서울특별시 도봉구 창제2동 623-75,서울특별시 도봉구 창제2동 623-75,127.036101,37.645348,2008-01-01,통신주,02-2091-4083,서울특별시 도봉구청,2017-05-17
10-02-13,1,서울특별시 도봉구 창제2동 578-153,서울특별시 도봉구 창제2동 578-153,127.036769,37.6392,2008-01-01,한전주,02-2091-4083,서울특별시 도봉구청,2017-05-17
10-04-13,1,서울특별시 도봉구 덕릉로59다길 14-22,서울특별시 도봉구 창제2동 581-28,127.037625,37.640296,2015-09-15,한전주,02-2091-4083,서울특별시 도봉구청,2017-05-17
10-09-13,1,서울특별시 도봉구 창제2동 674-113,서울특별시 도봉구 창제2동 674-113,127.038221,37.646217,2007-06-14,벽부등,02-2091-4083,서울특별시 도봉구청,2017-05-17
10-11-13,1,서울특별시 도봉구 창제2동 608-68,서울특별시 도봉구 창제2동 608-68,127.037816,37.644765,2008-01-01,벽부등,02-2091-4083,서울특별시 도봉구청,2017-05-17
10-27-13,1,서울특별시 도봉구 창제2동 628-10,서울특별시 도봉구 창제2동 628-10,127.034985,37.644468,2007-01-12,한전주,02-2091-4083,서울특별시 도봉구청,2017-05-17
10-07-13,1,서울특별시 도봉구 창제2동 산137-48,서울특별시 도봉구 창제2동 산137-48,127.040983,37.644916,2014-06-12,전용주,02-2091-4083,서울특별시 도봉구청,2017-05-17
15-28-20,1,서울특별시 도봉구 도봉로154가길 17,서울특별시 도봉구 도봉제2동 623-24,127.045351,37.671988,2008-01-01,한전주,02-2091-4083,서울특별시 도봉구청,2017-05-17
15-06-20,1,서울특별시 도봉구 도봉제2동 625-60,서울특별시 도봉구 도봉제2동 625-60,127.046397,37.675344,2008-01-01,한전주,02-2091-4083,서울특별시 도봉구청,2017-05-17
15-29-20,1,서울특별시 도봉구 도봉제2동 622-22,서울특별시 도봉구 도봉제2동 622-22,127.044816,37.670466,2008-01-01,한전주,02-2091-4083,서울특별시 도봉구청,2017-05-17
15-09-20,1,서울특별시 도봉구 도봉로156길 31,서울특별시 도봉구 도봉제2동 624-81,127.046217,37.672685,2015-07-06,독립주,02-2091-4083,서울특별시 도봉구청,2017-05-17
15-03-20,1,서울특별시 도봉구 도봉제2동 92-47,서울특별시 도봉구 도봉제2동 92-47,127.045413,37.678004,2008-01-01,벽부등,02-2091-4083,서울특별시 도봉구청,2017-05-17
15-10-20,1,서울특별시 도봉구 도봉제2동 95-51,서울특별시 도봉구 도봉제2동 95-51,127.047231,37.673181,2008-01-01,벽부등,02-2091-4083,서울특별시 도봉구청,2017-05-17
05-24-08,1,서울특별시 도봉구 도봉로146길 36,서울특별시 도봉구 방학제1동 713-38,127.044779,37.663944,2008-01-01,한전주,02-2091-4083,서울특별시 도봉구청,2017-05-17
05-15-08,1,서울특별시 도봉구 도봉로145길 98-2,서울특별시 도봉구 방학제1동 700-4,127.037464,37.665452,2008-01-01,전용주,02-2091-4083,서울특별시 도봉구청,2017-05-17
05-06-08,1,서울특별시 도봉구 방학로2가길 6,서울특별시 도봉구 방학제1동 684-48,127.040666,37.665694,2006-09-25,벽부등,02-2091-4083,서울특별시 도봉구청,2017-05-17
05-02-08,1,서울특별시 도봉구 방학제1동 647-29,서울특별시 도봉구 방학제1동 647-29,127.040345,37.66844,2008-01-01,벽부등,02-2091-4083,서울특별시 도봉구청,2017-05-17
05-10-08,1,서울특별시 도봉구 방학제1동 683-49,서울특별시 도봉구 방학제1동 683-49,127.04109,37.665858,2007-06-20,한전주,02-2091-4083,서울특별시 도봉구청,2017-05-17
05-01-08,2,서울특별시 도봉구 도당로13라길 123,서울특별시 도봉구 방학제1동 646-22,127.040113,37.669387,2008-01-01,한전주,02-2091-4083,서울특별시 도봉구청,2017-05-17
05-17-08,1,서울특별시 도봉구 도당로 66-9,서울특별시 도봉구 방학제1동 695-11,127.035478,37.663913,2007-12-17,한전주,02-2091-4083,서울특별시 도봉구청,2017-05-17
05-05-08,1,서울특별시 도봉구 방학제1동 649-25,서울특별시 도봉구 방학제1동 649-25,127.041636,37.667984,2008-01-01,벽부등,02-2091-4083,서울특별시 도봉구청,2017-05-17
05-04-08,1,서울특별시 도봉구 방학제1동 653-15,서울특별시 도봉구 방학제1동 653-15,127.042777,37.669403,2007-01-12,벽부등,02-2091-4083,서울특별시 도봉구청,2017-05-17
05-03-08,1,서울특별시 도봉구 방학제1동 658-20,서울특별시 도봉구 방학제1동 658-20,127.039764,37.667658,2006-06-16,벽부등,02-2091-4083,서울특별시 도봉구청,2017-05-17
05-09-08,1,서울특별시 도봉구 방학제1동 702-7,서울특별시 도봉구 방학제1동 702-7,127.041504,37.666822,2008-01-01,벽부등,02-2091-4083,서울특별시 도봉구청,2017-05-17
05-22-08,1,서울특별시 도봉구 방학제1동,서울특별시 도봉구 방학제1동,127.044088,37.667382,2012-05-10,한전주,02-2091-4083,서울특별시 도봉구청,2017-05-17
05-07-08,1,서울특별시 도봉구 도당로 124-11,서울특별시 도봉구 방학제1동 701-41,127.040153,37.666853,2008-01-01,한전주,02-2091-4083,서울특별시 도봉구청,2017-05-17
05-20-08,1,서울특별시 도봉구 방학로5길 9-32,서울특별시 도봉구 방학제1동 674-8,127.038851,37.662207,2008-01-01,벽부등,02-2091-4083,서울특별시 도봉구청,2017-05-17
05-08-08,1,서울특별시 도봉구 방학제1동 685-33,서울특별시 도봉구 방학제1동 685-33,127.040105,37.665511,2008-01-01,벽부등,02-2091-4083,서울특별시 도봉구청,2017-05-17
05-16-08,1,서울특별시 도봉구 방학로6가길 8,서울특별시 도봉구 방학제1동 697-10,127.036914,37.664586,2008-01-01,한전주,02-2091-4083,서울특별시 도봉구청,2017-05-17
05-11-09,1,서울특별시 도봉구 방학제1동 681-22,서울특별시 도봉구 방학제1동 681-22,127.041562,37.664136,2008-01-01,벽부등,02-2091-4083,서울특별시 도봉구청,2017-05-17
05-07-09,1,서울특별시 도봉구 방학제1동 701-35,서울특별시 도봉구 방학제1동 701-35,127.040476,37.666175,2008-01-01,한전주,02-2091-4083,서울특별시 도봉구청,2017-05-17
05-13-09,1,서울특별시 도봉구 방학로 126-21,서울특별시 도봉구 방학제1동 690-21,127.038074,37.664059,2008-01-01,한전주,02-2091-4083,서울특별시 도봉구청,2017-05-17
05-06-09,1,서울특별시 도봉구 방학로2길 85,서울특별시 도봉구 방학제1동 701-38,127.040678,37.666693,2006-11-23,한전주,02-2091-4083,서울특별시 도봉구청,2017-05-17
05-22-09,1,서울특별시 도봉구 도봉로150가길 23,서울특별시 도봉구 방학제1동 705-37,127.044101,37.667187,2008-01-01,한전주,02-2091-4083,서울특별시 도봉구청,2017-05-17
05-18-09,1,서울특별시 도봉구 방학제1동 673-31,서울특별시 도봉구 방학제1동 673-31,127.038523,37.662423,2008-01-01,벽부등,02-2091-4083,서울특별시 도봉구청,2017-05-17
05-10-09,1,서울특별시 도봉구 방학제1동 683-48,서울특별시 도봉구 방학제1동 683-48,127.040973,37.665864,2008-03-12,한전주,02-2091-4083,서울특별시 도봉구청,2017-05-17
05-25-09,1,서울특별시 도봉구 마들로 584,서울특별시 도봉구 방학제1동 724-16,127.046909,37.662078,2008-01-01,한전주,02-2091-4083,서울특별시 도봉구청,2017-05-17
05-16-09,1,서울특별시 도봉구 방학제1동 697-9,서울특별시 도봉구 방학제1동 697-9,127.036989,37.664474,2008-01-01,벽부등,02-2091-4083,서울특별시 도봉구청,2017-05-17
05-08-09,1,서울특별시 도봉구 방학로2가길 15,서울특별시 도봉구 방학제1동 685-26,127.040054,37.665639,2008-01-01,벽부등,02-2091-4083,서울특별시 도봉구청,2017-05-17
05-04-09,1,서울특별시 도봉구 도당로31길 47-6,서울특별시 도봉구 방학제1동 652-11,127.04237,37.669454,2007-01-12,한전주,02-2091-4083,서울특별시 도봉구청,2017-05-17
05-20-09,1,서울특별시 도봉구 도봉로143길 58,서울특별시 도봉구 방학제1동 674-15,127.038885,37.661946,2008-01-01,벽부등,02-2091-4083,서울특별시 도봉구청,2017-05-17
05-09-09,1,서울특별시 도봉구 도당로 138-8,서울특별시 도봉구 방학제1동 702-4,127.041669,37.666883,2008-01-01,벽부등,02-2091-4083,서울특별시 도봉구청,2017-05-17
05-12-09,1,서울특별시 도봉구 방학제1동 689-31,서울특별시 도봉구 방학제1동 689-31,127.039809,37.663085,2008-01-01,한전주,02-2091-4083,서울특별시 도봉구청,2017-05-17
05-17-09,1,서울특별시 도봉구 방학제1동 693-34,서울특별시 도봉구 방학제1동 693-34,127.035696,37.663829,2007-04-11,벽부등,02-2091-4083,서울특별시 도봉구청,2017-05-17
05-15-09,1,서울특별시 도봉구 방학제1동 700-8,서울특별시 도봉구 방학제1동 700-8,127.03762,37.665615,2008-01-01,벽부등,02-2091-4083,서울특별시 도봉구청,2017-05-17
05-24-09,1,서울특별시 도봉구 방학제1동 713-27,서울특별시 도봉구 방학제1동 713-27,127.046093,37.663273,2007-03-08,한전주,02-2091-4083,서울특별시 도봉구청,2017-05-17
05-05-09,1,서울특별시 도봉구 방학제1동 649-26,서울특별시 도봉구 방학제1동 649-26,127.041703,37.668098,2008-01-01,벽부등,02-2091-4083,서울특별시 도봉구청,2017-05-17
14-18-27,1,서울특별시 도봉구 도봉제1동 427-65,서울특별시 도봉구 도봉제1동 427-65,127.039212,37.679099,2007-08-28,한전주,02-2091-4083,서울특별시 도봉구청,2017-05-17
14-21-27,1,서울특별시 도봉구 도봉제1동 596-12,서울특별시 도봉구 도봉제1동 596-12,127.044364,37.677706,2008-01-01,벽부등,02-2091-4083,서울특별시 도봉구청,2017-05-17
14-06-27,1,서울특별시 도봉구 도봉제1동 560-10,서울특별시 도봉구 도봉제1동 560-10,127.045575,37.685593,2008-01-01,벽부등,02-2091-4083,서울특별시 도봉구청,2017-05-17
14-07-27,1,서울특별시 도봉구 도봉제1동 568-32,서울특별시 도봉구 도봉제1동 568-32,127.044973,37.684224,2008-01-01,벽부등,02-2091-4083,서울특별시 도봉구청,2017-05-17
14-01-27,2,서울특별시 도봉구 도봉로191길 100-38,서울특별시 도봉구 도봉제1동 287-5,127.041269,37.689398,2014-04-15,한전주,02-2091-4083,서울특별시 도봉구청,2017-05-17
14-22-27,1,서울특별시 도봉구 도봉제1동 599-25,서울특별시 도봉구 도봉제1동 599-25,127.042752,37.675533,2008-02-16,벽부등,02-2091-4083,서울특별시 도봉구청,2017-05-17
14-11-27,1,서울특별시 도봉구 도봉로169가길 48,서울특별시 도봉구 도봉제1동 580-6,127.043611,37.68163,2008-01-01,벽부등,02-2091-4083,서울특별시 도봉구청,2017-05-17
14-28-28,1,서울특별시 도봉구 도봉로153길58-2,서울특별시 도봉구 도봉제1동 610-9,127.039822,37.669941,2013-03-18,한전주,02-2091-4083,서울특별시 도봉구청,2017-05-17
14-08-28,1,서울특별시 도봉구 도봉제1동 565-19,서울특별시 도봉구 도봉제1동 565-19,127.044564,37.683183,2008-04-14,한전주,02-2091-4083,서울특별시 도봉구청,2017-05-17
14-05-28,1,서울특별시 도봉구 도봉산1길 8-5,서울특별시 도봉구 도봉제1동 557-13,127.044736,37.686838,2008-01-01,벽부등,02-2091-4083,서울특별시 도봉구청,2017-05-17
14-21-28,1,서울특별시 도봉구 도봉로165길 16,서울특별시 도봉구 도봉제1동 596-8,127.044089,37.67727,2006-08-31,한전주,02-2091-4083,서울특별시 도봉구청,2017-05-17
14-11-28,1,서울특별시 도봉구 도봉로169가길 48,서울특별시 도봉구 도봉제1동 580-6,127.043593,37.681826,2008-01-01,벽부등,02-2091-4083,서울특별시 도봉구청,2017-05-17
14-07-28,1,서울특별시 도봉구 도봉제1동 562-22,서울특별시 도봉구 도봉제1동 562-22,127.045077,37.68283,2008-01-01,벽부등,02-2091-4083,서울특별시 도봉구청,2017-05-17
14-19-28,1,서울특별시 도봉구 도봉로169길 279,서울특별시 도봉구 도봉제1동 산91-4,127.031343,37.676805,2008-01-01,한전주,02-2091-4083,서울특별시 도봉구청,2017-05-17
14-22-28,1,서울특별시 도봉구 도봉제1동 599-20,서울특별시 도봉구 도봉제1동 599-20,127.042602,37.675631,2006-11-03,한전주,02-2091-4083,서울특별시 도봉구청,2017-05-17
14-09-28,1,서울특별시 도봉구 도봉제1동 576-12,서울특별시 도봉구 도봉제1동 576-12,127.042928,37.684053,2008-01-01,벽부등,02-2091-4083,서울특별시 도봉구청,2017-05-17
14-18-28,2,서울특별시 도봉구 도봉제1동 429-1,서울특별시 도봉구 도봉제1동 429-1,127.038934,37.679042,2008-01-01,한전주,02-2091-4083,서울특별시 도봉구청,2017-05-17
14-01-28,1,서울특별시 도봉구 도봉제1동 287-4,서울특별시 도봉구 도봉제1동 287-4,127.041142,37.688937,2007-08-20,한전주,02-2091-4083,서울특별시 도봉구청,2017-05-17
14-04-28,1,서울특별시 도봉구 도봉로187길 57,서울특별시 도봉구 도봉제1동 556-86,127.042729,37.686091,2008-01-01,한전주,02-2091-4083,서울특별시 도봉구청,2017-05-17
14-27-28,1,서울특별시 도봉구 도봉제1동 611-26,서울특별시 도봉구 도봉제1동 611-26,127.041698,37.669979,2008-01-01,한전주,02-2091-4083,서울특별시 도봉구청,2017-05-17
14-22-29,1,서울특별시 도봉구 도봉제1동 산104-10,서울특별시 도봉구 도봉제1동 산104-10,127.042394,37.675552,2008-01-01,전용주,02-2091-4083,서울특별시 도봉구청,2017-05-17
14-09-29,1,서울특별시 도봉구 도봉제1동 576-13,서울특별시 도봉구 도봉제1동 576-13,127.043181,37.683954,2008-01-01,한전주,02-2091-4083,서울특별시 도봉구청,2017-05-17
14-15-29,1,서울특별시 도봉구 도봉로169나길 18-4,서울특별시 도봉구 도봉제1동 594-18,127.043337,37.678855,2008-01-01,한전주,02-2091-4083,서울특별시 도봉구청,2017-05-17
14-07-29,1,서울특별시 도봉구 도봉제1동 568-44,서울특별시 도봉구 도봉제1동 568-44,127.044163,37.684618,2008-01-01,벽부등,02-2091-4083,서울특별시 도봉구청,2017-05-17
14-02-29,1,서울특별시 도봉구 도봉로181길 136,서울특별시 도봉구 도봉제1동 554-28,127.039526,37.686707,2008-01-01,한전주,02-2091-4083,서울특별시 도봉구청,2017-05-17
14-01-29,1,서울특별시 도봉구 도봉제1동 287-4,서울특별시 도봉구 도봉제1동 287-4,127.041077,37.68881,2007-09-28,전용주,02-2091-4083,서울특별시 도봉구청,2017-05-17
14-06-29,1,서울특별시 도봉구 도봉로187길 27,서울특별시 도봉구 도봉제1동 570-7,127.044452,37.685748,2008-01-01,벽부등,02-2091-4083,서울특별시 도봉구청,2017-05-17
14-04-29,1,서울특별시 도봉구 도봉제1동 574-31,서울특별시 도봉구 도봉제1동 574-31,127.043344,37.684895,2008-01-01,벽부등,02-2091-4083,서울특별시 도봉구청,2017-05-17
14-28-29,1,서울특별시 도봉구 도봉제1동 612-38,서울특별시 도봉구 도봉제1동 612-38,127.041333,37.670757,2008-01-01,벽부등,02-2091-4083,서울특별시 도봉구청,2017-05-17
14-11-29,1,서울특별시 도봉구 도봉제1동 580-6,서울특별시 도봉구 도봉제1동 580-6,127.043583,37.681936,2008-01-01,벽부등,02-2091-4083,서울특별시 도봉구청,2017-05-17
14-27-29,1,서울특별시 도봉구 도당로27길 74,서울특별시 도봉구 도봉제1동 611,127.041028,37.67053,2015-09-15,전용주,02-2091-4083,서울특별시 도봉구청,2017-05-17
14-08-29,1,서울특별시 도봉구 도봉제1동 565-12,서울특별시 도봉구 도봉제1동 565-12,127.044744,37.683384,2006-10-20,벽부등,02-2091-4083,서울특별시 도봉구청,2017-05-17
14-25-29,1,서울특별시 도봉구 시루봉로23나길 1,서울특별시 도봉구 도봉제1동 607-8,127.04033,37.672577,2008-01-01,한전주,02-2091-4083,서울특별시 도봉구청,2017-05-17
14-19-29,1,서울특별시 도봉구 도봉제1동 산91-4,서울특별시 도봉구 도봉제1동 산91-4,127.031732,37.676636,2008-01-01,한전주,02-2091-4083,서울특별시 도봉구청,2017-05-17
14-01-77,1,서울특별시 도봉구 도봉로191가길28,서울특별시 도봉구 도봉제1동 352-16,127.040242,37.691201,2013-09-10,한전주,02-2091-4083,서울특별시 도봉구청,2017-05-17
14-02-77,1,서울특별시 도봉구 도봉제1동 279-16,서울특별시 도봉구 도봉제1동 279-16,127.044307,37.68765,2008-01-01,한전주,02-2091-4083,서울특별시 도봉구청,2017-05-17
14-19-77,1,서울특별시 도봉구 도봉로169라길,서울특별시 도봉구 도봉제1동 484,127.033341,37.678106,2017-02-08,전용주,02-2091-4083,서울특별시 도봉구청,2017-05-17
14-02-78,1,서울특별시 도봉구 도봉제1동 293-2,서울특별시 도봉구 도봉제1동 293-2,127.044258,37.687952,2008-01-01,한전주,02-2091-4083,서울특별시 도봉구청,2017-05-17
14-01-78,1,서울특별시 도봉구 도봉로191길 80,서울특별시 도봉구 도봉제1동 351,127.040935,37.690542,2014-04-15,벽부등,02-2091-4083,서울특별시 도봉구청,2017-05-17
14-18-78,1,서울특별시 도봉구 도봉제1동 425-1,서울특별시 도봉구 도봉제1동 425-1,127.038931,37.679748,2008-01-01,벽부등,02-2091-4083,서울특별시 도봉구청,2017-05-17
14-02-79,1,서울특별시 도봉구 도봉산4길 28-20,서울특별시 도봉구 도봉제1동 288-2,127.043748,37.688784,2016-12-02,벽부등,02-2091-4083,서울특별시 도봉구청,2017-05-17
14-18-79,1,서울특별시 도봉구 도봉제1동 429-12,서울특별시 도봉구 도봉제1동 429-12,127.038132,37.678707,2006-09-29,한전주,02-2091-4083,서울특별시 도봉구청,2017-05-17
14-18-80,1,서울특별시 도봉구 도봉제1동 431-5,서울특별시 도봉구 도봉제1동 431-5,127.036042,37.679521,2008-01-01,한전주,02-2091-4083,서울특별시 도봉구청,2017-05-17
14-19-80,1,서울특별시 도봉구 도봉제1동,서울특별시 도봉구 도봉제1동,127.039422,37.678958,2012-05-08,한전주,02-2091-4083,서울특별시 도봉구청,2017-05-17
14-02-81,1,서울특별시 도봉구 도봉산4나길 37,서울특별시 도봉구 도봉제1동 288-13,127.044306,37.688396,2008-01-01,한전주,02-2091-4083,서울특별시 도봉구청,2017-05-17
14-19-81,1,서울특별시 도봉구 도봉제1동 427-84,서울특별시 도봉구 도봉제1동 427-84,127.019324,37.674508,2008-01-01,한전주,02-2091-4083,서울특별시 도봉구청,2017-05-17
14-18-81,1,서울특별시 도봉구 도봉제1동 431-5,서울특별시 도봉구 도봉제1동 431-5,127.035802,37.679761,2008-01-01,벽부등,02-2091-4083,서울특별시 도봉구청,2017-05-17
14-02-82,1,서울특별시 도봉구 도봉제1동 288-10,서울특별시 도봉구 도봉제1동 288-10,127.044477,37.688622,2008-01-01,한전주,02-2091-4083,서울특별시 도봉구청,2017-05-17
09-07-32,1,서울특별시 도봉구 창제1동 667-44,서울특별시 도봉구 창제1동 667-44,127.037664,37.647957,2008-01-01,한전주,02-2091-4083,서울특별시 도봉구청,2017-05-17
09-10-32,1,서울특별시 도봉구 창제1동 661-10,서울특별시 도봉구 창제1동 661-10,127.036244,37.649513,2008-01-01,한전주,02-2091-4083,서울특별시 도봉구청,2017-05-17
09-10-33,1,서울특별시 도봉구 노해로 282,서울특별시 도봉구 창제1동 694-1,127.039398,37.651318,2015-12-21,전용주,02-2091-4083,서울특별시 도봉구청,2017-05-17
09-07-33,1,서울특별시 도봉구 창제1동 667-129,서울특별시 도봉구 창제1동 667-129,127.038001,37.647772,2010-04-16,벽부등,02-2091-4083,서울특별시 도봉구청,2017-05-17
09-07-34,1,서울특별시 도봉구 창제1동 667-124,서울특별시 도봉구 창제1동 667-124,127.038016,37.647679,2010-04-16,벽부등,02-2091-4083,서울특별시 도봉구청,2017-05-17
09-10-34,1,서울특별시 도봉구 노해로 282,서울특별시 도봉구 창제1동 694-1,127.039418,37.651141,2015-12-21,전용주,02-2091-4083,서울특별시 도봉구청,2017-05-17
09-07-35,1,서울특별시 도봉구 노해로62길,서울특별시 도봉구 창제1동 665-20,127.038484,37.648293,2014-02-28,한전주,02-2091-4083,서울특별시 도봉구청,2017-05-17
12-01-16,1,서울특별시 도봉구 창제1동 녹천역2번출구,서울특별시 도봉구 창제1동 녹천역2번출구,127.05118,37.645783,2014-03-11,벽부등,02-2091-4083,서울특별시 도봉구청,2017-05-17
06-09-24,1,서울특별시 도봉구 도봉로108길89-4,서울특별시 도봉구 창제2동 674-60,127.038954,37.645933,2013-05-20,벽부등,02-2091-4083,서울특별시 도봉구청,2017-05-17
10-11-01,1,서울특별시 도봉구 창제2동 608-31,서울특별시 도봉구 창제2동 608-31,127.038819,37.644477,2005-07-27,한전주,02-2091-4083,서울특별시 도봉구청,2017-05-17
10-26-01,1,서울특별시 도봉구 창제2동 621-39,서울특별시 도봉구 창제2동 621-39,127.035725,37.645909,2007-09-03,한전주,02-2091-4083,서울특별시 도봉구청,2017-05-17
10-17-01,1,서울특별시 도봉구 창제2동 582-6,서울특별시 도봉구 창제2동 582-6,127.036813,37.640807,2008-01-01,한전주,02-2091-4083,서울특별시 도봉구청,2017-05-17
10-27-01,1,서울특별시 도봉구 창제2동 650-44,서울특별시 도봉구 창제2동 650-44,127.032896,37.645071,2008-01-01,한전주,02-2091-4083,서울특별시 도봉구청,2017-05-17
10-09-01,1,서울특별시 도봉구 창제2동 674-41,서울특별시 도봉구 창제2동 674-41,127.039876,37.646517,2008-01-01,벽부등,02-2091-4083,서울특별시 도봉구청,2017-05-17
10-23-01,1,서울특별시 도봉구 창제2동 630-23,서울특별시 도봉구 창제2동 630-23,127.035551,37.642634,2008-01-01,한전주,02-2091-4083,서울특별시 도봉구청,2017-05-17
10-21-01,1,서울특별시 도봉구 창제2동 632-29,서울특별시 도봉구 창제2동 632-29,127.034884,37.640517,2006-08-25,벽부등,02-2091-4083,서울특별시 도봉구청,2017-05-17
10-24-01,1,서울특별시 도봉구 도봉로104길 75,서울특별시 도봉구 창제2동 623-54,127.036201,37.643458,2008-01-01,전용주,02-2091-4083,서울특별시 도봉구청,2017-05-17
10-05-01,1,서울특별시 도봉구 창제2동 601-52,서울특별시 도봉구 창제2동 601-52,127.039377,37.641376,2008-01-01,벽부등,02-2091-4083,서울특별시 도봉구청,2017-05-17
10-08-01,1,서울특별시 도봉구 덕릉로63길 76-31,서울특별시 도봉구 창제2동 674-122,127.040836,37.644907,2007-05-23,한전주,02-2091-4083,서울특별시 도봉구청,2017-05-17
10-19-01,1,서울특별시 도봉구 우이천로 214,서울특별시 도봉구 창제2동 585-117,127.034771,37.638314,2006-07-24,한전주,02-2091-4083,서울특별시 도봉구청,2017-05-17
15-27-20,1,서울특별시 도봉구 도봉동 625-143,서울특별시 도봉구 도봉제2동 625-143,127.044941,37.674607,2008-01-01,한전주,02-2091-4083,서울특별시 도봉구청,2017-05-17
15-02-20,1,서울특별시 도봉구 도봉제2동 65-2,서울특별시 도봉구 도봉제2동 65-2,127.049368,37.683907,2007-08-13,전용주,02-2091-4083,서울특별시 도봉구청,2017-05-17
15-01-21,1,서울특별시 도봉구 도봉제2동 362-2,서울특별시 도봉구 도봉제2동 362-2,127.04556,37.690824,2012-05-22,한전주,02-2091-4083,서울특별시 도봉구청,2017-05-17
15-27-21,1,서울특별시 도봉구 도봉로152가길 114,서울특별시 도봉구 도봉제2동 625-144,127.044967,37.674782,2006-02-14,한전주,02-2091-4083,서울특별시 도봉구청,2017-05-17
15-09-21,1,서울특별시 도봉구 도봉제2동 623-153,서울특별시 도봉구 도봉제2동 623-153,127.04634,37.671296,2006-08-06,한전주,02-2091-4083,서울특별시 도봉구청,2017-05-17
15-29-21,1,서울특별시 도봉구 도봉제2동 622-19,서울특별시 도봉구 도봉제2동 622-19,127.044801,37.670803,2008-01-01,한전주,02-2091-4083,서울특별시 도봉구청,2017-05-17
15-06-21,1,서울특별시 도봉구 도봉제2동 625-62,서울특별시 도봉구 도봉제2동 625-62,127.04622,37.67534,2006-09-08,벽부등,02-2091-4083,서울특별시 도봉구청,2017-05-17
15-02-21,1,서울특별시 도봉구 도봉로180나길 34,서울특별시 도봉구 도봉제2동 79-8,127.04966,37.683928,2008-01-01,한전주,02-2091-4083,서울특별시 도봉구청,2017-05-17
15-28-21,1,서울특별시 도봉구 도봉제2동 623-26,서울특별시 도봉구 도봉제2동 623-26,127.045114,37.672163,2007-05-28,벽부등,02-2091-4083,서울특별시 도봉구청,2017-05-17
15-10-21,1,서울특별시 도봉구 도봉제2동 95-75,서울특별시 도봉구 도봉제2동 95-75,127.04733,37.673253,2008-01-01,벽부등,02-2091-4083,서울특별시 도봉구청,2017-05-17
15-03-21,1,서울특별시 도봉구 도봉제2동 92-48,서울특별시 도봉구 도봉제2동 92-48,127.04547,37.678309,2008-01-01,벽부등,02-2091-4083,서울특별시 도봉구청,2017-05-17
15-29-22,1,서울특별시 도봉구 도봉제2동 622-18,서울특별시 도봉구 도봉제2동 622-18,127.044802,37.671076,2008-01-01,벽부등,02-2091-4083,서울특별시 도봉구청,2017-05-17
15-06-22,1,서울특별시 도봉구 도봉제2동 625-7,서울특별시 도봉구 도봉제2동 625-7,127.046267,37.675523,2008-01-01,벽부등,02-2091-4083,서울특별시 도봉구청,2017-05-17
15-28-22,1,서울특별시 도봉구 도봉로154가길 21,서울특별시 도봉구 도봉제2동 623-22,127.045377,37.672197,2006-11-29,한전주,02-2091-4083,서울특별시 도봉구청,2017-05-17
15-03-22,1,서울특별시 도봉구 도봉제2동 655-4,서울특별시 도봉구 도봉제2동 655-4,127.045604,37.678692,2012-08-22,한전주,02-2091-4083,서울특별시 도봉구청,2017-05-17
15-10-22,1,서울특별시 도봉구 도봉제2동 95-33,서울특별시 도봉구 도봉제2동 95-33,127.047462,37.673231,2008-01-01,벽부등,02-2091-4083,서울특별시 도봉구청,2017-05-17
15-02-22,1,서울특별시 도봉구 도봉제2동 74,서울특별시 도봉구 도봉제2동 74,127.049845,37.683996,2008-01-01,한전주,02-2091-4083,서울특별시 도봉구청,2017-05-17
15-02-23,1,서울특별시 도봉구 도봉로180길 9,서울특별시 도봉구 도봉제2동 58-3,127.046413,37.684283,2014-05-14,벽부등,02-2091-4083,서울특별시 도봉구청,2017-05-17
15-03-23,1,서울특별시 도봉구 도봉제2동 655-3,서울특별시 도봉구 도봉제2동 655-3,127.045703,37.6793,2008-01-01,한전주,02-2091-4083,서울특별시 도봉구청,2017-05-17
15-29-23,1,서울특별시 도봉구 도봉로154길 18-26,서울특별시 도봉구 도봉제2동 622-25,127.045032,37.670034,2008-01-01,벽부등,02-2091-4083,서울특별시 도봉구청,2017-05-17
15-28-23,2,서울특별시 도봉구 도봉로156길 18,서울특별시 도봉구 도봉제2동 623-4,127.045405,37.672455,2008-02-16,한전주,02-2091-4083,서울특별시 도봉구청,2017-05-17
15-06-23,1,서울특별시 도봉구 도봉제2동 625-64,서울특별시 도봉구 도봉제2동 625-64,127.046309,37.675703,2008-01-01,한전주,02-2091-4083,서울특별시 도봉구청,2017-05-17
15-10-23,1,서울특별시 도봉구 도봉제2동 95-33,서울특별시 도봉구 도봉제2동 95-33,127.047573,37.673386,2006-09-05,한전주,02-2091-4083,서울특별시 도봉구청,2017-05-17
15-27-23,1,서울특별시 도봉구 도봉제2동 625-103,서울특별시 도봉구 도봉제2동 625-103,127.045421,37.674641,2006-12-27,벽부등,02-2091-4083,서울특별시 도봉구청,2017-05-17
15-06-24,1,서울특별시 도봉구 도봉제2동 625-67,서울특별시 도봉구 도봉제2동 625-67,127.046424,37.675244,2008-01-01,한전주,02-2091-4083,서울특별시 도봉구청,2017-05-17
15-29-24,1,서울특별시 도봉구 도봉제2동 622-27,서울특별시 도봉구 도봉제2동 622-27,127.045076,37.670399,2008-01-01,벽부등,02-2091-4083,서울특별시 도봉구청,2017-05-17
15-03-24,1,서울특별시 도봉구 도봉제2동 89-106,서울특별시 도봉구 도봉제2동 89-106,127.045605,37.679202,2008-02-20,벽부등,02-2091-4083,서울특별시 도봉구청,2017-05-17
15-02-24,1,서울특별시 도봉구 도봉로180길 9,서울특별시 도봉구 도봉제2동 58-3,127.046413,37.684323,2014-05-14,벽부등,02-2091-4083,서울특별시 도봉구청,2017-05-17
15-27-24,1,서울특별시 도봉구 도봉제2동 625-107,서울특별시 도봉구 도봉제2동 625-107,127.045639,37.674981,2006-03-22,한전주,02-2091-4083,서울특별시 도봉구청,2017-05-17
15-28-24,1,서울특별시 도봉구 도봉로156길 10,서울특별시 도봉구 도봉제2동 623-2,127.044938,37.672708,2008-01-01,한전주,02-2091-4083,서울특별시 도봉구청,2017-05-17
15-10-24,1,서울특별시 도봉구 도봉제2동 95-82,서울특별시 도봉구 도봉제2동 95-82,127.047348,37.673452,2008-01-01,한전주,02-2091-4083,서울특별시 도봉구청,2017-05-17
15-06-25,1,서울특별시 도봉구 도봉제2동 625-8,서울특별시 도봉구 도봉제2동 625-8,127.045995,37.675635,2008-01-01,벽부등,02-2091-4083,서울특별시 도봉구청,2017-05-17
15-29-25,1,서울특별시 도봉구 도봉로154길 18-14,서울특별시 도봉구 도봉제2동 622-39,127.045146,37.670503,2008-01-01,한전주,02-2091-4083,서울특별시 도봉구청,2017-05-17
15-27-25,1,서울특별시 도봉구 도봉제2동 625-115,서울특별시 도봉구 도봉제2동 625-115,127.045899,37.674693,2008-01-01,한전주,02-2091-4083,서울특별시 도봉구청,2017-05-17
05-14-09,1,서울특별시 도봉구 도봉로147길 75,서울특별시 도봉구 방학제1동 698-5,127.038343,37.665309,2008-01-01,한전주,02-2091-4083,서울특별시 도봉구청,2017-05-17
05-21-09,1,서울특별시 도봉구 방학제1동 675-15,서울특별시 도봉구 방학제1동 675-15,127.03923,37.662001,2008-02-18,벽부등,02-2091-4083,서울특별시 도봉구청,2017-05-17
05-02-09,1,서울특별시 도봉구 도당로23길 25,서울특별시 도봉구 방학제1동 647-19,127.04004,37.668569,2008-01-01,한전주,02-2091-4083,서울특별시 도봉구청,2017-05-17
05-03-09,1,서울특별시 도봉구 도당로13가길 98,서울특별시 도봉구 방학제1동 658-23,127.039817,37.667811,2008-04-11,한전주,02-2091-4083,서울특별시 도봉구청,2017-05-17
05-01-09,1,서울특별시 도봉구 방학제1동 646-20,서울특별시 도봉구 방학제1동 646-20,127.040044,37.669304,2008-01-01,벽부등,02-2091-4083,서울특별시 도봉구청,2017-05-17
05-16-10,1,서울특별시 도봉구 방학로6가길 4-5,서울특별시 도봉구 방학제1동 697-8,127.037161,37.664325,2007-08-21,한전주,02-2091-4083,서울특별시 도봉구청,2017-05-17
05-15-10,1,서울특별시 도봉구 방학제1동 700-63,서울특별시 도봉구 방학제1동 700-63,127.037742,37.66549,2006-06-16,벽부등,02-2091-4083,서울특별시 도봉구청,2017-05-17
11-05-16,1,서울특별시 도봉구 덕릉로58길24,서울특별시 도봉구 창제3동 562-20,127.039394,37.638268,2014-07-22,벽부등,02-2091-4083,서울특별시 도봉구청,2017-05-17
11-10-16,1,서울특별시 도봉구 덕릉로60길54,서울특별시 도봉구 창제3동 454-1,127.04064,37.637772,2013-12-16,한전주,02-2091-4083,서울특별시 도봉구청,2017-05-17
11-16-16,1,서울특별시 도봉구 우이천로4다길17,서울특별시 도봉구 창제3동 479-25,127.040842,37.634672,2013-12-13,한전주,02-2091-4083,서울특별시 도봉구청,2017-05-17
11-07-16,1,서울특별시 도봉구 덕릉로62길46,서울특별시 도봉구 창제3동 451-33,127.041876,37.639609,2013-12-16,한전주,02-2091-4083,서울특별시 도봉구청,2017-05-17
11-08-16,1,서울특별시 도봉구 덕릉로60바길 14,서울특별시 도봉구 창제3동 452-67,127.041082,37.638573,2013-12-17,한전주,02-2091-4083,서울특별시 도봉구청,2017-05-17
11-15-16,1,서울특별시 도봉구 우이천로8길42,서울특별시 도봉구 창제3동 477-12,127.040831,37.635537,2013-12-17,한전주,02-2091-4083,서울특별시 도봉구청,2017-05-17
11-02-16,1,서울특별시 도봉구 창제3동 557-49,서울특별시 도봉구 창제3동 557-49,127.039093,37.638159,2006-10-19,벽부등,02-2091-4083,서울특별시 도봉구청,2017-05-17
11-03-16,1,서울특별시 도봉구 창제3동 568-19,서울특별시 도봉구 창제3동 568-19,127.040228,37.640115,2007-09-04,한전주,02-2091-4083,서울특별시 도봉구청,2017-05-17
11-06-16,1,서울특별시 도봉구 창제3동 547-15,서울특별시 도봉구 창제3동 547-15,127.038556,37.636391,2008-01-01,벽부등,02-2091-4083,서울특별시 도봉구청,2017-05-17
11-11-16,1,서울특별시 도봉구 우이천로10길24,서울특별시 도봉구 창제3동 528-43,127.039664,37.63552,2013-12-17,한전주,02-2091-4083,서울특별시 도봉구청,2017-05-17
11-09-16,1,서울특별시 도봉구 덕릉로60나길16,서울특별시 도봉구 창제3동 461,127.041988,37.638429,2013-10-16,한전주,02-2091-4083,서울특별시 도봉구청,2017-05-17
11-14-16,1,서울특별시 도봉구 창제3동 484-28,서울특별시 도봉구 창제3동 484-28,127.041779,37.633712,2006-10-18,한전주,02-2091-4083,서울특별시 도봉구청,2017-05-17
11-17-16,1,서울특별시 도봉구 창제3동 520-3,서울특별시 도봉구 창제3동 520-3,127.039651,37.634308,2008-01-01,벽부등,02-2091-4083,서울특별시 도봉구청,2017-05-17
11-13-16,1,서울특별시 도봉구 덕릉로60길 135-60,서울특별시 도봉구 창제3동 492-46,127.043413,37.634428,2006-05-17,한전주,02-2091-4083,서울특별시 도봉구청,2017-05-17
11-09-17,1,서울특별시 도봉구 덕릉로60자길 14,서울특별시 도봉구 창제3동 461-3,127.041807,37.638429,2013-12-17,한전주,02-2091-4083,서울특별시 도봉구청,2017-05-17
11-03-17,1,서울특별시 도봉구 창제3동 449-86,서울특별시 도봉구 창제3동 449-86,127.040085,37.63987,2008-01-01,벽부등,02-2091-4083,서울특별시 도봉구청,2017-05-17
11-16-17,1,서울특별시 도봉구 우이천로4다길13,서울특별시 도봉구 창제3동 479-27,127.040944,37.634492,2013-12-13,한전주,02-2091-4083,서울특별시 도봉구청,2017-05-17
11-17-17,1,서울특별시 도봉구 우이천로4가길 5-19,서울특별시 도봉구 창제3동 522-21,127.039527,37.634195,2008-01-01,벽부등,02-2091-4083,서울특별시 도봉구청,2017-05-17
11-07-17,1,서울특별시 도봉구 창제3동 448-12,서울특별시 도봉구 창제3동 448-12,127.041674,37.639743,2008-01-01,한전주,02-2091-4083,서울특별시 도봉구청,2017-05-17
11-10-17,1,서울특별시 도봉구 덕릉로60길66,서울특별시 도봉구 창제3동 455-2,127.040798,37.637348,2013-12-16,한전주,02-2091-4083,서울특별시 도봉구청,2017-05-17
11-01-17,1,서울특별시 도봉구 우이천로 178-1,서울특별시 도봉구 창제3동 552-64,127.037795,37.636538,2008-01-01,한전주,02-2091-4083,서울특별시 도봉구청,2017-05-17
11-13-17,1,서울특별시 도봉구 우이천로4라길 11-38,서울특별시 도봉구 창제3동 492-7,127.04356,37.634131,2007-01-30,한전주,02-2091-4083,서울특별시 도봉구청,2017-05-17
11-02-17,1,서울특별시 도봉구 창제3동 557-50,서울특별시 도봉구 창제3동 557-50,127.039027,37.638028,2006-10-19,벽부등,02-2091-4083,서울특별시 도봉구청,2017-05-17
11-06-17,1,서울특별시 도봉구 창제3동 547-3,서울특별시 도봉구 창제3동 547-3,127.03828,37.636328,2008-01-01,한전주,02-2091-4083,서울특별시 도봉구청,2017-05-17
11-08-17,1,서울특별시 도봉구 덕릉로60바길10,서울특별시 도봉구 창제3동 452-45,127.040844,37.638294,2013-12-17,한전주,02-2091-4083,서울특별시 도봉구청,2017-05-17
11-11-17,1,서울특별시 도봉구 우이천로10길20,서울특별시 도봉구 창제3동 528-42,127.039415,37.635411,2013-12-17,한전주,02-2091-4083,서울특별시 도봉구청,2017-05-17
11-14-17,1,서울특별시 도봉구 우이천로4길 38-10,서울특별시 도봉구 창제3동 484-25,127.041736,37.63378,2008-01-01,한전주,02-2091-4083,서울특별시 도봉구청,2017-05-17
14-21-29,1,서울특별시 도봉구 도봉제1동 596-5,서울특별시 도봉구 도봉제1동 596-5,127.043771,37.677288,2008-01-01,한전주,02-2091-4083,서울특별시 도봉구청,2017-05-17
14-02-30,1,서울특별시 도봉구 도봉로181길 132,서울특별시 도봉구 도봉제1동 554-27,127.039645,37.686589,2008-01-01,한전주,02-2091-4083,서울특별시 도봉구청,2017-05-17
14-09-30,1,서울특별시 도봉구 도봉산3길 78-6,서울특별시 도봉구 도봉제1동 576-13,127.043284,37.684081,2008-01-01,한전주,02-2091-4083,서울특별시 도봉구청,2017-05-17
14-27-30,1,서울특별시 도봉구 도당로29길 63-4,서울특별시 도봉구 도봉제1동 611-20,127.042029,37.670188,2008-01-01,벽부등,02-2091-4083,서울특별시 도봉구청,2017-05-17
14-25-30,1,서울특별시 도봉구 도봉제1동 607-10,서울특별시 도봉구 도봉제1동 607-10,127.040187,37.672282,2008-02-16,벽부등,02-2091-4083,서울특별시 도봉구청,2017-05-17
14-04-30,1,서울특별시 도봉구 도봉제1동 556-90,서울특별시 도봉구 도봉제1동 556-90,127.044084,37.687167,2008-01-01,벽부등,02-2091-4083,서울특별시 도봉구청,2017-05-17
14-22-30,1,서울특별시 도봉구 시루봉로23길 97,서울특별시 도봉구 도봉제1동 599-63,127.042666,37.674774,2008-01-01,한전주,02-2091-4083,서울특별시 도봉구청,2017-05-17
14-18-30,1,서울특별시 도봉구 도봉로173다길 9,서울특별시 도봉구 도봉제1동 435-9,127.037862,37.678947,2007-08-17,한전주,02-2091-4083,서울특별시 도봉구청,2017-05-17
14-21-30,1,서울특별시 도봉구 도봉로169나길 47,서울특별시 도봉구 도봉제1동 596-2,127.043756,37.677576,2008-01-01,한전주,02-2091-4083,서울특별시 도봉구청,2017-05-17
14-01-30,1,서울특별시 도봉구 도봉산길 50,서울특별시 도봉구 도봉제1동 287,127.040701,37.688506,2007-09-28,전용주,02-2091-4083,서울특별시 도봉구청,2017-05-17
14-07-30,1,서울특별시 도봉구 도봉제1동 562-31,서울특별시 도봉구 도봉제1동 562-31,127.045437,37.683215,2012-09-14,벽부등,02-2091-4083,서울특별시 도봉구청,2017-05-17
14-15-30,1,서울특별시 도봉구 도봉제1동 594-17,서울특별시 도봉구 도봉제1동 594-17,127.043212,37.678982,2007-11-12,한전주,02-2091-4083,서울특별시 도봉구청,2017-05-17
14-19-30,1,서울특별시 도봉구 도봉제1동 산79,서울특별시 도봉구 도봉제1동 산79,127.032148,37.676567,2006-10-13,한전주,02-2091-4083,서울특별시 도봉구청,2017-05-17
14-22-31,1,서울특별시 도봉구 시루봉로23길 90,서울특별시 도봉구 도봉제1동 604-1,127.042417,37.674531,2008-01-01,한전주,02-2091-4083,서울특별시 도봉구청,2017-05-17
14-04-31,1,서울특별시 도봉구 도봉제1동 574-33,서울특별시 도봉구 도봉제1동 574-33,127.043035,37.684842,2008-01-01,벽부등,02-2091-4083,서울특별시 도봉구청,2017-05-17
14-02-31,1,서울특별시 도봉구 도봉로181길 122,서울특별시 도봉구 도봉제1동 554-22,127.040201,37.686497,2008-01-01,한전주,02-2091-4083,서울특별시 도봉구청,2017-05-17
14-15-31,2,서울특별시 도봉구 도봉로169나길 18-10,서울특별시 도봉구 도봉제1동 594-3,127.042952,37.678847,2006-09-25,한전주,02-2091-4083,서울특별시 도봉구청,2017-05-17
14-09-31,1,서울특별시 도봉구 도봉제1동 576-13,서울특별시 도봉구 도봉제1동 576-13,127.043476,37.683892,2008-01-01,한전주,02-2091-4083,서울특별시 도봉구청,2017-05-17
14-27-31,1,서울특별시 도봉구 도봉제1동 611-1,서울특별시 도봉구 도봉제1동 611-1,127.041488,37.670453,2008-01-01,벽부등,02-2091-4083,서울특별시 도봉구청,2017-05-17
14-06-31,1,서울특별시 도봉구 도봉로183길20-7,서울특별시 도봉구 도봉제1동 569-6,127.044666,37.685273,2013-12-17,독립주,02-2091-4083,서울특별시 도봉구청,2017-05-17
14-18-31,1,서울특별시 도봉구 도봉제1동 435-8,서울특별시 도봉구 도봉제1동 435-8,127.037646,37.678987,2008-01-01,전용주,02-2091-4083,서울특별시 도봉구청,2017-05-17
14-25-31,1,서울특별시 도봉구 시루봉로23길 27,서울특별시 도봉구 도봉제1동 607-31,127.040069,37.672144,2008-01-01,한전주,02-2091-4083,서울특별시 도봉구청,2017-05-17
14-28-31,1,서울특별시 도봉구 도당로19가길 13,서울특별시 도봉구 도봉제1동 609-11,127.040544,37.670513,2007-08-30,한전주,02-2091-4083,서울특별시 도봉구청,2017-05-17
14-21-31,1,서울특별시 도봉구 도봉로169나길 43,서울특별시 도봉구 도봉제1동 596-26,127.043745,37.677801,2008-02-14,한전주,02-2091-4083,서울특별시 도봉구청,2017-05-17
14-19-31,1,서울특별시 도봉구 도봉로169길,서울특별시 도봉구 도봉제1동 463-3,127.032284,37.676426,2007-03-14,한전주,02-2091-4083,서울특별시 도봉구청,2017-05-17
14-01-31,1,서울특별시 도봉구 도봉제1동 산7-1,서울특별시 도봉구 도봉제1동 산7-1,127.040343,37.688143,2007-09-28,전용주,02-2091-4083,서울특별시 도봉구청,2017-05-17
14-27-32,1,서울특별시 도봉구 도당로31길 74,서울특별시 도봉구 도봉제1동 619-33,127.04297,37.670513,2008-01-01,한전주,02-2091-4083,서울특별시 도봉구청,2017-05-17
14-18-32,1,서울특별시 도봉구 도봉제1동 435-1,서울특별시 도봉구 도봉제1동 435-1,127.037634,37.679186,2008-01-01,한전주,02-2091-4083,서울특별시 도봉구청,2017-05-17
04-02-14,1,서울특별시 도봉구 쌍문제4동 137-48,서울특별시 도봉구 쌍문제4동 137-48,127.032237,37.652164,2005-11-09,한전주,02-2091-4083,서울특별시 도봉구청,2017-05-17
04-01-14,1,서울특별시 도봉구 노해로 221,서울특별시 도봉구 쌍문제4동 137-65,127.033009,37.651307,2008-01-01,벽부등,02-2091-4083,서울특별시 도봉구청,2017-05-17
04-17-14,1,서울특별시 도봉구 쌍문제4동 217,서울특별시 도봉구 쌍문제4동 217,127.032727,37.658944,2008-01-01,한전주,02-2091-4083,서울특별시 도봉구청,2017-05-17
04-01-15,1,서울특별시 도봉구 쌍문제4동 137-75,서울특별시 도봉구 쌍문제4동 137-75,127.032358,37.651212,2008-01-01,한전주,02-2091-4083,서울특별시 도봉구청,2017-05-17
04-02-15,1,서울특별시 도봉구 쌍문제4동 137-5,서울특별시 도봉구 쌍문제4동 137-5,127.033275,37.652039,2008-01-01,벽부등,02-2091-4083,서울특별시 도봉구청,2017-05-17
04-02-16,1,서울특별시 도봉구 쌍문제4동 137-46,서울특별시 도봉구 쌍문제4동 137-46,127.032311,37.651729,2008-01-01,벽부등,02-2091-4083,서울특별시 도봉구청,2017-05-17
10-06-01,1,서울특별시 도봉구 창제2동 603-64,서울특별시 도봉구 창제2동 603-64,127.039256,37.642324,2008-01-01,한전주,02-2091-4083,서울특별시 도봉구청,2017-05-17
10-10-01,1,서울특별시 도봉구 창제2동 608-137,서울특별시 도봉구 창제2동 608-137,127.037868,37.645327,2006-06-09,한전주,02-2091-4083,서울특별시 도봉구청,2017-05-17
10-15-01,1,서울특별시 도봉구 창제2동 607-25,서울특별시 도봉구 창제2동 607-25,127.039235,37.643485,2008-01-01,한전주,02-2091-4083,서울특별시 도봉구청,2017-05-17
10-13-01,1,서울특별시 도봉구 도봉로104길 142-5,서울특별시 도봉구 창제2동 608-83,127.039725,37.644673,2008-02-21,한전주,02-2091-4083,서울특별시 도봉구청,2017-05-17
10-16-01,1,서울특별시 도봉구 창제2동 601-68,서울특별시 도봉구 창제2동 601-68,127.038585,37.641118,2007-03-20,벽부등,02-2091-4083,서울특별시 도봉구청,2017-05-17
10-03-01,1,서울특별시 도봉구 창제2동 578-33,서울특별시 도봉구 창제2동 578-33,127.037418,37.638983,2008-01-01,벽부등,02-2091-4083,서울특별시 도봉구청,2017-05-17
10-04-01,2,서울특별시 도봉구 창제2동 581-71,서울특별시 도봉구 창제2동 581-71,127.039061,37.6403,2008-01-01,한전주,02-2091-4083,서울특별시 도봉구청,2017-05-17
10-01-01,1,서울특별시 도봉구 창제2동 553-23,서울특별시 도봉구 창제2동 553-23,127.036221,37.637696,2008-01-01,한전주,02-2091-4083,서울특별시 도봉구청,2017-05-17
10-25-01,1,서울특별시 도봉구 도봉로110아길 6,서울특별시 도봉구 창제2동 621-56,127.037466,37.645943,2008-01-01,한전주,02-2091-4083,서울특별시 도봉구청,2017-05-17
10-07-01,1,서울특별시 도봉구 창제2동 산131,서울특별시 도봉구 창제2동 산131,127.041564,37.644549,2007-05-23,전용주,02-2091-4083,서울특별시 도봉구청,2017-05-17
10-02-01,1,서울특별시 도봉구 창제2동 578-113,서울특별시 도봉구 창제2동 578-113,127.036546,37.639649,2008-01-01,한전주,02-2091-4083,서울특별시 도봉구청,2017-05-17
10-18-01,1,서울특별시 도봉구 창제2동 585-139,서울특별시 도봉구 창제2동 585-139,127.036402,37.639902,2008-01-01,한전주,02-2091-4083,서울특별시 도봉구청,2017-05-17
10-20-01,1,서울특별시 도봉구 창제2동 632-39,서울특별시 도봉구 창제2동 632-39,127.034861,37.641654,2008-01-01,한전주,02-2091-4083,서울특별시 도봉구청,2017-05-17
10-22-01,1,서울특별시 도봉구 창제2동 635-36,서울특별시 도봉구 창제2동 635-36,127.033948,37.641921,2008-01-01,한전주,02-2091-4083,서울특별시 도봉구청,2017-05-17
10-24-02,2,서울특별시 도봉구 도봉로110마길 54,서울특별시 도봉구 창제2동 623-92,127.036552,37.643765,2008-01-01,한전주,02-2091-4083,서울특별시 도봉구청,2017-05-17
10-11-02,1,서울특별시 도봉구 창제2동 608-29,서울특별시 도봉구 창제2동 608-29,127.038683,37.644721,2005-07-27,한전주,02-2091-4083,서울특별시 도봉구청,2017-05-17
10-23-02,1,서울특별시 도봉구 창제2동 630-27,서울특별시 도봉구 창제2동 630-27,127.035908,37.642776,2008-01-01,한전주,02-2091-4083,서울특별시 도봉구청,2017-05-17
10-06-02,1,서울특별시 도봉구 덕릉로59라길 40-6,서울특별시 도봉구 창제2동 603-44,127.039883,37.642241,2008-01-01,벽부등,02-2091-4083,서울특별시 도봉구청,2017-05-17
10-25-02,1,서울특별시 도봉구 도봉로110아길 10,서울특별시 도봉구 창제2동 621-30,127.037483,37.645789,2007-05-29,한전주,02-2091-4083,서울특별시 도봉구청,2017-05-17
10-05-02,1,서울특별시 도봉구 창제2동 603-14,서울특별시 도봉구 창제2동 603-14,127.039272,37.641503,2006-12-05,한전주,02-2091-4083,서울특별시 도봉구청,2017-05-17
10-27-02,1,서울특별시 도봉구 창제2동 650-43,서울특별시 도봉구 창제2동 650-43,127.033279,37.64492,2008-01-01,한전주,02-2091-4083,서울특별시 도봉구청,2017-05-17
10-08-02,1,서울특별시 도봉구 창제2동 674-120,서울특별시 도봉구 창제2동 674-120,127.040609,37.645178,2006-07-29,한전주,02-2091-4083,서울특별시 도봉구청,2017-05-17
10-26-02,1,서울특별시 도봉구 창제2동 621-11,서울특별시 도봉구 창제2동 621-11,127.035744,37.645743,2008-02-16,한전주,02-2091-4083,서울특별시 도봉구청,2017-05-17
10-09-02,1,서울특별시 도봉구 창제2동 674-70,서울특별시 도봉구 창제2동 674-70,127.039995,37.646319,2005-11-18,한전주,02-2091-4083,서울특별시 도봉구청,2017-05-17
10-20-02,1,서울특별시 도봉구 우이천로20길 7,서울특별시 도봉구 창제2동 632-48,127.034727,37.641522,2008-01-01,한전주,02-2091-4083,서울특별시 도봉구청,2017-05-17
10-15-02,1,서울특별시 도봉구 덕릉로59아길 54,서울특별시 도봉구 창제2동 607-27,127.039226,37.643214,2008-01-01,한전주,02-2091-4083,서울특별시 도봉구청,2017-05-17
10-18-02,1,서울특별시 도봉구 덕릉로59바길48,서울특별시 도봉구 창제2동 585-20,127.035735,37.639665,2013-10-16,벽부등,02-2091-4083,서울특별시 도봉구청,2017-05-17
10-07-02,1,서울특별시 도봉구 창제2동 산137-9,서울특별시 도봉구 창제2동 산137-9,127.041278,37.644748,2007-05-23,한전주,02-2091-4083,서울특별시 도봉구청,2017-05-17
10-04-02,1,서울특별시 도봉구 덕릉로59길 15,서울특별시 도봉구 창제2동 581-12,127.038573,37.640544,2015-07-06,벽부등,02-2091-4083,서울특별시 도봉구청,2017-05-17
10-13-02,1,서울특별시 도봉구 창제2동 609-59,서울특별시 도봉구 창제2동 609-59,127.040067,37.644462,2008-01-01,통신주,02-2091-4083,서울특별시 도봉구청,2017-05-17
10-12-02,1,서울특별시 도봉구 창제2동 609-127,서울특별시 도봉구 창제2동 609-127,127.038879,37.644223,2008-01-01,한전주,02-2091-4083,서울특별시 도봉구청,2017-05-17
10-19-02,2,서울특별시 도봉구 창제2동 585-111,서울특별시 도봉구 창제2동 585-111,127.035448,37.638582,2006-06-20,한전주,02-2091-4083,서울특별시 도봉구청,2017-05-17
10-01-02,1,서울특별시 도봉구 우이천로16길 12-3,서울특별시 도봉구 창제2동 553-24,127.036368,37.637332,2008-01-01,한전주,02-2091-4083,서울특별시 도봉구청,2017-05-17
10-03-02,1,서울특별시 도봉구 창제2동 578-42,서울특별시 도봉구 창제2동 578-42,127.037749,37.639135,2006-08-28,벽부등,02-2091-4083,서울특별시 도봉구청,2017-05-17
06-12-06,1,서울특별시 도봉구 방학제2동 628-28,서울특별시 도봉구 방학제2동 628-28,127.035997,37.667921,2008-01-01,벽부등,02-2091-4083,서울특별시 도봉구청,2017-05-17
06-26-06,1,서울특별시 도봉구 방학제2동 632-6,서울특별시 도봉구 방학제2동 632-6,127.033753,37.664999,2008-01-01,벽부등,02-2091-4083,서울특별시 도봉구청,2017-05-17
06-04-06,1,서울특별시 도봉구 방학제2동 660-6,서울특별시 도봉구 방학제2동 660-6,127.037227,37.665965,2008-01-01,벽부등,02-2091-4083,서울특별시 도봉구청,2017-05-17
06-10-06,1,서울특별시 도봉구 방학제2동 386-26,서울특별시 도봉구 방학제2동 386-26,127.033376,37.669741,2008-01-01,한전주,02-2091-4083,서울특별시 도봉구청,2017-05-17
06-22-07,1,서울특별시 도봉구 시루봉로15마길 16,서울특별시 도봉구 방학제2동 611-30,127.031391,37.668198,2008-01-01,한전주,02-2091-4083,서울특별시 도봉구청,2017-05-17
06-18-07,1,서울특별시 도봉구 시루봉로15가길 9,서울특별시 도봉구 방학제2동 616-35,127.032302,37.667354,2008-01-01,한전주,02-2091-4083,서울특별시 도봉구청,2017-05-17
06-06-07,1,서울특별시 도봉구 방학제2동 627-1,서울특별시 도봉구 방학제2동 627-1,127.036759,37.668706,2008-01-01,벽부등,02-2091-4083,서울특별시 도봉구청,2017-05-17
06-13-07,1,서울특별시 도봉구 도당로13나길 40,서울특별시 도봉구 방학제2동 637-44,127.036755,37.666932,2008-01-01,한전주,02-2091-4083,서울특별시 도봉구청,2017-05-17
06-05-07,2,서울특별시 도봉구 도당로17길34,서울특별시 도봉구 방학제2동 641,127.037108,37.667739,2013-09-04,한전주,02-2091-4083,서울특별시 도봉구청,2017-05-17
06-24-07,1,서울특별시 도봉구 방학제2동 343,서울특별시 도봉구 방학제2동 343,127.031488,37.666857,2008-01-01,한전주,02-2091-4083,서울특별시 도봉구청,2017-05-17
06-27-07,2,서울특별시 도봉구 도당로13다길 45,서울특별시 도봉구 방학제2동 316-7,127.032538,37.664321,2008-01-01,한전주,02-2091-4083,서울특별시 도봉구청,2017-05-17
06-19-07,2,서울특별시 도봉구 시루봉로15길 59,서울특별시 도봉구 방학제2동 608-14,127.031,37.66921,2008-01-01,한전주,02-2091-4083,서울특별시 도봉구청,2017-05-17
06-07-07,1,서울특별시 도봉구 도당로13바길 81,서울특별시 도봉구 방학제2동 623-39,127.037537,37.669337,2008-01-01,한전주,02-2091-4083,서울특별시 도봉구청,2017-05-17
06-20-07,1,서울특별시 도봉구 방학제2동 606-4,서울특별시 도봉구 방학제2동 606-4,127.032324,37.669293,2007-09-17,한전주,02-2091-4083,서울특별시 도봉구청,2017-05-17
06-01-07,1,서울특별시 도봉구 방학제2동 624-25,서울특별시 도봉구 방학제2동 624-25,127.038938,37.670441,2008-01-01,한전주,02-2091-4083,서울특별시 도봉구청,2017-05-17
06-04-07,1,서울특별시 도봉구 도당로 93-6,서울특별시 도봉구 방학제2동 660-8,127.037073,37.666109,2008-01-01,벽부등,02-2091-4083,서울특별시 도봉구청,2017-05-17
06-11-07,2,서울특별시 도봉구 시루봉로15나길 15,서울특별시 도봉구 방학제2동 604-35,127.033459,37.668218,2008-01-01,한전주,02-2091-4083,서울특별시 도봉구청,2017-05-17
06-03-07,2,서울특별시 도봉구 도당로13가길 73,서울특별시 도봉구 방학제2동 642-42,127.038655,37.667573,2008-01-01,한전주,02-2091-4083,서울특별시 도봉구청,2017-05-17
06-23-07,1,서울특별시 도봉구 방학제2동 612-24,서울특별시 도봉구 방학제2동 612-24,127.031476,37.667866,2008-01-01,통신주,02-2091-4083,서울특별시 도봉구청,2017-05-17
06-09-07,1,서울특별시 도봉구 시루봉로19길 24,서울특별시 도봉구 방학제2동 384-21,127.034653,37.669093,2008-01-01,한전주,02-2091-4083,서울특별시 도봉구청,2017-05-17
06-14-07,1,서울특별시 도봉구 도당로13길 34-9,서울특별시 도봉구 방학제2동 635-31,127.03507,37.666428,2008-01-01,한전주,02-2091-4083,서울특별시 도봉구청,2017-05-17
06-02-07,1,서울특별시 도봉구 방학제2동 644-40,서울특별시 도봉구 방학제2동 644-40,127.03838,37.668796,2008-01-01,벽부등,02-2091-4083,서울특별시 도봉구청,2017-05-17
06-08-07,1,서울특별시 도봉구 방학제2동 622-6,서울특별시 도봉구 방학제2동 622-6,127.036559,37.66917,2007-08-21,벽부등,02-2091-4083,서울특별시 도봉구청,2017-05-17
06-25-07,1,서울특별시 도봉구 방학제2동 631,서울특별시 도봉구 방학제2동 631,127.032402,37.665895,2008-01-01,통신주,02-2091-4083,서울특별시 도봉구청,2017-05-17
06-28-07,1,서울특별시 도봉구 방학제2동 665-23,서울특별시 도봉구 방학제2동 665-23,127.034148,37.662843,2007-12-01,벽부등,02-2091-4083,서울특별시 도봉구청,2017-05-17
06-10-07,2,서울특별시 도봉구 시루봉로15라길 38-39,서울특별시 도봉구 방학제2동 386-23,127.033389,37.670114,2006-10-20,한전주,02-2091-4083,서울특별시 도봉구청,2017-05-17
06-17-07,1,서울특별시 도봉구 도당로13다길 3,서울특별시 도봉구 방학제2동 632-43,127.034068,37.666317,2006-11-17,한전주,02-2091-4083,서울특별시 도봉구청,2017-05-17
06-21-07,1,서울특별시 도봉구 방학제2동 398-24,서울특별시 도봉구 방학제2동 398-24,127.031117,37.669708,2007-07-06,벽부등,02-2091-4083,서울특별시 도봉구청,2017-05-17
06-16-07,1,서울특별시 도봉구 방학로10길 67,서울특별시 도봉구 방학제2동 632-83,127.034662,37.664921,2008-01-01,한전주,02-2091-4083,서울특별시 도봉구청,2017-05-17
06-26-07,1,서울특별시 도봉구 방학제2동 632-1,서울특별시 도봉구 방학제2동 632-1,127.034029,37.664747,2007-03-26,한전주,02-2091-4083,서울특별시 도봉구청,2017-05-17
06-12-07,1,서울특별시 도봉구 방학제2동 628-29,서울특별시 도봉구 방학제2동 628-29,127.035898,37.667854,2008-01-01,벽부등,02-2091-4083,서울특별시 도봉구청,2017-05-17
06-15-07,1,서울특별시 도봉구 방학로10길 54,서울특별시 도봉구 방학제2동 663-5,127.034422,37.664441,2007-10-10,한전주,02-2091-4083,서울특별시 도봉구청,2017-05-17
06-07-08,1,서울특별시 도봉구 방학제2동 626,서울특별시 도봉구 방학제2동 626,127.037779,37.669149,2008-01-01,벽부등,02-2091-4083,서울특별시 도봉구청,2017-05-17
06-03-08,1,서울특별시 도봉구 도당로13가길 69-6,서울특별시 도봉구 방학제2동 642-40,127.038376,37.66783,2008-01-01,한전주,02-2091-4083,서울특별시 도봉구청,2017-05-17
07-16-20,1,서울특별시 도봉구 시루봉로 149-19,서울특별시 도봉구 방학제3동 430,127.027756,37.664913,2008-01-01,한전주,02-2091-4083,서울특별시 도봉구청,2017-05-17
07-16-21,1,서울특별시 도봉구 시루봉로149-18,서울특별시 도봉구 방학제3동 428,127.027666,37.665012,2008-01-01,한전주,02-2091-4083,서울특별시 도봉구청,2017-05-17
07-22-21,1,서울특별시 도봉구 방학로17길 22,서울특별시 도봉구 방학제3동 산76,127.023403,37.661427,2007-09-24,한전주,02-2091-4083,서울특별시 도봉구청,2017-05-17
07-16-22,1,서울특별시 도봉구 방학제3동 421,서울특별시 도봉구 방학제3동 421,127.027484,37.665237,2014-04-02,전용주,02-2091-4083,서울특별시 도봉구청,2017-05-17
07-22-22,1,서울특별시 도봉구 방학로17길 11,서울특별시 도봉구 방학제3동 471-1,127.023686,37.661328,2007-09-25,한전주,02-2091-4083,서울특별시 도봉구청,2017-05-17
07-16-23,1,서울특별시 도봉구 방학제3동 산60-8,서울특별시 도봉구 방학제3동 산60-8,127.027473,37.665544,2014-04-02,전용주,02-2091-4083,서울특별시 도봉구청,2017-05-17
07-22-23,1,서울특별시 도봉구 방학제3동 566-1,서울특별시 도봉구 방학제3동 566-1,127.023248,37.661289,2007-09-26,한전주,02-2091-4083,서울특별시 도봉구청,2017-05-17
07-16-24,1,서울특별시 도봉구 방학제3동 산58-7,서울특별시 도봉구 방학제3동 산58-7,127.027439,37.665814,2014-04-02,전용주,02-2091-4083,서울특별시 도봉구청,2017-05-17
07-22-24,1,서울특별시 도봉구 방학제3동 565,서울특별시 도봉구 방학제3동 565,127.023172,37.661175,2007-09-27,한전주,02-2091-4083,서울특별시 도봉구청,2017-05-17
07-22-25,1,서울특별시 도봉구 방학제3동 565-20,서울특별시 도봉구 방학제3동 565-20,127.023379,37.660938,2007-09-28,한전주,02-2091-4083,서울특별시 도봉구청,2017-05-17
07-16-25,1,서울특별시 도봉구 방학제3동 산60-1,서울특별시 도봉구 방학제3동 산60-1,127.027282,37.666048,2007-04-03,전용주,02-2091-4083,서울특별시 도봉구청,2017-05-17
07-22-26,1,서울특별시 도봉구 방학제3동 565-15,서울특별시 도봉구 방학제3동 565-15,127.023438,37.660695,2007-09-29,전용주,02-2091-4083,서울특별시 도봉구청,2017-05-17
07-16-26,1,서울특별시 도봉구 방학제3동 산60-1,서울특별시 도봉구 방학제3동 산60-1,127.027122,37.666193,2014-04-02,전용주,02-2091-4083,서울특별시 도봉구청,2017-05-17
07-16-27,1,서울특별시 도봉구 방학제3동 산58-6,서울특별시 도봉구 방학제3동 산58-6,127.02702,37.666373,2014-04-02,전용주,02-2091-4083,서울특별시 도봉구청,2017-05-17
07-22-27,1,서울특별시 도봉구 방학제3동 564,서울특별시 도봉구 방학제3동 564,127.022965,37.661132,2007-09-30,전용주,02-2091-4083,서울특별시 도봉구청,2017-05-17
07-16-28,1,서울특별시 도봉구 방학제3동 산58-6,서울특별시 도봉구 방학제3동 산58-6,127.026884,37.666553,2014-04-02,전용주,02-2091-4083,서울특별시 도봉구청,2017-05-17
07-22-28,1,서울특별시 도봉구 방학제3동 570-1,서울특별시 도봉구 방학제3동 570-1,127.022403,37.663142,2007-09-30,한전주,02-2091-4083,서울특별시 도봉구청,2017-05-17
07-22-29,1,서울특별시 도봉구 방학제3동 575-3,서울특별시 도봉구 방학제3동 575-3,127.02244,37.663509,2007-09-30,한전주,02-2091-4083,서울특별시 도봉구청,2017-05-17
07-16-29,1,서울특별시 도봉구 방학제3동 420-1,서울특별시 도봉구 방학제3동 420-1,127.026771,37.666715,2014-04-02,전용주,02-2091-4083,서울특별시 도봉구청,2017-05-17
07-16-30,1,서울특별시 도봉구 방학제3동 310-10,서울특별시 도봉구 방학제3동 310-10,127.030477,37.66557,2008-01-01,전용주,02-2091-4083,서울특별시 도봉구청,2017-05-17
07-22-31,1,서울특별시 도봉구 방학제3동 575-1,서울특별시 도봉구 방학제3동 575-1,127.022221,37.661111,2007-09-30,한전주,02-2091-4083,서울특별시 도봉구청,2017-05-17
07-16-31,1,서울특별시 도봉구 방학제3동 419-1,서울특별시 도봉구 방학제3동 419-1,127.030131,37.665783,2008-01-01,전용주,02-2091-4083,서울특별시 도봉구청,2017-05-17
07-22-32,2,서울특별시 도봉구 방학로17길 45,서울특별시 도봉구 방학제3동 산76,127.02176,37.661247,2007-09-30,한전주,02-2091-4083,서울특별시 도봉구청,2017-05-17
07-16-32,1,서울특별시 도봉구 방학제3동 420-2,서울특별시 도봉구 방학제3동 420-2,127.029873,37.665991,2008-01-01,전용주,02-2091-4083,서울특별시 도봉구청,2017-05-17
07-16-33,1,서울특별시 도봉구 방학제3동 310-2,서울특별시 도봉구 방학제3동 310-2,127.02964,37.666294,2008-01-01,전용주,02-2091-4083,서울특별시 도봉구청,2017-05-17
07-22-33,1,서울특별시 도봉구 방학제3동 562,서울특별시 도봉구 방학제3동 562,127.02177,37.66136,2007-09-30,벽부등,02-2091-4083,서울특별시 도봉구청,2017-05-17
07-16-34,1,서울특별시 도봉구 방학제3동 310-2,서울특별시 도봉구 방학제3동 310-2,127.029472,37.666503,2008-01-01,전용주,02-2091-4083,서울특별시 도봉구청,2017-05-17
07-22-34,1,서울특별시 도봉구 방학제3동 560-6,서울특별시 도봉구 방학제3동 560-6,127.021482,37.661407,2007-09-30,한전주,02-2091-4083,서울특별시 도봉구청,2017-05-17
07-16-35,1,서울특별시 도봉구 방학제3동 310-10임,서울특별시 도봉구 방학제3동 310-10임,127.029321,37.666642,2008-01-01,전용주,02-2091-4083,서울특별시 도봉구청,2017-05-17
07-22-35,1,서울특별시 도봉구 방학제3동 561-5,서울특별시 도봉구 방학제3동 561-5,127.021108,37.661679,2007-09-30,전용주,02-2091-4083,서울특별시 도봉구청,2017-05-17
07-16-36,1,서울특별시 도봉구 방학제3동 425-2,서울특별시 도봉구 방학제3동 425-2,127.027785,37.664578,2008-01-01,한전주,02-2091-4083,서울특별시 도봉구청,2017-05-17
07-22-36,1,서울특별시 도봉구 방학로17길 60,서울특별시 도봉구 방학제3동 561-4,127.021023,37.661833,2007-09-30,한전주,02-2091-4083,서울특별시 도봉구청,2017-05-17
07-16-37,2,서울특별시 도봉구 방학제3동 441-1,서울특별시 도봉구 방학제3동 441-1,127.026623,37.662964,2008-01-01,통신주,02-2091-4083,서울특별시 도봉구청,2017-05-17
07-22-37,1,서울특별시 도봉구 방학제3동 산69-31,서울특별시 도봉구 방학제3동 산69-31,127.021053,37.661973,2007-09-30,한전주,02-2091-4083,서울특별시 도봉구청,2017-05-17
12-29-20,1,서울특별시 도봉구 마들로16길566,서울특별시 도봉구 창제4동 744-9,127.04805,37.661359,2012-07-16,통신주,02-2091-4083,서울특별시 도봉구청,2017-05-17
12-29-21,1,서울특별시 도봉구 마들로16길 564,서울특별시 도봉구 창제4동 744-10,127.048774,37.661268,2014-04-17,한전주,02-2091-4083,서울특별시 도봉구청,2017-05-17
12-18-29,1,서울특별시 도봉구 노해로67길 22,서울특별시 도봉구 창제4동 7,127.048849,37.652231,2015-05-11,벽부등,02-2091-4083,서울특별시 도봉구청,2017-05-17
12-18-30,1,서울특별시 도봉구 마들로11가길 12,서울특별시 도봉구 창제4동 5,127.048627,37.652687,2015-05-11,벽부등,02-2091-4083,서울특별시 도봉구청,2017-05-17
12-18-28,1,서울특별시 도봉구 마들로11가길12,서울특별시 도봉구 창제5동 창동 문화마당,127.048576,37.652955,2013-03-25,한전주,02-2091-4083,서울특별시 도봉구청,2017-05-17
13-07-01,1,서울특별시 도봉구 해등로16길 52-36,서울특별시 도봉구 창제5동 291-46,127.043584,37.654781,2008-01-01,벽부등,02-2091-4083,서울특별시 도봉구청,2017-05-17
13-16-01,1,서울특별시 도봉구 해등로16나길 22-10,서울특별시 도봉구 창제5동 273-6,127.044357,37.655977,2007-09-12,한전주,02-2091-4083,서울특별시 도봉구청,2017-05-17
13-01-01,1,서울특별시 도봉구 노해로 279-8,서울특별시 도봉구 창제5동 691-3,127.039378,37.652107,2006-04-18,한전주,02-2091-4083,서울특별시 도봉구청,2017-05-17
13-09-01,1,서울특별시 도봉구 창제5동 258-10,서울특별시 도봉구 창제5동 258-10,127.043616,37.654146,2008-01-01,한전주,02-2091-4083,서울특별시 도봉구청,2017-05-17
13-08-01,1,서울특별시 도봉구 창제5동 320,서울특별시 도봉구 창제5동 320,127.04403,37.652724,2008-01-01,전용주,02-2091-4083,서울특별시 도봉구청,2017-05-17
13-20-01,1,서울특별시 도봉구 도봉로642-3,서울특별시 도봉구 창제5동 752-2,127.044404,37.662043,2013-10-07,한전주,02-2091-4083,서울특별시 도봉구청,2017-05-17
13-18-01,1,서울특별시 도봉구 해등로16길 26,서울특별시 도봉구 창제5동 731-38,127.041794,37.655611,2005-11-12,한전주,02-2091-4083,서울특별시 도봉구청,2017-05-17
13-02-01,1,서울특별시 도봉구 창제5동 700-25,서울특별시 도봉구 창제5동 700-25,127.037738,37.652319,2008-01-01,한전주,02-2091-4083,서울특별시 도봉구청,2017-05-17
13-05-01,1,서울특별시 도봉구 창제5동 715-32,서울특별시 도봉구 창제5동 715-32,127.038959,37.65473,2007-08-11,한전주,02-2091-4083,서울특별시 도봉구청,2017-05-17
13-06-01,1,서울특별시 도봉구 창제5동 293-3,서울특별시 도봉구 창제5동 293-3,127.041179,37.65593,2007-07-06,한전주,02-2091-4083,서울특별시 도봉구청,2017-05-17
13-13-01,1,서울특별시 도봉구 창제5동 254-17,서울특별시 도봉구 창제5동 254-17,127.045211,37.654079,2008-01-01,한전주,02-2091-4083,서울특별시 도봉구청,2017-05-17
13-14-01,1,서울특별시 도봉구 창제5동 252,서울특별시 도봉구 창제5동 252,127.045839,37.65497,2008-01-01,한전주,02-2091-4083,서울특별시 도봉구청,2017-05-17
13-19-01,1,서울특별시 도봉구 도봉로602,서울특별시 도봉구 창제5동 731-13,127.041206,37.658044,2008-01-01,한전주,02-2091-4083,서울특별시 도봉구청,2017-05-17
13-14-02,1,서울특별시 도봉구 창제5동 252,서울특별시 도봉구 창제5동 252,127.04593,37.654735,2008-01-01,한전주,02-2091-4083,서울특별시 도봉구청,2017-05-17
13-17-02,1,서울특별시 도봉구 창제5동 269-3,서울특별시 도봉구 창제5동 269-3,127.043693,37.655187,2007-03-23,한전주,02-2091-4083,서울특별시 도봉구청,2017-05-17
13-06-02,1,서울특별시 도봉구 해등로16길 12,서울특별시 도봉구 창제5동 813,127.041256,37.655612,2006-08-08,한전주,02-2091-4083,서울특별시 도봉구청,2017-05-17
13-19-02,1,서울특별시 도봉구 창제5동 731-9,서울특별시 도봉구 창제5동 731-9,127.040875,37.658167,2007-06-26,한전주,02-2091-4083,서울특별시 도봉구청,2017-05-17
13-05-02,1,서울특별시 도봉구 창제5동 715-32,서울특별시 도봉구 창제5동 715-32,127.0393,37.65465,2008-01-01,한전주,02-2091-4083,서울특별시 도봉구청,2017-05-17
13-02-02,1,서울특별시 도봉구 창제5동 700-37,서울특별시 도봉구 창제5동 700-37,127.037639,37.652166,2008-01-01,한전주,02-2091-4083,서울특별시 도봉구청,2017-05-17
13-08-02,1,서울특별시 도봉구 창제5동 320-1,서울특별시 도봉구 창제5동 320-1,127.044516,37.652782,2008-01-01,전용주,02-2091-4083,서울특별시 도봉구청,2017-05-17
13-07-02,1,서울특별시 도봉구 창제5동 291-1,서울특별시 도봉구 창제5동 291-1,127.043499,37.654798,2008-01-01,한전주,02-2091-4083,서울특별시 도봉구청,2017-05-17
13-18-02,1,서울특별시 도봉구 해등로16길 25,서울특별시 도봉구 창제5동 731-35,127.041465,37.655881,2005-11-12,한전주,02-2091-4083,서울특별시 도봉구청,2017-05-17
13-09-02,1,서울특별시 도봉구 창제5동 258-11,서울특별시 도봉구 창제5동 258-11,127.043496,37.654017,2008-01-01,한전주,02-2091-4083,서울특별시 도봉구청,2017-05-17
13-16-02,1,서울특별시 도봉구 해등로16나길 22-16,서울특별시 도봉구 창제5동 272-1,127.044792,37.655924,2007-09-12,한전주,02-2091-4083,서울특별시 도봉구청,2017-05-17
13-13-02,1,서울특별시 도봉구 창제5동 254-26,서울특별시 도봉구 창제5동 254-26,127.045248,37.65419,2008-01-01,한전주,02-2091-4083,서울특별시 도봉구청,2017-05-17
13-01-02,2,서울특별시 도봉구 노해로 279-32,서울특별시 도봉구 창제5동 691-8,127.03965,37.652179,2007-02-07,한전주,02-2091-4083,서울특별시 도봉구청,2017-05-17
13-01-03,1,서울특별시 도봉구 노해로 279-26,서울특별시 도봉구 창제5동 691-12,127.03999,37.652287,2007-02-07,한전주,02-2091-4083,서울특별시 도봉구청,2017-05-17
13-19-03,1,서울특별시 도봉구 도봉로 596-4,서울특별시 도봉구 창제5동 731-19,127.040628,37.657945,2008-01-01,한전주,02-2091-4083,서울특별시 도봉구청,2017-05-17
13-02-03,1,서울특별시 도봉구 창제5동 700-40,서울특별시 도봉구 창제5동 700-40,127.037522,37.651966,2006-03-27,벽부등,02-2091-4083,서울특별시 도봉구청,2017-05-17
13-05-03,1,서울특별시 도봉구 창제5동 715-18,서울특별시 도봉구 창제5동 715-18,127.039405,37.654828,2007-06-04,한전주,02-2091-4083,서울특별시 도봉구청,2017-05-17
06-01-08,1,서울특별시 도봉구 시루봉로 264,서울특별시 도봉구 방학제2동 624-11,127.038572,37.670217,2008-12-15,벽부등,02-2091-4083,서울특별시 도봉구청,2017-05-17
06-22-08,1,서울특별시 도봉구 방학제2동 611-29,서울특별시 도봉구 방학제2동 611-29,127.031185,37.668233,2008-01-01,벽부등,02-2091-4083,서울특별시 도봉구청,2017-05-17
06-20-08,1,서울특별시 도봉구 시루봉로17길 42,서울특별시 도봉구 방학제2동 606-5,127.032586,37.669227,2008-01-01,한전주,02-2091-4083,서울특별시 도봉구청,2017-05-17
06-17-08,1,서울특별시 도봉구 방학제2동 630-22,서울특별시 도봉구 방학제2동 630-22,127.033916,37.666452,2007-04-21,벽부등,02-2091-4083,서울특별시 도봉구청,2017-05-17
06-02-08,1,서울특별시 도봉구 시루봉로22길 27-9,서울특별시 도봉구 방학제2동 644-41,127.038503,37.668856,2008-01-01,한전주,02-2091-4083,서울특별시 도봉구청,2017-05-17
06-24-08,1,서울특별시 도봉구 시루봉로13길 9,서울특별시 도봉구 방학제2동 617,127.031709,37.666926,2008-01-01,한전주,02-2091-4083,서울특별시 도봉구청,2017-05-17
06-05-08,2,서울특별시 도봉구 도봉로151길123,서울특별시 도봉구 방학제2동 638-9,127.036757,37.667523,2013-09-04,한전주,02-2091-4083,서울특별시 도봉구청,2017-05-17
06-13-08,1,서울특별시 도봉구 도당로13나길 34,서울특별시 도봉구 방학제2동 637-9,127.036662,37.666778,2008-01-01,한전주,02-2091-4083,서울특별시 도봉구청,2017-05-17
06-04-08,2,서울특별시 도봉구 도당로13가길 32,서울특별시 도봉구 방학제2동 660-11,127.03694,37.666288,2007-02-22,한전주,02-2091-4083,서울특별시 도봉구청,2017-05-17
06-10-08,1,서울특별시 도봉구 시루봉로15라길 38-17,서울특별시 도봉구 방학제2동 386-21,127.033399,37.670354,2008-01-01,한전주,02-2091-4083,서울특별시 도봉구청,2017-05-17
06-16-08,1,서울특별시 도봉구 도당로13다길 21-19,서울특별시 도봉구 방학제2동 632-99,127.034042,37.665055,2008-01-01,한전주,02-2091-4083,서울특별시 도봉구청,2017-05-17
06-09-08,1,서울특별시 도봉구 시루봉로19길 6-17,서울특별시 도봉구 방학제2동 384-22,127.034818,37.669252,2008-01-01,한전주,02-2091-4083,서울특별시 도봉구청,2017-05-17
06-21-08,1,서울특별시 도봉구 시루봉로15아길 36,서울특별시 도봉구 방학제2동 400-8,127.031482,37.67002,2008-01-01,한전주,02-2091-4083,서울특별시 도봉구청,2017-05-17
06-15-08,1,서울특별시 도봉구 방학제2동 663-2,서울특별시 도봉구 방학제2동 663-2,127.034017,37.664273,2008-01-01,벽부등,02-2091-4083,서울특별시 도봉구청,2017-05-17
06-27-08,1,서울특별시 도봉구 방학로10길 35,서울특별시 도봉구 방학제2동 318-44,127.032811,37.664074,2008-01-01,한전주,02-2091-4083,서울특별시 도봉구청,2017-05-17
06-25-08,1,서울특별시 도봉구 시루봉로 188,서울특별시 도봉구 방학제2동 313,127.030633,37.66537,2008-01-01,한전주,02-2091-4083,서울특별시 도봉구청,2017-05-17
06-28-08,1,서울특별시 도봉구 방학제2동 664-34,서울특별시 도봉구 방학제2동 664-34,127.03396,37.663054,2007-12-21,한전주,02-2091-4083,서울특별시 도봉구청,2017-05-17
06-23-08,1,서울특별시 도봉구 시루봉로15다길 22,서울특별시 도봉구 방학제2동 612-2,127.031015,37.667875,2008-01-01,한전주,02-2091-4083,서울특별시 도봉구청,2017-05-17
06-14-08,1,서울특별시 도봉구 도당로13라길 8-3,서울특별시 도봉구 방학제2동 635-8,127.034797,37.666529,2008-01-01,한전주,02-2091-4083,서울특별시 도봉구청,2017-05-17
06-26-08,1,서울특별시 도봉구 방학제2동 632-1,서울특별시 도봉구 방학제2동 632-1,127.03385,37.66426,2007-05-25,한전주,02-2091-4083,서울특별시 도봉구청,2017-05-17
06-12-08,1,서울특별시 도봉구 도당로13라길 31-5,서울특별시 도봉구 방학제2동 628-35,127.035533,37.667713,2006-09-08,벽부등,02-2091-4083,서울특별시 도봉구청,2017-05-17
06-08-08,1,서울특별시 도봉구 방학제2동 622-9,서울특별시 도봉구 방학제2동 622-9,127.036794,37.668952,2008-01-01,전용주,02-2091-4083,서울특별시 도봉구청,2017-05-17
06-06-08,1,서울특별시 도봉구 도당로13라길 57,서울특별시 도봉구 방학제2동 627-34,127.036832,37.668312,2008-01-01,한전주,02-2091-4083,서울특별시 도봉구청,2017-05-17
06-24-09,1,서울특별시 도봉구 시루봉로 191-1,서울특별시 도봉구 방학제2동 617-5,127.031968,37.666702,2008-01-01,한전주,02-2091-4083,서울특별시 도봉구청,2017-05-17
06-17-09,2,서울특별시 도봉구 도당로13마길 7,서울특별시 도봉구 방학제2동 630-12,127.033563,37.666648,2006-11-22,한전주,02-2091-4083,서울특별시 도봉구청,2017-05-17
06-14-09,1,서울특별시 도봉구 방학제2동 635-3,서울특별시 도봉구 방학제2동 635-3,127.034908,37.666325,2008-01-01,벽부등,02-2091-4083,서울특별시 도봉구청,2017-05-17
06-08-09,1,서울특별시 도봉구 도당로13바길 63,서울특별시 도봉구 방학제2동 622-43,127.036641,37.668832,2008-01-01,한전주,02-2091-4083,서울특별시 도봉구청,2017-05-17
06-15-09,1,서울특별시 도봉구 도당로11길 5-10,서울특별시 도봉구 방학제2동 663-10,127.034155,37.664014,2008-01-01,한전주,02-2091-4083,서울특별시 도봉구청,2017-05-17
06-06-09,1,서울특별시 도봉구 도당로17길 44,서울특별시 도봉구 방학제2동 640,127.036693,37.668128,2008-01-01,한전주,02-2091-4083,서울특별시 도봉구청,2017-05-17
06-21-09,1,서울특별시 도봉구 방학제2동 400-2,서울특별시 도봉구 방학제2동 400-2,127.031291,37.670112,2008-01-01,통신주,02-2091-4083,서울특별시 도봉구청,2017-05-17
06-02-09,1,서울특별시 도봉구 방학제2동 644-31,서울특별시 도봉구 방학제2동 644-31,127.038754,37.668949,2008-01-01,한전주,02-2091-4083,서울특별시 도봉구청,2017-05-17
06-22-09,1,서울특별시 도봉구 시루봉로13길 40,서울특별시 도봉구 방학제2동 611-10,127.030645,37.667997,2007-03-16,한전주,02-2091-4083,서울특별시 도봉구청,2017-05-17
06-07-09,1,서울특별시 도봉구 시루봉로22길 19,서울특별시 도봉구 방학제2동 626-2,127.037803,37.668932,2006-12-27,한전주,02-2091-4083,서울특별시 도봉구청,2017-05-17
06-13-09,1,서울특별시 도봉구 방학제2동 637-23,서울특별시 도봉구 방학제2동 637-23,127.03646,37.666543,2008-01-01,벽부등,02-2091-4083,서울특별시 도봉구청,2017-05-17
07-16-38,1,서울특별시 도봉구 시루봉로11길 21-11,서울특별시 도봉구 방학제3동 438,127.026795,37.663978,2016-12-02,한전주,02-2091-4083,서울특별시 도봉구청,2017-05-17
07-22-38,1,서울특별시 도봉구 방학제3동 558-1,서울특별시 도봉구 방학제3동 558-1,127.021074,37.662174,2007-09-30,한전주,02-2091-4083,서울특별시 도봉구청,2017-05-17
07-22-39,1,서울특별시 도봉구 방학제3동 550-1,서울특별시 도봉구 방학제3동 550-1,127.021048,37.662317,2007-09-30,전용주,02-2091-4083,서울특별시 도봉구청,2017-05-17
07-16-40,1,서울특별시 도봉구 방학제3동 425-4,서울특별시 도봉구 방학제3동 425-4,127.027858,37.664255,2008-01-01,한전주,02-2091-4083,서울특별시 도봉구청,2017-05-17
07-22-40,1,서울특별시 도봉구 방학제3동 560-5,서울특별시 도봉구 방학제3동 560-5,127.021453,37.660954,2007-09-30,한전주,02-2091-4083,서울특별시 도봉구청,2017-05-17
07-22-41,1,서울특별시 도봉구 방학제3동 548-4,서울특별시 도봉구 방학제3동 548-4,127.0212,37.661042,2007-09-30,한전주,02-2091-4083,서울특별시 도봉구청,2017-05-17
07-16-41,1,서울특별시 도봉구 방학제3동 420-1,서울특별시 도봉구 방학제3동 420-1,127.02668,37.666355,2014-04-01,독립주,02-2091-4083,서울특별시 도봉구청,2017-05-17
07-22-42,1,서울특별시 도봉구 방학제3동 533-7,서울특별시 도봉구 방학제3동 533-7,127.022187,37.660189,2007-09-30,한전주,02-2091-4083,서울특별시 도봉구청,2017-05-17
07-16-42,1,서울특별시 도봉구 시루봉로 149-39,서울특별시 도봉구 방학제3동 420-1 임,127.026747,37.66681,2014-04-29,전용주,02-2091-4083,서울특별시 도봉구청,2017-05-17
07-22-43,1,서울특별시 도봉구 방학제3동 549-1,서울특별시 도봉구 방학제3동 549-1,127.020912,37.661451,2007-09-30,한전주,02-2091-4083,서울특별시 도봉구청,2017-05-17
07-16-43,1,서울특별시 도봉구 시루봉로 149-39,서울특별시 도봉구 방학제3동 420-1 임,127.026737,37.666913,2014-04-29,전용주,02-2091-4083,서울특별시 도봉구청,2017-05-17
07-22-44,1,서울특별시 도봉구 방학제3동 550-2,서울특별시 도봉구 방학제3동 550-2,127.020749,37.661524,2007-09-30,한전주,02-2091-4083,서울특별시 도봉구청,2017-05-17
07-16-44,1,서울특별시 도봉구 시루봉로 149-39,서울특별시 도봉구 방학제3동 420-1 임,127.026705,37.667007,2014-04-29,전용주,02-2091-4083,서울특별시 도봉구청,2017-05-17
07-16-45,1,서울특별시 도봉구 시루봉로 149-39,서울특별시 도봉구 방학제3동 420-1 임,127.026656,37.667099,2014-04-29,전용주,02-2091-4083,서울특별시 도봉구청,2017-05-17
07-22-46,1,서울특별시 도봉구 해등로32가길 68,서울특별시 도봉구 방학제3동 551,127.020286,37.661329,2007-09-30,한전주,02-2091-4083,서울특별시 도봉구청,2017-05-17
07-16-46,1,서울특별시 도봉구 시루봉로 173,서울특별시 도봉구 방학제3동 402-1 임,127.026675,37.667193,2014-04-29,전용주,02-2091-4083,서울특별시 도봉구청,2017-05-17
07-22-47,1,서울특별시 도봉구 방학제3동 555-2,서울특별시 도봉구 방학제3동 555-2,127.019753,37.661268,2007-09-30,한전주,02-2091-4083,서울특별시 도봉구청,2017-05-17
07-16-47,1,서울특별시 도봉구 시루봉로 173,서울특별시 도봉구 방학제3동 420-1 임,127.026602,37.667267,2014-04-29,전용주,02-2091-4083,서울특별시 도봉구청,2017-05-17
07-22-48,1,서울특별시 도봉구 방학제3동 533-1,서울특별시 도봉구 방학제3동 533-1,127.019587,37.661267,2007-09-30,한전주,02-2091-4083,서울특별시 도봉구청,2017-05-17
07-16-48,1,서울특별시 도봉구 시루봉로 173,서울특별시 도봉구 방학제3동 420-1 임,127.026509,37.66733,2014-04-29,전용주,02-2091-4083,서울특별시 도봉구청,2017-05-17
07-22-49,1,서울특별시 도봉구 방학제3동 533-2,서울특별시 도봉구 방학제3동 533-2,127.019373,37.661152,2007-09-30,한전주,02-2091-4083,서울특별시 도봉구청,2017-05-17
07-16-49,1,서울특별시 도봉구 시루봉로 173,서울특별시 도봉구 방학제3동 420-1 임,127.026417,37.667383,2014-04-29,전용주,02-2091-4083,서울특별시 도봉구청,2017-05-17
07-16-50,1,서울특별시 도봉구 시루봉로 173,서울특별시 도봉구 방학제3동 420-1 임,127.026483,37.66747,2014-04-29,전용주,02-2091-4083,서울특별시 도봉구청,2017-05-17
07-22-50,1,서울특별시 도봉구 해등로 312-20,서울특별시 도봉구 방학제3동 522,127.021306,37.657679,2014-11-14,전용주,02-2091-4083,서울특별시 도봉구청,2017-05-17
07-22-51,1,서울특별시 도봉구 방학제3동 554,서울특별시 도봉구 방학제3동 554,127.019081,37.660972,2007-09-30,한전주,02-2091-4083,서울특별시 도봉구청,2017-05-17
07-16-51,1,서울특별시 도봉구 시루봉로 173,서울특별시 도봉구 방학제3동 420-1 임,127.026311,37.667487,2014-04-29,전용주,02-2091-4083,서울특별시 도봉구청,2017-05-17
07-16-52,1,서울특별시 도봉구 시루봉로11길 11,서울특별시 도봉구 방학제3동 438-4,127.027162,37.66339,2014-10-27,벽부등,02-2091-4083,서울특별시 도봉구청,2017-05-17
07-22-52,1,서울특별시 도봉구 해등로 318,서울특별시 도봉구 방학제3동 519-1,127.020061,37.657795,2015-07-06,전용주,02-2091-4083,서울특별시 도봉구청,2017-05-17
07-22-53,2,서울특별시 도봉구 해등로32가길90,서울특별시 도봉구 방학제3동 553-3,127.019085,37.660491,2014-01-24,전용주,02-2091-4083,서울특별시 도봉구청,2017-05-17
07-22-54,1,서울특별시 도봉구 방학제3동 553-4,서울특별시 도봉구 방학제3동 553-4,127.018833,37.660393,2007-09-30,전용주,02-2091-4083,서울특별시 도봉구청,2017-05-17
07-22-55,1,서울특별시 도봉구 해등로 318,서울특별시 도봉구 방학제3동 산87-3,127.02041,37.657824,2014-05-29,독립주,02-2091-4083,서울특별시 도봉구청,2017-05-17
07-22-56,1,서울특별시 도봉구 방학제3동 518,서울특별시 도봉구 방학제3동 518,127.020854,37.65782,2007-09-30,한전주,02-2091-4083,서울특별시 도봉구청,2017-05-17
07-22-57,1,서울특별시 도봉구 방학제3동 519-1,서울특별시 도봉구 방학제3동 519-1,127.0213,37.657777,2007-09-30,한전주,02-2091-4083,서울특별시 도봉구청,2017-05-17
07-22-58,1,서울특별시 도봉구 방학제3동 521-8,서울특별시 도봉구 방학제3동 521-8,127.021672,37.657815,2007-09-30,전용주,02-2091-4083,서울특별시 도봉구청,2017-05-17
13-16-03,1,서울특별시 도봉구 노해로63다길 75,서울특별시 도봉구 창제5동 247-1,127.04481,37.655693,2007-04-27,한전주,02-2091-4083,서울특별시 도봉구청,2017-05-17
13-06-03,2,서울특별시 도봉구 해등로16가길 12,서울특별시 도봉구 창제5동 296-51,127.041331,37.655302,2006-11-23,한전주,02-2091-4083,서울특별시 도봉구청,2017-05-17
13-08-03,1,서울특별시 도봉구 창제5동 322,서울특별시 도봉구 창제5동 322,127.044831,37.652817,2008-01-01,전용주,02-2091-4083,서울특별시 도봉구청,2017-05-17
13-07-03,1,서울특별시 도봉구 창제5동 291-5,서울특별시 도봉구 창제5동 291-5,127.043338,37.654682,2008-01-01,벽부등,02-2091-4083,서울특별시 도봉구청,2017-05-17
13-17-03,1,서울특별시 도봉구 해등로16나길 14,서울특별시 도봉구 창제5동 274-12,127.043788,37.6557,2007-03-23,한전주,02-2091-4083,서울특별시 도봉구청,2017-05-17
13-13-03,1,서울특별시 도봉구 창제5동 254-3,서울특별시 도봉구 창제5동 254-3,127.045314,37.654372,2008-01-01,한전주,02-2091-4083,서울특별시 도봉구청,2017-05-17
13-09-03,1,서울특별시 도봉구 창제5동 261-14,서울특별시 도봉구 창제5동 261-14,127.043327,37.653571,2008-01-01,한전주,02-2091-4083,서울특별시 도봉구청,2017-05-17
05-21-24,1,서울특별시 도봉구 방학로3길 12-29,서울특별시 도봉구 방학제1동 675-3,127.039625,37.662205,2008-01-01,한전주,02-2091-4083,서울특별시 도봉구청,2017-05-17
05-12-24,2,서울특별시 도봉구 방학로 106,서울특별시 도봉구 방학제1동 689-22,127.040586,37.663586,2008-01-01,한전주,02-2091-4083,서울특별시 도봉구청,2017-05-17
05-04-24,1,서울특별시 도봉구 방학제1동 651-31,서울특별시 도봉구 방학제1동 651-31,127.041293,37.669618,2008-01-01,벽부등,02-2091-4083,서울특별시 도봉구청,2017-05-17
05-14-24,1,서울특별시 도봉구 도봉로145길 80,서울특별시 도봉구 방학제1동 689-20,127.038127,37.664888,2016-05-16,벽부등,02-2091-4083,서울특별시 도봉구청,2017-05-17
05-08-24,1,서울특별시 도봉구 방학제1동 685-19,서울특별시 도봉구 방학제1동 685-19,127.039724,37.6652,2008-01-01,한전주,02-2091-4083,서울특별시 도봉구청,2017-05-17
05-05-24,1,서울특별시 도봉구 도당로31길 7,서울특별시 도봉구 방학제1동 656-3,127.042383,37.667478,2007-10-29,한전주,02-2091-4083,서울특별시 도봉구청,2017-05-17
05-09-24,1,서울특별시 도봉구 도당로144,서울특별시 도봉구 방학제1동 704-12,127.042129,37.66708,2012-04-10,한전주,02-2091-4083,서울특별시 도봉구청,2017-05-17
05-03-24,1,서울특별시 도봉구 방학제1동 648-1,서울특별시 도봉구 방학제1동 648-1,127.039323,37.668145,2007-08-02,벽부등,02-2091-4083,서울특별시 도봉구청,2017-05-17
05-25-24,1,서울특별시 도봉구 마들로18길65,서울특별시 도봉구 방학제1동 725-35,127.050682,37.661013,2012-07-02,한전주,02-2091-4083,서울특별시 도봉구청,2017-05-17
05-10-24,1,서울특별시 도봉구 도봉로 677,서울특별시 도봉구 방학제1동 703-17,127.04207,37.665119,2006-07-07,한전주,02-2091-4083,서울특별시 도봉구청,2017-05-17
05-23-24,1,서울특별시 도봉구 도봉로150바길 4,서울특별시 도봉구 방학제1동 715-20,127.045224,37.665762,2008-01-01,전용주,02-2091-4083,서울특별시 도봉구청,2017-05-17
05-03-25,1,서울특별시 도봉구 도당로21길 5,서울특별시 도봉구 방학제1동 658-18,127.03976,37.667459,2007-08-03,벽부등,02-2091-4083,서울특별시 도봉구청,2017-05-17
05-16-25,1,서울특별시 도봉구 방학로6가길20-13,서울특별시 도봉구 방학제1동 697-15,127.03762,37.664359,2012-09-25,통신주,02-2091-4083,서울특별시 도봉구청,2017-05-17
05-04-25,1,서울특별시 도봉구 방학제1동 650-16,서울특별시 도봉구 방학제1동 650-16,127.041336,37.669163,2006-07-14,벽부등,02-2091-4083,서울특별시 도봉구청,2017-05-17
05-10-25,1,서울특별시 도봉구 방학제1동 703-59,서울특별시 도봉구 방학제1동 703-59,127.042376,37.665183,2008-01-01,벽부등,02-2091-4083,서울특별시 도봉구청,2017-05-17
05-22-25,1,서울특별시 도봉구 방학제1동 718-2,서울특별시 도봉구 방학제1동 718-2,127.044404,37.669099,2008-01-01,한전주,02-2091-4083,서울특별시 도봉구청,2017-05-17
05-12-25,1,서울특별시 도봉구 방학로2길 13-14,서울특별시 도봉구 방학제1동 688-27,127.040247,37.663645,2007-07-06,한전주,02-2091-4083,서울특별시 도봉구청,2017-05-17
05-08-25,1,서울특별시 도봉구 방학제1동 686-34,서울특별시 도봉구 방학제1동 686-34,127.040314,37.664964,2008-01-01,통신주,02-2091-4083,서울특별시 도봉구청,2017-05-17
05-23-25,1,서울특별시 도봉구 방학제1동 715-21,서울특별시 도봉구 방학제1동 715-21,127.045255,37.665406,2008-01-01,벽부등,02-2091-4083,서울특별시 도봉구청,2017-05-17
05-25-25,1,서울특별시 도봉구 방학제1동 725-38,서울특별시 도봉구 방학제1동 725-38,127.050528,37.66147,2008-01-01,한전주,02-2091-4083,서울특별시 도봉구청,2017-05-17
05-05-25,1,서울특별시 도봉구 방학제1동 654-23,서울특별시 도봉구 방학제1동 654-23,127.042911,37.668053,2008-01-01,벽부등,02-2091-4083,서울특별시 도봉구청,2017-05-17
05-21-25,1,서울특별시 도봉구 방학제1동 677-5,서울특별시 도봉구 방학제1동 677-5,127.040006,37.662371,2006-06-16,벽부등,02-2091-4083,서울특별시 도봉구청,2017-05-17
05-05-26,1,서울특별시 도봉구 방학제1동 649-52,서울특별시 도봉구 방학제1동 649-52,127.041257,37.667848,2008-02-11,한전주,02-2091-4083,서울특별시 도봉구청,2017-05-17
05-10-26,1,서울특별시 도봉구 방학로2길 40,서울특별시 도봉구 방학제1동 682-20,127.0411,37.664681,2008-01-01,한전주,02-2091-4083,서울특별시 도봉구청,2017-05-17
05-08-26,1,서울특별시 도봉구 방학제1동 685-37,서울특별시 도봉구 방학제1동 685-37,127.040346,37.665397,2008-03-27,벽부등,02-2091-4083,서울특별시 도봉구청,2017-05-17
05-21-26,1,서울특별시 도봉구 도봉로143길 38-8,서울특별시 도봉구 방학제1동 675-11,127.03962,37.661993,2008-01-01,한전주,02-2091-4083,서울특별시 도봉구청,2017-05-17
05-22-26,1,서울특별시 도봉구 방학제1동 719-3,서울특별시 도봉구 방학제1동 719-3,127.045671,37.669217,2008-01-01,벽부등,02-2091-4083,서울특별시 도봉구청,2017-05-17
06-27-09,2,서울특별시 도봉구 방학로10길 35,서울특별시 도봉구 방학제2동 318-44,127.033049,37.663866,2008-01-01,한전주,02-2091-4083,서울특별시 도봉구청,2017-05-17
06-03-09,1,서울특별시 도봉구 도당로13나길 72,서울특별시 도봉구 방학제2동 642-19,127.03818,37.667828,2008-01-01,한전주,02-2091-4083,서울특별시 도봉구청,2017-05-17
06-05-09,1,서울특별시 도봉구 도봉로151길 1-30,서울특별시 도봉구 방학제2동 639-12,127.036496,37.667406,2008-01-01,한전주,02-2091-4083,서울특별시 도봉구청,2017-05-17
06-12-09,2,서울특별시 도봉구 도당로15길 52,서울특별시 도봉구 방학제2동 628-2,127.035239,37.667487,2008-03-01,한전주,02-2091-4083,서울특별시 도봉구청,2017-05-17
06-19-09,1,서울특별시 도봉구 시루봉로17길 51,서울특별시 도봉구 방학제2동 607-6,127.031918,37.669192,2006-12-29,벽부등,02-2091-4083,서울특별시 도봉구청,2017-05-17
06-09-09,1,서울특별시 도봉구 시루봉로19길 6-29,서울특별시 도봉구 방학제2동 384-27,127.035205,37.668943,2007-06-26,한전주,02-2091-4083,서울특별시 도봉구청,2017-05-17
06-23-09,1,서울특별시 도봉구 시루봉로13길 38,서울특별시 도봉구 방학제2동 612,127.030908,37.667786,2008-01-01,한전주,02-2091-4083,서울특별시 도봉구청,2017-05-17
06-04-09,1,서울특별시 도봉구 도당로15길 9,서울특별시 도봉구 방학제2동 661-30,127.036622,37.666057,2008-01-01,한전주,02-2091-4083,서울특별시 도봉구청,2017-05-17
06-01-09,1,서울특별시 도봉구 방학제2동 624-8,서울특별시 도봉구 방학제2동 624-8,127.038704,37.670012,2007-03-22,벽부등,02-2091-4083,서울특별시 도봉구청,2017-05-17
06-10-09,1,서울특별시 도봉구 시루봉로15라길 38-27,서울특별시 도봉구 방학제2동 391-1,127.033415,37.670624,2008-01-01,전용주,02-2091-4083,서울특별시 도봉구청,2017-05-17
06-28-09,1,서울특별시 도봉구 방학제2동 666-13,서울특별시 도봉구 방학제2동 666-13,127.033315,37.663461,2008-01-01,벽부등,02-2091-4083,서울특별시 도봉구청,2017-05-17
06-18-09,1,서울특별시 도봉구 시루봉로15가길 21,서울특별시 도봉구 방학제2동 616-30,127.031962,37.667119,2007-09-21,한전주,02-2091-4083,서울특별시 도봉구청,2017-05-17
06-20-09,1,서울특별시 도봉구 방학제2동 396-65,서울특별시 도봉구 방학제2동 396-65,127.03286,37.669185,2008-01-01,한전주,02-2091-4083,서울특별시 도봉구청,2017-05-17
06-16-09,1,서울특별시 도봉구 도당로13다길 21,서울특별시 도봉구 방학제2동 632-13,127.033278,37.665761,2008-02-11,벽부등,02-2091-4083,서울특별시 도봉구청,2017-05-17
06-26-09,1,서울특별시 도봉구 방학로10길 35,서울특별시 도봉구 방학제2동 318-44,127.033586,37.664055,2008-01-01,한전주,02-2091-4083,서울특별시 도봉구청,2017-05-17
06-25-09,1,서울특별시 도봉구 시루봉로12길 10,서울특별시 도봉구 방학제2동 313-37,127.030862,37.665183,2008-01-01,한전주,02-2091-4083,서울특별시 도봉구청,2017-05-17
06-23-10,1,서울특별시 도봉구 시루봉로13길 25,서울특별시 도봉구 방학제2동 613-4,127.031203,37.667381,2008-01-01,한전주,02-2091-4083,서울특별시 도봉구청,2017-05-17
06-04-10,1,서울특별시 도봉구 방학제2동 661-16,서울특별시 도봉구 방학제2동 661-16,127.036519,37.665781,2006-06-05,벽부등,02-2091-4083,서울특별시 도봉구청,2017-05-17
06-24-10,1,서울특별시 도봉구 방학제2동 617-6,서울특별시 도봉구 방학제2동 617-6,127.031755,37.666509,2008-01-01,한전주,02-2091-4083,서울특별시 도봉구청,2017-05-17
06-17-10,1,서울특별시 도봉구 방학제2동 630-40,서울특별시 도봉구 방학제2동 630-40,127.033238,37.665977,2008-01-01,벽부등,02-2091-4083,서울특별시 도봉구청,2017-05-17
06-18-10,1,서울특별시 도봉구 방학동 615-28,서울특별시 도봉구 방학제2동 615-26,127.03158,37.667536,2008-01-01,한전주,02-2091-4083,서울특별시 도봉구청,2017-05-17
06-20-10,1,서울특별시 도봉구 시루봉로17길 34,서울특별시 도봉구 방학제2동 606,127.0332,37.669134,2006-08-25,한전주,02-2091-4083,서울특별시 도봉구청,2017-05-17
06-06-10,1,서울특별시 도봉구 도당로13라길 58-3,서울특별시 도봉구 방학제2동 640-9,127.036927,37.668118,2008-01-01,벽부등,02-2091-4083,서울특별시 도봉구청,2017-05-17
06-26-10,2,서울특별시 도봉구 방학제2동 663,서울특별시 도봉구 방학제2동 663,127.033561,37.663887,2005-11-09,한전주,02-2091-4083,서울특별시 도봉구청,2017-05-17
06-19-10,1,서울특별시 도봉구 시루봉로15길63,서울특별시 도봉구 방학제2동 608-11,127.030794,37.669185,2012-08-07,벽부등,02-2091-4083,서울특별시 도봉구청,2017-05-17
06-28-10,1,서울특별시 도봉구 방학제2동 664-31,서울특별시 도봉구 방학제2동 664-31,127.033793,37.663271,2008-01-01,통신주,02-2091-4083,서울특별시 도봉구청,2017-05-17
06-15-10,1,서울특별시 도봉구 방학로10길뒷말어린이공원,서울특별시 도봉구 방학제2동 663공원,127.033742,37.663605,2013-05-24,한전주,02-2091-4083,서울특별시 도봉구청,2017-05-17
06-09-10,1,서울특별시 도봉구 시루봉로 233,서울특별시 도봉구 방학제2동 602-23,127.035546,37.669174,2008-01-01,한전주,02-2091-4083,서울특별시 도봉구청,2017-05-17
06-27-10,1,서울특별시 도봉구 방학로10길 35,서울특별시 도봉구 방학제2동 318-44,127.033236,37.663689,2008-01-01,한전주,02-2091-4083,서울특별시 도봉구청,2017-05-17
06-11-10,2,서울특별시 도봉구 방학제2동 603-3,서울특별시 도봉구 방학제2동 603-3,127.033278,37.667756,2006-09-15,한전주,02-2091-4083,서울특별시 도봉구청,2017-05-17
06-05-10,1,서울특별시 도봉구 도당로13나길 46,서울특별시 도봉구 방학제2동 637-14,127.037081,37.667146,2007-07-06,한전주,02-2091-4083,서울특별시 도봉구청,2017-05-17
06-21-10,1,서울특별시 도봉구 시루봉로15아길 37,서울특별시 도봉구 방학제2동 399-3,127.031078,37.669928,2008-01-01,한전주,02-2091-4083,서울특별시 도봉구청,2017-05-17
06-08-10,2,서울특별시 도봉구 도당로13바길230-31,서울특별시 도봉구 방학제2동 622-52,127.036361,37.668929,2014-01-08,한전주,02-2091-4083,서울특별시 도봉구청,2017-05-17
06-03-10,1,서울특별시 도봉구 방학제2동 642-17,서울특별시 도봉구 방학제2동 642-17,127.03806,37.667611,2008-01-01,벽부등,02-2091-4083,서울특별시 도봉구청,2017-05-17
07-22-59,1,서울특별시 도봉구 해등로32가길 40,서울특별시 도봉구 방학제3동 548-4,127.021533,37.660878,2007-09-30,한전주,02-2091-4083,서울특별시 도봉구청,2017-05-17
07-22-60,1,서울특별시 도봉구 방학제3동 548-2,서울특별시 도봉구 방학제3동 548-2,127.020533,37.659222,2007-09-30,전용주,02-2091-4083,서울특별시 도봉구청,2017-05-17
07-22-61,1,서울특별시 도봉구 방학제3동 549-1,서울특별시 도봉구 방학제3동 549-1,127.021147,37.660714,2007-09-30,한전주,02-2091-4083,서울특별시 도봉구청,2017-05-17
07-22-62,1,서울특별시 도봉구 방학제3동 543-3,서울특별시 도봉구 방학제3동 543-3,127.021751,37.660521,2007-09-30,한전주,02-2091-4083,서울특별시 도봉구청,2017-05-17
07-22-63,1,서울특별시 도봉구 방학제3동 543,서울특별시 도봉구 방학제3동 543,127.021497,37.660057,2007-09-30,한전주,02-2091-4083,서울특별시 도봉구청,2017-05-17
07-22-64,1,서울특별시 도봉구 해등로34길 93,서울특별시 도봉구 방학제3동 542,127.021272,37.660058,2007-09-30,한전주,02-2091-4083,서울특별시 도봉구청,2017-05-17
07-22-65,1,서울특별시 도봉구 방학제3동 541-1,서울특별시 도봉구 방학제3동 541-1,127.020634,37.659855,2007-09-30,한전주,02-2091-4083,서울특별시 도봉구청,2017-05-17
07-22-66,1,서울특별시 도봉구 방학제3동 537-1,서울특별시 도봉구 방학제3동 537-1,127.020472,37.659581,2007-09-30,한전주,02-2091-4083,서울특별시 도봉구청,2017-05-17
07-22-67,1,서울특별시 도봉구 해등로32가길 31-7,서울특별시 도봉구 방학제3동 535-2,127.020399,37.659328,2007-09-30,벽부등,02-2091-4083,서울특별시 도봉구청,2017-05-17
07-22-68,1,서울특별시 도봉구 방학제3동 536,서울특별시 도봉구 방학제3동 536,127.020577,37.658885,2007-09-30,한전주,02-2091-4083,서울특별시 도봉구청,2017-05-17
07-22-69,1,서울특별시 도봉구 방학제3동 536-2,서울특별시 도봉구 방학제3동 536-2,127.020347,37.658695,2007-09-30,전용주,02-2091-4083,서울특별시 도봉구청,2017-05-17
07-22-70,1,서울특별시 도봉구 해등로 318,서울특별시 도봉구 방학제3동 산80-2,127.020274,37.658554,2007-09-30,전용주,02-2091-4083,서울특별시 도봉구청,2017-05-17
07-22-71,1,서울특별시 도봉구 방학제3동 산80-2,서울특별시 도봉구 방학제3동 산80-2,127.020194,37.658445,2007-09-30,전용주,02-2091-4083,서울특별시 도봉구청,2017-05-17
07-22-72,1,서울특별시 도봉구 해등로34길,서울특별시 도봉구 방학제3동 산80-2,127.02007,37.65831,2007-09-30,전용주,02-2091-4083,서울특별시 도봉구청,2017-05-17
07-22-73,1,서울특별시 도봉구 해등로34길,서울특별시 도봉구 방학제3동 산80-2,127.019923,37.658193,2007-09-30,전용주,02-2091-4083,서울특별시 도봉구청,2017-05-17
07-22-74,1,서울특별시 도봉구 해등로34길,서울특별시 도봉구 방학제3동 산80-2,127.01973,37.658022,2007-09-30,전용주,02-2091-4083,서울특별시 도봉구청,2017-05-17
07-22-75,1,서울특별시 도봉구 해등로34길,서울특별시 도봉구 방학제3동 산80-2,127.019481,37.657815,2007-09-30,전용주,02-2091-4083,서울특별시 도봉구청,2017-05-17
07-22-76,1,서울특별시 도봉구 해등로32가길 31-7,서울특별시 도봉구 방학제3동 산80-2,127.018925,37.657734,2007-09-30,전용주,02-2091-4083,서울특별시 도봉구청,2017-05-17
07-22-77,1,서울특별시 도봉구 방학로 278-33,서울특별시 도봉구 방학제3동 산69-13,127.01871,37.657644,2007-09-30,전용주,02-2091-4083,서울특별시 도봉구청,2017-05-17
07-22-78,1,서울특별시 도봉구 방학로 284,서울특별시 도봉구 방학제3동 587-1,127.018676,37.657491,2007-09-30,전용주,02-2091-4083,서울특별시 도봉구청,2017-05-17
07-22-79,1,서울특별시 도봉구 방학로 284,서울특별시 도봉구 방학제3동 587-2,127.019605,37.65768,2007-09-30,전용주,02-2091-4083,서울특별시 도봉구청,2017-05-17
07-22-82,1,서울특별시 도봉구 방학제3동 581-4,서울특별시 도봉구 방학제3동 581-4,127.020608,37.662918,2007-09-30,한전주,02-2091-4083,서울특별시 도봉구청,2017-05-17
07-22-83,1,서울특별시 도봉구 방학제3동 524,서울특별시 도봉구 방학제3동 524,127.021497,37.657987,2007-09-30,한전주,02-2091-4083,서울특별시 도봉구청,2017-05-17
07-22-84,1,서울특별시 도봉구 방학제3동 525,서울특별시 도봉구 방학제3동 525,127.021582,37.658089,2007-09-30,한전주,02-2091-4083,서울특별시 도봉구청,2017-05-17
07-22-85,1,서울특별시 도봉구 방학제3동 520-1,서울특별시 도봉구 방학제3동 520-1,127.021432,37.657598,2007-09-30,한전주,02-2091-4083,서울특별시 도봉구청,2017-05-17
07-22-86,1,서울특별시 도봉구 방학제3동 560-6,서울특별시 도봉구 방학제3동 560-6,127.021187,37.661456,2007-09-30,한전주,02-2091-4083,서울특별시 도봉구청,2017-05-17
07-22-87,1,서울특별시 도봉구 방학제3동 544-11,서울특별시 도봉구 방학제3동 544-11,127.022022,37.660475,2007-09-30,한전주,02-2091-4083,서울특별시 도봉구청,2017-05-17
07-22-88,1,서울특별시 도봉구 방학제3동 산76,서울특별시 도봉구 방학제3동 산76,127.022749,37.660998,2007-09-30,벽부등,02-2091-4083,서울특별시 도봉구청,2017-05-17
07-22-89,1,서울특별시 도봉구 방학제3동 산63,서울특별시 도봉구 방학제3동 산63,127.023219,37.663361,2007-09-30,한전주,02-2091-4083,서울특별시 도봉구청,2017-05-17
07-22-90,1,서울특별시 도봉구 방학제3동 산63,서울특별시 도봉구 방학제3동 산63,127.023027,37.663318,2007-09-30,한전주,02-2091-4083,서울특별시 도봉구청,2017-05-17
07-22-91,1,서울특별시 도봉구 방학제3동 522,서울특별시 도봉구 방학제3동 522,127.021504,37.657897,2007-09-30,벽부등,02-2091-4083,서울특별시 도봉구청,2017-05-17
07-22-92,1,서울특별시 도봉구 방학로 266-33,서울특별시 도봉구 방학제3동 575-3,127.022422,37.66336,2014-05-21,한전주,02-2091-4083,서울특별시 도봉구청,2017-05-17
07-22-93,1,서울특별시 도봉구 방학로17길 71-18,서울특별시 도봉구 방학제3동 산69-31,127.020842,37.662401,2014-07-25,한전주,02-2091-4083,서울특별시 도봉구청,2017-05-17
07-22-94,1,서울특별시 도봉구 해등로32가길 64,서울특별시 도봉구 방학제3동,127.020446,37.661465,2015-02-12,한전주,02-2091-4083,서울특별시 도봉구청,2017-05-17
05-12-26,1,서울특별시 도봉구 방학로 112-14,서울특별시 도봉구 방학제1동 689-11,127.040156,37.663281,2007-08-02,한전주,02-2091-4083,서울특별시 도봉구청,2017-05-17
05-04-26,1,서울특별시 도봉구 방학제1동 650-15,서울특별시 도봉구 방학제1동 650-15,127.041447,37.66923,2006-07-14,벽부등,02-2091-4083,서울특별시 도봉구청,2017-05-17
05-03-26,1,서울특별시 도봉구 도당로177길 10,서울특별시 도봉구 방학제1동 658-10,127.039522,37.667795,2016-05-16,한전주,02-2091-4083,서울특별시 도봉구청,2017-05-17
05-25-26,1,서울특별시 도봉구 방학로 31-11,서울특별시 도봉구 방학제1동 725-40,127.048722,37.661564,2013-10-10,전용주,02-2091-4083,서울특별시 도봉구청,2017-05-17
05-23-26,1,서울특별시 도봉구 도봉로150라길 17,서울특별시 도봉구 방학제1동 715-3,127.04527,37.665213,2008-01-01,전용주,02-2091-4083,서울특별시 도봉구청,2017-05-17
05-16-26,1,서울특별시 도봉구 방학로6길 25,서울특별시 도봉구 방학제1동 694-7,127.036744,37.663992,2014-12-29,벽부등,02-2091-4083,서울특별시 도봉구청,2017-05-17
05-10-27,1,서울특별시 도봉구 방학제1동 682-15,서울특별시 도봉구 방학제1동 682-15,127.041323,37.664972,2008-01-01,벽부등,02-2091-4083,서울특별시 도봉구청,2017-05-17
05-08-27,1,서울특별시 도봉구 도봉로145길 46-3,서울특별시 도봉구 방학제1동 686-19,127.040015,37.664816,2008-04-01,독립주,02-2091-4083,서울특별시 도봉구청,2017-05-17
05-23-27,1,서울특별시 도봉구 도봉로150라길 17,서울특별시 도봉구 방학제1동 715-3,127.045016,37.665211,2008-01-01,전용주,02-2091-4083,서울특별시 도봉구청,2017-05-17
05-25-27,1,서울특별시 도봉구 마들로18길 31-11,서울특별시 도봉구 방학제1동 726-173,127.048949,37.661491,2013-10-10,전용주,02-2091-4083,서울특별시 도봉구청,2017-05-17
05-21-27,1,서울특별시 도봉구 방학로3길 12-37,서울특별시 도봉구 방학제1동 675,127.039338,37.662207,2008-01-01,벽부등,02-2091-4083,서울특별시 도봉구청,2017-05-17
05-16-27,1,서울특별시 도봉구 방학로6길 33,서울특별시 도봉구 방학제1동 694-22,127.036562,37.664334,2015-07-06,한전주,02-2091-4083,서울특별시 도봉구청,2017-05-17
05-04-27,1,서울특별시 도봉구 도당로13라길 146,서울특별시 도봉구 방학제1동 650-14,127.041438,37.669381,2006-07-14,한전주,02-2091-4083,서울특별시 도봉구청,2017-05-17
05-05-27,1,서울특별시 도봉구 방학제1동 649-2,서울특별시 도봉구 방학제1동 649-2,127.041415,37.668649,2008-01-01,벽부등,02-2091-4083,서울특별시 도봉구청,2017-05-17
05-22-27,1,서울특별시 도봉구 도봉로150다길 64,서울특별시 도봉구 방학제1동 718-17,127.044408,37.668926,2008-01-01,한전주,02-2091-4083,서울특별시 도봉구청,2017-05-17
05-05-28,1,서울특별시 도봉구 도당로27길 22,서울특별시 도봉구 방학제1동 649-41,127.041121,37.668279,2008-01-01,벽부등,02-2091-4083,서울특별시 도봉구청,2017-05-17
05-04-28,1,서울특별시 도봉구 방학제1동 651-28,서울특별시 도봉구 방학제1동 651-28,127.041579,37.669554,2008-01-01,벽부등,02-2091-4083,서울특별시 도봉구청,2017-05-17
05-25-28,1,서울특별시 도봉구 마들로16길564,서울특별시 도봉구 방학제1동 725-60,127.04871,37.661365,2013-10-10,전용주,02-2091-4083,서울특별시 도봉구청,2017-05-17
05-22-28,1,서울특별시 도봉구 방학제1동 718-19,서울특별시 도봉구 방학제1동 718-19,127.04431,37.669441,2008-01-01,한전주,02-2091-4083,서울특별시 도봉구청,2017-05-17
05-23-28,1,서울특별시 도봉구 방학제1동 714-12,서울특별시 도봉구 방학제1동 714-12,127.044705,37.664799,2008-01-01,한전주,02-2091-4083,서울특별시 도봉구청,2017-05-17
05-08-28,1,서울특별시 도봉구 방학로2길 41,서울특별시 도봉구 방학제1동 686-56,127.040729,37.664684,2008-01-01,한전주,02-2091-4083,서울특별시 도봉구청,2017-05-17
05-10-28,1,서울특별시 도봉구 도봉로147길18-5,서울특별시 도봉구 방학제1동 683-19,127.041609,37.665448,2012-09-18,한전주,02-2091-4083,서울특별시 도봉구청,2017-05-17
05-21-28,1,서울특별시 도봉구 방학제1동 676-26,서울특별시 도봉구 방학제1동 676-26,127.041117,37.662231,2008-01-01,벽부등,02-2091-4083,서울특별시 도봉구청,2017-05-17
05-04-29,1,서울특별시 도봉구 방학제1동 651-24,서울특별시 도봉구 방학제1동 651-24,127.041806,37.669514,2008-01-01,벽부등,02-2091-4083,서울특별시 도봉구청,2017-05-17
05-12-29,1,서울특별시 도봉구 방학제1동 687-22,서울특별시 도봉구 방학제1동 687-22,127.040466,37.664514,2008-01-01,벽부등,02-2091-4083,서울특별시 도봉구청,2017-05-17
05-05-29,1,서울특별시 도봉구 방학동 655-31,서울특별시 도봉구 방학제1동 655-31,127.042425,37.667727,2008-01-01,한전주,02-2091-4083,서울특별시 도봉구청,2017-05-17
05-21-29,1,서울특별시 도봉구 방학제1동 676-9,서울특별시 도봉구 방학제1동 676-9,127.039931,37.66246,2008-01-01,벽부등,02-2091-4083,서울특별시 도봉구청,2017-05-17
05-25-29,1,서울특별시 도봉구 마들로16길40,서울특별시 도봉구 방학제1동 725-52,127.048937,37.661311,2013-10-10,전용주,02-2091-4083,서울특별시 도봉구청,2017-05-17
05-08-29,1,서울특별시 도봉구 방학로2길 55,서울특별시 도봉구 방학제1동 658-63,127.040813,37.665486,2006-11-22,벽부등,02-2091-4083,서울특별시 도봉구청,2017-05-17
05-23-29,1,서울특별시 도봉구 도봉로150라길 31,서울특별시 도봉구 방학제1동 714-13,127.044678,37.664349,2008-01-01,한전주,02-2091-4083,서울특별시 도봉구청,2017-05-17
05-04-30,1,서울특별시 도봉구 도당로13라길 156,서울특별시 도봉구 방학제1동 650-40,127.041812,37.669381,2008-01-01,한전주,02-2091-4083,서울특별시 도봉구청,2017-05-17
05-23-30,1,서울특별시 도봉구 방학제1동 715-5,서울특별시 도봉구 방학제1동 715-5,127.044676,37.665212,2008-01-01,전용주,02-2091-4083,서울특별시 도봉구청,2017-05-17
05-25-30,1,서울특별시 도봉구 방학제1동 724-39,서울특별시 도봉구 방학제1동 724-39,127.048425,37.66165,2008-01-01,한전주,02-2091-4083,서울특별시 도봉구청,2017-05-17
05-21-30,1,서울특별시 도봉구 도봉로143길38-12,서울특별시 도봉구 방학제1동 675-13,127.039476,37.661997,2012-10-12,벽부등,02-2091-4083,서울특별시 도봉구청,2017-05-17
06-25-10,1,서울특별시 도봉구 시루봉로12길 16,서울특별시 도봉구 방학제2동 313-41,127.031283,37.664832,2006-07-04,한전주,02-2091-4083,서울특별시 도봉구청,2017-05-17
06-13-10,1,서울특별시 도봉구 도당로13가길 27,서울특별시 도봉구 방학제2동 637-5,127.036699,37.66637,2008-01-01,벽부등,02-2091-4083,서울특별시 도봉구청,2017-05-17
06-12-10,1,서울특별시 도봉구 방학제2동 629-20,서울특별시 도봉구 방학제2동 629-20,127.034977,37.6672,2008-02-11,벽부등,02-2091-4083,서울특별시 도봉구청,2017-05-17
06-10-10,1,서울특별시 도봉구 시루봉로15라길 59-14,서울특별시 도봉구 방학제2동 393-15,127.032883,37.670891,2006-09-25,한전주,02-2091-4083,서울특별시 도봉구청,2017-05-17
06-22-10,1,서울특별시 도봉구 방학제2동 610-7,서울특별시 도봉구 방학제2동 610-7,127.030394,37.667782,2008-01-01,벽부등,02-2091-4083,서울특별시 도봉구청,2017-05-17
06-14-10,1,서울특별시 도봉구 도당로13나길 10-6,서울특별시 도봉구 방학제2동 633-9,127.035838,37.665956,2008-01-01,벽부등,02-2091-4083,서울특별시 도봉구청,2017-05-17
06-07-10,1,서울특별시 도봉구 도당로13라길 87-3,서울특별시 도봉구 방학제2동 626-15,127.03805,37.669262,2008-01-01,벽부등,02-2091-4083,서울특별시 도봉구청,2017-05-17
06-16-10,1,서울특별시 도봉구 도당로13다길 21-11,서울특별시 도봉구 방학제2동 632-16,127.033673,37.66538,2008-01-01,한전주,02-2091-4083,서울특별시 도봉구청,2017-05-17
06-08-11,1,서울특별시 도봉구 시루봉로 230-13,서울특별시 도봉구 방학제2동 622-48,127.03601,37.668688,2008-01-01,한전주,02-2091-4083,서울특별시 도봉구청,2017-05-17
06-11-11,1,서울특별시 도봉구 시루봉로15길 12,서울특별시 도봉구 방학제2동 603,127.033121,37.667892,2006-03-06,한전주,02-2091-4083,서울특별시 도봉구청,2017-05-17
06-27-11,1,서울특별시 도봉구 방학로10길 24,서울특별시 도봉구 방학제2동 666-4,127.033083,37.663519,2008-01-01,한전주,02-2091-4083,서울특별시 도봉구청,2017-05-17
06-28-11,1,서울특별시 도봉구 방학제2동 664-27,서울특별시 도봉구 방학제2동 664-27,127.034026,37.663557,2007-05-31,벽부등,02-2091-4083,서울특별시 도봉구청,2017-05-17
06-12-11,1,서울특별시 도봉구 방학제2동 629-30,서울특별시 도봉구 방학제2동 629-30,127.034476,37.666834,2008-01-01,벽부등,02-2091-4083,서울특별시 도봉구청,2017-05-17
06-25-11,1,서울특별시 도봉구 방학제2동 313-35,서울특별시 도봉구 방학제2동 313-35,127.030765,37.664819,2008-01-01,벽부등,02-2091-4083,서울특별시 도봉구청,2017-05-17
06-21-11,2,서울특별시 도봉구 방학제2동 737-1,서울특별시 도봉구 방학제2동 737-1,127.030819,37.669949,2014-05-08,한전주,02-2091-4083,서울특별시 도봉구청,2017-05-17
06-09-11,2,서울특별시 도봉구 방학동 602-24,서울특별시 도봉구 방학제2동 602-24,127.035367,37.66948,2007-11-19,한전주,02-2091-4083,서울특별시 도봉구청,2017-05-17
06-02-11,2,서울특별시 도봉구 도당로19길 45,서울특별시 도봉구 방학제2동 644-25,127.039398,37.669099,2010-03-26,한전주,02-2091-4083,서울특별시 도봉구청,2017-05-17
06-22-11,2,서울특별시 도봉구 시루봉로13가길38,서울특별시 도봉구 방학제2동 610-5,127.030217,37.667994,2014-11-11,한전주,02-2091-4083,서울특별시 도봉구청,2017-05-17
06-26-11,1,서울특별시 도봉구 시루봉로 192-16,서울특별시 도봉구 방학제2동 631-2,127.032843,37.665895,2008-01-01,한전주,02-2091-4083,서울특별시 도봉구청,2017-05-17
06-13-11,1,서울특별시 도봉구 방학제2동 637-32,서울특별시 도봉구 방학제2동 637-32,127.03692,37.666532,2007-04-10,벽부등,02-2091-4083,서울특별시 도봉구청,2017-05-17
06-07-11,1,서울특별시 도봉구 도당로13라길 89,서울특별시 도봉구 방학제2동 626-22,127.038308,37.669171,2007-11-12,한전주,02-2091-4083,서울특별시 도봉구청,2017-05-17
06-23-11,1,서울특별시 도봉구 방학제2동 613-7,서울특별시 도봉구 방학제2동 613-7,127.031098,37.667305,2006-07-28,벽부등,02-2091-4083,서울특별시 도봉구청,2017-05-17
06-06-11,1,서울특별시 도봉구 도봉로151길 110,서울특별시 도봉구 방학제2동 640-20,127.037285,37.66795,2008-01-01,한전주,02-2091-4083,서울특별시 도봉구청,2017-05-17
06-04-11,1,서울특별시 도봉구 도당로 85-3,서울특별시 도봉구 방학제2동 661-5,127.036317,37.665521,2008-01-01,한전주,02-2091-4083,서울특별시 도봉구청,2017-05-17
06-24-11,1,서울특별시 도봉구 방학제2동 344-3,서울특별시 도봉구 방학제2동 344-3,127.030853,37.667332,2012-04-23,한전주,02-2091-4083,서울특별시 도봉구청,2017-05-17
06-10-11,1,서울특별시 도봉구 방학제2동 393-33,서울특별시 도봉구 방학제2동 393-33,127.032662,37.670968,2008-01-01,벽부등,02-2091-4083,서울특별시 도봉구청,2017-05-17
06-14-11,1,서울특별시 도봉구 방학제2동 634-13,서울특별시 도봉구 방학제2동 634-13,127.035344,37.6661,2008-01-01,통신주,02-2091-4083,서울특별시 도봉구청,2017-05-17
06-17-11,1,서울특별시 도봉구 방학로150-3,서울특별시 도봉구 방학제2동 632-34,127.03399,37.665947,2008-01-01,벽부등,02-2091-4083,서울특별시 도봉구청,2017-05-17
06-05-11,1,서울특별시 도봉구 방학제2동 641-6,서울특별시 도봉구 방학제2동 641-6,127.037559,37.66748,2008-01-01,한전주,02-2091-4083,서울특별시 도봉구청,2017-05-17
06-01-11,1,서울특별시 도봉구 도당로13바길 109,서울특별시 도봉구 방학제2동 624-17,127.039001,37.669865,2008-01-22,한전주,02-2091-4083,서울특별시 도봉구청,2017-05-17
06-15-11,1,서울특별시 도봉구 도당로11길5-16,서울특별시 도봉구 방학제2동 663-14,127.033919,37.663772,2014-02-27,한전주,02-2091-4083,서울특별시 도봉구청,2017-05-17
06-16-11,1,서울특별시 도봉구 방학제2동 632-19,서울특별시 도봉구 방학제2동 632-19,127.033538,37.665513,2006-07-28,벽부등,02-2091-4083,서울특별시 도봉구청,2017-05-17
06-19-11,1,서울특별시 도봉구 시루봉로15길43,서울특별시 도봉구 방학제2동 608-53,127.031461,37.668743,2013-04-22,벽부등,02-2091-4083,서울특별시 도봉구청,2017-05-17
06-20-11,1,서울특별시 도봉구 시루봉로17길 36-8,서울특별시 도봉구 방학제2동 396-22,127.032972,37.669245,2008-01-01,한전주,02-2091-4083,서울특별시 도봉구청,2017-05-17
01-08-01,1,서울특별시 도봉구 쌍문제1동 443-3,서울특별시 도봉구 쌍문제1동 443-3,127.021421,37.65139,2007-02-12,한전주,02-2091-4083,서울특별시 도봉구청,2017-05-17
01-02-07-1,1,서울특별시 도봉구 노해로45길 26,서울특별시 도봉구 쌍문제1동 721,127.027185,37.652056,2015-07-06,한전주,02-2091-4083,서울특별시 도봉구청,2017-05-17
01-12-01,1,서울특별시 도봉구 쌍문제1동 460-67,서울특별시 도봉구 쌍문제1동 460-67,127.02308,37.652458,2016-09-27,벽부등,02-2091-4083,서울특별시 도봉구청,2017-05-17
01-17-01,1,서울특별시 도봉구 삼양로146길 17,서울특별시 도봉구 쌍문제1동 422-137,127.014369,37.653599,2007-02-20,전용주,02-2091-4083,서울특별시 도봉구청,2017-05-17
01-05-01,1,서울특별시 도봉구 우이천로 34가길 29,서울특별시 도봉구 쌍문제1동 363-11,127.024895,37.649309,2006-05-24,벽부등,02-2091-4083,서울특별시 도봉구청,2017-05-17
01-11-01,1,서울특별시 도봉구 시루봉로1길 100,서울특별시 도봉구 쌍문제1동 460-51,127.022981,37.65312,2008-01-01,한전주,02-2091-4083,서울특별시 도봉구청,2017-05-17
01-03-01,1,서울특별시 도봉구 쌍문제1동 271-2,서울특별시 도봉구 쌍문제1동 271-2,127.026584,37.651621,2008-01-01,한전주,02-2091-4083,서울특별시 도봉구청,2017-05-17
01-10-01,1,서울특별시 도봉구 노해로41길 38-11,서울특별시 도봉구 쌍문제1동 281-34,127.025224,37.650651,2008-01-01,전용주,02-2091-4083,서울특별시 도봉구청,2017-05-17
01-18-01,2,서울특별시 도봉구 삼양로154길14,서울특별시 도봉구 쌍문제1동 503-5,127.014165,37.655509,2014-03-11,한전주,02-2091-4083,서울특별시 도봉구청,2017-05-17
01-04-01,1,서울특별시 도봉구 노해로41길 37,서울특별시 도봉구 쌍문제1동 304-11,127.025178,37.649525,2008-01-01,벽부등,02-2091-4083,서울특별시 도봉구청,2017-05-17
01-14-01,1,서울특별시 도봉구 쌍문동 460-272,서울특별시 도봉구 쌍문제1동 460-272,127.02166,37.654343,2008-01-01,한전주,02-2091-4083,서울특별시 도봉구청,2017-05-17
01-09-01,2,서울특별시 도봉구 우이천로34길 71,서울특별시 도봉구 쌍문제1동 460-25,127.02357,37.651569,2007-04-17,한전주,02-2091-4083,서울특별시 도봉구청,2017-05-17
01-21-01,1,서울특별시 도봉구 쌍문제1동 480-46,서울특별시 도봉구 쌍문제1동 480-46,127.01766,37.654859,2008-01-01,한전주,02-2091-4083,서울특별시 도봉구청,2017-05-17
01-06-01,1,서울특별시 도봉구 쌍문제1동 414-77,서울특별시 도봉구 쌍문제1동 414-77,127.021586,37.649111,2008-01-01,벽부등,02-2091-4083,서울특별시 도봉구청,2017-05-17
01-15-01,1,서울특별시 도봉구 우이천로44길 13,서울특별시 도봉구 쌍문제1동 494-12,127.017021,37.654455,2008-01-01,한전주,02-2091-4083,서울특별시 도봉구청,2017-05-17
01-23-01,1,서울특별시 도봉구 쌍문제1동 530-11,서울특별시 도봉구 쌍문제1동 530-11,127.015394,37.657989,2008-01-01,한전주,02-2091-4083,서울특별시 도봉구청,2017-05-17
01-24-01,1,서울특별시 도봉구 쌍문제1동 512-20,서울특별시 도봉구 쌍문제1동 512-20,127.014604,37.659326,2008-01-01,한전주,02-2091-4083,서울특별시 도봉구청,2017-05-17
01-16-01,1,서울특별시 도봉구 삼양로144나길 33,서울특별시 도봉구 쌍문제1동 419-21,127.014833,37.651491,2006-03-02,벽부등,02-2091-4083,서울특별시 도봉구청,2017-05-17
01-01-01,1,서울특별시 도봉구 우이천로(쌍1주민센타),서울특별시 도봉구 쌍문제1동 378-45,127.02596,37.647984,2012-03-15,벽부등,02-2091-4083,서울특별시 도봉구청,2017-05-17
01-25-01,1,서울특별시 도봉구 삼양로 632,서울특별시 도봉구 쌍문제1동 533-25,127.014937,37.660176,2008-01-01,한전주,02-2091-4083,서울특별시 도봉구청,2017-05-17
01-20-01,1,서울특별시 도봉구 우이천로48길 3-14,서울특별시 도봉구 쌍문제1동 520-59,127.016534,37.656536,2008-01-01,한전주,02-2091-4083,서울특별시 도봉구청,2017-05-17
01-19-01,1,서울특별시 도봉구 쌍문제1동 495-13,서울특별시 도봉구 쌍문제1동 495-13,127.014605,37.655484,2008-01-01,한전주,02-2091-4083,서울특별시 도봉구청,2017-05-17
01-12-02,1,서울특별시 도봉구 쌍문제1동 460-161,서울특별시 도봉구 쌍문제1동 460-161,127.022199,37.652309,2008-01-01,한전주,02-2091-4083,서울특별시 도봉구청,2017-05-17
01-09-02,1,서울특별시 도봉구 쌍문제1동 460-110,서울특별시 도봉구 쌍문제1동 460-110,127.023638,37.651309,2008-01-01,벽부등,02-2091-4083,서울특별시 도봉구청,2017-05-17
01-01-02,1,서울특별시 도봉구 노해로143-6,서울특별시 도봉구 쌍문제1동 378-37,127.025812,37.648056,2012-03-16,벽부등,02-2091-4083,서울특별시 도봉구청,2017-05-17
01-17-02,1,서울특별시 도봉구 삼양로146길 17,서울특별시 도봉구 쌍문제1동 422-169,127.014335,37.653239,2007-02-20,전용주,02-2091-4083,서울특별시 도봉구청,2017-05-17
01-20-02,1,서울특별시 도봉구 우이천로50길16,서울특별시 도봉구 쌍문제1동 520-57,127.016341,37.656752,2012-05-03,벽부등,02-2091-4083,서울특별시 도봉구청,2017-05-17
01-14-02,1,서울특별시 도봉구 우이천로38길 117,서울특별시 도봉구 쌍문제1동 460-393,127.02186,37.654292,2008-01-01,한전주,02-2091-4083,서울특별시 도봉구청,2017-05-17
01-02-07-2,1,서울특별시 도봉구 노해로41나길 51,서울특별시 도봉구 쌍문제1동 273-63,127.027175,37.652036,2015-07-06,한전주,02-2091-4083,서울특별시 도봉구청,2017-05-17
01-19-02,1,서울특별시 도봉구 쌍문제1동 495-37,서울특별시 도봉구 쌍문제1동 495-37,127.014715,37.655331,2008-01-01,한전주,02-2091-4083,서울특별시 도봉구청,2017-05-17
01-18-02,1,서울특별시 도봉구 쌍문제1동 503-13,서울특별시 도봉구 쌍문제1동 503-13,127.013696,37.655496,2008-01-01,한전주,02-2091-4083,서울특별시 도봉구청,2017-05-17
01-15-02,1,서울특별시 도봉구 쌍문제1동 494-13,서울특별시 도봉구 쌍문제1동 494-13,127.016682,37.654328,2008-01-01,한전주,02-2091-4083,서울특별시 도봉구청,2017-05-17
01-16-02,1,서울특별시 도봉구 삼양로144길 33,서울특별시 도봉구 쌍문제1동 420-5,127.01481,37.651319,2008-01-01,벽부등,02-2091-4083,서울특별시 도봉구청,2017-05-17
01-04-02,1,서울특별시 도봉구 쌍문제1동 304-9,서울특별시 도봉구 쌍문제1동 304-9,127.025102,37.649552,2008-01-01,벽부등,02-2091-4083,서울특별시 도봉구청,2017-05-17
05-08-30,1,서울특별시 도봉구 방학제1동 685-29,서울특별시 도봉구 방학제1동 685-29,127.040108,37.66518,2008-03-10,벽부등,02-2091-4083,서울특별시 도봉구청,2017-05-17
13-14-03,1,서울특별시 도봉구 창제5동 805,서울특별시 도봉구 창제5동 805,127.046043,37.654411,2008-01-01,한전주,02-2091-4083,서울특별시 도봉구청,2017-05-17
13-18-03,1,서울특별시 도봉구 창제5동 731-34,서울특별시 도봉구 창제5동 731-34,127.041307,37.656004,2005-11-12,한전주,02-2091-4083,서울특별시 도봉구청,2017-05-17
13-01-04,2,서울특별시 도봉구 창제5동 691-2,서울특별시 도봉구 창제5동 691-2,127.039487,37.652461,2006-03-17,한전주,02-2091-4083,서울특별시 도봉구청,2017-05-17
13-17-04,1,서울특별시 도봉구 해등로16나길 14,서울특별시 도봉구 창제5동 274-11,127.043827,37.656009,2007-03-23,한전주,02-2091-4083,서울특별시 도봉구청,2017-05-17
13-09-04,1,서울특별시 도봉구 창제5동 261-9,서울특별시 도봉구 창제5동 261-9,127.043218,37.653362,2008-01-01,한전주,02-2091-4083,서울특별시 도봉구청,2017-05-17
13-14-04,1,서울특별시 도봉구 창제5동 134-5,서울특별시 도봉구 창제5동 134-5,127.046155,37.654191,2008-01-01,한전주,02-2091-4083,서울특별시 도봉구청,2017-05-17
13-19-04,1,서울특별시 도봉구 창제5동 731-24,서울특별시 도봉구 창제5동 731-24,127.040746,37.657587,2008-01-01,통신주,02-2091-4083,서울특별시 도봉구청,2017-05-17
13-02-04,1,서울특별시 도봉구 창제5동 700-42,서울특별시 도봉구 창제5동 700-42,127.037485,37.651826,2006-02-28,벽부등,02-2091-4083,서울특별시 도봉구청,2017-05-17
13-05-04,1,서울특별시 도봉구 도봉로130길 13-13,서울특별시 도봉구 창제5동 715-45,127.039561,37.655107,2007-05-14,한전주,02-2091-4083,서울특별시 도봉구청,2017-05-17
13-06-04,1,서울특별시 도봉구 창제5동 296-17,서울특별시 도봉구 창제5동 296-17,127.041125,37.654368,2006-11-23,벽부등,02-2091-4083,서울특별시 도봉구청,2017-05-17
13-07-04,1,서울특별시 도봉구 창제5동 291-7,서울특별시 도봉구 창제5동 291-7,127.043023,37.654744,2007-09-12,한전주,02-2091-4083,서울특별시 도봉구청,2017-05-17
13-16-04,1,서울특별시 도봉구 노해로63다길 72,서울특별시 도봉구 창제5동 241-18,127.044967,37.655589,2007-04-26,한전주,02-2091-4083,서울특별시 도봉구청,2017-05-17
13-18-04,1,서울특별시 도봉구 창제5동 731-132,서울특별시 도봉구 창제5동 731-132,127.040985,37.656245,2005-11-12,한전주,02-2091-4083,서울특별시 도봉구청,2017-05-17
13-13-04,1,서울특별시 도봉구 창제5동 254-1,서울특별시 도봉구 창제5동 254-1,127.045619,37.654336,2008-01-08,한전주,02-2091-4083,서울특별시 도봉구청,2017-05-17
13-02-05,1,서울특별시 도봉구 도봉로 534,서울특별시 도봉구 창제5동 700-33,127.037585,37.653141,2016-05-12,한전주,02-2091-4083,서울특별시 도봉구청,2017-05-17
13-14-05,1,서울특별시 도봉구 노해로63다길 41,서울특별시 도봉구 창제5동 252,127.046257,37.653959,2008-01-01,한전주,02-2091-4083,서울특별시 도봉구청,2017-05-17
13-20-05,2,서울특별시 도봉구 창제5동 811,서울특별시 도봉구 창제5동 811,127.044063,37.662,2006-10-19,한전주,02-2091-4083,서울특별시 도봉구청,2017-05-17
13-01-05,1,서울특별시 도봉구 도봉로126길 22,서울특별시 도봉구 창제5동 691-29,127.03931,37.652449,2006-03-17,한전주,02-2091-4083,서울특별시 도봉구청,2017-05-17
13-05-05,2,서울특별시 도봉구 창제5동 715-35,서울특별시 도봉구 창제5동 715-35,127.039733,37.655388,2010-03-29,한전주,02-2091-4083,서울특별시 도봉구청,2017-05-17
13-06-05,1,서울특별시 도봉구 해등로14길 13,서울특별시 도봉구 창제5동 293-5,127.041408,37.655016,2006-11-23,한전주,02-2091-4083,서울특별시 도봉구청,2017-05-17
13-07-05,1,서울특별시 도봉구 해등로16길 52-6,서울특별시 도봉구 창제5동 291-18,127.042711,37.654854,2008-01-01,한전주,02-2091-4083,서울특별시 도봉구청,2017-05-17
13-16-05,1,서울특별시 도봉구 노해로63다길 71,서울특별시 도봉구 창제5동 247-1,127.044752,37.655547,2006-11-01,한전주,02-2091-4083,서울특별시 도봉구청,2017-05-17
13-08-05,1,서울특별시 도봉구 창제5동 254-37,서울특별시 도봉구 창제5동 254-37,127.045047,37.652879,2008-01-01,벽부등,02-2091-4083,서울특별시 도봉구청,2017-05-17
13-13-05,1,서울특별시 도봉구 창제5동 254-5,서울특별시 도봉구 창제5동 254-5,127.04549,37.65396,2008-01-01,한전주,02-2091-4083,서울특별시 도봉구청,2017-05-17
13-17-05,1,서울특별시 도봉구 창제5동 279-1,서울특별시 도봉구 창제5동 279-1,127.043786,37.65616,2008-01-01,한전주,02-2091-4083,서울특별시 도봉구청,2017-05-17
13-18-05,1,서울특별시 도봉구 해등로16길 7-6,서울특별시 도봉구 창제5동 731-135,127.041126,37.656377,2006-09-25,한전주,02-2091-4083,서울특별시 도봉구청,2017-05-17
13-16-06,1,서울특별시 도봉구 노해로63다길 90,서울특별시 도봉구 창제5동 272-3,127.044412,37.655574,2008-01-01,한전주,02-2091-4083,서울특별시 도봉구청,2017-05-17
13-07-06,1,서울특별시 도봉구 창제5동 291-6,서울특별시 도봉구 창제5동 291-6,127.04304,37.655029,2008-01-01,벽부등,02-2091-4083,서울특별시 도봉구청,2017-05-17
13-01-06,1,서울특별시 도봉구 창제5동 698-10,서울특별시 도봉구 창제5동 698-10,127.039063,37.652547,2006-03-17,한전주,02-2091-4083,서울특별시 도봉구청,2017-05-17
13-08-06,1,서울특별시 도봉구 창제5동 254-35,서울특별시 도봉구 창제5동 254-35,127.045072,37.653159,2008-01-01,한전주,02-2091-4083,서울특별시 도봉구청,2017-05-17
13-20-06,2,서울특별시 도봉구 창제5동 746-86,서울특별시 도봉구 창제5동 746-86,127.043651,37.661938,2006-10-19,한전주,02-2091-4083,서울특별시 도봉구청,2017-05-17
13-02-06,1,서울특별시 도봉구 창제5동 700-43,서울특별시 도봉구 창제5동 700-43,127.037777,37.651957,2006-07-22,한전주,02-2091-4083,서울특별시 도봉구청,2017-05-17
13-05-06,1,서울특별시 도봉구 창제5동 715-12,서울특별시 도봉구 창제5동 715-12,127.039441,37.65551,2008-01-01,한전주,02-2091-4083,서울특별시 도봉구청,2017-05-17
06-03-11,1,서울특별시 도봉구 도당로13나길 56-3,서울특별시 도봉구 방학제2동 642-7,127.037879,37.667469,2008-01-01,벽부등,02-2091-4083,서울특별시 도봉구청,2017-05-17
06-04-12,1,서울특별시 도봉구 방학제2동 661-32,서울특별시 도봉구 방학제2동 661-32,127.035979,37.665496,2008-01-01,한전주,02-2091-4083,서울특별시 도봉구청,2017-05-17
06-11-12,1,서울특별시 도봉구 방학제2동 604-11,서울특별시 도봉구 방학제2동 604-11,127.032914,37.668451,2006-11-29,한전주,02-2091-4083,서울특별시 도봉구청,2017-05-17
06-12-12,1,서울특별시 도봉구 방학제2동 629-2,서울특별시 도봉구 방학제2동 629-2,127.034275,37.66698,2008-01-01,벽부등,02-2091-4083,서울특별시 도봉구청,2017-05-17
06-23-12,1,서울특별시 도봉구 방학제2동 605-9,서울특별시 도봉구 방학제2동 605-9,127.033064,37.668744,2006-07-28,벽부등,02-2091-4083,서울특별시 도봉구청,2017-05-17
06-05-12,1,서울특별시 도봉구 도당로13나길 63,서울특별시 도봉구 방학제2동 641-18,127.037872,37.667702,2008-01-01,한전주,02-2091-4083,서울특별시 도봉구청,2017-05-17
06-21-12,1,서울특별시 도봉구 시루봉로15자길 13-6,서울특별시 도봉구 방학제2동 403-1,127.030919,37.670166,2008-01-01,한전주,02-2091-4083,서울특별시 도봉구청,2017-05-17
06-08-12,1,서울특별시 도봉구 도당로13바길 55,서울특별시 도봉구 방학제2동 622-40,127.036238,37.668567,2008-01-01,한전주,02-2091-4083,서울특별시 도봉구청,2017-05-17
06-09-12,1,서울특별시 도봉구 시루봉로21길 6,서울특별시 도봉구 방학제2동 158-9,127.035821,37.669528,2007-06-15,한전주,02-2091-4083,서울특별시 도봉구청,2017-05-17
06-24-12,1,서울특별시 도봉구 방학제2동 343-4,서울특별시 도봉구 방학제2동 343-4,127.031137,37.666893,2008-01-01,벽부등,02-2091-4083,서울특별시 도봉구청,2017-05-17
06-07-12,1,서울특별시 도봉구 방학제2동 626-34,서울특별시 도봉구 방학제2동 626-34,127.038317,37.669396,2007-01-19,벽부등,02-2091-4083,서울특별시 도봉구청,2017-05-17
06-06-12,1,서울특별시 도봉구 방학제2동 640-26,서울특별시 도봉구 방학제2동 640-26,127.037499,37.668241,2008-01-01,벽부등,02-2091-4083,서울특별시 도봉구청,2017-05-17
06-22-12,1,서울특별시 도봉구 방학제2동 611-21,서울특별시 도봉구 방학제2동 611-21,127.030455,37.668174,2006-10-02,벽부등,02-2091-4083,서울특별시 도봉구청,2017-05-17
06-27-12,1,서울특별시 도봉구 도당로9길 34,서울특별시 도봉구 방학제2동 302,127.032875,37.66332,2008-01-01,한전주,02-2091-4083,서울특별시 도봉구청,2017-05-17
06-10-12,1,서울특별시 도봉구 방학제2동 393-10,서울특별시 도봉구 방학제2동 393-10,127.032328,37.670826,2008-01-01,한전주,02-2091-4083,서울특별시 도봉구청,2017-05-17
06-01-12,1,서울특별시 도봉구 도당로13라길 109-5,서울특별시 도봉구 방학제2동 625-21,127.039331,37.66964,2008-01-01,한전주,02-2091-4083,서울특별시 도봉구청,2017-05-17
06-28-12,1,서울특별시 도봉구 방학제2동 664-43,서울특별시 도봉구 방학제2동 664-43,127.034103,37.663389,2008-01-01,벽부등,02-2091-4083,서울특별시 도봉구청,2017-05-17
06-02-12,1,서울특별시 도봉구 방학제2동 644-28,서울특별시 도봉구 방학제2동 644-28,127.039377,37.668912,2008-01-01,한전주,02-2091-4083,서울특별시 도봉구청,2017-05-17
06-13-12,1,서울특별시 도봉구 도당로13가길 41,서울특별시 도봉구 방학제2동 637-31,127.037413,37.666717,2008-01-01,한전주,02-2091-4083,서울특별시 도봉구청,2017-05-17
06-14-12,1,서울특별시 도봉구 도당로13나길 6,서울특별시 도봉구 방학제2동 633-5,127.035446,37.665935,2008-01-01,한전주,02-2091-4083,서울특별시 도봉구청,2017-05-17
06-25-12,1,서울특별시 도봉구 방학제2동 313-41,서울특별시 도봉구 방학제2동 313-41,127.031015,37.664909,2008-01-01,벽부등,02-2091-4083,서울특별시 도봉구청,2017-05-17
06-03-12,1,서울특별시 도봉구 방학제2동 659-37,서울특별시 도봉구 방학제2동 659-37,127.038666,37.666985,2010-03-17,벽부등,02-2091-4083,서울특별시 도봉구청,2017-05-17
06-20-12,1,서울특별시 도봉구 시루봉로17길 36-23,서울특별시 도봉구 방학제2동 396-23,127.032544,37.669767,2008-01-01,한전주,02-2091-4083,서울특별시 도봉구청,2017-05-17
06-17-12,1,서울특별시 도봉구 방학제2동 630-35,서울특별시 도봉구 방학제2동 630-35,127.033465,37.666118,2008-01-01,벽부등,02-2091-4083,서울특별시 도봉구청,2017-05-17
06-16-12,1,서울특별시 도봉구 방학제2동 632-14,서울특별시 도봉구 방학제2동 632-14,127.0334,37.66564,2006-07-28,벽부등,02-2091-4083,서울특별시 도봉구청,2017-05-17
06-03-13,1,서울특별시 도봉구 도당로17길 14,서울특별시 도봉구 방학제2동 642-61,127.037845,37.667064,2008-01-01,한전주,02-2091-4083,서울특별시 도봉구청,2017-05-17
06-13-13,1,서울특별시 도봉구 방학제2동 637-25,서울특별시 도봉구 방학제2동 637-25,127.03753,37.666959,2008-01-01,벽부등,02-2091-4083,서울특별시 도봉구청,2017-05-17
06-05-13,1,서울특별시 도봉구 방학제2동 641-38,서울특별시 도봉구 방학제2동 641-38,127.038148,37.668059,2008-01-01,벽부등,02-2091-4083,서울특별시 도봉구청,2017-05-17
06-04-13,1,서울특별시 도봉구 방학제2동 660-36,서울특별시 도봉구 방학제2동 660-36,127.037742,37.66618,2008-01-01,한전주,02-2091-4083,서울특별시 도봉구청,2017-05-17
06-07-13,1,서울특별시 도봉구 도당로13라길 97,서울특별시 도봉구 방학제2동 626-31,127.038654,37.669324,2007-12-03,한전주,02-2091-4083,서울특별시 도봉구청,2017-05-17
06-21-13,1,서울특별시 도봉구 시루봉로15자길 21,서울특별시 도봉구 방학제2동 402-10,127.031053,37.670285,2006-04-06,한전주,02-2091-4083,서울특별시 도봉구청,2017-05-17
06-06-13,2,서울특별시 도봉구 도봉로151길 104,서울특별시 도봉구 방학제2동 640-25,127.037664,37.668208,2008-01-01,한전주,02-2091-4083,서울특별시 도봉구청,2017-05-17
06-09-13,2,서울특별시 도봉구 시루봉로21길 8,서울특별시 도봉구 방학제2동 158-8,127.035796,37.669775,2006-06-15,한전주,02-2091-4083,서울특별시 도봉구청,2017-05-17
06-02-13,1,서울특별시 도봉구 도봉로151길 76,서울특별시 도봉구 방학제2동 644-45,127.038988,37.668826,2008-01-01,한전주,02-2091-4083,서울특별시 도봉구청,2017-05-17
01-08-02,1,서울특별시 도봉구 쌍문제1동 443-3,서울특별시 도봉구 쌍문제1동 443-3,127.021568,37.651668,2007-02-12,한전주,02-2091-4083,서울특별시 도봉구청,2017-05-17
01-24-02,1,서울특별시 도봉구 쌍문제1동 512-21,서울특별시 도봉구 쌍문제1동 512-21,127.014599,37.659133,2008-01-01,한전주,02-2091-4083,서울특별시 도봉구청,2017-05-17
01-11-02,1,서울특별시 도봉구 쌍문제1동 460-18,서울특별시 도봉구 쌍문제1동 460-18,127.023785,37.652507,2008-01-01,벽부등,02-2091-4083,서울특별시 도봉구청,2017-05-17
01-22-02,1,서울특별시 도봉구 우이천로48길 21,서울특별시 도봉구 쌍문제1동 524-72,127.016968,37.656548,2008-01-01,한전주,02-2091-4083,서울특별시 도봉구청,2017-05-17
01-05-02,2,서울특별시 도봉구 우이천로32길 12,서울특별시 도봉구 쌍문제1동 349-15,127.0251,37.648345,2006-05-24,한전주,02-2091-4083,서울특별시 도봉구청,2017-05-17
01-03-02,1,서울특별시 도봉구 쌍문제1동 279-1,서울특별시 도봉구 쌍문제1동 279-1,127.02653,37.651071,2008-01-01,한전주,02-2091-4083,서울특별시 도봉구청,2017-05-17
01-25-02,1,서울특별시 도봉구 삼양로162가길 42-10,서울특별시 도봉구 쌍문제1동 532-1,127.015373,37.660168,2008-01-01,한전주,02-2091-4083,서울특별시 도봉구청,2017-05-17
01-21-02,1,서울특별시 도봉구 쌍문제1동 486-103,서울특별시 도봉구 쌍문제1동 486-103,127.018935,37.655397,2008-01-01,전용주,02-2091-4083,서울특별시 도봉구청,2017-05-17
01-10-02,1,서울특별시 도봉구 쌍문제1동 281-52,서울특별시 도봉구 쌍문제1동 281-52,127.025292,37.650849,2008-01-01,한전주,02-2091-4083,서울특별시 도봉구청,2017-05-17
01-10-03,1,서울특별시 도봉구 노해로45길 48,서울특별시 도봉구 쌍문제1동 277-5,127.025383,37.651047,2008-01-01,한전주,02-2091-4083,서울특별시 도봉구청,2017-05-17
01-14-03,1,서울특별시 도봉구 쌍문제1동 460-247,서울특별시 도봉구 쌍문제1동 460-247,127.022075,37.654238,2008-01-01,전용주,02-2091-4083,서울특별시 도봉구청,2017-05-17
01-03-03,2,서울특별시 도봉구 노해로45길 33,서울특별시 도봉구 쌍문제1동 281-14,127.026502,37.650717,2008-01-01,벽부등,02-2091-4083,서울특별시 도봉구청,2017-05-17
01-22-03,1,서울특별시 도봉구 쌍문제1동 507-35,서울특별시 도봉구 쌍문제1동 507-35,127.016853,37.65599,2008-01-01,한전주,02-2091-4083,서울특별시 도봉구청,2017-05-17
01-02-03,1,서울특별시 도봉구 노해로45길 17,서울특별시 도봉구 쌍문제1동 309-13,127.027139,37.650443,2008-01-01,한전주,02-2091-4083,서울특별시 도봉구청,2017-05-17
01-01-03,1,서울특별시 도봉구 노해로143-6,서울특별시 도봉구 쌍문제1동 378-38,127.025903,37.648245,2012-03-16,벽부등,02-2091-4083,서울특별시 도봉구청,2017-05-17
01-08-03,1,서울특별시 도봉구 쌍문제1동 460-3,서울특별시 도봉구 쌍문제1동 460-3,127.021587,37.651887,2007-02-12,한전주,02-2091-4083,서울특별시 도봉구청,2017-05-17
01-15-03,1,서울특별시 도봉구 쌍문제1동 494-14,서울특별시 도봉구 쌍문제1동 494-14,127.016545,37.654312,2008-01-01,벽부등,02-2091-4083,서울특별시 도봉구청,2017-05-17
01-04-03,1,서울특별시 도봉구 쌍문제1동 303-1,서울특별시 도봉구 쌍문제1동 303-1,127.025191,37.649764,2008-01-01,한전주,02-2091-4083,서울특별시 도봉구청,2017-05-17
01-25-03,1,서울특별시 도봉구 쌍문제1동 532-62,서울특별시 도봉구 쌍문제1동 532-62,127.015728,37.660194,2008-01-01,한전주,02-2091-4083,서울특별시 도봉구청,2017-05-17
01-11-03,1,서울특별시 도봉구 우이천로38라길 21,서울특별시 도봉구 쌍문제1동 460-321,127.023899,37.652724,2008-01-01,한전주,02-2091-4083,서울특별시 도봉구청,2017-05-17
01-24-03,1,서울특별시 도봉구 쌍문제1동 512-23,서울특별시 도봉구 쌍문제1동 512-23,127.014195,37.659042,2008-01-01,벽부등,02-2091-4083,서울특별시 도봉구청,2017-05-17
01-21-03,1,서울특별시 도봉구 우이천로48길 59,서울특별시 도봉구 쌍문제1동 486-82,127.018596,37.655509,2008-01-01,한전주,02-2091-4083,서울특별시 도봉구청,2017-05-17
01-18-03,1,서울특별시 도봉구 쌍문제1동 503-30,서울특별시 도봉구 쌍문제1동 503-30,127.01346,37.65522,2008-01-01,한전주,02-2091-4083,서울특별시 도봉구청,2017-05-17
01-05-03,1,서울특별시 도봉구 우아천로360,서울특별시 도봉구 쌍문제1동 360-4,127.025111,37.649084,2014-09-25,벽부등,02-2091-4083,서울특별시 도봉구청,2017-05-17
01-16-03,1,서울특별시 도봉구 삼양로144나길 29,서울특별시 도봉구 쌍문제1동 422-68,127.014754,37.651085,2008-01-01,한전주,02-2091-4083,서울특별시 도봉구청,2017-05-17
01-19-03,1,서울특별시 도봉구 우이천로47길21,서울특별시 도봉구 쌍문제1동 498-43,127.014754,37.655203,2012-05-03,벽부등,02-2091-4083,서울특별시 도봉구청,2017-05-17
01-17-03,1,서울특별시 도봉구 삼양로146길 17,서울특별시 도봉구 쌍문제1동 422-2,127.014346,37.652959,2007-02-20,전용주,02-2091-4083,서울특별시 도봉구청,2017-05-17
01-12-03,1,서울특별시 도봉구 쌍문제1동 460-90,서울특별시 도봉구 쌍문제1동 460-90,127.022496,37.65201,2008-01-01,한전주,02-2091-4083,서울특별시 도봉구청,2017-05-17
01-09-03,1,서울특별시 도봉구 우이천로38길 44,서울특별시 도봉구 쌍문제1동 460-116,127.023287,37.651202,2008-01-01,한전주,02-2091-4083,서울특별시 도봉구청,2017-05-17
01-20-03,1,서울특별시 도봉구 쌍문제1동 520-19,서울특별시 도봉구 쌍문제1동 520-19,127.015989,37.656481,2008-01-01,전용주,02-2091-4083,서울특별시 도봉구청,2017-05-17
01-17-04,1,서울특별시 도봉구 삼양로146길 26,서울특별시 도봉구 쌍문제1동 422-138,127.01438,37.652743,2007-02-20,전용주,02-2091-4083,서울특별시 도봉구청,2017-05-17
01-12-04,1,서울특별시 도봉구 쌍문제1동 460-333,서울특별시 도봉구 쌍문제1동 460-333,127.022474,37.651647,2008-01-01,벽부등,02-2091-4083,서울특별시 도봉구청,2017-05-17
01-19-04,1,서울특별시 도봉구 우이천로47길19,서울특별시 도봉구 쌍문제1동 498-42,127.014845,37.655113,2008-01-01,한전주,02-2091-4083,서울특별시 도봉구청,2017-05-17
01-14-04,1,서울특별시 도봉구 쌍문제1동 460-242,서울특별시 도봉구 쌍문제1동 460-242,127.022363,37.654374,2008-01-01,한전주,02-2091-4083,서울특별시 도봉구청,2017-05-17
13-06-06,1,서울특별시 도봉구 창제5동 296-13,서울특별시 도봉구 창제5동 296-13,127.041209,37.654898,2008-01-01,한전주,02-2091-4083,서울특별시 도봉구청,2017-05-17
13-19-06,1,서울특별시 도봉구 창제5동 731-26,서울특별시 도봉구 창제5동 731-26,127.040839,37.657409,2006-09-05,한전주,02-2091-4083,서울특별시 도봉구청,2017-05-17
13-13-06,1,서울특별시 도봉구 창제5동 254-40,서울특별시 도봉구 창제5동 254-40,127.045353,37.653689,2008-01-01,한전주,02-2091-4083,서울특별시 도봉구청,2017-05-17
13-18-06,1,서울특별시 도봉구 해등로16길 7,서울특별시 도봉구 창제5동 731-134,127.040684,37.656386,2005-11-12,한전주,02-2091-4083,서울특별시 도봉구청,2017-05-17
13-14-06,1,서울특별시 도봉구 창제5동 254-3,서울특별시 도봉구 창제5동 254-3,127.04579,37.654509,2008-01-01,한전주,02-2091-4083,서울특별시 도봉구청,2017-05-17
13-16-07,2,서울특별시 도봉구 노해로63다길 90,서울특별시 도봉구 창제5동 273-8,127.044137,37.655506,2008-01-01,한전주,02-2091-4083,서울특별시 도봉구청,2017-05-17
13-07-07,1,서울특별시 도봉구 창제5동 263-37,서울특별시 도봉구 창제5동 263-37,127.044197,37.654747,2008-01-01,전용주,02-2091-4083,서울특별시 도봉구청,2017-05-17
13-20-07,2,서울특별시 도봉구 창제5동 746-31,서울특별시 도봉구 창제5동 746-31,127.043223,37.661878,2006-10-19,한전주,02-2091-4083,서울특별시 도봉구청,2017-05-17
13-19-07,1,서울특별시 도봉구 창제5동 731-115,서울특별시 도봉구 창제5동 731-115,127.041107,37.65732,2008-01-01,한전주,02-2091-4083,서울특별시 도봉구청,2017-05-17
13-01-07,1,서울특별시 도봉구 창제5동 700-65,서울특별시 도봉구 창제5동 700-65,127.038713,37.6524,2006-05-08,한전주,02-2091-4083,서울특별시 도봉구청,2017-05-17
13-08-07,1,서울특별시 도봉구 창제5동 254-33,서울특별시 도봉구 창제5동 254-33,127.045056,37.653382,2008-01-01,한전주,02-2091-4083,서울특별시 도봉구청,2017-05-17
13-02-07,1,서울특별시 도봉구 창제5동 700-61,서울특별시 도봉구 창제5동 700-61,127.037947,37.652236,2006-11-23,한전주,02-2091-4083,서울특별시 도봉구청,2017-05-17
13-06-07,1,서울특별시 도봉구 해등로16가길 28,서울특별시 도봉구 창제5동 296-14,127.041448,37.654905,2008-01-01,한전주,02-2091-4083,서울특별시 도봉구청,2017-05-17
13-05-07,1,서울특별시 도봉구 창제5동 715-44,서울특별시 도봉구 창제5동 715-44,127.039934,37.65567,2008-01-01,한전주,02-2091-4083,서울특별시 도봉구청,2017-05-17
13-14-07,1,서울특별시 도봉구 노해로63다길34,서울특별시 도봉구 창제5동 251-6,127.045805,37.655078,2012-12-03,한전주,02-2091-4083,서울특별시 도봉구청,2017-05-17
13-13-07,1,서울특별시 도봉구 노해로63다길 18,서울특별시 도봉구 창제5동 135-11,127.046394,37.653627,2008-01-01,한전주,02-2091-4083,서울특별시 도봉구청,2017-05-17
13-18-07,1,서울특별시 도봉구 해등로16길 1,서울특별시 도봉구 창제5동 731-36,127.040434,37.656458,2013-07-04,한전주,02-2091-4083,서울특별시 도봉구청,2017-05-17
13-20-08,1,서울특별시 도봉구 창제5동 746-35,서울특별시 도봉구 창제5동 746-35,127.043276,37.661721,2008-01-01,벽부등,02-2091-4083,서울특별시 도봉구청,2017-05-17
13-19-08,1,서울특별시 도봉구 창제5동 731-66,서울특별시 도봉구 창제5동 731-66,127.041674,37.657339,2006-10-28,한전주,02-2091-4083,서울특별시 도봉구청,2017-05-17
13-18-08,1,서울특별시 도봉구 도봉로 592,서울특별시 도봉구 창제5동 731-51,127.040401,37.657485,2008-01-01,한전주,02-2091-4083,서울특별시 도봉구청,2017-05-17
13-07-08,1,서울특별시 도봉구 노해로63나길 16-14,서울특별시 도봉구 창제5동 263-7,127.044532,37.654662,2008-01-01,통신주,02-2091-4083,서울특별시 도봉구청,2017-05-17
13-01-08,1,서울특별시 도봉구 노해로 269-7,서울특별시 도봉구 창제5동 700-19,127.038449,37.651954,2006-05-08,한전주,02-2091-4083,서울특별시 도봉구청,2017-05-17
13-02-08,1,서울특별시 도봉구 창제5동 700-115,서울특별시 도봉구 창제5동 700-115,127.038116,37.652525,2006-11-23,한전주,02-2091-4083,서울특별시 도봉구청,2017-05-17
13-06-08,1,서울특별시 도봉구 창제5동 296-44,서울특별시 도봉구 창제5동 296-44,127.041667,37.654972,2006-11-23,한전주,02-2091-4083,서울특별시 도봉구청,2017-05-17
13-05-08,1,서울특별시 도봉구 창제5동 715-41,서울특별시 도봉구 창제5동 715-41,127.040009,37.655801,2008-01-01,벽부등,02-2091-4083,서울특별시 도봉구청,2017-05-17
13-16-08,1,서울특별시 도봉구 창제5동 274-1,서울특별시 도봉구 창제5동 274-1,127.043971,37.655182,2006-11-01,한전주,02-2091-4083,서울특별시 도봉구청,2017-05-17
13-08-08,1,서울특별시 도봉구 노해로63가길 19-3,서울특별시 도봉구 창제5동 258-13,127.044645,37.653511,2007-08-25,한전주,02-2091-4083,서울특별시 도봉구청,2017-05-17
13-13-08,1,서울특별시 도봉구 노해로63다길 7-17,서울특별시 도봉구 창제5동 134-2,127.046201,37.653573,2007-10-19,한전주,02-2091-4083,서울특별시 도봉구청,2017-05-17
13-16-09,1,서울특별시 도봉구 해등로16길 81,서울특별시 도봉구 창제5동 266,127.043863,37.654986,2015-06-26,한전주,02-2091-4083,서울특별시 도봉구청,2017-05-17
05-12-30,1,서울특별시 도봉구 방학로2길 23-21,서울특별시 도봉구 방학제1동 688-21,127.040247,37.664089,2008-01-01,한전주,02-2091-4083,서울특별시 도봉구청,2017-05-17
05-21-31,1,서울특별시 도봉구 방학로3길 12-48,서울특별시 도봉구 방학제1동 675-5,127.039818,37.662233,2015-12-21,벽부등,02-2091-4083,서울특별시 도봉구청,2017-05-17
05-22-31,1,서울특별시 도봉구 도봉로152길 36,서울특별시 도봉구 방학제1동 719-11,127.045757,37.669369,2008-01-01,한전주,02-2091-4083,서울특별시 도봉구청,2017-05-17
05-04-31,1,서울특별시 도봉구 방학제1동 650-35,서울특별시 도봉구 방학제1동 650-35,127.041677,37.669112,2008-01-01,한전주,02-2091-4083,서울특별시 도봉구청,2017-05-17
05-12-31,1,서울특별시 도봉구 방학로2길 23-13,서울특별시 도봉구 방학제1동 688-7,127.040433,37.663967,2008-01-01,전용주,02-2091-4083,서울특별시 도봉구청,2017-05-17
06-20-13,1,서울특별시 도봉구 시루봉로17길 36-31,서울특별시 도봉구 방학제2동 396-28,127.032579,37.669975,2008-01-01,한전주,02-2091-4083,서울특별시 도봉구청,2017-05-17
06-16-13,1,서울특별시 도봉구 방학제2동 632-22,서울특별시 도봉구 방학제2동 632-22,127.033738,37.665665,2008-01-01,벽부등,02-2091-4083,서울특별시 도봉구청,2017-05-17
06-28-13,1,서울특별시 도봉구 방학제2동 665-30,서울특별시 도봉구 방학제2동 665-30,127.03363,37.662838,2007-05-23,벽부등,02-2091-4083,서울특별시 도봉구청,2017-05-17
06-12-13,1,서울특별시 도봉구 방학제2동 620-37,서울특별시 도봉구 방학제2동 620-37,127.034048,37.667047,2008-01-01,독립주,02-2091-4083,서울특별시 도봉구청,2017-05-17
06-27-13,1,서울특별시 도봉구 방학로10길 9,서울특별시 도봉구 방학제2동 668-4,127.032921,37.662967,2008-01-01,한전주,02-2091-4083,서울특별시 도봉구청,2017-05-17
06-08-13,1,서울특별시 도봉구 도당로13바길 48,서울특별시 도봉구 방학제2동 622-37,127.035816,37.668344,2008-01-01,한전주,02-2091-4083,서울특별시 도봉구청,2017-05-17
06-17-13,1,서울특별시 도봉구 방학제2동 630-27,서울특별시 도봉구 방학제2동 630-27,127.033726,37.666353,2008-01-01,벽부등,02-2091-4083,서울특별시 도봉구청,2017-05-17
06-14-13,1,서울특별시 도봉구 도당로13나길 6-6,서울특별시 도봉구 방학제2동 633-4,127.035656,37.665776,2010-04-16,벽부등,02-2091-4083,서울특별시 도봉구청,2017-05-17
06-01-13,1,서울특별시 도봉구 도당로19길 55,서울특별시 도봉구 방학제2동 625-22,127.039462,37.669448,2008-01-01,한전주,02-2091-4083,서울특별시 도봉구청,2017-05-17
06-24-13,1,서울특별시 도봉구 시루봉로13가길 23,서울특별시 도봉구 방학제2동 344,127.030638,37.667459,2012-11-27,한전주,02-2091-4083,서울특별시 도봉구청,2017-05-17
06-22-13,1,서울특별시 도봉구 방학제2동 610-24,서울특별시 도봉구 방학제2동 610-24,127.029947,37.668156,2007-05-25,벽부등,02-2091-4083,서울특별시 도봉구청,2017-05-17
06-11-13,1,서울특별시 도봉구 방학제2동 604-20,서울특별시 도봉구 방학제2동 604-20,127.0331,37.66837,2007-11-07,벽부등,02-2091-4083,서울특별시 도봉구청,2017-05-17
06-25-13,1,서울특별시 도봉구 방학제2동 312-3,서울특별시 도봉구 방학제2동 312-3,127.03057,37.665066,2008-01-01,벽부등,02-2091-4083,서울특별시 도봉구청,2017-05-17
06-10-13,1,서울특별시 도봉구 방학제2동 393-27,서울특별시 도봉구 방학제2동 393-27,127.032279,37.671113,2008-01-01,한전주,02-2091-4083,서울특별시 도봉구청,2017-05-17
06-24-14,1,서울특별시 도봉구 시루봉로13가길 3,서울특별시 도봉구 방학제2동 343,127.031372,37.666905,2014-05-12,벽부등,02-2091-4083,서울특별시 도봉구청,2017-05-17
06-07-14,1,서울특별시 도봉구 방학제2동 623-5,서울특별시 도봉구 방학제2동 623-5,127.037291,37.669722,2008-01-01,한전주,02-2091-4083,서울특별시 도봉구청,2017-05-17
06-05-14,1,서울특별시 도봉구 시루봉로22길 40,서울특별시 도봉구 방학제2동 641-45,127.038376,37.668203,2008-01-01,한전주,02-2091-4083,서울특별시 도봉구청,2017-05-17
06-13-14,1,서울특별시 도봉구 방학제2동 637-15,서울특별시 도봉구 방학제2동 637-15,127.037374,37.667095,2008-01-01,벽부등,02-2091-4083,서울특별시 도봉구청,2017-05-17
06-06-14,1,서울특별시 도봉구 도봉로151길 102,서울특별시 도봉구 방학제2동 640-34,127.037768,37.668329,2008-01-01,한전주,02-2091-4083,서울특별시 도봉구청,2017-05-17
06-27-14,1,서울특별시 도봉구 방학제2동 668-31,서울특별시 도봉구 방학제2동 668-31,127.032939,37.662726,2008-01-01,벽부등,02-2091-4083,서울특별시 도봉구청,2017-05-17
06-04-14,1,서울특별시 도봉구 도당로 87,서울특별시 도봉구 방학제2동 661-8,127.036542,37.665352,2014-10-14,한전주,02-2091-4083,서울특별시 도봉구청,2017-05-17
06-12-14,1,서울특별시 도봉구 방학제2동 620-35,서울특별시 도봉구 방학제2동 620-35,127.0341,37.667244,2008-01-01,벽부등,02-2091-4083,서울특별시 도봉구청,2017-05-17
06-14-14,1,서울특별시 도봉구 도당로13나길 6-5,서울특별시 도봉구 방학제2동 633-8,127.035695,37.666104,2006-08-31,한전주,02-2091-4083,서울특별시 도봉구청,2017-05-17
06-16-14,1,서울특별시 도봉구 도당로13길29,서울특별시 도봉구 방학제2동 632-17,127.033978,37.665433,2014-03-17,벽부등,02-2091-4083,서울특별시 도봉구청,2017-05-17
06-25-14,1,서울특별시 도봉구 도당로13마길26,서울특별시 도봉구 방학제2동 619-29,127.032722,37.666133,2014-01-17,한전주,02-2091-4083,서울특별시 도봉구청,2017-05-17
06-10-14,1,서울특별시 도봉구 방학제2동 393-14,서울특별시 도봉구 방학제2동 393-14,127.032401,37.671089,2008-01-01,벽부등,02-2091-4083,서울특별시 도봉구청,2017-05-17
06-08-14,1,서울특별시 도봉구 시루봉로 230-5,서울특별시 도봉구 방학제2동 622-36,127.03568,37.668452,2007-09-12,한전주,02-2091-4083,서울특별시 도봉구청,2017-05-17
06-28-14,1,서울특별시 도봉구 도당로9길 20,서울특별시 도봉구 방학제2동 666-18,127.033423,37.663021,2007-05-02,한전주,02-2091-4083,서울특별시 도봉구청,2017-05-17
06-09-14,2,서울특별시 도봉구 시루봉로21길 18,서울특별시 도봉구 방학제2동 158-4,127.035806,37.670082,2006-06-15,한전주,02-2091-4083,서울특별시 도봉구청,2017-05-17
06-02-14,1,서울특별시 도봉구 방학제2동 643-19,서울특별시 도봉구 방학제2동 643-19,127.039009,37.668582,2008-01-01,벽부등,02-2091-4083,서울특별시 도봉구청,2017-05-17
06-03-14,1,서울특별시 도봉구 도당로17길 8,서울특별시 도봉구 방학제2동 659-2,127.038129,37.666794,2007-04-02,한전주,02-2091-4083,서울특별시 도봉구청,2017-05-17
06-18-14,1,서울특별시 도봉구 시루봉로15다길 21,서울특별시 도봉구 방학제2동 615-19,127.031869,37.667743,2008-01-01,한전주,02-2091-4083,서울특별시 도봉구청,2017-05-17
06-23-14,1,서울특별시 도봉구 시루봉로15길 30,서울특별시 도봉구 방학제2동 605-27,127.032119,37.668617,2016-12-02,한전주,02-2091-4083,서울특별시 도봉구청,2017-05-17
06-20-14,1,서울특별시 도봉구 시루봉로17길 36-26,서울특별시 도봉구 방학제2동 396-33,127.032938,37.669957,2008-01-01,벽부등,02-2091-4083,서울특별시 도봉구청,2017-05-17
01-25-04,1,서울특별시 도봉구 쌍문제1동 532-31,서울특별시 도봉구 쌍문제1동 532-31,127.015968,37.660218,2008-01-01,한전주,02-2091-4083,서울특별시 도봉구청,2017-05-17
01-16-04,1,서울특별시 도봉구 쌍문제1동 420-41,서울특별시 도봉구 쌍문제1동 420-41,127.015235,37.649824,2008-01-01,벽부등,02-2091-4083,서울특별시 도봉구청,2017-05-17
01-22-04,1,서울특별시 도봉구 쌍문제1동 22-5,서울특별시 도봉구 쌍문제1동 22-5,127.017049,37.655977,2008-01-01,전용주,02-2091-4083,서울특별시 도봉구청,2017-05-17
01-18-04,1,서울특별시 도봉구 삼양로 12,서울특별시 도봉구 쌍문제1동 503-18,127.013768,37.655239,2008-01-01,전용주,02-2091-4083,서울특별시 도봉구청,2017-05-17
01-01-04,2,서울특별시 도봉구 쌍문제1동 348-10,서울특별시 도봉구 쌍문제1동 348-10,127.025757,37.648434,2008-01-01,한전주,02-2091-4083,서울특별시 도봉구청,2017-05-17
01-08-04,1,서울특별시 도봉구 쌍문제1동 458,서울특별시 도봉구 쌍문제1동 458,127.021791,37.65194,2007-02-12,한전주,02-2091-4083,서울특별시 도봉구청,2017-05-17
01-24-04,1,서울특별시 도봉구 쌍문제1동 512-4,서울특별시 도봉구 쌍문제1동 512-4,127.014218,37.658683,2007-10-15,전용주,02-2091-4083,서울특별시 도봉구청,2017-05-17
01-04-04,1,서울특별시 도봉구 쌍문제1동 304,서울특별시 도봉구 쌍문제1동 304,127.025167,37.649849,2008-01-01,한전주,02-2091-4083,서울특별시 도봉구청,2017-05-17
01-10-04,1,서울특별시 도봉구 우이천로32길 82,서울특별시 도봉구 쌍문제1동 277,127.025451,37.651228,2008-01-01,한전주,02-2091-4083,서울특별시 도봉구청,2017-05-17
01-11-04,1,서울특별시 도봉구 쌍문제1동 460-196,서울특별시 도봉구 쌍문제1동 460-196,127.023564,37.652972,2007-07-08,한전주,02-2091-4083,서울특별시 도봉구청,2017-05-17
01-15-04,1,서울특별시 도봉구 쌍문제1동 490-3,서울특별시 도봉구 쌍문제1동 490-3,127.016403,37.654275,2007-05-30,벽부등,02-2091-4083,서울특별시 도봉구청,2017-05-17
01-07-04,1,서울특별시 도봉구 쌍문제1동 437-8,서울특별시 도봉구 쌍문제1동 437-8,127.02031,37.650066,2008-01-01,한전주,02-2091-4083,서울특별시 도봉구청,2017-05-17
01-20-04,1,서울특별시 도봉구 쌍문제1동 520-20,서울특별시 도봉구 쌍문제1동 520-20,127.016139,37.656284,2008-01-01,한전주,02-2091-4083,서울특별시 도봉구청,2017-05-17
01-02-04,1,서울특별시 도봉구 쌍문제1동 721-1,서울특별시 도봉구 쌍문제1동 721-1,127.026816,37.650633,2007-09-20,전용주,02-2091-4083,서울특별시 도봉구청,2017-05-17
01-21-04,1,서울특별시 도봉구 쌍문제1동 486-74,서울특별시 도봉구 쌍문제1동 486-74,127.018706,37.656001,2008-01-01,벽부등,02-2091-4083,서울특별시 도봉구청,2017-05-17
01-09-04,1,서울특별시 도봉구 쌍문제1동 286-7,서울특별시 도봉구 쌍문제1동 286-7,127.023487,37.651095,2008-01-01,전용주,02-2091-4083,서울특별시 도봉구청,2017-05-17
01-08-05,1,서울특별시 도봉구 쌍문제1동 457,서울특별시 도봉구 쌍문제1동 457,127.022248,37.651809,2008-01-01,한전주,02-2091-4083,서울특별시 도봉구청,2017-05-17
01-18-05,1,서울특별시 도봉구 쌍문제1동 505-9,서울특별시 도봉구 쌍문제1동 505-9,127.013756,37.655102,2008-01-01,한전주,02-2091-4083,서울특별시 도봉구청,2017-05-17
01-02-05,1,서울특별시 도봉구 노해로41나길 33,서울특별시 도봉구 쌍문제1동 307-15,127.026731,37.650993,2008-01-01,한전주,02-2091-4083,서울특별시 도봉구청,2017-05-17
01-25-05,1,서울특별시 도봉구 쌍문제1동 532-25,서울특별시 도봉구 쌍문제1동 532-25,127.016194,37.660246,2008-01-01,벽부등,02-2091-4083,서울특별시 도봉구청,2017-05-17
01-07-05,1,서울특별시 도봉구 쌍문제1동 416-27,서울특별시 도봉구 쌍문제1동 416-27,127.020091,37.649976,2008-01-01,한전주,02-2091-4083,서울특별시 도봉구청,2017-05-17
01-24-05,2,서울특별시 도봉구 쌍문제1동 512-3,서울특별시 도봉구 쌍문제1동 512-3,127.014222,37.658224,2006-02-17,한전주,02-2091-4083,서울특별시 도봉구청,2017-05-17
01-22-05,1,서울특별시 도봉구 쌍문제1동 22-6,서울특별시 도봉구 쌍문제1동 22-6,127.017351,37.655913,2008-01-01,한전주,02-2091-4083,서울특별시 도봉구청,2017-05-17
01-20-05,1,서울특별시 도봉구 쌍문제1동 487-13,서울특별시 도봉구 쌍문제1동 487-13,127.016176,37.656136,2008-01-01,벽부등,02-2091-4083,서울특별시 도봉구청,2017-05-17
01-04-05,1,서울특별시 도봉구 쌍문제1동 304-8,서울특별시 도봉구 쌍문제1동 304-8,127.025194,37.650016,2008-01-01,한전주,02-2091-4083,서울특별시 도봉구청,2017-05-17
01-01-05,1,서울특별시 도봉구 쌍문제1동 348-10,서울특별시 도봉구 쌍문제1동 348-10,127.026152,37.648288,2008-01-01,전용주,02-2091-4083,서울특별시 도봉구청,2017-05-17
01-11-05,1,서울특별시 도봉구 쌍문제1동 460-201,서울특별시 도봉구 쌍문제1동 460-201,127.023242,37.6533,2008-01-01,한전주,02-2091-4083,서울특별시 도봉구청,2017-05-17
01-21-05,1,서울특별시 도봉구 쌍문제1동 486-25,서울특별시 도봉구 쌍문제1동 486-25,127.01836,37.655768,2008-01-01,한전주,02-2091-4083,서울특별시 도봉구청,2017-05-17
01-10-05,1,서울특별시 도봉구 우이천로32길 85,서울특별시 도봉구 쌍문제1동 273-14,127.025564,37.651543,2008-01-01,한전주,02-2091-4083,서울특별시 도봉구청,2017-05-17
01-05-05,1,서울특별시 도봉구 쌍문제1동 361-6,서울특별시 도봉구 쌍문제1동 361-6,127.023292,37.64889,2008-01-01,한전주,02-2091-4083,서울특별시 도봉구청,2017-05-17
01-09-05,1,서울특별시 도봉구 우이천로38길 36,서울특별시 도봉구 쌍문제1동 460-123,127.023095,37.650962,2008-01-01,한전주,02-2091-4083,서울특별시 도봉구청,2017-05-17
01-12-05,1,서울특별시 도봉구 쌍문제1동 460-355,서울특별시 도봉구 쌍문제1동 460-355,127.022905,37.651158,2008-01-01,한전주,02-2091-4083,서울특별시 도봉구청,2017-05-17
01-16-05,1,서울특별시 도봉구 쌍문제1동 427-16,서울특별시 도봉구 쌍문제1동 427-16,127.018039,37.648787,2008-01-01,한전주,02-2091-4083,서울특별시 도봉구청,2017-05-17
01-23-05,1,서울특별시 도봉구 삼양로162길 34,서울특별시 도봉구 쌍문제1동 530-4,127.015809,37.65787,2006-06-28,한전주,02-2091-4083,서울특별시 도봉구청,2017-05-17
05-05-31,1,서울특별시 도봉구 도당로27길20-16,서울특별시 도봉구 방학제1동 649-51,127.041381,37.667986,2012-08-07,벽부등,02-2091-4083,서울특별시 도봉구청,2017-05-17
05-08-31,1,서울특별시 도봉구 방학제1동 686-53,서울특별시 도봉구 방학제1동 686-53,127.040701,37.664894,2008-01-01,벽부등,02-2091-4083,서울특별시 도봉구청,2017-05-17
05-23-31,1,서울특별시 도봉구 도봉로150바길 8,서울특별시 도봉구 방학제1동,127.045212,37.665587,2015-11-24,벽부등,02-2091-4083,서울특별시 도봉구청,2017-05-17
05-04-32,1,서울특별시 도봉구 방학제1동 650-48,서울특별시 도봉구 방학제1동 650-48,127.041665,37.668909,2006-06-16,벽부등,02-2091-4083,서울특별시 도봉구청,2017-05-17
05-05-32,1,서울특별시 도봉구 도봉로150바길32,서울특별시 도봉구 방학제1동 715-7,127.044869,37.665746,2012-08-08,벽부등,02-2091-4083,서울특별시 도봉구청,2017-05-17
05-08-32,1,서울특별시 도봉구 방학제1동 686-20,서울특별시 도봉구 방학제1동 686-20,127.039759,37.66481,2008-01-01,벽부등,02-2091-4083,서울특별시 도봉구청,2017-05-17
05-22-32,1,서울특별시 도봉구 방학제1동 719-10,서울특별시 도봉구 방학제1동 719-10,127.044193,37.669557,2008-01-01,벽부등,02-2091-4083,서울특별시 도봉구청,2017-05-17
05-12-32,1,서울특별시 도봉구 방학제1동 689-28,서울특별시 도봉구 방학제1동 689-28,127.040866,37.663481,2008-01-01,한전주,02-2091-4083,서울특별시 도봉구청,2017-05-17
05-05-33,1,서울특별시 도봉구 도당로31길143,서울특별시 도봉구 방학제1동 656-9,127.042358,37.667235,2012-10-23,벽부등,02-2091-4083,서울특별시 도봉구청,2017-05-17
05-04-33,1,서울특별시 도봉구 도봉로151길 30,서울특별시 도봉구 방학제1동 650-21,127.041609,37.668792,2006-06-28,한전주,02-2091-4083,서울특별시 도봉구청,2017-05-17
05-08-33,1,서울특별시 도봉구 방학로4길 42-5,서울특별시 도봉구 방학제1동 686-9,127.03953,37.664926,2014-11-25,벽부등,02-2091-4083,서울특별시 도봉구청,2017-05-17
05-22-33,1,서울특별시 도봉구 도봉로150다길 68,서울특별시 도봉구 방학제1동 719-12,127.044205,37.669485,2008-01-01,벽부등,02-2091-4083,서울특별시 도봉구청,2017-05-17
05-12-33,1,서울특별시 도봉구 방학로2길 13-5,서울특별시 도봉구 방학제1동 689-22,127.04046,37.663536,2015-11-24,벽부등,02-2091-4083,서울특별시 도봉구청,2017-05-17
05-12-34,1,서울특별시 도봉구 방학제1동 689-22,서울특별시 도봉구 방학제1동 689-22,127.040418,37.663031,2016-05-16,벽부등,02-2091-4083,서울특별시 도봉구청,2017-05-17
05-05-34,1,서울특별시 도봉구 도봉로151길 21,서울특별시 도봉구 방학제1동 655,127.042165,37.668659,2013-01-31,한전주,02-2091-4083,서울특별시 도봉구청,2017-05-17
05-04-34,1,서울특별시 도봉구 도봉로151길 36,서울특별시 도봉구 방학제1동 650-6,127.041291,37.668828,2007-01-02,한전주,02-2091-4083,서울특별시 도봉구청,2017-05-17
05-04-35,1,서울특별시 도봉구 방학제1동 650-7,서울특별시 도봉구 방학제1동 650-7,127.041324,37.669001,2006-07-28,벽부등,02-2091-4083,서울특별시 도봉구청,2017-05-17
05-05-35,1,서울특별시 도봉구 도당로29길 31,서울특별시 도봉구 방학제1동 649-11,127.041905,37.668657,2013-02-08,한전주,02-2091-4083,서울특별시 도봉구청,2017-05-17
05-04-36,1,서울특별시 도봉구 도당로27길 36,서울특별시 도봉구 방학제1동 650-4,127.040997,37.669096,2008-01-01,한전주,02-2091-4083,서울특별시 도봉구청,2017-05-17
05-04-37,2,서울특별시 도봉구 도당로29길 37,서울특별시 도봉구 방학제1동 650-44,127.041983,37.669044,2007-10-09,한전주,02-2091-4083,서울특별시 도봉구청,2017-05-17
05-22-37,1,서울특별시 도봉구 마들로 649-22,서울특별시 도봉구 방학제1동 718-30,127.044709,37.668118,2008-01-01,한전주,02-2091-4083,서울특별시 도봉구청,2017-05-17
05-04-38,1,서울특별시 도봉구 방학제1동 652-27,서울특별시 도봉구 방학제1동 652-27,127.042337,37.66869,2008-01-01,통신주,02-2091-4083,서울특별시 도봉구청,2017-05-17
05-22-38,1,서울특별시 도봉구 방학제1동 716-16,서울특별시 도봉구 방학제1동 716-16,127.044632,37.666442,2008-01-01,한전주,02-2091-4083,서울특별시 도봉구청,2017-05-17
05-22-39,1,서울특별시 도봉구 도봉로150가길728,서울특별시 도봉구 방학제1동 705-1,127.043957,37.669258,2012-12-07,통신주,02-2091-4083,서울특별시 도봉구청,2017-05-17
05-04-39,1,서울특별시 도봉구 도당로29길 45,서울특별시 도봉구 방학제1동 650-41,127.042017,37.669378,2008-01-01,벽부등,02-2091-4083,서울특별시 도봉구청,2017-05-17
05-04-40,1,서울특별시 도봉구 방학제1동 652-3,서울특별시 도봉구 방학제1동 652-3,127.042238,37.66969,2008-01-01,통신주,02-2091-4083,서울특별시 도봉구청,2017-05-17
05-04-41,1,서울특별시 도봉구 도봉로 719,서울특별시 도봉구 방학제1동 653-5,127.042685,37.66866,2008-01-01,통신주,02-2091-4083,서울특별시 도봉구청,2017-05-17
05-04-42,1,서울특별시 도봉구 도당로29길42,서울특별시 도봉구 방학제1동 652-24,127.042119,37.669125,2012-09-10,벽부등,02-2091-4083,서울특별시 도봉구청,2017-05-17
05-04-43,1,서울특별시 도봉구 도당로29길42,서울특별시 도봉구 방학제1동 652-24,127.042128,37.669197,2012-09-10,벽부등,02-2091-4083,서울특별시 도봉구청,2017-05-17
05-04-44,1,서울특별시 도봉구 도당로29길42,서울특별시 도봉구 방학제1동 652-24,127.042635,37.66905,2012-09-10,벽부등,02-2091-4083,서울특별시 도봉구청,2017-05-17
06-28-20,1,서울특별시 도봉구 방학제1동 664-19,서울특별시 도봉구 방학제1동 664-19,127.034463,37.663434,2012-05-25,벽부등,02-2091-4083,서울특별시 도봉구청,2017-05-17
06-05-01,1,서울특별시 도봉구 도당로13라길 46,서울특별시 도봉구 방학제2동 639-16,127.036349,37.667877,2008-01-01,한전주,02-2091-4083,서울특별시 도봉구청,2017-05-17
06-19-01,1,서울특별시 도봉구 방학제2동 608-31,서울특별시 도봉구 방학제2동 608-31,127.030071,37.668736,2008-01-10,벽부등,02-2091-4083,서울특별시 도봉구청,2017-05-17
06-25-01,1,서울특별시 도봉구 시루봉로 202,서울특별시 도봉구 방학제2동 619-7,127.033232,37.666951,2008-01-01,한전주,02-2091-4083,서울특별시 도봉구청,2017-05-17
06-11-14,2,서울특별시 도봉구 시루봉로15라길14,서울특별시 도봉구 방학제2동 604-10,127.033221,37.668705,2014-03-17,한전주,02-2091-4083,서울특별시 도봉구청,2017-05-17
06-01-14,1,서울특별시 도봉구 도당로13라길 109,서울특별시 도봉구 방학제2동 625-15,127.039234,37.669417,2008-01-01,한전주,02-2091-4083,서울특별시 도봉구청,2017-05-17
06-17-14,1,서울특별시 도봉구 도당로13다길 3,서울특별시 도봉구 방학제2동 632-46,127.034149,37.666218,2008-01-01,벽부등,02-2091-4083,서울특별시 도봉구청,2017-05-17
06-22-14,1,서울특별시 도봉구 시루봉로13길 51,서울특별시 도봉구 방학제2동 610-17,127.03024,37.668282,2007-03-16,벽부등,02-2091-4083,서울특별시 도봉구청,2017-05-17
06-21-14,2,서울특별시 도봉구 시루봉로15자길 31,서울특별시 도봉구 방학제2동 402-11,127.031014,37.670632,2006-04-06,한전주,02-2091-4083,서울특별시 도봉구청,2017-05-17
06-12-15,1,서울특별시 도봉구 도당로13바길 12,서울특별시 도봉구 방학제2동 629-11,127.034418,37.667222,2007-01-02,한전주,02-2091-4083,서울특별시 도봉구청,2017-05-17
06-08-15,1,서울특별시 도봉구 방학제2동 621-15,서울특별시 도봉구 방학제2동 621-15,127.035077,37.668087,2008-01-01,벽부등,02-2091-4083,서울특별시 도봉구청,2017-05-17
06-21-15,2,서울특별시 도봉구 시루봉로15자길 35,서울특별시 도봉구 방학제2동 402-1,127.03084,37.670785,2008-01-01,한전주,02-2091-4083,서울특별시 도봉구청,2017-05-17
06-01-15,1,서울특별시 도봉구 도당로13라길 101,서울특별시 도봉구 방학제2동 625-13,127.038999,37.669378,2008-01-01,한전주,02-2091-4083,서울특별시 도봉구청,2017-05-17
06-05-15,1,서울특별시 도봉구 도당로13나길 69-5,서울특별시 도봉구 방학제2동 641-31,127.037901,37.668066,2008-01-01,한전주,02-2091-4083,서울특별시 도봉구청,2017-05-17
06-22-15,1,서울특별시 도봉구 시루봉로13길 53,서울특별시 도봉구 방학제2동 611,127.030161,37.668453,2007-06-26,한전주,02-2091-4083,서울특별시 도봉구청,2017-05-17
06-27-15,1,서울특별시 도봉구 도당로9길9,서울특별시 도봉구 방학제2동 668-4,127.032742,37.662903,2014-02-28,벽부등,02-2091-4083,서울특별시 도봉구청,2017-05-17
06-18-15,1,서울특별시 도봉구 시루봉로15다길 5,서울특별시 도봉구 방학제2동 615-7,127.032136,37.66792,2008-01-01,한전주,02-2091-4083,서울특별시 도봉구청,2017-05-17
06-16-15,1,서울특별시 도봉구 도당로13다길 15-21,서울특별시 도봉구 방학제2동 632-86,127.0344,37.665141,2008-01-01,한전주,02-2091-4083,서울특별시 도봉구청,2017-05-17
06-10-15,1,서울특별시 도봉구 방학제2동 393-32,서울특별시 도봉구 방학제2동 393-32,127.032395,37.670966,2006-06-26,한전주,02-2091-4083,서울특별시 도봉구청,2017-05-17
06-02-15,1,서울특별시 도봉구 도봉로151길 82,서울특별시 도봉구 방학제2동 644-42,127.038597,37.668725,2008-01-01,한전주,02-2091-4083,서울특별시 도봉구청,2017-05-17
06-09-15,2,서울특별시 도봉구 방학제2동 산12-10,서울특별시 도봉구 방학제2동 산12-10,127.035785,37.670317,2008-01-01,한전주,02-2091-4083,서울특별시 도봉구청,2017-05-17
06-03-15,2,서울특별시 도봉구 도당로13가길 60-4,서울특별시 도봉구 방학제2동 659-3,127.038332,37.667027,2008-01-01,벽부등,02-2091-4083,서울특별시 도봉구청,2017-05-17
06-13-15,1,서울특별시 도봉구 방학제2동 637-14,서울특별시 도봉구 방학제2동 637-14,127.037113,37.666971,2008-01-01,벽부등,02-2091-4083,서울특별시 도봉구청,2017-05-17
06-28-15,1,서울특별시 도봉구 도당로9길26,서울특별시 도봉구 방학제2동 666-124,127.03323,37.662992,2014-10-22,한전주,02-2091-4083,서울특별시 도봉구청,2017-05-17
06-20-15,1,서울특별시 도봉구 시루봉로15라길 49,서울특별시 도봉구 방학제2동 396-12,127.03292,37.670113,2008-01-01,한전주,02-2091-4083,서울특별시 도봉구청,2017-05-17
06-06-15,1,서울특별시 도봉구 도당로13라길66-3,서울특별시 도봉구 방학제2동 640-28,127.037334,37.668381,2012-11-01,벽부등,02-2091-4083,서울특별시 도봉구청,2017-05-17
06-14-15,1,서울특별시 도봉구 방학제2동 634-15,서울특별시 도봉구 방학제2동 634-15,127.035468,37.66636,2008-01-01,벽부등,02-2091-4083,서울특별시 도봉구청,2017-05-17
06-24-15,1,서울특별시 도봉구 시루봉로 188,서울특별시 도봉구 방학제2동 55-2,127.030754,37.665846,2015-05-11,전용주,02-2091-4083,서울특별시 도봉구청,2017-05-17
06-11-15,1,서울특별시 도봉구 방학제2동 604-8,서울특별시 도봉구 방학제2동 604-8,127.033474,37.668584,2008-01-01,통신주,02-2091-4083,서울특별시 도봉구청,2017-05-17
06-13-16,1,서울특별시 도봉구 도당로13가길 37,서울특별시 도봉구 방학제2동 637-37,127.037255,37.666604,2008-01-01,한전주,02-2091-4083,서울특별시 도봉구청,2017-05-17
06-08-16,2,서울특별시 도봉구 도당로15길 60,서울특별시 도봉구 방학제2동 621-19,127.034917,37.667794,2008-03-01,한전주,02-2091-4083,서울특별시 도봉구청,2017-05-17
06-02-16,1,서울특별시 도봉구 도봉로151길 85-4,서울특별시 도봉구 방학제2동 643-5,127.038503,37.668514,2008-01-01,전용주,02-2091-4083,서울특별시 도봉구청,2017-05-17
06-22-16,2,서울특별시 도봉구 시루봉로15바길 42,서울특별시 도봉구 방학제2동 610-10,127.029707,37.668282,2007-05-23,한전주,02-2091-4083,서울특별시 도봉구청,2017-05-17
06-05-16,1,서울특별시 도봉구 방학제2동 641-25,서울특별시 도봉구 방학제2동 641-25,127.03768,37.667962,2008-01-01,벽부등,02-2091-4083,서울특별시 도봉구청,2017-05-17
06-20-16,1,서울특별시 도봉구 시루봉로15라길 55,서울특별시 도봉구 방학제2동 396-1,127.03291,37.670422,2008-01-01,한전주,02-2091-4083,서울특별시 도봉구청,2017-05-17
06-16-16,1,서울특별시 도봉구 도당로13다길 21-27,서울특별시 도봉구 방학제2동 632-96,127.034334,37.664785,2008-01-01,벽부등,02-2091-4083,서울특별시 도봉구청,2017-05-17
06-09-16,1,서울특별시 도봉구 방학제2동 156-3,서울특별시 도봉구 방학제2동 156-3,127.035898,37.670468,2008-01-01,한전주,02-2091-4083,서울특별시 도봉구청,2017-05-17
01-03-05,1,서울특별시 도봉구 쌍문제1동 307-6,서울특별시 도봉구 쌍문제1동 307-6,127.026344,37.650354,2008-01-01,한전주,02-2091-4083,서울특별시 도봉구청,2017-05-17
01-05-06,1,서울특별시 도봉구 우이천로 372-3,서울특별시 도봉구 쌍문제1동 361-6,127.023524,37.649039,2008-01-01,한전주,02-2091-4083,서울특별시 도봉구청,2017-05-17
01-20-06,1,서울특별시 도봉구 쌍문제1동 488-2,서울특별시 도봉구 쌍문제1동 488-2,127.016163,37.65589,2008-01-01,한전주,02-2091-4083,서울특별시 도봉구청,2017-05-17
01-07-06,1,서울특별시 도봉구 우이천로39가길 35,서울특별시 도봉구 쌍문제1동 434-8,127.018447,37.649977,2008-01-01,벽부등,02-2091-4083,서울특별시 도봉구청,2017-05-17
01-08-06,1,서울특별시 도봉구 쌍문제1동 460-14,서울특별시 도봉구 쌍문제1동 460-14,127.022485,37.651536,2008-01-01,벽부등,02-2091-4083,서울특별시 도봉구청,2017-05-17
01-04-06,1,서울특별시 도봉구 쌍문제1동 306-29,서울특별시 도봉구 쌍문제1동 306-29,127.025598,37.649912,2007-06-30,한전주,02-2091-4083,서울특별시 도봉구청,2017-05-17
01-09-06,1,서울특별시 도봉구 쌍문제1동 460-124,서울특별시 도봉구 쌍문제1동 460-124,127.023343,37.650831,2008-01-01,한전주,02-2091-4083,서울특별시 도봉구청,2017-05-17
01-24-06,2,서울특별시 도봉구 삼양로162길,서울특별시 도봉구 쌍문제1동 509-4,127.014698,37.658104,2006-07-07,한전주,02-2091-4083,서울특별시 도봉구청,2017-05-17
01-19-06,1,서울특별시 도봉구 우이천로47길20-4,서울특별시 도봉구 쌍문제1동 496-1,127.015128,37.655212,2012-05-03,통신주,02-2091-4083,서울특별시 도봉구청,2017-05-17
01-17-06,1,서울특별시 도봉구 쌍문제1동 422-8,서울특별시 도봉구 쌍문제1동 422-8,127.01419,37.65255,2008-01-01,벽부등,02-2091-4083,서울특별시 도봉구청,2017-05-17
01-15-06,2,서울특별시 도봉구 쌍문1동약초원,서울특별시 도봉구 쌍문제1동 483-1,127.016828,37.654049,2013-09-17,한전주,02-2091-4083,서울특별시 도봉구청,2017-05-17
01-12-06,1,서울특별시 도봉구 쌍문제1동 460-333,서울특별시 도봉구 쌍문제1동 460-333,127.022626,37.651573,2016-09-27,벽부등,02-2091-4083,서울특별시 도봉구청,2017-05-17
01-01-06,1,서울특별시 도봉구 쌍문제1동 355-2,서울특별시 도봉구 쌍문제1동 355-2,127.026085,37.648732,2008-01-01,한전주,02-2091-4083,서울특별시 도봉구청,2017-05-17
01-02-06,1,서울특별시 도봉구 쌍문제1동 273-42,서울특별시 도봉구 쌍문제1동 273-42,127.026913,37.651434,2008-01-01,한전주,02-2091-4083,서울특별시 도봉구청,2017-05-17
01-21-06,1,서울특별시 도봉구 쌍문제1동 486-64,서울특별시 도봉구 쌍문제1동 486-64,127.018132,37.655735,2008-01-01,한전주,02-2091-4083,서울특별시 도봉구청,2017-05-17
01-22-06,1,서울특별시 도봉구 쌍문제1동 485-10,서울특별시 도봉구 쌍문제1동 485-10,127.017773,37.656021,2006-11-14,한전주,02-2091-4083,서울특별시 도봉구청,2017-05-17
01-11-06,1,서울특별시 도봉구 쌍문제1동 460-274,서울특별시 도봉구 쌍문제1동 460-274,127.022922,37.653414,2008-01-01,전용주,02-2091-4083,서울특별시 도봉구청,2017-05-17
01-03-06,1,서울특별시 도봉구 노해로41길 26-11,서울특별시 도봉구 쌍문제1동 307-7,127.026285,37.650223,2007-09-22,한전주,02-2091-4083,서울특별시 도봉구청,2017-05-17
01-10-06,1,서울특별시 도봉구 우이천로32길 94,서울특별시 도봉구 쌍문제1동 273-30,127.025644,37.65175,2008-01-01,한전주,02-2091-4083,서울특별시 도봉구청,2017-05-17
01-23-06,1,서울특별시 도봉구 쌍문제1동 530-3,서울특별시 도봉구 쌍문제1동 530-3,127.016017,37.657813,2008-01-01,한전주,02-2091-4083,서울특별시 도봉구청,2017-05-17
01-25-06,1,서울특별시 도봉구 쌍문제1동 532-24,서울특별시 도봉구 쌍문제1동 532-24,127.016076,37.660317,2008-01-01,벽부등,02-2091-4083,서울특별시 도봉구청,2017-05-17
01-10-07,1,서울특별시 도봉구 쌍문제1동 286-35,서울특별시 도봉구 쌍문제1동 286-35,127.025594,37.652109,2008-01-01,전용주,02-2091-4083,서울특별시 도봉구청,2017-05-17
01-19-07,1,서울특별시 도봉구 쌍문제1동 495-47,서울특별시 도봉구 쌍문제1동 495-47,127.015163,37.655333,2008-01-01,전용주,02-2091-4083,서울특별시 도봉구청,2017-05-17
01-07-07,2,서울특별시 도봉구 쌍문제1동 414-171,서울특별시 도봉구 쌍문제1동 414-171,127.019945,37.649712,2008-01-01,한전주,02-2091-4083,서울특별시 도봉구청,2017-05-17
01-20-07,1,서울특별시 도봉구 쌍문제1동 485-20,서울특별시 도봉구 쌍문제1동 485-20,127.016292,37.6559,2008-01-01,벽부등,02-2091-4083,서울특별시 도봉구청,2017-05-17
01-04-07,1,서울특별시 도봉구 쌍문제1동 304-14,서울특별시 도봉구 쌍문제1동 304-14,127.02593,37.649715,2008-01-01,벽부등,02-2091-4083,서울특별시 도봉구청,2017-05-17
01-03-07,1,서울특별시 도봉구 쌍문제1동 306-28,서울특별시 도봉구 쌍문제1동 306-28,127.025975,37.649881,2006-10-10,벽부등,02-2091-4083,서울특별시 도봉구청,2017-05-17
01-05-07,1,서울특별시 도봉구 우이천로 372-7,서울특별시 도봉구 쌍문제1동 415-1,127.023263,37.649183,2008-01-01,전용주,02-2091-4083,서울특별시 도봉구청,2017-05-17
01-14-07,1,서울특별시 도봉구 쌍문제1동 460-225,서울특별시 도봉구 쌍문제1동 460-225,127.022947,37.654305,2008-01-01,통신주,02-2091-4083,서울특별시 도봉구청,2017-05-17
01-22-07,1,서울특별시 도봉구 우이천로48길 40,서울특별시 도봉구 쌍문제1동 486-54,127.01803,37.656076,2008-01-01,한전주,02-2091-4083,서울특별시 도봉구청,2017-05-17
01-12-07,1,서울특별시 도봉구 쌍문제1동 460-352,서울특별시 도봉구 쌍문제1동 460-352,127.023102,37.651496,2008-01-01,통신주,02-2091-4083,서울특별시 도봉구청,2017-05-17
01-11-07,2,서울특별시 도봉구 우이천로38마길 18,서울특별시 도봉구 쌍문제1동 460-205,127.023019,37.653675,2008-01-01,한전주,02-2091-4083,서울특별시 도봉구청,2017-05-17
01-01-07,1,서울특별시 도봉구 쌍문제1동 345-1,서울특별시 도봉구 쌍문제1동 345-1,127.026357,37.649065,2008-01-01,한전주,02-2091-4083,서울특별시 도봉구청,2017-05-17
01-23-07,1,서울특별시 도봉구 쌍문제1동 530-13,서울특별시 도봉구 쌍문제1동 530-13,127.016364,37.657698,2008-01-01,한전주,02-2091-4083,서울특별시 도봉구청,2017-05-17
06-06-01,1,서울특별시 도봉구 방학제2동 627-18,서울특별시 도봉구 방학제2동 627-18,127.037552,37.668956,2008-01-01,벽부등,02-2091-4083,서울특별시 도봉구청,2017-05-17
06-03-01,1,서울특별시 도봉구 도당로19길 19,서울특별시 도봉구 방학제2동 642-28,127.039194,37.667892,2008-01-01,한전주,02-2091-4083,서울특별시 도봉구청,2017-05-17
06-26-01,1,서울특별시 도봉구 방학제2동 318-2,서울특별시 도봉구 방학제2동 318-2,127.032272,37.665115,2007-08-11,한전주,02-2091-4083,서울특별시 도봉구청,2017-05-17
06-08-01,1,서울특별시 도봉구 도당로13바길 71,서울특별시 도봉구 방학제2동 622-19,127.036937,37.669046,2007-04-24,한전주,02-2091-4083,서울특별시 도봉구청,2017-05-17
06-17-01,1,서울특별시 도봉구 도당로13길 29-16,서울특별시 도봉구 방학제2동 632-27,127.033936,37.66557,2007-08-06,한전주,02-2091-4083,서울특별시 도봉구청,2017-05-17
06-12-01,1,서울특별시 도봉구 도당로13바길 32,서울특별시 도봉구 방학제2동 628-9,127.035201,37.667797,2007-05-22,한전주,02-2091-4083,서울특별시 도봉구청,2017-05-17
06-24-01,2,서울특별시 도봉구 시루봉로13가길27,서울특별시 도봉구 방학제2동 346-4,127.030546,37.667552,2014-11-11,한전주,02-2091-4083,서울특별시 도봉구청,2017-05-17
06-02-01,1,서울특별시 도봉구 시루봉로 275,서울특별시 도봉구 방학제2동 599-6,127.039445,37.670811,2015-02-12,한전주,02-2091-4083,서울특별시 도봉구청,2017-05-17
06-18-01,1,서울특별시 도봉구 방학제2동 616-22,서울특별시 도봉구 방학제2동 616-22,127.032459,37.666956,2008-01-01,벽부등,02-2091-4083,서울특별시 도봉구청,2017-05-17
06-22-01,1,서울특별시 도봉구 시루봉로15바길 42,서울특별시 도봉구 방학제2동 348,127.029582,37.668435,2008-02-21,한전주,02-2091-4083,서울특별시 도봉구청,2017-05-17
06-16-01,1,서울특별시 도봉구 방학제2동 632-65,서울특별시 도봉구 방학제2동 632-65,127.034474,37.665687,2008-01-01,벽부등,02-2091-4083,서울특별시 도봉구청,2017-05-17
06-21-01,1,서울특별시 도봉구 방학제2동 412-2,서울특별시 도봉구 방학제2동 412-2,127.028922,37.669524,2008-01-01,벽부등,02-2091-4083,서울특별시 도봉구청,2017-05-17
06-04-01,1,서울특별시 도봉구 도당로 101-4,서울특별시 도봉구 방학제2동 660-43,127.037833,37.666451,2008-01-01,벽부등,02-2091-4083,서울특별시 도봉구청,2017-05-17
06-09-01,1,서울특별시 도봉구 방학동 386-65,서울특별시 도봉구 방학제2동 386-65,127.033771,37.669247,2006-11-22,한전주,02-2091-4083,서울특별시 도봉구청,2017-05-17
06-14-01,1,서울특별시 도봉구 방학제2동 635-27,서울특별시 도봉구 방학제2동 635-27,127.035573,37.666794,2008-01-01,벽부등,02-2091-4083,서울특별시 도봉구청,2017-05-17
06-27-01,1,서울특별시 도봉구 도당로13다길 70,서울특별시 도봉구 방학제2동 314-15,127.031224,37.664381,2008-01-01,한전주,02-2091-4083,서울특별시 도봉구청,2017-05-17
06-01-01,1,서울특별시 도봉구 방학제2동 599-1,서울특별시 도봉구 방학제2동 599-1,127.03936,37.672011,2007-07-26,벽부등,02-2091-4083,서울특별시 도봉구청,2017-05-17
06-10-01,1,서울특별시 도봉구 시루봉로17가길 15,서울특별시 도봉구 방학제2동 386-38,127.033759,37.669689,2006-12-13,한전주,02-2091-4083,서울특별시 도봉구청,2017-05-17
06-15-01,1,서울특별시 도봉구 방학제2동 662-27,서울특별시 도봉구 방학제2동 662-27,127.035322,37.665187,2008-01-01,한전주,02-2091-4083,서울특별시 도봉구청,2017-05-17
06-20-01,2,서울특별시 도봉구 시루봉로15아길 24,서울특별시 도봉구 방학제2동 396-50,127.031873,37.669651,2008-01-01,한전주,02-2091-4083,서울특별시 도봉구청,2017-05-17
06-28-01,1,서울특별시 도봉구 방학제2동 664-21,서울특별시 도봉구 방학제2동 664-21,127.034253,37.663829,2006-12-06,벽부등,02-2091-4083,서울특별시 도봉구청,2017-05-17
06-11-01,1,서울특별시 도봉구 방학제2동 603-26,서울특별시 도봉구 방학제2동 603-26,127.033956,37.668147,2008-01-01,벽부등,02-2091-4083,서울특별시 도봉구청,2017-05-17
06-23-01,1,서울특별시 도봉구 방학제2동 605,서울특별시 도봉구 방학제2동 605,127.032204,37.66922,2008-01-01,한전주,02-2091-4083,서울특별시 도봉구청,2017-05-17
13-08-09,1,서울특별시 도봉구 노해로63가길 19-9,서울특별시 도봉구 창제5동 258-16,127.044422,37.653565,2007-07-21,한전주,02-2091-4083,서울특별시 도봉구청,2017-05-17
13-02-09,1,서울특별시 도봉구 도봉로 126길 16,서울특별시 도봉구 창제5동 700-17,127.038313,37.652776,2016-05-12,독립주,02-2091-4083,서울특별시 도봉구청,2017-05-17
13-13-09,1,서울특별시 도봉구 노해로63다길9,서울특별시 도봉구 창제5동 134-5,127.046382,37.653266,2012-06-11,통신주,02-2091-4083,서울특별시 도봉구청,2017-05-17
13-19-09,1,서울특별시 도봉구 창제5동 731-24,서울특별시 도봉구 창제5동 731-24,127.040659,37.657465,2006-10-28,벽부등,02-2091-4083,서울특별시 도봉구청,2017-05-17
13-18-09,1,서울특별시 도봉구 창제5동 731-102,서울특별시 도봉구 창제5동 731-102,127.04014,37.657161,2008-01-01,한전주,02-2091-4083,서울특별시 도봉구청,2017-05-17
13-01-09,1,서울특별시 도봉구 노해로 269-1,서울특별시 도봉구 창제5동 700-20,127.03827,37.651639,2006-05-22,한전주,02-2091-4083,서울특별시 도봉구청,2017-05-17
13-05-09,2,서울특별시 도봉구 해등로 133-17,서울특별시 도봉구 창제5동 715-43,127.040207,37.655476,2005-08-29,한전주,02-2091-4083,서울특별시 도봉구청,2017-05-17
13-06-09,1,서울특별시 도봉구 창제5동 296-45,서울특별시 도봉구 창제5동 296-45,127.041908,37.655011,2006-11-23,한전주,02-2091-4083,서울특별시 도봉구청,2017-05-17
13-20-09,3,서울특별시 도봉구 도봉로 15-23,서울특별시 도봉구 창제5동 746-3,127.042885,37.661836,2013-10-07,한전주,02-2091-4083,서울특별시 도봉구청,2017-05-17
13-07-09,1,서울특별시 도봉구 창제5동 263-27,서울특별시 도봉구 창제5동 263-27,127.044855,37.654586,2008-01-01,벽부등,02-2091-4083,서울특별시 도봉구청,2017-05-17
13-20-10,1,서울특별시 도봉구 창제5동 746-19,서울특별시 도봉구 창제5동 746-19,127.042896,37.661542,2006-10-15,한전주,02-2091-4083,서울특별시 도봉구청,2017-05-17
06-03-16,1,서울특별시 도봉구 도당로13가길 59,서울특별시 도봉구 방학제2동 642-59,127.038139,37.667217,2008-01-01,한전주,02-2091-4083,서울특별시 도봉구청,2017-05-17
06-28-16,1,서울특별시 도봉구 방학제2동 666-14,서울특별시 도봉구 방학제2동 666-14,127.033329,37.663346,2008-01-01,벽부등,02-2091-4083,서울특별시 도봉구청,2017-05-17
06-10-16,1,서울특별시 도봉구 방학제2동 393-31,서울특별시 도봉구 방학제2동 393-31,127.032147,37.671054,2008-01-01,벽부등,02-2091-4083,서울특별시 도봉구청,2017-05-17
06-14-16,1,서울특별시 도봉구 도당로15길 27,서울특별시 도봉구 방학제2동 634-24,127.035815,37.666415,2006-07-28,벽부등,02-2091-4083,서울특별시 도봉구청,2017-05-17
06-07-16,1,서울특별시 도봉구 방학제2동 623-26,서울특별시 도봉구 방학제2동 623-26,127.038196,37.669632,2008-01-01,벽부등,02-2091-4083,서울특별시 도봉구청,2017-05-17
06-18-16,1,서울특별시 도봉구 방학제2동 615-5,서울특별시 도봉구 방학제2동 615-5,127.032248,37.667817,2007-06-25,한전주,02-2091-4083,서울특별시 도봉구청,2017-05-17
06-11-16,1,서울특별시 도봉구 시루봉로17길 15,서울특별시 도봉구 방학제2동 604-25,127.033781,37.668705,2006-12-04,한전주,02-2091-4083,서울특별시 도봉구청,2017-05-17
06-21-16,1,서울특별시 도봉구 방학제2동 403-1,서울특별시 도봉구 방학제2동 403-1,127.030311,37.669844,2007-02-10,한전주,02-2091-4083,서울특별시 도봉구청,2017-05-17
06-01-16,1,서울특별시 도봉구 방학제2동 625-1,서울특별시 도봉구 방학제2동 625-1,127.038628,37.669529,2008-01-01,벽부등,02-2091-4083,서울특별시 도봉구청,2017-05-17
06-03-17,1,서울특별시 도봉구 방학제2동 642-58,서울특별시 도봉구 방학제2동 642-58,127.038032,37.667341,2008-01-01,벽부등,02-2091-4083,서울특별시 도봉구청,2017-05-17
06-18-17,1,서울특별시 도봉구 방학제2동 615-8,서울특별시 도봉구 방학제2동 615-8,127.032447,37.668121,2008-01-01,벽부등,02-2091-4083,서울특별시 도봉구청,2017-05-17
06-11-17,1,서울특별시 도봉구 시루봉로15나길 11,서울특별시 도봉구 방학제2동 604-1,127.03355,37.668921,2006-12-04,한전주,02-2091-4083,서울특별시 도봉구청,2017-05-17
06-14-17,1,서울특별시 도봉구 방학제2동 633-18,서울특별시 도봉구 방학제2동 633-18,127.035951,37.666289,2008-01-01,한전주,02-2091-4083,서울특별시 도봉구청,2017-05-17
06-02-17,1,서울특별시 도봉구 시루봉로22길 31,서울특별시 도봉구 방학제2동 644-38,127.038211,37.668552,2008-01-01,한전주,02-2091-4083,서울특별시 도봉구청,2017-05-17
06-28-17,1,서울특별시 도봉구 방학제2동 664-34,서울특별시 도봉구 방학제2동 664-34,127.034086,37.663144,2008-01-01,벽부등,02-2091-4083,서울특별시 도봉구청,2017-05-17
06-08-17,1,서울특별시 도봉구 도당로13바길 39,서울특별시 도봉구 방학제2동 621-11,127.035522,37.668204,2016-05-16,독립주,02-2091-4083,서울특별시 도봉구청,2017-05-17
06-22-17,1,서울특별시 도봉구 방학제2동 610-9,서울특별시 도봉구 방학제2동 610-9,127.029781,37.668158,2008-01-01,전용주,02-2091-4083,서울특별시 도봉구청,2017-05-17
06-27-17,2,서울특별시 도봉구 도당로9길 37,서울특별시 도봉구 방학제2동 668-23,127.032161,37.662843,2008-01-01,한전주,02-2091-4083,서울특별시 도봉구청,2017-05-17
06-07-17,1,서울특별시 도봉구 방학제2동 626-9,서울특별시 도봉구 방학제2동 626-9,127.037696,37.669335,2008-01-01,벽부등,02-2091-4083,서울특별시 도봉구청,2017-05-17
06-16-17,1,서울특별시 도봉구 도당로13길 29-8,서울특별시 도봉구 방학제2동 632-57,127.034568,37.665857,2008-01-01,벽부등,02-2091-4083,서울특별시 도봉구청,2017-05-17
06-09-17,1,서울특별시 도봉구 방학제2동 156-4,서울특별시 도봉구 방학제2동 156-4,127.036079,37.67064,2008-01-01,한전주,02-2091-4083,서울특별시 도봉구청,2017-05-17
06-05-17,1,서울특별시 도봉구 방학제2동 641-14,서울특별시 도봉구 방학제2동 641-14,127.037387,37.667843,2008-01-01,벽부등,02-2091-4083,서울특별시 도봉구청,2017-05-17
06-01-17,1,서울특별시 도봉구 도당로13바길 103,서울특별시 도봉구 방학제2동 624-5,127.038481,37.669752,2008-01-01,한전주,02-2091-4083,서울특별시 도봉구청,2017-05-17
06-13-17,1,서울특별시 도봉구 도당로17길 22,서울특별시 도봉구 방학제2동 642,127.037561,37.667316,2008-01-01,벽부등,02-2091-4083,서울특별시 도봉구청,2017-05-17
06-10-17,1,서울특별시 도봉구 방학제2동 393-29,서울특별시 도봉구 방학제2동 393-29,127.031901,37.671161,2008-01-01,전용주,02-2091-4083,서울특별시 도봉구청,2017-05-17
06-20-17,1,서울특별시 도봉구 시루봉로15라길 60,서울특별시 도봉구 방학제2동 386-1,127.032901,37.670541,2008-01-01,한전주,02-2091-4083,서울특별시 도봉구청,2017-05-17
06-21-17,1,서울특별시 도봉구 방학제2동 406-1,서울특별시 도봉구 방학제2동 406-1,127.030149,37.669949,2007-01-03,한전주,02-2091-4083,서울특별시 도봉구청,2017-05-17
06-11-18,1,서울특별시 도봉구 시루봉로17길 33,서울특별시 도봉구 방학제2동 604,127.033334,37.668984,2006-12-04,한전주,02-2091-4083,서울특별시 도봉구청,2017-05-17
06-16-18,1,서울특별시 도봉구 방학제2동 632-70,서울특별시 도봉구 방학제2동 632-70,127.034399,37.665566,2008-01-01,벽부등,02-2091-4083,서울특별시 도봉구청,2017-05-17
06-03-18,1,서울특별시 도봉구 도당로13가길 67,서울특별시 도봉구 방학제2동 642-47,127.038402,37.667401,2008-01-01,한전주,02-2091-4083,서울특별시 도봉구청,2017-05-17
06-10-18,1,서울특별시 도봉구 방학제2동 393-28,서울특별시 도봉구 방학제2동 393-28,127.031924,37.670915,2008-01-01,전용주,02-2091-4083,서울특별시 도봉구청,2017-05-17
06-05-18,1,서울특별시 도봉구 시루봉로22길 32,서울특별시 도봉구 방학제2동 640-45,127.037934,37.668398,2008-01-01,한전주,02-2091-4083,서울특별시 도봉구청,2017-05-17
06-09-18,1,서울특별시 도봉구 방학제2동 156-2,서울특별시 도봉구 방학제2동 156-2,127.035946,37.670395,2008-01-01,한전주,02-2091-4083,서울특별시 도봉구청,2017-05-17
06-27-18,1,서울특별시 도봉구 도당로9길 35,서울특별시 도봉구 방학제2동 668-21,127.031794,37.662808,2006-04-06,한전주,02-2091-4083,서울특별시 도봉구청,2017-05-17
01-24-07,1,서울특별시 도봉구 해등로36길 4,서울특별시 도봉구 쌍문제1동 509-13,127.015095,37.65805,2008-01-01,한전주,02-2091-4083,서울특별시 도봉구청,2017-05-17
01-17-07,1,서울특별시 도봉구 쌍문제1동 422-40,서울특별시 도봉구 쌍문제1동 422-40,127.013931,37.652518,2008-01-01,벽부등,02-2091-4083,서울특별시 도봉구청,2017-05-17
01-15-07,1,서울특별시 도봉구 쌍문제1동 483,서울특별시 도봉구 쌍문제1동 483,127.017162,37.654113,2008-01-01,벽부등,02-2091-4083,서울특별시 도봉구청,2017-05-17
01-25-07,1,서울특별시 도봉구 쌍문제1동 533-8,서울특별시 도봉구 쌍문제1동 533-8,127.0159,37.660577,2008-01-01,한전주,02-2091-4083,서울특별시 도봉구청,2017-05-17
01-21-07,1,서울특별시 도봉구 쌍문제1동 486-67,서울특별시 도봉구 쌍문제1동 486-67,127.01835,37.655533,2008-04-07,한전주,02-2091-4083,서울특별시 도봉구청,2017-05-17
01-06-07,1,서울특별시 도봉구 쌍문제1동 414-82,서울특별시 도봉구 쌍문제1동 414-82,127.018965,37.649635,2008-01-01,한전주,02-2091-4083,서울특별시 도봉구청,2017-05-17
01-18-07,1,서울특별시 도봉구 쌍문제1동 505-1,서울특별시 도봉구 쌍문제1동 505-1,127.014125,37.655249,2008-01-01,한전주,02-2091-4083,서울특별시 도봉구청,2017-05-17
01-09-07,1,서울특별시 도봉구 쌍문제1동 286-22,서울특별시 도봉구 쌍문제1동 286-22,127.024023,37.65094,2008-01-01,한전주,02-2091-4083,서울특별시 도봉구청,2017-05-17
01-08-08,1,서울특별시 도봉구 쌍문제1동 460-344,서울특별시 도봉구 쌍문제1동 460-344,127.022686,37.651048,2008-01-01,벽부등,02-2091-4083,서울특별시 도봉구청,2017-05-17
01-18-08,1,서울특별시 도봉구 쌍문제1동 503-1,서울특별시 도봉구 쌍문제1동 503-1,127.014108,37.655376,2008-01-14,한전주,02-2091-4083,서울특별시 도봉구청,2017-05-17
01-25-08,1,서울특별시 도봉구 삼양로162가길 42-33,서울특별시 도봉구 쌍문제1동 532-3,127.015934,37.660771,2008-01-01,한전주,02-2091-4083,서울특별시 도봉구청,2017-05-17
01-22-08,1,서울특별시 도봉구 쌍문제1동 524-87,서울특별시 도봉구 쌍문제1동 524-87,127.018016,37.65636,2007-01-22,한전주,02-2091-4083,서울특별시 도봉구청,2017-05-17
01-01-08,1,서울특별시 도봉구 쌍문제1동 345,서울특별시 도봉구 쌍문제1동 345,127.026583,37.649335,2008-01-01,한전주,02-2091-4083,서울특별시 도봉구청,2017-05-17
01-17-08,2,서울특별시 도봉구 쌍문제1동 422-69,서울특별시 도봉구 쌍문제1동 422-69,127.013784,37.652589,2008-01-01,벽부등,02-2091-4083,서울특별시 도봉구청,2017-05-17
01-16-08,1,서울특별시 도봉구 삼양로144나길 29,서울특별시 도봉구 쌍문제1동 420-17,127.014708,37.650752,2008-01-01,한전주,02-2091-4083,서울특별시 도봉구청,2017-05-17
01-12-08,1,서울특별시 도봉구 쌍문제1동 460-145,서울특별시 도봉구 쌍문제1동 460-145,127.023001,37.651685,2007-10-26,벽부등,02-2091-4083,서울특별시 도봉구청,2017-05-17
01-05-08,1,서울특별시 도봉구 우이천로34길 10,서울특별시 도봉구 쌍문제1동 361-5,127.023311,37.649469,2016-12-23,한전주,02-2091-4083,서울특별시 도봉구청,2017-05-17
01-07-08,1,서울특별시 도봉구 쌍문제1동 414-44,서울특별시 도봉구 쌍문제1동 414-44,127.019229,37.649796,2008-01-01,벽부등,02-2091-4083,서울특별시 도봉구청,2017-05-17
01-02-08,1,서울특별시 도봉구 노해로41나길 51,서울특별시 도봉구 쌍문제1동 273-63,127.027106,37.651949,2015-07-06,한전주,02-2091-4083,서울특별시 도봉구청,2017-05-17
01-21-08,1,서울특별시 도봉구 쌍문제1동 486-69,서울특별시 도봉구 쌍문제1동 486-69,127.018443,37.655284,2007-09-17,한전주,02-2091-4083,서울특별시 도봉구청,2017-05-17
01-10-08,1,서울특별시 도봉구 쌍문제1동 286-34,서울특별시 도봉구 쌍문제1동 286-34,127.025147,37.652142,2008-01-01,전용주,02-2091-4083,서울특별시 도봉구청,2017-05-17
01-20-08,1,서울특별시 도봉구 쌍문제1동 485-19,서울특별시 도봉구 쌍문제1동 485-19,127.016575,37.655908,2008-01-01,벽부등,02-2091-4083,서울특별시 도봉구청,2017-05-17
01-09-08,1,서울특별시 도봉구 우이천로36길 24,서울특별시 도봉구 쌍문제1동 294-25,127.022857,37.650658,2006-06-28,한전주,02-2091-4083,서울특별시 도봉구청,2017-05-17
01-03-08,1,서울특별시 도봉구 쌍문제1동 307-8,서울특별시 도봉구 쌍문제1동 307-8,127.026099,37.650303,2007-09-21,한전주,02-2091-4083,서울특별시 도봉구청,2017-05-17
01-11-08,1,서울특별시 도봉구 우이천로38마길 22,서울특별시 도봉구 쌍문제1동 460-4,127.023094,37.653804,2008-01-01,전용주,02-2091-4083,서울특별시 도봉구청,2017-05-17
01-24-08,1,서울특별시 도봉구 쌍문제1동 519-3,서울특별시 도봉구 쌍문제1동 519-3,127.015209,37.657868,2006-04-07,벽부등,02-2091-4083,서울특별시 도봉구청,2017-05-17
01-23-08,1,서울특별시 도봉구 쌍문제1동 522-1,서울특별시 도봉구 쌍문제1동 522-1,127.016681,37.657598,2008-01-01,한전주,02-2091-4083,서울특별시 도봉구청,2017-05-17
01-15-08,1,서울특별시 도봉구 우이천로42가길18,서울특별시 도봉구 쌍문제1동 490-27,127.017281,37.654022,2007-02-07,한전주,02-2091-4083,서울특별시 도봉구청,2017-05-17
01-19-08,1,서울특별시 도봉구 쌍문제1동 495-69,서울특별시 도봉구 쌍문제1동 495-69,127.01537,37.655545,2008-01-01,전용주,02-2091-4083,서울특별시 도봉구청,2017-05-17
01-07-09,1,서울특별시 도봉구 쌍문제1동 414-225,서울특별시 도봉구 쌍문제1동 414-225,127.019007,37.649828,2008-01-01,벽부등,02-2091-4083,서울특별시 도봉구청,2017-05-17
01-22-09,1,서울특별시 도봉구 쌍문제1동 524-74,서울특별시 도봉구 쌍문제1동 524-74,127.017996,37.656589,2008-01-01,한전주,02-2091-4083,서울특별시 도봉구청,2017-05-17
01-05-09,1,서울특별시 도봉구 우이천로34가길 6,서울특별시 도봉구 쌍문제1동 360-9,127.023503,37.649346,2008-01-01,통신주,02-2091-4083,서울특별시 도봉구청,2017-05-17
01-18-09,1,서울특별시 도봉구 쌍문제1동 503-40,서울특별시 도봉구 쌍문제1동 503-40,127.01415,37.654924,2008-01-01,한전주,02-2091-4083,서울특별시 도봉구청,2017-05-17
01-16-09,1,서울특별시 도봉구 쌍문제1동 420-29,서울특별시 도봉구 쌍문제1동 420-29,127.014764,37.650312,2008-01-01,한전주,02-2091-4083,서울특별시 도봉구청,2017-05-17
13-02-10,2,서울특별시 도봉구 창제5동 703,서울특별시 도봉구 창제5동 703,127.038026,37.652938,2006-06-29,한전주,02-2091-4083,서울특별시 도봉구청,2017-05-17
13-08-10,1,서울특별시 도봉구 노해로63가길19-5,서울특별시 도봉구 창제5동 258-14,127.044777,37.653699,2013-06-05,벽부등,02-2091-4083,서울특별시 도봉구청,2017-05-17
13-01-10,1,서울특별시 도봉구 창제5동 691-20,서울특별시 도봉구 창제5동 691-20,127.040024,37.652088,2008-01-01,벽부등,02-2091-4083,서울특별시 도봉구청,2017-05-17
13-05-10,1,서울특별시 도봉구 해등로 133-11,서울특별시 도봉구 창제5동 715-50,127.040275,37.655296,2008-01-01,전용주,02-2091-4083,서울특별시 도봉구청,2017-05-17
13-06-10,1,서울특별시 도봉구 해등로14길 22,서울특별시 도봉구 창제5동 296-33,127.042054,37.654827,2008-01-01,한전주,02-2091-4083,서울특별시 도봉구청,2017-05-17
13-07-10,1,서울특별시 도봉구 노해로63나길 8-7,서울특별시 도봉구 창제5동 263-29,127.044739,37.654285,2008-01-01,한전주,02-2091-4083,서울특별시 도봉구청,2017-05-17
13-13-10,1,서울특별시 도봉구 노해로63다길 6,서울특별시 도봉구 창제5동 135-14,127.046552,37.653239,2008-01-01,한전주,02-2091-4083,서울특별시 도봉구청,2017-05-17
13-18-10,1,서울특별시 도봉구 창제5동 731-58,서울특별시 도봉구 창제5동 731-58,127.040328,37.65705,2008-01-01,통신주,02-2091-4083,서울특별시 도봉구청,2017-05-17
13-19-10,1,서울특별시 도봉구 도봉로 608,서울특별시 도봉구 창제5동 750-11,127.041127,37.658719,2006-10-28,벽부등,02-2091-4083,서울특별시 도봉구청,2017-05-17
13-20-11,1,서울특별시 도봉구 창제5동 746-17,서울특별시 도봉구 창제5동 746-17,127.04315,37.66151,2006-10-15,한전주,02-2091-4083,서울특별시 도봉구청,2017-05-17
13-08-11,1,서울특별시 도봉구 노해로63가길19-7,서울특별시 도봉구 창제5동 258-15,127.044629,37.653732,2013-06-05,벽부등,02-2091-4083,서울특별시 도봉구청,2017-05-17
13-18-11,1,서울특별시 도봉구 창제5동 731-109,서울특별시 도봉구 창제5동 731-109,127.040359,37.656774,2008-01-01,한전주,02-2091-4083,서울특별시 도봉구청,2017-05-17
13-19-11,1,서울특별시 도봉구 도봉로136길 14,서울특별시 도봉구 창제5동 825-1,127.041834,37.659,2015-06-26,한전주,02-2091-4083,서울특별시 도봉구청,2017-05-17
13-01-11,1,서울특별시 도봉구 창제5동 691-2,서울특별시 도봉구 창제5동 691-2,127.039842,37.652439,2008-01-01,벽부등,02-2091-4083,서울특별시 도봉구청,2017-05-17
13-02-11,1,서울특별시 도봉구 창제5동 701-1,서울특별시 도봉구 창제5동 701-1,127.03829,37.652986,2007-03-20,벽부등,02-2091-4083,서울특별시 도봉구청,2017-05-17
13-06-11,1,서울특별시 도봉구 해등로16가길 32,서울특별시 도봉구 창제5동 296-15,127.04152,37.65461,2008-01-08,한전주,02-2091-4083,서울특별시 도봉구청,2017-05-17
13-05-11,1,서울특별시 도봉구 창제5동 715-24,서울특별시 도봉구 창제5동 715-24,127.039883,37.655055,2007-05-11,한전주,02-2091-4083,서울특별시 도봉구청,2017-05-17
13-07-11,1,서울특별시 도봉구 창제5동 262-6,서울특별시 도봉구 창제5동 262-6,127.044599,37.654393,2008-01-01,벽부등,02-2091-4083,서울특별시 도봉구청,2017-05-17
13-05-12,2,서울특별시 도봉구 도봉로 568-45,서울특별시 도봉구 창제5동 715-65,127.039969,37.654701,2007-05-14,한전주,02-2091-4083,서울특별시 도봉구청,2017-05-17
13-20-12,1,서울특별시 도봉구 창제5동 746-12,서울특별시 도봉구 창제5동 746-12,127.043123,37.661345,2006-11-01,한전주,02-2091-4083,서울특별시 도봉구청,2017-05-17
13-07-12,1,서울특별시 도봉구 창제5동 262-11,서울특별시 도봉구 창제5동 262-11,127.044344,37.654391,2008-01-08,한전주,02-2091-4083,서울특별시 도봉구청,2017-05-17
13-01-12,1,서울특별시 도봉구 창제5동 609-1,서울특별시 도봉구 창제5동 609-1,127.039827,37.65258,2008-01-01,한전주,02-2091-4083,서울특별시 도봉구청,2017-05-17
13-18-12,1,서울특별시 도봉구 창제5동 731-113,서울특별시 도봉구 창제5동 731-113,127.040522,37.656971,2008-01-01,한전주,02-2091-4083,서울특별시 도봉구청,2017-05-17
13-02-12,2,서울특별시 도봉구 도봉로126길17,서울특별시 도봉구 창제5동 700-1,127.038415,37.652801,2013-12-12,한전주,02-2091-4083,서울특별시 도봉구청,2017-05-17
13-06-12,1,서울특별시 도봉구 창제5동 296-14,서울특별시 도봉구 창제5동 296-14,127.041001,37.65426,2008-03-26,한전주,02-2091-4083,서울특별시 도봉구청,2017-05-17
13-06-13,1,서울특별시 도봉구 창제5동 296-13,서울특별시 도봉구 창제5동 296-13,127.040958,37.654858,2008-01-01,한전주,02-2091-4083,서울특별시 도봉구청,2017-05-17
13-01-13,1,서울특별시 도봉구 창제5동 700-83,서울특별시 도봉구 창제5동 700-83,127.038657,37.652126,2008-01-01,벽부등,02-2091-4083,서울특별시 도봉구청,2017-05-17
13-18-13,1,서울특별시 도봉구 창제5동 731-47,서울특별시 도봉구 창제5동 731-47,127.04066,37.657139,2008-01-01,한전주,02-2091-4083,서울특별시 도봉구청,2017-05-17
13-02-13,2,서울특별시 도봉구 창제5동 700-121,서울특별시 도봉구 창제5동 700-121,127.038659,37.652705,2006-10-13,한전주,02-2091-4083,서울특별시 도봉구청,2017-05-17
13-05-13,1,서울특별시 도봉구 창제5동 715-63,서울특별시 도봉구 창제5동 715-63,127.039921,37.654903,2010-03-29,통신주,02-2091-4083,서울특별시 도봉구청,2017-05-17
13-17-13,1,서울특별시 도봉구 창제5동 286-10,서울특별시 도봉구 창제5동 286-10,127.042047,37.655422,2008-01-01,한전주,02-2091-4083,서울특별시 도봉구청,2017-05-17
13-07-13,1,서울특별시 도봉구 창제5동 262-20,서울특별시 도봉구 창제5동 262-20,127.044068,37.654474,2008-01-01,통신주,02-2091-4083,서울특별시 도봉구청,2017-05-17
13-20-13,2,서울특별시 도봉구 창제5동 746-59,서울특별시 도봉구 창제5동 746-59,127.043451,37.66136,2008-01-01,한전주,02-2091-4083,서울특별시 도봉구청,2017-05-17
13-17-14,1,서울특별시 도봉구 해등로 16길 46,서울특별시 도봉구 창제5동 286-17,127.042394,37.65534,2008-01-01,한전주,02-2091-4083,서울특별시 도봉구청,2017-05-17
06-28-18,1,서울특별시 도봉구 방학제2동 664-12,서울특별시 도봉구 방학제2동 664-12,127.034541,37.663601,2008-01-01,벽부등,02-2091-4083,서울특별시 도봉구청,2017-05-17
06-18-18,1,서울특별시 도봉구 방학제2동 615-9,서울특별시 도봉구 방학제2동 615-9,127.032455,37.667985,2008-01-01,벽부등,02-2091-4083,서울특별시 도봉구청,2017-05-17
06-07-18,1,서울특별시 도봉구 방학제2동 623-31,서울특별시 도봉구 방학제2동 623-31,127.037799,37.669565,2008-01-01,벽부등,02-2091-4083,서울특별시 도봉구청,2017-05-17
06-20-18,1,서울특별시 도봉구 방학제2동 393-17,서울특별시 도봉구 방학제2동 393-17,127.032666,37.670561,2008-01-01,전용주,02-2091-4083,서울특별시 도봉구청,2017-05-17
06-01-18,1,서울특별시 도봉구 방학제2동 624-48,서울특별시 도봉구 방학제2동 624-48,127.039235,37.670576,2008-01-01,한전주,02-2091-4083,서울특별시 도봉구청,2017-05-17
06-12-18,1,서울특별시 도봉구 시루봉로 218,서울특별시 도봉구 방학제2동 629-17,127.034853,37.667533,2008-01-01,한전주,02-2091-4083,서울특별시 도봉구청,2017-05-17
06-21-18,2,서울특별시 도봉구 방학제2동 408-1,서울특별시 도봉구 방학제2동 408-1,127.029935,37.66991,2008-01-01,한전주,02-2091-4083,서울특별시 도봉구청,2017-05-17
06-14-18,1,서울특별시 도봉구 방학제2동 633-16,서울특별시 도봉구 방학제2동 633-16,127.036173,37.666075,2008-12-18,벽부등,02-2091-4083,서울특별시 도봉구청,2017-05-17
06-22-18,1,서울특별시 도봉구 시루봉로13길 53,서울특별시 도봉구 방학제2동 610-16,127.029897,37.668414,2007-06-26,한전주,02-2091-4083,서울특별시 도봉구청,2017-05-17
06-05-19,1,서울특별시 도봉구 방학제2동 638-12,서울특별시 도봉구 방학제2동 638-12,127.037388,37.667383,2008-01-01,한전주,02-2091-4083,서울특별시 도봉구청,2017-05-17
06-14-19,1,서울특별시 도봉구 도당로15길 21,서울특별시 도봉구 방학제2동 633-27,127.036209,37.666449,2006-08-31,한전주,02-2091-4083,서울특별시 도봉구청,2017-05-17
06-08-19,1,서울특별시 도봉구 도당로13바길 72,서울특별시 도봉구 방학제2동 627-14,127.037313,37.669172,2008-01-01,벽부등,02-2091-4083,서울특별시 도봉구청,2017-05-17
06-10-19,1,서울특별시 도봉구 방학제2동 393-10,서울특별시 도봉구 방학제2동 393-10,127.032004,37.670676,2008-01-01,전용주,02-2091-4083,서울특별시 도봉구청,2017-05-17
06-11-19,2,서울특별시 도봉구 시루봉로17길 28,서울특별시 도봉구 방학제2동 602-1,127.033337,37.669248,2006-06-05,한전주,02-2091-4083,서울특별시 도봉구청,2017-05-17
06-21-19,1,서울특별시 도봉구 방학제2동 408-7,서울특별시 도봉구 방학제2동 408-7,127.030112,37.669707,2008-01-01,벽부등,02-2091-4083,서울특별시 도봉구청,2017-05-17
06-09-19,2,서울특별시 도봉구 시루봉로 245-40,서울특별시 도봉구 방학제2동 155-12,127.036282,37.670339,2008-01-01,한전주,02-2091-4083,서울특별시 도봉구청,2017-05-17
06-03-19,1,서울특별시 도봉구 방학제2동 659-10,서울특별시 도봉구 방학제2동 659-10,127.038702,37.667178,2008-01-01,벽부등,02-2091-4083,서울특별시 도봉구청,2017-05-17
06-12-19,1,서울특별시 도봉구 도당로15길 61-5,서울특별시 도봉구 방학제2동 620-21,127.034626,37.667749,2006-07-28,벽부등,02-2091-4083,서울특별시 도봉구청,2017-05-17
06-28-19,1,서울특별시 도봉구 방학제2동 665-21,서울특별시 도봉구 방학제2동 665-21,127.033804,37.662991,2008-01-01,통신주,02-2091-4083,서울특별시 도봉구청,2017-05-17
06-18-19,1,서울특별시 도봉구 시루봉로15다길10,서울특별시 도봉구 방학제2동 612-18,127.031883,37.668002,2013-06-14,벽부등,02-2091-4083,서울특별시 도봉구청,2017-05-17
06-22-19,2,서울특별시 도봉구 시루봉로15바길 8,서울특별시 도봉구 방학제2동 608-56,127.031605,37.6686,2008-01-01,한전주,02-2091-4083,서울특별시 도봉구청,2017-05-17
06-16-19,1,서울특별시 도봉구 방학제2동 632-67,서울특별시 도봉구 방학제2동 632-67,127.03489,37.665454,2008-01-01,한전주,02-2091-4083,서울특별시 도봉구청,2017-05-17
06-07-19,1,서울특별시 도봉구 방학제2동 626-13,서울특별시 도봉구 방학제2동 626-13,127.038147,37.669118,2008-01-01,벽부등,02-2091-4083,서울특별시 도봉구청,2017-05-17
06-27-19,1,서울특별시 도봉구 방학제2동 668-18,서울특별시 도봉구 방학제2동 668-18,127.031758,37.662674,2007-03-06,벽부등,02-2091-4083,서울특별시 도봉구청,2017-05-17
06-20-19,1,서울특별시 도봉구 방학제2동 393-5,서울특별시 도봉구 방학제2동 393-5,127.032355,37.670552,2007-08-25,한전주,02-2091-4083,서울특별시 도봉구청,2017-05-17
06-02-19,1,서울특별시 도봉구 방학제2동 643-27,서울특별시 도봉구 방학제2동 643-27,127.038861,37.668374,2008-01-01,벽부등,02-2091-4083,서울특별시 도봉구청,2017-05-17
06-05-20,1,서울특별시 도봉구 도봉로13라길33,서울특별시 도봉구 방학제2동 628-36,127.03578,37.667575,2012-08-08,통신주,02-2091-4083,서울특별시 도봉구청,2017-05-17
06-10-20,1,서울특별시 도봉구 방학제2동 393-23,서울특별시 도봉구 방학제2동 393-23,127.032599,37.670974,2008-01-01,벽부등,02-2091-4083,서울특별시 도봉구청,2017-05-17
06-18-20,1,서울특별시 도봉구 시루봉로201,서울특별시 도봉구 방학제2동 616-14,127.032778,37.667087,2013-08-09,벽부등,02-2091-4083,서울특별시 도봉구청,2017-05-17
06-03-20,1,서울특별시 도봉구 방학제2동 659-18,서울특별시 도봉구 방학제2동 659-18,127.038907,37.667369,2008-01-01,벽부등,02-2091-4083,서울특별시 도봉구청,2017-05-17
06-01-20,1,서울특별시 도봉구 시루봉로 276,서울특별시 도봉구 방학제2동 624-43,127.039688,37.670786,2015-05-11,한전주,02-2091-4083,서울특별시 도봉구청,2017-05-17
06-12-20,1,서울특별시 도봉구 방학제2동 620-12,서울특별시 도봉구 방학제2동 620-12,127.034227,37.667645,2006-10-19,벽부등,02-2091-4083,서울특별시 도봉구청,2017-05-17
06-07-20,1,서울특별시 도봉구 시루봉로254,서울특별시 도봉구 방학제2동 623-9,127.037545,37.669839,2012-08-09,한전주,02-2091-4083,서울특별시 도봉구청,2017-05-17
06-20-20,1,서울특별시 도봉구 방학제2동 396-22,서울특별시 도봉구 방학제2동 396-22,127.032528,37.669516,2007-08-20,벽부등,02-2091-4083,서울특별시 도봉구청,2017-05-17
01-19-09,1,서울특별시 도봉구 쌍문제1동 495-23,서울특별시 도봉구 쌍문제1동 495-23,127.015593,37.65559,2008-01-01,독립주,02-2091-4083,서울특별시 도봉구청,2017-05-17
01-23-09,1,서울특별시 도봉구 우이천로50길 5-7,서울특별시 도봉구 쌍문제1동 522-13,127.015797,37.657176,2006-04-12,한전주,02-2091-4083,서울특별시 도봉구청,2017-05-17
01-20-09,1,서울특별시 도봉구 쌍문제1동 485-17,서울특별시 도봉구 쌍문제1동 485-17,127.016785,37.655769,2007-10-31,벽부등,02-2091-4083,서울특별시 도봉구청,2017-05-17
01-14-09,1,서울특별시 도봉구 시루봉로1길114-16,서울특별시 도봉구 쌍문제1동 460-223,127.023083,37.654327,2013-10-11,벽부등,02-2091-4083,서울특별시 도봉구청,2017-05-17
01-08-09,1,서울특별시 도봉구 우이천로38길 29,서울특별시 도봉구 쌍문제1동 460-366,127.022867,37.65085,2008-01-01,벽부등,02-2091-4083,서울특별시 도봉구청,2017-05-17
01-03-09,1,서울특별시 도봉구 노해로41길32-26,서울특별시 도봉구 쌍문제1동 281-48,127.026199,37.650597,2006-06-30,한전주,02-2091-4083,서울특별시 도봉구청,2017-05-17
01-12-09,1,서울특별시 도봉구 우이천로38다길 16,서울특별시 도봉구 쌍문제1동 460-141,127.022845,37.651859,2008-01-01,벽부등,02-2091-4083,서울특별시 도봉구청,2017-05-17
01-01-09,1,서울특별시 도봉구 노해로 161,서울특별시 도봉구 쌍문제1동 342-1,127.026855,37.649209,2007-11-27,한전주,02-2091-4083,서울특별시 도봉구청,2017-05-17
01-24-09,1,서울특별시 도봉구 삼양로162가길374,서울특별시 도봉구 쌍문제1동 520-1,127.014653,37.657816,2012-10-05,한전주,02-2091-4083,서울특별시 도봉구청,2017-05-17
01-17-09,1,서울특별시 도봉구 삼양로146길 18,서울특별시 도봉구 쌍문제1동 422-76,127.013621,37.652482,2008-01-01,벽부등,02-2091-4083,서울특별시 도봉구청,2017-05-17
01-25-09,1,서울특별시 도봉구 쌍문제1동 533-31,서울특별시 도봉구 쌍문제1동 533-31,127.015882,37.66105,2007-11-15,한전주,02-2091-4083,서울특별시 도봉구청,2017-05-17
01-11-09,1,서울특별시 도봉구 우이천로38라길 25-20,서울특별시 도봉구 쌍문제1동 460-301,127.023287,37.653697,2008-01-01,벽부등,02-2091-4083,서울특별시 도봉구청,2017-05-17
01-21-09,1,서울특별시 도봉구 쌍문제1동 480-4,서울특별시 도봉구 쌍문제1동 480-4,127.01827,37.655207,2007-08-23,한전주,02-2091-4083,서울특별시 도봉구청,2017-05-17
01-05-10,1,서울특별시 도봉구 우이천로34가길 6,서울특별시 도봉구 쌍문제1동 360-9,127.023762,37.64921,2008-01-01,한전주,02-2091-4083,서울특별시 도봉구청,2017-05-17
01-20-10,2,서울특별시 도봉구 쌍문제1동 485-25,서울특별시 도봉구 쌍문제1동 485-25,127.016648,37.655572,2007-02-07,한전주,02-2091-4083,서울특별시 도봉구청,2017-05-17
01-24-10,1,서울특별시 도봉구 삼양로154길374,서울특별시 도봉구 쌍문제1동 518-5,127.014653,37.657572,2012-10-05,한전주,02-2091-4083,서울특별시 도봉구청,2017-05-17
01-08-10,2,서울특별시 도봉구 쌍문제1동 452-16,서울특별시 도봉구 쌍문제1동 452-16,127.022518,37.650704,2008-01-01,한전주,02-2091-4083,서울특별시 도봉구청,2017-05-17
01-14-10,1,서울특별시 도봉구 우이천로38마길 25,서울특별시 도봉구 쌍문제1동 460-210,127.023174,37.653985,2008-01-01,한전주,02-2091-4083,서울특별시 도봉구청,2017-05-17
01-16-10,1,서울특별시 도봉구 삼양로144나길 41,서울특별시 도봉구 쌍문제1동 420-33,127.014923,37.649923,2008-01-01,한전주,02-2091-4083,서울특별시 도봉구청,2017-05-17
01-09-10,1,서울특별시 도봉구 쌍문제1동 451-2,서울특별시 도봉구 쌍문제1동 451-2,127.023298,37.650354,2008-01-01,독립주,02-2091-4083,서울특별시 도봉구청,2017-05-17
01-03-10,1,서울특별시 도봉구 쌍문제1동 281-23,서울특별시 도봉구 쌍문제1동 281-23,127.025836,37.650552,2008-01-01,한전주,02-2091-4083,서울특별시 도봉구청,2017-05-17
01-04-10,1,서울특별시 도봉구 노해로41길 23-17,서울특별시 도봉구 쌍문제1동 356-1,127.025667,37.649455,2006-04-15,한전주,02-2091-4083,서울특별시 도봉구청,2017-05-17
01-01-10,1,서울특별시 도봉구 쌍문제1동 345-6,서울특별시 도봉구 쌍문제1동 345-6,127.026687,37.649015,2008-01-01,벽부등,02-2091-4083,서울특별시 도봉구청,2017-05-17
01-15-10,1,서울특별시 도봉구 쌍문제1동 482,서울특별시 도봉구 쌍문제1동 482,127.01738,37.653736,2008-01-01,한전주,02-2091-4083,서울특별시 도봉구청,2017-05-17
01-11-10,2,서울특별시 도봉구 쌍문제1동 460-304,서울특별시 도봉구 쌍문제1동 460-304,127.023468,37.653531,2008-01-01,한전주,02-2091-4083,서울특별시 도봉구청,2017-05-17
01-07-10,1,서울특별시 도봉구 우이천로39가길 35,서울특별시 도봉구 쌍문제1동 434-8,127.018289,37.649922,2008-01-01,벽부등,02-2091-4083,서울특별시 도봉구청,2017-05-17
01-22-10,1,서울특별시 도봉구 쌍문제1동 509,서울특별시 도봉구 쌍문제1동 509,127.018074,37.656479,2008-01-01,전용주,02-2091-4083,서울특별시 도봉구청,2017-05-17
01-17-10,1,서울특별시 도봉구 쌍문제1동 423-17,서울특별시 도봉구 쌍문제1동 423-17,127.013258,37.65175,2008-01-01,통신주,02-2091-4083,서울특별시 도봉구청,2017-05-17
01-12-10,1,서울특별시 도봉구 쌍문제1동 460-139,서울특별시 도봉구 쌍문제1동 460-139,127.022805,37.652136,2008-01-01,벽부등,02-2091-4083,서울특별시 도봉구청,2017-05-17
01-25-10,1,서울특별시 도봉구 쌍문제1동 533-1,서울특별시 도봉구 쌍문제1동 533-1,127.015352,37.661475,2008-01-01,한전주,02-2091-4083,서울특별시 도봉구청,2017-05-17
01-23-10,1,서울특별시 도봉구 쌍문제1동 520-47,서울특별시 도봉구 쌍문제1동 520-47,127.015669,37.656818,2008-01-01,벽부등,02-2091-4083,서울특별시 도봉구청,2017-05-17
01-21-10,1,서울특별시 도봉구 우이천로46가길 34-9,서울특별시 도봉구 쌍문제1동 486-47,127.018109,37.655373,2008-01-01,벽부등,02-2091-4083,서울특별시 도봉구청,2017-05-17
01-18-10,2,서울특별시 도봉구 쌍문제1동 503-12,서울특별시 도봉구 쌍문제1동 503-12,127.013742,37.654919,2008-01-01,한전주,02-2091-4083,서울특별시 도봉구청,2017-05-17
13-20-14,2,서울특별시 도봉구 창제5동 746-61,서울특별시 도봉구 창제5동 746-61,127.043821,37.661374,2007-02-23,한전주,02-2091-4083,서울특별시 도봉구청,2017-05-17
13-01-14,1,서울특별시 도봉구 노해로269-7,서울특별시 도봉구 창제5동 700-19,127.038405,37.65202,2012-05-15,벽부등,02-2091-4083,서울특별시 도봉구청,2017-05-17
13-05-14,2,서울특별시 도봉구 창제5동 715-68,서울특별시 도봉구 창제5동 715-68,127.040075,37.654316,2006-08-11,한전주,02-2091-4083,서울특별시 도봉구청,2017-05-17
13-06-14,1,서울특별시 도봉구 창제5동 296-16,서울특별시 도봉구 창제5동 296-16,127.041215,37.654767,2008-01-01,벽부등,02-2091-4083,서울특별시 도봉구청,2017-05-17
13-07-14,1,서울특별시 도봉구 창제5동 263-5,서울특별시 도봉구 창제5동 263-5,127.043794,37.654634,2007-09-29,한전주,02-2091-4083,서울특별시 도봉구청,2017-05-17
13-02-14,1,서울특별시 도봉구 창제5동 698-1,서울특별시 도봉구 창제5동 698-1,127.038831,37.652639,2007-05-15,한전주,02-2091-4083,서울특별시 도봉구청,2017-05-17
13-18-14,1,서울특별시 도봉구 도봉로134길 16-8,서울특별시 도봉구 창제5동 731-38,127.040865,37.656872,2008-01-01,한전주,02-2091-4083,서울특별시 도봉구청,2017-05-17
13-01-15,1,서울특별시 도봉구 노해로269-32,서울특별시 도봉구 창제5동 700-13,127.03863,37.652251,2017-02-08,벽부등,02-2091-4083,서울특별시 도봉구청,2017-05-17
13-05-15,1,서울특별시 도봉구 도봉로130길 23,서울특별시 도봉구 창제5동 715-47,127.039549,37.654503,2007-09-08,한전주,02-2091-4083,서울특별시 도봉구청,2017-05-17
13-18-15,2,서울특별시 도봉구 도봉로134길16-5,서울특별시 도봉구 창제5동 731-121,127.041001,37.657035,2014-01-27,한전주,02-2091-4083,서울특별시 도봉구청,2017-05-17
13-06-15,1,서울특별시 도봉구 해등로16가길16-5,서울특별시 도봉구 창제5동 296-47,127.041006,37.655208,2013-09-10,벽부등,02-2091-4083,서울특별시 도봉구청,2017-05-17
13-07-15,1,서울특별시 도봉구 창제5동 291-47,서울특별시 도봉구 창제5동 291-47,127.043635,37.654406,2008-01-01,한전주,02-2091-4083,서울특별시 도봉구청,2017-05-17
13-02-15,1,서울특별시 도봉구 창제5동 700-49,서울특별시 도봉구 창제5동 700-49,127.038313,37.652353,2008-01-01,한전주,02-2091-4083,서울특별시 도봉구청,2017-05-17
13-17-15,1,서울특별시 도봉구 창제5동 288-7,서울특별시 도봉구 창제5동 288-7,127.042699,37.655211,2008-01-01,한전주,02-2091-4083,서울특별시 도봉구청,2017-05-17
13-20-15,1,서울특별시 도봉구 창제5동 746-54,서울특별시 도봉구 창제5동 746-54,127.044254,37.661426,2008-01-01,한전주,02-2091-4083,서울특별시 도봉구청,2017-05-17
13-18-16,1,서울특별시 도봉구 창제5동 731-119,서울특별시 도봉구 창제5동 731-119,127.041331,37.65726,2006-09-27,한전주,02-2091-4083,서울특별시 도봉구청,2017-05-17
13-07-16,1,서울특별시 도봉구 창제5동 261-2,서울특별시 도봉구 창제5동 261-2,127.0439,37.654089,2008-01-08,통신주,02-2091-4083,서울특별시 도봉구청,2017-05-17
06-02-02,1,서울특별시 도봉구 도당로13라길 96,서울특별시 도봉구 방학제2동 644-14,127.038752,37.669063,2008-04-21,한전주,02-2091-4083,서울특별시 도봉구청,2017-05-17
06-24-02,1,서울특별시 도봉구 방학제2동 344-5,서울특별시 도봉구 방학제2동 344-5,127.030311,37.667291,2006-08-08,한전주,02-2091-4083,서울특별시 도봉구청,2017-05-17
06-20-02,1,서울특별시 도봉구 시루봉로17길 48-35,서울특별시 도봉구 방학제2동 396-46,127.031793,37.669957,2007-10-17,한전주,02-2091-4083,서울특별시 도봉구청,2017-05-17
06-16-02,1,서울특별시 도봉구 도당로13다길 3-19,서울특별시 도봉구 방학제2동 632-63,127.034812,37.665606,2007-06-30,한전주,02-2091-4083,서울특별시 도봉구청,2017-05-17
06-07-02,1,서울특별시 도봉구 방학제2동 623-13,서울특별시 도봉구 방학제2동 623-13,127.037704,37.669912,2008-01-01,한전주,02-2091-4083,서울특별시 도봉구청,2017-05-17
06-11-02,1,서울특별시 도봉구 시루봉로17길 3,서울특별시 도봉구 방학제2동 603-27,127.034207,37.668308,2008-01-01,한전주,02-2091-4083,서울특별시 도봉구청,2017-05-17
06-05-02,1,서울특별시 도봉구 도당로13라길 38,서울특별시 도봉구 방학제2동 639-1,127.036081,37.667693,2006-11-17,한전주,02-2091-4083,서울특별시 도봉구청,2017-05-17
06-19-02,1,서울특별시 도봉구 방학제2동 609-4,서울특별시 도봉구 방학제2동 609-4,127.029962,37.66865,2008-01-01,한전주,02-2091-4083,서울특별시 도봉구청,2017-05-17
06-03-02,1,서울특별시 도봉구 도당로13가길 81,서울특별시 도봉구 방학제2동 642-29,127.038967,37.667852,2008-01-01,한전주,02-2091-4083,서울특별시 도봉구청,2017-05-17
06-17-02,1,서울특별시 도봉구 도당로13다길 15,서울특별시 도봉구 방학제2동 632-23,127.033523,37.665946,2006-11-17,한전주,02-2091-4083,서울특별시 도봉구청,2017-05-17
06-12-02,1,서울특별시 도봉구 방학제2동 628-11,서울특별시 도봉구 방학제2동 628-11,127.035343,37.667911,2008-01-01,벽부등,02-2091-4083,서울특별시 도봉구청,2017-05-17
06-27-02,1,서울특별시 도봉구 도당로13다길 68,서울특별시 도봉구 방학제2동 314-19,127.031338,37.664462,2008-01-01,한전주,02-2091-4083,서울특별시 도봉구청,2017-05-17
06-08-02,1,서울특별시 도봉구 도당로13바길 71,서울특별시 도봉구 방학제2동 622-21,127.037018,37.669118,2008-01-01,벽부등,02-2091-4083,서울특별시 도봉구청,2017-05-17
06-10-02,1,서울특별시 도봉구 시루봉로17가길 35,서울특별시 도봉구 방학제2동 386-69,127.033699,37.670017,2008-01-01,한전주,02-2091-4083,서울특별시 도봉구청,2017-05-17
06-26-02,2,서울특별시 도봉구 도당로13다길 45,서울특별시 도봉구 방학제2동 317-10,127.032591,37.665329,2007-04-04,한전주,02-2091-4083,서울특별시 도봉구청,2017-05-17
06-22-02,2,서울특별시 도봉구 시루봉로15바길 27,서울특별시 도봉구 방학제2동 611-13,127.030659,37.66863,2006-09-08,한전주,02-2091-4083,서울특별시 도봉구청,2017-05-17
06-06-02,1,서울특별시 도봉구 도당로13라길 75,서울특별시 도봉구 방학제2동 627-21,127.037467,37.668747,2008-01-01,한전주,02-2091-4083,서울특별시 도봉구청,2017-05-17
06-16-20,1,서울특별시 도봉구 도당로13길 29-3,서울특별시 도봉구 방학제2동 632-64,127.034628,37.665765,2015-05-11,통신주,02-2091-4083,서울특별시 도봉구청,2017-05-17
06-08-20,1,서울특별시 도봉구 방학제2동 622-27,서울특별시 도봉구 방학제2동 622-27,127.037063,37.669483,2008-01-01,한전주,02-2091-4083,서울특별시 도봉구청,2017-05-17
06-02-20,1,서울특별시 도봉구 도당로19길 27,서울특별시 도봉구 방학제2동 643-26,127.039258,37.668318,2008-01-01,한전주,02-2091-4083,서울특별시 도봉구청,2017-05-17
06-21-20,1,서울특별시 도봉구 시루봉로15길 71,서울특별시 도봉구 방학제2동 707-7,127.030444,37.669184,2008-01-01,한전주,02-2091-4083,서울특별시 도봉구청,2017-05-17
06-22-20,1,서울특별시 도봉구 방학제2동 413-10,서울특별시 도봉구 방학제2동 413-10,127.02953,37.668828,2008-01-01,한전주,02-2091-4083,서울특별시 도봉구청,2017-05-17
06-09-20,1,서울특별시 도봉구 방학제2동 155-1,서울특별시 도봉구 방학제2동 155-1,127.03649,37.670264,2008-01-01,한전주,02-2091-4083,서울특별시 도봉구청,2017-05-17
06-27-20,1,서울특별시 도봉구 도당로9길 57,서울특별시 도봉구 방학제2동 668-2,127.031414,37.662755,2007-06-15,한전주,02-2091-4083,서울특별시 도봉구청,2017-05-17
06-14-20,1,서울특별시 도봉구 도당로15길 27,서울특별시 도봉구 방학제2동 634-34,127.035997,37.666659,2008-01-01,한전주,02-2091-4083,서울특별시 도봉구청,2017-05-17
06-11-20,1,서울특별시 도봉구 시루봉로15라길30-1,서울특별시 도봉구 방학제2동 386-43,127.033301,37.669317,2012-09-03,한전주,02-2091-4083,서울특별시 도봉구청,2017-05-17
06-10-21,1,서울특별시 도봉구 시루봉로15라길 64,서울특별시 도봉구 방학제2동 391-2,127.032531,37.67121,2008-01-01,전용주,02-2091-4083,서울특별시 도봉구청,2017-05-17
06-20-21,1,서울특별시 도봉구 시루봉로17길 36-4,서울특별시 도봉구 방학제2동 397-5,127.032816,37.6695,2007-08-20,한전주,02-2091-4083,서울특별시 도봉구청,2017-05-17
06-21-21,1,서울특별시 도봉구 시루봉로15길 77,서울특별시 도봉구 방학제2동 407-5,127.030149,37.669111,2008-01-01,한전주,02-2091-4083,서울특별시 도봉구청,2017-05-17
06-02-21,1,서울특별시 도봉구 도당로13라길 86-4,서울특별시 도봉구 방학제2동 643-22,127.03933,37.668685,2008-01-01,한전주,02-2091-4083,서울특별시 도봉구청,2017-05-17
06-14-21,1,서울특별시 도봉구 방학제2동 634-30,서울특별시 도봉구 방학제2동 634-30,127.035708,37.666509,2008-01-01,벽부등,02-2091-4083,서울특별시 도봉구청,2017-05-17
06-18-21,1,서울특별시 도봉구 방학제2동 616-12,서울특별시 도봉구 방학제2동 616-12,127.032968,37.667272,2016-09-27,벽부등,02-2091-4083,서울특별시 도봉구청,2017-05-17
06-28-21,1,서울특별시 도봉구 도당로9길8-3,서울특별시 도봉구 방학제2동 664-35,127.034071,37.663257,2012-07-04,벽부등,02-2091-4083,서울특별시 도봉구청,2017-05-17
06-12-21,1,서울특별시 도봉구 시루봉로 212,서울특별시 도봉구 방학제2동 620-3,127.033854,37.667588,2008-01-01,한전주,02-2091-4083,서울특별시 도봉구청,2017-05-17
06-05-21,1,서울특별시 도봉구 도당로13나길50,서울특별시 도봉구 방학제2동 637-19,127.037294,37.667223,2012-12-05,통신주,02-2091-4083,서울특별시 도봉구청,2017-05-17
06-27-21,1,서울특별시 도봉구 방학로12가길 8,서울특별시 도봉구 방학제2동 305-2,127.031001,37.66279,2008-01-01,한전주,02-2091-4083,서울특별시 도봉구청,2017-05-17
06-11-21,1,서울특별시 도봉구 시루봉로15라길6,서울특별시 도봉구 방학제2동 604-12,127.032769,37.668359,2013-05-02,벽부등,02-2091-4083,서울특별시 도봉구청,2017-05-17
06-08-21,1,서울특별시 도봉구 시루봉로 230,서울특별시 도봉구 방학제2동 621-6,127.035376,37.66863,2007-09-12,한전주,02-2091-4083,서울특별시 도봉구청,2017-05-17
06-22-21,1,서울특별시 도봉구 시루봉로15길 87,서울특별시 도봉구 방학제2동 609,127.029752,37.668888,2008-01-01,한전주,02-2091-4083,서울특별시 도봉구청,2017-05-17
06-03-21,1,서울특별시 도봉구 도당로19길 7,서울특별시 도봉구 방학제2동 659-27,127.039123,37.667471,2008-01-01,한전주,02-2091-4083,서울특별시 도봉구청,2017-05-17
06-09-21,1,서울특별시 도봉구 시루봉로 245-14,서울특별시 도봉구 방학제2동 600-1,127.036666,37.670159,2008-01-01,한전주,02-2091-4083,서울특별시 도봉구청,2017-05-17
06-02-22,1,서울특별시 도봉구 시루봉로 251,서울특별시 도봉구 방학제2동 600-11,127.037401,37.669909,2015-05-11,한전주,02-2091-4083,서울특별시 도봉구청,2017-05-17
06-03-22,1,서울특별시 도봉구 도당로19길 23,서울특별시 도봉구 방학제2동 642-26,127.039224,37.668221,2008-01-01,한전주,02-2091-4083,서울특별시 도봉구청,2017-05-17
06-28-22,1,서울특별시 도봉구 도당로9길20-3,서울특별시 도봉구 방학제2동 666-2,127.033354,37.663193,2014-01-21,벽부등,02-2091-4083,서울특별시 도봉구청,2017-05-17
06-27-22,1,서울특별시 도봉구 도당로9길 52,서울특별시 도봉구 방학제2동 304-36,127.031345,37.662983,2008-01-01,한전주,02-2091-4083,서울특별시 도봉구청,2017-05-17
06-05-22,1,서울특별시 도봉구 개나리어린이공원,서울특별시 도봉구 방학제2동 638-12,127.037216,37.667539,2013-09-04,전용주,02-2091-4083,서울특별시 도봉구청,2017-05-17
06-20-22,1,서울특별시 도봉구 시루봉로17길 34,서울특별시 도봉구 방학제2동 606,127.032967,37.669175,2007-08-20,한전주,02-2091-4083,서울특별시 도봉구청,2017-05-17
06-10-22,1,서울특별시 도봉구 방학제2동 393-13,서울특별시 도봉구 방학제2동 393-13,127.032726,37.671244,2008-01-01,전용주,02-2091-4083,서울특별시 도봉구청,2017-05-17
06-22-22,1,서울특별시 도봉구 방학제2동 413-9,서울특별시 도봉구 방학제2동 413-9,127.029246,37.668897,2008-01-01,벽부등,02-2091-4083,서울특별시 도봉구청,2017-05-17
06-21-22,1,서울특별시 도봉구 시루봉로15길 82,서울특별시 도봉구 방학제2동 407-4,127.029627,37.669111,2007-12-11,한전주,02-2091-4083,서울특별시 도봉구청,2017-05-17
06-23-22,1,서울특별시 도봉구 방학제2동 604-20,서울특별시 도봉구 방학제2동 604-20,127.032769,37.668545,2006-07-29,벽부등,02-2091-4083,서울특별시 도봉구청,2017-05-17
01-19-10,1,서울특별시 도봉구 쌍문제1동 495-29,서울특별시 도봉구 쌍문제1동 495-29,127.01555,37.655468,2008-01-01,벽부등,02-2091-4083,서울특별시 도봉구청,2017-05-17
01-18-11,1,서울특별시 도봉구 쌍문제1동 503-1,서울특별시 도봉구 쌍문제1동 503-1,127.014226,37.655044,2008-01-01,한전주,02-2091-4083,서울특별시 도봉구청,2017-05-17
01-23-11,1,서울특별시 도봉구 쌍문제1동 522-4,서울특별시 도봉구 쌍문제1동 522-4,127.015945,37.65681,2008-01-01,한전주,02-2091-4083,서울특별시 도봉구청,2017-05-17
01-08-11,1,서울특별시 도봉구 우이천로38길 22,서울특별시 도봉구 쌍문제1동 450,127.022691,37.650521,2008-01-01,한전주,02-2091-4083,서울특별시 도봉구청,2017-05-17
01-20-11,1,서울특별시 도봉구 쌍문제1동 485-71,서울특별시 도봉구 쌍문제1동 485-71,127.016416,37.655757,2007-02-07,전용주,02-2091-4083,서울특별시 도봉구청,2017-05-17
01-14-11,1,서울특별시 도봉구 시루봉로1길 114-9,서울특별시 도봉구 쌍문제1동 460-226,127.022766,37.654147,2008-01-01,한전주,02-2091-4083,서울특별시 도봉구청,2017-05-17
01-10-11,1,서울특별시 도봉구 쌍문제1동 286-33,서울특별시 도봉구 쌍문제1동 286-33,127.024806,37.652177,2008-01-01,전용주,02-2091-4083,서울특별시 도봉구청,2017-05-17
01-09-11,1,서울특별시 도봉구 우이천로36길 17-4,서울특별시 도봉구 쌍문제1동 460-44,127.023298,37.650678,2008-01-01,벽부등,02-2091-4083,서울특별시 도봉구청,2017-05-17
01-04-11,1,서울특별시 도봉구 노해로41길 23-8,서울특별시 도봉구 쌍문제1동 358-10,127.025595,37.649355,2008-01-01,한전주,02-2091-4083,서울특별시 도봉구청,2017-05-17
01-15-11,1,서울특별시 도봉구 우이천로42가길 16,서울특별시 도봉구 쌍문제1동 472-8,127.017632,37.653824,2008-01-01,한전주,02-2091-4083,서울특별시 도봉구청,2017-05-17
01-24-11,1,서울특별시 도봉구 삼양로154길373,서울특별시 도봉구 쌍문제1동 494-21,127.014641,37.65732,2012-10-05,한전주,02-2091-4083,서울특별시 도봉구청,2017-05-17
01-02-11,1,서울특별시 도봉구 쌍문제1동 309-13,서울특별시 도봉구 쌍문제1동 309-13,127.027008,37.650515,2012-05-23,전용주,02-2091-4083,서울특별시 도봉구청,2017-05-17
01-22-11,1,서울특별시 도봉구 쌍문제1동 22-10,서울특별시 도봉구 쌍문제1동 22-10,127.018091,37.656281,2008-01-01,전용주,02-2091-4083,서울특별시 도봉구청,2017-05-17
01-11-11,1,서울특별시 도봉구 우이천로38라길 25-8,서울특별시 도봉구 쌍문제1동 460-313,127.023774,37.653228,2008-01-01,한전주,02-2091-4083,서울특별시 도봉구청,2017-05-17
01-07-11,1,서울특별시 도봉구 우이천로39가길 35,서울특별시 도봉구 쌍문제1동 435-20,127.018368,37.64958,2005-01-23,한전주,02-2091-4083,서울특별시 도봉구청,2017-05-17
01-01-11,1,서울특별시 도봉구 노해로 157,서울특별시 도봉구 쌍문제1동 346,127.026447,37.648822,2013-10-11,벽부등,02-2091-4083,서울특별시 도봉구청,2017-05-17
01-17-11,2,서울특별시 도봉구 삼양로 556,서울특별시 도봉구 쌍문제1동 423-26,127.013179,37.652509,2008-01-01,전용주,02-2091-4083,서울특별시 도봉구청,2017-05-17
01-12-11,1,서울특별시 도봉구 쌍문제1동 460-108,서울특별시 도봉구 쌍문제1동 460-108,127.022632,37.6521,2008-01-01,벽부등,02-2091-4083,서울특별시 도봉구청,2017-05-17
01-05-11,1,서울특별시 도봉구 우이천로34가길 19,서울특별시 도봉구 쌍문제1동 360-26,127.024238,37.649074,2006-05-26,한전주,02-2091-4083,서울특별시 도봉구청,2017-05-17
01-21-11,2,서울특별시 도봉구 쌍문제1동 480-4,서울특별시 도봉구 쌍문제1동 480-4,127.018635,37.655064,2007-10-01,한전주,02-2091-4083,서울특별시 도봉구청,2017-05-17
01-16-11,1,서울특별시 도봉구 쌍문제1동 424-31,서울특별시 도봉구 쌍문제1동 424-31,127.015088,37.649719,2008-01-01,통신주,02-2091-4083,서울특별시 도봉구청,2017-05-17
01-19-11,1,서울특별시 도봉구 쌍문제1동 495-9,서울특별시 도봉구 쌍문제1동 495-9,127.015526,37.655222,2008-01-01,벽부등,02-2091-4083,서울특별시 도봉구청,2017-05-17
01-03-11,1,서울특별시 도봉구 쌍문제1동 306-10,서울특별시 도봉구 쌍문제1동 306-10,127.025682,37.650192,2008-04-17,벽부등,02-2091-4083,서울특별시 도봉구청,2017-05-17
01-17-12,2,서울특별시 도봉구 삼양로 556,서울특별시 도봉구 쌍문제1동 423-14,127.012918,37.652482,2008-01-01,전용주,02-2091-4083,서울특별시 도봉구청,2017-05-17
01-10-12,1,서울특별시 도봉구 쌍문제1동 286-1,서울특별시 도봉구 쌍문제1동 286-1,127.024315,37.65223,2008-01-01,전용주,02-2091-4083,서울특별시 도봉구청,2017-05-17
01-20-12,1,서울특별시 도봉구 우이천로48길 4,서울특별시 도봉구 쌍문제1동 490-16,127.016137,37.65568,2008-01-01,벽부등,02-2091-4083,서울특별시 도봉구청,2017-05-17
01-16-12,1,서울특별시 도봉구 삼양로144나길 41-11,서울특별시 도봉구 쌍문제1동 420-62,127.015286,37.649499,2008-01-01,한전주,02-2091-4083,서울특별시 도봉구청,2017-05-17
01-04-12,1,서울특별시 도봉구 노해로41길 23-17,서울특별시 도봉구 쌍문제1동 357-41,127.025473,37.649128,2007-08-11,한전주,02-2091-4083,서울특별시 도봉구청,2017-05-17
01-14-12,1,서울특별시 도봉구 쌍문제1동 460-228,서울특별시 도봉구 쌍문제1동 460-228,127.022747,37.654016,2008-01-01,벽부등,02-2091-4083,서울특별시 도봉구청,2017-05-17
01-09-12,1,서울특별시 도봉구 쌍문제1동 286-39,서울특별시 도봉구 쌍문제1동 286-39,127.023479,37.650561,2008-01-01,벽부등,02-2091-4083,서울특별시 도봉구청,2017-05-17
01-03-12,1,서울특별시 도봉구 쌍문제1동 281-26,서울특별시 도봉구 쌍문제1동 281-26,202246.169,461196.735,2006-04-19,한전주,02-2091-4083,서울특별시 도봉구청,2017-05-17
01-08-12,1,서울특별시 도봉구 우이천로38길 17,서울특별시 도봉구 쌍문제1동 445,127.022482,37.650408,2008-01-01,한전주,02-2091-4083,서울특별시 도봉구청,2017-05-17
01-18-12,2,서울특별시 도봉구 쌍문제1동 503-43,서울특별시 도봉구 쌍문제1동 503-43,127.014279,37.654566,2008-01-01,전용주,02-2091-4083,서울특별시 도봉구청,2017-05-17
01-15-12,1,서울특별시 도봉구 우이천로42가길 18,서울특별시 도봉구 쌍문제1동 470-1,127.017825,37.653932,2007-11-22,한전주,02-2091-4083,서울특별시 도봉구청,2017-05-17
06-25-02,1,서울특별시 도봉구 방학제2동 619-18,서울특별시 도봉구 방학제2동 619-18,127.03344,37.66679,2006-12-19,전용주,02-2091-4083,서울특별시 도봉구청,2017-05-17
06-21-02,1,서울특별시 도봉구 방학제2동 398-6,서울특별시 도봉구 방학제2동 398-6,127.031376,37.66948,2008-01-01,벽부등,02-2091-4083,서울특별시 도봉구청,2017-05-17
06-04-02,1,서울특별시 도봉구 도당로13가길 42,서울특별시 도봉구 방학제2동 660-32,127.037486,37.66639,2008-01-01,한전주,02-2091-4083,서울특별시 도봉구청,2017-05-17
06-15-02,1,서울특별시 도봉구 방학제2동 662-23,서울특별시 도봉구 방학제2동 662-23,127.035095,37.664741,2008-01-01,벽부등,02-2091-4083,서울특별시 도봉구청,2017-05-17
06-28-02,1,서울특별시 도봉구 도당로11길 5-3,서울특별시 도봉구 방학제2동 664-4,127.034432,37.664127,2008-01-01,벽부등,02-2091-4083,서울특별시 도봉구청,2017-05-17
06-13-02,1,서울특별시 도봉구 방학제2동 636,서울특별시 도봉구 방학제2동 636,127.035867,37.666914,2006-08-31,한전주,02-2091-4083,서울특별시 도봉구청,2017-05-17
06-09-02,1,서울특별시 도봉구 방학제2동 386-44,서울특별시 도봉구 방학제2동 386-44,127.033703,37.669014,2008-01-01,벽부등,02-2091-4083,서울특별시 도봉구청,2017-05-17
06-14-02,1,서울특별시 도봉구 방학제2동 635-24,서울특별시 도봉구 방학제2동 635-24,127.035466,37.666973,2008-01-01,벽부등,02-2091-4083,서울특별시 도봉구청,2017-05-17
06-23-02,1,서울특별시 도봉구 시루봉로15아길 6,서울특별시 도봉구 방학제2동 605-20,127.032122,37.668957,2008-01-01,한전주,02-2091-4083,서울특별시 도봉구청,2017-05-17
06-05-03,1,서울특별시 도봉구 방학제2동 639-4,서울특별시 도봉구 방학제2동 639-4,127.036044,37.667393,2006-07-25,벽부등,02-2091-4083,서울특별시 도봉구청,2017-05-17
06-26-03,1,서울특별시 도봉구 도당로13다길 29,서울특별시 도봉구 방학제2동 632,127.032824,37.665496,2007-08-11,한전주,02-2091-4083,서울특별시 도봉구청,2017-05-17
06-03-03,1,서울특별시 도봉구 방학제2동 642-24,서울특별시 도봉구 방학제2동 642-24,127.038865,37.668139,2008-01-01,한전주,02-2091-4083,서울특별시 도봉구청,2017-05-17
06-21-03,1,서울특별시 도봉구 방학제2동 398-8,서울특별시 도봉구 방학제2동 398-8,127.031732,37.669541,2008-01-01,전용주,02-2091-4083,서울특별시 도봉구청,2017-05-17
06-04-03,1,서울특별시 도봉구 방학제2동 660-28,서울특별시 도봉구 방학제2동 660-28,127.037459,37.666516,2008-01-01,벽부등,02-2091-4083,서울특별시 도봉구청,2017-05-17
06-20-03,1,서울특별시 도봉구 방학제2동 396-34,서울특별시 도봉구 방학제2동 396-34,127.031695,37.670241,2008-01-01,한전주,02-2091-4083,서울특별시 도봉구청,2017-05-17
06-12-03,1,서울특별시 도봉구 방학동 628-12,서울특별시 도봉구 방학제2동 628-12,127.035581,37.668101,2008-01-01,한전주,02-2091-4083,서울특별시 도봉구청,2017-05-17
06-18-03,1,서울특별시 도봉구 방학제2동 616-6,서울특별시 도봉구 방학제2동 616-6,127.032941,37.667464,2008-01-01,벽부등,02-2091-4083,서울특별시 도봉구청,2017-05-17
06-25-03,1,서울특별시 도봉구 도당로13마길 18,서울특별시 도봉구 방학제2동 619-25,127.033109,37.666406,2007-05-22,한전주,02-2091-4083,서울특별시 도봉구청,2017-05-17
06-27-03,1,서울특별시 도봉구 도당로13다길 68,서울특별시 도봉구 방학제2동 302,127.031644,37.664669,2008-01-01,한전주,02-2091-4083,서울특별시 도봉구청,2017-05-17
06-02-03,1,서울특별시 도봉구 방학제2동 644-11,서울특별시 도봉구 방학제2동 644-11,127.038489,37.669017,2006-07-28,벽부등,02-2091-4083,서울특별시 도봉구청,2017-05-17
06-24-03,1,서울특별시 도봉구 방학제2동 344-12,서울특별시 도봉구 방학제2동 344-12,127.03042,37.667221,2008-01-01,벽부등,02-2091-4083,서울특별시 도봉구청,2017-05-17
06-22-03,1,서울특별시 도봉구 시루봉로15바길 27,서울특별시 도봉구 방학제2동 611-4,127.030963,37.668631,2006-08-03,한전주,02-2091-4083,서울특별시 도봉구청,2017-05-17
06-01-03,1,서울특별시 도봉구 방학제2동 624-39,서울특별시 도봉구 방학제2동 624-39,127.039362,37.670295,2008-01-01,벽부등,02-2091-4083,서울특별시 도봉구청,2017-05-17
06-07-03,1,서울특별시 도봉구 시루봉로 260-8,서울특별시 도봉구 방학제2동 623-24,127.038275,37.669908,2007-10-09,한전주,02-2091-4083,서울특별시 도봉구청,2017-05-17
06-13-03,1,서울특별시 도봉구 도당로15길 44,서울특별시 도봉구 방학제2동 636-1,127.035487,37.667276,2008-01-01,한전주,02-2091-4083,서울특별시 도봉구청,2017-05-17
06-08-03,1,서울특별시 도봉구 시루봉로22길 10,서울특별시 도봉구 방학제2동 622-29,127.037232,37.669208,2008-01-01,한전주,02-2091-4083,서울특별시 도봉구청,2017-05-17
06-14-03,1,서울특별시 도봉구 도당로15길 43,서울특별시 도봉구 방학제2동 635-17,127.035283,37.667163,2006-11-17,한전주,02-2091-4083,서울특별시 도봉구청,2017-05-17
06-06-03,1,서울특별시 도봉구 도당로13라길 70,서울특별시 도봉구 방학제2동 640-30,127.037504,37.668565,2008-01-01,한전주,02-2091-4083,서울특별시 도봉구청,2017-05-17
06-23-03,1,서울특별시 도봉구 방학제2동 605-16,서울특별시 도봉구 방학제2동 605-16,127.032507,37.668884,2008-01-01,한전주,02-2091-4083,서울특별시 도봉구청,2017-05-17
06-16-03,1,서울특별시 도봉구 도당로13다길 3-29,서울특별시 도봉구 방학제2동 632-61,127.035033,37.665407,2008-01-01,한전주,02-2091-4083,서울특별시 도봉구청,2017-05-17
06-10-03,1,서울특별시 도봉구 방학제2동 386-44,서울특별시 도봉구 방학제2동 386-44,127.03378,37.670333,2008-01-01,벽부등,02-2091-4083,서울특별시 도봉구청,2017-05-17
06-15-03,1,서울특별시 도봉구 방학제2동 662-38,서울특별시 도봉구 방학제2동 662-38,127.03523,37.664609,2006-09-06,벽부등,02-2091-4083,서울특별시 도봉구청,2017-05-17
06-17-03,1,서울특별시 도봉구 도당로13다길 9,서울특별시 도봉구 방학제2동 632-33,127.033802,37.666131,2008-01-01,한전주,02-2091-4083,서울특별시 도봉구청,2017-05-17
06-11-03,1,서울특별시 도봉구 시루봉로17길 13,서울특별시 도봉구 방학제2동 604-24,127.033924,37.668573,2006-12-04,한전주,02-2091-4083,서울특별시 도봉구청,2017-05-17
06-12-22,1,서울특별시 도봉구 방학제2동 620-8,서울특별시 도봉구 방학제2동 620-8,127.033984,37.66744,2006-07-11,벽부등,02-2091-4083,서울특별시 도봉구청,2017-05-17
06-14-22,1,서울특별시 도봉구 방학제2동 634-30,서울특별시 도봉구 방학제2동 634-30,127.035818,37.666599,2008-01-01,벽부등,02-2091-4083,서울특별시 도봉구청,2017-05-17
06-09-22,2,서울특별시 도봉구 방학제2동 600-5,서울특별시 도봉구 방학제2동 600-5,127.036979,37.670093,2008-01-01,한전주,02-2091-4083,서울특별시 도봉구청,2017-05-17
06-12-23,1,서울특별시 도봉구 방학제2동 629-8,서울특별시 도봉구 방학제2동 629-8,127.034566,37.667045,2008-01-01,벽부등,02-2091-4083,서울특별시 도봉구청,2017-05-17
06-01-23,1,서울특별시 도봉구 도당로19길 59,서울특별시 도봉구 방학제2동 625-19,127.039506,37.669688,2008-01-01,한전주,02-2091-4083,서울특별시 도봉구청,2017-05-17
06-03-23,1,서울특별시 도봉구 도당로13나길 79,서울특별시 도봉구 방학제2동 643-37,127.038704,37.668169,2008-01-01,한전주,02-2091-4083,서울특별시 도봉구청,2017-05-17
06-14-23,1,서울특별시 도봉구 방학제2동 633-17,서울특별시 도봉구 방학제2동 633-17,127.036065,37.66619,2008-01-01,벽부등,02-2091-4083,서울특별시 도봉구청,2017-05-17
06-22-23,1,서울특별시 도봉구 시루봉로15길 95,서울특별시 도봉구 방학제2동 413-28,127.029084,37.66912,2008-01-01,한전주,02-2091-4083,서울특별시 도봉구청,2017-05-17
06-09-23,1,서울특별시 도봉구 방학제2동 600-12,서울특별시 도봉구 방학제2동 600-12,127.037097,37.669972,2007-12-31,한전주,02-2091-4083,서울특별시 도봉구청,2017-05-17
06-05-23,1,서울특별시 도봉구 도봉로151길43-1,서울특별시 도봉구 방학제2동 638-15,127.036893,37.667307,2013-10-04,벽부등,02-2091-4083,서울특별시 도봉구청,2017-05-17
06-20-23,1,서울특별시 도봉구 방학제2동 396-12,서울특별시 도봉구 방학제2동 396-12,127.032606,37.670255,2007-08-21,벽부등,02-2091-4083,서울특별시 도봉구청,2017-05-17
06-02-23,1,서울특별시 도봉구 시루봉로 258,서울특별시 도봉구 방학제2동 623-16,127.03792,37.670122,2015-05-11,전용주,02-2091-4083,서울특별시 도봉구청,2017-05-17
06-21-23,2,서울특별시 도봉구 시루봉로15길 89,서울특별시 도봉구 방학제2동 413-2,127.029488,37.669121,2008-01-01,한전주,02-2091-4083,서울특별시 도봉구청,2017-05-17
06-28-23,1,서울특별시 도봉구 도당로 59,서울특별시 도봉구 방학제2동 664-18,127.034578,37.663392,2015-09-15,벽부등,02-2091-4083,서울특별시 도봉구청,2017-05-17
06-10-23,1,서울특별시 도봉구 방학제2동 393-33,서울특별시 도봉구 방학제2동 393-33,127.032825,37.671065,2008-01-01,전용주,02-2091-4083,서울특별시 도봉구청,2017-05-17
06-27-23,1,서울특별시 도봉구 방학제2동 304-32,서울특별시 도봉구 방학제2동 304-32,127.03179,37.663171,2008-01-01,한전주,02-2091-4083,서울특별시 도봉구청,2017-05-17
06-20-24,1,서울특별시 도봉구 시루봉로17길 48-16,서울특별시 도봉구 방학제2동 396-44,127.032081,37.670032,2015-05-11,벽부등,02-2091-4083,서울특별시 도봉구청,2017-05-17
06-14-24,1,서울특별시 도봉구 방학제2동 634-14,서울특별시 도봉구 방학제2동 634-14,127.035657,37.66618,2008-01-01,벽부등,02-2091-4083,서울특별시 도봉구청,2017-05-17
06-27-24,1,서울특별시 도봉구 도당로9길44-17,서울특별시 도봉구 방학제2동 304-42,127.03145,37.663633,2012-11-27,벽부등,02-2091-4083,서울특별시 도봉구청,2017-05-17
06-22-24,1,서울특별시 도봉구 방학제2동 413-1,서울특별시 도봉구 방학제2동 413-1,127.028827,37.669181,2008-01-01,한전주,02-2091-4083,서울특별시 도봉구청,2017-05-17
06-05-24,1,서울특별시 도봉구 도당로13나길63-3,서울특별시 도봉구 방학제2동 641-19,127.037758,37.66783,2014-02-27,벽부등,02-2091-4083,서울특별시 도봉구청,2017-05-17
06-12-24,1,서울특별시 도봉구 방학제2동 629-15,서울특별시 도봉구 방학제2동 629-15,127.034671,37.667411,2007-05-10,한전주,02-2091-4083,서울특별시 도봉구청,2017-05-17
06-02-24,1,서울특별시 도봉구 시루봉로 264-1,서울특별시 도봉구 방학제2동 624-24,127.038526,37.670408,2015-05-11,전용주,02-2091-4083,서울특별시 도봉구청,2017-05-17
06-10-24,1,서울특별시 도봉구 방학제2동 393-14,서울특별시 도봉구 방학제2동 393-14,127.031636,37.670962,2008-01-01,전용주,02-2091-4083,서울특별시 도봉구청,2017-05-17
06-01-24,1,서울특별시 도봉구 도당로19길 65,서울특별시 도봉구 방학제2동 624-32,127.03941,37.669442,2008-01-01,한전주,02-2091-4083,서울특별시 도봉구청,2017-05-17
06-03-24,1,서울특별시 도봉구 방학제2동 659-28,서울특별시 도봉구 방학제2동 659-28,127.039089,37.667341,2006-12-28,벽부등,02-2091-4083,서울특별시 도봉구청,2017-05-17
06-09-24,1,서울특별시 도봉구 시루봉로 247,서울특별시 도봉구 방학제2동 600-8,127.036725,37.669789,2008-01-01,한전주,02-2091-4083,서울특별시 도봉구청,2017-05-17
06-09-25,1,서울특별시 도봉구 시루봉로 245-26,서울특별시 도봉구 방학제2동 155-8,127.036536,37.669976,2006-12-08,한전주,02-2091-4083,서울특별시 도봉구청,2017-05-17
06-10-25,1,서울특별시 도봉구 방학제2동 393-4,서울특별시 도봉구 방학제2동 393-4,127.031636,37.670914,2008-01-01,한전주,02-2091-4083,서울특별시 도봉구청,2017-05-17
06-22-25,1,서울특별시 도봉구 시루봉로15길 97-8,서울특별시 도봉구 방학제2동 413-20,127.028744,37.668994,2008-01-01,한전주,02-2091-4083,서울특별시 도봉구청,2017-05-17
06-14-25,1,서울특별시 도봉구 도당로15길 13,서울특별시 도봉구 방학제2동 633-24,127.036483,37.66622,2008-01-01,한전주,02-2091-4083,서울특별시 도봉구청,2017-05-17
06-12-25,1,서울특별시 도봉구 방학제2동 620-6,서울특별시 도봉구 방학제2동 620-6,127.03377,37.66731,2008-01-01,벽부등,02-2091-4083,서울특별시 도봉구청,2017-05-17
06-02-25,1,서울특별시 도봉구 시루봉로 270,서울특별시 도봉구 방학제2동 624-27,127.039072,37.670647,2015-05-11,전용주,02-2091-4083,서울특별시 도봉구청,2017-05-17
06-21-25,1,서울특별시 도봉구 방학제2동 408-10,서울특별시 도봉구 방학제2동 408-10,127.029765,37.66929,2008-01-01,전용주,02-2091-4083,서울특별시 도봉구청,2017-05-17
01-19-12,1,서울특별시 도봉구 쌍문제1동 495-54,서울특별시 도봉구 쌍문제1동 495-54,127.015857,37.655104,2010-03-17,벽부등,02-2091-4083,서울특별시 도봉구청,2017-05-17
01-21-12,1,서울특별시 도봉구 쌍문제1동 486-34,서울특별시 도봉구 쌍문제1동 486-34,127.017945,37.655529,2006-05-26,한전주,02-2091-4083,서울특별시 도봉구청,2017-05-17
01-01-12,1,서울특별시 도봉구 노해로157,서울특별시 도봉구 쌍문제1동 346,127.026628,37.648687,2013-10-11,벽부등,02-2091-4083,서울특별시 도봉구청,2017-05-17
01-23-12,2,서울특별시 도봉구 우이천로50길 26,서울특별시 도봉구 쌍문제1동 524-18,127.016783,37.656716,2008-01-01,한전주,02-2091-4083,서울특별시 도봉구청,2017-05-17
01-07-12,1,서울특별시 도봉구 쌍문제1동 471-7,서울특별시 도봉구 쌍문제1동 471-7,127.018492,37.649286,2008-01-01,한전주,02-2091-4083,서울특별시 도봉구청,2017-05-17
01-11-12,1,서울특별시 도봉구 우이천로38라길 20,서울특별시 도봉구 쌍문제1동 460-321,127.024048,37.65299,2008-01-01,한전주,02-2091-4083,서울특별시 도봉구청,2017-05-17
01-12-12,1,서울특별시 도봉구 쌍문제1동 460-109,서울특별시 도봉구 쌍문제1동 460-109,127.02252,37.652233,2008-01-01,벽부등,02-2091-4083,서울특별시 도봉구청,2017-05-17
01-22-12,1,서울특별시 도봉구 쌍문제1동 486-76,서울특별시 도봉구 쌍문제1동 486-76,127.018965,37.655902,2008-01-01,한전주,02-2091-4083,서울특별시 도봉구청,2017-05-17
01-24-12,1,서울특별시 도봉구 삼양로154길373,서울특별시 도봉구 쌍문제1동 509-11,127.01463,37.657023,2012-10-05,한전주,02-2091-4083,서울특별시 도봉구청,2017-05-17
01-19-13,1,서울특별시 도봉구 쌍문제1동 495-57,서울특별시 도봉구 쌍문제1동 495-57,127.015746,37.654932,2006-12-11,한전주,02-2091-4083,서울특별시 도봉구청,2017-05-17
01-18-13,1,서울특별시 도봉구 쌍문제1동 505-11,서울특별시 도봉구 쌍문제1동 505-11,127.013985,37.654527,2008-01-01,한전주,02-2091-4083,서울특별시 도봉구청,2017-05-17
01-25-13,1,서울특별시 도봉구 삼양로162가길 72,서울특별시 도봉구 쌍문제1동 산308-6,127.014858,37.661248,2008-01-01,벽부등,02-2091-4083,서울특별시 도봉구청,2017-05-17
01-21-13,1,서울특별시 도봉구 쌍문제1동 486-21,서울특별시 도봉구 쌍문제1동 486-21,127.017752,37.655574,2008-01-01,벽부등,02-2091-4083,서울특별시 도봉구청,2017-05-17
01-14-13,1,서울특별시 도봉구 시루봉로1길 118,서울특별시 도봉구 쌍문제1동 460-216,127.022607,37.653652,2008-01-01,한전주,02-2091-4083,서울특별시 도봉구청,2017-05-17
01-23-13,1,서울특별시 도봉구 쌍문제1동 523-10,서울특별시 도봉구 쌍문제1동 523-10,127.016934,37.656791,2008-01-01,한전주,02-2091-4083,서울특별시 도봉구청,2017-05-17
01-08-13,1,서울특별시 도봉구 쌍문제1동 445-5,서울특별시 도봉구 쌍문제1동 445-5,127.022278,37.650679,2008-01-01,한전주,02-2091-4083,서울특별시 도봉구청,2017-05-17
01-11-13,1,서울특별시 도봉구 쌍문제1동 460-323,서울특별시 도봉구 쌍문제1동 460-323,127.024194,37.653015,2008-01-01,한전주,02-2091-4083,서울특별시 도봉구청,2017-05-17
01-05-13,2,서울특별시 도봉구 우이천로32길 35-3,서울특별시 도봉구 쌍문제1동 363-1,127.024668,37.649201,2006-02-16,전용주,02-2091-4083,서울특별시 도봉구청,2017-05-17
01-04-13,1,서울특별시 도봉구 쌍문제1동 357-2,서울특별시 도봉구 쌍문제1동 357-2,127.025708,37.649088,2008-01-01,한전주,02-2091-4083,서울특별시 도봉구청,2017-05-17
01-01-13,1,서울특별시 도봉구 노해로41길 21-2,서울특별시 도봉구 쌍문제1동 305-2,127.02598,37.64953,2014-10-28,벽부등,02-2091-4083,서울특별시 도봉구청,2017-05-17
01-15-13,1,서울특별시 도봉구 쌍문제1동 470-12,서울특별시 도봉구 쌍문제1동 470-12,127.01808,37.653697,2007-11-22,전용주,02-2091-4083,서울특별시 도봉구청,2017-05-17
01-09-13,1,서울특별시 도봉구 쌍문제1동 286-24,서울특별시 도봉구 쌍문제1동 286-24,127.023771,37.650441,2008-01-01,전용주,02-2091-4083,서울특별시 도봉구청,2017-05-17
01-07-13,1,서울특별시 도봉구 쌍문제1동 417-17,서울특별시 도봉구 쌍문제1동 417-17,127.018599,37.649057,2008-01-01,한전주,02-2091-4083,서울특별시 도봉구청,2017-05-17
01-03-13,1,서울특별시 도봉구 쌍문제1동 281-29,서울특별시 도봉구 쌍문제1동 281-29,127.025553,37.650618,2008-01-01,한전주,02-2091-4083,서울특별시 도봉구청,2017-05-17
01-12-13,1,서울특별시 도봉구 쌍문제1동 460-81,서울특별시 도봉구 쌍문제1동 460-81,127.022364,37.65241,2007-04-06,한전주,02-2091-4083,서울특별시 도봉구청,2017-05-17
01-22-13,1,서울특별시 도봉구 쌍문제1동 22-1,서울특별시 도봉구 쌍문제1동 22-1,127.019331,37.656109,2008-01-01,한전주,02-2091-4083,서울특별시 도봉구청,2017-05-17
01-24-13,1,서울특별시 도봉구 삼양로154길 373,서울특별시 도봉구 쌍문제1동 509-1,127.014596,37.656617,2012-10-05,한전주,02-2091-4083,서울특별시 도봉구청,2017-05-17
01-16-13,1,서울특별시 도봉구 쌍문제1동 420-63,서울특별시 도봉구 쌍문제1동 420-63,127.015509,37.649358,2008-01-01,한전주,02-2091-4083,서울특별시 도봉구청,2017-05-17
01-20-13,1,서울특별시 도봉구 쌍문제1동 490-12,서울특별시 도봉구 쌍문제1동 490-12,127.016243,37.655531,2008-01-01,한전주,02-2091-4083,서울특별시 도봉구청,2017-05-17
01-12-14,1,서울특별시 도봉구 쌍문제1동 460-86,서울특별시 도봉구 쌍문제1동 460-86,127.022505,37.652454,2008-01-01,벽부등,02-2091-4083,서울특별시 도봉구청,2017-05-17
01-15-14,1,서울특별시 도봉구 쌍문제1동 470-13,서울특별시 도봉구 쌍문제1동 470-13,127.018238,37.653635,2008-01-01,한전주,02-2091-4083,서울특별시 도봉구청,2017-05-17
01-14-14,1,서울특별시 도봉구 쌍문제1동 460-217,서울특별시 도봉구 쌍문제1동 460-217,127.022656,37.653551,2008-01-01,벽부등,02-2091-4083,서울특별시 도봉구청,2017-05-17
01-16-14,1,서울특별시 도봉구 삼양로144나길 43,서울특별시 도봉구 쌍문제1동 420-45,127.015773,37.649247,2008-01-01,한전주,02-2091-4083,서울특별시 도봉구청,2017-05-17
01-07-14,1,서울특별시 도봉구 우이천로39길 52,서울특별시 도봉구 쌍문제1동 417-16,127.018719,37.648823,2008-01-01,한전주,02-2091-4083,서울특별시 도봉구청,2017-05-17
06-28-03,1,서울특별시 도봉구 도당로11길 5,서울특별시 도봉구 방학제2동 664,127.034713,37.66418,2007-10-10,한전주,02-2091-4083,서울특별시 도봉구청,2017-05-17
06-09-03,1,서울특별시 도봉구 방학제2동 384-10,서울특별시 도봉구 방학제2동 384-10,127.03419,37.669022,2008-01-01,벽부등,02-2091-4083,서울특별시 도봉구청,2017-05-17
06-20-04,2,서울특별시 도봉구 시루봉로17길 48-22,서울특별시 도봉구 방학제2동 394-5,127.032099,37.670219,2007-11-12,한전주,02-2091-4083,서울특별시 도봉구청,2017-05-17
06-17-04,1,서울특별시 도봉구 도당로13다길 9-11,서울특별시 도봉구 방학제2동 632-36,127.034206,37.665745,2008-02-11,한전주,02-2091-4083,서울특별시 도봉구청,2017-05-17
06-11-04,1,서울특별시 도봉구 시루봉로15나길 20,서울특별시 도봉구 방학제2동 603-21,127.03372,37.668389,2008-01-01,한전주,02-2091-4083,서울특별시 도봉구청,2017-05-17
06-25-04,1,서울특별시 도봉구 도당로13마길 34,서울특별시 도봉구 방학제2동 618-2,127.032293,37.666393,2008-01-01,한전주,02-2091-4083,서울특별시 도봉구청,2017-05-17
06-04-04,1,서울특별시 도봉구 도당로13가길 34-3,서울특별시 도봉구 방학제2동 660-23,127.037368,37.666451,2007-05-22,벽부등,02-2091-4083,서울특별시 도봉구청,2017-05-17
06-02-04,1,서울특별시 도봉구 방학제2동 644-4,서울특별시 도봉구 방학제2동 644-4,127.038139,37.6689,2008-01-01,벽부등,02-2091-4083,서울특별시 도봉구청,2017-05-17
06-07-04,1,서울특별시 도봉구 도당로13바길 95,서울특별시 도봉구 방학제2동 623-28,127.038035,37.669552,2008-01-01,한전주,02-2091-4083,서울특별시 도봉구청,2017-05-17
06-05-04,1,서울특별시 도봉구 방학제2동 639-2,서울특별시 도봉구 방학제2동 639-2,127.036254,37.667531,2010-03-26,벽부등,02-2091-4083,서울특별시 도봉구청,2017-05-17
06-12-04,1,서울특별시 도봉구 도당로17길 51,서울특별시 도봉구 방학제2동 628-38,127.036372,37.668313,2006-10-17,한전주,02-2091-4083,서울특별시 도봉구청,2017-05-17
13-19-16,1,서울특별시 도봉구 창제5동 749-18,서울특별시 도봉구 창제5동 749-18,127.042601,37.659593,2008-01-01,한전주,02-2091-4083,서울특별시 도봉구청,2017-05-17
13-02-16,1,서울특별시 도봉구 창제5동 700-48,서울특별시 도봉구 창제5동 700-48,127.038208,37.652123,2008-01-01,한전주,02-2091-4083,서울특별시 도봉구청,2017-05-17
13-05-16,1,서울특별시 도봉구 창제5동 715-20,서울특별시 도봉구 창제5동 715-20,127.040114,37.654238,2008-01-01,한전주,02-2091-4083,서울특별시 도봉구청,2017-05-17
13-20-16,1,서울특별시 도봉구 창제5동 746-60,서울특별시 도봉구 창제5동 746-60,127.043173,37.661211,2008-01-01,벽부등,02-2091-4083,서울특별시 도봉구청,2017-05-17
13-16-16,1,서울특별시 도봉구 노해로63다길 62,서울특별시 도봉구 창제5동 135-20,127.045743,37.655526,2008-01-01,한전주,02-2091-4083,서울특별시 도봉구청,2017-05-17
13-18-17,1,서울특별시 도봉구 창제5동 731-31,서울특별시 도봉구 창제5동 731-31,127.041539,37.657264,2006-09-27,한전주,02-2091-4083,서울특별시 도봉구청,2017-05-17
13-05-17,1,서울특별시 도봉구 도당로130길119,서울특별시 도봉구 창제5동 715-70,127.040433,37.654116,2013-07-05,전용주,02-2091-4083,서울특별시 도봉구청,2017-05-17
13-19-17,1,서울특별시 도봉구 도봉로136길 19,서울특별시 도봉구 창제5동 749-19,127.042589,37.659286,2008-01-01,한전주,02-2091-4083,서울특별시 도봉구청,2017-05-17
13-16-17,2,서울특별시 도봉구 창제5동 241-14,서울특별시 도봉구 창제5동 241-14,127.04544,37.655499,2008-01-01,한전주,02-2091-4083,서울특별시 도봉구청,2017-05-17
13-20-17,1,서울특별시 도봉구 창제5동 746-29,서울특별시 도봉구 창제5동 746-29,127.043087,37.661067,2008-01-01,벽부등,02-2091-4083,서울특별시 도봉구청,2017-05-17
13-07-17,1,서울특별시 도봉구 노해로63나길 17,서울특별시 도봉구 창제5동 261-12,127.044218,37.654015,2008-01-01,한전주,02-2091-4083,서울특별시 도봉구청,2017-05-17
13-19-18,1,서울특별시 도봉구 창제5동 749-15,서울특별시 도봉구 창제5동 749-15,127.042618,37.659852,2008-01-01,한전주,02-2091-4083,서울특별시 도봉구청,2017-05-17
13-07-18,1,서울특별시 도봉구 창제5동 261-11,서울특별시 도봉구 창제5동 261-11,127.044626,37.653922,2008-01-01,통신주,02-2091-4083,서울특별시 도봉구청,2017-05-17
13-02-18,1,서울특별시 도봉구 창제5동 700-108,서울특별시 도봉구 창제5동 700-108,127.037956,37.651699,2008-01-01,벽부등,02-2091-4083,서울특별시 도봉구청,2017-05-17
13-05-18,1,서울특별시 도봉구 도봉로130길 7,서울특별시 도봉구 창제5동 715-32,127.039185,37.654646,2015-05-11,한전주,02-2091-4083,서울특별시 도봉구청,2017-05-17
13-16-18,1,서울특별시 도봉구 노해로63다길 62-3,서울특별시 도봉구 창제5동 241-15,127.045434,37.655791,2008-01-01,한전주,02-2091-4083,서울특별시 도봉구청,2017-05-17
13-20-18,1,서울특별시 도봉구 도봉로140길 15-7,서울특별시 도봉구 창제5동 746-20,127.043036,37.66126,2015-05-11,벽부등,02-2091-4083,서울특별시 도봉구청,2017-05-17
13-18-18,1,서울특별시 도봉구 해등로16길 1-7,서울특별시 도봉구 창제5동 731-38,127.040718,37.656719,2008-01-01,한전주,02-2091-4083,서울특별시 도봉구청,2017-05-17
13-18-19,1,서울특별시 도봉구 창제5동 731-51,서울특별시 도봉구 창제5동 731-51,127.04051,37.657508,2007-07-06,벽부등,02-2091-4083,서울특별시 도봉구청,2017-05-17
13-20-19,1,서울특별시 도봉구 창제5동 746-29,서울특별시 도봉구 창제5동 746-29,127.042728,37.66124,2008-01-01,통신주,02-2091-4083,서울특별시 도봉구청,2017-05-17
13-19-19,1,서울특별시 도봉구 도봉로136길 19,서울특별시 도봉구 창제5동 749-17,127.042737,37.660138,2008-01-01,한전주,02-2091-4083,서울특별시 도봉구청,2017-05-17
13-16-19,1,서울특별시 도봉구 창제5동 241-12,서울특별시 도봉구 창제5동 241-12,127.045347,37.656003,2008-01-01,전용주,02-2091-4083,서울특별시 도봉구청,2017-05-17
13-07-19,1,서울특별시 도봉구 창제5동 258-10,서울특별시 도봉구 창제5동 258-10,127.04484,37.653869,2008-01-08,한전주,02-2091-4083,서울특별시 도봉구청,2017-05-17
06-03-25,1,서울특별시 도봉구 도당로17길 14,서울특별시 도봉구 방학제2동 642-61,127.03789,37.667045,2008-01-01,한전주,02-2091-4083,서울특별시 도봉구청,2017-05-17
06-22-26,2,서울특별시 도봉구 방학제2동 414-3,서울특별시 도봉구 방학제2동 414-3,127.028574,37.669238,2008-01-01,한전주,02-2091-4083,서울특별시 도봉구청,2017-05-17
06-03-26,1,서울특별시 도봉구 도다로13가길63-4,서울특별시 도봉구 방학제2동 642-49,127.038272,37.667509,2012-08-08,벽부등,02-2091-4083,서울특별시 도봉구청,2017-05-17
06-09-26,1,서울특별시 도봉구 시루봉로 245-13,서울특별시 도봉구 방학제2동 601,127.036175,37.670056,2006-12-08,한전주,02-2091-4083,서울특별시 도봉구청,2017-05-17
06-01-26,1,서울특별시 도봉구 도당로13라길118,서울특별시 도봉구 방학제2동 625-17,127.039253,37.669871,2012-10-25,통신주,02-2091-4083,서울특별시 도봉구청,2017-05-17
06-12-26,1,서울특별시 도봉구 방학제2동 620-9,서울특별시 도봉구 방학제2동 620-9,127.033999,37.667523,2008-01-01,벽부등,02-2091-4083,서울특별시 도봉구청,2017-05-17
06-10-26,1,서울특별시 도봉구 방학제2동 393-15,서울특별시 도봉구 방학제2동 393-15,127.032414,37.671256,2008-01-01,전용주,02-2091-4083,서울특별시 도봉구청,2017-05-17
06-21-26,1,서울특별시 도봉구 방학제2동 407-2,서울특별시 도봉구 방학제2동 407-2,127.029298,37.669403,2008-01-01,한전주,02-2091-4083,서울특별시 도봉구청,2017-05-17
06-14-26,1,서울특별시 도봉구 도당로15길 39,서울특별시 도봉구 방학제2동 635-25,127.035668,37.667093,2016-12-02,한전주,02-2091-4083,서울특별시 도봉구청,2017-05-17
06-22-27,1,서울특별시 도봉구 시루봉로13길 65-10,서울특별시 도봉구 방학제2동 413-11,127.028347,37.669229,2007-10-04,전용주,02-2091-4083,서울특별시 도봉구청,2017-05-17
06-03-27,1,서울특별시 도봉구 도당로13가길 63-4,서울특별시 도봉구 방학제2동 642-49,127.038239,37.667579,2016-05-16,독립주,02-2091-4083,서울특별시 도봉구청,2017-05-17
06-21-27,1,서울특별시 도봉구 방학제2동 408-4,서울특별시 도봉구 방학제2동 408-4,127.029304,37.669681,2008-01-01,한전주,02-2091-4083,서울특별시 도봉구청,2017-05-17
06-09-27,1,서울특별시 도봉구 시루봉로19길 6-12,서울특별시 도봉구 방학제2동 384-16,127.035049,37.669123,2016-12-02,벽부등,02-2091-4083,서울특별시 도봉구청,2017-05-17
06-12-27,1,서울특별시 도봉구 도당로15길15-6,서울특별시 도봉구 방학제2동 620-14,127.034467,37.667677,2012-07-31,벽부등,02-2091-4083,서울특별시 도봉구청,2017-05-17
06-10-27,1,서울특별시 도봉구 방학제2동 393-16,서울특별시 도봉구 방학제2동 393-16,127.032438,37.671361,2008-01-01,전용주,02-2091-4083,서울특별시 도봉구청,2017-05-17
06-09-28,1,서울특별시 도봉구 방학제2동 601-13,서울특별시 도봉구 방학제2동 601-13,127.03612,37.669785,2008-01-01,벽부등,02-2091-4083,서울특별시 도봉구청,2017-05-17
06-12-28,1,서울특별시 도봉구 방학제2동 629-24,서울특별시 도봉구 방학제2동 629-24,127.035051,37.66708,2016-10-12,독립주,02-2091-4083,서울특별시 도봉구청,2017-05-17
06-22-28,1,서울특별시 도봉구 방학제2동 609-11,서울특별시 도봉구 방학제2동 609-11,127.02809,37.66961,2007-10-04,전용주,02-2091-4083,서울특별시 도봉구청,2017-05-17
06-10-28,1,서울특별시 도봉구 방학제2동 393-17,서울특별시 도봉구 방학제2동 393-17,127.032456,37.671459,2008-01-01,전용주,02-2091-4083,서울특별시 도봉구청,2017-05-17
06-21-28,1,서울특별시 도봉구 방학제2동 411-10,서울특별시 도봉구 방학제2동 411-10,127.029248,37.669996,2008-01-01,한전주,02-2091-4083,서울특별시 도봉구청,2017-05-17
06-21-29,1,서울특별시 도봉구 시루봉로15길 76,서울특별시 도봉구 방학제2동 406-6,127.030206,37.669228,2015-01-05,벽부등,02-2091-4083,서울특별시 도봉구청,2017-05-17
06-09-29,1,서울특별시 도봉구 방학제2동 601-14,서울특별시 도봉구 방학제2동 601-14,127.036205,37.669677,2008-01-01,벽부등,02-2091-4083,서울특별시 도봉구청,2017-05-17
06-10-29,1,서울특별시 도봉구 시루봉로15라길 69,서울특별시 도봉구 방학제2동 393-33,127.03293,37.671279,2015-05-11,전용주,02-2091-4083,서울특별시 도봉구청,2017-05-17
06-22-29,1,서울특별시 도봉구 방학제2동 609-2,서울특별시 도봉구 방학제2동 609-2,127.028187,37.669487,2007-10-04,전용주,02-2091-4083,서울특별시 도봉구청,2017-05-17
06-27-29,1,서울특별시 도봉구 방학제2동 668-30,서울특별시 도봉구 방학제2동 668-30,127.03255,37.662722,2008-01-01,벽부등,02-2091-4083,서울특별시 도봉구청,2017-05-17
06-27-30,1,서울특별시 도봉구 방학제2동 304-49,서울특별시 도봉구 방학제2동 304-49,127.031046,37.663548,2006-07-28,벽부등,02-2091-4083,서울특별시 도봉구청,2017-05-17
06-21-30,1,서울특별시 도봉구 시루봉로15길 72-9,서울특별시 도봉구 방학제2동 406-5,127.030092,37.669531,2015-06-26,벽부등,02-2091-4083,서울특별시 도봉구청,2017-05-17
06-09-30,1,서울특별시 도봉구 방학제2동 601-6,서울특별시 도봉구 방학제2동 601-6,127.036514,37.669554,2006-12-20,한전주,02-2091-4083,서울특별시 도봉구청,2017-05-17
06-22-30,1,서울특별시 도봉구 시루봉로15바길 38,서울특별시 도봉구 방학제2동 609-3,127.028279,37.669328,2007-10-04,전용주,02-2091-4083,서울특별시 도봉구청,2017-05-17
06-10-30,1,서울특별시 도봉구 시루봉로15라길 59-44,서울특별시 도봉구 방학제2동 393-27,127.032341,37.671144,2016-05-16,한전주,02-2091-4083,서울특별시 도봉구청,2017-05-17
06-22-31,2,서울특별시 도봉구 방학로 252-45,서울특별시 도봉구 방학제2동 608-50,127.028098,37.669193,2007-10-04,한전주,02-2091-4083,서울특별시 도봉구청,2017-05-17
06-27-31,1,서울특별시 도봉구 도당로9길 44-29,서울특별시 도봉구 방학제2동 304-40,127.03098,37.664058,2008-01-01,한전주,02-2091-4083,서울특별시 도봉구청,2017-05-17
06-22-32,1,서울특별시 도봉구 방학제2동 608-28,서울특별시 도봉구 방학제2동 608-28,127.027953,37.669121,2007-10-04,전용주,02-2091-4083,서울특별시 도봉구청,2017-05-17
06-27-32,1,서울특별시 도봉구 도당로13다길 64,서울특별시 도봉구 방학제2동 314-23,127.031458,37.664543,2008-01-01,한전주,02-2091-4083,서울특별시 도봉구청,2017-05-17
01-22-14,1,서울특별시 도봉구 쌍문제1동 22-6,서울특별시 도봉구 쌍문제1동 22-6,127.019651,37.656315,2008-01-01,한전주,02-2091-4083,서울특별시 도봉구청,2017-05-17
01-24-14,1,서울특별시 도봉구 우이천로481-1,서울특별시 도봉구 쌍문제1동 492-21,127.015389,37.656149,2008-01-01,벽부등,02-2091-4083,서울특별시 도봉구청,2017-05-17
01-05-14,1,서울특별시 도봉구 쌍문제1동 359,서울특별시 도봉구 쌍문제1동 359,127.024689,37.649326,2008-01-01,한전주,02-2091-4083,서울특별시 도봉구청,2017-05-17
01-25-14,1,서울특별시 도봉구 쌍문제1동 산308-5,서울특별시 도봉구 쌍문제1동 산308-5,127.014828,37.660906,2008-01-01,벽부등,02-2091-4083,서울특별시 도봉구청,2017-05-17
01-18-14,1,서울특별시 도봉구 쌍문제1동 503-39,서울특별시 도봉구 쌍문제1동 503-39,127.013691,37.654475,2008-01-01,벽부등,02-2091-4083,서울특별시 도봉구청,2017-05-17
01-09-14,1,서울특별시 도봉구 쌍문제1동 294-25,서울특별시 도봉구 쌍문제1동 294-25,127.023764,37.650696,2007-09-21,한전주,02-2091-4083,서울특별시 도봉구청,2017-05-17
01-03-14,1,서울특별시 도봉구 노해로45길 47,서울특별시 도봉구 쌍문제1동 281-33,127.025587,37.650831,2008-01-01,한전주,02-2091-4083,서울특별시 도봉구청,2017-05-17
01-08-14,1,서울특별시 도봉구 쌍문제1동 452-22,서울특별시 도봉구 쌍문제1동 452-22,127.022153,37.650859,2008-01-01,한전주,02-2091-4083,서울특별시 도봉구청,2017-05-17
01-19-14,2,서울특별시 도봉구 쌍문제1동 495-59,서울특별시 도봉구 쌍문제1동 495-59,127.015371,37.65483,2006-12-11,한전주,02-2091-4083,서울특별시 도봉구청,2017-05-17
01-01-14,1,서울특별시 도봉구 쌍문제1동 309-27,서울특별시 도봉구 쌍문제1동 309-27,127.026726,37.650092,2008-01-01,한전주,02-2091-4083,서울특별시 도봉구청,2017-05-17
01-21-14,1,서울특별시 도봉구 쌍문제1동 485-68,서울특별시 도봉구 쌍문제1동 485-68,127.017504,37.655753,2006-03-28,벽부등,02-2091-4083,서울특별시 도봉구청,2017-05-17
01-04-14,1,서울특별시 도봉구 쌍문제1동 357-13,서울특별시 도봉구 쌍문제1동 357-13,127.025735,37.649215,2008-01-01,한전주,02-2091-4083,서울특별시 도봉구청,2017-05-17
01-17-14,2,서울특별시 도봉구 삼양로146길 10,서울특별시 도봉구 쌍문제1동 423-13,127.013156,37.652248,2007-01-02,한전주,02-2091-4083,서울특별시 도봉구청,2017-05-17
01-20-14,1,서울특별시 도봉구 쌍문제1동 520-66,서울특별시 도봉구 쌍문제1동 520-66,127.016194,37.65532,2008-01-01,통신주,02-2091-4083,서울특별시 도봉구청,2017-05-17
01-11-14,1,서울특별시 도봉구 우이천로38라길 28-1,서울특별시 도봉구 쌍문제1동 460-318,127.024307,37.652958,2008-01-01,벽부등,02-2091-4083,서울특별시 도봉구청,2017-05-17
01-08-15,1,서울특별시 도봉구 쌍문제1동 446-6,서울특별시 도봉구 쌍문제1동 446-6,127.021788,37.651015,2008-01-01,벽부등,02-2091-4083,서울특별시 도봉구청,2017-05-17
01-23-15,1,서울특별시 도봉구 쌍문제1동 523-11,서울특별시 도봉구 쌍문제1동 523-11,127.016684,37.65713,2008-01-01,전용주,02-2091-4083,서울특별시 도봉구청,2017-05-17
01-19-15,1,서울특별시 도봉구 쌍문제1동 498-5,서울특별시 도봉구 쌍문제1동 498-5,127.015327,37.654625,2008-01-01,벽부등,02-2091-4083,서울특별시 도봉구청,2017-05-17
01-22-15,1,서울특별시 도봉구 쌍문제1동 23-49,서울특별시 도봉구 쌍문제1동 23-49,127.019387,37.656428,2008-01-01,한전주,02-2091-4083,서울특별시 도봉구청,2017-05-17
01-05-15,1,서울특별시 도봉구 우이천로34나길 18,서울특별시 도봉구 쌍문제1동 362-2,127.024294,37.649363,2006-05-16,벽부등,02-2091-4083,서울특별시 도봉구청,2017-05-17
01-07-15,1,서울특별시 도봉구 쌍문제1동 414-299,서울특별시 도봉구 쌍문제1동 414-299,127.01898,37.648868,2008-01-01,한전주,02-2091-4083,서울특별시 도봉구청,2017-05-17
01-25-15,1,서울특별시 도봉구 쌍문제1동 533-25,서울특별시 도봉구 쌍문제1동 533-25,127.014789,37.660591,2008-01-01,벽부등,02-2091-4083,서울특별시 도봉구청,2017-05-17
01-15-15,1,서울특별시 도봉구 쌍문제1동 470-14,서울특별시 도봉구 쌍문제1동 470-14,127.018078,37.653523,2008-01-01,벽부등,02-2091-4083,서울특별시 도봉구청,2017-05-17
01-20-15,1,서울특별시 도봉구 쌍문제1동 484-22,서울특별시 도봉구 쌍문제1동 484-22,127.016324,37.655327,2008-01-01,벽부등,02-2091-4083,서울특별시 도봉구청,2017-05-17
01-18-15,1,서울특별시 도봉구 쌍문제1동 503-52,서울특별시 도봉구 쌍문제1동 503-52,127.013391,37.654471,2008-01-01,한전주,02-2091-4083,서울특별시 도봉구청,2017-05-17
01-11-15,1,서울특별시 도봉구 쌍문제1동 460-3,서울특별시 도봉구 쌍문제1동 460-3,127.024494,37.652834,2008-01-01,벽부등,02-2091-4083,서울특별시 도봉구청,2017-05-17
01-12-15,1,서울특별시 도봉구 쌍문제1동 460-79,서울특별시 도봉구 쌍문제1동 460-79,127.02233,37.652755,2008-01-01,통신주,02-2091-4083,서울특별시 도봉구청,2017-05-17
01-01-15,1,서울특별시 도봉구 쌍문제1동 348-10,서울특별시 도봉구 쌍문제1동 348-10,127.025971,37.648403,2016-09-27,전용주,02-2091-4083,서울특별시 도봉구청,2017-05-17
01-17-15,1,서울특별시 도봉구 쌍문제1동 423-10,서울특별시 도봉구 쌍문제1동 423-10,127.013197,37.652081,2008-01-01,한전주,02-2091-4083,서울특별시 도봉구청,2017-05-17
01-03-15,1,서울특별시 도봉구 쌍문제1동 277-4,서울특별시 도봉구 쌍문제1동 277-4,127.025667,37.650916,2008-01-01,한전주,02-2091-4083,서울특별시 도봉구청,2017-05-17
01-24-15,1,서울특별시 도봉구 쌍문제1동 492-10,서울특별시 도봉구 쌍문제1동 492-10,127.015514,37.655776,2008-01-01,벽부등,02-2091-4083,서울특별시 도봉구청,2017-05-17
01-04-15,1,서울특별시 도봉구 노해로41길 17,서울특별시 도봉구 쌍문제1동 357-6,127.026166,37.649441,2015-02-12,벽부등,02-2091-4083,서울특별시 도봉구청,2017-05-17
01-16-15,1,서울특별시 도봉구 쌍문제1동 421-6,서울특별시 도봉구 쌍문제1동 421-6,127.015175,37.649988,2008-01-01,통신주,02-2091-4083,서울특별시 도봉구청,2017-05-17
01-14-15,1,서울특별시 도봉구 우이천로38마길 9,서울특별시 도봉구 쌍문제1동 460-94,127.022765,37.653428,2008-01-01,벽부등,02-2091-4083,서울특별시 도봉구청,2017-05-17
11-15-36,2,서울특별시 도봉구 덕릉로60길120-3,서울특별시 도봉구 창제3동 481-4,127.042269,37.635041,2014-05-14,한전주,02-2091-4083,서울특별시 도봉구청,2017-05-17
11-09-36,1,서울특별시 도봉구 창제3동 461-14,서울특별시 도봉구 창제3동 461-14,127.041868,37.638213,2007-11-22,한전주,02-2091-4083,서울특별시 도봉구청,2017-05-17
11-05-36,1,서울특별시 도봉구 덕릉로60마길 5,서울특별시 도봉구 창제3동 539-1,127.040355,37.637714,2013-12-26,한전주,02-2091-4083,서울특별시 도봉구청,2017-05-17
11-15-37,1,서울특별시 도봉구 덕릉로60길 130,서울특별시 도봉구 창제3동 482-1,127.042473,37.634762,2013-12-16,한전주,02-2091-4083,서울특별시 도봉구청,2017-05-17
11-05-37,1,서울특별시 도봉구 창제3동 560-32,서울특별시 도봉구 창제3동 560-32,127.039575,37.637698,2008-01-01,벽부등,02-2091-4083,서울특별시 도봉구청,2017-05-17
11-09-37,1,서울특별시 도봉구 창제3동 460-14,서울특별시 도봉구 창제3동 460-14,127.042068,37.637845,2007-02-27,한전주,02-2091-4083,서울특별시 도봉구청,2017-05-17
11-15-38,1,서울특별시 도봉구 덕릉로60길136,서울특별시 도봉구 창제3동 487-6,127.042609,37.634554,2013-12-16,한전주,02-2091-4083,서울특별시 도봉구청,2017-05-17
11-05-38,1,서울특별시 도봉구 창제3동 560-4,서울특별시 도봉구 창제3동 560-4,127.040403,37.637887,2007-09-08,벽부등,02-2091-4083,서울특별시 도봉구청,2017-05-17
11-09-38,1,서울특별시 도봉구 덕릉로60카길 39,서울특별시 도봉구 창제3동 460-19,127.042339,37.637537,2006-03-31,한전주,02-2091-4083,서울특별시 도봉구청,2017-05-17
11-17-38,1,서울특별시 도봉구 우이천로2길,서울특별시 도봉구 창제3동 504-33,127.042325,37.63223,2013-12-13,한전주,02-2091-4083,서울특별시 도봉구청,2017-05-17
11-17-39,1,서울특별시 도봉구 우이천로4라길 34,서울특별시 도봉구 창제3동 504-30,127.042143,37.632554,2013-12-13,한전주,02-2091-4083,서울특별시 도봉구청,2017-05-17
11-05-39,1,서울특별시 도봉구 창제3동 555-12,서울특별시 도봉구 창제3동 555-12,127.03922,37.638283,2008-01-01,벽부등,02-2091-4083,서울특별시 도봉구청,2017-05-17
11-09-39,1,서울특별시 도봉구 덕릉로60카길 42,서울특별시 도봉구 창제3동 460-22,127.042395,37.63733,2008-01-01,한전주,02-2091-4083,서울특별시 도봉구청,2017-05-17
11-15-39,1,서울특별시 도봉구 우이천로4길55,서울특별시 도봉구 창제3동 487-37,127.042405,37.634455,2013-12-16,한전주,02-2091-4083,서울특별시 도봉구청,2017-05-17
11-17-40,1,서울특별시 도봉구 우이천로4라길 30,서울특별시 도봉구 창제3동 504-29,127.041826,37.63269,2007-10-26,전용주,02-2091-4083,서울특별시 도봉구청,2017-05-17
11-15-40,1,서울특별시 도봉구 덕릉로60길102,서울특별시 도봉구 창제3동 471-12,127.041613,37.635879,2013-12-16,한전주,02-2091-4083,서울특별시 도봉구청,2017-05-17
11-05-40,1,서울특별시 도봉구 창제3동 560-39,서울특별시 도봉구 창제3동 560-39,127.039387,37.637732,2008-01-01,벽부등,02-2091-4083,서울특별시 도봉구청,2017-05-17
11-09-40,1,서울특별시 도봉구 창제3동 460-1,서울특별시 도봉구 창제3동 460-1,127.041913,37.638081,2008-01-01,벽부등,02-2091-4083,서울특별시 도봉구청,2017-05-17
11-05-41,1,서울특별시 도봉구 덕릉로60다길25,서울특별시 도봉구 창제3동 560-37,127.0395,37.637865,2012-10-12,한전주,02-2091-4083,서울특별시 도봉구청,2017-05-17
11-09-41,1,서울특별시 도봉구 창제3동 467-9,서울특별시 도봉구 창제3동 467-9,127.041262,37.636426,2008-01-01,한전주,02-2091-4083,서울특별시 도봉구청,2017-05-17
11-15-41,1,서울특별시 도봉구 창제3동 482-46,서울특별시 도봉구 창제3동 482-46,127.041239,37.634647,2010-04-16,벽부등,02-2091-4083,서울특별시 도봉구청,2017-05-17
11-17-41,1,서울특별시 도봉구 우이천로4길 20,서울특별시 도봉구 창제3동 505-8,127.040818,37.633519,2008-01-01,한전주,02-2091-4083,서울특별시 도봉구청,2017-05-17
11-09-42,1,서울특별시 도봉구 창제3동 458-6,서울특별시 도봉구 창제3동 458-6,127.041246,37.637652,2016-11-22,한전주,02-2091-4083,서울특별시 도봉구청,2017-05-17
11-17-42,1,서울특별시 도봉구 우이천로4라길26,서울특별시 도봉구 창제3동 504-26,127.041917,37.632906,2013-12-13,한전주,02-2091-4083,서울특별시 도봉구청,2017-05-17
11-05-42,1,서울특별시 도봉구 덕릉로60가길17-4,서울특별시 도봉구 창제3동 569-113,127.039685,37.638901,2012-10-12,벽부등,02-2091-4083,서울특별시 도봉구청,2017-05-17
11-15-42,1,서울특별시 도봉구 창제3동 475-13,서울특별시 도봉구 창제3동 475-13,127.042095,37.635325,2008-01-01,벽부등,02-2091-4083,서울특별시 도봉구청,2017-05-17
11-15-43,1,서울특별시 도봉구 창제3동 475-8,서울특별시 도봉구 창제3동 475-8,127.041808,37.635482,2008-03-04,한전주,02-2091-4083,서울특별시 도봉구청,2017-05-17
11-05-43,1,서울특별시 도봉구 덕릉로60길36,서울특별시 도봉구 창제3동 562-3,127.04021,37.638633,2013-06-24,벽부등,02-2091-4083,서울특별시 도봉구청,2017-05-17
11-09-43,1,서울특별시 도봉구 창제3동 458-6,서울특별시 도봉구 창제3동 458-6,127.041146,37.637519,2016-11-22,한전주,02-2091-4083,서울특별시 도봉구청,2017-05-17
11-15-44,1,서울특별시 도봉구 우이천로8길 54,서울특별시 도봉구 창제3동 471-18,127.041375,37.635789,2008-03-05,벽부등,02-2091-4083,서울특별시 도봉구청,2017-05-17
11-05-44,1,서울특별시 도봉구 덕릉로58길20-5,서울특별시 도봉구 창제3동 562-19,127.039292,37.63816,2014-07-22,벽부등,02-2091-4083,서울특별시 도봉구청,2017-05-17
11-15-45,1,서울특별시 도봉구 덕릉로60길118,서울특별시 도봉구 창제3동 475-14,127.042163,37.635216,2012-07-19,벽부등,02-2091-4083,서울특별시 도봉구청,2017-05-17
11-17-46,1,서울특별시 도봉구 우이천로4라길10,서울특별시 도봉구 창제3동 503-5,127.041442,37.633654,2013-12-13,한전주,02-2091-4083,서울특별시 도봉구청,2017-05-17
11-15-46,1,서울특별시 도봉구 우이천4길53-16,서울특별시 도봉구 창제3동 482-2,127.042331,37.634701,2012-06-19,벽부등,02-2091-4083,서울특별시 도봉구청,2017-05-17
13-19-20,1,서울특별시 도봉구 창제5동 748-13,서울특별시 도봉구 창제5동 748-13,127.042987,37.660223,2008-01-01,한전주,02-2091-4083,서울특별시 도봉구청,2017-05-17
13-20-20,1,서울특별시 도봉구 창제5동 749-1,서울특별시 도봉구 창제5동 749-1,127.042694,37.661007,2008-01-01,한전주,02-2091-4083,서울특별시 도봉구청,2017-05-17
13-02-20,1,서울특별시 도봉구 창제5동 700-96,서울특별시 도봉구 창제5동 700-96,127.037879,37.652522,2006-07-20,한전주,02-2091-4083,서울특별시 도봉구청,2017-05-17
13-07-20,1,서울특별시 도봉구 창제5동 258-11,서울특별시 도봉구 창제5동 258-11,127.045029,37.65381,2008-01-01,한전주,02-2091-4083,서울특별시 도봉구청,2017-05-17
13-18-20,1,서울특별시 도봉구 창제5동 731-25,서울특별시 도봉구 창제5동 731-25,127.0407,37.657541,2007-07-07,전용주,02-2091-4083,서울특별시 도봉구청,2017-05-17
13-19-21,1,서울특별시 도봉구 창제5동 748-10,서울특별시 도봉구 창제5동 748-10,127.043055,37.660413,2006-07-29,한전주,02-2091-4083,서울특별시 도봉구청,2017-05-17
13-18-21,1,서울특별시 도봉구 창제5동 731-114,서울특별시 도봉구 창제5동 731-114,127.040879,37.657439,2007-07-08,전용주,02-2091-4083,서울특별시 도봉구청,2017-05-17
13-20-21,1,서울특별시 도봉구 창제5동 746-76,서울특별시 도봉구 창제5동 746-76,127.044163,37.66107,2008-01-01,벽부등,02-2091-4083,서울특별시 도봉구청,2017-05-17
13-02-21,1,서울특별시 도봉구 창제5동 700-72,서울특별시 도봉구 창제5동 700-72,127.037648,37.651725,2008-01-01,벽부등,02-2091-4083,서울특별시 도봉구청,2017-05-17
13-07-21,1,서울특별시 도봉구 창제5동 258-16,서울특별시 도봉구 창제5동 258-16,127.044479,37.653763,2007-07-21,전용주,02-2091-4083,서울특별시 도봉구청,2017-05-17
13-02-22,1,서울특별시 도봉구 노해로61길 12,서울특별시 도봉구 창제5동 700-132,127.038052,37.651958,2017-02-08,벽부등,02-2091-4083,서울특별시 도봉구청,2017-05-17
13-20-22,1,서울특별시 도봉구 창제5동 746-23,서울특별시 도봉구 창제5동 746-23,127.042747,37.661128,2008-01-01,벽부등,02-2091-4083,서울특별시 도봉구청,2017-05-17
13-19-22,1,서울특별시 도봉구 도봉로136다길 26,서울특별시 도봉구 창제5동 748-8,127.04276,37.660422,2006-07-29,한전주,02-2091-4083,서울특별시 도봉구청,2017-05-17
13-07-22,1,서울특별시 도봉구 창제5동 262-23,서울특별시 도봉구 창제5동 262-23,127.044357,37.654039,2008-01-01,벽부등,02-2091-4083,서울특별시 도봉구청,2017-05-17
13-18-22,1,서울특별시 도봉구 창제5동 731-116,서울특별시 도봉구 창제5동 731-116,127.041137,37.657401,2007-07-09,전용주,02-2091-4083,서울특별시 도봉구청,2017-05-17
13-19-23,1,서울특별시 도봉구 도봉로136다길 25,서울특별시 도봉구 창제5동 749-9,127.042669,37.660512,2008-01-01,한전주,02-2091-4083,서울특별시 도봉구청,2017-05-17
13-07-23,1,서울특별시 도봉구 창제5동 291-20,서울특별시 도봉구 창제5동 291-20,127.042529,37.65491,2008-01-01,전용주,02-2091-4083,서울특별시 도봉구청,2017-05-17
13-18-23,1,서울특별시 도봉구 도봉로134길16-5,서울특별시 도봉구 창제5동 731-121,127.04116,37.656989,2014-01-27,독립주,02-2091-4083,서울특별시 도봉구청,2017-05-17
13-17-23,1,서울특별시 도봉구 창제5동 288-41,서울특별시 도봉구 창제5동 288-41,127.043111,37.655138,2006-10-04,한전주,02-2091-4083,서울특별시 도봉구청,2017-05-17
13-07-24,1,서울특별시 도봉구 창제5동 258-11,서울특별시 도봉구 창제5동 258-11,127.044918,37.653695,2008-01-01,벽부등,02-2091-4083,서울특별시 도봉구청,2017-05-17
13-17-24,1,서울특별시 도봉구 창제5동 288-40,서울특별시 도봉구 창제5동 288-40,127.043481,37.655057,2006-10-15,한전주,02-2091-4083,서울특별시 도봉구청,2017-05-17
13-19-24,1,서울특별시 도봉구 창제5동 749-8,서울특별시 도봉구 창제5동 749-8,127.042426,37.660551,2008-01-01,벽부등,02-2091-4083,서울특별시 도봉구청,2017-05-17
13-07-25,1,서울특별시 도봉구 창제5동 262-11,서울특별시 도봉구 창제5동 262-11,127.044321,37.654301,2008-01-01,벽부등,02-2091-4083,서울특별시 도봉구청,2017-05-17
13-19-25,1,서울특별시 도봉구 창제5동 749,서울특별시 도봉구 창제5동 749,127.043092,37.660947,2008-01-01,한전주,02-2091-4083,서울특별시 도봉구청,2017-05-17
13-17-25,1,서울특별시 도봉구 창제5동 269-6,서울특별시 도봉구 창제5동 269-6,127.043466,37.655237,2006-10-15,전용주,02-2091-4083,서울특별시 도봉구청,2017-05-17
13-16-25,1,서울특별시 도봉구 해등로16나길 22-8,서울특별시 도봉구 창제5동 273-1,127.044023,37.656035,2007-09-12,한전주,02-2091-4083,서울특별시 도봉구청,2017-05-17
13-19-26,1,서울특별시 도봉구 창제5동 749-1,서울특별시 도봉구 창제5동 749-1,127.043474,37.660969,2008-01-01,한전주,02-2091-4083,서울특별시 도봉구청,2017-05-17
13-07-26,1,서울특별시 도봉구 창제5동 262-18,서울특별시 도봉구 창제5동 262-18,127.045096,37.654036,2008-01-01,벽부등,02-2091-4083,서울특별시 도봉구청,2017-05-17
13-07-27,1,서울특별시 도봉구 창제5동 263-33,서울특별시 도봉구 창제5동 263-33,127.045026,37.654285,2006-10-28,벽부등,02-2091-4083,서울특별시 도봉구청,2017-05-17
13-19-27,1,서울특별시 도봉구 창제5동 224-14,서울특별시 도봉구 창제5동 224-14,127.043848,37.660985,2008-01-01,한전주,02-2091-4083,서울특별시 도봉구청,2017-05-17
13-16-27,1,서울특별시 도봉구 창제5동 272-1,서울특별시 도봉구 창제5동 272-1,127.045965,37.655371,2008-01-01,한전주,02-2091-4083,서울특별시 도봉구청,2017-05-17
13-07-28,1,서울특별시 도봉구 노해로63나길34,서울특별시 도봉구 창제5동 291-50,127.043185,37.654255,2012-11-09,한전주,02-2091-4083,서울특별시 도봉구청,2017-05-17
13-16-28,1,서울특별시 도봉구 창제5동 247-1,서울특별시 도봉구 창제5동 247-1,127.046173,37.655524,2008-01-01,한전주,02-2091-4083,서울특별시 도봉구청,2017-05-17
13-19-28,1,서울특별시 도봉구 창제5동 746-75,서울특별시 도봉구 창제5동 746-75,127.044107,37.660992,2006-10-04,한전주,02-2091-4083,서울특별시 도봉구청,2017-05-17
06-21-32,2,서울특별시 도봉구 방학제2동 산25,서울특별시 도봉구 방학제2동 산25,127.030646,37.671259,2008-01-01,전용주,02-2091-4083,서울특별시 도봉구청,2017-05-17
06-22-33,2,서울특별시 도봉구 방학제2동 608-44,서울특별시 도봉구 방학제2동 608-44,127.027758,37.66911,2008-01-01,전용주,02-2091-4083,서울특별시 도봉구청,2017-05-17
06-27-33,1,서울특별시 도봉구 방학제2동 304-48,서울특별시 도봉구 방학제2동 304-48,127.030988,37.663347,2007-09-11,벽부등,02-2091-4083,서울특별시 도봉구청,2017-05-17
06-21-33,1,서울특별시 도봉구 방학제2동 398-30,서울특별시 도봉구 방학제2동 398-30,127.031227,37.669473,2008-01-01,벽부등,02-2091-4083,서울특별시 도봉구청,2017-05-17
06-22-34,1,서울특별시 도봉구 시루봉로15마길 12,서울특별시 도봉구 방학제2동 611-12,127.031638,37.668364,2008-01-01,한전주,02-2091-4083,서울특별시 도봉구청,2017-05-17
06-09-34,1,서울특별시 도봉구 시루봉로19길 7,서울특별시 도봉구 방학제2동 602-35,127.03485,37.66868,2008-01-01,한전주,02-2091-4083,서울특별시 도봉구청,2017-05-17
06-22-35,1,서울특별시 도봉구 방학제2동 414-3,서울특별시 도봉구 방학제2동 414-3,127.027562,37.669131,2008-01-01,벽부등,02-2091-4083,서울특별시 도봉구청,2017-05-17
06-21-35,1,서울특별시 도봉구 시루봉로15자길 7,서울특별시 도봉구 방학제2동 737,127.030896,37.669586,2008-01-01,한전주,02-2091-4083,서울특별시 도봉구청,2017-05-17
06-09-35,1,서울특별시 도봉구 방학제2동 155-1,서울특별시 도봉구 방학제2동 155-1,127.036761,37.670262,2008-01-01,벽부등,02-2091-4083,서울특별시 도봉구청,2017-05-17
06-22-36,1,서울특별시 도봉구 시루봉로15바길 42,서울특별시 도봉구 방학제2동 348,127.029469,37.668598,2008-01-01,벽부등,02-2091-4083,서울특별시 도봉구청,2017-05-17
06-21-36,1,서울특별시 도봉구 시루봉로15자길31,서울특별시 도봉구 방학제2동 402-10,127.030844,37.670229,2012-08-08,벽부등,02-2091-4083,서울특별시 도봉구청,2017-05-17
06-09-36,1,서울특별시 도봉구 방학제2동 산12-1,서울특별시 도봉구 방학제2동 산12-1,127.035167,37.670038,2008-01-01,한전주,02-2091-4083,서울특별시 도봉구청,2017-05-17
06-21-37,1,서울특별시 도봉구 시루봉로15길88-14,서울특별시 도봉구 방학제2동 408-7,127.029952,37.669266,2013-01-09,통신주,02-2091-4083,서울특별시 도봉구청,2017-05-17
06-09-37,1,서울특별시 도봉구 시루봉로19길 6-19,서울특별시 도봉구 방학제2동 384-25,127.034797,37.668943,2014-04-15,한전주,02-2091-4083,서울특별시 도봉구청,2017-05-17
06-22-37,1,서울특별시 도봉구 기루봉로13길49,서울특별시 도봉구 방학제2동 609-12,127.029698,37.66854,2012-03-09,벽부등,02-2091-4083,서울특별시 도봉구청,2017-05-17
06-27-37,2,서울특별시 도봉구 방학로12가길 8,서울특별시 도봉구 방학제2동 305-2,127.030759,37.662903,2014-07-24,한전주,02-2091-4083,서울특별시 도봉구청,2017-05-17
06--21-38,1,서울특별시 도봉구 시루봉로15자길31,서울특별시 도봉구 방학제2동 402-11,127.030796,37.670543,2013-04-15,벽부등,02-2091-4083,서울특별시 도봉구청,2017-05-17
06-09-38,1,서울특별시 도봉구 시루봉로 249-6,서울특별시 도봉구 방학제2동 600-12,127.037053,37.670055,2014-05-08,벽부등,02-2091-4083,서울특별시 도봉구청,2017-05-17
06-22-38,1,서울특별시 도봉구 시루봉로15길89-2,서울특별시 도봉구 방학제2동 413-29,127.028937,37.668832,2012-08-14,벽부등,02-2091-4083,서울특별시 도봉구청,2017-05-17
06-21-39,1,서울특별시 도봉구 시루봉로17길 64,서울특별시 도봉구 방학제2동 398-15,127.031481,37.669487,2016-05-16,벽부등,02-2091-4083,서울특별시 도봉구청,2017-05-17
06-22-39,1,서울특별시 도봉구 방학제2동 348,서울특별시 도봉구 방학제2동 348,127.029198,37.668573,2013-02-07,통신주,02-2091-4083,서울특별시 도봉구청,2017-05-17
06-27-39,2,서울특별시 도봉구 도당로9길 44-3,서울특별시 도봉구 방학제2동 304-5,127.032142,37.663182,2008-01-01,한전주,02-2091-4083,서울특별시 도봉구청,2017-05-17
06-27-40,1,서울특별시 도봉구 방학제2동 668-12,서울특별시 도봉구 방학제2동 668-12,127.031462,37.662579,2007-09-10,벽부등,02-2091-4083,서울특별시 도봉구청,2017-05-17
06-22-40,1,서울특별시 도봉구 시루봉로13길 54,서울특별시 도봉구 방학제2동 608-50,127.030192,37.668416,2015-11-24,전용주,02-2091-4083,서울특별시 도봉구청,2017-05-17
06-27-41,1,서울특별시 도봉구 방학로12가길 17-4,서울특별시 도봉구 방학제2동 304-48,127.030823,37.663558,2017-01-22,한전주,02-2091-4083,서울특별시 도봉구청,2017-05-17
06-22-41,1,서울특별시 도봉구 시루봉로15바길 13-4,서울특별시 도봉구 방학제2동 611-25,127.030911,37.668468,2015-11-24,벽부등,02-2091-4083,서울특별시 도봉구청,2017-05-17
06-27-42,1,서울특별시 도봉구 시루봉로12길76,서울특별시 도봉구 방학제2동 314-4,127.030929,37.664185,2012-08-08,한전주,02-2091-4083,서울특별시 도봉구청,2017-05-17
06-22-42,1,서울특별시 도봉구 시루봉로15길 106,서울특별시 도봉구 방학제2동 414-3,127.028468,37.669376,2015-11-02,벽부등,02-2091-4083,서울특별시 도봉구청,2017-05-17
06-27-43,1,서울특별시 도봉구 도당로9길38,서울특별시 도봉구 방학제2동 667,127.032605,37.66294,2014-02-28,벽부등,02-2091-4083,서울특별시 도봉구청,2017-05-17
06-27-44,1,서울특별시 도봉구 방학로12가길 5,서울특별시 도봉구 방학제2동 305-7,127.030695,37.663069,2014-07-24,전용주,02-2091-4083,서울특별시 도봉구청,2017-05-17
07-33-01,1,서울특별시 도봉구 방학로11길 30,서울특별시 도봉구 방학제3동 493-1,127.025193,37.658417,2007-09-30,한전주,02-2091-4083,서울특별시 도봉구청,2017-05-17
07-23-01,1,서울특별시 도봉구 방학제3동 553-16,서울특별시 도봉구 방학제3동 553-16,127.022394,37.66004,2007-09-30,한전주,02-2091-4083,서울특별시 도봉구청,2017-05-17
07-18-01,1,서울특별시 도봉구 방학제3동 738,서울특별시 도봉구 방학제3동 738,127.027931,37.663406,2006-05-01,전용주,02-2091-4083,서울특별시 도봉구청,2017-05-17
07-01-01,1,서울특별시 도봉구 방학제3동 670-13,서울특별시 도봉구 방학제3동 670-13,127.034611,37.661869,2007-04-19,한전주,02-2091-4083,서울특별시 도봉구청,2017-05-17
01-21-15,1,서울특별시 도봉구 쌍문제1동 486-24,서울특별시 도봉구 쌍문제1동 486-24,127.017513,37.655409,2008-01-01,벽부등,02-2091-4083,서울특별시 도봉구청,2017-05-17
01-08-16,1,서울특별시 도봉구 쌍문제1동 445-8,서울특별시 도봉구 쌍문제1동 445-8,127.021541,37.651201,2008-01-01,한전주,02-2091-4083,서울특별시 도봉구청,2017-05-17
01-23-16,1,서울특별시 도봉구 쌍문제1동 523-6,서울특별시 도봉구 쌍문제1동 523-6,127.017101,37.657122,2008-01-01,벽부등,02-2091-4083,서울특별시 도봉구청,2017-05-17
01-20-16,1,서울특별시 도봉구 쌍문제1동 484-14,서울특별시 도봉구 쌍문제1동 484-14,127.016385,37.655163,2008-01-01,벽부등,02-2091-4083,서울특별시 도봉구청,2017-05-17
01-22-16,2,서울특별시 도봉구 쌍문제1동 486-76,서울특별시 도봉구 쌍문제1동 486-76,127.019152,37.656544,2008-01-01,벽부등,02-2091-4083,서울특별시 도봉구청,2017-05-17
01-05-16,1,서울특별시 도봉구 쌍문제1동 360-17,서울특별시 도봉구 쌍문제1동 360-17,127.023941,37.649358,2008-01-01,한전주,02-2091-4083,서울특별시 도봉구청,2017-05-17
01-16-16,1,서울특별시 도봉구 쌍문제1동 420-3,서울특별시 도봉구 쌍문제1동 420-3,127.015108,37.650219,2008-01-01,한전주,02-2091-4083,서울특별시 도봉구청,2017-05-17
01-04-16,1,서울특별시 도봉구 쌍문제1동 357-6,서울특별시 도봉구 쌍문제1동 357-6,127.026251,37.64956,2008-01-01,한전주,02-2091-4083,서울특별시 도봉구청,2017-05-17
01-07-16,1,서울특별시 도봉구 쌍문제1동 414-70,서울특별시 도봉구 쌍문제1동 414-70,127.019286,37.648931,2008-01-01,한전주,02-2091-4083,서울특별시 도봉구청,2017-05-17
01-03-16,2,서울특별시 도봉구 쌍문제1동 278-10,서울특별시 도봉구 쌍문제1동 278-10,127.025961,37.650921,2008-01-01,한전주,02-2091-4083,서울특별시 도봉구청,2017-05-17
01-12-16,1,서울특별시 도봉구 우이천로38길 78,서울특별시 도봉구 쌍문제1동 460-72,127.022787,37.652614,2008-01-01,한전주,02-2091-4083,서울특별시 도봉구청,2017-05-17
01-09-16,1,서울특별시 도봉구 쌍문제1동 286-31,서울특별시 도봉구 쌍문제1동 286-31,127.023966,37.650579,2007-09-21,벽부등,02-2091-4083,서울특별시 도봉구청,2017-05-17
01-15-16,1,서울특별시 도봉구 쌍문제1동 472-5,서울특별시 도봉구 쌍문제1동 472-5,127.017921,37.653589,2008-01-01,한전주,02-2091-4083,서울특별시 도봉구청,2017-05-17
01-18-16,1,서울특별시 도봉구 쌍문제1동 503-52,서울특별시 도봉구 쌍문제1동 503-52,127.013595,37.654447,2006-06-05,전용주,02-2091-4083,서울특별시 도봉구청,2017-05-17
01-19-16,1,서울특별시 도봉구 쌍문제1동 497-9,서울특별시 도봉구 쌍문제1동 497-9,127.015064,37.654662,2008-01-01,한전주,02-2091-4083,서울특별시 도봉구청,2017-05-17
01-25-16,1,서울특별시 도봉구 삼양로 632,서울특별시 도봉구 쌍문제1동 532-1,127.014721,37.660113,2008-01-01,한전주,02-2091-4083,서울특별시 도봉구청,2017-05-17
01-17-16,1,서울특별시 도봉구 쌍문제1동 423-9,서울특별시 도봉구 쌍문제1동 423-9,127.013282,37.651879,2008-01-01,전용주,02-2091-4083,서울특별시 도봉구청,2017-05-17
01-11-16,2,서울특별시 도봉구 우이천로38라길 32,서울특별시 도봉구 쌍문제1동 460-317,127.024171,37.65323,2007-04-17,한전주,02-2091-4083,서울특별시 도봉구청,2017-05-17
01-14-16,1,서울특별시 도봉구 쌍문제1동 460-101,서울특별시 도봉구 쌍문제1동 460-101,127.022614,37.653264,2008-01-01,벽부등,02-2091-4083,서울특별시 도봉구청,2017-05-17
01-21-16,1,서울특별시 도봉구 쌍문제1동 486-53,서울특별시 도봉구 쌍문제1동 486-53,127.017706,37.65535,2008-01-01,벽부등,02-2091-4083,서울특별시 도봉구청,2017-05-17
01-24-16,1,서울특별시 도봉구 쌍문제1동 493-6,서울특별시 도봉구 쌍문제1동 493-6,127.015057,37.655609,2008-01-01,한전주,02-2091-4083,서울특별시 도봉구청,2017-05-17
01-05-17,1,서울특별시 도봉구 쌍문제1동 360-18,서울특별시 도봉구 쌍문제1동 360-18,127.024056,37.649516,2007-02-28,한전주,02-2091-4083,서울특별시 도봉구청,2017-05-17
01-21-17,1,서울특별시 도봉구 쌍문제1동 486-44,서울특별시 도봉구 쌍문제1동 486-44,127.01791,37.655143,2008-01-01,한전주,02-2091-4083,서울특별시 도봉구청,2017-05-17
01-24-17,1,서울특별시 도봉구 쌍문제1동 492-18,서울특별시 도봉구 쌍문제1동 492-18,127.01519,37.655772,2008-01-01,벽부등,02-2091-4083,서울특별시 도봉구청,2017-05-17
01-03-17,1,서울특별시 도봉구 쌍문제1동 278-1,서울특별시 도봉구 쌍문제1동 278-1,127.026062,37.651149,2008-01-01,벽부등,02-2091-4083,서울특별시 도봉구청,2017-05-17
01-08-17,1,서울특별시 도봉구 우이천로38가길 15,서울특별시 도봉구 쌍문제1동 445-4,127.021847,37.650751,2008-01-01,한전주,02-2091-4083,서울특별시 도봉구청,2017-05-17
01-20-17,1,서울특별시 도봉구 쌍문제1동 484-7,서울특별시 도봉구 쌍문제1동 484-7,127.016293,37.655046,2007-04-12,한전주,02-2091-4083,서울특별시 도봉구청,2017-05-17
01-14-17,1,서울특별시 도봉구 쌍문제1동 460-93,서울특별시 도봉구 쌍문제1동 460-93,127.022551,37.653409,2008-01-01,독립주,02-2091-4083,서울특별시 도봉구청,2017-05-17
01-09-17,1,서울특별시 도봉구 쌍문제1동 286-51,서울특별시 도봉구 쌍문제1동 286-51,127.024245,37.650866,2008-01-01,한전주,02-2091-4083,서울특별시 도봉구청,2017-05-17
01-25-17,1,서울특별시 도봉구 쌍문제1동 532-27,서울특별시 도봉구 쌍문제1동 532-27,127.014759,37.659831,2008-01-01,한전주,02-2091-4083,서울특별시 도봉구청,2017-05-17
01-01-17,1,서울특별시 도봉구 노해로41나길 8,서울특별시 도봉구 쌍문제1동 306-8,127.026368,37.649669,2006-04-13,벽부등,02-2091-4083,서울특별시 도봉구청,2017-05-17
01-11-17,1,서울특별시 도봉구 우이천로38라길 17-21,서울특별시 도봉구 쌍문제1동 460-5,127.023076,37.653403,2014-11-03,벽부등,02-2091-4083,서울특별시 도봉구청,2017-05-17
01-19-17,1,서울특별시 도봉구 쌍문제1동 497-1,서울특별시 도봉구 쌍문제1동 497-1,127.015099,37.654878,2006-12-11,한전주,02-2091-4083,서울특별시 도봉구청,2017-05-17
01-16-17,1,서울특별시 도봉구 삼양로144나길,서울특별시 도봉구 쌍문제1동 420-21,127.014935,37.650716,2008-01-01,한전주,02-2091-4083,서울특별시 도봉구청,2017-05-17
11-17-47,1,서울특별시 도봉구 우이천로4길32,서울특별시 도봉구 창제3동 502-5,127.041317,37.633861,2013-12-13,한전주,02-2091-4083,서울특별시 도봉구청,2017-05-17
11-15-48,1,서울특별시 도봉구 창제3동 482-26,서울특별시 도봉구 창제3동 482-26,127.04168,37.634339,2016-09-27,벽부등,02-2091-4083,서울특별시 도봉구청,2017-05-17
11-17-48,1,서울특별시 도봉구 우이천로5-19,서울특별시 도봉구 창제3동 522-26,127.039403,37.634159,2012-08-31,벽부등,02-2091-4083,서울특별시 도봉구청,2017-05-17
12-01-01,1,서울특별시 도봉구 창제4동 761답,서울특별시 도봉구 창제4동 761답,127.052361,37.642678,2006-10-13,한전주,02-2091-4083,서울특별시 도봉구청,2017-05-17
12-29-01,1,서울특별시 도봉구 마들로 574,서울특별시 도봉구 창제4동 744,127.046977,37.661808,2008-01-01,한전주,02-2091-4083,서울특별시 도봉구청,2017-05-17
12-01-02,1,서울특별시 도봉구 창제4동 778철,서울특별시 도봉구 창제4동 778철,127.052528,37.642389,2006-12-28,한전주,02-2091-4083,서울특별시 도봉구청,2017-05-17
12-29-02,1,서울특별시 도봉구 마들로 574,서울특별시 도봉구 창제4동 744-1,127.047362,37.661753,2008-01-01,한전주,02-2091-4083,서울특별시 도봉구청,2017-05-17
12-01-03,1,서울특별시 도봉구 창제4동 783-1답,서울특별시 도봉구 창제4동 783-1답,127.052743,37.642038,2006-11-23,한전주,02-2091-4083,서울특별시 도봉구청,2017-05-17
12-29-03,1,서울특별시 도봉구 마들로16길 20,서울특별시 도봉구 창제4동 744-8,127.047747,37.661645,2012-07-02,한전주,02-2091-4083,서울특별시 도봉구청,2017-05-17
12-01-04,1,서울특별시 도봉구 마들로5길 329,서울특별시 도봉구 창제4동 785철,127.053003,37.641767,2006-12-01,한전주,02-2091-4083,서울특별시 도봉구청,2017-05-17
12-29-04,1,서울특별시 도봉구 마들로16길20,서울특별시 도봉구 창제4동 744-10,127.048076,37.661546,2012-07-02,한전주,02-2091-4083,서울특별시 도봉구청,2017-05-17
12-01-05,1,서울특별시 도봉구 창제4동 787-1철,서울특별시 도봉구 창제4동 787-1철,127.053298,37.641389,2006-06-30,한전주,02-2091-4083,서울특별시 도봉구청,2017-05-17
12-01-06,1,서울특별시 도봉구 창제4동 797대,서울특별시 도봉구 창제4동 797대,204730,460168,2006-06-30,한전주,02-2091-4083,서울특별시 도봉구청,2017-05-17
12-29-06,1,서울특별시 도봉구 마들로 564,서울특별시 도봉구 창제4동 743,127.048484,37.661428,2008-01-01,한전주,02-2091-4083,서울특별시 도봉구청,2017-05-17
12-01-07,1,서울특별시 도봉구 창제4동 797-1대,서울특별시 도봉구 창제4동 797-1대,127.053898,37.640884,2006-10-13,한전주,02-2091-4083,서울특별시 도봉구청,2017-05-17
12-29-08,1,서울특별시 도봉구 마들로16길 40,서울특별시 도봉구 창제4동 743-36,127.049175,37.661239,2008-01-01,한전주,02-2091-4083,서울특별시 도봉구청,2017-05-17
12-01-08,1,서울특별시 도봉구 마들로 325,서울특별시 도봉구 창제4동 795도,127.054249,37.640676,2006-12-01,한전주,02-2091-4083,서울특별시 도봉구청,2017-05-17
12-01-09,1,서울특별시 도봉구 창제4동 756-203,서울특별시 도봉구 창제4동 756-203,127.053601,37.641643,2008-01-01,한전주,02-2091-4083,서울특별시 도봉구청,2017-05-17
12-29-09,1,서울특별시 도봉구 마들로16길56,서울특별시 도봉구 창제4동 743-15,127.049662,37.661113,2012-07-02,한전주,02-2091-4083,서울특별시 도봉구청,2017-05-17
12-29-10,1,서울특별시 도봉구 창제4동 743-43,서울특별시 도봉구 창제4동 743-43,127.050108,37.660986,2008-01-01,한전주,02-2091-4083,서울특별시 도봉구청,2017-05-17
05-03-19,1,서울특별시 도봉구 도당로13가길 120,서울특별시 도봉구 방학제1동 657-2,127.041136,37.667794,2006-12-27,한전주,02-2091-4083,서울특별시 도봉구청,2017-05-17
05-15-19,1,서울특별시 도봉구 방학제1동 700-50,서울특별시 도봉구 방학제1동 700-50,127.038275,37.665632,2008-01-01,한전주,02-2091-4083,서울특별시 도봉구청,2017-05-17
05-21-19,1,서울특별시 도봉구 방학로 109,서울특별시 도봉구 방학제1동 676-14,127.040177,37.662585,2008-01-01,전용주,02-2091-4083,서울특별시 도봉구청,2017-05-17
05-09-19,2,서울특별시 도봉구 도당로 146-11,서울특별시 도봉구 방학제1동 704-32,127.042326,37.666458,2008-01-01,한전주,02-2091-4083,서울특별시 도봉구청,2017-05-17
05-01-19,1,서울특별시 도봉구 방학제1동 645-28,서울특별시 도봉구 방학제1동 645-28,127.040601,37.669691,2008-01-01,벽부등,02-2091-4083,서울특별시 도봉구청,2017-05-17
05-05-19,1,서울특별시 도봉구 도당로31길 21,서울특별시 도봉구 방학제1동 655-17,127.042514,37.668227,2007-12-29,한전주,02-2091-4083,서울특별시 도봉구청,2017-05-17
05-23-19,1,서울특별시 도봉구 방학제1동 715-23,서울특별시 도봉구 방학제1동 715-23,127.044646,37.665489,2008-01-01,벽부등,02-2091-4083,서울특별시 도봉구청,2017-05-17
05-04-19,1,서울특별시 도봉구 방학제1동 651-6,서울특별시 도봉구 방학제1동 651-6,127.041491,37.669821,2008-01-01,벽부등,02-2091-4083,서울특별시 도봉구청,2017-05-17
05-25-20,1,서울특별시 도봉구 방학제1동 725-58,서울특별시 도봉구 방학제1동 725-58,127.049163,37.661693,2008-01-01,벽부등,02-2091-4083,서울특별시 도봉구청,2017-05-17
05-04-20,1,서울특별시 도봉구 방학제1동 651-7,서울특별시 도봉구 방학제1동 651-7,127.041484,37.66968,2008-01-01,벽부등,02-2091-4083,서울특별시 도봉구청,2017-05-17
05-24-20,1,서울특별시 도봉구 도봉로150바길 57-5,서울특별시 도봉구 방학제1동 713-41,127.045861,37.663482,2017-02-08,벽부등,02-2091-4083,서울특별시 도봉구청,2017-05-17
05-09-20,2,서울특별시 도봉구 도당로 146-17,서울특별시 도봉구 방학제1동 704-35,127.042232,37.666199,2008-01-01,한전주,02-2091-4083,서울특별시 도봉구청,2017-05-17
05-16-20,1,서울특별시 도봉구 방학로8길 26,서울특별시 도봉구 방학제1동 694-28,127.036192,37.664002,2007-08-30,한전주,02-2091-4083,서울특별시 도봉구청,2017-05-17
05-05-20,1,서울특별시 도봉구 방학제1동 655-24,서울특별시 도봉구 방학제1동 655-24,127.042328,37.668041,2008-01-01,벽부등,02-2091-4083,서울특별시 도봉구청,2017-05-17
13-16-29,1,서울특별시 도봉구 도봉로136나길 40,서울특별시 도봉구 창제5동 249-1,127.046293,37.655609,2008-01-01,한전주,02-2091-4083,서울특별시 도봉구청,2017-05-17
13-19-29,1,서울특별시 도봉구 창제5동 746-76,서울특별시 도봉구 창제5동 746-76,127.044389,37.660997,2008-01-01,한전주,02-2091-4083,서울특별시 도봉구청,2017-05-17
13-07-29,1,서울특별시 도봉구 해등로16길 54,서울특별시 도봉구 창제5동 286-6,127.042761,37.654989,2014-04-15,벽부등,02-2091-4083,서울특별시 도봉구청,2017-05-17
13-16-30,2,서울특별시 도봉구 도봉로136나길 40,서울특별시 도봉구 창제5동 241-13,127.046304,37.655798,2008-01-01,한전주,02-2091-4083,서울특별시 도봉구청,2017-05-17
13-07-30,1,서울특별시 도봉구 해등로16길 52-16,서울특별시 도봉구 창제5동 291-18,127.042615,37.654856,2016-05-16,한전주,02-2091-4083,서울특별시 도봉구청,2017-05-17
06-06-04,1,서울특별시 도봉구 방학제2동 627-26,서울특별시 도봉구 방학제2동 627-26,127.037167,37.668699,2008-01-01,벽부등,02-2091-4083,서울특별시 도봉구청,2017-05-17
06-27-04,2,서울특별시 도봉구 도당로13다길 45,서울특별시 도봉구 방학제2동 302,127.031912,37.664846,2008-01-01,한전주,02-2091-4083,서울특별시 도봉구청,2017-05-17
06-22-04,2,서울특별시 도봉구 시루봉로15바길 13,서울특별시 도봉구 방학제2동 611-27,127.03117,37.668614,2006-11-24,한전주,02-2091-4083,서울특별시 도봉구청,2017-05-17
06-10-04,1,서울특별시 도봉구 시루봉로17가길 35,서울특별시 도봉구 방학제2동 386-69,127.033713,37.670484,2007-06-27,한전주,02-2091-4083,서울특별시 도봉구청,2017-05-17
06-24-04,2,서울특별시 도봉구 시루봉로13가길 14,서울특별시 도봉구 방학제2동 614-1,127.030978,37.667155,2007-05-22,한전주,02-2091-4083,서울특별시 도봉구청,2017-05-17
06-01-04,2,서울특별시 도봉구 도당로19길 65,서울특별시 도봉구 방학제2동 624-33,127.039558,37.670063,2008-01-01,한전주,02-2091-4083,서울특별시 도봉구청,2017-05-17
06-18-04,1,서울특별시 도봉구 시루봉로15길 9,서울특별시 도봉구 방학제2동 616-5,127.032754,37.667649,2007-10-09,한전주,02-2091-4083,서울특별시 도봉구청,2017-05-17
06-19-04,1,서울특별시 도봉구 방학제2동 608-28,서울특별시 도봉구 방학제2동 608-28,127.030507,37.668876,2008-01-01,한전주,02-2091-4083,서울특별시 도봉구청,2017-05-17
06-28-04,1,서울특별시 도봉구 방학제2동 664-7,서울특별시 도봉구 방학제2동 664-7,127.034568,37.66376,2008-01-01,벽부등,02-2091-4083,서울특별시 도봉구청,2017-05-17
06-16-04,1,서울특별시 도봉구 방학로10길 73,서울특별시 도봉구 방학제2동 632-71,127.034883,37.665112,2008-01-01,한전주,02-2091-4083,서울특별시 도봉구청,2017-05-17
06-15-04,1,서울특별시 도봉구 방학제2동 662-19,서울특별시 도봉구 방학제2동 662-19,127.035017,37.664437,2006-07-28,벽부등,02-2091-4083,서울특별시 도봉구청,2017-05-17
06-03-04,1,서울특별시 도봉구 도당로13나길 76,서울특별시 도봉구 방학제2동 642-21,127.038513,37.668044,2008-01-01,한전주,02-2091-4083,서울특별시 도봉구청,2017-05-17
06-23-04,1,서울특별시 도봉구 방학제2동 605-5,서울특별시 도봉구 방학제2동 605-5,127.032643,37.668902,2008-01-01,벽부등,02-2091-4083,서울특별시 도봉구청,2017-05-17
06-08-04,1,서울특별시 도봉구 방학제2동 622-42,서울특별시 도봉구 방학제2동 622-42,127.036529,37.668766,2008-01-01,한전주,02-2091-4083,서울특별시 도봉구청,2017-05-17
06-21-04,1,서울특별시 도봉구 시루봉로17길 54,서울특별시 도봉구 방학제2동 398-48,127.032074,37.669332,2008-01-01,한전주,02-2091-4083,서울특별시 도봉구청,2017-05-17
06-14-04,2,서울특별시 도봉구 도당로13라길 10,서울특별시 도봉구 방학제2동 635-10,127.034909,37.666893,2006-11-17,한전주,02-2091-4083,서울특별시 도봉구청,2017-05-17
06-13-04,1,서울특별시 도봉구 도당로15길 44,서울특별시 도봉구 방학제2동 636-1,127.035743,37.667466,2008-01-01,한전주,02-2091-4083,서울특별시 도봉구청,2017-05-17
06-09-04,1,서울특별시 도봉구 시루봉로19길 6-16,서울특별시 도봉구 방학제2동 384-14,127.034413,37.668944,2008-01-01,한전주,02-2091-4083,서울특별시 도봉구청,2017-05-17
06-26-04,1,서울특별시 도봉구 도당로13다길 25,서울특별시 도봉구 방학제2동 632-12,127.033106,37.665668,2007-06-08,한전주,02-2091-4083,서울특별시 도봉구청,2017-05-17
06-27-05,2,서울특별시 도봉구 도당로13다길 45,서울특별시 도봉구 방학제2동 318-2,127.032136,37.664693,2008-01-01,한전주,02-2091-4083,서울특별시 도봉구청,2017-05-17
06-22-05,1,서울특별시 도봉구 방학제2동 611-17,서울특별시 도봉구 방학제2동 611-17,127.030526,37.66834,2008-01-01,벽부등,02-2091-4083,서울특별시 도봉구청,2017-05-17
06-01-05,1,서울특별시 도봉구 도당로13바길 119,서울특별시 도봉구 방학제2동 624-31,127.039463,37.669968,2008-01-01,한전주,02-2091-4083,서울특별시 도봉구청,2017-05-17
06-24-05,1,서울특별시 도봉구 시루봉로13길 17,서울특별시 도봉구 방학제2동 614-3,127.031391,37.667224,2008-01-01,한전주,02-2091-4083,서울특별시 도봉구청,2017-05-17
06-03-05,1,서울특별시 도봉구 시루봉로22길 50,서울특별시 도봉구 방학제2동 642-38,127.038667,37.66794,2008-01-01,한전주,02-2091-4083,서울특별시 도봉구청,2017-05-17
06-19-05,1,서울특별시 도봉구 방학제2동 608-48,서울특별시 도봉구 방학제2동 608-48,127.030788,37.668955,2006-07-24,벽부등,02-2091-4083,서울특별시 도봉구청,2017-05-17
06-25-05,1,서울특별시 도봉구 시루봉로 192-7,서울특별시 도봉구 방학제2동 619-28,127.032522,37.666188,2008-01-01,한전주,02-2091-4083,서울특별시 도봉구청,2017-05-17
06-17-05,1,서울특별시 도봉구 도당로13길 29-4,서울특별시 도봉구 방학제2동 632-51,127.034454,37.665937,2008-02-11,한전주,02-2091-4083,서울특별시 도봉구청,2017-05-17
06-06-05,1,서울특별시 도봉구 도당로13라길 67,서울특별시 도봉구 방학제2동 627-28,127.037168,37.668533,2008-01-01,한전주,02-2091-4083,서울특별시 도봉구청,2017-05-17
06-23-05,1,서울특별시 도봉구 방학제2동 605-7,서울특별시 도봉구 방학제2동 605-7,127.032935,37.668831,2006-10-10,벽부등,02-2091-4083,서울특별시 도봉구청,2017-05-17
07-19-01,1,서울특별시 도봉구 방학제3동 732,서울특별시 도봉구 방학제3동 732,127.029121,37.662558,2006-06-08,한전주,02-2091-4083,서울특별시 도봉구청,2017-05-17
07-30-01,1,서울특별시 도봉구 해등로 295,서울특별시 도봉구 방학제3동 734-6,127.024535,37.657102,2007-09-30,한전주,02-2091-4083,서울특별시 도봉구청,2017-05-17
07-27-01,1,서울특별시 도봉구 방학제3동 508,서울특별시 도봉구 방학제3동 508,127.022797,37.657065,2007-09-30,한전주,02-2091-4083,서울특별시 도봉구청,2017-05-17
07-22-01,1,서울특별시 도봉구 방학제3동 592-5,서울특별시 도봉구 방학제3동 592-5,127.020044,37.662976,2007-09-05,한전주,02-2091-4083,서울특별시 도봉구청,2017-05-17
07-19-02,1,서울특별시 도봉구 방학제3동 732,서울특별시 도봉구 방학제3동 732,127.028611,37.662678,2008-01-01,한전주,02-2091-4083,서울특별시 도봉구청,2017-05-17
07-30-02,1,서울특별시 도봉구 시루봉로,서울특별시 도봉구 방학제3동 734-6,127.024716,37.656841,2007-09-30,한전주,02-2091-4083,서울특별시 도봉구청,2017-05-17
07-27-02,1,서울특별시 도봉구 시루봉로 295,서울특별시 도봉구 방학제3동 508-3,127.022824,37.656688,2007-09-30,한전주,02-2091-4083,서울특별시 도봉구청,2017-05-17
07-01-02,1,서울특별시 도봉구 방학제3동 670-17,서울특별시 도봉구 방학제3동 670-17,127.034146,37.661816,2007-04-19,한전주,02-2091-4083,서울특별시 도봉구청,2017-05-17
07-18-02,1,서울특별시 도봉구 방학제3동 738,서울특별시 도봉구 방학제3동 738,127.0283,37.663215,2006-05-01,전용주,02-2091-4083,서울특별시 도봉구청,2017-05-17
07-23-02,1,서울특별시 도봉구 방학제3동 553-2,서울특별시 도봉구 방학제3동 553-2,127.022696,37.65985,2007-09-30,한전주,02-2091-4083,서울특별시 도봉구청,2017-05-17
07-33-02,1,서울특별시 도봉구 방학제3동 498-31,서울특별시 도봉구 방학제3동 498-31,127.025559,37.658427,2007-09-30,한전주,02-2091-4083,서울특별시 도봉구청,2017-05-17
07-22-02,1,서울특별시 도봉구 방학제3동 578-5,서울특별시 도봉구 방학제3동 578-5,127.021551,37.662821,2007-09-06,한전주,02-2091-4083,서울특별시 도봉구청,2017-05-17
07-19-03,1,서울특별시 도봉구 방학제3동 732,서울특별시 도봉구 방학제3동 732,127.028787,37.662877,2008-01-01,한전주,02-2091-4083,서울특별시 도봉구청,2017-05-17
07-18-03,1,서울특별시 도봉구 방학제3동 444-31,서울특별시 도봉구 방학제3동 444-31,127.028721,37.662993,2006-05-01,전용주,02-2091-4083,서울특별시 도봉구청,2017-05-17
07-16-03,1,서울특별시 도봉구 시루봉로 139-6,서울특별시 도봉구 방학제3동 438-7,127.02703,37.663309,2005-11-18,한전주,02-2091-4083,서울특별시 도봉구청,2017-05-17
07-30-03,1,서울특별시 도봉구 시루봉로,서울특별시 도봉구 방학제3동 734-6,127.025203,37.656886,2007-09-30,한전주,02-2091-4083,서울특별시 도봉구청,2017-05-17
07-23-03,1,서울특별시 도봉구 방학로15길 26-4,서울특별시 도봉구 방학제3동 545,127.024026,37.660364,2007-09-30,한전주,02-2091-4083,서울특별시 도봉구청,2017-05-17
07-33-03,1,서울특별시 도봉구 해등로32길 76,서울특별시 도봉구 방학제3동 501-2,127.02585,37.658435,2007-09-30,한전주,02-2091-4083,서울특별시 도봉구청,2017-05-17
07-27-03,1,서울특별시 도봉구 방학제3동 508-5,서울특별시 도봉구 방학제3동 508-5,127.022959,37.656595,2007-09-30,한전주,02-2091-4083,서울특별시 도봉구청,2017-05-17
07-22-03,1,서울특별시 도봉구 방학제3동 578-3,서울특별시 도봉구 방학제3동 578-3,127.021405,37.663026,2007-09-07,한전주,02-2091-4083,서울특별시 도봉구청,2017-05-17
07-01-03,1,서울특별시 도봉구 방학제3동 670-12,서울특별시 도봉구 방학제3동 670-12,127.033723,37.661766,2007-04-18,한전주,02-2091-4083,서울특별시 도봉구청,2017-05-17
07-16-04,2,서울특별시 도봉구 방학제3동 444-37,서울특별시 도봉구 방학제3동 444-37,127.027393,37.663453,2008-01-01,한전주,02-2091-4083,서울특별시 도봉구청,2017-05-17
07-30-04,1,서울특별시 도봉구 방학제3동 734-1,서울특별시 도봉구 방학제3동 734-1,127.025633,37.656924,2007-09-30,한전주,02-2091-4083,서울특별시 도봉구청,2017-05-17
07-18-04,1,서울특별시 도봉구 방학제3동 446-2,서울특별시 도봉구 방학제3동 446-2,127.028359,37.662464,2008-01-01,한전주,02-2091-4083,서울특별시 도봉구청,2017-05-17
07-27-04,1,서울특별시 도봉구 방학제3동 507-7,서울특별시 도봉구 방학제3동 507-7,127.023226,37.656614,2007-09-30,벽부등,02-2091-4083,서울특별시 도봉구청,2017-05-17
07-19-04,1,서울특별시 도봉구 방학제3동 278-27,서울특별시 도봉구 방학제3동 278-27,127.029004,37.663156,2008-01-01,한전주,02-2091-4083,서울특별시 도봉구청,2017-05-17
07-01-04,1,서울특별시 도봉구 도당로7길 30,서울특별시 도봉구 방학제3동 670-3,127.033195,37.661686,2006-07-21,한전주,02-2091-4083,서울특별시 도봉구청,2017-05-17
07-23-04,1,서울특별시 도봉구 방학제3동 461-4,서울특별시 도봉구 방학제3동 461-4,127.024536,37.660807,2007-09-30,한전주,02-2091-4083,서울특별시 도봉구청,2017-05-17
07-22-04,1,서울특별시 도봉구 방학로 278-22,서울특별시 도봉구 방학제3동 577-3,127.021692,37.663103,2007-09-08,한전주,02-2091-4083,서울특별시 도봉구청,2017-05-17
07-33-04,1,서울특별시 도봉구 해등로32길 53,서울특별시 도봉구 방학제3동 532,127.024626,37.6584,2007-09-30,한전주,02-2091-4083,서울특별시 도봉구청,2017-05-17
07-16-05,1,서울특별시 도봉구 시루봉로11길 16,서울특별시 도봉구 방학제3동 443-3,127.027223,37.663688,2008-01-01,한전주,02-2091-4083,서울특별시 도봉구청,2017-05-17
07-18-05,2,서울특별시 도봉구 방학제3동 445-12,서울특별시 도봉구 방학제3동 445-12,127.028299,37.66231,2008-01-01,한전주,02-2091-4083,서울특별시 도봉구청,2017-05-17
07-01-05,1,서울특별시 도봉구 방학제3동 669-5,서울특별시 도봉구 방학제3동 669-5,127.033026,37.661901,2007-04-19,한전주,02-2091-4083,서울특별시 도봉구청,2017-05-17
07-23-05,1,서울특별시 도봉구 방학로 247,서울특별시 도봉구 방학제3동 461-1,127.024491,37.661076,2007-09-30,한전주,02-2091-4083,서울특별시 도봉구청,2017-05-17
01-12-17,1,서울특별시 도봉구 쌍문제1동 460-75,서울특별시 도봉구 쌍문제1동 460-75,127.022872,37.652706,2010-03-04,벽부등,02-2091-4083,서울특별시 도봉구청,2017-05-17
05-21-20,1,서울특별시 도봉구 방학제1동 676-9,서울특별시 도봉구 방학제1동 676-9,127.039916,37.662639,2008-01-01,벽부등,02-2091-4083,서울특별시 도봉구청,2017-05-17
05-03-20,1,서울특별시 도봉구 도당로13가길 108,서울특별시 도봉구 방학제1동 658-48,127.040696,37.667822,2007-08-01,한전주,02-2091-4083,서울특별시 도봉구청,2017-05-17
05-08-20,1,서울특별시 도봉구 도봉로145길 56,서울특별시 도봉구 방학제1동 686-58,127.039308,37.664712,2008-01-01,한전주,02-2091-4083,서울특별시 도봉구청,2017-05-17
05-23-20,1,서울특별시 도봉구 도봉로150라길 11,서울특별시 도봉구 방학제1동 715-22,127.044888,37.665552,2008-01-01,한전주,02-2091-4083,서울특별시 도봉구청,2017-05-17
05-13-20,1,서울특별시 도봉구 도봉로145길 69,서울특별시 도봉구 방학제1동 690-40,127.038672,37.664611,2008-01-01,한전주,02-2091-4083,서울특별시 도봉구청,2017-05-17
05-01-20,1,서울특별시 도봉구 도봉로153길55,서울특별시 도봉구 방학제1동 645-23,127.040357,37.669934,2013-03-18,한전주,02-2091-4083,서울특별시 도봉구청,2017-05-17
05-10-20,1,서울특별시 도봉구 방학로2길 46,서울특별시 도봉구 방학제1동 682-16,127.04096,37.664909,2006-03-08,한전주,02-2091-4083,서울특별시 도봉구청,2017-05-17
05-12-21,1,서울특별시 도봉구 방학로2길 27,서울특별시 도봉구 방학제1동 687-27,127.040541,37.664152,2008-01-01,전용주,02-2091-4083,서울특별시 도봉구청,2017-05-17
05-22-21,2,서울특별시 도봉구 방학제1동 717-16,서울특별시 도봉구 방학제1동 717-16,127.044496,37.667786,2006-11-24,한전주,02-2091-4083,서울특별시 도봉구청,2017-05-17
05-03-21,2,서울특별시 도봉구 도당로13가길 104,서울특별시 도봉구 방학제1동 658-39,127.040295,37.667812,2007-08-01,한전주,02-2091-4083,서울특별시 도봉구청,2017-05-17
05-16-21,1,서울특별시 도봉구 방학제1동 694-2,서울특별시 도봉구 방학제1동 694-2,127.035976,37.663809,2008-01-01,한전주,02-2091-4083,서울특별시 도봉구청,2017-05-17
05-09-21,1,서울특별시 도봉구 방학제1동 703-11,서울특별시 도봉구 방학제1동 703-11,127.041378,37.666505,2008-01-01,벽부등,02-2091-4083,서울특별시 도봉구청,2017-05-17
05-20-21,1,서울특별시 도봉구 방학로5길 16,서울특별시 도봉구 방학제1동 264-64,127.037579,37.661964,2016-05-16,한전주,02-2091-4083,서울특별시 도봉구청,2017-05-17
05-01-21,1,서울특별시 도봉구 도봉로153길 63,서울특별시 도봉구 방학제1동 645-11,127.039967,37.669943,2014-04-11,벽부등,02-2091-4083,서울특별시 도봉구청,2017-05-17
05-13-21,1,서울특별시 도봉구 방학로 122-19,서울특별시 도봉구 방학제1동 690-53,127.039056,37.664603,2008-01-01,한전주,02-2091-4083,서울특별시 도봉구청,2017-05-17
05-21-21,1,서울특별시 도봉구 방학제1동 676-5,서울특별시 도봉구 방학제1동 676-5,127.03965,37.662465,2008-01-01,벽부등,02-2091-4083,서울특별시 도봉구청,2017-05-17
05-11-21,1,서울특별시 도봉구 방학제1동 681-17,서울특별시 도봉구 방학제1동 681-17,127.041569,37.664228,2008-01-01,한전주,02-2091-4083,서울특별시 도봉구청,2017-05-17
05-23-21,2,서울특별시 도봉구 도봉로150길 34,서울특별시 도봉구 방학제1동 715-19,127.044992,37.66599,2008-01-01,한전주,02-2091-4083,서울특별시 도봉구청,2017-05-17
05-04-21,1,서울특별시 도봉구 방학제1동 651,서울특별시 도봉구 방학제1동 651,127.041248,37.669925,2008-01-01,벽부등,02-2091-4083,서울특별시 도봉구청,2017-05-17
05-05-21,1,서울특별시 도봉구 도당로31길 15,서울특별시 도봉구 방학제1동 655-27,127.042465,37.667983,2007-07-06,한전주,02-2091-4083,서울특별시 도봉구청,2017-05-17
05-25-21,1,서울특별시 도봉구 마들로18길51,서울특별시 도봉구 방학제1동 725-61,127.049662,37.661293,2012-07-02,한전주,02-2091-4083,서울특별시 도봉구청,2017-05-17
05-08-21,1,서울특별시 도봉구 방학로4길 42,서울특별시 도봉구 방학제1동 686-5,127.039295,37.664905,2008-01-01,한전주,02-2091-4083,서울특별시 도봉구청,2017-05-17
05-10-21,1,서울특별시 도봉구 방학제1동 682,서울특별시 도봉구 방학제1동 682,127.040974,37.665095,2006-03-09,벽부등,02-2091-4083,서울특별시 도봉구청,2017-05-17
05-03-22,1,서울특별시 도봉구 방학제1동 658-36,서울특별시 도봉구 방학제1동 658-36,127.040353,37.667492,2007-08-01,한전주,02-2091-4083,서울특별시 도봉구청,2017-05-17
05-25-22,1,서울특별시 도봉구 마들로18길 59,서울특별시 도봉구 방학제1동 725-40,127.049946,37.661221,2008-01-01,한전주,02-2091-4083,서울특별시 도봉구청,2017-05-17
05-05-22,1,서울특별시 도봉구 방학제1동 654-9,서울특별시 도봉구 방학제1동 654-9,127.042634,37.66786,2008-01-01,벽부등,02-2091-4083,서울특별시 도봉구청,2017-05-17
05-10-22,1,서울특별시 도봉구 도봉로147길 27,서울특별시 도봉구 방학제1동 682-1,127.041214,37.665107,2006-03-08,한전주,02-2091-4083,서울특별시 도봉구청,2017-05-17
05-08-22,1,서울특별시 도봉구 도봉로145길 45,서울특별시 도봉구 방학제1동 686-26,127.040065,37.664693,2008-01-14,한전주,02-2091-4083,서울특별시 도봉구청,2017-05-17
05-12-22,1,서울특별시 도봉구 방학제1동 688-12,서울특별시 도봉구 방학제1동 688-12,127.040707,37.664088,2008-01-01,벽부등,02-2091-4083,서울특별시 도봉구청,2017-05-17
05-11-22,1,서울특별시 도봉구 도봉로145가길16-8,서울특별시 도봉구 방학제1동 681-19,127.041294,37.664144,2012-04-10,벽부등,02-2091-4083,서울특별시 도봉구청,2017-05-17
05-16-22,1,서울특별시 도봉구 방학제1동 694-27,서울특별시 도봉구 방학제1동 694-27,127.036238,37.663822,2008-01-01,벽부등,02-2091-4083,서울특별시 도봉구청,2017-05-17
05-01-22,1,서울특별시 도봉구 도당로27길 48,서울특별시 도봉구 방학제1동 650,127.04101,37.669355,2015-05-11,한전주,02-2091-4083,서울특별시 도봉구청,2017-05-17
05-22-22,1,서울특별시 도봉구 방학제1동 717-20,서울특별시 도봉구 방학제1동 717-20,127.044477,37.668062,2008-01-01,한전주,02-2091-4083,서울특별시 도봉구청,2017-05-17
05-13-22,1,서울특별시 도봉구 방학제1동 690-72,서울특별시 도봉구 방학제1동 690-72,127.037787,37.663667,2008-01-01,벽부등,02-2091-4083,서울특별시 도봉구청,2017-05-17
06-16-05,1,서울특별시 도봉구 도당로13다길 9-21,서울특별시 도봉구 방학제2동 632-75,127.034561,37.665414,2008-01-01,한전주,02-2091-4083,서울특별시 도봉구청,2017-05-17
06-26-05,1,서울특별시 도봉구 방학제2동 632,서울특별시 도봉구 방학제2동 632,127.033342,37.665261,2008-01-01,한전주,02-2091-4083,서울특별시 도봉구청,2017-05-17
06-07-05,1,서울특별시 도봉구 도당로13바길 94,서울특별시 도봉구 방학제2동 626-19,127.037974,37.669456,2008-01-01,한전주,02-2091-4083,서울특별시 도봉구청,2017-05-17
06-10-05,2,서울특별시 도봉구 방학제2동 386-17,서울특별시 도봉구 방학제2동 386-17,127.033116,37.669715,2008-01-01,한전주,02-2091-4083,서울특별시 도봉구청,2017-05-17
06-21-05,1,서울특별시 도봉구 시루봉로17길 60,서울특별시 도봉구 방학제2동 398-11,127.031714,37.669336,2008-01-01,한전주,02-2091-4083,서울특별시 도봉구청,2017-05-17
06-15-05,1,서울특별시 도봉구 방학제2동 662-9,서울특별시 도봉구 방학제2동 662-9,127.034716,37.664555,2008-01-01,통신주,02-2091-4083,서울특별시 도봉구청,2017-05-17
06-05-05,1,서울특별시 도봉구 도당로13라길46-6,서울특별시 도봉구 방학제2동 639-19,127.036496,37.667749,2013-09-04,벽부등,02-2091-4083,서울특별시 도봉구청,2017-05-17
06-20-05,1,서울특별시 도봉구 시루봉로17길 48-14,서울특별시 도봉구 방학제2동 396-1,127.03219,37.66984,2008-01-01,한전주,02-2091-4083,서울특별시 도봉구청,2017-05-17
06-09-05,1,서울특별시 도봉구 시루봉로 221-8,서울특별시 도봉구 방학제2동 602-12,127.034547,37.66874,2007-10-31,한전주,02-2091-4083,서울특별시 도봉구청,2017-05-17
06-08-05,1,서울특별시 도봉구 방학제2동 622-23,서울특별시 도봉구 방학제2동 622-23,127.036782,37.669343,2008-01-01,벽부등,02-2091-4083,서울특별시 도봉구청,2017-05-17
06-13-05,1,서울특별시 도봉구 도봉로151길 132,서울특별시 도봉구 방학제2동 639-7,127.036224,37.667217,2008-01-01,한전주,02-2091-4083,서울특별시 도봉구청,2017-05-17
06-12-05,1,서울특별시 도봉구 방학제2동 628-20,서울특별시 도봉구 방학제2동 628-20,127.03628,37.668087,2006-10-17,벽부등,02-2091-4083,서울특별시 도봉구청,2017-05-17
06-18-05,1,서울특별시 도봉구 방학제2동 616-2,서울특별시 도봉구 방학제2동 616-2,127.032569,37.667519,2008-01-01,벽부등,02-2091-4083,서울특별시 도봉구청,2017-05-17
06-11-05,1,서울특별시 도봉구 방학제2동 603-14,서울특별시 도봉구 방학제2동 603-14,127.033793,37.668041,2007-11-19,한전주,02-2091-4083,서울특별시 도봉구청,2017-05-17
06-14-05,1,서울특별시 도봉구 방학제2동 635-13,서울특별시 도봉구 방학제2동 635-13,127.035139,37.666764,2008-01-01,한전주,02-2091-4083,서울특별시 도봉구청,2017-05-17
06-04-05,1,서울특별시 도봉구 방학제2동 660-25,서울특별시 도봉구 방학제2동 660-25,127.03747,37.666124,2008-01-01,벽부등,02-2091-4083,서울특별시 도봉구청,2017-05-17
06-28-05,1,서울특별시 도봉구 방학제2동 664-16,서울특별시 도봉구 방학제2동 664-16,127.034415,37.663365,2008-01-01,벽부등,02-2091-4083,서울특별시 도봉구청,2017-05-17
06-02-05,1,서울특별시 도봉구 시루봉로22길 30,서울특별시 도봉구 방학제2동 644-1,127.038038,37.668604,2008-01-01,한전주,02-2091-4083,서울특별시 도봉구청,2017-05-17
06-18-06,1,서울특별시 도봉구 방학제2동,서울특별시 도봉구 방학제2동,127.032517,37.667379,2012-05-03,벽부등,02-2091-4083,서울특별시 도봉구청,2017-05-17
06-19-06,1,서울특별시 도봉구 시루봉로15바길 14-5,서울특별시 도봉구 방학제2동 608-42,127.031147,37.668994,2008-01-01,전용주,02-2091-4083,서울특별시 도봉구청,2017-05-17
06-05-06,1,서울특별시 도봉구 도당길17 36,서울특별시 도봉구 방학제2동 640-1,127.036995,37.667848,2008-01-01,벽부등,02-2091-4083,서울특별시 도봉구청,2017-05-17
06-13-06,1,서울특별시 도봉구 도당로13나길 39-6,서울특별시 도봉구 방학제2동 638-1,127.036442,37.667109,2008-01-01,한전주,02-2091-4083,서울특별시 도봉구청,2017-05-17
06-24-06,1,서울특별시 도봉구 시루봉로13가길 12,서울특별시 도봉구 방학제2동 343-1,127.031203,37.667011,2007-05-22,한전주,02-2091-4083,서울특별시 도봉구청,2017-05-17
06-16-06,1,서울특별시 도봉구 도당로13다길 15-21,서울특별시 도봉구 방학제2동 632-86,127.034191,37.665338,2008-02-11,한전주,02-2091-4083,서울특별시 도봉구청,2017-05-17
06-03-06,1,서울특별시 도봉구 도당로13가길 77,서울특별시 도봉구 방학제2동 642-35,127.038879,37.667724,2008-01-01,한전주,02-2091-4083,서울특별시 도봉구청,2017-05-17
06-28-06,1,서울특별시 도봉구 방학동 664-8,서울특별시 도봉구 방학제2동 664-38,127.034284,37.663082,2008-02-16,한전주,02-2091-4083,서울특별시 도봉구청,2017-05-17
06-21-06,1,서울특별시 도봉구 시루봉로17길 64,서울특별시 도봉구 방학제2동 398-31,127.031385,37.6693,2008-01-01,한전주,02-2091-4083,서울특별시 도봉구청,2017-05-17
06-08-06,1,서울특별시 도봉구 방학제2동 622-15,서울특별시 도봉구 방학제2동 622-15,127.036479,37.669292,2008-01-01,벽부등,02-2091-4083,서울특별시 도봉구청,2017-05-17
06-15-06,1,서울특별시 도봉구 도당로11길 7,서울특별시 도봉구 방학제2동 663-7,127.034545,37.664299,2007-10-10,한전주,02-2091-4083,서울특별시 도봉구청,2017-05-17
06-25-06,1,서울특별시 도봉구 도당로13마길 30,서울특별시 도봉구 방학제2동 618-4,127.032621,37.666086,2006-11-01,한전주,02-2091-4083,서울특별시 도봉구청,2017-05-17
06-14-06,2,서울특별시 도봉구 도당로13길 34-16,서울특별시 도봉구 방학제2동 634-20,127.035362,37.66656,2008-01-01,한전주,02-2091-4083,서울특별시 도봉구청,2017-05-17
06-22-06,1,서울특별시 도봉구 시루봉로15길 33,서울특별시 도봉구 방학제2동 612-9,127.031894,37.668538,2008-01-01,한전주,02-2091-4083,서울특별시 도봉구청,2017-05-17
06-01-06,2,서울특별시 도봉구 도당로13바길 115,서울특별시 도봉구 방학제2동 624-19,127.039193,37.67005,2010-03-29,한전주,02-2091-4083,서울특별시 도봉구청,2017-05-17
13-13-31,1,서울특별시 도봉구 창제5동 74-14,서울특별시 도봉구 창제5동 74-14,127.046841,37.652662,2007-04-02,한전주,02-2091-4083,서울특별시 도봉구청,2017-05-17
07-30-05,1,서울특별시 도봉구 방학제3동 734-1,서울특별시 도봉구 방학제3동 734-1,127.025875,37.656834,2007-09-30,한전주,02-2091-4083,서울특별시 도봉구청,2017-05-17
07-33-05,1,서울특별시 도봉구 방학제3동 531,서울특별시 도봉구 방학제3동 531,127.024251,37.658385,2007-09-30,한전주,02-2091-4083,서울특별시 도봉구청,2017-05-17
07-22-05,1,서울특별시 도봉구 방학제3동 581-4,서울특별시 도봉구 방학제3동 581-4,127.021389,37.663354,2007-09-09,한전주,02-2091-4083,서울특별시 도봉구청,2017-05-17
07-22-06,1,서울특별시 도봉구 방학로 278-20,서울특별시 도봉구 방학제3동 575-2,127.021608,37.663685,2007-09-10,전용주,02-2091-4083,서울특별시 도봉구청,2017-05-17
07-33-06,1,서울특별시 도봉구 해등로32길 53,서울특별시 도봉구 방학제3동 531,127.023765,37.658364,2007-09-30,한전주,02-2091-4083,서울특별시 도봉구청,2017-05-17
07-27-06,1,서울특별시 도봉구 방학제3동 507-1,서울특별시 도봉구 방학제3동 507-1,127.023643,37.656664,2007-09-30,한전주,02-2091-4083,서울특별시 도봉구청,2017-05-17
07-16-06,1,서울특별시 도봉구 방학제3동 436-3,서울특별시 도봉구 방학제3동 436-3,127.027337,37.663886,2008-01-01,벽부등,02-2091-4083,서울특별시 도봉구청,2017-05-17
07-30-06,1,서울특별시 도봉구 마들로 646,서울특별시 도봉구 방학제3동 720-18,127.026042,37.65675,2007-09-30,한전주,02-2091-4083,서울특별시 도봉구청,2017-05-17
07-01-06,1,서울특별시 도봉구 방학로 183,서울특별시 도봉구 방학제3동 669-10,127.03239,37.661677,2006-07-21,한전주,02-2091-4083,서울특별시 도봉구청,2017-05-17
07-23-06,1,서울특별시 도봉구 방학로251,서울특별시 도봉구 방학제3동 463-5,127.024446,37.66131,2007-09-30,한전주,02-2091-4083,서울특별시 도봉구청,2017-05-17
07-23-07,1,서울특별시 도봉구 방학로255,서울특별시 도봉구 방학제3동 465-20,127.023924,37.661301,2007-09-30,한전주,02-2091-4083,서울특별시 도봉구청,2017-05-17
07-33-07,1,서울특별시 도봉구 방학제3동 산82,서울특별시 도봉구 방학제3동 산82,127.023375,37.658345,2007-09-30,한전주,02-2091-4083,서울특별시 도봉구청,2017-05-17
07-30-07,1,서울특별시 도봉구 방학제3동 734-7,서울특별시 도봉구 방학제3동 734-7,127.026753,37.656755,2007-09-30,한전주,02-2091-4083,서울특별시 도봉구청,2017-05-17
07-16-07,1,서울특별시 도봉구 시루봉로11길 25,서울특별시 도봉구 방학제3동 444-51,127.027359,37.664039,2008-01-01,한전주,02-2091-4083,서울특별시 도봉구청,2017-05-17
07-01-07,1,서울특별시 도봉구 방학제3동 275,서울특별시 도봉구 방학제3동 275,127.032604,37.661268,2008-01-01,한전주,02-2091-4083,서울특별시 도봉구청,2017-05-17
07-22-07,1,서울특별시 도봉구 방학로 278-20,서울특별시 도봉구 방학제3동 575-2,127.021674,37.663793,2007-09-11,전용주,02-2091-4083,서울특별시 도봉구청,2017-05-17
07-33-08,1,서울특별시 도봉구 방학로 15길 40,서울특별시 도봉구 방학제3동 산83,127.022971,37.658328,2007-09-30,한전주,02-2091-4083,서울특별시 도봉구청,2017-05-17
07-22-08,1,서울특별시 도봉구 방학제3동 587-2,서울특별시 도봉구 방학제3동 587-2,127.021434,37.663511,2007-09-12,한전주,02-2091-4083,서울특별시 도봉구청,2017-05-17
07-16-08,1,서울특별시 도봉구 시루봉로11길 21-5,서울특별시 도봉구 방학제3동 437,127.027065,37.663976,2008-01-01,한전주,02-2091-4083,서울특별시 도봉구청,2017-05-17
07-27-08,1,서울특별시 도봉구 방학제3동 507-1,서울특별시 도봉구 방학제3동 507-1,127.02409,37.6567,2007-09-30,벽부등,02-2091-4083,서울특별시 도봉구청,2017-05-17
07-30-08,1,서울특별시 도봉구 방학제3동 720-4,서울특별시 도봉구 방학제3동 720-4,127.027635,37.65677,2007-09-30,한전주,02-2091-4083,서울특별시 도봉구청,2017-05-17
07-01-08,1,서울특별시 도봉구 방학제3동 285-66,서울특별시 도봉구 방학제3동 285-66,127.033332,37.660679,2008-01-01,한전주,02-2091-4083,서울특별시 도봉구청,2017-05-17
07-23-08,1,서울특별시 도봉구 방학로15길 5,서울특별시 도봉구 방학제3동 465-13,127.024026,37.661211,2007-09-30,한전주,02-2091-4083,서울특별시 도봉구청,2017-05-17
07-22-09,1,서울특별시 도봉구 방학로 278-33,서울특별시 도봉구 방학제3동 587-1,127.021263,37.663454,2007-09-13,한전주,02-2091-4083,서울특별시 도봉구청,2017-05-17
07-23-09,1,서울특별시 도봉구 방학제3동 498-19,서울특별시 도봉구 방학제3동 498-19,127.024591,37.660521,2007-09-30,전용주,02-2091-4083,서울특별시 도봉구청,2017-05-17
07-01-09,1,서울특별시 도봉구 방학제3동 739,서울특별시 도봉구 방학제3동 739,127.033323,37.660858,2004-12-01,전용주,02-2091-4083,서울특별시 도봉구청,2017-05-17
07-19-09,1,서울특별시 도봉구 방학제3동 306-36,서울특별시 도봉구 방학제3동 306-36,127.03107,37.662398,2007-09-04,한전주,02-2091-4083,서울특별시 도봉구청,2017-05-17
07-33-09,1,서울특별시 도봉구 해등로32길 11,서울특별시 도봉구 방학제3동 531-1,127.022756,37.658337,2007-09-30,한전주,02-2091-4083,서울특별시 도봉구청,2017-05-17
07-16-09,1,서울특별시 도봉구 방학제3동 438,서울특별시 도봉구 방학제3동 438,127.026645,37.663904,2008-01-01,한전주,02-2091-4083,서울특별시 도봉구청,2017-05-17
07-27-10,1,서울특별시 도봉구 방학제3동 507-1,서울특별시 도봉구 방학제3동 507-1,127.024478,37.656733,2007-09-30,한전주,02-2091-4083,서울특별시 도봉구청,2017-05-17
07-33-10,1,서울특별시 도봉구 해등로32길 11,서울특별시 도봉구 방학제3동 514-2,127.022779,37.657895,2007-09-30,한전주,02-2091-4083,서울특별시 도봉구청,2017-05-17
07-22-10,1,서울특별시 도봉구 방학제3동 587-1,서울특별시 도봉구 방학제3동 587-1,127.020763,37.663725,2007-09-14,한전주,02-2091-4083,서울특별시 도봉구청,2017-05-17
07-01-10,1,서울특별시 도봉구 방학로11길 33,서울특별시 도봉구 방학제3동 740,127.033308,37.661055,2004-12-01,전용주,02-2091-4083,서울특별시 도봉구청,2017-05-17
07-23-10,1,서울특별시 도봉구 방학제3동 531-3,서울특별시 도봉구 방학제3동 531-3,127.024704,37.660388,2007-09-30,전용주,02-2091-4083,서울특별시 도봉구청,2017-05-17
05-20-22,1,서울특별시 도봉구 방학제1동 735,서울특별시 도봉구 방학제1동 735,127.034832,37.660586,2016-05-16,한전주,02-2091-4083,서울특별시 도봉구청,2017-05-17
05-21-22,1,서울특별시 도봉구 방학로3길 12-33,서울특별시 도봉구 방학제1동 675-1,127.039474,37.662207,2008-01-01,벽부등,02-2091-4083,서울특별시 도봉구청,2017-05-17
05-14-23,1,서울특별시 도봉구 방학제1동 699-9,서울특별시 도봉구 방학제1동 699-9,127.038452,37.664987,2012-05-25,벽부등,02-2091-4083,서울특별시 도봉구청,2017-05-17
05-22-23,1,서울특별시 도봉구 도봉로150다길 54,서울특별시 도봉구 방학제1동 718-14,127.044386,37.668303,2008-01-01,한전주,02-2091-4083,서울특별시 도봉구청,2017-05-17
05-21-23,1,서울특별시 도봉구 방학제1동 676-29,서울특별시 도봉구 방학제1동 676-29,127.039509,37.662375,2006-11-01,벽부등,02-2091-4083,서울특별시 도봉구청,2017-05-17
05-25-23,1,서울특별시 도봉구 방학제1동 725-68,서울특별시 도봉구 방학제1동 725-68,127.050341,37.661108,2008-01-01,한전주,02-2091-4083,서울특별시 도봉구청,2017-05-17
05-03-23,1,서울특별시 도봉구 방학제1동 648-11,서울특별시 도봉구 방학제1동 648-11,127.039769,37.667962,2007-08-01,벽부등,02-2091-4083,서울특별시 도봉구청,2017-05-17
05-08-23,1,서울특별시 도봉구 방학로4길 40,서울특별시 도봉구 방학제1동 686-6,127.039487,37.664702,2007-11-12,한전주,02-2091-4083,서울특별시 도봉구청,2017-05-17
05-05-23,1,서울특별시 도봉구 방학제1동 654-14,서울특별시 도봉구 방학제1동 654-14,127.042598,37.667612,2007-04-07,벽부등,02-2091-4083,서울특별시 도봉구청,2017-05-17
05-16-23,1,서울특별시 도봉구 방학로6가길 16-6,서울특별시 도봉구 방학제1동 697-23,127.037651,37.664784,2008-01-01,한전주,02-2091-4083,서울특별시 도봉구청,2017-05-17
05-09-23,1,서울특별시 도봉구 도당로 138-18,서울특별시 도봉구 방학제1동 702-8,127.041637,37.666698,2008-01-01,한전주,02-2091-4083,서울특별시 도봉구청,2017-05-17
05-10-23,1,서울특별시 도봉구 도봉로145길 14,서울특별시 도봉구 방학제1동 682-33,127.041962,37.664678,2008-01-01,한전주,02-2091-4083,서울특별시 도봉구청,2017-05-17
05-04-23,1,서울특별시 도봉구 도당로29길 42,서울특별시 도봉구 방학제1동 650,127.041031,37.669468,2008-01-01,한전주,02-2091-4083,서울특별시 도봉구청,2017-05-17
05-23-23,1,서울특별시 도봉구 도봉로150길 40,서울특별시 도봉구 방학제1동 715-9,127.045265,37.665961,2006-08-04,한전주,02-2091-4083,서울특별시 도봉구청,2017-05-17
12-01-10,2,서울특별시 도봉구 마들로325길,서울특별시 도봉구 창제4동 797-2대,127.054532,37.640721,2006-06-26,한전주,02-2091-4083,서울특별시 도봉구청,2017-05-17
12-28-10,2,서울특별시 도봉구 도봉로136길 80,서울특별시 도봉구 창제4동 181-46,127.045377,37.659366,2006-06-05,한전주,02-2091-4083,서울특별시 도봉구청,2017-05-17
12-01-11,2,서울특별시 도봉구 창제4동 797-1대,서울특별시 도봉구 창제4동 797-1대,127.054374,37.641001,2006-05-16,한전주,02-2091-4083,서울특별시 도봉구청,2017-05-17
12-28-11,2,서울특별시 도봉구 창제4동 182-35,서울특별시 도봉구 창제4동 182-35,127.045447,37.659059,2007-12-13,한전주,02-2091-4083,서울특별시 도봉구청,2017-05-17
12-29-11,1,서울특별시 도봉구 창제4동 743-44,서울특별시 도봉구 창제4동 743-44,127.050624,37.66083,2010-04-16,한전주,02-2091-4083,서울특별시 도봉구청,2017-05-17
12-28-12,2,서울특별시 도봉구 마들로13길 54,서울특별시 도봉구 창제4동 181-42,127.045536,37.658826,2008-01-01,한전주,02-2091-4083,서울특별시 도봉구청,2017-05-17
12-01-12,2,서울특별시 도봉구 창제4동 797대,서울특별시 도봉구 창제4동 797대,127.054272,37.641262,2006-05-16,한전주,02-2091-4083,서울특별시 도봉구청,2017-05-17
12-29-12,1,서울특별시 도봉구 마들로 556,서울특별시 도봉구 창제4동 743-4,127.048982,37.660861,2008-01-01,한전주,02-2091-4083,서울특별시 도봉구청,2017-05-17
12-28-13,2,서울특별시 도봉구 창제4동 181-26,서울특별시 도봉구 창제4동 181-26,127.045675,37.658577,2008-01-01,한전주,02-2091-4083,서울특별시 도봉구청,2017-05-17
12-29-13,1,서울특별시 도봉구 창제4동 743-27,서울특별시 도봉구 창제4동 743-27,127.049199,37.660801,2007-05-02,한전주,02-2091-4083,서울특별시 도봉구청,2017-05-17
12-01-13,2,서울특별시 도봉구 창제4동 789-3전,서울특별시 도봉구 창제4동 789-3전,127.054204,37.641613,2006-05-16,한전주,02-2091-4083,서울특별시 도봉구청,2017-05-17
12-01-14,2,서울특별시 도봉구 창제4동 775-2대,서울특별시 도봉구 창제4동 775-2대,127.054227,37.642091,2006-05-16,한전주,02-2091-4083,서울특별시 도봉구청,2017-05-17
12-28-14,2,서울특별시 도봉구 창제4동 181-42,서울특별시 도봉구 창제4동 181-42,127.045783,37.658362,2008-01-01,한전주,02-2091-4083,서울특별시 도봉구청,2017-05-17
12-29-14,1,서울특별시 도봉구 창제4동 743-28,서울특별시 도봉구 창제4동 743-28,127.049401,37.660746,2008-01-01,한전주,02-2091-4083,서울특별시 도봉구청,2017-05-17
12-29-15,1,서울특별시 도봉구 창제4동 743-23,서울특별시 도봉구 창제4동 743-23,127.049578,37.660698,2008-01-01,한전주,02-2091-4083,서울특별시 도봉구청,2017-05-17
12-01-15,2,서울특별시 도봉구 창제4동 774도,서울특별시 도봉구 창제4동 774도,127.054295,37.642532,2006-05-16,한전주,02-2091-4083,서울특별시 도봉구청,2017-05-17
12-29-16,1,서울특별시 도봉구 마들로14길 25-9,서울특별시 도봉구 창제4동 743-26,127.049945,37.660554,2008-01-01,벽부등,02-2091-4083,서울특별시 도봉구청,2017-05-17
12-01-17,1,서울특별시 도봉구 창제4동 57-11,서울특별시 도봉구 창제4동 57-11,127.051148,37.645849,2014-12-24,벽부등,02-2091-4083,서울특별시 도봉구청,2017-05-17
12-29-17,1,서울특별시 도봉구 창제4동 743-3,서울특별시 도봉구 창제4동 743-3,127.050819,37.660378,2007-07-06,한전주,02-2091-4083,서울특별시 도봉구청,2017-05-17
12-29-19,1,서울특별시 도봉구 마들로 534,서울특별시 도봉구 창제4동 1-1,127.05092,37.660112,2007-07-26,한전주,02-2091-4083,서울특별시 도봉구청,2017-05-17
13-16-31,2,서울특별시 도봉구 도봉로136나길 40,서울특별시 도봉구 창제5동 272-3,127.046236,37.656005,2008-01-01,한전주,02-2091-4083,서울특별시 도봉구청,2017-05-17
13-16-32,2,서울특별시 도봉구 도봉로136나길 40,서울특별시 도봉구 창제5동 274-1,127.046135,37.656276,2008-01-01,한전주,02-2091-4083,서울특별시 도봉구청,2017-05-17
13-13-32,1,서울특별시 도봉구 노해로65길 14-3,서울특별시 도봉구 창제5동 75-1,127.046925,37.652158,2008-01-01,벽부등,02-2091-4083,서울특별시 도봉구청,2017-05-17
13-16-33,1,서울특별시 도봉구 도봉로136나길 40,서울특별시 도봉구 창제5동 274-4,127.046044,37.656501,2008-01-01,한전주,02-2091-4083,서울특별시 도봉구청,2017-05-17
13-16-34,2,서울특별시 도봉구 도봉로136나길 40,서울특별시 도봉구 창제5동 270-10,127.045942,37.656708,2008-01-01,한전주,02-2091-4083,서울특별시 도봉구청,2017-05-17
13-17-34,1,서울특별시 도봉구 창제5동 269-4,서울특별시 도봉구 창제5동 269-4,127.04366,37.655027,2008-01-01,한전주,02-2091-4083,서울특별시 도봉구청,2017-05-17
13-13-34,1,서울특별시 도봉구 창제5동 331-1,서울특별시 도봉구 창제5동 331-1,127.045935,37.651932,2008-01-01,한전주,02-2091-4083,서울특별시 도봉구청,2017-05-17
13-16-35,2,서울특별시 도봉구 도봉로136나길40,서울특별시 도봉구 창제5동 820,127.045695,37.655669,2013-09-05,한전주,02-2091-4083,서울특별시 도봉구청,2017-05-17
13-13-35,1,서울특별시 도봉구 창제5동 75-13,서울특별시 도봉구 창제5동 75-13,127.046518,37.651917,2007-04-02,한전주,02-2091-4083,서울특별시 도봉구청,2017-05-17
13-16-36,1,서울특별시 도봉구 노해로63가길 101,서울특별시 도봉구 창제5동 825-2,127.045846,37.656907,2017-02-08,한전주,02-2091-4083,서울특별시 도봉구청,2017-05-17
13-13-36,2,서울특별시 도봉구 노해로63길 84-12,서울특별시 도봉구 창제5동 135-28,127.046925,37.652428,2014-03-17,한전주,02-2091-4083,서울특별시 도봉구청,2017-05-17
13-19-36,1,서울특별시 도봉구 도봉로140길 8,서울특별시 도봉구 창제5동 748-2,127.04276,37.660737,2006-06-26,한전주,02-2091-4083,서울특별시 도봉구청,2017-05-17
13-19-37,1,서울특별시 도봉구 도봉로136다길 26-3,서울특별시 도봉구 창제5동 748-3,127.042778,37.66092,2008-01-01,한전주,02-2091-4083,서울특별시 도봉구청,2017-05-17
13-13-37,1,서울특별시 도봉구 창제5동 135-15,서울특별시 도봉구 창제5동 135-15,127.046735,37.652847,2008-01-01,한전주,02-2091-4083,서울특별시 도봉구청,2017-05-17
13-13-38,1,서울특별시 도봉구 창제5동 333,서울특별시 도봉구 창제5동 333,127.045422,37.651754,2008-01-01,벽부등,02-2091-4083,서울특별시 도봉구청,2017-05-17
13-19-39,1,서울특별시 도봉구 창제5동 748-5,서울특별시 도봉구 창제5동 748-5,127.043241,37.660405,2008-01-01,벽부등,02-2091-4083,서울특별시 도봉구청,2017-05-17
13-13-39,1,서울특별시 도봉구 창제5동 254-1,서울특별시 도봉구 창제5동 254-1,127.045674,37.654447,2008-01-01,벽부등,02-2091-4083,서울특별시 도봉구청,2017-05-17
13-19-40,1,서울특별시 도봉구 창제5동 748-15,서울특별시 도봉구 창제5동 748-15,127.04266,37.660333,2008-01-01,한전주,02-2091-4083,서울특별시 도봉구청,2017-05-17
13-19-41,1,서울특별시 도봉구 창제5동 749-12,서울특별시 도봉구 창제5동 749-12,127.042652,37.660178,2008-01-01,한전주,02-2091-4083,서울특별시 도봉구청,2017-05-17
13-19-42,1,서울특별시 도봉구 창제5동 748-18,서울특별시 도봉구 창제5동 748-18,127.042731,37.659937,2008-01-01,한전주,02-2091-4083,서울특별시 도봉구청,2017-05-17
13-13-43,1,서울특별시 도봉구 노해로63다길79,서울특별시 도봉구 창제5동 134-36,127.046483,37.653228,2012-06-13,한전주,02-2091-4083,서울특별시 도봉구청,2017-05-17
13-13-44,1,서울특별시 도봉구 노해로63다길13,서울특별시 도봉구 창제5동 134-12,127.046317,37.653397,2012-06-11,통신주,02-2091-4083,서울특별시 도봉구청,2017-05-17
13-13-45,1,서울특별시 도봉구 노해로63길54,서울특별시 도봉구 창제5동 335-1,127.045282,37.652087,2012-06-11,벽부등,02-2091-4083,서울특별시 도봉구청,2017-05-17
13-13-46,1,서울특별시 도봉구 노해로63길54,서울특별시 도봉구 창제5동 335-1,127.045214,37.65224,2012-06-11,벽부등,02-2091-4083,서울특별시 도봉구청,2017-05-17
13-13-47,1,서울특별시 도봉구 노해로63길54,서울특별시 도봉구 창제5동 335-1,127.045152,37.6524,2012-06-11,벽부등,02-2091-4083,서울특별시 도봉구청,2017-05-17
13-13-48,1,서울특별시 도봉구 노해로63길(이마트),서울특별시 도봉구 창제5동 75-3,127.047076,37.651979,2014-03-17,한전주,02-2091-4083,서울특별시 도봉구청,2017-05-17
13-13-49,1,서울특별시 도봉구 노해로63길(이마트),서울특별시 도봉구 창제5동 75-3,127.046825,37.651965,2014-03-17,한전주,02-2091-4083,서울특별시 도봉구청,2017-05-17
06-07-06,1,서울특별시 도봉구 방학제2동 623-38,서울특별시 도봉구 방학제2동 623-38,127.037615,37.669476,2008-01-01,벽부등,02-2091-4083,서울특별시 도봉구청,2017-05-17
06-02-06,1,서울특별시 도봉구 방학제2동 644-38,서울특별시 도봉구 방학제2동 644-38,127.038146,37.668696,2008-01-01,한전주,02-2091-4083,서울특별시 도봉구청,2017-05-17
06-20-06,1,서울특별시 도봉구 방학제2동 394-9,서울특별시 도봉구 방학제2동 394-9,127.032251,37.669595,2006-04-24,한전주,02-2091-4083,서울특별시 도봉구청,2017-05-17
06-09-06,1,서울특별시 도봉구 시루봉로 227,서울특별시 도봉구 방학제2동 602-19,127.034962,37.668775,2008-01-01,한전주,02-2091-4083,서울특별시 도봉구청,2017-05-17
06-23-06,1,서울특별시 도봉구 시루봉로15라길 7-10,서울특별시 도봉구 방학제2동 605-17,127.032666,37.668723,2006-07-21,한전주,02-2091-4083,서울특별시 도봉구청,2017-05-17
06-27-06,1,서울특별시 도봉구 도당로13다길 45,서울특별시 도봉구 방학제2동 318-2,127.032338,37.664512,2008-01-01,한전주,02-2091-4083,서울특별시 도봉구청,2017-05-17
06-17-06,1,서울특별시 도봉구 방학제2동 632-40,서울특별시 도봉구 방학제2동 632-40,127.034252,37.666037,2008-01-01,벽부등,02-2091-4083,서울특별시 도봉구청,2017-05-17
07-16-10,1,서울특별시 도봉구 시루봉로11길 25-5,서울특별시 도봉구 방학제3동 424-11,127.027121,37.6644,2008-01-01,한전주,02-2091-4083,서울특별시 도봉구청,2017-05-17
07-27-11,1,서울특별시 도봉구 방학제3동 산90-11,서울특별시 도봉구 방학제3동 산90-11,127.024591,37.656751,2007-09-30,한전주,02-2091-4083,서울특별시 도봉구청,2017-05-17
07-01-11,1,서울특별시 도봉구 방학로11길 33,서울특별시 도봉구 방학제3동 740-1,127.033286,37.661254,2004-12-01,전용주,02-2091-4083,서울특별시 도봉구청,2017-05-17
07-22-11,1,서울특별시 도봉구 방학제3동 570-2,서울특별시 도봉구 방학제3동 570-2,127.022778,37.662335,2007-09-15,한전주,02-2091-4083,서울특별시 도봉구청,2017-05-17
07-33-11,1,서울특별시 도봉구 해등로32길 11,서울특별시 도봉구 방학제3동 508-2,127.02279,37.657589,2007-09-30,한전주,02-2091-4083,서울특별시 도봉구청,2017-05-17
07-16-11,1,서울특별시 도봉구 방학제3동 424-5,서울특별시 도봉구 방학제3동 424-5,127.027303,37.6643,2008-01-01,한전주,02-2091-4083,서울특별시 도봉구청,2017-05-17
07-23-11,1,서울특별시 도봉구 방학로15길13,서울특별시 도봉구 방학제3동 465-5,127.024072,37.660976,2012-07-09,한전주,02-2091-4083,서울특별시 도봉구청,2017-05-17
07-33-12,1,서울특별시 도봉구 방학로11길 30,서울특별시 도봉구 방학제3동 494-2,127.026258,37.658453,2007-09-30,한전주,02-2091-4083,서울특별시 도봉구청,2017-05-17
07-22-12,1,서울특별시 도봉구 방학제3동 568,서울특별시 도봉구 방학제3동 568,127.022934,37.662311,2007-09-16,한전주,02-2091-4083,서울특별시 도봉구청,2017-05-17
07-01-12,1,서울특별시 도봉구 도당로7길 26,서울특별시 도봉구 방학제3동 740-2,127.033252,37.661416,2004-12-01,전용주,02-2091-4083,서울특별시 도봉구청,2017-05-17
07-23-12,1,서울특별시 도봉구 방학로15길13,서울특별시 도봉구 방학제3동 465-10,127.024117,37.660751,2012-07-09,한전주,02-2091-4083,서울특별시 도봉구청,2017-05-17
07-16-12,1,서울특별시 도봉구 방학제3동 423-8,서울특별시 도봉구 방학제3동 423-8,127.027473,37.664418,2008-01-01,전용주,02-2091-4083,서울특별시 도봉구청,2017-05-17
07-16-13,1,서울특별시 도봉구 시루봉로11길 32,서울특별시 도봉구 방학제3동 425-3,127.027654,37.664345,2008-01-01,한전주,02-2091-4083,서울특별시 도봉구청,2017-05-17
07-33-13,1,서울특별시 도봉구 시루봉로 94,서울특별시 도봉구 방학제3동 273,127.028013,37.659268,2014-05-29,벽부등,02-2091-4083,서울특별시 도봉구청,2017-05-17
07-01-13,1,서울특별시 도봉구 방학제3동 740-3,서울특별시 도봉구 방학제3동 740-3,127.033227,37.661574,2004-12-01,전용주,02-2091-4083,서울특별시 도봉구청,2017-05-17
07-22-13,1,서울특별시 도봉구 방학로 266-40,서울특별시 도봉구 방학제3동 570-1,127.022599,37.66268,2007-09-17,한전주,02-2091-4083,서울특별시 도봉구청,2017-05-17
07-23-13,1,서울특별시 도봉구 방학로15길26-4,서울특별시 도봉구 방학제3동 471-6,127.0241,37.660399,2012-07-09,한전주,02-2091-4083,서울특별시 도봉구청,2017-05-17
07-01-14,1,서울특별시 도봉구 도당로7길 14,서울특별시 도봉구 방학제3동 670-15,127.033838,37.661904,2016-05-16,벽부등,02-2091-4083,서울특별시 도봉구청,2017-05-17
07-33-14,1,서울특별시 도봉구 시루봉로 94,서울특별시 도봉구 방학제3동 273,127.028099,37.658985,2014-10-06,전용주,02-2091-4083,서울특별시 도봉구청,2017-05-17
07-16-14,1,서울특별시 도봉구 방학제3동 307-2,서울특별시 도봉구 방학제3동 307-2,127.02813,37.664057,2008-01-01,한전주,02-2091-4083,서울특별시 도봉구청,2017-05-17
07-22-14,1,서울특별시 도봉구 방학로 260,서울특별시 도봉구 방학제3동 468-5,127.023743,37.661688,2015-07-06,한전주,02-2091-4083,서울특별시 도봉구청,2017-05-17
07-22-15,1,서울특별시 도봉구 방학제3동 575-3,서울특별시 도봉구 방학제3동 575-3,127.022118,37.663452,2007-09-18,한전주,02-2091-4083,서울특별시 도봉구청,2017-05-17
07-16-15,1,서울특별시 도봉구 방학제3동 307-2,서울특별시 도봉구 방학제3동 307-2,127.0283,37.663994,2008-01-01,한전주,02-2091-4083,서울특별시 도봉구청,2017-05-17
07-16-16,1,서울특별시 도봉구 방학제3동 433-2,서울특별시 도봉구 방학제3동 433-2,127.028538,37.664165,2008-01-01,한전주,02-2091-4083,서울특별시 도봉구청,2017-05-17
07-22-16,2,서울특별시 도봉구 방학로 252-18,서울특별시 도봉구 방학제3동 465-1,127.024344,37.661922,2007-09-19,벽부등,02-2091-4083,서울특별시 도봉구청,2017-05-17
07-33-16,1,서울특별시 도봉구 해등로 264,서울특별시 도봉구 방학제3동 734,127.025136,37.658273,2015-09-15,벽부등,02-2091-4083,서울특별시 도봉구청,2017-05-17
07-16-17,1,서울특별시 도봉구 방학제3동 307-19,서울특별시 도봉구 방학제3동 307-19,127.028357,37.664345,2008-01-01,한전주,02-2091-4083,서울특별시 도봉구청,2017-05-17
07-33-17,1,서울특별시 도봉구 해등로 264,서울특별시 도봉구 방학제3동 734,127.025023,37.658084,2015-09-15,벽부등,02-2091-4083,서울특별시 도봉구청,2017-05-17
07-22-17,1,서울특별시 도봉구 방학제3동 466,서울특별시 도봉구 방학제3동 466,127.024553,37.662062,2007-09-20,한전주,02-2091-4083,서울특별시 도봉구청,2017-05-17
07-16-18,1,서울특별시 도봉구 방학제3동 430-2,서울특별시 도봉구 방학제3동 430-2,127.028074,37.664634,2008-01-01,한전주,02-2091-4083,서울특별시 도봉구청,2017-05-17
07-22-18,1,서울특별시 도봉구 방학제3동 465,서울특별시 도봉구 방학제3동 465,127.024533,37.662302,2007-09-21,한전주,02-2091-4083,서울특별시 도봉구청,2017-05-17
07-16-19,1,서울특별시 도봉구 방학제3동 430-1,서울특별시 도봉구 방학제3동 430-1,127.027847,37.664823,2008-01-01,벽부등,02-2091-4083,서울특별시 도봉구청,2017-05-17
07-22-19,1,서울특별시 도봉구 방학로17길 6,서울특별시 도봉구 방학제3동 567-3,127.023063,37.661761,2007-09-22,벽부등,02-2091-4083,서울특별시 도봉구청,2017-05-17
07-22-20,1,서울특별시 도봉구 방학제3동 468-2,서울특별시 도봉구 방학제3동 468-2,127.023406,37.661607,2007-09-23,한전주,02-2091-4083,서울특별시 도봉구청,2017-05-17
