등번호,위도값,경도값
천호3동470,37.540731,127.1317912
천호3동471,37.5404859,127.1315338
천호3동472,37.5403134,127.1313548
천호3동473,37.5401049,127.1311874
천호3동422,37.5416285,127.1399283
천호3동423,37.5420892,127.1400928
천호3동424,37.5421901,127.1403293
천호3동425,37.5422609,127.1401587
천호3동426,37.5424684,127.1401903
천호3동427,37.5426376,127.1399168
천호3동428,37.5425686,127.1403476
천호3동429,37.5425075,127.1406085
천호3동430,37.5424024,127.1410284
천호3동431,37.5423412,127.1412894
천호3동432,37.5422211,127.1408834
천호3동433,37.5420765,127.1408285
천호3동434,37.5416971,127.1406857
천호3동435,37.5416042,127.140302
천호3동436,37.5415794,127.1406079
천호3동437,37.541444,127.1405868
천호3동438,37.5423242,127.1327912
천호3동439,37.5421987,127.1328719
천호3동440,37.5420978,127.1326354
천호3동441,37.5420016,127.1330326
천호3동442,37.5418647,127.1327965
천호3동443,37.541728,127.1325831
천호3동444,37.541637,127.1324597
천호3동445,37.5415005,127.1322689
천호3동446,37.5413302,127.1323954
천호3동447,37.5413424,127.1328365
천호3동449,37.5416411,127.1330141
천호3동450,37.5413795,127.1329719
천호3동451,37.5411352,127.1328389
천호3동452,37.5409999,127.1328179
천호3동453,37.5408005,127.1326617
천호3동454,37.5405021,127.1325181
천호3동455,37.5404372,127.1322699
천호3동456,37.5403484,127.1324407
천호3동457,37.5401947,127.1323745
천호3동458,37.540157,127.1321487
천호3동459,37.5402367,127.1319554
천호3동460,37.5403348,127.1318185
천호3동461,37.5404251,127.1318514
천호3동590,37.54155272,127.1328748
천호3동591,37.53816678,127.1332563
천호3동595,37.5424103,127.1347027
천호3동596,37.5419083,127.139993
천호3동597,37.5397206,127.1279443
천호3동488,37.5395116,127.1313754
천호3동489,37.5393123,127.1312306
천호3동490,37.5391313,127.1311308
천호3동492,37.538851,127.1309983
천호3동493,37.5388323,127.130908
천호3동494,37.5387816,127.1313612
천호3동495,37.5387374,127.1314748
천호3동496,37.5389712,127.1314156
천호3동497,37.5391522,127.1315153
천호3동498,37.5388042,127.1307499
천호3동499,37.5389944,127.1308835
천호3동500,37.5392453,127.1306995
천호3동501,37.539407,127.1306297
천호3동502,37.5396679,127.1305814
천호3동503,37.5397402,127.1306032
천호3동504,37.5398396,127.1306474
천호3동505,37.5399662,127.1307138
천호3동506,37.5400831,127.1306785
천호3동507,37.5401474,127.1308475
천호3동508,37.5402561,127.1309254
천호3동509,37.5403263,127.1306643
천호3동510,37.54041,127.1310142
천호3동511,37.5405553,127.1311709
천호3동512,37.5407639,127.1313609
천호3동513,37.5409272,127.1315061
천호3동514,37.5404541,127.1308892
천호3동515,37.5408156,127.1310321
천호3동516,37.5409697,127.1311548
천호3동517,37.5406066,127.1307969
천호3동518,37.5406781,127.1307168
천호3동519,37.5409048,127.1309066
천호3동520,37.5407308,127.1305352
천호3동521,37.5409089,127.1302502
천호3동523,37.5411644,127.1306773
천호3동524,37.5409622,127.1301364
천호3동525,37.5408622,127.1300244
천호3동526,37.5406086,127.1298463
천호3동474,37.5398696,127.1310431
천호3동475,37.5396612,127.1308984
천호3동476,37.5393378,127.1310266
천호3동477,37.5395191,127.1311716
천호3동478,37.5397093,127.1313052
천호3동479,37.5397643,127.1314403
천호3동480,37.5399717,127.1314606
천호3동481,37.5399456,127.1315853
천호3동482,37.5400456,127.1316973
천호3동483,37.5401995,127.1317974
천호3동484,37.5398133,127.1319716
천호3동485,37.5396234,127.1318833
천호3동486,37.5395954,127.1317478
천호3동487,37.5394235,127.1316593
천호3동462,37.5404899,127.1320769
천호3동463,37.5406521,127.1320864
천호3동464,37.5408976,127.132389
천호3동465,37.5409617,127.1325241
천호3동466,37.541167,127.1322615
천호3동467,37.5410672,127.1321608
천호3동468,37.5410123,127.1320596
천호3동469,37.5408582,127.1319256
천호3동612,37.5402896,127.1342632
천호3동613,37.5407558,127.133941
천호3동614,37.54279129,127.1351259
천호3동615,37.54057371,127.1301122
천호3동643,37.53846559,127.1319443
천호3동644,37.53971901,127.1350129
천호3동651,37.54046896,127.1311303
천호3동652,37.54126661,127.1368516
천호3동654,37.54159272,127.137285
천호3동655,37.54181508,127.1358879
천호3동656,37.53941432,127.1335612
천호3동657,37.54219602,127.1356567
천호3동659,37.54246606,127.1339118
천호3동661,37.53887475,127.1326522
천호3동662,37.53898511,127.1326609
천호3동663,37.53895911,127.1297048
천호3동664,37.53972232,127.1340879
천호3동665,37.54037043,127.1346265
천호3동527,37.5405084,127.1297004
천호3동528,37.5405832,127.1300616
천호3동529,37.540448,127.1300519
천호3동530,37.5404854,127.1302438
천호3동531,37.5405492,127.1303449
천호3동532,37.5404604,127.1305157
천호3동533,37.5403572,127.1299624
천호3동534,37.5402676,127.1300313
천호3동535,37.5402301,127.1298281
천호3동536,37.5401777,127.1300663
천호3동537,37.5400064,127.1300457
천호3동538,37.5399343,127.1300465
천호3동539,37.5398554,127.1303416
천호3동540,37.5397807,127.1299917
천호3동541,37.5396561,127.1301969
천호3동543,37.5393608,127.1304719
천호3동545,37.5396622,127.1298007
천호3동546,37.5398228,127.1295839
천호3동547,37.5391081,127.1304182
천호3동549,37.5393674,127.1301436
천호3동550,37.5399393,127.1295033
천호3동551,37.5400644,127.1293548
천호3동552,37.5403271,127.1295441
천호3동553,37.5403646,127.1297473
천호3동554,37.5404344,127.1294297
천호3동555,37.540325,127.1292612
천호3동556,37.5400991,127.1291733
천호3동557,37.5401521,127.1290256
천호3동558,37.5400429,127.1288797
천호3동559,37.5402229,127.128855
천호3동560,37.5421232,127.1311754
천호3동561,37.5420257,127.1314028
천호3동562,37.5418932,127.1317665
천호3동563,37.5417527,127.132266
천호3동564,37.5424035,127.1313192
천호3동565,37.5421812,127.1317179
천호3동566,37.5423901,127.1331752
천호3동567,37.5402891,127.1317285
천호3동568,37.5401712,127.131628
천호3동569,37.5393812,127.1357221
천호3동570,37.5379645,127.1280779
천호3동571,37.5429013,127.1365415
천호3동572,37.5416244,127.1344288
천호3동574,37.5423169,127.1391849
천호3동579,37.5396806,127.1335347
천호3동580,37.5413349,127.1342737
천호3동343,37.5426731,127.1349033
천호3동344,37.5429865,127.1358729
천호3동345,37.5427976,127.135909
천호3동347,37.5425736,127.1360813
천호3동348,37.5425565,127.136206
천호3동349,37.542504,127.1364216
천호3동350,37.5424039,127.136287
천호3동351,37.54218,127.1364819
천호3동352,37.5422596,127.136266
천호3동353,37.5422515,127.1363906
천호3동355,37.5420546,127.1365739
천호3동356,37.5423347,127.1366838
천호3동357,37.5424886,127.1367839
천호3동358,37.5426238,127.1367937
천호3동359,37.5427771,127.1368032
천호3동360,37.5429115,127.1366998
천호3동361,37.542864,127.1363609
천호3동362,37.542639,127.1363974
천호3동363,37.5432042,127.1372962
천호3동364,37.5428795,127.1372547
천호3동365,37.542896,127.1370508
천호3동310,37.5418082,127.1349133
천호3동311,37.5417531,127.1360116
천호3동314,37.541475,127.1361732
천호3동315,37.5413762,127.1362196
천호3동316,37.5414916,127.1359806
천호3동317,37.5413216,127.136141
천호3동318,37.5411595,127.1361542
천호3동319,37.5412962,127.1363676
천호3동320,37.5410535,127.1364496
천호3동321,37.5411095,127.1367093
천호3동322,37.5412799,127.1366055
천호3동324,37.5418168,127.1361014
천호3동325,37.541814,127.1357053
천호3동326,37.542021,127.1356803
천호3동666,37.53744257,127.1302566
천호3동667,37.53822495,127.1336072
천호3동668,37.5417068,127.1340632
천호3동669,37.54167873,127.1369343
천호3동670,37.54294257,127.1386962
천호3동671,37.54194549,127.1360975
천호3동672,37.53705765,127.134052
천호3동673,37.53696987,127.1339981
천호3동674,37.5368663,127.1339527
천호3동675,37.53675601,127.1338789
천호3동676,37.53665696,127.1338307
천호3동677,37.53654665,127.1337767
천호3동678,37.53645889,127.1337002
천호3동679,37.53636887,127.1336293
천호3동680,37.53626533,127.1335641
천호3동681,37.53618433,127.1334847
천호3동682,37.53613263,127.1333856
천호3동683,37.53610575,127.1332498
천호3동684,37.53599983,127.1333034
천호3동685,37.53592558,127.133224
천호3동598,37.5416551,127.1373932
천호3동600,37.5401764,127.1360297
천호3동601,37.5398088,127.1301272
천호3동602,37.540744,127.1298787
천호3동603,37.54114737,127.1307666
천호3동604,37.53911532,127.1310374
천호3동606,37.5418917,127.1338938
천호3동609,37.5400686,127.1323873
천호3동610,37.54194292,127.1324172
천호3동413,37.5427696,127.1394852
천호3동414,37.5426891,127.1395654
천호3동415,37.5423638,127.1394446
천호3동417,37.5421199,127.1393569
천호3동418,37.5417585,127.1392252
천호3동419,37.5413609,127.1390714
천호3동420,37.5413091,127.1393775
천호3동421,37.5416524,127.139498
천호3동366,37.5427967,127.137018
천호3동367,37.5427183,127.1373923
천호3동368,37.543124,127.1374216
천호3동369,37.5428997,127.13756
천호3동370,37.5425765,127.1377108
천호3동371,37.5423779,127.1376678
천호3동372,37.5421428,127.1375574
천호3동373,37.5424283,127.137158
천호3동374,37.5424541,127.1369993
천호3동375,37.542563,127.1370999
천호3동376,37.5423179,127.1368538
천호3동377,37.5422295,127.1370811
천호3동378,37.5420036,127.1369932
천호3동379,37.5419465,127.1371668
천호3동380,37.5418716,127.1374247
천호3동381,37.5417262,127.1372566
천호3동382,37.541876,127.1368023
천호3동384,37.5414546,127.13709
천호3동385,37.5413649,127.1371363
천호3동386,37.541476,127.1375537
천호3동388,37.5417636,127.1374486
천호3동389,37.5417481,127.1377882
천호3동390,37.5417407,127.1380146
천호3동391,37.5417161,127.1383544
천호3동392,37.5417085,127.1385469
천호3동393,37.541683,127.1387508
천호3동394,37.5416761,127.1390451
천호3동395,37.5416135,127.1391138
천호3동396,37.5413876,127.1390145
천호3동398,37.5419929,127.1392339
천호3동399,37.5421451,127.1391076
천호3동400,37.5421883,127.1388469
천호3동401,37.5421957,127.1386318
천호3동402,37.5423205,127.1384493
천호3동403,37.5424745,127.1385494
천호3동404,37.5423179,127.1380872
천호3동405,37.5423259,127.1379513
천호3동406,37.5428123,127.1379231
천호3동407,37.5430927,127.138067
천호3동408,37.5431624,127.137738
천호3동409,37.54305,127.1383957
천호3동410,37.5427726,127.1386591
천호3동411,37.5429358,127.1388044
천호3동412,37.5428663,127.139156
천호3동328,37.5423092,127.1356544
천호3동329,37.5425233,127.135369
천호3동330,37.5423873,127.1352461
천호3동331,37.5422526,127.1353155
천호3동332,37.5421447,127.1353394
천호3동333,37.541947,127.1354209
천호3동334,37.5418279,127.1351507
천호3동335,37.5420599,127.1348425
천호3동338,37.5422869,127.1350775
천호3동340,37.5419771,127.1346058
천호3동341,37.542102,127.1344346
천호3동342,37.5426077,127.1345872
천호2동988,37.54414437,127.1296969
천호2동989,37.54473206,127.1214204
천호3동,37.54081843,127.1308339
천호3동 658,37.53966367,127.136133
천호3동001,37.5378083,127.127661
천호3동002,37.5380614,127.1277712
천호3동003,37.5383323,127.1278473
천호3동004,37.5389983,127.127749
천호2동938,37.5472063,127.1227873
천호2동939,37.5471354,127.1229466
천호2동940,37.5470465,127.1231174
천호2동941,37.5419115,127.1220345
천호2동943,37.54599276,127.132546
천호2동944,37.5463225,127.1251176
천호2동946,37.5408613,127.1262337
천호2동947,37.5458482,127.1316754
천호2동949,37.54302521,127.1293979
천호2동950,37.542768,127.1294139
천호2동951,37.5433557,127.12969
천호2동952,37.54210397,127.1251898
천호2동953,37.5434614,127.1293606
천호2동954,37.5436141,127.1292909
천호2동955,37.543514,127.1291563
천호2동957,37.5417246,127.1296636
천호2동958,37.54652443,127.1324734
천호2동961,37.54045823,127.1222423
천호2동961,37.54045823,127.1222423
천호2동963,37.54332929,127.1294069
천호2동964,37.54254926,127.1300053
천호2동965,37.54246757,127.1305568
천호2동966,37.53963949,127.1232848
천호2동967,37.54188919,127.130089
천호2동968,37.54152199,127.1216783
천호2동969,37.54637245,127.133418
천호2동970,37.54280861,127.1212448
천호2동971,37.54385215,127.1291447
천호2동972,37.54313767,127.1210558
천호2동974,37.54564826,127.1324322
천호2동975,37.54200623,127.1217187
천호2동976,37.5421359,127.1226637
천호2동977,37.54906989,127.1282654
천호2동978,37.54543308,127.1314785
천호2동979,37.5451177,127.1273986
천호2동980,37.53953334,127.1277823
천호2동981,37.53947467,127.127884
천호2동982,37.5470593,127.1295124
천호2동983,37.54635222,127.1293329
천호2동984,37.54558843,127.131541
천호2동985,37.54565343,127.1318353
천호2동986,37.54309083,127.1227926
천호2동987,37.54307099,127.1223711
천호2동888,37.5475887,127.1318703
천호2동889,37.547327,127.1318167
천호2동890,37.5471915,127.131773
천호2동891,37.5474127,127.1312159
천호2동892,37.5474312,127.1312836
천호2동893,37.5477204,127.1314047
천호2동894,37.5480095,127.1315146
천호2동895,37.5481993,127.1315916
천호2동896,37.548197,127.1312747
천호2동897,37.5478541,127.1311995
천호2동898,37.5475558,127.1310785
천호2동899,37.5476169,127.1308062
천호2동900,37.547996,127.1308923
천호2동901,37.5483845,127.1310349
천호2동902,37.5484633,127.1307284
천호2동903,37.5481019,127.1305968
천호2동904,37.5478308,127.1304868
천호2동905,37.5477053,127.1305788
천호2동906,37.5478644,127.1301582
천호2동907,37.5479645,127.1302929
천호2동908,37.5482081,127.1303353
천호2동909,37.548389,127.1304237
천호2동910,37.5487319,127.1304877
천호2동911,37.548838,127.1302148
천호2동912,37.5485311,127.1301505
천호2동913,37.5483417,127.1301187
천호2동914,37.548125,127.1300647
천호2동915,37.5479357,127.1300442
천호2동916,37.5482762,127.1297913
천호2동917,37.5483301,127.129768
천호2동918,37.5487272,127.129854
천호2동920,37.5479387,127.1280071
천호2동921,37.5481984,127.1277891
천호2동922,37.5484045,127.1276396
천호2동923,37.5482869,127.1275731
천호2동924,37.548052,127.1274852
천호2동925,37.5484482,127.1274467
천호2동926,37.5483182,127.1281499
천호2동927,37.5487699,127.1283144
천호2동928,37.5491583,127.1284456
천호2동929,37.5493481,127.1285227
천호2동930,37.5491109,127.128118
천호2동931,37.5491634,127.1279137
천호2동932,37.542755,127.1288709
천호2동933,37.5426286,127.1288384
천호2동934,37.5417786,127.1235524
천호2동937,37.5479258,127.1250423
천호2동884,37.5477811,127.1323094
천호2동885,37.5479705,127.1323298
천호2동886,37.5479595,127.1320584
천호2동887,37.5477427,127.1319816
천호2동861,37.5473658,127.1334232
천호2동862,37.54714,127.133358
천호2동864,37.5469773,127.1332806
천호2동865,37.5468508,127.1332368
천호2동866,37.546598,127.1331718
천호2동867,37.5465359,127.133297
천호2동868,37.5464119,127.1335927
천호2동869,37.5464844,127.1336485
천호2동870,37.5467218,127.1328422
천호2동871,37.5468636,127.1325237
천호2동872,37.5470716,127.1326232
천호2동873,37.5473251,127.13279
천호2동874,37.5474787,127.1328448
천호2동875,37.5478196,127.1326371
천호2동876,37.5476298,127.1325714
천호2동877,37.5474401,127.1324944
천호2동879,37.5469789,127.1322734
천호2동880,37.5470141,127.1321598
천호2동881,37.5470939,127.1319778
천호2동882,37.5473564,127.1321446
천호2동883,37.547582,127.1321872
천호2동883,37.547582,127.1321872
천호2동830,37.5453237,127.1314212
천호2동831,37.5457212,127.1315637
천호2동832,37.5452918,127.1319874
천호2동833,37.545084,127.1319106
천호2동834,37.5448672,127.1318339
천호2동835,37.544842,127.1320831
천호2동836,37.5448983,127.132388
천호2동837,37.5451499,127.1322946
천호2동838,37.5449812,127.132636
천호2동839,37.5452237,127.1325201
천호2동840,37.545288,127.1326891
천호2동842,37.5454478,127.1323703
천호2동843,37.54587,127.1321957
천호2동844,37.5464689,127.1327659
천호2동845,37.5461889,127.1326786
천호2동846,37.5457823,127.1325249
천호2동847,37.5454325,127.1327327
천호2동848,37.5457119,127.1327521
천호2동849,37.5471884,127.1338101
천호2동850,37.5460287,127.1329408
천호2동851,37.5460914,127.1328948
천호2동852,37.5463625,127.1329935
천호2동853,37.5462043,127.1335498
천호2동854,37.5459507,127.1333717
천호2동855,37.5458421,127.1333051
천호2동856,37.5456065,127.1331267
천호2동857,37.5452438,127.132814
천호2동858,37.5467039,127.1340986
천호2동859,37.5470361,127.1339363
천호2동860,37.5472681,127.1336168
천호2동776,37.5461461,127.1292955
천호2동777,37.546489,127.1293707
천호2동778,37.5465163,127.1294043
천호2동779,37.5465452,127.1296643
천호2동780,37.5464476,127.1298691
천호2동781,37.5464048,127.1301752
천호2동782,37.5463535,127.1305492
천호2동783,37.546319,127.1307533
천호2동784,37.5462472,127.1307994
천호2동785,37.5461208,127.1307669
천호2동786,37.5457142,127.1306019
천호2동787,37.5474696,127.1303778
천호2동788,37.5471627,127.1303135
천호2동789,37.5468197,127.1302269
천호2동790,37.5465997,127.1309424
천호2동791,37.5466333,127.1306139
천호2동792,37.5469854,127.1307003
천호2동793,37.5473103,127.1307758
천호2동794,37.5471329,127.1311513
천호2동795,37.5469522,127.1310855
천호2동797,37.5460061,127.1310964
천호2동798,37.5457402,127.1316993
천호2동799,37.5455718,127.1320747
천호2동801,37.5460357,127.1314356
천호2동802,37.5461963,127.1312187
천호2동803,37.5462663,127.1309463
천호2동804,37.5465755,127.1313275
천호2동805,37.5463895,127.131771
천호2동806,37.5462832,127.1320099
천호2동807,37.5462033,127.1321805
천호2동808,37.5461679,127.1322715
천호2동809,37.5463397,127.1323487
천호2동810,37.5464992,127.1319847
천호2동811,37.5466497,127.1316209
천호2동812,37.5467566,127.1314499
천호2동813,37.5470282,127.1316278
천호2동813,37.5470282,127.1316278
천호2동814,37.546919,127.1314819
천호2동815,37.546768,127.1317779
천호2동816,37.5466707,127.132028
천호2동817,37.546656,127.1324808
천호2동818,37.5457804,127.1310311
천호2동819,37.5456824,127.1311794
천호2동820,37.5456628,127.1309646
천호2동823,37.5453831,127.1309226
천호2동824,37.5452743,127.130822
천호2동825,37.5451314,127.1309934
천호2동826,37.5450126,127.1307798
천호2동827,37.5449896,127.1313232
천호2동828,37.5449825,127.1315836
천호2동829,37.5453132,127.1312176
천호2동739,37.546958,127.1282109
천호2동740,37.547228,127.1281625
천호2동741,37.547381,127.1281381
천호2동742,37.5474746,127.1286123
천호2동743,37.5472289,127.128287
천호2동744,37.5472856,127.1286372
천호2동745,37.546693,127.128927
천호2동746,37.5469637,127.1289804
천호2동747,37.5472616,127.1290562
천호2동748,37.5475234,127.129121
천호2동749,37.5477034,127.1290963
천호2동751,37.5479694,127.129727
천호2동752,37.5476619,127.1295721
천호2동753,37.5474188,127.1295975
천호2동754,37.5472196,127.1294641
천호2동755,37.5469217,127.1293996
천호2동756,37.5467702,127.1296164
천호2동757,37.5466283,127.1287127
천호2동758,37.5465586,127.1290304
천호2동759,37.5461158,127.1288545
천호2동760,37.5457637,127.128768
천호2동761,37.5455202,127.1287369
천호2동762,37.545469,127.1291223
천호2동763,37.5454801,127.129405
천호2동764,37.5454981,127.1294048
천호2동765,37.5454376,127.1297563
천호2동766,37.5453947,127.1300398
천호2동767,37.5453604,127.1302891
천호2동768,37.5453617,127.1304589
천호2동769,37.5451546,127.1304726
천호2동771,37.5452027,127.1296685
천호2동772,37.5456135,127.1291658
천호2동773,37.545794,127.129209
천호2동774,37.545803,127.1292089
천호2동775,37.546128,127.1292957
천호2동720,37.546736,127.1274327
천호2동722,37.5464198,127.1273119
천호2동723,37.5460947,127.1272138
천호2동724,37.5458055,127.127104
천호2동725,37.5455345,127.1270053
천호2동726,37.5463848,127.1274594
천호2동727,37.5463417,127.1277202
천호2동728,37.5465227,127.1278312
천호2동729,37.5462631,127.1280606
천호2동731,37.5461932,127.1283556
천호2동732,37.5459053,127.1284156
천호2동733,37.5455634,127.1284874
천호2동734,37.54530567,127.1285418
천호2동735,37.5458971,127.1285288
천호2동736,37.5465623,127.1283061
천호2동737,37.5468408,127.128201
천호2동738,37.5468747,127.1279064
천호2동712,37.54636389,127.1268745
천호2동713,37.5466242,127.1269247
천호2동714,37.5468233,127.1270469
천호2동715,37.5471486,127.1271676
천호2동716,37.5475371,127.1273102
천호2동717,37.547477,127.1277183
천호2동718,37.5471255,127.1276997
천호2동719,37.5469077,127.1274986
천호2동666,37.5440118,127.1282339
천호2동668,37.5438612,127.1285864
천호2동669,37.5441777,127.1287412
천호2동670,37.5442506,127.1288535
천호2동671,37.5446119,127.1289738
천호2동672,37.5447657,127.1290625
천호2동673,37.5448322,127.1295257
천호2동674,37.5446605,127.1294485
천호2동675,37.5444433,127.1293265
천호2동676,37.5440362,127.1291049
천호2동677,37.54417196,127.1291849
천호2동678,37.5442926,127.1296565
천호2동679,37.5439664,127.1294226
천호2동680,37.5437944,127.1293114
천호2동681,37.5436708,127.1296524
천호2동682,37.5438694,127.1297066
천호2동683,37.5441776,127.129952
천호2동684,37.5440974,127.1300774
천호2동685,37.5443955,127.1301758
천호2동686,37.5442629,127.1305282
천호2동687,37.5441536,127.130371
천호2동688,37.544531,127.1302195
천호2동689,37.54460047,127.1307444
천호2동690,37.5443499,127.1313306
천호2동691,37.5441605,127.1312989
천호2동692,37.5443431,127.1316249
천호2동693,37.5438715,127.1312117
천호2동694,37.5441596,127.1311857
천호2동695,37.5441413,127.1311407
천호2동697,37.5440479,127.1307004
천호2동698,37.5439237,127.1309621
천호2동699,37.5438187,127.131382
천호2동700,37.5439821,127.1315499
천호2동701,37.5441909,127.1317625
천호2동702,37.54336,127.1315005
천호2동703,37.5433874,127.1315568
천호2동704,37.5436219,127.1315767
천호2동705,37.5437759,127.1316994
천호2동706,37.5440294,127.1318549
천호2동708,37.5444014,127.1322127
천호2동709,37.5437226,127.1318019
천호2동710,37.5456217,127.1266195
천호2동711,37.5460192,127.1267507
천호2동612,37.5433848,127.1263061
천호2동614,37.5433232,127.1265105
천호2동615,37.5433785,127.1266683
천호2동616,37.5433607,127.1267024
천호2동617,37.5435065,127.1269158
천호2동618,37.5438496,127.1270136
천호2동619,37.5439761,127.1270687
천호2동620,37.5440484,127.1270905
천호2동621,37.5440404,127.1272264
천호2동622,37.5442117,127.127247
천호2동623,37.5443555,127.1271888
천호2동624,37.5445904,127.1272766
천호2동625,37.5446363,127.1273892
천호2동626,37.5450058,127.1274075
천호2동627,37.54489856,127.1280008
천호2동628,37.5445861,127.1279217
천호2동629,37.5440983,127.1277463
천호2동630,37.5439349,127.1275897
천호2동631,37.5437638,127.127603
천호2동632,37.5436747,127.1277399
천호2동633,37.5436313,127.1279667
천호2동634,37.5435829,127.1275033
천호2동636,37.5433925,127.1273471
천호2동637,37.5434936,127.1276175
천호2동638,37.5433129,127.1275517
천호2동639,37.5432513,127.1277448
천호2동640,37.5432116,127.1272474
천호2동641,37.5429494,127.1283481
천호2동642,37.5427249,127.1284638
천호2동643,37.5429607,127.1286648
천호2동645,37.5432279,127.128243
천호2동646,37.54337577,127.1280916
천호2동648,37.5435522,127.1282279
천호2동649,37.5432502,127.1288199
천호2동653,37.5435657,127.1288388
천호2동654,37.54376277,127.1284883
천호2동655,37.5437873,127.1283383
천호2동656,37.5438826,127.127828
천호2동657,37.5441813,127.1280056
천호2동658,37.5443072,127.1279815
천호2동659,37.5444698,127.1280249
천호2동660,37.5446776,127.1281017
천호2동661,37.5449484,127.1281777
천호2동662,37.5448971,127.1285518
천호2동663,37.5446081,127.1284533
천호2동664,37.5444906,127.1284094
천호2동665,37.5442557,127.1283216
천호2동605,37.5431199,127.1258113
천호2동608,37.5433464,127.1259897
천호2동610,37.5434367,127.1260113
천호2동611,37.5434982,127.1257955
천호2동554,37.5417984,127.128667
천호2동555,37.541927,127.129005
천호2동556,37.5422151,127.1289677
천호2동557,37.5424762,127.128942
천호2동558,37.5424962,127.1292134
천호2동559,37.5422892,127.1292497
천호2동560,37.5420285,127.129332
천호2동561,37.542322,127.128808
천호2동562,37.5421509,127.1288213
천호2동563,37.5425638,127.1286128
천호2동564,37.5421402,127.1285951
천호2동565,37.5419508,127.1285634
천호2동566,37.5418245,127.1285422
천호2동567,37.5426162,127.1283859
천호2동576,37.5427674,127.1281125
천호2동577,37.5428831,127.1279188
천호2동578,37.5430727,127.1279619
천호2동591,37.5430783,127.1275092
천호2동592,37.54313345,127.1272114
천호2동597,37.5432357,127.1268623
천호2동603,37.542748,127.1254874
천호2동604,37.5428496,127.1258257
천호2동520,37.5435732,127.1310907
천호2동522,37.5434628,127.1307751
천호2동523,37.5437605,127.1308169
천호2동524,37.543867,127.1306007
천호2동525,37.5439544,127.1302375
천호2동526,37.544053,127.1301685
천호2동527,37.5437634,127.1299908
천호2동530,37.5435646,127.1299139
천호2동531,37.5433109,127.1297244
천호2동532,37.5431943,127.1297937
천호2동533,37.5429773,127.1296944
천호2동534,37.5429068,127.1299102
천호2동535,37.5428508,127.1296506
천호2동536,37.5427146,127.129505
천호2동537,37.5425529,127.1295748
천호2동538,37.542545,127.129722
천호2동539,37.5425662,127.1301518
천호2동540,37.5428822,127.1302386
천호2동541,37.5430996,127.1303946
천호2동542,37.5424768,127.1302547
천호2동543,37.5425141,127.130424
천호2동545,37.5427944,127.1305565
천호2동546,37.5428848,127.1305894
천호2동547,37.5428957,127.1308496
천호2동548,37.5430922,127.130621
천호2동549,37.5425072,127.1294848
천호2동550,37.5422553,127.129533
천호2동551,37.541976,127.1295476
천호2동552,37.5417775,127.1295046
천호2동553,37.5417732,127.1289275
천호2동407,37.5396581,127.12558
천호2동408,37.5393077,127.1257199
천호2동409,37.5396242,127.1258746
천호2동410,37.5397689,127.1259409
천호2동411,37.5400671,127.1260619
천호2동412,37.540302,127.1261383
천호2동413,37.5404555,127.1261818
천호2동414,37.5398664,127.1257247
천호2동416,37.5400704,127.125281
천호2동417,37.5401051,127.1250996
천호2동418,37.5392376,127.1259923
천호2동419,37.5392116,127.1261284
천호2동420,37.5388148,127.1260878
천호2동421,37.5384631,127.1260466
천호2동422,37.5381301,127.1260957
천호2동423,37.5387904,127.1264388
천호2동424,37.5390336,127.1264247
천호2동425,37.5392584,127.1263655
천호2동426,37.5391882,127.1266152
천호2동427,37.5394406,127.1266349
천호2동428,37.539055,127.1268884
천호2동429,37.5389931,127.1270475
천호2동430,37.5418696,127.1248979
천호2동431,37.5418172,127.1251135
천호2동432,37.5417381,127.1253861
천호2동434,37.5420634,127.1255181
천호2동435,37.5423992,127.1258423
천호2동435,37.5423992,127.1258423
천호2동435,37.5423992,127.1258423
천호2동457,37.5414289,127.126227
천호2동459,37.5409427,127.1262666
천호2동493,37.5415691,127.1293486
천호2동494,37.5414923,127.1299266
천호2동495,37.54185569,127.1298258
천호2동501,37.5422004,127.1306539
천호2동502,37.5422985,127.130517
천호2동503,37.5423735,127.1309122
천호2동504,37.5424358,127.1307983
천호2동505,37.5425528,127.1307856
천호2동506,37.54273273,127.131123
천호2동507,37.5429258,127.1312679
천호2동508,37.543077,127.1309946
천호2동509,37.5431837,127.130801
천호2동510,37.5432904,127.1306073
천호2동511,37.5434322,127.1302888
천호2동512,37.5433231,127.1301543
천호2동513,37.5432054,127.1300878
천호2동514,37.5431428,127.1313672
천호2동515,37.5432967,127.1314673
천호2동516,37.5433128,127.1312068
천호2동517,37.5430604,127.1311985
천호2동382,37.5410534,127.1193287
천호2동383,37.540884,127.1195684
천호2동385,37.5406441,127.1200238
천호2동386,37.53929283,127.1252078
천호2동387,37.5416325,127.1196614
천호2동388,37.54152615,127.1198113
천호2동389,37.5417416,127.1197846
천호2동390,37.5418958,127.1199186
천호2동391,37.5416816,127.1201927
천호2동392,37.5415456,127.1200811
천호2동394,37.5395057,127.1244729
천호2동395,37.5392838,127.1249168
천호2동396,37.5393125,127.1251541
천호2동398,37.53984685,127.125302
천호2동399,37.5395302,127.1253439
천호2동400,37.5396656,127.1253763
천호2동402,37.5398302,127.1244917
천호2동403,37.5399193,127.1243549
천호2동405,37.5393224,127.1252671
천호2동406,37.5393955,127.1254021
천호2동351,37.5401533,127.1218853
천호2동352,37.5400526,127.1216715
천호2동353,37.5399192,127.1218994
천호2동354,37.5399256,127.1215599
천호2동355,37.5397822,127.1216521
천호2동356,37.5395948,127.1219032
천호2동357,37.5397976,127.1213011
천호2동358,37.540192,127.1210249
천호2동359,37.5401854,127.1213531
천호2동360,37.5401049,127.1214333
천호2동361,37.5402862,127.1215783
천호2동362,37.5403915,127.1212036
천호2동363,37.5406604,127.1210081
천호2동364,37.5407492,127.120826
천호2동365,37.5408103,127.120565
천호2동366,37.540917,127.1203714
천호2동367,37.5408713,127.1202927
천호2동368,37.54071,127.1204078
천호2동369,37.5405049,127.1206931
천호2동370,37.5402807,127.1208315
천호2동371,37.5408879,127.1200888
천호2동372,37.5410715,127.1205506
천호2동373,37.5411965,127.1204021
천호2동374,37.5413766,127.1203773
천호2동375,37.541141,127.120199
천호2동376,37.5410142,127.12011
천호2동377,37.54125117,127.1199806
천호2동378,37.5413184,127.1198235
천호2동379,37.54121766,127.1197146
천호2동380,37.5412078,127.1194967
천호2동381,37.5412873,127.1192807
천호2동303,37.5414359,127.1223003
천호2동304,37.5415092,127.1224692
천호2동305,37.5417267,127.1226251
천호2동306,37.5414781,127.1231259
천호2동307,37.5414845,127.122775
천호2동308,37.5413487,127.1226974
천호2동309,37.5411856,127.1225635
천호2동310,37.5409962,127.1225431
천호2동311,37.54086,127.1224089
천호2동312,37.5406616,127.1223773
천호2동313,37.540544,127.1223221
천호2동314,37.5402638,127.1222009
천호2동315,37.5401292,127.1222704
천호2동316,37.5400588,127.1224975
천호2동317,37.5401763,127.1225527
천호2동318,37.5403926,127.1225615
천호2동319,37.5404927,127.1226848
천호2동320,37.5407723,127.1227268
천호2동321,37.5409068,127.1226347
천호2동323,37.5411527,127.1229939
천호2동324,37.5412632,127.1233095
천호2동325,37.5411642,127.1233333
천호2동326,37.5408027,127.1231791
천호2동327,37.5405946,127.1230683
천호2동328,37.5404228,127.1229798
천호2동329,37.5401239,127.1227796
천호2동330,37.5398711,127.1227147
천호2동332,37.5401354,127.1231077
천호2동333,37.5403246,127.1231054
천호2동334,37.5403067,127.1231283
천호2동335,37.5405612,127.1234195
천호2동336,37.5407409,127.1233495
천호2동337,37.5407962,127.1235186
천호2동338,37.540959,127.1236072
천호2동339,37.5411675,127.1237745
천호2동340,37.5412106,127.1235138
천호2동341,37.539694,127.1231241
천호2동342,37.539765,127.1229875
천호2동344,37.539845,127.1228282
천호2동345,37.5394929,127.1227418
천호2동346,37.5392667,127.1226086
천호2동347,37.5395708,127.1223108
천호2동348,37.53978,127.12258
천호2동349,37.5400297,127.1222263
천호2동350,37.5398296,127.1219797
천호3동304,37.5411583,127.1359958
천호3동305,37.5413094,127.1357112
천호3동307,37.5415518,127.1355952
천호3동308,37.5417492,127.1354798
천호3동309,37.5416843,127.1352202
천호2동290,37.540628,127.1214951
천호2동291,37.5408276,127.1216851
천호2동292,37.5410805,127.1217613
천호2동293,37.5409917,127.1219434
천호2동294,37.5411181,127.1219759
천호2동295,37.5410927,127.1221912
천호2동296,37.5408669,127.1221146
천호3동245,37.540693,127.1327422
천호3동247,37.5409022,127.1330114
천호3동248,37.5410299,127.1332249
천호3동249,37.5411379,127.1332123
천호3동250,37.5410674,127.1334281
천호3동251,37.5411404,127.1335518
천호3동252,37.5413276,127.133278
천호3동253,37.5415248,127.1331286
천호3동254,37.5418321,127.1332609
천호3동255,37.5420126,127.1332927
천호3동257,37.5422295,127.1333921
천호3동258,37.5422582,127.1336181
천호3동259,37.5423582,127.1337301
천호3동260,37.5422965,127.1339232
천호3동261,37.5422259,127.1341277
천호3동262,37.5420817,127.134118
천호3동263,37.5419476,127.1342667
천호3동264,37.5418217,127.1343021
천호3동266,37.541901,127.1340522
천호3동267,37.5419893,127.1338135
천호3동268,37.5417999,127.1337818
천호3동269,37.5417538,127.1336465
천호3동270,37.5417883,127.1334311
천호3동271,37.5415355,127.1333661
천호3동272,37.5414379,127.133571
천호3동273,37.5415026,127.1337852
천호3동274,37.5412252,127.1340487
천호3동275,37.5415052,127.1341473
천호3동276,37.5417924,127.1339969
천호3동278,37.5411914,127.1343659
천호3동279,37.5409765,127.1345495
천호3동280,37.5407906,127.1349929
천호3동281,37.5409612,127.1349117
천호3동282,37.541167,127.134717
천호3동283,37.5413297,127.1347943
천호3동284,37.5414719,127.1345211
천호3동285,37.5414912,127.1347019
천호3동286,37.5415213,127.135109
천호3동287,37.5414052,127.1352574
천호3동288,37.541225,127.1352595
천호3동289,37.5412418,127.1350896
천호3동290,37.5410805,127.1352159
천호3동291,37.5409637,127.1352625
천호3동293,37.5410742,127.1355894
천호3동295,37.540743,127.1358874
천호3동296,37.540764,127.1362945
천호3동297,37.5408807,127.1362253
천호3동298,37.5406747,127.1363974
천호3동299,37.5408378,127.1365313
천호3동302,37.5410759,127.1358157
천호3동303,37.5412291,127.1358252
천호2동297,37.5405142,127.121949
천호2동298,37.5403872,127.1218373
천호2동299,37.5404124,127.1215881
천호2동300,37.5402528,127.1219294
천호2동301,37.5412543,127.1221101
천호2동302,37.5413094,127.1222565
천호2동243,37.5429759,127.1209809
천호2동244,37.5433095,127.1209997
천호2동245,37.5434541,127.1210659
천호2동246,37.543633,127.1208827
천호2동247,37.5436343,127.1210638
천호2동248,37.543591,127.1213019
천호2동249,37.5439159,127.121366
천호2동251,37.5421679,127.1201644
천호2동252,37.5420893,127.1204934
천호2동254,37.5418931,127.1207673
천호2동255,37.5419936,127.1209585
천호2동256,37.541877,127.1210278
천호2동258,37.541924,127.1212875
천호2동259,37.5419442,127.1215815
천호2동260,37.5417719,127.1214364
천호2동261,37.5416628,127.1213019
천호2동262,37.5417247,127.121154
천호2동263,37.5415203,127.1211295
천호2동264,37.541588,127.1209406
천호2동265,37.5414444,127.1210215
천호2동266,37.541326,127.1208532
천호2동267,37.5415232,127.1207151
천호2동268,37.5416578,127.1206343
천호2동269,37.5418473,127.1206773
천호2동270,37.5419536,127.1204271
천호2동271,37.5410746,127.1209693
천호2동272,37.5410398,127.1211394
천호2동273,37.5411941,127.1212847
천호2동274,37.5412496,127.1214765
천호2동275,37.5414118,127.1214859
천호2동276,37.5416932,127.1217655
천호2동277,37.541769,127.1222625
천호2동278,37.5416869,127.1221277
천호2동279,37.5415798,127.1222647
천호2동280,37.5414599,127.1218927
천호2동281,37.54136,127.1217807
천호2동282,37.541124,127.1215571
천호2동283,37.5410152,127.1214566
천호2동284,37.5408244,127.1212551
천호2동285,37.5407872,127.1210971
천호2동286,37.5410028,127.1210041
천호2동287,37.540689,127.1212114
천호2동288,37.5406085,127.1213029
천호2동289,37.5405188,127.1213492
천호3동201,37.5402332,127.1351691
천호3동202,37.5404864,127.1352906
천호3동203,37.540577,127.1353575
천호3동204,37.5406552,127.1349719
천호3동205,37.5404397,127.1350649
천호3동206,37.5402772,127.1350328
천호3동207,37.5407091,127.1349486
천호3동208,37.5408153,127.1346871
천호3동209,37.540877,127.134494
천호3동210,37.5407615,127.1347217
천호3동211,37.5404987,127.1345097
천호3동212,37.5403355,127.1343758
천호3동213,37.5401749,127.1345927
천호3동214,37.5402014,127.1345131
천호3동215,37.5398051,127.1345403
천호3동216,37.5398305,127.1343251
천호3동217,37.5398377,127.134076
천호3동218,37.5399378,127.1342107
천호3동219,37.5400269,127.1340738
천호3동222,37.54067034,127.1343385
천호3동224,37.5409727,127.134029
천호3동225,37.5410089,127.1340512
천호3동226,37.5409087,127.1338939
천호3동229,37.5405192,127.1336268
천호3동230,37.5404019,127.1335943
천호3동231,37.5403117,127.133584
천호3동232,37.540167,127.1335178
천호3동233,37.5401426,127.1338688
천호3동235,37.539952,127.13369
천호3동236,37.5401734,127.1331556
천호3동237,37.5404627,127.133288
천호3동238,37.5406163,127.1333428
천호3동239,37.5407611,127.1334317
천호3동241,37.5406779,127.1331497
천호3동242,37.5406143,127.1330713
천호3동243,37.5403971,127.132938
천호3동244,37.540189,127.1328272
천호2동187,37.5425593,127.1243354
천호2동188,37.5423695,127.1242584
천호2동189,37.542243,127.1242146
천호2동190,37.5422954,127.1239877
천호2동191,37.5424132,127.1240768
천호2동192,37.5425487,127.1241205
천호2동193,37.5427839,127.1242422
천호2동194,37.5428272,127.1240041
천호2동195,37.5425646,127.1238374
천호2동196,37.5423207,127.1237497
천호2동197,37.542196,127.1239549
천호2동198,37.54215,127.1238196
천호2동199,37.5419602,127.1237426
천호2동200,37.5417795,127.1236769
천호2동204,37.54194849,127.1231019
천호2동205,37.54229,127.1232635
천호2동206,37.5426066,127.1234296
천호2동207,37.5427703,127.1236313
천호2동208,37.5429608,127.1237988
천호2동209,37.5429655,127.1232217
천호2동210,37.5427122,127.1230888
천호2동211,37.5423588,127.1228214
천호2동214,37.5423733,127.1223459
천호2동215,37.54217016,127.1222055
천호2동216,37.542473,127.1224127
천호2동217,37.5426452,127.1225578
천호2동218,37.5429261,127.1227695
천호2동219,37.5429311,127.1222263
천호2동220,37.5428041,127.1221146
천호2동222,37.5425863,127.1219021
천호2동223,37.5424589,127.1217339
천호2동224,37.5424392,127.1215078
천호2동225,37.5425461,127.1213368
천호2동226,37.5426794,127.1210863
천호2동227,37.5429523,127.1214339
천호2동228,37.54318,127.1217707
천호2동229,37.5433078,127.1219842
천호2동230,37.543481,127.1222651
천호2동231,37.5436954,127.1220136
천호2동232,37.5436498,127.1219349
천호2동233,37.5436207,127.1216637
천호2동234,37.5434312,127.1216206
천호2동235,37.5432964,127.1216675
천호2동236,37.543321,127.121339
천호2동237,37.54332,127.1212032
천호2동239,37.5426674,127.1206903
천호2동240,37.5426874,127.1209617
천호2동241,37.5428497,127.1209711
천호2동242,37.5430322,127.1212745
천호3동185,37.540192,127.1357014
천호3동186,37.5399751,127.1356134
천호3동187,37.5396677,127.1354698
천호3동188,37.53956,127.1355276
천호3동189,37.5393691,127.1352922
천호3동190,37.5395035,127.1351888
천호3동191,37.5394483,127.135031
천호3동192,37.5395184,127.13477
천호3동193,37.5396836,127.1351754
천호3동194,37.5398373,127.1352529
천호3동195,37.53963332,127.1350976
천호3동196,37.5399443,127.1350932
천호3동197,37.5399606,127.1348554
천호3동198,37.5397977,127.1347667
천호3동199,37.5400613,127.1350692
천호3동173,37.5398613,127.1360673
천호3동174,37.5401226,127.1360643
천호3동175,37.5403749,127.1360614
천호3동176,37.53994328,127.1358704
천호3동177,37.5403675,127.1362878
천호3동178,37.5404367,127.1358909
천호3동179,37.5401303,127.1358832
천호3동181,37.5396162,127.1358212
천호3동182,37.5405065,127.1355733
천호3동183,37.5403076,127.1354851
천호3동184,37.5400362,127.1353411
천호2동185,37.5434778,127.1242568
천호2동186,37.5427314,127.1244579
천호2동160,37.5443786,127.1230128
천호2동160,37.5443786,127.1230128
천호2동161,37.5441065,127.122767
천호2동162,37.5440389,127.1233789
천호2동163,37.5440184,127.1230396
천호2동164,37.5438366,127.1228267
천호2동166,37.5433936,127.1226282
천호2동167,37.5432427,127.1229355
천호2동168,37.5433611,127.1231039
천호2동169,37.5434789,127.123193
천호2동170,37.5437601,127.1234387
천호2동171,37.5441134,127.1236948
천호2동172,37.5442212,127.1236596
천호2동173,37.5444094,127.1235103
천호2동174,37.5441326,127.1238531
천호2동175,37.5438723,127.1239919
천호2동176,37.5437449,127.1238236
천호2동177,37.5435731,127.1237464
천호2동178,37.5432921,127.1235234
천호2동179,37.5431286,127.1233442
천호2동180,37.5431046,127.1237519
천호2동181,37.5432145,127.1239883
천호2동183,37.5433068,127.1242927
천호2동184,37.5431179,127.1243289
천호3동129,37.5390458,127.1329762
천호3동131,37.53878209,127.1329208
천호3동132,37.5386597,127.1331731
천호3동133,37.5385982,127.1333775
천호3동134,37.5391924,127.133314
천호3동135,37.5391485,127.1334729
천호3동138,37.5395916,127.1336828
천호3동139,37.539557,127.1338869
천호3동140,37.5393941,127.1337869
천호3동141,37.5392675,127.1337205
천호3동142,37.5391312,127.1335637
천호3동144,37.539198,127.1340721
천호3동145,37.5389627,127.133939
천호3동146,37.5385733,127.133672
천호3동147,37.5385291,127.1337856
천호3동148,37.5384413,127.1341035
천호3동149,37.5383535,127.1344213
천호3동150,37.5385806,127.1346676
천호3동151,37.5387342,127.1347224
천호3동152,37.5387976,127.134767
천호3동153,37.5388329,127.134676
천호3동154,37.5388761,127.1344153
천호3동155,37.5389747,127.1343462
천호3동156,37.5389821,127.1341199
천호3동157,37.5392714,127.1342523
천호3동158,37.5394334,127.1342278
천호3동159,37.539737,127.1338509
천호3동160,37.5396043,127.1341919
천호3동161,37.5395877,127.1343844
천호3동162,37.5393179,127.1344554
천호3동163,37.5390122,127.1345495
천호3동164,37.5391231,127.1349216
천호3동165,37.5392845,127.1348179
천호3동166,37.539362,127.1355639
천호3동167,37.5392369,127.1357011
천호3동168,37.5391757,127.1359621
천호3동169,37.5394649,127.1360719
천호3동170,37.5398265,127.1362375
천호3동171,37.5400789,127.1362572
천호3동172,37.5396534,127.1359792
천호2동132,37.5439186,127.1241611
천호2동133,37.5439193,127.1242629
천호2동134,37.5436775,127.1244581
천호2동135,37.5436959,127.1245032
천호2동136,37.5435801,127.1246856
천호2동137,37.5440596,127.1249516
천호2동138,37.5450428,127.1226542
천호2동139,37.545311,127.1223795
천호2동140,37.5454183,127.122265
천호2동141,37.5452901,127.1219836
천호2동142,37.5456638,127.1225564
천호2동143,37.5455031,127.122762
천호2동144,37.5455047,127.122977
천호2동145,37.5449343,127.1226102
천호2동146,37.5447072,127.1223639
천호2동147,37.5444072,127.1220053
천호2동148,37.5442527,127.121826
천호2동149,37.5440888,127.1216016
천호2동150,37.5439105,127.1218527
천호2동151,37.5437588,127.1220581
천호2동152,37.5435984,127.1222977
천호2동153,37.5436449,127.1224895
천호2동154,37.5437981,127.122499
천호2동155,37.5439581,127.1221916
천호2동156,37.5444268,127.1222201
천호2동157,37.5444104,127.1224353
천호2동158,37.5442571,127.1224257
천호3동075,37.5373351,127.1331657
천호3동076,37.54006521,127.1295936
천호3동077,37.5371313,127.133632
천호3동078,37.5373609,127.1342178
천호3동079,37.5375312,127.1341027
천호3동080,37.5375754,127.1339777
천호3동082,37.5376726,127.1337163
천호3동083,37.5378536,127.1338274
천호3동084,37.5377396,127.1342587
천호3동085,37.5380202,127.1344365
천호3동087,37.5381185,127.1343222
천호3동088,37.5381615,127.1340388
천호3동088,37.5381615,127.1340388
천호3동089,37.5382233,127.1338684
천호3동090,37.5383839,127.1336515
천호3동091,37.5383102,127.1334261
천호3동092,37.5382107,127.1333706
천호3동093,37.5380763,127.1334853
천호3동094,37.5377146,127.1333085
천호3동096,37.53802,127.1331692
천호3동097,37.5384245,127.1318179
천호3동098,37.538534,127.1319977
천호3동100,37.5386531,127.1322679
천호3동101,37.5389157,127.1324459
천호3동102,37.5390126,127.1321393
천호3동103,37.5391619,127.1336852
천호3동104,37.5388298,127.1317906
천호3동105,37.5384859,127.1315796
천호3동106,37.5386121,127.1315895
천호3동107,37.5391094,127.1318213
천호3동108,37.5393355,127.1319432
천호3동109,37.539634,127.1320981
천호3동110,37.5399053,127.1322308
천호3동111,37.5401239,127.1325451
천호3동112,37.5400534,127.1327722
천호3동113,37.5400437,127.1326705
천호3동114,37.5398628,127.1325821
천호3동116,37.5394651,127.1324056
천호3동117,37.53993946,127.1332906
천호3동118,37.5391938,127.132273
천호3동119,37.539006,127.1324675
천호3동120,37.539196,127.1325785
천호3동121,37.539404,127.1326779
천호3동122,37.5397838,127.1328659
천호3동123,37.53993618,127.1281196
천호3동124,37.5399478,127.1331129
천호3동125,37.539869,127.1334307
천호3동126,37.5397331,127.1333191
천호3동127,37.5396694,127.1332406
천호3동128,37.5393342,127.1329842
천호2동108,37.5452184,127.1244741
천호2동109,37.545002,127.124454
천호2동110,37.5449554,127.1242395
천호2동111,37.5448814,127.1239801
천호2동112,37.54550672,127.1237839
천호2동113,37.5448263,127.1238449
천호2동114,37.5446983,127.1235975
천호2동115,37.544588,127.1232932
천호2동116,37.54463367,127.1229026
천호2동117,37.5447927,127.1229513
천호2동118,37.5450705,127.1227557
천호2동120,37.5452808,127.1231606
천호2동121,37.5454446,127.1233737
천호2동122,37.5452569,127.1235796
천호2동123,37.5449398,127.123357
천호2동124,37.5450055,127.1237071
천호2동125,37.5455838,127.1239266
천호2동126,37.5453964,127.1241778
천호2동127,37.5446466,127.1239149
천호2동128,37.544485,127.1239847
천호2동130,37.5441976,127.1241126
천호2동131,37.5440718,127.1241593
천호3동067,37.5369117,127.1307152
천호3동039,37.53866195,127.1295516
천호3동040,37.53887807,127.1296623
천호3동041,37.5389063,127.129934
천호3동042,37.5388537,127.1301383
천호3동043,37.5388103,127.1303538
천호3동045,37.5383136,127.1314345
천호3동046,37.5380963,127.1312899
천호3동047,37.5382017,127.1309153
천호3동048,37.5380476,127.1307926
천호3동049,37.5379153,127.1311789
천호3동050,37.5377075,127.1311134
천호3동051,37.5377784,127.1309541
천호3동052,37.537893,127.130602
천호3동053,37.5377212,127.1305248
천호3동054,37.5376127,127.1304695
천호3동055,37.5375335,127.1307307
천호3동056,37.5374725,127.1310143
천호3동057,37.5372283,127.1308813
천호3동058,37.5373081,127.1307106
천호3동059,37.5373698,127.1305176
천호3동060,37.537387,127.1304042
천호3동061,37.5374474,127.1300527
천호3동063,37.5372767,127.1301113
천호3동064,37.5374724,127.1297696
천호3동065,37.5375068,127.1295542
천호3동005,37.5391248,127.1277928
천호3동006,37.5392243,127.1278482
천호3동007,37.5393508,127.127892
천호3동008,37.5395948,127.127991
천호3동009,37.5397212,127.1280235
천호3동010,37.5398297,127.1280788
천호3동011,37.5399838,127.1282015
천호3동012,37.5399481,127.1282472
천호3동013,37.5398769,127.1283725
천호3동014,37.5396869,127.1282615
천호3동015,37.5395604,127.1282177
천호3동016,37.5393796,127.1281406
천호3동017,37.5385506,127.1281276
천호3동018,37.5385339,127.1283089
천호3동019,37.54133763,127.1338475
천호3동022,37.5384552,127.1286379
천호3동023,37.538421,127.1288873
천호3동027,37.5383874,127.1292158
천호3동028,37.5382698,127.1291493
천호3동029,37.54252524,127.1313574
천호3동032,37.5379065,127.1287688
천호3동034,37.5379666,127.1283607
천호3동035,37.5376546,127.128817
천호3동036,37.5375549,127.1287389
천호3동037,37.5378635,127.1290408
천호3동038,37.53857192,127.1294892
천호1동239,37.5451799,127.1401026
천호1동240,37.5450444,127.1400589
천호1동241,37.5447371,127.1399266
천호1동242,37.5446671,127.1402103
천호1동243,37.5446945,127.1402666
천호1동244,37.5447346,127.1395758
천호1동245,37.5448771,127.1393479
천호1동246,37.5446681,127.1391126
천호1동247,37.5446124,127.1388869
천호1동248,37.5443321,127.1387544
천호1동249,37.5444238,127.1389683
천호1동250,37.544162,127.1389034
천호1동251,37.5440182,127.1389504
천호1동252,37.5441238,127.1386096
천호1동253,37.5442498,127.1385856
천호1동254,37.5438975,127.1384651
천호1동255,37.5436804,127.1383545
천호1동256,37.5434726,127.1382663
천호1동257,37.5429992,127.1388376
천호1동258,37.5433064,127.1389585
천호1동259,37.5434133,127.1387876
천호1동260,37.5436139,127.1391134
천호1동261,37.5438762,127.1392575
천호1동262,37.5439846,127.1392902
천호1동263,37.5441745,127.1393786
천호1동264,37.5444186,127.1395003
천호1동265,37.5445904,127.1395775
천호2동046,37.5462931,127.1235902
천호2동047,37.5464658,127.1237805
천호2동048,37.5466723,127.1236876
천호2동049,37.5468735,127.1240926
천호2동050,37.5471369,127.1243725
천호2동051,37.5473999,127.1245957
천호2동052,37.5474521,127.1243462
천호2동053,37.54134721,127.1229736
천호2동054,37.5473402,127.1250491
천호2동055,37.547041,127.1248036
천호2동056,37.54681222,127.1246885
천호2동057,37.5466332,127.1244915
천호2동058,37.5463698,127.1242117
천호2동106,37.5452826,127.1246205
천호2동107,37.5454621,127.1245278
천호2동059,37.5463779,127.1240871
천호2동060,37.5466033,127.1241071
천호2동061,37.5466583,127.1242309
천호2동062,37.5467762,127.1243314
천호2동063,37.5462252,127.1241455
천호2동064,37.5460974,127.1239206
천호2동065,37.546061,127.1238758
천호2동066,37.5462084,127.1243154
천호2동067,37.5461549,127.1243953
천호2동068,37.5463723,127.1245511
천호2동069,37.5465715,127.1246733
천호2동070,37.546456,127.124901
천호2동071,37.5467537,127.1249428
천호2동072,37.54864851,127.1304685
천호2동073,37.5470348,127.1251885
천호2동074,37.5474511,127.1254326
천호2동075,37.5472337,127.1252767
천호2동076,37.5472818,127.1256835
천호2동077,37.5470196,127.1255621
천호2동078,37.5467748,127.1253613
천호2동079,37.5466208,127.1252499
천호2동080,37.5465593,127.1254656
천호2동081,37.5465071,127.1257152
천호2동082,37.54943997,127.1276464
천호2동083,37.5467601,127.1258141
천호2동084,37.5469499,127.1258911
천호2동086,37.5460726,127.1254487
천호2동087,37.546225,127.125345
천호2동088,37.5462512,127.1252202
천호2동089,37.5462297,127.1247565
천호2동090,37.5463027,127.1248801
천호2동091,37.5459317,127.1246695
천호2동092,37.5460498,127.1248039
천호2동093,37.5461413,127.1249839
천호2동094,37.54578,127.1248636
천호2동095,37.5459799,127.1250876
천호2동096,37.5451434,127.1252898
천호2동097,37.5451333,127.1251428
천호1동214,37.5436414,127.1379362
천호1동215,37.5435956,127.1378349
천호1동216,37.5438374,127.1376397
천호1동217,37.5440281,127.1378412
천호1동218,37.5442288,127.1381784
천호1동220,37.544373,127.1381768
천호1동221,37.5442181,127.1379522
천호1동222,37.5447349,127.1383876
천호1동223,37.5447606,127.1382063
천호1동224,37.5446746,127.1387617
천호1동225,37.5449458,127.1388831
천호1동226,37.5453239,127.1388448
천호1동227,37.5453808,127.1392289
천호1동228,37.5452207,127.1395137
천호1동229,37.5453648,127.1395007
천호1동230,37.5454846,127.1398728
천호1동231,37.5453779,127.1400664
천호1동232,37.545541,127.1402003
천호1동233,37.545588,127.1404601
천호1동234,37.5458502,127.1405815
천호1동235,37.5455985,127.1406636
천호1동236,37.5454536,127.1405634
천호1동237,37.5452371,127.140532
천호1동238,37.545101,127.1404091
암사3동004,37.555618,127.13077
암사3동005,37.556008,127.1311163
암사3동006,37.5558187,127.1311072
암사3동007,37.5555305,127.1311218
암사3동008,37.5553044,127.1310113
암사3동009,37.5551518,127.1310923
암사3동010,37.5556228,127.1314264
암사3동010,37.5556228,127.1314264
암사3동011,37.5556163,127.131766
암사3동012,37.5549275,127.132453
암사3동013,37.5551078,127.1324623
암사3동014,37.5552699,127.1324491
암사3동015,37.5554502,127.1324583
암사3동016,37.5556664,127.1324558
천호1동266,37.5442879,127.1401015
천호1동267,37.5439175,127.13997
천호1동268,37.5438521,127.1396539
천호1동269,37.5437997,127.1398808
천호1동270,37.5434025,127.1397835
천호1동271,37.5432326,127.1399552
천호1동272,37.5430682,127.1396629
천호1동273,37.5430029,127.1393468
천호1동274,37.5426587,127.1403465
천호1동275,37.5430109,127.1404556
천호1동276,37.5433543,127.1405875
천호1동277,37.5435705,127.140585
천호1동278,37.54355939,127.1409095
천호1동279,37.5436587,127.1403237
천호1동280,37.5437283,127.1399721
천호1동281,37.542528,127.1409591
천호1동282,37.5427722,127.1410808
천호1동283,37.5431155,127.1412126
암사2동155,37.5498009,127.1239453
암사2동156,37.5496202,127.1238795
암사2동157,37.5494034,127.1238141
암사2동158,37.5491233,127.1237042
암사2동159,37.5487259,127.123573
천호2동098,37.5451313,127.1248712
천호2동099,37.545068,127.1248493
천호2동100,37.5447715,127.1249659
천호2동1000,37.54164403,127.1255936
천호2동1001,37.5415526,127.1258861
천호2동1002,37.5469879,127.1285954
천호2동1005,37.5481044,127.1297141
천호2동1008,37.54691527,127.1334501
천호2동1009,37.54750431,127.124138
천호2동101,37.5446007,127.1250132
천호2동1010,37.5433228,127.1227988
천호2동1011,37.54641968,127.1231177
천호2동1012,37.5477217,127.1303523
천호2동1014,37.54582808,127.1307493
천호2동1015,37.54353749,127.1305643
천호2동102,37.5444829,127.124924
천호2동1020,37.54275343,127.1201386
천호2동1021,37.54287487,127.1203311
천호2동1022,37.54410385,127.1211931
천호2동1023,37.54156746,127.1212682
천호2동1024,37.54746095,127.1309191
천호2동103,37.5443495,127.1251632
천호2동1030,37.54398404,127.1300643
천호2동1031,37.54131125,127.1228887
천호2동1032,37.5462282,127.1273779
천호2동104,37.5444807,127.1246298
천호2동105,37.5447594,127.1245473
천호1동286,37.5433955,127.1413
천호1동287,37.5437028,127.1414322
천호1동288,37.54391,127.1414185
천호1동289,37.5439261,127.1411581
천호1동290,37.5439698,127.1409652
천호1동291,37.5440849,127.1406923
천호1동292,37.5441459,127.1404087
천호1동293,37.5442073,127.1401817
천호1동294,37.544543,127.1404947
천호1동295,37.5445537,127.1407322
천호1동296,37.5446535,127.1408216
천호1동297,37.5447968,127.1406955
천호1동298,37.5448794,127.1409095
천호1동299,37.5449784,127.1408971
천호1동300,37.5452586,127.141007
천호1동302,37.5454305,127.1411069
천호1동303,37.5453604,127.1413793
천호1동304,37.5451255,127.1412915
천호1동305,37.5448002,127.1411707
천호1동306,37.544484,127.1410498
천호1동307,37.544405,127.141345
천호1동308,37.5446581,127.1414552
천호1동309,37.5448478,127.141521
천호1동310,37.5450376,127.141598
천호1동311,37.5453982,127.1416165
천호1동312,37.5452292,127.141924
천호1동316,37.5449953,127.1419833
천호1동317,37.5446701,127.1418625
천호1동318,37.5443267,127.1417306
천호1동319,37.5441934,127.1419811
천호1동320,37.5441274,127.1415745
천호1동321,37.5439934,127.1417344
암사2동160,37.548446,127.1247193
암사2동161,37.548717,127.1248067
암사2동163,37.548915,127.1247817
암사2동164,37.5492041,127.1248802
암사2동165,37.5494842,127.1249901
암사2동166,37.5496016,127.1250227
암사2동167,37.5497641,127.1250661
암사2동168,37.5498797,127.1248497
암사2동169,37.5500213,127.1245085
암사2동171,37.5501873,127.1250272
암사2동172,37.5497019,127.12518
암사2동173,37.5495692,127.1255097
암사2동179,37.5495073,127.1256689
암사2동185,37.5483403,127.1250487
암사2동186,37.5482266,127.1255028
암사2동188,37.5486198,127.1238459
암사2동189,37.5485673,127.1240615
암사2동190,37.5563522,127.1264719
암사2동191,37.5509804,127.1250406
암사2동193,37.5574903,127.1280658
암사2동194,37.55890617,127.1306448
암사2동195,37.55879148,127.1304805
암사2동196,37.55888631,127.1302742
암사2동198,37.55589609,127.1272132
암사2동199,37.55590946,127.1273406
암사2동200,37.55494478,127.1279076
암사2동202,37.55650329,127.1260118
암사2동203,37.55131414,127.1275591
암사2동206,37.55777386,127.1279606
암사3동001,37.5555664,127.1298878
암사3동002,37.5555417,127.1302049
암사3동003,37.555624,127.1303624
천호1동353,37.5468028,127.141476
천호1동354,37.5470092,127.1413604
천호1동355,37.5474051,127.141288
천호1동356,37.5475942,127.1412632
천호1동357,37.5479272,127.1412141
천호1동358,37.5479727,127.1412815
천호1동359,37.5479559,127.1414401
천호1동360,37.5482171,127.1414258
천호1동361,37.5483258,127.1415038
천호1동362,37.5482094,127.141607
천호1동363,37.5481665,127.1419017
천호1동364,37.5481335,127.1423208
천호1동365,37.5484042,127.1423856
천호1동366,37.5480554,127.1427404
천호1동367,37.5482449,127.1427722
천호1동368,37.5483531,127.1427823
천호1동369,37.5484265,127.1429738
천호1동370,37.5485696,127.1428251
천호1동371,37.5487406,127.1427892
천호1동372,37.5484913,127.1432108
암사3동017,37.5558376,127.1324538
암사3동018,37.5560088,127.1324518
암사3동019,37.5562161,127.1324608
암사3동020,37.5563972,127.1338168
암사3동021,37.5561623,127.133729
암사3동022,37.5558379,127.1337214
암사3동023,37.5558577,127.1339702
암사3동024,37.5555676,127.1337246
암사3동025,37.5552341,127.1337171
암사3동026,37.5548827,127.1337098
암사3동027,37.5550548,127.1338324
암사3동028,37.5550935,127.1341941
암사3동029,37.5550603,127.1345906
암사3동030,37.5550793,127.1347262
암사3동031,37.5548745,127.1350568
암사3동032,37.5550021,127.1352477
암사3동033,37.5550818,127.1350657
암사3동034,37.5552285,127.1354035
암사3동035,37.5553349,127.135176
암사3동036,37.555522,127.1348795
암사3동037,37.5553944,127.1346886
암사3동038,37.5555924,127.1346524
암사3동039,37.555598,127.1341883
암사3동040,37.5555965,127.1352182
암사3동041,37.5556323,127.1351838
암사3동042,37.5557114,127.1349113
암사3동043,37.55582447,127.134909
암사3동044,37.5559367,127.1349087
암사3동045,37.5563244,127.1349495
암사3동046,37.5564596,127.1349479
암사3동047,37.5565598,127.1350939
암사3동048,37.5563345,127.1350965
암사3동049,37.5562541,127.135188
암사3동050,37.5560822,127.1350881
암사3동051,37.555938,127.1350898
암사3동053,37.5556165,127.1354783
암사3동054,37.555583,127.1358295
암사3동055,37.555601,127.1358293
암사3동056,37.5555758,127.1360786
암사3동057,37.5556028,127.1360783
암사3동058,37.5555956,127.1363274
암사3동059,37.5550052,127.1369114
천호1동284,37.5431891,127.1414155
천호1동285,37.54338,127.1416396
천호1동396,37.5484622,127.1416833
천호1동397,37.5486333,127.14167
천호1동398,37.5489035,127.1416443
천호1동399,37.5490476,127.1416426
천호1동400,37.5491751,127.1418223
천호1동401,37.5492001,127.1415504
천호1동402,37.5490828,127.1415291
암사3동069,37.5555054,127.1375508
암사3동071,37.5548771,127.1378749
암사3동072,37.5550302,127.1378732
암사3동073,37.5551655,127.1378829
암사3동074,37.5554449,127.1379023
암사3동075,37.5556434,127.137934
암사3동076,37.5558508,127.1379543
암사3동077,37.5559579,127.1378172
암사3동078,37.5565362,127.1380369
암사3동079,37.5568428,127.1380674
암사3동080,37.5563814,127.1378123
암사3동081,37.5560726,127.1374877
암사3동082,37.5563782,127.137371
암사3동083,37.5563765,127.1371446
암사3동084,37.5563839,127.1369182
암사3동086,37.5563001,127.136557
암사3동087,37.5559936,127.1365379
암사3동060,37.5549973,127.1370586
암사3동061,37.5552007,127.1365357
암사3동062,37.5553296,127.136919
암사3동063,37.55536447,127.1372904
암사3동064,37.5555973,127.1365537
암사3동065,37.5555085,127.1367358
암사3동066,37.5555731,127.1369501
암사3동067,37.5555836,127.1371538
암사3동068,37.5556496,127.1375491
천호1동322,37.5464662,127.142272
천호1동323,37.5463918,127.141956
천호1동324,37.5464426,127.1415027
천호1동325,37.5467059,127.1417826
천호1동326,37.5467717,127.1421666
천호1동327,37.5468189,127.1424603
천호1동328,37.546941,127.1431379
천호1동329,37.5469296,127.1428099
천호1동330,37.5469099,127.1425838
천호1동331,37.5470992,127.1425929
천호1동332,37.5471326,127.1422304
천호1동333,37.547397,127.1426461
천호1동334,37.5474128,127.1423517
천호1동335,37.5473847,127.1421936
천호1동336,37.5472852,127.1421494
천호1동337,37.5475864,127.1426779
천호1동338,37.5477397,127.1426988
천호1동339,37.54783,127.1427204
천호1동340,37.547674,127.1423374
천호1동341,37.5478722,127.1423238
천호1동342,37.5478973,127.1420632
천호1동343,37.5479128,127.1417122
천호1동344,37.5477687,127.1417252
천호1동345,37.5475331,127.1415468
천호1동346,37.5474085,127.1417519
천호1동347,37.5475721,127.1419425
천호1동348,37.547158,127.1420038
천호1동349,37.5469781,127.1420398
천호1동350,37.5469316,127.1418479
천호1동351,37.5471203,127.1417779
천호1동352,37.5472899,127.1415496
천호1동417,37.5502298,127.1406558
천호1동418,37.5502048,127.1409277
천호1동419,37.5503001,127.140406
천호1동420,37.550102,127.1404196
천호1동421,37.5499498,127.1405572
천호1동422,37.5496444,127.1406852
천호1동423,37.5496196,127.1410023
암사3동088,37.5567687,127.1365629
암사3동089,37.55716635,127.1373871
암사3동090,37.5586112,127.1371529
암사3동091,37.5580816,127.1374306
암사3동092,37.5582819,127.1377226
암사3동093,37.5586064,127.1377302
암사3동094,37.5588767,127.1377384
암사3동095,37.5588696,127.1379875
암사3동096,37.5589625,127.1383712
암사3동097,37.5591533,127.1385954
암사3동098,37.5596716,127.1380009
암사3동099,37.5599241,127.1380319
암사3동100,37.5600219,127.1378497
암사3동101,37.5599928,127.1375671
암사3동102,37.5602556,127.1377678
암사3동103,37.56015,127.1381199
암사3동104,37.5602858,127.1382089
암사3동105,37.5605461,127.13807
암사3동106,37.5608805,127.138202
암사3동107,37.5613151,127.1384913
암사3동108,37.5616239,127.1388273
암사3동115,37.5606347,127.1366315
암사3동116,37.5607326,127.1364606
암사3동117,37.5607581,127.1362453
암사3동118,37.5606128,127.1360885
암사3동119,37.5604583,127.1359092
암사3동120,37.5600894,127.1359813
암사3동122,37.5598024,127.1361657
암사3동123,37.5596245,127.1364847
암사3동124,37.5593908,127.1365666
암사3동125,37.5595356,127.1366555
암사3동126,37.5597437,127.1367663
암사3동127,37.5602059,127.1371345
암사3동128,37.560505,127.1373687
천호1동373,37.5487167,127.1432308
천호1동374,37.5489332,127.1432623
천호1동375,37.5490775,127.143272
천호1동376,37.549258,127.1433152
천호1동377,37.5494836,127.1433692
천호1동378,37.5497183,127.1434231
천호1동379,37.5504949,127.1436632
천호1동380,37.5505106,127.1433348
천호1동381,37.5505713,127.1430059
천호1동382,37.5502648,127.1429868
천호1동383,37.5499675,127.1429902
천호1동384,37.5498686,127.1430253
천호1동385,37.5498064,127.1431505
천호1동386,37.5497781,127.1429697
천호1동387,37.5493993,127.1429288
천호1동388,37.5491198,127.142898
천호1동389,37.548957,127.1428093
천호1동390,37.5490731,127.1426722
천호1동391,37.5491163,127.1424114
천호1동392,37.54915,127.1420942
천호1동393,37.5489156,127.1420742
천호1동394,37.548636,127.1420321
천호1동395,37.5484467,127.142023
암사3동135,37.558733,127.1365629
암사3동136,37.5582375,127.1365686
암사3동137,37.5581239,127.1370566
암사3동138,37.5581555,127.136445
암사3동139,37.5579211,127.1364364
암사3동140,37.5577409,127.1364385
암사3동141,37.5575608,127.1364406
암사3동142,37.5573354,127.1364318
암사3동143,37.5571642,127.1364225
암사3동144,37.5582875,127.1360134
암사3동145,37.5587112,127.1360425
암사3동146,37.5590446,127.13605
암사3동147,37.5594049,127.1360345
암사3동148,37.5594559,127.1356151
암사3동149,37.5589333,127.1356098
암사3동150,37.5586719,127.1356015
암사3동151,37.5585368,127.1356031
암사3동152,37.5583029,127.135651
암사3동153,37.5586778,127.1351713
암사3동154,37.5588675,127.1352371
암사3동155,37.5589931,127.1351677
암사3동156,37.5591032,127.1354268
암사3동157,37.5588734,127.1348069
암사3동158,37.5583356,127.1351979
암사3동159,37.5584582,127.1347098
암사3동160,37.55851,127.1344036
암사3동161,37.5595134,127.133611
암사3동162,37.559281,127.1326403
암사3동163,37.5595806,127.1329538
암사3동164,37.5598997,127.1334594
암사3동165,37.559904,127.134048
암사3동166,37.5600513,127.1344764
암사3동168,37.5605693,127.1350816
암사3동169,37.5607252,127.135442
암사3동170,37.5607675,127.135068
암사3동171,37.5608766,127.1352026
암사3동172,37.5609767,127.1353372
암사3동173,37.5603264,127.1351297
암사3동174,37.560239,127.1355042
암사3동175,37.560303,127.1331605
암사3동176,37.5608079,127.1332112
암사3동177,37.5610797,127.1334005
암사3동178,37.561451,127.1336566
암사3동179,37.5617936,127.1336866
암사3동180,37.5621896,127.1336254
암사3동181,37.5626584,127.1336652
천호1동424,37.5495981,127.1405159
천호1동425,37.5493995,127.1404729
천호1동426,37.5491224,127.1407704
천호1동427,37.5491561,127.1404531
천호1동403,37.5489295,127.1415082
천호1동404,37.5487403,127.1415104
천호1동405,37.5485134,127.1412866
천호1동406,37.5485758,127.1411954
천호1동407,37.5488915,127.141237
천호1동408,37.549262,127.1413799
천호1동409,37.5494057,127.1413217
천호1동410,37.5495595,127.1413991
천호1동411,37.5498842,127.141452
천호1동412,37.5501368,127.1414944
천호1동413,37.5503894,127.1415367
천호1동414,37.5507232,127.1415895
천호1동415,37.5503922,127.1406766
천호1동416,37.5502926,127.1406098
암사3동204,37.5638281,127.1334366
암사3동205,37.56389,127.1332775
암사3동206,37.564401,127.1341545
암사3동207,37.5645105,127.1343343
암사3동208,37.5634901,127.1340292
암사3동209,37.5646165,127.1340501
암사3동210,37.5566964,127.130384
암사3동212,37.5572233,127.1309664
암사3동213,37.55748882,127.1311319
암사3동214,37.5577637,127.1309375
암사3동221,37.5594378,127.1368377
천호1동428,37.5489305,127.1404104
천호1동429,37.548597,127.1403916
천호1동430,37.5485631,127.1406862
천호1동431,37.5485462,127.1408449
천호1동432,37.5482721,127.1403161
천호1동433,37.5479667,127.1404554
천호1동434,37.5479768,127.1406024
천호1동435,37.5479972,127.1409304
천호1동436,37.547839,127.1402305
천호1동437,37.5475689,127.1402676
천호1동438,37.5473905,127.1405186
천호1동439,37.5473797,127.1402698
천호1동440,37.5470658,127.1404658
천호1동441,37.5471677,127.1408494
천호1동442,37.5472423,127.1411993
천호1동443,37.5467025,127.1413187
천호1동444,37.5466012,127.1410143
천호1동445,37.5463776,127.1412432
천호1동446,37.5461851,127.1407927
천호1동447,37.5459847,127.1405008
천호1동448,37.546138,127.1405103
천호1동449,37.5465698,127.1404149
천호1동450,37.5466085,127.1407765
천호1동451,37.5469386,127.1403201
천호1동452,37.54701,127.1402287
천호1동453,37.548001,127.1402174
천호1동454,37.5481079,127.1400464
천호1동455,37.5482233,127.1397961
천호1동456,37.5484283,127.1394882
천호1동457,37.5485532,127.1393283
천호1동458,37.548758,127.1389865
천호1동460,37.5487468,127.1386923
천호1동461,37.5486472,127.1386143
천호1동462,37.5487118,127.1388285
천호1동463,37.5484531,127.1391937
천호1동464,37.5483021,127.1394896
천호1동465,37.5489008,127.1388037
천호1동466,37.5490547,127.1388925
천호1동467,37.5491725,127.138993
천호1동468,37.5493546,127.1392512
천호1동469,37.5490208,127.1391985
천호1동470,37.5488222,127.1391442
천호1동471,37.5494259,127.1391372
천호1동472,37.5496339,127.139248
천호1동473,37.5497606,127.1393145
천호1동474,37.5500407,127.1394244
천호1동475,37.5502305,127.1395128
암사3동129,37.5597113,127.1372647
암사3동130,37.5594037,127.1370985
암사3동131,37.5589367,127.1373076
암사3동132,37.5589527,127.1370357
암사3동133,37.5589674,127.1365715
암사3동134,37.5591294,127.1365583
암사3동738,37.56017176,127.1349253
암사3동739,37.56477437,127.1342516
암사3동749,37.56017316,127.137619
암사3동753,37.55655315,127.1378387
천호1동476,37.5501865,127.1396491
천호1동477,37.5500062,127.1396398
천호1동478,37.5497536,127.1395975
천호1동479,37.5493025,127.1395234
천호1동480,37.549005,127.1394929
천호1동485,37.5486102,127.1397238
천호1동486,37.5489624,127.1398329
천호1동488,37.5496298,127.1399158
천호1동489,37.5497202,127.13996
천호1동490,37.5501079,127.1399895
천호1동491,37.5502151,127.1398638
천호1동492,37.5504236,127.1400425
천호1동493,37.5499387,127.1402744
천호1동494,37.5496861,127.140232
천호1동495,37.5493071,127.1401571
천호1동496,37.5490185,127.1401152
천호1동497,37.5487567,127.1400503
천호1동498,37.5485855,127.1400409
천호1동499,37.5470167,127.1399118
천호1동500,37.5469526,127.1397767
천호1동501,37.5469054,127.139483
천호1동502,37.5468769,127.1392797
천호1동503,37.5468749,127.1390081
천호1동504,37.5468093,127.138658
천호1동506,37.5472115,127.1394456
천호1동507,37.5473135,127.1398405
천호1동508,37.5474817,127.1394311
천호1동509,37.547662,127.1394404
천호1동510,37.5475165,127.139261
천호1동511,37.5473634,127.1392741
천호1동512,37.5474882,127.1390803
천호1동513,37.5474691,127.1389334
천호1동514,37.5472525,127.1388906
천호1동515,37.5476672,127.1389198
천호1동517,37.5473764,127.1385723
천호1동518,37.5470699,127.1385645
천호1동519,37.5476461,127.13849
천호1동520,37.5479619,127.1385542
천호1동521,37.5480764,127.1381908
천호1동523,37.5478597,127.1381254
천호1동524,37.5476524,127.1381164
천호1동525,37.5475339,127.1379367
암사3동182,37.5628304,127.1337764
암사3동183,37.5629663,127.1338654
암사3동184,37.5628343,127.1343084
암사3동184,37.5628343,127.1343084
암사3동185,37.563142,127.1344859
암사3동186,37.5634224,127.1346299
암사3동187,37.5633698,127.1348342
암사3동188,37.5637661,127.134807
암사3동189,37.5640268,127.1347248
암사3동190,37.564052,127.1344754
암사3동191,37.5642514,127.1346316
암사3동197,37.5639158,127.1343412
암사3동198,37.5635812,127.1341639
암사3동199,37.5633007,127.1340087
암사3동200,37.5631606,127.1333312
암사3동201,37.5593127,127.1382087
암사3동202,37.5573125,127.1382317
암사3동203,37.5637219,127.1336982
천호1동040,37.5429797,127.1337116
천호1동041,37.5429626,127.1338363
천호1동042,37.5428182,127.133804
천호1동043,37.5426469,127.1337833
천호1동044,37.5425117,127.1337849
천호1동045,37.5424468,127.1335254
천호1동046,37.5424274,127.1333445
천호1동047,37.5425271,127.1334226
천호1동048,37.5426084,127.1334556
천호1동049,37.5426056,127.134293
천호1동050,37.5426334,127.1344059
천호1동051,37.5429113,127.1342103
천호1동052,37.5431095,127.134208
천호1동053,37.5431288,127.1343775
천호1동054,37.54855525,127.1372327
천호1동055,37.5430779,127.1348081
천호1동535,37.5459526,127.1385547
천호1동537,37.5460111,127.1379316
천호1동538,37.5460576,127.1381348
천호1동539,37.5462836,127.138234
천호1동540,37.5463723,127.1380406
천호1동542,37.546725,127.1382176
천호1동543,37.5469397,127.1380001
천호1동545,37.5465691,127.137846
천호1동546,37.5464605,127.1377793
천호1동547,37.5465947,127.137642
천호1동548,37.5462162,127.137635
천호1동549,37.5461719,127.1377374
천호1동550,37.5462489,127.137182
천호1동551,37.5463485,127.1372487
천호1동553,37.5467268,127.1372217
천호1동554,37.5469056,127.1370273
천호1동555,37.5469162,127.1372535
천호1동526,37.547372,127.1379725
천호1동527,37.5473661,127.1384026
천호1동528,37.54735804,127.1382037
천호1동529,37.5469329,127.1383058
천호1동530,37.5469167,127.1385549
천호1동531,37.5467453,127.1385343
천호1동532,37.5466185,127.1384339
천호1동533,37.5465472,127.1385479
천호1동534,37.5462137,127.1385291
천호1동002,37.5426058,127.1318714
천호1동004,37.5425813,127.1322111
천호1동005,37.5424048,127.1327224
천호1동006,37.542533,127.1330038
암사3동222,37.5560091,127.1337195
암사3동223,37.5557027,127.133723
암사3동224,37.5554054,127.1337264
암사3동225,37.5610155,127.1357103
암사3동226,37.55916855,127.1356704
암사3동231,37.5561648,127.1365359
암사3동233,37.55753788,127.1375066
암사3동234,37.55780832,127.1373826
암사3동235,37.55562658,127.1365836
암사3동236,37.55636647,127.1376007
암사3동239,37.55916688,127.1371191
암사3동251,37.55647801,127.1365964
암사3동280,37.56363309,127.1336044
암사3동281,37.55706662,127.1379188
암사3동282,37.55552371,127.1339691
암사3동283,37.55512714,127.1279985
암사3동284,37.55529151,127.1280525
암사3동734,37.56428762,127.1344403
천호1동559,37.5466924,127.1374485
천호1동560,37.5470175,127.1375466
천호1동561,37.5472964,127.1374981
천호1동562,37.547173,127.137873
천호1동563,37.5473079,127.1378262
천호1동564,37.5475041,127.1375523
천호1동565,37.5477664,127.1376964
천호1동566,37.5478561,127.1376388
천호1동567,37.5478669,127.1378763
천호1동568,37.5480982,127.1374662
천호1동570,37.5477816,127.1373001
천호1동571,37.5474945,127.1374732
천호1동572,37.5476181,127.1371209
천호1동573,37.5478784,127.1369821
천호1동574,37.5481845,127.136956
천호1동575,37.5483034,127.1371923
천호1동576,37.5484583,127.1374282
천호1동577,37.5482458,127.1379399
천호1동578,37.5483976,127.137757
천호1동579,37.5486047,127.137732
천호1동580,37.5485947,127.1375963
천호1동581,37.548618,127.1370868
천호1동582,37.5485005,127.1370429
천호1동583,37.5482555,127.1368081
천호1동585,37.5482708,127.1364231
천호1동586,37.5481707,127.1362884
천호1동587,37.5479905,127.1362905
천호1동588,37.5477259,127.1358409
천호1동589,37.5475342,127.1355036
천호1동590,37.547633,127.1354572
천호1동591,37.5477332,127.1356145
천호1동592,37.5478791,127.1358504
천호1동593,37.5475259,127.1352448
천호1동007,37.5428129,127.1330798
천호1동008,37.5428748,127.1329093
천호1동010,37.54267487,127.1325118
천호1동011,37.5427265,127.1323566
천호1동012,37.54285764,127.1322265
천호1동013,37.5428959,127.1321057
천호1동014,37.5429938,127.1319461
천호1동015,37.5433552,127.1320777
천호1동016,37.5435373,127.1323359
천호1동017,37.5433864,127.1326432
천호1동018,37.5431158,127.132601
천호1동020,37.5429336,127.1323315
천호1동021,37.5433781,127.1327451
천호1동022,37.5432794,127.1327915
천호1동023,37.5431913,127.1330754
천호1동024,37.5430462,127.1329413
천호1동025,37.5429858,127.1333041
천호1동026,37.5434788,127.1329589
천호1동027,37.543598,127.1332405
천호1동028,37.5437095,127.1336918
천호1동029,37.5438706,127.1323207
천호1동030,37.5441695,127.1325322
천호1동031,37.5444686,127.1327664
천호1동032,37.5439545,127.1339266
천호1동033,37.5434307,127.1337629
천호1동034,37.5433336,127.134047
천호1동035,37.5431441,127.1340039
천호1동036,37.5431254,127.1339136
천호1동037,37.5432707,127.1340703
천호1동038,37.5432858,127.1336741
천호1동039,37.5431683,127.1336189
천호1동626,37.5474491,127.1349614
천호1동627,37.54907087,127.1412283
천호1동628,37.5442705,127.1389588
천호1동629,37.5488699,127.1395058
천호1동630,37.5472938,127.1396031
천호1동632,37.54458995,127.1418111
천호1동633,37.54448637,127.1417826
천호1동634,37.54359408,127.1343324
천호1동651,37.54358771,127.1398205
천호1동660,37.54744079,127.1387102
천호1동661,37.54530241,127.1393597
천호1동662,37.54521695,127.1392464
천호1동663,37.54411455,127.1400308
천호1동664,37.54364262,127.1371756
천호1동668,37.54782493,127.1357263
천호1동669,37.54427064,127.135601
천호1동670,37.54743539,127.1375475
천호1동671,37.54631833,127.1373955
천호1동672,37.54721466,127.1355894
천호1동673,37.54431686,127.1365375
천호1동674,37.5444362,127.1365745
천호1동057,37.5426898,127.1347221
천호1동059,37.5429033,127.1355796
천호1동060,37.5430312,127.1358158
천호1동061,37.5432198,127.1357344
천호1동062,37.5431184,127.1354187
천호1동063,37.5433337,127.1352918
천호1동064,37.543504,127.1351653
천호1동065,37.5435514,127.1354929
천호1동066,37.5435115,127.1349615
천호1동067,37.5436567,127.135107
천호1동068,37.5437207,127.1352307
천호1동069,37.5438227,127.1356256
천호1동070,37.5439818,127.1351938
천호1동071,37.5439805,127.135024
천호1동072,37.5439702,127.1348431
천호1동073,37.5439964,127.1347296
천호1동074,37.5440491,127.1345479
천호1동075,37.543977,127.1345488
천호1동076,37.5436717,127.1346881
천호1동077,37.5436275,127.1348018
천호1동078,37.5442357,127.1341837
천호1동079,37.544432,127.1339211
천호1동080,37.5449597,127.1333945
천호1동081,37.5456476,127.1338166
천호1동082,37.5455943,127.133919
천호1동084,37.5451956,127.1336068
천호1동085,37.5457846,127.1340639
천호1동086,37.5458129,127.1342334
천호1동087,37.5460565,127.1342758
천호1동088,37.5461292,127.1343655
천호1동089,37.545977,127.1344917
천호1동090,37.5458059,127.134505
천호1동091,37.5455692,127.1341796
천호1동092,37.5455319,127.1340103
천호1동093,37.5453806,127.134261
천호1동094,37.5452916,127.1344204
천호1동095,37.5452653,127.1345113
천호1동096,37.5452854,127.1348053
천호1동097,37.5452966,127.1350994
천호1동098,37.5452072,127.1351909
천호1동099,37.5449915,127.1352726
천호1동100,37.5447304,127.1352983
천호1동558,37.5464343,127.1366593
천호2동017,37.5474676,127.1252174
천호2동018,37.5475841,127.1251368
천호2동019,37.5476101,127.1250007
천호2동020,37.5472011,127.1245188
천호2동021,37.5476451,127.1248532
천호2동022,37.547682,127.1249772
천호2동023,37.5479946,127.1246001
천호2동024,37.5478766,127.1244883
천호1동110,37.5444385,127.1360485
천호1동111,37.5444575,127.1361728
천호1동112,37.544495,127.1363761
천호1동113,37.5442332,127.1363112
천호1동114,37.5440901,127.1364599
천호1동115,37.5441271,127.136584
천호1동116,37.5441105,127.1367766
천호1동117,37.5439851,127.1368798
천호1동118,37.5439737,127.1365631
천호1동119,37.5435399,127.1363871
천호1동12,37.54258902,127.1327352
천호1동120,37.5432878,127.1364126
천호1동121,37.5433586,127.1362307
천호1동122,37.5433647,127.1358346
천호1동123,37.5430688,127.1360304
천호1동124,37.5430615,127.1362681
천호1동125,37.5430812,127.1364942
천호1동101,37.5443067,127.1352692
천호1동102,37.54419164,127.1357395
천호1동103,37.5440403,127.1358042
천호1동104,37.5439589,127.1357598
천호1동105,37.543797,127.135807
천호1동106,37.5436354,127.135888
천호1동107,37.5436456,127.1360463
천호1동108,37.5439354,127.1362467
천호1동109,37.5441054,127.1360863
천호1동594,37.5472708,127.1352237
천호1동595,37.5472455,127.1354503
천호1동597,37.5469669,127.1355554
천호1동598,37.5484862,127.1363188
천호1동599,37.5486407,127.1364981
천호1동600,37.5487776,127.1367341
천호1동601,37.5490853,127.1369117
천호1동602,37.5489972,127.1371843
천호1동603,37.5492225,127.137193
천호1동604,37.5493218,127.1372258
천호1동605,37.5494503,127.1375412
천호1동606,37.5492699,127.1375207
천호1동607,37.5489636,127.1375242
천호1동608,37.5488551,127.1374689
천호1동609,37.5487755,127.1376848
천호1동610,37.5489027,127.1378191
천호1동611,37.5492093,127.1378609
천호1동612,37.5494448,127.1380279
천호1동613,37.549617,127.1381618
천호1동614,37.549862,127.1383966
천호1동615,37.5501796,127.1387098
천호1동616,37.5499868,127.1382141
천호1동618,37.5500032,127.1379876
천호1동619,37.549786,127.1378542
천호1동620,37.5498845,127.1377739
천호1동621,37.5494581,127.1373714
천호1동622,37.5494197,127.1370549
천호1동623,37.5483032,127.1396367
천호1동624,37.5448664,127.1391217
천호1동625,37.5501631,127.1413922
천호2동038,37.5470517,127.1238189
천호2동039,37.5467626,127.1237092
천호2동040,37.5467792,127.1235166
천호2동041,37.5469136,127.1234132
천호2동042,37.5465429,127.1232477
천호2동043,37.5461525,127.1228562
천호2동044,37.5460388,127.1233102
천호2동045,37.5460933,127.1233662
천호1동126,37.543335,127.1367063
천호1동127,37.5432202,127.1370244
천호1동128,37.5435167,127.1369079
천호1동129,37.5437055,127.1368491
천호1동130,37.5437886,127.1371197
천호1동131,37.5439958,127.1371174
천호1동132,37.5442656,127.1370464
천호1동133,37.5443283,127.1369891
천호1동134,37.5445438,127.136896
천호1동135,37.5448403,127.1367682
천호1동136,37.5449661,127.1367214
천호1동137,37.545235,127.1365373
천호1동138,37.5452068,127.1363792
천호1동139,37.5450609,127.1361319
천호1동140,37.5448966,127.1358509
천호1동141,37.5452486,127.135926
천호1동142,37.5452187,127.1355303
천호1동143,37.5447149,127.1356493
천호1동144,37.5445918,127.1360581
천호1동145,37.5453702,127.1365357
천호1동146,37.5455404,127.136398
천호1동147,37.5457283,127.1362147
천호1동148,37.5458565,127.1365075
천호1동149,37.5459179,127.1362691
천호1동151,37.5459515,127.1359406
천호1동153,37.5454835,127.1360139
천호1동154,37.5455984,127.135707
천호1동155,37.5453639,127.1356757
천호1동157,37.5455332,127.1354135
천호1동158,37.5458849,127.1354547
천호1동159,37.5458686,127.1356926
천호1동160,37.5460493,127.1357584
천호1동162,37.5460795,127.1361881
천호1동163,37.5461816,127.1353721
천호1동675,37.54452083,127.13546
천호1동676,37.54640631,127.1353361
천호1동677,37.54512176,127.1378204
천호1동678,37.54580635,127.1360281
천호1동679,37.54451523,127.1383427
천호1동680,37.54494364,127.1360294
천호2동001,37.5485811,127.1234955
천호2동002,37.5485026,127.1238473
천호2동003,37.5484228,127.1240179
천호2동004,37.5483715,127.124392
천호2동005,37.5483017,127.1246984
천호2동006,37.5482579,127.1248686
천호2동007,37.5481712,127.1253223
천호2동008,37.5481274,127.1254926
천호2동009,37.547979,127.1261507
천호2동010,37.5479071,127.1261742
천호2동011,37.5477075,127.1259841
천호2동012,37.5474462,127.1259872
천호2동013,37.5475513,127.1255785
천호2동014,37.5477138,127.1256219
천호2동015,37.5479482,127.1256305
천호2동016,37.5475491,127.1252843
천호1동164,37.5462974,127.1351897
천호1동165,37.5464836,127.1347688
천호1동166,37.5465247,127.1354587
천호1동167,37.5463084,127.1354498
천호1동168,37.5463277,127.1356307
천호1동169,37.5464819,127.1357647
천호1동170,37.546249,127.1359598
천호1동171,37.5463935,127.1360034
천호1동172,37.5462963,127.1362648
천호1동173,37.5459423,127.1371402
천호1동174,37.5458689,127.13696
천호1동175,37.5456878,127.1368489
천호1동176,37.5454427,127.1365915
천호1동177,37.5451918,127.1367867
천호1동178,37.5450307,127.1369357
천호1동179,37.5449318,127.1369595
천호1동180,37.5449246,127.1372198
천호1동181,37.5449531,127.1374119
천호1동182,37.5450771,127.1371162
천호1동183,37.5452133,127.1372618
천호1동184,37.5453586,127.1374185
천호1동185,37.5451986,127.1377146
천호1동186,37.5457382,127.1375726
천호1동187,37.5458268,127.1373679
천호1동188,37.5457131,127.1378445
천호1동189,37.5456967,127.1380597
천호1동19,37.54592953,127.1366394
천호1동190,37.5456645,127.1385919
천호1동191,37.5455656,127.138627
천호1동192,37.5453633,127.1380635
천호1동193,37.5452297,127.1382801
천호1동194,37.5450843,127.138112
천호1동195,37.544984,127.1379434
천호1동196,37.5449375,127.1377516
천호1동197,37.5449277,127.1376385
천호1동198,37.5447108,127.1375505
천호1동199,37.5447799,127.1371423
천호1동200,37.544566,127.1374616
천호1동201,37.5444294,127.1372708
천호1동202,37.5445404,127.1376543
천호1동203,37.5444328,127.1377347
천호1동204,37.5442789,127.1376347
천호1동205,37.5441243,127.1374441
천호1동206,37.5439005,127.137639
천호1동207,37.5438273,127.1374927
천호1동208,37.5436815,127.1372681
천호1동209,37.5434121,127.1373844
천호1동210,37.5434853,127.1375419
천호1동211,37.5432862,127.1374198
천호1동212,37.5432972,127.1376912
천호1동213,37.5433537,127.1380301
천호2동025,37.5477409,127.1244107
천호2동026,37.5481274,127.1242817
천호2동027,37.5478285,127.1240702
천호2동028,37.5478809,127.1238432
천호2동029,37.5479593,127.1234801
천호2동030,37.54301411,127.1292479
천호2동031,37.5476881,127.1233588
천호2동032,37.5475706,127.1233149
천호2동033,37.5474618,127.1232257
천호2동034,37.5474,127.1233961
천호2동035,37.5473475,127.1236118
천호2동036,37.5473227,127.1239063
천호2동037,37.5475395,127.123983
암사2동110,37.5489546,127.1264788
암사2동111,37.5487559,127.1264133
암사2동112,37.5484114,127.1261343
암사2동113,37.5481691,127.1262617
암사2동114,37.5481659,127.1258317
암사2동115,37.5482923,127.1258641
암사2동117,37.5484992,127.1258164
암사2동118,37.5486347,127.1258601
암사2동121,37.5489418,127.1259697
암사2동122,37.5493031,127.12609
암사2동123,37.5495923,127.1261998
암사2동124,37.5497278,127.1262435
암사2동125,37.5500337,127.1261833
암사2동126,37.5498642,127.1264117
암사2동127,37.5501344,127.1263972
암사2동128,37.5501623,127.1265214
암사2동129,37.5500502,127.1259794
암사2동130,37.5498604,127.1259024
암사2동131,37.5496153,127.1256563
암사2동132,37.5502493,127.1260903
암사2동133,37.5501303,127.1258427
암사2동134,37.5502011,127.1256721
암사2동136,37.5505998,127.125973
암사2동138,37.5504521,127.1254994
암사2동139,37.5503163,127.1254105
암사2동140,37.5504404,127.1251374
암사2동141,37.5504132,127.1251151
암사2동142,37.5507469,127.1251452
암사2동143,37.5509552,127.1252898
암사2동144,37.5505919,127.124898
암사2동145,37.5506894,127.1246931
암사2동146,37.5508238,127.1245784
암사2동147,37.550932,127.1245998
암사2동148,37.551012,127.1244517
암사2동149,37.5507147,127.1244552
암사2동150,37.5508036,127.1242844
암사2동151,37.5504522,127.1242885
암사2동152,37.5501628,127.1241447
암사2동153,37.5501172,127.1240774
암사2동154,37.5500177,127.1240219
암사1동445,37.5508414,127.1330888
암사1동446,37.5509861,127.1331664
암사1동447,37.5513739,127.1332072
암사1동448,37.5515804,127.1331029
암사1동449,37.55136203,127.1331468
암사1동449(2),37.55131697,127.1331609
암사1동450,37.5511604,127.1335831
암사1동451,37.5511882,127.1336846
암사1동452,37.5510257,127.1336412
암사1동453,37.550773,127.1335876
암사1동454,37.5506015,127.1335443
암사1동455,37.5502849,127.1333895
암사1동456,37.5503043,127.1335704
암사1동458,37.5503253,127.1339775
암사1동459,37.550307,127.1339438
암사1동460,37.5501449,127.1339457
암사1동461,37.5498836,127.1339487
암사1동463,37.5495411,127.1339413
암사1동464,37.5491265,127.1339235
암사1동465,37.5490776,127.1334035
암사1동466,37.5489335,127.1334051
암사1동467,37.5493026,127.1333669
암사1동468,37.5495726,127.1333185
암사1동469,37.5491075,127.1337879
암사1동470,37.5488103,127.133814
암사1동471,37.5486926,127.1337361
암사1동473,37.5482683,127.1336278
암사1동474,37.54836,127.1338418
암사1동475,37.5483708,127.1340793
암사1동476,37.5481601,127.1336178
암사1동477,37.5479427,127.1334618
암사1동478,37.547964,127.133903
암사1동480,37.5477126,127.1340304
암사1동482,37.5476133,127.1339975
암사1동483,37.5478039,127.1341877
암사1동484,37.5479757,127.1342763
암사1동485,37.5480309,127.1344341
암사1동486,37.5479152,127.1346278
암사1동487,37.5482215,127.134613
암사1동488,37.5483668,127.1347697
암사1동489,37.5485205,127.1348472
암사1동490,37.5486844,127.1350716
암사1동491,37.5486235,127.1353666
암사1동492,37.5483969,127.1351881
암사1동493,37.5488197,127.1350927
암사1동495,37.5485891,127.1343597
암사1동496,37.5483362,127.1342834
암사1동497,37.5488235,127.1343797
암사1동498,37.5491143,127.1347158
암사1동499,37.549121,127.1343989
암사1동500,37.5489847,127.134242
암사1동501,37.5491375,127.134195
암사1동502,37.5492102,127.1342847
암사1동503,37.5495252,127.1342244
암사1동504,37.5496249,127.1343138
암사1동505,37.5498775,127.1343449
암사1동506,37.5492676,127.1347367
암사1동507,37.5494286,127.1345764
암사1동508,37.5495741,127.1347558
암사1동509,37.5497636,127.1347875
암사1동510,37.5502054,127.1348277
암사2동107,37.5493976,127.1266774
암사2동108,37.5491458,127.1267482
암사2동109,37.5491804,127.1265441
암사1동376,37.5505564,127.131089
암사1동377,37.5506538,127.1308502
암사1동378,37.5504193,127.1308302
암사1동379,37.55092,127.1315261
암사1동380,37.5511439,127.1313311
암사1동381,37.55087034,127.1317144
암사1동382,37.5507062,127.1318568
암사1동383,37.5509222,127.1318203
암사1동384,37.5510319,127.1320341
암사1동385,37.551233,127.1324279
암사1동386,37.5514524,127.1328554
암사1동387,37.5512539,127.1328124
암사1동388,37.5508471,127.1326361
암사1동389,37.5507575,127.132705
암사1동390,37.5505941,127.1325371
암사1동391,37.5506911,127.1322531
암사1동392,37.5502868,127.1324162
암사1동393,37.5504472,127.1321654
암사1동394,37.550176,127.132044
암사1동395,37.5500879,127.132328
암사1동397,37.5499266,127.132443
암사1동398,37.5499059,127.1320811
암사1동399,37.5500392,127.1318306
암사1동400,37.5497474,127.1325809
암사1동401,37.5495368,127.1321193
암사1동402,37.5492565,127.1319868
암사1동403,37.549444,127.1317582
암사1동404,37.5497335,127.1319133
암사1동405,37.5498032,127.1315843
암사1동406,37.5496857,127.1315404
암사1동407,37.5493875,127.1314194
암사1동408,37.5490261,127.1312878
암사1동410,37.5487306,127.1315402
암사1동411,37.5489651,127.1315714
암사1동412,37.5492541,127.1316699
암사1동413,37.5489409,127.1319565
암사1동415,37.5486693,127.1317785
암사1동416,37.5488345,127.1321953
암사1동417,37.5485996,127.1321075
암사1동419,37.5482499,127.1323379
암사1동420,37.5485205,127.1323801
암사1동421,37.5488007,127.1325013
암사1동422,37.5486857,127.1327856
암사1동423,37.5483782,127.1326307
암사1동424,37.5481617,127.1325992
암사1동425,37.547904,127.1331002
암사1동426,37.5478963,127.13327
암사1동427,37.54822,127.1331757
암사1동428,37.5484896,127.1330821
암사1동429,37.5486142,127.1328656
암사1동430,37.5489121,127.1329414
암사1동431,37.5490918,127.1328827
암사1동432,37.5490632,127.132668
암사1동433,37.549043,127.1323627
암사1동434,37.5491871,127.132361
암사1동435,37.549503,127.1324253
암사1동436,37.54946347,127.1328916
암사1동437,37.5493532,127.132891
암사1동438,37.5497052,127.1329662
암사1동439,37.5499752,127.1329291
암사1동441,37.5503073,127.1327555
암사1동442,37.5502368,127.1329713
암사1동443,37.5502829,127.1331066
암사1동444,37.550634,127.1330686
암사1동306,37.5521188,127.1377369
암사1동307,37.552168,127.1383022
암사1동308,37.5524306,127.1384802
암사1동309,37.5524288,127.1382313
암사1동310,37.5524346,127.1377898
암사1동311,37.55245403,127.1374831
암사1동312,37.5524037,127.1372583
암사1동313,37.5525912,127.1370297
암사1동314,37.5526191,127.1371426
암사1동316,37.5525401,127.1374265
암사1동318,37.5531326,127.1371254
암사1동319,37.5529806,127.1372969
암사1동320,37.5526941,127.1375492
암사1동321,37.5528209,127.1376269
암사1동322,37.5526433,127.1379911
암사1동323,37.5525611,127.1378336
암사1동324,37.5525735,127.1383088
암사1동325,37.5533595,127.1373491
암사1동326,37.5531729,127.1377134
암사1동327,37.5533886,127.137643
암사1동328,37.5535284,127.1370416
암사1동329,37.5537032,127.1363039
암사1동330,37.55368583,127.135802
암사1동331,37.5540688,127.1357678
암사1동332,37.5541522,127.136095
암사1동333,37.5539815,127.1361536
암사1동334,37.5540455,127.1362887
암사1동335,37.5540381,127.1365038
암사1동336,37.5540399,127.1367528
암사1동337,37.5536431,127.1367007
암사1동338,37.5540342,127.1372055
암사1동339,37.5541608,127.1372607
암사1동340,37.5538736,127.1374224
암사1동341,37.553656,127.1372438
암사1동342,37.5540015,127.1376586
암사1동343,37.5544325,127.1374613
암사1동344,37.5545485,127.1360678
암사1동345,37.5544031,127.1358997
암사1동346,37.5501347,127.1301092
암사1동347,37.5498562,127.1302143
암사1동348,37.549586,127.1302401
암사1동349,37.5493806,127.1304801
암사1동350,37.5491275,127.1303812
암사1동351,37.5492355,127.1303573
암사1동352,37.5493246,127.1302205
암사1동353,37.5489762,127.130632
암사1동354,37.549256,127.1306966
암사1동355,37.5495547,127.1308855
암사1동356,37.5497513,127.1306569
암사1동359,37.5502454,127.1304588
암사1동360,37.5503371,127.1306728
암사1동361,37.5504898,127.1306031
암사1동362,37.5501938,127.1307876
암사1동363,37.5500951,127.1308453
암사1동364,37.5499156,127.1309493
암사1동365,37.549709,127.1310309
암사1동367,37.5494392,127.1311019
암사1동368,37.5491862,127.131003
암사1동369,37.5487974,127.1308264
암사1동370,37.5498458,127.1312556
암사1동371,37.5501259,127.1313656
암사1동372,37.550233,127.1312285
암사1동373,37.5503789,127.1314532
암사1동375,37.5506114,127.1312128
암사1동236,37.5531016,127.1341152
암사1동237,37.5528199,127.1338016
암사1동238,37.5527393,127.1338704
암사1동239,37.5527605,127.1343003
암사1동240,37.5529866,127.1344108
암사1동241,37.5531048,127.1345566
암사1동242,37.5527717,127.1345944
암사1동245,37.5531078,127.134964
암사1동246,37.5529347,127.1347057
암사1동247,37.5529176,127.1348417
암사1동248,37.5527181,127.1346629
암사1동249,37.552479,127.1340092
암사1동250,37.5524892,127.1341676
암사1동251,37.5525007,127.134507
암사1동252,37.5525199,127.1346652
암사1동253,37.5525219,127.1349368
암사1동254,37.5525948,127.1350491
암사1동255,37.5527843,127.1350922
암사1동256,37.5527141,127.135342
암사1동257,37.5529126,127.135385
암사1동258,37.5531743,127.1354386
암사1동259,37.5531996,127.1352006
암사1동260,37.5533433,127.135131
암사1동261,37.5535866,127.1351395
암사1동262,37.5538062,127.1355897
암사1동263,37.5535625,127.1355359
암사1동264,37.5525154,127.1352877
암사1동265,37.5522176,127.1352232
암사1동266,37.552153,127.135009
암사1동267,37.5521969,127.13485
암사1동268,37.5520785,127.1346816
암사1동269,37.55193017,127.1346869
암사1동270,37.5519556,127.1351244
암사1동271,37.551992,127.1351806
암사1동272,37.5519582,127.1357819
암사1동273,37.5519975,127.1359275
암사1동274,37.552017,127.136131
암사1동275,37.5520279,127.1363911
암사1동276,37.5520292,127.1365722
암사1동277,37.552058,127.1368095
암사1동278,37.5524098,127.1368621
암사1동279,37.5526524,127.1367687
암사1동280,37.5526589,127.1364291
암사1동281,37.5523231,127.1360935
암사1동282,37.552116,127.1361072
암사1동283,37.5526469,127.1360105
암사1동285,37.5524892,127.1353899
암사1동286,37.5523989,127.1353683
암사1동287,37.5534549,127.1356164
암사1동288,37.5534398,127.1360127
암사1동290,37.5534422,127.1363409
암사1동291,37.5534362,127.1367484
암사1동292,37.5533741,127.1368849
암사1동293,37.5532929,127.1368745
암사1동294,37.5531201,127.1366502
암사1동295,37.5530364,127.136289
암사1동296,37.5529267,127.1360752
암사1동297,37.5528541,127.1360081
암사1동298,37.5529879,127.1358255
암사1동299,37.5528399,127.1365289
암사1동300,37.5528337,127.1369138
암사1동302,37.5526899,127.136972
암사1동303,37.5520973,127.1372505
암사1동304,37.5521173,127.1375219
암사1동169,37.55412,127.1329264
암사1동170,37.5539309,127.1329399
암사1동171,37.5536157,127.1329662
암사1동172,37.5533097,127.1330037
암사1동173,37.5531109,127.1329268
암사1동174,37.5529654,127.1327474
암사1동175,37.5530754,127.1330064
암사1동176,37.5528322,127.1330205
암사1동177,37.5526704,127.1330677
암사1동178,37.5527218,127.1327049
암사1동179,37.5522916,127.1330268
암사1동180,37.5522708,127.1326422
암사1동182,37.5520382,127.1328713
암사1동183,37.5517296,127.1325693
암사1동185,37.5517417,127.1329879
암사1동187,37.5517712,127.1333271
암사1동188,37.5521431,127.1336623
암사1동189,37.552091,127.1339232
암사1동190,37.5522429,127.1337517
암사1동191,37.5523759,127.1334559
암사1동192,37.5524939,127.133579
암사1동193,37.5527187,127.1335085
암사1동194,37.5529623,127.1335623
암사1동195,37.5530145,127.1333014
암사1동196,37.5531873,127.1335257
암사1동197,37.5533148,127.1337053
암사1동198,37.5535768,127.1338042
암사1동199,37.5535337,127.134065
암사1동200,37.5536297,127.1336451
암사1동201,37.5536908,127.1333728
암사1동202,37.5538531,127.1333822
암사1동203,37.5539874,127.1332675
암사1동204,37.5540338,127.1334593
암사1동205,37.5540909,127.1338661
암사1동206,37.5539653,127.1339468
암사1동207,37.5542635,127.1340565
암사1동208,37.554256,127.1342603
암사1동209,37.55457967,127.1341881
암사1동210,37.5544641,127.1343824
암사1동211,37.5543118,127.1344974
암사1동212,37.554539,127.1347664
암사1동213,37.5544141,127.1349376
암사1동214,37.5542783,127.1348486
암사1동215,37.5542354,127.1351434
암사1동216,37.5540566,127.1353378
암사1동217,37.5540587,127.1356208
암사1동218,37.5542383,127.1355395
암사1동219,37.5544175,127.1354016
암사1동220,37.5543922,127.1356396
암사1동221,37.5539776,127.1356217
암사1동222,37.5539831,127.1351463
암사1동223,37.5539714,127.1347729
암사1동224,37.5540497,127.1343872
암사1동225,37.554003,127.1341727
암사1동226,37.5537684,127.1341302
암사1동227,37.5532711,127.1338869
암사1동228,37.5532373,127.1341929
암사1동229,37.553464,127.134394
암사1동230,37.5537616,127.1344245
암사1동231,37.5537537,127.1345717
암사1동232,37.5537099,127.1347533
암사1동233,37.5535735,127.1345738
암사1동234,37.5533223,127.1347352
암사1동235,37.5532132,127.1346006
암사1동104,37.5497494,127.1291744
암사1동105,37.5495164,127.1293469
암사1동106,37.5506034,127.1301264
암사1동107,37.55268114,127.1358709
암사1동108,37.5507775,127.1305205
암사1동109,37.5509585,127.1306316
암사1동110,37.5511048,127.1309242
암사1동111,37.5512403,127.1309679
암사1동112,37.5512877,127.1312842
암사1동113,37.55137,127.131453
암사1동114,37.5515944,127.1313259
암사1동115,37.5514933,127.1310668
암사1동116,37.5519602,127.130835
암사1동117,37.5519342,127.1309824
암사1동118,37.5523582,127.1310454
암사1동119,37.5523954,127.1312034
암사1동120,37.5526754,127.1313021
암사1동121,37.5527838,127.1313348
암사1동122,37.5530005,127.1314002
암사1동123,37.5531631,127.1314549
암사1동124,37.553425,127.131531
암사1동125,37.5534888,127.1316322
암사1동126,37.5536316,127.1314381
암사1동127,37.5538843,127.1314918
암사1동128,37.5542005,127.1316126
암사1동129,37.554445,127.1317795
암사1동130,37.5543932,127.1320857
암사1동131,37.554104,127.1319646
암사1동132,37.553926,127.1322722
암사1동133,37.553815,127.1318774
암사1동134,37.553608,127.1319137
암사1동135,37.5535659,127.1323103
암사1동136,37.5533854,127.1322672
암사1동137,37.553401,127.1319388
암사1동138,37.5533376,127.1319055
암사1동139,37.5531212,127.1318854
암사1동140,37.5528415,127.1318321
암사1동141,37.5524893,127.131723
암사1동142,37.5524903,127.1318588
암사1동143,37.5523084,127.1316232
암사1동144,37.5522443,127.1314881
암사1동145,37.5516326,127.1316197
암사1동146,37.5518307,127.1316061
암사1동148,37.5515894,127.1318805
암사1동149,37.5517068,127.1319131
암사1동150,37.5516906,127.1321623
암사1동151,37.5519974,127.1322266
암사1동152,37.5523105,127.1319174
암사1동153,37.5523483,127.1321547
암사1동154,37.552583,127.1322085
암사1동155,37.552773,127.1323195
암사1동156,37.552944,127.1322949
암사1동157,37.5531247,127.1323494
암사1동158,37.5532426,127.1324612
암사1동159,37.5534872,127.1326395
암사1동160,37.5540455,127.1325877
암사1동161,37.5543779,127.1324594
암사1동162,37.5544166,127.1328211
암사1동163,37.55454249,127.1332062
암사1동164,37.5546382,127.1335542
암사1동165,37.55435,127.1335689
암사1동166,37.5541697,127.1335596
암사1동167,37.5542481,127.1331852
암사1동168,37.55309051,127.1303999
암사2동015,37.5575655,127.128495
암사2동016,37.5577794,127.1281756
암사2동017,37.5579515,127.1282868
암사2동018,37.5581508,127.1284316
암사2동019,37.5582922,127.1280565
암사2동020,37.5580838,127.1279118
암사2동021,37.5578576,127.1277786
암사2동022,37.5575861,127.1276233
암사2동023,37.5577013,127.1273616
암사2동025,37.5556155,127.1292081
암사2동026,37.55556,127.1290163
암사2동027,37.5555042,127.1287793
암사2동028,37.5553854,127.1285543
암사2동029,37.5550874,127.1284559
암사2동030,37.5551092,127.127754
암사2동031,37.55605814,127.1273267
암사2동032,37.5555098,127.1283152
암사2동033,37.5555816,127.1282691
암사2동034,37.5555655,127.1285409
암사2동035,37.5557413,127.127939
암사2동036,37.55621,127.1279562
암사2동037,37.55646041,127.1281847
암사2동038,37.5562554,127.1267899
암사2동039,37.5562901,127.1266084
암사2동041,37.556181,127.1264739
암사2동042,37.5558739,127.1263756
암사2동043,37.5559617,127.1260576
암사2동044,37.5556479,127.1262763
암사2동045,37.5557255,127.1258001
암사2동046,37.555427,127.1256451
암사2동047,37.5556549,127.1260046
암사2동048,37.555458,127.1261767
암사2동049,37.5552409,127.126066
암사2동050,37.5555497,127.1263907
암사2동051,37.5554436,127.1266749
암사2동052,37.5553735,127.126936
암사2동053,37.5553123,127.127197
암사1동077,37.5528513,127.1307115
암사1동078,37.5528178,127.1310514
암사1동079,37.5525809,127.1307033
암사1동080,37.5526776,127.130374
암사1동081,37.5526668,127.1301251
암사1동082,37.5523684,127.1299815
암사1동083,37.5521152,127.1298599
암사1동084,37.5521902,127.1302552
암사1동085,37.5522986,127.1302878
암사1동086,37.5523983,127.1303772
암사1동087,37.552319,127.1306158
암사1동088,37.5520481,127.1305397
암사1동089,37.5516053,127.1303638
암사1동090,37.5515633,127.130783
암사1동091,37.5514762,127.1299579
암사1동092,37.5515551,127.1296627
암사1동093,37.5516915,127.1298309
암사1동094,37.5512225,127.1297684
암사1동095,37.5512692,127.1299942
암사1동096,37.5513793,127.1302646
암사1동097,37.5513077,127.1303333
암사1동098,37.550902,127.1303041
암사1동099,37.5508015,127.1301128
암사1동100,37.5505065,127.1291995
암사1동101,37.5500467,127.1291709
암사1동102,37.5501472,127.1293622
암사1동103,37.5498779,127.1294898
암사1동027,37.5504403,127.1287816
암사1동028,37.5505136,127.1289392
암사1동029,37.5505396,127.1288031
암사1동030,37.5505586,127.1289386
암사1동031,37.55063,127.1288473
암사1동032,37.550658,127.1289714
암사1동033,37.5507204,127.1288802
암사1동034,37.5507303,127.1290046
암사1동035,37.5507926,127.128902
암사1동036,37.5508839,127.1290594
암사1동037,37.550901,127.1289347
암사1동038,37.5510556,127.1291253
암사1동039,37.5511088,127.1290115
암사1동040,37.5512714,127.1290662
암사1동041,37.5512543,127.1291909
암사1동042,37.551416,127.1291211
암사1동043,37.5513988,127.1292458
암사1동044,37.5514802,127.1292788
암사1동045,37.5515514,127.1291648
암사1동046,37.5516067,127.1293339
암사1동047,37.5516599,127.1292088
암사1동048,37.5517061,127.1293667
암사1동049,37.5517322,127.1292419
암사1동050,37.5518407,127.1292859
암사1동051,37.5518055,127.1293995
암사1동052,37.5518958,127.1294324
암사1동053,37.55194,127.1293187
암사1동054,37.5520222,127.1294649
암사1동055,37.5520574,127.1293513
암사1동056,37.5522922,127.1294278
암사1동057,37.5526176,127.1295598
암사1동058,37.5528615,127.1296475
암사1동059,37.5530179,127.1300871
암사1동060,37.553241,127.1297903
암사1동061,37.5535572,127.1298998
암사1동062,37.5538937,127.1303259
암사1동063,37.5542357,127.1302654
암사1동064,37.5544933,127.1309867
암사1동065,37.554014,127.1307546
암사1동066,37.5538415,127.1305755
암사1동067,37.55202942,127.130548
암사1동068,37.5537611,127.1306783
암사1동069,37.553647,127.1310871
암사1동070,37.5534025,127.1309202
암사1동071,37.5532495,127.1309446
암사1동072,37.5532287,127.1305713
암사1동073,37.5532812,127.1303557
암사1동074,37.5534709,127.1304214
암사1동075,37.5542838,127.1328917
암사1동076,37.5530959,127.1308898
암사2동001,37.5575483,127.1298308
암사2동002,37.5576468,127.1297391
암사2동003,37.5577268,127.129591
암사2동004,37.5575546,127.1294572
암사2동005,37.5573284,127.1293353
암사2동006,37.5570837,127.1291345
암사2동007,37.557398,127.128995
암사2동008,37.5575144,127.1288918
암사2동009,37.5576865,127.1290143
암사2동010,37.5578949,127.1291703
암사2동011,37.5580184,127.128818
암사2동012,37.5576483,127.1287204
암사2동013,37.5572857,127.1284191
암사2동014,37.5564544,127.1281118
암사1동014,37.5504462,127.1283515
암사1동015,37.5504895,127.1281133
암사1동016,37.5498981,127.1285728
암사1동017,37.549881,127.1286975
암사1동018,37.5499705,127.128606
암사1동019,37.5499895,127.1287415
암사1동020,37.5500427,127.1286278
암사1동021,37.550125,127.1287852
암사1동022,37.5501512,127.1286718
암사1동023,37.5502244,127.1288294
암사1동024,37.5502776,127.1287156
암사1동025,37.5503499,127.1287374
암사1동675,37.5528951,127.1416439
암사1동676,37.5532215,127.1419117
암사1동677,37.5535038,127.1423273
암사1동678,37.5537315,127.1426642
암사1동679,37.5536405,127.1425407
암사1동680,37.55400881,127.142706
암사1동681,37.5541013,127.1427166
암사1동682,37.5543536,127.1427137
암사1동683,37.5529738,127.1413147
암사1동684,37.5527936,127.1413168
암사1동685,37.5545704,127.1378332
암사1동686,37.554345,127.1378131
암사1동687,37.5541107,127.1378045
암사1동688,37.5539033,127.1377843
암사1동689,37.5536419,127.1377759
암사1동690,37.5533175,127.1377684
암사1동691,37.5529943,127.1379305
암사1동692,37.5527983,127.1382384
암사1동693,37.5526646,127.1384436
암사1동694,37.5526104,127.1384216
암사1동695,37.5524773,127.1387061
암사1동696,37.552397,127.1388202
암사1동697,37.5523727,127.1391826
암사1동698,37.5524197,127.1394537
암사1동699,37.5524221,127.1397819
암사1동700,37.5524236,127.1399969
암사1동701,37.5524163,127.1402346
암사1동702,37.5524187,127.1405628
암사1동703,37.5524205,127.1408118
암사1동704,37.552432,127.1411512
암사1동705,37.5528203,127.1412599
암사1동706,37.55135357,127.1326602
암사1동707,37.5509831,127.132759
암사1동708,37.5487095,127.134811
암사1동709,37.5545521,127.1353321
암사1동710,37.5493411,127.1300166
암사1동711,37.5538113,127.1326018
암사1동713,37.5508833,127.1351141
암사1동714,37.5527951,127.1304179
암사1동715,37.5533581,127.1421139
암사1동716,37.5530854,127.1417888
암사1동717,37.549406,127.1302648
암사1동718,37.5524469,127.1296297
암사1동719,37.5512787,127.1349738
암사1동720,37.5516069,127.1392027
암사1동721,37.548637,127.1335217
암사1동722,37.5499398,127.1305642
암사1동723,37.5483368,127.1331291
암사1동724,37.55015974,127.1366217
암사1동725,37.55003787,127.1368223
암사1동730,37.54914567,127.1350469
암사1동026,37.5503147,127.1288509
암사2동080,37.5525972,127.1280209
암사2동081,37.5525418,127.1278291
암사2동082,37.5521984,127.1276973
암사2동084,37.5518099,127.1275547
암사2동085,37.5516472,127.1274887
암사2동086,37.5513667,127.1273335
암사2동087,37.5512227,127.1273578
암사2동088,37.5509696,127.1272476
암사2동090,37.5505989,127.1270708
암사2동091,37.5507848,127.126616
암사2동092,37.5509746,127.126693
암사2동093,37.5514263,127.1268575
암사2동094,37.5519141,127.1270216
암사2동095,37.5522303,127.1271424
암사2동096,37.552421,127.1273439
암사2동097,37.5526108,127.1274209
암사2동098,37.5527643,127.1274644
암사2동099,37.5530162,127.1274048
암사2동100,37.5533958,127.1275589
암사2동101,37.5536044,127.1277488
암사2동102,37.5537842,127.1276902
암사2동103,37.5501293,127.1269292
암사2동104,37.5500024,127.1268288
암사2동105,37.5498222,127.1268309
암사2동106,37.5496862,127.1267193
성내3동445,37.5316877,127.1334686
성내3동446,37.5278362,127.1329248
성내3동447,37.5340244,127.1363269
성내3동448,37.5277735,127.1354372
성내3동452,37.52473613,127.1303335
성내3동458,37.5328781,127.1373018
성내3동459,37.52374178,127.1332363
성내3동459,37.52374178,127.1332363
성내3동555,37.52498246,127.1316293
성내3동556,37.5247686,127.1315214
성내3동557,37.52984083,127.1318867
성내3동558,37.52757974,127.1315066
성내3동560,37.5273073,127.1308378
성내3동561,37.5314733,127.1334127
성내3동562,37.53143816,127.133612
성내3동563,37.52802651,127.1328225
성내3동570,37.52664015,127.1317736
성내3동571,37.52859211,127.1326283
성내3동572,37.52645068,127.1320052
성내3동573,37.53327315,127.1362882
성내3동574,37.52326848,127.1314735
성내3동575,37.52754361,127.1335938
성내3동577,37.53430618,127.1350767
성내3동578,37.53425417,127.1352576
성내3동580,37.52465828,127.1314703
성내3동581,37.52457663,127.129943
암사1동001,37.5543668,127.1297206
암사1동002,37.5539963,127.1295778
암사1동003,37.5536801,127.1294569
암사1동004,37.553373,127.1293586
암사1동005,37.5530838,127.1292488
암사1동006,37.5528038,127.1291502
암사1동007,37.5524785,127.1290295
암사1동008,37.54918006,127.1345207
암사1동009,37.5520723,127.1289324
암사1동010,37.5516748,127.1287899
암사1동011,37.5514218,127.1286909
암사1동012,37.5509879,127.1285036
암사1동013,37.5507439,127.1284046
성내3동407,37.533135,127.1342326
성내3동408,37.53299817,127.1344718
성내3동409,37.5338202,127.1342813
성내3동410,37.5338641,127.1341337
성내3동411,37.5339611,127.1338384
성내3동412,37.5337865,127.1345985
성내3동413,37.5339214,127.1345743
성내3동414,37.5341475,127.1346848
성내3동415,37.5343193,127.1347621
성내3동416,37.53455646,127.1348565
성내3동417,37.5341798,127.1354086
성내3동418,37.5341094,127.1356357
성내3동419,37.5340265,127.1353877
성내3동420,37.5338275,127.1352882
성내3동421,37.5336542,127.134996
성내3동422,37.533852,127.1349372
성내3동423,37.533602,127.1352455
성내3동424,37.533522,127.1354049
성내3동425,37.5334961,127.1355523
성내3동426,37.5335093,127.1361292
성내3동427,37.5338979,127.1362831
성내3동428,37.5339601,127.1361692
성내3동429,37.5340477,127.1358288
성내3동430,37.5336782,127.1358104
성내3동431,37.5338492,127.1370191
성내3동432,37.5337607,127.1372464
성내3동432,37.5337607,127.1372464
성내3동433,37.5337407,127.1369751
성내3동434,37.5336143,127.1369313
성내3동435,37.5333616,127.1368776
성내3동436,37.5331625,127.1367668
성내3동437,37.5331554,127.1370271
성내3동438,37.5330775,127.137458
성내3동439,37.5332394,127.1374221
성내3동441,37.5335198,127.137566
성내3동442,37.533719,127.1376995
성내3동443,37.5337121,127.1379938
성내3동444,37.5244438,127.1298641
암사2동054,37.5552474,127.1269375
암사2동055,37.5551175,127.1264297
암사2동056,37.5550572,127.1268152
암사2동057,37.5549638,127.1263635
암사2동058,37.5545641,127.1271491
암사2동059,37.5544182,127.1269132
암사2동060,37.5542721,127.1266546
암사2동061,37.5540986,127.1263397
암사2동062,37.5539528,127.126115
암사2동063,37.5538791,127.1259008
암사2동064,37.5538491,127.1255051
암사2동065,37.5538384,127.1252675
암사2동066,37.5538286,127.1251658
암사2동067,37.5545974,127.1279976
암사2동068,37.554263,127.1278657
암사2동069,37.5540553,127.1278002
암사2동070,37.5539331,127.1283335
암사2동071,37.5542132,127.1284321
암사2동072,37.5543572,127.1284191
암사2동073,37.5545017,127.1284627
암사2동074,37.5538246,127.1282782
암사2동075,37.5535445,127.1281796
암사2동076,37.5532102,127.1280477
암사2동077,37.5530657,127.1280041
암사2동078,37.5528755,127.1278818
암사2동079,37.5526676,127.1277824
암사1동731,37.54878349,127.1346332
암사1동732,37.54756518,127.134382
암사1동733,37.5512045,127.1383812
암사1동734,37.55010338,127.1366555
암사1동735,37.54894936,127.131363
암사1동736,37.55008949,127.1369837
암사1동739,37.55360083,127.1352841
암사1동740,37.55327738,127.1344913
암사1동741,37.55334025,127.1346668
암사1동742,37.55270106,127.130187
암사1동743,37.54949046,127.1329285
암사1동744,37.5506673,127.1359691
암사1동745,37.55056411,127.1316177
암사1동746,37.55104243,127.1368694
암사1동747,37.55084614,127.1390673
암사1동748,37.55162723,127.1336763
암사1동749,37.5533205,127.1301881
암사1동750,37.55208739,127.1310856
암사1동751,37.55013421,127.1333342
암사1동753,37.55098676,127.1401568
암사1동754,37.5498585,127.1341315
암사1동755,37.55337108,127.137233
암사1동755(1),37.55394497,127.1357176
암사1동756,37.55060765,127.1369082
암사1동756(1),37.55180802,127.1351365
암사1동757,37.55027037,127.1363927
암사1동757(1),37.55082617,127.1349282
암사1동758,37.55020748,127.136237
암사1동758(1),37.54878752,127.1350519
암사1동759,37.55343251,127.1367069
암사1동759(1),37.54853925,127.1354871
암사1동760,37.55074735,127.1368689
암사1동761,37.55314832,127.1370317
암사1동761(1),37.5523688,127.1332363
암사1동762,37.55272618,127.1298787
암사1동762(1),37.54940544,127.1344079
암사1동763,37.55058998,127.1385435
암사1동764,37.55183732,127.1390013
암사1동765,37.5490991,127.1344046
암사1동766,37.54894864,127.1320052
암사1동767,37.54913326,127.1340821
암사1동768,37.54936777,127.133859
암사1동769,37.55099599,127.132156
암사1동770,37.54991943,127.1320381
암사1동772,37.5525458,127.1300424
암사1동773,37.55077175,127.1371971
암사1동774,37.55053361,127.1366563
암사1동775,37.5504187,127.1366872
암사1동776,37.55002536,127.1359538
암사1동777,37.55336906,127.1370321
암사1동778,37.55365631,127.1360085
성내3동394,37.5329009,127.1367245
성내3동395,37.5330632,127.136734
성내3동396,37.5332567,127.1360868
성내3동397,37.5332021,127.1360196
성내3동398,37.5333187,127.135939
성내3동399,37.5331891,127.1354653
성내3동400,37.5332148,127.135284
성내3동401,37.5335829,127.1350987
성내3동402,37.5333205,127.1349546
성내3동403,37.5332304,127.1349556
성내3동404,37.5335329,127.1344317
성내3동405,37.5333611,127.1343431
성내3동406,37.5333263,127.1345133
암사1동647,37.5511927,127.1380078
암사1동648,37.5513896,127.1378245
암사1동649,37.5514059,127.1375866
암사1동650,37.5511898,127.1376118
암사1동651,37.551414,127.137462
암사1동652,37.5514122,127.1372131
암사1동653,37.5508498,127.1379325
암사1동655,37.5508973,127.1382715
암사1동656,37.5508268,127.1384874
암사1동658,37.550758,127.1389408
암사1동659,37.5509012,127.1388034
암사1동660,37.5508957,127.1392901
암사1동661,37.5510943,127.1393444
암사1동662,37.5512656,127.1393538
암사1동663,37.5514105,127.139454
암사1동664,37.5514999,127.1393511
암사1동665,37.5517114,127.1399485
암사1동666,37.5515414,127.1401089
암사1동667,37.5512159,127.1399542
암사1동668,37.5512903,127.1402702
암사1동670,37.5508756,127.140241
암사1동671,37.5509131,127.1404443
암사1동672,37.5517041,127.1401749
암사1동673,37.5516967,127.1404013
암사1동674,37.5520525,127.1409971
성내3동352,37.533104,127.1349232
성내3동353,37.5326989,127.1349731
성내3동354,37.5324299,127.1351572
성내3동355,37.5326343,127.1347589
성내3동356,37.532444,127.134614
성내3동357,37.5323292,127.1349321
성내3동358,37.5322196,127.1347297
성내3동359,37.5321665,127.1348661
성내3동360,37.532218,127.1345147
성내3동361,37.532084,127.1346747
성내3동362,37.5320314,127.134879
성내3동363,37.5320371,127.134415
성내3동364,37.5318476,127.1343832
성내3동365,37.5316294,127.1353475
성내3동366,37.5318647,127.1354919
성내3동367,37.5319348,127.1352195
성내3동369,37.5320906,127.1355798
성내3동370,37.5321713,127.1355223
성내3동371,37.5322328,127.1353066
성내3동372,37.5322626,127.1356796
성내3동373,37.5321753,127.1360653
성내3동374,37.531977,127.1360563
성내3동375,37.5317149,127.1359575
성내3동376,37.5323797,127.1356783
성내3동377,37.5323508,127.1354297
성내3동378,37.5324327,127.1355306
성내3동379,37.5326842,127.1354258
성내3동380,37.5327407,127.1357646
성내3동382,37.5327076,127.136161
성내3동384,37.5324376,127.1362094
성내3동385,37.53271,127.1364891
성내3동386,37.5327035,127.1368286
성내3동387,37.5325332,127.1369551
성내3동388,37.5324165,127.137013
성내3동389,37.5325164,127.137125
성내3동390,37.5327062,127.137202
성내3동391,37.5326992,127.1374736
성내3동392,37.5328346,127.1375173
성내3동393,37.5329666,127.1370745
암사1동577,37.550409,127.1355723
암사1동578,37.5505811,127.1356948
암사1동579,37.5506335,127.1354679
암사1동581,37.5502801,127.1364226
암사1동582,37.5505124,127.1361483
암사1동583,37.5507356,127.1358741
암사1동584,37.5503188,127.1367843
암사1동585,37.549987,127.1370031
암사1동586,37.5499974,127.1371954
암사1동587,37.5502403,127.1371473
암사1동588,37.550294,127.1370901
암사1동589,37.5504278,127.1369075
암사1동590,37.5506636,127.1371198
암사1동592,37.550459,127.137473
암사1동593,37.5504151,127.137632
암사1동594,37.5506402,127.1376068
암사1동595,37.5507825,127.1373561
암사1동596,37.5509538,127.1373655
암사1동597,37.5508737,127.1375135
암사1동598,37.5506955,127.1377759
암사1동599,37.551178,127.1372271
암사1동601,37.5509167,127.1372188
암사1동602,37.5505902,127.1369396
암사1동603,37.5508496,127.1366763
암사1동604,37.5509654,127.1364939
암사1동605,37.5506674,127.1364068
암사1동606,37.5505959,127.1364869
암사1동607,37.5509087,127.1361324
암사1동608,37.551097,127.1360058
암사1동609,37.5513582,127.1359914
암사1동610,37.5516103,127.1359659
암사1동611,37.5518894,127.1359287
암사1동612,37.5516045,127.136396
암사1동613,37.5514243,127.1363981
암사1동614,37.551227,127.1365362
암사1동615,37.5511722,127.1364236
암사1동616,37.5513095,127.1367276
암사1동617,37.5516065,127.1366789
암사1동618,37.5516174,127.1369278
암사1동619,37.5513841,127.1370663
암사1동620,37.551917,127.1372412
암사1동621,37.5518562,127.1375588
암사1동622,37.5518926,127.1376037
암사1동623,37.5516746,127.1373685
암사1동624,37.5516764,127.1376175
암사1동625,37.5516693,127.1378779
암사1동626,37.55110467,127.135636
암사1동627,37.5516172,127.1381388
암사1동628,37.5516731,127.1383984
암사1동629,37.5518985,127.1384185
암사1동630,37.5521383,127.1379291
암사1동631,37.5520577,127.1380092
암사1동632,37.5518227,127.13791
암사1동633,37.5518968,127.1381808
암사1동635,37.5519998,127.1387116
암사1동636,37.5516754,127.1387153
암사1동637,37.5516866,127.1390094
암사1동638,37.5519753,127.1390627
암사1동639,37.5522561,127.1392632
암사1동640,37.5521219,127.1394005
암사1동641,37.5518262,127.1396189
암사1동642,37.5516724,127.1395302
암사1동644,37.5514838,127.1383893
암사1동646,37.5511134,127.1382464
암사1동511,37.5503662,127.1346448
암사1동512,37.55040326,127.1344409
암사1동513,37.5503447,127.1341697
암사1동514,37.5505253,127.1342242
암사1동515,37.5506499,127.1340077
암사1동516,37.5509026,127.1340614
암사1동517,37.5509314,127.1342987
암사1동518,37.551184,127.1343524
암사1동519,37.5512349,127.1339104
암사1동520,37.5512648,127.1343062
암사1동521,37.5512857,127.1347021
암사1동522,37.5511416,127.1347151
암사1동523,37.5509813,127.1349659
암사1동524,37.5505481,127.134869
암사1동525,37.5513242,127.1350298
암사1동526,37.5516851,127.1351049
암사1동527,37.551835,127.1346505
암사1동528,37.5519139,127.1343553
암사1동529,37.55219187,127.1343196
암사1동530,37.5518142,127.1342772
암사1동531,37.5517933,127.1338814
암사1동532,37.5517828,127.1336778
암사1동533,37.5514856,127.1336925
암사1동534,37.5517789,127.1356131
암사1동537,37.5510663,127.1354968
암사1동538,37.5510687,127.135825
암사1동539,37.5508882,127.1357931
암사1동541,37.5505949,127.1351175
암사1동542,37.5506573,127.1350149
암사1동543,37.5509021,127.1352271
암사1동544,37.5512717,127.1352455
암사1동545,37.5504693,127.1351868
암사1동546,37.550217,127.1351897
암사1동547,37.5497745,127.1350477
암사1동548,37.5497582,127.1352856
암사1동549,37.5497056,127.1354899
암사1동550,37.5500301,127.1355088
암사1동551,37.5501925,127.1355295
암사1동552,37.5498972,127.1358159
암사1동553,37.5494762,127.1349154
암사1동554,37.549443,127.1353118
암사1동555,37.5492885,127.1351325
암사1동556,37.5489015,127.1351936
암사1동557,37.5488595,127.1356128
암사1동558,37.5489962,127.1358149
암사1동559,37.5491135,127.1358475
암사1동560,37.5493315,127.1360827
암사1동561,37.5490927,127.135463
암사1동562,37.5492098,127.1354503
암사1동563,37.5493279,127.1355848
암사1동564,37.5494187,127.1356856
암사1동565,37.5496274,127.1358869
암사1동566,37.5496292,127.1361358
암사1동567,37.55053514,127.1372816
암사1동568,37.5493973,127.1364554
암사1동569,37.5496596,127.1365882
암사1동569,37.5496596,127.1365882
암사1동570,37.5497337,127.1368703
암사1동571,37.5498766,127.1366988
암사1동572,37.5499561,127.1364716
암사1동573,37.5500539,127.1362894
암사1동574,37.5499623,127.1360867
암사1동575,37.5501508,127.135994
암사1동576,37.5501673,127.1357788
성내1동365,37.52609658,127.1283307
성내1동366,37.52599274,127.1285398
성내1동367,37.52615685,127.1288314
성내1동368,37.52637069,127.1289647
성내1동369,37.52661602,127.1291433
성내1동370,37.52678034,127.1292454
성내1동373,37.52614089,127.1248153
성내1동451,37.5309342,127.1269446
성내1동452,37.52734335,127.1272779
성내1동453,37.5272779,127.1273994
성내1동454,37.52945784,127.1278471
성내1동455,37.52964245,127.1279295
성내1동456,37.52865414,127.12743
성내1동457,37.5282772,127.1260548
성내1동458,37.52922309,127.1219129
성내1동459,37.53221688,127.1217084
성내1동460,37.53101894,127.1235054
성내1동462,37.52722305,127.130188
성내1동463,37.52752416,127.1267097
성내1동464,37.528726,127.1212276
성내1동465,37.52893306,127.123567
성내1동557,37.52896893,127.1237226
성내2동 155,37.53498376,127.1252402
성내2동001,37.5330812,127.122036
성내2동003,37.5334154,127.1221566
성내2동004,37.5336775,127.1222553
성내2동005,37.5335172,127.1225061
성내2동006,37.5332916,127.1224635
성내2동007,37.5329843,127.1223427
성내2동008,37.5335556,127.1228338
성내2동009,37.5336842,127.1231604
성내2동010,37.5338262,127.1228646
성내2동011,37.5339889,127.1229419
성내2동012,37.5340813,127.1232463
성내2동013,37.5338652,127.1232715
성내2동014,37.5342036,127.1227244
성내2동015,37.5340135,127.1226135
성내2동016,37.5337789,127.122571
성내2동017,37.5336799,127.1225834
성내2동018,37.5338222,127.1223329
성내2동019,37.5341652,127.122408
성내2동020,37.5344274,127.1225294
성내2동021,37.5345265,127.1225283
성내2동022,37.5347433,127.1226049
성내2동023,37.5350503,127.1226919
성내2동024,37.5352404,127.1228028
성내2동025,37.5355838,127.1229459
성내2동026,37.5352153,127.1230633
성내2동027,37.5348898,127.1229201
성내2동028,37.5347456,127.1229104
성내2동029,37.5345827,127.1228105
성내2동418,37.5342235,127.1278498
성내2동419,37.5340783,127.1277157
성내2동420,37.5339879,127.1276715
성내2동421,37.5336638,127.1277205
성내2동422,37.5336537,127.1275622
성내2동424,37.5331318,127.1276588
성내2동425,37.5330442,127.1279993
성내2동428,37.5335758,127.1280044
성내2동429,37.5337477,127.1280929
성내2동430,37.5337135,127.1283423
성내2동431,37.5339094,127.1280345
성내2동432,37.5341712,127.128088
성내2동433,37.5345238,127.1282536
성내2동434,37.5342466,127.1285397
성내2동435,37.534137,127.1283487
성내2동436,37.53396013,127.1282706
성내2동437,37.5344387,127.1289335
성내2동438,37.5342689,127.1291278
성내2동439,37.5341164,127.1292201
성내2동440,37.5341057,127.128994
성내2동441,37.5339532,127.1290749
성내2동442,37.5341585,127.1288236
성내2동443,37.5339148,127.1287586
성내2동444,37.5337968,127.1286468
성내2동445,37.5335169,127.1285708
성내2동446,37.5333095,127.1285506
성내2동448,37.5329392,127.1284305
성내2동449,37.5328336,127.1287711
성내2동450,37.5330861,127.1288021
성내2동451,37.5327634,127.1290209
성내2동452,37.5329617,127.1290299
성내2동453,37.5332959,127.1291391
성내2동454,37.5336194,127.1290222
성내2동455,37.533873,127.1292003
성내2동456,37.533934,127.1289168
성내2동457,37.5326009,127.1289888
성내2동458,37.5325899,127.1287174
성내2동460,37.5323965,127.1281426
성내2동461,37.5326133,127.1282193
성내2동462,37.5325521,127.1284802
성내2동463,37.5327941,127.1282964
성내2동464,37.5328808,127.1278428
성내2동465,37.5326539,127.1276191
성내2동466,37.5327796,127.1275611
성내2동467,37.5329586,127.1273893
성내2동468,37.5331475,127.1273418
성내2동469,37.5327773,127.1272443
성내2동470,37.5326854,127.1269965
성내2동471,37.5326236,127.1271782
성내2동472,37.5325533,127.1274166
성내2동473,37.5323887,127.1270904
성내2동475,37.53226038,127.1274531
성내2동476,37.5318946,127.1272885
성내2동477,37.53156652,127.1275311
성내2동478,37.53159116,127.1276613
성내2동479,37.5315833,127.1278352
성내2동480,37.531719,127.1279129
성내2동481,37.5319626,127.1279553
성내2동482,37.5320511,127.1277393
성내2동483,37.5319956,127.1275476
성내2동484,37.5322757,127.1276462
성내2동485,37.5325012,127.1276775
성내2동486,37.5325206,127.1278696
성내2동487,37.5321721,127.1282583
성내2동488,37.5318747,127.1282505
성내2동489,37.5316308,127.1281741
성내2동490,37.5314592,127.1281195
성내2동492,37.5314438,127.1284818
성내2동493,37.5315259,127.1286053
성내2동494,37.5316787,127.1285582
성내2동495,37.5317257,127.1288292
성내2동496,37.5318614,127.1288956
성내2동497,37.5320874,127.1289948
성내2동498,37.5321584,127.1288469
성내2동499,37.5320399,127.1286672
성내2동500,37.5324115,127.1289571
성내2동501,37.53319521,127.1294827
성내2동502,37.5323171,127.1296031
성내2동503,37.5320911,127.1295039
성내2동504,37.5319914,127.1294258
성내2동505,37.5318564,127.1294387
성내2동506,37.5316033,127.1293285
성내2동507,37.5314038,127.1291611
성내2동508,37.5312348,127.1294572
성내2동509,37.5311644,127.1296843
성내2동510,37.5312812,127.129649
성내2동511,37.5315162,127.1297481
성내2동512,37.5318594,127.129846
성내2동513,37.5319679,127.1299013
성내2동514,37.5321488,127.1299897
성내2동515,37.5329353,127.1303427
성내2동516,37.533107,127.1304086
성내2동517,37.5332696,127.1304746
성내2동518,37.533604,127.1306065
성내2동519,37.5337125,127.1306505
성내2동521,37.5339745,127.1307493
성내2동522,37.5341568,127.1310413
성내2동523,37.5342392,127.1312101
성내2동524,37.5340682,127.1312347
성내2동525,37.5339796,127.1314394
성내2동527,37.5344214,127.1314909
성내2동528,37.5346303,127.1317034
성내3동230,37.5278731,127.1355039
성내3동231,37.5279171,127.1353563
성내3동232,37.5282975,127.1356235
성내3동233,37.5285952,127.1356653
성내3동234,37.5291916,127.1359073
성내3동235,37.5294807,127.1360058
성내3동236,37.5297788,127.1361155
성내3동237,37.5299118,127.1358198
성내3동238,37.5300317,127.1361918
성내3동239,37.5302013,127.1359749
성내3동240,37.5303301,127.1363355
성내3동241,37.5305988,127.1361174
성내3동242,37.5306011,127.1364342
성내3동243,37.5307638,127.1365002
성내3동244,37.53117,127.1365974
성내3동245,37.5312223,127.1363592
성내3동246,37.5313421,127.1367198
성내3동247,37.5315119,127.1365369
성내3동248,37.531532,127.1368195
성내3동249,37.5317125,127.1368627
성내3동250,37.5318408,127.1371554
성내3동251,37.5318145,127.1372575
성내3동252,37.5320047,127.1373798
성내3동253,37.5322219,127.137513
성내3동254,37.5323738,127.1373416
성내3동255,37.5319563,127.1369277
성내3동256,37.5319913,127.1367803
성내3동257,37.5318101,127.1366466
성내3동258,37.5320981,127.136598
성내3동259,37.5322246,127.1366531
성내3동261,37.5321139,127.1363036
성내3동262,37.5319241,127.1362153
성내3동263,37.5317979,127.1362168
성내3동264,37.5316444,127.1361733
성내3동265,37.5313373,127.1360637
성내3동266,37.5312835,127.1360982
성내3동267,37.5310481,127.1359425
성내3동269,37.5308312,127.1358545
성내3동270,37.5306505,127.1357887
성내3동271,37.5304333,127.1356668
성내3동272,37.5303517,127.1355885
성내3동273,37.5299732,127.1355815
성내3동274,37.5298097,127.1354024
성내3동275,37.5297739,127.1354368
성내3동276,37.5295392,127.1353829
성내3동277,37.5294034,127.1352939
성내3동278,37.5297727,127.1340451
성내3동279,37.5300618,127.1341549
성내3동280,37.530028,127.1344608
성내3동281,37.5300555,127.1345171
성내3동282,37.5299756,127.1346877
성내2동529,37.5347299,127.1317702
성내2동530,37.5348192,127.1316673
성내2동531,37.5347098,127.1314989
성내2동532,37.534917,127.1314851
성내2동533,37.5350172,127.1316311
성내2동534,37.5351599,127.1314371
성내2동535,37.5352784,127.1316167
성내2동536,37.5352074,127.1317647
성내2동537,37.53511,127.1320034
성내2동538,37.5351931,127.132274
성내2동539,37.5354191,127.1323732
성내2동540,37.5348439,127.1325722
성내2동541,37.5349315,127.1322318
성내2동542,37.5350891,127.1319327
성내2동543,37.5347418,127.1321661
성내2동544,37.5345525,127.1321569
성내2동545,37.5342987,127.1319562
성내2동546,37.5339825,127.1318354
성내2동547,37.53374,127.1319514
성내2동548,37.5338014,127.1317244
성내2동549,37.5335573,127.131614
성내2동550,37.5332049,127.131471
성내2동551,37.5328976,127.1313501
성내2동552,37.5327003,127.1314769
성내2동553,37.5326266,127.1312514
성내2동554,37.5324605,127.1307216
성내2동557,37.5323858,127.1303717
성내2동558,37.5321892,127.1305889
성내2동559,37.531963,127.1304558
성내2동560,37.531772,127.1302204
성내2동561,37.531103,127.1299113
성내2동562,37.5308683,127.1298575
성내2동563,37.5309894,127.1303992
성내2동564,37.5313241,127.1305763
성내2동565,37.5316142,127.1308106
성내2동566,37.5317405,127.1308317
성내2동567,37.532084,127.1309862
성내2동568,37.532274,127.1310858
성내2동569,37.5327662,127.1318608
성내2동570,37.5323585,127.1315487
성내2동571,37.53399796,127.1223364
성내2동572,37.5320243,127.1314394
성내2동573,37.5317435,127.1312503
성내2동574,37.5315,127.1312192
성내2동575,37.5314541,127.1311066
성내2동576,37.5312646,127.1310635
성내2동577,37.5308487,127.1308647
성내2동578,37.5307168,127.1313188
성내2동579,37.5309971,127.1314513
성내2동580,37.5313408,127.1316171
성내2동581,37.5314123,127.131537
성내2동582,37.5316663,127.1317717
성내3동283,37.5300218,127.1348342
성내3동284,37.5299058,127.134994
성내3동285,37.5299428,127.1351293
성내3동286,37.5302049,127.1352281
성내3동287,37.5304832,127.1350892
성내3동288,37.5303019,127.1349442
성내3동290,37.5306715,127.1349738
성내3동291,37.5308345,127.1350738
성내3동292,37.5307635,127.1352217
성내3동293,37.5307648,127.1354027
성내3동294,37.530649,127.1355851
성내3동295,37.5305624,127.1348393
성내3동297,37.5302812,127.1345823
성내3동298,37.5304865,127.1343084
성내3동299,37.5299594,127.1337035
성내3동300,37.530203,127.133746
성내3동301,37.5303344,127.1332353
성내3동302,37.5304223,127.1329288
성내3동303,37.5302229,127.1327727
성내3동304,37.5303028,127.1326134
성내3동305,37.5306292,127.1328812
성내3동306,37.5308016,127.1330489
성내3동308,37.5310457,127.1331592
성내3동309,37.5310099,127.1331936
성내3동310,37.5309221,127.1335114
성내3동311,37.5307417,127.1334795
성내3동312,37.5309169,127.1340319
성내3동313,37.5307906,127.1339994
성내3동314,37.5307832,127.1342258
성내3동315,37.5307213,127.1343849
성내3동316,37.5307945,127.1345312
성내3동317,37.5310758,127.1348108
성내3동318,37.5311668,127.1349229
성내3동319,37.5314139,127.1354518
성내3동320,37.5313351,127.1357695
성내3동321,37.5314661,127.1352023
성내3동322,37.5315633,127.1349409
성내3동323,37.5312919,127.1347857
성내3동324,37.5316333,127.1346459
성내3동325,37.5312715,127.1344578
성내3동326,37.5310454,127.1343472
성내3동327,37.5312143,127.1340285
성내3동328,37.5313951,127.1341169
성내3동329,37.5317384,127.1342374
성내3동330,37.5317104,127.134102
성내3동331,37.5314209,127.1339469
성내3동332,37.5318083,127.1339424
성내3동333,37.5318785,127.1336814
성내3동334,37.5318148,127.1335916
성내3동335,37.531948,127.1333298
성내3동337,37.5320347,127.1328649
성내2동583,37.531614,127.1320099
성내2동584,37.5319105,127.1318933
성내2동585,37.53220365,127.1319305
성내2동586,37.5322637,127.1321382
성내2동588,37.5326349,127.1323828
성내2동589,37.5325819,127.1325305
성내2동590,37.5327942,127.1319962
성내2동591,37.5329322,127.1323793
성내2동592,37.5331125,127.1323886
성내2동594,37.5334173,127.1321814
성내2동595,37.5336977,127.1323252
성내2동597,37.5334387,127.1326337
성내2동598,37.5336105,127.1327223
성내2동599,37.5340084,127.1329213
성내2동600,37.5343154,127.132997
성내2동601,37.5345781,127.1331976
성내2동602,37.5347295,127.1329469
성내2동603,37.5347583,127.1331955
성내2동604,37.5350297,127.1333395
성내2동605,37.5341735,127.1333154
성내2동609,37.5331519,127.1328407
성내2동611,37.5328447,127.1327311
성내2동613,37.5322023,127.1323652
성내2동614,37.531228,127.132218
성내2동615,37.5313073,127.1319682
성내2동616,37.5304479,127.1315029
성내2동617,37.5305295,127.1315812
성내2동618,37.530846,127.1317246
성내2동621,37.53421296,127.1277619
성내2동622,37.5326962,127.1296892
성내2동623,37.532789,127.1251736
성내2동624,37.5329524,127.1253301
성내2동625,37.533206,127.1255082
성내2동626,37.5337684,127.1260108
성내2동630,37.5313749,127.1289125
성내2동631,37.5359211,127.1307946
성내2동632,37.532444,127.1321587
성내2동633,37.5350794,127.1241851
성내2동634,37.5344368,127.1298953
성내2동635,37.532327,127.1284941
성내2동636,37.5345759,127.1255488
성내2동637,37.5345546,127.1312178
성내2동638,37.53561904,127.129354
성내2동639,37.53682794,127.1279191
성내2동640,37.53654195,127.1278507
성내2동641,37.53448596,127.1252422
성내2동643,37.53449074,127.1312104
성내2동645,37.53771561,127.1235136
성내2동646,37.53770857,127.123788
성내2동647,37.5379719,127.1239892
성내2동648,37.53691582,127.1257978
성내3동338,37.531575,127.1328363
성내3동340,37.5329146,127.1336581
성내3동342,37.5324722,127.1335501
성내3동343,37.5321313,127.1337464
성내3동344,37.5322951,127.1339708
성내3동345,37.5324567,127.1338897
성내3동346,37.5328273,127.1340438
성내3동347,37.5328719,127.1339867
성내3동348,37.532909,127.1341334
성내3동349,37.5327941,127.1344402
성내3동350,37.5327241,127.1347239
성내3동351,37.5329504,127.1348684
성내2동649,37.53088876,127.1314162
성내2동650,37.53483727,127.1274264
성내2동651,37.53266888,127.1245914
성내2동652,37.53544496,127.1299307
성내2동653,37.53679425,127.1236026
성내2동654,37.53442534,127.1292416
성내2동654(2),37.5349666,127.1286401
성내2동656,37.53652305,127.1265722
성내2동656(2),37.53515313,127.1290251
성내2동657,37.53535181,127.1286096
성내2동658,37.53559468,127.1289721
성내2동659,37.53247587,127.1302027
성내2동670,37.53376529,127.1229753
성내2동673,37.53282731,127.1301581
성내2동674,37.53718469,127.1250232
성내2동675,37.53468416,127.1273667
성내2동676,37.5356096,127.1255806
성내2동677,37.53530644,127.128898
성내2동678,37.53580421,127.12893
성내2동679,37.53505373,127.1229689
성내2동680,37.53661146,127.1239191
성내2동681,37.53571263,127.1239996
성내2동682,37.53348029,127.1283235
성내2동683,37.53604808,127.1241699
성내2동684,37.53324171,127.1281534
성내2동685,37.53342186,127.1281962
성내2동686,37.53147452,127.1292818
성내2동688,37.53508201,127.1322297
성내2동689,37.53445594,127.1321183
성내2동690,37.5341643,127.1330682
성내2동691,37.53444253,127.129994
성내2동692,37.53480666,127.1306961
성내2동695,37.53758785,127.1250522
성내2동696,37.53240007,127.1274194
성내2동697,37.53349483,127.131483
성내2동698,37.53419276,127.1317982
성내2동699,37.53551559,127.1292067
성내3동001,37.5247243,127.1300193
성내3동002,37.5249508,127.1301976
성내3동003,37.5250338,127.1304456
성내3동004,37.525366,127.1302947
성내3동005,37.5254541,127.1300221
성내3동006,37.5257627,127.130324
성내3동007,37.525719,127.1305055
성내3동008,37.525811,127.1307647
성내3동009,37.5259093,127.1306504
성내3동010,37.5261186,127.1309308
성내3동011,37.5260897,127.1306709
성내3동012,37.5262796,127.1307705
성내3동013,37.5265386,127.1304621
성내3동014,37.5263802,127.130973
성내3동015,37.53210323,127.1370356
성내3동016,37.5263281,127.1312338
성내3동017,37.5265961,127.1309253
성내3동018,37.5268227,127.1311037
성내3동019,37.5270398,127.1312143
성내3동020,37.5273472,127.1313578
성내3동021,37.5274651,127.1314696
성내3동022,37.5275972,127.1310494
성내3동024,37.5278519,127.1313746
성내3동025,37.5278626,127.1316121
성내3동026,37.5281973,127.1317779
성내3동027,37.5285662,127.1317057
성내3동028,37.5286584,127.1319988
성내3동029,37.5288633,127.1316797
성내3동030,37.5288303,127.1320874
성내3동031,37.5290105,127.1320853
성내3동032,37.5292734,127.1323085
성내3동033,37.5292757,127.1326253
성내3동034,37.5292232,127.1328295
성내3동035,37.5295899,127.1324633
성내3동036,37.5295335,127.1321471
성내3동037,37.5293392,127.133903
성내3동038,37.5289149,127.1337948
성내3동039,37.528995,127.1336581
성내3동040,37.529065,127.1333858
성내3동041,37.5291528,127.133068
성내3동042,37.5285622,127.1336179
성내3동045,37.5287243,127.1323828
성내3동046,37.5282477,127.1325127
성내3동047,37.5281319,127.1326951
성내3동048,37.527906,127.1326072
성내3동049,37.5279584,127.1323803
성내3동050,37.5277306,127.1320322
성내3동051,37.5275696,127.1321925
성내3동052,37.5273887,127.132104
성내3동053,37.5273067,127.1319805
성내3동054,37.5271544,127.1320954
성내3동055,37.5270359,127.1319158
성내3동056,37.5267919,127.1318168
성내3동057,37.5264391,127.1316285
성내3동058,37.5262395,127.1314498
성내3동059,37.5261678,127.1314959
성내3동060,37.5259505,127.1313514
성내3동061,37.5258587,127.1311261
성내3동063,37.5255916,127.1315592
성내3동064,37.5255891,127.1312198
성내3동065,37.5255061,127.1309605
성내3동066,37.5252904,127.1310422
성내3동067,37.5252518,127.1306919
성내3동068,37.5251126,127.1313611
성내3동069,37.5250411,127.1314411
성내3동070,37.5251464,127.1310552
성내3동071,37.52492,127.1308994
성내3동072,37.5247662,127.130822
성내3동073,37.5247224,127.1309922
성내3동074,37.5243349,127.1309854
성내3동075,37.5244862,127.1307348
성내3동076,37.5244408,127.1306787
성내3동077,37.5234923,127.1315834
성내3동078,37.5240954,127.1314973
성내3동079,37.5242373,127.1311902
성내3동080,37.524491,127.1313796
성내3동081,37.5249358,127.131827
성내3동082,37.525435,127.132319
성내3동083,37.5254603,127.1320924
성내3동084,37.5255838,127.1317289
성내3동085,37.5258367,127.1318052
성내3동086,37.5261441,127.1319487
성내3동087,37.5258752,127.1321442
성내3동088,37.5262005,127.1322649
성내3동089,37.5263088,127.1322862
성내3동090,37.5265798,127.1323849
성내3동091,37.5266774,127.1321802
성내3동093,37.5268398,127.1322009
성내3동094,37.5267602,127.1324055
성내3동095,37.5269942,127.1323688
성내3동096,37.5271659,127.132446
성내3동097,37.5269982,127.1329118
성내3동099,37.527366,127.1326926
성내3동100,37.5278444,127.1328115
성내3동101,37.5281917,127.1334751
성내3동102,37.5278047,127.1335474
성내3동103,37.5278573,127.1333431
성내3동104,37.527523,127.1332226
성내3동105,37.5273065,127.1331798
성내3동106,37.5272453,127.1334407
성내3동107,37.5271617,127.133091
성내3동108,37.5269279,127.1331615
성내3동109,37.526728,127.1329376
성내3동110,37.526493,127.1328385
성내3동111,37.5261768,127.132729
성내3동112,37.5259965,127.1327085
성내3동113,37.5258813,127.13297
성내3동116,37.5238036,127.1322586
성내3동117,37.5234663,127.1317308
성내3동118,37.5232981,127.1321287
성내3동119,37.5231563,127.1324584
성내3동120,37.5231574,127.1326055
성내3동121,37.5233836,127.1327273
성내3동122,37.5235738,127.1328609
성내3동123,37.5236614,127.1325318
성내3동124,37.5239677,127.1325169
성내3동125,37.5241936,127.1326048
성내3동126,37.5242392,127.1326722
성내3동127,37.5245459,127.1327252
성내3동128,37.5244741,127.13276
성내3동129,37.5247351,127.132723
성내3동130,37.5246391,127.1331427
성내3동131,37.5249437,127.1329129
성내3동132,37.5251609,127.1330349
성내3동133,37.5254862,127.1331556
성내3동134,37.5258205,127.1332875
성내3동135,37.52600069,127.1335486
성내3동136,37.5261089,127.1332955
성내3동137,37.5261999,127.1334189
성내3동139,37.5265071,127.1335284
성내3동140,37.5266792,127.1336509
성내3동141,37.5268138,127.1335815
성내3동142,37.5267442,127.1339217
성내3동143,37.5270312,127.1337374
성내3동144,37.5271487,127.1337813
성내3동145,37.5272318,127.1340518
성내3동146,37.5275101,127.1339128
성내3동147,37.5278986,127.1340554
성내3동148,37.5279687,127.1337831
성내3동149,37.5277468,127.1342495
성내3동150,37.5280974,127.1341323
성내3동151,37.5282328,127.134176
성내3동152,37.5283425,127.1343784
성내3동153,37.5281275,127.1345619
성내3동154,37.5283205,127.1338469
성내3동155,37.5288892,127.1339874
성내3동156,37.5288543,127.1341349
성내3동157,37.528673,127.1339899
성내3동158,37.5287929,127.1343619
성내3동159,37.5287315,127.1345889
성내3동160,37.528661,127.134816
성내3동161,37.5289428,127.1351522
성내3동162,37.5287531,127.1350865
성내3동163,37.5285725,127.135032
성내3동164,37.5285118,127.1353495
성내3동165,37.5284369,127.134977
성내3동166,37.5282381,127.1348888
성내3동167,37.5280845,127.134834
성내3동168,37.5280131,127.1349366
성내3동169,37.5277411,127.1347022
성내3동170,37.5277155,127.1348948
성내3동171,37.5275784,127.1346361
성내3동172,37.5275952,127.1344662
성내3동173,37.5272352,127.1345157
성내3동174,37.527288,127.1343453
성내3동175,37.5268467,127.1343731
성내3동176,37.5264492,127.1342306
성내3동177,37.5263603,127.1344013
성내3동178,37.5261961,127.1341317
성내3동179,37.5260331,127.1340204
성내3동180,37.525492,127.1339475
성내3동181,37.5255833,127.1341161
성내3동182,37.5257065,127.1337187
성내3동183,37.5256089,127.1339235
성내3동184,37.5254284,127.1338803
성내3동185,37.5253902,127.1335866
성내3동186,37.5253197,127.1338024
성내3동187,37.5252633,127.1334862
성내3동188,37.5250483,127.1336584
성내3동190,37.52493757,127.1334958
성내3동191,37.5248586,127.1335927
성내3동192,37.5245079,127.1336873
성내3동193,37.5242987,127.1334182
성내3동194,37.5240815,127.1332963
성내3동195,37.5239192,127.1332755
성내3동196,37.523603,127.133166
성내3동197,37.523443,127.133462
성내3동198,37.5232144,127.1330008
성내3동199,37.5229783,127.1327546
성내3동200,37.5228197,127.1332429
성내3동201,37.5228032,127.1334581
성내3동202,37.52267374,127.1335511
성내3동203,37.5230476,127.1336023
성내3동204,37.5231384,127.1337031
성내3동205,37.523453,127.1335977
성내3동206,37.5233815,127.1336777
성내3동207,37.5233125,127.1340971
성내3동208,37.5235083,127.1337667
성내3동209,37.523942,127.1339314
성내3동210,37.5242041,127.1340302
성내3동211,37.5243576,127.134085
성내3동212,37.5243341,127.1345604
성내3동213,37.5244576,127.134197
성내3동214,37.5247828,127.1343064
성내3동215,37.5249816,127.1343946
성내3동216,37.5251442,127.1344493
성내3동217,37.5253244,127.1344472
성내3동218,37.5255593,127.134535
성내3동219,37.525532,127.13449
성내3동220,37.5257566,127.1343969
성내3동221,37.5258131,127.1347357
성내3동222,37.5261189,127.134653
성내3동223,37.5262718,127.1346173
성내3동224,37.5264905,127.1349542
성내3동225,37.5265784,127.134659
성내3동226,37.5266983,127.135031
성내3동227,37.5270778,127.1351737
성내3동228,37.5273849,127.1352833
성내3동229,37.5274379,127.1351356
성내2동030,37.5343396,127.1228473
성내2동031,37.534242,127.1230408
성내2동032,37.53440485,127.1231206
성내2동033,37.5344863,127.123185
성내2동034,37.5347927,127.1231927
성내2동035,37.5355995,127.1244775
성내2동036,37.5350909,127.1233024
성내2동036,37.5350909,127.1233024
성내2동037,37.5350573,127.1236309
성내2동038,37.5348139,127.1236112
성내2동039,37.5345426,127.1234785
성내2동040,37.53688577,127.1243976
성내2동041,37.5342897,127.1234023
성내2동042,37.5341629,127.1233133
성내2동044,37.534319,127.1237075
성내2동045,37.5350243,127.1240387
성내2동046,37.5350591,127.1238798
성내2동047,37.5352333,127.1242851
성내2동048,37.5353867,127.124306
성내2동050,37.5358223,127.1247309
성내2동051,37.5357584,127.1246185
성내2동052,37.5360844,127.124841
성내2동053,37.5362743,127.1249293
성내2동054,37.5362087,127.1245906
성내2동055,37.5360096,127.1244684
성내2동056,37.5359635,127.1243219
성내2동057,37.5359,127.1242661
성내2동058,37.5356017,127.1241451
성내2동059,37.535213,127.1239686
성내2동060,37.535212,127.1238328
성내2동061,37.535456,127.1239318
성내2동062,37.5358176,127.1240973
성내2동063,37.5361974,127.1242739
성내2동064,37.5363243,127.1243742
성내2동065,37.5363574,127.1239778
성내2동066,37.5361943,127.1238553
성내2동067,37.5360314,127.1237667
성내2동068,37.5358867,127.1236891
성내2동069,37.53567,127.1236238
성내2동070,37.5354171,127.1235475
성내2동071,37.5351279,127.1234264
성내2동072,37.5352882,127.1231756
성내2동073,37.5354777,127.1232187
성내2동074,37.5357582,127.1233738
성내2동075,37.535705,127.1234876
성내2동076,37.5363438,127.1233557
성내2동077,37.5363956,127.1230495
성내2동078,37.5364861,127.1231051
성내2동079,37.5367756,127.1232601
성내2동080,37.5372643,127.1235486
성내2동081,37.5373619,127.1233438
성내2동082,37.5375181,127.1237606
성내2동084,37.5377359,127.1239617
성내2동085,37.5377637,127.1240746
성내2동086,37.5376384,127.1241779
성내2동087,37.5374391,127.1240331
성내2동088,37.5371401,127.1238103
성내2동089,37.5369319,127.1236882
성내2동090,37.5366877,127.1235666
성내2동091,37.5365427,127.1234552
성내2동092,37.5364288,127.1238865
성내2동093,37.5368445,127.1240513
성내2동094,37.53707747,127.1241688
성내2동095,37.53737241,127.1243022
성내2동096,37.5375321,127.124428
성내2동097,37.53717841,127.1245678
성내2동098,37.5369917,127.124457
성내2동099,37.5367384,127.1243242
성내2동100,37.5364494,127.124237
성내2동101,37.5364599,127.1244406
성내2동102,37.5364619,127.1247121
성내2동103,37.5364542,127.1248819
성내2동104,37.5364371,127.1250066
성내2동105,37.5364206,127.1252104
성내2동106,37.5370455,127.1256445
성내2동109,37.5372041,127.125156
성내2동111,37.5373109,127.1249738
성내2동112,37.5370215,127.1248413
성내2동114,37.5373992,127.1247351
성내2동115,37.5375348,127.1248014
성내2동116,37.53746217,127.1246163
성내2동118,37.5369864,127.126177
성내2동119,37.53687481,127.1262277
성내2동120,37.53680707,127.126386
성내2동121,37.53657968,127.1262838
성내2동124,37.5364687,127.1268506
성내2동126,37.5366229,127.1269846
성내2동127,37.5367672,127.1270055
성내2동128,37.5368277,127.126654
성내2동130,37.5366527,127.1273576
성내2동131,37.5364456,127.1273827
성내2동132,37.5362382,127.1273624
성내2동134,37.5360031,127.127252
성내2동135,37.5359422,127.1275356
성내2동136,37.53595436,127.1275584
성내2동137,37.5362868,127.1278371
성내2동138,37.5366569,127.1279347
성내2동139,37.5360468,127.1270592
성내2동140,37.5361269,127.1269338
성내2동141,37.5361874,127.1265823
성내2동142,37.5362387,127.1262083
성내2동143,37.5363564,127.1262861
성내2동145,37.5362909,127.1259588
성내2동146,37.5360133,127.1261883
성내2동147,37.5359426,127.1263702
성내2동148,37.5358323,127.1260773
성내2동149,37.5359832,127.12577
성내2동150,37.5356693,127.1259773
성내2동151,37.5354431,127.1258442
성내2동152,37.5352078,127.1256998
성내2동154,37.53505098,127.1255797
성내2동156,37.5351506,127.1252818
성내2동157,37.5352959,127.1254385
성내2동159,37.5357483,127.1256822
성내2동160,37.5349865,127.1250235
성내2동161,37.5352567,127.125009
성내2동162,37.5349324,127.1238021
성내2동163,37.5348514,127.1250251
성내2동164,37.5348621,127.1252626
성내2동165,37.534801,127.1255235
성내2동166,37.5344137,127.1255507
성내2동167,37.5341255,127.1255653
성내2동168,37.5343858,127.1254265
성내2동170,37.5344822,127.1250633
성내2동171,37.5345172,127.1249158
성내2동172,37.5344265,127.1248377
성내2동173,37.5345686,127.1245645
성내2동174,37.5340926,127.1247737
성내2동175,37.5342025,127.12501
성내2동176,37.5338339,127.1251275
성내2동177,37.5337828,127.1255241
성내2동178,37.5335739,127.1253002
성내2동179,37.5337612,127.1250378
성내2동180,37.5339123,127.1247645
성내2동181,37.534064,127.124559
성내2동182,37.5342338,127.124376
성내2동183,37.5341243,127.1241849
성내2동184,37.5339459,127.1244246
성내2동185,37.5337944,127.1246527
성내2동186,37.533598,127.1249039
성내2동187,37.533402,127.1252004
성내2동189,37.5332197,127.1249197
성내2동190,37.5334161,127.1246797
성내2동191,37.5335584,127.1244292
성내2동192,37.5337189,127.1241897
성내2동193,37.5338974,127.1239613
성내2동194,37.5337245,127.123737
성내2동195,37.5335913,127.1239988
성내2동196,37.5333862,127.1242954
성내2동197,37.5328945,127.1248103
성내2동198,37.5330277,127.1245485
성내2동199,37.533134,127.1242983
성내2동200,37.5332402,127.1240482
성내2동201,37.5333111,127.1238776
성내2동202,37.533382,127.1237184
성내2동203,37.5335336,127.123513
성내2동206,37.5331462,127.1235175
성내2동207,37.5330008,127.1233495
성내2동208,37.5327926,127.1232274
성내2동209,37.5326956,127.1235114
성내2동210,37.5329493,127.1237008
성내2동211,37.5329414,127.123848
성내2동212,37.5327342,127.1238504
성내2동213,37.5326359,127.1239647
성내2동214,37.5325653,127.1241579
성내2동215,37.5327377,127.1243256
성내2동216,37.5328553,127.1243808
성내2동217,37.5327854,127.1246871
성내2동218,37.5325578,127.124373
성내2동219,37.5324036,127.1242277
성내2동220,37.5324063,127.1245897
성내2동221,37.5327433,127.1250836
성내2동222,37.5327615,127.125106
성내2동223,37.5325357,127.1250295
성내2동224,37.532337,127.1249752
성내2동226,37.5320865,127.1252157
성내2동227,37.53224,127.1252592
성내2동228,37.5324206,127.1253137
성내2동229,37.5326284,127.1253904
성내2동230,37.53254,127.1256178
성내2동231,37.5323595,127.1255746
성내2동232,37.5321789,127.1255201
성내2동233,37.5319983,127.1254657
성내2동235,37.5321549,127.1259391
성내2동236,37.5324259,127.1260264
성내2동237,37.5326337,127.1261032
성내2동238,37.5329223,127.1261338
성내2동239,37.5330025,127.1260197
성내2동240,37.5327127,127.1258194
성내2동241,37.5325681,127.1257532
성내2동242,37.5329369,127.1256697
성내2동243,37.5332173,127.1258249
성내2동245,37.533549,127.1255947
성내2동246,37.5336854,127.1257515
성내2동247,37.5336516,127.1260574
성내2동248,37.5334259,127.1260035
성내2동249,37.5334644,127.1263311
성내2동250,37.5333649,127.126287
성내2동251,37.53323,127.1263225
성내2동252,37.5333407,127.1266607
성내2동253,37.5330881,127.1266184
성내2동254,37.5328912,127.1268017
성내2동255,37.5329015,127.1269826
성내2동256,37.5330372,127.1270489
성내2동257,37.5332184,127.1271939
성내2동258,37.5333151,127.1268647
성내2동259,37.53352195,127.1272884
성내2동260,37.533652,127.127336
성내2동261,37.5337047,127.1271543
성내2동262,37.5335595,127.1270089
성내2동263,37.5335491,127.126828
성내2동264,37.5336268,127.1263632
성내2동265,37.5339071,127.1264957
성내2동266,37.5341963,127.1266055
성내2동267,37.5344311,127.126682
성내2동268,37.5347111,127.1267692
성내2동269,37.5347822,127.1266439
성내2동270,37.5348515,127.1262697
성내2동271,37.5347961,127.126078
성내2동272,37.5348488,127.1258964
성내2동273,37.5347499,127.1259315
성내2동274,37.534444,127.1259916
성내2동275,37.5342011,127.1260397
성내2동276,37.5340739,127.1258941
성내2동277,37.5347494,127.1270856
성내2동278,37.534425,127.127078
성내2동279,37.5341458,127.1270926
성내2동280,37.5339205,127.1270952
성내2동281,37.5338787,127.1275257
성내2동282,37.5341042,127.1275683
성내2동283,37.5342842,127.1275323
성내2동284,37.5345362,127.1274954
성내2동285,37.5347803,127.1276057
성내2동286,37.5349217,127.1272307
성내2동287,37.5348793,127.1275932
성내2동288,37.535111,127.1272398
성내2동289,37.5352998,127.127181
성내2동291,37.5356234,127.1270754
성내2동292,37.5356609,127.1272673
성내2동293,37.5357569,127.1268476
성내2동294,37.5358557,127.1268125
성내2동295,37.5358399,127.1271068
성내2동296,37.5358677,127.1284304
성내2동297,37.5361571,127.1285741
성내2동298,37.5362571,127.1286974
성내2동299,37.5361948,127.1288
성내2동300,37.5361249,127.129095
성내2동301,37.5360723,127.1292993
성내2동302,37.5360564,127.1295936
성내2동303,37.5359663,127.1295834
성내2동304,37.5358415,127.1297659
성내2동305,37.5359159,127.1300931
성내2동306,37.5360238,127.1300579
성내2동307,37.5362396,127.1299989
성내2동308,37.5359456,127.1304549
성내2동309,37.5358017,127.1304905
성내2동310,37.5357033,127.1305821
성내2동311,37.5356413,127.13073
성내2동312,37.5358307,127.1307504
성내2동313,37.5357512,127.1309776
성내2동314,37.5355886,127.1309116
성내2동315,37.5354707,127.1308111
성내2동316,37.53550894,127.1311499
성내2동317,37.53561702,127.1311897
성내2동318,37.5355287,127.1313536
성내2동319,37.5354204,127.1313209
성내2동319,37.5354204,127.1313209
성내2동320,37.5352939,127.1312771
성내2동321,37.5353544,127.1309256
성내2동322,37.5353169,127.1307337
성내2동323,37.5353245,127.1305413
성내2동324,37.5354863,127.1304828
성내2동325,37.5353942,127.1302123
성내2동326,37.5356102,127.1301759
성내2동327,37.5356913,127.1301749
성내2동328,37.5356885,127.1298016
성내2동329,37.5354265,127.1297028
성내2동330,37.535696,127.1295978
성내2동331,37.5356941,127.1293376
성내2동332,37.5358386,127.1293812
성내2동333,37.5357007,127.1290094
성내2동334,37.535798,127.1287593
성내2동335,37.5357516,127.1285788
성내2동336,37.5357594,127.128409
성내2동337,37.5353076,127.1282332
성내2동338,37.5349734,127.1281353
성내2동340,37.5345513,127.1294087
성내2동341,37.5351933,127.1286306
성내2동343,37.5354994,127.1285931
성내2동344,37.5353852,127.1289904
성내2동345,37.5353956,127.1291713
성내2동346,37.5351973,127.1291623
성내2동347,37.5351079,127.1292652
성내2동348,37.5352169,127.1293771
성내2동349,37.535128,127.1295478
성내2동351,37.5353345,127.1294436
성내2동352,37.5353732,127.1298052
성내2동353,37.5350936,127.1297745
성내2동354,37.5351493,127.1299889
성내2동355,37.5348865,127.1297883
성내2동356,37.5348224,127.1296532
성내2동357,37.5347943,127.1295065
성내2동358,37.5347167,127.1299826
성내2동359,37.5349159,127.1301047
성내2동360,37.5351604,127.1302716
성내2동361,37.5352067,127.1304521
성내1동349,37.5299459,127.1306376
성내1동350,37.5283067,127.1246262
성내1동351,37.5266249,127.1238313
성내1동352,37.5286078,127.1214774
성내1동354,37.53036331,127.1278798
성내1동355,37.5307003,127.124191
성내1동356,37.53058425,127.1276992
성내1동356(2),37.52705493,127.1273764
성내1동357,37.527773,127.1298806
성내1동357(2),37.52691986,127.1272941
성내1동358,37.52676231,127.1271779
성내1동359,37.5266001,127.1272116
성내1동360,37.52652559,127.1273783
성내1동361,37.52644204,127.1275648
성내1동362,37.52635624,127.127757
성내1동363,37.52627495,127.1279435
성내1동364,37.52618463,127.1281385
성내2동362,37.5350859,127.1311777
성내2동363,37.5350753,127.1309628
성내2동364,37.5347963,127.131
성내2동365,37.534616,127.1309908
성내2동366,37.534372,127.1308918
성내2동367,37.5343352,127.1307904
성내2동370,37.5345125,127.1303923
성내2동371,37.5346303,127.1304814
성내2동372,37.534739,127.1305594
성내2동373,37.5345872,127.1307535
성내2동374,37.5348935,127.1307386
성내2동375,37.5346195,127.1302439
성내2동376,37.5348464,127.1304676
성내2동377,37.5340939,127.1298314
성내2동378,37.5337686,127.1297107
성내2동379,37.5337441,127.1300504
성내2동380,37.5339166,127.1302295
성내2동381,37.5337723,127.1302085
성내2동382,37.5336838,127.1304358
성내2동383,37.5334041,127.1303825
성내2동384,37.5334297,127.1301899
성내2동385,37.5335271,127.1299511
성내2동386,37.5331779,127.1302493
성내2동387,37.5333028,127.1300782
성내2동389,37.5331388,127.1298425
성내2동390,37.5330114,127.1296629
성내2동391,37.5327431,127.1299376
성내2동392,37.5326359,127.1300633
성내2동393,37.5324825,127.1300424
성내2동394,37.5326229,127.1295203
성내2동395,37.5327288,127.1292249
성내2동396,37.5328825,127.129291
성내2동397,37.5329914,127.1294029
성내2동398,37.5333348,127.1295347
성내2동399,37.5334167,127.1296469
성내2동400,37.5335781,127.1295319
성내2동402,37.534082,127.1294468
성내2동403,37.5341193,127.1296161
성내2동404,37.53451494,127.1297
성내2동406,37.5345264,127.1298377
성내2동407,37.5345961,127.1295088
성내2동408,37.53451285,127.1295501
성내2동409,37.5344852,127.1291253
성내2동410,37.5346205,127.1291577
성내2동411,37.5347554,127.1291222
성내2동412,37.5348895,127.1289735
성내2동413,37.5346009,127.1289429
성내2동414,37.5346069,127.1285242
성내2동415,37.5347565,127.1280473
성내2동416,37.5349005,127.128023
성내2동417,37.5346023,127.127902
성내1동307,37.5311863,127.1241174
성내1동308,37.5311131,127.1239599
성내1동309,37.5309953,127.1238707
성내1동310,37.5308424,127.1239065
성내1동310,37.5308424,127.1239065
성내1동311,37.5306603,127.1236597
성내1동312,37.53033898,127.1232242
성내1동315,37.5304663,127.1230057
성내1동316,37.530617,127.1226758
성내1동317,37.5306858,127.1222338
성내1동318,37.5308328,127.1226167
성내1동319,37.5309787,127.1228413
성내1동320,37.5309968,127.1228637
성내1동321,37.5311086,127.123349
성내1동322,37.5312971,127.1232562
성내1동323,37.5313609,127.1233573
성내1동324,37.5312819,127.1236298
성내1동326,37.531483,127.1240234
성내1동327,37.531554,127.1238755
성내1동328,37.5316693,127.1236253
성내1동329,37.5318967,127.1239168
성내1동330,37.532249,127.1240371
성내1동331,37.5323678,127.1230401
성내1동332,37.532214,127.1229627
성내1동333,37.5320114,127.1235873
성내1동334,37.5321143,127.1228846
성내1동335,37.53211316,127.1218158
성내1동336,37.5319365,127.1219929
성내1동337,37.5319296,127.1222758
성내1동338,37.5317686,127.1224361
성내1동339,37.5316349,127.1226413
성내1동340,37.53147001,127.1229574
성내1동341,37.5308811,127.1230574
성내1동342,37.530851,127.1226392
성내1동343,37.5318573,127.1234647
성내1동344,37.5310511,127.1277622
성내1동345,37.5280224,127.1227288
성내1동346,37.5292737,127.1274435
성내1동347,37.5300978,127.1280109
성내1동348,37.5267114,127.1257762
성내1동236,37.5290623,127.1268915
성내1동237,37.5292117,127.1275913
성내1동238,37.5295373,127.1277572
성내1동239,37.529627,127.1277109
성내1동240,37.5299954,127.1275595
성내1동241,37.5298809,127.1279229
성내1동242,37.5299187,127.1281601
성내1동243,37.5297497,127.1284562
성내1동244,37.5296709,127.1287739
성내1동245,37.5298524,127.1289415
성내1동246,37.5300875,127.1290632
성내1동247,37.5303245,127.1294225
성내1동248,37.5304032,127.1291048
성내1동249,37.5305264,127.1287074
성내1동250,37.5302831,127.1286989
성내1동251,37.530075,127.1285882
성내1동252,37.5302967,127.1280991
성내1동253,37.5304505,127.1281878
성내1동254,37.5306053,127.128401
성내1동255,37.5306403,127.1282648
성내1동256,37.5308303,127.1283758
성내1동257,37.5307282,127.1279583
성내1동258,37.5308249,127.1276404
성내1동259,37.5306966,127.1273477
성내1동260,37.5312477,127.127545
성내1동261,37.5309572,127.1272542
성내1동262,37.5307667,127.1270754
성내1동263,37.530577,127.1270097
성내1동264,37.5303603,127.1269556
성내1동265,37.5305334,127.1272025
성내1동266,37.5304547,127.1275316
성내1동267,37.5304109,127.1277018
성내1동268,37.5302382,127.1275001
성내1동269,37.5301531,127.126958
성내1동270,37.5300389,127.1273554
성내1동271,37.529985,127.1273786
성내1동272,37.5297228,127.1272572
성내1동273,37.5293701,127.1270803
성내1동274,37.5291701,127.126845
성내1동275,37.5293121,127.1265492
성내1동276,37.5294363,127.1262875
성내1동277,37.5295427,127.1260487
성내1동278,37.5297051,127.1260807
성내1동279,37.5298501,127.1261922
성내1동280,37.529995,127.1262923
성내1동281,37.530167,127.1264035
성내1동282,37.5301866,127.1266182
성내1동283,37.5296401,127.1258213
성내1동284,37.5297732,127.1255369
성내1동285,37.5299595,127.12515
성내1동290,37.5301549,127.1247631
성내1동293,37.5304628,127.1249631
성내1동294,37.5305553,127.1252902
성내1동295,37.5307504,127.1248693
성내1동296,37.5309038,127.1249014
성내1동297,37.5310941,127.1250463
성내1동298,37.5312753,127.1251799
성내1동299,37.5314384,127.1253025
성내1동300,37.5315924,127.1254138
성내1동301,37.5317193,127.1255142
성내1동303,37.5303321,127.1243537
성내1동304,37.5304826,127.1239899
성내1동305,37.5307914,127.1243257
성내1동306,37.5309726,127.1244593
성내1동168,37.5280067,127.1303659
성내1동169,37.5280486,127.1299355
성내1동170,37.5282391,127.1301143
성내1동171,37.5284284,127.1301234
성내1동172,37.5285738,127.1302914
성내1동173,37.5282872,127.1305323
성내1동174,37.52842091,127.1306115
성내1동175,37.5287184,127.1303463
성내1동176,37.5289529,127.1303775
성내1동177,37.5291343,127.1305451
성내1동179,37.5289745,127.1308751
성내1동180,37.5286218,127.1306982
성내1동183,37.5291723,127.1308162
성내1동184,37.5293966,127.1306779
성내1동185,37.5296318,127.1308109
성내1동186,37.5298035,127.1308768
성내1동187,37.5301019,127.1310204
성내1동188,37.5298841,127.130808
성내1동189,37.5300071,127.1303766
성내1동190,37.5297275,127.1303346
성내1동191,37.5291875,127.1304201
성내1동192,37.5293546,127.1298751
성내1동193,37.5293285,127.1299998
성내1동194,37.5294162,127.1296707
성내1동195,37.5296064,127.1298042
성내1동196,37.5299319,127.1299589
성내1동197,37.5301033,127.1299795
성내1동198,37.5302635,127.1297061
성내1동200,37.5304252,127.1296477
성내1동201,37.5298464,127.1293602
성내1동202,37.5297379,127.1293049
성내1동203,37.5295041,127.1293642
성내1동204,37.5296376,127.1291477
성내1동205,37.5294667,127.1291836
성내1동206,37.5292858,127.1290952
성내1동207,37.529105,127.1290068
성내1동208,37.5285262,127.1287193
성내1동209,37.5283108,127.128835
성내1동210,37.5282229,127.1291415
성내1동211,37.5281244,127.1292218
성내1동212,37.5280542,127.1294828
성내1동213,37.5280826,127.1296635
성내1동214,37.5279399,127.1298575
성내1동215,37.5275783,127.1297033
성내1동216,37.5276122,127.1294088
성내1동217,37.527719,127.1292378
성내1동218,37.5278332,127.1288292
성내1동219,37.5279123,127.1285681
성내1동220,37.5279202,127.1284096
성내1동221,37.5275676,127.128244
성내1동222,37.5281356,127.127072
성내1동223,37.5283617,127.1271825
성내1동224,37.5284079,127.1273404
성내1동225,37.5282131,127.1278065
성내1동226,37.528151,127.127943
성내1동227,37.5279649,127.1283638
성내1동228,37.528273,127.1285978
성내1동229,37.5284074,127.1284944
성내1동230,37.528567,127.1281418
성내1동231,37.5287709,127.1276869
성내1동232,37.5286783,127.1273486
성내1동233,37.5288049,127.127415
성내1동234,37.52896738,127.1273061
성내1동235,37.5290283,127.1271635
성내1동094,37.5283374,127.1251124
성내1동095,37.5281778,127.125465
성내1동096,37.5278342,127.1252993
성내1동097,37.5275443,127.125099
성내1동098,37.5274209,127.1254625
성내1동099,37.52786178,127.1248379
성내1동100,37.5278013,127.1257296
성내1동101,37.5280184,127.1258515
성내1동102,37.5279561,127.125954
성내1동103,37.5278053,127.1262726
성내1동104,37.5275701,127.1261509
성내1동105,37.5272803,127.1259506
성내1동106,37.5270124,127.1262818
성내1동107,37.5273744,127.1264926
성내1동108,37.527619,127.1266707
성내1동109,37.5273607,127.127081
성내1동110,37.5271252,127.1269141
성내1동111,37.5268444,127.1267137
성내1동112,37.5267447,127.1266357
성내1동117,37.5257482,127.1283556
성내1동118,37.5256824,127.127983
성내1동119,37.5257888,127.1277442
성내1동120,37.5258863,127.1275281
성내1동121,37.5260104,127.1272438
성내1동122,37.5262055,127.126823
성내1동123,37.5263735,127.1263911
성내1동124,37.5260294,127.1261575
성내1동125,37.5259056,127.1264757
성내1동126,37.5257549,127.1268169
성내1동127,37.5256582,127.1271461
성내1동128,37.5255068,127.1273854
성내1동129,37.5253295,127.1277835
성내1동131,37.5254404,127.1281555
성내1동132,37.5253317,127.1280776
성내1동133,37.5252229,127.1279884
성내1동134,37.5250508,127.1278659
성내1동135,37.5248968,127.1277546
성내1동136,37.5251008,127.127311
성내1동137,37.5252691,127.1269244
성내1동138,37.5254914,127.1265145
성내1동139,37.5255527,127.1262762
성내1동140,37.5249353,127.1280822
성내1동141,37.5251707,127.1282379
성내1동142,37.5250989,127.1282726
성내1동143,37.5249554,127.1283648
성내1동144,37.5248492,127.1286263
성내1동145,37.5247338,127.1288652
성내1동147,37.5251681,127.129109
성내1동148,37.5252744,127.1288589
성내1동151,37.5262758,127.1290283
성내1동152,37.5264388,127.1291395
성내1동153,37.5263319,127.1293105
성내1동154,37.5267922,127.129407
성내1동157,37.525737,127.1292834
성내1동158,37.5258687,127.1288067
성내1동159,37.527172,127.1295949
성내1동160,37.5274161,127.1297052
성내1동161,37.5274723,127.1299987
성내1동162,37.5278684,127.1299375
성내1동163,37.5279048,127.1299937
성내1동164,37.5278346,127.1302434
성내1동165,37.5276369,127.1303249
성내1동166,37.5274742,127.1302476
성내1동167,37.5272661,127.1301369
성내1동031,37.52796917,127.1212179
성내1동032,37.5277771,127.1212496
성내1동033,37.5273312,127.121877
성내1동034,37.5274493,127.1220001
성내1동035,37.5272986,127.1223413
성내1동036,37.5271834,127.1226029
성내1동037,37.5270506,127.1229099
성내1동038,37.5267582,127.1235808
성내1동039,37.5265638,127.1241035
성내1동040,37.5264397,127.1243765
성내1동041,37.5263068,127.1246835
성내1동042,37.5261651,127.1250132
성내1동043,37.5260055,127.1253658
성내1동044,37.5258105,127.1258093
성내1동045,37.5261626,127.1258957
성내1동046,37.5263222,127.1255432
성내1동047,37.526526,127.1250769
성내1동048,37.5266856,127.1247356
성내1동049,37.5268629,127.1243376
성내1동050,37.5270523,127.124358
성내1동050,37.5270523,127.124358
성내1동051,37.5270302,127.1238039
성내1동052,37.5270931,127.1237805
성내1동053,37.5272527,127.1234393
성내1동054,37.5273945,127.1231208
성내1동055,37.5275186,127.1228365
성내1동056,37.5276162,127.1226317
성내1동057,37.5277313,127.1223589
성내1동058,37.5281288,127.1225013
성내1동059,37.5279338,127.1229335
성내1동060,37.5277388,127.123377
성내1동061,37.5275526,127.1237865
성내1동062,37.5272567,127.123971
성내1동063,37.5273838,127.1241052
성내1동064,37.5272513,127.1244688
성내1동065,37.5271095,127.1247873
성내1동066,37.5269412,127.1251739
성내1동067,37.5267904,127.1254924
성내1동068,37.5265245,127.1260952
성내1동069,37.5266083,127.1264562
성내1동070,37.5268512,127.1264081
성내1동071,37.5269664,127.1261466
성내1동072,37.5271348,127.1257713
성내1동073,37.5273564,127.1252709
성내1동074,37.5275602,127.1248046
성내1동075,37.5277548,127.1243159
성내1동076,37.5275647,127.1241936
성내1동077,37.5279768,127.123872
성내1동078,37.5281273,127.1235196
성내1동079,37.5283134,127.1230988
성내1동086,37.5283929,127.1240935
성내1동087,37.5286735,127.1242599
성내1동080,37.5284945,127.1232098
성내1동081,37.52873,127.1233767
성내1동082,37.5288508,127.1238732
성내1동083,37.5284619,127.123674
성내1동084,37.5282445,127.1235295
성내1동085,37.5280667,127.1238484
성내1동088,37.5284961,127.1246466
성내1동089,37.5281166,127.124504
성내1동090,37.5278901,127.1243369
성내1동091,37.5276948,127.1247352
성내1동092,37.52943728,127.1301692
성내1동093,37.528426,127.1249077
상일동279,37.54696324,127.1713278
상일동280,37.54598248,127.16242
상일동282,37.54493417,127.1630683
상일동283,37.54547288,127.1628064
상일동284,37.54568716,127.1625947
상일동285,37.54617342,127.1692099
상일동287,37.54748497,127.1719118
상일동288,37.55125604,127.1792197
상일동289,37.55111828,127.1794542
상일동290,37.5508275,127.1795921
상일동291,37.55053219,127.1797442
상일동292,37.55014892,127.1799724
상일동293,37.5499594,127.1801757
상일동294,37.550361,127.1797438
성내1동-구청1,37.52996963,127.1231586
성내1동-구청10,37.53018007,127.1243949
성내1동-구청11,37.53007624,127.1245984
성내1동-구청12,37.5299927,127.1247906
성내1동-구청13,37.52985968,127.1249035
성내1동-구청14,37.52973587,127.1248269
성내1동-구청15,37.52954006,127.1246824
성내1동-구청16,37.5293465,127.1245321
성내1동-구청17,37.52950691,127.1240714
성내1동-구청18,37.5296288,127.1238312
성내1동-구청19,37.52977058,127.123953
성내1동-구청2,37.53007314,127.1232577
성내1동-구청20,37.52988986,127.1240494
성내1동-구청3,37.53020144,127.1233513
성내1동-구청4,37.53030947,127.1234391
성내1동-구청5,37.53043552,127.1235214
성내1동-구청6,37.53055258,127.1235866
성내1동-구청7,37.53046227,127.1237929
성내1동-구청8,37.53036518,127.1240134
성내1동-구청9,37.53026359,127.124231
성내1동001,37.5295381,127.1205727
성내1동002,37.52981,127.1207732
성내1동003,37.5299645,127.1209524
성내1동004,37.5302919,127.1213672
성내1동005,37.5301134,127.1215956
성내1동006,37.5298778,127.1214173
성내1동007,37.5297592,127.121215
성내1동008,37.5297706,127.121543
성내1동009,37.5297738,127.1219729
성내1동010,37.5297029,127.1221321
성내1동011,37.5295788,127.1224051
성내1동012,37.5294457,127.1226782
성내1동013,37.5293347,127.1222948
성내1동014,37.5290902,127.122128
성내1동015,37.52943141,127.1208554
성내1동016,37.529583,127.1217602
성내1동017,37.5295434,127.1212741
성내1동018,37.5293476,127.1216045
성내1동019,37.5291901,127.1210294
성내1동020,37.5290183,127.1209409
성내1동021,37.5288281,127.1208186
성내1동022,37.5286221,127.1209794
성내1동023,37.528492,127.1216598
성내1동024,37.5281124,127.1215059
성내1동025,37.5282631,127.121176
성내1동026,37.5285839,127.1206857
성내1동027,37.5284571,127.120608
성내1동028,37.5282671,127.1204971
성내1동029,37.5281314,127.1204195
성내1동030,37.5280253,127.1207036
상일동160,37.5456041,127.1628101
상일동161,37.5452718,127.1629609
상일동162,37.5450742,127.1630537
상일동164,37.553899,127.1571944
상일동165,37.5542634,127.1577448
상일동166,37.5543725,127.1578908
상일동167,37.5544543,127.1579917
상일동169,37.5462152,127.1600307
상일동170,37.5463288,127.1595315
상일동172,37.546073,127.1743931
상일동173,37.546293,127.1749226
상일동174,37.5464671,127.1753507
상일동175,37.5466503,127.1757674
상일동176,37.5468319,127.1759691
상일동177,37.54687,127.1762742
상일동178,37.5470883,127.1765661
상일동179,37.5471986,127.1768704
상일동180,37.5473373,127.1773895
상일동181,37.5468975,127.1776319
상일동182,37.5467537,127.1776788
상일동183,37.5464312,127.1779539
상일동184,37.547378,127.1780567
상일동185,37.5475407,127.1820272
상일동186,37.5475901,127.1826491
상일동187,37.5474644,127.1827183
상일동188,37.546978,127.1827463
상일동189,37.5467798,127.1827484
상일동189,37.5467798,127.1827484
상일동190,37.5477254,127.1826702
상일동191,37.5479148,127.1827021
상일동192,37.5483656,127.1827425
상일동193,37.5488621,127.1828728
상일동194,37.55130353,127.1790953
상일동195,37.55139112,127.1792653
상일동197,37.5512198,127.1793498
상일동198,37.55094923,127.179533
상일동199,37.55066069,127.1796738
상일동200,37.55017391,127.1798339
상일동212,37.5500876,127.1725155
상일동213,37.5485309,127.1715368
상일동224,37.5497764,127.1577839
상일동225,37.549983,127.1577024
상일동226,37.5501365,127.1577459
상일동227,37.5502352,127.1576882
상일동228,37.5503905,127.1579807
상일동229,37.5505246,127.1578321
상일동230,37.55066,127.1578645
상일동231,37.5508041,127.1578629
상일동232,37.5489644,127.1716678
상일동241,37.5463723,127.1605948
상일동242,37.5475607,127.1823099
상일동243,37.5467868,127.1682403
상일동244,37.5479733,127.1729689
상일동247,37.54694299,127.1743916
상일동248,37.54646845,127.1676631
상일동249,37.54645158,127.1715614
상일동271,37.54606068,127.1628841
상일동272,37.54619807,127.16289
상일동273,37.54635574,127.162896
상일동274,37.54655169,127.1629049
상일동275,37.54670275,127.1628006
상일동276,37.54736539,127.1625107
상일동277,37.54715133,127.1625583
상일동278,37.54692818,127.162671
명일2동047,37.5476349,127.1556804
명일2동048,37.5474729,127.1557049
명일2동049,37.5471032,127.1556751
명일2동050,37.5470033,127.155563
명일2동051,37.5466608,127.1555443
명일2동052,37.546608,127.1557259
명일2동053,37.5464186,127.1556941
명일2동054,37.5477433,127.1557245
명일2동055,37.5480769,127.1557433
명일2동056,37.5484825,127.1557614
명일2동057,37.5487889,127.1557693
명일2동058,37.5487952,127.1553957
명일2동059,37.5484704,127.1553315
명일2동060,37.5481008,127.155313
명일2동061,37.5477674,127.1553055
명일2동062,37.5477734,127.1548867
명일2동063,37.5480167,127.1548953
명일2동064,37.5484494,127.154913
명일2동065,37.5487919,127.1549318
명일2동066,37.5487888,127.1545018
명일2동067,37.5485004,127.1544937
명일2동068,37.5481038,127.1544755
명일2동069,37.5477974,127.1544677
명일2동070,37.5465149,127.1515285
명일2동071,37.5464686,127.1513479
명일2동072,37.5463503,127.1511908
명일2동073,37.545846,127.1487295
명일2동074,37.5464237,127.1488701
명일2동075,37.5477052,127.1491498
명일2동076,37.5514586,127.1498428
명일2동077,37.5514782,127.1500576
명일2동078,37.5514887,127.1502725
명일2동079,37.5514904,127.1505102
명일2동080,37.5514919,127.1507139
명일2동081,37.5515024,127.1509175
명일2동082,37.5515217,127.1510983
명일2동083,37.5514512,127.1513255
명일2동084,37.5463466,127.1557176
명일2동085,37.5465364,127.1557946
명일2동086,37.5468248,127.1558027
명일2동087,37.5470322,127.155823
명일2동088,37.5473206,127.1558311
명일2동089,37.547537,127.1558513
명일2동090,37.5477714,127.1558713
명일2동091,37.5490151,127.1559025
명일2동092,37.5493489,127.1559667
상일동135,37.5507447,127.1711275
상일동136,37.5504298,127.1711989
상일동137,37.5499258,127.1712837
상일동138,37.5497349,127.1710368
상일동139,37.5497099,127.1713314
상일동140,37.5494039,127.17138
상일동141,37.5491069,127.1714399
상일동148,37.5515149,127.1640569
상일동149,37.5515976,127.1642823
상일동150,37.551734,127.1644619
상일동151,37.5519063,127.1646184
상일동152,37.552095,127.1645484
상일동153,37.5519356,127.164935
상일동154,37.5459034,127.1643571
상일동155,37.5461647,127.1643542
상일동156,37.5465161,127.1643503
상일동157,37.5457277,127.1637254
상일동158,37.547816,127.1621403
명일2동201,37.54872539,127.154496
명일2동203,37.54841323,127.1537796
명일2동204,37.54769003,127.1538885
명일2동205,37.54663688,127.1531083
명일2동264,37.55269472,127.1558735
명일2동265,37.54706194,127.1553413
명일2동267,37.54857946,127.1558395
명일2동268,37.54645462,127.1546865
명일1동144,37.5475192,127.1458361
명일1동145,37.5471121,127.1456144
명일1동146,37.5470917,127.1452864
명일1동148,37.5471637,127.1465304
명일1동149,37.5469714,127.1461026
명일1동150,37.546782,127.1460708
명일1동151,37.5476781,127.1466377
명일1동152,37.5479305,127.1466462
명일1동153,37.5477177,127.1471352
명일1동154,37.5481238,127.1472098
명일1동155,37.5483806,127.1465845
명일1동156,37.5481728,127.1465189
명일1동157,37.5483557,127.1468903
명일1동158,37.5483395,127.1471395
명일1동159,37.5487906,127.1472136
명일1동160,37.5492054,127.1472654
명일1동161,37.5493743,127.1469466
명일1동162,37.5493729,127.1467429
명일1동163,37.548029,127.1478107
명일1동164,37.5477563,127.1474856
명일1동165,37.5477675,127.147791
명일1동166,37.5477886,127.1482095
명일1동167,37.5477917,127.1486509
명일1동168,37.5477757,127.1489226
명일1동169,37.55048,127.1465832
명일1동170,37.5505988,127.1468082
명일1동171,37.5507731,127.1472476
명일1동172,37.550889,127.1470652
명일1동173,37.5508775,127.1467258
명일1동174,37.5505228,127.1462658
명일1동175,37.5507566,127.1462066
명일1동176,37.5517477,127.1461953
명일1동177,37.5520994,127.1462366
명일1동178,37.55217733,127.1465446
명일1동179,37.5521757,127.1468242
명일1동180,37.5521595,127.1470734
명일1동181,37.5521519,127.1472659
명일1동182,37.5494071,127.1489947
명일1동183,37.549516,127.1491066
명일1동184,37.5521005,127.1463837
명일1동185,37.5478979,127.148378
명일1동186,37.5481597,127.148443
명일1동187,37.5478887,127.1470993
명일1동188,37.5526149,127.1415226
명일1동189,37.5462137,127.1459867
명일1동190,37.5458714,127.1460019
명일1동191,37.5458883,127.1458433
명일1동192,37.5458778,127.1456397
명일1동193,37.5458463,127.1450177
명일1동194,37.5459903,127.1449934
명일1동195,37.5454318,127.1450111
명일2동042,37.5466856,127.1552384
명일2동043,37.5468484,127.1553271
명일2동044,37.547245,127.1553453
명일2동045,37.5474974,127.1553538
명일2동046,37.5476511,127.1554199
상일동114,37.5498357,127.1725636
상일동115,37.5499166,127.17254
상일동116,37.5499906,127.1728221
상일동117,37.5502857,127.1724907
상일동118,37.5505556,127.1724311
상일동119,37.5506003,127.1723854
상일동120,37.5506476,127.1727017
상일동121,37.5505531,127.1720803
상일동122,37.5505345,127.1720013
상일동123,37.5503006,127.1720491
상일동124,37.5500577,127.1720971
상일동125,37.5498775,127.1721104
상일동126,37.5497606,127.1721456
상일동127,37.5493557,127.172218
상일동128,37.5491367,127.1718243
상일동129,37.5494427,127.1717757
상일동130,37.5497396,127.1717158
상일동131,37.5498303,127.171794
상일동132,37.5500996,127.1716553
상일동133,37.5504506,127.1715948
상일동134,37.5507925,127.1715231
명일2동144,37.5540933,127.1553813
명일2동146,37.5537223,127.1551591
명일2동148,37.5537722,127.1545814
명일2동149,37.5536003,127.1544815
명일2동150,37.5535575,127.1547875
명일2동151,37.5535242,127.1551727
명일2동152,37.5536415,127.155194
명일2동153,37.5536745,127.1547749
명일2동154,37.5543111,127.1543376
명일2동155,37.554149,127.1543395
명일2동156,37.5540227,127.1543296
명일2동157,37.5538063,127.1543094
명일2동158,37.5536801,127.1542995
명일2동159,37.5535449,127.1542897
명일2동160,37.5534097,127.1542799
명일2동161,37.5532204,127.1542707
명일2동162,37.5530046,127.154341
명일2동163,37.5529972,127.1545675
명일2동164,37.5530205,127.1540466
명일2동165,37.5530277,127.1537862
명일2동166,37.5530434,127.1534691
명일2동167,37.5544269,127.1554002
명일2동168,37.55458744,127.155405
명일2동169,37.5547586,127.1554223
명일2동172,37.5549253,127.1554085
명일2동178,37.5543455,127.1540996
명일2동181,37.5537111,127.15611
명일2동182,37.5543437,127.1563745
명일2동183,37.5527571,127.1562678
명일2동184,37.5488883,127.1558134
명일2동185,37.5437982,127.1622644
명일2동186,37.5437069,127.1620957
명일2동187,37.5436065,127.1619271
명일2동188,37.55082636,127.1497219
명일2동189,37.55112588,127.1497649
명일2동190,37.54832335,127.1553326
명일2동192,37.54769361,127.1545957
명일2동193,37.54793101,127.1556345
명일2동194,37.54831841,127.1556607
명일2동195,37.54747458,127.1550111
명일2동198,37.548646,127.1557703
명일2동199,37.55452541,127.1563187
명일2동200,37.55424213,127.1559135
명일1동103,37.5481791,127.1448892
명일1동104,37.5481958,127.144708
명일1동105,37.5484025,127.1446264
명일1동106,37.548582,127.1445338
명일1동107,37.54848509,127.1450464
명일1동108,37.5487388,127.1450413
명일1동113,37.5496042,127.145088
명일1동114,37.54995187,127.1447211
명일1동115,37.5500535,127.1449131
명일1동116,37.5502245,127.1448885
명일1동117,37.5500288,127.1452416
명일1동118,37.5499952,127.1455815
명일1동119,37.5499975,127.1458984
명일1동120,37.5497631,127.1458784
명일1동121,37.5496007,127.1458576
명일1동123,37.5495663,127.1460843
명일1동124,37.5495205,127.1459717
명일1동125,37.5494689,127.1463118
명일1동129,37.5484236,127.1463011
명일1동130,37.5483851,127.145962
명일1동131,37.5484728,127.1456328
명일1동132,37.5485065,127.1453042
명일1동133,37.5481755,127.1456362
명일1동134,37.5479583,127.1455142
명일1동135,37.5476504,127.1452914
명일1동136,37.5475074,127.1454514
명일1동137,37.5476704,127.1455627
명일1동138,37.5478616,127.1458435
명일1동139,37.5481235,127.1459197
명일1동140,37.5483424,127.1462907
명일1동141,37.5479726,127.1462383
명일1동142,37.54783933,127.1463069
명일1동143,37.5475542,127.1456999
상일동082,37.5472187,127.1707252
상일동083,37.547408,127.1707344
상일동084,37.5475446,127.1709366
상일동085,37.5476888,127.1709463
상일동086,37.5478075,127.17116
상일동087,37.5480404,127.170965
상일동088,37.5478799,127.1712158
상일동089,37.5481332,127.1713601
상일동090,37.5482149,127.1714384
상일동091,37.5482718,127.1718452
상일동092,37.5483108,127.1722635
상일동093,37.5483585,127.1726478
상일동094,37.5483592,127.1727496
상일동095,37.5486031,127.1728375
상일동096,37.5487488,127.1730509
상일동097,37.5486565,127.172735
상일동098,37.5486267,127.1723392
상일동099,37.5484528,127.1719564
상일동100,37.5485607,127.1719212
상일동101,37.5485599,127.1718081
상일동102,37.5485407,127.1716499
상일동103,37.5485211,127.1714237
상일동104,37.5484734,127.1710395
상일동105,37.5488251,127.1710809
상일동106,37.5488728,127.1714538
상일동107,37.5489027,127.1718722
상일동108,37.5489124,127.1719739
상일동109,37.548969,127.1723355
상일동110,37.5490172,127.1727763
상일동112,37.5491787,127.172684
상일동113,37.5494037,127.1726362
상일동073,37.5475844,127.1714793
상일동074,37.5472941,127.1711996
상일동075,37.5471942,127.1710876
상일동076,37.5471117,127.1708848
상일동077,37.5469202,127.1705587
상일동078,37.5467406,127.1706512
상일동079,37.5471637,127.17059
상일동080,37.5473148,127.1702941
상일동081,37.5468007,127.1702205
명일1동271,37.55012754,127.1447356
명일1동276,37.5476647,127.1454381
명일1동277,37.54768453,127.1458002
명일1동278,37.54751683,127.1447956
명일1동279,37.54777407,127.1462502
명일1동280,37.54708238,127.1463903
명일1동281,37.54706735,127.1457962
명일1동282,37.54780493,127.1467963
명일1동283,37.54838924,127.1478696
명일1동284,37.55123067,127.1415096
명일1동286,37.55233582,127.1421992
명일2동001,37.5487863,127.1528835
명일2동002,37.5487792,127.1531551
명일2동003,37.5485989,127.1531459
명일2동004,37.548463,127.1530342
명일2동005,37.5484193,127.1532271
명일2동006,37.5481301,127.1531059
명일2동007,37.5478149,127.1531321
명일2동008,37.5478043,127.1529059
명일2동009,37.5477992,127.1534491
명일2동010,37.5481147,127.1534795
명일2동011,37.5483492,127.1534995
명일2동012,37.5487815,127.153472
명일2동013,37.5487846,127.1539133
명일2동014,37.5490836,127.1541476
명일2동015,37.5489127,127.1541835
명일2동016,37.5488047,127.1542073
명일2동017,37.5487051,127.1541293
명일2동018,37.5483626,127.1541218
명일2동019,37.547984,127.1541034
명일2동020,37.5478124,127.1540375
명일2동021,37.5476951,127.15276
명일2동022,37.5473158,127.1526398
명일2동023,37.5476904,127.1533598
명일2동024,37.5476747,127.1536882
명일2동025,37.5475875,127.1540853
명일2동026,37.5472088,127.1540556
명일2동027,37.547046,127.1539669
명일2동028,37.5469377,127.1539455
명일2동029,37.5468476,127.1539465
명일2동030,37.5465681,127.153927
명일2동031,37.5465153,127.1540974
명일2동032,37.5468039,127.1541394
명일2동033,37.546788,127.1544338
명일2동035,37.5470768,127.1544984
명일2동036,37.547302,127.1544959
명일2동037,37.5475636,127.1545269
명일2동038,37.5476479,127.1549786
명일2동039,37.5472782,127.1549375
명일2동040,37.5468726,127.1549195
명일2동041,37.5467194,127.1549212
명일1동099,37.5476196,127.1447711
명일1동100,37.5477348,127.1445095
명일1동101,37.5477105,127.1448833
명일1동102,37.5479715,127.1448463
명일2동121,37.5521391,127.1555278
명일2동122,37.5522706,127.1550171
명일2동123,37.5524059,127.1550382
명일2동124,37.5524392,127.1559093
명일2동125,37.5524457,127.1555583
명일2동126,37.552508,127.1554558
명일2동127,37.5527078,127.1556686
명일2동128,37.552798,127.1556902
명일2동129,37.5528517,127.1556443
명일2동131,37.552969,127.1556543
명일2동132,37.5532216,127.1556967
명일2동133,37.5534289,127.155717
명일2동134,37.5535371,127.1557158
명일2동135,37.5537164,127.1555893
명일2동136,37.5537715,127.1557358
명일2동137,37.5539969,127.1557559
명일2동138,37.5542133,127.1557761
명일2동139,37.5529665,127.1553148
명일2동140,37.5532009,127.1553235
명일2동141,37.5534262,127.1553323
명일2동142,37.5535613,127.1553307
명일2동143,37.5538049,127.1553733
상일동028,37.5465403,127.1690691
상일동029,37.546523,127.1691711
상일동030,37.5465685,127.1692385
상일동031,37.5465792,127.1694761
상일동032,37.546608,127.1697247
상일동033,37.5463962,127.1703608
상일동034,37.5464132,127.1702135
상일동035,37.5463213,127.1699655
상일동036,37.5462916,127.1695811
상일동037,37.5462368,127.1694686
상일동038,37.5462894,127.1692643
상일동039,37.5458567,127.1692351
상일동040,37.5458587,127.169518
상일동041,37.5459695,127.1699015
상일동042,37.5460257,127.1702065
상일동043,37.5465514,127.1706533
상일동044,37.5466975,127.1709233
상일동045,37.5468161,127.171137
상일동047,37.5470349,127.1714967
상일동048,37.5471615,127.1715632
상일동049,37.5471804,127.1716875
상일동050,37.5474241,127.1717414
상일동052,37.5476332,127.1720107
상일동053,37.5476809,127.1723949
상일동054,37.54771,127.1726776
상일동055,37.5475569,127.1727019
상일동056,37.547386,127.1727377
상일동057,37.547235,127.1730562
상일동058,37.5475145,127.1730758
상일동059,37.5476054,127.173188
상일동060,37.54770644,127.172959
상일동061,37.5479177,127.1727545
상일동063,37.547992,127.1730592
상일동064,37.5481993,127.1730682
상일동065,37.5481609,127.1727405
상일동066,37.5480792,127.1726508
상일동067,37.5479872,127.1723803
상일동068,37.5480126,127.1721423
상일동069,37.5479926,127.1718709
상일동070,37.5479828,127.1717466
상일동071,37.5478554,127.1715669
상일동072,37.5476749,127.1715349
명일1동064,37.5518901,127.1434548
명일1동065,37.5518753,127.1439077
명일1동066,37.5514867,127.1437424
명일1동067,37.5515024,127.1434253
명일1동068,37.5515271,127.1431082
명일1동069,37.5515428,127.1427798
명일1동070,37.5511722,127.1426256
명일1동071,37.5512295,127.1430663
명일1동072,37.5511879,127.1435421
명일1동073,37.5504291,127.144524
명일1동074,37.5504817,127.1443197
명일1동075,37.5503912,127.1442642
명일1동076,37.5503009,127.1442426
명일1동077,37.5500774,127.1444828
명일1동078,37.5497343,127.1443962
명일1동079,37.54968,127.1443515
명일1동080,37.5496962,127.1441024
명일1동081,37.5495875,127.1440244
명일1동082,37.5493646,127.1443551
명일1동083,37.549076,127.1443131
명일1동084,37.5488334,127.1444065
명일1동085,37.5488684,127.1442702
명일1동086,37.5486157,127.1442165
명일1동087,37.548578,127.1439793
명일1동088,37.5484179,127.1442754
명일1동089,37.5480842,127.1442339
명일1동090,37.5477031,127.1438648
명일1동091,37.5476605,127.1442048
명일1동092,37.5473717,127.1441289
명일1동093,37.547038,127.1440874
명일1동094,37.5468575,127.1440555
명일1동095,37.5465839,127.1448395
명일1동096,37.546818,127.1448142
명일1동097,37.5471063,127.1448109
명일1동098,37.5473314,127.144797
명일2동093,37.5496644,127.1559858
명일2동094,37.5499349,127.1560054
명일2동095,37.5501511,127.1560029
명일2동096,37.5504037,127.156034
명일2동097,37.5507282,127.156053
명일2동098,37.5510438,127.1560834
명일2동099,37.5514766,127.1561238
명일2동100,37.5464309,127.1549018
명일2동101,37.5454282,127.1595982
명일2동102,37.5452387,127.1595663
명일2동103,37.5449321,127.1595245
명일2동104,37.5446886,127.1594933
명일2동105,37.5444064,127.1590891
명일2동106,37.5441879,127.1587746
명일2동107,37.5520768,127.1531179
명일2동108,37.5520244,127.1533448
명일2동109,37.5520435,127.1535031
명일2동109(2),37.54741948,127.1540803
명일2동110,37.5522177,127.1537704
명일2동111,37.55234157,127.1537877
명일2동112,37.5524874,127.1538376
명일2동113,37.5525781,127.1539158
명일2동114,37.5527142,127.1540501
명일2동115,37.5528868,127.1542405
명일2동116,37.5524636,127.1542906
명일2동117,37.5524306,127.1547097
명일2동118,37.5521937,127.1543389
명일2동119,37.5521626,127.1550296
명일2동120,37.5521375,127.1553015
명일1동209,37.544762,127.1446
명일1동210,37.5447061,127.1443404
명일1동211,37.5447587,127.1441474
명일1동212,37.5452206,127.1444703
명일1동213,37.5458691,127.1444403
명일1동214,37.5458584,127.1442028
명일1동215,37.5458374,127.1437843
명일1동216,37.545826,127.1434562
명일1동217,37.5457365,127.1447926
명일1동218,37.5455279,127.1446026
명일1동219,37.5451382,127.1442902
명일1동220,37.5448934,127.144078
명일1동221,37.5449868,127.1432961
명일1동222,37.545042,127.1434539
명일1동223,37.5452047,127.1435199
명일1동224,37.5453583,127.1435747
명일1동225,37.5455661,127.1436516
명일1동226,37.5455137,127.1438898
명일1동227,37.5456762,127.1439332
명일1동228,37.5522439,127.1437903
명일1동229,37.5498099,127.1461268
명일1동230,37.5523666,127.1433136
명일1동231,37.5527235,127.1415779
명일1동232,37.553289,127.1425334
명일1동233,37.5534152,127.142532
명일1동235,37.5484588,127.1461875
명일1동236,37.5528482,127.142629
명일1동237,37.5456392,127.1450427
명일1동239,37.551085,127.1417778
명일1동240,37.549395,127.1473085
명일1동241,37.55222662,127.1412173
명일1동242,37.54785521,127.1462136
명일1동243,37.55095609,127.1468647
명일1동244,37.54515717,127.1458462
명일1동245,37.54720688,127.1440623
명일1동250,37.5543024,127.1430036
명일1동251,37.54805031,127.1469128
명일1동260,37.55264248,127.1437898
명일1동261,37.55257623,127.1427004
명일1동262,37.54591688,127.1453498
명일1동263,37.54806091,127.1456312
명일1동264,37.54864131,127.1462264
명일1동265,37.54884175,127.1462551
명일1동266,37.54903318,127.146281
명일1동267,37.54922462,127.1463011
명일1동268,37.54937762,127.1464372
명일1동269,37.54510406,127.1450795
명일1동270,37.54962638,127.1456371
명일1동047,37.553998,127.1433742
명일1동048,37.5540504,127.1431472
명일1동049,37.5539851,127.1428424
명일1동050,37.5539219,127.1428205
명일1동051,37.5537417,127.1428338
명일1동052,37.5536084,127.1430844
명일1동053,37.5536911,127.1433098
명일1동054,37.5536848,127.1436833
명일1동055,37.5533094,127.1428501
명일1동056,37.5530404,127.1430343
명일1동057,37.5529626,127.1434879
명일1동058,37.5527339,127.1430151
명일1동059,37.5526933,127.1436268
명일1동061,37.5523497,127.1434722
명일1동062,37.5523733,127.1429966
명일1동063,37.5519137,127.1429792
명일1동196,37.5454878,127.1452821
명일1동197,37.5455269,127.1457116
명일1동198,37.5455381,127.1460057
명일1동199,37.5452507,127.1461448
명일1동200,37.5450583,127.1457057
명일1동201,37.5449665,127.1454691
명일1동202,37.5453335,127.1451254
명일1동203,37.5449378,127.1452317
명일1동204,37.5448016,127.1450975
명일1동205,37.5448805,127.1447911
명일2동269,37.54638398,127.1553059
명일2동270,37.54640676,127.1551164
명일2동271,37.54649104,127.1544009
명일2동272,37.54656625,127.1537277
명일2동273,37.54662516,127.1534619
명일2동274,37.54670052,127.1526699
명일동이마트,37.55473714,127.1563248
명일동이마트2,37.55508894,127.1560115
명일동이마트3,37.55507804,127.155737
명일동이마트4,37.55504032,127.1553012
명일동이마트5,37.55500902,127.1551258
명일동이마트6,37.55496208,127.1548512
명일동이마트7,37.55492867,127.1545626
미관광장,37.55312031,127.1542618
미관광장,37.55377553,127.1544583
미관광장,37.55367803,127.1549504
미관광장,37.55360637,127.1546277
미관광장,37.55356758,127.1550068
미관광장,37.55354564,127.1545569
미관광장,37.55352065,127.1547238
미관광장67,37.55481403,127.1543813
미관광장68,37.5546271,127.1543611
미관광장69,37.55447169,127.1543466
미관광장73,37.55435074,127.1538229
미관광장74,37.55437136,127.153557
미관광장76,37.55432727,127.1562589
상일동000,37.54980603,127.1803054
상일동001,37.5469059,127.1672431
상일동002,37.5468902,127.1675714
상일동003,37.5468752,127.1680016
상일동004,37.5469475,127.1680348
상일동005,37.5467249,127.1684107
상일동007,37.5466273,127.1686268
상일동008,37.5466088,127.1685591
상일동009,37.5462199,127.1683484
상일동010,37.546373,127.1683467
상일동012,37.5465147,127.1679943
상일동013,37.5465946,127.1678123
상일동014,37.5465929,127.1675747
상일동015,37.5462964,127.1676912
상일동016,37.5459734,127.1678985
상일동018,37.5461016,127.16818
상일동019,37.5460571,127.1682597
상일동020,37.5459507,127.1685098
상일동021,37.5458888,127.1686802
상일동022,37.5458458,127.1689636
상일동023,37.5457124,127.1692254
상일동024,37.5459287,127.169223
상일동025,37.546297,127.1690718
상일동026,37.5462774,127.1688344
상일동027,37.546321,127.1686302
명일1동206,37.5445059,127.1453272
명일1동207,37.5445576,127.1449871
명일1동208,37.5446626,127.1445559
길동479,37.5402507,127.1450136
길동481,37.5401731,127.145501
길동482,37.5399576,127.1456053
길동483,37.5401567,127.1457276
길동484,37.5398072,127.1459918
길동485,37.5400511,127.1460682
길동486,37.5404214,127.1461885
길동487,37.5401267,127.1465653
길동488,37.5401159,127.1475612
길동489,37.5398992,127.1474957
길동490,37.5394747,127.1473648
길동491,37.539132,127.1473121
길동492,37.5392202,127.1470508
길동493,37.5392896,127.1466766
길동494,37.5390056,127.1472796
길동495,37.5387075,127.1471811
길동496,37.5384456,127.1470936
길동497,37.5382825,127.146971
길동499,37.5383865,127.146404
길동500,37.5386587,127.1466612
길동501,37.5380806,127.1464641
길동502,37.5382014,127.1469719
길동503,37.5379577,127.1469068
길동504,37.5377866,127.1469313
길동505,37.5374972,127.1467762
길동506,37.5372533,127.1466885
길동507,37.5372978,127.1466201
길동508,37.537359,127.1463591
길동509,37.5375849,127.1464471
길동511,37.5377922,127.146456
길동512,37.5369733,127.1466011
길동513,37.5368558,127.1465572
길동514,37.536621,127.1464807
길동515,37.5365213,127.1463913
길동516,37.5368975,127.1460815
길동519,37.5362764,127.1461678
길동523,37.5362802,127.1466995
길동524,37.5366505,127.1468198
길동525,37.5367329,127.1469999
길동526,37.5368521,127.1472927
명일1동021,37.5508194,127.1424259
명일1동022,37.5515587,127.1424853
명일1동023,37.5515835,127.1421795
명일1동024,37.5515993,127.1418737
명일1동025,37.5516157,127.1416585
명일1동026,37.5519856,127.1417222
명일1동027,37.5519531,127.1422092
명일1동028,37.5519375,127.1425376
명일1동029,37.5521539,127.1425577
명일1동030,37.5524063,127.1425775
명일1동031,37.5524051,127.1424077
명일1동032,37.5524297,127.1420793
명일1동033,37.5525831,127.1421001
명일1동034,37.5524451,127.1417169
명일1동035,37.5525984,127.1417265
명일1동036,37.5523544,127.1416274
명일1동037,37.5530806,127.1423661
명일1동038,37.5526769,127.1426084
명일1동039,37.5527463,127.1422454
명일1동040,37.5530735,127.1426378
명일1동041,37.5532989,127.1426465
명일1동042,37.5535694,127.1426774
명일1동043,37.554287,127.1434727
명일1동044,37.5542882,127.1436425
명일1동045,37.5540635,127.143713
명일1동046,37.5539903,127.1435667
길동442,37.5382992,127.1455337
길동443,37.538533,127.1454745
길동444,37.5385078,127.1457237
길동445,37.5384732,127.1459278
길동446,37.5382123,127.1459873
길동447,37.5379416,127.1459338
길동448,37.5387182,127.1461626
길동450,37.5386062,127.1456321
길동451,37.5386102,127.1449304
길동452,37.5386373,127.1449415
길동453,37.5386707,127.144579
길동454,37.5386978,127.14459
길동455,37.5387405,127.1442613
길동456,37.5387586,127.1442725
길동457,37.5388106,127.143989
길동458,37.5388454,127.1438188
길동459,37.5390137,127.1446656
길동460,37.5393635,127.1444353
길동460,37.5393635,127.1444353
길동461,37.5393479,127.1447749
길동462,37.5392144,127.1450028
길동463,37.5391622,127.1452636
길동464,37.5389132,127.1457191
길동465,37.5390939,127.1457849
길동466,37.5392923,127.1458053
길동467,37.539419,127.1458831
길동468,37.5393766,127.146257
길동469,37.5392421,127.146349
길동470,37.5395131,127.1464365
길동471,37.5397208,127.146502
길동472,37.5395455,127.1459269
길동473,37.5395247,127.1455537
길동474,37.5395768,127.1452815
길동475,37.5395014,127.1448184
길동476,37.5396459,127.1448621
길동476,37.5396459,127.1448621
길동477,37.5398353,127.1448938
길동478,37.5401936,127.1445956
둔촌2동495,37.52774479,127.1444689
둔촌2동496,37.5321884,127.1430972
둔촌2동497,37.52751514,127.1453014
둔촌2동498,37.53055676,127.1456113
둔촌2동499,37.52941332,127.143089
둔촌2동500,37.53279517,127.1405103
둔촌2동501,37.53214371,127.1482788
둔촌2동502,37.53237683,127.147394
둔촌2동503,37.53162402,127.1495619
둔촌2동504,37.53303968,127.1469003
둔촌2동505,37.53298987,127.1471038
둔촌2동506,37.53139555,127.1485432
둔촌2동507,37.53311702,127.1480969
둔촌2동508,37.53614613,127.1502752
둔촌2동509,37.53616288,127.1512738
둔촌2동510,37.53605897,127.1497405
둔촌2동511,37.52836322,127.1452931
둔촌2동512,37.52810904,127.1393956
둔촌2동513,37.52995551,127.1398855
둔촌2동515,37.53082727,127.1454421
둔촌2동516,37.53132907,127.1383721
둔촌2동517,37.53230026,127.1399748
둔촌2동518,37.52798204,127.1457053
둔촌2동519,37.53314145,127.1410172
둔촌2동520,37.53310789,127.1408276
둔촌2동521,37.53300012,127.1442754
둔촌2동527,37.53273476,127.1420517
둔촌2동529,37.53089242,127.1399948
둔촌2동530,37.53323738,127.1436592
둔촌2동535,37.5313627,127.1407928
로데오거리1-1,37.54014385,127.1277098
로데오거리1-10,37.53884445,127.1274389
로데오거리1-11,37.53877487,127.1272124
로데오거리1-12,37.53850909,127.127195
로데오거리1-13,37.53844402,127.126963
로데오거리1-14,37.53812876,127.1268747
로데오거리1-15,37.53801865,127.1266341
로데오거리1-2,37.5400985,127.1279898
로데오거리1-3,37.54003791,127.1277775
로데오거리1-4,37.53989363,127.1278876
로데오거리1-5,37.53976769,127.1277063
로데오거리1-6,37.53963696,127.1277825
로데오거리1-7,37.53938042,127.1275557
로데오거리1-8,37.53925868,127.1276545
로데오거리1-9,37.539045,127.1273657
명일1동001,37.5509332,127.140727
명일1동002,37.5511116,127.140476
명일1동003,37.5514461,127.1406306
명일1동004,37.5515631,127.1406179
명일1동005,37.55179,127.1408417
명일1동006,37.55202395,127.1411716
명일1동007,37.5525064,127.1414672
명일1동008,37.5522709,127.1413002
명일1동009,37.5520004,127.1412693
명일1동010,37.5516996,127.1407974
명일1동011,37.5516216,127.1412284
명일1동012,37.5513431,127.1413334
명일1동013,37.5510185,127.1413032
명일1동014,37.5513001,127.1416169
명일1동015,37.551229,127.1417535
명일1동016,37.5512128,127.1420026
명일1동018,37.5511797,127.1424104
명일1동019,37.551144,127.1424561
명일1동020,37.5509907,127.1424466
둔촌2동432,37.5361138,127.1498697
둔촌2동433,37.5361602,127.1500502
둔촌2동434,37.5361993,127.1504797
둔촌2동435,37.5362294,127.1509094
둔촌2동436,37.532318,127.1457942
둔촌2동437,37.528689,127.1423621
둔촌2동439,37.5308146,127.1397695
둔촌2동440,37.5313066,127.1429997
둔촌2동441,37.5312717,127.1431472
둔촌2동442,37.5312013,127.1433856
둔촌2동443,37.5284038,127.1427953
둔촌2동444,37.5284232,127.1429874
둔촌2동445,37.528813,127.1395888
둔촌2동446,37.5284607,127.1394683
둔촌2동447,37.5282619,127.1393914
둔촌2동448,37.5276154,127.148416
둔촌2동449,37.527617,127.1486422
둔촌2동450,37.5276186,127.1488685
둔촌2동451,37.5276203,127.1490948
둔촌2동452,37.5276219,127.149321
둔촌2동453,37.5276235,127.1495473
둔촌2동453(2),37.5302091,127.1382829
둔촌2동454,37.5276251,127.1497622
둔촌2동455,37.5276267,127.1499885
둔촌2동457,37.52854339,127.1489307
둔촌2동458,37.5289906,127.1491924
둔촌2동459,37.5317273,127.1513563
둔촌2동460,37.5317833,127.1516272
둔촌2동461,37.5319287,127.1517953
둔촌2동462,37.5319306,127.1520555
둔촌2동463,37.5319776,127.1523265
둔촌2동464,37.5320515,127.1525859
둔촌2동465,37.5321075,127.1528569
둔촌2동466,37.5321456,127.1531506
둔촌2동467,37.5327323,127.1532911
둔촌2동468,37.5324993,127.1534634
둔촌2동469,37.5322378,127.1534324
둔촌2동470,37.5364535,127.1520044
둔촌2동471,37.5364394,127.1525477
둔촌2동472,37.5364147,127.1528761
둔촌2동473,37.5363542,127.1532389
둔촌2동474,37.5363931,127.1536345
둔촌2동475,37.5363962,127.1540644
둔촌2동476,37.5362691,127.1551974
둔촌2동477,37.536692,127.1551134
둔촌2동478,37.5369461,127.1553595
둔촌2동479,37.5373268,127.1556833
둔촌2동480,37.5373794,127.155479
둔촌2동481,37.5374546,127.1559082
둔촌2동482,37.5371136,127.1523251
둔촌2동483,37.537384,127.1523333
둔촌2동484,37.53004,127.139801
둔촌2동485,37.52937059,127.1392679
둔촌2동486,37.53557581,127.1470495
둔촌2동487,37.5289759,127.1409333
둔촌2동488,37.52842749,127.138675
둔촌2동489,37.52892747,127.138741
둔촌2동489,37.52892747,127.138741
둔촌2동489,37.52892747,127.138741
둔촌2동491,37.53133836,127.1400408
둔촌2동492,37.53347353,127.1529202
둔촌2동493,37.5292245,127.1389932
둔촌2동494,37.52776314,127.1442045
둔촌2동495,37.52774479,127.1444689
둔촌2동279,37.5267494,127.1470342
둔촌2동281,37.5263865,127.1466876
둔촌2동368,37.5330974,127.1476636
둔촌2동369,37.5328803,127.1475416
둔촌2동370,37.5327103,127.1477132
둔촌2동371,37.5326991,127.1474078
둔촌2동372,37.5328691,127.1472475
둔촌2동373,37.5331203,127.1470862
둔촌2동375,37.5332166,127.1467005
둔촌2동376,37.533245,127.1468925
둔촌2동377,37.5332748,127.1472768
둔촌2동378,37.5332408,127.1475601
둔촌2동379,37.5333845,127.1474906
둔촌2동380,37.5336288,127.1476349
둔촌2동381,37.5338367,127.147723
둔촌2동382,37.5341613,127.1477533
둔촌2동383,37.5343239,127.147808
둔촌2동384,37.5346311,127.147929
둔촌2동385,37.53473,127.1478939
둔촌2동386,37.5348009,127.1477347
둔촌2동387,37.5350335,127.1475058
둔촌2동388,37.5353115,127.1473216
둔촌2동389,37.5354541,127.1470937
둔촌2동391,37.5352032,127.1472889
둔촌2동392,37.5350648,127.1468492
둔촌2동393,37.5349458,127.1465903
둔촌2동394,37.5348449,127.1463312
둔촌2동395,37.5347988,127.1461959
둔촌2동396,37.5349425,127.1461264
둔촌2동397,37.5349047,127.1458779
둔촌2동398,37.5347416,127.1457553
둔촌2동399,37.5350604,127.1462382
둔촌2동400,37.5352705,127.1466318
둔촌2동401,37.5346242,127.1482233
둔촌2동402,37.534509,127.1484848
둔촌2동403,37.5344295,127.148712
둔촌2동404,37.5341943,127.1485789
둔촌2동405,37.5338512,127.148481
둔촌2동406,37.5336238,127.1481894
둔촌2동407,37.5333342,127.1480116
둔촌2동408,37.5340178,127.1491014
둔촌2동409,37.5339474,127.1493285
둔촌2동410,37.5338518,127.1498161
둔촌2동411,37.5337903,127.1500431
둔촌2동412,37.5337379,127.15027
둔촌2동413,37.534137,127.1493829
둔촌2동414,37.5341656,127.1496089
둔촌2동415,37.5343625,127.1494143
둔촌2동416,37.5344412,127.1490853
둔촌2동417,37.5345204,127.1488241
둔촌2동418,37.5348014,127.1490472
둔촌2동419,37.5346705,127.1496484
둔촌2동420,37.5349555,127.1491813
둔촌2동421,37.5352629,127.1493249
둔촌2동422,37.5354691,127.1491755
둔촌2동423,37.5356389,127.1489925
둔촌2동424,37.5358363,127.1488771
둔촌2동425,37.5360336,127.1487391
둔촌2동426,37.5359817,127.1490452
둔촌2동427,37.5360644,127.1492592
둔촌2동428,37.5364,127.1495722
둔촌2동429,37.5361022,127.1495077
둔촌2동430,37.5357322,127.1494327
둔촌2동431,37.5355787,127.1493892
길동621,37.5441985,127.1489293
길동622,37.5444054,127.1488704
길동623,37.5445762,127.1488232
길동625,37.5450961,127.1484438
길동626,37.5454301,127.1485306
길동627,37.544482,127.1482584
길동628,37.544166,127.1481602
길동629,37.5436782,127.147996
길동630,37.5432644,127.1480912
길동632,37.543433,127.1477272
길동633,37.5434935,127.1473757
길동634,37.5434195,127.1471049
길동635,37.5432401,127.1472201
길동636,37.5431573,127.1469834
길동637,37.5430063,127.1472794
둔촌2동221,37.5337761,127.1430734
둔촌2동222,37.5336802,127.1435157
둔촌2동223,37.5337799,127.1436051
둔촌2동224,37.5339267,127.1439655
둔촌2동225,37.534055,127.1442695
둔촌2동226,37.5340562,127.1444279
둔촌2동227,37.5339949,127.1446776
둔촌2동228,37.5333524,127.1443002
둔촌2동229,37.533458,127.1439482
둔촌2동230,37.5335849,127.1440486
둔촌2동231,37.5336184,127.1436975
둔촌2동232,37.5330767,127.1435452
둔촌2동233,37.5331066,127.1439409
둔촌2동234,37.5328262,127.143797
둔촌2동235,37.5326635,127.143731
둔촌2동236,37.5325984,127.1434489
둔촌2동237,37.5323663,127.1437457
둔촌2동239,37.5321577,127.1435671
둔촌2동240,37.5321747,127.1434198
둔촌2동242,37.5320228,127.1435912
둔촌2동243,37.5286566,127.1428716
둔촌2동244,37.5283706,127.1431917
둔촌2동245,37.5285785,127.1432798
둔촌2동246,37.528727,127.1438891
둔촌2동247,37.5286391,127.1441842
둔촌2동248,37.5286141,127.1444674
둔촌2동249,37.5286255,127.1447953
둔촌2동250,37.5284272,127.1447863
둔촌2동251,37.5280473,127.144587
둔촌2동252,37.5281265,127.1443259
둔촌2동253,37.5279541,127.1441581
둔촌2동254,37.5277243,127.144783
둔촌2동255,37.5276979,127.1448625
둔촌2동256,37.5276803,127.1449306
둔촌2동257,37.5279155,127.1450523
둔촌2동258,37.5279953,127.1448704
둔촌2동259,37.5282319,127.1451958
둔촌2동260,37.5282244,127.1454109
둔촌2동261,37.5280345,127.1453112
둔촌2동262,37.5278633,127.1453132
둔촌2동263,37.5276828,127.14527
둔촌2동264,37.5275677,127.1455541
둔촌2동265,37.5277666,127.1456424
둔촌2동266,37.5277313,127.1457446
둔촌2동269,37.52812611,127.1457735
둔촌2동219,37.5332646,127.1421288
둔촌2동274,37.5278054,127.1472711
둔촌2동277,37.5274804,127.1471843
둔촌2동278,37.5271368,127.1470298
길동813,37.5421082,127.1432632
길동815,37.5443451,127.1492671
길동816,37.54457,127.149208
길동817,37.5447695,127.1493868
길동818,37.544933,127.1495773
길동819,37.54511194,127.1495945
길동820,37.5435163,127.1455422
길동821,37.544044,127.1437482
둔촌2동167,37.5325454,127.1398628
둔촌2동168,37.5326376,127.1401559
둔촌2동169,37.5327708,127.1398941
둔촌2동170,37.5328456,127.1402666
둔촌2동171,37.5329985,127.1402196
둔촌2동172,37.5331323,127.1400371
둔촌2동173,37.5323647,127.1398083
둔촌2동174,37.532453,127.139547
둔촌2동176,37.5329315,127.1396773
둔촌2동177,37.5332206,127.1397871
둔촌2동178,37.5334285,127.1398753
둔촌2동179,37.5331707,127.1403648
둔촌2동180,37.5329906,127.1403781
둔촌2동181,37.5329314,127.1409106
둔촌2동182,37.5326588,127.1405969
둔촌2동183,37.5326884,127.1409473
둔촌2동184,37.5325246,127.1407229
둔촌2동185,37.5334864,127.141651
둔촌2동186,37.5332263,127.1418124
둔촌2동187,37.5330558,127.1419049
둔촌2동188,37.5328583,127.142009
둔촌2동189,37.532562,127.1421594
둔촌2동190,37.5324687,127.1417192
둔촌2동191,37.5322179,127.1419258
둔촌2동192,37.5323197,127.142298
둔촌2동193,37.5321047,127.1424588
둔촌2동194,37.531979,127.1425282
둔촌2동195,37.5318598,127.1422353
둔촌2동196,37.5317946,127.1419419
둔촌2동197,37.5318264,127.1426091
둔촌2동198,37.5317095,127.1426331
둔촌2동199,37.5315749,127.1427138
둔촌2동200,37.5312045,127.1425823
둔촌2동201,37.5313872,127.1429309
둔촌2동202,37.5315678,127.1429741
둔촌2동203,37.5319377,127.1430491
둔촌2동204,37.5320732,127.1430928
둔촌2동205,37.5322356,127.1431249
둔촌2동206,37.5324884,127.1431899
둔촌2동207,37.5324948,127.1428278
둔촌2동208,37.5325652,127.1426007
둔촌2동209,37.5325736,127.1425101
둔촌2동210,37.5327047,127.1431987
둔촌2동211,37.5329576,127.1432751
둔촌2동212,37.5332103,127.1433287
둔촌2동213,37.5332169,127.1430005
둔촌2동214,37.5332734,127.1433393
둔촌2동215,37.533525,127.1432459
둔촌2동216,37.5335507,127.1430646
둔촌2동217,37.533385,127.1425687
둔촌2동218,37.5333387,127.1423995
길동616,37.5429748,127.1491695
길동617,37.5432281,127.1493024
길동618,37.5434348,127.1492322
길동619,37.5436863,127.1491162
길동620,37.5439199,127.149023
둔촌2동164,37.5325587,127.1404623
둔촌2동165,37.5322682,127.1401601
둔촌2동166,37.5324019,127.1399662
길동558,37.5397136,127.148007
길동559,37.5399847,127.1481171
길동560,37.5400101,127.1478792
길동561,37.5401376,127.1480701
길동562,37.5402917,127.1481928
길동563,37.5403449,127.1505912
길동564,37.5400753,127.1506848
길동565,37.5398417,127.1507779
길동566,37.539644,127.1508481
길동567,37.5394283,127.1509297
길동568,37.5392216,127.151
길동569,37.539386,127.1513149
길동570,37.5390134,127.1508665
길동571,37.53885,127.15071
길동572,37.5388331,127.1508573
길동573,37.5385817,127.1509846
길동574,37.538456,127.1510426
길동575,37.5384854,127.1513817
길동576,37.5385508,127.1516978
길동576,37.5385508,127.1516978
길동577,37.5385427,127.1518224
길동578,37.5387147,127.1519336
길동579,37.5384255,127.1518237
길동580,37.5385259,127.1507363
길동581,37.5385694,127.1505208
길동582,37.5383169,127.150501
길동583,37.5380649,127.1505378
길동584,37.5379299,127.150562
길동585,37.5386045,127.1503959
길동586,37.5386569,127.1501577
길동587,37.5387354,127.149806
길동588,37.5387406,127.1492741
길동589,37.5383433,127.1491542
길동591,37.5380178,127.1489994
길동592,37.5380154,127.1486713
길동593,37.5407737,127.1488097
길동594,37.5409359,127.1488192
길동595,37.5410531,127.1488292
길동596,37.5413777,127.1488595
길동597,37.54167995,127.1489455
길동598,37.5417655,127.1489003
길동599,37.541774,127.1488323
길동600,37.5418263,127.1485828
길동601,37.5418697,127.148356
길동603,37.5419306,127.1480611
길동604,37.5419023,127.1478803
길동609,37.5428131,127.1479832
길동610,37.5424368,127.1482816
길동611,37.542175,127.1482054
길동612,37.5427986,127.1484699
길동613,37.5429248,127.1484798
길동614,37.542782,127.1486738
길동615,37.5428562,127.1489672
길동804,37.5400561,127.1368345
길동805,37.5434764,127.1449994
길동807,37.5389794,127.1424142
길동808,37.5439431,127.1447452
길동809,37.5420692,127.1447892
길동810,37.5418523,127.1447011
길동811,37.5415993,127.1446022
길동812,37.539728,127.1474977
길동789,37.5421073,127.1425821
길동790,37.54248071,127.1425624
길동791,37.5426572,127.1426211
길동792,37.543055,127.1427976
길동793,37.5434084,127.142847
길동794,37.54325081,127.142776
길동795,37.5436781,127.1429942
길동796,37.5438317,127.143049
길동797,37.5439396,127.1430251
길동798,37.544001,127.1427868
길동799,37.5440211,127.1430808
길동800,37.5441674,127.1433733
길동801,37.5443374,127.1432016
길동802,37.5442858,127.1435417
길동803,37.5447349,127.1433442
둔촌2동114,37.5297355,127.1412979
둔촌2동115,37.5299339,127.1413296
둔촌2동116,37.5300042,127.1410799
둔촌2동117,37.5297595,127.1408903
둔촌2동118,37.5300741,127.1407736
둔촌2동119,37.5300912,127.140649
둔촌2동120,37.5298459,127.1403689
둔촌2동121,37.5296825,127.1402124
둔촌2동122,37.5294557,127.14
둔촌2동123,37.5292464,127.1397196
둔촌2동124,37.5305359,127.1410851
둔촌2동125,37.5306813,127.1412532
둔촌2동126,37.5304656,127.1413348
둔촌2동127,37.5303918,127.1410981
둔촌2동128,37.5300597,127.1412716
둔촌2동129,37.5301783,127.1414852
둔촌2동130,37.5299539,127.1416009
둔촌2동131,37.529748,127.1417843
둔촌2동132,37.5299471,127.1419065
둔촌2동133,37.5302346,127.14179
둔촌2동134,37.5304767,127.1416176
둔촌2동135,37.530737,127.1414788
둔촌2동136,37.5308289,127.1417267
둔촌2동137,37.5305496,127.1417412
둔촌2동138,37.5303622,127.1419809
둔촌2동138,37.5303622,127.1419809
둔촌2동139,37.530084,127.1421425
둔촌2동140,37.5299317,127.1422574
둔촌2동141,37.5300331,127.142573
둔촌2동142,37.530221,127.1423899
둔촌2동143,37.530471,127.1420815
둔촌2동144,37.5306415,127.141989
둔촌2동145,37.5309118,127.1419746
둔촌2동147,37.5310638,127.1418145
둔촌2동148,37.5311987,127.141779
둔촌2동149,37.5314322,127.1416745
둔촌2동151,37.5313578,127.1413586
둔촌2동152,37.5312138,127.1413828
둔촌2동153,37.5308908,127.1415676
둔촌2동154,37.531501,127.1412212
둔촌2동155,37.5316806,127.1411399
둔촌2동156,37.5318063,127.1410706
둔촌2동157,37.5321922,127.1408625
둔촌2동158,37.5324123,127.1413918
둔촌2동159,37.5323658,127.1411886
둔촌2동160,37.5323185,127.1408837
둔촌2동161,37.5322622,127.1405788
둔촌2동162,37.5322598,127.1402394
둔촌2동163,37.532414,127.1403847
길동528,37.5371084,127.1478443
길동529,37.5370799,127.1476409
길동530,37.5371929,127.1470626
길동531,37.5369852,127.146997
길동533,37.5376356,127.1472273
길동534,37.5378708,127.1473604
길동535,37.5376201,127.1475782
길동536,37.5377829,127.1476669
길동537,37.53793112,127.1476934
길동538,37.5373427,127.1478416
길동539,37.5376588,127.1479512
길동541,37.5380566,127.1481277
길동542,37.5380994,127.1478217
길동543,37.5381617,127.1477192
길동544,37.5381959,127.1474585
길동546,37.5382859,127.1474462
길동547,37.5386287,127.1474989
길동549,37.5385232,127.1478622
길동550,37.5385244,127.1480319
길동551,37.5385252,127.148145
길동552,37.5382552,127.148182
길동553,37.5388313,127.1481076
길동554,37.5390202,127.1480602
길동555,37.5391441,127.1477533
길동556,37.5393175,127.1480455
길동557,37.5394795,127.148021
길동750,37.5429758,127.1443035
길동751,37.542961,127.1447564
길동752,37.5435753,127.1449757
길동753,37.5435813,127.1445569
길동754,37.5437707,127.1445774
길동756,37.544175,127.1444257
길동757,37.5440868,127.1446869
길동758,37.5440355,127.145061
길동759,37.5439457,127.1451073
길동760,37.5442619,127.1452281
길동761,37.5443815,127.1455663
길동762,37.5439039,127.1455604
길동763,37.5441514,127.1448899
길동764,37.5444919,127.1446257
길동766,37.5445952,127.1439682
길동767,37.544288,127.1438472
길동768,37.5438723,127.1436822
길동769,37.5438266,127.1435922
길동770,37.5436286,127.1436284
길동771,37.5433215,127.1435188
길동772,37.5429064,127.143433
길동773,37.5429502,127.1432628
길동774,37.5424816,127.1432568
길동775,37.5423182,127.1430889
길동776,37.5421647,127.1430454
길동777,37.5420109,127.1429566
길동778,37.5412578,127.142241
길동779,37.5412505,127.1424787
길동779,37.5412505,127.1424787
길동780,37.5414751,127.1423856
길동781,37.5416643,127.1423722
길동782,37.54172906,127.1419924
길동783,37.5417416,127.1418621
길동784,37.5416514,127.1418405
길동785,37.5418078,127.1422913
길동786,37.5419242,127.1421881
길동787,37.5420868,127.1422429
길동788,37.5421686,127.1423438
둔촌2동340,37.5329044,127.1458893
둔촌2동341,37.5328165,127.1461958
둔촌2동342,37.5327641,127.1464227
둔촌2동344,37.5324788,127.1468446
둔촌2동345,37.5323996,127.1471171
둔촌2동346,37.532554,127.1472737
둔촌2동347,37.5326613,127.1471594
둔촌2동348,37.5322778,127.1477181
둔촌2동349,37.5320251,127.1476531
둔촌2동350,37.5322084,127.1480923
둔촌2동351,37.5321123,127.1485007
둔촌2동352,37.5320595,127.1486823
둔촌2동353,37.5313627,127.1407928
둔촌2동354,37.5318572,127.1493748
둔촌2동355,37.5317956,127.1495792
둔촌2동356,37.531878,127.1485034
둔촌2동357,37.531626,127.1485402
둔촌2동358,37.5323616,127.1480906
둔촌2동359,37.5325422,127.1481451
둔촌2동360,37.5326325,127.1481667
둔촌2동361,37.5329484,127.1482423
둔촌2동362,37.5331018,127.1482745
둔촌2동363,37.5331412,127.148738
둔촌2동364,37.5331695,127.1489187
둔촌2동365,37.5332539,127.1493703
둔촌2동366,37.5329605,127.149928
둔촌2동367,37.5331084,127.147935
둔촌2동078,37.5309321,127.1410466
둔촌2동079,37.5304626,127.1409162
둔촌2동080,37.530559,127.1405531
둔촌2동081,37.5308031,127.1406634
둔촌2동082,37.5309103,127.1405377
둔촌2동083,37.53035558,127.1406188
둔촌2동084,37.530277,127.1401829
둔촌2동085,37.5302755,127.1399793
둔촌2동086,37.5301396,127.1398677
둔촌2동087,37.5299672,127.1397113
둔촌2동088,37.5298616,127.1400519
둔촌2동089,37.5300695,127.1401401
둔촌2동090,37.5298316,127.139645
둔촌2동091,37.5297838,127.1392721
둔촌2동092,37.5294404,127.139129
둔촌2동093,37.5286233,127.1395231
둔촌2동094,37.528874,127.1393052
둔촌2동095,37.5289931,127.1395754
둔촌2동096,37.5291205,127.1397436
둔촌2동097,37.5289975,127.1401863
둔촌2동098,37.5289439,127.1402435
둔촌2동099,37.5289272,127.1404247
둔촌2동100,37.5288484,127.1407424
둔촌2동101,37.5282714,127.1406924
둔촌2동102,37.5280183,127.1405935
둔촌2동103,37.5281276,127.1407506
둔촌2동104,37.5283534,127.1408273
둔촌2동105,37.5285071,127.1408934
둔촌2동106,37.5287239,127.1409701
둔촌2동107,37.5287608,127.1410828
둔촌2동108,37.5286997,127.141355
둔촌2동109,37.5286297,127.14165
둔촌2동110,37.5285531,127.1422732
둔촌2동111,37.5291752,127.1410781
둔촌2동112,37.529455,127.1411427
둔촌2동113,37.5295642,127.1412886
길동527,37.5369917,127.1479022
길동744,37.5419122,127.1442591
길동745,37.5417843,127.1440229
길동746,37.542681,127.1446577
길동747,37.5427588,127.1442042
길동748,37.5428024,127.1440113
길동749,37.5430546,127.1439858
둔촌2동025,37.5300594,127.1387598
둔촌2동026,37.5301949,127.1388035
둔촌2동027,37.5304089,127.1384956
둔촌2동028,37.5304513,127.1381331
둔촌2동029,37.5299274,127.1391913
둔촌2동030,37.530145,127.1393811
둔촌2동031,37.530398,127.1394688
둔촌2동032,37.530541,127.1393087
둔촌2동033,37.5306287,127.1389796
둔촌2동034,37.5307069,127.1385827
둔촌2동035,37.5307767,127.1382764
둔촌2동036,37.5308555,127.1379587
둔촌2동037,37.5313618,127.1381905
둔촌2동038,37.5312748,127.1386101
둔촌2동039,37.5313745,127.1386995
둔촌2동040,37.5317095,127.1389219
둔촌2동041,37.5318418,127.1385244
둔촌2동042,37.5316155,127.1383799
둔촌2동043,37.5319122,127.1382973
둔촌2동044,37.5326004,127.1387646
둔촌2동045,37.5325658,127.1389574
둔촌2동046,37.5325135,127.1392069
둔촌2동047,37.5324057,127.1392421
둔촌2동048,37.5320708,127.1390422
둔촌2동049,37.53179,127.1388305
둔촌2동050,37.5316484,127.1391942
둔촌2동051,37.5312958,127.1390285
둔촌2동052,37.5310527,127.1390539
둔촌2동053,37.5308427,127.1386716
둔촌2동054,37.530791,127.1390004
둔촌2동055,37.5307299,127.1392726
둔촌2동056,37.5311363,127.1393924
둔촌2동057,37.5315698,127.1395345
둔촌2동058,37.5315905,127.1398963
둔촌2동059,37.5318075,127.140007
둔촌2동060,37.5319325,127.1398472
둔촌2동061,37.5319705,127.1401183
둔촌2동062,37.5319288,127.1405713
둔촌2동063,37.5313627,127.1407928
둔촌2동064,37.5313695,127.1404872
둔촌2동065,37.5314572,127.1401581
둔촌2동066,37.5314547,127.1398074
둔촌2동067,37.5311837,127.13972
둔촌2동068,37.5308043,127.1395886
둔촌2동069,37.5310147,127.1400161
둔촌2동070,37.530481,127.139728
둔촌2동071,37.5304547,127.1398302
둔촌2동074,37.5306739,127.1402463
둔촌2동075,37.5309541,127.1403675
둔촌2동076,37.5310805,127.1404
둔촌2동077,37.5311561,127.1408857
둔촌2동333,37.5335796,127.1458025
둔촌2동334,37.5334564,127.1462112
둔촌2동335,37.5333683,127.1464951
둔촌2동336,37.5335131,127.1453393
둔촌2동337,37.5333238,127.1453188
둔촌2동338,37.5330891,127.1452649
둔촌2동339,37.5330013,127.1455827
둔촌2동007,37.52890291,127.1385571
둔촌2동008,37.5285368,127.1387773
둔촌2동009,37.528853,127.1388981
둔촌2동010,37.5289976,127.1389531
둔촌2동011,37.5293931,127.1388241
둔촌2동012,37.5294546,127.1386084
둔촌2동013,37.5294986,127.1384608
둔촌2동014,37.5296624,127.1386852
둔촌2동016,37.5293425,127.1380666
둔촌2동017,37.5293686,127.1379305
둔촌2동018,37.5293944,127.1377605
둔촌2동019,37.5296112,127.1378372
둔촌2동020,37.5297736,127.1378693
둔촌2동021,37.530117,127.1380011
둔촌2동022,37.5302612,127.1380108
둔촌2동023,37.5300932,127.138454
둔촌2동024,37.5298856,127.1383998
길동695,37.5430767,127.1458074
길동696,37.5426974,127.1456873
길동698,37.5421736,127.1455235
길동699,37.5419839,127.1454465
길동700,37.5417854,127.1454148
길동701,37.5415959,127.1453717
길동702,37.5412988,127.145409
길동703,37.5412889,127.1452846
길동704,37.5410993,127.1452302
길동705,37.5413487,127.1448426
길동706,37.5417285,127.1450194
길동707,37.5420441,127.1450497
길동708,37.5422258,127.1452627
길동709,37.5422695,127.1450698
길동710,37.5424693,127.1452938
길동711,37.5426317,127.1453146
길동712,37.5429656,127.14539
길동713,37.5432459,127.1455226
길동715,37.5434064,127.1452945
길동716,37.5433428,127.145216
길동717,37.5430448,127.1451288
길동718,37.5427467,127.1450191
길동719,37.542548,127.1449648
길동720,37.5423918,127.1445478
길동721,37.5423573,127.1447519
길동723,37.5409562,127.1441342
길동724,37.541145,127.1440755
길동725,37.5414877,127.1441168
길동726,37.5414049,127.1438802
길동727,37.5414479,127.1435968
길동728,37.5414628,127.1431666
길동729,37.5410917,127.1429445
길동730,37.541282,127.1428769
길동731,37.5414789,127.1429061
길동732,37.541658,127.1430163
길동733,37.5419772,127.1432852
길동734,37.54401376,127.1433065
길동735,37.5423945,127.1436765
길동736,37.5420521,127.1436691
길동737,37.5417887,127.1433779
길동738,37.5419071,127.1435576
길동739,37.5419454,127.143874
길동740,37.5420909,127.1440534
길동741,37.5422979,127.1440171
길동741,37.5422979,127.1440171
길동742,37.5422194,127.1443801
길동743,37.5419394,127.1442814
길동665,37.5417909,127.1461729
길동666,37.5415562,127.146119
길동667,37.5412853,127.1460315
길동668,37.5413007,127.1456693
길동669,37.5414996,127.1457688
길동670,37.5418786,127.1458437
길동671,37.5420683,127.1459095
길동672,37.5422763,127.1460089
길동673,37.5426012,127.1460845
길동674,37.5427729,127.1461504
길동675,37.5429262,127.1461713
길동676,37.5431068,127.1462258
길동677,37.5432593,127.1461335
길동678,37.5431354,127.1464405
길동679,37.5434064,127.1465392
길동679(1),37.54238697,127.1455466
길동680,37.5436498,127.1465591
길동681,37.5435365,127.1470809
길동682,37.5439751,127.1466799
길동683,37.5439635,127.1463179
길동684,37.5439896,127.1461931
길동685,37.5440881,127.1461128
길동686,37.5441763,127.1458515
길동687,37.5440056,127.14591
길동688,37.5440221,127.1457061
길동688,37.5440221,127.1457061
길동689,37.5438255,127.1459347
길동690,37.54393149,127.1461069
길동691,37.5435917,127.145994
길동692,37.5434201,127.1459393
길동693,37.5432405,127.1460319
길동694,37.5433103,127.1457143
둔촌1동011,37.5238139,127.1448049
둔촌1동012,37.5235537,127.1449663
둔촌1동013,37.5234549,127.1450013
둔촌1동014,37.5232034,127.1451173
둔촌1동015,37.5228083,127.1453029
둔촌1동016,37.5223862,127.1455
둔촌1동017,37.5222961,127.145501
둔촌1동018,37.5224475,127.1452504
둔촌1동019,37.5226356,127.1450899
둔촌1동020,37.5227964,127.144907
둔촌1동021,37.522742,127.1448624
둔촌1동022,37.5227936,127.1445111
둔촌1동023,37.5228819,127.1442612
둔촌1동024,37.5230245,127.1440559
둔촌1동025,37.5231183,127.144564
둔촌1동026,37.5232436,127.1444381
둔촌1동027,37.5233947,127.1441535
둔촌1동028,37.5235741,127.1440384
둔촌1동029,37.5237523,127.1437648
둔촌1동032,37.5226774,127.1458926
둔촌1동033,37.5209851,127.1448824
둔촌1동034,37.5188079,127.1440927
둔촌1동035,37.5191132,127.1439535
둔촌1동036,37.5194903,127.1437682
둔촌1동037,37.5197417,127.1436409
둔촌1동038,37.52002,127.143502
둔촌2동001,37.5306417,127.1395338
둔촌2동002,37.5289426,127.1375847
둔촌2동003,37.5291599,127.1377293
둔촌2동004,37.5290897,127.1379903
둔촌2동005,37.5292264,127.1382037
둔촌2동006,37.5290198,127.1382966
둔촌1동003,37.5255523,127.1447172
둔촌1동004,37.5253262,127.1445954
둔촌1동006,37.5248468,127.1443519
둔촌1동007,37.5245755,127.144208
둔촌1동008,37.5243496,127.14412
둔촌1동009,37.5241444,127.1444052
둔촌1동010,37.5240105,127.1445764
둔촌2동282,37.5264922,127.146347
둔촌2동283,37.5266357,127.1462662
둔촌2동284,37.5266603,127.1459265
둔촌2동285,37.5266041,127.1456217
둔촌2동286,37.5266022,127.1453615
둔촌2동287,37.5268889,127.1451432
둔촌2동288,37.52700065,127.1451349
둔촌2동289,37.5289688,127.1449272
둔촌2동290,37.5292852,127.1450707
둔촌2동291,37.5296197,127.145214
둔촌2동292,37.5298909,127.1453466
둔촌2동293,37.5301168,127.1454346
둔촌2동294,37.5304332,127.1455667
둔촌2동295,37.5307313,127.1456765
둔촌2동296,37.5310024,127.1457865
둔촌2동297,37.5310833,127.1457517
둔촌2동298,37.5309263,127.1452217
둔촌2동299,37.530674,127.1452246
둔촌2동300,37.5310405,127.1448244
둔촌2동301,37.5311119,127.1447331
둔촌2동302,37.5313627,127.1445265
둔촌2동303,37.5313928,127.1449448
둔촌2동304,37.5312577,127.1449464
둔촌2동305,37.5311786,127.1452301
둔촌2동306,37.5312162,127.1454447
둔촌2동307,37.531406,127.1455217
둔촌2동308,37.5317584,127.1456648
둔촌2동309,37.5316121,127.145361
둔촌2동310,37.5314045,127.1453181
둔촌2동311,37.5318892,127.1450636
둔촌2동312,37.5317078,127.144896
둔촌2동313,37.5317603,127.1446804
둔촌2동314,37.5315789,127.1445128
둔촌2동315,37.5318482,127.1443739
둔촌2동316,37.5318825,127.1441359
둔촌2동317,37.5318952,127.1446449
둔촌2동318,37.5320562,127.1444734
둔촌2동319,37.5322478,127.1447993
둔촌2동320,37.5322695,127.1453082
둔촌2동321,37.5323708,127.1456126
둔촌2동322,37.5320262,127.145311
둔촌2동323,37.5318009,127.1453022
둔촌2동324,37.532456,127.144944
둔촌2동325,37.5326093,127.1449536
둔촌2동326,37.532826,127.145019
둔촌2동327,37.5328704,127.144928
둔촌2동328,37.5329934,127.1444966
둔촌2동329,37.533772,127.1449969
둔촌2동330,37.5335469,127.1450221
둔촌2동331,37.5337644,127.1452007
둔촌2동332,37.5336851,127.1454505
길동658,37.5431003,127.1465767
길동659,37.5428114,127.1465008
길동660,37.5426854,127.1465135
길동662,37.5422966,127.1463256
길동663,37.5420711,127.1463055
길동664,37.5418815,127.1462398
길동638,37.5427807,127.1472367
길동640,37.5422841,127.1470952
길동641,37.5421041,127.1471199
길동642,37.5420402,127.1470074
길동643,37.5418596,127.1469642
길동644,37.5416429,127.1468988
길동645,37.5414804,127.1468554
길동646,37.5410083,127.1463629
길동647,37.5412338,127.1463942
길동648,37.5413151,127.1464273
길동649,37.541568,127.1465036
길동650,37.5417128,127.1465925
길동651,37.5421277,127.1466443
길동652,37.5421014,127.1467465
길동653,37.5422633,127.1467107
길동654,37.5425342,127.1467981
길동655,37.5426334,127.146797
길동656,37.5427691,127.1468747
길동657,37.5430127,127.1469285
길동822,37.54228707,127.1425054
길동823,37.5352718,127.1418229
길동824(1),37.54025601,127.1381283
길동824(2),37.54317169,127.1448551
길동825,37.53774997,127.144822
길동826,37.53676313,127.1413069
길동826(2),37.54253329,127.1456261
길동827,37.54312586,127.1454943
길동829,37.54020705,127.1451464
길동830,37.54015777,127.1449228
길동832,37.54135889,127.1444838
길동833,37.5366088,127.1373381
길동836,37.53860345,127.139384
길동837,37.53727808,127.142032
길동838,37.53794254,127.1439143
길동839,37.53780889,127.1445335
길동840,37.53772506,127.1449294
길동841,37.53681347,127.142529
길동842,37.53981888,127.1401642
길동843,37.53975547,127.140447
길동844,37.54224251,127.1420952
길동845,37.54159027,127.1449935
길동846,37.54374359,127.1468661
길동847,37.54369747,127.144081
길동850,37.54283064,127.143771
길동851,37.5368367,127.138139
길동852,37.539972,127.1476013
길동853,37.54080709,127.1462592
길동854,37.53909569,127.1476702
길동855,37.53637709,127.1382315
길동856,37.54072152,127.1444119
길동857,37.54265107,127.1469163
길동860,37.53946761,127.1456456
길동861,37.54098729,127.1462596
길동862,37.54088656,127.1382596
길동863,37.54005776,127.1400628
길동864,37.53705861,127.1390643
길동865,37.53860136,127.1373247
길동866,37.53838008,127.1377882
길동867,37.53916247,127.1390456
길동868,37.54335335,127.1455004
길동869,37.54024325,127.1431635
길동870,37.53505934,127.1401694
둔촌1동001,37.5259321,127.1449052
둔촌1동002,37.525715,127.1447946
길동078,37.5397482,127.1378565
길동079,37.5396305,127.1377786
길동080,37.5395133,127.1377687
길동081,37.5393783,127.1377929
길동083,37.5393952,127.1376342
길동084,37.5393503,127.1376574
길동085,37.53922485,127.1377106
길동086,37.53904253,127.1376028
길동087,37.5388543,127.1375952
길동088,37.5386366,127.1374053
길동089,37.5385984,127.1371116
길동090,37.5384759,127.1376109
길동091,37.5384657,127.1374412
길동092,37.53823,127.1372516
길동093,37.5380584,127.137197
길동095,37.5378518,127.138512
길동096,37.5381679,127.1386215
길동097,37.5382917,127.1382919
길동098,37.5388273,127.1388402
길동099,37.5390441,127.1389169
길동100,37.5391771,127.1386212
길동101,37.53902,127.1393133
길동102,37.5392342,127.1390392
길동103,37.5395504,127.1391488
길동104,37.539948,127.1393026
길동105,37.5399405,127.1395177
길동106,37.5398967,127.1396879
길동107,37.5400104,127.1392114
길동108,37.5400979,127.1388596
길동109,37.539962,127.1387593
길동110,37.540219,127.1394013
길동111,37.5401844,127.1396054
길동112,37.5405534,127.1395333
길동113,37.5370728,127.1459776
길동114,37.5408508,127.1395412
길동115,37.5407932,127.1390553
길동116,37.5405496,127.1402575
길동117,37.5401433,127.140149
길동118,37.54366087,127.1463666
길동119,37.5398004,127.1400738
고덕2동138,37.5605771,127.1701133
고덕2동139,37.5605621,127.1705436
고덕2동140,37.5604959,127.1701029
고덕2동141,37.5604061,127.1701378
고덕2동142,37.5602082,127.1701853
고덕2동143,37.5599022,127.1702453
고덕2동144,37.5596883,127.1705759
고덕2동145,37.5596416,127.1703387
고덕2동146,37.559694,127.1701118
고덕2동147,37.5596207,127.1699315
고덕2동148,37.5597826,127.1698844
고덕2동149,37.5600704,127.1698133
고덕2동150,37.5604124,127.1697529
고덕2동151,37.5604486,127.1697752
고덕2동152,37.5608173,127.1696692
고덕2동153,37.5596746,127.1686292
고덕2동154,37.559596,127.168981
고덕2동155,37.5595976,127.1692073
고덕2동156,37.5599413,127.1693959
고덕2동157,37.5600495,127.1694061
고덕2동158,37.5600959,127.169598
고덕2동159,37.5596912,127.1697043
고덕2동160,37.5596109,127.1698184
고덕2동161,37.5593498,127.1698439
고덕2동162,37.5593445,127.170376
고덕2동163,37.5593745,127.1707944
고덕2동164,37.5592414,127.1698112
고덕2동165,37.5592307,127.1695736
고덕2동166,37.5592096,127.1691324
고덕2동167,37.5591982,127.168793
고덕2동168,37.558893,127.1689548
고덕2동169,37.5589127,127.1691923
고덕2동170,37.5589144,127.16943
고덕2동171,37.558916,127.1696676
고덕2동172,37.5589536,127.1698823
고덕2동173,37.5589273,127.1699957
고덕2동174,37.558938,127.1702333
고덕2동175,37.5589489,127.1704935
고덕2동176,37.5589589,127.1706406
고덕2동177,37.5585802,127.1706108
고덕2동178,37.5582653,127.1706709
고덕2동179,37.55853586,127.1702452
고덕2동180,37.5585017,127.1696949
고덕2동181,37.5584816,127.1694008
고덕2동182,37.5585524,127.1692076
고덕2동183,37.5583813,127.1692208
고덕2동185,37.5577199,127.1572533
고덕2동186,37.5575486,127.1572326
고덕2동187,37.5573861,127.1572004
고덕2동188,37.5573839,127.1568835
고덕2동189,37.5661549,127.166316
길동064,37.5398601,127.137131
길동065,37.539934,127.1373791
길동066,37.5400876,127.1374452
길동067,37.5401598,127.1374557
길동068,37.54009,127.1377734
길동069,37.5400729,127.137898
길동070,37.5401819,127.1380212
길동071,37.5403894,127.1380528
길동072,37.540534,127.1381077
길동073,37.5407237,127.1381848
길동074,37.5409321,127.1383408
길동076,37.5402653,127.1383371
길동077,37.5399199,127.1379224
길동054,37.5387296,127.1365669
길동055,37.5387314,127.1368158
길동056,37.5388851,127.136882
길동057,37.5390931,127.1369814
길동058,37.5391756,127.1371728
길동059,37.5395436,127.1369875
길동060,37.5395785,127.1368287
길동061,37.5394649,127.1373053
길동062,37.53950262,127.1371001
길동063,37.539735,127.1372795
길동357,37.53687,127.1422799
길동358,37.5364329,127.1428959
길동359,37.5362256,127.142887
길동360,37.536287,127.14266
길동361,37.5362682,127.142547
길동362,37.5363382,127.1422633
길동364,37.5364834,127.1423975
길동365,37.5360716,127.1427756
길동366,37.5358272,127.14262
길동367,37.5358257,127.1424163
길동368,37.536058,127.1421421
길동369,37.5358414,127.142088
길동370,37.5359207,127.1418495
길동371,37.5357238,127.1420328
길동372,37.535462,127.1419565
길동373,37.5351172,127.1416324
길동374,37.5348839,127.1417595
길동375,37.5350737,127.1418478
길동375,37.5350737,127.1418478
길동376,37.5350215,127.1420974
길동377,37.5351204,127.1420736
길동378,37.5353018,127.1422412
길동379,37.5354652,127.1423978
길동380,37.5356377,127.1425769
길동381,37.5354304,127.1425792
길동382,37.5352498,127.1425247
길동383,37.5352335,127.1427512
길동384,37.5355495,127.1428494
길동385,37.5356845,127.1428253
길동386,37.5349247,127.1424266
길동387,37.5346231,127.1418304
길동388,37.5346788,127.142056
길동389,37.5346454,127.1424298
길동390,37.5344571,127.1425564
길동391,37.5347626,127.1424285
길동392,37.5349727,127.1428334
길동393,37.5350828,127.1431037
길동394,37.5352301,127.143532
길동395,37.5350687,127.1436357
길동396,37.5355184,127.1435287
길동397,37.5355884,127.1432337
길동398,37.5357509,127.1432884
길동399,37.5358142,127.1433103
길동400,37.5355644,127.1436526
길동401,37.5353962,127.1440732
길동402,37.5353177,127.1444362
길동403,37.5353371,127.144617
길동404,37.5355445,127.1446486
길동405,37.5356172,127.144727
길동406,37.5357164,127.1447371
길동407,37.535906,127.1447916
길동408,37.5360686,127.1448463
길동409,37.5358049,127.1445211
고덕2동137,37.560847,127.1700537
고덕2동116,37.5616706,127.1667281
고덕2동117,37.5620681,127.1668709
고덕2동118,37.5620431,127.1671654
고덕2동119,37.5620451,127.1674484
고덕2동120,37.562145,127.1675605
고덕2동121,37.5618018,127.1674398
고덕2동122,37.5619843,127.1677773
고덕2동123,37.5619591,127.1680266
고덕2동124,37.5617331,127.1679272
고덕2동125,37.5619174,127.1685138
고덕2동126,37.5619204,127.1689326
고덕2동127,37.56145998,127.1699745
고덕2동128,37.5615598,127.1689139
고덕2동129,37.5617961,127.1691943
고덕2동130,37.5618248,127.1694317
고덕2동131,37.5617895,127.1695452
고덕2동132,37.5615846,127.1698758
고덕2동133,37.561678,127.1703501
고덕2동134,37.5613577,127.1696406
고덕2동135,37.5612068,127.1699705
고덕2동136,37.5610269,127.1700064
길동005,37.5354896,127.1358461
길동006,37.5354486,127.136401
길동007,37.5353607,127.1367075
길동008,37.5352894,127.1368102
길동009,37.5355778,127.1368295
길동010,37.5358399,127.1369283
길동011,37.5348976,127.1374483
길동013,37.5356837,127.1377561
길동014,37.5358915,127.1378329
길동015,37.5362168,127.1379537
길동016,37.5365148,127.1380521
길동019,37.536174,127.138271
길동020,37.5359493,127.1383415
길동022,37.5357698,127.1384453
길동023,37.5358075,127.1386712
길동024,37.5360052,127.1385897
길동025,37.5363197,127.138473
길동026,37.5364275,127.1384265
길동027,37.5366071,127.1383452
길동028,37.536663,127.1385935
길동029,37.5369393,127.138183
길동030,37.5372732,127.138247
길동031,37.537352,127.1379406
길동032,37.5374044,127.1377137
길동033,37.5371947,127.13861
길동034,37.5371158,127.1389164
길동035,37.5370285,127.1392908
길동036,37.5366554,127.1387973
길동037,37.5363843,127.1386872
길동038,37.5361238,127.1387921
길동039,37.5358357,127.1388293
길동040,37.5360032,127.1370849
길동041,37.53604066,127.1369877
길동042,37.5363466,127.1372167
길동043,37.5368615,127.1374031
길동044,37.5373753,127.1361865
길동045,37.5372654,127.1359501
길동046,37.5370771,127.1360768
길동047,37.53686281,127.1360218
길동050,37.5380083,127.1365073
길동051,37.5382246,127.1365048
길동052,37.5382705,127.1366288
길동053,37.5384422,127.1366947
길동314,37.53981,127.1438757
길동315,37.5395116,127.1437433
길동316,37.5394057,127.1440388
길동318,37.5395547,127.14346
길동319,37.539607,127.1432217
길동320,37.5393367,127.1432248
길동321,37.5392114,127.1433394
길동322,37.5393028,127.1435194
길동323,37.5390948,127.14342
길동324,37.5392405,127.1436333
길동327,37.5389962,127.143489
길동331,37.538623,127.1429727
길동332,37.5386853,127.1428589
길동333,37.538812,127.1429366
길동334,37.5388501,127.1432191
길동335,37.5392096,127.1430905
길동336,37.5382481,127.1434523
길동337,37.5380068,127.1437379
길동338,37.5379869,127.1434779
길동340,37.5379348,127.14375
길동341,37.5378736,127.1439997
길동342,37.5377774,127.1444081
길동343,37.5377163,127.1446804
길동344,37.5376376,127.1450094
길동345,37.5378773,127.1432754
길동347,37.5376501,127.1430065
길동348,37.5377033,127.1428814
길동351,37.5372349,127.1428981
길동352,37.5372775,127.1425694
길동353,37.5373387,127.1423085
길동354,37.5366775,127.1430742
길동355,37.53663,127.1427352
길동356,37.5366554,127.1425086
고덕2동085,37.5607301,127.1636938
고덕2동086,37.5605894,127.1641821
고덕2동087,37.5608713,127.1645525
고덕2동088,37.5609627,127.1647325
고덕2동089,37.5609206,127.1651518
고덕2동090,37.5608316,127.1653
고덕2동091,37.5605069,127.1652583
고덕2동092,37.5602454,127.1652386
고덕2동093,37.5605397,127.1648052
고덕2동094,37.5607727,127.1646215
고덕2동095,37.5610681,127.1656256
고덕2동096,37.5610936,127.1653989
고덕2동097,37.5611101,127.165195
고덕2동098,37.5611436,127.1648324
고덕2동099,37.5611514,127.1646512
고덕2동100,37.5613495,127.1659167
고덕2동101,37.5617451,127.1657991
고덕2동102,37.5621524,127.1660549
고덕2동103,37.5621012,127.1664517
고덕2동104,37.5620285,127.1663733
고덕2동105,37.561785,127.166342
고덕2동106,37.5614422,127.1662779
고덕2동107,37.5613155,127.1662114
고덕2동108,37.5614089,127.1666744
고덕2동109,37.5612494,127.1670611
고덕2동110,37.5613409,127.1672525
고덕2동111,37.5613066,127.1675019
고덕2동112,37.5611822,127.1677523
고덕2동113,37.561577,127.1675102
고덕2동114,37.5616121,127.167374
고덕2동115,37.5616373,127.1671133
고덕산42,37.56418656,127.1473915
고덕산43,37.56410287,127.1476687
고덕산45,37.56386996,127.1483926
고덕산46,37.56377559,127.1482028
고덕산47,37.56356404,127.1480637
고덕산48,37.56342462,127.1478711
고덕산49,37.56320619,127.1478225
고덕산50,37.56295651,127.1475447
고덕산51,37.56265048,127.1473008
고덕산52,37.56238047,127.1470654
고덕산53,37.56231103,127.1467597
고덕산54,37.56186921,127.1470219
고덕산60,37.56178201,127.146504
고덕산61,37.56200071,127.1463346
고덕산62,37.56216728,127.1464311
고덕산63,37.5625817,127.1464574
고덕산64,37.56282037,127.1465315
고덕산65,37.56307501,127.1464471
고덕산66,37.56327579,127.1461956
고덕산67,37.56411057,127.1487185
고덕산68,37.56483438,127.1481115
고덕산69,37.56480096,127.1478172
고덕산70,37.56475404,127.1475087
고덕산72,37.5647802,127.1464051
고덕산73,37.56462502,127.1462096
고덕산75,37.56477026,127.1471465
고덕산77,37.56568378,127.1479406
고덕산78,37.56424869,127.1481472
고덕산79,37.56451648,127.1483458
고덕산80,37.56458118,127.1488468
고덕산81,37.56458495,127.1494268
고덕산82,37.56458205,127.1499362
고덕산83,37.56452295,127.1503605
고덕산90,37.56447385,127.1517611
고덕산92,37.56402577,127.1516329
고덕산93,37.56384965,127.1519636
고덕산94,37.56374108,127.1523114
고덕산95,37.56363918,127.1527328
고덕산96,37.56360952,127.1530214
고덕산97,37.56346943,127.1533606
고덕산98,37.56334965,127.1536603
길동001,37.535468,127.1353598
길동002,37.5357217,127.1355492
길동004,37.5356334,127.1357992
길동292,37.5396328,127.1430517
길동293,37.5397716,127.1423146
길동294,37.5399611,127.1423464
길동295,37.5399005,127.1426865
길동296,37.5398648,127.1427435
길동297,37.5402346,127.1427959
길동298,37.5402794,127.1427614
길동299,37.5403319,127.1425458
길동300,37.5403212,127.1423083
길동302,37.5402898,127.1429424
길동303,37.5402569,127.143384
길동304,37.5405237,127.1428944
길동305,37.5406314,127.1428366
길동307,37.5404508,127.1440268
길동308,37.5402173,127.1441313
길동309,37.540269,127.1438139
길동310,37.5402409,127.1436558
길동311,37.5401891,127.1439732
길동312,37.5399729,127.1439757
길동313,37.5397483,127.1440688
길동286,37.5394042,127.1425904
길동287,37.5393429,127.14284
길동288,37.5390643,127.1429337
길동289,37.5388927,127.1428791
고덕2동032,37.5611749,127.1616062
고덕2동033,37.5614812,127.1616027
고덕2동034,37.5615984,127.1616127
고덕2동035,37.56146666,127.1620206
고덕2동036,37.5620041,127.1616422
고덕2동037,37.5623106,127.1616614
고덕2동038,37.5623464,127.161627
고덕2동039,37.5623223,127.1620461
고덕2동040,37.5622864,127.1620691
고덕2동041,37.5619709,127.16205
고덕2동042,37.5615743,127.1620205
고덕2동043,37.5612588,127.1620127
고덕2동044,37.5610605,127.1619923
고덕2동045,37.5609437,127.1620502
고덕2동046,37.5608556,127.1623341
고덕2동047,37.560667,127.1624155
고덕2동048,37.5607939,127.1625273
고덕2동049,37.5613699,127.1624303
고덕2동050,37.5614862,127.1623045
고덕2동051,37.5617125,127.1624491
고덕2동052,37.5619649,127.1624689
고덕2동053,37.56212152,127.1624691
고덕2동054,37.5622542,127.1626015
고덕2동055,37.5624065,127.1624753
고덕2동057,37.5622569,127.1629863
고덕2동058,37.5622295,127.1629413
고덕2동059,37.5619321,127.162922
고덕2동060,37.5614724,127.1629045
고덕2동061,37.5613565,127.1630756
고덕2동062,37.5611118,127.1628859
고덕2동063,37.5608325,127.1628777
고덕2동064,37.5607143,127.1627319
고덕2동065,37.5606638,127.1632305
고덕2동066,37.5608713,127.1632734
고덕2동067,37.5612138,127.1632922
고덕2동068,37.5615383,127.1633113
고덕2동069,37.5618358,127.1633306
고덕2동070,37.5621875,127.1633606
고덕2동071,37.5622327,127.1633941
고덕2동072,37.562208,127.1637113
고덕2동073,37.5621631,127.1637344
고덕2동074,37.5620098,127.1637248
고덕2동075,37.5618836,127.1637149
고덕2동076,37.5622729,127.1639822
고덕2동077,37.5622838,127.1642424
고덕2동078,37.5621572,127.1641759
고덕2동079,37.5618587,127.1640095
고덕2동080,37.5616062,127.1639896
고덕2동081,37.5614061,127.1637202
고덕2동082,37.5613415,127.1635059
고덕2동083,37.5610992,127.1636444
고덕2동084,37.5608924,127.1637033
고덕산34,37.56414832,127.145538
고덕산35,37.56400836,127.1457811
고덕산36,37.56388178,127.1461402
고덕산37,37.56358208,127.146233
고덕산38,37.56364023,127.1465727
고덕산39,37.56382016,127.1467853
고덕산40,37.56401135,127.1470063
고덕산41,37.56422742,127.1471426
고덕산19,37.56419528,127.1439761
고덕산20,37.5645489,127.1439995
고덕산21,37.56489762,127.1443369
고덕산22,37.56512819,127.1436638
고덕산23,37.56574735,127.1438886
고덕산24,37.5656106,127.1433592
고덕산25,37.56606535,127.1435609
고덕산26,37.56607381,127.1440194
고덕산27,37.56606416,127.1445372
고덕산28,37.5659106,127.1448595
고덕산29,37.56564206,127.1452636
고덕산30,37.56530166,127.1454837
고덕산31,37.56496609,127.1454434
고덕산32,37.56464849,127.1454371
고덕산33,37.5643894,127.1454819
길동233,37.5361832,127.1407715
길동234,37.5362253,127.1416084
길동235,37.5362085,127.1417783
길동236,37.5364605,127.1417301
길동237,37.5365307,127.1414691
길동238,37.5365745,127.1412988
길동239,37.5365324,127.1417067
길동240,37.5368214,127.1417939
길동241,37.5369301,127.1418719
길동242,37.5370441,127.1414406
길동243,37.5369793,127.1412037
길동244,37.5369869,127.1410112
길동245,37.5367249,127.1409124
길동246,37.5367064,127.140856
길동247,37.537213,127.1411331
길동248,37.5372296,127.1409293
길동249,37.5375384,127.1412652
길동250,37.5374697,127.1417299
길동251,37.5374259,127.1419001
길동252,37.53711052,127.1418195
길동253,37.5376251,127.1420336
길동254,37.5375547,127.1422721
길동255,37.5378595,127.1420536
길동256,37.537816,127.1422691
길동257,37.5377644,127.1426091
길동258,37.537979,127.1423804
길동259,37.5379121,127.1418493
길동259,37.5379121,127.1418493
길동260,37.5379869,127.1422332
길동261,37.5379469,127.1416792
길동263,37.53823362,127.1416321
길동264,37.5384156,127.1417078
길동266,37.5385874,127.141785
길동267,37.5384169,127.1418775
길동268,37.538248,127.1421962
길동269,37.5382668,127.1423092
길동270,37.5381055,127.1424355
길동271,37.5382146,127.14257
길동272,37.5380706,127.1425943
길동273,37.5381621,127.1427743
길동274,37.5380267,127.1427532
길동275,37.5383686,127.1426814
길동276,37.5383657,127.1422741
길동277,37.5385281,127.1423062
길동281,37.5387815,127.1424617
길동282,37.5388533,127.1424156
길동283,37.5391603,127.142514
길동284,37.5393222,127.1424668
길동285,37.5393826,127.1420927
길동205,37.5359215,127.1407179
길동207,37.53576104,127.1410787
길동208,37.5355543,127.1410163
길동209,37.5353008,127.1408608
길동210,37.5344064,127.1405316
길동211,37.5343539,127.1407472
길동212,37.5344443,127.1407914
길동213,37.5345787,127.1406881
길동214,37.5347416,127.140788
길동215,37.5348943,127.1407184
길동216,37.5342489,127.1411784
길동217,37.534474,127.1411532
길동218,37.5345487,127.1415144
길동219,37.5343597,127.1415505
길동220,37.5345726,127.1410842
길동221,37.5347171,127.1411278
길동222,37.535286,127.1413023
길동223,37.5351969,127.1414391
길동224,37.5352695,127.1415061
길동225,37.5354862,127.1415716
길동226,37.5355034,127.1414582
길동227,37.53573587,127.1414068
길동228,37.53595647,127.1415288
길동229,37.5359819,127.1415885
길동230,37.5360259,127.1414409
길동231,37.536052,127.1413161
길동232,37.536122,127.1410325
고덕2동315,37.56050716,127.1636116
고덕2동316,37.56171938,127.1616958
고덕2동317,37.56189186,127.168821
고덕2동318,37.56029122,127.1697795
고덕2동319,37.56151052,127.1612426
고덕2동320,37.55853568,127.1703725
고덕2동321,37.56020488,127.1655463
고덕2동322,37.56017305,127.1657528
고덕2동323,37.56057945,127.1650774
고덕2동324,37.56070582,127.1696842
고덕2동325,37.56108886,127.1696002
고덕2동326,37.56128942,127.1695355
고덕2동327,37.56149026,127.1692842
고덕2동328,37.55960115,127.1687734
고덕2동329,37.55892774,127.1687125
고덕2동330,37.56060002,127.169633
고덕2동331,37.55961339,127.1696619
고덕2동332,37.55995551,127.1698381
고덕2동333,37.55880567,127.1705825
고덕산01,37.56013156,127.1441692
고덕산02,37.56223019,127.1447279
고덕산03,37.56238038,127.1453195
고덕산04,37.56542059,127.1440153
고덕산05,37.55979381,127.1440667
고덕산06,37.56042405,127.1444357
고덕산07,37.56063311,127.1447842
고덕산08,37.56104948,127.1450566
고덕산09,37.5614815,127.1454366
고덕산10,37.56189093,127.1458534
고덕산11,37.56207089,127.1460518
고덕산12,37.56227387,127.1458456
고덕산13,37.56251513,127.145648
고덕산14,37.56290309,127.1452158
고덕산15,37.56320761,127.1448571
고덕산16,37.56347381,127.1445294
고덕산17,37.56386848,127.144134
고덕산18,37.56368445,127.1435818
고덕2동197,37.5680518,127.1618688
고덕2동198,37.5685069,127.1612524
고덕2동199,37.568864,127.1607843
고덕2동200,37.5691317,127.1604078
고덕2동201,37.5693637,127.1600882
고덕2동202,37.5696761,127.1596772
고덕2동203,37.5699975,127.1592547
고덕2동204,37.5702829,127.158844
고덕2동205,37.5711647,127.1612114
고덕2동206,37.5713209,127.1616285
고덕2동207,37.5714314,127.1619668
고덕2동208,37.5715699,127.1624408
고덕2동230,37.56066078,127.1583207
고덕2동231,37.56699393,127.1638946
고덕2동232,37.56713408,127.1635412
고덕2동252,0,0
고덕2동270,37.5607856,127.1613502
고덕2동272,37.56065532,127.1606947
고덕2동278,37.56067495,127.1644353
고덕2동284,37.56187786,127.16599
고덕2동285,37.5619944,127.1640872
고덕2동286,37.5618792,127.1681973
고덕2동288,37.56061725,127.1638127
고덕2동289,37.56123846,127.1625295
고덕2동290,37.55843043,127.1699393
고덕2동291,37.55981237,127.1675516
고덕2동292,37.55983704,127.167628
고덕2동293,37.55985263,127.1677525
고덕2동294,37.55987497,127.1678856
고덕2동295,37.55586716,127.1585595
고덕2동296,37.55613515,127.1585997
고덕2동297,37.5563017,127.1587019
고덕2동298,37.55649979,127.1588014
고덕2동299,37.56221566,127.1611592
고덕2동309,37.56255378,127.1609817
고덕2동310,37.56230852,127.1624384
고덕2동311,37.57059433,127.1582625
고덕2동312,37.57073183,127.1581949
길동178,37.5373963,127.140305
길동179,37.5366126,127.1403366
길동181,37.5363324,127.1402154
길동182,37.536289,127.1404422
길동183,37.5362539,127.1405783
길동184,37.536173,127.1406019
길동185,37.5360011,127.1405134
길동186,37.5358928,127.1404807
길동187,37.5358024,127.1404477
길동188,37.536224,127.1401827
길동189,37.5359981,127.1400947
길동190,37.535863,127.1401076
길동191,37.5355915,127.139941
길동192,37.5355629,127.1397263
길동193,37.5354108,127.1398752
길동194,37.5354272,127.1396487
길동195,37.5350584,127.1397434
길동196,37.5348057,127.1396897
길동197,37.5345102,127.1399308
길동198,37.5346931,127.140302
길동199,37.5347748,127.1403916
길동200,37.5350544,127.1404337
길동201,37.5353143,127.1402383
길동202,37.5354229,127.140305
길동203,37.5353346,127.1405436
길동204,37.5354419,127.1404292
길동149,37.539314,127.1413354
길동150,37.5390253,127.1412821
길동153,37.5389564,127.1417242
길동154,37.5389031,127.141838
길동155,37.5387239,127.1419758
길동156,37.54097206,127.1458239
길동157,37.5388778,127.1420759
길동158,37.5386367,127.1411281
길동159,37.5383577,127.1411766
길동160,37.5386431,127.1407773
길동161,37.5382029,127.1409521
길동162,37.5381139,127.1411002
길동163,37.5379612,127.1411698
길동164,37.538008,127.1414182
길동165,37.5379138,127.1408535
길동167,37.5377055,127.1406975
길동168,37.5377758,127.1404591
길동169,37.5375254,127.1407109
길동170,37.5372374,127.1407708
길동171,37.5370736,127.1405463
길동172,37.5370206,127.1406827
길동173,37.5368207,127.1404587
길동173,37.5368207,127.1404587
길동174,37.5367499,127.1406406
길동175,37.5368368,127.1401983
길동176,37.5369352,127.1400953
길동177,37.5371701,127.1401831
길동410,37.5358311,127.1444077
길동411,37.5359021,127.1442598
길동412,37.5359181,127.1439767
길동413,37.5358534,127.1437512
길동414,37.536034,127.1438057
길동415,37.5361244,127.1438386
길동416,37.5360331,127.1436812
길동417,37.5360767,127.1434771
길동418,37.5361382,127.1432614
길동419,37.5356953,127.1430741
길동420,37.5361547,127.1430575
길동421,37.5366164,127.1433464
길동422,37.5365466,127.143664
길동423,37.5364404,127.1439368
길동424,37.5364689,127.1441289
길동425,37.5363988,127.1444012
길동426,37.5363279,127.1445718
길동427,37.5363485,127.1449223
길동428,37.5367369,127.1450536
길동430,37.5363788,127.1453745
길동431,37.5360451,127.1453444
길동433,37.5370981,127.1451627
길동434,37.5373961,127.1452498
길동435,37.5375939,127.1452023
길동436,37.5375502,127.1453838
길동437,37.5375067,127.1455993
길동439,37.5376666,127.1452807
길동441,37.5381457,127.1454902
고덕2동190,37.5663935,127.1656455
고덕2동191,37.5666144,127.1650205
고덕2동313,37.57090765,127.1580934
고덕2동314,37.57112181,127.1579693
고덕2동192,37.5667733,127.1645659
고덕2동193,37.5668882,127.1642477
고덕2동194,37.5674415,127.1627552
고덕2동195,37.56756796,127.1625234
고덕2동196,37.5677305,127.1623026
고덕1동033,37.5607055,127.1551597
고덕1동034,37.5606431,127.1552509
고덕1동035,37.5607967,127.1553171
고덕1동036,37.56131117,127.1553709
고덕1동037,37.5609709,127.1557339
고덕1동038,37.5610184,127.1560843
고덕1동039,37.5610298,127.1564124
고덕1동040,37.5607872,127.1565057
고덕1동041,37.5613107,127.1566356
고덕1동042,37.5613519,127.1560918
고덕1동043,37.5613039,127.1556736
고덕1동044,37.5611658,127.1552677
고덕1동045,37.5610014,127.1549526
고덕1동046,37.5608366,127.1545922
고덕1동047,37.5605566,127.1519807
고덕1동048,37.5608983,127.1518863
고덕1동049,37.561231,127.151792
고덕1동050,37.5614537,127.1514273
고덕1동051,37.5615275,127.1516755
고덕1동052,37.5615843,127.1520484
고덕1동053,37.5616115,127.152082
고덕1동054,37.56098265,127.1551042
고덕1동055,37.5615874,127.1524898
고덕1동056,37.5616727,127.1530661
고덕1동057,37.5617298,127.1534955
고덕1동058,37.5618111,127.1535286
고덕1동059,37.56100197,127.1541139
고덕1동060,37.56165,127.1536775
고덕1동061,37.5615058,127.1536679
고덕1동061,37.5615058,127.1536679
고덕1동062,37.5613421,127.1534546
고덕1동063,37.5612757,127.1529913
고덕1동064,37.5612187,127.1525845
고덕1동065,37.5611426,127.1520307
고덕1동066,37.560837,127.152136
고덕1동067,37.560894,127.1525429
고덕1동068,37.5609321,127.1528254
고덕1동069,37.5609602,127.1529722
길동120,37.5397728,127.1399949
길동121,37.539637,127.1399059
길동122,37.5393301,127.1398302
길동123,37.5391778,127.1399564
길동124,37.5389868,127.1397097
길동125,37.5388626,127.1399714
길동127,37.538824,127.1396323
길동129,37.5384085,127.13949
길동130,37.538291,127.1394348
길동131,37.5380467,127.1393018
길동132,37.5381344,127.1389726
길동133,37.5377396,127.1391922
길동134,37.5375409,127.1391266
길동135,37.537315,127.1390499
길동136,37.5406241,127.1418296
길동137,37.5404077,127.1418094
길동138,37.5403365,127.1419347
길동139,37.5401817,127.1417102
길동140,37.5399469,127.1416337
길동141,37.5398748,127.1416345
길동142,37.5398488,127.1417819
길동143,37.5397968,127.1420541
길동144,37.5395673,127.1414796
길동146,37.5394788,127.1416956
길동147,37.5394527,127.1418204
길동148,37.5390616,127.141327
고덕1동137,37.5633418,127.1496061
고덕1동138,37.5633056,127.1495839
고덕1동139,37.5632672,127.1492561
고덕1동140,37.5631589,127.1492347
고덕1동141,37.5629973,127.1493158
고덕1동142,37.5628084,127.1493632
고덕1동143,37.5626192,127.1493653
고덕1동144,37.5625381,127.1493662
고덕1동145,37.56367755,127.1491449
고덕1동149,37.5617941,127.1549323
고덕1동150,37.56136569,127.1532912
고덕1동151,37.56148236,127.1519022
고덕1동216,37.5639211,127.1489218
고덕1동245,37.56391066,127.1552772
고덕1동247,37.56358365,127.1555793
고덕1동248,37.5634754,127.1556838
고덕1동249,37.56363959,127.1558624
고덕1동250,37.56365211,127.154906
고덕1동251,37.56410943,127.1548588
고덕1동252,37.5642269,127.1545988
고덕1동253,37.56411196,127.1546438
고덕1동290,37.5629402,127.1551797
고덕1동291,37.56307282,127.1552161
고덕1동292,37.5616981,127.1553635
고덕1동293,37.55970058,127.1519551
고덕1동294,37.56023145,127.152508
고덕1동295,37.56018385,127.1527399
고덕1동296,37.56086277,127.1554831
고덕1동297,37.5615342,127.155343
고덕1동299,37.56111704,127.1468903
고덕1동300,37.56120472,127.1470291
고덕1동301,37.56127216,127.1471396
고덕1동302,37.56135086,127.1472501
고덕1동303,37.5614251,127.1473238
고덕1동307,37.56350779,127.1550302
고덕1동308,37.56349181,127.1551915
고덕1동309,37.56131951,127.1558745
고덕1동310,37.561102,127.1551271
고덕1동311,37.56034591,127.1545624
고덕1동312,37.5599887,127.1538487
고덕1동313,37.56017877,127.1531841
고덕1동314,37.56008942,127.1526067
고덕1동315,37.56120715,127.1522213
고덕1동316,37.56154723,127.1522532
고덕1동317,37.5605566,127.153632
고덕1동318,37.56152634,127.1544658
고덕1동319,37.56091984,127.1531856
고덕1동320,37.5607729,127.1518498
고덕1동321,37.56109279,127.1518165
고덕1동322,37.56425876,127.1543526
고덕1동324,37.56166164,127.1526184
고덕1동325,37.55702518,127.1515168
고덕1동326,37.55718521,127.1514351
고덕1동327,37.55735421,127.1513902
고덕1동328,37.55743288,127.1515205
고덕1동329,37.55749797,127.151696
고덕1동330,37.56089825,127.1541929
고덕1동331,37.56207473,127.1553922
고덕1동332,37.56141108,127.1512852
고덕1동334,37.56182608,127.154342
고덕1동335,37.56136043,127.1521368
고덕1동336,37.56129171,127.1512765
고덕1동337,37.56127205,127.1559989
고덕1동032,37.5605226,127.1547882
고덕1동108,37.561451,127.1560907
고덕1동109,37.5618058,127.1565621
고덕1동110,37.5621753,127.1565693
고덕1동까치공원길1,37.55909046,127.1534564
고덕1동까치공원길2,37.55894846,127.1535268
고덕1동까치공원길3,37.55881096,127.1536029
고덕1동까치공원길4,37.55867348,127.1536649
고덕1동까치공원길5,37.55788458,127.1540679
고덕2동001,37.5606941,127.1573556
고덕2동002,37.5609646,127.1573752
고덕2동003,37.5612801,127.1573943
고덕2동004,37.5612816,127.1576094
고덕2동005,37.561265,127.1578133
고덕2동006,37.5610488,127.1578157
고덕2동007,37.5607328,127.1577287
고덕2동008,37.5609594,127.1579186
고덕2동009,37.5609441,127.1582923
고덕2동010,37.5609112,127.1587341
고덕2동011,37.5606228,127.158726
고덕2동012,37.5608805,127.1607605
고덕2동013,37.5611598,127.1607574
고덕2동014,37.5614303,127.160777
고덕2동015,37.5616384,127.1608992
고덕2동016,37.5619989,127.1609065
고덕2동017,37.561979,127.1606464
고덕2동018,37.5620586,127.1604417
고덕2동019,37.5622929,127.1604391
고덕2동020,37.5624467,127.1605279
고덕2동021,37.5624803,127.1601767
고덕2동022,37.5625144,127.1599159
고덕2동023,37.56176277,127.1629069
고덕2동024,37.5624308,127.1608224
고덕2동025,37.5623956,127.1609473
고덕2동026,37.5623797,127.1612418
고덕2동027,37.5620193,127.1612458
고덕2동028,37.5616225,127.161205
고덕2동029,37.5612891,127.1611974
고덕2동030,37.5611091,127.1612221
고덕2동031,37.5610666,127.1615847
고덕1동111,37.5624545,127.1565548
고덕1동112,37.5626534,127.1566545
고덕1동114,37.56167269,127.1527854
고덕1동115,37.5608476,127.1536187
고덕1동116,37.5588214,127.152521
고덕1동117,37.558895,127.1527239
고덕1동118,37.5589682,127.1528816
고덕1동119,37.5563123,127.1481693
고덕1동120,37.5583079,127.1450227
고덕1동121,37.5585171,127.1452919
고덕1동122,37.56306136,127.1501397
고덕1동123,37.55648421,127.1464596
고덕1동124,37.55647932,127.146768
고덕1동125,37.5587558,127.1455841
고덕1동126,37.55644964,127.1470877
고덕1동127,37.5618595,127.1477214
고덕1동128,37.5620509,127.1505263
고덕1동129,37.56219558,127.1507888
고덕1동130,37.56232651,127.1505598
고덕1동131,37.562473,127.1503291
고덕1동132,37.5627246,127.1502357
고덕1동133,37.5629675,127.1501877
고덕1동133,37.5629675,127.1501877
고덕1동134,37.5631477,127.1501856
고덕1동135,37.5633028,127.1504442
고덕1동009,37.5598735,127.1534826
고덕1동010,37.5599648,127.1536513
고덕1동011,37.5601661,127.1540678
고덕1동012,37.5600042,127.1541149
고덕1동013,37.5598708,127.1543541
고덕1동014,37.560216,127.15349
고덕1동015,37.5602788,127.1534553
고덕1동016,37.5602028,127.1529016
고덕1동017,37.559933,127.1529839
고덕1동018,37.5601274,127.1524384
고덕1동019,37.5600705,127.1520428
고덕1동020,37.5597819,127.1520122
고덕1동021,37.5595118,127.1520378
고덕1동022,37.5600412,127.1517376
고덕1동023,37.5604066,127.1524239
고덕1동024,37.5603675,127.1520055
고덕1동025,37.5602921,127.151531
고덕1동026,37.5604191,127.1516541
고덕1동027,37.5604814,127.1528079
고덕1동028,37.5605005,127.1529548
고덕1동029,37.560539,127.1532939
강일동125,37.55932254,127.1714127
고덕1동030,37.560265,127.1540441
고덕1동031,37.5603032,127.1543492
고덕1동070,37.561036,127.1534921
고덕1동071,37.5609923,127.153685
고덕1동072,37.5606873,127.1538695
고덕1동073,37.5605594,127.1523769
고덕1동074,37.5606519,127.1539605
고덕1동075,37.5607161,127.1541295
고덕1동076,37.5607795,127.1541628
고덕1동077,37.5610756,127.1539896
고덕1동078,37.5613998,127.1539633
고덕1동079,37.5615717,127.1540633
고덕1동080,37.5617869,127.1539137
고덕1동081,37.5618432,127.15423
고덕1동082,37.561845,127.1544903
고덕1동083,37.5617092,127.15439
고덕1동084,37.5612766,127.1543835
고덕1동085,37.5609534,127.1545456
고덕1동086,37.5611182,127.154906
고덕1동087,37.5614419,127.1548231
고덕1동087,37.5614419,127.1548231
고덕1동087,37.5614419,127.1548231
고덕1동088,37.5616944,127.1548429
고덕1동089,37.5619463,127.1547948
고덕1동090,37.5620186,127.1548166
고덕1동091,37.5622711,127.1548477
고덕1동092,37.5620759,127.1552687
고덕1동093,37.5619499,127.1552928
고덕1동094,37.5617876,127.1552833
고덕1동095,37.5616614,127.1552734
고덕1동096,37.5614271,127.1552647
고덕1동097,37.5614391,127.1556834
고덕1동098,37.5616464,127.1556924
고덕1동099,37.5617726,127.1557023
고덕1동100,37.5619168,127.1557006
고덕1동101,37.562025,127.1557107
고덕1동102,37.5621778,127.1556637
고덕1동103,37.562279,127.1559569
고덕1동104,37.5623713,127.1562615
고덕1동105,37.5621902,127.156139
고덕1동106,37.5620104,127.1561976
고덕1동107,37.5618206,127.1561205
강일동067,37.576006,127.1692405
강일동068,37.5761495,127.169137
강일동069,37.5761756,127.1690122
강일동070,37.5768404,127.1687218
강일동071,37.5769045,127.1688682
강일동072,37.5769684,127.168992
강일동073,37.577032,127.1690706
강일동074,37.5771327,127.1692959
강일동075,37.5772307,127.1691363
강일동077,37.5773523,127.1684896
강일동079,37.5774983,127.1687484
강일동080,37.5776268,127.1690753
강일동081,37.5778085,127.1692997
강일동082,37.5779356,127.1694342
강일동083,37.5771344,127.1682543
강일동084,37.5772953,127.1680714
강일동085,37.577532,127.1684197
강일동086,37.5771964,127.1681065
강일동087,37.5771764,127.1678236
강일동088,37.5770698,127.1680399
강일동089,37.5767177,127.167942
강일동090,37.5768096,127.16819
강일동091,37.5769109,127.1685059
강일동092,37.57698936,127.1678872
강일동093,37.5767604,127.1676018
강일동095,37.5764968,127.1672765
강일동096,37.5762234,127.166838
강일동097,37.575986,127.1663991
강일동098,37.5757757,127.1659599
강일동099,37.5754558,127.1653182
강일동100,37.5752099,127.1649473
강일동101,37.5749828,127.1646894
강일동102,37.574756,127.1644656
강일동103,37.574289,127.1646972
강일동104,37.5741716,127.1646532
강일동105,37.5740434,127.1643603
강일동106,37.5739794,127.1642365
강일동107,37.5743235,127.1644704
강일동108,37.5743041,127.1642781
강일동109,37.5746471,127.1643649
강일동110,37.57461,127.1642068
강일동111,37.5744273,127.1638579
강일동112,37.5742488,127.1640976
강일동112,37.5742488,127.1640976
강일동112,37.5742488,127.1640976
강일동113,37.5728166,127.1616231
강일동114,37.5714974,127.15857
강일동115,37.5709574,127.1586666
강일동116,37.5759327,127.1690601
강일동123,37.57754761,127.1681403
강일동124,37.55928679,127.1712117
강일동126,37.55935157,127.1715854
강일동리버파크1,37.56569654,127.1763736
강일동리버파크2,37.56563371,127.1762122
강일동리버파크3,37.56534943,127.1765228
강일동리버파크4,37.56524123,127.1765735
고덕1동001,37.5592867,127.152063
고덕1동002,37.5592517,127.1522106
고덕1동003,37.5593341,127.1523907
고덕1동004,37.5594163,127.1525483
고덕1동005,37.5595442,127.1527845
고덕1동006,37.5596356,127.1529759
고덕1동007,37.5595021,127.1532038
고덕1동008,37.5598003,127.1533249
